Response ID,Child's gender,Mother's highest educational qualification,Father's highest educational qualification,Overall language exposure - Portuguese,Overall language exposure - English,Overall language exposure - Other,Overall language exposure - Other - Text,exp_por,exp_eng,exp_oth,Home language exposure - Portuguese,Home language exposure - English,Home language exposure - Other(s),Home language exposure - Other(s) - Text,Mother native - Selected Choice,Mother native - Other(s) - Text,Mother's proficiency - Portuguese,Mother's proficiency - English,Mother's proficiency - Other,Mother's proficiency - Other - Text,Mother's child language,Father native - Selected Choice,Father native - Other(s) - Text,Father's proficiency - Portuguese,Father's proficiency - English,Father's proficiency - Other,Father's proficiency - Other - Text,Father's child language,Birth order - Selected Choice,Birth order - Other - Text,birth_order,Nursery start age - Age in months,Nursery language,Immersion - months,Sounds - au!,Sounds - au au / ão ão (cão),Sounds - brum-brum (carro),Sounds - chu chu (comboio),Sounds - cócorocó (galo),Sounds - grrr! (grunhido),Sounds - mé mé (ovelha),Sounds - miau (gato),Sounds - muuu (vaca),Sounds - nham nham,Sounds - oh!,Sounds - quá-quá (pato),Animals - abelha,Animals - animal / bicho,Animals - aranha,Animals - borboleta,Animals - burro,Animals - cachorro,Animals - cão,Animals - cavalo,Animals - coelho,Animals - cordeiro,Animals - coruja,Animals - elefante,Animals - esquilo,Animals - galinha,Animals - ganso,Animals - gatinho,Animals - gato,Animals - girafa,Animals - leão,Animals - macaco,Animals - ovelha,Animals - pássaro,Animals - pato,Animals - peixe,Animals - peru,Animals - pinguim,Animals - pónei,Animals - porco,Animals - rato,Animals - sapo,Animals - tartaruga,Animals - tigre,Animals - urso,Animals - vaca,Animals - veado,Vehicles - autocarro,Vehicles - avião,Vehicles - barco,Vehicles - bicicleta,Vehicles - camião,Vehicles - carrinho de bebé / de passeio,Vehicles - carro / pópó,Vehicles - carro de bombeiros,Vehicles - comboio,Vehicles - moto/a,Toys - balão,Toys - bola,Toys - bolha (de sabão),Toys - boneca,Toys - brinquedo,Toys - caneta,Toys - cubo,Toys - livro,Toys - urso de peluche,Food and Drink - água,Food and Drink - banana,Food and Drink - batatas fritas,Food and Drink - bebida,Food and Drink - biscoito,Food and Drink - bolo,Food and Drink - café,Food and Drink - carne,Food and Drink - cenoura,Food and Drink - cereais,Food and Drink - chá,Food and Drink - doces,Food and Drink - ervilhas,Food and Drink - frango,Food and Drink - gelado,Food and Drink - geléia / marmelada,Food and Drink - laranja,Food and Drink - leite,Food and Drink - maçã,Food and Drink - manteiga,Food and Drink - massa,Food and Drink - ovo,Food and Drink - pão,Food and Drink - papa / comida,Food and Drink - peixe,Food and Drink - piza,Food and Drink - queijo,Food and Drink - sumo,Food and Drink - torrada,Body Parts - barriga,Body Parts - boca,Body Parts - bochecha,Body Parts - braço,Body Parts - cabeça,Body Parts - cabelo,Body Parts - cara,Body Parts - dedo,Body Parts - dedo do pé,Body Parts - dente(s),Body Parts - joelho,Body Parts - língua,Body Parts - mão(s),Body Parts - nariz,Body Parts - olho(s),Body Parts - ouvido(s),Body Parts - pé(s),Body Parts - perna(s),Body Parts - umbigo,Body Parts - unha(s),Clothes - babete,Clothes - bota(s),Clothes - botão,Clothes - calças,Clothes - calções,Clothes - camisa,Clothes - camisola,Clothes - casaco,Clothes - chapéu,Clothes - colar / fio,Clothes - fecho,Clothes - fralda,Clothes - jeans,Clothes - kispo / blusão,Clothes - meia(s),Clothes - óculos,Clothes - pijama,Clothes - sapato(s),Clothes - vestido,Furniture and Rooms - bacio / penico,Furniture and Rooms - banheira,Furniture and Rooms - berço,Furniture and Rooms - cadeira,Furniture and Rooms - cadeira alta / da papa,Furniture and Rooms - cadeira de balanço,Furniture and Rooms - cama,Furniture and Rooms - casa / quarto de banho,Furniture and Rooms - cozinha,Furniture and Rooms - escadas,Furniture and Rooms - fogão / forno,Furniture and Rooms - frigorífico,Furniture and Rooms - garagem,Furniture and Rooms - gaveta,Furniture and Rooms - janela,Furniture and Rooms - lava-loiça / lavatório,Furniture and Rooms - mesa,Furniture and Rooms - parque (em casa),Furniture and Rooms - porta,Furniture and Rooms - quarto,Furniture and Rooms - sala (de estar),Furniture and Rooms - sofá,Furniture and Rooms - televisão / TV,Outside - água,Outside - árvore,Outside - balde,Outside - baloiço,Outside - casa,Outside - céu,Outside - chuva,Outside - escola / colégio,Outside - escorrega,Outside - estrela,Outside - festa,Outside - flôr,Outside - fora,Outside - igreja,Outside - jardim,Outside - jardim zoológico,Outside - loja,Outside - lua,Outside - neve,Outside - pá,Outside - parede,Outside - parque,Outside - pedra,Outside - piscina,Outside - praia,Outside - sol,Outside - trabalho,Household items - almofada,Household items - aspirador,Household items - caixa,Household items - caixote do lixo,Household items - candeeiro,Household items - caneca,Household items - carteira,Household items - chave,Household items - chávena,Household items - chupeta / chucha,Household items - colher,Household items - comando,Household items - copo,Household items - dinheiro,Household items - escova,Household items - escova de dentes,Household items - faca,Household items - fotografia,Household items - garfo,Household items - garrafa,Household items - jarro,Household items - lixo,Household items - luz,Household items - manta,Household items - martelo,Household items - medicamento / remédio,Household items - moeda,Household items - papel,Household items - pente,Household items - planta,Household items - prato,Household items - rádio,Household items - relógio,Household items - sabão / sabonete,Household items - telefone,Household items - tesoura,Household items - tigela,Household items - toalha,Household items - vassoura,People - ama,People - amigo,People - avó,People - avô,People - bebé,People - criança,People - gente,People - irmã,People - irmão,People - mamã,People - médico / doutor,People - menina,People - menino,People - papá,People - pessoa,People - polícia,People - professor / a,People - senhor,People - senhora,People - tia,People - tio,Games and Routines - adeus / xau!,Games and Routines - almoço,Games and Routines - anda!,Games and Routines - boa noite,Games and Routines - chiu / shhh,Games and Routines - espera!,Games and Routines - jantar / ceia,Games and Routines - lanche,Games and Routines - não,Games and Routines - não! (isso não),Games and Routines - obrigado / a!,Games and Routines - olá!,Games and Routines - palminhas!,Games and Routines - para o banho!,Games and Routines - pequeno-almoço,Games and Routines - por favor!,Games and Routines - querer,Games and Routines - sim,Games and Routines - soneca / sesta,Games and Routines - teté / jogar às escondidas,Action Words - abraçar,Action Words - abrir,Action Words - acabar,Action Words - acariciar / dar mimo,Action Words - ajudar,Action Words - alimentar / dar de comer,Action Words - amar,Action Words - andar,Action Words - apanhar,Action Words - apressar,Action Words - atirar,Action Words - baloiçar,Action Words - bater,Action Words - beber,Action Words - beijar,Action Words - brincar,Action Words - cair,Action Words - calçar,Action Words - cantar,Action Words - chamar,Action Words - cheirar,Action Words - chorar,Action Words - chutar,Action Words - coçar,Action Words - comer,Action Words - conduzir,Action Words - contar,Action Words - correr,Action Words - cortar,Action Words - dançar,Action Words - dar,Action Words - desenhar,Action Words - dizer,Action Words - dormir,Action Words - empurrar,Action Words - encontrar,Action Words - escrever,Action Words - escutar / ouvir,Action Words - fazer,Action Words - fazer cócegas,Action Words - fechar,Action Words - gostar,Action Words - ir,Action Words - lavar,Action Words - ler,Action Words - levar,Action Words - limpar,Action Words - montar,Action Words - morder,Action Words - mostrar,Action Words - nadar,Action Words - olhar,Action Words - parar,Action Words - partir / estragar,Action Words - pegar,Action Words - perseguir,Action Words - pôr,Action Words - puxar,Action Words - saber,Action Words - sair,Action Words - salpicar,Action Words - saltar,Action Words - sentar,Action Words - soltar / deixar cair,Action Words - soprar,Action Words - sorrir,Action Words - ter,Action Words - tomar,Action Words - trazer,Action Words - ver,Descriptive Words - a dormir,Descriptive Words - acabou / já nao há,Descriptive Words - amarelo,Descriptive Words - assustado,Descriptive Words - azul,Descriptive Words - bem,Descriptive Words - bom,Descriptive Words - bonito,Descriptive Words - cansado,Descriptive Words - cheio,Descriptive Words - com fome,Descriptive Words - com sede / sedento,Descriptive Words - contente / feliz,Descriptive Words - cuidadoso / atento,Descriptive Words - delicado,Descriptive Words - depressa / rápido,Descriptive Words - doente / mal disposto,Descriptive Words - duro,Descriptive Words - ensonado / sonolento,Descriptive Words - escuro,Descriptive Words - estragado / partido,Descriptive Words - frio,Descriptive Words - giro,Descriptive Words - grande,Descriptive Words - limpo,Descriptive Words - magoado,Descriptive Words - mal comportado,Descriptive Words - mau / má,Descriptive Words - molhado,Descriptive Words - pequeno,Descriptive Words - quente,Descriptive Words - seco,Descriptive Words - suave,Descriptive Words - sujo,Descriptive Words - triste,Descriptive Words - vazio,Descriptive Words - velho,Descriptive Words - verde,Descriptive Words - vermelho,Question words - como?,Question words - o quê?,Question words - onde?,Question words - porquê?,Question words - quando?,Question words - quem?,Time - agora,Time - amanhã,Time - dia,Time - hoje,Time - hoje de noite,Time - mais tarde,Time - manhã,Time - noite,Pronouns and Possessives - comigo,Pronouns and Possessives - esse(a),Pronouns and Possessives - este(a),Pronouns and Possessives - eu,Pronouns and Possessives - isso / isto,Pronouns and Possessives - meu / minha,Pronouns and Possessives - mim,Pronouns and Possessives - seu / dele,Pronouns and Possessives - sua / dela,Pronouns and Possessives - tu,Pronouns and Possessives - tua / teu,Prepositions and Location Words - abaixo,Prepositions and Location Words - abaixo de / sob,Prepositions and Location Words - ali / lá,Prepositions and Location Words - aqui,Prepositions and Location Words - ausente,Prepositions and Location Words - da,Prepositions and Location Words - dentro,Prepositions and Location Words - detrás / atrás,Prepositions and Location Words - em / na / no,Prepositions and Location Words - em cima,Prepositions and Location Words - fora,Quantifiers - algum,Quantifiers - mais,Quantifiers - mesmo,Quantifiers - muito,Quantifiers - nem,Quantifiers - ninguém / nenhum,Quantifiers - outra vez / de novo,Quantifiers - outro,Quantifiers - todo(a) / todos(as) / tudo,ParticipantID,shortPID,age_days,age_months,Recorded.Year,country
R_3Dtl8luxqdwaKBa,Female,University degree or equivalent,NA,50,50,0,NA,Portuguese;50;,English;50;,,40,60,0,NA,Portuguese,NA,10,9,NA,NA,I always (or almost always) speak English to my child,English,NA,7,10,NA,NA,I always (or almost always) speak English to my child,First,NA,1,10,Always (or almost always) English,8,C,Não,Não,Não,C/D,Não,Não,C/D,C/D,Não,Não,Não,Não,Não,Não,C,Não,C,Não,C,Não,Não,Não,C/D,Não,Não,Não,Não,C/D,C,Não,C,C,Não,Não,C,Não,C,Não,Não,C,C/D,Não,Não,Não,C/D,Não,Não,C/D,Não,Não,Não,Não,Não,Não,Não,Não,C,C/D,Não,Não,C,C,Não,C,Não,C/D,C/D,Não,Não,C/D,C/D,Não,Não,Não,Não,Não,Não,Não,Não,C,Não,C/D,Não,C/D,Não,Não,C/D,Não,Não,Não,C/D,C/D,Não,C/D,C,Não,C/D,C/D,Não,C/D,Não,C/D,Não,Não,Não,Não,C/D,C/D,Não,Não,C/D,Não,C/D,Não,Não,Não,Não,C/D,Não,Não,C,C/D,C,Não,Não,C,Não,Não,C/D,Não,C/D,C/D,C/D,Não,Não,Não,Não,Não,Não,Não,Não,C/D,Não,Não,Não,Não,Não,Não,Não,Não,Não,C/D,Não,Não,C/D,Não,C/D,Não,Não,Não,C/D,C/D,C/D,C/D,Não,Não,Não,Não,Não,Não,Não,Não,Não,Não,Não,Não,Não,Não,Não,C/D,Não,C/D,Não,Não,Não,Não,Não,Não,Não,Não,Não,Não,C/D,C,Não,Não,Não,Não,Não,Não,Não,Não,Não,Não,C/D,Não,C/D,Não,Não,Não,C,Não,Não,C,Não,C,Não,C/D,Não,Não,Não,Não,Não,Não,C/D,C/D,C/D,Não,Não,Não,Não,Não,Não,Não,Não,Não,Não,Não,Não,Não,Não,C/D,C/D,C/D,Não,Não,Não,C/D,C/D,Não,Não,C/D,Não,C/D,Não,Não,Não,Não,C/D,Não,C/D,Não,Não,C/D,C/D,Não,Não,Não,Não,Não,C/D,Não,Não,Não,Não,C,C,C/D,C/D,C/D,Não,C/D,Não,Não,C,Não,Não,C,Não,Não,Não,Não,C,Não,C,C,C,Não,Não,Não,Não,Não,Não,Não,C,Não,Não,Não,Não,C/D,Não,C,Não,Não,Não,C,Não,Não,Não,Não,Não,Não,C/D,Não,Não,C,Não,Não,Não,Não,Não,Não,Não,Não,Não,Não,Não,Não,Não,Não,Não,Não,Não,Não,Não,Não,Não,Não,Não,Não,Não,Não,Não,Não,Não,C/D,C/D,C/D,Não,Não,Não,Não,C/D,Não,Não,Não,C/D,C,Não,Não,C/D,C/D,Não,Não,Não,Não,Não,Não,C,C,C,C,C,C,C/D,C/D,Não,Não,Não,Não,Não,Não,Não,Não,Não,Não,Não,Não,Não,Não,C,Não,Não,Não,Não,Não,Não,C,Não,Não,Não,C,Não,Não,Não,Não,Não,R_3Dtl8luxqdwaKBa,R_3Dtl8luxqdwaKBa,992,33.06666667,2020,gb
R_11WRfT2dCx9LQV4,Male,Left school at 18 with A-Levels or equivalent,Left school at 16 with GCSE or equivalent,60,40,0,NA,Portuguese;60;,English;40;,,60,40,0,NA,Portuguese,NA,10,9,7,Spanish,I regularly speak both Portuguese and English to my child,Portuguese,NA,10,8,NA,NA,I regularly speak both Portuguese and English to my child,Third,NA,3,NA,NA,17,C/D,C/D,C/D,Não,Não,C/D,C/D,C/D,Não,Não,Não,Não,Não,Não,Não,Não,Não,Não,Não,Não,Não,Não,Não,Não,Não,Não,Não,Não,Não,Não,Não,Não,Não,Não,Não,Não,Não,Não,Não,Não,Não,Não,Não,Não,Não,Não,Não,Não,Não,Não,Não,Não,Não,Não,Não,Não,Não,Não,Não,Não,Não,Não,Não,Não,Não,Não,C,C,Não,Não,Não,Não,Não,Não,Não,Não,Não,Não,Não,Não,Não,Não,Não,Não,Não,Não,Não,Não,Não,Não,Não,Não,Não,Não,Não,Não,Não,Não,Não,Não,Não,Não,Não,Não,Não,Não,Não,Não,Não,Não,Não,Não,Não,Não,Não,Não,Não,Não,Não,Não,Não,Não,Não,Não,Não,Não,Não,Não,Não,Não,Não,Não,Não,Não,Não,Não,Não,Não,Não,Não,Não,Não,Não,Não,Não,Não,Não,Não,Não,Não,Não,Não,Não,Não,Não,Não,Não,C,Não,Não,Não,Não,Não,Não,Não,Não,Não,Não,Não,Não,Não,Não,Não,Não,Não,Não,Não,Não,Não,Não,Não,Não,Não,Não,Não,Não,Não,Não,Não,Não,Não,Não,Não,Não,Não,Não,Não,Não,Não,Não,Não,Não,Não,Não,Não,Não,Não,Não,Não,Não,Não,Não,Não,Não,Não,Não,Não,Não,Não,Não,Não,Não,Não,Não,Não,Não,Não,C,Não,Não,Não,Não,Não,Não,Não,Não,C/D,Não,Não,Não,Não,Não,Não,Não,Não,Não,Não,Não,Não,Não,Não,Não,Não,Não,Não,Não,Não,Não,Não,Não,Não,Não,Não,Não,Não,Não,Não,Não,Não,Não,Não,Não,Não,Não,Não,Não,Não,Não,Não,Não,Não,Não,Não,Não,Não,Não,Não,Não,Não,Não,Não,Não,Não,Não,Não,Não,Não,Não,Não,Não,Não,Não,Não,Não,Não,Não,Não,Não,Não,Não,Não,Não,Não,Não,Não,Não,Não,Não,Não,Não,Não,Não,Não,Não,Não,Não,Não,Não,Não,Não,Não,Não,Não,Não,Não,Não,Não,Não,Não,Não,Não,Não,Não,Não,Não,Não,Não,Não,Não,Não,Não,Não,Não,Não,Não,Não,Não,Não,Não,Não,Não,Não,Não,Não,Não,Não,Não,Não,Não,Não,Não,Não,Não,Não,Não,Não,Não,Não,Não,Não,Não,Não,Não,Não,Não,Não,Não,Não,Não,Não,Não,Não,Não,Não,Não,Não,Não,Não,Não,Não,Não,Não,Não,Não,Não,Não,Não,Não,Não,Não,Não,Não,Não,Não,Não,Não,Não,Não,BL01UK01PO001,UKPO001,641,21.36666667,2020,gb
R_Y9yte3gwyZi2Tf3,Male,University degree or equivalent,University degree or equivalent,30,68,2,Punjabi,Portuguese;30;,English;68;,Punjabi;2;,30,70,0,NA,Portuguese,NA,10,5,NA,NA,I regularly speak both Portuguese and English to my child,English,NA,1,10,8,Punjabi,I always (or almost always) speak English to my child,First,NA,1,NA,NA,2,Não,C/D,C,C,C,C,C,C,C,C,C,C,Não,Não,Não,Não,Não,Não,C/D,Não,Não,Não,Não,Não,Não,Não,Não,Não,C/D,C/D,C/D,C/D,Não,Não,Não,Não,Não,Não,Não,Não,Não,Não,Não,Não,Não,Não,Não,C,C,C,C,C,Não,C,Não,Não,C,Não,Não,Não,Não,C,Não,Não,Não,Não,C/D,C/D,C,C,C,C,Não,Não,Não,Não,Não,Não,Não,Não,Não,Não,C,C,C,Não,Não,Não,Não,C/D,Não,C/D,C/D,C/D,C/D,Não,C/D,Não,C/D,Não,Não,Não,Não,Não,Não,Não,Não,C/D,Não,Não,Não,Não,Não,Não,Não,Não,Não,Não,Não,Não,Não,Não,Não,Não,Não,Não,C,Não,Não,Não,Não,Não,C,Não,Não,Não,Não,Não,Não,Não,C,C,C,C,Não,C,Não,Não,Não,Não,Não,Não,C,C,Não,Não,C,C/D,C,C,C,C/D,C,Não,Não,Não,Não,Não,Não,Não,Não,Não,Não,Não,Não,Não,Não,Não,Não,Não,Não,Não,Não,Não,Não,Não,Não,Não,Não,Não,Não,Não,Não,Não,Não,Não,Não,Não,Não,Não,Não,Não,Não,Não,Não,Não,Não,Não,Não,Não,Não,Não,Não,Não,Não,Não,Não,Não,Não,Não,Não,Não,Não,Não,Não,C/D,C/D,C/D,Não,Não,Não,Não,Não,Não,Não,Não,Não,Não,Não,Não,Não,Não,Não,Não,C,C,C/D,C,C,C/D,C,C,C/D,C/D,Não,C,C/D,C,C,C,C,Não,C,C,Não,C/D,Não,Não,Não,Não,Não,C/D,Não,Não,Não,Não,Não,C,C,C,C,Não,Não,Não,Não,C,C,Não,Não,Não,Não,Não,Não,Não,Não,Não,Não,C,Não,Não,Não,Não,Não,Não,Não,Não,Não,Não,Não,Não,Não,Não,Não,Não,Não,Não,Não,Não,Não,Não,Não,Não,Não,Não,Não,Não,Não,Não,C,Não,Não,Não,Não,Não,C,C,Não,Não,Não,Não,Não,C,Não,Não,Não,Não,Não,Não,Não,Não,Não,Não,Não,Não,Não,C,Não,Não,Não,C/D,Não,Não,Não,Não,Não,Não,Não,Não,Não,Não,Não,Não,Não,Não,C,C,C,Não,C,C,Não,Não,Não,Não,Não,Não,Não,Não,Não,Não,Não,Não,Não,C,Não,Não,Não,Não,Não,Não,Não,C,Não,C/D,Não,Não,Não,Não,Não,Não,C/D,Não,C/D,Não,Não,C/D,Não,Não,BL01UK01PO002,UKPO002,722,24.06666667,2020,gb
R_3k6dTmapgeN4xIW,Female,University degree or equivalent,Left school at 16 with GCSE or equivalent,80,20,0,NA,Portuguese;80;,English;20;,,95,5,0,NA,Portuguese,NA,10,10,NA,NA,I always (or almost always) speak Portuguese to my child,NA,NA,NA,NA,NA,NA,NA,Second,NA,2,0,Always (or almost always) Portuguese,4,C/D,C/D,C/D,C/D,C/D,C/D,C/D,C/D,C/D,C/D,C/D,C/D,C/D,C/D,C/D,C/D,C/D,C/D,C/D,C/D,C/D,Não,Não,C/D,C/D,C/D,C/D,C/D,C/D,C/D,C/D,C/D,C/D,C/D,C/D,C/D,Não,C/D,Não,C/D,C/D,C/D,C/D,C/D,C/D,C/D,Não,Não,C/D,C/D,C/D,C/D,C/D,C/D,C/D,C/D,C/D,C/D,C/D,C/D,C/D,C/D,C/D,Não,C/D,C/D,C/D,C/D,C/D,C/D,C/D,C/D,C/D,C,C,C,C/D,C/D,Não,C,C/D,Não,C/D,C/D,C/D,C/D,C/D,C/D,C/D,C/D,Não,C/D,C/D,C/D,C/D,C/D,C/D,Não,C/D,C/D,C/D,C/D,C/D,Não,C/D,C/D,C/D,C/D,C/D,C/D,C/D,C/D,C/D,C,C/D,C/D,C/D,C/D,C/D,C/D,C/D,C/D,C/D,C/D,C/D,C/D,C/D,Não,Não,C/D,C/D,C/D,C/D,C/D,C/D,C/D,C/D,C/D,C/D,C/D,C/D,C/D,C/D,C/D,C/D,C/D,C/D,C/D,C/D,C,C/D,C/D,C/D,C/D,C/D,C/D,C/D,C/D,C/D,C/D,C/D,C/D,C/D,C/D,C/D,C/D,C/D,C/D,C/D,C/D,C/D,C/D,C/D,C/D,C/D,C/D,Não,C/D,C/D,C/D,C/D,C/D,C/D,C/D,C/D,C/D,C/D,C/D,C/D,C/D,C,C/D,C,C/D,C/D,C/D,C/D,C/D,C/D,C/D,C,C/D,C/D,C/D,Não,C/D,C/D,C,C,C/D,C/D,C/D,C/D,C/D,C/D,C/D,C/D,C/D,C/D,C/D,C/D,C/D,C/D,C/D,C/D,C/D,C/D,C/D,C/D,C,C,C/D,C/D,C/D,C/D,C/D,C/D,C/D,C/D,C/D,C/D,C/D,C/D,C/D,C/D,C/D,C/D,C/D,C/D,C/D,C/D,C/D,C/D,C/D,C/D,C/D,C/D,C/D,C/D,C/D,C/D,C/D,C/D,C/D,C/D,C/D,C/D,C/D,C/D,C/D,C/D,C/D,C/D,C/D,C/D,C/D,C/D,C/D,C/D,C/D,C/D,C/D,C/D,C/D,C/D,C/D,C/D,C/D,C/D,C/D,C/D,C/D,C/D,C/D,C/D,C/D,C/D,C/D,C/D,C/D,C/D,C/D,C/D,C/D,C/D,C/D,C/D,C/D,C/D,C/D,C/D,C,C/D,C/D,C/D,C/D,C/D,C/D,C/D,Não,C/D,C/D,C/D,C/D,C/D,C/D,C/D,C/D,C/D,C/D,C/D,C/D,C/D,C/D,C/D,C/D,C/D,C/D,C/D,C/D,C/D,C/D,C/D,C/D,C/D,C/D,C/D,C/D,C/D,C/D,C/D,C/D,Não,C/D,C/D,C/D,C/D,C/D,C/D,C/D,C/D,C/D,C/D,C/D,C/D,C/D,Não,C/D,C/D,C/D,C/D,C/D,C/D,C/D,C/D,Não,C/D,Não,C/D,C/D,C/D,C/D,C/D,C/D,C/D,C/D,C/D,C/D,C/D,C/D,C,Não,C/D,Não,Não,Não,C/D,C/D,C,Não,C/D,C/D,Não,C/D,C/D,C/D,C,C/D,C/D,C/D,C/D,C/D,C/D,Não,Não,C/D,C/D,C/D,R_3k6dTmapgeN4xIW,R_3k6dTmapgeN4xIW,1059,35.3,2020,gb
R_1g8iPILO9MbMnj3,Female,University degree or equivalent,Left school at 16 with GCSE or equivalent,80,20,0,NA,Portuguese;80;,English;20;,,90,10,0,NA,Portuguese,NA,10,8,NA,NA,I always (or almost always) speak Portuguese to my child,Portuguese,NA,10,6,NA,NA,I always (or almost always) speak Portuguese to my child,First,NA,1,36,Always (or almost always) English,1,C,C,Não,Não,Não,Não,Não,C,C,C,C,C,Não,C/D,Não,Não,Não,C,C,Não,Não,Não,Não,Não,Não,Não,Não,C,C,Não,Não,Não,Não,Não,Não,C,Não,Não,Não,Não,Não,Não,Não,Não,Não,C,Não,Não,Não,Não,C,Não,C,Não,Não,Não,Não,C,Não,C,Não,C,Não,Não,C,C,C,C,C,C,C,C,C/D,C,C/D,Não,Não,C,C/D,C,C,Não,C,C,C,C/D,C,C/D,C,C,C,C,C,C,C/D,C,C,C,C,C,C,Não,C,C,C,C,C,C,C,C,C,C,C,Não,Não,C/D,C,Não,C,C,C,Não,C,C,Não,C,C,Não,Não,C,C,C,C,C,C,C,C,C,C,C,C,C,C,C,C,C,Não,C,Não,C,C,C,C,C,C,C,C,C,Não,C,C,Não,C,C,Não,C,Não,C,Não,C,Não,C,Não,C,Não,Não,Não,Não,Não,Não,C,Não,C,Não,C,C,Não,Não,Não,Não,Não,C,Não,C,C,C,C,Não,C,C,C,Não,C,C,C,C,C,C,C,Não,C,C,C,Não,C,Não,C,C,C,Não,Não,C,C,C,C,C,C,C,C,Não,Não,Não,C,C,Não,Não,C,Não,Não,Não,Não,Não,C,Não,C,C,C,C,Não,C,C,C,C,C,C,C,C,C,C,C,C,C,C,C,C,Não,Não,C,C,C,Não,C,Não,C,Não,C,Não,C,Não,C,C,C,C,C,C,Não,C,Não,C,Não,Não,C,Não,C,C,Não,C,Não,C,Não,C,Não,C,C,Não,C,Não,C,Não,Não,C,C,Não,C,Não,C,Não,C,C,Não,Não,C,Não,C,Não,C,Não,C,Não,C,Não,C,C,C,C,C,Não,Não,Não,C,Não,C,Não,C,Não,C,Não,C,Não,C,Não,Não,Não,Não,C,Não,Não,C,Não,C,Não,Não,C,Não,C,Não,Não,C,Não,C,Não,Não,Não,Não,C,C,C/D,Não,Não,Não,Não,Não,Não,Não,Não,Não,Não,C,C,C,C,C,C,C,Não,Não,C,Não,Não,Não,C,Não,Não,C,Não,C,Não,C,Não,Não,C,Não,C,Não,C,Não,C,Não,R_1g8iPILO9MbMnj3,R_1g8iPILO9MbMnj3,892,29.73333333,2020,gb
R_3R2F3IruLVcSWz4,Female,University degree or equivalent,Left school at 18 with A-Levels or equivalent,90,9,1,Spanish,Portuguese;90;,English;9;,Spanish;1;,95,5,0,NA,Portuguese,NA,10,9,5,Spanish ,I always (or almost always) speak Portuguese to my child,Portuguese,NA,10,7,NA,NA,I always (or almost always) speak Portuguese to my child,First,NA,1,NA,NA,1,C,C,C,Não,Não,C,C,C,Não,C/D,C,Não,C,Não,Não,Não,Não,Não,Não,Não,Não,Não,Não,Não,Não,Não,Não,Não,C,Não,Não,Não,Não,Não,Não,Não,Não,Não,Não,Não,Não,Não,Não,Não,Não,Não,Não,Não,Não,Não,Não,Não,Não,C,Não,Não,Não,C,C,Não,Não,C,Não,Não,C,C,C,C,Não,Não,C,Não,Não,Não,Não,Não,Não,Não,Não,Não,Não,Não,Não,Não,Não,Não,Não,Não,Não,C/D,Não,Não,C,Não,Não,Não,Não,Não,Não,Não,C,Não,Não,Não,Não,Não,Não,Não,Não,Não,Não,C,Não,Não,Não,Não,Não,Não,Não,Não,Não,Não,C,C,Não,Não,C,Não,Não,C,Não,Não,Não,Não,Não,Não,Não,Não,C,Não,Não,Não,C,Não,Não,Não,Não,Não,C,Não,Não,Não,C,C,Não,Não,Não,C,Não,Não,Não,Não,Não,Não,Não,Não,Não,Não,Não,Não,Não,Não,Não,Não,Não,Não,Não,Não,Não,Não,C,Não,Não,Não,Não,Não,C,C,Não,C,C,C,C,C,C,C,C,Não,C,C,Não,Não,Não,C,Não,C,C,C,Não,Não,Não,C,C,Não,C,Não,Não,Não,C,Não,C,C,Não,Não,Não,Não,Não,Não,Não,Não,Não,Não,C/D,Não,Não,Não,C,Não,Não,Não,Não,Não,Não,Não,C/D,Não,C,Não,Não,Não,Não,Não,C,Não,Não,Não,C,C,Não,Não,Não,Não,Não,C,C,C,C,C,Não,C,Não,C,C,Não,C,Não,Não,Não,C,Não,Não,Não,Não,Não,Não,Não,C,Não,Não,Não,Não,Não,Não,C,C,Não,Não,C,Não,Não,Não,Não,Não,Não,C,Não,Não,Não,Não,Não,C,Não,Não,Não,Não,C,C,Não,Não,Não,Não,Não,Não,Não,Não,C,C,Não,Não,Não,Não,Não,Não,Não,Não,C,Não,Não,Não,Não,C,Não,Não,Não,Não,Não,Não,Não,Não,Não,Não,Não,Não,Não,Não,Não,Não,Não,Não,Não,Não,Não,Não,Não,Não,Não,Não,Não,Não,Não,Não,Não,Não,Não,Não,C,Não,Não,Não,Não,Não,Não,Não,Não,Não,Não,Não,Não,Não,Não,Não,Não,Não,Não,Não,Não,Não,Não,Não,Não,Não,Não,Não,C,Não,Não,Não,Não,Não,Não,C,Não,Não,Não,Não,Não,Não,Não,BL01UK01PO003,UKPO003,372,12.4,2020,gb
R_3hhFftOhqKffOlB,Male,Left school at 16 with GCSE or equivalent,Left school at 16 with GCSE or equivalent,90,10,0,NA,Portuguese;90;,English;10;,,100,0,0,NA,Portuguese,NA,10,6,NA,NA,I always (or almost always) speak Portuguese to my child,Portuguese,NA,10,9,NA,NA,I always (or almost always) speak Portuguese to my child,First,NA,1,NA,NA,2,C/D,C/D,C/D,C/D,C/D,C,C/D,C/D,C/D,C/D,C/D,C/D,C/D,C/D,C/D,C/D,Não,Não,C/D,C,C,Não,Não,C,C/D,C,Não,C,C,C,C,C/D,C,C,C/D,C/D,Não,C/D,Não,C,C,C/D,C/D,C/D,C,C,Não,C,C/D,C,C,C/D,C/D,C/D,C,C,C/D,C/D,C/D,C,C,C,C,Não,C/D,C,C/D,C/D,C/D,C,Não,C/D,C,C,C/D,Não,Não,Não,C/D,C,C,Não,C,C/D,C/D,C/D,C/D,C/D,C/D,C/D,C/D,C/D,C/D,C,C,C/D,C,C,C/D,C,C/D,C/D,C,C,C/D,C,C,C/D,C/D,C,C,C/D,C/D,C/D,C,C,C,C,C/D,C/D,C,C/D,C/D,C/D,C,C,C/D,Não,Não,C/D,C/D,C,C,Não,C/D,C,C,C/D,Não,Não,C/D,C,C,C,C,C,Não,C,C,Não,C/D,Não,C/D,C,C,C,C,C/D,C/D,C/D,C/D,C/D,C,C,C,C/D,C/D,C,C/D,C/D,Não,C,Não,C/D,C/D,C,C/D,C,C/D,C/D,C,C/D,C/D,C/D,C,C,C/D,C,C,C,C,C/D,C,Não,C/D,C/D,C/D,C,C,C,C/D,C,C/D,C,Não,C/D,C/D,Não,C,Não,C,C/D,Não,Não,C/D,Não,C,C,C,C,Não,C,C/D,Não,C,C/D,C/D,C/D,C,C,Não,Não,C/D,C,C/D,C/D,C/D,C,C,C,C,C,C/D,C/D,C/D,C/D,C/D,C/D,C/D,C/D,C,C/D,C/D,C/D,C,C/D,C,C,C,C,C,C/D,C,C,C,C,C,C/D,C,C,C,C/D,C,Não,C,C,C,C,C,C,C/D,C,C,C,C,C,C/D,C,C,Não,C,C,C,C,C/D,C,C,C/D,C,Não,C,C,C,C,C,C/D,C/D,C/D,C,C,C,Não,Não,C,Não,C,C,C/D,C,Não,C,C,C,C,Não,C,C,C,C,C,C,C,C,C,C,C,C,C,C,C/D,C/D,C,C,C/D,C,C,C,C,Não,C,C,C,C,C,C,C/D,C,C/D,C,C,C,C,C,C/D,C/D,C,Não,C,C,Não,Não,C,C,C,C,C/D,C,C,C,C/D,C/D,C/D,C,C,Não,Não,C/D,C,C,C,C,C,C,C,C,C,C,C,C/D,C/D,C,C/D,Não,C,C/D,C,C,C,C/D,C,C/D,C,C/D,C,C,C/D,C/D,C,BL01UK01PO004,UKPO004,835,27.83333333,2020,gb
R_SD9xsDH40X5MxmF,Female,University degree or equivalent,University degree or equivalent,70,30,0,NA,Portuguese;70;,English;30;,,70,30,0,NA,Portuguese,NA,10,8,NA,NA,I always (or almost always) speak Portuguese to my child,Portuguese,NA,10,9,NA,NA,I always (or almost always) speak Portuguese to my child,First,NA,1,NA,NA,3,C/D,C/D,C/D,C/D,C/D,C/D,C/D,C/D,C/D,C/D,C/D,C/D,C,Não,C,C,C,C,C/D,C/D,C,Não,C,C/D,Não,C,Não,C,C,C/D,C/D,C/D,C,C/D,C/D,Não,Não,Não,C/D,C,C,C/D,C,C/D,C,C,Não,C,C,Não,C,C,Não,C,Não,C,Não,Não,C/D,C,Não,C,C,C,C,C,C/D,C/D,C,C,C,C,C/D,C,C,C,C,Não,C,C,C,Não,C,C/D,C/D,C,C,C/D,C/D,C/D,C,C/D,C/D,C,C,C,C/D,C,C,C,C,C,C,C,C,C,Não,C/D,C/D,C/D,C,C,C,Não,C,C,C,C/D,C,C,Não,C,C,C,C,C,C/D,Não,Não,C/D,C,C,C,C,Não,C,C,C,C,Não,C,C,C,C,Não,C,Não,C,C,C,C,C,C,C,C,C,C,C/D,C,C,C,C,C,C,Não,C,C,C,C/D,C,Não,C,Não,Não,Não,Não,Não,C,C,C,Não,C,C/D,C,C,C,C,C,C,C,C,C,C,C/D,C/D,C,C,Não,C,C,C,C,C/D,C,Não,C,C,Não,C,C,Não,C,Não,Não,C,Não,C,C,C/D,Não,C,C,C,Não,Não,C/D,C/D,C/D,Não,Não,C,C,C/D,C,Não,C,C/D,Não,Não,C,Não,Não,C/D,Não,C/D,C/D,C/D,C,C/D,C/D,C,C,C/D,C/D,C,C/D,C/D,C,Não,C,C/D,C/D,C,C/D,C/D,C/D,C/D,C/D,C/D,C/D,C,C/D,C,C/D,C,C,Não,C/D,C/D,C,C,C,C,C/D,C,C,C,C,C,C,C,C,Não,C,C,C/D,C,C,Não,C,Não,C,C,C,C,C/D,Não,C,C,C,C,Não,Não,C,Não,C/D,C,C,C,C,C,C,C,C/D,Não,C,C,C/D,Não,C,Não,Não,C,C,C/D,C/D,C,C,C/D,C,C/D,C,C,C,C,C/D,C,C,Não,C,C/D,Não,C,C,C,C,C/D,C,Não,C,C,C,C,C,C/D,Não,C,C,C,C/D,Não,C,C,Não,C,Não,Não,Não,Não,Não,Não,Não,Não,Não,Não,C,C,C,Não,Não,C,C,C,C,Não,Não,C,C,C,Não,C,C,C/D,C,C,Não,Não,C,C,Não,C/D,Não,C,Não,C,C,C,C,BL01UK01PO005,UKPO005,834,27.8,2020,gb
R_2S2C4ZCvudD6n8h,Male,University degree or equivalent,Left school at 18 with A-Levels or equivalent,60,40,0,NA,Portuguese;60;,English;40;,,90,10,0,NA,Portuguese,NA,10,8,NA,NA,I always (or almost always) speak Portuguese to my child,Portuguese,NA,10,5,NA,NA,I always (or almost always) speak Portuguese to my child,First,NA,1,NA,NA,4,C,Não,Não,Não,Não,Não,Não,Não,Não,Não,C,Não,Não,Não,Não,Não,Não,Não,C,Não,Não,Não,Não,Não,Não,Não,Não,Não,Não,Não,Não,Não,Não,Não,Não,C,Não,Não,Não,Não,Não,Não,Não,Não,Não,Não,Não,Não,Não,Não,Não,Não,Não,Não,Não,Não,Não,Não,Não,Não,Não,Não,Não,Não,Não,Não,C,Não,Não,Não,Não,Não,Não,Não,Não,Não,Não,Não,Não,Não,Não,Não,Não,C,Não,Não,Não,Não,Não,C,Não,Não,Não,Não,Não,Não,Não,Não,Não,Não,Não,Não,Não,Não,Não,Não,Não,Não,Não,Não,Não,Não,Não,Não,Não,Não,Não,Não,Não,Não,Não,Não,Não,Não,Não,Não,Não,Não,Não,Não,Não,Não,Não,Não,Não,Não,Não,Não,Não,Não,Não,Não,Não,Não,Não,Não,Não,Não,Não,Não,Não,Não,Não,Não,Não,Não,Não,Não,Não,Não,Não,Não,Não,Não,Não,Não,Não,Não,Não,Não,Não,Não,Não,Não,Não,Não,Não,Não,Não,Não,Não,Não,Não,Não,Não,Não,Não,Não,Não,Não,Não,Não,Não,Não,Não,Não,Não,Não,Não,Não,Não,Não,Não,Não,Não,Não,Não,Não,Não,Não,Não,Não,Não,Não,Não,Não,Não,Não,Não,Não,Não,Não,Não,Não,Não,C,C,C,Não,Não,Não,Não,C/D,Não,Não,Não,C/D,Não,Não,Não,Não,Não,Não,Não,C,Não,C,Não,Não,Não,Não,Não,C,C,Não,C,C,Não,Não,Não,Não,C,Não,Não,Não,Não,Não,Não,Não,Não,Não,Não,Não,Não,Não,Não,Não,Não,Não,Não,Não,Não,Não,Não,Não,Não,Não,Não,Não,Não,Não,Não,Não,Não,Não,Não,Não,C,Não,Não,Não,Não,Não,Não,Não,Não,Não,Não,Não,Não,Não,Não,Não,Não,Não,Não,Não,Não,Não,Não,Não,Não,Não,Não,Não,Não,Não,Não,Não,Não,Não,Não,Não,Não,Não,C,Não,Não,Não,Não,Não,Não,Não,Não,Não,Não,Não,Não,Não,Não,Não,Não,Não,Não,Não,Não,Não,Não,Não,Não,Não,Não,Não,Não,Não,Não,Não,Não,Não,Não,Não,Não,Não,Não,Não,Não,Não,Não,Não,Não,Não,Não,Não,Não,Não,Não,Não,Não,Não,Não,Não,Não,Não,Não,Não,Não,Não,Não,Não,Não,Não,Não,Não,Não,Não,Não,Não,Não,Não,Não,Não,Não,Não,Não,Não,Não,Não,Não,BL01UK01PO006,UKPO006,316,10.53333333,2020,gb
R_Pvo18iDzxJTQNUJ,Male,University degree or equivalent,Left school at 16 with GCSE or equivalent,50,50,0,NA,Portuguese;50;,English;50;,,50,50,0,NA,Portuguese,NA,10,9,NA,NA,I always (or almost always) speak Portuguese to my child,English,NA,2,10,NA,NA,I regularly speak a mix of Portuguese / English / other languages to my child,First,NA,1,26,Always (or almost always) English,1,Não,Não,C,C,Não,Não,Não,Não,Não,Não,Não,Não,Não,Não,Não,Não,Não,Não,Não,Não,Não,Não,Não,Não,Não,Não,Não,Não,Não,Não,Não,Não,Não,Não,Não,Não,Não,Não,Não,Não,Não,Não,Não,Não,Não,Não,Não,Não,Não,Não,Não,Não,Não,Não,Não,Não,Não,Não,Não,Não,Não,Não,Não,Não,Não,Não,C,C,Não,C,C,Não,Não,Não,Não,Não,Não,Não,Não,Não,Não,Não,Não,Não,Não,Não,Não,Não,Não,C,Não,Não,Não,Não,Não,Não,Não,Não,Não,Não,Não,Não,Não,Não,Não,Não,Não,Não,Não,Não,Não,Não,Não,Não,Não,Não,Não,Não,Não,Não,Não,Não,Não,Não,Não,Não,Não,Não,Não,Não,Não,Não,Não,Não,Não,Não,Não,Não,Não,Não,Não,C,Não,Não,Não,Não,Não,Não,Não,Não,Não,Não,Não,Não,Não,Não,Não,Não,Não,Não,Não,Não,Não,Não,Não,Não,Não,Não,Não,Não,Não,Não,Não,Não,Não,Não,Não,Não,Não,Não,Não,Não,Não,Não,Não,Não,Não,Não,Não,Não,Não,Não,Não,C,Não,Não,Não,Não,Não,Não,Não,Não,Não,Não,Não,Não,C,Não,Não,Não,Não,Não,Não,Não,Não,Não,Não,Não,Não,Não,Não,Não,Não,Não,Não,C,C,C,Não,Não,Não,Não,C,Não,Não,Não,C,Não,Não,Não,Não,Não,Não,Não,C,Não,C,Não,C,Não,Não,Não,C,Não,C,C,C,C,Não,Não,Não,C,Não,Não,Não,Não,Não,Não,Não,Não,Não,Não,Não,Não,Não,Não,Não,Não,Não,Não,Não,Não,Não,Não,Não,Não,Não,Não,Não,Não,Não,Não,Não,Não,Não,Não,Não,Não,Não,Não,Não,Não,Não,Não,Não,Não,Não,Não,Não,Não,Não,Não,Não,Não,Não,Não,Não,Não,Não,Não,Não,Não,Não,Não,Não,Não,Não,Não,Não,Não,Não,Não,Não,Não,Não,C,Não,Não,Não,Não,Não,Não,Não,Não,Não,Não,Não,Não,Não,Não,Não,Não,Não,Não,Não,Não,Não,Não,Não,Não,Não,Não,Não,Não,Não,Não,Não,Não,Não,Não,Não,Não,Não,Não,Não,Não,Não,Não,Não,Não,Não,Não,Não,Não,Não,Não,Não,Não,Não,Não,Não,Não,Não,Não,Não,Não,Não,Não,Não,Não,Não,Não,Não,Não,Não,Não,Não,Não,Não,Não,C,Não,Não,Não,Não,Não,Não,Não,BL01UK01PO007,UKPO007,787,26.23333333,2020,gb
R_3pm7yhA9YaEaIwK,Female,University degree or equivalent,University degree or equivalent,25,75,0,NA,Portuguese;25;,English;75;,,50,50,0,NA,English,NA,3,10,NA,NA,I always (or almost always) speak English to my child,Portuguese,NA,10,9,NA,NA,I always (or almost always) speak Portuguese to my child,First,NA,1,12,Always (or almost always) English,1,C,C,Não,Não,C,Não,C,C,C,C,Não,C,C,Não,Não,C,Não,C,C,C,C,Não,C,C,Não,C,Não,C,C,C,C,C,C,C,C,C,Não,C,Não,C,Não,C,C,Não,C,C,Não,Não,Não,C,Não,Não,C,C,Não,Não,Não,C,C,C,Não,Não,Não,Não,C,Não,C,Não,Não,Não,C,Não,Não,C,C,Não,Não,Não,Não,C,Não,Não,Não,C,Não,Não,C,Não,C,C,C,Não,C,Não,C,Não,C,C,Não,C,Não,Não,Não,C,C,Não,C,C,C,C,C,C,Não,Não,Não,C,Não,Não,Não,Não,Não,C,C,C,Não,Não,C,Não,Não,C,C,Não,C,Não,Não,C,Não,Não,Não,Não,C,C,C,C,C,C,Não,Não,C,Não,Não,Não,C,Não,Não,C,C,C,C,C,Não,Não,Não,Não,Não,Não,Não,Não,C,C,C,C,Não,Não,Não,Não,C,Não,Não,C,Não,C,Não,Não,Não,C,C,C,C,Não,C,C,Não,Não,C,C,C,Não,Não,Não,Não,Não,Não,C,Não,C,C,Não,Não,Não,Não,Não,Não,Não,C,Não,C,Não,C,Não,Não,Não,C,Não,Não,Não,C,C,Não,Não,Não,Não,C,Não,C,Não,C,Não,C,Não,Não,Não,C,C,C,C,C,C,C,Não,C,Não,C,C,Não,C,C,C,C,Não,Não,C,Não,C,C,C,C,C,Não,C,Não,C,C,Não,C,Não,Não,C,C,Não,C,C,Não,Não,Não,C,C,Não,C,Não,C,Não,Não,C,C,Não,Não,C,Não,C,Não,C,Não,Não,C,C,C,C,Não,C,C,Não,Não,C,Não,C,Não,C,C,Não,C,Não,Não,C,C,C,C,C,Não,Não,Não,Não,C,Não,C,C,C,Não,C,C,C,C,Não,Não,Não,Não,C,Não,Não,C,Não,Não,C,Não,Não,C,Não,C,C,Não,C,Não,C,Não,Não,Não,C,Não,Não,C,Não,C,C,Não,Não,C,Não,Não,C,Não,Não,Não,Não,Não,Não,Não,Não,C,C,C,C,Não,C,Não,Não,Não,Não,C,Não,Não,C,C,Não,Não,Não,Não,Não,C,C,Não,C,Não,C,Não,Não,C,Não,Não,BL01UK01PO008,UKPO008,415,13.83333333,2020,gb
R_32W6w8sL9ytzwKO,Male,University degree or equivalent,University degree or equivalent,70,20,10,Danish,Portuguese;70;,English;20;,Danish;10;,90,0,10,Danish,Portuguese,NA,10,7,NA,NA,I always (or almost always) speak Portuguese to my child,Other(s),Danish,1,9,10,Danish,I regularly speak a mix of Portuguese / English / other languages to my child,First,NA,1,NA,NA,2,C,C/D,C/D,C/D,C/D,C/D,C,C/D,C/D,C/D,C,C/D,C/D,Não,C/D,C/D,C/D,C/D,C/D,C/D,C/D,C/D,C/D,C/D,C/D,C/D,C/D,C/D,C/D,C/D,C/D,C/D,C/D,C/D,C/D,C/D,C/D,C/D,C/D,C/D,C/D,C/D,C/D,C/D,C/D,C/D,C/D,C/D,C/D,C/D,C/D,C/D,C/D,C/D,C/D,C/D,C/D,C/D,C/D,C/D,C/D,C/D,C/D,C/D,C/D,C/D,C/D,C/D,C/D,C/D,C/D,C/D,C/D,C/D,C/D,C/D,C/D,Não,C,C/D,C/D,Não,C/D,C/D,C/D,C/D,C/D,C/D,C/D,C/D,C/D,C/D,C/D,C/D,C/D,C/D,C/D,C/D,C/D,C/D,C/D,C/D,C/D,C/D,C/D,C/D,C/D,C/D,C/D,C/D,C/D,C/D,C/D,C/D,C/D,C/D,C/D,C/D,C/D,C/D,C/D,C/D,C/D,C/D,C/D,C/D,C/D,C/D,C/D,C/D,C/D,C/D,C/D,C/D,C/D,C/D,C/D,C/D,C,C,C/D,C/D,C/D,C/D,C/D,C/D,C,C/D,C/D,C/D,C/D,C/D,C/D,C/D,C/D,C/D,Não,C/D,C/D,C/D,C/D,C/D,C/D,C/D,Não,C/D,C/D,C/D,C/D,C/D,C/D,C/D,C/D,C/D,C/D,C/D,C/D,C/D,C/D,C/D,C/D,C/D,C/D,C/D,C/D,C/D,C/D,C/D,C,C/D,C/D,C/D,C/D,C/D,C/D,C,C/D,C/D,C/D,C/D,C/D,C/D,C/D,C/D,C,C/D,C/D,C/D,C/D,C/D,C/D,C/D,C/D,C/D,C/D,C/D,C/D,C/D,C/D,C/D,C/D,C/D,C/D,C/D,Não,C/D,C/D,C/D,C/D,Não,C/D,Não,C/D,Não,C/D,C/D,Não,Não,C/D,Não,Não,Não,C/D,C/D,C/D,C/D,C/D,C,C/D,C/D,C/D,Não,C/D,C/D,C/D,C/D,C/D,C/D,C/D,Não,Não,C/D,C/D,Não,C/D,C/D,C/D,C/D,C/D,C/D,Não,C/D,C/D,Não,Não,C/D,C/D,C/D,C/D,C/D,C/D,C/D,C/D,C/D,C/D,C/D,C/D,C/D,C/D,Não,C/D,C/D,C/D,C/D,C/D,C/D,C/D,C/D,C/D,Não,C/D,C/D,C/D,C/D,C/D,C/D,Não,C/D,C/D,C/D,C/D,C/D,C/D,C/D,C/D,C/D,C/D,C/D,C/D,Não,Não,C/D,Não,C/D,Não,C/D,C/D,C/D,C/D,C/D,C/D,C/D,C/D,C/D,C/D,C/D,C/D,C,C/D,C,C/D,C/D,C/D,C,C/D,C/D,C/D,C,C,C/D,C,C,Não,C,C/D,C/D,C/D,C/D,C/D,Não,Não,Não,C/D,C/D,C/D,Não,Não,C/D,Não,Não,Não,C/D,C/D,Não,Não,Não,Não,Não,Não,C/D,C,C/D,C,C,C/D,C/D,C,Não,C/D,Não,C/D,Não,C/D,Não,Não,Não,Não,Não,C/D,C,C/D,C/D,Não,C/D,C/D,C/D,C,C/D,C/D,C,C/D,C,C/D,C,C/D,C/D,C/D,C,R_32W6w8sL9ytzwKO,R_32W6w8sL9ytzwKO,926,30.86666667,2020,gb
R_1OldbWtt2Shh78N,Female,University degree or equivalent,University degree or equivalent,50,50,0,NA,Portuguese;50;,English;50;,,100,0,0,NA,Portuguese,NA,10,8,0,NA,I always (or almost always) speak Portuguese to my child,Portuguese,NA,10,8,NA,NA,I always (or almost always) speak Portuguese to my child,First,NA,1,10,Always (or almost always) English,3,Não,C/D,C/D,Não,C/D,C/D,C/D,C/D,C/D,C/D,Não,C,Não,C,Não,Não,Não,Não,C/D,C,C,C,Não,Não,C,C/D,Não,C,C/D,Não,C/D,C,C,C,C/D,C,Não,Não,Não,C,Não,Não,Não,C,Não,C,Não,C,C,C,C,Não,C,C/D,Não,C,Não,Não,C/D,C,Não,C,Não,Não,C,Não,C,C/D,Não,Não,Não,Não,Não,Não,Não,Não,Não,Não,C,C,Não,Não,C,C,C,Não,C,C,C/D,C/D,C,C,C,Não,C,C,C,Não,C,C,C,Não,C,C,Não,C,Não,C,C,C,C,C/D,C,C/D,Não,C,Não,Não,C,Não,Não,Não,Não,C/D,Não,Não,C,Não,C,Não,C,Não,C,C/D,C,C,Não,C,C,Não,C,C,C,C,Não,C,Não,C,C,Não,C,C,C,C,C,C,C,C/D,C,C,C,C,C,Não,C,C,C,Não,C,Não,Não,C,Não,Não,C,Não,C,Não,C,Não,C,C/D,C,C,Não,C,C,C,Não,Não,Não,C,Não,C/D,Não,Não,Não,Não,C,C,Não,C,Não,Não,Não,C,C/D,Não,Não,Não,Não,Não,Não,C,Não,Não,Não,C,C,Não,Não,C,Não,Não,Não,C/D,C/D,C/D,Não,Não,Não,Não,C/D,Não,C,C,C/D,Não,Não,Não,Não,Não,C/D,Não,C/D,Não,C,C,C/D,C,Não,Não,C/D,C/D,C,C/D,C,C,Não,Não,Não,C/D,C,Não,C,C,C,C,Não,Não,Não,C,C,Não,C,Não,Não,C,C,C,C,C,C,C,C,Não,Não,Não,C,Não,C,C,Não,C,C/D,Não,Não,C,Não,Não,Não,C,Não,C,Não,Não,C,Não,C,Não,C,Não,Não,Não,C,C,C,C,Não,Não,Não,Não,Não,C,Não,Não,C,Não,Não,Não,Não,Não,Não,C,C,C/D,Não,Não,Não,Não,Não,Não,C,Não,Não,Não,C,Não,Não,C,Não,Não,C,Não,C,C,Não,Não,Não,Não,Não,Não,C,Não,C,C,Não,Não,C,Não,Não,Não,Não,Não,C,C,C,Não,C,C,Não,C,Não,Não,C,Não,C,Não,Não,Não,C/D,Não,Não,Não,Não,Não,Não,Não,Não,Não,C/D,C/D,Não,Não,Não,C,Não,C,Não,Não,C,Não,Não,Não,C,C/D,Não,Não,BL01UK01PO009,UKPO009,645,21.5,2020,gb
R_2t3VEd6kneuGaGl,Male,University degree or equivalent,University degree or equivalent,40,60,0,NA,Portuguese;40;,English;60;,,100,0,0,NA,Portuguese,NA,10,10,NA,NA,I always (or almost always) speak Portuguese to my child,Portuguese,NA,10,9,NA,NA,I always (or almost always) speak Portuguese to my child,First,NA,1,9,Always (or almost always) English,1,C/D,C/D,C/D,C/D,C/D,C/D,C/D,C/D,C/D,C/D,C/D,C/D,C/D,C/D,C/D,C,C/D,Não,C/D,C/D,C/D,Não,C/D,C/D,C/D,C/D,C/D,Não,C/D,C/D,C/D,C/D,C/D,C/D,C/D,C/D,C,C/D,Não,C/D,C/D,C/D,C/D,C/D,C/D,C/D,C/D,C/D,C/D,C/D,C,Não,Não,C/D,Não,C/D,Não,C,C/D,C/D,Não,C,C,C,C/D,C,C/D,C/D,Não,Não,C/D,C,Não,Não,Não,Não,Não,Não,Não,Não,C/D,Não,C,C/D,C/D,Não,C,Não,C/D,C/D,Não,Não,C,Não,Não,C,C/D,Não,C/D,C,C,C,C,C,C,Não,Não,C/D,C/D,C/D,C/D,C/D,C/D,C/D,Não,C,C,Não,C,C,Não,C,C,C,Não,Não,C,Não,C,C/D,Não,C,C/D,Não,C/D,C,C,C,C,Não,C,C,C,C,C,C,Não,C,Não,Não,C,C,C/D,C,C,C,C,C/D,C/D,Não,Não,C/D,C/D,Não,C,C,C/D,Não,C/D,Não,Não,C,Não,Não,C/D,Não,Não,C,C,C,C,Não,C/D,Não,Não,Não,C,C/D,Não,Não,Não,C/D,Não,C/D,C,C,C,Não,C,C,Não,Não,Não,Não,Não,C/D,C/D,Não,Não,Não,Não,C,Não,C,C,Não,Não,C,C,Não,C,Não,Não,Não,Não,C/D,C,C/D,Não,Não,Não,Não,C/D,Não,C,C,C/D,Não,Não,Não,Não,Não,Não,Não,C/D,C,Não,C/D,C/D,C,C,C,C/D,C/D,Não,C/D,C,C,C,Não,Não,C/D,C,C,C,C,C,C,C,Não,Não,C,C,Não,C,Não,C,C,C,C,C,C,C,Não,Não,C,C,Não,C,Não,Não,C,Não,C,C,C,Não,C,C,C,Não,Não,Não,Não,C,Não,Não,C,C,Não,C,Não,Não,C,Não,Não,C,C,C,Não,C,Não,Não,C,Não,C,C,Não,Não,Não,Não,Não,C,Não,C/D,C/D,Não,Não,Não,C,C,C,Não,Não,C,C/D,Não,Não,Não,Não,Não,Não,Não,Não,C/D,Não,Não,Não,C,C/D,C,Não,Não,Não,Não,Não,Não,C,C,Não,Não,Não,Não,C,C,C,C,Não,C,C,C/D,C,Não,Não,C,Não,Não,C,C,C,C,C,C,Não,C,C,C,C,Não,Não,Não,Não,Não,Não,Não,Não,Não,Não,Não,Não,C,Não,Não,Não,Não,C,C,Não,R_2t3VEd6kneuGaGl,R_2t3VEd6kneuGaGl,693,23.1,2020,gb
R_1hMhopBIoPkWelv,Male,University degree or equivalent,University degree or equivalent,40,60,0,NA,Portuguese;40;,English;60;,,100,0,0,NA,Portuguese,NA,10,7,4,French,I always (or almost always) speak Portuguese to my child,English,NA,1,10,NA,NA,I always (or almost always) speak English to my child,First,NA,1,19,Always (or almost always) English,10,C/D,C/D,C/D,Não,Não,C/D,Não,C/D,C/D,C/D,C/D,C/D,C/D,C,C,C/D,C,C/D,Não,C,C,C,C,C,C,C,C,C,C,C,C,C,C,C,C,C,C,C,C,C,Não,C,C,Não,C,C,Não,C/D,C,C,C/D,C/D,Não,Não,C,Não,C/D,C,C/D,C/D,Não,C,C/D,C,C,C,C,C/D,C/D,C/D,C,C,Não,Não,C,Não,Não,Não,C,C,C,Não,C,C/D,C,Não,C,C,C,C/D,C,Não,C,C,C,C,C,Não,C,C,C,C,C,C,C,C,C,C,C,C,C,C,C,C,Não,Não,C/D,C/D,C,Não,C,Não,C,C/D,Não,Não,C,Não,Não,C/D,C,C,C/D,Não,Não,C,C,C,C,C,C,C,C,C,C,C,C,C,C,Não,C,C,C,C,Não,C,C,C/D,C,C,Não,C,C,C,C,C,C/D,Não,C,C,Não,C,Não,Não,C/D,Não,Não,C,C,C,C,C,C,C,C,C,C,C,Não,C,Não,C/D,Não,Não,C,Não,C,Não,C,C,C,C,C,Não,Não,C,C/D,C,C,C,C,C,C,C,C,Não,C,C/D,C,Não,Não,C,C,Não,Não,C,Não,C,Não,Não,Não,Não,C/D,Não,Não,Não,C/D,Não,Não,Não,Não,Não,C/D,Não,C/D,Não,Não,C,Não,C,C,C,C/D,C/D,C,Não,C,C,Não,Não,C,C,C/D,Não,C,C/D,Não,C,C,C,Não,C,C,Não,Não,Não,Não,C,C,C,C,C,C,C,C,C,C,Não,C/D,Não,Não,C,C,C,C,C,C,C,Não,Não,Não,C,C,C,C,C,C,C,C,C,C,Não,C,C,C,C,C,C,C,Não,C,Não,Não,C,Não,C,C,C,C,C,Não,Não,C,Não,C,C/D,Não,C,Não,Não,Não,C,C,C,C,C,C,Não,C,C,Não,Não,C,C,Não,C,C,C,Não,C,C,Não,C,C,C/D,C,C,C,C,C,Não,Não,Não,C,C,C,Não,Não,C,C,Não,C,Não,Não,C,Não,C,C,C,Não,Não,Não,C,Não,Não,Não,Não,Não,C,C,C,C,Não,Não,C,C,C,Não,C,Não,C/D,C,Não,Não,C,C,C,C,BL01UK01PO010,UKPO010,717,23.9,2020,gb
R_XtfKVwIXE5IFJi9,Female,University degree or equivalent,Left school at 16 with GCSE or equivalent,25,75,0,NA,Portuguese;25;,English;75;,,40,60,0,NA,Portuguese,NA,10,8,0,NA,I regularly speak both Portuguese and English to my child,English,NA,NA,10,NA,NA,I always (or almost always) speak English to my child,First,NA,1,NA,NA,1,C/D,C/D,C/D,C/D,C/D,C/D,C/D,C/D,C/D,C/D,C/D,C/D,C,C,C/D,C,Não,Não,C/D,C/D,C,C,Não,Não,Não,C,Não,Não,C/D,C,C/D,C/D,Não,C/D,C/D,C/D,Não,C/D,Não,C,Não,C,C/D,C/D,C,C,Não,Não,C,Não,Não,C,C,C/D,Não,C/D,C/D,C,C/D,C/D,C,C,C,C,C,C,C/D,C/D,C,C,C/D,C,C/D,C,C/D,Não,C,C,C/D,C,C,Não,C,C/D,C/D,Não,C,C/D,C/D,C/D,C/D,C/D,C/D,C,C,C,C/D,Não,C,C,C/D,Não,C,C,C/D,C/D,C,C/D,C/D,C/D,C,C,C,C/D,Não,Não,C/D,Não,C,C,C,C,C/D,C/D,Não,C,C,C/D,C,C/D,C/D,C/D,C/D,C,C,C,Não,C,C,Não,C,C,C,C,C,C,Não,C,C,C,C,Não,C,C/D,C,C,C/D,C/D,C,C/D,Não,C,C/D,C,Não,C,C/D,Não,C,Não,Não,C,Não,C,C,Não,Não,Não,C/D,C/D,C,C,C,Não,C,C,C/D,C,C,C/D,C,C/D,Não,C/D,C,C,C,Não,C,C,C,C,C,C,Não,C/D,C/D,C,Não,C,Não,C/D,Não,C,C,C/D,C,C,C/D,Não,Não,C,C,C,C,C/D,C/D,C/D,Não,Não,C,Não,C/D,Não,C/D,C/D,C,Não,Não,Não,Não,Não,C/D,C/D,C/D,C,C/D,C/D,C/D,C/D,C,C,C/D,C/D,C/D,C/D,C,C/D,C,C/D,Não,C/D,C,C/D,C,C/D,C/D,C,C,C,C,C/D,C/D,Não,C,Não,Não,C/D,C,C/D,C,C,C/D,C,C,C/D,Não,Não,C/D,Não,C/D,C,C,C,C,C/D,Não,C/D,Não,C,Não,C,C,C,C,C/D,C,C/D,Não,Não,C,Não,C,C,C,C/D,C/D,Não,C,Não,C,C,Não,C/D,C,C/D,C,Não,C,C,C,C,Não,C,C,C/D,C/D,C,C/D,C/D,C,C,C,Não,C,C/D,C,Não,C,C,C,Não,C,C/D,C,C/D,C/D,C,C,C,Não,C,C,C,C,C/D,Não,C,Não,Não,Não,C,C,Não,C/D,C,Não,Não,C,C/D,Não,C,C,Não,C,Não,C,C,C/D,C,C/D,C,C/D,Não,Não,Não,C/D,C,Não,Não,C/D,C/D,Não,C,C,C,Não,C,C,Não,C/D,Não,C/D,Não,Não,C,C/D,Não,BL01UK01PO011,UKPO011,695,23.16666667,2020,gb
R_3m7thiT8WA6OPGo,Male,University degree or equivalent,University degree or equivalent,90,10,0,NA,Portuguese;90;,English;10;,,100,0,0,NA,Portuguese,NA,10,8,NA,NA,I always (or almost always) speak Portuguese to my child,Portuguese,NA,10,9,NA,NA,I always (or almost always) speak Portuguese to my child,First,NA,1,23,Always (or almost always) English,1,C/D,C/D,C/D,C/D,C/D,C/D,C/D,C/D,C/D,Não,Não,C/D,C/D,C,C,C,C,C,C,C,C,Não,C,C,C,C,Não,C,C,C,C,C,C,C,C,C,Não,C,Não,C,C,C,C,C,C,C,Não,C,C/D,C/D,C,C,C,C/D,C/D,Não,C,Não,C/D,C,Não,C,C,C,C,C,C/D,C,C,C,C/D,C,C,C,C,Não,C/D,C,Não,C/D,C,Não,C,C,C,Não,C,C,C/D,C/D,C,C/D,C/D,C,Não,C,C,C,C,C,C,C,C,C,C,C,C,C/D,C,C,C,C/D,C,C,C,Não,Não,Não,C/D,Não,C,Não,C,C,Não,Não,C/D,Não,C,C/D,C,C,C/D,Não,Não,C,C,C,C,Não,C,C,C,C/D,C,C,Não,C,C,Não,C,Não,C,C/D,C,C,C,C/D,C,Não,Não,C,C,C,C,C,C,C,C/D,C,Não,C,Não,Não,C,Não,Não,C,Não,C/D,C,C,C,Não,C,C,C,C,Não,C,C,C,Não,C,C,Não,C,Não,C,C,C,Não,C,C,Não,C,C,Não,C,Não,Não,C,C,C,C,Não,Não,C,C,Não,Não,C,Não,Não,C,C/D,C/D,C/D,C/D,Não,Não,Não,C/D,Não,Não,Não,C/D,Não,C,C,Não,Não,C/D,C/D,C/D,C/D,Não,Não,Não,Não,C/D,Não,C,C,C,C,C,C,C,Não,C,C,C,Não,C,C,C,C,C,C,Não,C,Não,Não,Não,Não,Não,C,C,C,C,C,C,C,C,C,C,C,C,C/D,Não,C,Não,C,C,C,C,C,Não,Não,Não,C,C,C,C,C,C,C,C,C,C,Não,C,C,C,C,C,Não,C,Não,C,C,C,C,Não,Não,C,C,C,C,C,C,C,C,C,C,C/D,Não,C/D,Não,C/D,C,C,Não,C,C,Não,Não,Não,Não,Não,Não,C,C,Não,C,Não,Não,C,Não,Não,Não,Não,Não,C,Não,Não,C,Não,Não,Não,C/D,C/D,Não,Não,Não,Não,Não,Não,C,C,C,C,Não,C,Não,C,C,Não,C,C,C,C,C,C,C,C,C,Não,Não,Não,C,Não,C/D,Não,Não,Não,Não,Não,Não,C/D,Não,Não,Não,Não,C,Não,Não,BL01UK01PO012,UKPO012,727,24.23333333,2020,gb
R_265vtY4KlWPEvKL,Female,University degree or equivalent,University degree or equivalent,40,60,0,NA,Portuguese;40;,English;60;,,65,35,0,NA,Portuguese,NA,10,8,NA,NA,I always (or almost always) speak Portuguese to my child,English,NA,4,10,NA,NA,I regularly speak both Portuguese and English to my child,First,NA,1,11,Always (or almost always) English,1,Não,Não,Não,Não,Não,Não,Não,Não,Não,Não,C,Não,Não,Não,Não,Não,Não,Não,Não,Não,Não,Não,Não,Não,Não,Não,Não,Não,Não,Não,Não,Não,Não,Não,Não,Não,Não,Não,Não,Não,Não,Não,Não,Não,Não,Não,Não,Não,Não,Não,Não,Não,Não,Não,Não,Não,Não,Não,Não,Não,Não,Não,Não,Não,Não,Não,C,C,Não,Não,C,Não,Não,Não,Não,Não,Não,Não,Não,Não,Não,Não,Não,Não,Não,Não,Não,Não,Não,Não,Não,Não,Não,Não,Não,Não,Não,Não,Não,Não,Não,Não,Não,Não,Não,Não,Não,Não,Não,Não,Não,Não,Não,Não,Não,Não,Não,Não,Não,Não,Não,Não,Não,Não,Não,Não,Não,Não,Não,Não,Não,Não,Não,Não,Não,Não,Não,Não,Não,Não,Não,Não,Não,Não,Não,Não,Não,Não,Não,Não,Não,Não,Não,Não,Não,Não,Não,Não,Não,Não,Não,Não,Não,Não,Não,Não,Não,Não,Não,Não,Não,Não,Não,Não,Não,Não,Não,Não,Não,Não,Não,Não,Não,Não,Não,Não,Não,Não,Não,Não,Não,Não,Não,Não,Não,Não,Não,Não,Não,Não,Não,Não,Não,Não,Não,Não,Não,Não,Não,Não,Não,Não,Não,Não,Não,Não,Não,Não,Não,Não,Não,Não,Não,Não,Não,Não,Não,Não,Não,Não,Não,Não,C,Não,Não,Não,C,Não,Não,Não,Não,Não,Não,Não,C,Não,C,Não,Não,Não,Não,Não,C,C,Não,Não,Não,Não,Não,Não,Não,Não,Não,Não,C,Não,Não,Não,Não,Não,Não,Não,Não,Não,Não,Não,Não,Não,Não,Não,Não,Não,Não,Não,Não,Não,Não,Não,Não,Não,Não,Não,Não,Não,C,Não,Não,Não,Não,Não,Não,Não,Não,Não,Não,Não,Não,Não,Não,Não,Não,Não,Não,C,Não,Não,Não,Não,Não,Não,Não,Não,Não,Não,Não,Não,Não,Não,Não,Não,Não,Não,Não,Não,Não,C,Não,Não,Não,Não,Não,Não,Não,Não,Não,Não,Não,Não,Não,Não,Não,Não,Não,Não,Não,Não,Não,Não,Não,Não,Não,Não,Não,Não,Não,Não,Não,Não,Não,Não,Não,Não,Não,Não,Não,Não,Não,Não,Não,Não,Não,Não,Não,Não,Não,Não,Não,Não,Não,Não,Não,Não,Não,Não,Não,Não,Não,Não,Não,Não,Não,C,Não,Não,Não,Não,Não,Não,Não,Não,Não,Não,Não,Não,Não,Não,Não,Não,BL01UK01PO013,UKPO013,381,12.7,2020,gb
R_uet5J1lLOFOk9Nf,Male,University degree or equivalent,University degree or equivalent,70,30,0,NA,Portuguese;70;,English;30;,,90,10,0,NA,Portuguese,NA,10,7,NA,NA,I always (or almost always) speak Portuguese to my child,Portuguese,NA,10,8,NA,NA,I regularly speak both Portuguese and English to my child,First,NA,1,5,Always (or almost always) English,0,C/D,C/D,C/D,Não,C,C/D,C/D,C,C/D,C/D,C/D,C/D,Não,C,Não,C,C,C,C,C,C,Não,Não,C,Não,C,Não,C,C,C,C,C,C,C,C,C,Não,C,C,C,C,C,C,C,C,C,Não,C,C,C,C,C,C,C,C,C,C,C,C/D,Não,Não,C,Não,Não,C,C,Não,C/D,C,C,C,C,Não,C,C,C,Não,Não,Não,C,C,Não,Não,C,C,Não,Não,Não,C/D,C,C,C,C,C,C,C,C,C,C,C,C,C,C,C,C,C,C,C,C,C,C,C,C,C,C,C,C,Não,C,C,C,C,C,C,Não,Não,C,C,C,C,C,C,Não,Não,C,C,C,C,C,C,C,C,Não,C,Não,Não,Não,Não,Não,Não,Não,Não,C,Não,Não,C,C,C,Não,Não,Não,C,Não,Não,Não,Não,Não,Não,C,Não,Não,Não,Não,Não,Não,Não,Não,Não,C,Não,C,Não,Não,Não,Não,Não,C,Não,Não,Não,Não,Não,Não,C,C,C,C,Não,C,C,C,C,C,C,Não,Não,Não,Não,Não,Não,Não,Não,Não,Não,C,Não,Não,Não,C,Não,Não,C,Não,Não,Não,C,C/D,C,C,Não,Não,Não,C/D,Não,C,C,C/D,Não,Não,Não,Não,Não,C,C,Não,C,C,C,C/D,C,C,C,C,C,C,C/D,C,C,C,Não,Não,C,C,Não,C,C,C,C,C,C,Não,C,C,Não,C,Não,C,C,C,C,C,C,Não,Não,C,C,C,Não,C,Não,Não,C,Não,C,C,C,Não,C,Não,Não,Não,C,Não,C,Não,Não,Não,C,C,Não,Não,Não,Não,Não,Não,Não,Não,Não,Não,Não,Não,Não,Não,C,Não,C,Não,Não,C,Não,Não,Não,Não,C,C,C,C,Não,C,Não,C,C,Não,Não,C,C,C,Não,Não,Não,Não,Não,Não,Não,Não,Não,Não,C,Não,Não,C,Não,Não,C,C,Não,Não,Não,Não,Não,Não,Não,C,Não,Não,C,Não,Não,C,Não,Não,Não,Não,Não,Não,Não,Não,Não,Não,Não,C,Não,Não,Não,Não,Não,C,Não,C,C,C,C,Não,C/D,C,Não,Não,C,C,Não,Não,Não,Não,Não,Não,Não,Não,Não,BL01UK01PO014,UKPO014,725,24.16666667,2020,gb
R_2y1qGeQfNDBOl4u,Male,University degree or equivalent,University degree or equivalent,10,90,0,NA,Portuguese;10;,English;90;,,30,70,0,NA,Portuguese,NA,10,8,NA,NA,I regularly speak both Portuguese and English to my child,English,NA,2,10,NA,NA,I always (or almost always) speak English to my child,Second,NA,2,5,Always (or almost always) English,1,C,C,C,C,C,C,C,C,C,C,C,C,Não,Não,Não,Não,Não,Não,Não,Não,Não,Não,Não,Não,Não,Não,Não,Não,Não,Não,Não,Não,Não,Não,Não,Não,Não,Não,Não,Não,Não,Não,Não,Não,Não,Não,Não,Não,Não,Não,Não,Não,Não,Não,Não,Não,Não,Não,C/D,Não,Não,Não,Não,Não,Não,Não,C/D,C/D,Não,Não,Não,Não,Não,Não,Não,Não,Não,Não,Não,Não,Não,Não,Não,Não,Não,Não,Não,Não,Não,Não,Não,Não,Não,Não,Não,Não,Não,Não,Não,Não,Não,Não,Não,Não,Não,Não,Não,Não,Não,Não,Não,Não,Não,Não,Não,Não,Não,Não,Não,Não,Não,Não,Não,Não,Não,Não,Não,Não,Não,Não,Não,C/D,Não,Não,Não,Não,Não,Não,Não,Não,Não,Não,Não,Não,Não,Não,Não,Não,Não,Não,Não,Não,Não,Não,Não,Não,Não,C/D,Não,Não,Não,Não,Não,Não,Não,Não,Não,Não,Não,Não,Não,Não,Não,Não,Não,Não,Não,Não,Não,Não,Não,Não,Não,Não,Não,Não,Não,Não,Não,Não,Não,Não,Não,Não,Não,Não,Não,Não,Não,Não,Não,Não,Não,Não,Não,Não,Não,Não,Não,Não,Não,Não,Não,Não,Não,Não,Não,Não,Não,Não,Não,Não,Não,Não,Não,C/D,C/D,C/D,Não,Não,Não,Não,Não,Não,Não,Não,Não,Não,Não,Não,Não,Não,C,C,C/D,Não,Não,Não,Não,Não,Não,Não,C,Não,C,C/D,Não,Não,Não,Não,Não,Não,Não,Não,Não,Não,Não,Não,Não,Não,C,Não,Não,Não,Não,Não,Não,Não,Não,Não,Não,Não,Não,Não,Não,Não,Não,Não,Não,Não,Não,Não,Não,Não,Não,Não,Não,Não,Não,Não,Não,Não,Não,Não,Não,Não,Não,Não,Não,Não,Não,Não,Não,Não,Não,Não,Não,Não,Não,Não,Não,Não,Não,Não,Não,Não,Não,Não,Não,Não,Não,Não,Não,Não,Não,Não,Não,Não,Não,Não,Não,Não,Não,Não,Não,Não,Não,Não,Não,Não,Não,Não,Não,Não,Não,Não,Não,Não,Não,Não,Não,Não,Não,Não,Não,Não,Não,Não,Não,Não,Não,Não,Não,Não,Não,C,Não,Não,Não,Não,Não,Não,Não,Não,Não,Não,Não,Não,Não,Não,Não,Não,Não,Não,Não,Não,Não,Não,Não,Não,Não,Não,Não,Não,Não,Não,Não,Não,Não,Não,Não,Não,Não,Não,Não,Não,Não,Não,BL01UK01PO015,UKPO015,531,17.7,2020,gb
R_AASG5DBenPOCO9H,Male,University degree or equivalent,Left school at 16 with GCSE or equivalent,40,60,0,NA,Portuguese;40;,English;60;,,50,50,0,NA,Portuguese,NA,10,9,0,NA,I always (or almost always) speak Portuguese to my child,English,NA,0,10,NA,NA,I always (or almost always) speak English to my child,Third,NA,3,NA,NA,1,C/D,Não,Não,Não,Não,C/D,Não,Não,Não,C/D,Não,Não,Não,Não,Não,Não,Não,Não,Não,Não,Não,Não,Não,Não,Não,Não,Não,Não,Não,Não,Não,Não,Não,Não,Não,Não,Não,Não,Não,Não,Não,Não,Não,Não,Não,Não,Não,Não,Não,Não,Não,Não,Não,Não,Não,Não,Não,Não,Não,Não,Não,Não,Não,Não,Não,Não,C,Não,Não,Não,Não,Não,Não,Não,Não,Não,Não,Não,Não,Não,Não,Não,Não,C,Não,Não,Não,Não,Não,C,Não,Não,Não,Não,Não,Não,Não,Não,Não,Não,Não,Não,Não,Não,Não,Não,Não,Não,Não,Não,Não,Não,Não,Não,Não,Não,Não,Não,Não,Não,Não,Não,Não,Não,Não,Não,Não,Não,Não,Não,Não,Não,Não,Não,Não,Não,Não,Não,Não,Não,C,Não,Não,Não,Não,Não,Não,Não,Não,Não,Não,Não,Não,Não,Não,Não,Não,C,Não,Não,Não,Não,Não,Não,Não,Não,Não,Não,Não,Não,Não,Não,Não,Não,Não,Não,Não,Não,Não,Não,Não,Não,Não,Não,Não,Não,Não,Não,Não,Não,Não,Não,Não,Não,Não,Não,C,Não,Não,Não,Não,Não,Não,Não,Não,Não,Não,Não,Não,Não,Não,Não,Não,Não,Não,Não,Não,Não,Não,Não,Não,Não,Não,Não,Não,C,C,C,Não,Não,Não,Não,C/D,Não,Não,Não,C,Não,Não,Não,Não,Não,Não,Não,C,Não,C,Não,Não,Não,Não,Não,C,Não,Não,C,Não,Não,Não,Não,Não,Não,C,Não,Não,Não,Não,Não,Não,Não,Não,Não,Não,Não,Não,Não,Não,Não,Não,Não,Não,Não,Não,Não,Não,Não,Não,Não,Não,Não,Não,Não,Não,Não,Não,Não,Não,Não,Não,Não,Não,Não,Não,Não,Não,Não,Não,Não,Não,Não,Não,Não,Não,Não,Não,Não,Não,Não,Não,Não,Não,Não,Não,Não,Não,Não,Não,Não,Não,Não,Não,Não,Não,Não,Não,Não,Não,Não,Não,Não,Não,Não,Não,Não,Não,Não,Não,Não,Não,Não,Não,Não,Não,Não,Não,Não,Não,Não,Não,Não,Não,Não,Não,Não,Não,Não,Não,Não,Não,Não,Não,Não,Não,Não,Não,Não,Não,Não,Não,Não,Não,Não,Não,Não,Não,Não,Não,Não,Não,Não,Não,Não,Não,Não,Não,Não,Não,Não,Não,Não,Não,Não,Não,Não,Não,Não,Não,Não,Não,Não,Não,Não,Não,Não,Não,Não,Não,Não,BL01UK01PO016,UKPO016,393,13.1,2020,gb
R_3O7JRqlTQnt5ngX,Female,University degree or equivalent,University degree or equivalent,20,80,0,NA,Portuguese;20;,English;80;,,80,20,0,NA,Portuguese,NA,10,9,NA,NA,I regularly speak both Portuguese and English to my child,English,NA,1,10,NA,NA,I always (or almost always) speak English to my child,Third,NA,3,5,Always (or almost always) English,3,C,C/D,C/D,C,C/D,C/D,C/D,C/D,C/D,C/D,C/D,C/D,C,C,C,Não,Não,Não,C/D,C/D,C,Não,Não,C/D,C,C,Não,C,C/D,C,C/D,C/D,C/D,C,C/D,C/D,Não,C,Não,C/D,C,C,Não,C,C,C,Não,Não,Não,C,Não,Não,Não,C,Não,Não,Não,C/D,C/D,C/D,C,C,C,Não,C,C,C/D,C/D,C,C/D,C,C/D,C/D,Não,C,C,C/D,C,C,Não,C,Não,C,C/D,C/D,C,C,C,C,C,C/D,C/D,Não,C/D,Não,C,C/D,C/D,C,C,C,Não,C,Não,C/D,C,C,C/D,C/D,C/D,Não,C/D,C/D,Não,Não,Não,C,Não,C,Não,Não,C/D,Não,C/D,Não,Não,Não,Não,Não,C/D,C/D,C/D,C/D,C,C,Não,Não,Não,Não,Não,C,C,C,C,C,C,Não,Não,C,Não,C,Não,C,Não,Não,C,C,C/D,C,C,C,C/D,C,C,C,C,C,C,C,C,Não,Não,Não,Não,C/D,Não,Não,Não,C,Não,Não,Não,C/D,Não,Não,Não,Não,C,Não,Não,Não,C,Não,C,C/D,Não,C,Não,C,Não,C,Não,C,Não,Não,C/D,C/D,Não,Não,Não,Não,Não,Não,Não,Não,Não,Não,Não,C/D,Não,Não,Não,Não,Não,Não,C/D,C/D,C/D,Não,Não,Não,Não,C/D,Não,C/D,C,Não,Não,Não,Não,Não,Não,Não,Não,C/D,Não,C/D,C/D,C/D,C/D,C,C,C/D,C/D,C,C/D,C,C,C,Não,C/D,C/D,Não,Não,C,C,C,Não,Não,C/D,C,C,C,Não,Não,C,Não,C,C,C,C,C,C,Não,C,C,C,C,C,C,C,C,Não,C,C/D,C,C,C/D,C,C,C,C,C,C,C,C,C,C,C,C,C,Não,Não,C,Não,C,C,C,C,Não,C,C,Não,C,Não,C/D,C/D,Não,C,Não,C,C,C,C,Não,C/D,C,C,Não,C/D,C/D,C,C,C,C,C,C,C,Não,C,Não,Não,C,C,C,C/D,Não,C/D,C,Não,Não,C,C,C,C/D,C,Não,C/D,C,Não,Não,Não,Não,Não,C,C,C,C,C,C,C,C,C,Não,C,C,C,C,C,C,C,C,C,C,C,C,C,C,Não,Não,C,Não,Não,Não,Não,Não,Não,Não,C,Não,C/D,Não,C/D,Não,C,C/D,C,C,BL01UK01PO017,UKPO017,796,26.53333333,2020,gb
R_Wjv8tFDKQ8T9dS1,Male,University degree or equivalent,University degree or equivalent,50,50,0,NA,Portuguese;50;,English;50;,,100,0,0,NA,Portuguese,NA,10,8,NA,NA,I always (or almost always) speak Portuguese to my child,Portuguese,NA,10,9,NA,NA,I always (or almost always) speak Portuguese to my child,First,NA,1,8,Always (or almost always) English,10,C/D,C/D,C/D,Não,C/D,Não,Não,Não,Não,Não,Não,C/D,Não,Não,Não,Não,Não,Não,C,Não,Não,Não,Não,Não,Não,C,Não,Não,C,C,Não,Não,Não,C,C,Não,Não,Não,Não,Não,Não,C,Não,Não,Não,C,Não,C,C,Não,Não,Não,Não,C,Não,Não,Não,Não,C/D,Não,Não,Não,Não,Não,Não,Não,C/D,C,Não,Não,Não,Não,Não,Não,Não,Não,Não,Não,Não,Não,Não,Não,Não,C,Não,Não,Não,Não,C,Não,Não,Não,Não,Não,Não,C,Não,Não,Não,Não,Não,Não,Não,Não,C,Não,Não,C,C,C,C,C,Não,C,Não,Não,Não,Não,Não,Não,Não,Não,C,Não,Não,Não,Não,Não,Não,C,Não,Não,C,Não,Não,Não,Não,Não,Não,Não,Não,Não,Não,Não,Não,Não,Não,Não,Não,Não,Não,Não,Não,Não,Não,Não,Não,C/D,C,Não,C,Não,Não,Não,Não,Não,Não,Não,Não,Não,Não,Não,Não,Não,C/D,Não,Não,Não,Não,Não,Não,Não,Não,Não,Não,C,Não,Não,Não,Não,Não,Não,Não,Não,Não,Não,Não,Não,Não,Não,Não,Não,Não,Não,Não,Não,C/D,Não,Não,Não,Não,Não,Não,Não,Não,Não,Não,Não,Não,Não,Não,Não,Não,Não,Não,Não,Não,Não,Não,Não,Não,Não,Não,Não,Não,Não,Não,Não,Não,Não,Não,Não,Não,Não,C/D,Não,Não,Não,Não,Não,Não,Não,Não,Não,Não,C/D,C,C,Não,Não,Não,Não,Não,Não,Não,Não,Não,C,Não,Não,Não,Não,Não,Não,Não,Não,Não,Não,Não,Não,Não,Não,Não,Não,Não,Não,Não,Não,Não,Não,Não,Não,Não,Não,C/D,Não,Não,Não,Não,Não,Não,Não,Não,Não,Não,Não,Não,C,Não,Não,C,Não,Não,Não,Não,Não,Não,Não,Não,Não,Não,Não,Não,Não,Não,Não,Não,Não,Não,Não,Não,Não,Não,Não,Não,C/D,Não,Não,Não,Não,Não,Não,Não,Não,Não,Não,Não,Não,Não,Não,Não,Não,Não,Não,Não,Não,Não,Não,Não,Não,Não,Não,Não,Não,Não,Não,Não,Não,Não,Não,Não,Não,Não,Não,Não,Não,Não,Não,Não,Não,Não,Não,Não,Não,Não,Não,Não,Não,Não,Não,Não,Não,Não,Não,Não,Não,Não,Não,Não,Não,Não,Não,Não,Não,Não,Não,Não,Não,Não,Não,Não,Não,Não,Não,Não,Não,Não,Não,BL01UK01PO018,UKPO018,511,17.03333333,2020,gb
R_2xXVuq9U3SREfsD,Female,University degree or equivalent,University degree or equivalent,35,65,0,NA,Portuguese;35;,English;65;,,75,25,0,NA,Portuguese,NA,10,9,NA,NA,I always (or almost always) speak Portuguese to my child,English,NA,5,10,NA,NA,I regularly speak both Portuguese and English to my child,Other,Only child,1,11,Always (or almost always) English,NA,C/D,C/D,C/D,C/D,C/D,C/D,C/D,C/D,C/D,C/D,C/D,C/D,C/D,C,C/D,C/D,C/D,C/D,Não,C/D,C/D,C,C/D,C/D,C/D,C/D,Não,C/D,C/D,C,C/D,C/D,C/D,C/D,C/D,C/D,C,C/D,C/D,C/D,C/D,C/D,C/D,C/D,C/D,C/D,C,C/D,C/D,C/D,C/D,C/D,C/D,C/D,C,Não,C,C/D,C/D,C,C,C/D,Não,Não,C/D,C,C/D,C/D,C,C,C/D,C/D,C/D,C,C/D,C/D,C/D,Não,Não,Não,Não,Não,C/D,C/D,C/D,C/D,C,C/D,C/D,C,C/D,C/D,C/D,Não,C,C/D,C/D,C/D,C/D,C/D,C/D,C/D,C/D,C/D,C/D,C/D,C/D,C/D,C/D,C/D,C/D,C/D,Não,C/D,C/D,Não,C/D,Não,C,Não,C,Não,C/D,C,Não,C/D,C/D,Não,Não,C/D,C/D,C,C/D,C,Não,Não,Não,C,C,Não,C/D,Não,C/D,C,Não,Não,C,Não,C,C,C,C/D,C/D,C/D,C,C,C/D,C/D,C/D,C,C,C/D,C/D,C/D,C,C/D,C/D,C,C,C,Não,C,Não,Não,Não,C/D,Não,C,C/D,C/D,C,C/D,C/D,C,C,C,C/D,C/D,Não,C,Não,C/D,Não,C/D,C/D,Não,C/D,C/D,C/D,C/D,C/D,Não,C/D,C,Não,C/D,C/D,Não,Não,C/D,Não,C/D,Não,C/D,C/D,C/D,C/D,Não,C/D,Não,Não,Não,Não,C/D,C,C/D,C/D,C/D,C/D,Não,Não,Não,C/D,C/D,C/D,C/D,C,C,C,C,Não,Não,C/D,Não,C/D,C,C/D,C/D,C/D,C/D,C,C/D,C/D,C/D,C/D,C/D,C/D,C/D,Não,C/D,C/D,C/D,C,Não,C/D,C/D,C/D,C/D,C,C,C,C/D,C/D,Não,C/D,Não,C,C,C/D,C/D,C/D,C/D,C/D,C,C,C/D,C,Não,C/D,Não,C,C/D,C/D,C/D,C,C,C/D,C/D,C/D,C,Não,C,C/D,C/D,C/D,C/D,C,C/D,C/D,C/D,C/D,Não,C,C/D,C,C/D,C/D,C/D,C/D,Não,C/D,C/D,Não,C/D,Não,C,C/D,C/D,C,C,C,C/D,C,C,C/D,C/D,C/D,Não,C/D,C/D,C/D,C,C,C,C,C,C,C,Não,C,C,Não,C,Não,C/D,C/D,C/D,C/D,C/D,C,C,C,C/D,C/D,C/D,C,Não,C/D,C/D,C,Não,C/D,C/D,Não,C/D,C,C,Não,C,C/D,C,Não,Não,Não,C/D,Não,Não,Não,C/D,Não,C/D,C/D,C/D,C/D,Não,Não,Não,Não,Não,Não,C/D,C/D,Não,C/D,Não,Não,Não,Não,C/D,Não,C/D,Não,Não,Não,Não,C/D,C/D,C/D,R_2xXVuq9U3SREfsD,R_2xXVuq9U3SREfsD,894,29.8,2020,gb
R_3NJ3y51HGLPOn5z,Male,University degree or equivalent,University degree or equivalent,40,50,10,Spanish,Portuguese;40;,English;50;,Spanish;10;,90,10,0,NA,Portuguese,NA,10,8,7,Spanish,I always (or almost always) speak Portuguese to my child,Portuguese,NA,10,8,5,Spanish,I always (or almost always) speak Portuguese to my child,First,NA,1,13,Always (or almost always) English,8,C/D,Não,C/D,C/D,Não,C/D,C/D,C/D,C/D,C/D,C/D,C/D,C/D,C,C/D,C/D,C/D,Não,C/D,C/D,C/D,Não,C/D,C/D,C/D,C/D,C/D,C,C/D,C/D,C/D,C/D,C/D,C,C/D,C/D,C/D,Não,C/D,C/D,C/D,C/D,C/D,C/D,C/D,C/D,C/D,C/D,C/D,C/D,C/D,C/D,C/D,C/D,C/D,C/D,C/D,C/D,C/D,C/D,C/D,C/D,C/D,C/D,C/D,C/D,C/D,C/D,C/D,C/D,C/D,C/D,C/D,C,C/D,C/D,C,C,C/D,C,C/D,Não,C/D,C/D,C/D,C,C/D,C/D,C/D,C/D,C/D,C/D,C/D,C/D,C/D,C/D,C/D,C,C/D,C/D,C/D,C/D,C/D,C/D,C/D,C/D,C/D,C/D,C/D,C/D,C/D,C/D,C/D,Não,C,C/D,C/D,C/D,C/D,C,Não,C/D,C/D,C/D,Não,C/D,C/D,Não,Não,C/D,C/D,C/D,C/D,Não,C/D,C/D,Não,C/D,C/D,C/D,C/D,C/D,C/D,C/D,C/D,Não,C,C/D,C/D,C/D,C/D,Não,C/D,C/D,C/D,C/D,C/D,C/D,C/D,C/D,C,C/D,C/D,C/D,C/D,C,C/D,Não,C/D,C/D,Não,C/D,Não,C/D,C/D,C/D,C/D,C/D,C/D,C/D,C,C/D,C/D,C/D,C/D,C/D,C/D,C,C,C,Não,C/D,C/D,Não,C/D,C/D,C/D,Não,C,C/D,C/D,C/D,C/D,C/D,Não,C,C/D,C/D,Não,C/D,Não,Não,C/D,Não,C/D,Não,C/D,C/D,C/D,C,C/D,C/D,Não,Não,C,C/D,C/D,C/D,C,Não,Não,C/D,C/D,C/D,C/D,C/D,C/D,Não,C/D,Não,C/D,C/D,C/D,C/D,C/D,C/D,C/D,C/D,C/D,C/D,C/D,C/D,C/D,C/D,C/D,C/D,C,C/D,C/D,C/D,C/D,C/D,C/D,C,C/D,C/D,C/D,C,C/D,C/D,Não,C/D,C/D,C/D,C/D,C/D,C/D,C/D,C/D,C/D,C/D,C,C/D,C/D,C/D,C/D,C/D,C/D,C/D,C/D,C/D,C/D,C/D,C/D,C/D,C/D,C/D,C/D,C/D,C/D,C/D,C/D,C/D,C/D,C/D,C/D,C/D,Não,C/D,C/D,C/D,C/D,C/D,C/D,C/D,C/D,C/D,C/D,C/D,C,C/D,Não,C/D,C/D,C/D,C/D,C/D,C/D,C/D,C/D,C/D,C/D,C/D,C/D,C/D,C/D,C/D,Não,C/D,C/D,C/D,C/D,C/D,C/D,C/D,C/D,C/D,Não,Não,C/D,Não,Não,C/D,C/D,C/D,C/D,C/D,C/D,C/D,C/D,C/D,C/D,C/D,C/D,C/D,C/D,C/D,C/D,Não,C/D,Não,C/D,C/D,C/D,C/D,C/D,Não,Não,C/D,C/D,Não,C/D,C/D,C/D,C/D,C/D,C/D,C/D,Não,C/D,C/D,C/D,C/D,C/D,Não,Não,Não,Não,C,C,C/D,C/D,Não,C/D,C/D,C/D,Não,C/D,C/D,Não,C/D,C/D,C/D,Não,Não,C/D,C/D,C/D,R_3NJ3y51HGLPOn5z,R_3NJ3y51HGLPOn5z,986,32.86666667,2020,gb
R_1QKQbGKjOFY2tOY,Male,University degree or equivalent,University degree or equivalent,70,30,0,NA,Portuguese;70;,English;30;,,80,20,0,NA,Portuguese,NA,10,7,NA,NA,I always (or almost always) speak Portuguese to my child,Portuguese,NA,10,5,NA,NA,I always (or almost always) speak Portuguese to my child,Second,NA,2,NA,NA,10,C/D,C/D,C/D,C/D,C/D,C/D,C/D,C/D,C/D,C/D,C/D,C/D,C/D,C/D,C/D,C/D,C/D,C/D,C/D,C/D,C/D,C/D,C/D,C/D,C/D,C/D,C/D,C/D,C/D,C/D,C/D,C/D,C/D,C/D,C/D,C/D,C/D,C/D,C/D,C/D,C/D,C/D,C/D,C/D,C/D,C/D,C/D,C/D,C/D,C/D,C/D,C/D,C/D,C/D,C/D,C/D,C/D,C/D,C/D,C/D,C/D,C/D,C/D,C/D,C/D,C/D,C/D,C/D,C/D,C/D,C/D,C/D,C/D,C/D,C/D,C/D,C/D,C/D,C/D,C/D,C/D,C/D,C/D,C/D,C/D,C/D,C/D,C/D,C/D,C/D,C/D,C/D,C/D,C/D,C/D,C/D,C/D,C/D,C/D,C/D,C/D,C/D,C/D,C/D,C/D,C/D,C/D,C/D,C/D,C/D,C/D,C/D,C/D,C/D,C/D,Não,C/D,C/D,C/D,C/D,C/D,C/D,C/D,C/D,C/D,C/D,C/D,C/D,C/D,C/D,C/D,C/D,C/D,C/D,C/D,C/D,C/D,C/D,C/D,C/D,C/D,C/D,C/D,C/D,C/D,C/D,C/D,C/D,C/D,C/D,C/D,C/D,C/D,C/D,C/D,C/D,C/D,C/D,C/D,C/D,C/D,C/D,C/D,C/D,C/D,C/D,C/D,C/D,C/D,C/D,C/D,C/D,C/D,C/D,C/D,C/D,C/D,C/D,C/D,C/D,C/D,C/D,C/D,C/D,C/D,C/D,C/D,C/D,Não,C/D,C/D,C/D,C/D,C/D,C/D,C/D,C/D,C/D,C/D,C/D,C/D,C/D,C/D,C/D,Não,C/D,C/D,C/D,C/D,C/D,C/D,C/D,C/D,C/D,C/D,C/D,C/D,C/D,C/D,C/D,C/D,C/D,C/D,Não,C/D,C/D,C/D,C/D,C/D,C/D,C/D,C/D,C/D,C/D,C/D,C/D,C/D,C/D,C/D,C/D,C/D,C/D,C/D,C/D,C/D,C/D,C/D,C/D,C/D,C/D,C/D,C/D,C/D,C/D,C/D,C/D,C/D,C/D,Não,C/D,C/D,C/D,C/D,Não,C/D,C/D,C/D,C/D,C/D,C/D,C/D,C/D,C/D,C/D,C/D,C/D,C/D,C/D,C/D,C/D,C/D,C/D,C/D,C/D,C/D,C/D,C/D,C/D,C/D,Não,C/D,C/D,C/D,C/D,C/D,C/D,C/D,C/D,C/D,C/D,C/D,C/D,C/D,C/D,C/D,C/D,C/D,C/D,C/D,C/D,C/D,C/D,C/D,C/D,C/D,C/D,C/D,C/D,C/D,C/D,C/D,C/D,C/D,C/D,C/D,C/D,C/D,C/D,C/D,C/D,C/D,C/D,C/D,C/D,C/D,C/D,C/D,C/D,C/D,C/D,C/D,C/D,C/D,C/D,C/D,C/D,C/D,C/D,C/D,C/D,C/D,C/D,C/D,C/D,C/D,C/D,Não,C/D,C/D,C/D,C/D,C/D,C/D,C/D,C/D,C/D,C/D,C/D,C/D,C/D,C/D,C/D,C/D,C/D,C/D,C/D,C/D,C/D,C/D,C/D,C/D,C/D,C/D,C/D,C/D,C/D,C/D,C/D,C/D,C/D,C/D,C/D,C/D,C/D,C/D,C/D,C/D,C/D,C/D,C/D,C/D,C/D,C/D,C/D,C/D,C/D,C/D,C/D,C/D,C/D,C/D,C/D,C/D,C/D,C/D,C/D,C/D,C/D,BL01UK01PO019,UKPO019,868,28.93333333,2020,gb
R_2YFdC07qevEtA7Z,Female,University degree or equivalent,Left school at 16 with GCSE or equivalent,90,10,0,NA,Portuguese;90;,English;10;,,100,0,0,NA,Portuguese,NA,10,10,5,French,I always (or almost always) speak Portuguese to my child,Portuguese,NA,10,9,7,French,I always (or almost always) speak Portuguese to my child,Third,NA,3,NA,NA,4,C/D,C/D,C/D,C/D,C/D,C/D,C,C,C,C,C/D,C,Não,C/D,C,Não,Não,C,C/D,C/D,C/D,Não,Não,C/D,C,C/D,Não,C,C/D,Não,Não,Não,Não,C/D,Não,C/D,Não,Não,Não,Não,Não,Não,Não,Não,Não,Não,Não,Não,C/D,C/D,C/D,Não,C/D,C/D,Não,C/D,Não,Não,C/D,C,C/D,C,C/D,C,C/D,C,C/D,C/D,Não,Não,Não,Não,C/D,Não,Não,Não,Não,Não,Não,Não,Não,Não,C/D,Não,C/D,C/D,C/D,C/D,C/D,C/D,Não,Não,C/D,Não,Não,C/D,C/D,C/D,C,C,C,C,C/D,C/D,C/D,Não,C,C/D,C,C/D,Não,C/D,C/D,C/D,Não,Não,Não,Não,C/D,Não,Não,C/D,Não,C/D,Não,Não,C/D,Não,Não,C/D,Não,C/D,C/D,Não,Não,C,C,Não,C/D,Não,C/D,C,C,C,C,C,Não,C,C,C,C,C,Não,C/D,C/D,C/D,C/D,C/D,C,C,C,C/D,C,C/D,C/D,C,Não,Não,C/D,Não,Não,Não,Não,Não,Não,Não,Não,C,Não,Não,C/D,Não,Não,Não,Não,C/D,Não,C/D,C,C,Não,C/D,Não,Não,C/D,C/D,C/D,Não,C,C,C,C/D,C/D,Não,Não,C/D,C/D,C/D,Não,Não,Não,C/D,C/D,Não,C/D,Não,Não,Não,C/D,C,Não,Não,C/D,Não,C,C/D,C/D,C/D,C,Não,C/D,Não,Não,Não,C/D,Não,C/D,Não,Não,Não,C,C,C/D,Não,C/D,C/D,C/D,C,C/D,C/D,C,C/D,C/D,C/D,C/D,C/D,C/D,Não,C/D,C/D,C/D,C/D,C/D,Não,C/D,Não,Não,Não,Não,C/D,C,C,C,Não,C,C,C,C,C,C,C,C,C,C,C,C,Não,Não,C/D,Não,C,C,Não,C/D,Não,C,Não,C/D,C,Não,C/D,Não,Não,Não,Não,Não,C,C,Não,Não,Não,Não,C,C/D,Não,C,C/D,C,C/D,Não,Não,Não,Não,Não,Não,C,C/D,Não,Não,Não,Não,Não,Não,Não,C/D,C/D,Não,Não,Não,Não,C/D,Não,Não,Não,Não,Não,Não,Não,Não,Não,Não,Não,Não,C/D,Não,Não,Não,Não,Não,Não,Não,C/D,C/D,Não,C/D,Não,Não,C/D,Não,Não,Não,Não,Não,Não,Não,Não,Não,Não,Não,Não,C/D,Não,Não,Não,Não,Não,Não,C,C,C/D,C,C/D,C/D,C,C,C,C,C,C,C,C,C,C,C/D,C/D,C,Não,C,C,Não,C/D,Não,Não,Não,Não,C/D,Não,Não,BL01UK01PO020,UKPO020,594,19.8,2020,gb
R_3emkILUNzdvp3Iu,Female,University degree or equivalent,University degree or equivalent,5,95,0,NA,Portuguese;5;,English;95;,,30,70,0,NA,Portuguese,NA,10,6,0,NA,I regularly speak both Portuguese and English to my child,English,NA,1,10,NA,NA,I always (or almost always) speak English to my child,First,NA,1,NA,NA,0,Não,Não,C/D,C/D,C/D,C,Não,C/D,C/D,C/D,C/D,C/D,Não,Não,Não,Não,Não,C,C,Não,Não,Não,C,C,C/D,C,Não,C/D,C/D,C,Não,Não,C,C,Não,C/D,Não,Não,Não,Não,Não,C,Não,Não,Não,C,Não,Não,C/D,C,C,C,Não,C,Não,Não,C,C,C/D,C,C,Não,Não,Não,C,C,C/D,C/D,Não,Não,Não,Não,Não,Não,Não,Não,C/D,Não,Não,Não,Não,Não,C/D,Não,C,Não,Não,Não,C/D,C,C/D,C/D,Não,Não,Não,Não,C,Não,Não,C,C,Não,C,C,C,Não,Não,C/D,C,C,Não,C/D,C/D,Não,C,Não,Não,Não,C/D,Não,Não,Não,Não,C,Não,Não,C/D,Não,Não,C/D,C,C/D,Não,Não,Não,Não,C,Não,Não,Não,C/D,Não,Não,Não,Não,Não,Não,Não,Não,Não,Não,C,C,C,Não,Não,C/D,C/D,C,Não,Não,C,C,C,Não,Não,C,Não,C,Não,Não,Não,Não,Não,Não,Não,Não,Não,C,C,Não,C/D,C,Não,Não,Não,Não,Não,Não,Não,Não,Não,Não,Não,C,Não,Não,Não,Não,Não,Não,Não,Não,Não,Não,Não,C/D,Não,Não,Não,Não,C/D,Não,Não,Não,Não,Não,Não,C/D,Não,Não,Não,Não,Não,Não,Não,Não,C,Não,Não,Não,Não,C,Não,C/D,C/D,C,Não,Não,Não,Não,Não,C/D,Não,Não,Não,Não,Não,C/D,Não,Não,Não,C/D,Não,Não,Não,Não,Não,Não,Não,Não,Não,Não,Não,C,Não,Não,Não,Não,C,Não,Não,Não,Não,Não,Não,Não,Não,C,Não,Não,Não,Não,Não,Não,Não,Não,Não,C,Não,Não,C,Não,C/D,Não,Não,Não,Não,Não,Não,Não,Não,Não,Não,Não,Não,Não,C,C,Não,Não,Não,Não,Não,Não,Não,Não,Não,Não,Não,Não,Não,Não,Não,Não,Não,Não,Não,Não,Não,Não,Não,Não,Não,Não,Não,Não,Não,Não,Não,Não,Não,Não,Não,Não,Não,Não,Não,Não,Não,Não,Não,Não,Não,Não,Não,Não,Não,Não,Não,Não,Não,Não,Não,Não,Não,Não,Não,Não,Não,Não,Não,Não,Não,Não,C,Não,Não,Não,Não,Não,Não,Não,Não,Não,C/D,Não,Não,Não,Não,Não,Não,Não,Não,Não,Não,Não,Não,Não,Não,Não,Não,Não,Não,Não,Não,Não,Não,Não,Não,C/D,Não,Não,Não,Não,Não,Não,Não,BL01UK01PO021,UKPO021,614,20.46666667,2020,gb
R_3MQjsMUAWDKuVG2,Male,University degree or equivalent,University degree or equivalent,40,60,0,NA,Portuguese;40;,English;60;,,80,20,0,NA,Portuguese,NA,10,8,NA,NA,I always (or almost always) speak Portuguese to my child,Portuguese,NA,10,9,NA,NA,I always (or almost always) speak Portuguese to my child,First,NA,1,6,Always (or almost always) English,1,Não,C,C,C,C,Não,C,C,C,C/D,Não,C,C,Não,Não,C,Não,Não,C,C,Não,Não,Não,C,Não,Não,Não,C,C,C,Não,C,Não,Não,Não,Não,Não,Não,Não,Não,Não,Não,C,Não,Não,Não,Não,Não,Não,Não,C,C,Não,C,Não,Não,Não,Não,C,Não,Não,Não,C,Não,C,C,C,C,Não,Não,C,Não,Não,Não,C,C,Não,Não,C,Não,Não,Não,Não,C,C,C,Não,Não,C,C,Não,Não,Não,Não,Não,Não,Não,Não,Não,Não,Não,Não,Não,Não,Não,Não,Não,Não,C,Não,Não,Não,Não,Não,Não,Não,Não,Não,Não,Não,Não,Não,C,Não,Não,Não,Não,Não,Não,C,Não,Não,C,Não,Não,C,Não,Não,Não,Não,Não,C,C,Não,Não,Não,Não,Não,Não,Não,Não,Não,Não,C,Não,Não,C,C,Não,Não,Não,Não,Não,Não,C,Não,Não,Não,Não,Não,Não,C,Não,Não,Não,Não,Não,Não,Não,Não,Não,Não,Não,Não,Não,C,Não,C,Não,Não,Não,Não,Não,Não,C,C,Não,Não,Não,C,Não,Não,Não,Não,Não,Não,C,Não,Não,Não,Não,Não,Não,Não,Não,Não,Não,Não,C,C,Não,Não,Não,Não,Não,C,C,C,Não,Não,Não,Não,C/D,Não,Não,Não,C,Não,Não,Não,Não,Não,C,C,C,Não,Não,C,C,Não,C,Não,C,C,C,C,C,C,Não,Não,Não,Não,Não,Não,C,Não,Não,Não,Não,Não,Não,Não,Não,Não,Não,Não,Não,C,Não,Não,Não,C,Não,Não,Não,Não,Não,Não,C,Não,Não,Não,Não,C,Não,Não,Não,C,Não,Não,Não,Não,Não,Não,Não,Não,Não,Não,Não,Não,C,Não,Não,Não,Não,Não,Não,Não,Não,Não,Não,Não,Não,Não,Não,Não,Não,Não,Não,Não,Não,Não,Não,Não,Não,Não,Não,Não,Não,Não,Não,Não,Não,Não,Não,Não,Não,Não,Não,Não,Não,Não,Não,Não,Não,Não,Não,Não,Não,Não,Não,Não,Não,Não,Não,Não,Não,Não,Não,Não,Não,Não,Não,Não,Não,Não,Não,Não,Não,Não,Não,Não,Não,Não,Não,Não,Não,Não,Não,Não,Não,Não,Não,Não,Não,Não,Não,Não,C,Não,Não,Não,Não,Não,Não,Não,Não,C,Não,Não,Não,Não,Não,Não,Não,Não,Não,Não,BL01UK01PO022,UKPO022,464,15.46666667,2020,gb
R_3HvLWtY7Q4Xb3RC,Female,University degree or equivalent,University degree or equivalent,35,65,0,NA,Portuguese;35;,English;65;,,50,50,0,NA,Portuguese,NA,10,9,5,Italian,I always (or almost always) speak Portuguese to my child,English,NA,3,10,NA,NA,I always (or almost always) speak English to my child,First,NA,1,12,Always (or almost always) English,2,Não,Não,Não,Não,Não,Não,Não,Não,Não,Não,Não,Não,Não,Não,Não,Não,Não,Não,Não,Não,Não,Não,Não,Não,Não,Não,Não,Não,Não,Não,Não,Não,Não,Não,Não,Não,Não,Não,Não,Não,Não,Não,Não,Não,Não,Não,Não,Não,Não,Não,Não,Não,Não,Não,Não,Não,Não,Não,C,Não,Não,Não,Não,Não,C,Não,C,C,Não,Não,Não,Não,C,Não,Não,Não,Não,Não,Não,Não,Não,Não,Não,Não,Não,Não,Não,Não,Não,Não,Não,Não,Não,Não,Não,Não,Não,Não,Não,Não,Não,Não,Não,Não,Não,Não,Não,Não,C,Não,Não,Não,Não,Não,Não,Não,Não,Não,Não,Não,Não,Não,Não,Não,Não,Não,Não,Não,Não,Não,Não,Não,Não,Não,Não,Não,Não,Não,Não,Não,Não,Não,Não,Não,Não,Não,Não,Não,Não,Não,C,Não,C,Não,Não,Não,C,C,Não,Não,Não,Não,Não,Não,Não,Não,Não,Não,C,Não,Não,Não,Não,Não,Não,Não,Não,Não,Não,Não,Não,Não,Não,Não,Não,Não,Não,Não,Não,Não,Não,Não,Não,Não,Não,Não,Não,Não,Não,Não,Não,Não,Não,Não,Não,Não,Não,Não,Não,Não,Não,Não,Não,Não,Não,Não,Não,Não,Não,Não,Não,Não,Não,C,Não,C,C,C,Não,Não,Não,Não,C,Não,Não,Não,C,Não,Não,Não,Não,Não,Não,Não,C,Não,Não,Não,C,Não,Não,Não,C,C,C,C,C,Não,Não,C,Não,C,Não,Não,Não,Não,Não,Não,Não,Não,Não,Não,Não,Não,Não,Não,Não,Não,Não,Não,Não,Não,Não,Não,Não,Não,Não,Não,Não,Não,Não,Não,Não,Não,Não,Não,Não,Não,Não,Não,Não,Não,Não,Não,Não,Não,Não,Não,Não,Não,Não,Não,Não,Não,Não,Não,Não,Não,Não,Não,Não,Não,Não,Não,Não,Não,Não,Não,Não,Não,Não,Não,Não,Não,Não,C,Não,Não,Não,C,C,Não,Não,Não,Não,Não,Não,Não,C,C,Não,Não,Não,Não,Não,Não,Não,C,Não,Não,Não,Não,Não,Não,C,Não,Não,Não,C,Não,Não,Não,Não,C,C,C,Não,Não,Não,C,Não,Não,Não,Não,Não,Não,Não,C,C,C,C,C,C,C,C,C,Não,Não,Não,C,C,C,Não,Não,C,Não,Não,Não,C,Não,Não,Não,Não,Não,Não,Não,Não,Não,BL01UK01PO023,UKPO023,443,14.76666667,2020,gb
R_2tJWCSr48BgwjQk,Female,University degree or equivalent,University degree or equivalent,80,20,0,NA,Portuguese;80;,English;20;,,60,40,0,NA,Portuguese,NA,10,8,2,Spanish,I always (or almost always) speak English to my child,English,NA,1,10,NA,NA,I always (or almost always) speak English to my child,Second,NA,2,20,Always (or almost always) English,12,C/D,C/D,Não,C/D,C/D,C/D,C/D,C/D,C/D,C/D,C/D,C/D,C/D,C/D,C,C/D,C/D,Não,C/D,C/D,C/D,Não,C/D,C/D,C/D,C/D,C,C/D,C/D,C/D,C/D,C/D,C/D,C/D,C/D,C/D,C/D,C/D,Não,C/D,C/D,C/D,C/D,C/D,C/D,C/D,C,Não,C/D,C/D,C/D,Não,Não,C/D,Não,C/D,C/D,C/D,C/D,C/D,C/D,C,C/D,Não,C/D,C,C/D,C/D,C,C,C/D,C/D,C/D,C/D,C/D,C/D,C/D,C,C/D,C,C/D,C/D,C/D,C/D,C/D,C/D,C/D,C/D,C/D,C/D,C/D,C/D,C/D,C/D,Não,C/D,C/D,C/D,C/D,C/D,C/D,C,C/D,C/D,C/D,C/D,C/D,C/D,C/D,C/D,C/D,C/D,C/D,C/D,C,Não,C,C,C/D,C/D,Não,C,C/D,C/D,Não,Não,C/D,Não,Não,C/D,C/D,C/D,C/D,C/D,C,C/D,Não,C/D,Não,Não,C/D,C/D,C/D,C/D,C,C/D,Não,C,C/D,C,C/D,Não,C/D,C/D,C/D,C/D,C/D,C/D,C/D,C/D,C,C/D,C,C/D,C/D,C/D,C/D,C,C/D,C/D,Não,C,C,C,C/D,C,C/D,C,C/D,C/D,C/D,C/D,C/D,C/D,C/D,Não,C,C/D,Não,C,Não,C/D,C,C/D,C/D,C/D,C/D,C,C,C,C/D,C/D,C/D,C/D,Não,C/D,C/D,Não,Não,C/D,C/D,C/D,Não,Não,C/D,Não,C/D,C,C/D,C/D,C/D,C/D,Não,C,C/D,C/D,C,C/D,C,C,C/D,C/D,C/D,C/D,C/D,C/D,C/D,C/D,C/D,C/D,C,C,C/D,C/D,C/D,C/D,C/D,C/D,C/D,C/D,C/D,Não,C/D,C/D,C/D,C/D,C/D,C/D,C/D,C/D,C/D,C/D,C/D,C/D,C,C/D,C,C/D,C/D,C/D,Não,C/D,C/D,Não,C/D,Não,C/D,C/D,C/D,C/D,C,C,C/D,C/D,C,C/D,C/D,Não,C/D,Não,C/D,C/D,C/D,C/D,C/D,C,C/D,C/D,C,C,C,C/D,C/D,C,C/D,C/D,C,C,C,C,C/D,Não,C,C,C/D,C/D,C,C/D,C/D,Não,C/D,C/D,C,C/D,Não,C/D,C/D,C,C,C,C,Não,C,C/D,C/D,C/D,C/D,Não,C/D,Não,C/D,C,C/D,C/D,C/D,C,C/D,Não,Não,C/D,C,Não,Não,C,C/D,C/D,C,C/D,C,Não,Não,C/D,C/D,C/D,C/D,C,Não,C/D,C/D,C,Não,C/D,C/D,C,C/D,C/D,C/D,C,C/D,C/D,C,C/D,C/D,Não,C/D,Não,C/D,C,C/D,C/D,C/D,C/D,C/D,C,C/D,C/D,C/D,C/D,C,Não,C/D,C/D,Não,C/D,C/D,C,C/D,C/D,C/D,C,C/D,C,C/D,C,C,C/D,C/D,C/D,R_2tJWCSr48BgwjQk,R_2tJWCSr48BgwjQk,1132,37.73333333,2020,gb
R_3JvYdRjDwnnyfQW,Female,University degree or equivalent,University degree or equivalent,35,65,0,NA,Portuguese;35;,English;65;,,50,50,0,NA,Portuguese,NA,10,NA,NA,NA,I always (or almost always) speak Portuguese to my child,English,NA,NA,10,NA,NA,I always (or almost always) speak English to my child,First,NA,1,11,Always (or almost always) English,5,C,C/D,Não,C/D,C/D,C/D,C,C/D,C/D,Não,C,C/D,Não,C,Não,C,Não,Não,C/D,C,C,Não,Não,C,Não,C,Não,C,C,C,C,C,C,C,C,C,Não,C,Não,C,C,C,C,Não,Não,C,Não,C,C,C,C,Não,Não,C,Não,Não,Não,C,C/D,C,C,C,C,Não,C,Não,C/D,C,C,Não,C,C/D,Não,Não,Não,Não,Não,Não,C,Não,C,Não,C,C,C/D,Não,Não,Não,C/D,C/D,Não,Não,Não,Não,Não,C,C/D,Não,C,C,C,C,C,C,Não,Não,C,C,C,C,C,C,Não,Não,Não,C,C,Não,C,Não,Não,C,C,C,C,Não,C,C,Não,C,C,C,C,C,Não,C,Não,C,C,Não,C,C,C,Não,Não,Não,Não,C,C,Não,C,Não,C,C,Não,C,C,C/D,C,C,C,C,C,C,C,C,C,Não,C,Não,Não,C,Não,Não,Não,Não,C,Não,Não,Não,Não,C,C,Não,C,Não,C,C,Não,Não,Não,C,Não,C,C,C,C,Não,C,C,Não,C,C,C,Não,C,C,Não,Não,Não,Não,C,Não,Não,C,Não,C,Não,Não,Não,Não,Não,Não,Não,C,C,C,C/D,Não,Não,Não,Não,C/D,Não,C,C,C,Não,Não,Não,Não,Não,Não,Não,C,C,C,C,C/D,C,C,C,C,C,C,C,C,C,C,C,Não,Não,Não,Não,C,C,C,C,C,C,Não,C,C,Não,C,Não,C,C,C,C,C,C,C,Não,C,C,C,Não,C,Não,C,C,Não,C,C,C,C,C,C,Não,Não,Não,C,Não,C,C,C,C,C,C,C,C,C,C,C,C,C,C,Não,Não,C,C,C,C,Não,C,C,C,C,C,C,C,C,C,C,C/D,C,Não,C,C,C,Não,Não,Não,C,C,C,Não,C,C,Não,Não,Não,C,C,C,Não,C,C,Não,Não,C,C,C,C,Não,C,C,C,C,Não,C,Não,Não,Não,C,Não,Não,C,Não,Não,Não,Não,Não,Não,Não,Não,C,C,C,Não,C,C,C,C,C,Não,C,Não,C,C,C,Não,C,C,C,C,C,Não,Não,C/D,Não,C,Não,C,C,C,Não,BL01UK01PO024,UKPO024,584,19.46666667,2020,gb
R_1cSVYaX3bZD3acm,Male,University degree or equivalent,University degree or equivalent,25,75,0,NA,Portuguese;25;,English;75;,,50,50,0,NA,Portuguese,NA,10,9,NA,NA,I always (or almost always) speak Portuguese to my child,English,NA,5,10,0,NA,I always (or almost always) speak English to my child,First,NA,1,24,Always (or almost always) English,5,C/D,C/D,C/D,C/D,C/D,C/D,C/D,C/D,C/D,Não,C/D,C/D,C,C/D,C,C/D,Não,C,C,C,C,Não,C,C,C,C,C,C,C/D,C,C,C,C,C,C/D,C,Não,C,Não,C/D,C,C/D,C,C,C/D,C/D,Não,C,C,C,C,C,C,C/D,C,C,C/D,C,C/D,C,C,C,C,C,C,C,C/D,C/D,C,C,C,C/D,C/D,C,C,C,C/D,C,C,C,C,Não,C,C,C,C,Não,C/D,C/D,C/D,Não,Não,C,C,C,C,C,C,C,C/D,C/D,C,C/D,C/D,C,C,C,C/D,C/D,C,C,C/D,C,C,C,Não,C/D,Não,C,Não,C,Não,C,C,Não,Não,C,Não,Não,C/D,C,C,C/D,Não,C,C,Não,C,C,Não,C,C/D,C/D,C,Não,Não,Não,C,C,Não,C,C,C/D,C,C,C/D,C/D,C/D,C,C,C,C/D,C,C,C/D,C,C/D,C,C/D,C,Não,Não,Não,Não,C/D,Não,C,C,C/D,C/D,C,C,C/D,C,Não,Não,C,C,Não,C,Não,C,Não,C,C,Não,C/D,Não,C,C,C,Não,C,C,Não,C,C/D,C,Não,Não,Não,C,C,C,C,C,C,C,C,C,C,C,C,Não,C,C/D,C/D,C/D,C,C,C,C,C/D,Não,C,C,C/D,C,C,Não,Não,Não,C/D,C/D,C/D,C,C,C/D,C/D,C,C,C,C/D,C/D,C/D,C/D,C,C,C,C/D,C/D,C/D,C,Não,C,C/D,C/D,C,C,C,C/D,C/D,Não,Não,Não,Não,C/D,C,C,C,C/D,Não,C,C,C,C,C,Não,C,Não,C,C/D,C,C,C/D,C,C,C,C,Não,Não,C,C,C,C,C,C/D,C,Não,Não,C,Não,C,C,C,C,C/D,C,C/D,Não,C/D,Não,Não,C,Não,Não,C/D,C,C,C,Não,C,Não,C,C,C/D,C/D,C,C/D,C,C/D,C,C,Não,C,C,C,Não,Não,C,C/D,C,C,C,Não,C,Não,C,C,C,C,C,C,C,C/D,C,Não,C,C,C,Não,C/D,C/D,C/D,C,C/D,Não,Não,C,Não,Não,C/D,C,C,C,C,C,C,C/D,C/D,C/D,C,C/D,C,Não,Não,C,C,C,C,C/D,C/D,Não,C/D,C,C,Não,C,C,Não,C/D,Não,C,Não,C,C,Não,C/D,BL01UK01PO025,UKPO025,774,25.8,2020,gb
R_O1FszIRQZCohAe5,Female,University degree or equivalent,University degree or equivalent,40,60,0,NA,Portuguese;40;,English;60;,,80,20,0,NA,Portuguese,NA,10,8,NA,NA,I always (or almost always) speak Portuguese to my child,Portuguese,NA,10,7,0,NA,I always (or almost always) speak Portuguese to my child,First,NA,1,13,Always (or almost always) English,0,C/D,C/D,C/D,C/D,C/D,C,C,C/D,C/D,C/D,C/D,C/D,C/D,C,C,C,C,C,C,C,C,C,C,C/D,C/D,C,Não,C,C/D,C,C/D,C,C,C/D,C/D,C/D,Não,C/D,C,C,C,C/D,C,C,C,C,Não,C/D,C/D,C/D,C,C/D,C,Não,C,C,C,C,C/D,C,C,C,C,Não,C/D,C,C/D,C/D,Não,Não,C,C,Não,C/D,C/D,C,Não,Não,C,C/D,Não,Não,C,C,C,Não,C/D,C/D,C/D,C/D,C/D,C/D,C/D,Não,Não,C,C/D,C,C,C/D,C/D,C,C,C,C,C,C,C/D,C/D,C/D,C,C/D,C,C/D,C,Não,C,C,C,Não,C,Não,C/D,C,C,Não,C,Não,C,C/D,C/D,C,C/D,C,C,C,C,C,C,Não,C/D,C,C/D,C/D,C,C,Não,C,C,C,C/D,C/D,C/D,C,C/D,C/D,C,C/D,C/D,C,C/D,C/D,C,C/D,C,C,C,Não,C,C,Não,C,Não,Não,C/D,Não,Não,Não,C/D,C,C,Não,C/D,Não,C,C,C/D,C,Não,C,C,C,Não,Não,C/D,Não,C/D,Não,C,C,C,C,C/D,C,Não,C/D,C/D,C,C,C,Não,C/D,C,C,C/D,Não,Não,C,C/D,C,C,C,Não,C,C/D,C/D,C/D,C,C,Não,Não,Não,C/D,C,C,C,C/D,Não,Não,C,Não,Não,C/D,C/D,C/D,C/D,C,C,C/D,C,C,C,C/D,C/D,C,C,C,C,C,C,C/D,C,C/D,Não,C/D,C/D,C/D,C,C/D,C,C,C/D,Não,Não,Não,C,C,C,C,C/D,C,C/D,C,C,C,C,Não,Não,C,Não,C/D,C,Não,C/D,C,C/D,C,C,Não,C,C,C,C,C,C,C,C,C,C,C,C,Não,C,C,Não,C,C,C,C/D,Não,C,Não,C,C,Não,Não,C/D,C,C,C,Não,C,C,C,C/D,C/D,C,C,C/D,Não,C/D,C,C,C,C,C,C,C,C,C,C,C,C,C,Não,C,Não,C,C,Não,Não,Não,C,C,C,C,C,C/D,C,C,Não,C/D,C,Não,C,C,Não,Não,C,C,C/D,C,Não,Não,Não,Não,Não,C,C/D,C,C,C,C/D,C,C,C,Não,C,Não,C,C,C/D,Não,C,C/D,C,C/D,C,C,Não,C/D,Não,C,Não,Não,C,C/D,C,BL01UK01PO026,UKPO026,576,19.2,2020,gb
R_XLqb5AZ0wIFuVuF,Female,University degree or equivalent,University degree or equivalent,60,40,0,NA,Portuguese;60;,English;40;,,80,20,0,NA,Portuguese,NA,10,9,NA,NA,I regularly speak both Portuguese and English to my child,Portuguese,NA,10,9,NA,NA,I regularly speak both Portuguese and English to my child,Second,NA,2,NA,NA,4,C/D,C/D,C/D,C/D,C/D,C/D,C/D,C/D,C/D,C/D,C/D,C/D,C/D,C/D,C,C/D,Não,Não,C/D,C,C,Não,Não,C/D,C,C,Não,C/D,C/D,C/D,C/D,C/D,C/D,C,C/D,C/D,Não,C/D,Não,C/D,C/D,C,C/D,C/D,C/D,C/D,Não,C,C,Não,C,Não,C,C/D,Não,C,Não,C/D,C/D,C,C/D,C/D,C,C/D,C,C,C/D,C/D,C/D,Não,C/D,C/D,C/D,C/D,C/D,Não,Não,Não,Não,C,C/D,C/D,C/D,C/D,C/D,C/D,C/D,C/D,C/D,C/D,C/D,C/D,C/D,C/D,C,C/D,C/D,C,C/D,C/D,C/D,C/D,C/D,Não,C/D,Não,C/D,C/D,C/D,C/D,C,C/D,C/D,C/D,C/D,Não,C/D,Não,C/D,Não,Não,C/D,C/D,C/D,Não,Não,C/D,Não,Não,C/D,C/D,C/D,C/D,C/D,C/D,C/D,Não,C,Não,Não,C/D,C,C,C,C,Não,Não,Não,Não,Não,C,C,C/D,C,Não,Não,C/D,C/D,C/D,Não,C,C/D,C,C/D,Não,C,C/D,Não,C/D,C,Não,C,Não,Não,C/D,Não,Não,Não,C,Não,C/D,C/D,C/D,Não,C,C,Não,Não,Não,Não,Não,C,Não,C/D,C/D,C/D,C/D,Não,Não,C/D,Não,Não,Não,Não,Não,C/D,C/D,C,Não,C,C/D,C/D,Não,Não,C/D,Não,Não,Não,C,Não,Não,C,Não,Não,C/D,C/D,C/D,C/D,Não,Não,Não,C/D,C/D,C/D,C/D,C/D,C/D,Não,C/D,Não,Não,Não,Não,C/D,C/D,Não,C/D,C/D,C/D,C/D,Não,Não,C/D,C/D,Não,C/D,C/D,C/D,C,C/D,C/D,C/D,C,C,C,C/D,Não,C,Não,C,Não,C/D,C,Não,C,Não,C,C,C,C/D,C/D,C,C,C,C,C,C,C,C,Não,Não,C,Não,C/D,C/D,C,Não,C,Não,C,C,C,Não,C,C/D,C/D,C,C/D,Não,Não,C/D,Não,C,C,C,Não,C/D,C,C,Não,C,C/D,Não,C/D,Não,C/D,C/D,Não,C,Não,C,Não,Não,Não,C/D,C,C/D,Não,C/D,C,C,C,C,Não,C/D,C,C/D,Não,Não,Não,C,Não,Não,C,C,C/D,Não,C/D,C/D,Não,Não,C/D,Não,C/D,C/D,Não,Não,C/D,C/D,Não,Não,C/D,C/D,Não,Não,C/D,Não,Não,Não,Não,Não,C,Não,Não,Não,Não,C,C,C,C,C/D,C/D,C/D,C,Não,Não,C/D,C/D,C/D,C/D,C/D,C/D,Não,C/D,C/D,C,C/D,C,C,C,C/D,C/D,C/D,Não,C/D,C/D,C/D,C/D,R_XLqb5AZ0wIFuVuF,R_XLqb5AZ0wIFuVuF,994,33.13333333,2020,gb
R_2s7PafE83MRmYG1,Female,University degree or equivalent,University degree or equivalent,75,15,10,Spanish,Portuguese;75;,English;15;,Spanish;10;,75,15,10,Spanish,Portuguese,NA,9,9,8,NA,I always (or almost always) speak Portuguese to my child,Other(s),Spanish,1,9,10,Spanish Native,I regularly speak a mix of Portuguese / English / other languages to my child,First,NA,1,NA,NA,NA,C,C/D,C/D,Não,C,C,C,C,C/D,C,C/D,C,Não,C,Não,C,Não,Não,C,Não,Não,Não,Não,Não,Não,C,Não,Não,C,Não,Não,C,Não,Não,C,Não,Não,Não,Não,C,Não,C,Não,Não,Não,C,Não,Não,Não,Não,Não,Não,Não,C,Não,Não,Não,C,C,Não,Não,C,Não,Não,C,Não,C,C,Não,Não,Não,Não,Não,Não,Não,Não,Não,Não,Não,Não,Não,Não,Não,C,Não,Não,Não,Não,C,C,Não,Não,Não,Não,Não,Não,Não,C,Não,C,Não,C,Não,Não,C,Não,Não,Não,C,Não,C,Não,Não,Não,Não,Não,Não,Não,Não,Não,Não,Não,C,Não,Não,Não,Não,Não,Não,Não,Não,Não,C,Não,Não,Não,Não,Não,Não,Não,Não,C,Não,Não,Não,Não,Não,Não,Não,Não,Não,Não,Não,C,C,Não,Não,C,C,Não,Não,C,Não,Não,Não,Não,Não,Não,C,Não,Não,Não,Não,Não,Não,Não,Não,Não,C,Não,Não,Não,Não,Não,Não,Não,Não,Não,Não,Não,Não,Não,Não,Não,Não,Não,C,Não,Não,Não,Não,Não,Não,Não,Não,Não,Não,Não,Não,Não,Não,Não,Não,Não,Não,Não,Não,Não,Não,Não,Não,Não,Não,Não,Não,Não,Não,Não,Não,Não,C,Não,C/D,Não,Não,Não,C/D,Não,Não,Não,Não,Não,Não,Não,C,C,C,C,C,Não,C,Não,Não,C,Não,C,C,Não,C,Não,Não,C,Não,Não,C,Não,Não,Não,Não,Não,Não,Não,Não,Não,Não,Não,Não,Não,Não,C,Não,Não,Não,Não,Não,Não,Não,Não,C,Não,Não,Não,Não,C,Não,Não,Não,Não,Não,Não,Não,Não,Não,Não,Não,Não,Não,Não,C,Não,Não,Não,Não,Não,Não,Não,Não,Não,Não,Não,Não,Não,Não,Não,Não,Não,C,C,Não,C,Não,Não,Não,Não,Não,C,Não,Não,Não,Não,Não,Não,Não,Não,Não,Não,C,Não,Não,Não,Não,Não,Não,Não,Não,Não,Não,Não,Não,Não,Não,Não,Não,Não,Não,Não,Não,C,Não,Não,Não,Não,Não,Não,Não,Não,Não,Não,Não,Não,Não,Não,Não,Não,Não,Não,Não,Não,Não,Não,Não,Não,Não,Não,C,C,Não,C,Não,Não,Não,Não,Não,Não,Não,Não,Não,Não,Não,Não,Não,Não,Não,Não,Não,C,Não,Não,R_2s7PafE83MRmYG1,R_2s7PafE83MRmYG1,411,13.7,2020,gb
R_3RbhNfaHtiEnZOp,Male,University degree or equivalent,University degree or equivalent,20,80,0,NA,Portuguese;20;,English;80;,,40,60,0,NA,English,NA,1,10,NA,NA,I always (or almost always) speak English to my child,Portuguese,NA,10,9,NA,NA,I regularly speak both Portuguese and English to my child,First,NA,1,12,Always (or almost always) English,2,Não,Não,Não,Não,Não,Não,Não,C/D,Não,Não,Não,Não,Não,Não,Não,Não,Não,Não,C,Não,Não,Não,Não,Não,Não,Não,Não,Não,C,Não,Não,Não,Não,Não,Não,Não,Não,Não,Não,Não,Não,Não,Não,Não,Não,Não,Não,Não,Não,Não,Não,Não,Não,Não,Não,Não,Não,Não,C,Não,Não,Não,Não,Não,Não,Não,C/D,Não,Não,Não,Não,Não,Não,Não,Não,Não,Não,Não,Não,Não,Não,Não,Não,Não,Não,Não,Não,Não,Não,Não,Não,Não,Não,Não,Não,Não,Não,Não,Não,Não,Não,Não,Não,Não,Não,Não,Não,Não,Não,Não,Não,Não,Não,Não,Não,Não,Não,Não,Não,Não,Não,Não,Não,Não,Não,Não,Não,Não,Não,Não,Não,Não,Não,Não,Não,Não,Não,Não,Não,Não,Não,Não,Não,Não,Não,Não,Não,Não,Não,Não,Não,Não,Não,Não,Não,Não,Não,C/D,Não,Não,Não,Não,Não,Não,Não,Não,Não,Não,Não,Não,Não,Não,Não,Não,Não,Não,Não,Não,Não,Não,Não,Não,Não,Não,Não,Não,Não,Não,Não,Não,Não,Não,Não,Não,Não,Não,Não,Não,Não,Não,Não,Não,Não,Não,Não,Não,Não,Não,Não,Não,Não,Não,Não,Não,Não,Não,Não,Não,Não,Não,Não,Não,Não,Não,Não,C,C,C,Não,Não,Não,Não,C,Não,Não,Não,C,Não,Não,Não,Não,Não,Não,Não,C,Não,C,Não,Não,Não,Não,Não,C/D,Não,Não,C,Não,Não,Não,Não,Não,C,Não,Não,Não,Não,Não,Não,Não,Não,Não,C,Não,Não,Não,Não,Não,Não,Não,Não,Não,Não,Não,Não,Não,Não,Não,Não,Não,Não,Não,Não,Não,Não,Não,Não,Não,Não,Não,Não,Não,Não,Não,Não,Não,Não,Não,Não,Não,Não,Não,Não,Não,Não,Não,Não,Não,Não,Não,Não,Não,Não,Não,Não,Não,Não,Não,Não,Não,Não,Não,Não,Não,Não,Não,Não,Não,Não,Não,Não,Não,Não,Não,Não,Não,Não,Não,Não,Não,Não,Não,Não,Não,Não,Não,Não,Não,Não,Não,Não,Não,Não,Não,Não,Não,Não,Não,Não,Não,Não,Não,Não,Não,Não,Não,Não,Não,Não,Não,Não,Não,Não,Não,Não,Não,Não,Não,Não,Não,Não,Não,Não,Não,Não,Não,Não,Não,Não,Não,Não,Não,Não,Não,Não,Não,Não,Não,Não,Não,Não,Não,Não,Não,Não,Não,Não,Não,Não,R_3RbhNfaHtiEnZOp,R_3RbhNfaHtiEnZOp,439,14.63333333,2020,gb
R_1HdvU4MZshB8W2B,Male,University degree or equivalent,No qualifications,98,2,0,NA,Portuguese;98;,English;2;,,100,0,0,NA,Portuguese,NA,10,8,NA,NA,I always (or almost always) speak Portuguese to my child,Portuguese,NA,10,2,0,NA,I always (or almost always) speak Portuguese to my child,First,NA,1,NA,NA,NA,C/D,C/D,C/D,Não,C/D,C/D,C/D,C/D,C/D,Não,Não,C/D,Não,C,C/D,Não,Não,C,C,C,Não,Não,C,C,Não,C,Não,C/D,C/D,C,C/D,C/D,Não,C/D,C/D,C/D,Não,C/D,Não,C/D,Não,C,Não,C,Não,C,Não,C/D,C/D,C/D,C,C/D,Não,C/D,C/D,C/D,C/D,C,C/D,Não,Não,C,C,Não,C,C,C/D,C/D,C/D,Não,C,C/D,Não,C/D,Não,Não,C/D,C/D,Não,C/D,Não,Não,Não,C/D,Não,Não,Não,C/D,C/D,C/D,C/D,C/D,C/D,Não,Não,C/D,C/D,C/D,C/D,C/D,C/D,C/D,C/D,C/D,C/D,Não,C/D,C/D,C/D,C/D,Não,C/D,C,C,C,Não,Não,Não,C,Não,C,Não,Não,Não,Não,Não,C,Não,Não,C/D,C,C,C/D,Não,Não,Não,Não,Não,Não,Não,C/D,C,C,C,C,C,C,Não,Não,Não,Não,Não,C,C/D,C/D,C/D,C/D,C/D,C,Não,Não,C/D,C/D,C/D,C/D,C,Não,Não,C,C,Não,C,Não,Não,Não,Não,C,C,C/D,Não,Não,Não,C/D,C/D,C,Não,C,Não,Não,Não,Não,C/D,Não,Não,C/D,Não,C,Não,Não,Não,Não,Não,Não,C,Não,C/D,C/D,Não,Não,Não,C/D,Não,Não,Não,C/D,Não,Não,Não,Não,Não,Não,Não,Não,C,C,C/D,C/D,C/D,C/D,Não,C,Não,C/D,Não,C/D,C/D,C/D,Não,C/D,Não,Não,Não,C/D,C/D,C/D,C,C,C/D,C,C,Não,C,C/D,Não,C/D,C/D,Não,C/D,Não,C,Não,C,C,Não,C,C,C,Não,C,Não,C,C,C,Não,C,Não,C,C,C,C,C/D,Não,C,C/D,C,C/D,C,C,C,Não,C,C,Não,C,C/D,C,C,C/D,C,C,Não,C,C,Não,C/D,C,C,C,Não,Não,C,Não,C,C,Não,C,C,Não,C,Não,C,Não,Não,C/D,Não,C/D,C,C,C,C,Não,Não,C,Não,C,C/D,Não,Não,Não,C,C,C,Não,Não,C,C,C,Não,Não,C,C/D,Não,Não,C,Não,C/D,Não,C,C,Não,Não,Não,C,Não,C,Não,Não,C,Não,Não,Não,Não,Não,Não,Não,Não,Não,Não,Não,Não,Não,Não,Não,Não,Não,Não,Não,Não,C,Não,C,C,C,Não,Não,Não,Não,Não,C/D,C,C/D,C/D,Não,C/D,C,C,C,C,C/D,Não,Não,Não,Não,Não,Não,Não,Não,Não,R_1HdvU4MZshB8W2B,R_1HdvU4MZshB8W2B,1175,39.16666667,2020,gb
R_1OlY2eIKnudMS0r,Female,University degree or equivalent,University degree or equivalent,20,80,0,NA,Portuguese;20;,English;80;,,40,60,0,NA,Portuguese,NA,10,10,0,NA,I always (or almost always) speak Portuguese to my child,English,NA,2,10,NA,NA,I regularly speak a mix of Portuguese / English / other languages to my child,First,NA,1,9,Always (or almost always) English,0,C,C/D,C,Não,C,Não,C,C,C,C/D,C,C/D,Não,Não,Não,Não,Não,Não,C,Não,Não,Não,Não,Não,Não,Não,Não,Não,Não,Não,Não,Não,Não,C,Não,Não,Não,Não,Não,Não,Não,Não,Não,Não,Não,C,Não,Não,Não,C,Não,Não,Não,Não,Não,Não,Não,C,C,C,Não,Não,Não,Não,C,Não,C/D,Não,Não,Não,Não,Não,Não,Não,Não,Não,Não,Não,Não,Não,Não,Não,Não,Não,Não,Não,Não,Não,Não,C,Não,Não,Não,Não,Não,C,C,Não,Não,C,Não,Não,C,Não,Não,Não,Não,C,Não,C,Não,C,Não,Não,Não,Não,Não,Não,Não,Não,Não,Não,Não,Não,Não,Não,C,Não,Não,C,Não,Não,C,Não,Não,Não,Não,Não,Não,Não,C,Não,C,Não,Não,Não,Não,Não,Não,Não,C,Não,Não,Não,Não,Não,C,C/D,Não,Não,Não,Não,Não,Não,Não,Não,Não,Não,C,Não,Não,Não,Não,Não,Não,Não,Não,Não,Não,Não,Não,Não,Não,Não,Não,Não,Não,C,C,C,C,C,Não,C/D,C,C,C,Não,Não,C,Não,Não,C,Não,Não,Não,C,Não,Não,C,Não,Não,Não,Não,C,Não,Não,Não,C,Não,Não,Não,Não,Não,Não,Não,Não,C/D,Não,Não,Não,Não,Não,Não,Não,Não,C,Não,Não,Não,Não,Não,C,Não,C,Não,C,Não,C/D,C,Não,Não,C/D,Não,Não,C/D,Não,C,Não,Não,Não,C,Não,Não,C,Não,C,Não,Não,Não,Não,C,C,Não,Não,Não,Não,C,Não,Não,C,Não,Não,Não,Não,Não,C,Não,C,Não,Não,Não,Não,C,Não,Não,Não,C,Não,Não,Não,Não,Não,Não,C,Não,Não,C,Não,C,C,Não,Não,Não,Não,C,Não,Não,C,Não,Não,Não,Não,Não,Não,Não,C,Não,C,Não,Não,Não,C,Não,Não,C,Não,Não,Não,Não,C,Não,Não,Não,Não,Não,Não,Não,Não,Não,Não,Não,Não,Não,Não,Não,Não,Não,Não,Não,Não,Não,Não,Não,Não,Não,Não,Não,Não,Não,Não,Não,Não,Não,Não,Não,Não,Não,Não,Não,Não,Não,Não,Não,Não,Não,Não,Não,Não,Não,Não,Não,Não,Não,Não,Não,Não,Não,C,Não,Não,Não,Não,Não,Não,Não,Não,Não,Não,C/D,Não,Não,Não,Não,Não,Não,Não,Não,R_1OlY2eIKnudMS0r,R_1OlY2eIKnudMS0r,359,11.96666667,2020,gb
R_3nUiakL5vPFH5ae,Male,University degree or equivalent,University degree or equivalent,20,80,0,NA,Portuguese;20;,English;80;,,40,60,0,NA,Portuguese,NA,10,9,NA,NA,I regularly speak both Portuguese and English to my child,English,NA,5,10,NA,NA,I always (or almost always) speak English to my child,First,NA,1,NA,NA,2,C/D,Não,C/D,Não,C/D,Não,C/D,C,C/D,C/D,Não,C,Não,Não,Não,Não,Não,C,Não,C,Não,Não,Não,Não,Não,Não,Não,Não,Não,Não,Não,Não,Não,C,Não,C,Não,Não,Não,Não,Não,Não,Não,Não,Não,Não,Não,Não,Não,Não,Não,Não,Não,Não,Não,Não,Não,Não,C,Não,Não,Não,Não,Não,C,Não,C,Não,Não,Não,Não,Não,Não,Não,Não,Não,Não,Não,Não,Não,Não,Não,Não,Não,Não,Não,Não,Não,Não,Não,Não,Não,Não,Não,Não,Não,Não,Não,Não,Não,Não,Não,Não,Não,Não,Não,Não,Não,Não,Não,Não,Não,Não,Não,Não,Não,Não,Não,Não,Não,Não,Não,Não,Não,Não,Não,Não,Não,Não,Não,Não,Não,Não,Não,Não,Não,Não,Não,Não,Não,Não,Não,Não,Não,Não,Não,Não,Não,Não,Não,Não,Não,Não,Não,Não,Não,Não,C,Não,Não,Não,Não,Não,Não,Não,Não,Não,Não,Não,Não,Não,Não,Não,Não,Não,Não,Não,Não,Não,Não,Não,Não,Não,Não,Não,Não,Não,Não,Não,Não,Não,Não,Não,Não,Não,Não,Não,Não,Não,Não,Não,Não,Não,Não,Não,Não,Não,Não,Não,Não,Não,Não,Não,Não,Não,Não,Não,Não,Não,Não,Não,Não,Não,C,Não,C,Não,Não,Não,Não,Não,Não,C/D,Não,Não,Não,C/D,Não,Não,Não,Não,Não,Não,Não,Não,Não,Não,Não,C,C,Não,Não,C/D,Não,C,Não,C/D,C/D,Não,Não,Não,C,Não,Não,C,Não,Não,Não,Não,Não,Não,Não,Não,Não,Não,Não,Não,Não,C/D,Não,Não,Não,Não,Não,Não,Não,Não,Não,C,Não,Não,Não,Não,Não,Não,Não,Não,C,Não,Não,Não,Não,Não,Não,Não,Não,Não,Não,Não,Não,Não,Não,C,Não,Não,Não,Não,Não,Não,Não,Não,Não,Não,Não,Não,Não,Não,Não,Não,Não,Não,Não,Não,Não,Não,Não,Não,Não,Não,Não,Não,C,Não,Não,C,Não,Não,Não,Não,Não,C,Não,Não,Não,Não,C,Não,Não,Não,Não,Não,Não,Não,Não,C,Não,Não,Não,Não,Não,Não,Não,Não,Não,Não,Não,Não,Não,Não,Não,Não,Não,Não,Não,Não,Não,Não,Não,Não,Não,Não,Não,Não,Não,Não,Não,Não,Não,Não,Não,Não,Não,Não,C,Não,Não,Não,Não,Não,Não,Não,Não,Não,Não,Não,Não,Não,Não,BL01UK01PO030,UKPO030,582,19.4,2021,gb
R_29v7bH6JYz4l31s,Male,University degree or equivalent,University degree or equivalent,70,30,0,NA,Portuguese;70;,English;30;,,100,0,0,NA,Portuguese,NA,10,7,8,Spanish,I regularly speak both Portuguese and English to my child,Other(s),Polish,2,8,10,Polish,I always (or almost always) speak English to my child,First,NA,1,NA,NA,5,C/D,C/D,C/D,C/D,C/D,C/D,C/D,C/D,C/D,C/D,C/D,C/D,C/D,C/D,C/D,C,C/D,C/D,C,C/D,C/D,C/D,C/D,C/D,C/D,C/D,C/D,C/D,C/D,C/D,C/D,C/D,C/D,C/D,C/D,C/D,C/D,C/D,C/D,C/D,C/D,C/D,C/D,C/D,C/D,C/D,C/D,Não,C/D,C/D,C/D,C/D,C/D,C/D,C/D,C/D,C/D,C/D,C/D,C/D,C/D,C/D,C/D,C/D,C/D,C/D,C/D,C/D,C/D,C/D,C/D,C/D,C/D,C/D,C/D,C/D,C/D,C/D,C/D,C/D,C/D,C/D,C/D,C/D,C/D,C,C/D,C/D,C/D,C/D,C/D,C/D,C/D,Não,C/D,C/D,C/D,C/D,C/D,C/D,C/D,C/D,C/D,C/D,C/D,C/D,C/D,C/D,C,C/D,C/D,C/D,C/D,C/D,C/D,Não,C/D,C/D,C/D,C/D,C/D,C/D,C/D,C/D,C/D,C/D,C/D,C/D,C/D,C/D,C/D,C/D,C/D,C/D,C/D,C/D,C/D,C/D,C/D,C/D,C/D,C/D,C/D,C/D,C/D,Não,C/D,C/D,C/D,C/D,C/D,C/D,C/D,C/D,C/D,C/D,C/D,C/D,C/D,C/D,Não,C/D,C/D,C/D,C/D,C/D,C/D,C/D,C/D,C/D,C/D,C/D,C/D,C/D,C/D,C/D,C/D,C/D,C/D,C/D,C/D,C/D,C/D,C/D,C/D,C/D,C/D,C/D,Não,C/D,C/D,C/D,Não,Não,C/D,C/D,C/D,C/D,C/D,C/D,C/D,C/D,C/D,C/D,C/D,C/D,C/D,C/D,C/D,C/D,C/D,C/D,C/D,C/D,C/D,C/D,C/D,C/D,C/D,C/D,C/D,C/D,C/D,C/D,C/D,C/D,C/D,C/D,C/D,C/D,C,C/D,C/D,C/D,C/D,C/D,C,C/D,C/D,C/D,C/D,C/D,C/D,C/D,C/D,C/D,C/D,C/D,C/D,C/D,C/D,C/D,C/D,C/D,C/D,C/D,C/D,C/D,Não,C/D,C/D,C/D,C/D,C/D,C/D,C/D,C/D,C,C/D,C/D,C/D,C/D,C/D,C/D,C/D,Não,C/D,C/D,C/D,C/D,C/D,C/D,C/D,C/D,C/D,C/D,C/D,C/D,C/D,Não,C/D,C/D,C/D,C/D,C/D,C/D,C/D,C/D,C/D,C/D,C/D,C/D,C/D,C/D,C/D,C/D,C/D,C/D,C/D,C/D,C/D,C/D,C/D,C/D,C/D,C/D,C/D,C/D,C/D,Não,C/D,C/D,C/D,C/D,Não,C/D,C/D,C/D,C/D,C/D,C,C/D,C/D,C/D,C/D,C/D,C/D,C/D,C/D,C/D,C/D,C/D,C/D,C/D,C/D,C/D,C/D,C/D,C/D,C/D,C/D,C/D,C/D,C/D,C/D,C/D,Não,C/D,C/D,C/D,Não,C/D,C/D,C/D,C/D,C/D,C/D,C/D,C/D,C/D,C/D,C/D,C/D,C/D,C/D,C/D,C/D,C/D,C/D,C/D,C/D,C/D,C/D,C/D,C/D,C/D,C/D,C/D,C/D,C/D,C/D,C/D,C/D,C/D,C/D,C/D,C/D,C/D,C,C/D,C/D,C/D,C/D,C,C/D,C/D,C/D,C/D,C/D,C/D,C/D,C/D,C/D,C/D,C/D,C/D,C/D,C/D,BL01UK01PO031,UKPO031,829,27.63333333,2021,gb
R_Wx2drlMerieN8TD,Female,Left school at 16 with GCSE or equivalent,No qualifications,70,20,10,Italian,Portuguese;70;,English;20;,Italian;10;,100,0,0,NA,Portuguese,NA,9,5,7,Italian ,I always (or almost always) speak Portuguese to my child,Portuguese,NA,9,2,NA,NA,I always (or almost always) speak Portuguese to my child,First,NA,1,NA,NA,1,C/D,C/D,Não,Não,C/D,C/D,C/D,C/D,C/D,C/D,C/D,C/D,Não,C,Não,Não,Não,C/D,Não,Não,C/D,Não,Não,Não,Não,C/D,Não,C/D,Não,Não,C,Não,C,Não,Não,C/D,Não,Não,Não,C,Não,Não,Não,Não,Não,C,Não,Não,C,C,C,C,Não,Não,Não,Não,Não,C/D,C/D,C/D,C,C,C,C,C,C,C/D,C/D,Não,C,C,C,Não,Não,Não,Não,Não,Não,Não,Não,C/D,Não,C/D,Não,C/D,Não,Não,Não,C,Não,C/D,Não,Não,Não,Não,C,C/D,C,C,C/D,C,C,C/D,C/D,C/D,C/D,C/D,C/D,C/D,C,C,C/D,C,C,C,Não,Não,Não,C,Não,Não,Não,Não,Não,Não,Não,C,Não,Não,C/D,Não,Não,C,Não,Não,C,Não,Não,Não,Não,C,C,C,C,C,C,Não,Não,Não,Não,Não,Não,C,Não,Não,Não,C,C,C,Não,Não,Não,C,C,Não,Não,C/D,Não,C/D,Não,Não,Não,Não,Não,Não,Não,Não,Não,Não,Não,C,Não,Não,Não,C,C,C,Não,Não,Não,Não,C,Não,Não,Não,Não,Não,Não,Não,C,Não,C,Não,Não,Não,C,Não,C/D,Não,Não,Não,C,C,Não,Não,Não,Não,C,C,Não,Não,C,C,C,Não,C/D,C/D,C/D,C,C,C,C,C/D,Não,C,C,C/D,Não,Não,Não,Não,Não,C/D,C/D,C/D,C,C,C,C/D,Não,Não,Não,C/D,C/D,C,C,C,C,C,C,Não,C/D,Não,Não,C,C,C/D,C/D,C/D,C/D,C,C,Não,Não,C,Não,C,C,C/D,C,C,C,C,Não,C,C,C,C,C,Não,C,C,C,C,Não,Não,Não,C,Não,Não,C,Não,Não,C,Não,Não,Não,Não,Não,C,C,Não,C,C,Não,C,Não,Não,C,Não,Não,Não,Não,Não,Não,C,Não,C,Não,C,C,C,C,C,C,C/D,Não,Não,Não,Não,Não,Não,C,C,C,C,Não,Não,Não,Não,Não,Não,Não,C,Não,C,Não,C,Não,Não,Não,Não,Não,Não,C,Não,Não,C,Não,Não,Não,Não,Não,Não,C,C,Não,C,C,C,C,C,C,Não,Não,Não,Não,Não,C/D,C/D,C,C/D,C,C,C,C,C,C,C/D,Não,C/D,C/D,Não,Não,C,Não,Não,C,C,Não,Não,Não,Não,Não,Não,C,Não,Não,BL01UK01PO032,UKPO032,742,24.73333333,2021,gb
R_3PpOyyk71D7CVkh,Male,University degree or equivalent,University degree or equivalent,60,40,0,NA,Portuguese;60;,English;40;,,90,10,0,NA,Portuguese,NA,10,8,10,Spanish,I always (or almost always) speak Portuguese to my child,Portuguese,NA,10,9,7,Italian,I always (or almost always) speak Portuguese to my child,Second,NA,2,NA,NA,1,C/D,C/D,C/D,C/D,C/D,C/D,C/D,C/D,Não,C/D,C/D,C/D,C/D,C/D,C/D,C/D,C,C/D,C,C/D,C/D,Não,C/D,C/D,C/D,C/D,Não,C/D,C/D,C/D,C/D,C/D,C/D,C/D,C/D,C/D,Não,C/D,Não,C/D,C/D,C/D,C/D,C/D,C/D,C/D,Não,C/D,C/D,C/D,C/D,C/D,C/D,C/D,C/D,C/D,C/D,C/D,C/D,C/D,C,C/D,C/D,C,C/D,C/D,C/D,C/D,C/D,C/D,C/D,C/D,C/D,C/D,C/D,C/D,C/D,C/D,C/D,C/D,C/D,C,C/D,C/D,C/D,C/D,C,C/D,C/D,C/D,C/D,C/D,C/D,C/D,C,C/D,C/D,C/D,C/D,C/D,C/D,C/D,C/D,C/D,C/D,C/D,C/D,C/D,C/D,C/D,C/D,C/D,C/D,C/D,C/D,C,C/D,C/D,C/D,C,C/D,C/D,C/D,C/D,C,C,C/D,C,Não,C/D,C/D,C/D,C/D,C,C,C/D,C/D,C/D,C/D,C,C/D,C/D,C/D,C/D,C/D,C/D,C/D,C/D,C/D,C/D,C/D,C/D,C/D,C/D,C,C/D,C/D,C/D,C/D,C,C/D,C/D,C/D,C/D,C/D,C/D,C/D,C/D,C/D,C/D,C/D,C/D,Não,C/D,C/D,C/D,C,C,C/D,C/D,C/D,C/D,C/D,C/D,C/D,C/D,C/D,C/D,Não,Não,C,C/D,C,C/D,C/D,C/D,C/D,C/D,C/D,C/D,C/D,C/D,C/D,C/D,C,C/D,C/D,C/D,C/D,C/D,C/D,C/D,C,C,C/D,Não,C/D,C/D,C/D,C/D,Não,C/D,C/D,Não,C/D,C/D,C/D,C/D,C,C,C,C/D,C/D,C/D,C/D,C/D,C/D,C,C/D,C/D,Não,Não,C/D,C/D,C/D,C/D,C/D,C/D,C/D,C/D,C,C,C/D,C/D,C/D,C/D,C,C,C,C/D,C/D,C/D,C/D,C/D,C/D,C/D,C/D,C/D,C/D,C/D,C/D,C/D,C/D,C,C/D,C,C/D,C/D,C/D,C/D,C/D,C,C/D,C/D,C/D,C/D,C/D,C/D,C/D,C,C/D,C/D,C/D,C/D,C/D,C/D,Não,C/D,C/D,C,C/D,C/D,C/D,C/D,C/D,C/D,C/D,C/D,C,C/D,C/D,C/D,C/D,C,C/D,C,C/D,C,C/D,Não,C/D,C/D,C/D,C/D,Não,Não,C/D,C,C/D,C,C/D,C/D,C/D,C/D,C/D,C/D,C/D,C,C/D,C,C/D,C/D,C,C,C/D,C/D,C/D,C,Não,C,C,C/D,C,C/D,Não,C/D,C,C/D,C/D,Não,C,C,C/D,C/D,C/D,C/D,Não,C/D,C/D,C,C,C/D,C/D,C,C/D,C/D,C/D,C,C,C/D,C/D,C/D,C/D,C/D,C,C/D,C/D,C,C/D,C/D,C/D,C,C/D,C/D,C/D,C/D,C/D,C/D,C,C,C/D,C/D,Não,Não,C/D,C/D,C,C/D,C/D,Não,C/D,C/D,C/D,C,C,C/D,C/D,C/D,R_3PpOyyk71D7CVkh,R_3PpOyyk71D7CVkh,1101,36.7,2021,gb
R_2q7qvcCG3h7x4j1,Male,University degree or equivalent,Left school at 18 with A-Levels or equivalent,80,20,0,NA,Portuguese;80;,English;20;,,90,10,0,NA,Portuguese,NA,10,7,NA,NA,I always (or almost always) speak Portuguese to my child,Portuguese,NA,10,6,NA,NA,I always (or almost always) speak Portuguese to my child,Second,NA,2,6,Always (or almost always) English,3,C/D,C/D,C/D,C/D,C/D,C/D,C/D,C/D,C/D,C/D,C/D,C/D,C,C,C,C,C,C,C,C,C,C,C,C,C,C,C,C,C,C,C,C,C,C,C,C,C,C,C,C,C,C,C,C,C,C,C,C,C,C,C,C,C,C,C,C,C,C,C,C,C,C,C,C,C,C,C,C,C,C,C,C,C,C,C,C,C,C,C,C,C,Não,C,C,C,C,C,C,C,C,C,C,C,C,C,C,C,C,C,C,C,C,C,C,C,C,C,C,C,C,C,C,C,C,C,C,C,C,C,C,C,C,C,C,C,C,C,C,C,C,C,C,C,Não,C,C,C,C,C,C,C,C,C,C,C,C,Não,C,C,C,C,C,C,C,C,C,C,C,C,C,C,C,C,C,C,C,C,C,C,C,Não,C,Não,Não,C,C,C,C,C,C,C,C,C,C,C,C,C,C,C,C,C,C,C,C,C,C,C,C,C,C,C,C,C,C,C,C,C,C,C,C,C,C,C,C,C,C,C,C,C,C,C,C,C,Não,C,C,C,C,C,C,Não,C,C/D,C,Não,Não,C/D,C,C,C,Não,Não,C,C,C/D,C,C,C,C/D,C,C,C,C/D,C/D,C,C/D,C,C,C,C,C,C,C,C,C,C,C,C,C,C,C,C,C,C,C,C,C,C,C,C,C,C,C,C,C,C,C,C,C,Não,C,C,C,C,C,C,C,C,C,C,C,C,C,C,C,C,C,C,C,C,C,C,C,C,C,C,C,C,C,C,C,C,C,C,C,C,C,C,C,C,C,C,C,C,C,C,C,C,C,C,C,C,C,C,C,C,C,C,Não,C,C,C,C,C,C,C,C,C,C,Não,C,Não,C,C,C,C,C,C,C,C,C,C,C,C,C,C,C,C,C,C,Não,C,Não,C,Não,Não,Não,C,C,C,C,C,C,C,C,C,C,C,C,C,C,C,C,C,C,C,C,C,C,C,C,C,C,C,C,C,C,C,BL01UK01PO033,UKPO033,864,28.8,2021,gb
R_3oz2nzpiwZrscyv,Male,University degree or equivalent,University degree or equivalent,40,60,0,NA,Portuguese;40;,English;60;,,80,20,0,NA,Portuguese,NA,10,8,NA,NA,I regularly speak both Portuguese and English to my child,Portuguese,NA,10,9,0,NA,I always (or almost always) speak Portuguese to my child,First,NA,1,6,Always (or almost always) English,2,C/D,C/D,C/D,C/D,C/D,C/D,C,C/D,C/D,C,C/D,C/D,C/D,C/D,C/D,C/D,C/D,C/D,C/D,C/D,C/D,Não,C/D,C/D,C/D,C/D,Não,C/D,C/D,C/D,C/D,C/D,C/D,C/D,C/D,C/D,C,C/D,C,C/D,C/D,C/D,C/D,C/D,C/D,C/D,Não,C,C/D,C/D,C/D,C/D,C/D,C/D,C/D,C/D,C/D,C/D,C/D,C,C/D,C/D,C/D,C/D,C/D,C/D,C/D,C/D,C/D,C,C/D,C/D,C/D,C/D,C/D,C/D,C/D,C/D,C,C,C/D,C/D,C/D,C/D,C/D,C/D,C/D,C/D,C/D,C/D,C/D,C/D,C/D,C/D,C,C/D,C/D,C/D,C/D,C/D,C/D,C/D,C/D,C/D,C/D,C/D,C/D,C/D,C/D,C/D,C/D,C/D,C/D,C/D,C/D,C/D,C/D,C/D,C/D,C/D,C,C/D,C/D,C/D,C/D,C,C/D,Não,C,C/D,C/D,C/D,C/D,C,C/D,C/D,C,C/D,Não,Não,C/D,C/D,C/D,C/D,C/D,C/D,C,C/D,C/D,C,C/D,C/D,C/D,C/D,C/D,C/D,C/D,Não,C/D,C/D,C/D,C/D,C/D,C/D,C/D,C/D,C/D,C/D,C/D,C/D,C,C/D,C,C/D,C/D,C/D,C/D,C/D,C/D,C/D,C/D,C/D,C/D,C/D,C/D,C/D,C/D,C/D,C/D,C/D,C,C/D,C/D,C/D,C/D,C/D,C/D,C/D,C/D,C/D,C/D,C/D,C/D,C/D,C,C/D,C/D,C/D,C/D,C/D,C/D,C/D,C,C/D,C/D,C,C/D,C,C/D,C/D,C,C/D,C/D,C/D,C/D,C/D,C/D,C/D,C/D,C/D,C,C,C/D,C/D,C/D,C/D,C/D,C/D,C/D,C,C/D,C/D,C/D,C/D,C/D,C,C/D,C/D,C/D,C/D,C,C/D,C/D,C/D,C/D,C/D,C/D,C/D,C/D,C/D,C/D,C/D,C/D,C/D,C/D,C/D,C/D,C/D,C/D,C/D,C/D,C/D,C/D,C,C/D,C,C/D,C/D,C/D,C/D,C/D,C/D,C/D,C/D,C/D,C/D,C/D,C,C/D,C/D,C/D,C/D,C/D,C/D,C/D,C/D,C/D,C/D,C/D,C/D,C/D,C/D,C/D,C/D,C/D,C/D,C/D,C/D,C/D,C/D,C/D,C/D,C/D,C/D,C/D,C/D,C/D,C/D,C/D,C,C/D,C/D,C/D,C/D,C,C/D,C/D,C/D,C/D,C/D,C/D,C,C/D,C/D,C/D,C/D,C/D,C,C/D,C/D,C/D,C/D,C/D,C/D,C/D,C,C/D,C,C,C/D,C/D,C/D,C,C/D,C/D,C/D,C,C/D,C/D,C/D,C/D,C/D,Não,C/D,C/D,C/D,C,C/D,C/D,C,C/D,C/D,C/D,C/D,C/D,C/D,C/D,C,C,C/D,C/D,C/D,C/D,C,C,C,C/D,C/D,C/D,C/D,C/D,C/D,C/D,C/D,C/D,C/D,C/D,C/D,Não,C/D,C/D,C/D,Não,C/D,C/D,C,C/D,C/D,C/D,C,C/D,C,C/D,C,C/D,C/D,C/D,C/D,R_3oz2nzpiwZrscyv,R_3oz2nzpiwZrscyv,973,32.43333333,2021,gb
R_cFR62hNMBIOeq6B,Female,University degree or equivalent,University degree or equivalent,80,20,0,NA,Portuguese;80;,English;20;,,80,20,0,NA,Portuguese,NA,10,9,NA,NA,I always (or almost always) speak Portuguese to my child,Portuguese,NA,10,6,NA,NA,I always (or almost always) speak Portuguese to my child,Third,NA,3,NA,NA,0,Não,C,C,Não,C,Não,C,C,C,Não,Não,C,Não,Não,Não,Não,Não,Não,C,C,Não,C,Não,Não,Não,Não,Não,Não,C,Não,Não,Não,Não,Não,Não,Não,Não,Não,Não,C,Não,Não,Não,Não,Não,Não,Não,Não,Não,Não,Não,Não,Não,C,Não,Não,Não,C,Não,Não,C,Não,Não,Não,Não,Não,C,C,Não,Não,Não,Não,Não,Não,Não,Não,Não,Não,Não,Não,Não,Não,Não,Não,Não,Não,Não,Não,C,C/D,Não,Não,Não,Não,Não,C,Não,Não,Não,C,C,Não,Não,Não,Não,Não,C,C,C,Não,C,C,Não,C,Não,Não,C,Não,Não,Não,Não,Não,Não,Não,Não,Não,C,Não,Não,C,Não,Não,C,Não,Não,C,C,Não,Não,Não,Não,Não,Não,Não,Não,Não,Não,Não,Não,Não,Não,Não,Não,Não,Não,Não,Não,C,Não,Não,Não,Não,Não,Não,Não,Não,Não,Não,Não,Não,Não,Não,Não,Não,Não,Não,Não,Não,Não,Não,Não,Não,Não,Não,Não,Não,C,Não,Não,Não,Não,Não,Não,Não,Não,Não,Não,Não,Não,C,Não,Não,Não,Não,Não,C,Não,Não,Não,Não,Não,Não,C,Não,Não,Não,Não,Não,C,Não,Não,Não,Não,Não,Não,Não,Não,C/D,Não,Não,C,C,C,Não,Não,Não,C,Não,Não,Não,Não,Não,Não,Não,C/D,Não,Não,C,Não,Não,Não,Não,C/D,Não,Não,Não,C,C,Não,Não,Não,C,C,C,Não,Não,Não,Não,Não,Não,Não,Não,Não,Não,Não,Não,Não,Não,C,Não,Não,Não,Não,Não,C,Não,Não,Não,C,Não,Não,Não,Não,Não,Não,Não,Não,Não,Não,Não,Não,Não,Não,Não,Não,Não,Não,C,Não,Não,C,Não,C,Não,Não,Não,Não,Não,C,Não,Não,Não,Não,C,Não,Não,Não,C,Não,Não,Não,Não,Não,Não,C,C/D,Não,Não,Não,Não,Não,Não,Não,Não,C,C,Não,Não,Não,Não,Não,Não,Não,Não,Não,Não,Não,Não,Não,Não,Não,Não,Não,Não,Não,Não,Não,Não,Não,Não,Não,Não,Não,Não,Não,Não,Não,Não,Não,Não,Não,Não,Não,Não,Não,Não,Não,C,Não,Não,Não,Não,Não,Não,Não,Não,Não,Não,Não,Não,Não,Não,Não,Não,Não,Não,Não,Não,Não,Não,Não,Não,Não,Não,Não,Não,Não,Não,BL01UK01PO034,UKPO034,515,17.16666667,2021,gb
R_3lVSj1DGxCayrFn,Male,University degree or equivalent,University degree or equivalent,65,35,0,NA,Portuguese;65;,English;35;,,90,10,0,NA,Portuguese,NA,10,NA,NA,NA,I always (or almost always) speak Portuguese to my child,Portuguese,NA,10,NA,NA,NA,I always (or almost always) speak Portuguese to my child,First,NA,1,9,Always (or almost always) English,3,Não,Não,Não,Não,Não,C/D,Não,Não,Não,Não,Não,Não,Não,Não,Não,Não,Não,Não,C,Não,Não,Não,Não,Não,Não,Não,Não,Não,C,Não,Não,Não,Não,Não,Não,Não,Não,Não,Não,Não,Não,Não,Não,Não,Não,Não,Não,Não,Não,Não,Não,Não,Não,C,Não,Não,Não,Não,C,Não,Não,C,Não,Não,C,C,C,C,Não,C,C,Não,Não,Não,Não,Não,Não,Não,Não,Não,Não,Não,Não,C,C,Não,Não,Não,C,C,Não,Não,C,Não,Não,C,Não,Não,Não,Não,C,Não,C,Não,C,Não,Não,Não,C,Não,C,Não,Não,Não,Não,Não,C,Não,Não,Não,Não,Não,Não,Não,Não,Não,Não,Não,Não,C,Não,Não,Não,Não,Não,Não,Não,C,C,Não,Não,Não,C,C,Não,Não,Não,Não,Não,Não,Não,Não,Não,Não,Não,C,C,C,Não,Não,Não,Não,Não,Não,C,Não,Não,Não,Não,Não,Não,Não,Não,Não,Não,Não,Não,Não,Não,Não,Não,Não,Não,Não,Não,Não,Não,Não,Não,Não,Não,Não,Não,C,C,C,C,Não,C,C,Não,Não,Não,Não,Não,Não,Não,Não,Não,Não,Não,Não,Não,Não,Não,Não,Não,Não,C,Não,Não,Não,Não,Não,Não,C,C,C,Não,Não,Não,Não,C,Não,Não,Não,C,Não,Não,Não,Não,Não,C,C,C,Não,C,Não,C,Não,Não,C,C,C,Não,C,C,Não,C,Não,C,C,C,C,Não,Não,Não,C,Não,Não,Não,C/D,Não,Não,C,Não,C,C,C,C,Não,Não,Não,Não,Não,Não,Não,Não,C,Não,Não,Não,Não,C,C,Não,Não,C,Não,Não,Não,Não,Não,Não,Não,Não,Não,Não,Não,Não,Não,Não,Não,Não,Não,Não,Não,Não,Não,Não,Não,Não,Não,Não,Não,Não,Não,Não,Não,Não,Não,Não,Não,Não,C,C,Não,Não,Não,C,Não,Não,Não,Não,Não,Não,Não,Não,Não,Não,Não,Não,Não,Não,Não,Não,Não,Não,Não,Não,Não,C,Não,Não,Não,Não,Não,Não,Não,Não,Não,Não,Não,Não,C,C,Não,Não,Não,Não,Não,Não,Não,Não,Não,Não,Não,Não,Não,Não,Não,Não,Não,Não,Não,Não,Não,Não,Não,Não,Não,Não,Não,Não,Não,Não,Não,Não,Não,Não,C,Não,Não,Não,Não,Não,Não,Não,BL01UK01PO035,UKPO035,486,16.2,2021,gb
R_5BVuozFrczv25P3,Female,University degree or equivalent,University degree or equivalent,75,25,0,NA,Portuguese;75;,English;25;,,75,25,0,NA,Portuguese,NA,10,6,NA,NA,I always (or almost always) speak Portuguese to my child,Portuguese,NA,10,6,NA,NA,I always (or almost always) speak Portuguese to my child,Second,NA,2,NA,NA,0,C,Não,Não,Não,Não,Não,Não,Não,Não,C,Não,Não,Não,Não,Não,Não,Não,Não,Não,Não,Não,Não,Não,Não,Não,Não,Não,Não,Não,Não,Não,Não,Não,Não,Não,Não,Não,Não,Não,Não,Não,Não,Não,Não,Não,Não,Não,Não,Não,Não,Não,Não,Não,Não,Não,Não,Não,Não,C,Não,Não,Não,Não,Não,Não,Não,C,Não,Não,Não,Não,Não,Não,Não,Não,Não,Não,Não,Não,Não,Não,Não,Não,C,Não,Não,Não,Não,Não,Não,Não,Não,Não,Não,Não,Não,Não,Não,Não,Não,Não,Não,Não,Não,Não,Não,Não,Não,Não,Não,Não,Não,Não,Não,Não,Não,Não,Não,Não,Não,Não,Não,Não,Não,Não,Não,Não,Não,Não,Não,Não,Não,Não,Não,Não,Não,Não,Não,Não,Não,Não,Não,Não,Não,Não,Não,Não,Não,Não,Não,Não,Não,Não,Não,Não,Não,Não,Não,Não,Não,Não,Não,Não,Não,Não,Não,Não,Não,Não,Não,Não,Não,Não,Não,Não,Não,Não,Não,Não,Não,Não,Não,Não,Não,Não,Não,Não,Não,Não,Não,Não,Não,Não,C,Não,Não,Não,Não,Não,Não,Não,Não,Não,Não,Não,Não,Não,Não,Não,Não,Não,Não,Não,Não,Não,Não,Não,Não,Não,Não,Não,Não,Não,Não,Não,C,C,C,Não,Não,C,Não,C/D,Não,Não,Não,C,Não,Não,Não,Não,Não,Não,Não,C,Não,C,Não,C,Não,Não,Não,C,C,C,C/D,C/D,Não,Não,Não,Não,C,Não,Não,Não,Não,Não,C,Não,Não,Não,Não,Não,Não,Não,Não,Não,Não,Não,Não,Não,Não,Não,Não,Não,Não,Não,Não,Não,Não,Não,Não,Não,Não,Não,Não,Não,Não,Não,Não,Não,Não,Não,Não,Não,Não,Não,Não,Não,Não,Não,Não,Não,Não,Não,Não,Não,Não,Não,Não,Não,Não,Não,Não,Não,Não,Não,Não,Não,Não,Não,Não,Não,Não,Não,Não,Não,Não,Não,Não,Não,Não,Não,Não,Não,Não,Não,Não,Não,Não,Não,Não,Não,Não,Não,Não,Não,Não,Não,Não,Não,Não,Não,Não,Não,Não,Não,Não,Não,Não,Não,Não,Não,Não,Não,Não,Não,Não,Não,Não,Não,Não,Não,Não,Não,Não,Não,Não,Não,Não,Não,Não,Não,Não,Não,Não,Não,Não,Não,Não,Não,Não,Não,Não,Não,Não,Não,Não,Não,Não,Não,Não,Não,Não,Não,Não,Não,Não,BL01UK01PO036,UKPO036,371,12.36666667,2021,gb
R_2AGQhiQysNwJOu6,Female,University degree or equivalent,University degree or equivalent,70,30,0,NA,Portuguese;70;,English;30;,,100,0,0,NA,Portuguese,NA,10,9,NA,NA,I always (or almost always) speak Portuguese to my child,Portuguese,NA,10,6,NA,NA,I always (or almost always) speak Portuguese to my child,First,NA,1,9,Always (or almost always) English,6,C,Não,C,C/D,C/D,C/D,C/D,C/D,C/D,C/D,C/D,C/D,C/D,C/D,C/D,C/D,C/D,Não,C/D,C/D,C/D,Não,C/D,C/D,C/D,C/D,Não,C/D,C/D,C/D,C/D,C/D,C/D,C/D,C/D,C/D,C,C/D,Não,C/D,C/D,C/D,C,C/D,C/D,C/D,C/D,C,C/D,C,C,C/D,C,C/D,Não,C/D,C/D,C/D,C/D,C/D,C/D,C,C,Não,C/D,C,C/D,C/D,C,Não,C/D,C/D,C,C/D,C/D,C,Não,Não,C/D,C/D,C/D,Não,C/D,C/D,C/D,C,C/D,C/D,C/D,C/D,Não,C/D,C/D,C/D,C,C/D,C/D,C/D,C,C/D,C,Não,C/D,C/D,C,C,C/D,C/D,C/D,C/D,C,C/D,C,C,C,C/D,C/D,Não,C,C,Não,C/D,C/D,C/D,Não,C,C/D,Não,Não,C/D,C/D,C/D,C/D,Não,C/D,C,Não,C,C,Não,C/D,C,C,C,C,C,Não,Não,C,Não,C/D,Não,C/D,C,C/D,C/D,C/D,C/D,C/D,C/D,C/D,C/D,C/D,C/D,C,C/D,C/D,C,C/D,C,Não,C,Não,Não,C/D,C/D,C,Não,C/D,C,C/D,C,C/D,C,C/D,C/D,C/D,C/D,C/D,C,C,C,C,C/D,C/D,C/D,C/D,C,C,C,C/D,C/D,C/D,C,Não,C/D,C/D,C,Não,C,C,C/D,Não,C/D,C/D,Não,Não,C/D,C/D,C,C,C/D,C/D,Não,C,C/D,C/D,C/D,C,Não,Não,Não,C/D,Não,C,C,C/D,Não,Não,Não,C,C,C/D,C/D,C/D,C,C/D,C/D,C/D,C/D,C,C,C/D,C/D,C/D,C/D,C/D,C,C,C/D,Não,C/D,C/D,Não,C/D,C/D,C,C/D,C/D,C/D,C,C/D,C/D,C,C,Não,C,C/D,C/D,C/D,C/D,C,C/D,C,C/D,C/D,C,Não,C,C,C/D,C/D,Não,C/D,C/D,C/D,C,C/D,Não,Não,C,C,Não,C/D,C,C/D,C,C/D,C,C,C/D,C,C,C,Não,C,C/D,C,C/D,Não,C,Não,C/D,C/D,Não,C/D,C/D,C,C/D,C/D,C,Não,C,C/D,C/D,C/D,C/D,C/D,C/D,C/D,C/D,C/D,C,Não,C/D,C,C,Não,C,C/D,C/D,Não,C/D,C/D,C,C/D,C/D,C/D,C/D,C/D,C/D,Não,C,C/D,C/D,Não,C,C/D,C/D,Não,Não,C/D,C/D,Não,Não,Não,C/D,Não,Não,C,C,C,C,Não,C,C,C,C/D,C,C/D,C,Não,C/D,C/D,Não,Não,C/D,Não,C/D,Não,C/D,Não,Não,Não,Não,Não,Não,Não,C/D,Não,C/D,Não,C/D,Não,Não,Não,Não,Não,BL01UK01PO037,UKPO037,817,27.23333333,2021,gb
R_2EuYsd3yx7S8JvT,Female,University degree or equivalent,University degree or equivalent,80,20,0,NA,Portuguese;80;,English;20;,,80,20,0,NA,Portuguese,NA,10,8,NA,NA,I regularly speak both Portuguese and English to my child,NA,NA,NA,NA,NA,NA,NA,Third,NA,3,NA,NA,0,C,Não,Não,Não,Não,Não,C/D,Não,C,C/D,Não,Não,Não,C,Não,Não,Não,C,Não,C,C,Não,Não,Não,Não,C,Não,C,C,Não,Não,Não,Não,Não,Não,C,Não,Não,Não,Não,Não,Não,Não,Não,Não,C,Não,Não,Não,Não,Não,Não,Não,Não,Não,Não,Não,C,C,Não,C,C,C,Não,C,Não,C/D,C,Não,Não,Não,C,C,Não,C,Não,Não,Não,Não,Não,Não,Não,Não,Não,C,Não,Não,Não,C,C/D,Não,Não,Não,Não,Não,C,C,Não,C,Não,C,Não,C,Não,C,Não,Não,C,C,C,C,Não,C,C,Não,Não,C,Não,C,Não,Não,Não,C,C,Não,Não,C,Não,Não,C,C,C,C,C,Não,C,C,Não,C,Não,C,Não,Não,Não,Não,Não,Não,Não,Não,Não,Não,Não,Não,Não,Não,C,C,C,Não,Não,Não,Não,Não,Não,Não,Não,Não,Não,C,Não,Não,Não,Não,Não,Não,Não,Não,Não,Não,Não,Não,Não,Não,Não,C,C,Não,Não,Não,Não,Não,Não,Não,Não,Não,Não,Não,Não,Não,C,Não,Não,Não,Não,Não,C,C,Não,Não,Não,Não,Não,Não,Não,Não,Não,Não,Não,Não,Não,Não,Não,Não,Não,Não,C,Não,C,Não,Não,C,C,Não,Não,Não,Não,Não,Não,Não,Não,Não,Não,Não,Não,C/D,Não,Não,C,Não,Não,Não,Não,C,Não,C,Não,C,C,Não,C,Não,Não,Não,Não,C,C,Não,Não,Não,Não,Não,Não,Não,Não,Não,Não,Não,Não,C,Não,C,C/D,Não,Não,Não,Não,Não,Não,C,Não,Não,Não,Não,Não,Não,Não,Não,C,Não,Não,Não,Não,Não,Não,C,Não,Não,C,Não,Não,C,Não,Não,Não,Não,Não,Não,Não,Não,Não,Não,Não,Não,Não,Não,Não,C,Não,Não,Não,Não,Não,Não,Não,C,C,Não,Não,Não,Não,Não,Não,Não,Não,Não,Não,Não,Não,Não,Não,Não,Não,Não,Não,Não,Não,Não,Não,Não,Não,Não,Não,Não,Não,Não,Não,Não,Não,Não,Não,Não,Não,Não,Não,Não,Não,Não,Não,Não,Não,Não,Não,Não,Não,Não,Não,Não,Não,C,C,Não,C,Não,Não,Não,Não,Não,Não,C,Não,Não,C,C/D,Não,Não,Não,Não,C,Não,Não,Não,Não,Não,Não,Não,Não,C,Não,BL01UK01PO038,UKPO038,518,17.26666667,2021,gb
R_74ByG1fJHo1ksCt,Female,University degree or equivalent,University degree or equivalent,60,40,0,NA,Portuguese;60;,English;40;,,90,10,0,NA,Portuguese,NA,10,7,7,Spanish/French  ,I always (or almost always) speak Portuguese to my child,Portuguese,NA,10,9,7,Spanish/French ,I always (or almost always) speak Portuguese to my child,Second,NA,2,12,Always (or almost always) English,6,C,C/D,C/D,C/D,C,C/D,C/D,C/D,C/D,C/D,C/D,C/D,C,Não,C,C,C,C/D,C,C,C,C,C,C,C,C/D,Não,C/D,C,C,C/D,C/D,C,C,C/D,C/D,Não,Não,C/D,C/D,C,C/D,C,C,C/D,C/D,Não,C/D,C,C/D,C,C/D,C,C,C,Não,C,C/D,C/D,C,C,C,C,C,C,C,C/D,C/D,C,C/D,C,C,C,C/D,C,C,Não,Não,C,C,C/D,Não,Não,C/D,C,C,Não,Não,C/D,C/D,C/D,C/D,C/D,C/D,C,C/D,C/D,Não,C,C/D,C/D,C,C/D,C,C/D,C,C,C/D,C/D,C/D,C,C/D,C,C,C,Não,C,Não,C,Não,C,C,C/D,C,Não,C,C/D,Não,C,C,C/D,C,C,C,Não,C,C,C/D,C/D,C,C/D,C/D,C,C,C,C,C,C,C,C,C/D,C/D,C,C,C,C/D,C/D,C/D,C,Não,C,C/D,C/D,C/D,C,C/D,C,C,C/D,C,C,C,C,C,C/D,C/D,C,Não,C/D,C,Não,C/D,C/D,Não,C,C,C/D,C,Não,C,C,C/D,Não,C/D,C,C,C/D,Não,C,C/D,C,C,C,C,Não,C/D,C,C,C,C,Não,C/D,C/D,C,C/D,C,C,C,C,C,C,C,C,Não,C,C/D,C/D,C/D,C,Não,C/D,Não,C/D,C,C,C,C/D,Não,C,Não,Não,Não,C,C,C/D,C,C,C,C/D,C/D,C,C,C/D,C/D,C,C/D,C/D,C,C,C,C/D,C/D,C,C,C/D,C/D,C/D,C/D,C/D,C,C,C/D,C,C,C,C,C/D,C/D,C/D,C/D,C/D,C,C,C,C,C,C,Não,C/D,Não,C/D,C/D,C,C/D,C/D,C,C,C/D,C,C,C,C,C,C,C/D,C,C/D,C,C,C,C,C,C,C,C,C,C/D,C/D,C/D,C,C,C,C,C/D,Não,C/D,C/D,C/D,C,C,C,C,C,C,C/D,C/D,C,C,C/D,C,C,C/D,C,C/D,C,C,C/D,C,C,C,C,C,C,Não,C/D,C/D,C/D,C,C,C/D,C,C,C,C,C/D,C,C,C/D,C/D,C,C,C,C,C,C/D,C/D,C,C,C,C,Não,C,Não,Não,C,Não,C,C,C/D,C,C,C/D,C,C,C,C,C,C,C,C,C,C,C,C/D,C,C,C,C,C/D,Não,C/D,C,C,Não,C,C,C/D,C,BL01UK01PO039,UKPO039,778,25.93333333,2021,gb
R_2xz4ySZiTDAqFhg,Female,University degree or equivalent,University degree or equivalent,50,50,0,NA,Portuguese;50;,English;50;,,99,1,0,NA,Portuguese,NA,10,8,NA,NA,I always (or almost always) speak Portuguese to my child,Portuguese,NA,10,8,NA,NA,I always (or almost always) speak Portuguese to my child,First,NA,1,10,Always (or almost always) English,1,C,Não,Não,Não,Não,Não,Não,Não,Não,C,C,Não,Não,Não,Não,Não,Não,Não,C,Não,Não,Não,Não,Não,Não,Não,Não,Não,Não,Não,Não,Não,Não,Não,Não,Não,Não,Não,Não,Não,Não,Não,Não,Não,Não,Não,Não,Não,Não,Não,Não,Não,Não,Não,Não,Não,Não,Não,Não,Não,Não,Não,Não,Não,Não,Não,C,Não,Não,Não,Não,Não,Não,Não,Não,Não,Não,Não,Não,Não,Não,Não,Não,Não,Não,Não,Não,Não,Não,Não,Não,Não,Não,Não,Não,Não,Não,Não,Não,Não,Não,Não,Não,Não,Não,Não,Não,Não,Não,Não,Não,Não,Não,Não,Não,Não,Não,Não,Não,Não,Não,Não,Não,Não,Não,Não,Não,Não,Não,Não,Não,Não,Não,Não,Não,Não,Não,Não,C,Não,Não,Não,Não,Não,Não,Não,Não,Não,Não,Não,Não,Não,Não,Não,Não,Não,C,C,Não,Não,Não,Não,Não,Não,Não,Não,Não,Não,Não,Não,Não,Não,Não,Não,Não,Não,Não,Não,Não,Não,Não,Não,Não,Não,Não,Não,Não,C,Não,Não,Não,Não,Não,Não,Não,Não,Não,Não,Não,Não,Não,Não,Não,Não,Não,Não,Não,Não,Não,Não,Não,Não,Não,Não,Não,Não,Não,Não,Não,Não,Não,Não,Não,Não,Não,C,C,Não,Não,Não,Não,Não,C,Não,Não,Não,C,Não,Não,Não,Não,Não,Não,Não,C,Não,C,Não,C,C,Não,Não,C,C,C,C,C,Não,Não,Não,Não,C,Não,C,Não,Não,Não,Não,Não,Não,Não,Não,Não,Não,Não,Não,Não,Não,C,Não,Não,Não,Não,Não,Não,Não,Não,Não,C,Não,Não,Não,Não,Não,C,Não,Não,Não,Não,Não,Não,Não,Não,Não,Não,Não,Não,Não,Não,Não,C,Não,Não,C,Não,C,Não,Não,Não,Não,Não,Não,Não,Não,Não,Não,Não,Não,Não,Não,Não,Não,C,Não,Não,C,Não,Não,Não,Não,Não,Não,Não,Não,Não,Não,Não,Não,Não,Não,Não,Não,Não,Não,Não,Não,Não,Não,Não,Não,Não,Não,Não,Não,Não,Não,Não,Não,Não,Não,Não,Não,Não,Não,Não,C,Não,Não,Não,Não,Não,Não,Não,Não,Não,Não,Não,Não,Não,Não,Não,Não,Não,Não,Não,Não,Não,Não,Não,Não,Não,Não,Não,Não,Não,Não,Não,Não,Não,Não,Não,Não,Não,Não,Não,Não,Não,Não,BL01UK01PO040,UKPO040,383,12.76666667,2021,gb
R_1Q3MlDwjxCq5U5F,Male,University degree or equivalent,University degree or equivalent,40,56,4,Danish,Portuguese;40;,English;56;,Danish;4;,49,49,2,Danish,Portuguese,NA,10,9,8,Spanish,I always (or almost always) speak Portuguese to my child,English,NA,2,10,9,Danish,I always (or almost always) speak English to my child,First,NA,1,NA,NA,8,C/D,C/D,C/D,C/D,C/D,C/D,C/D,C,C/D,C/D,C/D,C/D,Não,C/D,C/D,C/D,C/D,Não,C/D,C/D,C/D,C/D,C/D,C/D,C/D,C/D,C/D,C/D,C/D,C/D,C/D,C/D,C,C/D,C/D,C/D,C/D,C/D,C/D,C/D,C/D,C/D,C/D,C/D,C/D,C/D,Não,C/D,C/D,C/D,C/D,C/D,C,C/D,C/D,C/D,C/D,C/D,C/D,C/D,C/D,C/D,C/D,C/D,C/D,C/D,C/D,C/D,C/D,C/D,C/D,C/D,C/D,C/D,C/D,C/D,C/D,C/D,C/D,C/D,C/D,C/D,C/D,C/D,C/D,C/D,C/D,C/D,C/D,C/D,C/D,C/D,C/D,C/D,C,C/D,C/D,C/D,C/D,C/D,C/D,C/D,C/D,C/D,C/D,C/D,C/D,C/D,C/D,C/D,C/D,C/D,C/D,C/D,C/D,C/D,C/D,C/D,C/D,C/D,C/D,C/D,C/D,C/D,C/D,C/D,C/D,C/D,C/D,C/D,C/D,C/D,C/D,C/D,Não,C/D,C/D,C/D,C/D,Não,C/D,C/D,C/D,C/D,C/D,C/D,C/D,C/D,C/D,C/D,C/D,C/D,Não,C/D,C/D,C/D,C/D,C/D,C/D,C/D,C/D,C/D,C/D,C/D,Não,C/D,C/D,C/D,C/D,C/D,Não,C/D,C/D,C/D,C/D,C/D,C/D,C/D,C/D,C/D,C/D,C/D,C/D,C/D,C/D,C,C/D,C/D,C/D,C/D,C/D,C/D,C/D,C/D,C/D,C/D,C/D,C/D,C/D,C/D,C/D,C/D,C/D,C/D,C,C/D,C/D,C/D,C,C/D,C/D,C/D,C/D,C/D,C/D,C,C/D,C/D,C/D,C/D,C/D,C/D,C/D,C/D,C/D,C/D,C/D,C/D,C/D,C/D,C/D,C/D,C/D,C/D,C/D,C/D,C/D,C/D,C/D,C/D,C/D,C/D,C/D,C/D,C/D,C/D,C/D,C/D,C/D,C/D,C/D,C/D,C/D,C/D,C/D,C/D,C/D,C/D,C/D,C/D,C/D,C/D,C/D,C/D,C/D,C/D,C/D,C/D,C/D,C/D,C/D,C/D,C/D,C/D,C/D,C/D,C/D,C/D,C/D,C/D,C/D,Não,C/D,C/D,C/D,C/D,C/D,C/D,C/D,C/D,C/D,C/D,C/D,C/D,C/D,C/D,C/D,C/D,C/D,C/D,C/D,C/D,C/D,C/D,C/D,C/D,C/D,C/D,C/D,C/D,C/D,C/D,C/D,C/D,C/D,C/D,C/D,C/D,C/D,C/D,C/D,C/D,C/D,C/D,C/D,C/D,C/D,C/D,C/D,C/D,C/D,C/D,C/D,C/D,C/D,C/D,C/D,C/D,C/D,C/D,C/D,C/D,C/D,C/D,C/D,C/D,C/D,C/D,C/D,C,C/D,C/D,C/D,C/D,Não,C/D,C/D,C/D,C/D,C/D,C/D,C/D,C/D,C/D,C/D,C/D,C/D,C/D,C/D,C/D,C/D,C/D,C/D,Não,C/D,C/D,C,C/D,C/D,C/D,Não,C/D,C/D,C/D,C/D,C/D,C/D,C/D,C,C,C/D,C,C/D,C/D,C,C,C/D,C/D,C/D,C/D,C/D,C/D,C,C/D,C/D,C/D,C/D,C/D,C/D,C/D,C/D,C/D,C/D,C/D,C/D,C/D,C/D,C/D,BL01UK01PO041,UKPO041,879,29.3,2021,gb
R_ea0LPOsPz62DN9n,Female,University degree or equivalent,University degree or equivalent,65,35,0,NA,Portuguese;65;,English;35;,,90,10,0,NA,Portuguese,NA,10,8,NA,NA,I regularly speak a mix of Portuguese / English / other languages to my child,Portuguese,NA,10,9,NA,NA,I regularly speak a mix of Portuguese / English / other languages to my child,Second,NA,2,26,Always (or almost always) English,2,C,C/D,C/D,C/D,C/D,C,C/D,C/D,C/D,C/D,C/D,C/D,C/D,C,C,C,C,C,C,C/D,C/D,C,C/D,C/D,C/D,C/D,C,C,C/D,C/D,C/D,C,C,C/D,C/D,C/D,C,C/D,C,C,C,C,C,C,C,C,C,C,C,C,C,C,C,C,C,Não,C,C/D,C/D,C,C,C,C,C,C,C,C/D,C/D,C,C,C,C/D,C/D,C/D,C,C,C,C/D,C,C,C/D,C,C/D,C/D,C/D,C,C/D,C/D,C/D,C/D,C,C/D,C/D,C,C,C/D,C/D,C,C,C/D,C/D,C,C,C,C,C,C,C,C,C,C,C/D,C,C,C,Não,C,C,C/D,Não,C,C,C/D,C/D,C/D,C,C/D,Não,Não,C,C/D,C,C/D,C,C,C,C,C,C,C,C,C,C,C,C,C,C,C,C,C,C,C,C,C,C,C/D,C,C/D,C,C,C,C,C/D,C/D,C/D,C,C,C,C/D,C/D,C,C,C,C,C/D,C/D,C,C/D,C/D,C,C,C/D,C/D,C,C,C,C,C,C,C,C,C,C,C/D,C,C,C,Não,C,C,C/D,C,C,C,C,C/D,C/D,C,C,C,C,C,C,C,C,C,C,C,C,C,C,C,C,C/D,C,C/D,C/D,C,C,C,C,C,C/D,C,C/D,C/D,C/D,C,C,C,Não,Não,C,C,C/D,C,C,C,C/D,C/D,C,C,C/D,C/D,C/D,C,C,C,C,C,C,C/D,C,C,C,C,C,C,C,C,C/D,C,C,C,C,C,C,C/D,C,Não,C/D,C,C,C,C,C/D,C/D,C,C/D,C,C,C,C/D,C/D,C,C,C,C/D,C,C,C,C,C,C,C/D,C/D,C/D,C/D,C,C,C,C,C,C,C,C,C,C,C,C,C,C,C,C,Não,C,C/D,C/D,C,C,C,C,C,C,C,C,C,C,C/D,C,C,C,C,C,C/D,C/D,C,C,C,C,C,C,C,C,C,C/D,C,C/D,C,C,C,C,C,C,C,C,Não,C,C,C,Não,C,C,C,C,C,Não,Não,C,C,Não,C,C,C,C,C,C,C,C/D,C,C,C,C/D,C,C,C,C,C,C,C,C/D,C/D,C,C,C,C,C,C,C,C,C/D,C,C/D,C,C,C,C/D,C,R_ea0LPOsPz62DN9n,R_ea0LPOsPz62DN9n,958,31.93333333,2021,gb
R_1IWeoYe7i0Umcuo,Female,University degree or equivalent,Left school at 16 with GCSE or equivalent,50,50,0,NA,Portuguese;50;,English;50;,,60,40,0,NA,Portuguese,NA,10,7,NA,NA,I regularly speak both Portuguese and English to my child,Portuguese,NA,10,4,NA,NA,I always (or almost always) speak Portuguese to my child,First,NA,1,9,Always (or almost always) English,3,Não,Não,C/D,C/D,Não,C/D,Não,C/D,C/D,C/D,C/D,C/D,Não,Não,Não,Não,Não,Não,Não,Não,Não,Não,Não,Não,Não,Não,Não,Não,Não,Não,Não,Não,Não,Não,Não,Não,Não,Não,Não,Não,Não,Não,Não,Não,Não,Não,Não,Não,Não,Não,Não,Não,Não,Não,Não,Não,Não,C,Não,Não,Não,Não,Não,Não,Não,Não,Não,Não,Não,Não,Não,Não,Não,Não,Não,Não,Não,Não,Não,Não,Não,Não,Não,Não,Não,Não,Não,Não,Não,Não,Não,Não,Não,Não,Não,Não,Não,Não,Não,Não,Não,Não,Não,Não,Não,Não,Não,Não,Não,Não,Não,Não,Não,Não,Não,Não,Não,Não,Não,Não,Não,Não,Não,Não,Não,Não,C,Não,Não,Não,Não,C,C,Não,C,C,Não,C,Não,Não,C,Não,Não,Não,Não,Não,Não,Não,Não,Não,Não,Não,Não,Não,Não,Não,Não,C,Não,Não,Não,Não,Não,Não,Não,Não,Não,Não,C,Não,Não,Não,Não,Não,Não,Não,Não,Não,Não,Não,Não,Não,Não,Não,Não,Não,Não,Não,Não,Não,Não,Não,Não,C,C,Não,Não,Não,Não,Não,Não,Não,Não,Não,Não,Não,Não,Não,Não,Não,Não,Não,Não,Não,Não,Não,Não,Não,Não,Não,Não,Não,Não,Não,Não,C/D,Não,Não,Não,Não,Não,Não,Não,Não,Não,Não,C/D,Não,Não,Não,Não,Não,C/D,C,C/D,Não,C,Não,C,C,Não,Não,C/D,Não,Não,Não,C,C,Não,Não,Não,C,Não,C,Não,Não,Não,Não,Não,Não,Não,Não,Não,Não,Não,Não,Não,Não,Não,Não,Não,Não,Não,Não,Não,Não,Não,Não,Não,Não,Não,Não,Não,Não,Não,Não,Não,Não,Não,Não,Não,Não,Não,Não,Não,Não,Não,Não,Não,Não,Não,Não,Não,Não,Não,Não,Não,Não,Não,Não,Não,Não,Não,Não,Não,Não,Não,Não,Não,Não,Não,Não,Não,Não,Não,Não,Não,Não,Não,Não,Não,Não,Não,Não,Não,Não,Não,Não,Não,Não,Não,Não,Não,Não,Não,Não,Não,Não,Não,Não,Não,Não,Não,Não,Não,Não,Não,Não,Não,Não,Não,Não,Não,C/D,Não,Não,Não,Não,Não,Não,Não,Não,Não,Não,Não,Não,Não,Não,Não,Não,Não,Não,Não,Não,Não,Não,Não,Não,Não,Não,Não,Não,Não,Não,Não,Não,Não,Não,Não,Não,Não,Não,Não,Não,Não,Não,Não,Não,R_1IWeoYe7i0Umcuo,R_1IWeoYe7i0Umcuo,911,30.36666667,2021,gb
R_2BeYPCjd1RR07aP,Female,No qualifications,No qualifications,70,30,0,NA,Portuguese;70;,English;30;,,80,20,0,NA,Portuguese,NA,10,9,NA,NA,I regularly speak both Portuguese and English to my child,Portuguese,NA,10,6,NA,NA,I regularly speak both Portuguese and English to my child,First,NA,1,24,Always (or almost always) English,NA,C/D,C/D,C/D,C/D,C/D,C/D,C/D,C/D,C/D,C/D,C/D,C/D,C,C,C,C,Não,C,Não,C,C,Não,Não,C,C,C,Não,C,C,C,C,C,C,C,C,C,Não,C,C,C,C,C,C,C,C,C,Não,C,C,C,C,C,C,C,C,Não,C,Não,C/D,Não,Não,Não,Não,Não,Não,Não,C/D,C/D,C,C,C,C,C,Não,Não,Não,Não,Não,Não,Não,Não,Não,Não,Não,C,Não,Não,Não,Não,C/D,Não,C,Não,Não,Não,C,C/D,Não,C,C,C,C,C,C,C,Não,C,C,C,C,C,C,C,Não,Não,Não,Não,Não,Não,Não,Não,Não,Não,C/D,Não,Não,C,Não,Não,C,C,C,C,Não,C,C,Não,C,Não,Não,C,C,C,C,C,C,C,C,C,C,C,C,C,C,C,C,C,C/D,C,Não,Não,C/D,C,C/D,C,C,C,Não,C,C,Não,C,Não,Não,C,C,Não,Não,Não,Não,Não,Não,C,Não,C,C,C,C,Não,Não,Não,Não,Não,C,C,Não,C,Não,C,C,C,Não,C,C,Não,C,C,Não,Não,Não,Não,C,Não,C,C,Não,C,Não,Não,Não,Não,Não,Não,C,Não,C/D,C/D,C,C,Não,C,C,C,Não,Não,Não,C,Não,Não,Não,Não,Não,C,Não,C/D,C,C,C,C/D,C,C,C,C,C,C,C,C,C,Não,C,C,C,C,Não,C/D,C,C/D,C,C,C,C,C,C,Não,Não,Não,C,C,C,C,C,Não,C,C,C,C,C,Não,Não,C,C,C,C,C,C,C,C,C,C,C,Não,C,C,C,C,Não,Não,C,C,Não,C,Não,Não,C,Não,C,C,C,C,Não,C,C,Não,C,Não,Não,C,C,C,Não,Não,C,C,C,C,Não,C/D,C,C/D,C,C,C,C,Não,C,C,C,C,Não,C,Não,Não,Não,Não,Não,Não,Não,Não,C,Não,Não,Não,Não,Não,Não,Não,Não,Não,Não,Não,Não,C,C,C,C,C,C,Não,C,C,C,C,C,Não,Não,Não,Não,Não,C,Não,Não,Não,Não,Não,C,C,Não,Não,C,C,C,C,Não,C,C,C,C,C,Não,Não,C/D,Não,C,Não,Não,Não,Não,Não,R_2BeYPCjd1RR07aP,R_2BeYPCjd1RR07aP,1074,35.8,2021,gb
R_3Gs8Ik0mYUblkYW,Female,University degree or equivalent,University degree or equivalent,30,70,0,NA,Portuguese;30;,English;70;,,40,60,0,NA,Portuguese,NA,10,9,3,Spanish,I always (or almost always) speak Portuguese to my child,English,NA,5,10,5,French,I always (or almost always) speak English to my child,Second,NA,2,12,Always (or almost always) English,NA,Não,Não,C,C/D,C,C,C/D,C/D,C/D,C/D,C/D,C/D,C,C,C,C,C,C,Não,C,C,C,C,C,C,C,C/D,C,C,C,C,C,C,C,C/D,C/D,C,C,C,C,C,C/D,C,C,C,C/D,C,C,C,C,C,C,C,C,C,C,C,C/D,C/D,C/D,C/D,C,C,C,C,C,C/D,C/D,C,Não,C/D,C,C,C,C/D,C,Não,Não,C,C,Não,Não,C/D,C/D,C/D,C,C/D,C/D,C/D,C/D,C/D,C,C/D,Não,C,C/D,C/D,C,C,C,C,C,C/D,C,C,C,C,C/D,C/D,C/D,C,C/D,C,C/D,C,C,C/D,C/D,C,C,C,C,C,C/D,C,C,C/D,Não,C,C/D,C,C/D,C/D,C,C,C,C,C,C,C,C/D,C,C,C,C,C,Não,C,C,C,C,Não,C,C,Não,C/D,C,C/D,C,Não,C,C,C,C,C,C,C,C/D,C,C,Não,C,Não,C,C/D,C,Não,Não,C,C,C,C,C,Não,C,C,C,C,C,C,C,C/D,C,Não,C/D,C,C,Não,Não,C,C,Não,C,C,C,C,C,C/D,Não,C,C,C,C,C,C,C,C,C,C,C,C,C,C,Não,Não,C/D,Não,C/D,Não,Não,C,Não,C/D,C,C,C,C/D,Não,Não,C,Não,Não,C,C,C/D,C,C/D,C/D,C/D,C,C,C,C/D,C/D,Não,C/D,C/D,C/D,C,Não,Não,C/D,C,C,C,C,C,C,C,C,C,C,C,Não,C,C,C,C,C,C,C,C,C,C,C,C,C,Não,C,Não,Não,C,Não,C,C,C/D,C,C,C,C,Não,C,C,C,C,C,C,C,C,C,C,Não,Não,C,C,C,C,C,C,Não,C,C,Não,C,C,C,C,C,C,C,Não,Não,C,C,C,C,C,Não,C,C,C,C,C,C,C,C,C,Não,C,C,C,C,Não,C,C,C/D,Não,C,C,C,C,C,C,C,C,C,C,C,C,C,Não,C,C,Não,Não,C,Não,Não,C,C,Não,C,C,Não,Não,Não,C,Não,Não,Não,C,Não,C,Não,C,C,C,C,C,C,C,C,Não,Não,C,C,Não,C,C,Não,C/D,Não,C,Não,Não,C,Não,Não,BL01UK01PO042,UKPO042,543,18.1,2021,gb
R_1oIvDKEWwnEKNvw,Male,University degree or equivalent,University degree or equivalent,60,40,0,NA,Portuguese;60;,English;40;,,90,10,0,NA,Portuguese,NA,10,8,NA,NA,I always (or almost always) speak Portuguese to my child,Portuguese,NA,10,9,NA,NA,I always (or almost always) speak Portuguese to my child,First,NA,1,12,Always (or almost always) English,3,C/D,C/D,C/D,C/D,C/D,C/D,Não,C/D,C/D,C/D,C/D,C/D,C/D,C/D,C/D,C/D,C/D,Não,C/D,C/D,C/D,Não,C/D,C/D,C/D,C/D,Não,C/D,C/D,C/D,C/D,C/D,C/D,C/D,C/D,C/D,C,C/D,C/D,C/D,C/D,C/D,C/D,C/D,C/D,C/D,C/D,C/D,C/D,C/D,C/D,C/D,C/D,C/D,C/D,C/D,C/D,C/D,C/D,C/D,C/D,C/D,C/D,C/D,C/D,C/D,C/D,C/D,C/D,C/D,C/D,C/D,C/D,C/D,C/D,C/D,C,C,C/D,C/D,C/D,Não,C/D,C/D,C/D,C/D,C/D,C/D,C/D,C/D,C/D,C/D,C/D,C/D,C/D,C/D,C/D,C/D,C/D,C/D,C/D,C/D,C/D,C/D,C/D,C/D,C/D,C/D,C/D,C/D,C/D,C/D,C/D,C/D,C/D,C/D,C/D,C/D,C/D,C/D,C/D,C/D,C/D,C/D,C,C/D,C/D,C/D,C/D,C/D,C/D,C/D,C/D,C/D,C/D,C/D,C,C/D,C,C,C/D,C/D,C/D,C/D,C/D,C/D,C/D,C/D,C/D,C/D,C/D,C/D,C/D,C/D,Não,C/D,C/D,C/D,C/D,C/D,C/D,C/D,C/D,C/D,C/D,C/D,C/D,C,C/D,C/D,Não,C/D,Não,C,C/D,C/D,C/D,C/D,C/D,C/D,C/D,C/D,C/D,C/D,C/D,C/D,C/D,C/D,C/D,C/D,C/D,C/D,C,C/D,C/D,C/D,C/D,C/D,C/D,C/D,C/D,C/D,C/D,C/D,C/D,C/D,C/D,C/D,C/D,C,C/D,C/D,C/D,C/D,C/D,Não,C/D,C/D,C/D,C/D,C,C/D,C/D,C/D,C/D,C/D,C/D,C/D,C/D,C/D,C/D,C/D,C/D,C/D,C/D,C/D,C/D,C/D,C/D,C/D,C/D,C/D,C/D,C/D,C/D,C/D,C/D,C/D,C/D,C/D,C,C/D,C/D,C/D,C/D,C/D,C/D,C/D,C/D,C/D,C/D,C/D,C,C/D,C/D,C/D,C/D,C,C/D,C/D,C/D,C/D,C/D,C,C/D,C/D,C/D,C/D,C/D,C/D,C/D,C/D,C/D,C/D,C/D,C/D,C/D,C/D,C/D,C/D,C/D,C/D,C/D,C/D,C/D,C/D,C,C/D,C,C/D,C/D,C,C/D,C,C/D,C/D,C,C/D,C/D,C/D,C/D,C/D,C,C,C/D,C/D,C/D,C/D,C/D,Não,C/D,C/D,C,C/D,C,C/D,C/D,C,C/D,C/D,C,C/D,C,C/D,C/D,C/D,C/D,C/D,C/D,C/D,C/D,C/D,C/D,C/D,C/D,C/D,C/D,C/D,C/D,C/D,C,C/D,C,C/D,C/D,C/D,C/D,C/D,C/D,C/D,C,C,C/D,C/D,C/D,C/D,C,C/D,C/D,C/D,C/D,C/D,Não,C/D,C/D,C/D,Não,Não,C,C/D,C/D,C/D,C/D,C/D,C/D,C/D,C/D,C/D,C/D,C/D,C/D,C/D,C/D,C,C,C,C,C/D,C/D,C,C/D,C/D,Não,C,C/D,C/D,C,C/D,C/D,Não,C/D,C,C/D,C,C/D,C/D,C/D,C/D,R_1oIvDKEWwnEKNvw,R_1oIvDKEWwnEKNvw,939,31.3,2021,gb
R_1CkgORrEutfOaSq,Female,University degree or equivalent,Left school at 16 with GCSE or equivalent,20,80,0,NA,Portuguese;20;,English;80;,,30,70,0,NA,Portuguese,NA,10,8,NA,NA,I regularly speak both Portuguese and English to my child,English,NA,1,10,NA,NA,I always (or almost always) speak English to my child,First,NA,1,12,Always (or almost always) English,7,C/D,C/D,Não,Não,C/D,Não,Não,C/D,C/D,Não,Não,C/D,Não,Não,Não,C/D,Não,Não,C,Não,Não,Não,C,C,Não,Não,Não,C,C,Não,Não,Não,Não,C,Não,Não,Não,C/D,Não,Não,Não,Não,Não,Não,Não,Não,Não,C,C,Não,Não,Não,Não,C,Não,Não,Não,Não,C,C,C,Não,Não,Não,C,Não,C/D,C/D,Não,C/D,Não,Não,Não,Não,Não,Não,Não,Não,Não,C,Não,Não,Não,Não,Não,Não,Não,C/D,Não,C/D,Não,C/D,Não,C/D,Não,C/D,C/D,C,C,C/D,C/D,C,C,C,Não,Não,Não,C,C,C,C,C,Não,Não,Não,Não,Não,Não,Não,Não,Não,Não,Não,Não,Não,Não,C/D,Não,Não,Não,Não,C/D,C/D,Não,C,C,Não,C,Não,Não,C,C,Não,Não,Não,Não,Não,Não,Não,Não,Não,Não,Não,Não,Não,Não,C/D,C/D,Não,Não,Não,Não,Não,C/D,Não,Não,C,Não,C,Não,Não,Não,Não,Não,Não,C,Não,Não,Não,Não,C,Não,C,Não,Não,Não,Não,Não,Não,Não,Não,C,Não,Não,C,Não,Não,Não,Não,C,Não,Não,C,Não,Não,C,Não,Não,Não,Não,Não,Não,Não,Não,Não,Não,Não,C,Não,Não,Não,Não,Não,C,Não,C/D,C/D,Não,Não,Não,Não,Não,C/D,Não,Não,Não,Não,Não,Não,Não,Não,Não,C/D,C/D,C/D,C,Não,C/D,Não,Não,Não,Não,Não,C/D,Não,Não,Não,C/D,Não,Não,Não,C/D,Não,Não,C,C,C/D,C/D,Não,Não,C/D,Não,Não,Não,Não,Não,Não,C/D,C/D,Não,C/D,Não,Não,Não,Não,C,Não,Não,C,Não,Não,C,Não,C,Não,C,Não,C,Não,Não,Não,Não,Não,Não,Não,Não,Não,Não,Não,Não,C,Não,Não,Não,C,Não,Não,Não,Não,Não,Não,Não,Não,Não,Não,Não,C,Não,Não,Não,Não,Não,Não,Não,C/D,C/D,C/D,Não,C/D,Não,Não,Não,C/D,Não,C,Não,Não,Não,Não,Não,Não,Não,Não,Não,Não,C,Não,C,Não,Não,Não,Não,Não,C,Não,Não,Não,Não,Não,Não,Não,C,C,C,C,C,Não,Não,Não,C,C,C,C,Não,Não,C,C,Não,Não,Não,Não,Não,Não,Não,Não,Não,Não,Não,Não,Não,C,Não,Não,Não,Não,Não,Não,Não,Não,Não,C/D,Não,C,Não,Não,Não,C/D,Não,BL01UK01PO043,UKPO043,984,32.8,2021,gb
R_blm9yJIffmPAlmV,Female,University degree or equivalent,University degree or equivalent,20,80,0,NA,Portuguese;20;,English;80;,,85,15,0,NA,Portuguese,NA,10,8,NA,NA,I always (or almost always) speak Portuguese to my child,Portuguese,NA,10,8,NA,NA,I always (or almost always) speak Portuguese to my child,First,NA,1,7,Always (or almost always) English,3,C/D,C/D,C/D,C/D,C/D,C/D,C/D,C/D,C/D,C/D,C/D,C/D,C,C,C,C,Não,Não,C/D,C/D,C/D,Não,C,C/D,C,C/D,Não,Não,C/D,C/D,C/D,C/D,C/D,C/D,C/D,C/D,Não,C/D,Não,C/D,C/D,C/D,C/D,C/D,C/D,C/D,Não,C,C,Não,C,Não,C,C,Não,C,C,C/D,C/D,C/D,C/D,C,C,C,C/D,C,C/D,C/D,Não,Não,Não,C/D,Não,Não,Não,C/D,Não,Não,Não,C/D,Não,Não,Não,C/D,C/D,Não,Não,Não,C/D,Não,Não,Não,C/D,C/D,Não,C/D,C/D,C/D,C/D,C/D,C/D,C/D,C/D,C/D,C/D,C/D,Não,C/D,C/D,C/D,C/D,C/D,C/D,Não,Não,Não,C,Não,C,Não,C,C,C,C,Não,Não,C/D,Não,Não,C/D,C/D,Não,C/D,C,C/D,Não,Não,C/D,Não,Não,C/D,C/D,Não,Não,Não,Não,Não,Não,Não,Não,C/D,Não,C/D,C/D,C,Não,C,C/D,C/D,C/D,C/D,C/D,C/D,C/D,C,C,C,C,C/D,C/D,C,C/D,Não,Não,C/D,Não,Não,Não,C/D,C/D,Não,Não,C/D,C,Não,Não,C/D,C/D,Não,Não,Não,C/D,Não,C/D,Não,Não,C/D,Não,C/D,Não,Não,Não,Não,C/D,Não,C/D,C/D,Não,Não,Não,Não,Não,Não,Não,Não,Não,Não,Não,Não,Não,Não,Não,Não,Não,C,C/D,C/D,C/D,C,Não,Não,Não,C/D,C,C/D,C/D,C/D,C,C,Não,C,C,C/D,C/D,C/D,C/D,C/D,C/D,C/D,C/D,C,C,C/D,C/D,C/D,C/D,C/D,C/D,C,C/D,C,C/D,C,C,C,C,C,C,C/D,C,C,C/D,C,Não,C,Não,C,C/D,C,C/D,C,C,C,C,Não,C,C,Não,C,Não,C,C,Não,C,C,C,C,C,Não,C,C,C,C,C,C,C,C,C/D,C,C,C/D,Não,C,C,Não,C,C,C,C,Não,C,C,Não,C,Não,C,C/D,Não,C,C,C,C,C,C,C/D,C/D,C/D,Não,C/D,C/D,C/D,C,Não,C,C/D,C,C/D,Não,Não,C/D,Não,C/D,Não,Não,Não,C/D,Não,C,C/D,Não,Não,C/D,C/D,C/D,C/D,Não,Não,C/D,C,Não,Não,C/D,C/D,C,C/D,C/D,C/D,C/D,C/D,C/D,C,Não,Não,Não,C,Não,C,C/D,C/D,C/D,C/D,C/D,C/D,Não,Não,Não,C/D,C/D,C/D,Não,C/D,C/D,Não,C/D,Não,Não,C/D,C/D,C/D,Não,C/D,C,C,Não,C,C/D,C/D,C,BL01UK01PO044,UKPO044,781,26.03333333,2021,gb
R_2WCIrOTHknv8EnA,Female,University degree or equivalent,University degree or equivalent,40,60,0,NA,Portuguese;40;,English;60;,,95,5,0,NA,Portuguese,NA,10,6,NA,NA,I always (or almost always) speak Portuguese to my child,Portuguese,NA,10,5,NA,NA,I always (or almost always) speak Portuguese to my child,First,NA,1,12,Always (or almost always) English,4,Não,Não,Não,Não,Não,Não,Não,Não,Não,Não,Não,Não,Não,Não,Não,Não,Não,Não,Não,Não,Não,Não,Não,Não,Não,Não,Não,Não,Não,Não,Não,Não,Não,Não,C/D,Não,Não,Não,Não,Não,Não,Não,Não,Não,Não,Não,Não,Não,Não,Não,Não,Não,Não,Não,Não,Não,Não,Não,C,Não,Não,Não,Não,Não,Não,Não,C,Não,Não,Não,Não,Não,Não,Não,Não,Não,Não,Não,Não,Não,Não,Não,Não,Não,Não,Não,Não,Não,Não,Não,Não,Não,Não,Não,Não,C,Não,Não,Não,Não,C,Não,Não,Não,Não,Não,Não,C,Não,Não,Não,C/D,Não,Não,Não,Não,Não,Não,Não,Não,Não,Não,Não,Não,Não,Não,Não,Não,Não,C,Não,Não,C,Não,Não,Não,Não,Não,Não,Não,Não,Não,Não,Não,Não,Não,Não,Não,Não,Não,Não,Não,Não,Não,Não,Não,Não,C,Não,Não,Não,Não,Não,Não,Não,Não,Não,Não,Não,Não,Não,Não,Não,Não,Não,Não,Não,Não,Não,Não,Não,Não,Não,Não,Não,Não,Não,C,Não,Não,Não,Não,Não,Não,Não,Não,Não,Não,Não,Não,Não,Não,Não,Não,Não,C,Não,Não,Não,Não,Não,Não,Não,Não,Não,Não,Não,Não,Não,Não,Não,Não,Não,Não,Não,Não,Não,Não,Não,Não,Não,Não,C/D,Não,Não,Não,C/D,Não,Não,Não,Não,Não,Não,Não,Não,Não,Não,Não,Não,C,Não,Não,Não,C,Não,Não,Não,Não,Não,Não,Não,Não,Não,Não,Não,Não,Não,Não,Não,Não,Não,Não,Não,Não,Não,Não,Não,Não,Não,Não,Não,C,Não,Não,Não,Não,Não,Não,C,Não,Não,Não,Não,Não,Não,Não,Não,C,Não,Não,Não,Não,Não,Não,Não,Não,Não,Não,Não,Não,Não,Não,Não,Não,Não,Não,Não,Não,Não,Não,Não,Não,Não,Não,Não,Não,C,Não,Não,Não,Não,Não,Não,Não,Não,Não,Não,Não,Não,Não,Não,Não,Não,Não,Não,Não,Não,Não,Não,Não,Não,Não,Não,Não,Não,Não,Não,Não,Não,Não,Não,Não,Não,Não,C/D,Não,Não,C,Não,Não,Não,Não,Não,Não,Não,Não,Não,Não,Não,Não,Não,Não,Não,Não,Não,Não,Não,Não,C,Não,Não,Não,Não,Não,Não,Não,Não,Não,Não,Não,C,C,Não,Não,Não,Não,Não,Não,Não,Não,Não,Não,Não,Não,Não,Não,Não,Não,BL01UK01PO046,UKPO046,53,1.766666667,2021,gb
R_40Li6INX8gcuwQ9,Male,University degree or equivalent,Left school at 16 with GCSE or equivalent,40,60,0,NA,Portuguese;40;,English;60;,,70,30,0,NA,Portuguese,NA,10,9,NA,NA,I always (or almost always) speak Portuguese to my child,NA,NA,NA,NA,NA,NA,NA,Second,NA,2,NA,NA,0,C/D,C/D,C/D,C/D,C/D,C/D,C/D,C/D,C/D,C/D,C/D,C/D,C/D,C/D,C/D,C/D,C/D,Não,C/D,C/D,C/D,C,C,C/D,Não,C,Não,C/D,C/D,Não,C/D,C/D,C,C/D,C/D,C/D,C,C/D,C,C/D,C/D,C,C/D,C,C/D,C/D,Não,C/D,C/D,C/D,C/D,C/D,C,C/D,C/D,C/D,C/D,Não,Não,C,C,C,C/D,C/D,C/D,C/D,Não,C/D,C/D,Não,C/D,C/D,C/D,C,C/D,C,Não,C/D,Não,C,C/D,Não,C/D,C,C,Não,C/D,C/D,C/D,C/D,C/D,C/D,C,Não,C/D,C/D,C/D,C,C/D,C/D,C/D,C/D,C/D,C,C/D,C/D,C/D,C/D,C/D,C/D,C/D,C/D,C/D,C,C/D,Não,C/D,C/D,C,C,Não,C/D,C/D,C/D,Não,C,C,C,C,C/D,C,C/D,C/D,Não,C/D,C,C,C,C,C,C/D,C,C,C,C,C,Não,C,C,C,C,Não,C/D,C,C,C,C,C/D,C/D,C,C,C/D,C,C/D,Não,C,C/D,Não,C/D,C,Não,Não,Não,C,C/D,C/D,C,C,C,C,C,Não,C/D,Não,C/D,C,C,C/D,C,C,Não,C,Não,C/D,C,C/D,C,Não,C,C/D,C,C,C,C,Não,C/D,C/D,C/D,C,C,Não,C,C,C,C,Não,C/D,C,C,Não,C,C/D,C,Não,C,C/D,C/D,C/D,C,C,C,C,C/D,Não,Não,Não,C/D,Não,C,Não,Não,Não,C/D,C/D,C/D,C,C/D,C,C,C/D,C,C,C/D,C/D,C,C/D,C,C/D,C,C,C,C/D,C,Não,Não,C/D,C/D,C,C/D,C,Não,C,C,Não,C/D,C,Não,C,C,C,C,C/D,C,C,C/D,C,C/D,Não,C,C,C/D,C/D,Não,C,C,C,C,C/D,Não,C,Não,C,Não,Não,C/D,Não,C/D,C,C,Não,C,Não,Não,C,C,C,C,C,C,C,C,Não,Não,C,Não,C/D,C/D,C,C/D,C,Não,Não,C,C,C/D,C,C/D,C,C/D,C/D,C/D,C,C,Não,Não,C,Não,Não,Não,C/D,Não,Não,C,C,C,C/D,Não,C/D,C,C/D,Não,C/D,C,C/D,C/D,C,Não,C/D,C,C,Não,C/D,C/D,Não,Não,Não,Não,Não,Não,C,Não,Não,Não,Não,Não,Não,Não,Não,Não,Não,C,Não,C/D,C,Não,Não,C,Não,Não,Não,C/D,C/D,Não,C,C,C,Não,C,C,Não,C/D,C/D,C,Não,C,C/D,C/D,Não,BL01UK01PO048,UKPO048,797,26.56666667,2021,gb
R_3LdRB7ked4Xo5JS,Male,University degree or equivalent,Left school at 16 with GCSE or equivalent,80,20,0,NA,Portuguese;80;,English;20;,,95,5,0,NA,Portuguese,NA,10,7,NA,NA,I always (or almost always) speak Portuguese to my child,Portuguese,NA,10,9,NA,NA,I always (or almost always) speak Portuguese to my child,Second,NA,2,9,Always (or almost always) English,3,C/D,C/D,C/D,C/D,C/D,C/D,C/D,C/D,C/D,C/D,C/D,C/D,C,C,C,C,Não,C,C,C,C,Não,Não,Não,Não,C,Não,C,C,C,C,C,C,C,C,C,Não,C,Não,C,C,Não,C,C,C,C,C,C,C,C,C,C/D,C,C/D,C,C,C,C/D,C/D,C,C,C,C,C,C,C,C/D,C/D,C,C,C/D,C,Não,C,C,C,Não,C,C,C,C,Não,C,C/D,C/D,C,C,C,C/D,C/D,C,C,C,C,C,C,C,C,C,C,C,C,C,C,C,C,C,C,C,C,C,C,C,C,C,Não,C,C,C,C,C,C,C,C,Não,Não,C,C,C,C,C,C,C,Não,Não,C,Não,C,Não,Não,C,C,C,C,C/D,C,Não,C,C,C,C,C,C,C,C,C,C,C/D,C,Não,C,C,C,C,C,C,C,C,C,C,Não,C,C,C,C,C,Não,C,Não,C,C,C,C,C,C,C,C,C,C,C,C,C,C,Não,C,C,C/D,Não,C,C,C,Não,C,C,Não,C,C,C,C,Não,C,C,Não,C,C,Não,C,C,C,Não,Não,C,C,C/D,C,C,C,C/D,C,Não,Não,C,C/D,C,C,C,C/D,C,C,C,C,C,C,C,C/D,C,C/D,C/D,C/D,C,C,C,C/D,C,C/D,C/D,C,C,C,C,C,C/D,C,C,C,C,C,C,C,C,C,C,C,Não,C,C,C,C,C,C,C,C,C,C,C,C,C,C,C,C,C,C,C,C,C/D,C,C,C/D,C,C,C,C,C,C,C,C,C,C,C,C,Não,C,C,C,C,C,C,C,C,Não,C,C,Não,C,C,C,C,C,C,C,C,C,C,C,C/D,C,Não,C,C,C,C,C,C,C,C,C,C,Não,C,C,C,Não,C,C,C,C,C,C,C,C,C,C/D,C,C,C,C,Não,C,C,C,Não,C,Não,C,C,C,C/D,C,C,C,C,C,C,C,C,Não,C,C,C,C,C/D,C,C/D,C,C,C,C/D,C,C,Não,C,C,Não,C,C,C,C,C,C,Não,C/D,Não,C,Não,C,C,C,Não,BL01UK01PO049,UKPO049,845,28.16666667,2021,gb
R_djvtvVseUJ8fJq9,Male,University degree or equivalent,University degree or equivalent,90,10,0,NA,Portuguese;90;,English;10;,,100,0,0,NA,Portuguese,NA,10,6,3,Spanish,I always (or almost always) speak Portuguese to my child,Portuguese,NA,10,5,NA,NA,I always (or almost always) speak Portuguese to my child,First,NA,1,NA,NA,8,C/D,C/D,C/D,Não,C/D,C/D,C/D,C/D,C/D,Não,C/D,C/D,C/D,C/D,C/D,C/D,Não,C/D,Não,C/D,C/D,C/D,C/D,C/D,C/D,C/D,C,C/D,C/D,C/D,C/D,C/D,C/D,C/D,C/D,C/D,Não,C/D,Não,C/D,C/D,C/D,Não,C/D,C/D,C/D,C,Não,C/D,C,C,C/D,C/D,C/D,C/D,Não,C/D,C/D,Não,C,Não,C/D,C,Não,C/D,C/D,C/D,C/D,C/D,C,C/D,C/D,C/D,C/D,C/D,Não,C/D,C,Não,C/D,C/D,Não,C/D,C/D,C/D,Não,Não,C/D,C/D,C/D,C/D,Não,C/D,C/D,Não,C/D,C/D,C/D,C/D,C/D,C/D,C/D,C/D,C/D,C/D,C/D,C/D,C/D,C/D,C/D,C/D,C/D,C/D,C/D,C/D,Não,Não,C,C/D,C/D,C/D,Não,C/D,C/D,Não,C/D,Não,Não,Não,C/D,C/D,C/D,C/D,Não,C/D,C,C/D,C/D,C/D,C/D,C/D,C,C/D,C,C,C,Não,C/D,C,Não,C/D,Não,C/D,C/D,C,C/D,C/D,C/D,C/D,Não,Não,C/D,C/D,C/D,Não,C,C/D,Não,C/D,C/D,Não,C/D,Não,C,C/D,C/D,Não,C,C/D,C/D,Não,Não,C/D,C/D,C/D,C/D,C/D,C/D,Não,Não,C/D,C/D,Não,Não,C/D,Não,C/D,Não,C/D,Não,C/D,C,C/D,Não,Não,C/D,C/D,C,C/D,C,Não,C/D,Não,C/D,Não,Não,C/D,C/D,C/D,C,Não,C,C,C/D,C,C/D,C/D,C/D,C/D,C/D,Não,Não,C/D,Não,C/D,C/D,C/D,C,C/D,Não,Não,C/D,C/D,C/D,C/D,C,C/D,C/D,C/D,C/D,C,C,C/D,C/D,C/D,C/D,C/D,C,C,C/D,C/D,C/D,C/D,C,C/D,C/D,C/D,Não,C/D,C,C/D,C/D,Não,Não,Não,Não,C/D,Não,C/D,Não,C/D,Não,C,Não,C/D,C/D,C,C,C/D,Não,C,C/D,C,C/D,C/D,C,Não,C/D,C/D,Não,C/D,C,C,C/D,C/D,C,C,C/D,C/D,C,C/D,C,C/D,C,Não,C/D,C/D,C/D,C/D,Não,C/D,C/D,C,C/D,Não,Não,C/D,C,C/D,C,C,C/D,C,C/D,C/D,C/D,C/D,C,C/D,C/D,C/D,C,C,C,C,C,C/D,C,Não,C/D,C/D,C,C/D,C,C/D,C/D,Não,C/D,C/D,Não,Não,Não,C,C/D,C/D,C/D,Não,C/D,C,C,Não,C/D,C/D,Não,C,C/D,Não,Não,C,C,Não,C,C,Não,C,C,C,C,C/D,C/D,C/D,C/D,C/D,C,C,C,Não,Não,C,C,C/D,C/D,Não,C/D,C/D,C/D,C,C/D,C/D,C,C/D,C,C/D,C,C,C/D,C/D,C/D,BL01UK01PO050,UKPO050,636,21.2,2021,gb
R_z3cN8dapWSwIcut,Male,University degree or equivalent,University degree or equivalent,90,10,0,NA,Portuguese;90;,English;10;,,98,2,0,NA,Portuguese,NA,10,8,NA,NA,I always (or almost always) speak Portuguese to my child,Portuguese,NA,10,4,NA,NA,I always (or almost always) speak Portuguese to my child,First,NA,1,NA,NA,NA,C,C/D,C/D,C/D,C/D,C/D,C/D,C/D,C/D,C/D,C/D,C/D,C,Não,Não,Não,Não,C,Não,Não,Não,Não,Não,C,C/D,C,Não,C,Não,C,C,C/D,C,C,C/D,C,Não,Não,Não,C,Não,C/D,Não,C,Não,C,Não,C,C,C,C,C,Não,C/D,C,Não,C,C/D,C/D,C,Não,C,Não,Não,C,C,C/D,C/D,C/D,Não,Não,Não,C,C/D,C,Não,Não,Não,Não,C,C,Não,C,C/D,Não,Não,Não,C/D,C/D,Não,C/D,Não,Não,Não,Não,Não,C,Não,Não,C,Não,Não,Não,Não,C/D,Não,Não,Não,C,C,C,Não,Não,C,Não,Não,Não,C/D,C,Não,Não,Não,Não,C,Não,Não,C,Não,Não,Não,C/D,C,C/D,Não,Não,C,C,Não,Não,Não,Não,Não,Não,Não,C,Não,Não,C,Não,Não,Não,Não,C,Não,Não,Não,Não,C/D,C,Não,Não,C,C,C/D,Não,C,C,Não,Não,Não,Não,Não,Não,Não,Não,Não,Não,Não,C/D,Não,C,Não,Não,Não,Não,C,Não,Não,Não,Não,Não,C,Não,Não,C,Não,C/D,Não,C,C,Não,Não,C,Não,Não,Não,C/D,Não,C,Não,Não,C,Não,Não,C,Não,Não,C/D,Não,Não,Não,Não,C,C,Não,C/D,C/D,C/D,C,Não,Não,Não,C/D,Não,Não,Não,C/D,Não,Não,Não,Não,Não,Não,Não,C,Não,Não,C/D,C,C,Não,Não,C/D,C/D,Não,C,C,C,Não,C,Não,C,Não,Não,C,C/D,C,C,C,Não,C,Não,Não,Não,Não,Não,C,C,C,C,C,C,C,C,C,C,C,Não,C,Não,C,Não,Não,C,C/D,C,Não,C,Não,Não,Não,C,Não,Não,C,Não,C,Não,C,Não,C/D,C,C,C,Não,C,C,Não,C,Não,Não,C,Não,Não,Não,Não,C,C,C,Não,Não,Não,C,Não,C,C,Não,Não,Não,Não,Não,Não,Não,Não,Não,Não,Não,Não,Não,Não,Não,Não,Não,Não,Não,Não,Não,Não,C,Não,Não,Não,Não,Não,C/D,Não,Não,Não,Não,Não,Não,Não,Não,Não,Não,C,Não,Não,C,Não,Não,Não,Não,Não,Não,Não,Não,Não,C/D,Não,Não,Não,Não,Não,Não,Não,Não,Não,C,Não,C,C/D,Não,Não,C,Não,Não,Não,Não,Não,C,Não,Não,Não,Não,C,C/D,C/D,BL01UK01PO051,UKPO051,471,15.7,2021,gb
R_1DZLjyN3ptuHwlq,Female,University degree or equivalent,University degree or equivalent,90,10,0,NA,Portuguese;90;,English;10;,,95,5,0,NA,Portuguese,NA,10,7,0,NA,I always (or almost always) speak Portuguese to my child,Portuguese,NA,10,9,4,Spanish,I always (or almost always) speak Portuguese to my child,First,NA,1,NA,NA,2,C/D,C/D,C/D,C,C/D,C/D,C/D,C/D,C/D,Não,C/D,C/D,C/D,C/D,C/D,C,C,Não,C/D,C/D,C/D,Não,C/D,C/D,Não,C/D,Não,C/D,C/D,C,C/D,C/D,C/D,C,C/D,C/D,Não,C/D,Não,C/D,C,C/D,C,C,C/D,C/D,Não,C,C/D,Não,C,Não,C,C/D,C,C/D,C/D,C/D,C/D,C/D,C,C/D,C/D,C,C/D,C/D,C/D,C/D,C/D,C,C,C/D,C/D,C/D,C/D,C/D,C/D,C,C,C/D,C/D,Não,C/D,C/D,C/D,C/D,C/D,C/D,C/D,C/D,C/D,C/D,C/D,C/D,Não,C/D,C/D,C,C/D,C/D,C/D,C/D,C/D,C/D,C/D,Não,C,C/D,C/D,C/D,C,C/D,C/D,C/D,C/D,C/D,C/D,C/D,C/D,C/D,Não,C/D,C/D,C,C/D,C,C/D,C,Não,C/D,C/D,C/D,C/D,C/D,C/D,C/D,C,C/D,C/D,C,C/D,C/D,C/D,C/D,C,C,C,C/D,C/D,C,C/D,C/D,C/D,C/D,C/D,C/D,C/D,C/D,C,C/D,C,C/D,C,C/D,C/D,C,C/D,C,C/D,C/D,Não,C/D,Não,C,C/D,C/D,C,C/D,C/D,C/D,C,Não,C/D,Não,C/D,C,C/D,C/D,C,C/D,C/D,C/D,C,Não,C/D,C,C/D,Não,C/D,C/D,C/D,C,C,C/D,Não,C/D,C/D,C/D,Não,Não,C/D,C/D,C/D,C,C/D,Não,C,C,C/D,C,Não,C/D,C,Não,C/D,C/D,C/D,C/D,Não,C/D,C,C,C/D,Não,C/D,C/D,C/D,C/D,C/D,Não,C/D,C/D,C/D,C/D,C/D,C/D,C/D,C/D,C/D,C,C/D,C,C/D,C/D,C,C/D,C/D,C,C,C,C/D,C/D,C/D,C,C/D,C/D,C/D,C,C/D,C/D,Não,C/D,C/D,C,C,C,C,C/D,C/D,C/D,C/D,Não,C/D,C,C/D,C/D,C,C,C/D,C,C,C/D,C/D,C/D,C/D,C,C,C/D,C,C/D,C/D,C/D,C/D,C,C/D,C/D,C/D,C/D,Não,C,C/D,Não,C,C/D,Não,C/D,C/D,C/D,C,C,C/D,C,C/D,C/D,Não,C/D,C/D,C,C/D,C,C/D,C/D,C,C/D,C/D,C/D,C/D,C/D,C/D,C,C/D,C,C/D,C/D,C/D,C/D,C/D,C/D,Não,C/D,C,C/D,C/D,C/D,C/D,Não,C/D,C/D,C/D,C,C,C/D,C/D,C/D,C/D,C,C,C/D,C/D,C/D,Não,C/D,C/D,Não,C,C,C,Não,C,C,C,C/D,C,C/D,C,C,C/D,C/D,C/D,C/D,C,C/D,C/D,C/D,C,C,C,C,C/D,Não,C/D,C/D,Não,C,C/D,C/D,C,C/D,C/D,Não,C/D,Não,C/D,Não,C,C/D,C/D,C/D,BL01UK01PO052,UKPO052,794,26.46666667,2021,gb
R_11hxz8W0f2RIukA,Female,University degree or equivalent,University degree or equivalent,60,40,0,NA,Portuguese;60;,English;40;,,70,30,0,NA,Portuguese,NA,10,8,2,Italian,I always (or almost always) speak Portuguese to my child,English,NA,NA,10,NA,NA,I always (or almost always) speak English to my child,First,NA,1,14,Always (or almost always) English,NA,C,Não,C,Não,C,C,C,C,C,Não,Não,C,Não,C,Não,Não,Não,C,Não,Não,Não,C,Não,Não,Não,Não,Não,C,C,Não,Não,Não,C,C,C,C,Não,Não,Não,Não,Não,Não,Não,Não,Não,C,Não,Não,Não,Não,Não,Não,Não,Não,Não,Não,Não,Não,C,C,C,C,Não,Não,C,Não,C,C,Não,Não,Não,Não,Não,C,C,Não,Não,Não,C,C,Não,Não,Não,Não,Não,Não,Não,Não,C,C,C,Não,Não,Não,Não,C,C,C,C,C,C,Não,C,Não,C,Não,Não,C,C,C,C,C,C,C,Não,Não,Não,Não,Não,Não,Não,Não,Não,Não,Não,Não,C,Não,Não,Não,Não,Não,Não,Não,Não,Não,Não,Não,Não,Não,C,Não,Não,Não,Não,Não,Não,Não,Não,Não,Não,Não,Não,Não,Não,Não,Não,C,Não,Não,Não,Não,Não,Não,C,Não,Não,Não,Não,Não,Não,Não,Não,Não,Não,Não,Não,Não,Não,Não,Não,Não,Não,Não,Não,Não,Não,Não,Não,Não,Não,Não,Não,C,Não,Não,Não,Não,Não,C,Não,Não,C,Não,Não,Não,Não,Não,Não,Não,Não,Não,Não,Não,Não,Não,Não,Não,C,Não,Não,Não,Não,C,Não,C,C,C,Não,Não,Não,Não,C,Não,Não,Não,C,Não,Não,Não,Não,Não,Não,Não,C,C,C,Não,C,C,C,Não,C,C,C/D,C,C,C,Não,Não,Não,Não,C,Não,C,Não,Não,C,Não,Não,Não,Não,Não,Não,Não,Não,Não,C,C,C,C,Não,Não,Não,Não,Não,Não,Não,C,Não,Não,Não,Não,C,Não,Não,Não,C,Não,Não,Não,Não,Não,Não,Não,Não,Não,Não,C,Não,Não,Não,Não,Não,Não,Não,Não,Não,C,Não,C,Não,Não,Não,Não,Não,Não,Não,Não,Não,Não,Não,Não,Não,C,C,Não,Não,Não,Não,Não,Não,Não,Não,Não,Não,Não,Não,Não,Não,C,Não,Não,Não,Não,Não,Não,Não,Não,Não,Não,Não,Não,Não,Não,Não,Não,Não,Não,Não,Não,Não,Não,Não,Não,C,Não,Não,Não,Não,Não,Não,Não,Não,Não,Não,Não,Não,C/D,C,Não,C,Não,Não,Não,Não,Não,Não,Não,Não,C,Não,Não,C/D,Não,Não,Não,Não,Não,Não,C,Não,Não,Não,Não,Não,Não,Não,BL01UK01PO053,UKPO053,618,20.6,2021,gb
R_231VnXSAGr3x6Je,Female,University degree or equivalent,Left school at 16 with GCSE or equivalent,40,60,0,NA,Portuguese;40;,English;60;,,70,30,0,NA,Portuguese,NA,10,9,NA,NA,I regularly speak both Portuguese and English to my child,Portuguese,NA,10,6,NA,NA,I regularly speak both Portuguese and English to my child,Second,NA,2,28,Always (or almost always) English,NA,C/D,C/D,C/D,C/D,C,C,C/D,C/D,C/D,C/D,C,C/D,C,C,C,C,C,C,C/D,C,C,Não,C,C,C/D,C,C,C,C/D,C,C,C/D,C,C/D,C,C/D,Não,C,C,C,C,C,C,C,C,C,C,C,C/D,C,C/D,C,C,C/D,C,C,C,C/D,C/D,C/D,C,C,C,C,C/D,C,C/D,C/D,C/D,C,C,C,Não,C/D,C/D,C/D,C/D,C/D,C,C,C,C,C,C,C/D,C,Não,C,C/D,Não,C,C/D,C,C,C/D,C,C,C,C,C,C/D,C,C/D,C,C,C,C,C/D,C,C,C,C,C,C/D,C,C,C/D,C,C/D,C,C,C/D,C/D,C,C,Não,C,C,Não,C/D,C/D,C/D,C/D,C,C,C,C,C,C,C,C,C,C,C/D,C,C,C,C,C,C,C,C,C,C,C,C,C/D,C/D,C,C,C,C,C,C,C/D,C,C,C,C/D,C,C,C,C,C,C/D,C,C,C,C/D,C,C,C,C,C,C/D,C,C,C,C,C,C/D,C,C,C/D,C,Não,C/D,C,C/D,C/D,C,C/D,C,C,C,C/D,C/D,C/D,C,C,C,C,C,C,C,C,C,C,C,C,C/D,C,C,C/D,C/D,C/D,C/D,C/D,C,C,C,C,C/D,C,C/D,C/D,C/D,C,C,C,C,C,C/D,C/D,C/D,C,C,C,C/D,C/D,C,C,C/D,C/D,C,C/D,C,C/D,C,C,C,C/D,C,Não,C,C/D,C/D,C,C,C,C/D,C,C,C,C,C,C,C,C,C,C,C,C,C,C,C/D,C,C,C,C,C,C,C,C,C/D,C,C,C,C,C,C,C,C,C,C,C,C/D,C,C,C,C,C,C,C,C,C,C,C,C,Não,C,C,C,C,Não,C,C,C,C,C,C,C/D,C,C,C,C/D,C,C,C/D,C,C,C/D,C,C,C,C,C,C,C,C/D,C,C,C,C,C,C/D,C,C,C/D,C,C,C,C,C,C,C,Não,C/D,C,C,C,C,C,C,C/D,C,C,C,C,C,C,C,C/D,C,C,C,C,C/D,C,C,C/D,C,C/D,C/D,C,C,C,C/D,C,Não,C,C/D,Não,C,C,C,C,C,C,Não,C/D,C,C,Não,C,C/D,C,C,BL01UK01PO054,UKPO054,861,28.7,2021,gb
R_1LvrnJdCZn66pT6,Female,University degree or equivalent,University degree or equivalent,90,10,0,NA,Portuguese;90;,English;10;,,95,5,0,NA,Portuguese,NA,10,8,NA,NA,I always (or almost always) speak Portuguese to my child,Portuguese,NA,10,5,NA,NA,I always (or almost always) speak Portuguese to my child,First,NA,1,NA,NA,NA,C/D,C/D,C/D,C/D,C/D,C/D,C/D,C/D,C/D,C/D,C/D,C/D,C/D,C/D,C/D,C/D,C/D,C/D,C/D,C/D,C/D,C/D,C/D,C/D,C/D,C/D,C/D,C/D,C/D,C/D,C/D,C/D,C/D,C/D,C/D,C/D,C/D,C/D,Não,C/D,C/D,C/D,C/D,C/D,C/D,C/D,Não,C/D,C/D,C/D,C/D,C/D,C/D,C/D,C/D,Não,C/D,C/D,C/D,C/D,C/D,C/D,C/D,Não,C/D,C/D,C/D,C/D,C/D,C/D,C/D,C/D,C/D,C/D,C/D,C/D,C/D,C/D,C/D,C/D,C/D,Não,C/D,C/D,C/D,C,Não,C/D,C/D,C/D,C/D,C/D,C/D,Não,C/D,C/D,C/D,C/D,C/D,C/D,C/D,C/D,C/D,C/D,C/D,C/D,C/D,C/D,C/D,C/D,C/D,C/D,C/D,C/D,C/D,Não,C/D,C/D,C/D,C/D,C/D,C,C/D,C/D,C/D,Não,C/D,C,C/D,C/D,C/D,C/D,C/D,C/D,C/D,C/D,C/D,C/D,C/D,C/D,C/D,C/D,C/D,C/D,C/D,C/D,C,C/D,C/D,C/D,C/D,C/D,C/D,C/D,C/D,C/D,C/D,C/D,C/D,C/D,Não,C/D,C/D,C/D,C,C/D,C/D,C/D,C/D,C/D,C,C/D,Não,C,C/D,C/D,C/D,C/D,C/D,C/D,C/D,C/D,C/D,C/D,C/D,C/D,C/D,Não,Não,C/D,C,C/D,Não,C/D,C/D,Não,C/D,Não,C/D,C/D,C/D,C/D,C/D,C/D,C/D,C/D,C/D,C/D,Não,C/D,C/D,C/D,C/D,C/D,C/D,C/D,C/D,C/D,C/D,C/D,C/D,C/D,C/D,C/D,C/D,C/D,C/D,C/D,C/D,C,C/D,C/D,C/D,C/D,C/D,C/D,C/D,C/D,C/D,Não,Não,Não,C/D,C/D,C/D,C/D,C/D,C/D,C/D,C/D,C/D,C/D,C/D,C/D,C/D,C/D,C/D,C/D,C,C/D,C/D,C/D,C/D,Não,C/D,C/D,C/D,C/D,C/D,C/D,C,C/D,Não,Não,C,Não,C/D,C/D,C/D,C/D,C/D,C,C/D,C/D,C/D,C/D,C/D,C/D,C/D,Não,C,C/D,C,C/D,C/D,C/D,C,C/D,C,C,C,C/D,C/D,C/D,C/D,C,Não,C/D,C/D,C/D,C/D,C/D,C/D,C/D,C/D,C/D,C/D,C/D,C/D,C,C/D,C/D,C/D,C/D,Não,C/D,C/D,C/D,C/D,C/D,Não,C,C,C/D,C/D,C/D,C/D,C/D,C/D,C,C,C/D,C,Não,C/D,C/D,C/D,C/D,Não,C/D,C/D,C,Não,Não,C/D,C/D,C/D,C/D,C/D,C/D,Não,Não,C/D,C/D,C/D,Não,Não,C/D,C/D,C/D,Não,C/D,C/D,Não,Não,Não,Não,Não,Não,C/D,C/D,C/D,C/D,C/D,Não,Não,C/D,C/D,C/D,Não,Não,Não,C/D,Não,Não,Não,Não,Não,C/D,C/D,C/D,C/D,C,C/D,C/D,C/D,Não,C,C/D,Não,C/D,C,C/D,C/D,C,C/D,C/D,C/D,BL01UK01PO055,UKPO055,875,29.16666667,2021,gb
R_3HuKJ8l4AmmqQlG,Male,University degree or equivalent,Left school at 18 with A-Levels or equivalent,70,30,0,NA,Portuguese;70;,English;30;,,60,40,0,NA,Portuguese,NA,10,7,NA,NA,I regularly speak both Portuguese and English to my child,NA,NA,NA,NA,NA,NA,NA,First,NA,1,24,Always (or almost always) English,NA,C/D,C/D,C/D,C/D,C/D,C/D,C/D,C/D,C/D,C/D,C/D,C/D,C,C,C,C,Não,C,Não,C,C,Não,Não,C,C,C,Não,C,C,C,C,C,C,C,C,C,Não,Não,Não,C,C,Não,Não,C,Não,C,Não,C,C,C,C,Não,C,C,Não,Não,Não,C,C/D,C,C,C,C,Não,C,C,C/D,C/D,C,C,C,C,Não,Não,Não,Não,Não,Não,Não,C,C,Não,C,C,C,Não,Não,C,C/D,C/D,C,C/D,C,Não,C,C,C,C,C,C,C,Não,C,Não,C/D,Não,C,C/D,C,C,C,C,C,C,C,Não,Não,Não,Não,Não,Não,Não,Não,Não,Não,Não,Não,Não,Não,Não,Não,Não,Não,Não,Não,Não,Não,C,Não,Não,C,Não,Não,C,C,Não,Não,Não,C,Não,C,Não,Não,Não,Não,C,C,C/D,C/D,Não,Não,C,C,C,Não,C,Não,Não,C/D,Não,Não,Não,Não,Não,C,Não,Não,C,C/D,C,C,C,C,Não,Não,Não,Não,Não,Não,Não,Não,Não,Não,Não,Não,Não,Não,Não,Não,C,Não,Não,Não,Não,Não,C,C/D,Não,Não,Não,Não,C,C,C,Não,Não,Não,Não,C,Não,Não,Não,C,C,C,C/D,Não,C/D,Não,Não,Não,Não,C/D,Não,Não,Não,C/D,Não,Não,Não,Não,Não,Não,Não,C/D,C,C,C,C/D,C,C,C,C/D,C/D,C,C,C/D,C,Não,C,C,C,C,Não,C,C/D,C,C,C,C,C,C,Não,Não,Não,Não,Não,C,C,C,C,C,C,C,C,Não,C,Não,C,Não,Não,C,Não,C,C/D,C,Não,C/D,Não,Não,Não,C,C,C,C/D,Não,Não,C,Não,Não,C,Não,Não,Não,C,C,C/D,Não,C,Não,C,Não,Não,Não,Não,Não,C,Não,C/D,C,Não,Não,C,C,Não,C/D,C,C,C,C,C,C,C,C,C,C,C,C,C,C,C,C,C,C,Não,C,Não,Não,Não,Não,Não,Não,Não,Não,C/D,Não,Não,Não,Não,Não,Não,C,C,Não,C,C,C,Não,Não,C,Não,Não,Não,Não,C,Não,Não,C,C/D,C,C,C,C,C,C,C,Não,Não,Não,Não,C/D,C,Não,C/D,Não,Não,Não,Não,Não,Não,C/D,Não,Não,Não,Não,Não,C/D,Não,BL01UK01PO056,UKPO056,750,25,2021,gb
R_2QAmb2eMsQ50mPs,Female,University degree or equivalent,Left school at 18 with A-Levels or equivalent,0,100,0,NA,Portuguese;0;,English;100;,,20,80,0,NA,English,NA,2,10,0,NA,I always (or almost always) speak English to my child,Portuguese,NA,10,8,4,Itália ,I regularly speak both Portuguese and English to my child,Third,NA,3,12,Always (or almost always) English,NA,Não,C,Não,Não,Não,Não,Não,Não,C,Não,Não,Não,Não,Não,Não,Não,Não,C,Não,Não,Não,Não,Não,Não,Não,Não,Não,C,Não,Não,Não,Não,Não,Não,Não,Não,Não,Não,Não,Não,Não,Não,Não,Não,Não,C,Não,Não,Não,Não,Não,Não,Não,Não,Não,Não,Não,Não,Não,Não,Não,Não,Não,Não,Não,Não,C,C,Não,Não,Não,Não,C,Não,Não,Não,Não,Não,Não,Não,Não,Não,C,Não,Não,Não,Não,Não,Não,Não,Não,Não,Não,Não,Não,Não,Não,Não,Não,Não,Não,Não,Não,Não,Não,Não,Não,Não,Não,Não,Não,Não,Não,Não,Não,Não,Não,Não,Não,Não,Não,Não,Não,Não,Não,Não,Não,Não,Não,Não,Não,Não,Não,Não,Não,Não,Não,C,Não,Não,Não,Não,Não,Não,Não,Não,Não,Não,Não,Não,Não,Não,Não,Não,Não,Não,Não,C,Não,Não,Não,Não,Não,Não,Não,Não,Não,Não,C,Não,Não,Não,Não,Não,Não,Não,Não,Não,Não,Não,Não,Não,Não,Não,Não,Não,Não,Não,Não,Não,Não,Não,Não,Não,Não,Não,Não,Não,Não,Não,Não,Não,Não,Não,Não,Não,Não,Não,Não,Não,Não,Não,Não,Não,Não,Não,Não,Não,Não,Não,Não,Não,Não,Não,Não,Não,Não,Não,Não,Não,Não,Não,Não,Não,Não,Não,Não,Não,Não,Não,Não,Não,Não,Não,C,Não,Não,Não,Não,Não,Não,Não,C,Não,Não,Não,Não,Não,Não,Não,C,Não,Não,Não,Não,Não,C,Não,Não,Não,Não,Não,Não,Não,Não,Não,Não,Não,Não,Não,Não,Não,Não,Não,Não,Não,Não,Não,Não,Não,Não,Não,Não,Não,Não,Não,Não,Não,Não,Não,Não,Não,Não,Não,Não,Não,Não,C,Não,Não,Não,Não,Não,Não,Não,Não,Não,Não,Não,Não,Não,Não,Não,Não,Não,Não,C,Não,Não,Não,Não,Não,Não,Não,Não,C,Não,Não,Não,Não,Não,Não,Não,Não,Não,Não,Não,Não,Não,Não,Não,Não,Não,Não,Não,Não,Não,Não,Não,Não,Não,Não,Não,Não,C,Não,Não,C,Não,Não,Não,Não,Não,Não,Não,Não,Não,Não,Não,Não,Não,Não,Não,Não,Não,Não,Não,Não,C,C,Não,Não,Não,Não,Não,Não,Não,Não,Não,Não,C,C,Não,Não,Não,Não,Não,Não,Não,Não,C,Não,Não,Não,Não,Não,Não,Não,BL01UK01PO057,UKPO057,476,15.86666667,2021,gb
R_1pnHenWoEBP2pzD,Male,University degree or equivalent,University degree or equivalent,80,20,0,NA,Portuguese;80;,English;20;,,95,5,0,NA,Portuguese,NA,10,8,NA,NA,I always (or almost always) speak Portuguese to my child,Portuguese,NA,10,9,NA,NA,I always (or almost always) speak Portuguese to my child,First,NA,1,NA,NA,1,C/D,C/D,C/D,C/D,C/D,C/D,C/D,C/D,C/D,Não,C/D,C/D,C/D,C/D,C/D,C/D,C/D,C/D,C/D,C/D,C/D,C/D,C/D,C/D,C/D,C/D,C/D,C/D,C/D,C/D,C/D,C/D,C/D,C/D,C/D,C/D,C/D,C/D,C/D,C/D,C/D,C/D,C/D,C/D,C/D,C/D,C/D,C/D,C/D,C/D,C/D,C/D,C/D,C/D,C/D,C/D,C/D,C/D,C/D,C/D,C/D,C/D,C,Não,C/D,C/D,Não,C/D,C/D,C/D,C/D,C/D,C/D,C/D,C/D,C/D,C/D,C/D,C/D,C/D,C/D,C/D,C/D,C/D,C/D,C/D,C/D,C/D,C/D,C/D,C/D,C/D,C/D,C/D,C/D,C/D,C/D,C/D,C/D,C/D,C/D,C/D,C/D,C/D,C/D,C/D,C/D,C/D,C/D,C/D,C/D,C/D,C/D,C/D,C/D,Não,C/D,C/D,C/D,Não,C/D,Não,C/D,Não,C/D,Não,C/D,Não,Não,C/D,C/D,C/D,C/D,Não,C/D,C/D,C/D,C/D,C/D,C/D,C/D,C/D,C/D,C/D,C/D,C/D,C/D,C/D,C/D,C/D,C/D,Não,C/D,C/D,C/D,C/D,C/D,C/D,C/D,C/D,C/D,C/D,C/D,C/D,C/D,C/D,C/D,C/D,C/D,C/D,Não,C/D,Não,C/D,C/D,C/D,C/D,C/D,C/D,C/D,C/D,C/D,C/D,C/D,C/D,C/D,C/D,C/D,Não,C/D,Não,C/D,Não,C/D,C/D,Não,C/D,C/D,C/D,C/D,C/D,C/D,C/D,C/D,Não,C/D,C/D,C/D,C/D,C/D,C/D,C/D,C/D,C/D,C/D,Não,C/D,C/D,C/D,C/D,C/D,C/D,C/D,C/D,C/D,C/D,C/D,C/D,C/D,C/D,C/D,C/D,C/D,C/D,C/D,C/D,C/D,C/D,C/D,C/D,Não,Não,C/D,C/D,C/D,C/D,C/D,C/D,C/D,C/D,C/D,C/D,C/D,C/D,Não,C/D,C/D,C/D,C/D,C/D,C/D,C/D,C/D,C/D,C/D,C/D,C/D,C/D,C/D,C/D,C/D,C/D,C/D,C/D,C/D,C/D,C/D,C/D,C/D,C/D,C/D,C/D,C/D,C/D,C/D,C/D,C/D,C/D,C/D,C/D,C/D,C/D,C/D,C/D,C/D,C/D,C/D,C/D,C/D,C/D,C/D,C/D,C/D,C/D,C/D,C/D,C/D,C/D,C/D,C/D,C/D,C/D,C/D,C/D,C/D,C/D,C/D,C/D,C/D,Não,C/D,C/D,C/D,C/D,Não,C/D,C/D,C/D,Não,C/D,C/D,C/D,C/D,C/D,C/D,C/D,C/D,C/D,C/D,C/D,C/D,C/D,C/D,C/D,C/D,C/D,C/D,C/D,C/D,C/D,C/D,C/D,C/D,C/D,C/D,C/D,Não,C/D,C/D,C/D,C/D,C/D,C/D,C/D,C/D,C/D,C/D,C/D,C/D,C/D,C/D,C/D,C/D,C/D,C/D,C/D,C/D,C/D,C/D,C/D,C/D,C/D,C/D,C/D,C/D,C/D,C/D,C/D,C/D,C/D,C/D,C/D,C/D,Não,C/D,C/D,Não,Não,Não,C/D,C/D,C/D,Não,C/D,C/D,C/D,Não,C/D,C/D,Não,C/D,Não,C/D,C/D,C/D,C/D,C/D,C/D,BL01UK01PO058,UKPO058,859,28.63333333,2021,gb
R_2CHCvgnKqru4BG6,Female,University degree or equivalent,University degree or equivalent,75,25,0,NA,Portuguese;75;,English;25;,,90,10,0,NA,Portuguese,NA,10,8,5,Spanish,I always (or almost always) speak Portuguese to my child,Portuguese,NA,10,9,NA,NA,I always (or almost always) speak Portuguese to my child,Second,NA,2,30,Always (or almost always) English,1,C/D,C/D,C/D,C/D,C/D,C/D,C/D,C/D,C/D,C/D,C/D,C/D,C/D,C/D,C/D,C/D,C/D,C/D,C/D,C/D,C/D,Não,C/D,C/D,C/D,C/D,C/D,C/D,C/D,C/D,C/D,C/D,C/D,C/D,C/D,C/D,Não,C/D,C/D,C/D,C/D,C/D,C/D,C/D,C/D,C/D,C/D,C/D,C/D,C/D,C/D,C/D,C/D,C/D,C/D,C/D,C/D,C/D,C/D,C/D,C/D,C/D,C/D,C/D,C/D,C/D,C/D,C/D,C/D,C/D,C/D,C/D,C/D,C/D,C/D,C/D,C,C/D,C/D,C/D,C/D,C/D,C/D,C/D,C/D,C/D,C/D,C/D,C/D,C/D,C/D,C/D,C/D,C/D,C/D,C/D,C/D,C/D,C/D,C/D,C/D,C/D,C/D,C/D,C/D,C/D,C/D,C/D,C/D,C/D,C/D,C/D,C/D,C/D,C/D,C/D,C/D,C/D,C/D,C/D,C/D,C/D,C/D,C/D,C/D,C/D,C/D,C/D,C/D,C/D,C/D,C/D,C/D,C/D,C/D,C/D,C/D,C/D,C/D,C/D,C/D,C/D,C/D,C/D,C/D,C/D,C/D,C/D,C/D,C/D,C/D,C/D,C/D,C/D,C/D,C/D,C/D,C/D,C/D,C/D,C/D,C/D,C/D,C/D,C/D,C/D,C/D,C/D,C/D,C/D,C/D,C/D,C/D,C/D,C/D,C/D,C/D,C/D,C/D,C/D,C/D,C/D,C/D,C/D,C/D,C/D,C/D,C/D,Não,C/D,C/D,C/D,Não,C/D,C/D,C/D,C/D,C/D,C/D,C/D,C/D,C/D,C/D,C/D,C/D,C/D,C/D,C/D,C/D,C/D,C/D,C/D,C/D,C/D,C/D,C/D,C/D,C/D,C/D,C/D,C/D,C/D,C/D,C/D,C/D,C/D,C/D,C/D,C/D,C/D,C/D,C/D,C/D,C/D,C/D,C/D,C/D,C/D,C/D,C/D,C/D,C/D,C/D,C/D,C/D,C/D,C/D,C/D,C/D,C/D,C/D,C/D,C/D,C/D,C/D,C/D,C/D,C/D,C/D,C/D,C/D,C/D,C/D,C/D,C/D,C/D,C/D,C/D,C/D,C/D,C/D,C/D,C/D,C/D,C/D,Não,C/D,C/D,C/D,C/D,C/D,C/D,C/D,C/D,C/D,C/D,C/D,C/D,C/D,C,C/D,C/D,C/D,C/D,C/D,C/D,C/D,C/D,C/D,C/D,C/D,C/D,C/D,C/D,C/D,C/D,C/D,C/D,C/D,C/D,C/D,C/D,C/D,C/D,C/D,C/D,C/D,C/D,C/D,C/D,C/D,C/D,C/D,C/D,C,C/D,C/D,C/D,C/D,C/D,C/D,C/D,C/D,C/D,C/D,C/D,C/D,C/D,C/D,C/D,C/D,C/D,C/D,C/D,C/D,C/D,C/D,C/D,C/D,C/D,C/D,C/D,C/D,C/D,C/D,C/D,C/D,C/D,C/D,C/D,C/D,C/D,C/D,C/D,C/D,C/D,C,C/D,C/D,C/D,C/D,C/D,C/D,C/D,C/D,C/D,C/D,C/D,C/D,C/D,C/D,C/D,C/D,C/D,C/D,C/D,C/D,C/D,C/D,C/D,C/D,C/D,C/D,C/D,C/D,C/D,C/D,C/D,C/D,C/D,C/D,C/D,C,C/D,C/D,C/D,C/D,C/D,C/D,C/D,C/D,C/D,C/D,C,C/D,C/D,C/D,C/D,BL01UK01PO059,UKPO059,950,31.66666667,2021,gb
R_1qfggh4239yE02C,Female,University degree or equivalent,University degree or equivalent,30,70,0,NA,Portuguese;30;,English;70;,,30,70,0,NA,Portuguese,NA,10,9,NA,NA,I always (or almost always) speak Portuguese to my child,English,NA,NA,10,NA,NA,I always (or almost always) speak English to my child,Second,NA,2,NA,NA,NA,C/D,Não,Não,Não,C/D,Não,C/D,C/D,C/D,Não,C/D,C/D,Não,Não,C,C,Não,C,C,C,C,C,C,C,C,C,Não,C,C,C,C,C,C,C,C,C,C,C,C,C,C,C,C,C,C,C,C,C,C,C,C,C,C,C,Não,Não,Não,C,C,C,C,C,C,C,C,C,C/D,C/D,Não,Não,Não,C,Não,C,C,C,C,C,C,C,Não,Não,C,C,C,Não,Não,C,C,C,C,C,C,C,C,C,C,C,C,C,C,C,C,C,C,C,C,C/D,C,C,C,C,C,C,C,Não,C,Não,Não,Não,Não,Não,C,C,C,Não,C,Não,Não,C,C,Não,C,C,Não,C,Não,Não,Não,Não,C,Não,C,Não,C,Não,Não,Não,Não,Não,Não,C,C,C,C,C,C,C/D,C,C,C,C,C,C,Não,C,C,Não,C,C,Não,C,Não,Não,C,Não,Não,Não,C,C,Não,Não,C,Não,Não,C,Não,C,Não,Não,Não,C,Não,Não,C,Não,C,Não,Não,C,Não,Não,C,Não,Não,C,C,C,Não,C,C,C,C,C,C,Não,Não,C,C,C,C,C,Não,Não,Não,C,C,C,Não,Não,C,C,C,Não,Não,Não,C,Não,Não,Não,Não,Não,Não,Não,C,C,C,C,C,C,C,C,C,C,C,C,C,C,C,C,C,C,C,C,C,C,C,C,C,C,C,C,Não,C,Não,Não,C,C,C,C,C,C,C,Não,C,C,Não,Não,C,Não,Não,C,Não,Não,Não,C,Não,C,C,C,C,C,C,C,C,C,C,C,C,Não,C,Não,C,C,Não,Não,C,C,C,Não,C,Não,C,C,Não,C,C,C,C,C,C,C,C,C,Não,Não,Não,Não,Não,Não,Não,Não,Não,Não,Não,Não,Não,Não,Não,Não,Não,Não,Não,Não,Não,Não,Não,Não,Não,Não,Não,Não,Não,Não,Não,Não,Não,Não,Não,Não,Não,Não,Não,Não,Não,Não,Não,Não,Não,Não,Não,Não,Não,Não,Não,Não,Não,C,C,C,C,C,C,C,C,C,C,C,Não,Não,C,C,Não,Não,Não,Não,Não,Não,Não,Não,C,Não,Não,Não,Não,Não,Não,Não,BL01UK01PO060,UKPO060,848,28.26666667,2021,gb
R_22mJHM6QnlylbMh,Male,University degree or equivalent,Left school at 16 with GCSE or equivalent,70,30,0,NA,Portuguese;70;,English;30;,,90,10,0,NA,Portuguese,NA,0,9,NA,NA,I always (or almost always) speak Portuguese to my child,Portuguese,NA,10,7,NA,NA,I always (or almost always) speak Portuguese to my child,First,NA,1,13,Always (or almost always) English,4,C,C/D,C,C,C/D,C,C/D,C/D,C/D,C,C/D,C/D,C,C,C,C,C,Não,C/D,C/D,C,Não,C,C,C,C,Não,C/D,C/D,C,C,C,C,C/D,C,C,Não,C,Não,C,C,Não,C,C,C,C,Não,C,C,C,C,C,C,C,Não,C,C,C,C/D,C,C,C,C,Não,C,Não,C/D,C/D,C,C,C/D,C,Não,C/D,C,C,Não,Não,Não,C,C,Não,C,C,C,Não,C,C,C/D,C/D,C,C,C,C/D,C,C,C,C,C,C/D,C,C,C,Não,C,C,C,C,C/D,C,C,C/D,C,C,Não,C/D,C/D,C,C,Não,C,C,C/D,C/D,C,C,C,Não,Não,C/D,C,C,C/D,Não,C,C,Não,C,C,Não,C,C,C,C,C,C,Não,Não,Não,Não,C,C,C,C,C,C,C,C/D,C,Não,C,C/D,C,C,C,C,Não,C,C/D,Não,Não,C,C,C,Não,Não,Não,Não,C/D,Não,C,C,C,C,C,C,C,C,Não,Não,C,C/D,Não,C,Não,C,C,Não,C,C,C,C,C,C,Não,C,C/D,C,C,Não,C,C,Não,Não,C,Não,C,C,C/D,C,Não,C,Não,C,Não,C/D,C/D,C/D,C,Não,Não,Não,C,C,C/D,C/D,C/D,Não,Não,Não,C,C,C/D,C/D,C/D,C,C,C,C/D,C,Não,Não,C/D,C,C,C/D,C,C,C,C,C,C/D,C,C/D,C,C,C,C,C/D,C,C,C,C,Não,C,C,C,C,Não,C,C,C,C,Não,C,C,C,C,C,Não,C,C,C,C/D,C/D,C,C,C,Não,Não,Não,C,Não,C,C,C,C,C/D,C,C,C/D,C,C,C,C,C,C,C/D,C/D,Não,C,C,Não,C,Não,C/D,C,Não,C,C,Não,Não,Não,C,C,C,C,Não,C,C,C,C,C,Não,C,Não,C,Não,Não,C,Não,Não,Não,C,C/D,C/D,C,C,C,C/D,C,C,C,C,C/D,C,Não,C/D,C,C,Não,Não,C,Não,C,C,C,Não,C,Não,C,C,C,Não,C,C,C,C,C/D,C/D,C,C,C,Não,Não,Não,Não,Não,Não,Não,C/D,C/D,Não,C/D,C,Não,Não,C,C,Não,C/D,C,C,Não,Não,C/D,C,Não,BL01UK01PO061,UKPO061,749,24.96666667,2021,gb
R_AFgP8wSFSY1XBFT,Male,University degree or equivalent,University degree or equivalent,50,50,0,NA,Portuguese;50;,English;50;,,50,50,0,NA,Portuguese,NA,10,7,NA,NA,I regularly speak both Portuguese and English to my child,Portuguese,NA,10,4,NA,NA,I always (or almost always) speak Portuguese to my child,First,NA,1,NA,NA,10,C/D,Não,C/D,C/D,C/D,C/D,Não,C/D,C/D,Não,C/D,C/D,C,Não,C,C,Não,Não,C,C,C,Não,Não,C,C,C,Não,C,C,C,C,C,C,C,C,C,Não,C,Não,C,C,C,C,C,C,C,Não,Não,C,C,C,Não,Não,C,Não,C,Não,Não,Não,Não,Não,Não,Não,Não,Não,Não,C,C,Não,Não,Não,Não,Não,Não,Não,Não,Não,Não,Não,Não,Não,Não,C,C,Não,Não,Não,Não,C,C,Não,Não,Não,Não,Não,Não,C,Não,Não,C,C,Não,C,Não,C,Não,Não,C,C,C,Não,C,Não,Não,Não,Não,Não,Não,Não,Não,Não,Não,Não,C,Não,Não,Não,Não,Não,Não,Não,Não,Não,Não,Não,Não,Não,Não,Não,Não,Não,Não,Não,C,Não,Não,Não,Não,Não,Não,Não,Não,C,Não,Não,Não,Não,C,Não,Não,Não,Não,Não,Não,Não,C,C,Não,Não,Não,Não,Não,Não,Não,Não,Não,Não,Não,C,C,Não,Não,C/D,Não,Não,Não,Não,Não,Não,Não,Não,Não,Não,C,Não,Não,Não,Não,Não,C,C,Não,Não,Não,Não,Não,Não,Não,Não,Não,Não,Não,Não,Não,Não,Não,Não,Não,Não,Não,Não,Não,Não,Não,Não,Não,Não,C,Não,Não,Não,Não,C/D,Não,Não,Não,C/D,Não,Não,Não,Não,Não,Não,Não,C/D,Não,C,C,C/D,Não,Não,Não,C,Não,Não,C,C,C,Não,Não,Não,C,Não,C/D,Não,C,Não,Não,Não,Não,Não,Não,Não,Não,Não,Não,Não,Não,Não,Não,Não,Não,Não,Não,Não,Não,Não,Não,Não,Não,Não,C,Não,C,C,Não,Não,Não,Não,Não,Não,Não,Não,Não,C,Não,Não,C,Não,Não,Não,Não,Não,Não,Não,C,Não,Não,Não,Não,Não,Não,Não,Não,Não,Não,Não,Não,C,Não,Não,Não,Não,Não,Não,Não,Não,Não,Não,Não,Não,Não,Não,Não,Não,Não,Não,Não,Não,C,Não,Não,Não,Não,Não,Não,Não,Não,Não,Não,Não,Não,Não,Não,Não,Não,Não,Não,Não,Não,Não,Não,Não,Não,Não,Não,Não,Não,Não,Não,Não,Não,Não,Não,Não,Não,Não,Não,Não,Não,Não,Não,Não,Não,Não,Não,Não,Não,Não,Não,Não,Não,Não,Não,Não,Não,Não,Não,Não,Não,Não,Não,Não,Não,Não,Não,Não,Não,BL01UK01PO062,UKPO062,743,24.76666667,2021,gb
R_1oBAwCnvEY5zqR7,Female,University degree or equivalent,University degree or equivalent,80,20,0,NA,Portuguese;80;,English;20;,,80,20,0,NA,Portuguese,NA,10,7,NA,NA,I always (or almost always) speak Portuguese to my child,Portuguese,NA,10,7,NA,NA,I always (or almost always) speak Portuguese to my child,First,NA,1,NA,NA,NA,C/D,Não,Não,Não,Não,Não,Não,Não,Não,Não,Não,Não,C/D,C/D,C/D,C/D,C/D,C/D,Não,C/D,C/D,Não,C/D,C/D,C/D,C/D,Não,C/D,C/D,C/D,C/D,C/D,C/D,C/D,C/D,C/D,Não,C/D,C/D,C/D,C/D,C/D,C/D,C/D,C/D,C/D,Não,Não,C/D,C/D,C/D,C/D,Não,C/D,C/D,C/D,C/D,C/D,C/D,C/D,C/D,C/D,C/D,C/D,C/D,C/D,C/D,C/D,C/D,C/D,Não,C/D,C/D,C/D,C/D,Não,Não,Não,C/D,C/D,C/D,Não,C/D,C/D,C/D,C/D,C/D,C/D,C/D,C/D,C/D,C/D,C/D,Não,Não,C/D,C/D,C/D,C/D,C/D,C/D,Não,C/D,C/D,C/D,C/D,C/D,C/D,C/D,C/D,C/D,C/D,C/D,C/D,Não,Não,C/D,C/D,C/D,C/D,C/D,Não,C/D,Não,Não,Não,C/D,Não,Não,C/D,C/D,C/D,C/D,C/D,Não,Não,Não,C/D,C/D,Não,C/D,Não,C/D,Não,Não,Não,Não,Não,Não,Não,C/D,Não,C/D,C/D,C/D,C/D,Não,C/D,C/D,C/D,Não,C,Não,C/D,Não,C/D,C/D,Não,C/D,Não,Não,Não,Não,Não,Não,Não,C/D,Não,C/D,Não,Não,Não,C/D,C/D,C/D,Não,Não,Não,Não,Não,Não,Não,Não,Não,C/D,Não,C/D,Não,C/D,C/D,C/D,Não,C/D,C/D,Não,Não,Não,Não,Não,Não,Não,C/D,Não,Não,C/D,Não,Não,Não,Não,Não,Não,C/D,Não,Não,Não,C/D,C/D,C/D,C/D,C/D,Não,Não,C/D,Não,Não,Não,C/D,C/D,Não,Não,Não,Não,C/D,C/D,C/D,C/D,C/D,Não,Não,Não,C/D,Não,C/D,C/D,Não,Não,C/D,C/D,C/D,Não,Não,Não,Não,Não,C/D,C/D,Não,C/D,C/D,C/D,C/D,C/D,Não,Não,Não,Não,Não,Não,C/D,C/D,Não,Não,Não,Não,Não,Não,Não,Não,C/D,Não,Não,Não,Não,Não,C/D,C/D,Não,C/D,Não,Não,Não,Não,Não,Não,Não,Não,Não,C/D,C/D,Não,Não,Não,Não,Não,Não,Não,Não,Não,Não,Não,Não,Não,Não,Não,Não,Não,Não,Não,Não,Não,Não,Não,Não,Não,C/D,C/D,C/D,Não,C/D,Não,Não,Não,Não,Não,C/D,C/D,Não,Não,Não,Não,Não,Não,Não,Não,Não,Não,Não,Não,Não,Não,Não,Não,Não,Não,C/D,Não,Não,Não,Não,Não,Não,C/D,C/D,Não,Não,Não,Não,Não,Não,Não,Não,Não,Não,Não,Não,Não,Não,C,C/D,C,Não,Não,Não,Não,Não,Não,Não,Não,Não,Não,Não,Não,Não,C/D,Não,Não,Não,Não,Não,Não,C/D,Não,Não,Não,Não,Não,Não,Não,BL01UK01PO063,UKPO063,512,17.06666667,2021,gb
R_33sd2f4Bro8szOe,Female,University degree or equivalent,Left school at 16 with GCSE or equivalent,70,30,0,NA,Portuguese;70;,English;30;,,90,10,0,NA,Portuguese,NA,10,8,NA,NA,I always (or almost always) speak Portuguese to my child,Portuguese,NA,10,9,NA,NA,I always (or almost always) speak Portuguese to my child,First,NA,1,NA,NA,1,Não,C,Não,C,C,C,C,C,C,C,C,C,Não,Não,Não,Não,Não,C,Não,C,Não,Não,Não,Não,Não,C,Não,C,C,Não,C,C,C,C,C,C,Não,Não,Não,C,Não,C,Não,Não,Não,C,Não,Não,Não,Não,Não,Não,Não,Não,Não,Não,Não,Não,C,Não,C,Não,C,Não,C,C,C,C,Não,Não,Não,Não,Não,Não,C,Não,Não,Não,Não,Não,Não,Não,C,C,Não,Não,Não,C,Não,C,Não,Não,Não,Não,Não,Não,Não,Não,Não,C,Não,Não,Não,Não,Não,Não,Não,C,C,Não,Não,Não,Não,Não,Não,Não,Não,Não,Não,Não,Não,Não,Não,Não,Não,Não,C,Não,Não,Não,Não,Não,Não,Não,Não,Não,Não,Não,C,Não,C,Não,Não,Não,Não,Não,Não,Não,Não,Não,Não,Não,Não,Não,Não,Não,Não,Não,Não,Não,C,C,Não,Não,Não,Não,Não,Não,Não,Não,Não,Não,Não,Não,Não,Não,Não,Não,Não,Não,Não,Não,Não,Não,C,C,C,Não,Não,Não,C,C,Não,Não,Não,Não,C,Não,Não,Não,Não,Não,Não,Não,Não,Não,Não,Não,Não,Não,Não,C,Não,Não,Não,Não,Não,Não,Não,Não,Não,Não,Não,Não,Não,C,C,C,C,Não,Não,Não,C,Não,C,Não,C,Não,Não,Não,Não,Não,Não,Não,C,Não,Não,Não,Não,Não,Não,Não,C,C,C,Não,C,Não,Não,Não,Não,C,Não,Não,C,C,Não,Não,C,C,C,C,Não,Não,Não,Não,C,Não,Não,Não,Não,Não,Não,Não,Não,C,Não,Não,Não,Não,Não,Não,Não,Não,Não,Não,Não,Não,Não,Não,Não,C,Não,Não,Não,Não,Não,Não,C,Não,Não,Não,Não,Não,Não,C,Não,C,Não,Não,Não,Não,Não,C,Não,Não,Não,Não,Não,Não,Não,Não,Não,Não,C,C,Não,Não,Não,Não,Não,Não,Não,Não,Não,C,C,Não,Não,Não,Não,Não,Não,Não,Não,Não,Não,Não,Não,Não,Não,Não,Não,Não,Não,Não,Não,Não,Não,Não,Não,Não,Não,Não,Não,C,Não,Não,Não,Não,Não,Não,Não,Não,Não,Não,Não,Não,C,Não,C,Não,Não,Não,Não,Não,Não,Não,Não,Não,C,Não,Não,Não,Não,Não,Não,Não,Não,Não,Não,Não,Não,Não,Não,Não,Não,Não,BL01UK01PO064,UKPO064,375,12.5,2021,gb
R_2QRmkFSyc9go5wu,Female,University degree or equivalent,University degree or equivalent,90,10,0,NA,Portuguese;90;,English;10;,,100,0,0,NA,Portuguese,NA,10,6,NA,NA,I always (or almost always) speak Portuguese to my child,Portuguese,NA,10,10,10,NA,I regularly speak both Portuguese and English to my child,First,NA,1,NA,NA,20,C/D,C/D,C/D,Não,Não,Não,Não,C/D,Não,C,Não,C,Não,Não,Não,C,Não,C/D,C,C,C,Não,C,C,Não,C,Não,C/D,C/D,Não,C,C,C,C,C,Não,Não,C,Não,C,Não,C,Não,Não,C,C,C,C,Não,Não,Não,Não,Não,C,Não,Não,Não,C,C/D,C,C,C,Não,Não,C,C,C/D,C/D,Não,Não,C,Não,Não,Não,Não,Não,Não,Não,Não,Não,Não,Não,C,Não,C,Não,Não,Não,C,Não,Não,C,Não,Não,C,C,C,Não,C,C,C,Não,Não,Não,Não,Não,Não,Não,Não,Não,Não,C,Não,Não,Não,Não,Não,Não,C,Não,Não,C,C,Não,Não,Não,C,Não,Não,C,Não,C,C,C,Não,Não,Não,C,Não,C,Não,C,Não,Não,Não,Não,Não,Não,C,Não,C,Não,C,C,Não,C,C,C/D,Não,Não,Não,Não,Não,Não,Não,Não,Não,Não,C,Não,Não,Não,Não,Não,Não,Não,Não,Não,Não,Não,Não,Não,Não,Não,Não,Não,Não,Não,Não,Não,Não,Não,Não,Não,Não,Não,Não,Não,Não,Não,Não,Não,Não,Não,Não,C,Não,Não,Não,Não,Não,Não,Não,Não,Não,Não,Não,Não,Não,Não,Não,Não,Não,Não,Não,C/D,Não,Não,Não,Não,Não,Não,C/D,Não,Não,Não,C/D,Não,Não,Não,Não,Não,C/D,Não,C,C,C,C,C/D,C,C,Não,C,C,Não,C,C/D,C,C,Não,C,C,C,Não,C,Não,Não,C/D,Não,Não,Não,Não,Não,Não,Não,Não,Não,C,Não,Não,Não,Não,C,Não,Não,Não,Não,Não,C,Não,Não,C,Não,C,Não,C,Não,C,Não,C,Não,Não,Não,C,Não,Não,C,Não,C,Não,Não,C,Não,C,Não,C,C,C,C,Não,C,C,Não,C,Não,C,C,C,Não,C,Não,Não,C,C,C,Não,Não,Não,Não,C,C,C,Não,Não,C,Não,C,Não,Não,Não,Não,Não,Não,Não,Não,C,Não,Não,Não,Não,Não,Não,Não,Não,C,Não,Não,Não,Não,Não,Não,Não,Não,Não,Não,Não,Não,Não,Não,Não,Não,Não,Não,Não,Não,Não,Não,C,C/D,C,C,Não,C,Não,C,C,C,Não,Não,Não,Não,C,Não,C,C,C,Não,C,Não,Não,C,Não,Não,Não,C,C,Não,Não,BL01UK01PO065,UKPO065,852,28.4,2021,gb
R_2w7AFPjta5OiQKl,Male,University degree or equivalent,Left school at 18 with A-Levels or equivalent,50,50,0,NA,Portuguese;50;,English;50;,,100,0,0,NA,Portuguese,NA,3,7,NA,NA,I always (or almost always) speak Portuguese to my child,Portuguese,NA,8,2,NA,NA,I regularly speak a mix of Portuguese / English / other languages to my child,First,NA,1,15,Always (or almost always) English,1,C,C/D,C/D,C/D,C/D,C/D,C,C/D,C/D,Não,C/D,C/D,Não,C,Não,C,Não,C,C/D,C,Não,Não,C,C,Não,C,Não,C/D,C/D,C,Não,C,C,C/D,C,C,Não,Não,Não,C,Não,C,Não,C,C,C,C,C/D,Não,C/D,C/D,C/D,C,C/D,Não,C/D,C/D,C/D,C/D,C/D,C,C,C,C,C,C,C/D,Não,C,C,C,C,C,C,C,C/D,C,C,C,C,C/D,C,C,C/D,C/D,C,C,C/D,C,Não,C,C/D,C/D,C,C,C,C/D,C,C,C,C/D,C,C,C,C,C,C,C/D,C,C,C,C,C,C,C,C/D,C,C,C,C,C,C,C,C,Não,C,C,C,C,C,C/D,C,C,C,C,C/D,C,C,C,C,C,C,C,C,C,C,C,C,C,C,C,C,Não,C,C,C/D,C,C/D,C,C,C,C,C,C/D,C,C,C/D,C,C,C,Não,C,Não,C,C,C,C,C,C/D,C,C,C,C,C,C,C,C,C,C,C,C,C/D,C,C/D,C,C,C,C,C,C/D,C,C,C,C,C,C,C/D,C,C,C,C,C,C,C,C,C,C,C,C,C,C,C,Não,C/D,C,Não,C/D,Não,Não,C,C,C,C/D,C,C,C,C/D,C,C/D,C,C,C,C/D,C/D,C/D,C/D,C/D,C/D,C/D,C,C,C,C/D,C/D,C,C/D,C/D,C,C,C,C/D,C/D,C,C,C,C,C,C,C,C,C,C/D,Não,Não,C,C,C,C,C,C/D,C,C,C,C,C,C,C,C,C,C,C,C/D,C,C,C,C,C,C/D,C,C,C,C,C/D,C,C/D,C,C,C,C,C,C,Não,C,C,C,C,C/D,C/D,C,C,C,C,C,C/D,C,C/D,C,C,C/D,C,C,C,C,C,C,C/D,C,C,C,C,C,C,Não,C,C,C,C,C,C,C,C,C,C,C,C/D,C,C,C,C,C,C,C,C,C/D,C,C,Não,C,C,C,C,C,C,C,C,C,C,C,C,C,C,C,C,C,C,C,C/D,Não,C,C,C/D,C,C/D,C/D,C,C,C,C,C,C,C,C/D,C,C/D,C,C,C/D,C,C,C,C/D,C,C,C,Não,C,C,C,BL01UK01PO066,UKPO066,843,28.1,2021,gb
R_2WM4rVardpsm3FK,Male,University degree or equivalent,NA,40,60,0,NA,Portuguese;40;,English;60;,,70,30,0,NA,Portuguese,NA,10,8,NA,NA,I always (or almost always) speak Portuguese to my child,NA,NA,NA,NA,NA,NA,NA,First,NA,1,25,Always (or almost always) English,10,C/D,C/D,C/D,C/D,C/D,C/D,C/D,C/D,C/D,C/D,C/D,C/D,Não,C,Não,C,Não,C/D,Não,C,Não,Não,Não,C/D,Não,C,Não,C,C/D,C,C/D,C,C,C,C/D,C/D,Não,C,Não,C,C,C,C,C,C,C/D,Não,Não,C/D,C/D,C,Não,Não,C/D,Não,C,Não,C,C/D,C,Não,C,Não,Não,C,Não,C,C/D,C,Não,C/D,C/D,Não,Não,C,Não,Não,Não,Não,Não,C/D,Não,C/D,C/D,C/D,Não,C/D,Não,C/D,C/D,Não,Não,C,Não,C,C,C,Não,C/D,C,C,C,Não,C/D,Não,C,C,C/D,C,C/D,C,C/D,C,C,C,Não,C,Não,C,C,C,C/D,C,C,Não,Não,C,Não,Não,C,Não,C/D,C/D,Não,Não,C,Não,Não,Não,Não,Não,Não,Não,Não,Não,Não,Não,Não,Não,Não,Não,C,C,C/D,Não,C,C/D,C,Não,Não,C/D,Não,C/D,C,C/D,C,C/D,C/D,C/D,Não,Não,C,Não,Não,C/D,Não,Não,Não,C/D,Não,C/D,C/D,C/D,Não,Não,Não,Não,Não,Não,Não,Não,Não,Não,C/D,Não,Não,C/D,Não,Não,Não,Não,Não,Não,Não,Não,C/D,Não,Não,Não,C,Não,Não,Não,Não,Não,Não,Não,C,Não,Não,Não,C,Não,Não,C,C/D,C/D,C/D,Não,Não,Não,Não,C/D,Não,Não,Não,Não,Não,Não,Não,Não,Não,C/D,C/D,C/D,C,C/D,C/D,C/D,C/D,C/D,C,Não,C/D,C,C/D,C/D,C/D,C/D,C,C,C/D,C,Não,C,C,C,C/D,C/D,C,C,C/D,Não,Não,Não,C,Não,C,C,C,C/D,Não,C/D,C,C/D,C/D,C/D,Não,C/D,C,C,C/D,Não,C/D,C/D,Não,Não,C/D,Não,Não,Não,C,Não,C,Não,Não,Não,C,Não,Não,Não,C,C,Não,C/D,C,C/D,C,Não,Não,C,Não,Não,C,Não,C/D,Não,Não,C,Não,Não,Não,Não,C,C/D,Não,Não,Não,C,Não,Não,C,Não,Não,C,Não,C/D,Não,Não,C,C,Não,C,Não,Não,C,Não,Não,Não,Não,Não,C,Não,Não,C/D,Não,Não,Não,C,Não,Não,C,Não,Não,Não,Não,Não,Não,Não,Não,Não,Não,Não,Não,Não,C/D,C,Não,Não,Não,C,Não,C/D,C/D,Não,Não,Não,Não,Não,Não,Não,Não,Não,Não,Não,Não,Não,Não,C,Não,C/D,Não,Não,Não,Não,C,Não,Não,BL01UK01PO067,UKPO067,771,25.7,2021,gb
R_1KwH92qr9PVheZE,Female,University degree or equivalent,University degree or equivalent,45,55,0,NA,Portuguese;45;,English;55;,,90,10,0,NA,Portuguese,NA,10,8,NA,NA,I always (or almost always) speak Portuguese to my child,Portuguese,NA,10,7,NA,NA,I regularly speak a mix of Portuguese / English / other languages to my child,First,NA,1,23,Always (or almost always) English,7,C/D,C/D,C/D,C/D,C,C/D,C,C/D,C/D,C/D,C/D,C/D,C,C,C,C,C,C,C/D,C,C/D,C,C,C/D,C/D,C,C,C/D,C/D,C,C/D,C/D,C,C/D,C/D,C/D,C,C/D,C,C/D,C,C/D,C,C/D,C,C,C,C,C/D,C/D,C,C,C,C/D,C,C/D,C/D,C,C/D,C,C/D,C,C/D,C,C,C,C/D,C/D,C/D,C,C,C/D,C/D,C/D,C/D,C,C,C,C,C,C/D,Não,C/D,C/D,C/D,C/D,C/D,C/D,C/D,C/D,C/D,C/D,C,C/D,C,C/D,C/D,C,C,C/D,C/D,C/D,C,C,C,C,C,C/D,C/D,C/D,C,C/D,C/D,C/D,C/D,C,C/D,C,C/D,C/D,C,C,C/D,C/D,C,Não,C/D,C,Não,C/D,C/D,C/D,C/D,C,C,C,Não,C,Não,Não,C/D,C/D,C/D,C,C/D,C,C,C,C,C,C,Não,C,C/D,C/D,C/D,C/D,C/D,C,C,C,C/D,C,C/D,C/D,C,C,C/D,C/D,C,C,C/D,C,C,C/D,C,C,C,C/D,C/D,C/D,C/D,C,C,C,C,C,C,C,C,C,C,Não,C,C,C,C/D,C,C,C,C,C,C/D,C/D,Não,C/D,C/D,C,C,C,C,C/D,C,C,C/D,Não,C,C,C/D,C,Não,C,C,Não,C/D,C/D,C/D,C/D,C,Não,C,C,C/D,C,C/D,C/D,C/D,C,C/D,C,C,C,C/D,C/D,C/D,C,C/D,C,C/D,C,C,C,C/D,C/D,C,C,C,C,C,C,C/D,C/D,C,C,C,C/D,C,C,C/D,C,C,C,C,Não,C,C,C,C,C,C,C,C,C,C,C,C,C,C,C/D,C,C,C,C,C,C/D,C,C,C/D,C,C,C,C/D,C,C,C/D,C/D,C,C/D,C,C,C,C,C,C/D,C,C,C,C,C,Não,C,C,C,C/D,C,C/D,C/D,C,C/D,C,C,C,C,C/D,C/D,C,C,C,C/D,C/D,C/D,C,C,Não,C,C,C,C,Não,C,C,C,C,C,C,C/D,C,C/D,C,C,C,C,C,C/D,C/D,C,C,C,C,Não,C,C,C,C,C,C,C,C,C,C,C,C/D,C,C,C,C,C,C,C,C,C,C,C,C,C,C,C,C,C,Não,C,C,Não,C,C,C,C,C,C,C/D,C/D,C,C/D,Não,Não,C/D,C/D,C,BL01UK01PO068,UKPO068,956,31.86666667,2021,gb
R_2Sxhg7nIqLYwUCu,Male,University degree or equivalent,Left school at 18 with A-Levels or equivalent,50,50,0,NA,Portuguese;50;,English;50;,,80,20,0,NA,Portuguese,NA,10,7,2,Spanish ,I regularly speak a mix of Portuguese / English / other languages to my child,Portuguese,NA,10,5,0,NA,I always (or almost always) speak Portuguese to my child,First,NA,1,11,Always (or almost always) English,0,Não,C,C/D,Não,Não,Não,Não,Não,Não,Não,Não,Não,Não,Não,Não,Não,Não,Não,C,Não,Não,Não,Não,Não,Não,Não,Não,Não,Não,Não,Não,Não,Não,Não,Não,Não,Não,Não,Não,Não,Não,Não,Não,Não,Não,Não,Não,Não,Não,Não,Não,Não,Não,Não,Não,Não,Não,Não,C,Não,Não,Não,Não,Não,Não,Não,C,C,Não,Não,Não,Não,Não,Não,C,Não,Não,Não,C,C,Não,Não,Não,C,C,Não,Não,Não,C,C,Não,Não,Não,Não,Não,Não,Não,Não,Não,Não,Não,Não,Não,Não,Não,Não,Não,Não,Não,Não,Não,Não,Não,Não,Não,Não,Não,Não,Não,Não,Não,Não,Não,Não,Não,Não,Não,Não,Não,Não,Não,Não,C,Não,Não,Não,Não,Não,Não,Não,Não,Não,Não,Não,Não,Não,Não,Não,Não,Não,Não,Não,Não,Não,Não,Não,Não,Não,Não,Não,Não,Não,Não,Não,Não,Não,Não,Não,Não,Não,Não,Não,Não,Não,Não,Não,Não,Não,Não,Não,Não,Não,Não,Não,Não,Não,Não,Não,Não,Não,Não,Não,Não,Não,Não,Não,Não,Não,Não,Não,Não,Não,Não,Não,Não,Não,Não,Não,Não,Não,Não,Não,Não,Não,Não,Não,Não,Não,Não,Não,Não,Não,Não,Não,Não,Não,Não,C,Não,Não,Não,Não,C,Não,Não,Não,C,Não,Não,Não,Não,Não,Não,Não,C,Não,C,Não,C,Não,Não,Não,C,C,Não,C,C,Não,Não,Não,Não,Não,Não,Não,C,Não,Não,Não,Não,Não,Não,C,Não,Não,Não,Não,Não,C,C,Não,Não,Não,Não,Não,Não,Não,Não,Não,Não,Não,Não,Não,Não,Não,Não,Não,Não,Não,Não,Não,Não,Não,Não,Não,Não,Não,Não,Não,Não,Não,C,Não,Não,Não,Não,Não,Não,Não,Não,Não,Não,Não,Não,Não,Não,Não,Não,Não,Não,Não,Não,Não,Não,Não,Não,Não,Não,Não,Não,Não,Não,Não,Não,Não,Não,Não,Não,Não,Não,Não,Não,Não,Não,Não,Não,Não,Não,Não,Não,Não,Não,Não,Não,Não,Não,Não,Não,Não,Não,Não,Não,Não,Não,Não,Não,Não,Não,Não,Não,Não,Não,Não,Não,Não,Não,Não,Não,Não,Não,Não,Não,Não,Não,Não,Não,Não,Não,Não,Não,Não,Não,Não,Não,C,Não,Não,Não,Não,Não,Não,C,Não,Não,Não,Não,Não,Não,Não,BL01UK01PO069,UKPO069,480,16,2021,gb
R_pJHcSVbySlQ1BMB,Male,University degree or equivalent,University degree or equivalent,40,60,0,NA,Portuguese;40;,English;60;,,50,50,0,NA,Portuguese,NA,10,8,NA,NA,I always (or almost always) speak Portuguese to my child,English,NA,1,10,NA,NA,I always (or almost always) speak English to my child,First,NA,1,13,Always (or almost always) English,2,C,C,Não,C/D,C/D,Não,C,C/D,C/D,Não,Não,C/D,Não,C,Não,Não,Não,C,C,C,Não,C,Não,C/D,Não,C,Não,Não,C/D,C,C,C/D,C,C,C/D,C,Não,Não,Não,C,C,C,C,Não,Não,C,Não,Não,C,C,C/D,C,C,C/D,C,C,C/D,Não,C/D,Não,Não,C,Não,Não,C,Não,C,C/D,C/D,Não,C,C,Não,Não,Não,Não,Não,Não,Não,Não,Não,Não,C,C,C/D,Não,Não,C/D,C/D,C,C,Não,C/D,C,Não,C,C/D,Não,Não,C,C,Não,Não,Não,C,Não,Não,C,C,C,Não,C,C,C/D,Não,Não,C,Não,C,Não,Não,C,C,C,Não,Não,C,Não,Não,C/D,C,C,C/D,Não,Não,C,Não,C,C,Não,C,C,Não,Não,Não,Não,Não,Não,Não,Não,Não,Não,C,Não,Não,Não,Não,C,Não,Não,C/D,C/D,C,Não,C,C,Não,Não,C,Não,Não,C,Não,Não,Não,Não,Não,Não,Não,Não,Não,Não,Não,C,Não,Não,Não,C,Não,Não,Não,Não,Não,Não,C,C,C,Não,Não,C,Não,Não,C,Não,Não,Não,Não,Não,Não,Não,Não,Não,Não,Não,Não,Não,Não,Não,Não,Não,Não,Não,Não,Não,C,C/D,C/D,C/D,Não,Não,Não,Não,C,C,C/D,C/D,C,Não,C/D,Não,C/D,C/D,Não,Não,C/D,Não,C,C/D,C,C,C,Não,C/D,C,C/D,C/D,C,C,C,C,Não,C,C,Não,C,C,Não,C/D,C,Não,Não,Não,Não,Não,Não,Não,C,C,Não,C,C,C,Não,C,Não,Não,Não,Não,C,Não,Não,Não,Não,Não,Não,Não,C,Não,Não,Não,Não,Não,Não,Não,Não,C,C,C,C,Não,C,Não,Não,Não,Não,Não,Não,C,Não,Não,Não,Não,Não,Não,Não,Não,Não,Não,Não,Não,Não,Não,Não,Não,Não,C/D,C/D,Não,C/D,Não,C,C,C,Não,Não,Não,Não,Não,Não,Não,Não,Não,Não,Não,Não,Não,Não,Não,C,Não,Não,Não,Não,Não,C,C,Não,C,Não,Não,Não,C,C,Não,Não,Não,Não,Não,Não,C,C,Não,C,Não,Não,Não,Não,Não,Não,Não,Não,C/D,C,C,C,C,C,C,Não,Não,C/D,C/D,Não,Não,C,C,C,C,C,Não,C/D,Não,C,Não,Não,C,Não,Não,BL01UK01PO070,UKPO070,804,26.8,2021,gb
R_DICTybqE9tCyRrz,Male,University degree or equivalent,Left school at 18 with A-Levels or equivalent,40,55,5,Hungarian,Portuguese;40;,English;55;,Hungarian;5;,40,50,10,Hungarian ,Portuguese,NA,10,8,NA,NA,I regularly speak both Portuguese and English to my child,Other(s),Hungarian ,2,7,10,Hungarian ,I always (or almost always) speak English to my child,Second,NA,2,10,Always (or almost always) English,2,C,C,C,C,Não,Não,C,C,C,C,C/D,C,C,C,C,C,Não,C,C,C,C,Não,C,C,C,C,Não,C,C,C,C,C,C,C,C,C,Não,C,Não,C,C,C,C,C,C,C,Não,Não,C,C,C,C,C,C,C,C,Não,C,C,C,C,Não,C,Não,C,C,C,C/D,C,Não,C,C,Não,C,C,C,Não,C,C,Não,C,Não,C,C,C,Não,C,Não,C,C/D,Não,C,Não,Não,C,C,C,Não,C,C,C,Não,C,C,Não,Não,Não,C,C,C,Não,C,C,C,Não,C,C,C,C,Não,Não,C,C,C,C,C,C,Não,Não,C/D,C,C,C,Não,C,C,Não,C,C,Não,C,C,C,C,C,C,Não,C,C,C,C,Não,C,C,C,C,C,C,Não,C,C,C,Não,C,C,C,Não,C,C,Não,Não,C,Não,C,Não,Não,C,C,C,C,C,C,C,C,C,C,C,C,C,C,Não,C,C,C,C,C,C,Não,C,C,C,Não,Não,Não,Não,C,C,C,C,Não,Não,C,Não,Não,C,Não,C,C,C,C,Não,C,C,Não,C,C/D,C,C,Não,Não,C,Não,C/D,Não,C,C,C/D,Não,Não,C,C,C,C,C,C/D,C,C,C,C,C,C,Não,C/D,C,C,C/D,C,C,C,C,Não,C/D,C,C,C,C,C,C,C,C,Não,C,C,Não,C,C,C,C,C,C,C,C/D,C,C,C,C,C,C,C,Não,Não,C,C,C,C,C,Não,C,C,C,C,Não,Não,C,C,C,C,C,C,C,C,Não,C,C,C,C,C,C,C,Não,C,C,Não,C,C,C,C,Não,C,C,Não,C,C,C,C,C,C,C,C,C,C,C,C,C,C,C,C,Não,Não,C,C,Não,Não,C,C,C,C,C,C,Não,Não,Não,C,C,C/D,Não,Não,C,C,Não,Não,C,C,Não,C,C,Não,Não,Não,Não,Não,C,Não,Não,Não,C,C,C,C,C,Não,C,C,Não,Não,Não,C,Não,Não,Não,C,C,Não,Não,C,C,Não,C,C,Não,C,Não,C,Não,C,C,Não,C,BL01UK01PO071,UKPO071,667,22.23333333,2021,gb
R_r7I6m1O5NlfAAAV,Male,Left school at 16 with GCSE or equivalent,Left school at 18 with A-Levels or equivalent,50,50,0,NA,Portuguese;50;,English;50;,,90,10,0,NA,Portuguese,NA,10,8,NA,NA,I always (or almost always) speak Portuguese to my child,Portuguese,NA,10,7,NA,NA,I always (or almost always) speak Portuguese to my child,First,NA,1,12,Always (or almost always) English,0,C/D,C/D,C/D,C,C/D,C/D,C/D,C/D,C,C/D,C/D,C/D,Não,Não,Não,Não,Não,Não,C,Não,Não,Não,Não,Não,Não,Não,Não,Não,C/D,Não,Não,C/D,C/D,C/D,C/D,Não,Não,Não,Não,C/D,Não,Não,Não,Não,Não,C/D,Não,C,Não,Não,Não,Não,Não,Não,Não,Não,Não,Não,Não,Não,Não,Não,Não,Não,Não,Não,C/D,C/D,C,C,C,C,Não,C,Não,Não,Não,Não,Não,Não,Não,Não,Não,C,Não,Não,C,Não,C,C/D,Não,Não,Não,C,Não,C,C,Não,Não,C,C/D,Não,C,Não,Não,C,Não,C,C/D,C,Não,C,Não,C,Não,Não,C,Não,C,Não,Não,C,C,Não,Não,Não,C,Não,Não,C,C,C,C,Não,Não,C,C,C,C,Não,C,C,Não,C,C,C,Não,Não,Não,Não,Não,Não,Não,Não,Não,Não,C,C/D,C/D,Não,Não,C/D,Não,Não,Não,C,C,Não,C,Não,Não,Não,Não,Não,Não,Não,Não,Não,C,Não,Não,Não,Não,Não,C,C,C,Não,Não,Não,Não,C,Não,C,Não,Não,Não,Não,Não,Não,Não,Não,Não,Não,Não,Não,Não,Não,Não,Não,Não,Não,Não,Não,Não,Não,Não,Não,C,Não,Não,Não,Não,Não,Não,C/D,Não,C/D,Não,Não,Não,Não,C/D,Não,Não,Não,C/D,Não,Não,Não,Não,Não,C/D,Não,C/D,Não,C/D,C,C/D,C,Não,Não,C/D,C/D,Não,C/D,C/D,C,C,Não,Não,Não,Não,Não,Não,C,C,C/D,C/D,C/D,C,C/D,C/D,C/D,C,C,C/D,C/D,C/D,C/D,C,C/D,C/D,C/D,C,Não,C,Não,C/D,Não,C/D,C,Não,C,C,C,C,C,C,C,C,Não,C,C,C,Não,C,Não,Não,C,Não,Não,Não,C,Não,C,C,C,C,Não,C,C,Não,C,Não,C,C,C,Não,C,Não,Não,C,Não,C,C/D,Não,Não,Não,Não,Não,Não,Não,Não,Não,Não,Não,Não,Não,Não,Não,Não,Não,Não,Não,Não,Não,Não,Não,Não,Não,Não,Não,Não,Não,Não,Não,Não,Não,Não,Não,Não,Não,Não,C,C,C,Não,C,Não,Não,Não,Não,Não,C,Não,Não,Não,Não,Não,C/D,Não,C/D,Não,Não,Não,C/D,Não,C,C,C/D,C,Não,C/D,Não,Não,C,C,C,Não,C,Não,Não,Não,Não,C,Não,Não,BL01UK01PO072,UKPO072,726,24.2,2021,gb
R_AiaQXx0BbCqXP5D,Female,University degree or equivalent,University degree or equivalent,40,60,0,NA,Portuguese;40;,English;60;,,50,50,0,NA,Portuguese,NA,10,10,8,Spanish,I regularly speak both Portuguese and English to my child,English,NA,1,10,NA,NA,I regularly speak both Portuguese and English to my child,First,NA,1,28,Always (or almost always) English,NA,C/D,Não,C/D,Não,Não,Não,Não,Não,Não,Não,Não,Não,Não,Não,Não,Não,Não,Não,C/D,Não,Não,Não,Não,Não,Não,Não,Não,Não,Não,Não,Não,Não,Não,Não,Não,Não,Não,Não,Não,Não,Não,Não,Não,Não,Não,Não,Não,Não,Não,Não,Não,Não,C,C,Não,Não,Não,Não,C,C,Não,Não,Não,Não,C,Não,C,Não,Não,Não,C,Não,Não,Não,Não,Não,Não,Não,Não,Não,Não,Não,Não,Não,Não,Não,Não,C,Não,Não,Não,Não,Não,Não,Não,C,Não,Não,Não,Não,Não,Não,Não,Não,Não,Não,Não,Não,Não,Não,Não,Não,Não,Não,Não,Não,Não,Não,Não,Não,Não,Não,C,Não,Não,Não,Não,Não,Não,Não,Não,Não,C,Não,Não,C,Não,Não,Não,Não,C,Não,Não,Não,Não,Não,Não,Não,Não,Não,Não,Não,Não,Não,Não,Não,Não,C,Não,Não,Não,Não,Não,Não,Não,Não,Não,Não,Não,Não,Não,Não,Não,Não,Não,Não,Não,Não,Não,Não,C,Não,Não,Não,Não,Não,Não,Não,Não,Não,Não,Não,Não,Não,Não,Não,Não,Não,Não,C,Não,Não,Não,Não,Não,Não,Não,C,Não,Não,Não,Não,Não,Não,Não,Não,Não,Não,C,Não,Não,Não,Não,Não,Não,C/D,C/D,Não,Não,Não,Não,Não,C/D,Não,Não,Não,Não,Não,Não,Não,Não,Não,Não,Não,Não,Não,C,Não,Não,C,Não,Não,Não,Não,Não,Não,C,Não,Não,Não,Não,Não,Não,Não,Não,Não,Não,Não,Não,Não,Não,Não,Não,Não,Não,Não,Não,Não,Não,Não,Não,Não,Não,Não,Não,Não,Não,Não,Não,Não,Não,Não,Não,Não,C,Não,Não,Não,Não,Não,Não,Não,Não,Não,Não,Não,Não,Não,Não,Não,Não,Não,Não,Não,Não,Não,Não,Não,Não,Não,Não,Não,Não,Não,Não,Não,C,Não,Não,Não,Não,Não,Não,Não,Não,Não,Não,Não,Não,Não,Não,Não,Não,Não,Não,C,Não,Não,Não,Não,Não,Não,Não,Não,Não,Não,Não,Não,Não,Não,Não,Não,Não,C,Não,Não,Não,Não,Não,Não,Não,Não,Não,Não,Não,C,Não,Não,Não,Não,Não,Não,Não,Não,Não,Não,Não,Não,Não,Não,Não,Não,Não,Não,Não,Não,Não,Não,Não,Não,Não,Não,Não,Não,Não,Não,Não,Não,Não,Não,Não,Não,Não,Não,Não,C,Não,Não,BL01UK01PO073,UKPO073,909,30.3,2021,gb
R_2aqx2Tzyt8qT4lH,Male,University degree or equivalent,University degree or equivalent,30,70,0,NA,Portuguese;30;,English;70;,,30,70,0,NA,English,NA,4,10,NA,NA,I always (or almost always) speak English to my child,Portuguese,NA,10,8,1,NA,I regularly speak both Portuguese and English to my child,First,NA,1,8,Always (or almost always) English,8,C,C/D,Não,C,C,C,C,C,C/D,C/D,C,C/D,C/D,C/D,C/D,C,C/D,C/D,C,C/D,C,C/D,C/D,C/D,C/D,C/D,C,C/D,C/D,C/D,C/D,C,C,C,C/D,C/D,C/D,C/D,C,C/D,C/D,C,C,C,C/D,C/D,C/D,C/D,C,C,C/D,C/D,C,C/D,C/D,C/D,C/D,C,C/D,C/D,C/D,C/D,C,C/D,C/D,C,C,C/D,C/D,C/D,C/D,C/D,C,C,C/D,C/D,C/D,C/D,C,C,C,C/D,C/D,C,C/D,C/D,C/D,C,C/D,C/D,C,Não,C/D,C/D,C,C/D,C/D,C/D,C,C,C/D,C,C/D,C/D,C/D,C,C/D,C/D,C/D,C/D,C/D,C/D,C,C/D,C/D,C/D,C/D,C/D,C/D,C/D,C/D,C,C/D,C/D,C/D,C/D,C/D,C,C/D,Não,C,C/D,C/D,C/D,C,C/D,C/D,C,C,C,C,C/D,C,C/D,C/D,C,C,C/D,C/D,C,C/D,C/D,C/D,C/D,C,C/D,C,C/D,C,C,C,C,C,C/D,C/D,C/D,C,C/D,C/D,C,C/D,C,C,C/D,C,C/D,C,C,C,C,C/D,C/D,C,C,C,C/D,C/D,C/D,C/D,C/D,C,C/D,C/D,C/D,C/D,C/D,C/D,C/D,C,C/D,C/D,C/D,C,C/D,C,C/D,C/D,C/D,C/D,C,C/D,C/D,C/D,C/D,C/D,C/D,C/D,C/D,C,C/D,C/D,C/D,C,C,C/D,Não,C/D,C,C/D,C,C/D,C/D,C,C,C,C/D,Não,Não,C,C,C,C,C,C,C,C/D,C,C,C/D,C,C/D,C,C/D,Não,C/D,C,C/D,C/D,C,C/D,C/D,C/D,C/D,C/D,C/D,C/D,C,C,C/D,C/D,C/D,C/D,C,C/D,C/D,C/D,C/D,C/D,Não,C,C/D,C,C/D,C/D,C/D,C,C,C,C/D,C,C,C/D,C/D,C,C,C/D,C/D,C/D,C/D,C/D,C/D,C,C/D,C/D,C,C/D,C/D,C,C/D,C,C/D,C/D,C/D,Não,C/D,C,C,C,C/D,C/D,C,C/D,C,C/D,C,C,C,C,C/D,C,C/D,C,C,C,C,C,C/D,C/D,C/D,C/D,C,C,C,C/D,C/D,C/D,C/D,C,C,C/D,C/D,C,C/D,C/D,C,C/D,C,C/D,C/D,C,C/D,C/D,C/D,C/D,Não,C,Não,Não,C,C,C/D,C,C,C/D,C/D,C/D,C/D,C/D,C/D,C,C/D,C,C/D,C/D,C/D,C/D,C/D,C,C,C/D,C/D,C,C/D,C,C/D,C,C,C/D,C/D,C/D,Não,C,C,C/D,C,C/D,C/D,C/D,C,C,C/D,C/D,C,C,C/D,C/D,C/D,C/D,BL01UK01PO074,UKPO074,444,14.8,2021,gb
R_27IPRBaDk1OxQ4w,Female,University degree or equivalent,University degree or equivalent,90,10,0,NA,Portuguese;90;,English;10;,,90,10,0,NA,Portuguese,NA,8,1,NA,NA,I always (or almost always) speak Portuguese to my child,Portuguese,NA,9,1,NA,NA,I always (or almost always) speak Portuguese to my child,Second,NA,2,5,Always (or almost always) Portuguese,12,C,C/D,C,C/D,C,Não,C,Não,C,C,C,C/D,C,C/D,C/D,C,C,C/D,C,C,C,C/D,Não,C,C,C,C,C,C/D,C/D,C,C,C,Não,C,C/D,C/D,C,C,C,Não,C/D,C/D,C,C,C,Não,Não,C,Não,C,Não,C,C/D,C,C,C,Não,C/D,C/D,C/D,Não,C,C,C,C/D,C/D,C/D,C,C,C,C,C,C,C,C,C,C,C,C,C/D,C,C,C,C/D,C,C,C,C,C,Não,Não,C/D,C,C,C,C/D,C,C/D,C,C,C/D,C/D,C/D,C/D,C/D,C/D,Não,C/D,C,C,C/D,C,C,C,Não,Não,C/D,C,Não,C,C,C,Não,C/D,C,C/D,C/D,C,C/D,Não,C,C,C/D,C/D,C,C,Não,C,C,C/D,C,C,C,C/D,C,C,C/D,Não,C,C,C,C,C,C,C/D,C,C,C/D,C,C,C,C/D,C/D,C,C/D,C,C,C/D,C/D,C/D,C,C,C,C/D,C/D,C,C,Não,C,C,C/D,C/D,C/D,C,C,C,Não,C/D,C,C,C/D,C/D,C/D,C/D,Não,C/D,C/D,C,C,C,Não,Não,C/D,C,C,C,C/D,C,C/D,C,C,C/D,C/D,Não,C/D,Não,Não,Não,C/D,C,C,C/D,C,C/D,C,C/D,C/D,C,C/D,C/D,C/D,C,C,C,C/D,C,C,C,C/D,C,C,C,C/D,C/D,C,C,C,C,C,Não,C/D,C,C,C,C/D,C/D,C,C/D,C,C/D,C,Não,C/D,C,C/D,C/D,C/D,C,C,Não,Não,C/D,C/D,C/D,C/D,C,C,C/D,Não,C/D,C,C,C,C,C,C,C,C/D,C/D,C,C/D,C/D,C,C/D,C/D,C,C/D,C/D,C,C/D,C,C/D,Não,C,Não,C/D,C,C,Não,C,C/D,C,C/D,C/D,C/D,C,C/D,C,C,C/D,C/D,C,C/D,C,C/D,C,C/D,C,C/D,C,C/D,C,C/D,C,C,C,C,C,C/D,C,C,C,C,C/D,C/D,C,C,Não,C/D,C,C,Não,C,C/D,C,C,C,C/D,C/D,C/D,C,C/D,C,C/D,C,C,C/D,C,C/D,C,C/D,C/D,C,C,C/D,C/D,C,C/D,Não,C,Não,C/D,C,Não,C,C,Não,C,C,Não,C,C,C/D,C,C/D,Não,C,C,C,C,C,C/D,C/D,C,C/D,C,C/D,C/D,Não,C/D,C,C,C,C,C/D,C,C,BL01UK01PO075,UKPO075,108,3.6,2022,gb
R_088oEnKmHztZW9j,Male,University degree or equivalent,NA,30,70,0,NA,Portuguese;30;,English;70;,,40,60,0,NA,Bilingual Portuguese and English,NA,7,10,NA,NA,I regularly speak both Portuguese and English to my child,English,NA,2,10,NA,NA,I regularly speak both Portuguese and English to my child,First,NA,1,NA,NA,NA,C/D,C/D,C,C,Não,C/D,Não,C,Não,Não,Não,Não,Não,Não,Não,C,Não,Não,C,Não,Não,Não,Não,Não,Não,Não,Não,Não,Não,Não,Não,C,Não,Não,Não,Não,Não,Não,Não,Não,Não,Não,C,Não,Não,Não,Não,C,C,Não,Não,Não,Não,C,Não,C/D,Não,Não,C/D,Não,Não,Não,Não,Não,Não,Não,C/D,C/D,Não,Não,Não,Não,Não,Não,Não,C,C/D,Não,Não,Não,Não,Não,C/D,C/D,Não,Não,Não,Não,C/D,C/D,Não,Não,Não,C,Não,Não,C,Não,Não,C,C,Não,Não,Não,Não,Não,C,Não,Não,Não,Não,Não,Não,Não,Não,C,Não,Não,Não,Não,Não,Não,Não,Não,Não,Não,Não,Não,Não,Não,Não,C,C,Não,Não,C,Não,Não,Não,Não,C,C,Não,Não,Não,Não,Não,Não,Não,Não,Não,Não,Não,Não,C,Não,Não,C/D,Não,Não,Não,C,Não,C,Não,Não,C,Não,Não,Não,Não,Não,Não,Não,Não,Não,Não,Não,Não,Não,Não,Não,Não,Não,Não,Não,Não,Não,Não,Não,Não,C,Não,C/D,Não,Não,Não,Não,Não,Não,Não,Não,Não,Não,Não,Não,C,Não,Não,Não,Não,Não,Não,Não,Não,Não,Não,Não,Não,Não,Não,Não,Não,C,C,C/D,C/D,C/D,Não,Não,Não,Não,C/D,Não,Não,Não,Não,Não,Não,Não,Não,Não,C,C,C,Não,C,C,C,Não,Não,Não,C,Não,Não,C,C,C,Não,Não,Não,C,Não,Não,C,Não,Não,Não,Não,Não,C,C,Não,Não,Não,Não,Não,Não,Não,Não,Não,Não,Não,Não,Não,Não,Não,Não,Não,Não,Não,Não,Não,C,C,Não,Não,C/D,Não,Não,Não,Não,Não,Não,Não,Não,Não,Não,Não,Não,Não,Não,Não,Não,Não,Não,Não,Não,Não,Não,Não,Não,Não,Não,Não,C,Não,C,Não,Não,Não,Não,Não,Não,Não,Não,Não,Não,Não,Não,Não,Não,C,Não,Não,Não,Não,Não,Não,Não,Não,Não,Não,Não,Não,Não,Não,Não,Não,Não,Não,Não,Não,Não,Não,Não,Não,Não,Não,Não,Não,Não,Não,Não,Não,Não,Não,Não,Não,Não,Não,Não,Não,Não,Não,Não,Não,Não,Não,Não,Não,Não,Não,Não,Não,Não,Não,Não,Não,Não,Não,Não,Não,C/D,Não,Não,Não,Não,Não,Não,Não,Não,Não,Não,Não,Não,Não,Não,BL01UK01PO076,UKPO076,545,18.16666667,2022,gb
R_1lhjMhmLKHMATZt,Female,University degree or equivalent,University degree or equivalent,50,50,0,NA,Portuguese;50;,English;50;,,100,0,0,NA,Portuguese,NA,10,8,0,NA,I always (or almost always) speak Portuguese to my child,Portuguese,NA,10,8,NA,NA,I always (or almost always) speak Portuguese to my child,First,NA,1,10,Always (or almost always) English,,C/D,C/D,C/D,C/D,C/D,C/D,C/D,C/D,C/D,C/D,C/D,C/D,Não,C,C,C,Não,Não,C/D,C,C,C,Não,C,C,C/D,Não,C,C/D,C,C,C,C,C/D,C/D,C,Não,C,Não,C,C,C,C,C,Não,C,Não,C,C,C/D,C,Não,C,C,Não,C,Não,C,C/D,C,Não,C,C,C,C,C,C,C/D,Não,Não,C,Não,Não,C,C,C,Não,Não,C,C,Não,Não,C,Não,C,C,C,C,C/D,C/D,C,C,C,Não,C,C,C,C,C,C,C,C,C,C,C,C,Não,C,C,C,C,C/D,C,C,Não,Não,C,Não,C,Não,Não,C,C,C,Não,C,C,Não,Não,C,C,C,C,Não,C,C,Não,C,Não,Não,C,C,C,C,Não,C,Não,Não,C,C,C,Não,C,C,Não,C,C,C,C,Não,C,C,C,C,C,C,C,Não,C,C,Não,C,Não,Não,C,Não,Não,Não,C,C,C,C,C/D,C,C,Não,C,Não,Não,Não,Não,C,Não,C/D,Não,C,Não,Não,C,C,Não,C,Não,C,Não,Não,C/D,Não,Não,Não,Não,C,Não,C,C,Não,Não,C,C,Não,Não,C,Não,C,C,C,C,C/D,Não,Não,Não,Não,C/D,Não,Não,Não,C/D,C,Não,Não,Não,Não,C,Não,C/D,Não,C,C,C/D,C,Não,Não,C/D,C/D,C,C/D,C,C,Não,C,Não,C/D,Não,C/D,C,C,C,C,C,C,C,C,Não,Não,C,Não,Não,C,C,C,C,C,C,C,Não,Não,C,Não,C,Não,C,C,Não,C,C,C,C,C,Não,Não,C,C,C,C,C,C,C,C,C,Não,C,Não,Não,C,C,C,C,C,C,Não,Não,Não,C,C,Não,C,C,Não,C,Não,Não,Não,Não,C,C,C/D,C,Não,C,C,C,Não,Não,Não,C,C,C,Não,Não,C,C,Não,Não,Não,C,C,Não,Não,Não,Não,C,Não,C,Não,C,C,Não,Não,C,C,Não,C,C,C,C,C/D,C,Não,C,C,Não,C,C,C,Não,C,C,Não,C,C,C,C,C,Não,C,C,C,C,Não,Não,C,C,Não,Não,Não,Não,Não,C,C,Não,C,Não,C,Não,C,C/D,Não,C,BL01UK02PO009,UKPO009,712,23.73333333,2020,gb
R_2wQqhWgXLCKSfSL,Male,Left school at 16 with GCSE or equivalent,Left school at 16 with GCSE or equivalent,80,20,0,NA,Portuguese;80;,English;20;,,90,10,0,NA,Portuguese,NA,10,6,NA,NA,I always (or almost always) speak Portuguese to my child,Portuguese,NA,10,9,NA,NA,I always (or almost always) speak Portuguese to my child,First,NA,1,NA,NA,,C/D,C/D,C/D,C/D,C/D,C/D,C/D,C/D,C/D,C/D,C/D,C/D,C,C/D,C/D,C/D,C/D,C,C/D,C/D,C/D,C,C,C,C/D,C/D,C,C,C/D,C,C/D,C/D,C,C,C/D,C/D,Não,C/D,C,C/D,C/D,C/D,C,C/D,C,C/D,C,C,C/D,C/D,Não,C/D,C,C/D,C,C/D,C/D,C,C/D,C,C,C/D,C,Não,C/D,C,C/D,C/D,C/D,C,C,C/D,C,C,C/D,C,C/D,C,C,C,C/D,Não,C/D,C/D,C/D,C/D,C/D,C/D,C/D,C/D,C/D,C/D,C/D,C/D,C/D,C/D,C/D,C,C/D,C/D,C/D,C/D,C/D,C/D,C/D,C,C,C/D,C/D,C/D,C/D,C/D,C/D,C/D,C/D,C,C,C,C/D,C/D,C,C,C,C,C,C,C,C,C,C/D,C/D,C/D,C,C,C/D,C,Não,C/D,Não,Não,C/D,C/D,C,C/D,C,C,C,C,C,C,C/D,C/D,C/D,C,C/D,C/D,C/D,C/D,C/D,C/D,C,C/D,C/D,C/D,C/D,C,C,C,C,C,Não,C,Não,C/D,C,C,C/D,C,C/D,C/D,C/D,C/D,C/D,C/D,C/D,C,C/D,C,C,C/D,C,C/D,C,Não,C/D,C/D,C/D,C,C/D,C,C/D,C,C/D,C,C,C/D,C/D,C,C,C,C,C/D,C,C,C/D,C,C,C,C/D,C,C,C/D,C/D,Não,C/D,C/D,C/D,C/D,C,C,C,C,C/D,C,C/D,C/D,C/D,C,C/D,C,C/D,C/D,C/D,C,C/D,C,C/D,C/D,C/D,C/D,C,C,C/D,C/D,C/D,C/D,C/D,C/D,C,C,C,C/D,C,C,C,C/D,C/D,C/D,C/D,C,C,C/D,C/D,Não,C/D,Não,C,C,C,C/D,C/D,C,C,C,C/D,C/D,C/D,C,C/D,C,C,C,C,C,C/D,C,C/D,C/D,C,C,C,C,C,C,C/D,C,C/D,C,C,C,C/D,Não,C,C,C,C,C/D,C/D,C,Não,C/D,C/D,C,C/D,Não,C/D,C/D,C,C,C,C/D,C,C,C,C/D,C/D,C,C,C,C/D,C/D,C/D,C/D,C/D,C,C,C,C,C,C/D,C,C/D,C/D,C,C/D,C/D,C/D,C/D,C,C,C,C/D,C,C/D,C/D,C,C,C,C/D,C,C,C,C,C,C,C,C,C,C,C,C/D,C/D,C,C,C,C,C/D,C,C,C,C,C/D,C/D,C,C,C,C/D,C/D,C,C/D,C/D,C/D,Não,C/D,C/D,C/D,C/D,C/D,C/D,C,C/D,C,C/D,C,C,C/D,C/D,C/D,BL01UK02PO004,UKPO004,948,31.6,2020,gb
R_1PT6QdLhjf5rdCo,Male,University degree or equivalent,University degree or equivalent,50,50,0,NA,Portuguese;50;,English;50;,,100,0,0,NA,Portuguese,NA,10,8,NA,NA,I always (or almost always) speak Portuguese to my child,Portuguese,NA,10,9,NA,NA,I always (or almost always) speak Portuguese to my child,First,NA,1,9,Always (or almost always) English,,C/D,C/D,C/D,Não,C/D,C/D,Não,Não,Não,Não,Não,C/D,Não,Não,Não,C,Não,Não,C/D,Não,C,Não,Não,C,C,C,Não,Não,C,C,C,Não,Não,C,C,C,Não,Não,Não,C,Não,Não,C,Não,Não,C,Não,Não,C,Não,Não,Não,Não,C,Não,Não,C,Não,C/D,Não,Não,Não,Não,Não,C,C,C/D,C,Não,Não,C,Não,Não,Não,C,Não,C,Não,Não,Não,Não,Não,Não,C,Não,Não,Não,Não,Não,C/D,Não,Não,Não,Não,Não,C,C,Não,Não,Não,C,Não,Não,Não,Não,Não,C,C,C,C,C,C,Não,C,Não,Não,Não,Não,Não,Não,Não,Não,Não,Não,Não,Não,Não,Não,Não,Não,Não,Não,Não,Não,C,Não,Não,C,Não,Não,Não,Não,Não,Não,Não,Não,Não,Não,Não,Não,Não,Não,C,C,Não,Não,Não,C/D,C,Não,Não,C,Não,Não,Não,Não,C,Não,C,Não,Não,Não,Não,Não,C/D,Não,Não,Não,Não,Não,Não,Não,Não,Não,Não,C,Não,Não,Não,Não,Não,Não,Não,C,Não,Não,Não,Não,C,C,Não,Não,Não,Não,Não,Não,Não,Não,Não,Não,Não,Não,Não,Não,Não,Não,Não,Não,Não,Não,Não,Não,Não,Não,Não,Não,Não,C,Não,Não,Não,Não,Não,Não,Não,Não,C/D,Não,Não,Não,Não,Não,Não,Não,C,Não,Não,Não,Não,Não,Não,Não,C,Não,C,C,C,Não,Não,Não,Não,Não,Não,C,C,Não,Não,Não,Não,Não,Não,Não,Não,Não,Não,Não,Não,Não,C,Não,Não,Não,Não,Não,Não,Não,C,Não,Não,Não,Não,Não,Não,Não,Não,Não,Não,C,Não,Não,Não,Não,Não,Não,C,Não,Não,C,Não,Não,C,Não,Não,Não,Não,Não,Não,Não,Não,Não,Não,Não,Não,Não,Não,Não,Não,Não,Não,Não,Não,Não,Não,Não,C,Não,Não,Não,Não,Não,Não,Não,Não,Não,Não,Não,Não,Não,Não,Não,Não,Não,Não,Não,Não,Não,Não,Não,Não,Não,Não,Não,Não,Não,Não,Não,Não,Não,Não,Não,Não,Não,Não,Não,Não,Não,Não,Não,Não,Não,Não,Não,Não,Não,Não,Não,Não,Não,Não,Não,Não,Não,Não,Não,Não,Não,Não,Não,Não,Não,Não,Não,Não,Não,Não,Não,Não,Não,Não,Não,Não,Não,Não,Não,Não,Não,Não,Não,BL01UK02PO018,UKPO018,572,19.06666667,2020,gb
R_2tsVF9Rh5DeGUpj,Female,University degree or equivalent,University degree or equivalent,20,75,5,Polish,Portuguese;20;,English;75;,Polish;5;,50,45,5,Polish,Portuguese,NA,10,9,NA,NA,I regularly speak both Portuguese and English to my child,English,NA,1,10,NA,NA,I always (or almost always) speak English to my child,Third,NA,3,8,Always (or almost always) English,,C/D,C/D,C/D,C/D,C/D,C/D,C/D,C/D,C/D,C/D,C/D,C/D,C/D,Não,C/D,C/D,Não,Não,C/D,C,C/D,Não,Não,C/D,C/D,C,Não,C/D,C/D,C/D,C/D,C/D,C/D,C/D,C/D,C/D,Não,Não,Não,C/D,C/D,C/D,C/D,C/D,C/D,C/D,Não,Não,C,C,Não,Não,Não,Não,Não,C,Não,C/D,C/D,Não,C,C,Não,Não,C/D,C,C/D,C/D,Não,Não,C/D,C/D,C/D,Não,Não,Não,C/D,Não,Não,Não,C,Não,C/D,C/D,C/D,C/D,C,C/D,C/D,C/D,C/D,C/D,C/D,C/D,C,Não,C/D,C/D,C/D,C/D,C/D,Não,Não,Não,C/D,Não,C,C/D,C/D,C/D,Não,C/D,C/D,Não,Não,Não,C/D,Não,Não,Não,Não,C/D,C,C/D,Não,Não,C,C,Não,C/D,C/D,C,C/D,C,Não,Não,Não,C,Não,Não,C/D,Não,Não,C/D,Não,Não,Não,Não,C,Não,C,Não,C/D,Não,Não,C,C,C/D,C/D,Não,Não,C/D,C/D,C/D,Não,Não,C/D,Não,C/D,C,Não,Não,Não,C,C/D,Não,Não,Não,Não,Não,Não,Não,C/D,Não,Não,Não,Não,Não,Não,Não,Não,Não,Não,Não,C/D,Não,C/D,Não,Não,Não,C/D,Não,Não,Não,Não,C/D,C/D,Não,Não,Não,Não,Não,Não,Não,Não,Não,Não,Não,C/D,Não,Não,C/D,Não,Não,Não,C/D,C/D,C/D,Não,Não,Não,Não,Não,C/D,C/D,C/D,C,Não,Não,Não,Não,Não,Não,Não,C/D,Não,C/D,C/D,C/D,C/D,Não,Não,Não,C/D,Não,C/D,Não,Não,Não,Não,Não,Não,Não,Não,Não,Não,C/D,Não,Não,Não,Não,C/D,Não,Não,C/D,Não,Não,C,Não,Não,Não,C,Não,Não,Não,C,Não,Não,Não,Não,Não,Não,Não,Não,C/D,Não,Não,C,Não,Não,C,Não,Não,Não,Não,C,Não,C,Não,Não,C/D,Não,Não,Não,Não,C/D,Não,Não,Não,Não,Não,Não,Não,C,Não,C,C/D,Não,Não,C,Não,Não,Não,Não,C/D,C/D,C/D,Não,C/D,C,C/D,C,Não,Não,C,Não,C,Não,Não,Não,Não,Não,Não,C,Não,C/D,Não,C/D,Não,Não,Não,C/D,C/D,Não,C/D,Não,Não,C/D,C,Não,Não,C/D,C,Não,Não,C/D,Não,Não,Não,Não,Não,C/D,Não,Não,Não,Não,C/D,Não,C,C,C/D,C,C,C,Não,Não,C,C,Não,Não,C,C,Não,Não,Não,Não,C,C,C/D,Não,C/D,Não,Não,Não,Não,C/D,C/D,C,BL01UK02PO017,UKPO017,859,28.63333333,2020,gb
R_10PJdkZCtw5e5DK,Male,University degree or equivalent,University degree or equivalent,5,95,0,NA,Portuguese;5;,English;95;,,10,90,0,NA,Portuguese,NA,10,8,NA,NA,I regularly speak both Portuguese and English to my child,English,NA,2,10,NA,NA,I always (or almost always) speak English to my child,Second,NA,2,5,Always (or almost always) English,,Não,C/D,C/D,C/D,C/D,C/D,C/D,C/D,C/D,C/D,C/D,C/D,Não,Não,Não,Não,Não,Não,Não,Não,Não,Não,Não,Não,Não,Não,Não,Não,Não,Não,Não,Não,Não,Não,Não,Não,Não,Não,Não,Não,Não,Não,Não,Não,Não,Não,Não,Não,Não,Não,Não,Não,Não,Não,Não,Não,Não,Não,Não,Não,Não,Não,Não,Não,Não,Não,C/D,C/D,Não,Não,Não,Não,Não,Não,Não,Não,Não,Não,Não,Não,Não,Não,Não,Não,Não,Não,Não,Não,Não,Não,Não,Não,Não,Não,Não,Não,Não,Não,Não,Não,Não,Não,Não,Não,Não,Não,Não,Não,Não,Não,Não,Não,Não,Não,Não,Não,Não,Não,Não,Não,Não,Não,Não,Não,Não,Não,Não,Não,Não,Não,Não,Não,Não,Não,Não,Não,Não,Não,Não,Não,Não,Não,Não,Não,Não,Não,Não,Não,Não,Não,Não,Não,Não,Não,Não,Não,Não,Não,Não,Não,Não,Não,Não,Não,Não,Não,Não,Não,Não,Não,Não,Não,Não,Não,Não,Não,Não,Não,Não,Não,Não,Não,Não,Não,Não,Não,Não,Não,Não,Não,Não,Não,Não,C/D,Não,Não,Não,Não,Não,Não,Não,Não,Não,Não,Não,Não,Não,Não,Não,Não,Não,Não,Não,Não,Não,Não,Não,Não,Não,Não,Não,Não,Não,Não,Não,C/D,Não,Não,Não,Não,Não,Não,Não,Não,Não,Não,Não,Não,Não,Não,Não,Não,Não,Não,C/D,Não,Não,Não,Não,Não,Não,Não,Não,Não,Não,C/D,Não,Não,Não,Não,Não,Não,Não,Não,Não,Não,Não,Não,Não,Não,Não,Não,Não,Não,Não,Não,Não,Não,Não,Não,Não,Não,Não,Não,Não,Não,Não,Não,Não,Não,Não,Não,Não,Não,Não,Não,Não,Não,Não,Não,Não,Não,Não,Não,Não,Não,Não,Não,Não,Não,Não,Não,Não,Não,Não,Não,Não,Não,Não,Não,Não,Não,Não,Não,Não,Não,Não,Não,Não,Não,Não,Não,Não,Não,Não,Não,Não,Não,Não,Não,Não,Não,Não,Não,Não,Não,Não,Não,Não,Não,Não,Não,Não,Não,Não,Não,Não,Não,Não,Não,Não,Não,Não,Não,Não,Não,Não,Não,Não,Não,Não,Não,Não,Não,Não,Não,Não,Não,Não,Não,Não,Não,Não,Não,Não,Não,Não,Não,Não,Não,Não,Não,Não,Não,Não,Não,Não,Não,Não,Não,Não,Não,Não,Não,Não,Não,Não,Não,Não,Não,Não,Não,Não,Não,Não,Não,Não,Não,BL01UK02PO015,UKPO015,595,19.83333333,2020,gb
R_qKlVPuNE5Gxrg89,Male,University degree or equivalent,University degree or equivalent,90,10,0,NA,Portuguese;90;,English;10;,,90,10,0,NA,Portuguese,NA,10,8,NA,NA,I always (or almost always) speak Portuguese to my child,Portuguese,NA,10,9,NA,NA,I always (or almost always) speak Portuguese to my child,First,NA,1,23,Always (or almost always) English,,C/D,C/D,C/D,Não,C/D,C/D,C/D,C/D,C/D,C/D,Não,C/D,C/D,C/D,C/D,C/D,C/D,C/D,Não,C/D,C/D,Não,C/D,C/D,C,C/D,Não,C,C/D,C/D,C/D,C/D,C/D,C/D,C/D,C/D,C,C/D,C,C/D,C/D,C/D,C/D,C/D,C/D,C/D,Não,C/D,C/D,C/D,C,C/D,C,C/D,C/D,Não,C/D,C,C/D,C,Não,C/D,C/D,Não,C,C,C/D,C/D,Não,C,C/D,C/D,C/D,C,C/D,Não,C/D,C,C/D,C/D,C/D,Não,C,C/D,C/D,C/D,C/D,C/D,C/D,C/D,C/D,C/D,C/D,Não,Não,C/D,C/D,C/D,C/D,C/D,C/D,C/D,C/D,C/D,C/D,C/D,C/D,C/D,C/D,C/D,C/D,C/D,C/D,C/D,C/D,C,C/D,C/D,C/D,Não,C/D,Não,C/D,Não,Não,Não,C/D,Não,C/D,C/D,C/D,C/D,C/D,Não,C/D,C,C/D,C/D,C,Não,C/D,C/D,C,C/D,C,Não,Não,C,C/D,Não,C/D,Não,C,C/D,C/D,C/D,C/D,C/D,C/D,Não,Não,C/D,C/D,C/D,C,C,C/D,Não,C/D,C/D,Não,C,Não,C,C,C/D,Não,C,C/D,C/D,C/D,C/D,C/D,C/D,C,C,C/D,C/D,Não,C,Não,C,Não,C,C/D,Não,C/D,Não,C,C,C/D,Não,C/D,Não,Não,C/D,C,Não,C,C,Não,C,C/D,C,C/D,Não,Não,C/D,C,Não,C,C/D,C,C,C/D,C/D,C/D,C/D,C,C,Não,Não,C/D,Não,C/D,C/D,C/D,C/D,C/D,C,Não,Não,C/D,C/D,C/D,C,C,C/D,C/D,C,C,Não,C,C,C,C,C,C,Não,Não,C,C,C/D,Não,C,C/D,C,C,C/D,C/D,Não,C,Não,Não,Não,Não,Não,C,C/D,C/D,C/D,C,C/D,C,C,C,Não,Não,C/D,Não,Não,C,C,C,C/D,C,C,C/D,Não,Não,C,C,C/D,C/D,C/D,C,C/D,C/D,C,C,C/D,C/D,C,C,C,C,C,Não,C/D,Não,C/D,C,C,C/D,Não,C,C/D,C,C,C,C/D,C,C,C,C/D,C/D,C/D,Não,C/D,Não,C/D,Não,Não,Não,C,C,Não,Não,Não,C,C,C/D,Não,C/D,Não,C/D,Não,C/D,C/D,Não,Não,Não,Não,C/D,C/D,C/D,Não,C/D,Não,Não,Não,C/D,C/D,Não,Não,Não,Não,Não,Não,C,C,C,C,C,C,C,C,C,C,C,C,C,C,C,C,C,C,C,C,C,Não,C/D,Não,C/D,Não,C,Não,C,C,Não,C/D,Não,Não,Não,Não,C,C/D,C/D,BL01UK02PO012,UKPO012,797,26.56666667,2020,gb
R_3hAR9wpKRS3nA9y,Male,University degree or equivalent,Left school at 16 with GCSE or equivalent,40,60,0,NA,Portuguese;40;,English;60;,,40,60,0,NA,Portuguese,NA,10,9,0,NA,I always (or almost always) speak Portuguese to my child,English,NA,0,10,NA,NA,I always (or almost always) speak English to my child,Third,NA,3,NA,NA,,Não,C,Não,C,Não,C/D,Não,Não,Não,C/D,Não,C,Não,Não,Não,Não,Não,Não,Não,Não,Não,Não,Não,Não,Não,Não,Não,Não,Não,Não,Não,Não,Não,Não,Não,Não,Não,Não,Não,Não,Não,Não,Não,Não,Não,Não,Não,Não,Não,Não,Não,Não,Não,Não,Não,Não,Não,Não,C,C,Não,Não,Não,Não,C,Não,C,C,Não,Não,C,Não,Não,Não,Não,Não,C,Não,Não,Não,Não,Não,Não,C,Não,Não,Não,Não,C,C,Não,Não,Não,Não,Não,Não,Não,Não,Não,C,Não,Não,Não,Não,Não,Não,Não,Não,Não,Não,Não,Não,Não,Não,Não,Não,Não,Não,Não,Não,Não,Não,Não,Não,Não,Não,Não,Não,Não,Não,Não,Não,Não,Não,Não,Não,Não,Não,Não,Não,C,Não,Não,Não,Não,Não,Não,Não,Não,Não,Não,Não,Não,Não,Não,Não,C,C,Não,Não,Não,C,Não,Não,Não,Não,Não,Não,Não,Não,Não,Não,Não,Não,Não,Não,Não,Não,Não,Não,Não,Não,Não,Não,Não,C,Não,C,Não,Não,Não,Não,Não,C,Não,Não,Não,Não,Não,Não,Não,Não,Não,Não,Não,Não,Não,Não,Não,Não,Não,Não,Não,Não,Não,Não,Não,Não,C,Não,Não,Não,Não,C,Não,Não,Não,C,Não,Não,Não,Não,C,Não,Não,Não,Não,Não,Não,Não,Não,Não,C,Não,C,Não,C,C,C,Não,Não,Não,C,Não,Não,C,C,C,Não,Não,Não,Não,C,Não,Não,Não,Não,Não,Não,Não,Não,Não,Não,Não,Não,Não,Não,Não,C,Não,Não,Não,Não,Não,Não,Não,Não,Não,Não,Não,Não,Não,Não,C,Não,Não,Não,Não,Não,Não,Não,Não,Não,Não,Não,Não,Não,Não,Não,Não,Não,Não,Não,Não,Não,Não,Não,Não,Não,Não,Não,Não,Não,Não,Não,Não,Não,Não,Não,Não,Não,Não,Não,Não,C,C,Não,Não,Não,Não,Não,Não,Não,Não,Não,Não,Não,Não,Não,Não,Não,Não,Não,Não,Não,Não,Não,Não,Não,Não,Não,Não,Não,Não,Não,Não,Não,Não,Não,Não,Não,Não,Não,Não,Não,Não,Não,Não,Não,Não,Não,Não,Não,Não,Não,Não,Não,Não,Não,Não,Não,Não,Não,Não,Não,Não,Não,Não,Não,Não,Não,Não,Não,Não,Não,Não,Não,Não,Não,Não,Não,Não,Não,Não,Não,Não,Não,Não,BL01UK02PO016,UKPO016,488,16.26666667,2020,gb
R_2TzMOPMLe5aL0ot,Male,University degree or equivalent,Left school at 18 with A-Levels or equivalent,40,60,0,NA,Portuguese;40;,English;60;,,95,5,0,NA,Portuguese,NA,10,8,NA,NA,I always (or almost always) speak Portuguese to my child,Portuguese,NA,10,5,NA,NA,I always (or almost always) speak Portuguese to my child,First,NA,1,13,Always (or almost always) English,,Não,Não,Não,Não,Não,Não,Não,Não,Não,Não,Não,Não,Não,Não,Não,Não,Não,Não,Não,Não,Não,Não,Não,Não,Não,Não,Não,Não,Não,Não,Não,Não,Não,Não,Não,Não,Não,Não,Não,Não,Não,Não,Não,Não,Não,Não,Não,Não,Não,Não,Não,Não,Não,Não,Não,Não,Não,Não,Não,Não,Não,Não,Não,Não,Não,Não,C,Não,Não,Não,Não,Não,Não,Não,Não,Não,Não,Não,Não,Não,Não,Não,Não,Não,Não,Não,Não,Não,Não,Não,Não,Não,Não,Não,Não,Não,Não,Não,Não,Não,Não,Não,Não,Não,Não,Não,Não,Não,Não,Não,Não,C,Não,Não,Não,Não,Não,Não,Não,Não,Não,Não,Não,Não,Não,Não,Não,Não,Não,C,Não,Não,Não,Não,Não,Não,Não,Não,Não,Não,Não,Não,Não,Não,Não,Não,Não,Não,Não,Não,Não,Não,Não,Não,Não,Não,Não,Não,Não,Não,Não,Não,Não,Não,Não,Não,Não,Não,Não,Não,Não,Não,Não,Não,Não,Não,Não,Não,Não,Não,Não,Não,Não,Não,Não,Não,Não,Não,Não,Não,Não,Não,Não,Não,Não,Não,Não,Não,Não,Não,Não,Não,Não,Não,Não,Não,Não,Não,Não,Não,Não,Não,Não,Não,Não,Não,Não,Não,Não,Não,Não,Não,Não,Não,Não,Não,Não,Não,Não,Não,Não,Não,Não,Não,Não,Não,C,Não,Não,Não,Não,Não,Não,Não,C/D,Não,C,Não,C,Não,Não,Não,C,C,Não,C,C,C,Não,Não,Não,C,Não,Não,C,Não,Não,Não,Não,Não,Não,Não,Não,Não,Não,Não,Não,Não,Não,Não,Não,Não,Não,Não,Não,Não,Não,Não,Não,Não,Não,Não,Não,Não,C/D,Não,Não,Não,Não,Não,Não,Não,Não,Não,Não,Não,Não,Não,Não,Não,Não,Não,Não,C,Não,Não,Não,Não,Não,Não,Não,Não,Não,Não,Não,Não,Não,Não,Não,Não,Não,Não,Não,Não,C,C,Não,Não,Não,Não,Não,Não,Não,Não,C,Não,Não,Não,Não,Não,Não,Não,Não,Não,Não,Não,Não,Não,Não,Não,Não,C,Não,Não,Não,Não,Não,Não,Não,Não,Não,Não,Não,Não,Não,Não,Não,Não,Não,Não,Não,Não,Não,Não,Não,Não,Não,Não,Não,Não,Não,Não,Não,Não,Não,Não,Não,Não,Não,Não,Não,Não,Não,Não,Não,Não,Não,Não,Não,Não,C,Não,Não,Não,Não,Não,Não,Não,BL01UK03PO006,UKPO006,486,16.2,2021,gb
R_pE0LOcgdWXSrEnn,Female,University degree or equivalent,University degree or equivalent,50,50,0,NA,Portuguese;50;,English;50;,,100,0,0,NA,Portuguese,NA,10,8,0,NA,I always (or almost always) speak Portuguese to my child,Portuguese,NA,10,8,NA,NA,I always (or almost always) speak Portuguese to my child,First,NA,1,10,Always (or almost always) English,,C/D,C/D,C/D,C/D,C/D,C/D,C/D,C/D,C/D,C/D,C/D,C/D,C,C,C,C,C,C/D,C/D,C,C,C,C,C,C,C,C,C,C/D,C,C,C,C,C/D,C/D,C,C,C,C,C,C,C,C,C,C,C,C,C,C,C/D,C,C,C,C/D,Não,C,C,C/D,C/D,C,C,C,C,C,C,C,C,C/D,Não,Não,C,C,Não,C,C,C,Não,Não,C,C,Não,Não,C,C,C,Não,C,C,C/D,C/D,C,Não,C,Não,C,C,C,C,C,C,C,C,C,C,C,C,C,C,C,C,C,C/D,C,C/D,C,Não,C,Não,C,C,C,C,C,C,Não,Não,Não,Não,Não,C,C,C,C,C,C,C,C,C,Não,Não,C,C,C,C,C,C,Não,C,C,C,C,Não,C,C,C,C,C,C,C,C,C,C,C,C,C,C,C,C,C,C,Não,C,Não,C,C,C,Não,C,C,C,C,C,C/D,C,C,C,C,C,Não,C,Não,C,C,Não,C,Não,C,Não,C,C,C,C,C,C,Não,C,C/D,C,Não,Não,Não,C,Não,C,C,Não,C,C,C,Não,C,C,C,Não,C,C/D,C,C/D,C,Não,C,C,C/D,C,C/D,C/D,C/D,C,Não,Não,C,C,C/D,C/D,C/D,C,C,C,C/D,C,C,C,C/D,C/D,C,C/D,C,C,C,C,C/D,C/D,C,C,C,C,C,C,C,C,C,C,C,Não,C,Não,C,C,C,C,C,C,C,C,C,C,C,Não,C,C,C,C,Não,C,C,C,C,C,C,C,C,C,C,C,C,C,C,C,C,C,C,C,Não,C,C,C,C,C,C,Não,C,C,C,C,Não,C,C,C,Não,C,C,C,C,C,C,C/D,C,C,C,C,C,C,C,C,C,C,C,Não,Não,C,C,Não,C,C,C,C,C,C,C,C,Não,C,C,C,C,C,Não,C,C,C,C,C,C,C,C,C/D,C,C,C,C,Não,C,C,Não,C,C,C,C,C,C,C,C,C,C,Não,Não,Não,Não,C,Não,C/D,C/D,Não,Não,C,C,Não,C,C,Não,C/D,Não,C,Não,C,C/D,Não,C,BL01UK03PO009,UKPO009,787,26.23333333,2021,gb
R_2X4EoLK1E9IXDUh,Female,University degree or equivalent,University degree or equivalent,20,80,0,NA,Portuguese;20;,English;80;,,30,70,0,NA,English,NA,3,10,NA,NA,I always (or almost always) speak English to my child,Portuguese,NA,10,9,NA,NA,I always (or almost always) speak Portuguese to my child,First,NA,1,12,Always (or almost always) English,,C,C,Não,C/D,C,Não,C/D,C/D,C/D,C/D,C/D,C/D,C,C,C/D,C,C,C/D,C,C,C,Não,C,C,C,C,C,C,C,C,C,C,C,C/D,C/D,C/D,C,C,Não,C,C,C/D,C,C,C,C,Não,C,C,C,C,C,C,C,C,C/D,C,C,C/D,C,C,Não,C,Não,C,C,C,C,Não,C,C,C,C,C,C,C,C,C,C,C,C/D,Não,C,C,C,C,C/D,C,C/D,C,C,C,C,C,C,C,C/D,C,C,C,C,C,C,C,C,C,C,C,C,C/D,Não,C,C,C,Não,C,C/D,C,C,Não,Não,C,C,C,Não,C,C,Não,Não,C,C,C,C,Não,Não,C,Não,C,C,C,C,C,C,C,C,C,C,C,Não,C,C,C,C,C,C,C/D,C,C,C,C,C/D,C,C,C/D,Não,C,C,C,C,C/D,C,C,Não,Não,C,C,Não,C,C,C,Não,C,C,C,C,C,C,C,C,C,C,C,C/D,Não,C,C,C,Não,C,C,C,C,C,C,Não,C,C,Não,Não,C,Não,C,C,C,C,C/D,C,C,C,C,C/D,C,C,Não,Não,C,C,C/D,Não,C,Não,Não,C/D,Não,C,C,C/D,C/D,Não,C/D,C,C,C,C,C/D,C,C,C,C/D,C,C,Não,C/D,C,C,C,C,C,C,C/D,C,C/D,Não,C,C,C,C,C,C,C,Não,C,C,Não,C,C,C,C,C,C,C,C,C,Não,C,C,C,C,C,C,Não,C,C,C,C,C,C,C,C,Não,C,C,C,C,C,C,C,C,C,C,C,Não,C,C,C/D,C,Não,C,C,C,C,Não,Não,Não,C,C/D,C/D,C,C,C/D,Não,C,C,C,C,C,C,Não,C,C,C,C,C,C,C,C,Não,C,Não,C,C,C/D,C,C,C,C,C,C,C,Não,Não,Não,C,C,C,Não,Não,C,C,C,Não,C,C,Não,Não,C,Não,Não,C,C,C,C,C,C,C,C,C/D,C,C,C,C,C,C,C,C,C,C,C,Não,C/D,C,C,C/D,C,C,C,C,C,Não,Não,C/D,Não,C,Não,Não,C,C,C,BL01UK03PO008,UKPO008,585,19.5,2021,gb
R_06gscZE5Z8uJDLX,Female,University degree or equivalent,University degree or equivalent,40,60,0,NA,Portuguese;40;,English;60;,,55,45,0,NA,Portuguese,NA,10,9,5,Italian,I always (or almost always) speak Portuguese to my child,English,NA,3,10,NA,NA,I always (or almost always) speak English to my child,First,NA,1,12,Always (or almost always) English,,C/D,Não,C/D,Não,C/D,Não,Não,Não,C/D,Não,Não,Não,C/D,Não,Não,C/D,Não,Não,C/D,C/D,C/D,Não,C/D,C/D,Não,Não,Não,Não,Não,C/D,C/D,C/D,C/D,C/D,C/D,C/D,Não,C/D,Não,Não,Não,C/D,C/D,Não,C/D,C/D,Não,Não,Não,Não,Não,Não,Não,Não,Não,Não,Não,Não,C/D,Não,Não,Não,Não,C/D,C/D,Não,C/D,C/D,Não,Não,Não,Não,C/D,Não,Não,Não,C,Não,Não,Não,Não,Não,Não,Não,C,Não,Não,C/D,Não,Não,C/D,Não,C/D,Não,Não,Não,C/D,C/D,C/D,C/D,C/D,C/D,C/D,C/D,C/D,Não,Não,C/D,C/D,C/D,C/D,C/D,Não,Não,Não,Não,C/D,Não,Não,Não,Não,Não,Não,Não,Não,Não,C/D,Não,Não,C,Não,Não,C/D,Não,Não,C/D,Não,Não,Não,Não,Não,Não,Não,Não,Não,Não,Não,Não,Não,Não,Não,Não,Não,Não,Não,Não,Não,C/D,C,Não,Não,C/D,C/D,C/D,Não,Não,Não,Não,C/D,Não,Não,Não,Não,Não,Não,Não,Não,Não,Não,Não,Não,Não,C/D,Não,Não,Não,Não,Não,Não,Não,Não,Não,Não,Não,Não,Não,C,Não,Não,C/D,Não,Não,Não,Não,Não,Não,Não,Não,Não,Não,Não,Não,Não,Não,Não,Não,Não,Não,Não,Não,Não,Não,Não,Não,Não,C/D,C/D,C/D,Não,Não,Não,Não,C/D,Não,Não,Não,Não,Não,Não,Não,Não,Não,Não,Não,C/D,C/D,Não,C/D,Não,Não,C/D,Não,C,Não,C/D,C/D,C/D,C/D,Não,C/D,Não,C/D,Não,Não,C/D,Não,Não,Não,Não,C/D,Não,Não,Não,Não,Não,Não,Não,C/D,Não,Não,Não,Não,Não,Não,Não,Não,Não,Não,Não,Não,Não,Não,Não,Não,Não,Não,Não,Não,Não,Não,Não,Não,Não,Não,Não,Não,Não,Não,Não,Não,Não,Não,Não,Não,Não,Não,Não,Não,Não,Não,Não,Não,Não,Não,Não,Não,Não,Não,Não,Não,Não,Não,Não,Não,Não,C/D,Não,Não,C/D,Não,Não,Não,Não,Não,C/D,C/D,Não,Não,Não,Não,Não,Não,Não,Não,Não,Não,Não,Não,Não,Não,Não,Não,Não,Não,Não,Não,Não,Não,Não,Não,Não,Não,Não,Não,Não,C/D,Não,Não,C/D,Não,Não,Não,Não,Não,Não,Não,Não,Não,C/D,C/D,C/D,C/D,Não,Não,C/D,C/D,Não,Não,Não,Não,C/D,C/D,Não,Não,C/D,Não,Não,Não,Não,Não,Não,Não,Não,Não,Não,C/D,Não,Não,BL01UK02PO023,UKPO023,528,17.6,2021,gb
R_1GDOVxEcujHiNrF,Female,University degree or equivalent,University degree or equivalent,5,95,0,NA,Portuguese;5;,English;95;,,30,70,0,NA,Portuguese,NA,10,6,0,NA,I regularly speak both Portuguese and English to my child,English,NA,1,10,NA,NA,I always (or almost always) speak English to my child,First,NA,1,NA,NA,,Não,C/D,C/D,C/D,C,C,Não,C/D,C/D,C,C,C/D,C,C,C/D,C,C,C/D,C/D,C/D,C,Não,C,C/D,C/D,C,Não,C/D,C/D,C/D,C,C,C/D,C,C,C/D,Não,C,Não,C,C/D,C/D,C,C,C,C,Não,Não,C/D,C/D,C,C,Não,C/D,Não,Não,C,C,C,C,C,Não,C,Não,C/D,C,C/D,C/D,Não,C,Não,C,Não,Não,C,Não,C/D,Não,Não,Não,Não,Não,C,Não,C/D,Não,Não,C,C/D,C,C/D,C/D,C/D,Não,Não,Não,C/D,C,C/D,C,C/D,C,C/D,C,C/D,C,C/D,C/D,C/D,C/D,C/D,C/D,C,Não,C/D,Não,C/D,C,C/D,Não,C,Não,C,C,Não,Não,C/D,Não,Não,C/D,C/D,C,C,C,Não,C,C,C,Não,Não,C/D,Não,C,C,C,Não,C,C,C/D,Não,C,C,C,C,C,C,C/D,C/D,C,Não,Não,C/D,C,C/D,C,C,C,Não,C,Não,C,C,C,C/D,C,C,Não,Não,C,C,Não,C,C,Não,Não,C,C,C,Não,Não,Não,C,Não,Não,C,Não,C,Não,C,C,Não,Não,Não,Não,Não,C,C/D,C,Não,Não,Não,C/D,C,Não,C,Não,Não,C,C/D,Não,Não,C,C,C,C,C,C,C/D,C/D,C,Não,Não,Não,Não,C/D,C/D,C/D,C,C,C/D,Não,Não,C,Não,C,C,C,C,C/D,C,C/D,C,C/D,C/D,C/D,C,C,C/D,Não,C,C,C,Não,Não,C,C,Não,C,C/D,C,C,C,Não,Não,Não,Não,Não,C,C,C,C,C,C,C,C,C,Não,C,C,Não,C,C,C/D,C,C,C,Não,C,Não,Não,Não,C,C,Não,C,Não,C,C/D,C/D,Não,C/D,C,C,C,C,C,C,Não,C,Não,C,Não,Não,Não,Não,Não,C,Não,Não,C,C,C,Não,C,C,Não,C/D,Não,C/D,C,C,C,Não,Não,C,C,C,Não,Não,Não,Não,Não,Não,C,Não,C,Não,Não,C/D,Não,Não,Não,C,Não,C,C,Não,C/D,C,Não,Não,C/D,C/D,Não,C,C,C,Não,C,C,Não,C,C,Não,Não,C,C,C,C,C,C,C,C,C,Não,Não,Não,Não,C,C,C,C,Não,Não,Não,Não,Não,Não,Não,Não,C,Não,Não,Não,Não,C,Não,C,BL01UK02PO021,UKPO021,708,23.6,2021,gb
R_1exELeGsPsFD4LJ,Male,University degree or equivalent,University degree or equivalent,1,99,0,NA,Portuguese;1;,English;99;,,10,90,0,NA,Portuguese,NA,10,8,NA,NA,I regularly speak both Portuguese and English to my child,English,NA,2,10,NA,NA,I always (or almost always) speak English to my child,Second,NA,2,5,Always (or almost always) English,,C/D,C/D,Não,Não,Não,C/D,C/D,C/D,C/D,C/D,C/D,C/D,Não,Não,Não,Não,Não,Não,Não,Não,Não,Não,Não,Não,Não,Não,Não,Não,Não,Não,Não,Não,Não,Não,Não,Não,Não,Não,Não,Não,Não,Não,Não,Não,Não,Não,Não,Não,Não,Não,Não,Não,Não,Não,Não,Não,Não,Não,Não,Não,Não,Não,Não,Não,Não,Não,C,C,Não,Não,Não,Não,Não,Não,Não,Não,Não,Não,Não,Não,Não,Não,Não,Não,Não,Não,Não,Não,Não,Não,Não,C/D,Não,Não,Não,Não,Não,Não,Não,Não,Não,Não,Não,Não,Não,Não,Não,Não,Não,Não,Não,Não,Não,Não,Não,Não,Não,Não,Não,Não,Não,Não,Não,Não,Não,Não,Não,Não,Não,Não,Não,C/D,Não,Não,Não,Não,Não,Não,Não,Não,Não,Não,Não,Não,Não,Não,Não,Não,Não,Não,Não,Não,Não,Não,Não,Não,C/D,C,Não,Não,Não,Não,Não,Não,Não,Não,Não,Não,Não,Não,Não,Não,Não,Não,Não,Não,Não,Não,Não,Não,Não,Não,Não,Não,Não,Não,Não,Não,Não,Não,Não,Não,Não,Não,Não,Não,Não,Não,Não,Não,Não,Não,Não,Não,Não,Não,Não,Não,Não,Não,Não,Não,Não,Não,Não,Não,Não,Não,Não,Não,Não,Não,Não,Não,Não,Não,Não,Não,Não,Não,Não,Não,Não,Não,Não,Não,Não,Não,Não,Não,Não,Não,Não,Não,C/D,Não,Não,Não,Não,Não,Não,Não,Não,Não,Não,C/D,Não,Não,Não,Não,Não,Não,Não,Não,Não,Não,Não,Não,Não,Não,Não,Não,Não,Não,Não,Não,Não,Não,Não,Não,Não,Não,Não,Não,Não,Não,Não,Não,Não,Não,Não,Não,Não,Não,Não,Não,Não,Não,Não,Não,Não,Não,Não,Não,Não,Não,Não,Não,Não,Não,Não,Não,Não,Não,Não,Não,Não,Não,Não,Não,Não,Não,Não,Não,Não,Não,Não,Não,Não,Não,Não,Não,Não,Não,Não,Não,Não,Não,Não,Não,Não,Não,Não,Não,Não,Não,Não,Não,Não,Não,Não,Não,Não,Não,Não,Não,Não,Não,Não,Não,Não,Não,Não,Não,Não,Não,Não,Não,Não,Não,Não,Não,Não,Não,Não,Não,Não,Não,Não,Não,Não,Não,Não,Não,Não,Não,Não,Não,Não,Não,Não,Não,Não,Não,Não,Não,Não,Não,Não,Não,Não,Não,Não,Não,Não,Não,Não,Não,Não,Não,Não,Não,Não,Não,Não,Não,Não,Não,BL01UK03PO015,UKPO015,663,22.1,2021,gb
R_6m6IUV9hK6yPA0p,Female,University degree or equivalent,Left school at 16 with GCSE or equivalent,85,10,5,French,Portuguese;85;,English;10;,French;5;,85,10,5,French,Portuguese,NA,10,10,5,French,I always (or almost always) speak Portuguese to my child,Portuguese,NA,10,9,7,French,I always (or almost always) speak Portuguese to my child,Third,NA,3,NA,NA,,C/D,C/D,C/D,C/D,C/D,C/D,Não,C/D,C/D,Não,C/D,C/D,C/D,C,Não,Não,Não,Não,C/D,C,C,Não,Não,C/D,Não,C,C,C,C,C,C/D,C,Não,C/D,C,C/D,Não,C,C,C,C,C,C/D,C/D,C/D,C/D,Não,C/D,C/D,C/D,C/D,Não,C/D,C/D,C,C/D,C,C/D,C/D,Não,C/D,C/D,C/D,Não,C/D,C,C/D,C/D,C,C,C,C/D,C/D,C,Não,C/D,Não,C/D,Não,Não,C,Não,C/D,C/D,C/D,C/D,C/D,C/D,C/D,C/D,C,C/D,C,C/D,C/D,C/D,C/D,C/D,C/D,C/D,C/D,C/D,C/D,C/D,C/D,Não,C,C/D,C/D,C/D,C,C/D,C/D,Não,C/D,Não,C/D,Não,C/D,Não,C,C/D,C/D,C/D,C,C/D,Não,Não,Não,C/D,C,C/D,C/D,C/D,Não,C,Não,C,C,Não,C/D,C/D,C/D,C/D,C,C/D,C/D,Não,C,C,C/D,Não,C/D,C/D,C/D,C/D,C/D,C/D,C/D,C/D,C/D,C/D,C/D,C/D,C,C,C,C/D,C,C,Não,Não,Não,Não,Não,C,Não,C/D,C/D,C/D,C,Não,C/D,Não,Não,C/D,C,C,C,C/D,C,C/D,C,Não,C/D,C/D,C/D,C,C,C/D,C/D,C/D,C/D,C,C/D,C/D,C/D,C/D,C/D,C/D,C/D,Não,C/D,Não,C/D,Não,C,Não,C,C/D,Não,C/D,C/D,C,C,C/D,C/D,C/D,C/D,Não,C/D,C/D,C/D,C,C/D,C/D,C/D,Não,C,Não,C,C,C,C,C/D,C,C/D,C/D,Não,C,C/D,C,C/D,C/D,C/D,C/D,C/D,C/D,C/D,C/D,C/D,C/D,C,Não,C/D,C/D,C,C,Não,C,C,C/D,C,C,C/D,C/D,C,Não,Não,Não,C/D,C/D,C/D,C/D,C/D,C/D,C/D,C,C/D,Não,Não,C/D,C/D,Não,Não,Não,C/D,Não,C/D,C,C/D,C,C,C,C/D,C/D,C/D,C,C/D,Não,C/D,Não,C/D,Não,Não,Não,C/D,C/D,C/D,Não,C/D,Não,Não,Não,Não,C/D,C/D,Não,Não,Não,Não,Não,C/D,C/D,C/D,C/D,C,C,C,C,C/D,C,Não,C,C,C,C,C,Não,C/D,C/D,C,C,C,C/D,C/D,Não,C/D,C,C,C,C/D,C/D,C/D,C/D,C/D,C,C/D,C,C,C,C,C/D,C,C/D,C,C/D,C,C/D,C,C,C,C/D,C,C,C,C,C,C,C,C/D,C/D,C/D,C/D,Não,C/D,C,C/D,Não,Não,C/D,C/D,Não,C/D,C/D,C,C,C/D,C/D,C,C/D,Não,C,Não,C,C/D,C/D,C/D,BL01UK03PO020,UKPO020,720,24,2021,gb
R_3nMlbq2jd8S5Inu,Male,University degree or equivalent,Left school at 16 with GCSE or equivalent,30,70,0,NA,Portuguese;30;,English;70;,,40,60,0,NA,Portuguese,NA,10,9,0,NA,I always (or almost always) speak Portuguese to my child,English,NA,0,10,NA,NA,I always (or almost always) speak English to my child,Third,NA,3,NA,Always (or almost always) English,,Não,C,C,C,Não,C/D,C,C,C,C/D,Não,C,Não,Não,Não,Não,Não,Não,C,C,Não,Não,Não,C,Não,C,Não,Não,C,C,C,C,C,Não,Não,Não,Não,Não,Não,Não,Não,C,Não,Não,C,C,Não,Não,C,Não,Não,Não,Não,C,C,C,Não,Não,Não,Não,Não,Não,Não,Não,Não,Não,C,C,Não,Não,Não,Não,Não,Não,Não,Não,C,Não,Não,Não,Não,Não,Não,C,Não,Não,Não,Não,C,Não,Não,Não,Não,Não,Não,Não,Não,Não,Não,Não,Não,Não,Não,Não,Não,Não,Não,Não,Não,Não,Não,Não,Não,Não,Não,Não,Não,Não,Não,Não,Não,Não,Não,Não,Não,Não,Não,Não,Não,Não,Não,Não,Não,Não,Não,Não,Não,Não,Não,Não,Não,Não,Não,Não,Não,Não,Não,Não,Não,Não,Não,Não,Não,Não,Não,Não,Não,Não,Não,Não,Não,Não,Não,Não,Não,Não,Não,Não,Não,Não,Não,Não,Não,Não,Não,Não,Não,Não,Não,Não,Não,Não,Não,Não,Não,Não,Não,Não,Não,Não,Não,Não,Não,C,Não,Não,Não,Não,Não,Não,Não,Não,Não,Não,Não,Não,Não,Não,Não,Não,Não,Não,Não,Não,Não,Não,Não,Não,Não,Não,Não,Não,Não,Não,Não,Não,Não,C,Não,Não,Não,Não,C,Não,Não,Não,Não,Não,Não,Não,Não,Não,Não,Não,C,Não,Não,C,Não,Não,Não,Não,C,C,Não,Não,C,Não,Não,Não,Não,Não,C,Não,Não,Não,Não,C,Não,Não,Não,Não,Não,Não,Não,Não,Não,Não,C,Não,Não,Não,Não,Não,Não,Não,Não,Não,Não,Não,Não,Não,Não,C,Não,Não,Não,Não,Não,Não,Não,Não,Não,Não,Não,Não,Não,Não,Não,Não,Não,Não,Não,Não,Não,Não,Não,Não,Não,Não,Não,Não,Não,Não,Não,Não,Não,Não,Não,Não,Não,Não,Não,Não,Não,Não,Não,Não,Não,Não,Não,Não,Não,Não,Não,Não,Não,Não,Não,Não,Não,Não,C,Não,Não,Não,Não,Não,Não,Não,Não,Não,Não,Não,Não,Não,Não,Não,Não,Não,Não,Não,Não,Não,Não,Não,Não,Não,Não,Não,Não,Não,Não,Não,Não,Não,Não,Não,Não,Não,Não,Não,Não,Não,Não,Não,Não,Não,Não,Não,Não,Não,Não,Não,Não,Não,Não,Não,Não,Não,Não,Não,Não,Não,Não,Não,Não,Não,BL01UK03PO016,UKPO016,527,17.56666667,2021,gb
R_3sjiM6gZNRwS0Q6,Female,University degree or equivalent,University degree or equivalent,40,60,0,NA,Portuguese;40;,English;60;,,80,20,0,NA,Portuguese,NA,10,8,NA,NA,I always (or almost always) speak Portuguese to my child,Portuguese,NA,10,7,0,NA,I always (or almost always) speak Portuguese to my child,First,NA,1,13,Always (or almost always) English,,C,C,C/D,C/D,C,C,C,C/D,C/D,C/D,C/D,C/D,C/D,C/D,C,C,Não,C,C,C/D,Não,C,C,C/D,C/D,C/D,C,C/D,C/D,C,C/D,C/D,C,C/D,C/D,C/D,C,C/D,Não,C/D,C,C/D,C,C/D,C,C/D,Não,C/D,C/D,C/D,C/D,C/D,C/D,C/D,C,C,C/D,C/D,C/D,C,C,C/D,C/D,C,C/D,C,C/D,C/D,Não,C,Não,C/D,C/D,C/D,C/D,Não,C,Não,C,C/D,C/D,Não,C/D,C/D,C/D,Não,C/D,C/D,C/D,C/D,C/D,C/D,C/D,Não,Não,C/D,C/D,C/D,C/D,C/D,C/D,C/D,C/D,C,C,C,C/D,C/D,C/D,C/D,C/D,C/D,C/D,C/D,C/D,Não,C,C/D,C/D,C,C/D,Não,C/D,C/D,C/D,C,C/D,C,C,C/D,C/D,C/D,C/D,C,C,C,Não,C/D,C,Não,C/D,C/D,C/D,C/D,C/D,C,Não,C,C/D,C,C/D,Não,C/D,C/D,C,C/D,C/D,C/D,C/D,C,C/D,C/D,C/D,C,C/D,C,C/D,C,C/D,C/D,Não,C/D,C,C,C/D,C/D,C,C/D,C/D,C,C/D,C,C/D,C/D,C,C,C/D,C,C,C,C,C/D,C,C,C/D,C,C/D,C,C/D,C/D,C,C,C/D,C/D,C,C/D,C/D,C/D,Não,C,Não,C/D,C,C/D,C/D,C,C,C,C/D,C,C,C,C,Não,C,C/D,C/D,C,C,C,Não,Não,C/D,C,C,C,C/D,C,C,C,Não,Não,C/D,C/D,C/D,C/D,C/D,C,C/D,C,C/D,C,C/D,C/D,C/D,C/D,C,C,C,C/D,C/D,C/D,C/D,Não,C/D,C/D,C/D,C,C/D,C/D,C/D,C/D,C,C,C,C,C,C/D,C/D,C/D,C/D,C,C/D,C/D,C/D,C/D,C,C,C/D,Não,C/D,C,C,C/D,C,C/D,C/D,C/D,C,C,C/D,C/D,Não,C,C/D,C,C,C,C,C,C/D,C,C,C,C,C,C,C,C/D,Não,C,C/D,C/D,C,Não,C,C/D,C,C/D,C,C,C,C,C,C/D,C/D,C/D,C,C/D,C,C/D,C/D,C,C,C,C,C,C,C,C,C,C/D,C,C/D,C,C,C,C/D,C,Não,C,Não,C/D,C/D,C/D,C,C,C/D,C,C,C,C/D,C,C,C,C,Não,Não,C/D,C,Não,Não,C,Não,C,Não,Não,C,C/D,C,C/D,C,C,C,C,C,C,C,C,C,C,C/D,Não,C/D,C/D,C,C/D,C,C,C,C/D,C,C/D,C,C/D,C/D,C/D,C/D,BL01UK02PO026,UKPO026,644,21.46666667,2021,gb
R_w156xH5sB3udkEp,Female,University degree or equivalent,University degree or equivalent,40,60,0,NA,Portuguese;40;,English;60;,,80,20,0,NA,Portuguese,NA,10,8,NA,NA,I always (or almost always) speak Portuguese to my child,Portuguese,NA,10,7,0,NA,I always (or almost always) speak Portuguese to my child,First,NA,1,13,Always (or almost always) English,,C,C,C,C,C,Não,C,C/D,C,C,C,C,C/D,C/D,C/D,C/D,Não,C/D,C/D,C/D,C/D,C,C,C/D,C/D,C/D,Não,C/D,C/D,C/D,C/D,C/D,C,C/D,C/D,C/D,Não,C/D,Não,C/D,C,C/D,C/D,C/D,C/D,C/D,Não,C/D,C/D,C/D,C,C/D,C,C/D,C,C/D,C/D,C,C/D,C,C,C/D,C/D,Não,C/D,C,C/D,C/D,Não,C,Não,C/D,C/D,C/D,C/D,C,Não,Não,C/D,C/D,C/D,Não,C,C,C/D,Não,C/D,C/D,C/D,C/D,C/D,C/D,C/D,Não,Não,C/D,C/D,C,C,C/D,C/D,C,C/D,C,C/D,C,C,C/D,C/D,C/D,C/D,C/D,C,C/D,C,Não,C,C/D,C,C,C,C,C/D,C,C,C,C,C,C,C/D,C/D,C/D,C/D,C,Não,C/D,Não,C/D,C,Não,C/D,C/D,C/D,C/D,C,C,Não,C,C,C,C/D,C/D,C/D,C/D,C/D,C/D,C/D,C/D,C/D,Não,C/D,C/D,C/D,C/D,C/D,C/D,C/D,Não,C/D,C/D,Não,C,Não,C,C/D,C/D,Não,C/D,C/D,C/D,C,C,C/D,C,C,C,C,C,C,C,Não,C/D,Não,Não,C/D,Não,C/D,Não,C,C,C/D,C,C/D,C,Não,C,C/D,C,Não,Não,Não,C/D,C,C/D,C/D,Não,C,C,C/D,Não,Não,C,C,Não,C/D,C/D,C/D,C/D,C,Não,Não,Não,C/D,C,Não,Não,C/D,C,C,C,Não,Não,C/D,C/D,C,C/D,C,C,C/D,C,C/D,C,C/D,C/D,C/D,C,C,C,C,C/D,C,C/D,C,C,C,C/D,C/D,C,C/D,C/D,C/D,C,C,C,C,C,C,C,C/D,C/D,C/D,C,C/D,C,C,C,C,Não,C/D,C,C,C,Não,C/D,C,C/D,C,C/D,Não,C,C,C,Não,C,C/D,C,C,C,C,C,C,C,C/D,C,Não,C,C,C,C/D,C,C,C,C,C,Não,C,C/D,C,C,C,C,C,C,C,C/D,C/D,C,Não,C/D,Não,C,C/D,C,C,C,Não,C,C,C,C/D,Não,Não,C,C,C,Não,C,C/D,C,Não,Não,Não,C/D,C/D,C/D,C,Não,C,C,C,Não,C/D,C/D,Não,C,C,Não,Não,C,C,Não,Não,Não,Não,C,Não,Não,Não,C/D,C/D,C/D,C/D,C/D,Não,Não,Não,Não,Não,C,C,C,C,Não,C,C,C,Não,C,C,Não,C/D,Não,C/D,Não,C,C/D,C/D,C,BL01UK03PO026,UKPO026,680,22.66666667,2021,gb
R_1pzLs3z68mfdbq3,Female,University degree or equivalent,University degree or equivalent,50,50,0,NA,Portuguese;50;,English;50;,,100,0,0,NA,Portuguese,NA,10,8,0,NA,I always (or almost always) speak Portuguese to my child,Portuguese,NA,10,8,NA,NA,I always (or almost always) speak Portuguese to my child,First,NA,1,10,Always (or almost always) English,,C/D,C/D,C/D,C/D,C/D,C/D,C/D,C/D,C/D,C/D,C/D,C/D,C,C,C,C,Não,C,C/D,C,C,C,C,C,C,C,Não,C,C/D,C,C/D,C,C,C/D,C/D,C,Não,C,Não,C,C,C,C,C,C,C/D,Não,Não,C,C/D,C,Não,C,C/D,Não,C,Não,C,C/D,C,C,C,Não,C/D,C,C,C/D,C/D,Não,C,C/D,C,Não,C,C,C,Não,Não,C,C,Não,Não,C,C/D,C/D,C,C,C,C/D,C/D,C,C/D,C,Não,C,C,C,C,C,C/D,C,C,C,C,C,C,C,C,C,C,C,C/D,C,C/D,Não,Não,C,Não,C,Não,C,C,C/D,C,Não,Não,C,Não,C,C/D,C,C,C,C,C,C,Não,C,Não,Não,C,C,C,C,Não,C,Não,C,C,C,C,Não,C,C,C,C/D,C,C/D,C,Não,C,C,C,C,C,C,C,Não,C,Não,Não,Não,Não,C,C,C,Não,C,C/D,Não,C,C,C/D,C,C,C,C/D,C,C,C,Não,C,C,Não,C,C,C,Não,C,C,C,C,C,Não,C,C,C/D,C,Não,Não,Não,C,Não,Não,C,Não,Não,C,C,Não,Não,C,C,Não,Não,C/D,C/D,C/D,C,Não,C/D,Não,C/D,Não,C/D,C/D,C/D,Não,Não,Não,Não,Não,C/D,C/D,C/D,C,C,C/D,C/D,C,C,C,C/D,C/D,C,C/D,C,C/D,C,C/D,C/D,C/D,C,C,C,C,C/D,C,C,C,C/D,C,C,Não,C,C,Não,C,C,C,C,C,C,C,Não,C,C,Não,C,C,C,C,Não,C,C,C,C,C,C,Não,Não,C,C,C,C,C,C,C,C,C,C,C,Não,C,C,C,C,C,C,Não,C,C/D,C,C,Não,C,C,C,C,Não,Não,C,C,C,C,C/D,C,Não,C,C,C/D,C,C,C,C,C,C,C,Não,C,Não,Não,C,Não,C,C,C,C,C,C,Não,Não,C,C,C,Não,Não,C,C,C,Não,C/D,C,C,C/D,C/D,C,Não,Não,C,C,C,C,C,C,C,C,Não,Não,C/D,C/D,C/D,C/D,C/D,Não,Não,C,C,Não,C,C/D,C/D,Não,Não,C,C,Não,C,C,Não,C/D,Não,C,Não,C,C/D,C,C,BL01UK04PO009,UKPO009,851,28.36666667,2021,gb
R_2xX0QHJvMvSgjDe,Male,University degree or equivalent,University degree or equivalent,5,95,0,NA,Portuguese;5;,English;95;,,5,95,0,NA,Portuguese,NA,10,8,NA,NA,I regularly speak both Portuguese and English to my child,English,NA,2,10,NA,NA,I always (or almost always) speak English to my child,Second,NA,2,5,Always (or almost always) English,,C/D,C/D,C/D,C/D,C/D,C/D,C/D,C/D,C/D,C/D,C/D,C/D,Não,Não,Não,Não,Não,Não,Não,Não,Não,Não,Não,Não,Não,Não,Não,Não,Não,Não,Não,Não,Não,Não,Não,Não,Não,Não,Não,Não,Não,Não,Não,Não,Não,Não,Não,Não,Não,Não,Não,Não,Não,Não,Não,Não,Não,Não,Não,Não,Não,Não,Não,Não,Não,Não,Não,Não,Não,Não,Não,Não,Não,Não,Não,Não,Não,Não,Não,Não,Não,Não,Não,Não,Não,Não,Não,Não,Não,Não,Não,Não,Não,Não,Não,Não,Não,Não,Não,Não,Não,Não,Não,Não,Não,Não,Não,Não,Não,Não,Não,Não,Não,Não,Não,Não,Não,Não,Não,Não,Não,Não,Não,Não,Não,Não,Não,Não,Não,Não,Não,Não,Não,Não,Não,Não,Não,Não,Não,Não,Não,Não,Não,Não,Não,Não,Não,Não,Não,Não,Não,Não,Não,Não,Não,Não,Não,Não,Não,Não,Não,Não,Não,Não,Não,Não,Não,Não,Não,Não,Não,Não,Não,Não,Não,Não,Não,Não,Não,Não,Não,Não,Não,Não,Não,Não,Não,Não,Não,Não,Não,Não,Não,Não,Não,Não,Não,Não,Não,Não,Não,Não,Não,Não,Não,Não,Não,Não,Não,Não,Não,Não,Não,Não,Não,Não,Não,Não,Não,Não,Não,Não,Não,Não,Não,C/D,Não,C,Não,Não,Não,Não,Não,Não,Não,Não,Não,Não,Não,Não,Não,Não,Não,Não,C/D,Não,Não,Não,C/D,Não,Não,Não,Não,Não,Não,Não,Não,Não,Não,Não,Não,Não,Não,Não,Não,Não,Não,Não,Não,Não,Não,Não,Não,Não,Não,Não,Não,Não,Não,Não,Não,Não,Não,Não,Não,Não,Não,Não,Não,Não,Não,Não,Não,Não,Não,Não,Não,Não,Não,Não,Não,Não,Não,Não,Não,Não,Não,Não,Não,Não,Não,Não,Não,Não,Não,Não,Não,Não,Não,Não,Não,Não,Não,Não,Não,Não,Não,Não,Não,Não,Não,Não,Não,Não,Não,Não,Não,Não,Não,Não,Não,Não,Não,Não,Não,Não,Não,Não,Não,Não,Não,Não,Não,Não,Não,Não,Não,Não,Não,Não,Não,Não,Não,Não,Não,Não,Não,Não,Não,Não,Não,Não,Não,Não,Não,Não,Não,Não,Não,Não,Não,Não,Não,Não,Não,Não,Não,Não,Não,Não,Não,Não,Não,Não,Não,Não,Não,Não,Não,Não,Não,Não,Não,Não,Não,Não,Não,Não,Não,Não,Não,Não,Não,Não,Não,Não,Não,Não,BL01UK04PO015,UKPO015,709,23.63333333,2021,gb
R_3EavwlofKoJ8y7D,Female,University degree or equivalent,University degree or equivalent,30,70,0,NA,Portuguese;30;,English;70;,,50,50,0,NA,Portuguese,NA,10,6,0,NA,I regularly speak both Portuguese and English to my child,English,NA,1,10,NA,NA,I always (or almost always) speak English to my child,First,NA,1,NA,NA,,C/D,Não,C/D,C/D,C/D,C/D,C/D,C/D,C/D,C/D,C/D,C/D,C,C,C/D,C,C/D,C/D,C/D,C/D,C/D,Não,C/D,C/D,C/D,C/D,Não,C/D,C/D,C/D,C/D,C/D,C,C/D,C/D,C/D,Não,C,Não,C,C/D,C/D,C,C,C/D,C/D,Não,C/D,C/D,C/D,C/D,C/D,C,C/D,C,Não,C/D,C,C/D,C,C,C,C,Não,C/D,C/D,C/D,C/D,Não,Não,Não,C/D,C/D,C/D,C/D,Não,C/D,Não,C,C/D,C/D,Não,C/D,C/D,C/D,Não,Não,C/D,C/D,C,C/D,C/D,C/D,Não,Não,C,C/D,C,C,C/D,C/D,C,C,C,C/D,C/D,C,C/D,C/D,Não,C,C/D,C/D,C,C/D,C,C/D,C,C/D,Não,C/D,Não,C,C,Não,Não,C/D,C/D,C,C/D,C/D,C/D,C/D,C,Não,C,C,C,C,C,C/D,C/D,C,C/D,C/D,C/D,C,C,C/D,C/D,C/D,C/D,C/D,C/D,C,C/D,C/D,C/D,C,C,Não,C/D,C/D,C/D,C,C,C/D,Não,C/D,C/D,C/D,C,C,C/D,C/D,C/D,Não,C/D,C/D,C,C,C/D,C/D,C,C,C,C/D,C/D,Não,Não,Não,C,Não,Não,C/D,Não,C/D,Não,C,C,C,C,C,C/D,Não,C/D,C/D,C,Não,Não,Não,C/D,C/D,C,C,Não,Não,C,C/D,Não,Não,C/D,Não,Não,C,C/D,C/D,C/D,C/D,C/D,Não,Não,C/D,Não,C/D,C/D,C/D,C/D,C,C,Não,Não,C/D,Não,C/D,C/D,C,C,C/D,C,C/D,C,C/D,C/D,C/D,C/D,C/D,C/D,C,C,C,C/D,C,C/D,C,C/D,C/D,C,C/D,C,C,C,Não,Não,Não,Não,C,C,C/D,C/D,C,C,C,C,C,C/D,Não,C,C/D,Não,C,C/D,Não,C,C,C/D,Não,C/D,Não,C,C,C,C/D,Não,C/D,C,C,C/D,C/D,Não,C/D,C,C,C,C,C,C,C,C,Não,C,Não,Não,C,Não,C/D,C/D,C,C,C,Não,C/D,C,C,C,C/D,C/D,Não,C/D,C/D,C/D,C,C,C,C/D,C,C,Não,Não,C,Não,Não,C,C/D,Não,C/D,Não,C/D,C/D,Não,Não,Não,C,C/D,C,Não,Não,C/D,C,C,Não,C/D,C/D,Não,C,C,C,Não,C,C,C,C/D,C,C,C,C/D,C/D,C,C,C,C/D,C,C,C,C,C,Não,C,C,C,C,C,Não,C,C/D,C,C/D,C/D,C/D,C,C/D,C,C/D,C,C,C/D,C/D,C/D,BL01UK03PO021,UKPO021,773,25.76666667,2021,gb
R_QmI6SPKZ3vPlGVj,Female,University degree or equivalent,University degree or equivalent,30,70,0,NA,Portuguese;30;,English;70;,,60,40,0,NA,Portuguese,NA,10,9,5,Italian,I always (or almost always) speak Portuguese to my child,English,NA,3,10,NA,NA,I always (or almost always) speak English to my child,First,NA,1,11,Always (or almost always) English,,C/D,C/D,C,C,C/D,C,C/D,C/D,C/D,C,C,C/D,C/D,C,C,C,C,C,C/D,C/D,C/D,C,C/D,C/D,C/D,C/D,Não,C,C/D,C/D,C/D,C/D,C,C/D,C/D,C/D,Não,C/D,C,C/D,C/D,C/D,C/D,C/D,C/D,C/D,Não,C/D,C,C/D,C/D,Não,C,C/D,Não,Não,Não,C/D,C/D,C,Não,Não,Não,C/D,C/D,C/D,C/D,C/D,C/D,C,Não,C/D,C/D,Não,C,Não,C/D,Não,Não,Não,Não,Não,C,C,C/D,Não,Não,C/D,C/D,Não,C/D,Não,C/D,Não,Não,C,C/D,C/D,C,C,C,C,C,C,C/D,C/D,C/D,C/D,C/D,C/D,C/D,C/D,C/D,C/D,C,Não,C/D,Não,Não,Não,Não,Não,C/D,C/D,Não,Não,Não,Não,Não,C/D,C,Não,C/D,Não,Não,C,Não,Não,Não,Não,Não,Não,C,C,Não,Não,Não,Não,Não,Não,C,C,Não,C,Não,Não,C,C/D,C/D,Não,Não,C,C,C,C,C,C/D,Não,C/D,C,Não,C,Não,Não,C/D,Não,Não,Não,C/D,C,Não,Não,C/D,Não,Não,Não,C,Não,Não,Não,Não,Não,Não,Não,C,Não,C/D,Não,C,C,Não,Não,C,Não,Não,Não,Não,Não,Não,Não,Não,Não,Não,C,Não,Não,Não,C,C/D,Não,Não,C,Não,Não,C,C/D,C/D,C/D,C,Não,Não,Não,C/D,Não,C/D,C/D,Não,C,Não,Não,Não,Não,C,C,C,C,Não,C,Não,C,C,Não,C/D,C/D,C,C,C/D,C,Não,C,Não,C,Não,Não,C/D,C/D,C/D,C/D,C/D,C/D,C,C,C,C,C,Não,C,C,C/D,C,C,C,C,C,C,C,Não,Não,C,Não,Não,C,Não,C,C,C,Não,C,Não,Não,Não,C,C,Não,C,Não,Não,C,C,Não,C,Não,Não,Não,Não,C,Não,Não,Não,Não,Não,C,Não,Não,Não,Não,C,Não,Não,C,Não,Não,Não,Não,C,C/D,C,Não,C,C,C,C,Não,Não,C,C,C,Não,C,Não,Não,Não,Não,Não,Não,Não,Não,C,Não,Não,Não,Não,Não,Não,C/D,Não,C,Não,Não,Não,Não,Não,Não,C,C,C,C,C,C,C,Não,C/D,C/D,Não,Não,C,C,C,C,C,C,C,C,C,C,C,Não,Não,C,C,C/D,C,Não,Não,C,C,C,C,C,Não,C/D,Não,Não,Não,Não,C,C,C,BL01UK03PO023,UKPO023,600,20,2021,gb
R_1EgnUTSvdHiiUF1,Female,University degree or equivalent,University degree or equivalent,50,50,0,NA,Portuguese;50;,English;50;,,90,10,0,NA,Portuguese,NA,10,7,7,Spanish/French  ,I always (or almost always) speak Portuguese to my child,Portuguese,NA,10,9,7,Spanish/French ,I always (or almost always) speak Portuguese to my child,Second,NA,2,12,Always (or almost always) English,,C/D,C/D,C/D,C/D,C/D,C/D,C/D,Não,C/D,C/D,C/D,C/D,C,C/D,C/D,C/D,C,C/D,C/D,C/D,C/D,C/D,C/D,C/D,C/D,C/D,C,C/D,C/D,C,C/D,C/D,C/D,C/D,C/D,C/D,C,C,Não,C/D,C/D,C/D,C/D,C/D,C/D,C/D,C,C/D,C/D,C/D,C/D,C/D,C/D,C/D,C,Não,C,C/D,C/D,C/D,C/D,C/D,C/D,C,C/D,C,C/D,C/D,C/D,C,C/D,C/D,Não,C/D,C/D,C,Não,Não,C,C/D,C/D,Não,C,C/D,C/D,C/D,C,Não,C/D,C/D,C/D,C/D,C/D,C/D,C/D,C/D,C/D,C,C/D,C/D,C/D,Não,C/D,C,C/D,C/D,C/D,C/D,C/D,C/D,C/D,C/D,Não,Não,C/D,Não,C/D,C,C/D,C,C/D,C,C/D,C,C,C,C/D,C,Não,C/D,C/D,C/D,C/D,C/D,Não,C/D,Não,C,C/D,Não,C/D,C/D,C/D,C,C,C,Não,C,C/D,C,C,C,C/D,C/D,C,C/D,C/D,C/D,C/D,Não,C,C/D,C/D,C/D,C/D,C/D,C/D,C/D,C/D,C/D,C,C,C,C,C/D,C/D,C,C/D,C/D,C/D,Não,C/D,C/D,C,C,C,C/D,C,Não,C,C,C,Não,C/D,C,C,C/D,Não,C/D,Não,Não,C,C/D,C,C,C/D,Não,C,C,C,Não,C,C/D,C/D,C/D,C,C,C,C/D,C,Não,C/D,C,C/D,C/D,C/D,C/D,C/D,C,C,C/D,C,C/D,Não,C,C,C/D,C,C,C/D,Não,Não,C/D,C/D,C/D,C,C/D,C/D,C/D,C/D,C,C,C/D,C/D,C/D,Não,C/D,C/D,C,C/D,C/D,C/D,C,Não,C/D,C/D,C/D,C/D,C/D,C/D,C,C/D,Não,C,C,Não,C/D,C/D,C/D,C/D,C/D,C,C,C/D,C,C,C,C,C/D,Não,C,C/D,C,C,C/D,C,C,C/D,C/D,C,C,C,C,C,C/D,C,C/D,C/D,C,C,C/D,C,C,C,C/D,C,C/D,C/D,C/D,C,C,C/D,C,C/D,C,C/D,C/D,C/D,C,C/D,C/D,C/D,C/D,C/D,C,C/D,C/D,C,C/D,C,C/D,C/D,C,C/D,C/D,C,C/D,C/D,C,C,C,C/D,C,C/D,C,C/D,C,C/D,C/D,C/D,C,C,Não,C/D,C/D,C/D,Não,C/D,C/D,C,C,C/D,C/D,C,C/D,C/D,C,C,C,Não,Não,C/D,Não,Não,Não,Não,C/D,C,C/D,Não,C/D,C/D,C/D,C/D,Não,C,C/D,Não,C/D,C,C/D,C/D,C,C/D,C,Não,C,C,C,C,C/D,C,C/D,Não,C,C,C/D,C,BL01UK02PO039,UKPO039,832,27.73333333,2021,gb
R_3KTudxIRDSO4jJy,Female,University degree or equivalent,University degree or equivalent,50,50,0,NA,Portuguese;50;,English;50;,,100,0,0,NA,Portuguese,NA,10,8,0,NA,I always (or almost always) speak Portuguese to my child,Portuguese,NA,10,8,NA,NA,I always (or almost always) speak Portuguese to my child,First,NA,1,10,Always (or almost always) English,,C/D,C/D,C/D,C/D,C/D,C/D,C/D,C/D,C/D,C/D,C/D,C/D,C/D,C,C,C/D,Não,Não,C/D,C/D,C/D,Não,Não,C/D,C,C,C,C,C/D,C/D,C/D,C,C/D,C/D,C/D,C,Não,C/D,Não,C/D,C,C/D,C/D,C/D,C,C/D,Não,C/D,C,C/D,C,Não,C,C/D,Não,C,Não,C/D,C/D,C,C,C,C,C,C,C,C,C/D,Não,C,C/D,C,C,C,C,C/D,Não,Não,C,C,Não,Não,C/D,C/D,C/D,C/D,C/D,C/D,C/D,C/D,C/D,C/D,C/D,Não,C,C/D,C/D,C,C/D,C/D,C/D,C/D,C/D,C,C/D,C/D,C,C/D,C/D,C/D,C,C/D,C/D,C/D,C,C,C/D,Não,C,Não,C,C,C/D,C/D,Não,Não,C,C,C,C/D,C,C/D,C/D,C,C,C/D,C,C/D,Não,Não,C/D,C,C,C/D,Não,C,Não,C,C/D,C,C/D,C/D,C/D,C,C,C/D,C/D,C,C,C,C,C/D,C/D,C,C,C,C,Não,C,C,Não,C,Não,C,C/D,C,Não,C,C/D,C,C/D,C,C/D,C,C,Não,C/D,C,C,C,Não,C,Não,Não,C,C,C,Não,C,C,C,C,C,C,Não,C/D,C/D,C,Não,Não,Não,C,Não,C,C,Não,Não,C,C,Não,Não,C,C,Não,C,C/D,C/D,C/D,C,Não,C,Não,C/D,C,C/D,C/D,C/D,C,Não,Não,C,C,C/D,C/D,C/D,C,C,C/D,C/D,C,C,Não,C/D,C/D,C,C/D,C,C/D,C,C/D,C,C/D,C,Não,C,C/D,C/D,C/D,C,C,C/D,C,C,Não,C,C,Não,C,C,C,C,C,C,C,C,C,C,C,C,C,C,C,Não,C,C,C,C,C,C,C,Não,C,C,C,C/D,C,C,C,C,C,C,Não,Não,C,C,C,C,C,C,Não,C,C/D,C,C,Não,C,C,C,C,C,C,C,C,C,C,C/D,C/D,C,C/D,C/D,C/D,C,C,C,C,C,C,C,C,C,C,Não,C,C,C,C/D,C,C,C,C,Não,Não,C,C,C/D,C,Não,C,C,C,Não,C/D,C/D,C,C,C,C,Não,C,C,C,C/D,C,C,Não,C,C/D,C,Não,C/D,C,C/D,C,C,C,C,C,C,C,C/D,C/D,C/D,C,Não,C,C,Não,C/D,C,Não,C/D,Não,C/D,Não,C,C/D,C/D,C,BL01UK05PO009,UKPO009,915,30.5,2021,gb
R_29jeywi2ZgLO81o,Female,University degree or equivalent,Left school at 16 with GCSE or equivalent,80,18,2,french,Portuguese;80;,English;18;,French;2;,80,18,2,french,Portuguese,NA,10,10,5,French,I always (or almost always) speak Portuguese to my child,Portuguese,NA,10,9,7,French,I always (or almost always) speak Portuguese to my child,Third,NA,3,NA,NA,,C/D,C/D,C/D,C/D,C/D,C/D,C/D,C/D,C/D,C/D,C/D,C/D,C/D,C,C,C,C,C,C/D,C/D,C/D,C,C,C/D,C,C,C,C/D,C,C/D,C/D,C/D,C,C,C,C/D,C,C,C,C,C,C/D,C,C,C/D,C/D,C,Não,Não,Não,Não,Não,Não,Não,Não,Não,Não,C/D,C/D,C,C/D,C/D,C,C,C,C,C/D,C/D,C/D,C,C,C/D,C/D,C,C,C,C,C/D,C,Não,C,Não,C/D,C/D,C/D,C/D,C/D,C/D,C/D,C/D,C/D,C/D,C/D,C/D,C,C/D,C/D,C/D,C/D,C/D,C/D,C/D,C/D,C/D,C/D,C/D,C/D,C/D,C/D,C/D,C/D,C/D,C/D,C/D,C/D,C,C/D,Não,C/D,C/D,C,C/D,C/D,C/D,C,Não,C/D,Não,Não,C/D,C/D,C/D,C/D,C/D,Não,C/D,Não,C/D,Não,Não,C/D,C/D,C/D,C/D,C/D,C/D,Não,C/D,C/D,C,C/D,C/D,C/D,C/D,C/D,C/D,C/D,C/D,C/D,C/D,C,C/D,Não,C/D,C/D,C,C/D,C/D,C/D,Não,Não,C/D,C/D,Não,Não,C/D,Não,C/D,C/D,C/D,Não,Não,C,C,C/D,C/D,C/D,C/D,C,C,C/D,C/D,C,Não,C/D,C/D,C/D,C/D,C/D,C/D,C/D,C/D,C/D,Não,Não,C/D,C/D,C/D,Não,Não,Não,C/D,C/D,C/D,C/D,Não,C/D,Não,C/D,C/D,Não,Não,C/D,Não,Não,C/D,C/D,C/D,C,C,C/D,C/D,C/D,Não,C/D,C/D,C/D,Não,C,Não,C,C,Não,Não,Não,Não,Não,Não,Não,Não,Não,Não,Não,Não,Não,Não,Não,Não,Não,Não,Não,Não,Não,Não,C/D,C/D,C/D,C/D,C,C,C,C/D,C/D,Não,Não,Não,C/D,C/D,C,C/D,C/D,C/D,C/D,C/D,C/D,C/D,C/D,C,C/D,Não,C/D,C/D,C/D,C/D,C/D,C/D,C/D,C/D,C,C,C/D,C,C/D,Não,Não,C/D,C/D,C/D,C/D,Não,C/D,Não,C/D,Não,Não,C/D,C/D,C,Não,Não,Não,Não,Não,C/D,Não,C/D,C/D,Não,Não,C,Não,Não,Não,Não,C/D,C/D,C/D,C,C,Não,C,C,C,C/D,C/D,C/D,C,C,Não,C,Não,Não,Não,Não,C,C/D,Não,C/D,C,Não,C,C/D,C/D,Não,C/D,Não,Não,C/D,Não,C,C,C/D,C/D,C,C,C,C,C,C,C/D,Não,C/D,Não,Não,C/D,Não,Não,C/D,C,C,C,C,C/D,C/D,Não,Não,C/D,C/D,C,Não,C,C/D,Não,C/D,Não,Não,C,C/D,C/D,C,C/D,C,C/D,Não,Não,C/D,Não,C/D,BL01UK04PO020,UKPO020,827,27.56666667,2021,gb
R_0GGN7cNMpYPlUdz,Female,University degree or equivalent,University degree or equivalent,30,70,0,NA,Portuguese;30;,English;70;,,95,5,0,NA,Portuguese,NA,10,6,0,NA,I regularly speak both Portuguese and English to my child,English,NA,1,10,NA,NA,I always (or almost always) speak English to my child,First,NA,1,NA,NA,,C/D,C/D,C/D,C/D,C/D,C/D,C/D,C/D,C/D,C/D,C/D,C/D,C/D,C/D,C/D,C,C/D,C/D,C/D,C/D,C,Não,C,C/D,C/D,C/D,C,C,C/D,C/D,C,C/D,C/D,C/D,C/D,C/D,C,C,Não,C/D,C/D,C/D,C,C/D,C/D,C/D,Não,C/D,C/D,C/D,C/D,C/D,C/D,C/D,C,Não,C/D,C/D,C/D,C,C,C/D,C,C,C/D,C/D,C/D,C/D,Não,C,C,C/D,C/D,C/D,C/D,C/D,C/D,C/D,Não,C/D,Não,Não,C/D,C/D,C/D,Não,Não,C/D,C/D,C/D,C/D,C/D,C/D,Não,C,C/D,C/D,C,C/D,C/D,C/D,C,C/D,C,C/D,C/D,C/D,C/D,C/D,C/D,C,C/D,C/D,C,C/D,Não,C/D,C/D,C/D,Não,C,C,C/D,C/D,Não,Não,C/D,C/D,C,C/D,C/D,C/D,C/D,C/D,Não,C/D,C,C,C,C,C/D,C,C,C,C,Não,Não,C,C,Não,C,C/D,C,C,C,C/D,C/D,C/D,C,C,Não,C/D,C/D,C/D,C/D,C,C/D,Não,C/D,C/D,C,C,C,C/D,C/D,C/D,C,C,C/D,C/D,Não,C/D,C/D,C,C,C,C/D,C,Não,C,C,C/D,Não,Não,C,Não,C,C,C/D,C,Não,C,C,C/D,Não,C/D,C/D,Não,C,Não,Não,C/D,C,C,C,C,Não,C,C/D,Não,Não,C,C,C/D,C/D,C/D,C/D,C/D,C/D,C/D,C/D,Não,C/D,C/D,C/D,C/D,C/D,C/D,C,C/D,Não,Não,C/D,C,C/D,C/D,C/D,C,C/D,C,C/D,C,C/D,C/D,C,C/D,Não,C/D,Não,C,C/D,C/D,C,Não,C/D,C/D,C,C,C/D,C,C/D,C/D,Não,C,C,Não,C,C,C/D,C/D,C/D,C,C/D,C,C,C/D,C,C,C/D,Não,C,C/D,C,C/D,C/D,C,C,C/D,C,Não,C,C,C,Não,C,C,C/D,C,C/D,C,C/D,C,Não,Não,C,C,C,Não,C,C,C,C,Não,C,Não,C,C/D,C,C,C,Não,C,Não,C,C/D,Não,C/D,C,C/D,C/D,C/D,C,C/D,C/D,C/D,C,C/D,Não,Não,C,C,Não,C,C,C,C/D,C/D,C/D,C/D,Não,Não,C,C,C/D,C/D,C/D,C,C/D,C/D,C,C,C/D,C/D,C,C/D,C/D,C,C,C,C/D,C/D,C/D,C/D,C,C,C/D,C/D,C/D,C/D,C/D,C,C/D,C/D,C/D,C/D,C,Não,C,C/D,C/D,C/D,C/D,Não,C/D,C/D,C,C/D,C/D,C/D,C/D,C/D,C/D,C/D,C,C,C/D,C/D,C/D,BL01UK03PO021,UKPO021,833,27.76666667,2021,gb
R_1cZK5rAMHu6PmF0,Male,University degree or equivalent,University degree or equivalent,40,55,5,Danish,Portuguese;40;,English;55;,Danish;5;,40,55,5,Danish,Portuguese,NA,10,9,8,Spanish,I always (or almost always) speak Portuguese to my child,English,NA,2,10,9,Danish,I always (or almost always) speak English to my child,First,NA,1,NA,NA,,C/D,C/D,C/D,C/D,C/D,C/D,C/D,C/D,C/D,C/D,C/D,C/D,C/D,C/D,C/D,C/D,C/D,C,C/D,C/D,C/D,C/D,C,C/D,C/D,C/D,C/D,C,C/D,C/D,C/D,C/D,C/D,C/D,C/D,C/D,C/D,C/D,C,C/D,C/D,C/D,C/D,C/D,C/D,C/D,Não,C/D,C/D,C/D,C/D,C/D,C/D,C/D,C/D,C/D,C/D,C/D,C/D,C/D,Não,C/D,C/D,C,C/D,C/D,C/D,C/D,C/D,C,C/D,C/D,C/D,C,C/D,C/D,C/D,C/D,C/D,C,C/D,C,C/D,C/D,C/D,C/D,C/D,C/D,C/D,C/D,C/D,C/D,C/D,C/D,C,C/D,C/D,C/D,C/D,C/D,C/D,C/D,C/D,C/D,C/D,C/D,C/D,C/D,C/D,C/D,C/D,C/D,C/D,C/D,C/D,C/D,C/D,C/D,C/D,C/D,C/D,C/D,C/D,C/D,C/D,C/D,C/D,Não,Não,C/D,C/D,C/D,C/D,Não,Não,C/D,Não,C/D,Não,Não,C/D,C/D,C/D,C/D,C/D,C/D,Não,C/D,C/D,C/D,C/D,C/D,C/D,C/D,C/D,C/D,C/D,C/D,C/D,C/D,C/D,C/D,C/D,C/D,C,C/D,C/D,C/D,C/D,C/D,Não,C/D,C/D,C/D,C/D,C/D,C/D,C/D,C/D,C/D,C/D,C/D,C/D,C/D,C/D,C/D,C/D,C/D,C/D,C/D,C/D,C/D,C/D,C/D,C/D,C/D,C/D,C,C,C,C/D,C,C,C,C,C/D,C/D,C/D,Não,C,C,C/D,C,C/D,C/D,C/D,C/D,C/D,C/D,C/D,C,C/D,C/D,C,C/D,C/D,C/D,C/D,C/D,C/D,C/D,C,C/D,C/D,C/D,C/D,C/D,C/D,C/D,Não,C/D,C/D,C/D,C/D,C/D,C/D,C/D,C/D,C/D,C/D,C/D,C/D,C/D,C/D,C/D,C/D,C/D,C/D,C/D,C/D,C/D,C/D,C/D,C/D,C/D,C/D,C/D,C/D,C/D,C/D,C,C/D,C/D,Não,C/D,C/D,C/D,C/D,C/D,C,C/D,C/D,C/D,C/D,C,C/D,Não,C/D,C/D,C/D,C/D,C/D,C/D,C/D,C/D,C/D,C/D,C/D,C/D,C/D,C/D,C/D,C/D,C/D,C/D,C/D,C/D,C/D,C/D,C/D,C/D,Não,C/D,C/D,C/D,C/D,C/D,C/D,C/D,Não,C/D,C/D,C/D,C/D,Não,C/D,C/D,C/D,C/D,C/D,C/D,C/D,C/D,C/D,C/D,C/D,C/D,C/D,C/D,C/D,C/D,C/D,C/D,C/D,C/D,C/D,C/D,C/D,C,C/D,C,C/D,C,C/D,C/D,C/D,C/D,C/D,C/D,C,C,C/D,C/D,C/D,C/D,C,C/D,C/D,C/D,C/D,C,C/D,C/D,C,C/D,C/D,C/D,C,C,C/D,C/D,C/D,C/D,C/D,C/D,C/D,C/D,C/D,C/D,C/D,C/D,C/D,C/D,C/D,C,C,C/D,C/D,C/D,C/D,C/D,C/D,Não,C/D,C/D,C/D,C/D,C/D,C/D,C,C/D,C/D,C/D,C,C,C/D,C/D,C/D,BL01UK02PO041,UKPO041,942,31.4,2021,gb
R_5mSUiIcOFM4JtER,Male,University degree or equivalent,Left school at 16 with GCSE or equivalent,30,70,0,NA,Portuguese;30;,English;70;,,40,60,0,NA,Portuguese,NA,10,9,0,NA,I always (or almost always) speak Portuguese to my child,English,NA,0,10,NA,NA,I always (or almost always) speak English to my child,Third,NA,3,NA,NA,,C/D,C,C/D,C/D,C,C/D,C,C,C/D,C/D,C/D,C/D,C,C,Não,C,Não,Não,C,C,Não,Não,Não,C,Não,C,Não,C,C,Não,C,C,C,C,C,C,Não,Não,Não,C,Não,C,Não,C,Não,C,Não,Não,C,C,C,Não,C,C,Não,C,Não,C,C,C,Não,Não,Não,C,C,Não,C,C/D,Não,C,C,C,C,C,Não,C,C,Não,C,C,Não,Não,C,C,C,Não,C,C,C,C,C,Não,Não,Não,Não,Não,Não,Não,Não,Não,Não,Não,Não,Não,Não,Não,Não,Não,Não,Não,Não,Não,Não,Não,Não,Não,C,Não,Não,Não,Não,Não,C,C,Não,Não,C,Não,Não,Não,Não,Não,C,Não,C,Não,C,C,C,Não,C,Não,Não,Não,Não,C,Não,Não,Não,Não,C,Não,Não,Não,Não,Não,Não,C,C,Não,C/D,C,Não,Não,Não,Não,Não,Não,C,Não,Não,Não,Não,Não,C,Não,Não,Não,Não,C,Não,C/D,Não,Não,Não,Não,C,Não,Não,C,Não,Não,Não,C,C,Não,C,Não,C,C,Não,Não,Não,Não,Não,C,C,Não,Não,Não,Não,Não,Não,Não,C,Não,Não,Não,C,Não,Não,Não,Não,Não,C,C,C,C,C,Não,C,C,C/D,Não,Não,Não,C,Não,Não,Não,Não,Não,C,C,C,Não,C,C,C,Não,Não,Não,C/D,Não,Não,C,C,C,Não,Não,Não,C,C,C/D,C,Não,Não,C,Não,Não,Não,C,Não,Não,Não,Não,Não,Não,C,Não,Não,Não,Não,Não,Não,Não,Não,Não,Não,Não,Não,Não,Não,Não,C,Não,Não,Não,Não,Não,Não,Não,Não,Não,Não,Não,Não,Não,Não,Não,Não,Não,Não,Não,Não,Não,Não,Não,Não,Não,Não,Não,Não,Não,Não,Não,Não,Não,Não,Não,Não,Não,Não,Não,C,C,C,Não,C,Não,Não,Não,Não,Não,Não,Não,C,Não,Não,Não,Não,Não,Não,Não,Não,Não,Não,Não,Não,Não,Não,Não,Não,Não,Não,Não,Não,Não,Não,Não,Não,Não,Não,Não,Não,Não,Não,Não,Não,Não,Não,Não,Não,Não,Não,Não,Não,Não,Não,Não,Não,Não,Não,Não,Não,Não,Não,Não,Não,Não,Não,Não,Não,Não,Não,Não,Não,Não,Não,Não,C,Não,C,Não,Não,Não,C,Não,BL01UK04PO016,UKPO016,674,22.46666667,2021,gb
R_3qflyLkPmVxpIlA,Male,University degree or equivalent,University degree or equivalent,5,95,0,NA,Portuguese;5;,English;95;,,5,95,0,NA,Portuguese,NA,10,8,NA,NA,I regularly speak both Portuguese and English to my child,English,NA,2,10,NA,NA,I always (or almost always) speak English to my child,Second,NA,2,5,Always (or almost always) English,,C/D,C/D,C/D,C/D,C/D,C/D,C/D,C/D,C/D,C/D,C/D,C/D,Não,Não,Não,Não,Não,Não,Não,Não,Não,Não,Não,Não,Não,Não,Não,Não,Não,Não,Não,Não,Não,Não,Não,Não,Não,C/D,Não,Não,Não,Não,Não,Não,Não,Não,Não,Não,Não,Não,Não,Não,Não,Não,Não,Não,Não,Não,C,Não,Não,Não,Não,Não,Não,Não,C,C,Não,Não,Não,Não,Não,Não,Não,Não,Não,Não,Não,Não,Não,Não,Não,Não,Não,Não,Não,Não,Não,Não,Não,Não,Não,Não,Não,Não,Não,Não,Não,Não,Não,Não,Não,Não,Não,Não,Não,Não,Não,Não,Não,Não,Não,Não,Não,Não,Não,Não,Não,Não,Não,Não,Não,Não,Não,Não,Não,Não,Não,Não,Não,C,Não,Não,Não,Não,Não,Não,Não,Não,Não,Não,Não,Não,Não,Não,Não,Não,Não,Não,Não,Não,Não,Não,Não,Não,Não,C,Não,Não,Não,Não,Não,Não,Não,Não,Não,Não,Não,Não,Não,Não,Não,Não,Não,Não,Não,Não,Não,Não,Não,C,Não,Não,Não,Não,Não,Não,Não,Não,Não,Não,Não,Não,Não,Não,Não,Não,Não,Não,Não,Não,Não,Não,Não,Não,Não,Não,Não,Não,Não,Não,Não,Não,Não,Não,Não,Não,Não,Não,Não,Não,Não,Não,Não,Não,Não,Não,Não,Não,Não,Não,Não,Não,Não,Não,Não,Não,Não,Não,Não,Não,Não,Não,C/D,Não,Não,C/D,Não,Não,Não,Não,Não,Não,C/D,C/D,Não,Não,Não,Não,Não,Não,Não,Não,Não,Não,Não,Não,Não,Não,Não,Não,Não,Não,Não,Não,Não,Não,Não,Não,Não,Não,Não,Não,Não,Não,Não,Não,Não,Não,Não,Não,Não,Não,Não,Não,Não,Não,Não,Não,Não,Não,Não,Não,Não,Não,Não,Não,Não,Não,Não,Não,Não,Não,Não,Não,Não,Não,Não,Não,Não,Não,Não,Não,Não,Não,Não,Não,Não,Não,Não,Não,Não,Não,Não,Não,Não,Não,Não,Não,Não,Não,Não,Não,Não,Não,Não,Não,Não,Não,Não,Não,Não,Não,Não,Não,Não,Não,Não,Não,Não,Não,Não,Não,Não,Não,Não,Não,Não,Não,Não,Não,Não,Não,Não,Não,Não,Não,Não,Não,Não,Não,Não,Não,Não,Não,Não,Não,Não,Não,Não,Não,Não,Não,Não,Não,Não,Não,Não,Não,Não,Não,Não,Não,Não,Não,Não,Não,Não,Não,Não,Não,Não,Não,Não,Não,Não,Não,BL01UK05PO015,UKPO015,833,27.76666667,2021,gb
R_3pi3A8KNLjDFjXx,Female,University degree or equivalent,University degree or equivalent,60,40,0,NA,Portuguese;60;,English;40;,,90,10,0,NA,Portuguese,NA,10,7,7,Spanish/French  ,I always (or almost always) speak Portuguese to my child,Portuguese,NA,10,9,7,Spanish/French ,I always (or almost always) speak Portuguese to my child,Second,NA,2,14,Always (or almost always) English,,C/D,C/D,C/D,Não,C/D,C/D,C/D,C/D,C/D,C/D,C/D,C/D,C/D,C/D,C/D,C,Não,C,Não,C,C,Não,Não,C,Não,C,Não,C/D,C/D,C,C/D,C/D,C,C/D,C/D,C/D,Não,C/D,C/D,C/D,Não,C,C,C,C,C/D,Não,Não,C/D,C/D,C/D,Não,C/D,C/D,Não,Não,Não,C,C/D,C,C/D,C/D,C,Não,C/D,C,C/D,C/D,C/D,C/D,C/D,C/D,Não,C/D,C/D,Não,Não,Não,Não,C,C/D,Não,C,C/D,C/D,Não,C,C/D,C/D,C/D,C/D,C/D,C/D,Não,Não,C/D,C/D,C,C,C/D,C/D,C/D,C/D,C,C,C,C,C/D,C/D,C/D,Não,C/D,C,C/D,C,Não,C,Não,C/D,Não,C,Não,C/D,C/D,Não,Não,C/D,Não,Não,C/D,C/D,C/D,C/D,C,Não,C/D,Não,C,C,Não,C/D,C/D,C,C,Não,Não,C,Não,C,Não,C,C,C/D,C,Não,C/D,C/D,C/D,C/D,Não,Não,C/D,C/D,C/D,C/D,C,C/D,C,C/D,C/D,Não,C,Não,C,C/D,C,C,C,C/D,C,C,C/D,C/D,Não,C,Não,C,C,Não,C,Não,Não,Não,Não,C/D,Não,C/D,Não,C,C,C,C,C/D,C,Não,C/D,C/D,Não,Não,C,Não,C/D,C,C/D,C,Não,C,C/D,C/D,C,Não,C,C,C,C,C/D,C/D,C/D,C,C,C,Não,C/D,Não,C,C,C/D,Não,Não,C,Não,Não,C,C,C/D,C,Não,C,C/D,C/D,C,C,C/D,C/D,C/D,C,C/D,C/D,C,C/D,C/D,C/D,Não,Não,C,C,Não,C,C/D,C,C,C/D,Não,Não,Não,Não,C,C/D,C/D,C/D,C/D,C,C/D,C,C,C/D,C,C,C/D,Não,C,Não,C,C/D,C/D,C,C,C/D,C,Não,C,C,C,C,C,C,C,C/D,C/D,C,C/D,C,C,C,C,C/D,C/D,Não,C,Não,Não,C/D,Não,C/D,Não,Não,C/D,C,C,C,C,C,Não,C/D,C/D,C/D,C/D,C,C/D,C/D,C/D,C,C,C,C,C,C,Não,C,C,C,C,Não,Não,Não,C/D,Não,C/D,C,C,C,C,C,C,C/D,Não,Não,C,C/D,C,Não,C,C/D,C,C/D,C,C,Não,Não,C/D,Não,C,Não,Não,Não,Não,C/D,Não,C/D,C,C/D,C/D,C/D,C/D,C,C/D,Não,C,C,C,C/D,C/D,Não,C/D,C,C,C/D,C/D,C/D,Não,C/D,Não,C,Não,Não,C,C/D,C,BL01UK03PO039,UKPO039,927,30.9,2021,gb
R_2QsqIg8lw8gcKfN,Female,University degree or equivalent,University degree or equivalent,30,70,0,NA,Portuguese;30;,English;70;,,50,50,0,NA,Portuguese,NA,10,6,0,NA,I regularly speak both Portuguese and English to my child,English,NA,1,10,NA,NA,I always (or almost always) speak English to my child,First,NA,1,NA,NA,,C/D,C/D,C/D,C/D,C,C/D,C/D,C/D,C/D,C,C/D,C/D,C,C,C/D,C,C,C,C,C,C,Não,C,C,C,C/D,C,C,C,C,C,C,C,C,C,C,C,C,Não,C,C,C,C,C,C/D,C,Não,C,C/D,C,C,C,C,C,C,Não,C,C,C,C,C,C,C,Não,C,C/D,C/D,C/D,Não,C,C,C/D,C/D,C/D,C/D,C,C/D,C/D,C,C/D,Não,Não,C,C,C/D,Não,Não,C/D,C/D,C,C/D,C/D,C,Não,C,C,C/D,C,C/D,C,C/D,C,C,C,C/D,C,C/D,C/D,C,C/D,C,C/D,C/D,C,C/D,Não,C,C,C,Não,C,C,C,C,Não,Não,C,C/D,Não,C/D,C,C,C,C/D,C,C,C,C,Não,C,C/D,C/D,C,C,C,C,C,C,C,Não,C,C,C,C,C,C/D,C,C/D,C,C,Não,C/D,C,C,C/D,C,C,C,C,C,C,C,C,C,C,C,Não,C,C,C,C,C/D,C/D,C,C,C,C/D,Não,Não,C,C,C,Não,Não,C,Não,C/D,C,C,C,C,C,C,C,Não,C/D,C/D,Não,Não,C,C,C,C,C,C/D,Não,C,C,C,C,Não,C,C,Não,C,C,C,C/D,C,C,C,Não,C/D,C,C/D,C/D,C/D,C,C,C/D,Não,Não,C/D,C,C,C,C,C,C,C,C/D,Não,C,Não,C,C,Não,C,Não,C,C,C,C,Não,C,C,C,C,C,C,C,C,Não,C,C,Não,C,C,C,C,C,C,C,C,C,C,Não,C,C,Não,Não,C,C,C,C,C,C,C,C,C,C,C,C,Não,C,C,C,C,C,C,C,C,C,C,C,C,C,Não,C,Não,C,C,C,C,Não,C,C,C,C,C,C,C,C,C,C/D,C/D,C/D,C,C/D,C,C,C,C,C,C,C,C,Não,C,C,C,Não,Não,C,Não,C,Não,C,C/D,Não,Não,Não,C,C,C,C,Não,C,C,C,C,C/D,C,C,C,C,C,C,C,C,C,C,C,C,C,C,C,C,C,C,C,C,C,C,C,C,Não,C,C,C,C,C,Não,C,C,C,C,C,C,C,C/D,C,C,C,C,C,C,C,BL01UK04PO021,UKPO021,961,32.03333333,2021,gb