Response ID,Child's gender,Mother's highest educational qualification,Father's highest educational qualification,Overall language exposure - Dutch,Overall language exposure - English,Overall language exposure - Other,Overall language exposure - Other - Text,exp_nld,exp_eng,exp_oth,Home language exposure - Dutch,Home language exposure - English,Home language exposure - Other(s),Home language exposure - Other(s) - Text,Mother native - Selected Choice,Mother native - Other(s) - Text,Mother's proficiency - Dutch,Mother's proficiency - English,Mother's proficiency - Other,Mother's proficiency - Other - Text,Mother's child language,Father native - Selected Choice,Father native - Other(s) - Text,Father's proficiency - Dutch,Father's proficiency - English,Father's proficiency - Other,Father's proficiency - Other - Text,Father's child language,Birth order - Selected Choice,Birth order - Other - Text,birth_order,Nursery start age - Age in months,Nursery language,Immersion - months,Sounds - au / ai,Sounds - beh beh (schaap),Sounds - boeh (koe),Sounds - grrr (grommen),Sounds - kukelukuu (haan),Sounds - kwak kwak (eend),Sounds - miauw / mauw (kat),Sounds - mjam mjam,Sounds - oh ooh,Sounds - tjoek tjoek (trein),Sounds - vroem / broem (auto),Sounds - waf waf (hond),Animals - aap,Animals - beer,Animals - bij,Animals - dier,Animals - eekhoorn,Animals - eend,Animals - ezel,Animals - gans,Animals - giraf,Animals - hert,Animals - hond,Animals - kalkoen,Animals - kat,Animals - kikker,Animals - koe,Animals - konijn,Animals - kuiken,Animals - lam(metje),Animals - leeuw,Animals - muis,Animals - olifant,Animals - paard,Animals - pinguin,Animals - poesje,Animals - pony,Animals - puppy,Animals - schaap,Animals - schildpad,Animals - spin,Animals - tijger,Animals - uil,Animals - varken,Animals - vis,Animals - vlinder,Animals - vogel,Vehicles - auto,Vehicles - boot,Vehicles - brandweerwagen / brandweerauto,Vehicles - buggy,Vehicles - bus,Vehicles - fiets,Vehicles - moto(r) / motorfiets,Vehicles - trein,Vehicles - vliegtuig,Vehicles - vrachtwagen / camion / vrachtauto,Toys - bal,Toys - ballon,Toys - blok,Toys - boek,Toys - bubbel,Toys - pen,Toys - pop,Toys - speelgoed,Toys - teddybeer,Food and Drink - appel,Food and Drink - appelsien / sinaasappel,Food and Drink - banaan,Food and Drink - beschuit,Food and Drink - boter,Food and Drink - brood,Food and Drink - cake,Food and Drink - drankje,Food and Drink - ei(tje),Food and Drink - erwtjes,Food and Drink - eten,Food and Drink - frietjes,Food and Drink - geroosterd brood / toast,Food and Drink - granen / graansoort,Food and Drink - ijs(je) / crème,Food and Drink - jam,Food and Drink - kaas,Food and Drink - kip,Food and Drink - koffie,Food and Drink - melk,Food and Drink - pasta / spaghetti,Food and Drink - pizza,Food and Drink - sap,Food and Drink - snoepje,Food and Drink - thee,Food and Drink - vis,Food and Drink - vlees,Food and Drink - water,Food and Drink - wortel,Body Parts - arm,Body Parts - been,Body Parts - buik,Body Parts - gezicht,Body Parts - haar,Body Parts - hand,Body Parts - hoofd,Body Parts - knie,Body Parts - mond,Body Parts - navel,Body Parts - neus,Body Parts - oog,Body Parts - oor,Body Parts - tand,Body Parts - teen,Body Parts - tong,Body Parts - vinger,Body Parts - vingernagel,Body Parts - voet,Body Parts - wang,Clothes - (hals)ketting,Clothes - (lange) broek,Clothes - bril,Clothes - hemd,Clothes - hoed,Clothes - jas / overjas,Clothes - jasje,Clothes - jeans / spijkerbroek,Clothes - kleedje / jurkje,Clothes - knoop,Clothes - laarsjes,Clothes - luier,Clothes - pyjama,Clothes - rits,Clothes - schoen,Clothes - short / korte broek,Clothes - slabbetje,Clothes - sok,Clothes - trui / sweater / pull,Furniture and Rooms - (baby)box,Furniture and Rooms - bad,Furniture and Rooms - badkamer,Furniture and Rooms - bed,Furniture and Rooms - deur,Furniture and Rooms - divan / sofa / bank,Furniture and Rooms - fornuis / vuur / kookplaat,Furniture and Rooms - garage,Furniture and Rooms - gootsteen / afwasbak,Furniture and Rooms - keuken,Furniture and Rooms - kinderstoel,Furniture and Rooms - koelkast / frigo / ijskast,Furniture and Rooms - lade / schuif,Furniture and Rooms - potje,Furniture and Rooms - raam / venster,Furniture and Rooms - schommelstoel,Furniture and Rooms - slaapkamer,Furniture and Rooms - stoel,Furniture and Rooms - T.V. / televisie,Furniture and Rooms - tafel,Furniture and Rooms - trap,Furniture and Rooms - wieg,Furniture and Rooms - woonkamer / living / huiskamer,Outside - bloem,Outside - boom,Outside - buiten,Outside - emmer,Outside - feestje,Outside - glijbaan,Outside - huis,Outside - kerk,Outside - lucht / hemel,Outside - maan,Outside - muur / wand,Outside - park,Outside - regen,Outside - schep,Outside - schommel,Outside - school,Outside - sneeuw,Outside - steen,Outside - ster,Outside - strand,Outside - tuin,Outside - water,Outside - werk,Outside - winkel,Outside - zon,Outside - zoo / dierentuin,Outside - zwembad,Household items - beker,Household items - bezem,Household items - bord,Household items - borstel,Household items - cent,Household items - deken,Household items - doos,Household items - fles,Household items - foto,Household items - geld,Household items - glas,Household items - hamer,Household items - handdoek,Household items - hoofdkussen,Household items - horloge / uurwerk,Household items - kam,Household items - klok,Household items - kom / schaal,Household items - kop,Household items - kruik,Household items - lamp,Household items - lepel,Household items - licht,"Household items - medicijn(en), (siroop, pilletje, drankje)",Household items - papier,Household items - plant,Household items - portemonnee,Household items - radio,Household items - rommel,Household items - schaar,Household items - schotel,Household items - sleutel,Household items - speen,Household items - stofzuiger,Household items - tandenborstel,Household items - telefoon,Household items - vork,Household items - vuilnisbak,Household items - zeep,People - baby,People - babysitter,People - broer,People - dokter,People - jongen,People - kind,People - mama,People - meisje,People - meneer,People - mensen,People - mevrouw,People - oma,People - oom / nonkel,People - opa,People - papa,People - persoon,People - politieagent,People - schooljuffrouw / lerares / juf,People - tante,People - vriend(in),People - zus,Games and Routines - alsjeblieft,Games and Routines - avondeten,Games and Routines - daaag,Games and Routines - dank u / dank u wel,Games and Routines - diner,Games and Routines - een bad nemen,Games and Routines - hallo,Games and Routines - handjes draaien,Games and Routines - hoi,Games and Routines - ja,Games and Routines - kiekeboe,Games and Routines - lunch,Games and Routines - nee / neen,Games and Routines - niet doen,Games and Routines - ontbijt,Games and Routines - slaap lekker / welterusten,Games and Routines - slaapje doen,Games and Routines - sst,Games and Routines - wacht!,Games and Routines - willen,Action Words - achtervolgen,Action Words - afhebben,Action Words - bellen,Action Words - bijten,Action Words - blazen,Action Words - botsen,Action Words - breken,Action Words - brengen,Action Words - dansen,Action Words - delen,Action Words - dragen / voeren,Action Words - drinken,Action Words - druppel,Action Words - duwen,Action Words - eten,Action Words - eten geven,Action Words - gaan,Action Words - geven,Action Words - glimlachen,Action Words - gooien / werpen,Action Words - hebben,Action Words - helpen,Action Words - horen,Action Words - houden van,Action Words - huilen,Action Words - kennen,Action Words - kietelen,Action Words - kijken,Action Words - knippen,Action Words - knuffelen,Action Words - krabben,Action Words - krijgen,Action Words - kusje geven / zoenen,Action Words - lachen,Action Words - leuk vinden,Action Words - lezen,Action Words - maken,Action Words - nemen,Action Words - openen,Action Words - rennen,Action Words - rijden,Action Words - ruiken,Action Words - schommelen,Action Words - schoonmaken,Action Words - schoppen,Action Words - schrijven,Action Words - slaan,Action Words - slapen,Action Words - sluiten,Action Words - spatten / spetteren,Action Words - spelen,Action Words - springen,Action Words - stoppen / ophouden,Action Words - tekenen,Action Words - tonen / wijzen / laten zien,Action Words - trekken,Action Words - vallen,Action Words - vangen,Action Words - vegen,Action Words - vertellen,Action Words - vinden,Action Words - vliegen,Action Words - wandelen,Action Words - wassen,Action Words - zeggen,Action Words - zetten,Action Words - zich haasten / zich spoeden,Action Words - zien,Action Words - zingen,Action Words - zwemmen,Descriptive Words - aardig,Descriptive Words - alles weg / op,Descriptive Words - bang,Descriptive Words - bedroefd,Descriptive Words - blauw,Descriptive Words - blij,Descriptive Words - donker,Descriptive Words - dorst (hebben),Descriptive Words - droog,Descriptive Words - fijn,Descriptive Words - geel,Descriptive Words - gewond,Descriptive Words - goed,Descriptive Words - groen,Descriptive Words - groot,Descriptive Words - hard,Descriptive Words - heet,Descriptive Words - honger (hebben),Descriptive Words - in slaap,Descriptive Words - kapot / stuk,Descriptive Words - klein,Descriptive Words - koud,Descriptive Words - leeg,Descriptive Words - lekker,Descriptive Words - moe,Descriptive Words - mooi,Descriptive Words - nat,Descriptive Words - oud,Descriptive Words - rood,Descriptive Words - schoon / proper,Descriptive Words - slaperig,Descriptive Words - slecht,Descriptive Words - snel / vlug,Descriptive Words - stout,Descriptive Words - vervelend,Descriptive Words - voorzichtig,Descriptive Words - vuil,Descriptive Words - zacht,Descriptive Words - ziek,Question words - hoe,Question words - waar,Question words - waarom,Question words - wanneer,Question words - wat,Question words - wie,Time - dag,Time - later / straks,Time - morgen,Time - nacht,Time - nu,Time - s morgens / ochtend,Time - vandaag,Time - vannacht,Pronouns and Possessives - dat,Pronouns and Possessives - dit / deze / dees,Pronouns and Possessives - haar,Pronouns and Possessives - het,Pronouns and Possessives - ik,Pronouns and Possessives - jij / je,Pronouns and Possessives - jouw(e) / van jou / de jou(we),Pronouns and Possessives - mij,Pronouns and Possessives - mijn(e),Pronouns and Possessives - van mij,Pronouns and Possessives - zijn,Prepositions and Location Words - achter,Prepositions and Location Words - af,Prepositions and Location Words - beneden,Prepositions and Location Words - binnen(in),Prepositions and Location Words - daar,Prepositions and Location Words - erop,Prepositions and Location Words - in,Prepositions and Location Words - omhoog,Prepositions and Location Words - onder,Prepositions and Location Words - terug,Prepositions and Location Words - weg,Quantifiers - alles / allemaal,Quantifiers - ander,Quantifiers - een ander,Quantifiers - een beetje,Quantifiers - geen / niemand / niets,Quantifiers - hetzelfde,Quantifiers - meer,Quantifiers - niet,Quantifiers - opnieuw,ParticipantID,shortPID,age_days,age_months,Recorded.Year,country
R_3qIQva1Qpe1USM4,Female,University degree or equivalent,University degree or equivalent,30,70,0,NA,Dutch;30;,English;70;,,40,60,0,NA,Dutch,NA,10,9,NA,NA,I always (or almost always) speak Dutch to my child,English,NA,2,10,NA,NA,I always (or almost always) speak English to my child,First,NA,1,9,Always (or almost always) English,NA,Nee,Nee,Nee,Nee,Nee,Nee,Nee,Nee,B,Nee,Nee,Nee,B,B,Nee,Nee,Nee,B,Nee,Nee,Nee,Nee,B,Nee,B,Nee,Nee,Nee,Nee,Nee,Nee,Nee,Nee,B,Nee,Nee,Nee,Nee,Nee,Nee,Nee,Nee,Nee,Nee,B,Nee,B,B,Nee,Nee,B,B,B,Nee,Nee,B,Nee,Nee,Nee,Nee,B,B,Nee,Nee,Nee,Nee,Nee,Nee,B,Nee,Nee,B,Nee,Nee,Nee,B,B,Nee,Nee,Nee,Nee,Nee,B,Nee,Nee,B,Nee,Nee,Nee,Nee,Nee,Nee,Nee,Nee,Nee,Nee,Nee,Nee,Nee,Nee,Nee,B,Nee,Nee,Nee,Nee,Nee,Nee,Nee,Nee,Nee,Nee,Nee,Nee,Nee,Nee,Nee,Nee,Nee,Nee,B,Nee,Nee,Nee,Nee,Nee,B,Nee,Nee,B,Nee,B,B,Nee,Nee,B,Nee,B,Nee,B,Nee,Nee,Nee,Nee,Nee,Nee,Nee,Nee,Nee,Nee,Nee,Nee,B,B,B,Nee,Nee,B,Nee,B,Nee,Nee,Nee,Nee,Nee,Nee,Nee,Nee,Nee,Nee,Nee,Nee,Nee,Nee,B,Nee,Nee,B,B,Nee,Nee,Nee,Nee,Nee,B,Nee,Nee,B,Nee,Nee,Nee,B,Nee,Nee,Nee,Nee,Nee,Nee,Nee,Nee,Nee,Nee,Nee,Nee,Nee,B,Nee,Nee,Nee,Nee,Nee,Nee,Nee,Nee,Nee,Nee,B,Nee,B,Nee,B,Nee,Nee,Nee,Nee,Nee,Nee,Nee,Nee,B/Z,Nee,Nee,Nee,Nee,B,Nee,B,B,Nee,Nee,Nee,Nee,Nee,Nee,Nee,Nee,B,Nee,Nee,B,B,Nee,B,Nee,B,Nee,B,B,Nee,B,B,B,Nee,Nee,Nee,Nee,B,Nee,B,Nee,Nee,B,Nee,Nee,Nee,Nee,Nee,Nee,B,Nee,Nee,B,Nee,B,Nee,Nee,Nee,Nee,Nee,Nee,B,B,Nee,Nee,Nee,Nee,B,Nee,Nee,Nee,Nee,Nee,Nee,B,Nee,Nee,Nee,Nee,Nee,Nee,Nee,B,Nee,B,Nee,Nee,Nee,Nee,Nee,Nee,Nee,Nee,Nee,Nee,Nee,Nee,Nee,Nee,Nee,Nee,Nee,Nee,Nee,Nee,Nee,B,Nee,Nee,Nee,Nee,Nee,Nee,Nee,Nee,Nee,Nee,Nee,Nee,Nee,Nee,Nee,B,Nee,Nee,Nee,Nee,B,Nee,Nee,Nee,Nee,Nee,Nee,Nee,Nee,Nee,Nee,Nee,Nee,Nee,Nee,Nee,Nee,Nee,B,Nee,Nee,Nee,Nee,Nee,Nee,Nee,Nee,Nee,Nee,Nee,Nee,Nee,Nee,Nee,Nee,Nee,Nee,B,Nee,Nee,B,Nee,Nee,B,B,B,Nee,Nee,B,Nee,Nee,Nee,Nee,Nee,Nee,Nee,Nee,Nee,Nee,B,B,Nee,BL01UK01NE001,UKNE001,501,16.7,2020,gb
R_r1IbmbIdntVjab7,Female,University degree or equivalent,University degree or equivalent,60,40,0,NA,Dutch;60;,English;40;,,60,40,0,NA,Bilingual Dutch and English,NA,10,10,NA,NA,I regularly speak both Dutch and English to my child,English,NA,5,10,NA,NA,I always (or almost always) speak English to my child,First,NA,1,NA,NA,20,Nee,Nee,Nee,Nee,Nee,Nee,B/Z,Nee,Nee,Nee,Nee,B/Z,B/Z,B/Z,B/Z,B/Z,B/Z,B/Z,B/Z,B/Z,B/Z,Nee,B/Z,Nee,B/Z,B/Z,B/Z,B/Z,B/Z,B/Z,B/Z,B/Z,B/Z,B/Z,B/Z,B/Z,Nee,B/Z,B/Z,B/Z,B/Z,B/Z,B/Z,B/Z,B/Z,B/Z,B/Z,B/Z,B/Z,B/Z,Nee,B/Z,B/Z,B/Z,B/Z,B/Z,Nee,B/Z,B/Z,B/Z,B/Z,B/Z,B/Z,B/Z,B/Z,Nee,B/Z,B/Z,B/Z,Nee,B/Z,B/Z,Nee,Nee,B/Z,B/Z,Nee,B/Z,Nee,Nee,Nee,Nee,B/Z,B/Z,Nee,B/Z,Nee,Nee,Nee,Nee,B/Z,B/Z,Nee,B/Z,Nee,B/Z,B/Z,B/Z,B/Z,B/Z,B/Z,B/Z,B/Z,B/Z,Nee,B/Z,B/Z,B/Z,B/Z,B/Z,B/Z,B/Z,Nee,B/Z,Nee,Nee,Nee,B/Z,Nee,B/Z,B/Z,B/Z,B/Z,Nee,B/Z,B/Z,B/Z,B/Z,B/Z,B/Z,Nee,B/Z,B/Z,B/Z,Nee,B/Z,B/Z,B/Z,B/Z,Nee,Nee,Nee,Nee,B/Z,Nee,Nee,Nee,B/Z,B/Z,B/Z,B/Z,B/Z,Nee,Nee,B/Z,Nee,Nee,B/Z,B/Z,Nee,B/Z,Nee,B/Z,B/Z,Nee,Nee,B/Z,Nee,B/Z,B/Z,B/Z,B/Z,B/Z,Nee,B/Z,B/Z,B/Z,B/Z,B/Z,B/Z,B/Z,B/Z,B/Z,B/Z,B/Z,Nee,B/Z,Nee,Nee,Nee,B/Z,B/Z,B/Z,Nee,Nee,Nee,B/Z,Nee,Nee,B/Z,B/Z,Nee,B/Z,Nee,Nee,B/Z,B/Z,Nee,B/Z,Nee,Nee,Nee,Nee,Nee,Nee,B/Z,Nee,B/Z,B/Z,Nee,B/Z,B/Z,B/Z,B/Z,Nee,Nee,Nee,B/Z,B/Z,B/Z,B/Z,Nee,Nee,Nee,B/Z,B/Z,B/Z,B/Z,Nee,Nee,Nee,B/Z,Nee,Nee,B/Z,Nee,Nee,B/Z,Nee,B/Z,B/Z,B/Z,B/Z,B,Nee,B/Z,B,B,Nee,B/Z,B/Z,B/Z,B,Nee,Nee,Nee,Nee,B/Z,B/Z,Nee,Nee,Nee,B/Z,B/Z,Nee,B/Z,Nee,B/Z,B/Z,B/Z,Nee,Nee,Nee,Nee,B/Z,B/Z,Nee,B/Z,B/Z,B/Z,B/Z,B/Z,Nee,Nee,Nee,Nee,B/Z,B/Z,B/Z,B/Z,Nee,Nee,B/Z,B/Z,B/Z,B/Z,B/Z,B/Z,B/Z,Nee,Nee,B/Z,B/Z,Nee,B/Z,Nee,B/Z,B/Z,Nee,B/Z,B/Z,Nee,B/Z,B/Z,Nee,B/Z,B/Z,B/Z,B/Z,B/Z,Nee,Nee,B/Z,B/Z,Nee,Nee,Nee,Nee,Nee,B/Z,B/Z,Nee,B/Z,Nee,B/Z,Nee,B/Z,B/Z,B/Z,Nee,B/Z,B,B/Z,B/Z,B/Z,B/Z,B/Z,B/Z,B/Z,B/Z,B/Z,Nee,B/Z,B/Z,B/Z,Nee,B/Z,Nee,Nee,Nee,Nee,Nee,Nee,B/Z,B/Z,Nee,Nee,B/Z,Nee,B/Z,B/Z,B/Z,B/Z,B/Z,Nee,B/Z,Nee,B/Z,B/Z,B/Z,B/Z,B/Z,B/Z,B/Z,B/Z,B/Z,B/Z,B/Z,Nee,Nee,B/Z,B/Z,B/Z,Nee,B/Z,B/Z,B/Z,Nee,B/Z,B/Z,B/Z,Nee,B/Z,B/Z,Nee,B/Z,B/Z,Nee,BL01UK01NE002,UKNE002,813,27.1,2020,gb
R_DoZ94AZaXRhBgtz,Male,University degree or equivalent,University degree or equivalent,50,50,0,NA,Dutch;50;,English;50;,,60,40,0,NA,Dutch,NA,10,8,NA,NA,I always (or almost always) speak Dutch to my child,English,NA,2,10,NA,NA,I always (or almost always) speak English to my child,First,NA,1,19,Always (or almost always) English,1,Nee,B,Nee,Nee,Nee,Nee,B,Nee,B,B/Z,Nee,Nee,B,B,Nee,Nee,Nee,B,Nee,Nee,Nee,Nee,B,Nee,Nee,Nee,B,Nee,Nee,Nee,B,Nee,B,B/Z,B,Nee,Nee,Nee,Nee,Nee,Nee,B/Z,Nee,Nee,Nee,Nee,B/Z,Nee,Nee,Nee,Nee,Nee,B,Nee,B,B,Nee,B/Z,Nee,Nee,B/Z,B/Z,Nee,Nee,Nee,B,B/Z,Nee,B,Nee,Nee,Nee,Nee,Nee,Nee,Nee,B,Nee,Nee,Nee,Nee,Nee,Nee,Nee,Nee,B,Nee,Nee,Nee,Nee,Nee,Nee,Nee,Nee,Nee,Nee,Nee,Nee,Nee,Nee,Nee,Nee,Nee,Nee,Nee,Nee,Nee,Nee,Nee,Nee,Nee,Nee,Nee,Nee,Nee,Nee,Nee,Nee,Nee,B,Nee,Nee,Nee,Nee,Nee,Nee,Nee,B,Nee,B,Nee,Nee,B,Nee,Nee,B,Nee,B,B,Nee,Nee,Nee,Nee,Nee,Nee,Nee,Nee,Nee,Nee,Nee,Nee,Nee,Nee,Nee,Nee,Nee,Nee,B/Z,B/Z,Nee,Nee,Nee,B,Nee,Nee,Nee,Nee,Nee,Nee,Nee,Nee,Nee,Nee,Nee,Nee,Nee,Nee,Nee,Nee,Nee,Nee,Nee,Nee,Nee,Nee,Nee,Nee,Nee,Nee,Nee,Nee,Nee,Nee,Nee,Nee,Nee,Nee,Nee,Nee,Nee,B/Z,Nee,Nee,Nee,Nee,Nee,Nee,Nee,Nee,Nee,Nee,Nee,Nee,Nee,Nee,Nee,Nee,Nee,Nee,Nee,Nee,Nee,Nee,B/Z,Nee,Nee,Nee,Nee,Nee,B,Nee,Nee,Nee,Nee,Nee,Nee,Nee,Nee,Nee,Nee,Nee,Nee,Nee,Nee,Nee,Nee,B/Z,Nee,Nee,B,B,Nee,Nee,B,Nee,Nee,B,B,Nee,B,Nee,Nee,Nee,Nee,Nee,Nee,Nee,Nee,Nee,Nee,Nee,Nee,Nee,Nee,Nee,B/Z,Nee,Nee,B,Nee,Nee,Nee,Nee,Nee,Nee,B,Nee,Nee,Nee,Nee,Nee,Nee,Nee,Nee,Nee,Nee,B,Nee,Nee,Nee,Nee,Nee,Nee,Nee,Nee,Nee,Nee,Nee,Nee,Nee,Nee,Nee,Nee,Nee,Nee,Nee,Nee,Nee,Nee,Nee,Nee,Nee,Nee,Nee,Nee,Nee,Nee,Nee,Nee,Nee,Nee,Nee,Nee,Nee,Nee,Nee,Nee,Nee,Nee,Nee,Nee,Nee,Nee,Nee,Nee,Nee,Nee,Nee,Nee,Nee,Nee,Nee,Nee,Nee,Nee,Nee,Nee,Nee,Nee,Nee,Nee,Nee,Nee,Nee,Nee,Nee,Nee,Nee,Nee,B,Nee,Nee,Nee,Nee,Nee,Nee,Nee,Nee,Nee,B,Nee,Nee,Nee,Nee,Nee,Nee,Nee,B/Z,Nee,Nee,Nee,Nee,Nee,Nee,Nee,Nee,Nee,Nee,Nee,Nee,B,Nee,B,Nee,Nee,Nee,Nee,Nee,Nee,Nee,Nee,Nee,Nee,Nee,Nee,Nee,Nee,Nee,BL01UK01NE003,UKNE003,646,21.53333333,2020,gb
R_BE6oWafX3zi6ObL,Female,University degree or equivalent,University degree or equivalent,70,30,0,NA,Dutch;70;,English;30;,,80,20,0,NA,English,NA,3,10,NA,NA,I regularly speak both Dutch and English to my child,Bilingual Dutch and English,NA,10,10,7,Italian,I always (or almost always) speak Dutch to my child,First,NA,1,NA,NA,1,Nee,B/Z,Nee,B/Z,B/Z,B,B/Z,B/Z,B/Z,B/Z,B/Z,B/Z,B/Z,B/Z,Nee,Nee,B,B,Nee,Nee,Nee,Nee,B/Z,Nee,B/Z,B/Z,B/Z,B/Z,Nee,Nee,B/Z,B/Z,B,B,B,B,Nee,Nee,Nee,Nee,Nee,Nee,Nee,Nee,B/Z,Nee,Nee,B/Z,B/Z,Nee,Nee,B,B/Z,B/Z,B/Z,Nee,Nee,B/Z,Nee,B,B/Z,B/Z,B,Nee,Nee,B/Z,B/Z,B,B/Z,Nee,Nee,B/Z,B/Z,B,Nee,Nee,B,Nee,Nee,Nee,Nee,B,B/Z,B/Z,Nee,B/Z,Nee,B/Z,Nee,Nee,B/Z,B,Nee,B,Nee,B/Z,B/Z,B/Z,Nee,B/Z,B,B,B,B,Nee,B/Z,B/Z,B/Z,B,Nee,Nee,Nee,B,B,Nee,Nee,B/Z,B,Nee,Nee,B,Nee,Nee,Nee,Nee,B,B/Z,B/Z,B,B/Z,Nee,Nee,B/Z,B,Nee,B/Z,B,B/Z,B,B/Z,B,B,Nee,B,B,Nee,Nee,Nee,Nee,Nee,B,Nee,B/Z,B,B,Nee,B,B/Z,B/Z,B/Z,Nee,Nee,Nee,B/Z,Nee,Nee,B/Z,Nee,B/Z,Nee,Nee,B,Nee,Nee,Nee,Nee,Nee,B,Nee,Nee,Nee,B,Nee,Nee,B,Nee,Nee,Nee,Nee,Nee,Nee,B,Nee,Nee,Nee,Nee,Nee,Nee,Nee,Nee,B/Z,Nee,Nee,Nee,B/Z,B,B,Nee,B,B,Nee,Nee,Nee,Nee,Nee,B/Z,Nee,Nee,B,Nee,Nee,B,Nee,B/Z,Nee,Nee,Nee,Nee,Nee,B/Z,Nee,Nee,Nee,Nee,B/Z,Nee,B/Z,B/Z,Nee,Nee,Nee,B/Z,Nee,Nee,B,Nee,Nee,Nee,B/Z,B/Z,B/Z,Nee,B/Z,Nee,B/Z,B/Z,B,B,B,B,Nee,Nee,Nee,Nee,Nee,Nee,Nee,Nee,Nee,Nee,Nee,B,B,Nee,Nee,B,Nee,Nee,B,Nee,Nee,Nee,Nee,Nee,Nee,Nee,Nee,Nee,Nee,Nee,B,B,Nee,B,Nee,Nee,B,Nee,Nee,B,Nee,Nee,Nee,B/Z,Nee,Nee,Nee,Nee,Nee,Nee,Nee,B,Nee,Nee,Nee,Nee,Nee,B/Z,Nee,Nee,Nee,Nee,Nee,Nee,Nee,B,Nee,Nee,Nee,Nee,Nee,Nee,B,B,Nee,B,Nee,Nee,B,Nee,Nee,Nee,Nee,Nee,Nee,Nee,Nee,B,Nee,Nee,Nee,Nee,Nee,Nee,B,Nee,Nee,Nee,Nee,Nee,Nee,Nee,B,Nee,Nee,Nee,Nee,Nee,Nee,Nee,Nee,Nee,Nee,Nee,B,Nee,Nee,B,B,Nee,Nee,Nee,Nee,Nee,Nee,Nee,Nee,B/Z,B,Nee,Nee,Nee,Nee,Nee,Nee,Nee,Nee,Nee,Nee,Nee,B,Nee,Nee,Nee,Nee,B,Nee,Nee,Nee,B,B,Nee,Nee,B,Nee,B/Z,Nee,Nee,BL01UK01NE004,UKNE004,459,15.3,2020,gb
R_3HtXtG0xpoMsIMA,Male,University degree or equivalent,University degree or equivalent,40,60,0,NA,Dutch;40;,English;60;,,100,0,0,NA,Dutch,NA,10,9,NA,NA,I always (or almost always) speak Dutch to my child,Dutch,NA,10,9,10,French,I always (or almost always) speak Dutch to my child,First,NA,1,8,Always (or almost always) English,2,B/Z,B/Z,B/Z,Nee,B/Z,B/Z,B/Z,Nee,B/Z,B/Z,B/Z,B/Z,B/Z,B/Z,B/Z,B/Z,B/Z,B/Z,Nee,Nee,B/Z,B/Z,B/Z,Nee,B/Z,B/Z,B/Z,B/Z,Nee,Nee,B/Z,B/Z,B/Z,B/Z,B/Z,B/Z,Nee,Nee,B/Z,B/Z,B/Z,B/Z,B/Z,B/Z,B/Z,B/Z,B/Z,B/Z,B/Z,B/Z,B/Z,B/Z,B/Z,Nee,B/Z,B/Z,B/Z,B/Z,B/Z,B/Z,B/Z,B/Z,B/Z,Nee,Nee,Nee,B/Z,B/Z,B/Z,B/Z,Nee,B/Z,Nee,Nee,B/Z,B,B/Z,B,B/Z,Nee,B/Z,B/Z,B/Z,B,B/Z,B/Z,B/Z,B/Z,B/Z,Nee,B/Z,Nee,Nee,B/Z,B/Z,B/Z,B/Z,B/Z,B/Z,B/Z,B/Z,B/Z,B/Z,B/Z,B/Z,B/Z,B/Z,B/Z,B/Z,B/Z,B/Z,B/Z,B,B/Z,B/Z,Nee,B/Z,B/Z,Nee,B/Z,B/Z,B/Z,B/Z,Nee,B/Z,B/Z,B/Z,B/Z,Nee,B/Z,B/Z,B/Z,B/Z,B/Z,B/Z,B/Z,B/Z,B/Z,B/Z,B/Z,Nee,Nee,Nee,B/Z,B/Z,B/Z,Nee,B/Z,B/Z,Nee,B/Z,B/Z,B/Z,B/Z,B/Z,Nee,B/Z,B/Z,B,B/Z,B/Z,Nee,B/Z,B/Z,Nee,Nee,B/Z,B/Z,Nee,B/Z,B,B/Z,Nee,Nee,Nee,B/Z,Nee,B/Z,B/Z,Nee,Nee,B/Z,Nee,B/Z,B/Z,B,B/Z,B,Nee,B/Z,B/Z,B/Z,Nee,Nee,Nee,Nee,B/Z,Nee,Nee,B,Nee,Nee,Nee,Nee,B/Z,B/Z,B/Z,Nee,B/Z,Nee,Nee,Nee,Nee,B/Z,Nee,Nee,B/Z,B,B/Z,Nee,B/Z,B/Z,Nee,B/Z,Nee,Nee,Nee,Nee,Nee,B/Z,Nee,Nee,Nee,Nee,B/Z,Nee,Nee,B/Z,Nee,B/Z,Nee,Nee,Nee,Nee,B/Z,Nee,B/Z,B/Z,Nee,B/Z,B/Z,Nee,Nee,B/Z,B/Z,Nee,B/Z,B/Z,Nee,B/Z,Nee,Nee,B/Z,B/Z,Nee,Nee,Nee,B/Z,B/Z,B/Z,Nee,B,B/Z,B/Z,B/Z,B/Z,Nee,B,B/Z,B/Z,B/Z,B/Z,Nee,B/Z,B/Z,B/Z,B,Nee,B/Z,B/Z,B/Z,B/Z,B/Z,B/Z,Nee,Nee,B/Z,B/Z,B/Z,B/Z,B/Z,Nee,B/Z,B/Z,Nee,Nee,B/Z,B/Z,B/Z,B/Z,Nee,B/Z,B/Z,B/Z,B/Z,B/Z,B/Z,B/Z,B,B,B/Z,B/Z,B/Z,Nee,B/Z,Nee,B/Z,B/Z,B/Z,Nee,Nee,B/Z,B/Z,Nee,B,B/Z,B,B,B/Z,B/Z,B/Z,B,B/Z,B,B/Z,Nee,B/Z,B/Z,B/Z,B/Z,B,B/Z,B/Z,B/Z,B/Z,B/Z,B/Z,B/Z,B,B/Z,B/Z,B,B/Z,B/Z,Nee,B,B/Z,B,B,B,B,B/Z,Nee,B/Z,B/Z,Nee,Nee,B/Z,B/Z,B/Z,B,Nee,Nee,B,Nee,Nee,Nee,Nee,Nee,Nee,B/Z,B/Z,B,B,B/Z,B/Z,B/Z,B,B/Z,B/Z,B/Z,B/Z,B/Z,B/Z,B/Z,B/Z,B/Z,B/Z,B/Z,B/Z,B/Z,B/Z,Nee,Nee,Nee,B/Z,B/Z,B/Z,BL01UK01NE005,UKNE005,947,31.56666667,2020,gb
R_2ANzOm6D5LQGWdI,Male,University degree or equivalent,University degree or equivalent,30,70,0,NA,Dutch;30;,English;70;,,30,70,0,NA,Dutch,NA,10,8,6,German,I regularly speak both Dutch and English to my child,English,NA,2,10,NA,NA,I always (or almost always) speak English to my child,First,NA,1,6,Always (or almost always) English,3,B/Z,B/Z,B/Z,B/Z,B/Z,B/Z,B/Z,B/Z,B/Z,B/Z,B/Z,B/Z,B/Z,B/Z,B/Z,B,B/Z,B/Z,Nee,B,B/Z,B,B/Z,Nee,B/Z,B/Z,B/Z,B/Z,B,B/Z,B/Z,B/Z,B/Z,B/Z,B/Z,B/Z,Nee,Nee,B/Z,B/Z,B/Z,B/Z,B/Z,B,B/Z,B,B/Z,B/Z,B/Z,B/Z,B/Z,B/Z,B/Z,Nee,B,B/Z,B,B/Z,B,B/Z,B/Z,B/Z,B,Nee,B,B,B/Z,B/Z,B/Z,Nee,Nee,B/Z,B/Z,B,B/Z,Nee,B/Z,Nee,B/Z,Nee,B/Z,B/Z,B,B/Z,B/Z,B/Z,B/Z,B/Z,B,B,B/Z,B/Z,B,B/Z,B,B/Z,B/Z,B,B,B/Z,B/Z,B/Z,B/Z,B/Z,B/Z,B/Z,B,B/Z,B/Z,B,B,B/Z,B,B/Z,B,B,B,B,B,Nee,B/Z,B,B,B,B,B/Z,B,B/Z,B,B/Z,B,B,B/Z,B,B/Z,B/Z,B/Z,B/Z,B/Z,B/Z,B,B/Z,B,B/Z,B,B,B,B/Z,B,Nee,B/Z,B,B/Z,B/Z,B/Z,Nee,B/Z,B/Z,B/Z,B/Z,B/Z,B,B/Z,B/Z,Nee,B,B/Z,B,B,B,B,Nee,B,B,B,B/Z,B,B,B/Z,B,B,B/Z,B,B,B/Z,Nee,B,B,Nee,B,B,B,B/Z,B,B,B,B,B,B,B,B/Z,B,B/Z,Nee,B/Z,B/Z,B,B,B,B/Z,B,Nee,B,B,B/Z,B,B,B,B/Z,B,B,B,B/Z,B/Z,Nee,Nee,B/Z,B,B,B/Z,B,Nee,B,Nee,B/Z,Nee,Nee,Nee,Nee,B,Nee,Nee,B,B,B,Nee,B,B/Z,Nee,B,B/Z,B,B,B/Z,B/Z,B/Z,B/Z,B/Z,B,B,Nee,B/Z,B/Z,B,Nee,B,B/Z,B,Nee,B,B,B,B/Z,B,B,B/Z,Nee,B,B,B,B,Nee,B,B,B,B,B,B,B,B,B,B/Z,B/Z,B/Z,B,B,B,B,B,B,B,B,B,B,Nee,B,Nee,B,B,B,B,B,Nee,B,B/Z,B,B,B,B,B,B,B,B,B,B,B/Z,B,B,B,Nee,Nee,B,B/Z,B,B,B/Z,B,Nee,B/Z,Nee,B/Z,B,B,B,B/Z,Nee,B/Z,B/Z,B/Z,B,B/Z,B/Z,B,B/Z,B/Z,B/Z,B,B/Z,B,B,B,B,B/Z,B,B,Nee,B,Nee,B,B/Z,B,B/Z,Nee,B/Z,B/Z,B,B,B/Z,B,B/Z,B,B/Z,B,B,B,B,B,B,B/Z,B,B,B,B,B,B/Z,Nee,B,B,B,B,B/Z,B/Z,B/Z,B,B/Z,B,B,B,B,B,B,Nee,B/Z,B,Nee,B/Z,B,B,BL01UK01NE006,UKNE006,979,32.63333333,2020,gb
R_3GB6UiHovV82gfE,Male,University degree or equivalent,University degree or equivalent,20,80,0,NA,Dutch;20;,English;80;,,25,75,0,NA,Dutch,NA,10,9,6,German,I regularly speak both Dutch and English to my child,English,NA,0,10,NA,NA,I always (or almost always) speak English to my child,Second,NA,2,6,Always (or almost always) English,1,B/Z,B/Z,B/Z,B/Z,B/Z,B/Z,B/Z,B/Z,B/Z,B/Z,B/Z,B,Nee,Nee,Nee,Nee,Nee,B,Nee,Nee,Nee,Nee,B,Nee,B,Nee,Nee,B,Nee,Nee,B,B,B,B,Nee,Nee,Nee,Nee,Nee,Nee,Nee,B,Nee,Nee,B,Nee,B,B/Z,B/Z,B,B/Z,B/Z,B,B,B,B,B,B/Z,B/Z,B/Z,B/Z,B/Z,B/Z,B/Z,B,B/Z,B/Z,B,B/Z,Nee,B/Z,B,B/Z,Nee,Nee,Nee,B/Z,B,B/Z,Nee,B/Z,B,B,Nee,B/Z,B/Z,B/Z,B/Z,Nee,B,Nee,Nee,Nee,B/Z,B,B/Z,B,B,Nee,B,B/Z,Nee,B,B/Z,Nee,B/Z,B/Z,B/Z,B,B,B,B,Nee,B,Nee,B,B/Z,B,Nee,B,B/Z,B,B/Z,Nee,Nee,B,B,B,Nee,B/Z,B/Z,Nee,B/Z,B,Nee,B/Z,B,B/Z,B,B/Z,B,B/Z,B,B,B,B,Nee,B,Nee,Nee,B,B,B/Z,B,B,Nee,B/Z,B,B,B,Nee,Nee,B,B,Nee,Nee,Nee,Nee,B/Z,B,Nee,Nee,B,Nee,Nee,Nee,Nee,B,B/Z,Nee,Nee,B,Nee,Nee,Nee,Nee,B,B,Nee,B,Nee,Nee,B,Nee,B,Nee,Nee,Nee,Nee,Nee,Nee,Nee,Nee,Nee,Nee,B,Nee,Nee,B/Z,Nee,Nee,Nee,Nee,B,Nee,B,Nee,Nee,B,Nee,B,Nee,Nee,B/Z,Nee,B,B/Z,B,B,B/Z,B,Nee,Nee,Nee,B/Z,B,B/Z,B/Z,Nee,Nee,Nee,B,B,B/Z,B,B,Nee,Nee,B/Z,B,B/Z,Nee,B/Z,B/Z,B/Z,B/Z,B/Z,Nee,B,B,B,B,B,Nee,Nee,Nee,B,B,B,Nee,Nee,B,B,Nee,Nee,B,Nee,Nee,B,B,B,Nee,Nee,Nee,Nee,Nee,B,Nee,Nee,B,B,B,Nee,B,Nee,Nee,B,Nee,Nee,B,Nee,Nee,Nee,Nee,Nee,Nee,Nee,Nee,Nee,Nee,B,B,Nee,Nee,B,B,B,B,Nee,Nee,Nee,Nee,Nee,B,Nee,Nee,B,Nee,Nee,Nee,Nee,B,Nee,Nee,B,B,B,B,B,B,B,B,B,B,B,B,B,B,B,Nee,B/Z,B/Z,B,B,Nee,B,B,B,B,B,B,Nee,B/Z,B,Nee,Nee,B,Nee,B,Nee,Nee,B,Nee,B,B,B,Nee,Nee,B,Nee,B,B,B,Nee,Nee,Nee,Nee,Nee,B,B,B,B,B,B,B,B,B,B,Nee,Nee,B,Nee,Nee,Nee,B/Z,B,Nee,Nee,B,B,Nee,Nee,Nee,Nee,B,B,B,Nee,BL01UK01NE007,UKNE007,780,26,2020,gb
R_31YuqnN601NWHHK,Male,University degree or equivalent,Left school at 18 with A-Levels or equivalent,20,80,0,NA,Dutch;20;,English;80;,,20,80,0,NA,English,NA,6,10,NA,NA,I always (or almost always) speak English to my child,Dutch,NA,10,7,NA,NA,I regularly speak both Dutch and English to my child,First,NA,1,25,Always (or almost always) English,7,Nee,Nee,Nee,B,B,Nee,Nee,B,B,Nee,Nee,Nee,Nee,Nee,Nee,Nee,Nee,Nee,Nee,Nee,Nee,Nee,Nee,Nee,Nee,B,B,B,Nee,B,B,B,Nee,Nee,B,Nee,Nee,Nee,Nee,Nee,Nee,Nee,Nee,Nee,B,Nee,Nee,Nee,Nee,Nee,Nee,B,Nee,Nee,B/Z,Nee,Nee,Nee,B,B,B,Nee,B,B,Nee,B,Nee,Nee,Nee,Nee,Nee,Nee,Nee,Nee,Nee,Nee,Nee,Nee,B/Z,Nee,Nee,B/Z,Nee,B/Z,B,B/Z,B/Z,B/Z,B/Z,B/Z,B,Nee,Nee,B,B,Nee,Nee,Nee,B/Z,B/Z,B/Z,Nee,Nee,Nee,B,Nee,B/Z,Nee,Nee,Nee,Nee,Nee,Nee,Nee,Nee,Nee,Nee,B,Nee,Nee,Nee,B,Nee,B,Nee,Nee,Nee,Nee,Nee,Nee,Nee,Nee,Nee,Nee,Nee,Nee,Nee,B,B,B,B,B/Z,Nee,Nee,Nee,Nee,Nee,Nee,Nee,Nee,Nee,Nee,B,Nee,Nee,Nee,Nee,B,Nee,B/Z,Nee,Nee,Nee,Nee,Nee,Nee,Nee,Nee,Nee,Nee,Nee,Nee,Nee,Nee,Nee,Nee,Nee,Nee,Nee,Nee,Nee,Nee,Nee,B,Nee,Nee,Nee,Nee,Nee,Nee,Nee,B/Z,B/Z,B/Z,B/Z,Nee,Nee,Nee,Nee,Nee,Nee,B/Z,B/Z,B,B,Nee,Nee,Nee,Nee,Nee,Nee,B,Nee,B,Nee,Nee,B/Z,Nee,Nee,B/Z,B/Z,Nee,Nee,B,B,B/Z,B,Nee,Nee,B/Z,Nee,Nee,Nee,Nee,Nee,Nee,B/Z,B/Z,Nee,Nee,Nee,Nee,Nee,Nee,Nee,Nee,Nee,Nee,B,Nee,B/Z,Nee,Nee,Nee,Nee,B/Z,Nee,Nee,Nee,Nee,Nee,B,B,Nee,Nee,Nee,Nee,Nee,B/Z,B/Z,Nee,Nee,Nee,Nee,Nee,B/Z,Nee,Nee,Nee,Nee,Nee,Nee,Nee,Nee,Nee,Nee,Nee,Nee,Nee,Nee,Nee,Nee,Nee,Nee,B,B,Nee,Nee,Nee,B,Nee,Nee,Nee,Nee,Nee,Nee,Nee,Nee,Nee,Nee,Nee,Nee,Nee,Nee,Nee,Nee,Nee,Nee,Nee,B,B,Nee,Nee,Nee,Nee,Nee,Nee,Nee,Nee,Nee,Nee,B,Nee,Nee,Nee,Nee,Nee,Nee,Nee,Nee,Nee,Nee,Nee,Nee,Nee,Nee,B/Z,B/Z,Nee,B,B,Nee,Nee,Nee,Nee,Nee,Nee,Nee,Nee,B/Z,B/Z,Nee,Nee,Nee,Nee,Nee,Nee,Nee,Nee,Nee,Nee,Nee,B/Z,Nee,Nee,Nee,B/Z,B/Z,B/Z,Nee,Nee,Nee,Nee,B,Nee,B,B,Nee,Nee,Nee,Nee,Nee,Nee,Nee,Nee,Nee,Nee,Nee,B/Z,B/Z,Nee,Nee,Nee,Nee,Nee,Nee,Nee,B,Nee,Nee,B/Z,Nee,Nee,Nee,Nee,B,Nee,B/Z,R_31YuqnN601NWHHK,R_31YuqnN601NWHHK,979,32.63333333,2020,gb
R_3HSSZXBDsRp7hPz,Female,University degree or equivalent,University degree or equivalent,35,60,5,French,Dutch;35;,English;60;,French;5;,45,50,5,French,Dutch,NA,10,9,8,French,I always (or almost always) speak Dutch to my child,English,NA,6,10,5,French,I always (or almost always) speak English to my child,First,NA,1,12,Always (or almost always) English,3,B/Z,B/Z,B,B/Z,B/Z,B/Z,B/Z,B/Z,B/Z,B/Z,B/Z,B,B/Z,B/Z,B/Z,B/Z,B/Z,B/Z,B/Z,B/Z,B/Z,B/Z,B/Z,B/Z,B/Z,B/Z,B/Z,B/Z,B/Z,B/Z,B/Z,B/Z,B/Z,B/Z,B/Z,B/Z,B/Z,B/Z,B/Z,B/Z,B/Z,B/Z,B/Z,B/Z,B/Z,B/Z,B/Z,B/Z,B/Z,B,B/Z,B/Z,B/Z,B/Z,B/Z,B/Z,B/Z,B,B/Z,B,B/Z,B/Z,B/Z,B/Z,B/Z,B/Z,B/Z,B/Z,B/Z,Nee,B/Z,B/Z,B/Z,B,B/Z,B/Z,B/Z,B/Z,B/Z,Nee,B/Z,Nee,B/Z,B,B/Z,B/Z,B/Z,B/Z,Nee,Nee,B/Z,B/Z,B/Z,B/Z,B/Z,B/Z,B/Z,B/Z,B/Z,B/Z,B/Z,B/Z,B/Z,B/Z,B/Z,B/Z,B/Z,B/Z,B/Z,B/Z,B/Z,B/Z,B,B/Z,B/Z,B/Z,B/Z,B/Z,B/Z,B/Z,B/Z,B/Z,B,B/Z,B/Z,B/Z,B/Z,B/Z,B/Z,B/Z,B/Z,B/Z,B/Z,B/Z,Nee,B/Z,B/Z,B/Z,B/Z,B/Z,B,B/Z,Nee,B/Z,B,B/Z,B,B/Z,B/Z,Nee,B/Z,B/Z,B/Z,B/Z,B/Z,B/Z,B/Z,B/Z,B/Z,B/Z,B/Z,B/Z,B/Z,B/Z,B/Z,B/Z,B/Z,B,B,B/Z,B/Z,B/Z,Nee,B/Z,B/Z,B/Z,B,B/Z,B/Z,B/Z,B/Z,B/Z,B/Z,B/Z,B/Z,B/Z,B/Z,B/Z,B/Z,B/Z,B/Z,B/Z,B/Z,Nee,B/Z,B/Z,B/Z,B/Z,B,B/Z,B/Z,B/Z,B/Z,Nee,B,B/Z,B/Z,B/Z,B/Z,B/Z,B,Nee,Nee,B,Nee,B/Z,Nee,B,B,B/Z,B/Z,B,B/Z,B/Z,Nee,B,B/Z,B/Z,B/Z,B/Z,B/Z,B/Z,B/Z,B/Z,B/Z,B/Z,B/Z,Nee,Nee,B,Nee,B/Z,B/Z,B,B/Z,B,B/Z,B/Z,Nee,B/Z,B/Z,B/Z,Nee,B/Z,B/Z,B/Z,B/Z,B/Z,B/Z,B/Z,B/Z,B/Z,B/Z,B/Z,Nee,Nee,B/Z,B,B/Z,B/Z,B/Z,B/Z,B/Z,B/Z,B/Z,B/Z,Nee,B/Z,B/Z,B/Z,B/Z,B/Z,Nee,B,B/Z,B/Z,B,B,B/Z,Nee,B/Z,B/Z,Nee,B,Nee,Nee,B/Z,B/Z,B,B/Z,B/Z,Nee,B/Z,B/Z,B/Z,B/Z,Nee,B/Z,B,B,Nee,B/Z,Nee,B,B/Z,B,B,B/Z,B,B,B/Z,Nee,B,B,B,B,B/Z,B/Z,B/Z,B,Nee,B,B,B/Z,Nee,B/Z,B/Z,B,B/Z,B/Z,B/Z,B,B,B,B/Z,Nee,B/Z,B/Z,B/Z,Nee,B/Z,B/Z,B/Z,B/Z,B/Z,B/Z,B/Z,B/Z,B/Z,B,B/Z,Nee,B/Z,B/Z,Nee,Nee,B/Z,B,Nee,B/Z,B,B,B/Z,B,B/Z,Nee,Nee,B,B,Nee,B,Nee,B/Z,Nee,B/Z,Nee,Nee,B/Z,B/Z,Nee,B,B/Z,B,B/Z,B/Z,B,B/Z,B,B/Z,B/Z,B/Z,B/Z,B/Z,B,B/Z,B,B,B/Z,B/Z,B/Z,B/Z,B/Z,B/Z,Nee,B,B/Z,B,Nee,BL01UK01NE008,UKNE008,704,23.46666667,2020,gb
R_YY3HkVeBS1bgnVT,Male,University degree or equivalent,University degree or equivalent,60,40,0,NA,Dutch;60;,English;40;,,90,10,0,NA,Dutch,NA,10,9,NA,NA,I always (or almost always) speak Dutch to my child,Dutch,NA,10,9,NA,NA,I always (or almost always) speak Dutch to my child,First,NA,1,NA,NA,2,B,B/Z,B,B/Z,Nee,Nee,B/Z,Nee,Nee,Nee,B/Z,B,B,Nee,B,Nee,Nee,B,Nee,Nee,Nee,Nee,Nee,Nee,B/Z,Nee,B/Z,B,Nee,B,B,Nee,B,Nee,Nee,Nee,Nee,Nee,B,Nee,Nee,B,Nee,B,Nee,Nee,B,Nee,B,Nee,B,Nee,B,Nee,Nee,Nee,Nee,B,Nee,B,B,B,Nee,B,Nee,Nee,B,B,B,Nee,Nee,B,Nee,Nee,Nee,Nee,B,Nee,Nee,Nee,Nee,Nee,Nee,Nee,Nee,B,Nee,Nee,Nee,Nee,B,Nee,Nee,B,Nee,B,B,B,Nee,B,B,B,Nee,Nee,Nee,B,B,B,Nee,B,Nee,Nee,Nee,B,Nee,Nee,B,Nee,Nee,Nee,B,Nee,Nee,Nee,Nee,Nee,B,B,Nee,B,Nee,B,B,B,Nee,B,Nee,B,Nee,B,Nee,Nee,Nee,B,B,Nee,Nee,Nee,Nee,Nee,Nee,Nee,B,Nee,B,Nee,B,B,B,Nee,Nee,Nee,Nee,B,Nee,Nee,B,Nee,B,Nee,Nee,Nee,Nee,Nee,Nee,Nee,Nee,B,B,Nee,Nee,Nee,Nee,Nee,B,B,B,Nee,Nee,Nee,B,Nee,Nee,Nee,Nee,Nee,B,Nee,Nee,Nee,Nee,Nee,Nee,Nee,Nee,B,Nee,Nee,Nee,Nee,Nee,Nee,Nee,Nee,Nee,Nee,B,B,B,Nee,Nee,B,Nee,B,Nee,Nee,Nee,Nee,Nee,B/Z,Nee,Nee,Nee,Nee,B,Nee,Nee,B/Z,Nee,Nee,Nee,Nee,Nee,Nee,Nee,Nee,B/Z,Nee,Nee,B,B,Nee,Nee,B,B,Nee,B,B,Nee,Nee,B,Nee,Nee,Nee,Nee,Nee,Nee,Nee,B,Nee,Nee,Nee,Nee,Nee,Nee,Nee,Nee,Nee,B,Nee,B,B,Nee,B,Nee,Nee,B,Nee,Nee,Nee,Nee,Nee,Nee,B,Nee,Nee,B,Nee,Nee,B,Nee,Nee,Nee,B,Nee,Nee,Nee,Nee,Nee,Nee,Nee,B,Nee,B,B,Nee,Nee,B,Nee,Nee,Nee,Nee,Nee,Nee,Nee,Nee,Nee,B,Nee,Nee,Nee,Nee,Nee,Nee,Nee,Nee,Nee,Nee,Nee,Nee,Nee,Nee,Nee,Nee,Nee,Nee,Nee,Nee,Nee,Nee,Nee,Nee,Nee,Nee,Nee,Nee,Nee,Nee,Nee,Nee,Nee,Nee,Nee,Nee,Nee,Nee,Nee,Nee,Nee,Nee,B,Nee,Nee,Nee,B,Nee,Nee,B,Nee,Nee,Nee,Nee,Nee,Nee,Nee,Nee,Nee,B,B,Nee,Nee,Nee,Nee,Nee,Nee,Nee,Nee,Nee,Nee,Nee,B,Nee,B,Nee,B,B,Nee,Nee,Nee,Nee,Nee,Nee,Nee,Nee,Nee,B,B,Nee,BL01UK01NE009,UKNE009,128,4.266666667,2020,gb
R_2flbMTfFMvOuYTN,Male,University degree or equivalent,University degree or equivalent,58,40,2,Frisian,Dutch;58;,English;40;,Frisian;2;,70,30,0,NA,Dutch,NA,9,10,3,Frisian,I always (or almost always) speak Dutch to my child,English,NA,6,10,NA,NA,I regularly speak both Dutch and English to my child,Second,NA,2,12,Always (or almost always) English,1,B/Z,B/Z,B/Z,B/Z,B,B/Z,B/Z,B,B/Z,B/Z,B/Z,B/Z,B/Z,B/Z,B/Z,Nee,B,B,B,B,B/Z,Nee,B,Nee,B,B/Z,B,B/Z,B,Nee,B,B/Z,B,B/Z,B,B,Nee,Nee,B,B,B,B/Z,B/Z,B,B,B,B/Z,B/Z,B/Z,B,B,B/Z,B,B/Z,B,B/Z,B,B/Z,B,B,B,B/Z,B,B,Nee,Nee,B/Z,B,B/Z,Nee,Nee,B,Nee,Nee,B/Z,B,B/Z,Nee,B/Z,Nee,B/Z,Nee,B/Z,B,Nee,B,B/Z,B,B,Nee,Nee,B,B,B/Z,B/Z,B,B,B,Nee,B,B,B,B,B,B/Z,B/Z,B,B,Nee,B/Z,B,B,Nee,B,B,Nee,B,Nee,Nee,B/Z,B,Nee,Nee,Nee,Nee,Nee,B,B,Nee,B,Nee,Nee,B,B,Nee,B,Nee,B,B,B,Nee,B,Nee,B/Z,Nee,B,Nee,B,B,Nee,B,B,B,B,B,Nee,Nee,B,B,B,B,Nee,B,B/Z,Nee,B,B/Z,B,B,B,B,B,B,Nee,Nee,B/Z,Nee,B,B/Z,Nee,Nee,B,B,B,B,Nee,B,B,Nee,B,B,B,B,Nee,Nee,B,B,B,Nee,Nee,B,B,B,Nee,B,B,B,Nee,B,B,Nee,Nee,B,Nee,Nee,Nee,Nee,B,B,B,Nee,B,B,B/Z,Nee,Nee,Nee,Nee,Nee,B/Z,Nee,B,Nee,B,B/Z,Nee,B/Z,B/Z,Nee,Nee,Nee,Nee,Nee,B,Nee,B,B/Z,B,Nee,B,B/Z,B,B,B/Z,B/Z,Nee,B/Z,B,B,B,B,B,B/Z,B,Nee,Nee,B,B,B,B,Nee,B,B,B,B,B,Nee,B,B/Z,B,B,B,B,B,B,B/Z,B,B,B,Nee,B,B/Z,Nee,B,Nee,Nee,B,B,B,B,Nee,Nee,B/Z,B,B,B,B,B,B,Nee,Nee,B/Z,Nee,B,B,B,B/Z,B,B,Nee,B,B,Nee,B,B,B,B,B,B,Nee,Nee,B,B,B,Nee,B,Nee,B,B,B,B,B,Nee,Nee,B,Nee,B,B,B,Nee,B,B/Z,B,B,B,B/Z,B,B,B,B,B,Nee,B,B,B,Nee,Nee,Nee,Nee,B,B,B,Nee,Nee,B/Z,Nee,Nee,B,B,Nee,B,Nee,Nee,B,Nee,Nee,Nee,B,B,Nee,Nee,B,B,Nee,Nee,B,Nee,Nee,B,B,B,B,B/Z,Nee,B,B,Nee,Nee,B,B,Nee,Nee,B,B,B,B/Z,B,Nee,BL01UK01NE010,UKNE010,678,22.6,2020,gb
R_9mDxqSs5JNJpjHj,Female,University degree or equivalent,University degree or equivalent,20,80,0,NA,Dutch;20;,English;80;,,30,70,0,NA,English,NA,2,10,4,Krio,I always (or almost always) speak English to my child,Other(s),Bilingual Dutch and Frisian,10,9,10,Frisian,I always (or almost always) speak Dutch to my child,First,NA,1,NA,NA,1,Nee,B/Z,Nee,B/Z,Nee,Nee,Nee,Nee,Nee,Nee,Nee,Nee,Nee,Nee,Nee,Nee,Nee,Nee,Nee,Nee,Nee,Nee,Nee,Nee,Nee,Nee,Nee,Nee,Nee,Nee,Nee,Nee,Nee,Nee,Nee,B/Z,Nee,Nee,Nee,Nee,Nee,Nee,Nee,Nee,Nee,Nee,Nee,Nee,Nee,Nee,Nee,Nee,Nee,Nee,Nee,B,Nee,Nee,Nee,Nee,Nee,Nee,Nee,Nee,Nee,Nee,Nee,Nee,Nee,Nee,Nee,Nee,Nee,Nee,Nee,Nee,Nee,Nee,Nee,Nee,Nee,Nee,Nee,Nee,Nee,Nee,Nee,Nee,Nee,Nee,Nee,Nee,Nee,Nee,Nee,Nee,Nee,Nee,Nee,Nee,Nee,Nee,Nee,Nee,Nee,Nee,Nee,Nee,Nee,Nee,Nee,Nee,Nee,Nee,Nee,Nee,Nee,Nee,Nee,Nee,Nee,Nee,Nee,Nee,Nee,Nee,Nee,Nee,Nee,Nee,Nee,Nee,Nee,Nee,Nee,Nee,Nee,Nee,Nee,Nee,Nee,Nee,Nee,Nee,Nee,Nee,Nee,Nee,Nee,Nee,Nee,Nee,Nee,Nee,Nee,Nee,Nee,Nee,Nee,Nee,Nee,Nee,Nee,Nee,Nee,Nee,Nee,Nee,Nee,Nee,Nee,Nee,Nee,Nee,Nee,Nee,Nee,Nee,Nee,Nee,Nee,Nee,Nee,Nee,Nee,Nee,Nee,Nee,Nee,Nee,Nee,Nee,Nee,Nee,Nee,Nee,Nee,Nee,Nee,Nee,Nee,Nee,Nee,Nee,Nee,Nee,Nee,Nee,Nee,Nee,Nee,Nee,Nee,Nee,Nee,Nee,Nee,Nee,Nee,Nee,Nee,Nee,Nee,Nee,Nee,Nee,Nee,Nee,Nee,Nee,Nee,Nee,Nee,Nee,Nee,Nee,Nee,Nee,Nee,Nee,Nee,Nee,Nee,Nee,Nee,Nee,B,B,Nee,Nee,Nee,Nee,B/Z,Nee,B,Nee,Nee,Nee,Nee,Nee,Nee,Nee,Nee,Nee,Nee,Nee,Nee,Nee,Nee,Nee,Nee,Nee,Nee,Nee,Nee,Nee,Nee,Nee,Nee,Nee,Nee,Nee,Nee,Nee,Nee,Nee,Nee,Nee,Nee,Nee,Nee,Nee,Nee,Nee,Nee,Nee,Nee,Nee,Nee,Nee,Nee,Nee,Nee,Nee,Nee,Nee,Nee,Nee,Nee,Nee,Nee,Nee,Nee,Nee,Nee,Nee,Nee,Nee,Nee,Nee,Nee,Nee,Nee,Nee,Nee,Nee,Nee,Nee,Nee,Nee,Nee,Nee,Nee,Nee,Nee,B,Nee,Nee,Nee,Nee,Nee,Nee,Nee,Nee,Nee,Nee,Nee,Nee,Nee,Nee,Nee,Nee,Nee,Nee,Nee,Nee,Nee,Nee,Nee,Nee,Nee,Nee,Nee,Nee,Nee,Nee,Nee,Nee,Nee,Nee,Nee,Nee,Nee,Nee,Nee,Nee,Nee,Nee,Nee,Nee,Nee,Nee,Nee,Nee,Nee,Nee,Nee,Nee,Nee,Nee,Nee,Nee,Nee,Nee,Nee,Nee,Nee,Nee,Nee,Nee,Nee,Nee,Nee,Nee,Nee,Nee,Nee,Nee,Nee,Nee,Nee,Nee,Nee,Nee,Nee,Nee,Nee,Nee,BL01UK01NE011,UKNE011,451,15.03333333,2020,gb
R_2QRm7TBHtlS0wq4,Male,University degree or equivalent,University degree or equivalent,34,66,0,NA,Dutch;34;,English;66;,,100,0,0,NA,Dutch,NA,10,9,NA,NA,I always (or almost always) speak Dutch to my child,English,NA,1,10,NA,NA,I always (or almost always) speak English to my child,First,NA,1,12,Always (or almost always) English,NA,B/Z,B/Z,B/Z,B/Z,B/Z,B/Z,B/Z,B/Z,B/Z,B/Z,B/Z,B/Z,B/Z,B/Z,B/Z,B,B,B/Z,Nee,B,B,B,B/Z,Nee,B/Z,B/Z,B/Z,B/Z,B/Z,B,B/Z,B/Z,B/Z,B/Z,B/Z,B/Z,Nee,B,B/Z,B/Z,B/Z,B/Z,B/Z,B/Z,B/Z,B/Z,B/Z,B/Z,B/Z,B,B,B/Z,B/Z,B/Z,B/Z,B/Z,B/Z,B/Z,B/Z,B/Z,B/Z,B/Z,B/Z,B,B,B/Z,B/Z,Nee,B/Z,B/Z,B/Z,B/Z,B/Z,B/Z,B/Z,B/Z,B,B/Z,B/Z,B/Z,B/Z,Nee,B/Z,B/Z,B/Z,B/Z,B/Z,B/Z,Nee,B/Z,B/Z,B/Z,B/Z,B/Z,B/Z,B/Z,B/Z,B/Z,B/Z,B/Z,B/Z,B/Z,B/Z,B/Z,B/Z,B/Z,B/Z,B/Z,B/Z,B/Z,B/Z,B/Z,B,B/Z,B/Z,Nee,B/Z,B,Nee,B/Z,B/Z,B/Z,B,B,B,B/Z,B/Z,B,B/Z,B/Z,B/Z,B/Z,B/Z,B/Z,Nee,B/Z,B,B/Z,B/Z,B/Z,B/Z,B,B/Z,B/Z,B/Z,B,B/Z,B/Z,B/Z,Nee,B,B/Z,B/Z,B/Z,B/Z,B,B,B/Z,B/Z,B/Z,B/Z,Nee,B/Z,B/Z,Nee,B,B/Z,B/Z,B/Z,B/Z,B/Z,B/Z,Nee,B,B/Z,B/Z,B,B/Z,B/Z,B/Z,B,B/Z,B,B,B/Z,B/Z,B/Z,B/Z,Nee,B/Z,B/Z,B/Z,B/Z,B/Z,B/Z,B/Z,B/Z,B,B/Z,B/Z,B/Z,B/Z,B,Nee,B,B,B,Nee,B,B/Z,B/Z,Nee,B,B,B,B/Z,Nee,B/Z,B/Z,B/Z,B/Z,B/Z,B/Z,B/Z,Nee,Nee,B/Z,B,B,B/Z,B,B/Z,B/Z,B/Z,B/Z,Nee,B/Z,B/Z,B,B/Z,Nee,Nee,B,Nee,B/Z,B,B/Z,B/Z,B,B/Z,B/Z,B,B,B/Z,B/Z,B,B/Z,B,B,B/Z,B,B/Z,B/Z,B,Nee,B,B/Z,B,B/Z,B,B/Z,B,B/Z,B,B/Z,B/Z,Nee,B/Z,B,B,B,B,B,B/Z,B,B/Z,B/Z,B,B/Z,Nee,B,B/Z,B/Z,B,B,B,B/Z,B/Z,B,B/Z,B/Z,B,B/Z,B/Z,B,B/Z,B,B/Z,B/Z,Nee,B,B,B,B,B,B/Z,B/Z,B/Z,B/Z,B,B/Z,B/Z,B/Z,B/Z,B,B/Z,B/Z,B/Z,B,B,B,B/Z,B/Z,B,B,B/Z,B,B,Nee,B,B/Z,B/Z,B,B,Nee,B,B,Nee,B/Z,B/Z,B/Z,B,B/Z,B/Z,B,B/Z,B,B,B,B/Z,B/Z,Nee,Nee,B/Z,B,B,B/Z,B,Nee,B/Z,B/Z,B,Nee,B,B/Z,B,Nee,B/Z,B,B/Z,B,Nee,B,B,Nee,B,Nee,B,B/Z,Nee,B,B,B,B,B,B,B,Nee,B,B,B/Z,B/Z,B/Z,B,B/Z,B/Z,B,B,B/Z,B,B,B,B,B,B,B/Z,B,B/Z,BL01UK01NE012,UKNE012,665,22.16666667,2020,gb
R_ZgZ3dy0jPX51IeR,Female,Left school at 18 with A-Levels or equivalent,University degree or equivalent,60,40,0,NA,Dutch;60;,English;40;,,60,40,0,NA,Dutch,NA,10,8,NA,NA,I always (or almost always) speak Dutch to my child,Dutch,NA,10,8,NA,NA,I always (or almost always) speak Dutch to my child,First,NA,1,NA,NA,5,B/Z,B,B,B,B,B,B,B/Z,B/Z,B,B,B,B,B,B,B,B,B,B,B,B,B,B,Nee,B,B,B,B,B,B,B,B,B,B,B,B,Nee,B,B,B,B,B,B,B,B,B,B,B,B,Nee,B,B,B,Nee,B,B,Nee,B,B,B,B,B,Nee,B,B,B,B,B,B,B,B,B,B,B,B,B,B,Nee,B,B,B,B,B,B,Nee,B,B,B,B,B,B,B,B,B,B,B,B,B,B,B,B,B,B,B,B,B,B,B,B,B,B,B,Nee,B,B,B,B,B,B,B,B,B,B,B,B,Nee,B,B,B,B,B,B,B,B,B,B,B,B,B,B,B,B,B,B,B,B,B,Nee,B,B,B,B,B,B,B,B,B,B,B,B,B,B,B,B,B,B,B,B,B,B,B,B,B,B,B,B,B,B,B,Nee,B,B,B,B,B,Nee,B,B,Nee,B,B,B,B,Nee,B,Nee,B,B,Nee,B,Nee,B,B,B,B,B,B,Nee,Nee,B,B,Nee,Nee,Nee,Nee,B,B,B,B,B,B,B,B,B,Nee,Nee,Nee,Nee,B,B,Nee,Nee,B,Nee,B,B,B,B,B,B,Nee,B,B,Nee,B,B,B,B,B,B,B,B,B,B/Z,B,B,B,B,B,B,B,B,B,B,B,Nee,B,B,Nee,Nee,Nee,B,B,B,B,B,Nee,Nee,B,B,B,B,B,B,B,B,B,B,B,B,B,B,Nee,B,Nee,B,B,B,B,B,B,B,B,Nee,B,Nee,B,B,Nee,Nee,Nee,B,Nee,B,B,B,B,Nee,B,Nee,Nee,Nee,Nee,B,Nee,B,B,B,B,B,Nee,B,Nee,B,B,B,B,B,B,B,B,B,B,B,B,Nee,B,B,B,B,B,B,B,B,B,B,B,B,B,B,B,Nee,B,B,B,B,B,B,B,Nee,Nee,B,Nee,Nee,B,Nee,Nee,B,B,B,B,B,B,B,B,B,B,B,B,Nee,B,B,B,B,B,B,B,B,B,B,B,B,B,Nee,B,B,B,B,B,B,B,B,B,B,B,B,B,B,BL01UK01NE013,UKNE013,379,12.63333333,2020,gb
R_21vQZOgMrIyq0Vz,Female,University degree or equivalent,University degree or equivalent,40,60,0,NA,Dutch;40;,English;60;,,70,30,0,NA,Dutch,NA,10,8,NA,NA,I regularly speak both Dutch and English to my child,Dutch,NA,10,8,NA,NA,I regularly speak both Dutch and English to my child,First,NA,1,6,Always (or almost always) English,3,B/Z,B/Z,B/Z,B/Z,B/Z,B/Z,B/Z,B/Z,B/Z,B/Z,B/Z,B/Z,B,B,B/Z,B,B,B/Z,Nee,Nee,B/Z,B,B/Z,Nee,B/Z,B/Z,B/Z,B/Z,B,B,B,B,B/Z,B,B/Z,B/Z,B/Z,B/Z,B/Z,B,B/Z,B/Z,B/Z,B/Z,B/Z,B,B,B/Z,B/Z,B,B/Z,B/Z,B/Z,B/Z,B/Z,B/Z,B/Z,B/Z,B/Z,B/Z,B/Z,B/Z,B/Z,B/Z,B,B/Z,B/Z,B,B/Z,Nee,B,B/Z,B/Z,B/Z,B/Z,B,B/Z,B/Z,B/Z,Nee,B/Z,B/Z,B/Z,B/Z,B/Z,B/Z,B/Z,B/Z,B/Z,B/Z,B/Z,B/Z,B/Z,B/Z,B/Z,B/Z,B/Z,B/Z,B,B/Z,B/Z,B/Z,B/Z,B/Z,B,B/Z,B/Z,B/Z,B/Z,B/Z,B/Z,B/Z,B,B/Z,B,B/Z,B/Z,B/Z,B/Z,B,B/Z,B/Z,B,B/Z,B,B,B/Z,B/Z,B/Z,B/Z,B,B/Z,B/Z,B,B/Z,B/Z,B,B/Z,B,B/Z,Nee,B/Z,Nee,B/Z,B,B,B,B/Z,B,Nee,B/Z,B/Z,B/Z,B/Z,B/Z,Nee,B,B/Z,B/Z,B,B,B,B,B/Z,Nee,B,B/Z,B,B/Z,B/Z,B/Z,B/Z,B,B/Z,B/Z,B,B,B,B/Z,B/Z,B/Z,B,Nee,B/Z,B/Z,B/Z,B/Z,B,B/Z,B/Z,B/Z,B/Z,B/Z,B,B/Z,B/Z,B,B/Z,B,Nee,B/Z,B/Z,B/Z,B,B/Z,B/Z,B/Z,B/Z,B,B/Z,B,B,B,B,B/Z,B/Z,B/Z,B/Z,B,B/Z,B/Z,B,B,B/Z,Nee,B/Z,B/Z,B,B/Z,B/Z,B/Z,B,B,B,B/Z,B,B/Z,B/Z,B,Nee,Nee,B/Z,B/Z,B/Z,B,B,B/Z,B,B/Z,B/Z,B/Z,B,B/Z,B/Z,B/Z,B/Z,B/Z,B/Z,B,B/Z,B,B/Z,B/Z,B,B,B,B,B/Z,B,B,B,B,B/Z,B,B,B/Z,B,B,B/Z,B,B/Z,B,B,B/Z,B/Z,B/Z,B,B,B,B,B/Z,B/Z,B/Z,B/Z,B/Z,B,B/Z,B,B,B/Z,B/Z,B,B/Z,B,B,B,B/Z,B/Z,B,B,B/Z,B/Z,B,B/Z,B/Z,B/Z,B/Z,B,B,B,B/Z,B/Z,B/Z,B,B,B/Z,B/Z,B/Z,B,B,B,B,B/Z,B/Z,B,B/Z,B,B,B/Z,B,B/Z,B,B/Z,B,B/Z,Nee,B,B/Z,B,B,B,B,B/Z,B/Z,B,B,B,B/Z,B/Z,B/Z,B/Z,B,B/Z,B,B,B,B,B,B,B/Z,B/Z,B,B,B,B/Z,Nee,B,B/Z,B,B/Z,B,B,B,B,B,B,B,B,B/Z,B,B,B,B,B,B,B,B/Z,B,B,B,B,B/Z,B,B,B/Z,B,B,B,B/Z,B,B,Nee,B/Z,B,B,B/Z,B/Z,B,R_21vQZOgMrIyq0Vz,R_21vQZOgMrIyq0Vz,1052,35.06666667,2020,gb
R_31MAUxzMZs3XaDX,Female,University degree or equivalent,University degree or equivalent,25,75,0,NA,Dutch;25;,English;75;,,40,60,0,NA,Dutch,NA,10,9,7,German,I regularly speak both Dutch and English to my child,English,NA,0,10,NA,NA,I always (or almost always) speak English to my child,First,NA,1,6,Always (or almost always) English,1,Nee,Nee,Nee,Nee,Nee,Nee,Nee,Nee,Nee,Nee,Nee,Nee,Nee,Nee,Nee,Nee,Nee,Nee,Nee,Nee,Nee,Nee,B,Nee,Nee,Nee,Nee,Nee,Nee,Nee,Nee,Nee,Nee,Nee,Nee,Nee,Nee,Nee,Nee,Nee,Nee,Nee,Nee,Nee,Nee,Nee,Nee,Nee,Nee,Nee,Nee,Nee,Nee,Nee,Nee,Nee,Nee,Nee,Nee,Nee,Nee,Nee,Nee,Nee,Nee,Nee,Nee,Nee,Nee,Nee,Nee,Nee,Nee,Nee,Nee,Nee,Nee,Nee,Nee,Nee,Nee,Nee,Nee,Nee,Nee,Nee,Nee,Nee,Nee,Nee,Nee,Nee,Nee,Nee,Nee,Nee,Nee,Nee,Nee,Nee,Nee,Nee,Nee,Nee,Nee,Nee,Nee,Nee,Nee,Nee,Nee,Nee,Nee,Nee,Nee,Nee,Nee,Nee,Nee,Nee,Nee,Nee,Nee,Nee,Nee,Nee,Nee,Nee,Nee,Nee,Nee,Nee,Nee,Nee,Nee,Nee,Nee,Nee,Nee,Nee,Nee,Nee,Nee,Nee,Nee,Nee,Nee,Nee,Nee,Nee,Nee,Nee,Nee,Nee,Nee,Nee,Nee,Nee,Nee,Nee,Nee,Nee,Nee,Nee,Nee,Nee,Nee,Nee,Nee,Nee,Nee,Nee,Nee,Nee,Nee,Nee,Nee,Nee,Nee,Nee,Nee,Nee,Nee,Nee,Nee,Nee,Nee,Nee,Nee,Nee,Nee,Nee,Nee,Nee,Nee,Nee,Nee,Nee,Nee,Nee,Nee,Nee,Nee,Nee,Nee,Nee,Nee,Nee,Nee,Nee,Nee,Nee,Nee,Nee,Nee,Nee,Nee,Nee,Nee,Nee,Nee,Nee,Nee,B,Nee,Nee,Nee,Nee,Nee,Nee,Nee,Nee,Nee,Nee,Nee,Nee,Nee,Nee,Nee,Nee,Nee,Nee,Nee,Nee,Nee,Nee,Nee,B,Nee,Nee,Nee,Nee,B,Nee,Nee,Nee,B,B,Nee,B,Nee,Nee,Nee,Nee,Nee,Nee,Nee,Nee,Nee,Nee,Nee,Nee,Nee,Nee,Nee,Nee,Nee,Nee,B,Nee,Nee,Nee,Nee,Nee,Nee,Nee,Nee,Nee,Nee,Nee,Nee,Nee,Nee,Nee,Nee,Nee,Nee,Nee,Nee,Nee,Nee,Nee,Nee,Nee,Nee,Nee,Nee,Nee,Nee,Nee,Nee,B,Nee,Nee,Nee,Nee,Nee,Nee,Nee,Nee,Nee,Nee,Nee,Nee,Nee,Nee,Nee,Nee,Nee,Nee,Nee,Nee,Nee,Nee,Nee,Nee,Nee,Nee,Nee,Nee,Nee,Nee,Nee,Nee,Nee,Nee,Nee,Nee,Nee,Nee,Nee,Nee,Nee,Nee,Nee,Nee,Nee,Nee,Nee,Nee,Nee,Nee,Nee,Nee,Nee,Nee,Nee,Nee,Nee,Nee,Nee,Nee,Nee,Nee,B,Nee,Nee,Nee,Nee,Nee,Nee,Nee,Nee,Nee,Nee,Nee,Nee,Nee,Nee,Nee,Nee,Nee,Nee,Nee,Nee,Nee,Nee,Nee,Nee,Nee,Nee,Nee,Nee,Nee,Nee,Nee,Nee,Nee,Nee,Nee,Nee,Nee,Nee,Nee,Nee,Nee,Nee,Nee,BL01UK01NE014,UKNE014,371,12.36666667,2020,gb
R_1jCeaOncv486DNB,Male,University degree or equivalent,University degree or equivalent,65,35,0,NA,Dutch;65;,English;35;,,65,35,0,NA,Dutch,NA,10,9,8,French,I always (or almost always) speak Dutch to my child,English,NA,1,10,3,Mandarin,I always (or almost always) speak English to my child,First,NA,1,10,Always (or almost always) English,2,B/Z,B/Z,B/Z,B/Z,B,B/Z,B/Z,B/Z,B/Z,Nee,B/Z,B/Z,B/Z,B/Z,B/Z,B/Z,B/Z,B/Z,B/Z,B/Z,B/Z,Nee,B/Z,Nee,B/Z,B/Z,B/Z,B/Z,B,B,B/Z,B/Z,B/Z,B/Z,B/Z,Nee,Nee,B/Z,B/Z,B/Z,B/Z,B/Z,B/Z,B/Z,B/Z,B/Z,B/Z,B/Z,B/Z,B/Z,B/Z,B/Z,B/Z,B/Z,B/Z,B/Z,B/Z,B/Z,Nee,B/Z,B/Z,B/Z,Nee,Nee,B/Z,B/Z,B/Z,B/Z,B/Z,Nee,B/Z,B/Z,B/Z,B/Z,B/Z,B/Z,B/Z,B/Z,Nee,Nee,B/Z,B/Z,B/Z,B/Z,B/Z,B/Z,B/Z,B/Z,B/Z,Nee,B/Z,B/Z,B/Z,B/Z,B/Z,B/Z,B/Z,B/Z,B/Z,B/Z,B/Z,B/Z,B/Z,B/Z,B/Z,B/Z,B/Z,B/Z,B/Z,B/Z,B/Z,B/Z,B/Z,B/Z,B/Z,Nee,B/Z,Nee,B/Z,B/Z,B/Z,B/Z,Nee,B/Z,B/Z,B/Z,B/Z,B/Z,Nee,B/Z,B/Z,B/Z,B/Z,B/Z,B/Z,B/Z,B/Z,B/Z,B/Z,B/Z,B/Z,B/Z,B/Z,B/Z,B/Z,B/Z,B/Z,B/Z,B/Z,Nee,B/Z,B/Z,B/Z,B/Z,B/Z,Nee,B/Z,B/Z,B/Z,B/Z,B/Z,B/Z,B/Z,B/Z,B/Z,B/Z,B/Z,B/Z,B/Z,B/Z,B/Z,B/Z,Nee,B/Z,B/Z,B/Z,B/Z,B/Z,B/Z,B/Z,B/Z,B/Z,B/Z,Nee,B/Z,Nee,B/Z,B/Z,B/Z,B/Z,B/Z,B/Z,B/Z,Nee,B/Z,B/Z,B/Z,B/Z,B/Z,B/Z,B/Z,B/Z,B/Z,B/Z,B/Z,B/Z,B/Z,B/Z,B/Z,B/Z,B,B/Z,B/Z,B/Z,Nee,B/Z,Nee,B/Z,B/Z,B/Z,B/Z,B/Z,B/Z,B/Z,Nee,Nee,B/Z,B/Z,B/Z,B/Z,B/Z,Nee,B/Z,B/Z,B/Z,B/Z,B/Z,B/Z,Nee,B,Nee,B/Z,B/Z,B/Z,B/Z,B/Z,B/Z,B/Z,Nee,B/Z,B/Z,Nee,Nee,B/Z,B/Z,Nee,B/Z,B/Z,B/Z,B/Z,Nee,B/Z,B/Z,B,Nee,B/Z,B/Z,B/Z,B/Z,B,Nee,B/Z,B/Z,B/Z,B/Z,B/Z,B,B/Z,B/Z,B/Z,B/Z,B/Z,B,B/Z,B/Z,B/Z,B/Z,B/Z,B/Z,B,B/Z,B/Z,B/Z,B/Z,B/Z,B/Z,B/Z,B/Z,B/Z,B/Z,B/Z,B/Z,B/Z,B/Z,Nee,B/Z,B/Z,B/Z,Nee,B/Z,B/Z,B/Z,Nee,B/Z,B/Z,B/Z,B/Z,B/Z,B/Z,B/Z,B/Z,B,Nee,B/Z,B/Z,B/Z,B/Z,B/Z,B/Z,B,B,B/Z,B/Z,B,Nee,B/Z,B/Z,Nee,B/Z,B/Z,B/Z,B,B/Z,B,B/Z,Nee,B/Z,B/Z,B/Z,B/Z,B,B/Z,Nee,B/Z,B/Z,B/Z,B/Z,B/Z,B/Z,B/Z,B/Z,Nee,B/Z,Nee,Nee,Nee,B/Z,B/Z,Nee,B/Z,B/Z,B/Z,B/Z,Nee,B/Z,Nee,Nee,B/Z,B,Nee,B/Z,B/Z,B/Z,B/Z,Nee,Nee,Nee,B/Z,B/Z,B,B,B,B/Z,B/Z,B/Z,B/Z,Nee,Nee,B/Z,B/Z,B/Z,B/Z,B/Z,B,B/Z,B,B/Z,B/Z,B/Z,B/Z,B/Z,B,B/Z,B/Z,B/Z,B/Z,B/Z,B,BL01UK01NE015,UKNE015,775,25.83333333,2020,gb
R_1iqGiVgjnF4TwNg,Female,Left school at 16 with GCSE or equivalent,University degree or equivalent,30,70,0,NA,Dutch;30;,English;70;,,30,70,0,NA,Dutch,NA,10,10,NA,NA,I always (or almost always) speak Dutch to my child,English,NA,2,10,NA,NA,I always (or almost always) speak English to my child,Fourth,NA,4,NA,NA,NA,B/Z,B/Z,B/Z,B/Z,B/Z,B/Z,B/Z,B/Z,B/Z,B/Z,B/Z,B/Z,B/Z,B/Z,B/Z,B/Z,B,B/Z,Nee,Nee,B/Z,Nee,B/Z,Nee,B/Z,B/Z,B/Z,B/Z,B,B/Z,B/Z,B/Z,B/Z,B/Z,B/Z,B/Z,Nee,Nee,B/Z,B/Z,B/Z,B/Z,B/Z,B/Z,Nee,B/Z,B/Z,B/Z,B/Z,Nee,Nee,B/Z,B/Z,B,B/Z,B/Z,Nee,B/Z,B/Z,Nee,B/Z,Nee,Nee,B/Z,B/Z,B/Z,B/Z,B,B/Z,B,Nee,Nee,B/Z,Nee,B/Z,B,B/Z,Nee,B/Z,Nee,B/Z,B/Z,B/Z,B/Z,B/Z,B/Z,B/Z,B/Z,B,B,B/Z,Nee,Nee,B/Z,B,B/Z,B/Z,B/Z,B/Z,B/Z,B/Z,B/Z,B/Z,B/Z,B/Z,B/Z,B/Z,B/Z,B/Z,B/Z,B/Z,B/Z,Nee,B/Z,B/Z,Nee,B/Z,B/Z,B,B/Z,B,B,B/Z,B/Z,Nee,B,B/Z,B/Z,B/Z,B/Z,Nee,Nee,B/Z,Nee,Nee,B/Z,B/Z,B/Z,B,B,B,B,B,B,Nee,B/Z,B/Z,B/Z,B/Z,Nee,B/Z,B/Z,B/Z,B/Z,B/Z,Nee,B/Z,B/Z,B/Z,B/Z,B/Z,Nee,B/Z,B/Z,Nee,B/Z,B/Z,Nee,B/Z,B/Z,B/Z,B/Z,Nee,Nee,B/Z,B/Z,Nee,B/Z,B/Z,B/Z,B/Z,B/Z,Nee,Nee,Nee,Nee,Nee,Nee,B/Z,B/Z,Nee,Nee,Nee,B/Z,Nee,B/Z,B/Z,B/Z,Nee,Nee,Nee,Nee,B/Z,Nee,B/Z,B/Z,Nee,B/Z,B/Z,B/Z,B/Z,Nee,Nee,B/Z,Nee,Nee,Nee,Nee,B/Z,B/Z,B/Z,B/Z,Nee,B/Z,Nee,B/Z,Nee,Nee,Nee,B/Z,Nee,Nee,Nee,Nee,B/Z,B/Z,Nee,B/Z,Nee,Nee,Nee,Nee,Nee,Nee,B/Z,B/Z,B/Z,B/Z,B/Z,B/Z,B/Z,B/Z,B/Z,B/Z,B/Z,B/Z,B/Z,Nee,B/Z,B/Z,B/Z,B/Z,B,B,Nee,Nee,B/Z,B/Z,B/Z,Nee,Nee,Nee,B/Z,Nee,Nee,Nee,Nee,Nee,B/Z,B/Z,Nee,Nee,Nee,B/Z,Nee,Nee,B/Z,Nee,B/Z,Nee,B/Z,Nee,B/Z,B/Z,B/Z,Nee,B/Z,Nee,Nee,Nee,Nee,Nee,Nee,Nee,Nee,B/Z,Nee,Nee,Nee,Nee,Nee,B/Z,Nee,B/Z,B/Z,B/Z,B/Z,B/Z,Nee,Nee,Nee,Nee,Nee,Nee,Nee,Nee,B/Z,Nee,Nee,Nee,Nee,Nee,B/Z,Nee,Nee,B,B,Nee,B/Z,B/Z,Nee,B/Z,Nee,B,Nee,Nee,B/Z,B/Z,B/Z,Nee,B/Z,B/Z,B/Z,B/Z,Nee,B/Z,B/Z,B/Z,Nee,Nee,Nee,Nee,Nee,Nee,Nee,Nee,B/Z,Nee,Nee,Nee,B/Z,Nee,B/Z,Nee,Nee,Nee,Nee,Nee,Nee,Nee,Nee,Nee,Nee,Nee,Nee,Nee,Nee,Nee,Nee,Nee,Nee,Nee,Nee,Nee,Nee,B/Z,Nee,Nee,Nee,Nee,B,B,Nee,Nee,Nee,B,B/Z,Nee,Nee,B/Z,Nee,B,Nee,B,B,B,B,B,BL01UK01NE016,UKNE016,824,27.46666667,2020,gb
R_2XiBbB90LMDVOj2,Female,University degree or equivalent,Left school at 16 with GCSE or equivalent,30,70,0,NA,Dutch;30;,English;70;,,40,60,0,NA,Dutch,NA,10,10,NA,NA,I always (or almost always) speak Dutch to my child,English,NA,4,10,NA,NA,I always (or almost always) speak English to my child,Fourth,NA,4,NA,NA,NA,B/Z,B/Z,B/Z,B/Z,B/Z,B/Z,B/Z,B/Z,B/Z,Nee,B/Z,B/Z,B/Z,B/Z,B/Z,B/Z,B,B/Z,B,B,B/Z,B,B/Z,B,B/Z,B/Z,B/Z,B/Z,B,B,B/Z,B/Z,Nee,B/Z,B/Z,B/Z,B/Z,B/Z,B/Z,B,B/Z,B/Z,B/Z,B/Z,B/Z,B/Z,B/Z,B/Z,B/Z,B,B,B/Z,B/Z,B,B/Z,B,B/Z,B/Z,B/Z,B/Z,B/Z,B/Z,B,B/Z,B,B/Z,B/Z,B,B/Z,Nee,B/Z,B/Z,B/Z,B/Z,B/Z,B,B/Z,B,Nee,B,B/Z,B/Z,B/Z,B,B/Z,B/Z,B/Z,B/Z,B/Z,B/Z,B/Z,B,B,B/Z,B/Z,B/Z,B/Z,B/Z,B/Z,B/Z,B/Z,B/Z,B/Z,B/Z,B/Z,B/Z,B/Z,B/Z,B/Z,B/Z,B/Z,B/Z,B,B/Z,B/Z,Nee,B/Z,B/Z,B,B/Z,B,B/Z,B,B/Z,B/Z,B,B/Z,B/Z,B,B/Z,B/Z,B,B/Z,B/Z,B,B/Z,B,B/Z,B/Z,B/Z,B,B,B,B/Z,B,B/Z,B,B/Z,B,Nee,B,B/Z,B/Z,B/Z,B/Z,Nee,B/Z,B/Z,B/Z,B/Z,B,B,B/Z,B/Z,B/Z,B,B/Z,B,B/Z,B,B,B/Z,B/Z,B/Z,B/Z,B/Z,B,B/Z,B/Z,B/Z,B/Z,B/Z,B,B,B/Z,Nee,B/Z,Nee,Nee,B/Z,B/Z,B/Z,B/Z,Nee,B/Z,Nee,B,B,Nee,B,Nee,Nee,B,Nee,B,B/Z,B/Z,B,B/Z,B,B,Nee,Nee,B,Nee,B/Z,Nee,B,B/Z,B/Z,B/Z,B,B,B/Z,Nee,Nee,B,B/Z,B/Z,B/Z,B/Z,B,B/Z,B,B/Z,B/Z,B/Z,B/Z,B/Z,B,B,B/Z,B,B/Z,B/Z,B,B/Z,B/Z,B,B/Z,B/Z,B,Nee,B/Z,B/Z,B,B/Z,B,B,B/Z,B,B/Z,B,B/Z,Nee,Nee,B/Z,B,B,B,B,B,B,B,B,B/Z,B,B,B/Z,B,B,B,Nee,B,B,B/Z,B/Z,B/Z,B,B,B,B/Z,B,B/Z,B,B,B,B,B,B/Z,B/Z,B,B,B,B,B,B/Z,B,B,B,B,B/Z,B,B,B/Z,B/Z,B/Z,B,B,B,B,B,B,B,B,B,B,B/Z,B/Z,B,B,B/Z,B/Z,B,Nee,B/Z,B/Z,B,B/Z,B/Z,B/Z,B/Z,B,B/Z,B/Z,B,B/Z,B/Z,B/Z,B,B/Z,B/Z,B/Z,B/Z,B/Z,B/Z,B,B/Z,B/Z,B/Z,B/Z,B,B/Z,B,Nee,B/Z,B/Z,B/Z,Nee,B,B,B/Z,B,B,B,B,B,B/Z,B,B,B/Z,B/Z,B/Z,B/Z,B,B,B,B/Z,B/Z,B/Z,B/Z,B/Z,B/Z,B/Z,B/Z,B/Z,B/Z,B,B,B,B/Z,B,B/Z,B,B/Z,B,B,B,B/Z,B/Z,B/Z,B/Z,B/Z,B,B,B/Z,B/Z,B/Z,R_2XiBbB90LMDVOj2,R_2XiBbB90LMDVOj2,936,31.2,2020,gb
R_2SproSwV0h8xifX,Female,University degree or equivalent,University degree or equivalent,25,75,0,NA,Dutch;25;,English;75;,,35,65,0,NA,Dutch,NA,10,9,NA,NA,I always (or almost always) speak Dutch to my child,English,NA,5,10,NA,NA,I always (or almost always) speak English to my child,First,NA,1,7,Always (or almost always) English,1,Nee,B,B,B/Z,B,B/Z,B/Z,B/Z,B/Z,B,B/Z,B/Z,B/Z,B,B,Nee,B,B/Z,Nee,Nee,B/Z,Nee,B/Z,Nee,B/Z,B/Z,B/Z,B,Nee,B,B/Z,B/Z,B,B/Z,B/Z,B,Nee,B,B,B,B,B/Z,B,B,B/Z,B/Z,B/Z,B/Z,B,Nee,Nee,B/Z,B/Z,Nee,B,B/Z,Nee,B/Z,B/Z,B,B/Z,B/Z,B,B,B,B/Z,B/Z,Nee,B/Z,Nee,B,B/Z,B,B,B/Z,Nee,B/Z,Nee,B/Z,Nee,B/Z,B/Z,B/Z,B,B/Z,B/Z,B/Z,B/Z,Nee,Nee,B/Z,B/Z,Nee,B/Z,B,B/Z,B,B/Z,Nee,B/Z,B/Z,B,B/Z,B,B/Z,B/Z,B,B,B,B,B/Z,B/Z,Nee,B,Nee,B/Z,B,B,Nee,B,B,Nee,Nee,Nee,Nee,B,B/Z,Nee,B,B/Z,Nee,Nee,B/Z,B,Nee,B/Z,B,B/Z,B,B,Nee,Nee,Nee,B,Nee,B,Nee,B,B,Nee,B,B/Z,B/Z,B,B,Nee,Nee,B/Z,B,B/Z,Nee,Nee,B,B/Z,Nee,Nee,B,Nee,Nee,B/Z,Nee,B,Nee,Nee,B,B,Nee,B,B/Z,B,Nee,B,Nee,Nee,B,Nee,B/Z,B/Z,Nee,Nee,B,Nee,B/Z,Nee,B,Nee,B,B,Nee,Nee,B/Z,B,B,Nee,B,B/Z,B/Z,Nee,B,Nee,Nee,Nee,Nee,B,Nee,B,Nee,Nee,B,B/Z,B/Z,B,B,B/Z,Nee,Nee,Nee,B/Z,B,B/Z,B/Z,B,B,B,B/Z,Nee,B/Z,B/Z,Nee,Nee,Nee,B,B,Nee,B,Nee,B/Z,B,Nee,B,B,Nee,B,B/Z,B/Z,B/Z,B/Z,B,B/Z,B,Nee,B/Z,B,B,Nee,Nee,B,B,B,Nee,B,B,B/Z,Nee,Nee,B/Z,Nee,B,B/Z,B,B,B,Nee,B/Z,B,B/Z,B,B,B,Nee,B,B/Z,Nee,B/Z,Nee,B,B,B,B,B,Nee,Nee,B,B,B,B,Nee,B/Z,Nee,B,Nee,B/Z,Nee,B,B,B,B,B,B,B,B,B,B,Nee,B,B,Nee,B,Nee,Nee,Nee,B,B,B,Nee,B/Z,B,Nee,B,B,B,B,B,Nee,B,Nee,B,B,B,B,B,B/Z,Nee,B/Z,B,B/Z,Nee,B/Z,B/Z,B,B,Nee,B,B/Z,Nee,Nee,B,Nee,Nee,B,Nee,B,Nee,B,B,B,Nee,B,B,Nee,B,Nee,Nee,B,Nee,Nee,Nee,B,B/Z,Nee,B,B,B,B,B,B/Z,Nee,Nee,B,Nee,B/Z,B,B,B,B/Z,B,B,B,B/Z,B,B,Nee,B/Z,B/Z,Nee,B/Z,B,Nee,BL01UK01NE017,UKNE017,807,26.9,2020,gb
R_24wSszzcKggYSzj,Male,University degree or equivalent,Left school at 18 with A-Levels or equivalent,80,20,0,NA,Dutch;80;,English;20;,,100,0,0,NA,Dutch,NA,10,9,3,French,I always (or almost always) speak Dutch to my child,Dutch,NA,10,9,5,French,I always (or almost always) speak Dutch to my child,First,NA,1,NA,NA,2,B/Z,B/Z,B/Z,Nee,Nee,Nee,Nee,B/Z,B/Z,Nee,B,B/Z,B/Z,B/Z,B/Z,Nee,Nee,B/Z,Nee,Nee,B/Z,Nee,B,Nee,B/Z,Nee,B/Z,B/Z,Nee,Nee,B,Nee,B,B/Z,B,B,B/Z,Nee,B/Z,Nee,Nee,B,B/Z,B,B/Z,B,B,B,Nee,Nee,B/Z,B/Z,B/Z,Nee,B,B,Nee,B/Z,B,B/Z,B/Z,Nee,Nee,B/Z,Nee,B/Z,B/Z,B/Z,B/Z,B,Nee,B/Z,B/Z,B,B,Nee,B,Nee,B,Nee,Nee,Nee,B/Z,B/Z,B/Z,B,B/Z,B,Nee,Nee,Nee,B/Z,Nee,Nee,B,B/Z,B/Z,B/Z,B,B/Z,B,B,B/Z,B/Z,Nee,Nee,B/Z,B/Z,Nee,B/Z,Nee,Nee,Nee,Nee,B/Z,Nee,B/Z,B/Z,B,B/Z,B/Z,B/Z,Nee,Nee,Nee,B/Z,B,B,Nee,B/Z,Nee,Nee,B,Nee,Nee,B/Z,Nee,B/Z,B/Z,B/Z,B,Nee,Nee,B,B,B,B,B,B/Z,B,B,B/Z,B,B/Z,B,Nee,Nee,B/Z,B/Z,B/Z,Nee,Nee,B/Z,B/Z,Nee,B,B/Z,B/Z,B/Z,B,Nee,B,Nee,Nee,B/Z,Nee,Nee,B/Z,B,Nee,B,B/Z,Nee,B/Z,B,Nee,B/Z,B,Nee,B,B/Z,B,B,Nee,B,Nee,B/Z,B,Nee,B,B/Z,B,Nee,Nee,B/Z,B/Z,Nee,B,Nee,B/Z,Nee,Nee,B,Nee,Nee,B,Nee,B,B,B,B/Z,Nee,B,B/Z,Nee,Nee,Nee,Nee,Nee,B/Z,Nee,Nee,Nee,Nee,Nee,Nee,Nee,Nee,Nee,Nee,Nee,Nee,Nee,Nee,Nee,B,B,B/Z,Nee,B/Z,B/Z,B,B/Z,B/Z,B/Z,Nee,B/Z,B,Nee,B,B,B/Z,Nee,Nee,Nee,Nee,B,B,B,Nee,Nee,Nee,B/Z,Nee,Nee,B,Nee,Nee,B,Nee,Nee,Nee,Nee,Nee,Nee,Nee,Nee,Nee,Nee,Nee,B,B,Nee,B,B,Nee,B,B,B,B,Nee,Nee,Nee,Nee,Nee,B,B,Nee,Nee,Nee,Nee,B,Nee,Nee,B,B,Nee,B,Nee,Nee,B,Nee,Nee,Nee,Nee,Nee,Nee,Nee,B,Nee,Nee,B,B,Nee,Nee,Nee,Nee,Nee,B,Nee,Nee,B,Nee,Nee,B,Nee,Nee,Nee,B,Nee,Nee,B,Nee,B,Nee,B,Nee,B,Nee,B,B,Nee,B,B,B,Nee,Nee,B/Z,Nee,Nee,Nee,Nee,Nee,Nee,Nee,Nee,Nee,Nee,Nee,B/Z,B,Nee,B,B,Nee,Nee,Nee,B/Z,Nee,Nee,Nee,Nee,Nee,Nee,Nee,Nee,Nee,Nee,Nee,Nee,Nee,Nee,Nee,Nee,Nee,Nee,Nee,Nee,Nee,Nee,Nee,Nee,Nee,B,Nee,Nee,Nee,B,BL01UK01NE018,UKNE018,811,27.03333333,2020,gb
R_3HH6BXqRB2UJmuA,Male,University degree or equivalent,Left school at 18 with A-Levels or equivalent,30,70,0,NA,Dutch;30;,English;70;,,50,50,0,NA,Dutch,NA,10,7,NA,NA,I always (or almost always) speak Dutch to my child,English,NA,1,10,NA,NA,I always (or almost always) speak English to my child,First,NA,1,12,Always (or almost always) English,5,B/Z,B/Z,B/Z,B/Z,B/Z,B/Z,B/Z,B/Z,B/Z,B/Z,B/Z,B/Z,B/Z,B/Z,B,B,B,B,B,B,B,B,B/Z,Nee,B,B/Z,B/Z,B/Z,B,B,B,B/Z,B/Z,B,B/Z,B/Z,B,B,B,B/Z,B,B/Z,B/Z,B,B/Z,B/Z,B,B/Z,B/Z,B,B/Z,B/Z,B/Z,B/Z,B/Z,B/Z,B,B/Z,Nee,B,B/Z,B/Z,B,Nee,B,B/Z,B/Z,B,B/Z,Nee,Nee,B,B/Z,B,Nee,B,B/Z,B,Nee,Nee,B/Z,B,Nee,Nee,Nee,B/Z,B/Z,B,Nee,Nee,Nee,Nee,Nee,B/Z,B,B,B,B/Z,B,B/Z,B,B,B,B,Nee,B/Z,B,B,B,B,B,B,B,B,B,Nee,B/Z,Nee,B,B/Z,B,B,Nee,Nee,B,B/Z,B/Z,B/Z,B,B/Z,B,Nee,B/Z,B,Nee,B/Z,B,B,B,B,B,Nee,B,B/Z,Nee,B,B,B/Z,B,Nee,B,B,B/Z,B,B,Nee,B,B,B/Z,B,B,Nee,B,B/Z,Nee,B,B/Z,Nee,B/Z,B/Z,B,B/Z,B,Nee,Nee,B,B,Nee,B/Z,Nee,Nee,B/Z,Nee,Nee,B/Z,Nee,B,B,Nee,B/Z,B/Z,Nee,Nee,Nee,B,B,B,B,Nee,Nee,B/Z,B,B,Nee,B/Z,B/Z,B/Z,Nee,B,B/Z,Nee,B,B,B,B,B,Nee,B,B/Z,B/Z,B/Z,B,B,B/Z,Nee,Nee,Nee,Nee,B,B/Z,Nee,Nee,B,Nee,B/Z,Nee,B/Z,B/Z,Nee,B,Nee,Nee,B,Nee,B,B,B/Z,B,B,B,B/Z,B,B,B/Z,B,Nee,B/Z,B,B,B,B,B/Z,B,B,Nee,Nee,B,B,B,B,B,B,B,B,B,B,Nee,B,B/Z,B,B,B,Nee,B,B,B/Z,B,Nee,B/Z,Nee,B,B,B/Z,B,Nee,B,B,B,Nee,B/Z,B/Z,B,B,B,B,Nee,B,B,B,Nee,B,B/Z,B,B,B,B,B/Z,B,B,B,B,B,B,B,B,B/Z,B,B/Z,B,B,B,Nee,B,Nee,Nee,B,Nee,B,B/Z,Nee,Nee,Nee,B,Nee,Nee,Nee,B,B,B,B,B/Z,B,B,B,B,B/Z,B,B/Z,B,Nee,B/Z,Nee,B,B,B,Nee,B,B,B,B,B,B,B,B,B,B,Nee,B,Nee,B/Z,B,B,B,B,Nee,Nee,Nee,Nee,B,Nee,B,B,B,B,B/Z,B,B,Nee,B,B,B,B,B,Nee,B,B,B,B,B,B,B,B,B,B,B,B/Z,B,B,R_3HH6BXqRB2UJmuA,R_3HH6BXqRB2UJmuA,906,30.2,2020,gb
R_2bZyAs9hvkei1Mf,Male,University degree or equivalent,University degree or equivalent,10,90,0,NA,Dutch;10;,English;90;,,13,87,0,NA,Dutch,NA,10,10,NA,NA,I regularly speak both Dutch and English to my child,English,NA,1,10,NA,NA,I always (or almost always) speak English to my child,First,NA,1,NA,NA,NA,B/Z,B/Z,B/Z,B/Z,B/Z,B/Z,B/Z,B/Z,B/Z,B/Z,B/Z,B/Z,B/Z,B/Z,B,B,Nee,B,B,Nee,B/Z,Nee,B/Z,Nee,B/Z,Nee,Nee,B/Z,Nee,Nee,B/Z,Nee,B/Z,Nee,Nee,B,B/Z,B/Z,Nee,Nee,B,B/Z,Nee,Nee,Nee,Nee,Nee,B/Z,Nee,Nee,B/Z,B/Z,B,Nee,B,Nee,Nee,B/Z,B/Z,Nee,B/Z,B/Z,Nee,Nee,Nee,B/Z,B/Z,Nee,B/Z,Nee,Nee,B/Z,B/Z,Nee,B/Z,Nee,B,B/Z,B,Nee,B/Z,Nee,Nee,B,Nee,B/Z,B/Z,B/Z,Nee,Nee,Nee,Nee,Nee,B/Z,Nee,B/Z,Nee,B,B,B/Z,B/Z,B/Z,B,B/Z,B,B/Z,B/Z,B,Nee,B/Z,Nee,B/Z,Nee,B/Z,Nee,Nee,Nee,Nee,Nee,B,B,B,Nee,Nee,Nee,Nee,Nee,B/Z,Nee,B,Nee,Nee,Nee,Nee,B,B/Z,B,B/Z,B/Z,B/Z,Nee,Nee,Nee,Nee,Nee,Nee,Nee,Nee,Nee,Nee,Nee,Nee,B/Z,Nee,Nee,Nee,Nee,B,B,B,Nee,Nee,Nee,B/Z,Nee,Nee,Nee,Nee,Nee,Nee,Nee,B,Nee,Nee,Nee,Nee,Nee,Nee,Nee,B,Nee,Nee,Nee,Nee,Nee,Nee,B/Z,B,Nee,B,Nee,Nee,B,Nee,B/Z,Nee,Nee,Nee,Nee,Nee,B/Z,Nee,Nee,Nee,Nee,Nee,B/Z,Nee,Nee,B/Z,Nee,Nee,Nee,Nee,Nee,Nee,Nee,B/Z,B/Z,Nee,B/Z,Nee,Nee,B/Z,Nee,Nee,B,Nee,Nee,B/Z,Nee,Nee,Nee,Nee,B/Z,B,B/Z,B/Z,Nee,Nee,Nee,B,Nee,B/Z,B,Nee,B/Z,B,B,B,B/Z,Nee,B/Z,B/Z,B/Z,B/Z,B/Z,B,B/Z,B/Z,Nee,B/Z,B,Nee,Nee,Nee,B,Nee,Nee,Nee,Nee,Nee,Nee,Nee,Nee,Nee,Nee,Nee,Nee,Nee,Nee,Nee,Nee,Nee,Nee,Nee,Nee,B,Nee,Nee,Nee,B,Nee,Nee,Nee,Nee,B,Nee,Nee,Nee,Nee,Nee,B/Z,Nee,Nee,Nee,Nee,Nee,Nee,Nee,Nee,B,Nee,Nee,B,Nee,Nee,Nee,Nee,Nee,Nee,Nee,Nee,Nee,Nee,Nee,Nee,Nee,Nee,Nee,Nee,Nee,B,Nee,Nee,Nee,Nee,Nee,Nee,Nee,Nee,Nee,Nee,Nee,Nee,Nee,Nee,Nee,Nee,Nee,Nee,Nee,Nee,B,B,Nee,B,B/Z,Nee,Nee,Nee,Nee,Nee,Nee,Nee,Nee,Nee,Nee,Nee,Nee,Nee,Nee,Nee,Nee,Nee,Nee,Nee,Nee,Nee,Nee,B,B,B,B,B,B,B,B,B,B,Nee,B/Z,B/Z,B/Z,B/Z,B/Z,Nee,Nee,Nee,B,Nee,Nee,Nee,Nee,Nee,B,Nee,Nee,B,B,B,B,Nee,Nee,Nee,Nee,B,B,R_2bZyAs9hvkei1Mf,R_2bZyAs9hvkei1Mf,925,30.83333333,2020,gb
R_1MRn1KFR8mc4zmV,Female,Left school at 18 with A-Levels or equivalent,No qualifications,30,70,0,NA,Dutch;30;,English;70;,,40,60,0,NA,Bilingual Dutch and English,NA,6,10,3,Welsh,I always (or almost always) speak English to my child,Dutch,NA,10,8,10,Flemish,I regularly speak a mix of Dutch / English / other languages to my child,First,NA,1,NA,NA,1,Nee,B,Nee,Nee,Nee,B/Z,B/Z,Nee,B/Z,Nee,B/Z,B/Z,Nee,Nee,Nee,Nee,Nee,Nee,Nee,Nee,Nee,Nee,Nee,Nee,Nee,Nee,Nee,Nee,Nee,Nee,Nee,Nee,Nee,Nee,Nee,Nee,Nee,Nee,Nee,Nee,Nee,Nee,Nee,Nee,Nee,Nee,Nee,Nee,Nee,Nee,B,B,Nee,Nee,Nee,Nee,Nee,B/Z,B/Z,B,B,B/Z,B,Nee,Nee,B,B,Nee,Nee,Nee,Nee,Nee,Nee,B,Nee,Nee,B,Nee,Nee,Nee,Nee,B,Nee,Nee,Nee,Nee,Nee,B,Nee,Nee,Nee,Nee,Nee,B,Nee,B/Z,Nee,Nee,Nee,B,B,Nee,Nee,Nee,Nee,Nee,Nee,Nee,Nee,Nee,Nee,Nee,Nee,Nee,Nee,Nee,Nee,Nee,Nee,Nee,Nee,Nee,Nee,Nee,Nee,Nee,Nee,Nee,Nee,Nee,Nee,Nee,B,Nee,Nee,Nee,Nee,B,Nee,B,Nee,Nee,Nee,Nee,Nee,Nee,Nee,Nee,Nee,Nee,Nee,Nee,Nee,Nee,Nee,Nee,Nee,Nee,Nee,Nee,Nee,Nee,Nee,B,Nee,Nee,Nee,Nee,B,Nee,Nee,Nee,Nee,Nee,Nee,Nee,Nee,Nee,B,Nee,Nee,Nee,Nee,Nee,B,Nee,Nee,Nee,Nee,Nee,Nee,Nee,B,Nee,B,Nee,Nee,Nee,Nee,Nee,B,Nee,Nee,Nee,B,Nee,Nee,Nee,B,Nee,Nee,B,Nee,Nee,Nee,Nee,Nee,Nee,Nee,B,Nee,Nee,Nee,B,B,Nee,Nee,Nee,Nee,B/Z,Nee,Nee,Nee,Nee,B,Nee,B,B/Z,Nee,Nee,Nee,Nee,Nee,Nee,Nee,Nee,Nee,B,Nee,Nee,B/Z,B,Nee,B/Z,Nee,B,B/Z,B,Nee,B,B,Nee,B,Nee,Nee,Nee,Nee,Nee,Nee,Nee,Nee,Nee,B,Nee,Nee,B,Nee,Nee,Nee,Nee,Nee,B,Nee,Nee,Nee,B,Nee,Nee,Nee,Nee,Nee,Nee,Nee,Nee,Nee,Nee,Nee,Nee,Nee,Nee,Nee,Nee,Nee,Nee,Nee,Nee,Nee,Nee,Nee,Nee,Nee,B,Nee,Nee,Nee,Nee,B,Nee,Nee,Nee,Nee,Nee,Nee,Nee,Nee,Nee,Nee,Nee,Nee,Nee,Nee,Nee,Nee,Nee,Nee,Nee,Nee,Nee,Nee,Nee,Nee,Nee,Nee,Nee,Nee,Nee,Nee,Nee,Nee,Nee,Nee,Nee,Nee,Nee,Nee,B,Nee,Nee,Nee,B,Nee,Nee,Nee,Nee,Nee,Nee,Nee,Nee,Nee,Nee,Nee,B,Nee,B,B,Nee,Nee,B,Nee,Nee,B,Nee,Nee,Nee,Nee,Nee,Nee,B,B,B,Nee,Nee,B,Nee,B,Nee,Nee,Nee,Nee,Nee,Nee,Nee,Nee,Nee,B,Nee,Nee,Nee,Nee,B,Nee,Nee,Nee,Nee,Nee,B,Nee,Nee,BL01UK01NE019,UKNE019,603,20.1,2020,gb
R_1isqq9qHIKnZRoC,Male,University degree or equivalent,University degree or equivalent,20,80,0,NA,Dutch;20;,English;80;,,50,50,0,NA,Dutch,NA,10,8,NA,NA,I always (or almost always) speak Dutch to my child,English,NA,6,10,NA,NA,I always (or almost always) speak English to my child,Second,NA,2,NA,NA,3,B/Z,Nee,B,B/Z,Nee,B,B,B/Z,B/Z,B,B/Z,Nee,B/Z,B/Z,B/Z,B/Z,B/Z,B/Z,Nee,Nee,B/Z,B,B/Z,Nee,B,B/Z,B,B,Nee,Nee,B,B/Z,B/Z,B,B/Z,B/Z,Nee,Nee,B,Nee,B,B,B,B,B/Z,B/Z,B/Z,B/Z,B/Z,B/Z,B/Z,B/Z,B/Z,B,B/Z,B/Z,B/Z,B/Z,B/Z,B/Z,B/Z,B,B/Z,B/Z,B/Z,B,B/Z,Nee,B/Z,B,B/Z,B/Z,B/Z,B,B/Z,Nee,B/Z,B/Z,B/Z,Nee,B/Z,B,B/Z,B/Z,B/Z,B/Z,B/Z,B/Z,Nee,B/Z,B/Z,B/Z,B,B/Z,B/Z,B/Z,B/Z,B/Z,B,B/Z,B/Z,B/Z,B,B/Z,B,B/Z,B/Z,B/Z,B/Z,B/Z,B,B,Nee,B/Z,B,B,B/Z,B/Z,B,Nee,B/Z,B/Z,Nee,B/Z,B,B/Z,B/Z,B/Z,B,B/Z,B/Z,B,B/Z,B/Z,Nee,B/Z,B/Z,B/Z,B/Z,B/Z,Nee,Nee,B,B/Z,B/Z,B/Z,B,B/Z,B/Z,Nee,B,B/Z,B/Z,B/Z,B/Z,Nee,B,B/Z,B/Z,B/Z,B/Z,B,B/Z,B/Z,B/Z,B/Z,B/Z,B,B/Z,B/Z,B,B/Z,B/Z,B/Z,B/Z,B/Z,Nee,B/Z,B/Z,B/Z,B/Z,B/Z,B/Z,B/Z,B/Z,Nee,B/Z,B,B/Z,B/Z,B/Z,B,B/Z,B,B,B/Z,B/Z,B/Z,Nee,Nee,B/Z,B,B,Nee,B/Z,B/Z,B/Z,B,B/Z,Nee,Nee,Nee,B/Z,B,Nee,B/Z,B,B,B,B,B/Z,B,B/Z,B/Z,Nee,B,B/Z,B/Z,B,B/Z,B/Z,B/Z,B/Z,B/Z,B/Z,Nee,B/Z,B,Nee,B,B/Z,Nee,B/Z,B/Z,B/Z,Nee,B,B,Nee,B,B/Z,Nee,B,B/Z,B,B/Z,B/Z,B/Z,B,B,Nee,B,B/Z,B/Z,Nee,Nee,B/Z,B,B,Nee,Nee,B/Z,B/Z,B,B/Z,B/Z,Nee,B/Z,B/Z,B/Z,B/Z,B/Z,Nee,Nee,B/Z,B/Z,B/Z,B,B/Z,B,B,B/Z,B/Z,B/Z,B,B/Z,B/Z,B/Z,B,B/Z,B/Z,B,B/Z,B/Z,B/Z,Nee,B/Z,B/Z,B,B/Z,B/Z,B/Z,Nee,B,B/Z,B/Z,B/Z,B,B,B,B/Z,Nee,B,B,B/Z,B/Z,B/Z,B/Z,B,Nee,Nee,B/Z,B/Z,B,Nee,B/Z,B/Z,Nee,B/Z,B,B/Z,B,B/Z,B,B/Z,Nee,B/Z,B/Z,B/Z,B/Z,B,B,B,B,B/Z,B/Z,B,B/Z,B/Z,B,B/Z,Nee,B/Z,B/Z,Nee,Nee,B/Z,B/Z,B,B/Z,Nee,B/Z,B/Z,B,B/Z,B/Z,B/Z,B/Z,B/Z,B,B/Z,B/Z,B,B/Z,Nee,B,Nee,B/Z,B/Z,B,B,B/Z,B/Z,B/Z,B/Z,B/Z,B/Z,B,B,B,B/Z,B/Z,B/Z,B/Z,B/Z,B/Z,B/Z,B,B/Z,B/Z,B/Z,B/Z,B/Z,B/Z,B/Z,B/Z,B/Z,B,R_1isqq9qHIKnZRoC,R_1isqq9qHIKnZRoC,1070,35.66666667,2020,gb
R_1KfEwi5GFjrcPm4,Female,University degree or equivalent,University degree or equivalent,20,80,0,NA,Dutch;20;,English;80;,,30,70,0,NA,Dutch,NA,10,9,NA,NA,I regularly speak both Dutch and English to my child,English,NA,1,10,NA,NA,I always (or almost always) speak English to my child,First,NA,1,9,Always (or almost always) English,0,B,B,B/Z,B,B,B,B,B/Z,B,B,B,B,B,B,B/Z,Nee,B,B/Z,Nee,Nee,B,Nee,B/Z,Nee,B,B/Z,B/Z,B,B,Nee,B,B,B,B,B,Nee,Nee,Nee,B,B,B/Z,B,B,B,B,B/Z,B,B,B,Nee,B/Z,B,B,Nee,B,B,Nee,B/Z,B,B,B,B,B,Nee,Nee,B,B/Z,B/Z,B/Z,Nee,B/Z,B/Z,B/Z,Nee,B/Z,Nee,B,Nee,B/Z,Nee,B,B/Z,B/Z,Nee,B/Z,B/Z,B/Z,B/Z,B/Z,Nee,B,B,Nee,B/Z,B/Z,B,B,B,B,B,B,B,B,B,B,B,B,B,B,B,B,B,B,B,B,Nee,B,B,Nee,B,B,Nee,Nee,Nee,B,B,B,B,Nee,B,Nee,Nee,B/Z,B,Nee,B,B,B,B,B/Z,Nee,Nee,Nee,B/Z,Nee,B,Nee,B,Nee,Nee,B,B,B,B/Z,B,Nee,B,B/Z,B/Z,B,B,Nee,B,B,Nee,B,B/Z,Nee,B,B,B,B,Nee,B,B,B,B,B,B/Z,B,B,B,B,B,B,Nee,B,B,Nee,B,B,Nee,B,Nee,B,Nee,B/Z,B/Z,Nee,Nee,Nee,B,Nee,Nee,B,B/Z,B,B,B,B,Nee,Nee,Nee,B,Nee,B,Nee,B,B,B/Z,B/Z,B,B/Z,B/Z,Nee,Nee,B,Nee,Nee,B/Z,B,Nee,Nee,Nee,B/Z,B,B/Z,B/Z,Nee,Nee,Nee,B,Nee,Nee,B,B,B/Z,B,Nee,B,B/Z,Nee,B,B/Z,B/Z,B,B/Z,B,B,B/Z,B,B/Z,B,B,Nee,Nee,B,B,B,Nee,Nee,B,B,Nee,B,B,Nee,Nee,B,Nee,B,B,Nee,B,B,B,Nee,Nee,B,B,B,B,B,B,Nee,Nee,B,Nee,B,B,B,Nee,Nee,B,Nee,Nee,Nee,Nee,Nee,Nee,Nee,B,Nee,Nee,B,B,B,B,B,Nee,B,B,Nee,B,B,B,Nee,B,B,Nee,Nee,B,B,B,Nee,B/Z,B,Nee,B,Nee,Nee,Nee,Nee,Nee,B,Nee,B,B,B,Nee,B,Nee,B,Nee,B,B,Nee,B/Z,B,B,B,Nee,B,Nee,Nee,Nee,Nee,Nee,Nee,B,Nee,Nee,Nee,Nee,B,B,Nee,B,B,Nee,B,B/Z,B,B,Nee,B,Nee,B,B,Nee,Nee,B,B,B,B,B,B,Nee,Nee,Nee,B/Z,B,B,B,B,Nee,B,Nee,B,B,B,B,B,B,B,B,B,Nee,BL01UK01NE020,UKNE020,997,33.23333333,2020,gb
R_1GP8Bya6fqD4bbt,Female,University degree or equivalent,University degree or equivalent,30,70,0,NA,Dutch;30;,English;70;,,40,60,0,NA,Dutch,NA,10,10,NA,NA,I always (or almost always) speak Dutch to my child,English,NA,2,10,NA,NA,I always (or almost always) speak English to my child,First,NA,1,9,Always (or almost always) English,NA,B/Z,B/Z,B/Z,B/Z,B,B/Z,B/Z,B/Z,B/Z,B/Z,B/Z,B/Z,B/Z,B/Z,B,B,B,B/Z,B,Nee,B/Z,Nee,B/Z,Nee,B/Z,B/Z,B/Z,B,Nee,Nee,B,B/Z,B/Z,B,B/Z,B,B/Z,Nee,B/Z,B,B/Z,B/Z,B/Z,B,B/Z,B,B/Z,B/Z,B/Z,B,B/Z,B/Z,B/Z,Nee,B,B,B,B/Z,B/Z,B,B/Z,B/Z,B/Z,Nee,Nee,B/Z,B/Z,Nee,B/Z,Nee,B/Z,B/Z,B/Z,Nee,Nee,Nee,B/Z,Nee,B/Z,B/Z,B/Z,Nee,B/Z,B/Z,B/Z,B/Z,B/Z,B/Z,Nee,Nee,B/Z,B/Z,B,B/Z,B/Z,B/Z,B,B/Z,B,B,B,B,B,B,B/Z,B/Z,B,B,B,B,B/Z,B/Z,Nee,B,Nee,Nee,B/Z,B/Z,B,B/Z,B/Z,B,B,B/Z,B,B/Z,B,B/Z,B,B/Z,B,B/Z,B/Z,B/Z,Nee,B/Z,B,B/Z,B/Z,B/Z,Nee,B/Z,B,B/Z,B,B,B,B,B,Nee,B,B,B/Z,B/Z,B/Z,Nee,Nee,B/Z,B/Z,B/Z,B,Nee,B/Z,B/Z,Nee,Nee,B/Z,Nee,B/Z,B,B,B/Z,Nee,B,Nee,B,B,B/Z,B/Z,B/Z,B/Z,B,B/Z,B,B/Z,B,B,B,Nee,B/Z,B,B,B/Z,B,B,Nee,B,B,Nee,B,B/Z,Nee,B,Nee,Nee,B,B/Z,Nee,B/Z,B,Nee,Nee,B/Z,Nee,Nee,B/Z,B/Z,B,B,B/Z,B/Z,B,B/Z,B/Z,Nee,Nee,B/Z,B/Z,Nee,B/Z,B/Z,Nee,Nee,Nee,B/Z,Nee,B/Z,B/Z,Nee,Nee,Nee,Nee,Nee,Nee,Nee,Nee,B/Z,B,Nee,B/Z,B/Z,Nee,Nee,B/Z,B/Z,B,B/Z,B,B,B,Nee,Nee,B,B,Nee,Nee,B,Nee,B/Z,Nee,Nee,Nee,B/Z,B,Nee,B,Nee,Nee,B/Z,B,B,Nee,Nee,B,B,B/Z,B,Nee,B,B,B/Z,B,Nee,B/Z,Nee,Nee,B,Nee,B,B/Z,B,B,Nee,B/Z,B,Nee,B/Z,B,Nee,Nee,Nee,B,Nee,Nee,B,B,B,B,Nee,Nee,B,B,Nee,Nee,B,B,B,B/Z,B,Nee,Nee,B,B,B,Nee,B/Z,Nee,Nee,B/Z,B,B,B,Nee,Nee,B/Z,Nee,B,B/Z,B,B,B,B,B,B/Z,B,B/Z,Nee,B/Z,B/Z,B/Z,B,Nee,B/Z,B,B,Nee,Nee,Nee,Nee,B/Z,Nee,Nee,Nee,Nee,B,B,Nee,B,B,B,Nee,B,B,B,B,B,Nee,B,B,Nee,Nee,B,B,B,B,B,B,Nee,Nee,Nee,Nee,B/Z,B/Z,B,B/Z,B,B,Nee,Nee,B,Nee,Nee,B,B,Nee,B/Z,B/Z,Nee,BL01UK01NE021,UKNE021,874,29.13333333,2020,gb
R_27B6SpgKz8XMxRT,Male,University degree or equivalent,University degree or equivalent,30,70,0,NA,Dutch;30;,English;70;,,30,70,0,NA,Bilingual Dutch and English,NA,3,10,NA,NA,I always (or almost always) speak English to my child,Dutch,NA,10,9,5,"Mandrin, Spanish, French, German",I regularly speak both Dutch and English to my child,First,NA,1,6,A regular mix of Dutch / English / other languages,22,B/Z,B,B/Z,B/Z,B,B,B,B,B/Z,Nee,Nee,B/Z,Nee,Nee,Nee,Nee,Nee,Nee,Nee,Nee,Nee,Nee,B,Nee,Nee,Nee,Nee,Nee,Nee,Nee,Nee,Nee,B,Nee,Nee,Nee,Nee,Nee,Nee,Nee,Nee,Nee,Nee,Nee,Nee,Nee,Nee,B/Z,Nee,Nee,Nee,B,Nee,Nee,B,Nee,B,Nee,Nee,Nee,Nee,Nee,Nee,Nee,Nee,Nee,Nee,Nee,Nee,Nee,Nee,Nee,Nee,Nee,Nee,Nee,B,Nee,Nee,Nee,Nee,Nee,Nee,Nee,Nee,B,Nee,Nee,Nee,Nee,Nee,Nee,Nee,Nee,Nee,Nee,Nee,Nee,Nee,Nee,Nee,Nee,Nee,Nee,Nee,Nee,Nee,Nee,Nee,Nee,Nee,Nee,Nee,Nee,Nee,Nee,Nee,Nee,Nee,Nee,Nee,Nee,Nee,Nee,Nee,Nee,B,B,Nee,B,B,Nee,B,Nee,Nee,Nee,Nee,Nee,Nee,Nee,Nee,Nee,Nee,Nee,Nee,Nee,Nee,Nee,Nee,Nee,Nee,Nee,Nee,Nee,Nee,Nee,Nee,Nee,Nee,Nee,Nee,Nee,Nee,Nee,Nee,Nee,Nee,Nee,Nee,Nee,Nee,Nee,Nee,Nee,Nee,Nee,Nee,Nee,Nee,Nee,Nee,Nee,Nee,Nee,Nee,Nee,Nee,Nee,Nee,Nee,Nee,B,Nee,Nee,Nee,Nee,Nee,Nee,Nee,Nee,Nee,Nee,Nee,Nee,Nee,B,Nee,Nee,Nee,Nee,Nee,Nee,Nee,Nee,Nee,Nee,Nee,Nee,Nee,B,Nee,Nee,Nee,B,Nee,Nee,Nee,Nee,Nee,B,Nee,Nee,Nee,Nee,B,Nee,B,B,Nee,Nee,Nee,Nee,Nee,Nee,Nee,Nee,Nee,Nee,Nee,Nee,B,Nee,Nee,B,Nee,Nee,B,B,Nee,Nee,Nee,Nee,Nee,Nee,Nee,Nee,Nee,Nee,Nee,Nee,Nee,Nee,Nee,Nee,Nee,B,Nee,Nee,B,Nee,Nee,Nee,Nee,Nee,Nee,Nee,Nee,Nee,Nee,Nee,Nee,Nee,Nee,Nee,Nee,Nee,Nee,Nee,Nee,Nee,Nee,Nee,Nee,Nee,Nee,Nee,Nee,Nee,Nee,Nee,Nee,Nee,Nee,Nee,B,Nee,Nee,Nee,Nee,Nee,Nee,Nee,Nee,Nee,Nee,Nee,Nee,Nee,Nee,Nee,Nee,Nee,Nee,Nee,Nee,Nee,Nee,Nee,B,Nee,Nee,Nee,Nee,Nee,B,Nee,Nee,B,Nee,Nee,Nee,Nee,Nee,Nee,Nee,Nee,Nee,B,Nee,Nee,Nee,Nee,B,Nee,Nee,Nee,Nee,Nee,Nee,Nee,Nee,Nee,Nee,Nee,Nee,Nee,Nee,Nee,Nee,Nee,Nee,Nee,Nee,Nee,Nee,Nee,Nee,Nee,Nee,Nee,Nee,Nee,Nee,Nee,Nee,Nee,Nee,Nee,Nee,Nee,B,Nee,B,Nee,Nee,Nee,B,B,B,Nee,Nee,Nee,Nee,Nee,Nee,Nee,B,Nee,BL01UK01NE022,UKNE022,686,22.86666667,2020,gb
R_2QJJBJh6wrwdaeR,Female,Left school at 16 with GCSE or equivalent,Left school at 18 with A-Levels or equivalent,40,60,0,NA,Dutch;40;,English;60;,,50,50,0,NA,Dutch,NA,10,9,NA,NA,I regularly speak both Dutch and English to my child,English,NA,0,10,NA,NA,I always (or almost always) speak English to my child,First,NA,1,24,Always (or almost always) English,11,Nee,B,B/Z,B/Z,B,B/Z,B/Z,B/Z,B/Z,B,Nee,B/Z,B,B,B,B,B,B/Z,B,B/Z,Nee,Nee,B/Z,Nee,B/Z,Nee,Nee,Nee,Nee,Nee,B/Z,Nee,B/Z,B,Nee,B,B/Z,B/Z,B/Z,Nee,Nee,B/Z,Nee,B,B/Z,Nee,B,Nee,Nee,Nee,B,B,Nee,Nee,Nee,Nee,Nee,B,B,B,B/Z,B/Z,B,B/Z,B,B/Z,Nee,Nee,B/Z,Nee,Nee,B,B,B,B,B,B,B,B,Nee,Nee,Nee,B,B,B,B,B,B,B/Z,B,B/Z,B/Z,B,B,B,B,B,B/Z,B,B,B/Z,B,B,B,B,B,B,B,B,B,B,B,B,B/Z,B,Nee,B,B/Z,B/Z,Nee,B/Z,Nee,B/Z,B,B,B,B,B,B,B/Z,Nee,B,B/Z,B,Nee,B/Z,B,B/Z,B/Z,B,Nee,Nee,Nee,B,B,B,Nee,Nee,B,B,B,B,B,B,Nee,Nee,B,B,B,B/Z,B,Nee,B,B,Nee,Nee,Nee,B,B,B,B,B,Nee,B,Nee,Nee,Nee,B,B,B,B,B,Nee,Nee,Nee,Nee,B,B,B/Z,B,B,B,B,B/Z,B,Nee,B,B,Nee,B,Nee,B,Nee,Nee,B/Z,Nee,B/Z,B,B,B,B,Nee,B/Z,Nee,Nee,B,B/Z,B/Z,B,B,B,B,B,B/Z,Nee,B/Z,Nee,B,B,B/Z,B,Nee,B,B,B/Z,Nee,B/Z,B/Z,Nee,B,B/Z,B,B,B,B,B/Z,B,B/Z,B/Z,B/Z,B/Z,B/Z,Nee,B/Z,B/Z,Nee,B/Z,B,B,B,B,B/Z,B,Nee,Nee,Nee,B,B,B/Z,Nee,Nee,Nee,B/Z,B,Nee,B,Nee,B/Z,B,B/Z,B,B,B/Z,Nee,Nee,B,B,Nee,B,Nee,B/Z,B,Nee,B,B,B,B/Z,B,B,B,B,Nee,B,B,B,B,B/Z,B,B,Nee,B,B/Z,B/Z,B/Z,B,B,B/Z,B,B,B,B,B,B/Z,B/Z,B,Nee,B,B/Z,B/Z,B,B/Z,B,B,Nee,Nee,B/Z,B,B,B,B,B,Nee,B,Nee,Nee,Nee,B,B,B,B,B,B,B,B,Nee,B,Nee,B,B,Nee,B,Nee,Nee,Nee,Nee,Nee,Nee,Nee,Nee,B,Nee,B,Nee,Nee,B/Z,B,Nee,Nee,B/Z,Nee,B/Z,B/Z,Nee,B,Nee,Nee,Nee,Nee,Nee,B,B/Z,B,B,B,B,B,B,Nee,Nee,B/Z,B/Z,B,B,B,B,B,B/Z,B,B,Nee,Nee,Nee,Nee,Nee,Nee,Nee,Nee,Nee,BL01UK01NE023,UKNE023,769,25.63333333,2021,gb
R_2VstOfoGP9mD2BD,Female,University degree or equivalent,Left school at 18 with A-Levels or equivalent,30,70,0,NA,Dutch;30;,English;70;,,40,60,0,NA,Dutch,NA,10,10,0,NA,I always (or almost always) speak Dutch to my child,English,NA,1,10,0,NA,I always (or almost always) speak English to my child,First,NA,1,12,Always (or almost always) English,0,B,Nee,B,B/Z,B,B,B,B,B,Nee,Nee,B,B,B,Nee,B,Nee,Nee,Nee,Nee,B,Nee,B,Nee,B,Nee,B,Nee,Nee,Nee,B,Nee,B,B,Nee,B,Nee,B,B,Nee,B,B,Nee,Nee,B,Nee,B,B,Nee,Nee,B,Nee,B,Nee,Nee,B,Nee,B,B,B,B,B/Z,B,B,Nee,B,B,Nee,B,Nee,Nee,B,B,Nee,B,B,Nee,Nee,Nee,Nee,B,B,B,B,Nee,B,Nee,Nee,Nee,B,Nee,Nee,Nee,Nee,Nee,B,Nee,Nee,Nee,B,B,B,Nee,B,Nee,B,Nee,Nee,Nee,Nee,Nee,Nee,Nee,B,Nee,Nee,B,Nee,Nee,Nee,B,B,B,Nee,Nee,B,B,B,Nee,B,Nee,Nee,B,B,Nee,B,B,B,B,B,Nee,Nee,Nee,B,Nee,B,Nee,Nee,B,Nee,B,B,B,B,B,Nee,Nee,B,B,B,Nee,Nee,B,B,Nee,Nee,Nee,Nee,Nee,Nee,Nee,B,Nee,Nee,B,Nee,Nee,Nee,B,Nee,Nee,Nee,Nee,Nee,B,B,B,Nee,Nee,B,B,B,B,Nee,B,Nee,Nee,Nee,Nee,Nee,B/Z,Nee,Nee,Nee,Nee,B,Nee,Nee,B,Nee,B,Nee,Nee,Nee,Nee,B,Nee,B,Nee,B,Nee,Nee,Nee,B/Z,Nee,Nee,Nee,Nee,Nee,B/Z,Nee,Nee,Nee,Nee,B/Z,B,B,B/Z,Nee,Nee,Nee,Nee,Nee,Nee,B,Nee,B,B,Nee,B,B,B,B,B,B,B,B,B,B,B,B,Nee,Nee,Nee,Nee,Nee,B,B,B,Nee,Nee,Nee,B,Nee,Nee,B,Nee,Nee,B,B,Nee,Nee,B,Nee,B,B,Nee,Nee,Nee,Nee,B,B,Nee,B,Nee,Nee,B,Nee,Nee,B,Nee,Nee,Nee,Nee,Nee,Nee,Nee,Nee,Nee,Nee,Nee,B,Nee,Nee,B,Nee,B,Nee,Nee,Nee,Nee,Nee,Nee,Nee,Nee,Nee,B,B,Nee,Nee,Nee,Nee,Nee,Nee,Nee,B,Nee,Nee,Nee,Nee,Nee,Nee,Nee,Nee,Nee,Nee,B,Nee,B,Nee,Nee,Nee,Nee,Nee,B,Nee,Nee,B,Nee,B,Nee,Nee,Nee,Nee,Nee,Nee,Nee,Nee,Nee,Nee,Nee,Nee,Nee,Nee,B,Nee,Nee,B,B,Nee,B,B,Nee,B,Nee,Nee,Nee,B,B,Nee,Nee,B,B,Nee,Nee,Nee,Nee,Nee,Nee,Nee,B,Nee,B,Nee,Nee,B,Nee,Nee,Nee,Nee,Nee,Nee,Nee,Nee,Nee,B,Nee,Nee,BL01UK01NE024,UKNE024,535,17.83333333,2021,gb
R_8f5c199HtUvv0UF,Male,University degree or equivalent,University degree or equivalent,60,40,0,NA,Dutch;60;,English;40;,,65,35,0,NA,Dutch,NA,10,8,NA,NA,I always (or almost always) speak Dutch to my child,English,NA,1,10,NA,NA,I always (or almost always) speak English to my child,First,NA,1,8,Always (or almost always) English,0,B/Z,B,B,B,B,B,B,B,B/Z,B,B,B,B/Z,Nee,Nee,Nee,Nee,Nee,Nee,Nee,B,Nee,B,Nee,B,Nee,B,B,Nee,Nee,B,B,B,B,Nee,B,Nee,Nee,Nee,Nee,Nee,Nee,Nee,Nee,B,Nee,B,B,Nee,Nee,Nee,Nee,Nee,Nee,Nee,Nee,Nee,B/Z,Nee,Nee,B,Nee,B,Nee,Nee,B,B,B,B,Nee,Nee,B,Nee,Nee,Nee,Nee,B/Z,Nee,B,Nee,Nee,Nee,B,Nee,Nee,Nee,Nee,Nee,Nee,Nee,Nee,Nee,Nee,B,Nee,B,B,B,Nee,B,B,B,Nee,B,B,B,B,B,B,B,B,B,Nee,B,Nee,Nee,B,B,Nee,Nee,B,Nee,Nee,Nee,Nee,Nee,B,Nee,Nee,B,Nee,Nee,B,Nee,B,B,B,B,B,B,Nee,Nee,Nee,B,Nee,B,Nee,Nee,B,Nee,B,B,B,B,B,Nee,Nee,B,B,B,Nee,Nee,Nee,Nee,Nee,B,Nee,Nee,Nee,B,Nee,B,Nee,Nee,Nee,Nee,Nee,B,B,Nee,Nee,Nee,Nee,Nee,B,Nee,B,Nee,Nee,Nee,Nee,B,B,Nee,Nee,Nee,B,B,Nee,Nee,Nee,Nee,Nee,Nee,B,B,B,Nee,Nee,B,Nee,Nee,Nee,Nee,Nee,B,B,B,B,B,B,B,Nee,Nee,Nee,Nee,Nee,Nee,Nee,B/Z,Nee,Nee,Nee,Nee,B,Nee,B,B/Z,Nee,Nee,B,Nee,Nee,Nee,B,Nee,B,B,Nee,B,Nee,Nee,B,B,B,Nee,B,B,B,Nee,B,Nee,B,Nee,Nee,Nee,B,B,B,Nee,Nee,Nee,B,B,Nee,B,Nee,Nee,B/Z,Nee,B,Nee,Nee,B,Nee,Nee,B,Nee,Nee,Nee,B,B,Nee,B,Nee,Nee,B,B,B,B,Nee,Nee,Nee,Nee,Nee,Nee,B,Nee,Nee,Nee,Nee,B,Nee,Nee,B,Nee,B,B,Nee,Nee,Nee,Nee,Nee,Nee,Nee,Nee,Nee,B,Nee,Nee,Nee,B,B,Nee,Nee,B,Nee,Nee,B,Nee,Nee,Nee,Nee,Nee,Nee,Nee,B,Nee,Nee,Nee,Nee,Nee,Nee,Nee,B,B,Nee,B,B,B,B,Nee,Nee,Nee,Nee,Nee,Nee,Nee,Nee,B,Nee,Nee,Nee,Nee,B,Nee,Nee,Nee,B,Nee,B,Nee,Nee,Nee,Nee,Nee,Nee,Nee,B,Nee,Nee,B,B,B,B,B,B,Nee,B,Nee,B,B,B,B,B,Nee,B,B,B,Nee,Nee,Nee,Nee,Nee,Nee,Nee,Nee,B,BL01UK01NE025,UKNE025,367,12.23333333,2021,gb
R_3CPfGvrEM6DrsIG,Female,University degree or equivalent,University degree or equivalent,50,50,0,NA,Dutch;50;,English;50;,,50,50,0,NA,Dutch,NA,10,10,NA,NA,I always (or almost always) speak Dutch to my child,English,NA,5,10,NA,NA,I regularly speak both Dutch and English to my child,First,NA,1,12,Always (or almost always) English,4,B,B/Z,B/Z,B/Z,B/Z,B/Z,B/Z,B/Z,B/Z,B,B/Z,B/Z,B,B/Z,B,B/Z,B,B,B,B,B/Z,B,B/Z,B,B/Z,B/Z,B/Z,B/Z,B,B,B/Z,B/Z,B/Z,B/Z,B/Z,B/Z,B/Z,B/Z,B/Z,B,B/Z,B/Z,B,B/Z,B/Z,B,B/Z,B/Z,B/Z,B,B/Z,B/Z,B/Z,B/Z,B/Z,B,B,B/Z,B/Z,B/Z,B/Z,B/Z,B/Z,B,B,B/Z,B/Z,B,B/Z,B,B/Z,B/Z,B/Z,B,B/Z,B,B/Z,B/Z,B/Z,B,B/Z,B/Z,B,B/Z,B/Z,B/Z,B/Z,B/Z,B/Z,B,B/Z,B/Z,B,B/Z,B/Z,B/Z,B,B/Z,B,B/Z,B/Z,B,B,B,B/Z,B,B/Z,B/Z,B,B/Z,B,B,B/Z,B/Z,B,B,B,B/Z,B,B/Z,B/Z,B/Z,B,B/Z,B,B/Z,B/Z,B/Z,B,B/Z,B,B/Z,B/Z,B,B/Z,B/Z,B,B/Z,B/Z,B/Z,B,B,B,B/Z,B/Z,B/Z,B,B/Z,B,B,B,B/Z,B/Z,B/Z,B,B,B/Z,B/Z,B/Z,B/Z,B,B,B,B/Z,B,B,B/Z,B,B/Z,B/Z,B,B,B/Z,B,B/Z,B/Z,B,B,B/Z,B/Z,B,B/Z,B,B,B/Z,B,B,B,B,B,B/Z,B/Z,B/Z,B,B/Z,B,B,B,B,B,B/Z,B,B/Z,B,B/Z,B/Z,B/Z,B/Z,B/Z,B/Z,B,B,B/Z,B,B,B/Z,B/Z,B,B/Z,B/Z,B/Z,B/Z,B/Z,B/Z,B,B,B,B/Z,B/Z,B/Z,B/Z,B,B/Z,B,B/Z,Nee,B,B/Z,B/Z,Nee,Nee,Nee,B/Z,B,B,B,B/Z,B/Z,B/Z,B/Z,B/Z,B,B/Z,B/Z,B/Z,B,B/Z,B,B,B/Z,B,B/Z,B,B,Nee,Nee,B/Z,B,B,B,B,B,B,B,B,B/Z,B/Z,B,B/Z,B/Z,B,B,B,B,B,B/Z,B,B,B/Z,Nee,B,B/Z,B,B/Z,B,B,B/Z,B,B,B/Z,B,B,B/Z,B/Z,B,B,B/Z,B/Z,B,B,B,B/Z,B,B,B/Z,B/Z,B,B,B,B,B,B,B,B,B,B,B,B/Z,B/Z,B,B,B/Z,B,B,B,B/Z,B,B,B/Z,B/Z,B/Z,B/Z,B,B/Z,B/Z,B,B/Z,B/Z,B,B,B,B/Z,B/Z,B,B,B,B,B/Z,B,B/Z,B,B,B/Z,B,B,B,B,B,B,B,B/Z,B,B,B,B,B,B,B,B,B/Z,B,B,B,B/Z,B,B,B,B/Z,B/Z,B/Z,B,B/Z,B/Z,B,B/Z,B,B/Z,B,B,B,B/Z,B/Z,B/Z,B,B/Z,B/Z,B,B,B,B,B,B/Z,B/Z,B,B/Z,B/Z,B/Z,B,BL01UK01NE026,UKNE026,683,22.76666667,2021,gb
R_3oBXRuyypudAa38,Female,University degree or equivalent,University degree or equivalent,20,80,0,NA,Dutch;20;,English;80;,,30,70,0,NA,English,NA,3,10,NA,NA,I always (or almost always) speak English to my child,Dutch,NA,10,9,NA,NA,I always (or almost always) speak Dutch to my child,First,NA,1,16,Always (or almost always) English,1,B/Z,B/Z,B/Z,Nee,B/Z,B/Z,B/Z,B,B/Z,B/Z,B/Z,B/Z,B,B/Z,B/Z,B,B,B/Z,B,B,B/Z,Nee,B,Nee,B/Z,B,B/Z,B/Z,B,B,B/Z,B/Z,B/Z,B,B,B/Z,B,Nee,B/Z,B/Z,B/Z,B/Z,B/Z,B,B/Z,B/Z,B/Z,B/Z,B/Z,B,Nee,B/Z,B/Z,B,B/Z,B/Z,B,B/Z,B/Z,B/Z,B/Z,B/Z,B,B/Z,B,B/Z,B/Z,B/Z,B/Z,Nee,Nee,B/Z,B/Z,B,B,Nee,B/Z,Nee,B,Nee,B/Z,B,B/Z,B/Z,B/Z,B/Z,B/Z,B/Z,Nee,Nee,B,B/Z,B,B/Z,B,B/Z,B/Z,B/Z,Nee,B/Z,B/Z,B,B/Z,B/Z,B/Z,B/Z,B/Z,B/Z,B/Z,B/Z,B/Z,B/Z,Nee,B/Z,B/Z,Nee,B,B,Nee,B/Z,B/Z,B,Nee,B,Nee,B/Z,B,B/Z,B,B/Z,B,Nee,B/Z,B,B/Z,B/Z,B,B/Z,B/Z,B/Z,Nee,Nee,Nee,B,B,B/Z,Nee,Nee,B,Nee,B,B/Z,B/Z,B/Z,B/Z,Nee,B,B,B,B,B/Z,Nee,B/Z,B/Z,Nee,B,B/Z,B/Z,B,B/Z,B/Z,B,Nee,B/Z,Nee,Nee,B,B,B/Z,B/Z,Nee,B/Z,Nee,Nee,B,Nee,B,B,Nee,B,B,B,Nee,Nee,B,B,B/Z,Nee,Nee,Nee,B/Z,Nee,B,Nee,B/Z,B/Z,B,Nee,B/Z,B/Z,Nee,Nee,Nee,B,Nee,B/Z,Nee,Nee,B/Z,B/Z,B/Z,Nee,B/Z,B/Z,Nee,Nee,Nee,Nee,B/Z,B/Z,B/Z,B/Z,Nee,B/Z,B/Z,Nee,B/Z,B/Z,Nee,Nee,B,B,Nee,Nee,B,B,B/Z,B,Nee,B,B/Z,B,B/Z,B/Z,B/Z,B,B/Z,B/Z,B,B/Z,B,B,Nee,B,Nee,Nee,B,Nee,Nee,B/Z,Nee,B,B/Z,Nee,Nee,B,Nee,B,B/Z,Nee,B,Nee,Nee,B,Nee,B/Z,Nee,B,Nee,Nee,Nee,B,B,B,B,Nee,B/Z,Nee,Nee,B/Z,Nee,Nee,B,B/Z,Nee,Nee,B,B,B,Nee,B,B,Nee,Nee,B/Z,B,B,B,B,B,B,B,Nee,Nee,Nee,B,Nee,Nee,Nee,Nee,Nee,Nee,B,B,B,B,B,Nee,B/Z,B,Nee,Nee,Nee,B,B/Z,Nee,B,B/Z,B/Z,Nee,B,Nee,B/Z,B/Z,B,B/Z,B,B/Z,Nee,B,B,Nee,B/Z,Nee,Nee,Nee,B,B,Nee,B,Nee,Nee,Nee,Nee,Nee,Nee,Nee,Nee,Nee,Nee,Nee,Nee,Nee,Nee,Nee,Nee,Nee,Nee,B/Z,Nee,Nee,B,B,B,B,Nee,Nee,Nee,B,B/Z,B,B/Z,B/Z,B,B/Z,B,B/Z,B,B,Nee,B,B,Nee,B/Z,Nee,B/Z,B/Z,B/Z,BL01UK01NE030,UKNE030,806,26.86666667,2021,gb
R_2uJnBqo6Zb43wux,Female,Left school at 18 with A-Levels or equivalent,Left school at 18 with A-Levels or equivalent,50,50,0,NA,Dutch;50;,English;50;,,75,25,0,NA,Bilingual Dutch and English,NA,10,9,NA,NA,I regularly speak both Dutch and English to my child,NA,NA,NA,NA,NA,NA,NA,First,NA,1,18,Both Dutch and English regularly,13,B/Z,B,B/Z,B,B/Z,B/Z,B/Z,B/Z,B/Z,B/Z,B/Z,Nee,B,B,B/Z,B/Z,B,B,B/Z,B/Z,B,B,B/Z,B,B/Z,B/Z,B,B,B,B/Z,B/Z,B,Nee,B/Z,B,B,B/Z,B,B/Z,B,B,B/Z,B,B/Z,B/Z,Nee,B/Z,B/Z,B/Z,B/Z,B,B,B/Z,B/Z,B/Z,B/Z,B/Z,B/Z,Nee,Nee,B/Z,B,B/Z,B/Z,B/Z,B/Z,B/Z,B/Z,B/Z,B/Z,B/Z,B/Z,B/Z,B/Z,B,B,Nee,B/Z,B,B,B/Z,B,B/Z,B/Z,B,B,B/Z,B/Z,B,B,B/Z,B/Z,B/Z,B/Z,B/Z,B/Z,B,B/Z,B/Z,B/Z,B,Nee,B/Z,Nee,B/Z,B/Z,B,B/Z,B/Z,B/Z,B/Z,B/Z,B/Z,B/Z,B,B/Z,B/Z,B/Z,Nee,Nee,B/Z,B/Z,B/Z,B,B,B,B/Z,B/Z,B/Z,Nee,B/Z,B/Z,B/Z,Nee,B/Z,Nee,B/Z,B/Z,B/Z,B/Z,B/Z,B,B/Z,B/Z,B/Z,B/Z,B,B,B/Z,B/Z,B/Z,B/Z,B/Z,B/Z,Nee,B/Z,B/Z,B/Z,B/Z,B/Z,B/Z,B/Z,Nee,B,B,Nee,Nee,B/Z,B/Z,B/Z,B/Z,B/Z,B,B/Z,B/Z,B/Z,B/Z,B/Z,B/Z,B/Z,B/Z,B/Z,B/Z,B/Z,B,B,B/Z,Nee,Nee,Nee,B/Z,B/Z,B,B/Z,B/Z,B/Z,B/Z,B/Z,B/Z,B/Z,B/Z,B/Z,B/Z,B,B,B/Z,B,B/Z,B,B/Z,B,B/Z,B/Z,B/Z,B,B,B,B/Z,B/Z,B/Z,B,B/Z,B/Z,B/Z,B/Z,B/Z,B,B/Z,B/Z,Nee,Nee,Nee,Nee,Nee,Nee,Nee,Nee,Nee,Nee,Nee,Nee,Nee,Nee,Nee,B,B/Z,B/Z,B,B/Z,B,B/Z,B/Z,Nee,B,B,B/Z,B,B/Z,B/Z,B/Z,B/Z,B/Z,B,B/Z,Nee,B/Z,B,B/Z,B,B,B/Z,B/Z,B,B,B/Z,B/Z,B/Z,B/Z,B/Z,B,B/Z,B,B/Z,Nee,B/Z,B/Z,B/Z,B/Z,B/Z,B/Z,B/Z,B/Z,B,B,B,B/Z,B/Z,B,B/Z,B,B/Z,B,B/Z,B,B,B,B,B/Z,B/Z,B,B,B/Z,B/Z,B/Z,B,B/Z,B,B,B,B/Z,B,B/Z,B/Z,B/Z,B,B,B,B/Z,B/Z,B/Z,B/Z,Nee,B/Z,B/Z,B/Z,B/Z,B/Z,B/Z,B/Z,Nee,B/Z,B/Z,B/Z,B/Z,Nee,B,B,B,B,B,B,B/Z,B/Z,B/Z,B/Z,B,B/Z,B/Z,B/Z,B/Z,B/Z,B/Z,B/Z,B/Z,B/Z,B,B/Z,B,B/Z,B/Z,B,B/Z,B/Z,B/Z,B/Z,B/Z,B/Z,B/Z,B/Z,B/Z,B,B/Z,B/Z,B/Z,B/Z,B/Z,Nee,Nee,B/Z,B,B,B,B/Z,B/Z,B,B,B/Z,B/Z,B,B,B/Z,B/Z,Nee,B/Z,B/Z,B/Z,Nee,B/Z,B/Z,B/Z,B/Z,B,B,B/Z,B,B/Z,B/Z,B/Z,BL01UK01NE027,UKNE027,758,25.26666667,2021,gb
R_1OUFw9Auy5cELwh,Female,University degree or equivalent,University degree or equivalent,20,80,0,NA,Dutch;20;,English;80;,,40,60,0,NA,English,NA,4,10,NA,NA,I always (or almost always) speak English to my child,Dutch,NA,10,9,NA,NA,I always (or almost always) speak Dutch to my child,Second,NA,2,9,Always (or almost always) English,1,Nee,B/Z,Nee,B/Z,B,Nee,B,Nee,B/Z,Nee,B,B,B,B/Z,B,B,B/Z,B,B,Nee,B/Z,Nee,B/Z,Nee,B,B,B,B,Nee,B,B,B/Z,B,B,B/Z,Nee,Nee,Nee,Nee,Nee,B,B,B,Nee,Nee,B/Z,B/Z,B,B,B,B,B/Z,B/Z,Nee,B,B,Nee,B/Z,B/Z,B,B/Z,B,B,B,B,B,B/Z,Nee,B,Nee,B,B,B/Z,Nee,B,Nee,B,B,B/Z,Nee,B/Z,B,B,B,B,B/Z,B,B/Z,Nee,B/Z,B,B,B,B/Z,B,B,B,B,B,B/Z,B/Z,B,B,B/Z,Nee,B,B,B,B,B,Nee,B,Nee,B,Nee,Nee,Nee,B,Nee,Nee,B,Nee,Nee,B,B,B,B,Nee,Nee,B,Nee,Nee,B,B,B,B/Z,B,B/Z,B,B/Z,B,B,Nee,B/Z,Nee,B/Z,Nee,Nee,Nee,Nee,Nee,Nee,Nee,Nee,B,Nee,Nee,B,B,B,Nee,B,B/Z,B,B,B,B,B,B,B,Nee,B/Z,B/Z,B/Z,B,B,B,B/Z,B/Z,B,B/Z,B,B,B/Z,B,Nee,B/Z,Nee,Nee,B,B,B/Z,Nee,B,B,Nee,B/Z,Nee,Nee,B,B,B,B,Nee,B,B/Z,B,Nee,B,B,Nee,Nee,Nee,B,Nee,B,Nee,B,B,B,B,Nee,B,B,Nee,B,B/Z,B/Z,B,B,B,B,B,B,B/Z,B/Z,B/Z,B/Z,B,B,Nee,B,B,B,Nee,B,Nee,B,Nee,B,B/Z,B,B/Z,B/Z,B,B/Z,B/Z,B,B,B,B,B/Z,B,B,Nee,Nee,Nee,B,B,Nee,Nee,Nee,B,B,Nee,B/Z,Nee,B,B/Z,B,B,B,B,B,B,B,Nee,B,B,B,B,B,B,B/Z,Nee,Nee,B,B,B,B/Z,B,B,B,B,B,Nee,B,Nee,Nee,B,B,B,B,Nee,B/Z,Nee,B,B,Nee,B,Nee,Nee,Nee,Nee,Nee,B,Nee,B,Nee,Nee,Nee,Nee,B,B,B,Nee,B,Nee,B,Nee,B,Nee,B,Nee,B,Nee,B/Z,B,B,B,B,B,Nee,Nee,B,B,B,B/Z,B/Z,B,B,B,B,Nee,Nee,B,B,B/Z,B,B,B,B,B,B,B,B,B,B/Z,B,B,B,B,B,B,B,B,B,B,Nee,B,Nee,B,B/Z,Nee,Nee,Nee,B,Nee,Nee,Nee,B,B,Nee,Nee,B,Nee,B,Nee,B,B,B,Nee,B,Nee,Nee,B,Nee,Nee,BL01UK01NE028,UKNE028,891,29.7,2021,gb
R_30jcKQyh0sxyMY8,Male,University degree or equivalent,University degree or equivalent,35,64,1,Afrikaans,Dutch;35;,English;64;,Afrikaans;1;,55,44,1,Afrikaans,Dutch,NA,10,9,NA,NA,I regularly speak both Dutch and English to my child,Other(s),Afrikaans,7,10,10,Afrikaans,I always (or almost always) speak English to my child,First,NA,1,9,Always (or almost always) English,1,B,B/Z,B/Z,B/Z,B/Z,B/Z,B/Z,Nee,B/Z,B/Z,B/Z,B/Z,B/Z,B/Z,B/Z,B/Z,B/Z,B/Z,B/Z,B/Z,B/Z,B/Z,B/Z,B/Z,B/Z,B/Z,B/Z,B/Z,B/Z,B/Z,B/Z,B/Z,B/Z,B/Z,B/Z,B,B/Z,B/Z,B/Z,B/Z,B/Z,B/Z,B/Z,B/Z,B/Z,B/Z,B/Z,B/Z,B/Z,B/Z,B/Z,B/Z,B/Z,B/Z,B/Z,B/Z,B/Z,B/Z,B/Z,B/Z,B/Z,B/Z,B/Z,B/Z,B/Z,B/Z,B/Z,B/Z,B/Z,B,B/Z,B/Z,B/Z,B/Z,B/Z,B,B/Z,B/Z,B/Z,Nee,B/Z,B/Z,B/Z,B/Z,B/Z,B/Z,B/Z,B/Z,B/Z,B/Z,B/Z,B/Z,B/Z,B/Z,B/Z,B/Z,B/Z,B/Z,B,B/Z,B/Z,B/Z,B/Z,B/Z,B,B/Z,B/Z,B/Z,B/Z,B/Z,B/Z,B/Z,B/Z,B/Z,B/Z,B/Z,B/Z,B/Z,B,B,B/Z,B/Z,B/Z,B,B/Z,B/Z,B/Z,B/Z,B,B/Z,B/Z,B,B/Z,B/Z,Nee,B/Z,B/Z,B/Z,B/Z,B/Z,Nee,B,B,B/Z,B,B/Z,B/Z,B/Z,B/Z,Nee,B/Z,B/Z,B/Z,B/Z,B/Z,Nee,B/Z,B/Z,B/Z,B/Z,B/Z,B,B/Z,B/Z,B,B,B/Z,B/Z,B/Z,B/Z,B/Z,B/Z,B/Z,B/Z,B/Z,B/Z,B/Z,B/Z,B/Z,B,B/Z,B/Z,B/Z,B/Z,B/Z,B/Z,B/Z,B/Z,Nee,B/Z,B/Z,B/Z,B/Z,B,B/Z,B,B/Z,B/Z,B/Z,B/Z,B/Z,B/Z,B/Z,Nee,B/Z,B/Z,B/Z,B,B/Z,B/Z,B,B/Z,B,B/Z,Nee,B/Z,Nee,B/Z,B/Z,B/Z,B/Z,Nee,B/Z,B/Z,Nee,B,B/Z,B/Z,B/Z,B/Z,B/Z,B/Z,B/Z,B/Z,B/Z,B/Z,B/Z,B/Z,B/Z,B/Z,B/Z,B/Z,B/Z,B,B/Z,Nee,B/Z,Nee,B/Z,B/Z,B/Z,Nee,B/Z,B/Z,B/Z,B/Z,B/Z,B/Z,B/Z,B/Z,B/Z,B/Z,B/Z,B/Z,Nee,B,B/Z,B/Z,B/Z,B,B/Z,B/Z,B/Z,B/Z,B/Z,B/Z,B/Z,B/Z,B/Z,B,B/Z,B/Z,B,B/Z,B/Z,B/Z,B/Z,B,B/Z,B,B,B/Z,B,B/Z,B,B/Z,B,B/Z,B/Z,B/Z,B/Z,B/Z,B/Z,B/Z,B/Z,B/Z,B,B,B,B,B,B/Z,B,B/Z,B/Z,B/Z,B/Z,B/Z,B/Z,B/Z,B/Z,B/Z,B,B,B/Z,B/Z,B/Z,B/Z,B/Z,B/Z,B,B/Z,B/Z,B/Z,B,B/Z,B/Z,B,B/Z,B/Z,B/Z,B,B/Z,B/Z,B/Z,Nee,B/Z,B/Z,B/Z,B/Z,B/Z,B,B/Z,B/Z,B/Z,B/Z,B/Z,B/Z,B/Z,B/Z,B/Z,B,B/Z,B/Z,B,B,B/Z,B/Z,B,B/Z,B,B/Z,B,B,B/Z,B,B/Z,B,B/Z,B/Z,B/Z,B/Z,B,B/Z,B,B/Z,B,B,B/Z,B,B,B/Z,B/Z,B/Z,B/Z,B/Z,B/Z,B,B/Z,B,B/Z,B/Z,B/Z,B,B/Z,B/Z,B/Z,B/Z,B/Z,B/Z,B,B,B/Z,B/Z,B,B/Z,B/Z,B,BL01UK01NE029,UKNE029,1054,35.13333333,2021,gb
R_2t9HYPmFgsOadWr,Male,University degree or equivalent,University degree or equivalent,30,70,0,NA,Dutch;30;,English;70;,,50,50,0,NA,Dutch,NA,10,9,0,NA,I regularly speak both Dutch and English to my child,English,NA,2,10,NA,NA,I always (or almost always) speak English to my child,First,NA,1,NA,NA,4,B,Nee,B,Nee,Nee,Nee,B/Z,Nee,Nee,Nee,Nee,B/Z,B,B,Nee,Nee,Nee,Nee,Nee,Nee,Nee,B/Z,Nee,Nee,Nee,Nee,Nee,Nee,B,B,Nee,B,Nee,Nee,Nee,B,Nee,Nee,Nee,Nee,Nee,Nee,B/Z,Nee,B/Z,B,Nee,B,B/Z,Nee,B,B,Nee,Nee,Nee,Nee,Nee,B,B,Nee,Nee,Nee,B,Nee,Nee,Nee,B,Nee,B/Z,B,Nee,B,B/Z,Nee,Nee,Nee,Nee,B,Nee,Nee,B,B,Nee,Nee,B,B,B,B/Z,Nee,Nee,Nee,Nee,Nee,B/Z,Nee,B,B,Nee,Nee,B/Z,Nee,Nee,B/Z,Nee,Nee,Nee,Nee,B,Nee,Nee,B,Nee,Nee,Nee,Nee,B,Nee,B,B,Nee,Nee,B/Z,Nee,Nee,Nee,Nee,Nee,Nee,B,Nee,Nee,Nee,Nee,Nee,B,B,Nee,B/Z,B,Nee,Nee,Nee,Nee,B,Nee,Nee,B,Nee,Nee,Nee,Nee,B,Nee,B,Nee,Nee,Nee,B,B/Z,Nee,B,Nee,Nee,B,Nee,Nee,B,Nee,Nee,Nee,Nee,Nee,B,Nee,Nee,Nee,Nee,B,Nee,Nee,Nee,B/Z,Nee,Nee,B,Nee,B,Nee,B/Z,Nee,Nee,Nee,B,Nee,Nee,Nee,Nee,Nee,Nee,B/Z,B/Z,Nee,B,Nee,B/Z,B,B,Nee,B,Nee,Nee,B/Z,Nee,Nee,B,Nee,Nee,Nee,Nee,Nee,B,Nee,B/Z,B/Z,B,Nee,Nee,Nee,Nee,B/Z,Nee,Nee,Nee,Nee,Nee,Nee,Nee,B/Z,Nee,Nee,Nee,B,Nee,Nee,Nee,Nee,B/Z,Nee,B,Nee,B,Nee,B/Z,B,Nee,B/Z,Nee,B,Nee,Nee,Nee,B,Nee,Nee,B,B,Nee,Nee,Nee,Nee,Nee,B,Nee,Nee,Nee,B,Nee,Nee,Nee,Nee,B/Z,Nee,Nee,Nee,Nee,B,B,Nee,Nee,B,Nee,B,Nee,Nee,Nee,B,Nee,Nee,Nee,B,Nee,Nee,Nee,Nee,B/Z,Nee,Nee,Nee,B,Nee,B/Z,B,B,Nee,B,Nee,Nee,Nee,Nee,Nee,B,Nee,Nee,Nee,Nee,Nee,Nee,Nee,Nee,B,Nee,B/Z,Nee,Nee,B,Nee,B,Nee,Nee,Nee,Nee,Nee,B,Nee,Nee,Nee,Nee,Nee,Nee,Nee,B,Nee,B/Z,Nee,B,B/Z,B,B,B/Z,B,Nee,Nee,Nee,Nee,Nee,Nee,B,B,Nee,Nee,B,B,B,B,B,B/Z,Nee,Nee,Nee,B,Nee,Nee,Nee,B,Nee,Nee,Nee,B,B,B,B/Z,B/Z,Nee,Nee,B/Z,Nee,Nee,B,Nee,B/Z,B,Nee,Nee,Nee,B/Z,Nee,Nee,Nee,B,B,B/Z,B,Nee,Nee,Nee,B,Nee,Nee,BL01UK01NE034,UKNE034,613,20.43333333,2022,gb
R_24BjTV9lix75xJt,Female,University degree or equivalent,University degree or equivalent,40,60,0,NA,Dutch;40;,English;60;,,40,60,0,NA,Dutch,NA,10,10,NA,NA,I regularly speak both Dutch and English to my child,Dutch,NA,10,10,NA,NA,I always (or almost always) speak English to my child,Second,NA,2,36,Always (or almost always) English,2,B,B/Z,B/Z,B/Z,B,Nee,B/Z,B,Nee,Nee,B/Z,Nee,B,B/Z,B,Nee,Nee,B,Nee,Nee,Nee,B/Z,B,Nee,B/Z,Nee,B/Z,Nee,Nee,B,B/Z,Nee,Nee,B,Nee,Nee,Nee,B/Z,Nee,Nee,Nee,B,Nee,Nee,B/Z,Nee,Nee,B/Z,B/Z,Nee,B/Z,B/Z,Nee,B,B,Nee,Nee,B,B,B,Nee,Nee,Nee,B,B/Z,Nee,B/Z,B,B/Z,B,Nee,B,B/Z,Nee,Nee,B,B,Nee,Nee,B,Nee,B/Z,B,B/Z,B/Z,B/Z,B,B/Z,B,Nee,Nee,B,B,B/Z,B,B/Z,B,B/Z,B,B/Z,Nee,Nee,Nee,Nee,B,Nee,Nee,B,Nee,Nee,Nee,Nee,Nee,B,B,B,B/Z,B,B/Z,B/Z,Nee,Nee,Nee,B,Nee,Nee,B,B,B/Z,Nee,Nee,Nee,B/Z,Nee,B/Z,B/Z,Nee,B/Z,B,Nee,Nee,Nee,Nee,Nee,Nee,Nee,B,Nee,B,Nee,Nee,B,B,Nee,Nee,B,Nee,B,B/Z,Nee,B/Z,Nee,Nee,Nee,B,Nee,Nee,Nee,Nee,Nee,B,Nee,B/Z,Nee,Nee,Nee,Nee,Nee,Nee,Nee,Nee,B,Nee,Nee,B,B,Nee,Nee,B/Z,Nee,B,Nee,Nee,B/Z,B/Z,Nee,Nee,Nee,Nee,B,B/Z,Nee,Nee,Nee,B,B,B/Z,Nee,B/Z,B/Z,Nee,B/Z,Nee,B/Z,Nee,Nee,B,Nee,Nee,Nee,B/Z,Nee,B,B/Z,B/Z,Nee,Nee,Nee,Nee,B/Z,Nee,Nee,Nee,Nee,Nee,Nee,B,B/Z,Nee,Nee,Nee,B/Z,Nee,B/Z,B,B/Z,B/Z,Nee,Nee,Nee,B/Z,Nee,Nee,B/Z,Nee,B/Z,B,Nee,Nee,Nee,Nee,B/Z,Nee,B,B,B/Z,B/Z,B/Z,B,B,B,B/Z,B,B,B/Z,B/Z,B,Nee,Nee,Nee,Nee,Nee,Nee,B,Nee,Nee,B/Z,B,Nee,B,B/Z,B/Z,Nee,Nee,Nee,B/Z,Nee,Nee,Nee,Nee,B/Z,B/Z,Nee,Nee,B,Nee,Nee,Nee,Nee,Nee,B/Z,B,B/Z,B/Z,B,Nee,Nee,B/Z,Nee,Nee,B,B/Z,B/Z,Nee,Nee,Nee,Nee,Nee,B/Z,B,Nee,B/Z,B/Z,Nee,B,B/Z,B,B/Z,B,B,B/Z,B/Z,B,B/Z,B,B,B/Z,B,B,B,B/Z,B,B,Nee,B,B/Z,B/Z,B/Z,B,B,B/Z,B/Z,B/Z,Nee,Nee,Nee,Nee,B/Z,Nee,Nee,B,Nee,B/Z,B,B,B/Z,B,B/Z,Nee,B,B/Z,B/Z,Nee,B/Z,Nee,B/Z,Nee,B,B,B,B/Z,B/Z,Nee,Nee,B/Z,Nee,B/Z,B,B,B/Z,B,B,B/Z,B/Z,B/Z,Nee,Nee,Nee,B,B,B/Z,Nee,B,Nee,Nee,B/Z,B,Nee,BL01UK01NE033,UKNE033,1101,36.7,2022,gb
R_3ho8RzN3BUTGmqX,Female,University degree or equivalent,University degree or equivalent,50,50,0,NA,Dutch;50;,English;50;,,80,20,0,NA,Dutch,NA,10,9,NA,NA,I always (or almost always) speak Dutch to my child,Dutch,NA,10,9,NA,NA,I always (or almost always) speak Dutch to my child,Second,NA,2,9,Always (or almost always) English,2,B/Z,B/Z,B/Z,B/Z,B/Z,B/Z,B/Z,B/Z,B/Z,B/Z,B/Z,B/Z,B/Z,B/Z,B/Z,B/Z,B/Z,B/Z,B/Z,B/Z,B/Z,B/Z,B/Z,B,B/Z,B/Z,B/Z,B/Z,B/Z,B,B/Z,B/Z,B/Z,B/Z,B/Z,B/Z,B/Z,B/Z,B/Z,B,B/Z,B/Z,B/Z,B/Z,B/Z,B/Z,B/Z,B/Z,B/Z,B/Z,B/Z,B/Z,B/Z,B,B/Z,B/Z,B/Z,B/Z,B/Z,B/Z,B/Z,B/Z,B/Z,B/Z,B/Z,B/Z,B/Z,B/Z,B/Z,B/Z,B/Z,B/Z,B/Z,B/Z,B/Z,B/Z,B/Z,B/Z,B/Z,Nee,B/Z,B/Z,B/Z,B/Z,B/Z,B/Z,B,B/Z,B/Z,B/Z,B/Z,B/Z,B,B/Z,B/Z,B/Z,B/Z,B/Z,B/Z,B/Z,B/Z,B/Z,B/Z,B/Z,B/Z,B/Z,B/Z,B/Z,B/Z,B/Z,B/Z,B/Z,B/Z,B/Z,B/Z,B,B/Z,B/Z,B/Z,B/Z,B/Z,B/Z,Nee,B/Z,B/Z,B/Z,B/Z,B/Z,B/Z,B/Z,B,B/Z,B/Z,B/Z,B/Z,B/Z,B/Z,B/Z,B/Z,B/Z,B/Z,B/Z,B,B/Z,B/Z,B/Z,B/Z,B/Z,B/Z,Nee,B/Z,B/Z,B,B/Z,B/Z,B,B/Z,B/Z,B/Z,B/Z,B,B,B/Z,B/Z,B,B/Z,B/Z,B/Z,B,B/Z,B/Z,B/Z,B/Z,B/Z,B/Z,B,B/Z,B/Z,B/Z,B/Z,B/Z,B/Z,B/Z,B/Z,B/Z,B/Z,B/Z,B/Z,B,B/Z,B/Z,B/Z,B,B/Z,B/Z,B,B/Z,B,B,B/Z,B/Z,B,B,Nee,B,B/Z,B/Z,B/Z,B/Z,B/Z,Nee,Nee,B/Z,B/Z,Nee,B/Z,B/Z,B/Z,B/Z,B/Z,B/Z,B/Z,B/Z,B/Z,Nee,Nee,B,B,Nee,B/Z,B,B,B,B,B/Z,Nee,B/Z,B/Z,Nee,B,B,Nee,B,B,B/Z,B/Z,B/Z,B/Z,Nee,B/Z,B/Z,B/Z,B/Z,B/Z,B/Z,B/Z,B/Z,B/Z,B/Z,B/Z,B/Z,B/Z,B/Z,B/Z,B,B,B/Z,B/Z,B/Z,B,B,B/Z,B/Z,B/Z,B/Z,B/Z,B/Z,B/Z,B/Z,B/Z,B/Z,B/Z,B,B/Z,B/Z,B/Z,B/Z,B/Z,B/Z,B,B/Z,B/Z,B/Z,B/Z,B,B/Z,B/Z,B/Z,B/Z,B/Z,B/Z,B,B/Z,B/Z,B/Z,B,B/Z,B/Z,B/Z,B/Z,B/Z,B/Z,B,B/Z,B/Z,B/Z,B/Z,B/Z,B,B/Z,B/Z,B/Z,B/Z,B/Z,B,B/Z,B,B/Z,B/Z,B/Z,B,B/Z,B/Z,B/Z,B,B,B/Z,Nee,B/Z,B/Z,B/Z,B/Z,B/Z,B/Z,B/Z,B/Z,Nee,B/Z,B/Z,B/Z,B/Z,B/Z,B/Z,B/Z,B/Z,B/Z,B/Z,B/Z,B/Z,B/Z,B/Z,B/Z,B/Z,B/Z,B,B,B/Z,B/Z,B,B/Z,B,B/Z,B/Z,B/Z,B/Z,B/Z,B/Z,B/Z,B/Z,B/Z,B/Z,B/Z,B/Z,B/Z,B/Z,B/Z,B,B/Z,B/Z,B,B/Z,B/Z,B/Z,B/Z,B/Z,B/Z,B/Z,B/Z,B/Z,B/Z,B/Z,B/Z,B/Z,B/Z,B/Z,B/Z,B/Z,B/Z,B/Z,B,B,B/Z,B/Z,B/Z,B/Z,B/Z,B/Z,B/Z,BL01UK01NE032,UKNE032,906,30.2,2022,gb
R_2B9cOLl2ruM7kq5,Female,University degree or equivalent,University degree or equivalent,30,70,0,NA,Dutch;30;,English;70;,,40,60,0,NA,Dutch,NA,10,9,NA,NA,I always (or almost always) speak Dutch to my child,English,NA,2,10,NA,NA,I always (or almost always) speak English to my child,First,NA,1,NA,NA,,B,Nee,B,B/Z,Nee,B,B,Nee,B,Nee,B/Z,B,B,B,Nee,Nee,Nee,B,B,Nee,Nee,Nee,B,Nee,B,Nee,B,B,Nee,Nee,B,Nee,B,B,Nee,Nee,Nee,Nee,B,Nee,Nee,B,Nee,B,B,Nee,B,B,Nee,Nee,Nee,B,B,Nee,Nee,Nee,Nee,B,Nee,Nee,B,B,Nee,B,Nee,Nee,B,Nee,B,Nee,Nee,B,Nee,Nee,Nee,B,B,Nee,Nee,Nee,Nee,Nee,B,B,Nee,B,B,Nee,Nee,Nee,Nee,B,B,B,Nee,Nee,Nee,B,Nee,B,B,B,B,B,Nee,B,B,B,Nee,Nee,Nee,B,Nee,B,Nee,Nee,Nee,Nee,Nee,Nee,B,Nee,Nee,Nee,Nee,Nee,B,Nee,Nee,B,Nee,Nee,B,Nee,Nee,B,Nee,B,B,B,Nee,Nee,Nee,Nee,Nee,B,Nee,B,Nee,Nee,Nee,Nee,B,B,B,Nee,Nee,B,B,B,B,Nee,B,Nee,Nee,Nee,Nee,Nee,B,Nee,B,B,Nee,Nee,Nee,Nee,Nee,B,B,Nee,B,Nee,Nee,B,B,Nee,B,B,Nee,Nee,Nee,Nee,Nee,Nee,Nee,Nee,Nee,Nee,Nee,Nee,Nee,Nee,Nee,Nee,Nee,B,Nee,Nee,Nee,Nee,Nee,Nee,Nee,Nee,Nee,Nee,B,Nee,B,Nee,Nee,Nee,Nee,B,Nee,Nee,Nee,Nee,Nee,B/Z,Nee,Nee,B,Nee,B,Nee,B,B,Nee,Nee,Nee,Nee,Nee,Nee,Nee,Nee,B,B,Nee,B,B,Nee,Nee,B,B,Nee,B/Z,B,B,B,B,B,B,B,Nee,Nee,B,Nee,B,Nee,Nee,Nee,B,Nee,Nee,B,Nee,Nee,Nee,Nee,Nee,Nee,Nee,B,Nee,Nee,B,Nee,Nee,Nee,Nee,Nee,Nee,B,Nee,Nee,B,Nee,Nee,B,Nee,Nee,Nee,B,Nee,Nee,Nee,B,Nee,Nee,Nee,B,Nee,B,B,B,B,Nee,Nee,Nee,Nee,Nee,Nee,Nee,Nee,Nee,Nee,B,Nee,Nee,Nee,B,Nee,Nee,Nee,B,Nee,Nee,Nee,Nee,Nee,B,Nee,Nee,Nee,Nee,B,Nee,Nee,Nee,B,B,B,Nee,Nee,Nee,B,Nee,B,Nee,Nee,Nee,Nee,B,Nee,Nee,Nee,B,Nee,Nee,Nee,B,Nee,Nee,B,Nee,Nee,Nee,Nee,Nee,Nee,Nee,Nee,Nee,Nee,Nee,Nee,Nee,Nee,Nee,Nee,Nee,Nee,Nee,Nee,Nee,Nee,Nee,Nee,Nee,Nee,Nee,B,Nee,B,Nee,Nee,Nee,Nee,Nee,Nee,Nee,Nee,Nee,Nee,B/Z,Nee,B,BL01UK02NE001,UKNE001,569,18.96666667,2020,gb
R_3JwwsgkeaREuwIj,Male,University degree or equivalent,University degree or equivalent,80,20,0,NA,Dutch;80;,English;20;,,90,10,0,NA,Dutch,NA,10,9,NA,NA,I always (or almost always) speak Dutch to my child,Dutch,NA,10,9,NA,NA,I always (or almost always) speak Dutch to my child,First,NA,1,NA,NA,,B,B/Z,B,B/Z,B,B,B,B,Nee,B,B/Z,B,B,B,B,B,B,B,Nee,Nee,B,Nee,B,Nee,B/Z,B,B/Z,B,Nee,B,B,B,B,Nee,B,B,Nee,Nee,B,Nee,Nee,B,B,B,B/Z,B,B,B,B/Z,Nee,B,B,B/Z,Nee,Nee,Nee,Nee,B/Z,B,B,B,B,Nee,B,B,Nee,B,B,B,Nee,Nee,B,Nee,Nee,Nee,Nee,B,Nee,B,Nee,Nee,Nee,Nee,Nee,Nee,B,Nee,Nee,Nee,B,B/Z,B/Z,Nee,B,B,B,B,B,Nee,B,B,B,B,B,Nee,B,B,B,B,B,Nee,B,Nee,B,Nee,Nee,B,B,Nee,B,B,Nee,Nee,Nee,Nee,B,B,B,Nee,B,B,B,B,B,Nee,B,B,B,B,B,B,Nee,Nee,B,B,B,B,Nee,B,Nee,Nee,Nee,Nee,Nee,Nee,Nee,B,B,B,B,Nee,Nee,B,B,Nee,B,B,Nee,B,B,B,B,Nee,Nee,B,B,Nee,B,B,Nee,Nee,Nee,Nee,Nee,B,B,B,B,Nee,B,B,B,B,Nee,Nee,B,B,Nee,Nee,Nee,Nee,Nee,Nee,Nee,Nee,B,Nee,Nee,B,B,Nee,Nee,Nee,Nee,Nee,B,B,B,B,Nee,B,B,B,B,Nee,Nee,Nee,Nee,B,B,Nee,B,Nee,B,B,Nee,B,B/Z,Nee,Nee,Nee,Nee,Nee,Nee,B,B,B/Z,B,Nee,B,B,B,B,B,B,B,B/Z,B,B,B,B,B/Z,B,B,Nee,B,Nee,B,B,Nee,Nee,B,B,Nee,Nee,B,Nee,Nee,B,B,B,B,Nee,B,B,B,B,Nee,B,Nee,B,B,Nee,B,Nee,Nee,B,Nee,Nee,B,Nee,B,B,B,Nee,B,B,B,B,Nee,B,B,B,B,B,B,B,B,Nee,Nee,B,Nee,B,Nee,Nee,Nee,B,B,Nee,Nee,Nee,B,B,Nee,Nee,B,Nee,Nee,Nee,Nee,Nee,B,Nee,Nee,Nee,Nee,B,Nee,B,Nee,Nee,Nee,B,B,Nee,Nee,Nee,B,B,B,B,Nee,Nee,B,B,Nee,Nee,Nee,Nee,Nee,Nee,Nee,Nee,B,B,Nee,Nee,B,B,B/Z,B,Nee,B,Nee,Nee,Nee,Nee,B,B,Nee,B,B,B,Nee,B,Nee,Nee,Nee,Nee,Nee,B,Nee,B,Nee,B,B,B,Nee,B,B,B,B,B,B,Nee,B,B,B,BL01UK02NE009,UKNE009,187,6.233333333,2020,gb
R_12KLu5KPfTdb9vJ,Male,University degree or equivalent,University degree or equivalent,30,70,0,NA,Dutch;30;,English;70;,,30,70,0,NA,Dutch,NA,10,8,6,German,I regularly speak both Dutch and English to my child,English,NA,2,10,NA,NA,I always (or almost always) speak English to my child,First,NA,1,NA,NA,,B/Z,B/Z,B/Z,B/Z,B/Z,B/Z,B/Z,B,B/Z,B,B,B/Z,B/Z,B/Z,B/Z,B,B/Z,B/Z,B,B,B/Z,Nee,B/Z,Nee,B/Z,B,B,B/Z,B,B,B/Z,B/Z,B/Z,B,B/Z,B/Z,Nee,B/Z,B/Z,B/Z,B/Z,B/Z,B/Z,B,B/Z,B/Z,B/Z,B/Z,B/Z,B/Z,B/Z,B/Z,B/Z,B,B,B,B,B/Z,B,B/Z,B/Z,B/Z,B/Z,B,B,B/Z,B/Z,B/Z,B/Z,Nee,B,B,B/Z,B,B,Nee,B,B,B/Z,Nee,B/Z,B/Z,B,B/Z,B/Z,B/Z,B/Z,B/Z,B,B,B/Z,B/Z,B,B/Z,B/Z,B/Z,B/Z,B/Z,B,B/Z,B,B,B/Z,B/Z,B,B/Z,B/Z,B/Z,B,B,B,B/Z,B,B/Z,B,B,B,B,Nee,B,B,B,Nee,Nee,Nee,B,B,B/Z,B,B/Z,B,Nee,B/Z,B/Z,Nee,B/Z,B/Z,B/Z,B,B/Z,B,B/Z,B,B,B,B,Nee,B/Z,B,Nee,B/Z,B,B,B/Z,B,Nee,B/Z,B/Z,B/Z,B/Z,B,B,B/Z,B/Z,B,B,B,B,B/Z,B,B,B,B/Z,B,B,B,B,B/Z,B/Z,B,B,B,B/Z,B,B/Z,Nee,B,B,B,B,B,B,B/Z,Nee,B,B,B/Z,B,Nee,B,B/Z,B/Z,B/Z,Nee,B/Z,B/Z,B/Z,B,Nee,B/Z,B,B/Z,B,B,B/Z,B/Z,B,B,B,B,B/Z,B,B,B/Z,B,B,B/Z,B,B,B/Z,B,B,B,B,B/Z,B,B/Z,B,B,B,B,Nee,B/Z,B/Z,B/Z,B,B/Z,B/Z,B/Z,B,B/Z,B,B,B/Z,B/Z,B/Z,B/Z,B/Z,B,B,B,B/Z,B,B/Z,B,B,B/Z,B/Z,B,B,B,B,B/Z,B,B,B/Z,B,B/Z,B/Z,B,B,B,B,B/Z,B,B/Z,B,B/Z,B,B,B,B/Z,B/Z,B/Z,Nee,B,B,B,B,B,B/Z,B,B/Z,B,B,B,Nee,B,B,Nee,B/Z,B/Z,B,B,B/Z,B,B/Z,B,B,Nee,B,B,B,Nee,B,B,B,B/Z,B,Nee,B,B,B,B,B,B/Z,B,B,B/Z,B,B,B,B,B,B,B,B/Z,B/Z,B/Z,B,B,B/Z,B/Z,B/Z,B/Z,B/Z,B,B,B,B,B,B,B,B,B,B,B,B,B,B/Z,B,B,B,B,B,B,B,B,B,B/Z,B/Z,B/Z,B,B,B,B,B,B,B,B/Z,B,B,B,B,B/Z,B/Z,B/Z,B,B/Z,B/Z,B/Z,B/Z,B/Z,B,B/Z,B/Z,B/Z,B,B,B,B/Z,B,B/Z,B,B,B/Z,Nee,B,BL01UK02NE006,UKNE006,1047,34.9,2020,gb
R_2cvz8JVoflghQQT,Male,University degree or equivalent,University degree or equivalent,60,40,0,NA,Dutch;60;,English;40;,,75,25,0,NA,Dutch,NA,9,10,3,Frisian,I always (or almost always) speak Dutch to my child,English,NA,6,10,NA,NA,I regularly speak both Dutch and English to my child,Second,NA,2,NA,NA,,B/Z,B,B,B,Nee,B,B/Z,Nee,B,Nee,B,B/Z,B/Z,B/Z,B/Z,Nee,B,B/Z,Nee,Nee,B,Nee,B,Nee,B,B/Z,B/Z,B,Nee,Nee,B,B,B/Z,B,B/Z,Nee,Nee,Nee,B,B,B,B,B/Z,B,B,B,B/Z,B/Z,B/Z,B,B,B/Z,B,B/Z,B/Z,B/Z,B/Z,B/Z,B,Nee,B,B,Nee,B,Nee,Nee,B/Z,Nee,B/Z,Nee,Nee,B,Nee,Nee,B/Z,Nee,B/Z,Nee,B/Z,Nee,B/Z,Nee,B,B,Nee,B,B,Nee,B,Nee,Nee,B,Nee,B,B,B,B,B,Nee,B,B,B,B,B,B/Z,B,B/Z,B,Nee,Nee,Nee,Nee,Nee,B,Nee,Nee,B,Nee,Nee,B,B/Z,Nee,Nee,Nee,Nee,Nee,B,B,Nee,B/Z,Nee,Nee,B,Nee,Nee,B,Nee,B,B,Nee,Nee,Nee,Nee,B,Nee,B,Nee,B,B/Z,Nee,Nee,B,B/Z,B,B,Nee,Nee,B,B/Z,B,Nee,Nee,B/Z,B,Nee,Nee,B/Z,Nee,Nee,B,Nee,B,Nee,Nee,Nee,B/Z,Nee,B,B,Nee,Nee,Nee,B,Nee,Nee,Nee,B,Nee,Nee,Nee,B,Nee,B/Z,Nee,Nee,Nee,Nee,Nee,Nee,Nee,Nee,Nee,Nee,Nee,Nee,B,B,Nee,Nee,Nee,Nee,Nee,Nee,Nee,Nee,Nee,Nee,Nee,B,B,Nee,Nee,Nee,B/Z,Nee,Nee,Nee,Nee,Nee,B/Z,Nee,B,Nee,B,B/Z,Nee,B/Z,B/Z,Nee,Nee,Nee,Nee,Nee,B,Nee,Nee,B/Z,B,Nee,B,B/Z,Nee,B,B/Z,B,Nee,B/Z,B,B,B,Nee,Nee,B,Nee,Nee,Nee,B,Nee,B,Nee,Nee,Nee,B,Nee,Nee,B,Nee,B,B/Z,Nee,Nee,Nee,Nee,B,Nee,B/Z,B,Nee,B/Z,Nee,B,B/Z,Nee,B,Nee,Nee,B,B,Nee,Nee,Nee,Nee,Nee,B,Nee,Nee,Nee,Nee,B,Nee,B,B/Z,Nee,Nee,B,B,B,Nee,Nee,Nee,B,Nee,Nee,Nee,Nee,B,B,Nee,Nee,Nee,Nee,Nee,B,Nee,Nee,B/Z,Nee,Nee,B/Z,B/Z,B,B,B/Z,Nee,B,Nee,B,B,B,Nee,B,B/Z,B,B,B,B,B,B,B,B,B,Nee,B/Z,B,Nee,Nee,B,Nee,Nee,B,Nee,B/Z,Nee,Nee,B,B/Z,Nee,B,B,Nee,Nee,Nee,Nee,Nee,Nee,Nee,Nee,B,B,Nee,Nee,B,B,B,B,B,B,Nee,Nee,B/Z,B,Nee,B,Nee,B/Z,B,B,Nee,B/Z,B/Z,B,Nee,Nee,Nee,B,B/Z,Nee,Nee,BL01UK02NE010,UKNE010,737,24.56666667,2020,gb
R_1dNcoJPcTiacAhZ,Male,University degree or equivalent,University degree or equivalent,50,50,0,NA,Dutch;50;,English;50;,,65,35,0,NA,Dutch,NA,10,8,NA,NA,I always (or almost always) speak Dutch to my child,English,NA,2,10,NA,NA,I always (or almost always) speak English to my child,First,NA,1,NA,NA,,B,B,B,Nee,Nee,B/Z,Nee,Nee,Nee,B/Z,Nee,Nee,B,B,Nee,Nee,B/Z,B,Nee,Nee,Nee,Nee,B,Nee,B,Nee,B,B,Nee,Nee,B,Nee,Nee,B/Z,B,Nee,Nee,B/Z,B,Nee,Nee,B,Nee,Nee,Nee,Nee,B/Z,B,Nee,Nee,Nee,Nee,B,Nee,Nee,Nee,Nee,B/Z,Nee,Nee,B/Z,B/Z,Nee,Nee,Nee,Nee,B,Nee,Nee,Nee,Nee,Nee,Nee,Nee,Nee,Nee,B,Nee,Nee,Nee,Nee,Nee,Nee,Nee,Nee,Nee,Nee,Nee,Nee,Nee,Nee,Nee,Nee,B/Z,Nee,Nee,Nee,Nee,Nee,Nee,Nee,Nee,Nee,Nee,Nee,Nee,Nee,Nee,Nee,Nee,Nee,Nee,Nee,Nee,Nee,Nee,Nee,Nee,Nee,Nee,Nee,Nee,Nee,Nee,Nee,Nee,Nee,B,Nee,B,Nee,Nee,B,Nee,Nee,B,Nee,B/Z,Nee,Nee,Nee,Nee,Nee,B,Nee,Nee,Nee,Nee,Nee,Nee,Nee,Nee,B,Nee,Nee,Nee,Nee,B/Z,B/Z,B,Nee,Nee,Nee,B,Nee,Nee,Nee,Nee,Nee,Nee,Nee,Nee,Nee,Nee,B,Nee,Nee,Nee,B/Z,Nee,Nee,Nee,Nee,Nee,Nee,Nee,Nee,Nee,Nee,Nee,Nee,Nee,Nee,Nee,Nee,Nee,Nee,Nee,Nee,Nee,Nee,Nee,Nee,Nee,Nee,Nee,Nee,Nee,Nee,Nee,Nee,Nee,Nee,Nee,Nee,B,Nee,Nee,B,Nee,Nee,Nee,Nee,B/Z,Nee,Nee,Nee,Nee,Nee,B/Z,Nee,Nee,Nee,Nee,Nee,Nee,Nee,Nee,Nee,Nee,Nee,B,Nee,Nee,B,Nee,Nee,Nee,Nee,Nee,Nee,Nee,Nee,Nee,Nee,Nee,B,B,Nee,Nee,Nee,Nee,Nee,Nee,Nee,Nee,Nee,Nee,Nee,Nee,Nee,Nee,Nee,Nee,Nee,B/Z,Nee,Nee,B,Nee,Nee,Nee,Nee,Nee,Nee,Nee,Nee,Nee,Nee,Nee,Nee,Nee,Nee,Nee,Nee,Nee,Nee,Nee,Nee,Nee,Nee,Nee,Nee,Nee,Nee,Nee,Nee,Nee,Nee,Nee,Nee,Nee,Nee,Nee,B,Nee,B,Nee,Nee,Nee,Nee,Nee,Nee,Nee,Nee,Nee,Nee,Nee,Nee,Nee,Nee,Nee,Nee,Nee,Nee,Nee,Nee,Nee,B/Z,Nee,Nee,Nee,Nee,Nee,Nee,Nee,Nee,Nee,Nee,Nee,Nee,Nee,Nee,Nee,Nee,Nee,Nee,Nee,Nee,Nee,Nee,Nee,Nee,Nee,Nee,Nee,Nee,Nee,Nee,Nee,Nee,Nee,Nee,Nee,Nee,Nee,Nee,Nee,Nee,Nee,Nee,Nee,Nee,Nee,Nee,Nee,Nee,B/Z,Nee,Nee,Nee,Nee,Nee,Nee,Nee,Nee,Nee,Nee,Nee,Nee,Nee,Nee,Nee,Nee,Nee,Nee,Nee,Nee,Nee,Nee,Nee,Nee,Nee,Nee,Nee,Nee,Nee,Nee,BL01UK02NE003,UKNE003,718,23.93333333,2020,gb
R_1hYnocu8QDih5D5,Male,University degree or equivalent,University degree or equivalent,40,60,0,NA,Dutch;40;,English;60;,,60,40,0,NA,Dutch,NA,10,9,NA,NA,I always (or almost always) speak Dutch to my child,English,NA,1,10,NA,NA,I always (or almost always) speak English to my child,First,NA,1,NA,NA,,B/Z,B/Z,B/Z,B/Z,B,B/Z,B/Z,B/Z,B/Z,B/Z,B/Z,B/Z,B/Z,B/Z,B/Z,B,B,B/Z,Nee,B,B/Z,B,B/Z,Nee,B/Z,B/Z,B/Z,B/Z,Nee,Nee,B/Z,B/Z,B/Z,B/Z,B/Z,Nee,Nee,Nee,B/Z,B/Z,B/Z,B/Z,B/Z,B/Z,B/Z,B/Z,B/Z,B/Z,B/Z,B,Nee,B/Z,B/Z,B/Z,B/Z,B/Z,B/Z,B/Z,B/Z,B/Z,B/Z,B/Z,B/Z,Nee,B,B/Z,B/Z,Nee,B/Z,B,B,B/Z,B/Z,B,B/Z,B/Z,B/Z,Nee,B,Nee,B/Z,Nee,B/Z,B,B/Z,B/Z,B/Z,B,Nee,B/Z,B,B/Z,B/Z,B/Z,B/Z,B/Z,B/Z,B/Z,B/Z,B/Z,B/Z,B/Z,B/Z,B/Z,B/Z,B/Z,B/Z,B/Z,B/Z,B/Z,B/Z,B/Z,B/Z,B/Z,B/Z,Nee,B/Z,B/Z,B,B/Z,B/Z,B/Z,B,B,B,B/Z,B/Z,B/Z,B/Z,B/Z,B,B/Z,B/Z,B/Z,Nee,B/Z,B,B/Z,B/Z,B/Z,B/Z,B/Z,B,B/Z,B,B,B,B/Z,B,Nee,B,B/Z,B/Z,B/Z,B,B,B,B/Z,B/Z,B/Z,B/Z,Nee,B,B/Z,Nee,B,B/Z,B/Z,B/Z,B/Z,B/Z,B/Z,Nee,B/Z,B/Z,B/Z,Nee,B/Z,B/Z,B/Z,B,B,B,B,B,B/Z,B/Z,B/Z,Nee,B/Z,B/Z,B/Z,B/Z,Nee,B,B,B/Z,B,B/Z,B,B/Z,B/Z,B,Nee,B,B/Z,B,B,B,B/Z,B,B,B/Z,B,Nee,B/Z,Nee,B/Z,B,B/Z,B/Z,B/Z,B/Z,B/Z,Nee,Nee,B/Z,B/Z,B,B/Z,B/Z,B/Z,B/Z,B,B/Z,Nee,B/Z,B/Z,B,B/Z,Nee,Nee,Nee,Nee,B/Z,B,B/Z,B/Z,B,B,B/Z,B,B,B/Z,B/Z,B,B/Z,B,B,B/Z,B,B/Z,B,B/Z,B,B/Z,B/Z,B,B/Z,B,B,B/Z,B/Z,B,B/Z,B/Z,B,B,B/Z,B,B/Z,B,Nee,B,B/Z,B/Z,B/Z,B,B/Z,B,B/Z,B/Z,B/Z,B/Z,B,B,B/Z,B,B,B/Z,B/Z,B,B/Z,B/Z,B/Z,B/Z,B/Z,B/Z,B,B,B,B/Z,B,B,B,B/Z,B/Z,B/Z,B,B,B/Z,B,B/Z,B/Z,B/Z,B,B/Z,B/Z,B/Z,B,B,B/Z,B/Z,B,B,B/Z,Nee,B,B/Z,B/Z,B/Z,B,B,B/Z,B,B,B/Z,B/Z,B/Z,B,B/Z,B,B,B/Z,B,B/Z,B,B/Z,B,B/Z,B/Z,B,B/Z,B,B,B,B,Nee,B,B/Z,B/Z,B,Nee,B,B,B,B,B/Z,B,B/Z,B,B,B,B,B,B,Nee,B,B,B,B,B,B,B,B/Z,B/Z,B,Nee,B,B,B/Z,B/Z,B/Z,B,B/Z,B/Z,B,B,B/Z,B/Z,B,B,B/Z,B,B,B/Z,B,B,BL01UK02NE012,UKNE012,728,24.26666667,2020,gb
R_1EYfPyNWhEHh6Zm,Male,University degree or equivalent,University degree or equivalent,20,80,0,NA,Dutch;20;,English;80;,,40,60,0,NA,Dutch,NA,10,9,8,French,I always (or almost always) speak Dutch to my child,English,NA,1,10,3,Mandarin,I always (or almost always) speak English to my child,First,NA,1,NA,NA,,B/Z,B/Z,B/Z,B/Z,B,B/Z,B/Z,B/Z,Nee,B/Z,B/Z,B/Z,B/Z,B/Z,B/Z,B,B/Z,B/Z,B/Z,B,Nee,B,B/Z,Nee,B/Z,B/Z,B/Z,B/Z,B/Z,B,B/Z,B/Z,B/Z,B/Z,B/Z,B,Nee,B/Z,B/Z,B/Z,B/Z,B/Z,B/Z,B/Z,B/Z,B/Z,B/Z,B/Z,B/Z,B/Z,B/Z,B/Z,B/Z,B/Z,B/Z,B/Z,B/Z,B/Z,B,B/Z,B/Z,B/Z,B/Z,Nee,B/Z,B/Z,B/Z,B/Z,B/Z,Nee,B/Z,B/Z,B/Z,B/Z,B/Z,B/Z,B/Z,B/Z,B/Z,B/Z,B/Z,B/Z,B/Z,B/Z,B/Z,B/Z,B/Z,B/Z,B/Z,B/Z,B/Z,B/Z,B/Z,B/Z,B/Z,B/Z,B/Z,B/Z,B/Z,B/Z,B/Z,B/Z,B/Z,B/Z,B,B/Z,B/Z,B/Z,B/Z,B/Z,B/Z,B/Z,B/Z,B/Z,B/Z,Nee,B/Z,B/Z,B/Z,B/Z,B/Z,B/Z,Nee,B/Z,B/Z,B/Z,B/Z,B/Z,B,B/Z,B/Z,B/Z,B/Z,B/Z,B/Z,B/Z,B/Z,B/Z,B/Z,B/Z,B/Z,B/Z,B/Z,B/Z,B/Z,B/Z,B,B/Z,B/Z,Nee,B/Z,B/Z,B/Z,B/Z,B/Z,B/Z,B/Z,B/Z,B/Z,B/Z,B/Z,B/Z,B/Z,B/Z,B/Z,B/Z,B/Z,B/Z,B/Z,Nee,B/Z,B/Z,B/Z,B/Z,B/Z,B/Z,B,B/Z,B/Z,B/Z,B/Z,B/Z,Nee,Nee,B/Z,Nee,B,B/Z,Nee,B/Z,B/Z,B/Z,B/Z,Nee,B/Z,Nee,B/Z,B/Z,B/Z,B/Z,B/Z,B/Z,B/Z,B/Z,B/Z,B/Z,B/Z,B/Z,B/Z,B/Z,Nee,B/Z,B/Z,B/Z,B/Z,B/Z,Nee,B/Z,B/Z,B/Z,B/Z,B/Z,B/Z,B/Z,B,B/Z,Nee,B/Z,B/Z,B/Z,B/Z,B/Z,B/Z,B/Z,Nee,B/Z,Nee,B/Z,B/Z,Nee,Nee,B/Z,B/Z,B/Z,B/Z,B/Z,B/Z,B/Z,B/Z,B/Z,B/Z,B/Z,B,B/Z,B/Z,B,B/Z,B/Z,B/Z,B/Z,B/Z,B,B/Z,B/Z,Nee,B/Z,B/Z,B/Z,B/Z,B/Z,B/Z,B/Z,B/Z,B/Z,B/Z,B/Z,B/Z,B/Z,B/Z,B/Z,B/Z,B/Z,B,B/Z,B/Z,B/Z,B/Z,B/Z,B/Z,B,B/Z,B/Z,B/Z,B/Z,B/Z,B/Z,B/Z,B/Z,B/Z,B/Z,B/Z,B/Z,B/Z,B/Z,B/Z,B/Z,B/Z,B/Z,B/Z,B/Z,B/Z,B/Z,B/Z,B,B/Z,B/Z,B/Z,B/Z,B/Z,B/Z,B/Z,B/Z,B/Z,B/Z,B/Z,B/Z,B/Z,B/Z,B/Z,B/Z,B/Z,B/Z,B/Z,B/Z,Nee,B/Z,B/Z,Nee,B/Z,B/Z,B/Z,B/Z,B/Z,B/Z,B/Z,Nee,B/Z,B/Z,B/Z,B/Z,B/Z,B/Z,B/Z,B/Z,B/Z,B/Z,B/Z,B/Z,B/Z,B/Z,B/Z,B/Z,B/Z,B/Z,Nee,Nee,B/Z,Nee,Nee,B/Z,B/Z,B/Z,B/Z,Nee,B/Z,Nee,B/Z,B/Z,B/Z,B/Z,B/Z,B,B/Z,B/Z,B,B/Z,B,B/Z,B/Z,B,B,B/Z,B/Z,B/Z,B/Z,B/Z,B/Z,B/Z,B/Z,B/Z,B/Z,B/Z,B/Z,B/Z,B/Z,B/Z,B/Z,B/Z,B/Z,B/Z,B/Z,B/Z,B/Z,B,B/Z,B/Z,B/Z,B/Z,BL01UK02NE015,UKNE015,836,27.86666667,2020,gb
R_3KVA78X25WgN3w8,Male,University degree or equivalent,Left school at 18 with A-Levels or equivalent,70,30,0,NA,Dutch;70;,English;30;,,100,0,0,NA,Dutch,NA,10,9,3,French,I always (or almost always) speak Dutch to my child,Dutch,NA,10,9,5,French,I always (or almost always) speak Dutch to my child,First,NA,1,NA,NA,,B/Z,B,B/Z,B,Nee,B/Z,B/Z,B/Z,B/Z,B/Z,B/Z,B/Z,B/Z,B/Z,B/Z,B,Nee,B/Z,B/Z,B/Z,B/Z,Nee,B/Z,Nee,Nee,B,B/Z,B,Nee,Nee,B/Z,Nee,B/Z,B/Z,B/Z,B/Z,Nee,Nee,B,Nee,Nee,Nee,B/Z,Nee,B/Z,Nee,B/Z,B/Z,B/Z,Nee,B/Z,B/Z,B/Z,Nee,B/Z,B/Z,Nee,B/Z,B/Z,B/Z,B/Z,B/Z,B/Z,B/Z,Nee,B,B/Z,B/Z,B/Z,Nee,B/Z,Nee,B/Z,B,B/Z,B,B/Z,Nee,B/Z,Nee,B/Z,Nee,B/Z,B/Z,B/Z,B,B/Z,B/Z,B/Z,B,B,B/Z,B/Z,B/Z,B/Z,B/Z,B/Z,B/Z,B,B/Z,B/Z,B/Z,B/Z,B/Z,B,B/Z,B/Z,B/Z,B,B/Z,Nee,B,Nee,B,B,Nee,B/Z,B,Nee,B/Z,Nee,Nee,Nee,B,Nee,Nee,B,B/Z,Nee,B/Z,Nee,Nee,B/Z,Nee,Nee,B/Z,Nee,B/Z,B/Z,B/Z,Nee,Nee,B,B,Nee,Nee,Nee,B/Z,Nee,Nee,Nee,B/Z,B/Z,B/Z,B/Z,Nee,Nee,B/Z,B/Z,B/Z,B/Z,B,B/Z,B/Z,Nee,B,B/Z,B/Z,B/Z,B,Nee,B,Nee,Nee,B/Z,B,Nee,B/Z,B/Z,B,B,B/Z,Nee,B,B/Z,Nee,B/Z,B,Nee,Nee,B/Z,B,B,Nee,B/Z,Nee,B,Nee,Nee,B,B,Nee,B,Nee,B/Z,B/Z,B,B,B/Z,B,Nee,Nee,Nee,Nee,Nee,B,Nee,B,B,B/Z,B/Z,B,B,B/Z,Nee,Nee,Nee,Nee,B,B/Z,B,Nee,Nee,Nee,Nee,Nee,Nee,B/Z,Nee,Nee,Nee,Nee,Nee,Nee,B/Z,Nee,B/Z,B/Z,Nee,B/Z,B/Z,Nee,B/Z,B/Z,B/Z,Nee,B/Z,Nee,B,B/Z,Nee,B/Z,B,Nee,Nee,Nee,B,Nee,B,Nee,Nee,Nee,B/Z,Nee,Nee,B,Nee,Nee,B/Z,Nee,Nee,Nee,Nee,Nee,B,Nee,Nee,Nee,Nee,Nee,Nee,Nee,Nee,B,B,Nee,B,Nee,Nee,B,Nee,Nee,Nee,Nee,Nee,Nee,Nee,B,Nee,Nee,Nee,B/Z,Nee,Nee,B/Z,B,B/Z,B,B,Nee,B,B,B,Nee,Nee,Nee,B/Z,B/Z,Nee,Nee,Nee,Nee,Nee,Nee,Nee,B/Z,Nee,Nee,B/Z,Nee,Nee,B/Z,Nee,B,B/Z,Nee,B,Nee,B/Z,Nee,Nee,B/Z,Nee,B,B,B,B,B,B,B,B/Z,Nee,B/Z,Nee,Nee,Nee,Nee,B,Nee,Nee,B,Nee,Nee,Nee,Nee,Nee,Nee,Nee,Nee,Nee,B,B,Nee,B,Nee,Nee,Nee,Nee,B/Z,Nee,Nee,Nee,Nee,Nee,Nee,Nee,Nee,Nee,Nee,Nee,B,B,Nee,Nee,Nee,Nee,Nee,B,Nee,Nee,Nee,Nee,Nee,Nee,Nee,Nee,Nee,Nee,BL01UK02NE018,UKNE018,871,29.03333333,2020,gb
R_51hlmr84jARO1qx,Female,University degree or equivalent,University degree or equivalent,20,80,0,NA,Dutch;20;,English;80;,,30,70,0,NA,Dutch,NA,10,9,NA,NA,I regularly speak both Dutch and English to my child,English,NA,1,10,NA,NA,I always (or almost always) speak English to my child,First,NA,1,NA,NA,,B/Z,B/Z,B/Z,Nee,B,B/Z,B/Z,B,Nee,B,Nee,B,B,B,B/Z,B,B,B,Nee,Nee,B,Nee,B,Nee,B,B/Z,B,B,Nee,Nee,B,B,B,B,B,Nee,Nee,B/Z,B,B,B,B,B,B,B,B/Z,B/Z,B,B,Nee,B/Z,B/Z,B,Nee,B,B,Nee,B/Z,B/Z,B,B/Z,B/Z,B,Nee,Nee,B,B/Z,B,B,B,B,B,B/Z,Nee,B,B,B/Z,Nee,B/Z,Nee,B,B/Z,B/Z,B,B/Z,B/Z,B/Z,B/Z,B,Nee,B,B,Nee,B,B/Z,B,B,B,B,B,B,B,B,B,Nee,B,B,B,B,B,B,B,B,B,B,Nee,B,B,B,Nee,B,B,Nee,B,B,B,B,B,B,B,Nee,Nee,B/Z,B,Nee,B,B,B/Z,B,B/Z,B,Nee,Nee,B/Z,Nee,B,Nee,B,B,B,B,B,B,B,B,Nee,B,B/Z,B,B,B,Nee,B,B,Nee,B,B/Z,B,B/Z,B,B,B,Nee,B,B,B,B,B,B,Nee,B,B,Nee,B,B,Nee,B,B,B,B/Z,B,B,B,Nee,B,Nee,B,B/Z,Nee,Nee,B,B,Nee,Nee,B,B/Z,B,Nee,B,B,Nee,Nee,Nee,B,Nee,B,Nee,B,B,B,B/Z,B,B,B/Z,Nee,Nee,B,Nee,Nee,B/Z,B,Nee,Nee,Nee,B/Z,B,B/Z,B/Z,Nee,Nee,Nee,B,B,B/Z,B/Z,B,B/Z,B/Z,B,B,B/Z,Nee,Nee,B/Z,B/Z,B/Z,B/Z,B,B,B/Z,B,B/Z,B,B,Nee,Nee,B,B,B,Nee,B,B,B,B,B,B/Z,B,B,B,Nee,B,B,Nee,B,B,B,B,Nee,Nee,Nee,B,B,B,B,Nee,Nee,B,Nee,B,B,B,B,B,B,Nee,Nee,B,Nee,Nee,Nee,Nee,B,Nee,B,B,B,B,B,B,Nee,B,B,Nee,Nee,B,B,B,B,B,Nee,Nee,B,B,B,Nee,B/Z,Nee,Nee,B/Z,B,B,B,B,Nee,B,Nee,B,B,B/Z,Nee,B,B,B/Z,B,B/Z,B/Z,B,B/Z,B,Nee,B,Nee,B,B,Nee,Nee,B,Nee,Nee,B,Nee,B,B,B,B,B,B,B,B,B/Z,B,B,B,B,B,B,Nee,B/Z,B/Z,B,B,B,B/Z,B/Z,B/Z,B,B,B,B,B,B/Z,B,B,B,B,B,B,B,B,B,B,B,B,B,B,B,B,Nee,BL01UK02NE020,UKNE020,1052,35.06666667,2020,gb
R_2qrURo3cLCnbfkI,Female,Left school at 18 with A-Levels or equivalent,University degree or equivalent,60,40,0,NA,Dutch;60;,English;40;,,60,40,0,NA,Dutch,NA,10,8,NA,NA,I always (or almost always) speak Dutch to my child,Dutch,NA,10,8,NA,NA,I always (or almost always) speak Dutch to my child,First,NA,1,NA,NA,,B/Z,B,B/Z,B,B,B/Z,B,B/Z,B/Z,B,B,B/Z,B,B,B,B,B,B/Z,B,B,B,B,B/Z,B,B,B,B/Z,B,B,B,B,B,B,B,B,B,B,B,B,B,B,B,B,B,B,B,B,B,B,Nee,B,B/Z,B,Nee,B,B,B,B/Z,B,B,B,B,B,B,B,B,B/Z,B,B/Z,B,B,B,B,B,B/Z,B,B,B,B,Nee,B/Z,B,B/Z,B,B,B/Z,B,B,B,B,B,B,B,B,B,B,B,B,B,B,Nee,B,Nee,B,B,B,B,B,B,B,Nee,B,Nee,B,B,Nee,B,Nee,B,B,B,B,B,B,Nee,B,B,B,Nee,B,Nee,Nee,B,B,B,B,B,B,B,B,B,B,B,B,B,B,B,B,B,B,B,B,B/Z,B,B,B,B,B,B,B,B,B,B,B,B,B,B,B,B,B,B,B,Nee,Nee,Nee,Nee,Nee,B,B,B,B,B,B,B,B,B,B,B,Nee,B,B,B,B,B,B,Nee,B,Nee,Nee,B,Nee,Nee,Nee,Nee,B,B,B,B,B,B,B,Nee,Nee,Nee,Nee,B,B,B,B,B/Z,B,B,B,B/Z,Nee,Nee,Nee,Nee,B,B/Z,B,Nee,B,Nee,B/Z,Nee,Nee,B/Z,B,Nee,Nee,Nee,Nee,Nee,B,B,B/Z,B,B,B,B/Z,B,B/Z,B/Z,B/Z,B,B/Z,B,B,B,B,B/Z,B,B,Nee,Nee,B,B,B,Nee,Nee,B,B,B,B,B,Nee,Nee,Nee,Nee,B,B,B,B,B,B,B,B,B,B,B,B,Nee,B,Nee,B,B,B,B,B,B,B,B,B,B,B,B,B,Nee,Nee,B,B,B,B,B,B,B,Nee,B,B,B,B,Nee,B,B,B,B,B,B,Nee,Nee,B,B,B,B,B,B,Nee,B,B,B,B,B,B,B,Nee,B,B,B,B,B,B,B,B,B,B,B,B,B/Z,B,B,B,B,B,B,B,B,B,B,B,B,B,Nee,B,B,B,B,B,B,B,B,B,Nee,B,Nee,B,Nee,B/Z,B/Z,B,B,B,B,B,B,B,B,B,B,B,B,B,B,B,B,B,B,B,B,B,Nee,Nee,B,B,Nee,B/Z,B,B,BL01UK02NE013,UKNE013,470,15.66666667,2020,gb
R_3LiPQI0V6DaC1kS,Female,University degree or equivalent,University degree or equivalent,30,70,0,NA,Dutch;30;,English;70;,,40,60,0,NA,Dutch,NA,10,9,NA,NA,I always (or almost always) speak Dutch to my child,English,NA,2,10,NA,NA,I always (or almost always) speak English to my child,First,NA,1,NA,NA,,B,B/Z,B/Z,B/Z,B,B/Z,B/Z,B/Z,B/Z,B/Z,B/Z,B/Z,B,B,B,B,Nee,B,B,Nee,Nee,Nee,B,Nee,B,B,B,B,B,B,B,B,B,B,B,B,B,B,B,B,B,B,B,B,B,B,B,B,Nee,Nee,B,Nee,B,Nee,B,B,Nee,B,Nee,Nee,B,B/Z,B/Z,B,B,Nee,B/Z,Nee,B/Z,Nee,Nee,B,B,Nee,Nee,Nee,B,Nee,B,Nee,Nee,Nee,B,B,B,B,B,Nee,Nee,B,B/Z,Nee,Nee,B/Z,Nee,B,B,B,B,Nee,B,B,B,B,B,B,B,B,Nee,B,Nee,B,Nee,B,Nee,Nee,B,Nee,Nee,Nee,B,Nee,Nee,Nee,Nee,B,B,B,Nee,B,Nee,B,B,Nee,Nee,B,B,B,B,B,Nee,B,B,B,Nee,B,Nee,B,Nee,Nee,B,B,B,B,B,Nee,Nee,B,B,B,Nee,Nee,B,B,Nee,Nee,B/Z,Nee,B,B,Nee,B,Nee,Nee,Nee,Nee,Nee,Nee,B/Z,Nee,Nee,B,Nee,Nee,B,B,B,Nee,Nee,Nee,Nee,Nee,Nee,Nee,Nee,Nee,Nee,Nee,Nee,Nee,Nee,Nee,Nee,Nee,Nee,B,Nee,Nee,Nee,Nee,Nee,Nee,Nee,Nee,Nee,Nee,B,B,B,B,B,B,B,B/Z,Nee,Nee,Nee,Nee,B,B/Z,Nee,Nee,B,Nee,B/Z,Nee,B/Z,Nee,Nee,Nee,Nee,Nee,Nee,Nee,B,Nee,B/Z,B,B,B,B,Nee,B,B,B/Z,Nee,B/Z,B,B,B,B,B/Z,B,B,Nee,Nee,B,B,B,Nee,Nee,B,B,Nee,Nee,B,Nee,Nee,B,B,B,B,Nee,B,B,B,B,Nee,B,Nee,B,B,Nee,B,Nee,B,B,B,Nee,B,Nee,Nee,B,B,Nee,B,Nee,B,Nee,Nee,Nee,B,Nee,B,B,B,B,B,Nee,Nee,Nee,Nee,Nee,Nee,Nee,B,Nee,Nee,Nee,Nee,Nee,Nee,Nee,Nee,Nee,B,Nee,Nee,Nee,Nee,Nee,B,Nee,Nee,Nee,Nee,B,Nee,Nee,Nee,B,B,B,Nee,Nee,B,B,B,B,B,B,Nee,Nee,B,Nee,Nee,Nee,Nee,Nee,B,Nee,B,Nee,Nee,B,Nee,Nee,B,B,Nee,B,Nee,Nee,Nee,Nee,Nee,Nee,Nee,Nee,Nee,Nee,Nee,Nee,Nee,Nee,Nee,Nee,Nee,Nee,Nee,B,B,B,Nee,B,B,B,Nee,Nee,B,Nee,Nee,B,Nee,Nee,B/Z,B/Z,B,BL01UK03NE001,UKNE001,653,21.76666667,2020,gb
R_6zn7x3htAN8RYdz,Female,University degree or equivalent,University degree or equivalent,70,30,0,NA,Dutch;70;,English;30;,,80,20,0,NA,English,NA,3,10,NA,NA,I regularly speak both Dutch and English to my child,Bilingual Dutch and English,NA,10,10,7,Italian,I always (or almost always) speak Dutch to my child,First,NA,1,NA,NA,,B/Z,B/Z,B/Z,B/Z,B/Z,B/Z,B/Z,B/Z,B/Z,B/Z,B/Z,B/Z,B/Z,B/Z,B/Z,B/Z,B/Z,B/Z,Nee,Nee,B/Z,Nee,B/Z,Nee,B/Z,B/Z,B/Z,B/Z,Nee,Nee,B/Z,B/Z,B/Z,B/Z,B/Z,B/Z,Nee,Nee,B/Z,B/Z,B/Z,Nee,B/Z,B/Z,B/Z,B/Z,B/Z,B/Z,B/Z,B/Z,B,B/Z,B/Z,B/Z,B/Z,B/Z,B/Z,B/Z,B/Z,B/Z,B/Z,B/Z,B/Z,B/Z,Nee,B/Z,B/Z,B/Z,B/Z,Nee,B/Z,B/Z,B/Z,B/Z,B/Z,Nee,B/Z,Nee,B/Z,Nee,B/Z,Nee,B/Z,B/Z,B/Z,B/Z,B/Z,B/Z,B/Z,Nee,B/Z,B/Z,B/Z,B/Z,B/Z,B/Z,B/Z,B/Z,B/Z,B/Z,B/Z,B/Z,B/Z,B/Z,B/Z,B/Z,B/Z,B/Z,B/Z,B/Z,B/Z,B/Z,Nee,B/Z,Nee,B/Z,B/Z,B/Z,Nee,B/Z,B/Z,B/Z,B/Z,B/Z,B/Z,B/Z,B/Z,B/Z,B/Z,B/Z,B/Z,B/Z,B/Z,B/Z,Nee,B/Z,B/Z,B/Z,B/Z,B/Z,Nee,B/Z,Nee,B/Z,B/Z,B/Z,Nee,Nee,B/Z,Nee,B/Z,B/Z,B/Z,B/Z,B/Z,Nee,B/Z,B/Z,B/Z,B/Z,B/Z,Nee,B/Z,B/Z,Nee,B/Z,B/Z,B/Z,B/Z,B/Z,Nee,B/Z,Nee,B/Z,B/Z,B/Z,B/Z,B/Z,B/Z,B/Z,B/Z,B/Z,Nee,B/Z,B/Z,Nee,B/Z,B/Z,Nee,Nee,B/Z,B/Z,B/Z,Nee,Nee,B/Z,B/Z,B/Z,Nee,B/Z,B/Z,Nee,B/Z,Nee,B/Z,B/Z,B/Z,B,Nee,B/Z,B/Z,Nee,Nee,Nee,Nee,B/Z,B/Z,B/Z,B/Z,B/Z,B/Z,Nee,Nee,B/Z,Nee,Nee,Nee,Nee,Nee,B/Z,B/Z,Nee,B/Z,Nee,B/Z,Nee,B/Z,B/Z,Nee,Nee,Nee,B,B/Z,Nee,B/Z,B/Z,B/Z,B/Z,B,B/Z,B/Z,B,B/Z,B/Z,B/Z,B/Z,B/Z,B/Z,B/Z,B/Z,B,B/Z,B/Z,B,Nee,Nee,B/Z,B/Z,B/Z,B/Z,Nee,B,B/Z,Nee,Nee,B/Z,Nee,B/Z,B/Z,B/Z,B,B/Z,Nee,B/Z,Nee,B/Z,B/Z,B/Z,B/Z,Nee,B,B/Z,B/Z,B/Z,B/Z,B/Z,B/Z,B/Z,B/Z,B/Z,B/Z,B/Z,B/Z,B/Z,B/Z,B/Z,B/Z,B/Z,B,B,B/Z,B/Z,Nee,B/Z,B/Z,B/Z,B/Z,B/Z,B/Z,B,B/Z,B/Z,Nee,Nee,B/Z,B/Z,B/Z,B/Z,B/Z,Nee,Nee,B/Z,B/Z,B/Z,Nee,B/Z,B/Z,Nee,B/Z,B/Z,B/Z,B,B/Z,Nee,B/Z,Nee,Nee,B/Z,B/Z,B/Z,B/Z,B,B/Z,B/Z,B/Z,B/Z,B/Z,B/Z,B/Z,B/Z,B/Z,Nee,B/Z,B/Z,Nee,Nee,B/Z,B/Z,Nee,B/Z,Nee,B/Z,Nee,B/Z,B/Z,Nee,Nee,B/Z,B/Z,Nee,B/Z,Nee,Nee,B/Z,Nee,Nee,Nee,B/Z,B/Z,Nee,B/Z,B/Z,B/Z,Nee,Nee,Nee,Nee,Nee,B/Z,B/Z,B/Z,B/Z,B/Z,B/Z,B/Z,B/Z,B/Z,Nee,B/Z,B/Z,B/Z,B/Z,B/Z,B/Z,Nee,B/Z,B/Z,Nee,BL01UK02NE004,UKNE004,615,20.5,2020,gb
R_3dGPq5vPy4HjSiV,Male,University degree or equivalent,University degree or equivalent,70,30,0,NA,Dutch;70;,English;30;,,90,10,0,NA,Dutch,NA,10,9,NA,NA,I always (or almost always) speak Dutch to my child,Dutch,NA,10,9,NA,NA,I always (or almost always) speak Dutch to my child,First,NA,1,NA,NA,,B/Z,B/Z,B,B/Z,B,B/Z,B/Z,B,B/Z,B,B/Z,B/Z,B,B,B,B,B,B,B,B,B,B,B,Nee,B,B/Z,B/Z,B,B,B,B,B,B/Z,B,B/Z,B,B,B,B,B,B,B,B/Z,B,B/Z,B,B,B,B/Z,B,B,B,B/Z,B/Z,B,B,B,B/Z,B,B,B/Z,B,B,B/Z,B,B,B/Z,B,B,Nee,B/Z,B/Z,B,B,Nee,B,B,B,B,B,B,B,Nee,Nee,B,B/Z,B,B,B,B,B/Z,Nee,Nee,B,B,B,B/Z,B,B,B/Z,B,B,B,B,B,B,B/Z,B/Z,B,B,B,B,B,B,B,B,B/Z,B/Z,B,B,B,B,B,B,B,B,B,B,B,B,B,B,B,B,B,B,B,B,B,B,B,Nee,B,B,B,Nee,B,Nee,B,Nee,B,B,B,B,B,Nee,B,B,B/Z,B,B,B,B,B,B,B,B,B/Z,B,B,B,B,B,Nee,B/Z,B,Nee,B,B,Nee,B,B,Nee,Nee,B,B,B/Z,Nee,Nee,B,B,B,B,Nee,B,B,B,B,Nee,Nee,B,B,B,B,B,B,B,Nee,B,B,Nee,B,B,B,B,B,B,B,B,B,B,B,B,B/Z,B,Nee,Nee,B,B,B,B,B,B,B,B,Nee,B,B,Nee,Nee,Nee,Nee,B,Nee,B,B,B/Z,B,Nee,B,B,B,B,B/Z,B/Z,B,B/Z,B,B,B,B,B/Z,B,B,Nee,B/Z,B,B,B,B,B,B,B,B,B,B,B,B,B,B,B,B,B,B,B,B,B,B,B,B,B,B,B,B,B,B,B,B,B,B,B,B,B/Z,B,B,B,B,B,B,B,B,B,B/Z,B,B,B/Z,B,B,B,B,B,B,B,B,B,B,B,B,B,B,B,B,B,B,B,B/Z,B,B,B/Z,B,B,B,B,B,B,Nee,B,B,B,B,B,B,B,B,B,B,B,B,B,B,B,Nee,B,B,B,B,B,B,B,B,B,B,B,B,B,B,Nee,B,B,B,B,B,B,B,B,B,B,B,B/Z,B,B,B,B,B,B,B,B,B,B,B,B,B,B,B,B/Z,B,B,B,B,B,B,B,B,B,B,B,B,B,BL01UK03NE009,UKNE009,277,9.233333333,2020,gb
R_3nGJSvdAFHtfPBR,Male,University degree or equivalent,University degree or equivalent,50,50,0,NA,Dutch;50;,English;50;,,65,35,0,NA,Dutch,NA,9,10,3,Frisian,I always (or almost always) speak Dutch to my child,English,NA,6,10,NA,NA,I regularly speak both Dutch and English to my child,Second,NA,2,NA,NA,,B/Z,B/Z,B/Z,B/Z,B/Z,B/Z,B/Z,B/Z,B/Z,B/Z,B/Z,B/Z,B/Z,B/Z,B/Z,B,B/Z,B/Z,B/Z,B/Z,B/Z,B/Z,B/Z,B,B/Z,B/Z,B/Z,B/Z,B,Nee,B/Z,B/Z,B/Z,B/Z,B/Z,B/Z,B,B,B/Z,B/Z,B/Z,B/Z,B/Z,B/Z,B/Z,B/Z,B/Z,B/Z,B/Z,B/Z,B/Z,B/Z,B/Z,B/Z,B/Z,B/Z,B/Z,B/Z,B/Z,B,B/Z,B/Z,B,B/Z,B,B,B/Z,B,B/Z,B,B/Z,B/Z,B/Z,B,B/Z,B,B/Z,B,B/Z,B,B/Z,Nee,B/Z,B/Z,Nee,B/Z,B/Z,B/Z,B/Z,B,B,B/Z,B,B/Z,B/Z,B,B,B,B,B/Z,B/Z,B/Z,B,B/Z,B/Z,B/Z,B/Z,B/Z,B/Z,B/Z,Nee,B/Z,Nee,B/Z,B/Z,Nee,B/Z,Nee,Nee,B/Z,B/Z,Nee,Nee,Nee,B,B,B/Z,B/Z,Nee,B/Z,Nee,Nee,B/Z,B/Z,Nee,B/Z,B,B/Z,B/Z,B,B,B,Nee,B,B,B/Z,B,B,B/Z,Nee,B,B/Z,B/Z,B/Z,B/Z,Nee,B,B/Z,B/Z,B/Z,B,Nee,B/Z,B/Z,Nee,B,B/Z,Nee,B/Z,B/Z,B,B/Z,B/Z,B,Nee,B/Z,B/Z,B/Z,B/Z,B/Z,B,B/Z,B/Z,B/Z,B,B,B,Nee,Nee,B,B/Z,Nee,B/Z,Nee,B,Nee,B,Nee,Nee,Nee,B/Z,B,B,Nee,B,B/Z,B/Z,Nee,B,B,Nee,Nee,B,B,Nee,B,Nee,B,B,B/Z,B,B,B/Z,B/Z,Nee,B,B,B,B,B/Z,B/Z,B/Z,B/Z,B/Z,B/Z,Nee,B/Z,B/Z,Nee,B/Z,B,B,B,B,B/Z,B,B/Z,B,B,B,Nee,B,B,B/Z,B/Z,B,B/Z,B,B/Z,B/Z,B,B,B/Z,B,Nee,B,B/Z,B,B,B,B,B,B/Z,B,B,B/Z,Nee,B,B/Z,B,B,B,B,B,Nee,B/Z,B/Z,B,B/Z,Nee,B,B/Z,B,B/Z,B/Z,B,B,B,B/Z,B,B,B,B/Z,B/Z,B,B,B/Z,B,B,B,B,B/Z,B,B,B/Z,B/Z,B/Z,B,B,B,B/Z,B,B,B,B,B,B/Z,B/Z,B,Nee,Nee,B/Z,B/Z,B/Z,Nee,B/Z,B/Z,B,B/Z,B/Z,B/Z,B/Z,B/Z,B,B/Z,Nee,B,B/Z,B,B/Z,B,B/Z,B/Z,B/Z,B,B/Z,B/Z,B/Z,B/Z,B/Z,B/Z,Nee,B/Z,B,B,Nee,B,Nee,Nee,B,B,B/Z,Nee,B,B/Z,B/Z,B,B/Z,B/Z,B/Z,B,B,B,B/Z,B,B,B,Nee,B/Z,Nee,Nee,B,B,B/Z,B/Z,B/Z,B,Nee,B,B/Z,B/Z,B/Z,B/Z,B/Z,B/Z,B/Z,B/Z,B,B/Z,B/Z,B/Z,B/Z,B,B,B/Z,B/Z,B,B/Z,BL01UK03NE010,UKNE010,837,27.9,2020,gb
R_D6r1KwAH0WkrAC5,Male,University degree or equivalent,University degree or equivalent,50,50,0,NA,Dutch;50;,English;50;,,65,35,0,NA,Dutch,NA,10,8,NA,NA,I always (or almost always) speak Dutch to my child,English,NA,2,10,NA,NA,I always (or almost always) speak English to my child,First,NA,1,Always (or almost always) English,25,,Nee,Nee,Nee,Nee,Nee,B/Z,B/Z,Nee,B/Z,Nee,B/Z,Nee,B/Z,B/Z,Nee,Nee,B/Z,B/Z,B/Z,Nee,B/Z,B/Z,B/Z,Nee,B/Z,B/Z,B/Z,B/Z,Nee,Nee,B/Z,B/Z,B/Z,B/Z,B/Z,B/Z,Nee,B/Z,B/Z,B,B,B/Z,B/Z,B/Z,B,B,B/Z,B/Z,B/Z,Nee,Nee,B/Z,B/Z,Nee,B/Z,B/Z,Nee,B/Z,Nee,Nee,B/Z,B/Z,Nee,Nee,B,Nee,B/Z,Nee,B/Z,Nee,Nee,B,B/Z,B/Z,Nee,Nee,B/Z,Nee,Nee,Nee,Nee,B/Z,Nee,Nee,Nee,B/Z,B/Z,B/Z,Nee,Nee,Nee,Nee,Nee,B/Z,B/Z,Nee,Nee,B/Z,Nee,Nee,B/Z,B/Z,Nee,B/Z,Nee,B/Z,B/Z,B/Z,Nee,Nee,Nee,Nee,Nee,B,Nee,Nee,B/Z,B,Nee,Nee,B/Z,Nee,Nee,Nee,Nee,B,B,B,B,B/Z,Nee,Nee,B/Z,Nee,Nee,B,Nee,B,B,B,Nee,Nee,Nee,B,Nee,Nee,Nee,Nee,B,Nee,B,Nee,B/Z,Nee,Nee,Nee,B,B/Z,B/Z,B/Z,Nee,Nee,B,B/Z,Nee,B,B/Z,Nee,Nee,B,Nee,B,Nee,Nee,Nee,B,Nee,B,B/Z,B,B,Nee,Nee,Nee,B,Nee,B,B,Nee,B,Nee,B,Nee,Nee,Nee,Nee,Nee,Nee,Nee,Nee,B/Z,Nee,Nee,Nee,B,B/Z,B/Z,Nee,B,Nee,Nee,B,Nee,Nee,Nee,B/Z,Nee,Nee,B,B,B,Nee,Nee,B/Z,Nee,Nee,Nee,Nee,Nee,B/Z,Nee,Nee,Nee,Nee,Nee,Nee,Nee,B,Nee,Nee,Nee,B,Nee,Nee,B,B,B/Z,B/Z,B,Nee,B/Z,Nee,B,B/Z,Nee,B,B/Z,B,B/Z,B,Nee,Nee,B,Nee,Nee,Nee,B/Z,Nee,B,Nee,Nee,B,B,Nee,Nee,B/Z,Nee,Nee,B/Z,Nee,Nee,Nee,Nee,Nee,Nee,B/Z,Nee,Nee,Nee,Nee,B/Z,B/Z,Nee,B,Nee,Nee,B/Z,Nee,Nee,B,Nee,Nee,Nee,B,B,Nee,B,Nee,Nee,Nee,Nee,B,Nee,Nee,B/Z,B,B,B,B,Nee,Nee,Nee,Nee,Nee,B,Nee,Nee,Nee,Nee,Nee,Nee,B,Nee,B,Nee,Nee,Nee,Nee,B/Z,Nee,B/Z,B,Nee,Nee,B/Z,Nee,Nee,B/Z,B/Z,Nee,B/Z,B,B,B,B,B/Z,Nee,B/Z,B,B,B,Nee,B/Z,Nee,Nee,Nee,Nee,B,Nee,B,Nee,Nee,Nee,Nee,B/Z,Nee,Nee,B/Z,Nee,B,B,Nee,Nee,Nee,Nee,Nee,Nee,Nee,Nee,Nee,Nee,Nee,Nee,Nee,Nee,Nee,Nee,Nee,Nee,Nee,B/Z,Nee,B/Z,Nee,Nee,Nee,Nee,Nee,Nee,Nee,Nee,Nee,Nee,Nee,Nee,B/Z,B/Z,Nee,BL01UK03NE003,UKNE003,842,28.06666667,2020,gb
R_1rOHRKt9jExX5Dg,Female,University degree or equivalent,University degree or equivalent,30,70,0,NA,Dutch;30;,English;70;,,40,60,0,NA,Dutch,NA,10,9,7,German,I regularly speak both Dutch and English to my child,English,NA,0,10,NA,NA,I always (or almost always) speak English to my child,First,NA,1,Always (or almost always) English,6,,B/Z,B,B/Z,B/Z,Nee,B/Z,B/Z,B/Z,B/Z,B/Z,B/Z,B/Z,B,B,B,Nee,Nee,B,Nee,Nee,Nee,Nee,B,Nee,B,B,B,Nee,Nee,Nee,Nee,B,B,Nee,B/Z,Nee,Nee,Nee,B,Nee,B/Z,Nee,B/Z,Nee,B,B,B,B,Nee,Nee,Nee,Nee,Nee,Nee,Nee,Nee,Nee,B/Z,Nee,Nee,B/Z,Nee,Nee,Nee,Nee,Nee,B/Z,Nee,B/Z,Nee,Nee,B/Z,Nee,Nee,Nee,Nee,B/Z,Nee,Nee,Nee,Nee,B,B/Z,Nee,Nee,B/Z,Nee,Nee,Nee,Nee,Nee,Nee,Nee,Nee,Nee,B/Z,Nee,Nee,Nee,Nee,B/Z,Nee,Nee,Nee,Nee,Nee,Nee,Nee,Nee,Nee,Nee,Nee,Nee,Nee,Nee,Nee,Nee,Nee,Nee,Nee,Nee,Nee,Nee,Nee,Nee,Nee,Nee,Nee,B,B,Nee,B,B,Nee,Nee,B/Z,Nee,Nee,Nee,Nee,Nee,Nee,Nee,B,Nee,Nee,Nee,Nee,Nee,Nee,B,Nee,Nee,Nee,Nee,Nee,Nee,B,B,B/Z,Nee,Nee,Nee,B/Z,Nee,Nee,B/Z,Nee,B,Nee,Nee,Nee,Nee,Nee,Nee,Nee,Nee,Nee,B/Z,B,Nee,B/Z,Nee,Nee,Nee,Nee,B,Nee,Nee,Nee,Nee,Nee,Nee,Nee,Nee,Nee,Nee,Nee,Nee,Nee,Nee,Nee,Nee,Nee,Nee,Nee,Nee,Nee,Nee,Nee,Nee,Nee,Nee,Nee,Nee,Nee,Nee,Nee,B,B,Nee,Nee,Nee,B/Z,Nee,Nee,Nee,Nee,B,B/Z,Nee,Nee,Nee,Nee,B,Nee,Nee,Nee,Nee,Nee,Nee,Nee,Nee,Nee,Nee,Nee,Nee,B,Nee,Nee,Nee,Nee,B,Nee,B/Z,Nee,B,B,Nee,B,Nee,B,Nee,Nee,Nee,Nee,Nee,Nee,Nee,Nee,Nee,Nee,B,Nee,Nee,B,Nee,Nee,B,Nee,Nee,Nee,Nee,Nee,Nee,B/Z,Nee,Nee,Nee,Nee,Nee,Nee,Nee,B,Nee,Nee,B,Nee,Nee,B,Nee,Nee,Nee,Nee,Nee,Nee,Nee,B,Nee,Nee,Nee,Nee,Nee,Nee,Nee,Nee,Nee,Nee,Nee,Nee,Nee,Nee,Nee,Nee,Nee,Nee,Nee,B,Nee,Nee,Nee,Nee,B,Nee,Nee,B,Nee,B,Nee,Nee,Nee,Nee,Nee,Nee,Nee,Nee,B,Nee,Nee,Nee,B/Z,B/Z,Nee,Nee,Nee,Nee,Nee,B,Nee,Nee,B/Z,Nee,Nee,B,Nee,Nee,Nee,Nee,Nee,B,B,Nee,Nee,Nee,B,Nee,Nee,B,B,Nee,Nee,Nee,Nee,Nee,Nee,Nee,Nee,B,B/Z,Nee,Nee,Nee,Nee,Nee,Nee,Nee,Nee,Nee,Nee,Nee,Nee,Nee,Nee,Nee,B,Nee,Nee,Nee,Nee,Nee,Nee,Nee,Nee,Nee,Nee,B/Z,Nee,B/Z,BL01UK02NE014,UKNE014,569,18.96666667,2021,gb
R_27Pt3GB0BqAveZH,Male,University degree or equivalent,University degree or equivalent,50,50,0,NA,Dutch;50;,English;50;,,60,40,0,NA,Dutch,NA,9,10,3,Frisian,I always (or almost always) speak Dutch to my child,English,NA,6,10,NA,NA,I regularly speak both Dutch and English to my child,Second,NA,2,Always (or almost always) English,12,,B/Z,B/Z,B/Z,B/Z,B/Z,B/Z,B/Z,B/Z,B/Z,B/Z,B/Z,B/Z,B/Z,B/Z,B/Z,B/Z,B/Z,B/Z,B/Z,B,B/Z,B/Z,B/Z,Nee,B/Z,B/Z,B/Z,B/Z,Nee,Nee,B/Z,B/Z,B/Z,B/Z,B/Z,B/Z,B/Z,B/Z,B/Z,B/Z,B/Z,B/Z,B/Z,B/Z,B/Z,B/Z,B/Z,B/Z,B/Z,B,B/Z,B/Z,B/Z,B/Z,B/Z,B/Z,B/Z,B/Z,B/Z,B/Z,B/Z,B/Z,B/Z,B/Z,B,B/Z,B/Z,B,B/Z,B/Z,B/Z,B/Z,B/Z,B/Z,B/Z,B/Z,B/Z,B,B/Z,B,B/Z,Nee,B/Z,B/Z,Nee,B/Z,B/Z,B/Z,B/Z,B/Z,B/Z,B/Z,B/Z,B/Z,B/Z,B/Z,B/Z,B/Z,B,B/Z,B/Z,B/Z,B/Z,B/Z,B/Z,B/Z,B/Z,B/Z,B,B/Z,B,B/Z,B,B/Z,B/Z,Nee,B/Z,B/Z,Nee,B/Z,B/Z,B,Nee,Nee,Nee,B/Z,B/Z,B/Z,B,B/Z,Nee,Nee,B/Z,B/Z,Nee,B/Z,B/Z,B/Z,B/Z,B/Z,Nee,B,B,B/Z,Nee,B/Z,B/Z,B/Z,B/Z,Nee,B/Z,B/Z,B/Z,B/Z,B/Z,Nee,B/Z,B/Z,B/Z,B/Z,B/Z,B,B/Z,B/Z,Nee,B/Z,B/Z,B,B/Z,B/Z,B/Z,B/Z,B/Z,B/Z,B/Z,B/Z,B,B/Z,B/Z,B/Z,B/Z,B/Z,B/Z,B/Z,B,B,B/Z,B,Nee,B/Z,B/Z,B/Z,B/Z,B/Z,B/Z,Nee,B/Z,B,Nee,B,B/Z,B/Z,B/Z,Nee,B/Z,B/Z,B/Z,Nee,B/Z,B/Z,Nee,Nee,B,Nee,Nee,B/Z,Nee,B,B/Z,B/Z,B,B/Z,B/Z,B/Z,Nee,Nee,B/Z,B,B/Z,B/Z,B/Z,B/Z,B/Z,B,B/Z,Nee,B/Z,B/Z,B,B/Z,B/Z,Nee,B/Z,B/Z,B/Z,B,B/Z,B/Z,Nee,B/Z,B/Z,B,B/Z,B/Z,B/Z,B/Z,B/Z,B/Z,B/Z,B/Z,B/Z,B,B/Z,Nee,Nee,B,B/Z,B/Z,B/Z,B,Nee,B/Z,B/Z,B/Z,B/Z,B/Z,Nee,B/Z,B/Z,B,B/Z,B,B,B/Z,B,B/Z,B/Z,B/Z,B/Z,Nee,B,B/Z,Nee,B/Z,B,B,B/Z,B,B,B/Z,B,B,B/Z,B/Z,B/Z,B,B/Z,B/Z,B/Z,B,B/Z,B/Z,B,B/Z,B/Z,B/Z,B/Z,B,B,B,B/Z,B,B,B,B/Z,B/Z,B/Z,B/Z,B/Z,B,B,B/Z,B/Z,B/Z,Nee,B/Z,B/Z,B/Z,B/Z,B/Z,B/Z,B/Z,B/Z,B,B/Z,Nee,B/Z,B/Z,B/Z,B/Z,B/Z,B/Z,B/Z,B/Z,B/Z,B/Z,B/Z,B/Z,B/Z,B/Z,B/Z,Nee,B/Z,B/Z,B/Z,Nee,B/Z,Nee,Nee,B,B,B,Nee,B,B/Z,B/Z,Nee,B/Z,B/Z,Nee,B/Z,B,B,B/Z,Nee,B,Nee,B/Z,B/Z,B/Z,B/Z,B/Z,B/Z,B/Z,B/Z,B/Z,B/Z,B,B/Z,B/Z,B/Z,B/Z,B/Z,B,B/Z,B/Z,B/Z,B,B/Z,B/Z,B/Z,B/Z,B,B,B/Z,B/Z,B/Z,B,BL01UK04NE010,UKNE010,942,31.4,2021,gb
R_1EWlAu0diuyk8Km,Male,University degree or equivalent,University degree or equivalent,40,60,0,NA,Dutch;40;,English;60;,,60,40,0,NA,Dutch,NA,10,8,NA,NA,I always (or almost always) speak Dutch to my child,English,NA,2,10,NA,NA,I always (or almost always) speak English to my child,First,NA,1,Always (or almost always) English,24,,B/Z,B,B/Z,B,Nee,B/Z,B/Z,Nee,B,B,B/Z,B,B/Z,B/Z,B/Z,B/Z,B/Z,B/Z,B,Nee,B/Z,Nee,B/Z,Nee,B/Z,B/Z,B/Z,B/Z,Nee,Nee,B/Z,B/Z,B/Z,B/Z,B/Z,Nee,Nee,B/Z,B/Z,B/Z,Nee,B/Z,B/Z,B/Z,B/Z,B,B/Z,B/Z,B/Z,B,Nee,B/Z,B/Z,Nee,B/Z,B,Nee,B/Z,Nee,Nee,B/Z,B,Nee,Nee,B,Nee,B/Z,Nee,B/Z,Nee,Nee,B,B/Z,Nee,Nee,Nee,B/Z,Nee,B/Z,Nee,B,B/Z,B,B/Z,Nee,B/Z,B/Z,B/Z,Nee,Nee,Nee,B/Z,Nee,B/Z,B/Z,Nee,Nee,B/Z,Nee,Nee,B,B/Z,B/Z,B/Z,B,B/Z,B/Z,B,Nee,B/Z,Nee,B,Nee,B,Nee,Nee,B/Z,B,Nee,Nee,B/Z,Nee,Nee,Nee,B,Nee,B,B,B,B/Z,Nee,Nee,B/Z,B,Nee,B,B,B/Z,B,B,Nee,Nee,Nee,B,Nee,B,Nee,Nee,B,Nee,B,B,B/Z,B,B,Nee,B,B/Z,B/Z,B/Z,Nee,Nee,B/Z,B,Nee,Nee,B,Nee,B,B/Z,Nee,B,Nee,B,Nee,B,Nee,B,B/Z,B,Nee,Nee,B/Z,Nee,Nee,Nee,Nee,B,Nee,B,B,Nee,Nee,Nee,Nee,Nee,B,Nee,Nee,Nee,B/Z,Nee,Nee,Nee,B,B/Z,B/Z,Nee,B,B,Nee,B,Nee,Nee,Nee,B/Z,Nee,B,B/Z,B,B/Z,B,Nee,B/Z,Nee,Nee,Nee,Nee,B,B/Z,Nee,Nee,B,Nee,B,Nee,Nee,Nee,Nee,Nee,Nee,B,Nee,Nee,B,B,B,B/Z,Nee,B,B/Z,Nee,B,B/Z,B,B,B,B,B/Z,B,Nee,B/Z,B,Nee,Nee,Nee,B/Z,B,B,Nee,Nee,B,B,Nee,Nee,B/Z,Nee,Nee,B/Z,Nee,Nee,B,Nee,B,Nee,B,B,Nee,B,Nee,B/Z,B/Z,Nee,B/Z,Nee,Nee,B/Z,Nee,B,B/Z,B,Nee,B/Z,B,Nee,B,B,B,Nee,Nee,B,B/Z,Nee,Nee,B/Z,B/Z,B/Z,Nee,B/Z,Nee,B/Z,Nee,Nee,B,Nee,B,B,B,B,Nee,Nee,B/Z,B,Nee,Nee,B,Nee,Nee,B/Z,Nee,B/Z,Nee,Nee,Nee,B/Z,Nee,B,B/Z,B/Z,Nee,B/Z,B,B,B,B/Z,B/Z,Nee,B/Z,B/Z,Nee,B,Nee,B/Z,Nee,Nee,Nee,B,B,Nee,B,Nee,Nee,Nee,B,B,Nee,Nee,B,B,B/Z,B,B,Nee,Nee,Nee,Nee,Nee,B,B/Z,Nee,Nee,Nee,Nee,Nee,Nee,B/Z,Nee,Nee,B,B,B/Z,B/Z,B/Z,B,B,B,Nee,Nee,Nee,Nee,B,Nee,B,B,Nee,B/Z,B/Z,Nee,BL01UK04NE003,UKNE003,930,31,2021,gb
R_1esDl1JVevqEdnq,Female,University degree or equivalent,University degree or equivalent,20,80,0,NA,Dutch;20;,English;80;,,40,60,0,NA,Dutch,NA,10,9,7,German,I regularly speak both Dutch and English to my child,English,NA,0,10,NA,NA,I always (or almost always) speak English to my child,First,NA,1,Always (or almost always) English,21,,B/Z,B/Z,B/Z,B/Z,Nee,B/Z,B/Z,B/Z,B/Z,B/Z,B/Z,B/Z,B,B/Z,B/Z,Nee,Nee,B,Nee,Nee,B/Z,B/Z,B/Z,Nee,B,B,B,Nee,Nee,Nee,Nee,B/Z,Nee,Nee,B/Z,Nee,Nee,Nee,Nee,Nee,B/Z,Nee,B/Z,Nee,B/Z,Nee,Nee,B,B/Z,Nee,Nee,B/Z,B/Z,B,B/Z,B,Nee,Nee,Nee,Nee,B/Z,B/Z,Nee,Nee,Nee,Nee,B/Z,Nee,B/Z,Nee,Nee,B/Z,Nee,Nee,B/Z,Nee,B,Nee,Nee,Nee,Nee,B/Z,B/Z,Nee,B/Z,B/Z,Nee,Nee,Nee,Nee,Nee,Nee,Nee,Nee,Nee,B/Z,Nee,B/Z,Nee,B/Z,B/Z,Nee,Nee,Nee,Nee,Nee,Nee,Nee,B,Nee,Nee,Nee,Nee,B/Z,Nee,Nee,B/Z,Nee,Nee,Nee,B/Z,Nee,Nee,Nee,Nee,B,B,B,B/Z,B/Z,Nee,Nee,B/Z,Nee,Nee,B/Z,B,B,Nee,Nee,Nee,Nee,Nee,B,Nee,B,Nee,Nee,Nee,Nee,B,B/Z,B/Z,Nee,Nee,Nee,Nee,B,B/Z,B/Z,Nee,Nee,B,B/Z,Nee,Nee,B/Z,Nee,B/Z,Nee,Nee,B,Nee,Nee,Nee,Nee,Nee,B/Z,B/Z,B,Nee,B/Z,Nee,Nee,Nee,Nee,B/Z,B,Nee,Nee,Nee,Nee,Nee,Nee,Nee,Nee,Nee,Nee,Nee,Nee,Nee,Nee,Nee,Nee,Nee,B,B,Nee,Nee,Nee,Nee,Nee,Nee,Nee,Nee,B,Nee,Nee,B,B/Z,Nee,B,Nee,B/Z,Nee,Nee,Nee,Nee,Nee,B/Z,Nee,Nee,Nee,Nee,B/Z,Nee,Nee,B/Z,Nee,Nee,Nee,Nee,Nee,Nee,Nee,Nee,Nee,B/Z,Nee,B,B/Z,Nee,B,B,Nee,Nee,B/Z,B,Nee,B,Nee,B/Z,B,Nee,Nee,Nee,Nee,Nee,Nee,Nee,Nee,B,B/Z,Nee,Nee,B/Z,Nee,Nee,B,Nee,Nee,B,Nee,Nee,B,B/Z,Nee,B,Nee,Nee,Nee,B,Nee,Nee,Nee,Nee,B,Nee,Nee,B,Nee,Nee,Nee,Nee,Nee,Nee,B,Nee,Nee,Nee,Nee,B,Nee,Nee,Nee,Nee,Nee,B/Z,Nee,Nee,Nee,Nee,Nee,Nee,Nee,Nee,Nee,B/Z,Nee,Nee,Nee,B,B,Nee,Nee,Nee,Nee,Nee,Nee,Nee,Nee,Nee,Nee,Nee,Nee,Nee,B,Nee,Nee,Nee,B/Z,B,B,Nee,Nee,B,Nee,B,B,B,B/Z,Nee,Nee,Nee,Nee,Nee,Nee,Nee,Nee,B,B/Z,Nee,Nee,Nee,B,Nee,Nee,B,B,Nee,Nee,Nee,Nee,Nee,Nee,Nee,Nee,Nee,B/Z,Nee,Nee,Nee,Nee,Nee,Nee,Nee,Nee,Nee,Nee,B/Z,B,B/Z,Nee,Nee,B/Z,Nee,Nee,Nee,Nee,Nee,Nee,Nee,Nee,Nee,Nee,B/Z,B,B,BL01UK03NE014,UKNE014,658,21.93333333,2021,gb
R_PGV45s6fuXyegoh,Female,University degree or equivalent,University degree or equivalent,60,40,0,NA,Dutch;60;,English;40;,,30,70,0,NA,English,NA,3,10,NA,NA,I always (or almost always) speak English to my child,Dutch,NA,10,10,NA,NA,I regularly speak a mix of Dutch / English / other languages to my child,Second,NA,2,5,Always (or almost always) Dutch,NA,Nee,Nee,Nee,Nee,Nee,B,Nee,B,B,Nee,B,B,Nee,Nee,Nee,Nee,B,B,Nee,B,Nee,Nee,Nee,Nee,B,Nee,B,Nee,B,Nee,Nee,Nee,B,B,Nee,B,Nee,Nee,Nee,B,Nee,Nee,Nee,Nee,Nee,Nee,B,B,B,Nee,B,Nee,Nee,B/Z,B/Z,B,B/Z,B,Nee,Nee,Nee,B,B,Nee,Nee,B,B,B,Nee,B,B,B,B,B,B,Nee,B,Nee,B,B,B,B,B,B,B,B,Nee,Nee,B,Nee,Nee,B,Nee,B,Nee,Nee,Nee,Nee,Nee,Nee,Nee,Nee,Nee,Nee,Nee,Nee,Nee,Nee,Nee,Nee,Nee,Nee,Nee,Nee,Nee,Nee,Nee,Nee,Nee,B,Nee,Nee,Nee,Nee,Nee,Nee,Nee,B,Nee,B,Nee,Nee,B,Nee,B,Nee,Nee,B,Nee,B/Z,Nee,Nee,Nee,B,B,B,Nee,Nee,B,Nee,B,Nee,B,Nee,B,Nee,Nee,Nee,Nee,Nee,Nee,Nee,Nee,Nee,Nee,Nee,Nee,Nee,B,Nee,Nee,Nee,B,B,Nee,Nee,Nee,B,B,Nee,Nee,B,Nee,B,Nee,Nee,B,B,Nee,Nee,Nee,Nee,Nee,Nee,B,Nee,Nee,Nee,Nee,Nee,B,Nee,Nee,Nee,Nee,B,Nee,Nee,B,B,Nee,Nee,Nee,Nee,Nee,Nee,Nee,Nee,B,B,Nee,Nee,B,Nee,B,Nee,B,Nee,B,B,B,Nee,Nee,Nee,Nee,Nee,B,B,Nee,Nee,Nee,B,Nee,B,B,Nee,B/Z,B,B/Z,B/Z,B,Nee,B,B/Z,B,B,B,Nee,B,B,B,Nee,Nee,Nee,Nee,Nee,Nee,Nee,Nee,Nee,Nee,Nee,Nee,Nee,Nee,B,Nee,Nee,B,Nee,Nee,Nee,Nee,Nee,B,Nee,Nee,Nee,Nee,Nee,Nee,B,Nee,B,Nee,Nee,Nee,Nee,Nee,Nee,B,Nee,Nee,Nee,Nee,Nee,Nee,Nee,Nee,Nee,Nee,Nee,Nee,Nee,Nee,Nee,Nee,Nee,Nee,Nee,Nee,Nee,Nee,Nee,Nee,Nee,Nee,Nee,Nee,Nee,Nee,Nee,Nee,Nee,Nee,Nee,Nee,Nee,B/Z,Nee,Nee,Nee,Nee,Nee,Nee,Nee,B,Nee,Nee,Nee,Nee,B,B,Nee,Nee,B,Nee,B,Nee,Nee,Nee,Nee,Nee,Nee,Nee,Nee,Nee,Nee,Nee,Nee,Nee,Nee,B/Z,Nee,Nee,Nee,Nee,Nee,B,B,Nee,B,B,B,B,B,B,Nee,B,B,Nee,Nee,Nee,Nee,Nee,B,Nee,Nee,Nee,Nee,Nee,Nee,Nee,Nee,Nee,Nee,Nee,Nee,Nee,Nee,Nee,Nee,Nee,Nee,Nee,Nee,Nee,Nee,R_PGV45s6fuXyegoh,R_PGV45s6fuXyegoh,577,19.23333333,2021,nl
R_2sZ4dgtgjUiUvVA,Female,University degree or equivalent,University degree or equivalent,10,90,0,NA,Dutch;10;,English;90;,,10,90,0,NA,Dutch,NA,10,10,NA,NA,I always (or almost always) speak English to my child,Other(s),English and Setswana,2,10,10,Setswana,I always (or almost always) speak English to my child,First,NA,1,NA,NA,0,B,Nee,Nee,Nee,Nee,Nee,Nee,Nee,B,Nee,Nee,B,Nee,Nee,Nee,Nee,Nee,Nee,Nee,Nee,Nee,Nee,Nee,Nee,Nee,Nee,Nee,Nee,Nee,Nee,Nee,Nee,Nee,Nee,Nee,Nee,Nee,Nee,Nee,Nee,Nee,Nee,Nee,Nee,Nee,Nee,Nee,Nee,Nee,Nee,Nee,Nee,Nee,Nee,Nee,Nee,Nee,Nee,Nee,Nee,Nee,Nee,Nee,Nee,Nee,Nee,Nee,Nee,Nee,Nee,Nee,Nee,Nee,Nee,Nee,Nee,Nee,Nee,Nee,Nee,Nee,Nee,Nee,Nee,Nee,Nee,Nee,Nee,Nee,Nee,Nee,Nee,Nee,Nee,Nee,Nee,Nee,Nee,Nee,Nee,Nee,Nee,Nee,Nee,Nee,Nee,Nee,Nee,Nee,Nee,Nee,Nee,Nee,Nee,Nee,Nee,Nee,Nee,Nee,Nee,Nee,Nee,Nee,Nee,Nee,Nee,Nee,Nee,Nee,Nee,Nee,Nee,Nee,Nee,Nee,Nee,Nee,Nee,Nee,Nee,Nee,Nee,Nee,Nee,Nee,Nee,Nee,Nee,Nee,Nee,Nee,Nee,Nee,Nee,Nee,Nee,Nee,Nee,Nee,Nee,Nee,Nee,Nee,Nee,Nee,Nee,Nee,Nee,Nee,Nee,Nee,Nee,Nee,Nee,Nee,Nee,Nee,Nee,Nee,Nee,Nee,Nee,Nee,Nee,Nee,Nee,Nee,Nee,Nee,Nee,Nee,Nee,Nee,Nee,Nee,Nee,Nee,Nee,Nee,Nee,Nee,Nee,Nee,Nee,Nee,Nee,Nee,Nee,Nee,Nee,Nee,Nee,Nee,Nee,Nee,Nee,Nee,Nee,Nee,Nee,Nee,Nee,Nee,B,Nee,Nee,Nee,Nee,Nee,B,Nee,Nee,Nee,Nee,B,Nee,B,Nee,Nee,Nee,Nee,Nee,Nee,Nee,Nee,Nee,Nee,Nee,Nee,Nee,Nee,Nee,Nee,Nee,Nee,Nee,Nee,Nee,Nee,Nee,Nee,Nee,Nee,Nee,Nee,Nee,Nee,Nee,Nee,Nee,Nee,Nee,Nee,Nee,Nee,Nee,Nee,Nee,Nee,Nee,Nee,Nee,Nee,Nee,Nee,Nee,Nee,Nee,Nee,Nee,Nee,Nee,Nee,Nee,Nee,Nee,Nee,Nee,Nee,Nee,Nee,Nee,Nee,Nee,Nee,Nee,Nee,Nee,Nee,Nee,Nee,Nee,Nee,Nee,Nee,Nee,Nee,Nee,Nee,Nee,Nee,Nee,Nee,Nee,Nee,Nee,Nee,Nee,Nee,Nee,Nee,Nee,Nee,Nee,Nee,Nee,Nee,Nee,Nee,Nee,Nee,Nee,Nee,Nee,Nee,Nee,Nee,Nee,Nee,Nee,Nee,Nee,Nee,Nee,Nee,Nee,Nee,Nee,Nee,Nee,Nee,Nee,Nee,Nee,Nee,Nee,Nee,Nee,Nee,Nee,Nee,Nee,Nee,Nee,Nee,Nee,Nee,Nee,Nee,Nee,Nee,Nee,Nee,Nee,Nee,Nee,Nee,Nee,Nee,Nee,Nee,Nee,Nee,Nee,Nee,Nee,Nee,Nee,Nee,Nee,Nee,Nee,Nee,Nee,Nee,Nee,Nee,Nee,Nee,Nee,Nee,Nee,Nee,Nee,Nee,Nee,Nee,Nee,BL01NE01EN001,NEEN001,338,11.26666667,2021,nl
R_SZh3VGLUpFnly8h,Female,Left school at 18 with A-Levels or equivalent,University degree or equivalent,40,60,0,NA,Dutch;40;,English;60;,,40,60,0,NA,English,NA,5,10,8,Macedonian ,I always (or almost always) speak English to my child,Dutch,NA,10,9,NA,NA,I always (or almost always) speak Dutch to my child,First,NA,1,NA,NA,1,Nee,Nee,B/Z,Nee,B,B/Z,B/Z,B/Z,B/Z,Nee,Nee,B/Z,Nee,Nee,Nee,Nee,Nee,B,Nee,Nee,Nee,Nee,B/Z,Nee,B,Nee,B,B,Nee,B,Nee,Nee,Nee,Nee,B,B/Z,Nee,Nee,Nee,Nee,Nee,Nee,Nee,Nee,Nee,B,Nee,Nee,Nee,Nee,Nee,Nee,Nee,Nee,Nee,Nee,Nee,B/Z,B,B,B/Z,Nee,Nee,Nee,Nee,Nee,Nee,Nee,B,Nee,Nee,Nee,Nee,B,Nee,Nee,Nee,Nee,Nee,Nee,Nee,Nee,Nee,Nee,Nee,Nee,Nee,Nee,Nee,Nee,Nee,Nee,Nee,B,Nee,Nee,Nee,Nee,Nee,Nee,B,Nee,Nee,B,Nee,B,B,B,B,Nee,B,Nee,Nee,B,Nee,Nee,Nee,B,Nee,B,B,B,Nee,Nee,Nee,Nee,Nee,Nee,Nee,B,Nee,Nee,B,Nee,Nee,B,Nee,B,Nee,Nee,Nee,Nee,Nee,Nee,Nee,Nee,Nee,Nee,Nee,Nee,Nee,Nee,B,Nee,Nee,Nee,Nee,Nee,Nee,B,B,Nee,Nee,Nee,Nee,Nee,Nee,Nee,Nee,Nee,Nee,B,Nee,Nee,Nee,Nee,Nee,Nee,B,Nee,Nee,Nee,Nee,Nee,Nee,Nee,Nee,B,Nee,Nee,Nee,B,Nee,Nee,Nee,Nee,Nee,Nee,Nee,Nee,Nee,Nee,Nee,Nee,Nee,Nee,Nee,Nee,Nee,Nee,Nee,Nee,Nee,Nee,Nee,Nee,B,Nee,Nee,Nee,Nee,Nee,Nee,Nee,Nee,Nee,Nee,Nee,Nee,B/Z,B/Z,Nee,Nee,Nee,B,Nee,Nee,B/Z,Nee,Nee,Nee,Nee,Nee,Nee,B,B,B/Z,B/Z,B,B,B/Z,B,B/Z,B/Z,B,B,B/Z,B,B,B,B,B,B,Nee,Nee,Nee,Nee,Nee,Nee,Nee,Nee,Nee,B,Nee,Nee,B,Nee,Nee,B,Nee,Nee,Nee,Nee,Nee,Nee,Nee,Nee,Nee,Nee,Nee,Nee,Nee,Nee,B,Nee,Nee,Nee,Nee,Nee,Nee,Nee,Nee,Nee,Nee,Nee,Nee,B,Nee,Nee,Nee,Nee,B,Nee,Nee,Nee,Nee,Nee,Nee,Nee,Nee,Nee,Nee,Nee,Nee,Nee,Nee,Nee,Nee,Nee,Nee,Nee,Nee,Nee,Nee,Nee,Nee,Nee,Nee,Nee,Nee,Nee,Nee,Nee,Nee,Nee,Nee,Nee,Nee,Nee,Nee,Nee,Nee,Nee,Nee,Nee,Nee,Nee,B/Z,Nee,Nee,Nee,Nee,Nee,Nee,Nee,Nee,Nee,Nee,Nee,Nee,Nee,Nee,Nee,Nee,B,Nee,Nee,B,B,B/Z,Nee,Nee,Nee,Nee,Nee,Nee,Nee,B,B,Nee,Nee,Nee,Nee,Nee,Nee,Nee,Nee,Nee,Nee,Nee,Nee,Nee,Nee,Nee,Nee,Nee,Nee,Nee,Nee,Nee,Nee,Nee,Nee,Nee,Nee,Nee,Nee,Nee,BL01NE01EN002,NEEN002,440,14.66666667,2021,nl
R_2uNU1NXdhYRObom,Male,University degree or equivalent,University degree or equivalent,50,50,0,NA,Dutch;50;,English;50;,,20,80,0,NA,English,NA,7,9,NA,NA,I always (or almost always) speak English to my child,English,NA,7,9,NA,NA,I always (or almost always) speak English to my child,First,NA,1,24,Always (or almost always) Dutch,0,B/Z,Nee,Nee,B/Z,Nee,B/Z,B/Z,B/Z,B/Z,B/Z,B/Z,B/Z,B/Z,B/Z,B/Z,B/Z,B/Z,B/Z,B/Z,B/Z,B/Z,B/Z,B/Z,B/Z,B/Z,B/Z,B/Z,B/Z,B/Z,B,B/Z,B/Z,B/Z,B/Z,B/Z,B/Z,B,B,B/Z,B/Z,B/Z,B/Z,B/Z,B/Z,B/Z,B/Z,B/Z,B/Z,B/Z,B/Z,B,B/Z,B/Z,B/Z,B/Z,B/Z,B/Z,B/Z,B/Z,B/Z,B/Z,B/Z,B/Z,B,B/Z,B/Z,B/Z,B/Z,B/Z,B/Z,B/Z,B/Z,B/Z,B/Z,B/Z,B,B/Z,B/Z,B/Z,B,B/Z,B/Z,B/Z,B/Z,B/Z,B/Z,B/Z,B/Z,B/Z,B/Z,B/Z,B/Z,B/Z,B/Z,B/Z,B/Z,B/Z,B/Z,B/Z,B/Z,B/Z,B/Z,B/Z,B/Z,B,B/Z,B/Z,B/Z,B/Z,B/Z,B/Z,B/Z,B,B/Z,B/Z,B,B/Z,B/Z,B/Z,B/Z,B/Z,B/Z,B/Z,B,B,B/Z,B/Z,B/Z,B,B/Z,B,B/Z,B/Z,B/Z,Nee,B/Z,B/Z,B/Z,B/Z,B,B,B,B,B/Z,B,B/Z,B/Z,B/Z,B/Z,B,B/Z,B/Z,B/Z,B/Z,B/Z,B,B/Z,B/Z,B/Z,B/Z,B,B/Z,B/Z,B/Z,B/Z,B,B/Z,B/Z,B/Z,B/Z,B,B/Z,B/Z,B/Z,B,B/Z,B,B/Z,B/Z,B/Z,B,B/Z,B,B,B/Z,B,B/Z,B/Z,B,B,B/Z,B/Z,B/Z,B/Z,B/Z,B,B/Z,B,B/Z,B,B/Z,B,Nee,B,B/Z,B/Z,B/Z,B/Z,B/Z,B/Z,B/Z,B/Z,B,B,B,B/Z,B/Z,B/Z,B/Z,B/Z,B/Z,B/Z,B/Z,B/Z,Nee,B/Z,B/Z,B/Z,B/Z,B/Z,B/Z,B/Z,B,B/Z,B/Z,B/Z,B/Z,B/Z,B/Z,B,B/Z,B,B/Z,B/Z,B/Z,B,B/Z,B/Z,B/Z,B,B/Z,B,B/Z,B/Z,B/Z,B/Z,B/Z,B/Z,B/Z,B/Z,B/Z,B/Z,B/Z,B/Z,B,B,B/Z,B/Z,B/Z,B/Z,B/Z,B/Z,B/Z,B/Z,B/Z,B/Z,B/Z,B,B/Z,B/Z,B/Z,B/Z,B/Z,B/Z,B,B/Z,B/Z,B/Z,B/Z,B,B/Z,B/Z,B/Z,B/Z,B/Z,B/Z,B/Z,B/Z,B/Z,B/Z,B/Z,B/Z,B/Z,B/Z,B/Z,B/Z,B/Z,B/Z,B/Z,B/Z,B/Z,B/Z,B/Z,B/Z,B/Z,B/Z,B/Z,B/Z,B,B/Z,B/Z,B/Z,B,B,B/Z,B/Z,B/Z,B/Z,B,B,B,B/Z,B/Z,B/Z,B,B/Z,B/Z,Nee,B/Z,B/Z,B/Z,B,B/Z,B/Z,B/Z,B,B/Z,B/Z,B/Z,B/Z,B/Z,B/Z,B,B/Z,B/Z,B/Z,B/Z,B/Z,B/Z,B/Z,B/Z,B/Z,B/Z,B/Z,B,B,B/Z,B/Z,B,B,B/Z,B/Z,B/Z,B/Z,B/Z,B,B,B/Z,B/Z,B/Z,B/Z,B/Z,B/Z,B/Z,B,B/Z,B,B/Z,B/Z,B,B,B/Z,B/Z,B/Z,B/Z,B/Z,B,B,B/Z,B,B/Z,B/Z,B/Z,B,B/Z,B/Z,B/Z,B/Z,B/Z,B/Z,B,B,B/Z,B/Z,B,B/Z,B/Z,B,R_2uNU1NXdhYRObom,R_2uNU1NXdhYRObom,970,32.33333333,2021,nl
R_3QRGI7g9w4xZNWX,Male,University degree or equivalent,Left school at 18 with A-Levels or equivalent,35,65,0,NA,Dutch;35;,English;65;,,70,30,0,NA,English,NA,7,10,NA,NA,I always (or almost always) speak English to my child,Dutch,NA,10,9,NA,NA,I regularly speak both Dutch and English to my child,Second,NA,2,9,Always (or almost always) English,NA,Nee,Nee,Nee,B,Nee,Nee,B,Nee,Nee,Nee,Nee,Nee,B/Z,B,B/Z,Nee,B,B,B,Nee,B,Nee,B/Z,Nee,B/Z,B,B/Z,B/Z,Nee,Nee,B,B/Z,B/Z,B/Z,B,B,Nee,Nee,B/Z,Nee,B,Nee,B,Nee,Nee,B,B/Z,B/Z,B/Z,B/Z,Nee,Nee,B/Z,Nee,B,Nee,B/Z,B/Z,B/Z,Nee,B/Z,B/Z,Nee,Nee,Nee,Nee,B/Z,B,Nee,Nee,Nee,B/Z,B/Z,Nee,B/Z,Nee,B/Z,Nee,Nee,Nee,B/Z,B,B/Z,B/Z,Nee,B,B/Z,B/Z,Nee,Nee,Nee,Nee,Nee,B,B/Z,Nee,B,B/Z,B,B/Z,B/Z,B,B,B,Nee,B,B,B,B/Z,B,Nee,B,B,B,Nee,Nee,Nee,B,Nee,B/Z,B/Z,Nee,Nee,Nee,Nee,B,B,B,Nee,B,Nee,Nee,B,Nee,Nee,B,B,B,B,Nee,Nee,Nee,Nee,B,B,B,Nee,Nee,Nee,Nee,Nee,B,Nee,B/Z,Nee,Nee,Nee,B,B,B/Z,B,Nee,B/Z,B/Z,Nee,Nee,B,Nee,Nee,B,Nee,Nee,Nee,B/Z,Nee,B,Nee,Nee,B,Nee,Nee,B,Nee,Nee,B,Nee,B,B,Nee,Nee,B/Z,B,B,Nee,Nee,Nee,B,Nee,Nee,Nee,Nee,Nee,Nee,Nee,B,B/Z,B/Z,B/Z,B,Nee,Nee,B,Nee,Nee,Nee,B,Nee,Nee,B/Z,B/Z,Nee,Nee,B/Z,B/Z,Nee,B/Z,Nee,B/Z,B/Z,B/Z,B/Z,B/Z,B,B/Z,B/Z,B/Z,B/Z,B/Z,Nee,B,Nee,Nee,B/Z,Nee,B/Z,B,B/Z,B/Z,Nee,B,Nee,Nee,B,B/Z,Nee,Nee,B/Z,B/Z,B,B/Z,Nee,Nee,B,Nee,Nee,Nee,Nee,Nee,B,Nee,Nee,Nee,B,B/Z,Nee,Nee,Nee,Nee,B/Z,Nee,B/Z,B/Z,Nee,Nee,B/Z,B/Z,Nee,Nee,B,Nee,Nee,B/Z,Nee,B/Z,Nee,Nee,Nee,B,B,B,Nee,B,Nee,Nee,Nee,Nee,Nee,Nee,Nee,Nee,B,B/Z,Nee,Nee,B/Z,Nee,Nee,Nee,Nee,Nee,Nee,Nee,Nee,Nee,Nee,Nee,Nee,B,Nee,Nee,Nee,Nee,B,B,Nee,Nee,Nee,Nee,Nee,B,B,Nee,B,Nee,Nee,Nee,Nee,B,Nee,Nee,B/Z,Nee,Nee,B/Z,B,B,Nee,B/Z,Nee,B/Z,Nee,Nee,Nee,B,Nee,Nee,B,Nee,B,Nee,Nee,B/Z,B,Nee,Nee,B/Z,Nee,B,Nee,B/Z,B,Nee,Nee,Nee,Nee,Nee,Nee,B/Z,B/Z,Nee,Nee,B/Z,B/Z,B,B/Z,B/Z,Nee,Nee,B,B,B,B,B/Z,B,B/Z,Nee,B,B,B/Z,B,Nee,B/Z,B/Z,B/Z,B,B/Z,B/Z,Nee,BL01NE01EN003,NEEN003,778,25.93333333,2021,nl
R_1N3VwBj86nhFYx6,Female,University degree or equivalent,University degree or equivalent,50,50,0,NA,Dutch;50;,English;50;,,50,50,0,NA,English,NA,2,10,NA,NA,I always (or almost always) speak English to my child,Dutch,NA,10,8,NA,NA,I always (or almost always) speak Dutch to my child,First,NA,1,4,Always (or almost always) Dutch,NA,B/Z,B/Z,B/Z,B/Z,B/Z,B/Z,B/Z,B,B,B,B/Z,B/Z,B/Z,B/Z,B,B,B,B/Z,B,B,B/Z,B/Z,B/Z,B,B/Z,B/Z,B/Z,B,B,Nee,B/Z,B,B,B/Z,B,B/Z,Nee,B,B/Z,B,B,B,B/Z,B,B/Z,B,B/Z,B/Z,B,Nee,B/Z,B,B/Z,Nee,B,B,Nee,B/Z,Nee,B/Z,B/Z,Nee,Nee,B/Z,B,B/Z,B/Z,B,B/Z,Nee,B/Z,B,Nee,Nee,Nee,B,B/Z,B,Nee,Nee,B,Nee,B/Z,Nee,Nee,B/Z,B,Nee,Nee,Nee,B/Z,B/Z,Nee,B/Z,B,B/Z,B/Z,B/Z,B,B,B/Z,B/Z,B/Z,B/Z,B,B/Z,B/Z,B/Z,B,B,B,B/Z,B,B/Z,B,Nee,B/Z,B/Z,Nee,B,B/Z,B,Nee,B,B,B,B,B,B,B/Z,Nee,Nee,B/Z,B,Nee,B/Z,B,B,B,B,B,Nee,Nee,B,Nee,B,Nee,B,B,Nee,B,B/Z,Nee,B,B,Nee,Nee,B,B/Z,B/Z,B,Nee,B,B,Nee,B,B/Z,B,Nee,B/Z,B,B,Nee,B/Z,B,B,Nee,B,B/Z,Nee,B,B,B,B,B,Nee,B,Nee,Nee,B/Z,Nee,B/Z,B,Nee,B,Nee,B,Nee,B,Nee,Nee,Nee,B,Nee,B,B/Z,B/Z,Nee,B,B,Nee,B,Nee,Nee,Nee,B,B/Z,Nee,B,B,B,B,B,B/Z,Nee,Nee,B,B,B,B/Z,B,B,B,B,B/Z,Nee,B/Z,B/Z,B,Nee,B,B,B,B,B/Z,B,B/Z,B/Z,B/Z,B,B/Z,B,Nee,B/Z,B/Z,B,B/Z,B,B,B,B,Nee,B,B,Nee,Nee,B,B,B/Z,Nee,B,B,B/Z,B,Nee,B/Z,Nee,Nee,B/Z,B,B,B,B,B,B,B/Z,B,B,B,B,B,B/Z,Nee,B,B,Nee,B,B,B,B,B,B,B,B,B,B,B,B,B,B,B,B,B,B,B,B,B,B,B,B,B,Nee,B,B,B,B,B,B/Z,B,B,Nee,B,B,B,Nee,B/Z,B,B,B,B/Z,B,B/Z,B,B/Z,B,Nee,B,B,B,B,B/Z,B/Z,B,B/Z,B,B/Z,B,B,B,B/Z,B,B,B,B,B,B,B,B,B,B,B,B,B,B,B,B,B,B/Z,B,B,B,B,B,B,B,B,Nee,B/Z,B,Nee,B,B,B,B,B,B,B,Nee,Nee,B,B,B,B,B,B,B,B,B,B,B,B,B,B,B,Nee,B/Z,B,B/Z,BL01NE01EN004,NEEN004,663,22.1,2021,nl
R_YXjM108r9mbCKpH,Male,University degree or equivalent,Left school at 16 with GCSE or equivalent,60,40,0,NA,Dutch;60;,English;40;,,25,75,0,NA,English,NA,7,10,NA,NA,I regularly speak both Dutch and English to my child,Dutch,NA,10,5,NA,NA,I always (or almost always) speak Dutch to my child,Second,NA,2,27,Always (or almost always) Dutch,NA,B,B,B,B/Z,B,B/Z,B/Z,B,B/Z,B,B/Z,B,B/Z,B/Z,B/Z,B/Z,B,B/Z,B/Z,B,B,B/Z,B/Z,Nee,B/Z,B/Z,B/Z,B/Z,B,B,B/Z,B/Z,B/Z,B/Z,B/Z,B/Z,B/Z,B/Z,B/Z,B,B/Z,B/Z,B,B/Z,B/Z,B,B/Z,B/Z,B/Z,B/Z,Nee,B/Z,B/Z,B/Z,B/Z,B/Z,B/Z,B/Z,B/Z,B/Z,B/Z,B/Z,B/Z,B,B/Z,B/Z,B/Z,B/Z,B/Z,B,B/Z,B/Z,B/Z,B,B/Z,Nee,B/Z,B/Z,B/Z,Nee,B/Z,B/Z,B/Z,B/Z,B/Z,B/Z,B,B/Z,B/Z,B/Z,B/Z,B/Z,Nee,B/Z,B/Z,B/Z,B/Z,B/Z,B,B/Z,B/Z,B,B,B/Z,B,B/Z,B/Z,B/Z,B,B,B/Z,B/Z,B,B/Z,B,B,B/Z,B,Nee,B,B/Z,B/Z,B/Z,B,B,B/Z,B/Z,B/Z,B,B/Z,B,B,B/Z,B,B/Z,B/Z,B/Z,B/Z,B/Z,B/Z,B,B,Nee,B/Z,B/Z,B/Z,B,B,B/Z,B,B/Z,B/Z,Nee,B/Z,B,B,B/Z,B/Z,B/Z,B/Z,B/Z,B/Z,B/Z,B/Z,B/Z,B/Z,B/Z,B/Z,B,B/Z,B/Z,B/Z,B/Z,B/Z,B/Z,B/Z,B/Z,B/Z,B/Z,B/Z,B/Z,B/Z,B/Z,B/Z,B/Z,B,B/Z,Nee,B,B,B,B/Z,B/Z,B,B/Z,B/Z,B,B,Nee,Nee,B/Z,B,B,Nee,B,B/Z,B/Z,B,B/Z,B,B,Nee,B,B,Nee,B/Z,B,B/Z,B/Z,B/Z,B/Z,Nee,B,B/Z,B,B/Z,B/Z,B/Z,B/Z,B/Z,B/Z,B,B/Z,B,B/Z,B/Z,B/Z,B/Z,B,B,B/Z,B/Z,B/Z,B/Z,B/Z,B,B/Z,B/Z,B,B/Z,B/Z,B,B/Z,B/Z,B/Z,B/Z,B/Z,B/Z,B,B/Z,B,B/Z,B/Z,B,Nee,Nee,B/Z,B/Z,B/Z,B/Z,B,B,B/Z,B/Z,B,B/Z,B,B/Z,B/Z,B/Z,B,B/Z,Nee,B/Z,B,B/Z,B/Z,B,B/Z,Nee,B,B/Z,B/Z,B/Z,Nee,B,B/Z,B/Z,B/Z,B/Z,B/Z,B,B/Z,B/Z,B/Z,B,B/Z,B,B,B/Z,B/Z,B/Z,B,Nee,B/Z,B/Z,B/Z,B,B,B/Z,B/Z,B,Nee,B,B/Z,B/Z,B,B/Z,B,B,Nee,B,B/Z,B/Z,B,B/Z,B/Z,Nee,B/Z,B/Z,B/Z,B/Z,B/Z,B/Z,B/Z,B,B/Z,B/Z,B,B/Z,B/Z,B/Z,B/Z,B/Z,B/Z,B/Z,B/Z,B/Z,B/Z,B/Z,B/Z,B/Z,B/Z,B/Z,B,B,B/Z,B/Z,B,B,Nee,B/Z,B/Z,B,B/Z,B,B,B/Z,B/Z,B/Z,B,B/Z,B/Z,B/Z,B,B/Z,B,B/Z,B/Z,B,B,B/Z,B/Z,B,B/Z,B/Z,B/Z,B,B/Z,B,B,B/Z,B,B,B/Z,B,B,B,B/Z,B,B,B,B/Z,B,B/Z,B/Z,B,Nee,R_YXjM108r9mbCKpH,R_YXjM108r9mbCKpH,1049,34.96666667,2021,nl
R_1FnqdgP9clnCtR3,Female,University degree or equivalent,University degree or equivalent,35,65,0,NA,Dutch;35;,English;65;,,5,95,0,NA,English,NA,2,10,NA,NA,I always (or almost always) speak English to my child,English,NA,3,10,NA,NA,I always (or almost always) speak English to my child,First,NA,1,3,Always (or almost always) Dutch,3,Nee,B,B,B/Z,B,B,B/Z,B/Z,B/Z,B,B,B,B/Z,B/Z,B/Z,B/Z,B/Z,B/Z,B,B/Z,B/Z,Nee,B/Z,B/Z,B/Z,B/Z,B/Z,B/Z,B,B,B,B/Z,B/Z,B/Z,B/Z,B/Z,Nee,B/Z,B/Z,B,B/Z,B/Z,B/Z,B/Z,B/Z,B/Z,B/Z,B/Z,B/Z,Nee,B/Z,B/Z,B/Z,B/Z,B/Z,B/Z,B/Z,B/Z,B/Z,B/Z,B/Z,B/Z,B,B,B/Z,Nee,B/Z,B/Z,B/Z,B/Z,B/Z,B/Z,B/Z,B/Z,B,B,B/Z,B/Z,B/Z,B/Z,B/Z,B/Z,B/Z,B/Z,B/Z,B/Z,B/Z,B/Z,B/Z,B/Z,B/Z,B/Z,B/Z,B/Z,B/Z,B/Z,B/Z,B/Z,B/Z,B/Z,B/Z,B/Z,B/Z,B/Z,B/Z,B/Z,B/Z,B/Z,B/Z,B/Z,B/Z,B/Z,B/Z,B/Z,B/Z,B,B/Z,B/Z,B/Z,B/Z,B/Z,B/Z,B/Z,B/Z,B,B/Z,B/Z,B/Z,B/Z,B/Z,B/Z,B/Z,B/Z,B/Z,B/Z,B/Z,B/Z,B/Z,B/Z,B/Z,Nee,Nee,B/Z,B/Z,B/Z,B/Z,B/Z,B/Z,B/Z,Nee,B/Z,B/Z,B/Z,B/Z,B/Z,B/Z,B/Z,B/Z,B/Z,B/Z,B,B/Z,B,B/Z,Nee,B/Z,B/Z,B/Z,B/Z,B/Z,B/Z,B/Z,B/Z,B/Z,B/Z,B/Z,B/Z,B/Z,B/Z,B/Z,B/Z,B/Z,B/Z,B/Z,B/Z,Nee,B/Z,B/Z,Nee,B/Z,B/Z,B/Z,B/Z,Nee,B/Z,Nee,B/Z,B/Z,Nee,B/Z,Nee,B/Z,Nee,Nee,B/Z,B/Z,B/Z,B/Z,B/Z,B/Z,Nee,Nee,Nee,B/Z,Nee,B/Z,B/Z,B/Z,B/Z,B/Z,B/Z,B/Z,B/Z,B/Z,Nee,B,B/Z,B/Z,B/Z,B/Z,B/Z,B,B/Z,B,B,B,B,B/Z,B,B/Z,B,B,B/Z,B/Z,B/Z,B,B/Z,B,B/Z,B,B/Z,B,B/Z,B/Z,B/Z,B/Z,B/Z,B/Z,B,B/Z,B/Z,B/Z,B/Z,B/Z,B,B,B/Z,B/Z,B,B,B/Z,B/Z,B/Z,B/Z,B/Z,B/Z,B/Z,B/Z,B/Z,B/Z,B/Z,B/Z,B/Z,B/Z,B/Z,B/Z,B/Z,B,B/Z,B/Z,B/Z,B/Z,B/Z,B/Z,B/Z,B/Z,B/Z,B/Z,B/Z,B/Z,B/Z,B/Z,B/Z,B/Z,B/Z,B/Z,B,B/Z,B/Z,B,B/Z,B/Z,B/Z,B/Z,B/Z,B/Z,B/Z,B/Z,B/Z,B/Z,B/Z,B/Z,B/Z,B/Z,B/Z,B/Z,B/Z,B/Z,B/Z,B/Z,B/Z,B/Z,B/Z,B/Z,B/Z,B/Z,B/Z,B/Z,B/Z,B/Z,B/Z,B/Z,B/Z,B/Z,B/Z,B/Z,B/Z,B/Z,B/Z,B/Z,B/Z,B/Z,B/Z,B/Z,B/Z,B/Z,B/Z,B/Z,B/Z,B/Z,B/Z,B/Z,B/Z,B/Z,B/Z,B/Z,B/Z,B/Z,B/Z,B/Z,B/Z,B/Z,B/Z,B/Z,B/Z,B/Z,B,B/Z,B/Z,B/Z,B/Z,B/Z,B/Z,B/Z,B/Z,B/Z,B/Z,B/Z,B/Z,B,B/Z,B,B,B,B/Z,B/Z,B/Z,B,B/Z,B/Z,B/Z,B/Z,B/Z,B/Z,B/Z,B/Z,B/Z,B/Z,B/Z,B/Z,B/Z,B/Z,B/Z,B/Z,B,B/Z,B/Z,B/Z,R_1FnqdgP9clnCtR3,R_1FnqdgP9clnCtR3,1043,34.76666667,2021,nl
R_TtSjFOx1Uo3zfeV,Male,Left school at 18 with A-Levels or equivalent,Left school at 18 with A-Levels or equivalent,40,55,5,Thaise,Dutch;40;,English;55;,Thaise;5;,40,55,5,NA,Bilingual Dutch and English,NA,5,10,NA,NA,I always (or almost always) speak English to my child,Bilingual Dutch and English,NA,10,9,NA,NA,I regularly speak both Dutch and English to my child,First,NA,1,12,Always (or almost always) Dutch,7,B,Nee,B/Z,B/Z,Nee,B/Z,Nee,Nee,B/Z,Nee,B/Z,B/Z,B,B,Nee,Nee,Nee,B,Nee,Nee,Nee,Nee,B,Nee,Nee,Nee,B,Nee,Nee,B,B,Nee,Nee,Nee,Nee,Nee,Nee,Nee,Nee,Nee,Nee,B,Nee,Nee,Nee,Nee,Nee,B/Z,Nee,Nee,Nee,Nee,B,B,Nee,Nee,Nee,B/Z,B,Nee,B,Nee,Nee,Nee,Nee,B,B/Z,B,B,B,B,B,B,B,B,B,B,B,Nee,Nee,B,B,Nee,B,Nee,B/Z,Nee,B,Nee,Nee,B/Z,Nee,Nee,Nee,Nee,B,B,B,B,B,B,B,Nee,B,Nee,B,B,B,B,B,B,B,Nee,B,B,Nee,B,B,Nee,B,Nee,B,Nee,Nee,Nee,B,Nee,B,Nee,B/Z,Nee,Nee,B,B,Nee,B,B,B,B,B,Nee,Nee,Nee,B,Nee,B,Nee,B,B,Nee,B,B,B,B,B,Nee,B,Nee,Nee,Nee,Nee,Nee,B,B,Nee,Nee,Nee,Nee,Nee,Nee,Nee,B,Nee,Nee,Nee,Nee,B,Nee,B,Nee,Nee,Nee,Nee,Nee,B,Nee,Nee,Nee,Nee,Nee,Nee,Nee,Nee,Nee,Nee,Nee,Nee,Nee,Nee,Nee,Nee,Nee,Nee,Nee,Nee,B,Nee,Nee,Nee,Nee,Nee,Nee,Nee,Nee,Nee,B/Z,Nee,Nee,Nee,B,B,B,Nee,B,Nee,Nee,Nee,Nee,Nee,B/Z,Nee,Nee,Nee,Nee,B,Nee,B,B/Z,Nee,Nee,Nee,Nee,Nee,Nee,Nee,Nee,B,B,Nee,Nee,Nee,Nee,B/Z,B/Z,B/Z,Nee,B/Z,B,B,B,Nee,B/Z,B,B,Nee,Nee,B,B,B,Nee,B,B,B,B,B,B,Nee,B,B,Nee,B,B,Nee,B/Z,B,B,B,B,B,Nee,Nee,B/Z,Nee,B,B,B,B,Nee,Nee,B,Nee,Nee,B,B,B,Nee,B,Nee,B/Z,Nee,B,B,Nee,Nee,Nee,B,B,B,Nee,B,Nee,B,Nee,Nee,B,Nee,Nee,B,Nee,Nee,Nee,Nee,B,Nee,Nee,B/Z,Nee,Nee,Nee,Nee,Nee,B,Nee,Nee,Nee,Nee,B,Nee,B,Nee,B/Z,B,Nee,B,Nee,B,B,B,B,B,B,Nee,Nee,Nee,Nee,Nee,Nee,Nee,Nee,B/Z,B,Nee,Nee,Nee,B,B,Nee,Nee,B,Nee,B,Nee,Nee,B,Nee,Nee,Nee,B/Z,B/Z,Nee,Nee,Nee,B/Z,Nee,B/Z,B/Z,Nee,Nee,Nee,Nee,Nee,Nee,B,Nee,B/Z,Nee,Nee,B,B,Nee,Nee,B,B,B,Nee,B/Z,B,Nee,BL01NE01EN005,NEEN005,757,25.23333333,2021,nl
R_1JJ9xe5Ssgh1CuC,Female,University degree or equivalent,University degree or equivalent,68,30,2,German,Dutch;68;,English;30;,German;2;,70,30,0,NA,Dutch,NA,10,6,NA,NA,I always (or almost always) speak Dutch to my child,English,NA,4,10,8,Idoma tribal language,I always (or almost always) speak English to my child,Third,NA,3,4,Always (or almost always) Dutch,NA,B/Z,B/Z,B/Z,B/Z,B/Z,B/Z,B/Z,B/Z,B/Z,B/Z,B/Z,B/Z,B/Z,B/Z,B/Z,B/Z,B,B/Z,B,B,B/Z,B/Z,B,Nee,B/Z,B/Z,B/Z,B/Z,B,Nee,B/Z,B/Z,B/Z,B/Z,B/Z,B/Z,Nee,B/Z,B/Z,B,B/Z,B/Z,B,B/Z,B/Z,B,B/Z,B/Z,B/Z,Nee,B/Z,B/Z,B/Z,Nee,B,B,Nee,B/Z,B/Z,B/Z,B/Z,Nee,B/Z,B/Z,B/Z,B/Z,B/Z,B/Z,B/Z,Nee,B/Z,B/Z,Nee,Nee,B,Nee,B/Z,Nee,Nee,Nee,B/Z,Nee,B/Z,B/Z,B/Z,B/Z,B/Z,B/Z,B/Z,B/Z,B/Z,B/Z,B,B/Z,B/Z,B/Z,B/Z,B/Z,B,B/Z,B/Z,B/Z,B/Z,B/Z,B,B/Z,B/Z,B/Z,B/Z,B/Z,B,B/Z,B,B/Z,B/Z,B/Z,B/Z,B/Z,B,B/Z,B/Z,B,Nee,Nee,Nee,B/Z,B/Z,B/Z,B/Z,B/Z,B,B,B/Z,B/Z,B/Z,B/Z,B/Z,B/Z,B/Z,B/Z,Nee,Nee,Nee,B/Z,B/Z,B,B,B/Z,B/Z,Nee,Nee,B/Z,B/Z,B/Z,B/Z,Nee,Nee,B/Z,B/Z,B/Z,B/Z,B/Z,B/Z,B/Z,Nee,Nee,B/Z,Nee,Nee,B/Z,Nee,B/Z,B/Z,B/Z,B/Z,Nee,Nee,B/Z,B/Z,B/Z,B/Z,B/Z,Nee,B/Z,B/Z,B,B/Z,B,Nee,B/Z,B/Z,B/Z,B/Z,Nee,B/Z,Nee,B,B,B,B/Z,B,Nee,B,Nee,B/Z,B/Z,B/Z,B/Z,B/Z,B,Nee,Nee,B,B/Z,Nee,B/Z,B/Z,B,B/Z,B/Z,B/Z,B,B,B/Z,Nee,B/Z,B/Z,B/Z,B/Z,B/Z,B/Z,B/Z,B/Z,B/Z,B/Z,B/Z,B/Z,B/Z,Nee,Nee,Nee,B/Z,B/Z,B/Z,B/Z,B,B/Z,B/Z,B,B,B/Z,B,B/Z,B,B/Z,B/Z,B/Z,B/Z,B/Z,B/Z,B,B/Z,B/Z,B/Z,Nee,Nee,B/Z,B/Z,B/Z,B/Z,Nee,B/Z,B/Z,Nee,Nee,Nee,Nee,B/Z,B/Z,B,Nee,B/Z,Nee,B,B/Z,B/Z,B/Z,Nee,B/Z,Nee,Nee,B/Z,B/Z,B/Z,Nee,Nee,B/Z,Nee,B,B/Z,B/Z,Nee,Nee,B/Z,B/Z,Nee,B/Z,Nee,B/Z,B/Z,B/Z,B/Z,Nee,Nee,B/Z,Nee,B/Z,B/Z,Nee,B/Z,B/Z,Nee,B,B,B/Z,B/Z,B/Z,B/Z,B/Z,Nee,Nee,Nee,B/Z,B/Z,Nee,B/Z,B/Z,Nee,B/Z,B/Z,B/Z,B/Z,Nee,Nee,Nee,Nee,B/Z,B/Z,Nee,Nee,B/Z,Nee,Nee,B/Z,B/Z,B/Z,B/Z,B/Z,B/Z,B/Z,B/Z,Nee,B/Z,B/Z,Nee,Nee,B,B,Nee,B,Nee,B/Z,B/Z,Nee,B/Z,Nee,Nee,B/Z,B/Z,B,B,Nee,B/Z,B/Z,Nee,Nee,Nee,B/Z,B/Z,Nee,Nee,B/Z,B/Z,B/Z,B/Z,B/Z,B/Z,Nee,B,B,B/Z,B/Z,B/Z,B,Nee,B,B/Z,B/Z,B/Z,B/Z,B/Z,B,B,B,B,B/Z,B/Z,B,BL01NE01EN007,NEEN007,852,28.4,2021,nl
R_31XztQGc3ViRt3u,Female,University degree or equivalent,University degree or equivalent,30,70,0,NA,Dutch;30;,English;70;,,0,100,0,NA,English,NA,6,10,NA,NA,I always (or almost always) speak English to my child,English,NA,3,10,NA,NA,I always (or almost always) speak English to my child,First,NA,1,4,Always (or almost always) Dutch,NA,B/Z,Nee,Nee,Nee,Nee,B/Z,B/Z,Nee,B/Z,Nee,Nee,B/Z,B/Z,B/Z,B,B,Nee,B,Nee,Nee,B/Z,Nee,B,Nee,B/Z,B,B/Z,B/Z,Nee,Nee,B/Z,B,B/Z,B,B/Z,B,B,B/Z,B,B,B,B,B/Z,B,B,B,B,B/Z,B/Z,Nee,Nee,B/Z,B,Nee,B,B,Nee,B/Z,B,B/Z,B/Z,B/Z,Nee,B,B,B/Z,B/Z,Nee,B,B,B/Z,B,B,B,B,B,B/Z,Nee,Nee,Nee,B,Nee,B,B,B/Z,B/Z,B/Z,Nee,Nee,Nee,B/Z,B,Nee,B/Z,B,B/Z,B,B/Z,B,B,B/Z,B,B/Z,B,Nee,B,B,B,B,Nee,B,B,B,B/Z,Nee,Nee,Nee,Nee,Nee,B,B,B/Z,Nee,Nee,Nee,B,B,Nee,Nee,B,Nee,Nee,B/Z,B,B,B,B,B/Z,B/Z,B,Nee,Nee,Nee,B,Nee,Nee,Nee,Nee,Nee,Nee,B,B,Nee,B,Nee,Nee,B,B/Z,B,B/Z,B,B,B,B/Z,Nee,Nee,B,B,B,B,Nee,B,B,B,B,B,Nee,B,B/Z,Nee,B,B,B,B,B,Nee,B,B,Nee,B,B,B,B,Nee,Nee,Nee,B,Nee,Nee,Nee,B,B/Z,B/Z,Nee,B,B,B,Nee,B,B,Nee,Nee,Nee,Nee,Nee,B,B,Nee,B,B,B/Z,Nee,B,B/Z,Nee,Nee,B,B,B,B/Z,B/Z,B,B,B,Nee,Nee,Nee,B/Z,Nee,Nee,Nee,B,B,Nee,B,Nee,B/Z,B/Z,Nee,Nee,B/Z,Nee,B,B/Z,B,B,B/Z,B/Z,B,Nee,B,Nee,B,B,Nee,Nee,B,B,Nee,Nee,Nee,Nee,B/Z,Nee,Nee,B,B,B,B/Z,Nee,B,B,B,Nee,Nee,B/Z,Nee,B,B,B,Nee,B/Z,Nee,B,B,B,B,B,B,B,B,B,B/Z,B,B,B,B,B,B,B,Nee,B,B,B,B,B,B,B,B,B,B,B,Nee,B,B,B,Nee,B/Z,B,B,B,B/Z,B/Z,B,B,B,B,B,B,B,B,B,B,B/Z,B,B,B,B,B,B,B,B,B,B,B,B,B,B,B,B/Z,B,B,B,B,B,B,B,Nee,B,Nee,B,B,B,B,B,B,B,B,B,B/Z,B,B,B,B/Z,B,B,B,B/Z,B/Z,B,B,B/Z,B,B,B/Z,B/Z,B/Z,B,B,B/Z,B,B,B/Z,B,B/Z,Nee,B,B,B,B,B,Nee,B,B,B,B/Z,B/Z,B,BL01NE01EN008,NEEN008,704,23.46666667,2021,nl
R_3PAdWK4gObRrTTH,Male,University degree or equivalent,University degree or equivalent,10,90,0,NA,Dutch;10;,English;90;,,5,95,0,NA,English,NA,6,10,NA,NA,I always (or almost always) speak English to my child,Dutch,NA,10,9,NA,NA,I regularly speak both Dutch and English to my child,First,NA,1,31,Always (or almost always) Dutch,0,Nee,Nee,Nee,Nee,Nee,Nee,Nee,Nee,Nee,Nee,Nee,Nee,Nee,Nee,Nee,Nee,Nee,Nee,Nee,Nee,Nee,Nee,Nee,Nee,Nee,Nee,Nee,Nee,Nee,Nee,Nee,Nee,Nee,Nee,Nee,Nee,Nee,Nee,Nee,Nee,Nee,Nee,Nee,Nee,Nee,Nee,Nee,Nee,Nee,Nee,Nee,Nee,Nee,Nee,Nee,Nee,Nee,Nee,Nee,Nee,Nee,Nee,Nee,Nee,Nee,Nee,Nee,Nee,Nee,Nee,Nee,Nee,Nee,Nee,Nee,Nee,Nee,Nee,Nee,Nee,Nee,Nee,Nee,Nee,Nee,Nee,Nee,Nee,Nee,Nee,Nee,Nee,Nee,Nee,Nee,Nee,Nee,Nee,Nee,Nee,Nee,Nee,Nee,Nee,Nee,Nee,Nee,Nee,Nee,Nee,Nee,Nee,Nee,Nee,Nee,Nee,Nee,Nee,Nee,Nee,Nee,Nee,Nee,Nee,Nee,Nee,Nee,Nee,Nee,Nee,Nee,Nee,Nee,Nee,Nee,Nee,Nee,Nee,Nee,Nee,Nee,Nee,Nee,Nee,Nee,Nee,Nee,Nee,Nee,Nee,Nee,Nee,Nee,Nee,Nee,Nee,Nee,Nee,Nee,Nee,Nee,Nee,Nee,Nee,Nee,Nee,Nee,Nee,Nee,Nee,Nee,Nee,Nee,Nee,Nee,Nee,Nee,Nee,Nee,Nee,Nee,Nee,Nee,Nee,Nee,Nee,Nee,Nee,Nee,Nee,Nee,Nee,Nee,Nee,Nee,Nee,Nee,Nee,Nee,Nee,Nee,Nee,Nee,Nee,Nee,Nee,Nee,Nee,Nee,Nee,Nee,Nee,Nee,Nee,Nee,Nee,Nee,Nee,Nee,Nee,Nee,Nee,Nee,Nee,Nee,Nee,Nee,Nee,Nee,Nee,Nee,Nee,Nee,Nee,Nee,Nee,Nee,Nee,Nee,Nee,Nee,Nee,Nee,Nee,Nee,Nee,Nee,Nee,Nee,Nee,Nee,Nee,Nee,Nee,Nee,Nee,Nee,Nee,Nee,Nee,Nee,Nee,Nee,Nee,Nee,Nee,Nee,Nee,Nee,Nee,Nee,Nee,Nee,Nee,Nee,Nee,Nee,Nee,Nee,Nee,Nee,Nee,Nee,Nee,Nee,Nee,Nee,Nee,Nee,Nee,Nee,Nee,Nee,Nee,Nee,Nee,Nee,Nee,Nee,Nee,Nee,Nee,Nee,Nee,Nee,Nee,Nee,Nee,Nee,Nee,Nee,Nee,Nee,Nee,Nee,Nee,Nee,Nee,Nee,Nee,Nee,Nee,Nee,Nee,Nee,Nee,Nee,Nee,Nee,Nee,Nee,Nee,Nee,Nee,Nee,Nee,Nee,Nee,Nee,Nee,Nee,Nee,Nee,Nee,Nee,Nee,Nee,Nee,Nee,Nee,Nee,Nee,Nee,Nee,Nee,Nee,Nee,Nee,Nee,Nee,Nee,Nee,Nee,Nee,Nee,Nee,Nee,Nee,Nee,Nee,Nee,Nee,Nee,Nee,Nee,Nee,Nee,Nee,Nee,Nee,Nee,Nee,Nee,Nee,Nee,Nee,Nee,Nee,Nee,Nee,Nee,Nee,Nee,Nee,Nee,Nee,Nee,Nee,Nee,Nee,Nee,Nee,Nee,Nee,Nee,Nee,Nee,Nee,Nee,Nee,Nee,Nee,Nee,Nee,Nee,Nee,Nee,Nee,R_3PAdWK4gObRrTTH,R_3PAdWK4gObRrTTH,947,31.56666667,2021,nl
R_1eXAia3xSCnv0e6,Male,University degree or equivalent,University degree or equivalent,40,60,0,NA,Dutch;40;,English;60;,,10,90,0,NA,English,NA,NA,10,NA,NA,I always (or almost always) speak English to my child,English,NA,2,10,NA,NA,I always (or almost always) speak English to my child,First,NA,1,4,Always (or almost always) Dutch,1,Nee,B/Z,B/Z,B/Z,B,B,B/Z,B,B/Z,B/Z,B/Z,B/Z,B/Z,B/Z,Nee,B/Z,B,B,B,Nee,B/Z,Nee,B/Z,B,B/Z,B,B/Z,B/Z,B,B,B/Z,B/Z,B/Z,B/Z,B/Z,B/Z,B,B/Z,B,B/Z,B/Z,B/Z,B/Z,B,B/Z,B,B,B/Z,B/Z,B,Nee,B/Z,B,Nee,B,Nee,Nee,B/Z,B,B,B/Z,B,Nee,Nee,Nee,B/Z,Nee,Nee,B/Z,B,B,B/Z,B/Z,B,B/Z,Nee,B,B/Z,B/Z,Nee,B/Z,B/Z,B,Nee,B/Z,B,B/Z,B/Z,B,Nee,B,B,B,B/Z,B/Z,B,B,B,B,B,B,B,B,B,B,B,B,B,Nee,Nee,B,Nee,Nee,B,Nee,Nee,B,B,B,B,B,B,Nee,Nee,Nee,Nee,B,Nee,Nee,B/Z,Nee,Nee,B/Z,B,Nee,B,B,B,B,B,Nee,Nee,Nee,B,B,B,Nee,Nee,B,B,B,B,B,B,Nee,B,B,B,B,B,Nee,B,B,B/Z,B,B,B/Z,B,B,B,Nee,B,B,B,B,B,B,B,B/Z,B,Nee,B,B,B,B,Nee,B,Nee,Nee,Nee,B,B,B/Z,B,B,B,B,Nee,Nee,Nee,Nee,Nee,Nee,Nee,Nee,B,B,B/Z,B,B,Nee,B,B,B,Nee,Nee,B/Z,B,Nee,B,B,Nee,B,B/Z,Nee,B,Nee,B,B,B/Z,B,Nee,Nee,Nee,B/Z,Nee,B/Z,B,Nee,Nee,Nee,Nee,B,Nee,B,Nee,B,Nee,Nee,Nee,B/Z,B,B,B/Z,B,B/Z,B/Z,B,B,B,B,B,B,B,Nee,Nee,Nee,Nee,B,Nee,Nee,B,B,B,B,B/Z,B/Z,B,B/Z,Nee,B/Z,B,Nee,Nee,B,B,B,B,B,B,Nee,B,B,B,B,B,B,B,B,B,B,B,B,B,Nee,B/Z,Nee,B,Nee,Nee,Nee,B,B,Nee,B,B,B,B,Nee,B,B,Nee,Nee,Nee,B,B,B,B,B,B,Nee,B,B,B,Nee,Nee,B,Nee,B,Nee,Nee,B,B,B,Nee,Nee,B,Nee,B,Nee,Nee,B,Nee,B,B,B,B,B/Z,B,B/Z,B,B,B,Nee,Nee,Nee,Nee,Nee,Nee,B,Nee,Nee,Nee,Nee,B,B,B,B,B,B/Z,B,Nee,Nee,B,Nee,B,Nee,B,B,B,Nee,Nee,B,B,Nee,Nee,Nee,B,B,B,Nee,B,B,Nee,B,Nee,B,Nee,B,B,Nee,Nee,Nee,B,Nee,B,B,Nee,R_1eXAia3xSCnv0e6,R_1eXAia3xSCnv0e6,930,31,2021,nl
R_28YdvGDOkvrQVZU,Female,University degree or equivalent,University degree or equivalent,40,60,0,NA,Dutch;40;,English;60;,,10,90,0,NA,English,NA,6,10,NA,NA,I always (or almost always) speak English to my child,Bilingual Dutch and English,NA,10,10,NA,NA,I regularly speak both Dutch and English to my child,Second,NA,2,3,Always (or almost always) Dutch,NA,Nee,B/Z,Nee,B/Z,B,B/Z,B/Z,Nee,B/Z,Nee,Nee,B/Z,B,B,Nee,B,Nee,B/Z,Nee,Nee,B/Z,Nee,B/Z,Nee,B/Z,Nee,B/Z,B/Z,Nee,Nee,Nee,B/Z,B,B/Z,B/Z,B/Z,Nee,B,B,Nee,Nee,B/Z,B,Nee,B,B,B,Nee,B,B,B,B/Z,B/Z,B,B,B,Nee,B/Z,B,B/Z,B/Z,B/Z,Nee,B/Z,B,B,Nee,Nee,B/Z,Nee,B,B,B,B/Z,B/Z,Nee,B/Z,B/Z,B,Nee,B/Z,B,B,B,B,B/Z,B/Z,B/Z,B/Z,B,B,Nee,Nee,B/Z,B,B/Z,Nee,B,Nee,B,B/Z,B,B,B,Nee,B/Z,B,B,B,B,B,B,Nee,B/Z,Nee,B,B/Z,B,B,B/Z,B/Z,B/Z,B,B,Nee,B,B/Z,B,Nee,B/Z,B,B,B/Z,B,Nee,B/Z,B,B/Z,B,B,Nee,B,Nee,B,B,Nee,Nee,B/Z,B,B,B,B/Z,B/Z,B,B,Nee,Nee,B/Z,B,B/Z,B,Nee,B,B/Z,Nee,Nee,B,Nee,B/Z,B,B/Z,B/Z,B/Z,B/Z,B,Nee,Nee,B,B/Z,B/Z,B,B/Z,Nee,B,B/Z,Nee,B,B,Nee,B/Z,B,B/Z,B/Z,Nee,B,B,B,Nee,Nee,Nee,B,B/Z,B,B,B,B/Z,B/Z,B/Z,B,B,Nee,B/Z,B,Nee,Nee,B,B/Z,Nee,Nee,B/Z,B/Z,Nee,B/Z,Nee,Nee,B,Nee,Nee,B,B/Z,B/Z,Nee,Nee,Nee,B/Z,B/Z,B/Z,B/Z,Nee,Nee,Nee,Nee,Nee,B/Z,B/Z,Nee,B,B/Z,Nee,B,B/Z,B,B/Z,B/Z,B/Z,B,B/Z,B,B,B,Nee,Nee,B,B,Nee,Nee,B,B,B,Nee,Nee,B,B/Z,B/Z,Nee,B/Z,B,B,B/Z,B,B/Z,B,B,B,B,B,B,Nee,B/Z,Nee,Nee,B/Z,B/Z,B/Z,Nee,Nee,B/Z,B,B,B/Z,B,B,Nee,B/Z,B,Nee,B/Z,B,Nee,B/Z,Nee,Nee,B,B,B/Z,B/Z,B,B,Nee,Nee,B/Z,Nee,Nee,Nee,B,B,B,B,B,Nee,Nee,Nee,Nee,B,B,B/Z,B,Nee,Nee,B/Z,Nee,B,B,B/Z,Nee,Nee,B/Z,Nee,Nee,Nee,B,B/Z,B,B/Z,B/Z,B/Z,B,B/Z,B/Z,B/Z,B,B,Nee,B,Nee,Nee,Nee,B,Nee,B,Nee,B/Z,B/Z,B,B,B,B,B,B,B/Z,B/Z,B/Z,B/Z,B/Z,Nee,B/Z,Nee,B/Z,B/Z,B,B,B,B,B,B/Z,B/Z,B,B,B,B,B,B/Z,B/Z,Nee,B,B,B,B,B/Z,B,Nee,Nee,B/Z,B,Nee,B/Z,B/Z,Nee,R_28YdvGDOkvrQVZU,R_28YdvGDOkvrQVZU,657,21.9,2021,nl
R_1NFbn6EXHQKtMqk,Male,University degree or equivalent,University degree or equivalent,40,60,0,NA,Dutch;40;,English;60;,,10,90,0,NA,English,NA,8,10,NA,NA,I always (or almost always) speak English to my child,Dutch,NA,10,9,NA,NA,I always (or almost always) speak English to my child,Second,NA,2,4,Always (or almost always) Dutch,2,B,B/Z,B/Z,B,B,B/Z,B/Z,B,B,B,B/Z,B,Nee,Nee,Nee,B,Nee,Nee,Nee,Nee,Nee,Nee,Nee,Nee,B/Z,Nee,Nee,B/Z,Nee,Nee,Nee,Nee,Nee,Nee,Nee,Nee,Nee,Nee,B/Z,Nee,Nee,Nee,Nee,Nee,Nee,Nee,Nee,B/Z,B/Z,B,B,B,B,B,B,B/Z,B,B/Z,B/Z,B/Z,B/Z,B/Z,B,B,B,B,B/Z,B,B,B,B,B,B/Z,B,B,Nee,B,B,B,B,B/Z,B,B,B,Nee,B,B/Z,B/Z,B,B,B,B,B,B/Z,B,B/Z,B/Z,B,B,B/Z,B/Z,B,B,B,B,B/Z,B,B,B,B,B,B,B,B,B,B,B,B,B,B,B,B,B,B,B,B,B,B,B,B/Z,B,Nee,B/Z,B,B/Z,Nee,Nee,B/Z,B/Z,B,Nee,B/Z,Nee,Nee,B,Nee,Nee,B,B,B,B,B,B,B,B,Nee,Nee,B/Z,B/Z,B,B,B,B/Z,B/Z,Nee,Nee,B/Z,Nee,B/Z,B,B,B,B,B/Z,B/Z,B,Nee,B,B/Z,B,B,B/Z,B/Z,Nee,B/Z,Nee,B,B,B,B,B,B,B,B,B,B,B,B,B,B,B,B,B,B,B,B/Z,B,Nee,B/Z,B,B,B,B,B,B,B,Nee,Nee,B,B,B,B,B/Z,B/Z,Nee,Nee,Nee,Nee,Nee,B,Nee,Nee,Nee,Nee,B,Nee,B,B,Nee,Nee,Nee,Nee,Nee,Nee,Nee,Nee,B/Z,Nee,Nee,B/Z,B/Z,Nee,B/Z,Nee,Nee,B/Z,B/Z,Nee,Nee,Nee,B,B,B,B,Nee,Nee,Nee,B,B,B,B,B,B,B,Nee,B,Nee,Nee,B,B,B,Nee,Nee,Nee,Nee,B,B,Nee,Nee,Nee,Nee,B,Nee,B,Nee,Nee,Nee,B,Nee,Nee,Nee,Nee,Nee,B,Nee,Nee,Nee,B,Nee,Nee,Nee,B,B,B,B,Nee,B,B,Nee,Nee,Nee,Nee,Nee,B,Nee,B,B,Nee,Nee,Nee,Nee,Nee,B,Nee,Nee,Nee,Nee,Nee,B,B,B,B,B,Nee,B,Nee,B,B,Nee,Nee,B,B,B,B,B,B,Nee,Nee,B,B,Nee,Nee,B,Nee,Nee,Nee,B,Nee,Nee,Nee,B,Nee,B,B,B/Z,B,B,B/Z,B,B,B,B,B,B,B,B,Nee,B/Z,B/Z,B/Z,B,B,B,B,B/Z,B/Z,B,B,B,Nee,B,Nee,B,Nee,Nee,Nee,Nee,Nee,B,B,B,B,B,B,B,B,B,Nee,R_1NFbn6EXHQKtMqk,R_1NFbn6EXHQKtMqk,967,32.23333333,2021,nl
R_2R3KN8qzl75fxNO,Female,University degree or equivalent,Left school at 16 with GCSE or equivalent,50,45,5,Italian,Dutch;50;,English;45;,Italian;5;,50,50,0,NA,Other(s),NA,3,10,10,Italian,I always (or almost always) speak English to my child,Dutch,NA,10,10,2,Italian,I always (or almost always) speak Dutch to my child,Third,NA,3,NA,NA,NA,B/Z,Nee,Nee,Nee,B,B/Z,B,Nee,Nee,B,B/Z,B,B/Z,B/Z,B/Z,Nee,Nee,B/Z,Nee,Nee,B,Nee,B,Nee,B,B,B,B,B,Nee,B,B,B,B,Nee,B/Z,Nee,Nee,B,B,B/Z,B,B,B,B,B,B,B/Z,B,B,B,B,B/Z,B,B/Z,B/Z,B,B/Z,B/Z,B/Z,B/Z,B/Z,B,B/Z,B/Z,B/Z,B/Z,B,B/Z,B,B,B,B/Z,B,B,B,B/Z,B,B,Nee,B,B,B,B/Z,B/Z,B/Z,B,B/Z,B,B,B,Nee,Nee,B,Nee,B,B,B,B,B,B/Z,B,B,B,Nee,B/Z,B/Z,B/Z,B/Z,Nee,B,B,Nee,B,B,B,B,B/Z,B,B,B/Z,B/Z,B,B/Z,B,B,B/Z,B,Nee,B/Z,Nee,Nee,B/Z,B,Nee,B/Z,B,B/Z,B,B,B,B,Nee,B,B,B,Nee,Nee,B,Nee,B,B,B,B,B,B,B,B/Z,B/Z,B/Z,B,B,B,B/Z,B,B,B/Z,B,B,B,B,B,B/Z,B,B,B,B,B,B/Z,B,B/Z,B/Z,B,B,B,B,B/Z,B,Nee,B,B,B/Z,B,B,B,B,B,B,B,B,B,B,B,B,B,B,B,Nee,B,Nee,B,Nee,Nee,B,B,B,B,B,B,B,B,B,B,B/Z,Nee,Nee,Nee,B,B/Z,B/Z,B,B,B,B,B/Z,B,B,B/Z,B,B,B,B,B/Z,B,B,B,B,B,B,B,B/Z,B,B,B/Z,B/Z,B,B/Z,B,B,B/Z,B,B/Z,B,B,B,B,B,B,B,B,B,B,B,B,Nee,B/Z,Nee,B,B/Z,B,B,B,B,B,B,B/Z,B,B,B/Z,B,B/Z,B/Z,B/Z,B,B,B,B/Z,B/Z,B,B/Z,B,B,B,B,B,B,B,B,B,B,B,B/Z,B,B,B/Z,B/Z,B/Z,B,B,B,B,B,B,B/Z,B,B,B,B,B,B,B,B,B,B,B,B/Z,B/Z,Nee,B/Z,B/Z,B,B,B,B,B,B,B,B,B/Z,B/Z,B/Z,B/Z,B/Z,B/Z,B/Z,B/Z,B,B/Z,B/Z,B/Z,B/Z,B/Z,B,B/Z,B,B,B/Z,B/Z,B,B,B,B,B/Z,Nee,B,Nee,B,B,B,B,B,Nee,Nee,B/Z,Nee,Nee,Nee,Nee,B/Z,Nee,Nee,B/Z,B/Z,Nee,B/Z,B/Z,B/Z,Nee,Nee,Nee,Nee,Nee,B,Nee,B,B,Nee,B,B/Z,Nee,Nee,Nee,Nee,Nee,Nee,B,B,Nee,R_2R3KN8qzl75fxNO,R_2R3KN8qzl75fxNO,981,32.7,2021,nl
R_2wyFzzOwm5h57Bv,Female,Left school at 16 with GCSE or equivalent,Left school at 18 with A-Levels or equivalent,50,50,0,NA,Dutch;50;,English;50;,,75,25,0,NA,English,NA,7,10,NA,NA,I always (or almost always) speak English to my child,Dutch,NA,10,9,NA,NA,I regularly speak both Dutch and English to my child,First,NA,1,3,Always (or almost always) Dutch,0,Nee,B/Z,B,B/Z,Nee,B,B/Z,B/Z,Nee,B/Z,B/Z,Nee,B/Z,B,Nee,Nee,Nee,B,Nee,Nee,Nee,Nee,B,Nee,Nee,Nee,Nee,Nee,B,Nee,B,Nee,Nee,Nee,Nee,Nee,Nee,Nee,Nee,Nee,Nee,Nee,B/Z,Nee,Nee,Nee,B,B/Z,Nee,Nee,Nee,Nee,Nee,Nee,B,Nee,Nee,B/Z,Nee,B,B,Nee,Nee,B/Z,Nee,B/Z,B/Z,Nee,B,Nee,Nee,Nee,Nee,Nee,B,Nee,B,Nee,Nee,Nee,Nee,Nee,Nee,Nee,Nee,Nee,Nee,Nee,Nee,Nee,Nee,Nee,Nee,Nee,Nee,Nee,B,Nee,Nee,Nee,Nee,Nee,Nee,B,Nee,Nee,Nee,Nee,Nee,Nee,Nee,Nee,Nee,B,Nee,Nee,B,Nee,Nee,Nee,B,Nee,Nee,B,Nee,Nee,B,B,Nee,B,Nee,Nee,B,Nee,Nee,Nee,Nee,Nee,B,Nee,Nee,Nee,Nee,B,Nee,Nee,Nee,Nee,Nee,Nee,Nee,Nee,Nee,B,Nee,Nee,Nee,Nee,Nee,B,Nee,Nee,Nee,Nee,Nee,Nee,Nee,Nee,Nee,Nee,Nee,Nee,Nee,Nee,Nee,Nee,Nee,Nee,Nee,Nee,Nee,Nee,Nee,Nee,Nee,Nee,Nee,Nee,Nee,Nee,Nee,Nee,Nee,Nee,Nee,Nee,Nee,Nee,Nee,Nee,Nee,Nee,Nee,Nee,Nee,B,Nee,Nee,Nee,B,Nee,Nee,Nee,Nee,Nee,B,Nee,Nee,Nee,Nee,B,Nee,Nee,B,Nee,Nee,Nee,Nee,Nee,B/Z,Nee,Nee,Nee,Nee,B/Z,Nee,B,B/Z,Nee,Nee,Nee,Nee,Nee,Nee,B,Nee,B/Z,Nee,Nee,Nee,B,Nee,Nee,B/Z,B,B,Nee,B,Nee,B,B,Nee,Nee,Nee,Nee,Nee,B,B,Nee,Nee,Nee,B,Nee,Nee,Nee,B,Nee,B,B,Nee,B,Nee,Nee,Nee,Nee,Nee,Nee,Nee,Nee,Nee,B,B,Nee,B,Nee,Nee,B,Nee,Nee,B,Nee,Nee,B,Nee,B,Nee,Nee,Nee,Nee,Nee,B,B,Nee,Nee,B,Nee,Nee,Nee,Nee,Nee,Nee,Nee,Nee,Nee,B,Nee,B,Nee,Nee,Nee,Nee,B,Nee,Nee,Nee,Nee,B,Nee,Nee,Nee,Nee,B,Nee,Nee,Nee,Nee,B,Nee,Nee,Nee,B,B,Nee,Nee,Nee,Nee,B,B,B,Nee,Nee,Nee,Nee,Nee,Nee,Nee,Nee,Nee,Nee,B,Nee,Nee,Nee,Nee,B,Nee,Nee,B,Nee,B/Z,Nee,Nee,Nee,Nee,Nee,Nee,Nee,B/Z,B/Z,Nee,Nee,Nee,Nee,Nee,Nee,Nee,Nee,Nee,Nee,Nee,Nee,Nee,Nee,Nee,B,B,B,Nee,B,Nee,Nee,Nee,Nee,Nee,Nee,Nee,B,Nee,BL01NE01EN009,NEEN009,485,16.16666667,2021,nl
R_2soLlfXdTAfol4R,Male,University degree or equivalent,Left school at 18 with A-Levels or equivalent,50,50,0,NA,Dutch;50;,English;50;,,25,75,0,NA,English,NA,5,10,NA,NA,I always (or almost always) speak English to my child,Dutch,NA,10,9,NA,NA,I always (or almost always) speak Dutch to my child,First,NA,1,24,Always (or almost always) Dutch,NA,B/Z,Nee,B,B/Z,B,B,B/Z,B/Z,B/Z,B/Z,B/Z,B/Z,B,B/Z,B/Z,B/Z,B,B,Nee,Nee,B/Z,B,B,Nee,B,B,B,B,B,Nee,B,B,B,B/Z,B,B,B/Z,B/Z,B,B,Nee,B,B/Z,B,B/Z,B,B/Z,B/Z,B/Z,B,B,B/Z,B/Z,B/Z,B/Z,B,B,B/Z,B,B/Z,B/Z,Nee,B,B,B/Z,B/Z,B/Z,B/Z,B/Z,B/Z,B/Z,B/Z,B/Z,B/Z,B/Z,Nee,B/Z,B/Z,Nee,Nee,B/Z,B/Z,B/Z,B/Z,B/Z,B/Z,B/Z,B/Z,B,B/Z,B/Z,B/Z,B/Z,B/Z,B/Z,B/Z,B/Z,B,B,B/Z,B/Z,B,B,B/Z,B,B/Z,B/Z,B/Z,B/Z,B,B,B/Z,Nee,B,Nee,Nee,B,B,B,B,B/Z,B/Z,B/Z,B/Z,B,B,B,B,B,B/Z,B/Z,Nee,B/Z,B,Nee,B/Z,B,B/Z,B/Z,B/Z,B/Z,Nee,B,B/Z,Nee,B,B,B,B,B,B,B,B/Z,B/Z,B,Nee,B,B/Z,B/Z,B/Z,B,Nee,B,B/Z,B/Z,B,B/Z,B/Z,B,B,B,B,B/Z,B/Z,B,B/Z,Nee,B,B/Z,B/Z,B/Z,B/Z,Nee,Nee,B,B,B,B/Z,Nee,B,B,B,B/Z,Nee,Nee,B/Z,B/Z,Nee,B/Z,Nee,B/Z,Nee,Nee,B,B,B,B/Z,Nee,B/Z,B,Nee,Nee,Nee,Nee,Nee,B/Z,Nee,B,B,B/Z,B/Z,B,B/Z,B/Z,Nee,Nee,B,B/Z,B,B/Z,B,B,B,B,B/Z,Nee,B/Z,B/Z,Nee,B,B,Nee,B,Nee,Nee,B,B,B/Z,B/Z,B,B/Z,B/Z,B/Z,B/Z,B/Z,B,B/Z,B/Z,B,B,B/Z,B,B,B/Z,B,B,B/Z,B/Z,B,B,B,B,B/Z,Nee,B,B/Z,B,B,B/Z,B,B/Z,B/Z,B,B,B/Z,B/Z,B,B/Z,B,Nee,B/Z,B/Z,B,B/Z,B/Z,B,B/Z,B,B,B/Z,B/Z,B,B/Z,B,B,B,Nee,B/Z,B,B,B,B/Z,B/Z,B,B/Z,B,B/Z,Nee,B,B,B,B,B,B,B,B,B,B,B,B,B,B,B/Z,B,B,B/Z,B,B,B/Z,B,B,B,B/Z,B,B/Z,Nee,B,B/Z,B,B,B,B,B/Z,B/Z,B,B,B/Z,B,B,B,B,B/Z,B/Z,B/Z,B,B,B,B,B,B,B,B,B/Z,Nee,B,Nee,Nee,B,B,B/Z,B,B,B,B/Z,B,B,B,B/Z,B/Z,B/Z,B,B,B,B,B/Z,B/Z,B,B,B,B/Z,B,B/Z,B/Z,B,B/Z,B,B/Z,Nee,B,B,B,B/Z,B/Z,B/Z,B,B/Z,B/Z,B/Z,R_2soLlfXdTAfol4R,R_2soLlfXdTAfol4R,918,30.6,2021,nl
R_28GvNOawDzj3CPw,Male,University degree or equivalent,University degree or equivalent,30,70,0,NA,Dutch;30;,English;70;,,10,90,0,NA,English,NA,4,10,NA,NA,I always (or almost always) speak English to my child,Dutch,NA,10,9,NA,NA,I regularly speak both Dutch and English to my child,Second,NA,2,3,Always (or almost always) Dutch,0,Nee,Nee,Nee,Nee,Nee,B,Nee,Nee,Nee,Nee,Nee,Nee,Nee,Nee,Nee,Nee,Nee,Nee,Nee,Nee,Nee,Nee,Nee,Nee,Nee,Nee,Nee,Nee,Nee,Nee,Nee,Nee,Nee,Nee,Nee,Nee,Nee,Nee,Nee,Nee,Nee,Nee,Nee,Nee,Nee,Nee,Nee,Nee,Nee,Nee,Nee,Nee,Nee,Nee,Nee,Nee,Nee,B,Nee,Nee,B,Nee,Nee,Nee,B,Nee,Nee,Nee,B,Nee,Nee,B,Nee,B,Nee,Nee,Nee,Nee,Nee,Nee,Nee,Nee,Nee,Nee,Nee,B,Nee,Nee,Nee,Nee,Nee,Nee,Nee,Nee,Nee,Nee,Nee,Nee,Nee,Nee,B,Nee,Nee,Nee,Nee,Nee,Nee,Nee,Nee,Nee,Nee,Nee,Nee,Nee,Nee,Nee,Nee,Nee,Nee,Nee,B,Nee,Nee,Nee,Nee,Nee,Nee,Nee,Nee,Nee,Nee,Nee,Nee,Nee,Nee,Nee,Nee,Nee,Nee,Nee,Nee,Nee,Nee,Nee,Nee,Nee,Nee,Nee,Nee,Nee,Nee,Nee,Nee,Nee,Nee,Nee,Nee,Nee,Nee,Nee,Nee,Nee,B,Nee,Nee,Nee,Nee,Nee,Nee,Nee,Nee,Nee,Nee,Nee,Nee,Nee,Nee,Nee,Nee,Nee,Nee,Nee,Nee,Nee,Nee,Nee,Nee,Nee,Nee,Nee,Nee,B,Nee,Nee,Nee,Nee,Nee,Nee,Nee,Nee,Nee,Nee,Nee,Nee,Nee,B,Nee,Nee,Nee,Nee,Nee,Nee,Nee,Nee,Nee,Nee,Nee,Nee,Nee,B,Nee,Nee,Nee,B,Nee,Nee,Nee,Nee,Nee,B/Z,Nee,Nee,Nee,Nee,B,Nee,B,Nee,Nee,Nee,Nee,Nee,Nee,B,Nee,Nee,Nee,Nee,Nee,Nee,B,Nee,B,B,Nee,Nee,B,B,Nee,Nee,Nee,B,Nee,Nee,Nee,Nee,Nee,Nee,Nee,Nee,Nee,Nee,Nee,Nee,Nee,B,Nee,Nee,Nee,Nee,Nee,Nee,Nee,Nee,Nee,Nee,Nee,Nee,B,Nee,Nee,B,Nee,B,Nee,Nee,Nee,Nee,Nee,Nee,Nee,Nee,B,Nee,Nee,Nee,Nee,Nee,Nee,Nee,Nee,B,Nee,Nee,B,Nee,B,Nee,Nee,Nee,Nee,Nee,Nee,Nee,Nee,Nee,B,Nee,Nee,Nee,Nee,Nee,B,Nee,Nee,Nee,Nee,Nee,Nee,Nee,Nee,Nee,Nee,Nee,Nee,Nee,Nee,Nee,Nee,Nee,Nee,Nee,Nee,Nee,Nee,Nee,Nee,Nee,B,Nee,Nee,Nee,Nee,Nee,Nee,Nee,Nee,Nee,Nee,Nee,Nee,Nee,Nee,Nee,Nee,Nee,Nee,Nee,Nee,Nee,Nee,Nee,Nee,Nee,Nee,Nee,Nee,B,Nee,Nee,Nee,Nee,Nee,Nee,Nee,Nee,Nee,Nee,Nee,Nee,Nee,Nee,Nee,Nee,B,Nee,Nee,Nee,Nee,Nee,Nee,Nee,B,Nee,Nee,Nee,B,Nee,BL01NE01EN010,NEEN010,430,14.33333333,2021,nl
R_2zhwuBoLIObPqJC,Male,Left school at 18 with A-Levels or equivalent,University degree or equivalent,75,25,0,NA,Dutch;75;,English;25;,,60,40,0,NA,Dutch,NA,10,6,NA,NA,I regularly speak both Dutch and English to my child,English,NA,2,10,NA,NA,I always (or almost always) speak English to my child,Second,NA,2,3,Always (or almost always) Dutch,0,Nee,B,B,Nee,Nee,B,B/Z,Nee,Nee,Nee,Nee,B,Nee,Nee,Nee,B,Nee,B,Nee,Nee,Nee,Nee,B,Nee,Nee,Nee,B,Nee,Nee,Nee,Nee,Nee,Nee,Nee,Nee,Nee,Nee,Nee,Nee,Nee,Nee,Nee,Nee,Nee,Nee,Nee,Nee,B,Nee,Nee,B,B,B,Nee,Nee,Nee,Nee,B,Nee,Nee,B,Nee,B,Nee,Nee,Nee,B,B,B/Z,Nee,Nee,B,Nee,Nee,B,Nee,B,B,Nee,Nee,Nee,B,Nee,Nee,Nee,Nee,B,B,Nee,Nee,B,Nee,B,B,Nee,Nee,Nee,Nee,Nee,B,Nee,Nee,Nee,Nee,Nee,B,B,B,Nee,Nee,Nee,Nee,Nee,B,Nee,Nee,Nee,Nee,Nee,Nee,B,Nee,B,Nee,Nee,Nee,B,B,Nee,B,Nee,Nee,B,Nee,Nee,B,B,B,Nee,B,Nee,Nee,Nee,Nee,B,B,Nee,Nee,Nee,Nee,B,B,B,B,Nee,Nee,B,Nee,Nee,Nee,B,Nee,B,Nee,Nee,Nee,Nee,Nee,Nee,Nee,B,B,Nee,Nee,Nee,Nee,Nee,Nee,B,Nee,Nee,Nee,Nee,Nee,B,B,B,Nee,Nee,Nee,Nee,Nee,Nee,Nee,Nee,Nee,Nee,Nee,Nee,Nee,Nee,Nee,Nee,Nee,Nee,B,B,Nee,Nee,Nee,Nee,Nee,Nee,Nee,Nee,B,Nee,B,B,B,B,B,Nee,B,Nee,Nee,Nee,Nee,Nee,B/Z,Nee,Nee,Nee,Nee,Nee,Nee,Nee,B/Z,Nee,Nee,Nee,Nee,Nee,B,Nee,Nee,B,Nee,Nee,Nee,B,B,Nee,B,B,Nee,B,B,Nee,Nee,Nee,B,Nee,Nee,Nee,Nee,B,Nee,B,Nee,Nee,B,B,Nee,Nee,B,Nee,Nee,B,B,B,B,Nee,B,B,B,Nee,B,B,Nee,B,B,Nee,Nee,Nee,Nee,B,B,Nee,B,B,Nee,B,B,Nee,Nee,B,B,B,Nee,B,B,Nee,Nee,B,B,Nee,B/Z,Nee,Nee,Nee,Nee,Nee,Nee,Nee,Nee,Nee,B,Nee,Nee,Nee,Nee,B,Nee,Nee,Nee,Nee,Nee,Nee,Nee,Nee,Nee,Nee,Nee,Nee,Nee,Nee,Nee,Nee,Nee,Nee,Nee,Nee,Nee,Nee,Nee,Nee,Nee,Nee,Nee,Nee,Nee,Nee,Nee,Nee,Nee,Nee,Nee,Nee,Nee,Nee,Nee,Nee,Nee,Nee,Nee,Nee,Nee,Nee,Nee,Nee,Nee,Nee,Nee,Nee,Nee,Nee,B,Nee,Nee,Nee,Nee,Nee,Nee,Nee,Nee,B/Z,Nee,Nee,Nee,Nee,Nee,B,Nee,Nee,Nee,Nee,Nee,Nee,Nee,Nee,Nee,Nee,Nee,Nee,Nee,Nee,Nee,R_2zhwuBoLIObPqJC,R_2zhwuBoLIObPqJC,675,22.5,2021,nl
R_1N2jarlMYX9dJ0m,Male,University degree or equivalent,Left school at 18 with A-Levels or equivalent,70,30,0,NA,Dutch;70;,English;30;,,20,80,0,NA,English,NA,6,10,NA,NA,I always (or almost always) speak English to my child,Dutch,NA,10,9,NA,NA,I regularly speak both Dutch and English to my child,First,NA,1,4,Always (or almost always) Dutch,1,Nee,Nee,Nee,Nee,Nee,Nee,Nee,Nee,B/Z,Nee,B/Z,Nee,B/Z,B,B,B,Nee,B/Z,Nee,Nee,B,Nee,B,Nee,B,B/Z,B,B,Nee,Nee,B,B,B,B,Nee,B,Nee,B/Z,B,Nee,Nee,Nee,Nee,B,Nee,B,Nee,B/Z,B,Nee,Nee,Nee,B,B,B,B,Nee,B/Z,B/Z,B,B/Z,B,Nee,Nee,B,Nee,B/Z,B,B/Z,Nee,Nee,B,Nee,B,B/Z,Nee,B,Nee,Nee,Nee,Nee,Nee,B,B,Nee,Nee,B,Nee,Nee,Nee,Nee,B,Nee,B,Nee,B,B,B,Nee,B,B,B,B,B,B,B,B,B,Nee,B,B,Nee,Nee,Nee,Nee,Nee,B,Nee,Nee,Nee,B,B,Nee,B,Nee,Nee,B,B,Nee,B/Z,Nee,Nee,B/Z,B,Nee,B,Nee,B,Nee,B,Nee,Nee,B,B,Nee,Nee,Nee,Nee,Nee,Nee,Nee,B,Nee,B,Nee,Nee,Nee,B/Z,B/Z,B,Nee,Nee,B,B,Nee,Nee,B,Nee,Nee,Nee,Nee,B,Nee,Nee,Nee,Nee,Nee,Nee,B,Nee,Nee,Nee,Nee,Nee,Nee,Nee,Nee,Nee,Nee,Nee,Nee,Nee,Nee,Nee,Nee,Nee,B,Nee,Nee,Nee,Nee,Nee,Nee,Nee,Nee,Nee,B,Nee,Nee,Nee,Nee,Nee,Nee,Nee,Nee,Nee,Nee,Nee,B,Nee,Nee,Nee,Nee,B/Z,Nee,Nee,Nee,Nee,Nee,B/Z,Nee,Nee,Nee,Nee,B,B,B,B/Z,Nee,Nee,Nee,B,Nee,Nee,Nee,B,Nee,Nee,Nee,Nee,B,Nee,Nee,B/Z,Nee,B,B,Nee,B,B,Nee,B,Nee,Nee,Nee,Nee,Nee,Nee,Nee,Nee,Nee,B,B,B,Nee,B,Nee,Nee,B,Nee,B,B,Nee,Nee,Nee,B,B,B,Nee,Nee,Nee,B,Nee,B,Nee,Nee,B,B,B,B,Nee,Nee,Nee,Nee,B,Nee,Nee,Nee,Nee,Nee,Nee,B,Nee,Nee,B,Nee,B,Nee,Nee,Nee,Nee,Nee,Nee,Nee,Nee,Nee,Nee,Nee,Nee,Nee,Nee,Nee,Nee,Nee,Nee,B,Nee,Nee,Nee,B,Nee,B,Nee,Nee,Nee,Nee,B,Nee,Nee,Nee,Nee,B,B,B,Nee,Nee,Nee,Nee,Nee,Nee,Nee,Nee,Nee,Nee,Nee,Nee,Nee,Nee,Nee,Nee,Nee,B,Nee,Nee,B,Nee,Nee,B,B,B/Z,B,Nee,Nee,Nee,B,Nee,Nee,Nee,B/Z,Nee,Nee,Nee,B,B,Nee,B,Nee,Nee,Nee,Nee,Nee,B,Nee,Nee,Nee,Nee,Nee,Nee,B,Nee,Nee,B,Nee,Nee,Nee,B,Nee,Nee,BL01NE01EN011,NEEN011,633,21.1,2021,nl
R_3qdqcdIL370p3n9,Female,University degree or equivalent,University degree or equivalent,30,70,0,NA,Dutch;30;,English;70;,,25,75,0,NA,English,NA,5,10,NA,NA,I regularly speak both Dutch and English to my child,Dutch,NA,10,9,NA,NA,I regularly speak both Dutch and English to my child,Other,First for mother but 2nd for father,2,18,Always (or almost always) Dutch,1,Nee,B/Z,B/Z,B/Z,B/Z,B/Z,B/Z,Nee,B/Z,B/Z,B/Z,B/Z,B/Z,B/Z,B/Z,B,B,B,Nee,Nee,B/Z,Nee,B/Z,Nee,B/Z,B/Z,B/Z,B/Z,Nee,B/Z,B,B/Z,B/Z,B/Z,B,B/Z,B,B/Z,B/Z,B,B/Z,B,B,B,B/Z,Nee,B/Z,B/Z,B/Z,B,B,Nee,B/Z,B,B,B,Nee,B/Z,B/Z,B/Z,B/Z,B/Z,B/Z,B/Z,B,B/Z,B/Z,B/Z,B/Z,Nee,B/Z,B/Z,B,B/Z,B/Z,B,B/Z,B/Z,B/Z,Nee,B/Z,B/Z,B/Z,B/Z,B/Z,B/Z,B/Z,B/Z,B,B/Z,B/Z,B,B,B/Z,B,B/Z,B/Z,B/Z,B,B/Z,B/Z,B/Z,B/Z,B/Z,B,B/Z,B/Z,B/Z,B/Z,B/Z,B,B/Z,B,B/Z,Nee,Nee,B/Z,B/Z,Nee,B,B/Z,B/Z,Nee,B/Z,Nee,B,B/Z,B/Z,Nee,B/Z,Nee,Nee,B/Z,B,B/Z,B/Z,B/Z,B/Z,B/Z,B/Z,Nee,Nee,Nee,B/Z,B/Z,B/Z,B,B/Z,B,Nee,B/Z,B/Z,B/Z,B/Z,B/Z,Nee,B/Z,B/Z,B/Z,B/Z,Nee,Nee,B/Z,B/Z,Nee,Nee,Nee,Nee,B,B/Z,Nee,B/Z,B/Z,B/Z,Nee,Nee,B,B,B/Z,B/Z,B/Z,B/Z,Nee,Nee,B,Nee,B/Z,B,Nee,B/Z,B,B/Z,B/Z,B/Z,B/Z,Nee,B/Z,B,B,B,B,B,Nee,Nee,Nee,B/Z,B/Z,B/Z,B/Z,B,B,Nee,B,Nee,Nee,B/Z,B/Z,B,B,B/Z,B/Z,B,B/Z,B/Z,Nee,B,B/Z,B/Z,B/Z,B/Z,B/Z,B,Nee,B/Z,B/Z,B,B/Z,B/Z,B,Nee,Nee,B,B/Z,B/Z,B/Z,B,B,B/Z,B,B,B/Z,B,B/Z,B/Z,B/Z,B,B/Z,B,B,B/Z,B,Nee,B,B,Nee,Nee,Nee,B/Z,B/Z,Nee,B,Nee,B/Z,B/Z,B,B/Z,B,Nee,B/Z,B,B,B,Nee,Nee,B,B,B,B,B/Z,Nee,B,B,Nee,B,Nee,Nee,B,Nee,Nee,B/Z,Nee,B/Z,B/Z,B,Nee,Nee,B,B,B,Nee,B,Nee,B,B,B,B/Z,B/Z,B,Nee,Nee,B/Z,Nee,Nee,B,B,Nee,B,B/Z,B,Nee,Nee,Nee,B,B,B,B/Z,B,Nee,B/Z,B,B,B/Z,B/Z,Nee,B,Nee,B/Z,B,B/Z,B,B/Z,B/Z,B/Z,B/Z,B,B/Z,B,B,B/Z,B/Z,B/Z,B/Z,B/Z,B,Nee,Nee,B,Nee,B,B,B,B,B/Z,B,B,B,B,B/Z,B/Z,B,B,B,B/Z,B,B,B,B,B,B/Z,B/Z,B,B/Z,B/Z,B/Z,B/Z,B/Z,B/Z,B,B,B,B,B/Z,B/Z,Nee,B/Z,Nee,B,B,B/Z,Nee,B,B,B/Z,B/Z,B/Z,B/Z,B/Z,B,BL01NE01EN012,NEEN012,1083,36.1,2021,nl
R_T0Ek3N1fuzAZKQF,Female,University degree or equivalent,University degree or equivalent,35,65,0,NA,Dutch;35;,English;65;,,50,50,0,NA,English,NA,7,10,NA,NA,I always (or almost always) speak English to my child,Dutch,NA,10,6,NA,NA,I always (or almost always) speak Dutch to my child,First,NA,1,4,Always (or almost always) English,0,B/Z,B/Z,B,B/Z,B/Z,B/Z,B/Z,B/Z,B/Z,Nee,Nee,B/Z,B/Z,B/Z,B/Z,B,B/Z,B/Z,B/Z,B/Z,B/Z,Nee,B/Z,Nee,B/Z,B,B/Z,B,Nee,B/Z,B/Z,B/Z,B/Z,B/Z,B,B/Z,Nee,B,B/Z,B/Z,Nee,B/Z,B/Z,B/Z,B/Z,B/Z,B/Z,B/Z,B/Z,B,B/Z,B/Z,B/Z,Nee,B/Z,B/Z,B,B/Z,B/Z,B,B/Z,B/Z,B/Z,B/Z,B/Z,B/Z,Nee,B/Z,B/Z,B/Z,B/Z,B/Z,B/Z,B/Z,B/Z,B,Nee,B/Z,Nee,Nee,B/Z,B/Z,B/Z,B/Z,B/Z,B/Z,B/Z,B/Z,B/Z,B/Z,B/Z,B/Z,B/Z,B/Z,B/Z,B/Z,B/Z,B/Z,B/Z,B/Z,B/Z,B/Z,B/Z,B/Z,B,B/Z,B/Z,B/Z,B/Z,B/Z,B/Z,B/Z,B,B/Z,B/Z,Nee,B/Z,B/Z,B/Z,B,B/Z,B/Z,B/Z,B/Z,B/Z,B/Z,B/Z,B/Z,B/Z,B/Z,B/Z,B/Z,B/Z,B/Z,B/Z,B/Z,B/Z,B/Z,B/Z,B/Z,B,Nee,B,B/Z,B/Z,B/Z,Nee,B/Z,B,B/Z,B/Z,B/Z,B/Z,B/Z,B/Z,B/Z,B/Z,B/Z,B/Z,B/Z,B,B/Z,B/Z,B/Z,B/Z,B/Z,B,B/Z,B/Z,B/Z,B,B/Z,B/Z,B/Z,B/Z,B,B/Z,B/Z,B/Z,B/Z,B/Z,B/Z,Nee,B/Z,B/Z,B,B/Z,B/Z,B,B/Z,B/Z,B/Z,B/Z,B/Z,B/Z,B/Z,B/Z,B/Z,B/Z,Nee,Nee,B/Z,B/Z,Nee,B/Z,B/Z,B/Z,B/Z,B/Z,B/Z,Nee,B/Z,Nee,B/Z,Nee,B/Z,B/Z,B/Z,B/Z,B/Z,B/Z,B/Z,B/Z,B/Z,Nee,B/Z,B/Z,B/Z,B/Z,B/Z,B/Z,B/Z,B/Z,B/Z,B/Z,B/Z,B/Z,B/Z,B/Z,Nee,B/Z,B/Z,B/Z,B/Z,B/Z,B,B/Z,B/Z,B/Z,B/Z,B/Z,Nee,B/Z,B/Z,B/Z,B/Z,B/Z,B/Z,B/Z,B/Z,B/Z,B/Z,B/Z,B/Z,Nee,Nee,B/Z,B/Z,B/Z,Nee,Nee,Nee,B/Z,B/Z,Nee,B/Z,Nee,Nee,B/Z,Nee,B/Z,B/Z,Nee,B/Z,B/Z,B/Z,B/Z,Nee,B/Z,Nee,Nee,B/Z,B/Z,B/Z,Nee,B/Z,B/Z,B/Z,B,B/Z,B/Z,B,B/Z,B/Z,Nee,B/Z,B/Z,B,B,B,B,B/Z,B,Nee,B/Z,B/Z,B/Z,B/Z,B,B/Z,Nee,Nee,B/Z,B,B,B/Z,B/Z,B,B,Nee,Nee,B,B/Z,Nee,Nee,B/Z,B/Z,Nee,B/Z,B/Z,B/Z,B/Z,B/Z,Nee,B/Z,Nee,B/Z,B/Z,B/Z,B/Z,B/Z,B/Z,B/Z,B/Z,B/Z,B/Z,B,B/Z,B/Z,B,B/Z,B,B/Z,B/Z,B/Z,B,B/Z,B,Nee,B/Z,B/Z,B/Z,B/Z,B/Z,B/Z,B/Z,Nee,B/Z,Nee,B/Z,B/Z,B/Z,B/Z,B/Z,Nee,B/Z,Nee,B/Z,B/Z,B,B/Z,B/Z,B/Z,B/Z,B/Z,B/Z,B/Z,B,B/Z,B/Z,B/Z,B/Z,B/Z,B/Z,B/Z,B/Z,B/Z,B/Z,B/Z,B/Z,B/Z,B/Z,B/Z,B/Z,B/Z,B/Z,B/Z,B/Z,BL01NE01EN013,NEEN013,924,30.8,2021,nl
R_3IW5wpwosDyrJRj,Female,University degree or equivalent,University degree or equivalent,70,30,0,NA,Dutch;70;,English;30;,,30,70,0,NA,English,NA,6,10,NA,NA,I always (or almost always) speak English to my child,Dutch,NA,10,9,NA,NA,I regularly speak both Dutch and English to my child,First,NA,1,3,Always (or almost always) Dutch,2,Nee,B/Z,B/Z,B/Z,Nee,B/Z,B/Z,Nee,B/Z,Nee,B/Z,B/Z,B/Z,B/Z,B/Z,B,Nee,B/Z,Nee,B/Z,B/Z,Nee,B/Z,Nee,B/Z,B/Z,B/Z,B/Z,Nee,B/Z,B/Z,B/Z,B,B/Z,Nee,B/Z,Nee,Nee,B/Z,Nee,Nee,B/Z,Nee,B/Z,B/Z,B,B/Z,B/Z,B/Z,Nee,B/Z,B/Z,B/Z,B,B/Z,Nee,Nee,B/Z,B/Z,B/Z,B/Z,B/Z,B/Z,B/Z,B/Z,B/Z,B/Z,B,B/Z,Nee,Nee,B/Z,B/Z,B/Z,Nee,Nee,B/Z,B/Z,Nee,Nee,B/Z,B/Z,B/Z,B/Z,B/Z,B/Z,B/Z,B/Z,B/Z,Nee,B/Z,B/Z,B/Z,B/Z,B,B/Z,B/Z,B/Z,B/Z,B/Z,B/Z,B/Z,B/Z,B/Z,B,B/Z,B/Z,B/Z,B/Z,B/Z,Nee,B/Z,B,B/Z,Nee,Nee,B/Z,B/Z,Nee,B/Z,B/Z,B/Z,B,B/Z,B/Z,B/Z,B/Z,B/Z,B,B/Z,B,B/Z,B/Z,B/Z,B/Z,B/Z,B,B/Z,B/Z,B/Z,Nee,Nee,Nee,B/Z,B/Z,B/Z,Nee,B/Z,Nee,B,B,B/Z,B/Z,B/Z,B/Z,Nee,B/Z,B/Z,B/Z,B/Z,B,B/Z,B/Z,B/Z,Nee,Nee,Nee,B/Z,B/Z,B/Z,Nee,B/Z,B/Z,Nee,B/Z,Nee,Nee,B/Z,B/Z,B/Z,B/Z,B,Nee,B/Z,B/Z,Nee,B/Z,B/Z,Nee,Nee,B/Z,B/Z,B/Z,Nee,B/Z,Nee,B/Z,Nee,Nee,Nee,B/Z,B/Z,Nee,Nee,Nee,B/Z,B/Z,B/Z,B/Z,B/Z,Nee,Nee,Nee,Nee,Nee,B/Z,B/Z,Nee,B/Z,B/Z,B/Z,B/Z,B/Z,B/Z,Nee,B/Z,B,B/Z,B/Z,B/Z,B/Z,B,B,B,B/Z,B,B/Z,B/Z,B,Nee,B/Z,B/Z,B,B,B,B,B/Z,B/Z,B/Z,B,B/Z,B/Z,B/Z,B/Z,B/Z,B/Z,B/Z,B/Z,B/Z,B/Z,B/Z,B/Z,B/Z,B/Z,Nee,Nee,B/Z,B/Z,B/Z,B,Nee,B/Z,B/Z,B,B,B/Z,Nee,B/Z,B/Z,B,B/Z,B/Z,B,B/Z,B/Z,B/Z,B/Z,B,B/Z,B,B/Z,B/Z,Nee,B/Z,B,B,B/Z,B/Z,B/Z,B/Z,B/Z,B/Z,B/Z,B/Z,B/Z,B/Z,B/Z,B,Nee,B/Z,B/Z,B/Z,B,Nee,B/Z,B/Z,B/Z,B/Z,Nee,B,B/Z,B/Z,Nee,B/Z,B/Z,B,B,B/Z,B/Z,B/Z,Nee,B/Z,B/Z,B/Z,B,B/Z,B,Nee,B/Z,B/Z,B,B,B,B/Z,B,B/Z,B/Z,B,B/Z,B,B/Z,B/Z,B/Z,B/Z,B/Z,B/Z,B,B/Z,B/Z,B/Z,B/Z,B,B/Z,B/Z,B,B,B/Z,B,B,B/Z,Nee,B/Z,B,B/Z,B/Z,B,Nee,B/Z,B/Z,B/Z,Nee,B,B,B/Z,B,B,B,B/Z,B/Z,B/Z,B/Z,B/Z,B/Z,B/Z,B/Z,B/Z,B,B,B,B,B/Z,B/Z,B/Z,Nee,B/Z,B,B,B/Z,B/Z,B,B,B,B/Z,B/Z,B,B/Z,B/Z,B,BL01NE01EN014,NEEN014,673,22.43333333,2021,nl
R_3lREgFfRN1wdtxW,Female,University degree or equivalent,University degree or equivalent,60,40,0,NA,Dutch;60;,English;40;,,70,30,0,NA,Dutch,NA,10,6,NA,NA,I regularly speak a mix of Dutch / English / other languages to my child,Bilingual Dutch and English,NA,10,10,NA,NA,I regularly speak a mix of Dutch / English / other languages to my child,First,NA,1,3,A regular mix of Dutch / English / other languages,1,Nee,B/Z,Nee,B,B,B/Z,B/Z,B,B,B/Z,B/Z,B/Z,Nee,B/Z,B,B,B,B/Z,B/Z,B/Z,B/Z,B,B/Z,B/Z,B/Z,B/Z,B/Z,B/Z,B,Nee,B/Z,B,B,B/Z,B/Z,B/Z,B/Z,B/Z,B/Z,B,B/Z,B/Z,B,B/Z,B/Z,B/Z,B/Z,B/Z,B/Z,B/Z,B,B/Z,B/Z,B/Z,B/Z,B/Z,B,Nee,B,B,Nee,B,B,B,B,B/Z,Nee,B,B/Z,B,B,B/Z,B/Z,B,B/Z,B,B,B,Nee,Nee,B/Z,Nee,B/Z,B/Z,B/Z,B/Z,B/Z,B,B,B,B,B,B,B/Z,B/Z,Nee,Nee,B/Z,B,B,B/Z,B,B,B,B/Z,B,B,Nee,B,B,B,B,B,B,Nee,Nee,B,B,B,B,B,B,B,B,B,B,B,B,B,B,B,B,B,B,Nee,B,B,B,B,B,Nee,B,Nee,Nee,B,B,Nee,B,Nee,Nee,Nee,Nee,Nee,B,B,B,B,Nee,B/Z,Nee,B/Z,B,B/Z,B/Z,Nee,Nee,B,Nee,B,B,B/Z,B,B,B,B,B,B,B,B/Z,B,B,B/Z,B,B/Z,Nee,Nee,B,B,Nee,B,B,B,B,Nee,B,B,B,B,B,B,B,B,Nee,B,B/Z,Nee,B,B,B,B,Nee,Nee,B,Nee,Nee,Nee,Nee,B,B,B/Z,B,B,B,Nee,Nee,Nee,Nee,Nee,B,B/Z,B,B,Nee,Nee,B/Z,B,B/Z,B/Z,Nee,Nee,B,B,B,B,B,B,Nee,B/Z,B,B,B/Z,B,B/Z,B/Z,B/Z,B,B/Z,B,B,B,B,B/Z,B,B,Nee,Nee,B,B,B,Nee,Nee,Nee,B,B,Nee,B,B,B,B/Z,B,B,B,B,B,B,B,B,B,B,Nee,B,Nee,B,B,B,B,B,B,B,B,B,B,B,B,B,B,Nee,B,B,Nee,Nee,Nee,Nee,B,B,B,B,B,B,B,B,Nee,Nee,B,Nee,B,Nee,B,B,Nee,Nee,B,Nee,B,Nee,B,B,Nee,B,B/Z,B,B,B,B,B,Nee,B,B,B,B,B,B,B,B,Nee,B,B,B,B,B,B,B,B,B,B,B,B,B,Nee,Nee,Nee,B,B,Nee,B,B/Z,B,B,B,Nee,B,B,B,Nee,B,Nee,B,Nee,B/Z,Nee,Nee,Nee,Nee,Nee,B,Nee,Nee,Nee,Nee,B,B,B,B,B,B,B,B,B,B,Nee,Nee,Nee,B,Nee,Nee,Nee,B/Z,B,BL01NE01EN015,NEEN015,1067,35.56666667,2021,nl
R_2TESjyxvgMRWJaU,Male,Left school at 18 with A-Levels or equivalent,University degree or equivalent,30,70,0,NA,Dutch;30;,English;70;,,30,70,0,NA,Dutch,NA,10,8,2,German,I regularly speak both Dutch and English to my child,English,NA,1,10,NA,NA,I always (or almost always) speak English to my child,First,NA,1,NA,NA,NA,B/Z,Nee,B/Z,B/Z,B/Z,B/Z,B/Z,Nee,B/Z,B/Z,B/Z,B/Z,Nee,B/Z,Nee,Nee,Nee,Nee,Nee,Nee,B/Z,Nee,Nee,Nee,B/Z,B/Z,B/Z,B/Z,Nee,Nee,B/Z,B/Z,B,Nee,B/Z,B/Z,Nee,Nee,B/Z,Nee,B/Z,B,Nee,B,B/Z,B/Z,B/Z,B/Z,B/Z,Nee,B/Z,B/Z,B/Z,B/Z,B/Z,B/Z,B,B/Z,B/Z,B/Z,B/Z,B/Z,B/Z,B/Z,B,B/Z,B/Z,B/Z,B/Z,Nee,B/Z,B/Z,B/Z,B,B/Z,Nee,B/Z,Nee,B/Z,Nee,B/Z,B/Z,B/Z,B/Z,B,B/Z,B/Z,B/Z,Nee,Nee,B/Z,B/Z,B/Z,B/Z,B/Z,B/Z,Nee,B/Z,Nee,B/Z,B/Z,B,B/Z,Nee,Nee,Nee,B,B,B,Nee,B,B/Z,Nee,B/Z,B,Nee,B,Nee,B,Nee,B,B,Nee,Nee,Nee,B,B,B,Nee,B,B,Nee,B/Z,Nee,B,B,B,B/Z,B/Z,B/Z,B,Nee,Nee,B,B,B,Nee,B,Nee,Nee,Nee,B,B,B/Z,B/Z,Nee,Nee,B,B,B,B,Nee,B,B,Nee,B,B/Z,Nee,Nee,B,Nee,B/Z,Nee,Nee,Nee,B/Z,B,B,B/Z,B,B,B/Z,Nee,B,B,Nee,B,Nee,Nee,Nee,B,B,B,Nee,Nee,B,B,B,Nee,Nee,B/Z,Nee,Nee,Nee,B/Z,Nee,B/Z,Nee,B,B,Nee,Nee,Nee,Nee,Nee,B,Nee,Nee,B,Nee,B,Nee,Nee,B/Z,Nee,B,B/Z,B,B,B/Z,B,Nee,Nee,Nee,B/Z,B/Z,B/Z,B,Nee,Nee,Nee,B,Nee,B,B,B,B,Nee,B,B,B/Z,Nee,B,B/Z,B/Z,B/Z,Nee,B/Z,B,B,B,Nee,Nee,Nee,Nee,Nee,Nee,Nee,Nee,Nee,Nee,Nee,B,Nee,Nee,B,Nee,Nee,B,Nee,B,B,Nee,Nee,Nee,B,Nee,B,Nee,Nee,B,B/Z,Nee,B,Nee,Nee,B,Nee,Nee,Nee,B/Z,Nee,B/Z,B/Z,Nee,Nee,B,Nee,Nee,Nee,Nee,B,Nee,B,B,Nee,Nee,Nee,Nee,Nee,B/Z,Nee,Nee,Nee,B/Z,B/Z,Nee,Nee,Nee,Nee,Nee,B,B/Z,B,Nee,Nee,Nee,B,B/Z,B,B/Z,Nee,Nee,Nee,B,Nee,Nee,Nee,Nee,Nee,Nee,B,B,B,Nee,Nee,Nee,B/Z,Nee,B/Z,Nee,Nee,B,Nee,Nee,Nee,Nee,B,Nee,Nee,Nee,Nee,Nee,Nee,Nee,B,Nee,Nee,Nee,B/Z,Nee,B,Nee,Nee,Nee,B,Nee,Nee,Nee,Nee,Nee,B/Z,Nee,Nee,B/Z,B/Z,B,Nee,Nee,Nee,B,B,Nee,Nee,B/Z,B,B,Nee,Nee,Nee,Nee,Nee,Nee,Nee,Nee,Nee,Nee,Nee,BL01NE01EN016,NEEN016,836,27.86666667,2021,nl
R_1ja2fHVICrnIDLy,Female,University degree or equivalent,University degree or equivalent,30,70,0,NA,Dutch;30;,English;70;,,10,90,0,NA,English,NA,4,8,0,NA,I always (or almost always) speak English to my child,Dutch,NA,4,8,NA,NA,I regularly speak a mix of Dutch / English / other languages to my child,First,NA,1,30,Always (or almost always) Dutch,0,Nee,Nee,Nee,Nee,B,B,B,Nee,Nee,Nee,B,B,B,Nee,Nee,Nee,Nee,B,Nee,Nee,Nee,Nee,B/Z,Nee,B/Z,B/Z,B/Z,Nee,Nee,Nee,Nee,Nee,B/Z,Nee,B/Z,B,B/Z,B/Z,B,B,B/Z,B,B,B,B,B/Z,B/Z,B,B,B,B,B/Z,B,B,B/Z,B,Nee,B,B/Z,Nee,B,Nee,Nee,Nee,B/Z,B/Z,B/Z,B/Z,B/Z,Nee,B,B/Z,B/Z,B,B,Nee,B/Z,B,Nee,Nee,B/Z,Nee,B,B,B/Z,B/Z,B/Z,B/Z,B/Z,B/Z,Nee,B,Nee,B/Z,B,B/Z,B,B,B,B,B/Z,B,B/Z,B,Nee,B/Z,B,B,Nee,Nee,Nee,B/Z,B,B,Nee,Nee,B,B,Nee,B,B,B,B,B,B,Nee,B,B,B,B/Z,B/Z,Nee,B,B,B,B/Z,B/Z,B,B/Z,Nee,Nee,Nee,Nee,B/Z,B,B/Z,B/Z,Nee,B,Nee,B,B/Z,B/Z,B/Z,B/Z,Nee,B/Z,B,B,B/Z,Nee,B,B,B/Z,Nee,Nee,B,B,B,B/Z,Nee,B,B/Z,B,Nee,Nee,B,B,B/Z,Nee,B,B,B,B/Z,B,Nee,B,B,B,Nee,B,B,B/Z,Nee,B,Nee,B,Nee,Nee,Nee,B,Nee,Nee,Nee,Nee,B,B,B,B/Z,B/Z,Nee,B,Nee,B,Nee,B,Nee,B/Z,B,B/Z,B,B,B,B/Z,Nee,B,B/Z,B/Z,B/Z,B/Z,B/Z,Nee,Nee,Nee,B/Z,Nee,B/Z,B/Z,B,B,B,B/Z,B,B,Nee,Nee,B,Nee,B,Nee,B/Z,Nee,B/Z,B/Z,B/Z,B,B/Z,B/Z,B,B/Z,B,B,B,Nee,Nee,Nee,Nee,B,B,Nee,Nee,Nee,B/Z,B,B,B,Nee,Nee,B,B,Nee,Nee,Nee,B,Nee,Nee,B,B,B,Nee,Nee,B,Nee,B,Nee,Nee,B,B,B,B,Nee,Nee,Nee,Nee,Nee,Nee,B,B,Nee,Nee,B,B/Z,Nee,Nee,B/Z,B/Z,B,B,Nee,Nee,Nee,Nee,Nee,Nee,B,B,B,B,Nee,B,Nee,Nee,B,B/Z,B,Nee,B,Nee,B,B/Z,B,B,B,B,B,B,B,B,B,B,B,B,B,B,B,B,B,B/Z,B,B/Z,B,B,B,B,Nee,B,B,Nee,Nee,B,Nee,B,B,B,B,Nee,B,B,B,B/Z,Nee,B,B,B,B,Nee,Nee,B,B,B,B,B,B,Nee,B,B,B,B,B,Nee,Nee,B/Z,B/Z,Nee,B,Nee,B,B,B,B,Nee,Nee,B,B,Nee,B,B/Z,B,R_1ja2fHVICrnIDLy,R_1ja2fHVICrnIDLy,1057,35.23333333,2021,nl
R_3fO7o4gWTcvxz3b,Male,University degree or equivalent,University degree or equivalent,40,60,0,NA,Dutch;40;,English;60;,,20,80,0,NA,English,NA,4,10,NA,NA,I regularly speak both Dutch and English to my child,Dutch,NA,10,9,NA,NA,I regularly speak both Dutch and English to my child,First,NA,1,NA,NA,NA,Nee,B/Z,B/Z,B/Z,B/Z,B/Z,B/Z,B/Z,B/Z,B,B/Z,B/Z,B,B,B,Nee,Nee,B,Nee,B,B,Nee,B,Nee,B/Z,B/Z,B,B,Nee,Nee,B,B,B,B/Z,B,Nee,B,Nee,B,B/Z,Nee,B,B/Z,B,B,B,B,B/Z,Nee,B,Nee,B/Z,B,Nee,B,B,Nee,B/Z,B/Z,B,B/Z,B,Nee,Nee,B,B,B/Z,Nee,B/Z,Nee,Nee,B/Z,Nee,Nee,B/Z,B,Nee,Nee,B,Nee,B,Nee,B,B,B,B/Z,B,Nee,Nee,Nee,B,Nee,Nee,B/Z,B,B,Nee,B,Nee,B,B/Z,B,B,B,B,B/Z,B,B,Nee,B,Nee,B,Nee,B,Nee,Nee,B,Nee,Nee,B,Nee,Nee,Nee,Nee,Nee,B,B,B,Nee,B,Nee,Nee,B,B,Nee,B,B,B,B/Z,B,Nee,Nee,Nee,B,Nee,B,Nee,Nee,Nee,Nee,Nee,B,B,B,B,Nee,Nee,B/Z,B/Z,Nee,B,Nee,B,Nee,B,Nee,B/Z,Nee,B,B,B,Nee,Nee,Nee,Nee,B/Z,B,B,B/Z,Nee,Nee,Nee,Nee,Nee,B,Nee,B,B,Nee,Nee,B,B,B,Nee,B,Nee,Nee,Nee,Nee,Nee,B/Z,B,Nee,Nee,B,B,B,B,Nee,B,Nee,Nee,Nee,Nee,Nee,B,Nee,Nee,B,B,Nee,B,Nee,B/Z,Nee,Nee,Nee,B,Nee,B/Z,B,Nee,Nee,Nee,Nee,Nee,Nee,B/Z,Nee,Nee,Nee,B,Nee,Nee,B,Nee,B,B,B,Nee,B/Z,B,B,B/Z,B,B,B/Z,B,B,B,B,B,B,B,Nee,Nee,Nee,Nee,B,Nee,Nee,B,B,Nee,Nee,B,Nee,Nee,B,Nee,B,Nee,Nee,Nee,B,B,B,Nee,Nee,Nee,B,Nee,Nee,B,Nee,Nee,Nee,Nee,B,Nee,B,B,Nee,B,B,Nee,Nee,Nee,Nee,Nee,Nee,B,Nee,B,B,B,B,Nee,Nee,Nee,B,Nee,Nee,B,B,B,B,B,B,Nee,Nee,Nee,Nee,B,Nee,Nee,Nee,Nee,B,Nee,Nee,B,Nee,Nee,B,Nee,B,Nee,Nee,Nee,Nee,B,B,Nee,B,B,B,B,B,B,B,Nee,B,B,Nee,Nee,Nee,Nee,Nee,Nee,Nee,B,Nee,Nee,Nee,Nee,Nee,B,B,B/Z,Nee,Nee,Nee,Nee,Nee,Nee,Nee,B/Z,B/Z,Nee,B/Z,B/Z,B,B,B,B,B,Nee,Nee,Nee,Nee,B/Z,Nee,Nee,B,Nee,B/Z,Nee,Nee,Nee,Nee,Nee,Nee,Nee,Nee,Nee,B,Nee,BL01NE01EN017,NEEN017,572,19.06666667,2021,nl
R_3kmDs5s9prZn3J7,Female,University degree or equivalent,University degree or equivalent,70,30,0,NA,Dutch;70;,English;30;,,50,50,0,NA,English,NA,NA,10,NA,NA,I always (or almost always) speak English to my child,Dutch,NA,10,NA,NA,NA,I always (or almost always) speak Dutch to my child,First,NA,1,10,Always (or almost always) Dutch,0,B/Z,B/Z,B/Z,B/Z,B/Z,B/Z,B/Z,B/Z,B/Z,B/Z,B/Z,B/Z,B/Z,B/Z,B/Z,B/Z,B/Z,B/Z,B/Z,B/Z,B/Z,B/Z,B/Z,B/Z,B/Z,B/Z,B/Z,B/Z,B/Z,Nee,B/Z,B/Z,B/Z,B/Z,B/Z,B/Z,B/Z,B,B/Z,B/Z,B/Z,B/Z,B/Z,B/Z,B/Z,B/Z,B/Z,B/Z,B/Z,B/Z,B/Z,B/Z,B/Z,B/Z,B/Z,B/Z,B,B/Z,B/Z,B/Z,B/Z,B/Z,Nee,Nee,B/Z,B/Z,B/Z,B/Z,B/Z,B,B,B/Z,B/Z,B,B/Z,B,B/Z,B/Z,Nee,B,B/Z,Nee,B/Z,B/Z,B/Z,B/Z,B/Z,B/Z,B/Z,B/Z,B/Z,B/Z,Nee,B/Z,B/Z,B/Z,B/Z,B/Z,B,B/Z,B/Z,B/Z,B/Z,B/Z,B,B/Z,B/Z,B/Z,B/Z,B,B/Z,B/Z,B,B/Z,B,B,B/Z,B/Z,B,B/Z,B/Z,B/Z,Nee,B/Z,B,B/Z,B/Z,B/Z,B,B/Z,B/Z,Nee,B/Z,B/Z,Nee,B/Z,B/Z,B/Z,B/Z,B/Z,B,Nee,B,B/Z,B,B,B,B/Z,B/Z,B,B/Z,B/Z,B/Z,B/Z,B/Z,B/Z,B,B/Z,B/Z,B/Z,B/Z,B/Z,B,B/Z,Nee,B/Z,B/Z,B,B,B/Z,B/Z,B/Z,B/Z,B/Z,B,B,B/Z,B/Z,B/Z,B/Z,B/Z,B/Z,Nee,B/Z,B,B,B/Z,B/Z,Nee,B,B,B/Z,B/Z,B,B/Z,B,B,B,B,B,B/Z,B/Z,B/Z,B,B/Z,B/Z,B/Z,B/Z,B/Z,B/Z,B,Nee,B,B/Z,B,B/Z,Nee,B,B/Z,B/Z,B/Z,B,B,B/Z,Nee,Nee,B/Z,B/Z,B/Z,B/Z,B/Z,B/Z,B/Z,B/Z,B/Z,Nee,B/Z,B/Z,B,B,B,Nee,B/Z,Nee,B/Z,B,B/Z,B/Z,B,B/Z,B/Z,B,B/Z,B/Z,B/Z,B,B/Z,B/Z,B/Z,B/Z,B,B/Z,B/Z,B/Z,B,B,B/Z,B/Z,B/Z,B,B,B,B/Z,B,B/Z,B/Z,B/Z,B,B/Z,B,B/Z,B/Z,B,B,B/Z,B/Z,B,B,B/Z,B/Z,B,B/Z,B/Z,B/Z,B,B,B/Z,B,B/Z,B/Z,B/Z,B/Z,B,B/Z,B,Nee,B/Z,B/Z,B,Nee,B,B/Z,B,B,B/Z,B/Z,B/Z,B/Z,B,B/Z,B/Z,B,B,B,B/Z,B/Z,B,B/Z,B/Z,B/Z,B,B,B/Z,B/Z,B,B,B/Z,B,B/Z,B/Z,B/Z,B/Z,B/Z,B,B/Z,Nee,B/Z,B/Z,B/Z,B/Z,B/Z,B/Z,B/Z,B/Z,B/Z,B/Z,B/Z,B/Z,B/Z,B/Z,B/Z,B/Z,B/Z,B/Z,B,B,B/Z,B,B,B/Z,B,B/Z,B/Z,B/Z,B/Z,B,Nee,B/Z,B/Z,B,B,B/Z,B/Z,B/Z,B,B,B,B/Z,B/Z,B/Z,B/Z,B/Z,B/Z,B/Z,B/Z,B/Z,B/Z,B,B,B/Z,B,B/Z,B/Z,B,B/Z,B,B/Z,B,B/Z,B/Z,B/Z,B/Z,B/Z,B/Z,B/Z,B/Z,B/Z,B,BL01NE01EN018,NEEN018,941,31.36666667,2021,nl
R_3CE4UnnCgcmz0Hy,Male,University degree or equivalent,University degree or equivalent,20,80,0,NA,Dutch;20;,English;80;,,0,100,0,NA,English,NA,6,10,NA,NA,I always (or almost always) speak English to my child,English,NA,6,10,NA,NA,I always (or almost always) speak English to my child,First,NA,1,NA,NA,1,Nee,Nee,B,Nee,Nee,B,B,Nee,B/Z,Nee,B,B,Nee,Nee,Nee,Nee,Nee,Nee,Nee,Nee,Nee,Nee,Nee,Nee,Nee,Nee,B,Nee,Nee,Nee,Nee,Nee,Nee,Nee,Nee,Nee,Nee,B,Nee,Nee,Nee,Nee,Nee,Nee,Nee,Nee,Nee,B,Nee,Nee,Nee,B,B,Nee,Nee,Nee,Nee,B/Z,B,Nee,B,Nee,B,Nee,Nee,Nee,B,Nee,B,Nee,Nee,Nee,Nee,Nee,Nee,Nee,Nee,Nee,Nee,Nee,Nee,Nee,Nee,Nee,Nee,Nee,Nee,Nee,Nee,Nee,Nee,Nee,Nee,B,Nee,B,B,Nee,Nee,Nee,B,B,B,B,Nee,B,Nee,Nee,Nee,Nee,Nee,B,Nee,B,Nee,Nee,Nee,B,Nee,Nee,B,Nee,Nee,Nee,Nee,Nee,Nee,B,Nee,Nee,Nee,Nee,B,Nee,Nee,Nee,Nee,B,Nee,Nee,Nee,Nee,Nee,Nee,Nee,Nee,Nee,Nee,Nee,Nee,Nee,Nee,Nee,Nee,Nee,Nee,Nee,B,Nee,B,B,Nee,B,B,Nee,Nee,Nee,Nee,Nee,Nee,Nee,B,Nee,Nee,Nee,Nee,Nee,Nee,B,Nee,Nee,Nee,Nee,Nee,Nee,Nee,Nee,Nee,Nee,Nee,Nee,Nee,Nee,Nee,Nee,Nee,Nee,Nee,Nee,Nee,Nee,Nee,Nee,Nee,Nee,Nee,B,Nee,Nee,Nee,Nee,Nee,Nee,Nee,Nee,Nee,Nee,Nee,Nee,B,B,Nee,Nee,B/Z,Nee,Nee,Nee,Nee,Nee,Nee,Nee,Nee,Nee,Nee,Nee,Nee,Nee,B,Nee,Nee,Nee,Nee,Nee,Nee,Nee,Nee,B,Nee,Nee,Nee,B,Nee,Nee,Nee,Nee,B,Nee,B,Nee,Nee,Nee,Nee,Nee,Nee,Nee,Nee,Nee,Nee,Nee,Nee,Nee,Nee,Nee,Nee,Nee,B,Nee,Nee,Nee,Nee,Nee,Nee,Nee,Nee,Nee,B,B,Nee,Nee,Nee,B,Nee,Nee,Nee,Nee,Nee,Nee,Nee,Nee,Nee,Nee,Nee,Nee,Nee,Nee,Nee,Nee,Nee,Nee,Nee,Nee,Nee,Nee,Nee,Nee,Nee,Nee,Nee,Nee,Nee,Nee,Nee,Nee,Nee,Nee,Nee,Nee,Nee,Nee,Nee,Nee,Nee,Nee,Nee,Nee,Nee,Nee,Nee,Nee,Nee,Nee,Nee,Nee,Nee,Nee,Nee,Nee,Nee,Nee,Nee,Nee,Nee,Nee,Nee,Nee,Nee,Nee,Nee,Nee,Nee,Nee,Nee,Nee,Nee,Nee,Nee,Nee,Nee,Nee,Nee,Nee,Nee,Nee,Nee,Nee,Nee,Nee,Nee,Nee,B,Nee,Nee,Nee,Nee,Nee,Nee,Nee,B,B,Nee,Nee,B,Nee,B,B,B,B,Nee,Nee,Nee,B,Nee,B,Nee,B,Nee,Nee,Nee,Nee,Nee,Nee,Nee,Nee,Nee,Nee,Nee,Nee,Nee,BL01NE01EN019,NEEN019,702,23.4,2021,nl
R_2YFJc5leag9KcS5,Male,University degree or equivalent,University degree or equivalent,40,60,0,NA,Dutch;40;,English;60;,,15,85,0,NA,English,NA,6,10,0,NA,I always (or almost always) speak English to my child,English,NA,2,10,NA,NA,I always (or almost always) speak English to my child,Second,NA,2,9,Always (or almost always) Dutch,2,B,B,B,B,B,B,B,B,B,B,B,B,B/Z,B/Z,Nee,Nee,Nee,Nee,Nee,Nee,Nee,Nee,B/Z,Nee,B/Z,B/Z,Nee,Nee,Nee,Nee,B/Z,B/Z,B/Z,B,B/Z,B,B,B,B/Z,B,B,B/Z,B,B,B/Z,B,B,B/Z,B/Z,B,B,B/Z,B/Z,B,B/Z,B/Z,B,B/Z,B/Z,B,B/Z,B/Z,Nee,B,B,B,B/Z,B,B,Nee,B,B,B/Z,B,B,Nee,B/Z,B/Z,B/Z,Nee,B/Z,B/Z,B,B,B,B/Z,B/Z,B/Z,B,B,B/Z,B/Z,Nee,B/Z,Nee,B/Z,B,B,B,B/Z,B,B/Z,B,B,Nee,B/Z,B/Z,B/Z,B/Z,B,B,B/Z,Nee,B/Z,Nee,Nee,B,Nee,Nee,Nee,B/Z,Nee,B,B,B,B,B,B,Nee,B/Z,B,B,B/Z,B,Nee,B/Z,B,B/Z,B,B,Nee,Nee,Nee,Nee,Nee,B,B,Nee,Nee,Nee,B,B,B,Nee,B,Nee,Nee,Nee,Nee,B/Z,Nee,B,B,B,Nee,Nee,Nee,Nee,B/Z,B,Nee,Nee,B/Z,Nee,Nee,Nee,Nee,B/Z,Nee,B,B,Nee,Nee,Nee,B,B,B,B,Nee,Nee,B,B/Z,B/Z,Nee,Nee,Nee,B,Nee,Nee,Nee,Nee,Nee,Nee,Nee,Nee,B/Z,B/Z,B/Z,B,B,Nee,Nee,Nee,Nee,Nee,Nee,Nee,Nee,Nee,Nee,B/Z,Nee,Nee,B/Z,Nee,B,B,Nee,Nee,B,B,Nee,Nee,Nee,B,Nee,B,B/Z,Nee,B,B,Nee,B,B,B,B,B/Z,B,B/Z,B,B/Z,B,B,B,B,B/Z,B/Z,B/Z,B,B,B,B,B,B,B,B,B,B,B,B,B,B,B,B,B/Z,B,Nee,Nee,B/Z,B,B,B,B,B,B,B,B,B,B,B,B,B/Z,Nee,B/Z,B,B,B,B,B,B,B,B,B/Z,B/Z,B,B,B,B,B/Z,Nee,Nee,B/Z,B,B,B,B,B,B,B,B,Nee,Nee,Nee,Nee,Nee,Nee,Nee,Nee,Nee,Nee,Nee,Nee,Nee,Nee,Nee,B/Z,Nee,Nee,Nee,Nee,Nee,Nee,Nee,Nee,Nee,Nee,B,Nee,Nee,Nee,Nee,Nee,Nee,Nee,Nee,Nee,Nee,B/Z,B,B,B,B,Nee,Nee,Nee,Nee,Nee,Nee,Nee,Nee,Nee,Nee,B/Z,B,B,B,B,B/Z,B,B/Z,B/Z,B/Z,B,B,B,B,B,B,B/Z,B/Z,B,B/Z,B/Z,B,B/Z,B/Z,B/Z,B,B,Nee,Nee,B/Z,B/Z,Nee,B/Z,Nee,Nee,Nee,B/Z,B,B,Nee,B,B/Z,B,B/Z,B/Z,B,BL01NE01EN020,NEEN020,885,29.5,2021,nl
R_2q1VVSi0z9BihNR,Female,Left school at 18 with A-Levels or equivalent,Left school at 18 with A-Levels or equivalent,40,60,0,NA,Dutch;40;,English;60;,,40,60,0,NA,English,NA,1,10,NA,NA,I regularly speak a mix of Dutch / English / other languages to my child,English,NA,1,10,NA,NA,I always (or almost always) speak English to my child,First,NA,1,NA,NA,18,Nee,B,B/Z,B,Nee,B,B,Nee,B,B/Z,B,B,B,B,B/Z,B,B/Z,B,B/Z,B/Z,B,B/Z,B,B/Z,B,B,B,B,B,B/Z,B,B,B,B,B/Z,B,B,B,B,B/Z,B/Z,B,B/Z,B/Z,B,B,B,B/Z,B/Z,Nee,Nee,B,B,Nee,B,B/Z,Nee,B,B,B,B,B/Z,Nee,B/Z,B,B,B,B/Z,B,Nee,B/Z,B,B,B,B/Z,B/Z,B,B,B/Z,Nee,Nee,B,B,B,Nee,B,B,B,B/Z,Nee,Nee,B/Z,Nee,B,B/Z,B,Nee,B,Nee,B,B,B,Nee,B/Z,B/Z,B,B,B/Z,B/Z,Nee,Nee,B/Z,Nee,Nee,Nee,Nee,B/Z,B/Z,Nee,Nee,B/Z,Nee,B,B,Nee,B/Z,B,B,Nee,B,Nee,Nee,B,Nee,B/Z,B,B,B,B,B,Nee,Nee,Nee,B,Nee,B,Nee,B/Z,B,Nee,B,Nee,B,B,B/Z,Nee,Nee,B/Z,B,B,Nee,B/Z,Nee,B,Nee,Nee,Nee,Nee,B/Z,B/Z,Nee,Nee,Nee,B/Z,Nee,B,B/Z,B,B,Nee,B,B/Z,B,B/Z,B/Z,Nee,B,Nee,Nee,Nee,B,B,B,Nee,B,Nee,Nee,Nee,Nee,Nee,Nee,Nee,B,Nee,B,B/Z,B/Z,Nee,B,B,Nee,Nee,Nee,Nee,Nee,Nee,Nee,Nee,B,B,Nee,Nee,Nee,B,B/Z,Nee,B/Z,B,B,B,B,Nee,Nee,Nee,B,B,B,B,Nee,Nee,Nee,B,Nee,Nee,B,Nee,Nee,B,B,Nee,B,Nee,B,B,Nee,B,B,B,B,B,Nee,Nee,Nee,Nee,Nee,Nee,Nee,Nee,Nee,Nee,Nee,Nee,B,Nee,Nee,B,B,Nee,B,Nee,Nee,Nee,Nee,Nee,Nee,B,Nee,Nee,Nee,Nee,Nee,Nee,Nee,B,Nee,Nee,Nee,Nee,Nee,B/Z,Nee,Nee,Nee,B/Z,B/Z,Nee,Nee,Nee,Nee,Nee,Nee,B,Nee,Nee,B/Z,Nee,Nee,Nee,Nee,Nee,Nee,Nee,Nee,Nee,Nee,Nee,B,B/Z,Nee,Nee,Nee,Nee,Nee,Nee,Nee,B/Z,B,Nee,B,B,B/Z,Nee,Nee,B,B,Nee,B,B,B/Z,B/Z,Nee,B,B,B/Z,B,B/Z,Nee,Nee,Nee,B,Nee,Nee,B,Nee,Nee,Nee,Nee,Nee,Nee,Nee,Nee,Nee,B/Z,Nee,B,B/Z,B/Z,B,B/Z,B,B,B,B,Nee,Nee,B/Z,Nee,B,B,B,B/Z,B,B,B/Z,B,B,B/Z,Nee,Nee,Nee,Nee,Nee,Nee,Nee,Nee,Nee,B/Z,Nee,B/Z,B,Nee,Nee,B/Z,B,Nee,Nee,B,Nee,BL01NE01EN021,NEEN021,516,17.2,2021,nl
R_3smsmt84Dn2AotT,Female,NA,NA,50,40,10,Philippines ,Dutch;50;,English;40;,Philippines ;10;,50,40,10,Philippines ,English,NA,6,10,10,Afrikaans ,I regularly speak both Dutch and English to my child,Dutch,NA,10,8,NA,NA,I always (or almost always) speak Dutch to my child,First,NA,1,NA,NA,0,Nee,B,B,B,Nee,B,B,B,B,B,B,B,B,Nee,Nee,Nee,Nee,B,Nee,B,Nee,Nee,B,Nee,B,Nee,B,Nee,Nee,Nee,Nee,Nee,Nee,B,Nee,B/Z,B,B,B,Nee,Nee,Nee,Nee,Nee,Nee,Nee,Nee,B,Nee,Nee,B,Nee,B,Nee,Nee,Nee,Nee,B,B,B,B,B,B,B,B,B,B,B,B,B,B,B,B,B,B,B,B,B,B,Nee,B,B,B,B,B,B,B,B,B,B,B,B,B,B,B,B,B,B,B,B,B,B,B,B,B,B,B,B,B,B,B,B,B,B,B,Nee,Nee,B,Nee,Nee,Nee,Nee,Nee,Nee,Nee,B,B,B,Nee,B,Nee,B,B,B,Nee,B,B,B,B,B,B,Nee,Nee,Nee,B,Nee,B,Nee,B,Nee,B,Nee,Nee,Nee,B,Nee,Nee,B,B,B,Nee,Nee,Nee,B,Nee,Nee,Nee,Nee,Nee,Nee,Nee,Nee,Nee,Nee,Nee,Nee,Nee,Nee,B,Nee,Nee,Nee,Nee,Nee,B,B,B,B,Nee,Nee,B,B,B,Nee,B,Nee,B,B,Nee,Nee,Nee,Nee,Nee,Nee,Nee,B,B,Nee,Nee,Nee,Nee,Nee,Nee,Nee,Nee,B,B,B,B,B,Nee,Nee,Nee,B,Nee,Nee,Nee,Nee,Nee,B/Z,Nee,Nee,Nee,Nee,B,B,B,B/Z,Nee,Nee,Nee,B,Nee,Nee,B,B,B,B,B,B,B,B,B,B,B,B,B,B,B,B,B,B,B,B,Nee,Nee,Nee,B,B,B,Nee,B,B,B,Nee,B,Nee,Nee,B,Nee,Nee,Nee,Nee,Nee,Nee,B,Nee,B,Nee,Nee,B,B,Nee,B,B,Nee,B,B,Nee,Nee,Nee,Nee,B,Nee,Nee,Nee,Nee,Nee,Nee,Nee,Nee,B,Nee,B,B,Nee,B,Nee,Nee,Nee,Nee,Nee,Nee,Nee,Nee,Nee,Nee,B,Nee,Nee,Nee,Nee,Nee,Nee,Nee,Nee,Nee,Nee,Nee,Nee,Nee,Nee,Nee,Nee,Nee,Nee,Nee,Nee,Nee,Nee,Nee,Nee,Nee,Nee,Nee,Nee,Nee,Nee,Nee,Nee,Nee,Nee,Nee,Nee,Nee,Nee,Nee,Nee,Nee,Nee,Nee,Nee,Nee,Nee,Nee,Nee,Nee,Nee,Nee,B,B,B,B,B,B,B,B,Nee,Nee,Nee,Nee,Nee,Nee,Nee,Nee,Nee,Nee,Nee,B,B,B,B,B,B,B,Nee,B,B,B,Nee,Nee,Nee,Nee,Nee,Nee,Nee,Nee,Nee,BL01NE01EN022,NEEN022,349,11.63333333,2021,nl
R_0pvGEzbL0P5VE0F,Female,University degree or equivalent,University degree or equivalent,30,70,0,NA,Dutch;30;,English;70;,,20,80,0,NA,English,NA,7,10,10,Spanish ,I always (or almost always) speak English to my child,Dutch,NA,10,8,0,NA,I regularly speak both Dutch and English to my child,First,NA,1,28,Always (or almost always) Dutch,1,B/Z,Nee,Nee,Nee,Nee,Nee,B/Z,Nee,Nee,Nee,Nee,B/Z,B,B,Nee,B,B,B/Z,Nee,Nee,B,Nee,B/Z,Nee,B/Z,B/Z,B/Z,B/Z,Nee,B,B,B,B,B,B,B,B/Z,B/Z,B/Z,Nee,Nee,B/Z,B,B,B/Z,B/Z,B/Z,B,B,B,B,B/Z,B/Z,B,B/Z,B,B,B/Z,B,B,B/Z,B,B,B,B,B,B/Z,B/Z,B/Z,Nee,Nee,B/Z,B,B,B,Nee,Nee,B,Nee,Nee,B/Z,Nee,B,B,B/Z,B,B/Z,B/Z,B,B,B,B,B,B/Z,B,B,B,B,B,B,B/Z,B,B,B,Nee,B,B,B,B,Nee,Nee,B,Nee,B,Nee,Nee,B,B,Nee,Nee,B/Z,B,B,Nee,Nee,B,B,B,B,B,B,Nee,B,B,Nee,B,B,B/Z,B/Z,B/Z,Nee,Nee,Nee,Nee,Nee,B,Nee,B,B,B,B,B,B,B,B,Nee,B,B,B,B/Z,B,B,B/Z,B/Z,Nee,Nee,B,Nee,B/Z,B/Z,Nee,B,B/Z,B,Nee,Nee,B,Nee,B/Z,Nee,B/Z,B,B,B/Z,B,Nee,B,B,Nee,Nee,B,B,B,B,B,Nee,Nee,Nee,Nee,Nee,Nee,Nee,B,Nee,B,B,B,Nee,B,B/Z,Nee,Nee,Nee,Nee,Nee,Nee,Nee,Nee,B,B,Nee,Nee,B,B,B,B,B,B/Z,B/Z,B/Z,B/Z,Nee,Nee,Nee,B/Z,B,B/Z,B/Z,Nee,B,B/Z,B/Z,B/Z,B,Nee,Nee,B/Z,B/Z,B,B,B/Z,B,B/Z,B/Z,B/Z,B,B/Z,B/Z,Nee,B,Nee,B,B,B,Nee,Nee,B,B,B,Nee,Nee,B,B,B,Nee,B/Z,Nee,B,B/Z,B,B,B,B,B/Z,B/Z,B/Z,B,B,B/Z,Nee,Nee,B/Z,Nee,B/Z,Nee,B,B,B,B,B/Z,B,Nee,Nee,B/Z,B,B,B,B,Nee,B/Z,Nee,B/Z,B,Nee,B/Z,B/Z,B/Z,B,B,B,Nee,B/Z,Nee,B,B,B,B,B,B,B/Z,Nee,B,B,B,Nee,Nee,B,Nee,B,B/Z,B/Z,B,B,B,B,Nee,B/Z,B,B,B,B,B/Z,B,B,B,B/Z,B,B/Z,B,B/Z,B,B,B,Nee,Nee,B,B,Nee,Nee,B,B,B,B,B,B,B,B,B,B,B,B,B,B,B,Nee,Nee,Nee,B,Nee,B,B,B,B/Z,B,B,B,B,B,B,Nee,B,B/Z,B/Z,Nee,B/Z,B,B,B,B,Nee,Nee,Nee,B,B,Nee,B,B,Nee,BL01NE01EN023,NEEN023,965,32.16666667,2021,nl
R_vOGyJA7xnWhMFlD,Male,University degree or equivalent,University degree or equivalent,60,30,10,Tagalog,Dutch;60;,English;30;,Tagalog;10;,70,30,0,NA,Other(s),Filipino and English,8,10,10,Filipino,I regularly speak a mix of Dutch / English / other languages to my child,Dutch,NA,10,9,NA,NA,I always (or almost always) speak Dutch to my child,First,NA,1,21,Always (or almost always) Dutch,0,B,Nee,B,Nee,Nee,Nee,B,Nee,Nee,Nee,Nee,Nee,Nee,B,Nee,Nee,Nee,B,Nee,Nee,Nee,Nee,B,Nee,B,Nee,Nee,B,Nee,Nee,Nee,Nee,Nee,Nee,Nee,Nee,Nee,Nee,Nee,Nee,Nee,Nee,Nee,Nee,Nee,Nee,Nee,B,Nee,Nee,Nee,Nee,Nee,Nee,Nee,Nee,Nee,B,B,B,B,B,B,Nee,B,B,B,B,B,B,Nee,B,Nee,B,Nee,Nee,Nee,Nee,Nee,Nee,Nee,Nee,B,Nee,Nee,B,B,Nee,B,B,Nee,Nee,Nee,B,Nee,B,B,B,B,B,B,B,B,B,Nee,B,Nee,Nee,Nee,Nee,Nee,Nee,Nee,Nee,Nee,Nee,B,B,Nee,B,B,B,Nee,Nee,Nee,Nee,Nee,B,Nee,B,Nee,Nee,Nee,Nee,B,B,B,B,B,B,Nee,Nee,B,B,B,B,Nee,B,B,B,B,Nee,B,B,B,Nee,Nee,Nee,Nee,B,B,B,B,B,Nee,Nee,Nee,Nee,Nee,Nee,Nee,Nee,Nee,Nee,Nee,Nee,Nee,Nee,Nee,Nee,B,Nee,B,Nee,B,Nee,B,Nee,Nee,Nee,B,B,B,Nee,Nee,Nee,Nee,Nee,Nee,Nee,Nee,Nee,Nee,Nee,Nee,B,B,B,B,Nee,Nee,Nee,Nee,Nee,Nee,B,Nee,B,B,B,B,B/Z,B,B,Nee,Nee,Nee,Nee,Nee,B,Nee,Nee,Nee,Nee,Nee,B,B,B,Nee,Nee,Nee,B,Nee,Nee,B,B,B,B,B,B,B,B,B,B,B,Nee,B,B,B,B,B,Nee,B,B,Nee,Nee,Nee,Nee,Nee,B,B,B,B,B,B,B,Nee,B,B,B,B,B,B,B,B,B,B,B,B,Nee,B,B,B,B,Nee,B,B,B,B,B,B,B,B,B,Nee,Nee,B,Nee,B,Nee,Nee,B,B,B,B,B,Nee,B,B,Nee,Nee,B,Nee,Nee,Nee,Nee,B,Nee,B,Nee,Nee,B,Nee,B,Nee,Nee,B,Nee,Nee,B,B,B,Nee,Nee,Nee,Nee,Nee,Nee,B,Nee,Nee,B,B,B,B,B,B,B,B,B,B,Nee,Nee,B,Nee,Nee,B,Nee,Nee,Nee,Nee,Nee,Nee,Nee,B,B,Nee,B,B,B,B,Nee,B,B,Nee,B,Nee,B,B,Nee,Nee,B,B,B,B,Nee,B,Nee,B,Nee,B,B,B,B,B,B,Nee,B,B,B,Nee,Nee,B,B,B,B,B,Nee,BL01NE01EN024,NEEN024,627,20.9,2021,nl
R_CmeeYzJ9HuJCKU9,Male,University degree or equivalent,University degree or equivalent,40,50,10,Romanian,Dutch;40;,English;50;,Romanian;10;,0,90,10,Romanian,English,NA,1,10,10,Romanian,I always (or almost always) speak English to my child,English,NA,NA,10,0,NA,I always (or almost always) speak English to my child,First,NA,1,14,Always (or almost always) Dutch,NA,B/Z,B/Z,B/Z,B/Z,B/Z,B/Z,B/Z,B/Z,B/Z,B/Z,B/Z,B/Z,B/Z,B,B/Z,B/Z,B,B/Z,B,B,B/Z,B/Z,B/Z,B,B/Z,B/Z,B/Z,B/Z,Nee,B,B,B/Z,B/Z,B/Z,B/Z,B/Z,B/Z,B/Z,B/Z,B/Z,B/Z,B/Z,B/Z,B/Z,B/Z,B/Z,B/Z,B/Z,B/Z,B/Z,B/Z,B/Z,B/Z,B/Z,B/Z,B/Z,B/Z,B/Z,B/Z,B/Z,B/Z,B/Z,B/Z,B/Z,B/Z,B/Z,B/Z,B,B/Z,B/Z,B/Z,B/Z,B/Z,B,B/Z,B,B/Z,B/Z,B/Z,B/Z,B/Z,Nee,B/Z,B/Z,B/Z,B/Z,B/Z,B/Z,B/Z,B,B/Z,B/Z,B/Z,B/Z,B,B/Z,B/Z,B/Z,B/Z,B/Z,B/Z,B/Z,B/Z,B/Z,B/Z,B/Z,B/Z,B/Z,B/Z,B/Z,B/Z,B/Z,B,B/Z,B/Z,B/Z,B/Z,B/Z,B/Z,B/Z,B/Z,B/Z,B/Z,B/Z,B/Z,B/Z,B/Z,B/Z,B/Z,B/Z,B/Z,B/Z,B/Z,B/Z,B/Z,B/Z,B/Z,B/Z,B/Z,B,B,Nee,B/Z,B/Z,B/Z,B/Z,B/Z,B/Z,B,B/Z,B/Z,B/Z,B/Z,B/Z,B/Z,B/Z,B/Z,B/Z,B/Z,B/Z,B,B/Z,B,B/Z,Nee,B/Z,B,B,B/Z,B/Z,B/Z,B/Z,B/Z,B/Z,B,B,B/Z,Nee,B/Z,B/Z,B/Z,B/Z,B/Z,B/Z,B,B,B,B,B,B,B,B/Z,B/Z,B/Z,B,B/Z,B/Z,B,Nee,B/Z,B/Z,B,B,B,B/Z,B,B/Z,B/Z,B/Z,Nee,B,B/Z,B/Z,B/Z,B/Z,B/Z,B,B,B/Z,B/Z,B/Z,B/Z,B/Z,B/Z,B/Z,B/Z,B/Z,B,B/Z,B/Z,B/Z,B/Z,B/Z,B/Z,B/Z,B/Z,B/Z,B/Z,B/Z,B/Z,B/Z,B/Z,B/Z,B/Z,B/Z,B/Z,B/Z,B/Z,B/Z,B/Z,B/Z,B/Z,B/Z,B/Z,B,B/Z,B/Z,B/Z,B/Z,B/Z,B/Z,B/Z,B/Z,B/Z,Nee,B/Z,B/Z,B/Z,B,B,B,B,B/Z,B/Z,B/Z,B/Z,B/Z,B/Z,B/Z,B/Z,B/Z,B/Z,B,B/Z,B/Z,B/Z,B/Z,B/Z,B/Z,B/Z,B,B/Z,B/Z,B/Z,B/Z,B/Z,B/Z,Nee,B/Z,B,B/Z,B,B/Z,Nee,B/Z,B/Z,B/Z,B/Z,B/Z,B/Z,B/Z,B/Z,B/Z,B/Z,B/Z,B,B/Z,B/Z,Nee,B/Z,B,B,Nee,B/Z,B/Z,Nee,B/Z,B/Z,B/Z,B/Z,B/Z,B/Z,B/Z,B/Z,B/Z,B/Z,B/Z,Nee,B/Z,B/Z,B/Z,B/Z,B/Z,B/Z,B/Z,B/Z,B/Z,B/Z,B/Z,B/Z,B,B/Z,Nee,B/Z,B/Z,B/Z,B/Z,B/Z,B/Z,B/Z,B,B/Z,B/Z,B/Z,B,B,B/Z,B,B/Z,B/Z,B/Z,B/Z,B/Z,B/Z,Nee,B,B,B/Z,B,B/Z,B/Z,B/Z,B/Z,B/Z,B/Z,B/Z,B/Z,B/Z,B/Z,B,B,B/Z,B/Z,B/Z,B/Z,B/Z,B,B/Z,B/Z,B,B,B,B/Z,B,B/Z,B,B/Z,B,B/Z,B,B/Z,B/Z,B/Z,B/Z,B,B/Z,B/Z,B,BL01NE01EN025,NEEN025,843,28.1,2021,nl
R_1jdntmXv8R5PGtu,Male,University degree or equivalent,Left school at 18 with A-Levels or equivalent,40,60,0,NA,Dutch;40;,English;60;,,20,80,0,NA,English,NA,7,10,NA,NA,I always (or almost always) speak English to my child,Dutch,NA,10,7,NA,NA,I regularly speak both Dutch and English to my child,Third,NA,3,NA,NA,36 Dutch,B/Z,Nee,Nee,Nee,Nee,B/Z,B/Z,Nee,B/Z,Nee,B/Z,B/Z,Nee,Nee,Nee,Nee,Nee,Nee,Nee,Nee,Nee,Nee,B,Nee,B/Z,Nee,Nee,Nee,Nee,Nee,Nee,Nee,B,B/Z,Nee,Nee,Nee,Nee,Nee,Nee,Nee,Nee,Nee,Nee,B/Z,Nee,B,B,Nee,Nee,B/Z,Nee,Nee,Nee,Nee,B,B,B/Z,B,Nee,B/Z,Nee,B/Z,Nee,Nee,Nee,B/Z,Nee,B/Z,Nee,Nee,Nee,Nee,Nee,B,Nee,B,Nee,Nee,Nee,Nee,Nee,B/Z,Nee,B,B,B,B/Z,Nee,Nee,B/Z,B/Z,Nee,B,Nee,B/Z,Nee,Nee,Nee,B/Z,B/Z,B,Nee,B,Nee,B/Z,Nee,Nee,Nee,B,B/Z,B/Z,Nee,B/Z,Nee,Nee,Nee,B,Nee,Nee,B,Nee,Nee,Nee,Nee,Nee,Nee,Nee,Nee,B,Nee,Nee,B/Z,Nee,Nee,B,Nee,B/Z,B,B,B,B,Nee,B,Nee,B,Nee,Nee,Nee,Nee,Nee,B,Nee,B,B,Nee,Nee,B,B/Z,B,Nee,Nee,B,B,Nee,Nee,B,Nee,Nee,B,Nee,B,B/Z,B,Nee,Nee,B,B,B/Z,Nee,Nee,Nee,Nee,Nee,Nee,Nee,B,B,Nee,Nee,B,Nee,B,Nee,B/Z,Nee,Nee,Nee,Nee,Nee,Nee,B,B,Nee,B,Nee,Nee,Nee,Nee,Nee,Nee,Nee,Nee,Nee,Nee,Nee,Nee,Nee,B,Nee,Nee,Nee,Nee,B/Z,Nee,B,Nee,Nee,B,B/Z,Nee,Nee,Nee,Nee,B/Z,Nee,B/Z,B/Z,Nee,Nee,Nee,Nee,Nee,B,Nee,Nee,B/Z,B/Z,B/Z,B,B/Z,Nee,B/Z,B/Z,B/Z,B,B/Z,B,Nee,B,Nee,B/Z,B,Nee,Nee,Nee,B,B,Nee,Nee,Nee,Nee,B,Nee,Nee,B,Nee,Nee,B,B,Nee,Nee,Nee,Nee,Nee,B/Z,Nee,Nee,B,Nee,Nee,B,Nee,B,Nee,Nee,B,Nee,Nee,B,B,Nee,Nee,B,B/Z,Nee,Nee,Nee,Nee,B/Z,Nee,B,B,Nee,B,Nee,B,B,Nee,Nee,Nee,Nee,Nee,Nee,Nee,Nee,B,B,B,Nee,Nee,Nee,Nee,Nee,Nee,B,Nee,Nee,Nee,Nee,Nee,B,Nee,Nee,Nee,Nee,B,Nee,Nee,Nee,B,B,Nee,B,Nee,B,B,B,B,B,Nee,Nee,Nee,Nee,Nee,Nee,B,Nee,Nee,Nee,Nee,Nee,Nee,Nee,Nee,Nee,Nee,Nee,Nee,Nee,B,Nee,Nee,Nee,Nee,Nee,Nee,B,B,B,Nee,Nee,Nee,Nee,Nee,Nee,Nee,Nee,Nee,Nee,B,B,Nee,Nee,B/Z,B,B,B,Nee,B/Z,Nee,Nee,Nee,Nee,Nee,B/Z,B/Z,Nee,BL01NE01EN006,NEEN006,499,16.63333333,2021,nl
R_3fwPVbGUW1apHoo,Female,University degree or equivalent,University degree or equivalent,60,40,0,NA,Dutch;60;,English;40;,,50,50,0,NA,English,NA,2,10,NA,NA,I always (or almost always) speak English to my child,Dutch,NA,10,8,NA,NA,I always (or almost always) speak Dutch to my child,First,NA,1,4,Always (or almost always) Dutch,,B/Z,B/Z,B/Z,B/Z,B/Z,B/Z,B/Z,B/Z,B/Z,B,B,B/Z,B/Z,B/Z,B/Z,B,B,B/Z,B,B,B/Z,B/Z,B/Z,B,B/Z,B/Z,B/Z,B/Z,B,B,B/Z,B/Z,B/Z,B/Z,B/Z,B/Z,B,B,B/Z,B,B/Z,B,B/Z,B/Z,B/Z,B/Z,B/Z,B/Z,B/Z,B,B/Z,B/Z,B/Z,Nee,B/Z,B/Z,B,B/Z,B/Z,B/Z,B/Z,Nee,B,B/Z,B,B/Z,B/Z,B/Z,B/Z,Nee,B/Z,B/Z,B,Nee,Nee,B,B/Z,B,B,Nee,B,Nee,B/Z,B/Z,B/Z,B/Z,B/Z,B/Z,Nee,Nee,B/Z,B/Z,Nee,B/Z,B/Z,B/Z,B/Z,B/Z,B/Z,B/Z,B/Z,B/Z,B/Z,B/Z,B/Z,B/Z,B/Z,B/Z,B/Z,B/Z,B/Z,B/Z,B,B/Z,B/Z,Nee,B/Z,B/Z,B,B,B/Z,B/Z,Nee,B,B,B/Z,B,B,B/Z,B/Z,B,Nee,B/Z,B,Nee,B/Z,B,B/Z,B,B,B,Nee,B,B,B,B,B,B,B,B,B,B/Z,Nee,B/Z,B,Nee,B,B/Z,B/Z,B/Z,B,B,B/Z,B/Z,Nee,B,B/Z,B,B,B/Z,B/Z,B,B,B/Z,B/Z,B,B,B/Z,B/Z,B,B,B/Z,B,B,B,Nee,B,B,Nee,B/Z,B,B,B,Nee,B,Nee,B,B,B,B,B,B,B,Nee,B,B/Z,B/Z,B,B,B,Nee,B,Nee,B,Nee,B,B/Z,B,B,B/Z,B/Z,B,B/Z,B/Z,Nee,B,Nee,B,B,B/Z,B,B,B,B,B/Z,B,B/Z,B/Z,B,Nee,B,B,B,B,B/Z,B,B/Z,B/Z,B,B/Z,B/Z,B,B,B/Z,B/Z,B,B/Z,B/Z,B,B/Z,B,B,B,B,Nee,B,B,B,B/Z,Nee,B,B,B/Z,B,B,B/Z,B,B,B/Z,B,B/Z,B/Z,B,B/Z,B/Z,B/Z,B/Z,B,B,B,B/Z,B/Z,B,B/Z,B,B,B/Z,B,B,B/Z,B/Z,B,B/Z,B/Z,B/Z,B/Z,B,B,B,B,B,B/Z,B,B,B/Z,B/Z,B/Z,B,B,B,B/Z,B,B,B,B,B/Z,B/Z,B/Z,B,B,B,B,B/Z,B/Z,B,B/Z,B,B,B/Z,B/Z,B,B,B,B,B/Z,B,B/Z,B/Z,B/Z,B,B/Z,B/Z,B/Z,B/Z,B/Z,B/Z,B,B/Z,B/Z,B/Z,B/Z,Nee,B/Z,B,B,B/Z,B,B,B,B/Z,B,B,B,B,B,B,B,B,B,B/Z,B,B,B/Z,B,B,B,B,B,B,B,B,B/Z,B,B,B,B/Z,B/Z,B,B,B/Z,B/Z,B,B,B,B/Z,B,B,B,B/Z,B,B,B,B,B,B/Z,B/Z,B,B/Z,BL01NE02EN004,NEEN004,735,24.5,2021,nl
R_2viGYdns7Cn3I6i,Female,University degree or equivalent,University degree or equivalent,40,60,0,NA,Dutch;40;,English;60;,,0,100,0,NA,English,NA,6,10,NA,NA,I always (or almost always) speak English to my child,English,NA,3,10,NA,NA,I always (or almost always) speak English to my child,First,NA,1,4,Always (or almost always) Dutch,,Nee,Nee,Nee,Nee,Nee,B/Z,B/Z,Nee,Nee,Nee,Nee,B/Z,B/Z,B/Z,B,B,B,B,B,B,B/Z,Nee,B,Nee,B/Z,B,B/Z,B/Z,Nee,Nee,B/Z,B/Z,B/Z,B,B/Z,B,Nee,B/Z,B,B,B,B/Z,B/Z,B/Z,B/Z,B,B,B/Z,B/Z,B,B,B/Z,B/Z,B,B/Z,B,Nee,B/Z,B/Z,B/Z,B/Z,B/Z,B,B,B/Z,B/Z,B/Z,Nee,B,Nee,B,B/Z,B/Z,B,B/Z,Nee,B/Z,Nee,Nee,Nee,B/Z,Nee,B,B,B/Z,B/Z,B/Z,B/Z,Nee,Nee,B/Z,B,B,B/Z,B,B/Z,B,B,B,B,B/Z,B,B/Z,B/Z,Nee,B/Z,B/Z,B,B,B,B,B,B/Z,B/Z,Nee,B,B,B,B,B,B,B,Nee,B,Nee,B,B,B,B,B,Nee,Nee,B/Z,B/Z,B,B,Nee,B/Z,B/Z,B/Z,Nee,B,Nee,B,Nee,B,B,B,Nee,Nee,B,B,Nee,B/Z,B,Nee,Nee,B,B,B/Z,B,B/Z,B/Z,B/Z,Nee,B,B,B,B/Z,B/Z,Nee,B,B,B/Z,B,B/Z,Nee,B,B/Z,Nee,B,B,B,Nee,B,Nee,B/Z,B,Nee,Nee,B,B/Z,B,Nee,B,Nee,B,B,Nee,B,B,B/Z,B/Z,Nee,Nee,B,B,B,B,B/Z,Nee,Nee,B,B,B,B/Z,B/Z,B,B,Nee,B/Z,Nee,B,B/Z,Nee,B/Z,B,B,B,B/Z,B,B,B,B,Nee,Nee,Nee,B/Z,Nee,Nee,Nee,Nee,B/Z,Nee,B,Nee,B/Z,B,B/Z,B,B/Z,B,B/Z,B/Z,B/Z,B/Z,B/Z,B/Z,B/Z,Nee,B,B,B,B,Nee,Nee,Nee,B,Nee,Nee,B/Z,B,B/Z,B,B,B/Z,B/Z,B,B/Z,B/Z,B/Z,B,B,B,B,B/Z,B/Z,B,B/Z,B,B,B/Z,B,B/Z,B,B,B/Z,B/Z,B,B/Z,B/Z,B/Z,B/Z,B/Z,B/Z,Nee,B,B,B/Z,Nee,Nee,B/Z,B/Z,Nee,B/Z,B,B/Z,B,B,B,B/Z,Nee,Nee,B,B,B,B,B/Z,B,B,B,B/Z,B/Z,B/Z,Nee,Nee,B,Nee,B,B,B,B,B,B,B,B,B,B,B,B,B,B,B,B,B,B,B,B/Z,B/Z,B/Z,B,B,B,B,B,B,B,B,B,B,B,B,B,B,B,B,B,B,B,B/Z,B,B,B,B/Z,Nee,Nee,Nee,B/Z,B/Z,B,B,B/Z,B/Z,B,B/Z,B/Z,B/Z,B,B,B,B,B,B,B,B,B,B,B,B/Z,B,B,B,B,B/Z,B,B/Z,B/Z,Nee,BL01NE02EN008,NEEN008,822,27.4,2021,nl
R_XY7MuCwZc1jzjzP,Male,University degree or equivalent,University degree or equivalent,30,70,0,NA,Dutch;30;,English;70;,,10,90,0,NA,English,NA,4,10,NA,NA,I always (or almost always) speak English to my child,Dutch,NA,10,9,NA,NA,I regularly speak both Dutch and English to my child,Second,NA,2,3,Always (or almost always) Dutch,,Nee,Nee,Nee,Nee,Nee,B/Z,B,Nee,Nee,Nee,B,B,Nee,Nee,Nee,Nee,Nee,B,Nee,Nee,Nee,Nee,Nee,Nee,B,Nee,B,Nee,Nee,Nee,Nee,Nee,B,Nee,B,Nee,Nee,Nee,Nee,Nee,Nee,Nee,Nee,Nee,B,B,Nee,B,B,Nee,B,Nee,Nee,Nee,B,Nee,Nee,B/Z,B/Z,Nee,B/Z,B/Z,Nee,B,B,Nee,B/Z,Nee,B,Nee,Nee,B,Nee,B,Nee,Nee,B,Nee,Nee,Nee,B,Nee,B,Nee,Nee,B,B,B,Nee,Nee,Nee,B,Nee,Nee,Nee,B,Nee,Nee,Nee,Nee,B,B,Nee,B,Nee,Nee,B,Nee,Nee,Nee,Nee,B,Nee,B,Nee,Nee,B,B,Nee,Nee,B,B,Nee,Nee,Nee,Nee,B,B,Nee,B,B,B,B,Nee,Nee,Nee,Nee,B,B,Nee,Nee,Nee,Nee,Nee,Nee,Nee,Nee,Nee,Nee,Nee,Nee,Nee,B,B,Nee,Nee,Nee,B,Nee,B,Nee,Nee,B,B,Nee,Nee,B/Z,Nee,Nee,B,Nee,Nee,Nee,Nee,Nee,Nee,Nee,Nee,B/Z,Nee,Nee,Nee,Nee,Nee,B,Nee,Nee,Nee,Nee,Nee,Nee,B,B,Nee,Nee,Nee,Nee,Nee,Nee,Nee,Nee,Nee,Nee,Nee,Nee,Nee,Nee,Nee,Nee,Nee,Nee,Nee,Nee,Nee,Nee,B,Nee,Nee,Nee,Nee,Nee,Nee,Nee,B/Z,Nee,Nee,Nee,Nee,Nee,B/Z,Nee,Nee,Nee,Nee,B,Nee,B,Nee,Nee,Nee,Nee,Nee,Nee,B,Nee,Nee,Nee,B,Nee,Nee,B,Nee,B,B,Nee,B,Nee,Nee,Nee,Nee,Nee,Nee,B,B,Nee,Nee,Nee,Nee,Nee,Nee,Nee,Nee,Nee,Nee,Nee,B,Nee,Nee,B,Nee,B,B,Nee,Nee,B,B,Nee,Nee,B,Nee,Nee,B,Nee,Nee,Nee,Nee,Nee,Nee,Nee,Nee,Nee,Nee,Nee,Nee,Nee,Nee,Nee,B,Nee,Nee,Nee,B,Nee,B,Nee,B,Nee,Nee,Nee,Nee,Nee,Nee,Nee,Nee,Nee,Nee,Nee,Nee,Nee,Nee,Nee,Nee,Nee,B,Nee,Nee,Nee,Nee,Nee,Nee,Nee,Nee,Nee,Nee,Nee,Nee,Nee,Nee,Nee,Nee,Nee,B,Nee,Nee,Nee,Nee,Nee,B,B,Nee,Nee,Nee,Nee,Nee,Nee,Nee,Nee,Nee,Nee,Nee,Nee,B,Nee,Nee,B,Nee,Nee,Nee,Nee,B,Nee,Nee,Nee,B,Nee,Nee,Nee,B/Z,B,B,Nee,Nee,Nee,Nee,B/Z,Nee,Nee,Nee,Nee,Nee,Nee,B,B/Z,Nee,B,Nee,B,Nee,Nee,Nee,Nee,Nee,Nee,Nee,Nee,Nee,B,Nee,BL01NE02EN010,NEEN010,565,18.83333333,2021,nl
R_vCdVpfBdeh246mB,Female,University degree or equivalent,University degree or equivalent,35,65,0,NA,Dutch;35;,English;65;,,5,95,0,NA,English,NA,6,10,NA,NA,I always (or almost always) speak English to my child,English,NA,3,10,NA,NA,I always (or almost always) speak English to my child,First,NA,1,4,Always (or almost always) Dutch,,B,B,B,B,B,B,B/Z,B,B,B,B,B,B/Z,B/Z,B/Z,B/Z,B,B/Z,B,B,B/Z,Nee,B/Z,Nee,B/Z,B/Z,B,B/Z,B,B,B/Z,B/Z,B/Z,B/Z,B/Z,B/Z,B/Z,B/Z,B/Z,B/Z,B/Z,B/Z,B/Z,B,B,B,B,B/Z,B/Z,B,Nee,B/Z,B/Z,B/Z,B/Z,B,Nee,B,B,B/Z,B/Z,B/Z,B,B,B,B,B/Z,B,B,B,B,B/Z,B/Z,B,B,B,B/Z,B,B,B,B/Z,B,B,B,B/Z,B/Z,B/Z,B/Z,B,B,B/Z,B,Nee,B/Z,B,B/Z,B,B,B,B,B/Z,B,B,B,B,B/Z,B/Z,B/Z,B,B,B,B,B,B,B,Nee,B,B,B,B/Z,B,B,Nee,B,B,B,B,B/Z,B,B,Nee,Nee,B/Z,B,B,B,B,B/Z,B,B,B,Nee,B,B,B,B,B,B,B/Z,B,B,B/Z,B/Z,B/Z,B,B,B,B,B,B/Z,B,B,B,B/Z,Nee,B,B,B,B,B/Z,B,B,B,B/Z,B,B/Z,B,B,B/Z,B/Z,B/Z,B,B/Z,B,B/Z,Nee,B,B,Nee,B,B/Z,B/Z,B/Z,Nee,B,Nee,B,B,Nee,Nee,Nee,Nee,Nee,Nee,B/Z,B,B,B/Z,B/Z,B/Z,Nee,Nee,Nee,B,B,B,B/Z,B,B,B/Z,B/Z,B,B/Z,B/Z,Nee,B/Z,B/Z,B,B,B/Z,B/Z,B,B,B,B/Z,B,B/Z,B/Z,B,B,B/Z,B,B/Z,B,B,B,B/Z,B/Z,B/Z,B,B/Z,B,B/Z,B/Z,B/Z,B/Z,B/Z,B/Z,B,B,B,B/Z,B/Z,B/Z,Nee,Nee,B,B/Z,Nee,Nee,B,B/Z,B/Z,B/Z,B/Z,B/Z,B/Z,B,B/Z,B/Z,B/Z,B/Z,B,B/Z,B,B/Z,B/Z,B,B/Z,B,B,B/Z,B,B/Z,B,B,B,B,B/Z,B/Z,B/Z,B,B/Z,B/Z,B/Z,B,B/Z,B/Z,B/Z,Nee,Nee,B/Z,B,Nee,B/Z,B/Z,B/Z,B,B,B,B,Nee,Nee,Nee,Nee,Nee,Nee,Nee,Nee,B,Nee,B,B/Z,B/Z,B,B,B,B,B/Z,B/Z,B,B,B,B,B/Z,B,B,B,B,B,B,B/Z,B/Z,B,B,B,B,B/Z,B/Z,B/Z,B,B,B,B,B,B,B,B,B,B,B,B/Z,B,B,B,B,B,B/Z,B/Z,B/Z,B,B,B,B,B,B,B,B/Z,B/Z,B,B/Z,B/Z,B/Z,B,B/Z,B/Z,B/Z,B/Z,B,B,B/Z,B,B/Z,B,B/Z,B/Z,B,B,B/Z,B,B,B,B/Z,B/Z,B/Z,B/Z,B/Z,B,BL01NE03EN008,NEEN008,958,31.93333333,2021,nl
R_1FFGFldraS36xri,Male,University degree or equivalent,University degree or equivalent,60,40,0,NA,Dutch;60;,English;40;,,40,60,0,NA,English,NA,4,10,NA,NA,I regularly speak both Dutch and English to my child,Dutch,NA,10,9,NA,NA,I regularly speak both Dutch and English to my child,First,NA,1,3,Always (or almost always) Dutch,,Nee,B/Z,B/Z,B/Z,B/Z,B/Z,B/Z,Nee,B/Z,B/Z,B/Z,B/Z,B/Z,B/Z,B/Z,B,B,B/Z,Nee,B,B/Z,B/Z,B/Z,Nee,B/Z,B/Z,B/Z,B/Z,B/Z,B,B/Z,B/Z,B/Z,B/Z,B/Z,B,B,B,B/Z,B,B/Z,B/Z,B/Z,B,B/Z,B/Z,B/Z,B/Z,B,B,B,B/Z,B,B,B/Z,B/Z,Nee,B/Z,B/Z,B/Z,B/Z,B/Z,B,Nee,B,B,B/Z,B,B/Z,Nee,B/Z,B,B/Z,B,B/Z,Nee,B/Z,Nee,B/Z,Nee,B/Z,B,B/Z,B/Z,B,B/Z,B/Z,B/Z,B,Nee,B/Z,B/Z,B,B/Z,B,B/Z,B/Z,B/Z,Nee,B/Z,B/Z,B,B/Z,B/Z,B,B/Z,B/Z,B/Z,B/Z,B/Z,B,B/Z,B,B/Z,Nee,B,B,B,Nee,B,B,B,Nee,Nee,B/Z,B,B,B,Nee,B/Z,Nee,Nee,B/Z,B,Nee,B/Z,B,B/Z,B/Z,B,Nee,Nee,Nee,B,B,B,Nee,B/Z,B/Z,B,B,B,Nee,B,B,Nee,B,B/Z,B/Z,B/Z,B,Nee,B,B/Z,B,B,B/Z,B/Z,B,B,B/Z,Nee,Nee,B,Nee,B/Z,B,B/Z,B/Z,Nee,B,B/Z,Nee,Nee,B/Z,Nee,B/Z,B,Nee,B,B,B/Z,B/Z,Nee,B,Nee,B,Nee,B,B,B/Z,B/Z,B,Nee,B/Z,B/Z,B/Z,B,Nee,B/Z,Nee,Nee,Nee,Nee,Nee,B,B/Z,Nee,B,B/Z,B/Z,B/Z,B,B/Z,Nee,Nee,Nee,B/Z,B,B/Z,B/Z,Nee,Nee,Nee,B/Z,B,B/Z,B/Z,Nee,Nee,Nee,B/Z,B,Nee,Nee,Nee,B/Z,Nee,B,B,B/Z,B,B/Z,B/Z,B/Z,B,B/Z,B,B,B,B,B/Z,B,Nee,Nee,Nee,B,B,B,Nee,Nee,B,B,Nee,Nee,B,B,Nee,B/Z,B,B,Nee,Nee,Nee,B,B,B,B,B,Nee,Nee,B,Nee,B/Z,Nee,B,B/Z,B,B,B,B,B,B,B,B,Nee,Nee,B,B,B,B,B,B,Nee,B,B,B/Z,B,Nee,Nee,B,Nee,Nee,B,B,B,B,B,B,Nee,Nee,Nee,B,Nee,Nee,B,B,Nee,B/Z,B,B/Z,B,B/Z,B,B,Nee,B,B,B/Z,Nee,B/Z,B,B,B/Z,B/Z,B/Z,B,B/Z,B,B,B/Z,Nee,B,B,B,B,B,Nee,Nee,B,B,B/Z,Nee,B,B/Z,B,Nee,B/Z,B,B/Z,B,Nee,B,B,Nee,Nee,Nee,B/Z,B/Z,B/Z,B/Z,B/Z,B,B,B/Z,B,B,Nee,B,Nee,B,B,B/Z,Nee,B,Nee,B,B,B,Nee,B,Nee,B,B,Nee,B/Z,B/Z,Nee,BL01NE02EN017,NEEN017,651,21.7,2021,nl
R_1lahPPJDbWB4HoQ,Female,Left school at 18 with A-Levels or equivalent,Left school at 18 with A-Levels or equivalent,40,60,0,NA,Dutch;40;,English;60;,,40,60,0,NA,English,NA,1,10,NA,NA,I regularly speak a mix of Dutch / English / other languages to my child,English,NA,1,10,NA,NA,I always (or almost always) speak English to my child,First,NA,1,NA,NA,,B/Z,B,B/Z,B/Z,Nee,B/Z,B/Z,B,B/Z,Nee,B/Z,B,B,B/Z,B/Z,B,B,B,B,B,B,B,B,B,B/Z,B,B,B,B,B,B/Z,B/Z,B,B,B,B,B,B,B,B,B,B,B,B,B,B,B,B,B,Nee,B,B,B,B,B,B,Nee,B,B,B,B/Z,B,Nee,B,B,B,B,Nee,B,Nee,B,B,B,B,B,Nee,B,B,B,Nee,Nee,Nee,B,B,B,B,B,B,B,B,B,B,B,B,B,B,B,B,Nee,B,B,B,B,B,B,B,B,B,B,Nee,Nee,B,Nee,B,Nee,Nee,B,B,Nee,B,B,B,B,B,Nee,B,B,B,Nee,B,Nee,B,B,B,B,B,B,B,B,B,Nee,Nee,Nee,B,B,B,Nee,B,B,Nee,B,B,B,B,B,B,B,B,B,B,Nee,Nee,Nee,B,B,Nee,B,B,B,B,B,Nee,B,B,B,B,B,B,B/Z,Nee,Nee,B,B,Nee,B,Nee,B,B,Nee,Nee,B,B,B,B,B,Nee,B,B,Nee,Nee,Nee,B,B,Nee,B,B,B,Nee,B,B,B,Nee,Nee,Nee,Nee,B,Nee,Nee,B,B,B,Nee,B,B,Nee,Nee,B,B,B,B/Z,B,Nee,Nee,Nee,B/Z,B,B,B/Z,Nee,Nee,Nee,B,B,Nee,B,Nee,B/Z,B/Z,B,Nee,B/Z,B,B/Z,B/Z,B/Z,B,B/Z,B/Z,B,B/Z,B,B/Z,B,B,Nee,Nee,Nee,Nee,Nee,Nee,Nee,Nee,B,Nee,Nee,B,Nee,Nee,B,Nee,Nee,Nee,Nee,Nee,Nee,B,B,Nee,B,Nee,Nee,Nee,Nee,B,B,Nee,Nee,Nee,Nee,B,B,Nee,B,B,B,Nee,Nee,Nee,Nee,Nee,Nee,B,B,Nee,B,Nee,B,Nee,Nee,Nee,Nee,Nee,Nee,Nee,B,Nee,B,B,Nee,Nee,Nee,Nee,Nee,B,Nee,Nee,Nee,Nee,B,Nee,Nee,B,Nee,B,B,Nee,B,B,B,B,Nee,B,Nee,Nee,B,B,Nee,B,Nee,B,Nee,Nee,B,Nee,Nee,Nee,Nee,Nee,Nee,Nee,Nee,Nee,B,Nee,B,B,Nee,B,Nee,B/Z,B/Z,B/Z,B,B/Z,Nee,B,Nee,B,B,B,B,B,B,Nee,B,B,Nee,Nee,Nee,Nee,Nee,Nee,B,B,B,Nee,B,B,B,Nee,Nee,Nee,B,B,Nee,Nee,B,Nee,BL01NE02EN021,NEEN021,583,19.43333333,2022,nl
R_29u1ktxOCWzW7sH,Male,University degree or equivalent,University degree or equivalent,70,20,10,Tagalog,Dutch;70;,English;20;,Tagalog;10;,50,40,10,Tagalog,Other(s),Filipino and English,8,10,10,Filipino,I regularly speak a mix of Dutch / English / other languages to my child,Dutch,NA,10,9,NA,NA,I always (or almost always) speak Dutch to my child,First,NA,1,18,Always (or almost always) Dutch,,B,Nee,Nee,Nee,Nee,B,B,Nee,B,Nee,B,B,Nee,Nee,Nee,Nee,Nee,B,Nee,Nee,Nee,Nee,Nee,B,Nee,Nee,B,B,Nee,Nee,Nee,Nee,Nee,Nee,Nee,Nee,Nee,Nee,Nee,Nee,Nee,Nee,Nee,Nee,Nee,Nee,Nee,B,Nee,Nee,Nee,Nee,B,Nee,Nee,Nee,B,B,B,B,B,Nee,B,Nee,B,B,B,Nee,B,Nee,B,B,Nee,B,Nee,Nee,B,B,Nee,Nee,Nee,Nee,Nee,Nee,Nee,B,B,Nee,Nee,B,Nee,Nee,Nee,B,Nee,B,B,B,B,B,B,B,Nee,B,Nee,B,Nee,Nee,Nee,B,Nee,Nee,Nee,B,Nee,Nee,B,B,Nee,B,B,B,Nee,B,B,B,B,Nee,Nee,B,Nee,Nee,Nee,B,Nee,B,B,B,B,B,Nee,Nee,Nee,B,Nee,Nee,Nee,Nee,Nee,Nee,Nee,Nee,B,Nee,Nee,Nee,Nee,Nee,Nee,Nee,B,Nee,B,B,Nee,Nee,Nee,Nee,B,B,Nee,B,Nee,Nee,Nee,Nee,Nee,Nee,B,Nee,Nee,Nee,Nee,B,B,Nee,B,Nee,Nee,Nee,B,B,B,Nee,Nee,Nee,Nee,Nee,Nee,B,Nee,Nee,B,Nee,Nee,B,B,Nee,B,Nee,Nee,Nee,Nee,Nee,Nee,Nee,B,B,B,B,B,Nee,Nee,B,Nee,Nee,Nee,Nee,Nee,B,Nee,Nee,Nee,Nee,B,B,B,B,Nee,Nee,Nee,B,Nee,Nee,B,Nee,B,B,Nee,Nee,B,Nee,B,B,B,B,B,B,Nee,B,Nee,Nee,B,Nee,Nee,Nee,Nee,Nee,Nee,Nee,Nee,B,B,B,Nee,B,Nee,B,Nee,Nee,B,B,Nee,Nee,Nee,Nee,Nee,Nee,B,Nee,Nee,B,Nee,B,Nee,B,B,B,B,B,Nee,B,Nee,B,B,Nee,B,B,B,Nee,B,B,B,Nee,B,B,B,B,Nee,Nee,Nee,Nee,Nee,B,B,Nee,Nee,B,B,B,Nee,B,Nee,B,Nee,Nee,Nee,Nee,Nee,Nee,Nee,Nee,Nee,B,Nee,Nee,Nee,Nee,B,Nee,Nee,B,B,B,Nee,B,Nee,B,B,B,Nee,Nee,Nee,Nee,Nee,B,Nee,Nee,Nee,Nee,Nee,Nee,Nee,B,B,Nee,Nee,B,B,B,B,B,Nee,B,Nee,Nee,Nee,B,B,Nee,Nee,B,B,Nee,B,Nee,B,Nee,B,B,Nee,B,B,Nee,B,B,B,B,B,Nee,Nee,Nee,B,B,Nee,Nee,B,Nee,BL01NE02EN024,NEEN024,693,23.1,2022,nl