Response ID,Child's gender,Mother's highest educational qualification,Father's highest educational qualification,Overall language exposure - Polish,Overall language exposure - English,Overall language exposure - Other,Overall language exposure - Other - Text,exp_pol,exp_eng,exp_oth,Home language exposure - Polish,Home language exposure - English,Home language exposure - Other(s),Home language exposure - Other(s) - Text,Mother native - Selected Choice,Mother native - Other(s) - Text,Mother's proficiency - Polish,Mother's proficiency - English,Mother's proficiency - Other,Mother's proficiency - Other - Text,Mother's child language,Father native - Selected Choice,Father native - Other(s) - Text,Father's proficiency - Polish,Father's proficiency - English,Father's proficiency - Other,Father's proficiency - Other - Text,Father's child language,Birth order - Selected Choice,Birth order - Other - Text,birth_order,Nursery start age - Age in months,Nursery language,Immersion - months,Sounds - auć / aua / au,Sounds - brrum brrum,Sounds - grrr,Sounds - hau hau,Sounds - kukuryku,Sounds - kwa kwa,Sounds - meeee,Sounds - miau,Sounds - mniam / niam niam,Sounds - muu,Sounds - o - oł,Sounds - tu-tuuu,Animals - gęś,Animals - indyk,Animals - jeleń,Animals - kaczka,Animals - koń,Animals - kot,Animals - kotek,Animals - królik,Animals - krowa,Animals - kucyk,Animals - kurczak,Animals - lew,Animals - małpa,Animals - miś / niedźwiedź,Animals - motyl,Animals - myszka,Animals - osioł,Animals - owca,Animals - owieczka,Animals - pająk,Animals - pies,Animals - pingwin,Animals - pszczoła,Animals - ptaszek,Animals - ryba,Animals - słoń,Animals - sowa,Animals - świnka,Animals - szczeniak / piesek,Animals - tygrys,Animals - wiewiórka,Animals - żaba,Animals - żółw,Animals - zwierzę,Animals - żyrafa,Vehicles - auto / samochód,Vehicles - autobus,Vehicles - ciężarówka,Vehicles - łódź / łódka,Vehicles - motor / motocykl,Vehicles - pociąg,Vehicles - rower,Vehicles - samolot,Vehicles - wóz strażacki,Vehicles - wózek,Toys - balon(ik),Toys - bańka mydlana,Toys - klocek,Toys - książka,Toys - lalka,Toys - miś,Toys - piłka,Toys - pisak / długopis,Toys - zabawka,Food and Drink - banan,Food and Drink - chleb,Food and Drink - ciasto,Food and Drink - cukierki,Food and Drink - dżem,Food and Drink - frytki,Food and Drink - groszek,Food and Drink - herbata,Food and Drink - herbatnik,Food and Drink - jabłko,Food and Drink - jajko,Food and Drink - jedzenie / papu / am,Food and Drink - kawa,Food and Drink - kurczak,Food and Drink - lody,Food and Drink - makaron / kluski,Food and Drink - marchewka,Food and Drink - masło / margaryna,Food and Drink - mięso,Food and Drink - mleko,Food and Drink - picie / napój,Food and Drink - pizza,Food and Drink - płatki,Food and Drink - pomarańcza,Food and Drink - ryba,Food and Drink - ser,Food and Drink - sok,Food and Drink - to(a)st,Food and Drink - woda,Body Parts - brzuch,Body Parts - dłoń,Body Parts - głowa,Body Parts - język,Body Parts - kolano,Body Parts - noga,Body Parts - nos,Body Parts - oko,Body Parts - palec,Body Parts - palec u nogi,Body Parts - paznokcie / pazurki,Body Parts - pępek,Body Parts - policzek,Body Parts - ręka,Body Parts - stopa,Body Parts - twarz,Body Parts - ucho,Body Parts - usta,Body Parts - włosy,Body Parts - ząb,Clothes - buty,Clothes - dżinsy,Clothes - guzik,Clothes - kapelusz,Clothes - koszula,Clothes - kozaki,Clothes - kurtka,Clothes - naszyjnik / wisiorek,Clothes - okulary,Clothes - pieluszka / pampers / pielucha,Clothes - piżama,Clothes - płaszcz,Clothes - skarpetki,Clothes - śliniaczek,Clothes - spodnie,Clothes - sukienka,Clothes - sweter,Clothes - szorty,Clothes - zamek błyskawiczny,Furniture and Rooms - bujany fotel / fotel na biegunach / bujak,Furniture and Rooms - drzwi,Furniture and Rooms - fotel,Furniture and Rooms - garaż,Furniture and Rooms - kojec (dla dziecka),Furniture and Rooms - krzesło,Furniture and Rooms - kuchenka / piekarnik,Furniture and Rooms - kuchnia,Furniture and Rooms - łazienka,Furniture and Rooms - lodówka,Furniture and Rooms - łóżeczko,Furniture and Rooms - łóżko,Furniture and Rooms - nocnik,Furniture and Rooms - okno,Furniture and Rooms - salon / duży pokój,Furniture and Rooms - schody,Furniture and Rooms - stół,Furniture and Rooms - sypialnia,Furniture and Rooms - szuflada,Furniture and Rooms - telewizor,Furniture and Rooms - umywalka,Furniture and Rooms - wanna,Furniture and Rooms - wysokie krzesło,Outside - basen,Outside - deszcz,Outside - dom,Outside - drzewo,Outside - gwiazda,Outside - huśtawka,Outside - kamień,Outside - kościół,Outside - księżyc,Outside - kwiatek,Outside - łopat(k)a,Outside - na dwór / na pole,Outside - niebo,Outside - ogród,Outside - ogród zoologiczny / zoo,Outside - park,Outside - plaża,Outside - praca,Outside - przyjęcie / impreza,Outside - ściana,Outside - sklep,Outside - slizgawka,Outside - słońce,Outside - śnieg,Outside - szkoła,Outside - wiaderko,Outside - woda,Household items - butelka,Household items - dzbanek,Household items - filiżanka,Household items - grzebień,Household items - kartka / papier,Household items - klucz,Household items - koc / kołdra,Household items - kosz,Household items - kubek,Household items - lampa,Household items - lekarstwa / tabletki,Household items - łyżka,Household items - miotła,Household items - miska,Household items - młotek,Household items - moneta,Household items - mydło,Household items - naczynie,Household items - nożyczki,Household items - odkurzacz,Household items - pieniądze,Household items - poduszka,Household items - portfel,Household items - pudełko,Household items - radio,Household items - ręcznik,Household items - roślina,Household items - śmieci,Household items - smoczek,Household items - światło,Household items - szczoteczka do zębów,Household items - szczotka,Household items - szklanka,Household items - talerz,Household items - telefon,Household items - widelec,Household items - zdjęcie / fotografia,Household items - zegar,Household items - zegarek,People - babcia,People - brat,People - chłopiec,People - ciocia,People - doktor / lekarz,People - dziadek / dziadzio,People - dzidzia / dzidziuś / dziecko,People - dziecko,People - dziewczynka,People - ludzie,People - mama / mamusia,People - nauczyciel,People - niania / opiekunka,People - osoba,People - pan,People - pani,People - policjant,People - przyjaciel,People - siostra,People - tata / tatuś,People - wujek,Games and Routines - a kuku,Games and Routines - chcieć,Games and Routines - ciii / sza,Games and Routines - czekać,Games and Routines - cześć / hej,Games and Routines - dobranoc,Games and Routines - drzemka,Games and Routines - dziękuję,Games and Routines - halo,Games and Routines - kąpiel,Games and Routines - kolacja,Games and Routines - kosi-kosi łapci,Games and Routines - nie,Games and Routines - nie rób tego,Games and Routines - obiad,Games and Routines - pa pa,Games and Routines - proszę,Games and Routines - przekąska / podwieczorek,Games and Routines - śniadanie,Games and Routines - tak,Action Words - (za)drapać,Action Words - biec / biegać,Action Words - brać,Action Words - ciągnąć,Action Words - czyścić,Action Words - czytać,Action Words - dać,Action Words - dmuchać,Action Words - dostać,Action Words - dzwonić,Action Words - gonić,Action Words - grać,Action Words - huśtać się / bujać,Action Words - iść,Action Words - jechać / jeżdzić,Action Words - jeść,Action Words - karmić,Action Words - kochać,Action Words - kopać,Action Words - łaskotać,Action Words - lubić,Action Words - mieć,Action Words - mówić,Action Words - myć (się),Action Words - nosić,Action Words - oglądać / obejrzeć,Action Words - otworzyć,Action Words - patrzeć (patrz),Action Words - pić,Action Words - pisać,Action Words - płakać,Action Words - pływać,Action Words - pocałować,Action Words - pójść,Action Words - pokazywać,Action Words - położyć,Action Words - pomóc,Action Words - popychać,Action Words - powiedzieć,Action Words - prowadzić,Action Words - prysnąć / opryskać / pryskać,Action Words - przynieść,Action Words - przytulić,Action Words - robić,Action Words - rysować,Action Words - rzucać,Action Words - skakać,Action Words - skończyć,Action Words - słyszeć,Action Words - śmierdzieć,Action Words - spać,Action Words - śpieszyć się,Action Words - śpiewać,Action Words - tańczyć,Action Words - tulić,Action Words - uciąć,Action Words - uderzyć,Action Words - ugryźć,Action Words - upaść / spaść,Action Words - upuścić,Action Words - uśmiechać się,Action Words - widzieć,Action Words - wiedzieć,Action Words - wycierać,Action Words - zamknąć,Action Words - zatrzymać,Action Words - zderzyć się,Action Words - złamać,Action Words - złapać,Action Words - znaleźć,Descriptive Words - brudny,Descriptive Words - chory,Descriptive Words - ciemno,Descriptive Words - ciepły / ciepło,Descriptive Words - ciężko,Descriptive Words - czerwony,Descriptive Words - czysty,Descriptive Words - delikatny,Descriptive Words - dobry / dobrze,Descriptive Words - duży,Descriptive Words - głodny,Descriptive Words - ładnie,Descriptive Words - ładny,Descriptive Words - mały,Descriptive Words - miękki,Descriptive Words - mokry / mokro,Descriptive Words - nie ma nic,Descriptive Words - niebieski,Descriptive Words - niegrzeczny,Descriptive Words - ostrożny,Descriptive Words - paskudny / okropny,Descriptive Words - prędko / szybko,Descriptive Words - przerażony / wystraszony,Descriptive Words - pusty,Descriptive Words - senny,Descriptive Words - smutny,Descriptive Words - śpiący,Descriptive Words - spragniony / chce mi się pić,Descriptive Words - stary,Descriptive Words - suchy,Descriptive Words - szczęśliwy,Descriptive Words - to boli,Descriptive Words - w porządku,Descriptive Words - zielony,Descriptive Words - zimny / zimno,Descriptive Words - złamany,Descriptive Words - zły,Descriptive Words - zmęczony,Descriptive Words - żółty,Question words - co?,Question words - dlaczego? / czemu?,Question words - gdzie?,Question words - jak?,Question words - kiedy?,Question words - kto?,Time - dzień,Time - dzisiaj,Time - dzisiaj wieczorem,Time - jutro,Time - noc / w nocy,Time - potem / póżniej,Time - ranek / rano,Time - teraz,Pronouns and Possessives - ja,Pronouns and Possessives - jego,Pronouns and Possessives - jej,"Pronouns and Possessives - mnie, mi",Pronouns and Possessives - mój,Pronouns and Possessives - nasz,Pronouns and Possessives - tamten,Pronouns and Possessives - ten,Pronouns and Possessives - to,Pronouns and Possessives - twój,Pronouns and Possessives - ty / ci,Prepositions and Location Words - daleko,Prepositions and Location Words - na,Prepositions and Location Words - na dół / na dole,Prepositions and Location Words - na górze,Prepositions and Location Words - na zewnątrz,Prepositions and Location Words - pod,Prepositions and Location Words - tam,Prepositions and Location Words - tu,Prepositions and Location Words - w,Prepositions and Location Words - wewnątrz,Prepositions and Location Words - z powrotem,Quantifiers - inny,Quantifiers - jakiś,Quantifiers - następny,Quantifiers - nic,Quantifiers - ten sam,Quantifiers - więcej,Quantifiers - wszystko / wszyscy,Quantifiers - żaden,Quantifiers - znowu,ParticipantID,shortPID,age_days,age_months,Recorded.Year,country
R_3NQmsD1Ut1OkSsA,Female,University degree or equivalent,University degree or equivalent,70,30,0,NA,Polish;70;,English;30;,,95,5,0,NA,Polish,NA,10,5,0,NA,I always (or almost always) speak Polish to my child,Polish,NA,10,7,NA,NA,I always (or almost always) speak Polish to my child,First,NA,1,28,Always (or almost always) English,6,R/W,R/W,R/W,R/W,R/W,R/W,R/W,R/W,R/W,R/W,R/W,N,R/W,N,N,R/W,R/W,N,R,R/W,R/W,N,N,R/W,N,N,R/W,R/W,N,R/W,N,R/W,R/W,R/W,N,R/W,R/W,R/W,N,R/W,N,R/W,N,N,R/W,R,R/W,R/W,N,N,R,N,N,R/W,N,R/W,R/W,R/W,R/W,R/W,R/W,R/W,R/W,N,N,R/W,R/W,R/W,N,R/W,N,R/W,R/W,R/W,N,N,N,R/W,N,R/W,R/W,R/W,R/W,R/W,R/W,R/W,R/W,N,N,R/W,R/W,R/W,R/W,R/W,R/W,R/W,N,R/W,R/W,N,R/W,R/W,R/W,R/W,N,R/W,R/W,R/W,R/W,R/W,N,R/W,R/W,R/W,R/W,R/W,N,R/W,R/W,N,N,R/W,R/W,N,N,R/W,N,N,N,R/W,N,R/W,N,N,R/W,R/W,R/W,R/W,N,N,N,N,R/W,N,R,R/W,N,N,R/W,N,N,N,R/W,R/W,N,R/W,N,R/W,R/W,R/W,R/W,R/W,R/W,N,R,R/W,R/W,R/W,R/W,R/W,R,N,N,R/W,N,N,N,R/W,N,N,R,R/W,R/W,R/W,R/W,N,R/W,R/W,R/W,R,R/W,R/W,N,R/W,N,R/W,R/W,R/W,N,R/W,R/W,N,R,R/W,R/W,R/W,R/W,R/W,R/W,R/W,N,R/W,R/W,R/W,N,R/W,N,N,R/W,R/W,R/W,R/W,R/W,N,R/W,R/W,R/W,R/W,R/W,R/W,N,R/W,R/W,R/W,R/W,N,R/W,R/W,N,R/W,N,N,R/W,R/W,R/W,R/W,R/W,N,R/W,N,R/W,R/W,R/W,R/W,N,R/W,R/W,R/W,N,R/W,R/W,R/W,R/W,R/W,N,R/W,R/W,N,N,R/W,R/W,R/W,R/W,R/W,N,R/W,N,N,R/W,R/W,R/W,R/W,R/W,N,R/W,N,N,R/W,R/W,R/W,R/W,R/W,N,R,R/W,R/W,R/W,R/W,R/W,R/W,N,R/W,R/W,N,R/W,R/W,R/W,R/W,R/W,R/W,R/W,N,R/W,R/W,R/W,R/W,R/W,R/W,R/W,R,R/W,R/W,R,R/W,N,R,R,R/W,R/W,R,N,N,R,R,R/W,N,N,R/W,R/W,R/W,R/W,N,N,R/W,R/W,R/W,R/W,N,R/W,R/W,R/W,R/W,R/W,R/W,R/W,R/W,N,R/W,R/W,R/W,R/W,R/W,N,N,R/W,R/W,R/W,N,N,N,R/W,N,N,R/W,R/W,N,R/W,N,R/W,R,R/W,N,R/W,R/W,R/W,R/W,R/W,R/W,N,N,N,R/W,N,N,N,N,N,R/W,R,R/W,R/W,R,R/W,R/W,R,N,R/W,N,N,R/W,N,R/W,R/W,R/W,R/W,R,N,R/W,BL01UK01PL001,UKPL001,856,28.53333333,2020,gb
R_wYLla7Eo0CDBqiB,Female,Left school at 18 with A-Levels or equivalent,Left school at 18 with A-Levels or equivalent,20,80,0,NA,Polish;20;,English;80;,,70,30,0,NA,Bilingual Polish and English,NA,10,8,NA,NA,I regularly speak both Polish and English to my child,Bilingual Polish and English,NA,10,8,NA,NA,I regularly speak both Polish and English to my child,Second,NA,2,13,Always (or almost always) English,1,R/W,R/W,R/W,R/W,R/W,R/W,R/W,R/W,R/W,R/W,R/W,R/W,N,N,N,R,R,R/W,R/W,R,R,R,R,R,R,R/W,R,R,R,R,R,R,R,R,R,R/W,R,R,R,R,R,R,R,R,R,R,R,R/W,R/W,R,R,R/W,R/W,R,R,R,R,R/W,R,R,R,R/W,R/W,R,R/W,R,R/W,R/W,R/W,R,R,R,R,R,R,R,R,R/W,R/W,R,R/W,R,R,R,R,R,R/W,R/W,R,R,R,R,R,R/W,R/W,R/W,R,R,R,R,R,R/W,R,R,R,R,R,R,R,R,R,R,R,R,R,R/W,N,R,R,R,N,R,R,R,R,R,N,R,R,R,R,R,R,R,N,R,R,N,N,R,R,R,R,R,R,R,R,R,R,R,R,R,R,R,R,R,R,R,R,R,R,R,R,R,N,R,R,R,R,R,R,R,R/W,R,R,N,R/W,R,R,R,N,R,R,R/W,R,R,N,R,R/W,R,R/W,R,R/W,R/W,R,R,R,R,N,N,R,N,R/W,R/W,R/W,R,R/W,R,R,R/W,R,R,N,R,R,R,R,R,R,R,R,R,R,R/W,N,R,N,R,N,R/W,R,R,R,N,R,R/W,R,R,R,N,N,R,R/W,R/W,R/W,R,R/W,R,R/W,R,R,R/W,R/W,R,R,R,R/W,R,R,R/W,R,R,R,R/W,R,R,R,R,R,R,R/W,R,R,R,R,R,R/W,R,R,R,R,R,R,R,R,R,R,R,R,R,R,R,R,R,R,R,R,R,R,R,R,R/W,R,N,R,R,R,R,R,R,R/W,R,R,R,R/W,N,R,N,R,R,R,R,R,R,R,R,N,R,R,N,N,R/W,R,R/W,R,R,R,R,R,N,R,R,R/W,R,R,R,R,R,R,R,R/W,R,R,N,R,R,N,R,N,R,R,R/W,R/W,R,R,R/W,N,N,R/W,R,N,R,N,R/W,R,R,R,N,N,R,R,R,R,R/W,R,R,R,R,R,R,R,R,R,R,R,R,R/W,R,N,N,R,R,R,R,R/W,R/W,R,R,R,R,N,R,R,R/W,R,R,R,N,BL01UK01PL002,UKPL002,797,26.56666667,2020,gb
R_3RaPWOmix4FZU7N,Female,University degree or equivalent,No qualifications,80,20,0,NA,Polish;80;,English;20;,,95,5,0,NA,Polish,NA,10,7,NA,NA,I always (or almost always) speak Polish to my child,Polish,NA,10,7,NA,NA,I always (or almost always) speak Polish to my child,First,NA,1,11,Always (or almost always) English,3,R/W,R/W,R/W,R/W,R/W,R/W,R/W,N,R/W,R/W,R/W,R/W,R/W,R,N,R/W,R/W,R/W,R/W,R/W,R/W,N,R/W,R/W,R/W,R/W,R/W,R/W,R,R/W,R/W,R/W,R/W,R/W,R/W,R/W,R/W,R/W,R/W,R/W,R/W,N,R/W,R/W,R/W,R/W,N,N,R/W,R/W,R/W,R/W,N,R/W,R/W,R,R/W,R/W,R/W,R/W,R/W,R/W,R/W,R/W,R,R/W,R/W,R/W,R/W,R/W,R/W,R,R/W,R/W,N,R/W,R/W,R/W,R/W,N,R/W,R/W,R/W,R,R,R/W,R/W,R/W,R,R/W,N,R/W,R/W,N,R/W,R/W,R/W,R/W,R/W,R/W,R/W,R/W,R/W,R/W,R/W,R/W,R/W,R/W,R/W,R/W,R,R/W,R/W,R/W,R/W,R/W,R,R/W,R/W,R/W,R,R/W,R,R/W,R/W,R/W,R/W,R/W,R/W,R/W,R/W,R/W,R,R,R,R/W,R/W,R,N,R/W,R,R/W,R/W,R/W,R/W,R/W,R/W,R/W,R,R/W,R/W,R/W,R,R/W,R,R/W,R,N,R/W,N,R/W,R/W,R/W,R/W,R/W,R/W,R/W,R,R/W,R/W,R/W,R/W,R/W,R/W,R/W,N,R,R/W,N,R/W,R/W,R/W,R/W,R/W,R/W,N,N,R/W,R/W,R/W,R/W,R,R/W,N,R/W,R/W,R,R/W,R,N,R/W,N,R/W,R/W,R/W,R/W,R,R/W,N,R/W,R,R/W,R/W,R/W,R/W,R/W,R/W,R/W,R/W,R/W,R/W,R/W,R/W,R/W,R/W,R/W,R/W,R/W,R/W,R/W,R/W,R/W,R,R/W,R,R,R,R/W,R/W,R/W,N,R/W,R/W,R/W,R/W,R/W,R/W,R/W,R/W,R/W,R,R/W,R/W,R/W,R/W,R/W,R/W,R/W,R,R/W,R/W,R,R/W,R/W,R/W,R/W,R/W,R/W,R/W,R/W,R/W,R/W,R/W,R/W,R/W,R/W,R/W,R/W,R/W,R/W,R/W,R/W,R/W,R/W,R/W,R/W,R/W,R/W,R/W,R/W,R/W,R/W,R/W,R/W,R/W,R/W,R/W,R/W,R/W,R/W,R/W,R/W,R/W,R/W,R/W,R/W,R/W,R/W,R/W,R/W,R/W,R/W,R/W,R/W,R/W,R,R/W,R/W,R/W,R/W,R/W,R/W,R/W,R,R/W,R/W,R/W,R/W,R/W,R/W,R,R/W,R/W,R/W,R/W,R/W,R/W,R/W,R/W,R/W,R/W,R/W,R/W,R/W,R/W,R/W,R/W,R/W,R/W,R/W,R/W,R/W,R/W,R/W,R/W,R/W,R/W,R,R,R/W,R,R/W,R/W,R,R/W,R/W,R/W,R/W,R/W,R/W,R/W,R/W,R/W,R/W,R/W,R,R,R,R/W,R/W,R/W,R/W,R/W,R/W,R/W,R/W,R/W,R/W,N,N,R,R/W,R,N,R,R/W,R/W,R/W,R,R,R/W,R/W,R/W,R,R,R,R,R,R,R,N,R/W,R,R,R/W,R/W,N,N,R_3RaPWOmix4FZU7N,R_3RaPWOmix4FZU7N,970,32.33333333,2020,gb
R_2ZUkaGeNqWogRYn,Male,University degree or equivalent,University degree or equivalent,55,45,0,NA,Polish;55;,English;45;,,100,0,0,NA,Polish,NA,10,8,NA,NA,I regularly speak a mix of Polish/ English / other languages to my child,English,NA,2,10,NA,NA,I always (or almost always) speak English to my child,First,NA,1,NA,NA,3,N,N,R,R,N,R,N,R,N,R,N,N,R,N,N,R,N,R,N,N,N,N,N,N,N,N,N,N,N,N,N,N,R,N,N,N,N,N,N,N,N,N,R,N,N,N,N,N,N,N,N,N,N,R,R,N,R,N,N,N,R,N,N,R,R,N,R,R,N,N,N,N,N,N,N,N,N,N,N,N,N,N,N,N,N,R,N,N,N,N,N,N,N,N,R,N,N,N,N,N,N,R,N,N,N,N,N,N,N,N,N,R,N,N,N,R,N,N,N,N,N,N,N,N,N,N,N,R,N,N,N,N,N,N,N,N,N,N,N,N,N,N,N,N,N,N,N,N,N,N,N,N,N,N,N,N,N,N,N,N,N,N,R,R,N,N,N,R,N,N,N,N,N,N,N,N,N,N,N,N,N,N,R,R,N,N,N,N,N,N,N,N,N,N,N,N,N,N,N,N,N,N,N,N,N,N,N,N,N,N,N,N,N,N,N,N,N,N,N,N,N,N,N,R,N,N,R,N,N,N,N,N,N,R/W,N,N,N,N,N,N,N,N,R,N,N,N,N,N,R,N,N,N,N,N,N,N,R,N,N,R,N,N,N,R,N,N,N,N,N,N,N,N,N,N,N,N,N,R,N,N,N,N,N,N,N,N,N,N,N,N,N,N,N,N,N,N,N,N,N,N,N,N,N,N,N,N,N,N,N,N,N,N,N,N,N,N,N,N,N,N,N,N,N,N,N,R,N,N,N,N,N,N,N,N,N,N,N,R,N,N,N,N,R,N,N,N,N,N,N,R,N,N,N,N,N,N,N,N,N,N,N,N,N,N,N,N,N,N,N,N,N,N,N,N,N,R,N,N,N,N,N,N,N,N,N,N,N,N,N,N,N,N,N,N,N,N,N,N,N,N,N,N,N,N,R,N,N,N,N,N,N,N,N,N,N,N,N,N,BL01UK01PL003,UKPL003,491,16.36666667,2020,gb
R_Th0YemDR8jWinVn,Female,University degree or equivalent,University degree or equivalent,30,70,0,NA,Polish;30;,English;70;,,40,60,0,NA,Polish,NA,10,8,NA,NA,I always (or almost always) speak Polish to my child,English,NA,NA,10,NA,NA,I always (or almost always) speak English to my child,First,NA,1,9,Always (or almost always) English,NA,R/W,R/W,N,N,N,R/W,R/W,R/W,R/W,R/W,R/W,R/W,N,N,N,R,N,R,R/W,R,R,R,R,R/W,R,R/W,R/W,R,R,R/W,R,R,R,R/W,R,R,R,R/W,R/W,R,R,R/W,R/W,R/W,R/W,N,R/W,R,R,R,R,N,R,R,R/W,R,R,R/W,N,N,N,R/W,N,N,N,N,R/W,R/W,N,N,N,N,N,N,N,N,N,R/W,N,N,N,R,N,N,N,N,R/W,N,N,N,N,N,N,N,R,N,N,N,N,N,N,R/W,R/W,N,N,N,R/W,N,N,N,N,R/W,N,N,R/W,N,N,N,N,N,N,N,N,N,N,R/W,N,N,N,N,R/W,N,N,N,N,N,N,N,N,N,N,R,R,N,N,N,R,N,N,N,N,N,N,N,N,N,N,N,R/W,R/W,N,N,R,N,N,N,N,N,R/W,N,N,N,R/W,N,N,N,N,R/W,N,R/W,N,N,N,R,R/W,N,N,R,R,R,R,N,N,N,N,R,N,R,R,R/W,N,N,R,N,N,R,N,N,N,R,N,R,N,R,R/W,R/W,N,N,R/W,N,R/W,N,N,R/W,N,N,N,N,R/W,N,N,N,N,R/W,N,N,N,R/W,R/W,N,N,N,N,N,R/W,N,R/W,N,R/W,R/W,N,R/W,R/W,N,N,N,N,N,N,R/W,R/W,N,N,R/W,N,N,N,N,N,N,N,R,N,N,N,N,N,R/W,R/W,R/W,N,N,R/W,N,N,N,N,R/W,N,N,N,N,R/W,N,R/W,N,R/W,N,N,N,N,N,N,N,R,N,R,N,R,R,R,N,N,N,R/W,N,R,R,R,N,N,N,R,N,N,N,N,N,R,N,N,N,N,N,R/W,N,N,N,N,R/W,N,N,N,N,N,N,N,N,N,R/W,N,N,N,R/W,N,N,N,R,N,R,R,R,N,N,N,N,N,N,N,N,N,R,R,N,N,N,N,N,N,R,R,N,R,R,R,R,R,N,N,N,R,R,N,N,N,N,R,R/W,N,N,R/W,R/W,R,N,R/W,N,N,N,N,N,N,N,N,N,N,N,N,N,R_Th0YemDR8jWinVn,R_Th0YemDR8jWinVn,885,29.5,2020,gb
R_2drO4Q7fEE7aOA2,Male,University degree or equivalent,University degree or equivalent,30,70,0,NA,Polish;30;,English;70;,,50,50,0,NA,Polish,NA,10,8,0,NA,I regularly speak both Polish and English to my child,English,NA,2,10,0,NA,I always (or almost always) speak English to my child,First,NA,1,NA,NA,0,R/W,R/W,R/W,R/W,R,R/W,R/W,R/W,R/W,R/W,R/W,R/W,R,N,N,R,R,R/W,R,R,R,N,R,R,R,R,R,R,N,R,R,R/W,R,R,R,R,R,R,R,R,R,R,R,R,R,N,R,R,R/W,R,R,R,R,R,R,R,R,R,R,R,R,N,R,R,R,N,R/W,R,R,N,N,N,R,N,N,R,R,R/W,R,R,R,R,R,R,N,R/W,R,R,R,R,R,R,R/W,R/W,R,R,R,R,R,N,R,R,R/W,R,N,N,R,N,R,R,N,R/W,R,R,R,R/W,N,N,R,N,R/W,R,N,R,R,R,N,R,R,R,N,R,R,R,N,R,R,N,N,R,R,R,R,R,R,R,R,R,N,R,R,R,N,R,R,R,N,N,R,R/W,R,R,R,R,N,R,R,R,R,R,R,N,R,N,N,N,N,R,R,R,N,R,N,R,R,N,N,R,R,R,R,R,R,R,N,R,R,R,R,N,R,N,R,R,N,R,N,R,N,R,R,R,R,R,R,R,N,R,R,R,R,R,R,R/W,N,R,N,N,R/W,R,R,N,N,R/W,N,N,N,R,R,R,N,N,R/W,N,R/W,R,R,R,R,R/W,R,R,R/W,R,R,R,R/W,R,R,R/W,R,R,R,R/W,N,R,R,R,R/W,R,R,R,N,R,N,R,R,N,R,R,R,R,R,R,R,R,R,R,N,R,R,R,R,N,R,N,R,N,R,R,R,N,R,N,N,R,R,R,R,R,N,N,R,R,R,N,R,R,R,N,R,R,R,R,R,R,N,R,R,N,N,N,R,R,R,N,R,R,N,R,R,N,R/W,R,R,R,R,R,R,R,R,R,N,R,N,R,R,R,N,R,R,R,N,N,N,N,N,R,R,N,R,R,N,R,N,R,N,N,R,R,N,N,N,R,N,R,N,N,N,N,N,R,N,N,R,R,R,N,R,R,R,R,R,R,R,R,R,N,N,N,N,N,R,N,R,N,N,R,BL01UK01PL004,UKPL004,659,21.96666667,2020,gb
R_3vDdp764jP797MJ,Male,University degree or equivalent,University degree or equivalent,70,30,0,NA,Polish;70;,English;30;,,80,20,0,NA,Polish,NA,10,9,NA,NA,I always (or almost always) speak Polish to my child,English,NA,1,10,NA,NA,I always (or almost always) speak English to my child,Other,No siblings,1,NA,NA,3,R,R/W,N,N,N,R/W,R,R,R/W,R,R/W,R/W,N,N,N,R,R,R,R,N,R,N,N,R,R,R,R,R,N,R,R,R,R,R,R,R,R,R,R,R,R,R,N,R,R,N,R,R,R,R,R,R,R,R,R,R,R,N,N,R,R,N,R,R,R,R,R,R,N,N,N,N,R,R,N,R,N,R/W,R,N,R,R,R,N,N,R,R,R,N,N,N,R,N,N,R,R,N,R,N,N,R,R,R,R,R,N,N,N,R,R,N,R,N,R,R,R,N,N,N,N,N,R,N,N,R,N,N,R,N,R,N,N,N,N,N,R,R,N,N,R,R,R,R,R,N,R,R,R,N,R,R,N,N,R,N,R,N,N,R,R,R,R,R,R,N,N,R,R,R,R,R,N,R,N,R,N,N,R,R,R,N,N,N,R,R,R,N,N,N,R,N,N,R,R,R,R,R,R,N,N,R,N,N,R,N,N,N,N,N,N,N,R,N,N,N,N,N,R,N,N,N,R,N,R/W,N,N,R,R,R/W,R,N,N,N,R/W,N,N,N,R,R,R,N,N,R,R,R,R,R,R,R,R,N,R,N,R,R,N,R,R,R,R,R,N,R,R/W,N,R,R,N,R,R,R,R,R,R,N,R,R,R,R,R,R,N,N,N,N,R,N,R,N,R,R,R,R,N,R,N,R,N,R,R,R,N,R,N,N,R,R,R,R,R,N,N,N,N,R,N,N,R,R,N,N,N,R,N,N,N,N,N,R,N,N,N,N,N,R,N,N,R,N,R,R,R,R,N,R,N,N,N,N,R,R,N,N,N,N,N,N,N,N,N,R,N,N,N,N,R,N,N,R,N,N,R,N,R,N,R,N,N,R,N,N,N,R,N,R,N,N,N,N,N,N,R,N,N,R/W,R,R,N,N,N,N,N,N,N,R/W,N,R,N,N,N,N,N,R,N,R,R,N,R,BL01UK01PL005,UKPL005,505,16.83333333,2020,gb
R_2Ebqz6MMfaSIace,Male,University degree or equivalent,NA,40,60,0,NA,Polish;40;,English;60;,,50,50,0,NA,Polish,NA,10,9,NA,NA,I always (or almost always) speak Polish to my child,English,NA,NA,10,0,NA,I always (or almost always) speak English to my child,Second,NA,2,9,Always (or almost always) English,NA,R,R/W,R/W,R/W,R,R/W,R/W,R/W,R/W,R/W,R/W,R/W,R,R,N,R,R/W,R/W,R,R,R,N,R,R/W,R/W,R/W,R,R/W,N,R,N,R,R/W,R/W,R,R,R,R,R,R,R,R,R,R/W,R,R,R/W,R,R,N,N,N,R,R,R,N,R,R/W,N,R,R,R/W,R/W,R,N,N,R/W,R,R/W,N,N,R,N,R,N,R,N,R,N,N,R,R,R,R,N,R,R,R,R,R,N,N,N,N,R,R,N,R,R,R,R,R,R/W,R,N,R,R,N,R,R,N,R,R,R,R,R,N,N,R,N,N,R,N,R,R,R,N,R,R,R,N,N,N,N,N,R,N,N,N,R,N,R,R,N,R,N,R,R,N,R,R,N,N,R,N,N,N,N,R,N,R,R,R,N,N,R,R,N,R/W,N,N,N,R,N,N,N,N,N,N,R,N,N,N,R,N,N,N,R,R,R,R,R,R,R,N,R,N,R,N,N,R,N,N,R,N,R,N,N,N,R,N,R,N,N,R,R,R,R,R,R,N,R,N,R/W,N,N,R,R,R,R,R,N,N,R/W,N,N,N,N,N,N,N,R,R/W,R,R,R,R,N,R,R,R,N,N,R,R,R,R/W,R,R,R/W,N,N,R,R/W,N,N,N,R,R,R,R,R,R,R,N,N,R,R/W,R,R,R/W,N,R,R,N,N,N,N,N,R,R,R,R/W,R,N,N,R,N,R,N,N,N,N,N,N,R,R,N,R,R,N,N,N,N,R,N,N,R,N,N,R,R,R,N,N,N,N,N,R,N,N,N,N,N,R,N,R,R,R/W,R,R,N,N,R,R,N,N,N,N,R,R/W,R,N,N,N,R,N,R,N,N,N,N,N,N,N,N,N,N,N,N,N,N,N,N,N,R,N,N,R,N,N,N,N,N,N,N,N,N,N,N,R/W,R,N,N,N,N,N,N,N,N,N,N,N,N,R,N,N,N,N,N,N,N,N,R,R,N,N,N,BL01UK01PL006,UKPL006,626,20.86666667,2020,gb
R_1IGCT18sJIvXh6v,Male,University degree or equivalent,University degree or equivalent,40,60,0,NA,Polish;40;,English;60;,,80,20,0,NA,Polish,NA,10,8,NA,NA,I regularly speak a mix of Polish/ English / other languages to my child,Polish,NA,10,9,NA,NA,I always (or almost always) speak Polish to my child,Second,NA,2,10,Always (or almost always) English,1,R/W,R/W,R/W,R/W,R,R/W,R/W,R/W,R/W,R/W,R/W,R/W,N,N,N,R,R/W,R/W,R/W,R/W,R/W,R,R/W,R/W,R,R/W,R/W,R/W,N,N,R,R/W,R,R,R/W,R,R,R/W,R/W,R/W,R/W,R/W,R,R/W,R,R,R,R/W,R/W,R/W,R/W,R/W,R/W,R/W,R/W,R/W,R/W,N,R/W,R/W,R/W,R/W,R/W,R/W,R,R,R/W,R/W,R/W,N,R/W,R/W,R/W,N,R,R/W,R/W,R/W,R/W,R/W,R/W,R/W,R,R/W,N,R/W,R/W,R/W,R/W,R/W,R/W,R/W,R/W,R/W,R/W,R/W,R/W,R/W,R,R,R/W,R/W,R/W,R/W,R,R/W,R/W,R,R/W,R,R,R/W,R/W,R/W,R/W,R/W,N,N,R/W,N,N,R,R,R,R/W,R,N,R/W,R,R/W,N,R,R,R,N,R,N,R/W,N,R,R,R,R/W,R/W,N,R/W,R,R,R,R/W,R/W,R,R,R/W,R,R/W,N,R,R,R/W,R/W,R,R,R,N,R,R,R/W,R,R,R,R,R/W,R/W,R,R,R,R/W,R/W,R,R,R,R,R/W,N,N,N,R,R/W,R,R,R,R/W,R,N,R/W,N,R/W,R/W,N,R,N,R,R,N,R,N,R,N,R,R,R/W,N,R/W,R/W,R/W,N,R/W,R/W,R/W,R,R,R,R/W,N,R,R/W,R/W,R/W,R/W,R/W,R/W,R,R/W,N,N,N,R,R,R/W,N,R,R/W,N,R/W,R/W,R/W,R/W,R,N,N,R/W,R/W,R/W,R/W,N,R/W,R/W,R/W,R/W,R/W,R/W,R/W,R,R,R/W,R/W,R/W,R/W,R/W,R/W,R/W,R/W,R/W,R/W,R/W,R/W,R/W,R/W,R/W,R/W,R,R,R/W,R/W,R/W,R/W,R,R,R/W,R/W,R,R/W,R,R/W,R/W,R,R,R,R/W,R,R,R,R,R,R/W,R/W,R/W,R/W,R/W,N,R,R,R,R,N,R/W,R/W,R,R,R,R,R,R,R,R,N,R,R/W,N,R,R,R,N,R/W,R/W,R/W,R/W,R/W,R/W,R/W,N,R/W,R/W,R/W,R/W,R/W,R/W,N,R/W,R/W,R/W,N,N,N,R/W,R/W,R/W,N,R/W,R/W,R/W,N,R/W,R,R/W,R/W,R/W,R/W,R/W,R/W,R/W,R/W,R,R,R/W,R,R,R,N,N,N,R,R,R,R,R,N,N,N,R/W,R/W,N,R,R,R/W,N,R/W,N,R,R/W,R,R,R,R/W,R/W,R/W,N,N,R,R,R,R,R,R/W,R,N,N,R_1IGCT18sJIvXh6v,R_1IGCT18sJIvXh6v,1018,33.93333333,2020,gb
R_3fCNZhOM4Gndik1,Female,University degree or equivalent,University degree or equivalent,45,50,5,Italian,Polish;45;,English;50;,Italian;5;,45,55,0,NA,Polish,NA,10,8,NA,NA,I always (or almost always) speak Polish to my child,English,NA,9,10,NA,NA,I always (or almost always) speak English to my child,First,NA,1,12,A regular mix of Polish / English / other languages,3,R/W,N,N,R/W,R/W,R/W,N,R/W,R/W,R/W,N,N,N,N,N,R/W,R/W,R/W,N,N,R,N,R/W,N,N,N,N,N,N,N,N,N,R/W,N,N,N,N,N,N,N,N,N,N,N,N,N,N,R,N,N,N,N,R,N,N,N,R,R,R/W,R,R,N,N,R/W,N,N,R/W,R,N,N,N,R,N,N,N,R,N,R/W,R/W,N,R,R,N,N,R,R,R/W,N,N,N,N,N,N,N,R/W,N,N,N,N,N,N,R,N,N,N,N,N,N,N,N,N,R/W,N,R,N,R,N,N,N,N,N,N,N,N,R,N,N,R,N,N,N,N,N,N,N,N,N,N,N,N,N,R,R,N,N,N,N,N,R,N,N,R,N,N,N,N,N,R,N,R,N,N,R,N,N,N,N,N,R,N,N,N,R,N,N,N,N,R,N,N,N,N,N,N,R,N,N,N,N,N,N,R,N,N,N,R,N,N,N,N,R,N,N,N,R,N,N,N,N,N,N,N,R,N,R,N,N,N,R,N,N,N,N,R,N,N,N,N,R,N,N,N,N,R/W,N,N,N,N,N,N,N,N,R/W,N,R/W,R,R/W,N,R/W,N,N,R/W,N,R,N,N,R/W,R,R,R/W,N,N,N,R,N,N,N,R,N,N,R,R,N,N,N,N,N,R,R,R,N,N,N,N,N,N,N,R,N,N,N,N,R/W,N,N,N,N,N,N,N,N,N,N,N,N,N,N,N,N,N,R,N,N,N,R,N,N,N,R,N,N,N,N,N,N,N,N,N,N,N,N,N,N,N,R,N,R,N,N,N,R,N,N,N,N,N,N,N,N,R/W,N,N,R,R,N,N,N,N,N,N,N,R,N,N,N,N,N,N,N,N,N,N,N,N,N,R,N,N,N,N,R,N,N,N,N,N,N,N,N,N,N,N,N,N,N,N,N,N,N,N,R,R,R,N,N,R,N,N,R,N,N,N,N,N,N,N,N,N,BL01UK01PL007,UKPL007,759,25.3,2020,gb
R_eXwc54YdUKg8kUh,Female,University degree or equivalent,University degree or equivalent,90,10,0,NA,Polish;90;,English;10;,,90,10,0,NA,Polish,NA,9,5,NA,NA,I always (or almost always) speak Polish to my child,Polish,NA,10,3,NA,NA,I always (or almost always) speak Polish to my child,Second,NA,2,13,Always (or almost always) English,3,R/W,N,R/W,R/W,N,N,N,R/W,R/W,R/W,N,N,N,N,N,N,R,R/W,R/W,R,R/W,N,N,N,N,R/W,N,N,N,N,N,N,R/W,N,N,R/W,N,N,N,N,R/W,N,N,N,N,N,N,R/W,N,R,N,N,N,R/W,R,N,N,R,R,R/W,R/W,R/W,R/W,R/W,R,R,R,R,R,R,N,R,N,N,N,R,R/W,R,N,R,R,R,N,R,R,R/W,R/W,R/W,N,N,N,R,R/W,N,R,R,N,R/W,R,R,R/W,R/W,R/W,R,N,R,R,N,R/W,N,N,R/W,N,R/W,N,R/W,N,N,R/W,R,N,R/W,R,R/W,R/W,R,R,R/W,N,R,R/W,N,N,N,N,R/W,N,N,R,R,N,N,R,R,R/W,R,R,R,R,N,R,N,R,R,N,R,R,N,R,R/W,R,N,R,R,N,N,R,R/W,R/W,N,R/W,N,N,R,N,R,R,R,N,N,N,R,R,R,R/W,N,N,R,R,R,R/W,R,R,R,N,R,R,R/W,N,N,R,N,R,N,N,R/W,R,N,N,R,N,R,N,R/W,R,R,N,N,R,R,R,N,R,R,R,R/W,R,N,R,R,R/W,R/W,R,R/W,N,R,N,R,R,N,N,N,R/W,R/W,R/W,N,R/W,R,R/W,R/W,R,R,R/W,R,R,N,R/W,R/W,R,R/W,R,N,R,R/W,R,R,R/W,R/W,R,R,R/W,R/W,R,R,N,R,R/W,R/W,R/W,R/W,N,N,R/W,R/W,R,R/W,R,R/W,R/W,R,R/W,R,R/W,N,R,N,R,R/W,R,R/W,N,N,N,N,N,R/W,R/W,N,R,R/W,R/W,N,N,N,R/W,N,N,R/W,R/W,N,R,R,N,N,N,R,N,R/W,R/W,R/W,R,N,R,N,R/W,N,N,R,N,N,N,N,R,N,R/W,R,N,N,N,R/W,R/W,N,N,N,N,R/W,N,R,N,R,N,R/W,N,N,N,R,N,N,N,R,N,R,N,R,R,R,N,N,R,N,R,R,R,R,R,N,R,R,R,R,N,R/W,R,N,R,R,R/W,R,N,R,N,R/W,R,R/W,R/W,R/W,R,N,R/W,N,N,N,R,N,N,R,N,N,BL01UK01PL008,UKPL008,818,27.26666667,2020,gb
R_2zucqrO1gCCXRfP,Female,Left school at 18 with A-Levels or equivalent,University degree or equivalent,80,20,0,NA,Polish;80;,English;20;,,80,20,0,NA,Polish,NA,10,8,NA,NA,I regularly speak a mix of Polish/ English / other languages to my child,Polish,NA,10,6,NA,NA,I always (or almost always) speak Polish to my child,Third,NA,3,NA,NA,0,N,N,N,R/W,N,N,N,R/W,N,N,N,N,N,N,N,N,N,R/W,R/W,N,N,N,N,N,N,N,N,N,N,N,N,N,N,N,N,N,N,N,N,N,N,N,N,N,N,N,N,N,N,N,N,N,N,N,N,N,N,N,N,N,N,N,N,R/W,N,N,N,N,N,N,N,N,N,N,N,N,N,R/W,N,N,N,N,N,N,N,N,N,N,N,N,N,N,N,N,R/W,N,N,N,N,N,N,N,N,N,N,N,N,N,N,N,N,N,N,N,N,R/W,N,N,N,N,N,N,N,N,N,N,N,N,N,N,N,N,N,N,N,N,N,N,N,N,N,N,N,N,N,N,N,N,N,N,N,N,N,N,N,N,N,N,N,N,N,N,N,N,N,N,N,N,N,N,N,N,N,N,N,N,N,N,N,N,N,N,N,N,N,N,N,N,N,N,R/W,N,N,N,N,N,N,N,N,N,N,N,N,N,N,N,N,N,N,N,N,N,R/W,N,N,N,N,N,R/W,N,N,N,N,R/W,N,N,N,N,N,N,N,N,N,N,N,N,N,N,N,N,N,N,R/W,N,N,N,R/W,N,R/W,N,N,N,N,N,N,N,R/W,N,N,R/W,N,N,N,N,N,R,N,N,N,N,N,N,R,R/W,N,N,N,R/W,N,R/W,N,N,N,N,N,N,N,R/W,N,N,N,N,R/W,N,N,N,R/W,N,N,N,N,N,N,N,N,N,R/W,N,N,N,N,N,N,N,N,N,N,N,N,N,N,N,N,N,N,N,N,N,N,N,N,N,N,N,N,N,N,N,N,N,N,N,N,N,N,N,N,N,N,N,N,N,N,N,N,N,N,N,N,N,N,N,N,N,N,N,N,N,N,N,N,N,N,N,N,R/W,N,N,R/W,N,N,N,N,N,N,N,N,N,N,N,N,N,N,N,R/W,N,N,R/W,N,N,N,N,N,N,R/W,N,N,N,N,N,N,N,N,N,N,N,N,N,BL01UK01PL009,UKPL009,401,13.36666667,2020,gb
R_3EGwg0aCXeCXTrj,Male,University degree or equivalent,University degree or equivalent,60,40,0,NA,Polish;60;,English;40;,,90,10,0,NA,Polish,NA,10,9,NA,NA,I always (or almost always) speak Polish to my child,Polish,NA,10,6,0,NA,I always (or almost always) speak Polish to my child,Second,NA,2,24,Always (or almost always) English,1,R,R,R,N,N,N,N,N,N,N,N,N,N,N,N,N,R,R,R,N,R,N,N,N,N,N,N,N,N,N,N,N,R,R,N,R,N,N,N,N,R,N,N,N,N,N,N,R,R,R,N,R,N,N,R,R,R,R,N,R,N,N,R,R,N,R,R,R,N,N,N,R,N,N,N,R,N,R,N,N,N,N,N,N,N,R,R,R,N,N,N,R,N,N,R,R,N,R,N,N,R,R,R,N,N,N,N,R,N,N,N,R,N,N,R,R,N,N,N,N,N,R/W,N,N,N,R,N,R,N,R,N,N,N,N,N,R,N,N,N,R,R,R,R,R,N,R,R,N,N,N,R,R,N,R,N,N,N,N,N,R,R,N,R,R,N,N,N,N,R,N,N,N,N,N,N,N,N,N,R,N,N,N,N,R,R,N,N,N,N,R,R,N,R,N,N,N,N,R,N,N,R,N,N,R,N,R,N,N,R,R,N,R,R,N,R,N,N,R,R,R,R,N,N,R,N,R,N,N,R,N,R,R,N,R,N,N,N,N,N,N,N,N,N,N,R,R,R,R,R,R,R,R,R,R,N,N,R,R,R,R,R,N,R,R,N,R,R,R,R,R,R,R,R,R,R,R,R,R,R,R,N,R,N,N,N,N,N,R,N,R,R,R,R,N,N,N,R,R,R,R/W,R,N,N,N,N,R,R,R,R,R,R,R,N,R,R,N,N,N,N,N,R,N,N,N,N,N,N,R,R,N,N,N,N,N,N,N,N,N,R,N,R,R,R,N,R,R,R,N,N,N,R,N,N,N,N,R,N,R,N,R,R/W,R,N,N,N,R,R,N,R,N,N,R/W,R,R,R,R,N,N,R,N,N,N,N,N,N,N,N,R,R,R,R,R,N,R,R,R,R,R,N,R,R,R,R,R,R,N,N,N,N,R,N,R,R,R,R,R/W,R,N,BL01UK01PL010,UKPL010,764,25.46666667,2020,gb
R_71lb10HrKwzLfPz,Male,University degree or equivalent,Left school at 18 with A-Levels or equivalent,50,50,0,NA,Polish;50;,English;50;,,70,30,0,NA,Polish,NA,10,8,NA,NA,I always (or almost always) speak Polish to my child,English,NA,4,10,10,yoruba ,I always (or almost always) speak English to my child,Second,NA,2,NA,NA,4,R/W,R/W,N,R/W,N,R/W,R/W,R/W,R/W,R/W,R/W,R/W,N,N,N,R,R,R,N,N,R,N,N,R,R,R,N,N,N,R,N,R/W,R,N,N,N,R/W,N,N,R,N,N,R,N,N,N,N,R,R,R,R,N,R,R,R,R,R,N,N,N,R,N,R/W,R,N,N,R/W,R,N,N,N,R,N,N,N,R,R/W,R/W,R,N,R,R,R,N,N,R,R,R,R,N,R/W,N,R,R,R,R,N,R,N,R,R,R/W,R/W,R,N,N,R/W,N,R,R,N,R/W,R,R,R,R/W,N,N,N,N,N,R,N,R,R,R,N,R,N,N,N,N,N,N,N,R,R,R,N,N,N,R,R,R,N,R,R,R,N,R,R,N,N,R,N,N,N,N,R,R/W,R/W,N,R,N,N,N,R,N,R,N,R,R,R,N,R,N,N,R,N,R,N,R,N,R,R,N,N,N,R,R,N,N,R,R,N,R,N,R,N,N,N,N,N,N,N,R,N,N,R,N,N,N,N,N,R,N,N,N,N,N,R,R,N,R,N,N,N,N,R/W,R/W,N,N,N,R/W,N,N,N,R/W,N,N,N,N,R/W,N,R/W,R,R/W,R/W,R,R,N,R,R/W,R,R,R,R,R,N,R/W,R,N,N,R,N,R,N,N,R,R,R,N,N,N,N,N,R,R,R,R,N,R,N,N,R,R,N,R/W,N,R,R,R,R,R,R,N,R,R,N,R,N,N,N,N,N,R,R,R,R,R,R,N,R,N,R,R,R,R,R,N,N,N,N,N,N,R,N,N,R,N,N,N,R,R,R,R,R,R,N,R/W,N,N,N,R,R,R,N,N,N,N,R,R/W,N,N,N,R,N,N,N,N,R/W,N,N,N,N,R,N,R,R,N,N,N,R/W,R,R,R,R,R,R,N,R,N,N,R,N,R/W,N,R/W,N,N,N,N,N,N,N,N,N,R,N,N,R,R,R,N,N,N,N,N,N,N,N,N,R,N,N,N,N,N,BL01UK01PL011,UKPL011,782,26.06666667,2020,gb
R_3e8nh6UH5VGvTZE,Female,Left school at 18 with A-Levels or equivalent,Left school at 18 with A-Levels or equivalent,50,50,0,NA,Polish;50;,English;50;,,70,30,0,NA,Polish,NA,10,8,NA,NA,I regularly speak both Polish and English to my child,English,NA,1,10,NA,NA,I always (or almost always) speak English to my child,Second,NA,2,NA,NA,0,N,N,N,N,N,N,N,N,N,N,N,N,N,N,N,N,N,R,N,N,N,N,N,N,N,N,N,N,N,N,N,N,R,N,N,N,N,N,N,N,N,N,N,N,N,N,N,R,N,N,N,N,N,N,N,N,N,N,N,R,R,R,N,R,N,N,N,R,N,N,N,N,N,N,N,N,R,R,N,N,N,R,N,N,N,R,R,N,N,N,N,N,N,N,R,N,N,N,N,N,N,N,N,N,N,N,N,N,R,N,N,N,N,R,N,R,N,N,N,N,N,N,N,N,R,R,N,R,N,N,N,N,N,N,N,R,N,N,N,R,N,R,R,N,N,N,N,N,N,R,N,N,N,N,N,N,N,N,N,N,N,N,R,N,N,N,N,N,N,N,R,N,N,N,N,N,N,N,N,N,N,N,N,R,R,N,N,R,N,N,N,N,R,N,N,N,N,R,N,N,N,N,N,N,N,N,N,R,N,N,N,N,N,N,N,R,N,R,N,N,N,N,N,R,N,N,N,N,N,N,N,N,N,R,N,N,N,N,N,N,N,N,R,N,R,N,N,R,R,N,N,R,N,R,N,N,R,R,R,R,R,N,R,R,N,R,N,N,N,R,R/W,N,N,N,R,N,N,R,N,R,N,N,N,N,N,N,N,N,N,N,R,R,R,N,N,R,N,N,R,R,N,N,N,N,N,R,N,N,N,N,N,N,N,N,R,N,N,R,R,N,N,N,N,N,N,N,N,N,R,N,N,N,R,N,N,N,N,N,N,N,N,N,N,N,N,N,N,N,N,N,N,N,N,N,N,N,N,N,N,N,N,N,N,N,N,N,N,N,N,N,N,N,N,N,N,R,N,N,N,N,N,N,N,N,N,N,N,N,N,N,N,R,N,N,R,R,N,N,N,N,R,R,N,N,R,R,N,N,N,N,N,N,N,N,N,N,N,N,BL01UK01PL012,UKPL012,394,13.13333333,2020,gb
R_2v6BNnNGmVWjFid,Female,University degree or equivalent,Left school at 18 with A-Levels or equivalent,30,70,0,NA,Polish;30;,English;70;,,30,70,0,NA,Polish,NA,10,7,3,French,I always (or almost always) speak Polish to my child,English,NA,3,10,4,French,I always (or almost always) speak English to my child,Second,NA,2,30,Always (or almost always) English,4,R/W,R/W,R/W,R/W,R/W,R/W,R/W,R/W,R/W,R/W,R/W,R/W,R,R,R,R/W,R/W,R/W,R/W,R,R/W,R,R,R/W,R/W,R/W,R/W,R/W,R,R,R/W,R/W,R/W,R/W,R/W,R/W,R/W,R/W,R/W,R/W,R/W,R/W,R,R/W,R,R/W,R,R/W,R/W,R/W,R/W,R/W,R/W,R/W,R/W,R,R/W,R/W,R/W,R/W,R,R/W,R/W,R/W,R/W,R/W,R/W,R/W,R/W,R/W,R/W,R,R/W,N,R/W,R/W,R/W,R/W,R/W,R/W,R/W,R/W,R/W,R/W,R/W,R/W,R/W,R/W,R,R/W,R/W,R/W,R/W,R/W,R/W,R/W,R,R/W,R/W,R/W,R/W,R/W,R/W,R/W,R/W,R/W,R/W,R/W,R/W,R/W,R,R/W,R/W,R/W,R/W,R/W,R/W,R/W,R/W,R/W,N,R/W,R,R/W,R,R/W,R,R/W,R/W,R/W,R/W,R/W,R/W,R,R/W,N,R/W,R,R,R/W,R/W,R/W,R,R/W,R,R,R,R/W,R/W,R/W,R/W,R,R,R,R,R,R,R/W,R,R/W,R/W,R/W,R/W,R/W,R,R/W,R/W,R/W,R/W,R/W,R,R/W,R/W,R/W,R/W,R,R,R/W,R,R,R,R,R,R/W,R/W,R,R,R/W,R/W,R/W,R/W,R/W,R,R/W,R,R/W,R,R/W,R,R,R,R,R/W,R/W,R/W,R/W,R,R/W,R/W,R/W,R/W,R/W,R,R/W,R,R/W,R/W,R/W,R/W,R/W,R/W,R/W,R/W,R/W,R/W,R/W,R/W,R,R/W,R/W,R/W,R/W,R/W,R/W,R,N,R,R/W,R/W,R/W,R/W,R/W,R/W,R/W,R/W,R/W,R/W,R,R/W,R/W,R,R/W,R/W,R/W,R/W,R/W,R/W,R/W,R/W,R/W,R/W,R,R/W,R/W,R,R/W,R/W,R/W,R/W,R/W,R/W,R/W,R/W,R/W,R/W,R/W,R/W,R/W,R/W,R/W,R,R,R/W,R/W,R,R/W,R,R/W,R/W,R,R/W,R,R/W,R/W,R,R/W,R/W,R/W,R/W,R,R/W,R,R,R/W,R/W,R/W,R/W,R/W,R/W,R/W,R/W,R,R,R,R/W,R,R/W,R/W,R/W,R/W,R/W,R/W,R/W,R/W,R/W,R/W,R,R/W,R/W,R/W,R/W,R/W,R/W,R/W,R/W,R/W,R/W,R/W,R/W,R/W,R/W,R,R/W,R/W,R/W,R/W,R/W,R/W,R/W,R/W,R/W,N,R/W,R,R,R/W,R,R/W,R,R/W,R/W,R/W,R,R/W,R,R/W,R,R/W,R/W,R/W,R/W,R,R/W,R/W,R,R,R,R,R,R,R/W,R,R/W,R/W,R/W,R/W,R/W,R,R/W,R,R/W,R/W,R/W,R,R,R/W,R,R,R/W,R/W,R/W,R/W,R/W,R/W,R/W,R/W,R/W,R,R/W,R,R,R,R,R/W,R/W,R/W,R,R/W,R_2v6BNnNGmVWjFid,R_2v6BNnNGmVWjFid,932,31.06666667,2020,gb
R_BS0Xpb3mjk6gVPj,Female,University degree or equivalent,Left school at 16 with GCSE or equivalent,40,60,0,NA,Polish;40;,English;60;,,70,30,0,NA,Polish,NA,10,8,0,NA,I regularly speak both Polish and English to my child,Other(s),Wolof,8,9,0,NA,I always (or almost always) speak English to my child,First,NA,1,18,Always (or almost always) English,3,R/W,R/W,R,R/W,R/W,R/W,R/W,R/W,R/W,R/W,R/W,R/W,N,N,N,R/W,R/W,R/W,R/W,R/W,R/W,N,R/W,R/W,R/W,R,R/W,R/W,R,R,R/W,R/W,R/W,R/W,N,R,R/W,R/W,R/W,R/W,R/W,R/W,R,R/W,R/W,R,R/W,R/W,R/W,N,N,R,R/W,R/W,R/W,N,R/W,R/W,R/W,R/W,R/W,R/W,R,R/W,R,R,R/W,R,R/W,R,N,R,N,R/W,N,R/W,R/W,R/W,R/W,R/W,R/W,R/W,R/W,R/W,R,R/W,R/W,R/W,R/W,N,R/W,R/W,R/W,R/W,R/W,R/W,N,R/W,R/W,R/W,R/W,R/W,R/W,R/W,N,R,R/W,R,R/W,R/W,R,R/W,R/W,R/W,R/W,R/W,N,R,N,R,N,R,N,R/W,R/W,R/W,N,R/W,R,R/W,R/W,N,R,R,N,R,R,N,N,R,R,R,R,R,R/W,R/W,R/W,R/W,R,R/W,R/W,R,R,R/W,N,N,N,R/W,R/W,R/W,R/W,N,R,R,N,R,R/W,R,R,R/W,R/W,R/W,R/W,R/W,R,N,N,R/W,R,R/W,N,R/W,R,R/W,R/W,N,N,R,R,R,R/W,R/W,R/W,N,N,R/W,R,R,N,N,N,N,N,N,R/W,R,N,N,N,R,N,R,R/W,N,R,R,N,N,R/W,R/W,R/W,N,N,R/W,R,R/W,R/W,R/W,R/W,R/W,R,R/W,N,R/W,N,N,N,R/W,R/W,N,N,N,R/W,R/W,R/W,R/W,R/W,N,R/W,R/W,R,R/W,R/W,R,R/W,R/W,R/W,R,R/W,R/W,R/W,R,R/W,R/W,R/W,R/W,R/W,R,N,R,R/W,R,R,R/W,R,R/W,R/W,R/W,R/W,R/W,R,R/W,R/W,R,R/W,R/W,R/W,R/W,R,R,R/W,R/W,R/W,R,R/W,R/W,R/W,R,R,R/W,R/W,N,R,R,N,R,R/W,R/W,R/W,R/W,R/W,R,R,R/W,R/W,N,R/W,R/W,R,N,R,R,R,N,R,R,R,N,R,R,N,N,R,R,R/W,R,R/W,R/W,R/W,R/W,R/W,R,R/W,R/W,R/W,R,R,R/W,R,R/W,R/W,R/W,R,R,R,R/W,R,R/W,N,R/W,R/W,R/W,R,R/W,R/W,N,N,R/W,R/W,N,R,R,R/W,R/W,R,R,R,R,R,R/W,R,R,R,R/W,R,R/W,R,R,N,N,N,R/W,N,N,R/W,R/W,R/W,R/W,R,R/W,R/W,R/W,R,R,R/W,R/W,R/W,R,R,R/W,N,N,N,N,N,N,N,N,R_BS0Xpb3mjk6gVPj,R_BS0Xpb3mjk6gVPj,914,30.46666667,2020,gb
R_2ciltkGE1GccyQT,Male,University degree or equivalent,University degree or equivalent,80,18,2,NA,Polish;80;,English;18;,Other;2;,80,18,2,NA,Polish,NA,10,9,3,german,I regularly speak a mix of Polish/ English / other languages to my child,Polish,NA,10,4,NA,NA,I always (or almost always) speak Polish to my child,First,NA,1,NA,NA,4,R/W,R,R,R/W,R/W,R/W,R/W,R/W,R/W,R/W,R/W,R/W,N,N,N,R,R,R,R,R,R,R,R,R,N,R,R,R,R,R,R,R,R,R,R,R,R,R,R,R,R,N,R,R,N,R,R,R,R,R,R,R,R,R,R,R,R,R,R,R,R,N,R,R,R,R,R,R,R,N,N,N,R,R,R,R,R,R,N,R,N,R,R,R,R,R,R,R,R,R,R,R,R,R,R,R,R,R,R,R,R,R,R,R,R,R,N,R,R,R,R,R,R,R,R,R,N,R,N,R,N,R,R,R,R,R,N,R,R,R,R,R,R,N,R,R,R,R,R,R,R,R,R,N,R,R,R,R,N,R,R,N,R,R,N,R,R,N,R,R,R,N,R,R,R,R,R,R,R,R,R,R,R,R,R,R,R,R,N,R,N,N,R,R,R,R,N,N,R,N,R,N,R,R,N,R,N,R,N,N,R,R,N,R,N,R,N,R,R,R,R,R,R,R,R,N,R,R,R,R,R,R,R,R,N,N,R,R,R,R,N,N,R,R,N,N,N,R,R,N,N,N,R,N,R,R,R,R,R,R,R,R,R,R,R,R,R,R,R,R,R,R,R,R,N,R,R,N,N,R,R,N,R,R,R,R,R,R,R,R,R,R,R,R,N,R,R,R,R,R,R,R,R,R,R,R,R,R,R,N,N,N,R,N,N,N,N,R,R,N,R,N,R,R,R,R,R,R,R,R,N,R,N,R,R,R,R,N,N,N,R,R,N,N,R,R,N,R,N,R,N,N,R,R,R,R,N,N,R,N,R,R,R,R,R,N,N,N,R,R,R,R,N,N,R,R,N,N,R,N,R,N,N,R,R,R,R,R,R,N,R,N,N,N,N,N,R,R,R,R,R,R,R,N,N,R,R,R,R,N,R,R,R,R,R,R,R,N,N,R,N,N,R,N,N,N,N,R,BL01UK01PL013,UKPL013,546,18.2,2020,gb
R_3kNDRA6CMNQgwc2,Female,University degree or equivalent,University degree or equivalent,70,20,10,Greek,Polish;70;,English;20;,Greek;10;,100,0,0,NA,Polish,NA,10,8,NA,NA,I always (or almost always) speak Polish to my child,English,NA,0,10,10,Greek,I regularly speak a mix of Polish / English / other languages to my child,First,NA,1,NA,NA,0,R,R,R/W,R/W,R,R,R,R/W,R/W,R/W,R/W,R/W,N,N,N,R,R,R,R,R,R/W,R,R,R,R,R,R,R,R,R,R,R,R,N,R,R,R,R,R,R,R,R,R,R,R,R,R,R,N,N,N,N,N,N,N,R,R,R,R,R,R,R,R,R,N,R,R/W,R,R,N,N,N,R,N,R,R,R,R,R,R,R,R,R,R,R,R,R,N,R,R,R,R,N,N,R,R,R,R,N,N,R,R,R,R,R,R,R,R,R,R,R,R,R,R,R,R,N,R,R,R,N,R,R,R,R,R,R,R,R,R,R,R,N,R,N,R,R,R,N,R,R,R,R/W,R,R,R,N,R,R,R,R,R,R,R,R,R,R,N,R,R,R,R,R,N,R,R,R,N,R,R,R,R,R,R,R,N,R,R,N,R,N,N,R,R,R,R,R,R,N,R,R,R,R,R,N,R,R,R,R,R,R,N,R,R,N,R,R,R,N,R,R,R,N,R,R,R,R,R,R,R,R,R,R,R,N,R,R,R,R,R/W,R,R,R,R/W,N,N,N,R,R,N,N,N,R,N,R,R,R,R,R/W,R,R,R,R/W,R,R,R/W,R/W,R/W,R,R/W,R,R,R,R,N,R,R,R,R,R,R/W,R,R,R,R,R,R/W,R/W,R,R,R,R,N,R,R,R,R,R,R,R,R,R,R,N,R,N,R,R,R,R,R,R,R,R,N,R,R,R,N,R,N,N,N,N,R,N,R,R,R,N,R,R,R,R,R,R,N,R,R,N,N,N,N,R,R,N,R,R,N,N,R,R,R,R,R,R,R,R,R,R,R,N,R,R,N,N,R,R,R,R,R,R,N,R,R,R,R,N,R,N,N,R,N,R,R,R/W,R,N,R,N,N,N,N,N,N,N,N,R,R,R,R,R,R,R,R,R,R,R,N,R,R,R,R,R,R,R,R,R,R,N,N,N,R,R,R,N,N,N,BL01UK01PL014,UKPL014,388,12.93333333,2020,gb
R_ALhTNiWCCm6gKgV,Male,University degree or equivalent,University degree or equivalent,60,40,0,NA,Polish;60;,English;40;,,60,40,0,NA,Polish,NA,10,7,NA,NA,I always (or almost always) speak Polish to my child,Bilingual Polish and English,NA,10,10,NA,NA,I always (or almost always) speak English to my child,First,NA,1,NA,NA,2,R/W,R/W,R/W,R/W,R/W,R/W,R/W,R/W,R/W,R/W,R/W,R/W,R,R/W,R/W,R/W,R/W,R,R/W,R,R/W,N,N,R/W,R/W,R/W,R/W,R/W,R/W,R,R/W,R,R/W,R/W,R,R/W,R/W,R/W,R/W,R/W,R/W,R,R/W,R/W,R/W,R,R/W,R,R/W,R/W,R/W,R,R/W,R,R,R/W,R/W,R/W,R/W,R/W,R/W,R/W,R/W,R/W,R/W,R,R/W,R/W,N,R,R/W,N,R,R/W,N,R,R/W,R/W,R,R,R/W,R/W,R/W,R/W,R,R,R/W,N,R/W,R,R,R/W,R,R,R/W,R/W,R/W,R/W,R/W,R/W,R/W,R/W,R/W,R,R,R/W,R/W,R/W,R/W,R/W,R,R/W,R/W,R/W,R/W,R/W,N,R,R,R,N,R,N,R/W,R/W,R/W,N,R,R/W,R,R,R/W,N,R,R,R/W,R,R/W,N,R,R,R,R,R,R/W,R/W,R/W,R/W,R,R/W,R,N,R,R,R,R/W,R,R/W,R/W,R/W,R/W,R/W,R/W,R/W,N,R/W,R/W,R,R/W,R/W,R/W,N,R/W,R/W,R/W,N,R/W,R,R/W,R/W,R,N,R,R/W,R/W,R,N,R/W,R/W,R/W,R/W,R,R,R/W,R/W,R/W,R/W,N,N,N,R,N,R/W,R/W,N,R/W,R,R/W,R,R/W,R/W,R/W,R/W,R/W,R/W,R/W,R,R,R/W,R/W,R,R/W,R/W,R/W,N,R,R/W,R,R/W,R/W,R,R,R,R/W,N,N,R/W,R/W,R/W,R/W,R,N,R/W,R/W,R/W,R/W,R,R,R,R,R,R/W,R,R/W,R/W,R,R/W,R,R/W,R/W,R/W,R,R/W,R/W,R,R/W,R,R/W,R/W,R/W,R/W,R,R,R/W,R/W,R/W,R/W,R/W,R/W,R/W,R,R,R/W,R,R,R/W,R/W,R/W,R,R,R/W,R/W,R/W,R/W,R,R,R/W,R,R,R,R,R,R,R,N,R,R/W,R/W,R/W,R,R,R,R,N,R/W,N,R,R,R,N,R,R,R,R,R,R,N,R,R/W,R/W,R/W,R/W,R,R,R/W,R/W,R/W,R/W,R,R/W,R/W,R,R,R/W,R,R,R,R/W,R,R/W,R/W,R/W,R,R,N,R,R,R/W,N,R/W,R/W,R/W,R/W,R/W,R,R/W,R,R/W,R/W,R/W,R,R,R/W,R,R,R,R,N,R,R,R,R,R,R,R,R,R,R,R,R,R,R/W,R,R/W,R/W,R/W,R/W,R,R,R,R,R,R/W,R,R/W,R/W,R,R,N,R/W,R,R,R,R/W,R,R,R,R/W,BL01UK01PL015,UKPL015,837,27.9,2020,gb
R_1lh4L9sd2WIi6Jj,Female,University degree or equivalent,Left school at 16 with GCSE or equivalent,30,70,0,NA,Polish;30;,English;70;,,50,50,0,NA,Polish,NA,10,8,NA,NA,I always (or almost always) speak Polish to my child,English,NA,2,10,NA,NA,I always (or almost always) speak English to my child,First,NA,1,9,Always (or almost always) English,2,R,R,R,R,R,R/W,R,R/W,R/W,R/W,N,R,R/W,N,N,R/W,R/W,R,R/W,R/W,R/W,N,R,R/W,R,R,R,R/W,N,R,R,R/W,R/W,R,R/W,R/W,R,R/W,R,R/W,R/W,R/W,R/W,R/W,R/W,R,R/W,R/W,R/W,R,R,R,R,R,R,N,R/W,R/W,R/W,R/W,R,R,R,R,R/W,R,R/W,R/W,R/W,R/W,R/W,R/W,R/W,R/W,R,R/W,R/W,R,R/W,R/W,R/W,R/W,R/W,R/W,R/W,R/W,R/W,R/W,R/W,R,R/W,R/W,R/W,R/W,R/W,R/W,N,R,R,R/W,R/W,R/W,R/W,R/W,R,R,R/W,R,R,R,N,R,R,R/W,R,R,R,R,R,R,R,R/W,R,R/W,R/W,R/W,R,R/W,R,R/W,R,R,R,R,N,R,N,N,N,R/W,R,R,R,R,R,R,R,R,R,R,R,R,R,R,R,R,R,R,R,R/W,R/W,R/W,R,R/W,N,R,R/W,R/W,R,R,R/W,N,R/W,R,R/W,N,R,R/W,N,R,R,R,R,R/W,R,N,N,R,R,R/W,R/W,R,R/W,R/W,R,R/W,R,R,N,N,R/W,N,R,R,R,R/W,R,R,R,R/W,R,R,R,R/W,R,R,R,R/W,R/W,R/W,R/W,R,R,R/W,N,R/W,R/W,R,R/W,R/W,R,R/W,R,R/W,N,N,N,R/W,R/W,N,R,N,R/W,R/W,R/W,R,R/W,R,R,R/W,R,R/W,R/W,R,R/W,R/W,R/W,R,R/W,R/W,R/W,R,R/W,R/W,R,R,R,N,R,R,R,R,R,R,R,R,R,R,R,R/W,R,R/W,R,R,R/W,R,R,R/W,R,R,R,R,R/W,R,R,R,R,R,R,R,R,R,R,R,R,R,R,R,R/W,R,R,R,R,R,R/W,R,R,R,R,R,R,R,R,N,R,R,R,R,R,R,N,R,R,R,R/W,R,R/W,R/W,R,R,R/W,N,R,R/W,R/W,R,R,R/W,R,R/W,N,R/W,R,R,R,R,N,R,R,R/W,R,R/W,R,R/W,N,R,R,R/W,R/W,R,R,R,R/W,R/W,R,R,R,N,R,R,R,R,R,R,R,R,R,R,N,N,R,R,R,R,R,R,R,R/W,N,R,R,R,R,R,R,R,R,N,R,N,N,N,R,R,R,R,R,R,R_1lh4L9sd2WIi6Jj,R_1lh4L9sd2WIi6Jj,880,29.33333333,2020,gb
R_2v9dQUw9dXD0jXU,Female,University degree or equivalent,University degree or equivalent,30,70,0,NA,Polish;30;,English;70;,,25,70,5,Ndebele ,Polish,NA,10,7,NA,NA,I regularly speak both Polish and English to my child,Other(s),Ndebele ,NA,9,10,Ndebele ,I always (or almost always) speak English to my child,First,NA,1,NA,NA,4,R,N,N,R/W,N,N,N,R/W,R/W,R/W,N,N,N,N,N,R,N,R,R,R,R,R,R,R,R,R,R,R,N,R,R,R,R,N,N,R,N,R,N,R,R,R,R,R,R,N,R,R,R,R,N,R,R,R,R,N,N,R,N,R,R,R,R,R,N,R,R,N,R,N,N,N,N,N,N,R,R,R,R,N,R,R/W,N,N,N,R,R,R,R,R,N,N,R,N,N,R,N,R,N,R,N,N,R,N,N,N,N,N,R,N,N,R,R,N,N,R,N,N,N,N,N,N,N,N,N,N,N,N,N,N,N,N,N,N,N,R,R,N,N,N,N,R,R,N,N,R,R,N,N,R,R,R,N,R,N,N,N,N,N,N,R,N,N,N,N,N,N,N,N,N,N,N,R,N,N,N,N,N,N,N,N,N,N,N,R,N,N,R,N,R,N,N,N,R,N,R,N,N,N,N,N,N,N,R,N,N,N,R,N,N,N,N,N,N,N,N,N,N,R,N,N,N,N,R/W,N,N,R/W,N,R/W,N,R,R,N,R,N,N,N,R,N,N,N,N,R/W,R,R,N,R,N,R/W,N,N,N,N,R,R,N,N,N,N,N,N,N,N,N,N,R,N,N,N,R,N,N,N,N,R,N,N,N,N,N,N,N,N,N,N,N,R,N,N,N,R,N,R,N,N,N,R,N,N,N,N,N,N,N,N,N,R,N,R,N,R,N,N,N,N,N,N,R,N,N,N,N,N,N,N,N,N,N,N,N,N,N,R,N,N,N,N,N,N,N,N,N,R/W,N,N,N,N,N,N,N,N,N,N,N,N,N,N,N,N,N,R,N,N,N,N,N,N,N,N,N,N,N,N,R,N,N,N,N,N,N,N,N,N,N,N,N,N,N,N,N,N,N,N,N,N,N,N,N,N,N,N,N,N,N,R,N,N,N,N,N,N,N,N,N,N,N,N,N,R_2v9dQUw9dXD0jXU,R_2v9dQUw9dXD0jXU,926,30.86666667,2020,gb
R_3oZzXMAWDb84IW9,Female,University degree or equivalent,University degree or equivalent,80,20,0,NA,Polish;80;,English;20;,,95,5,0,NA,Polish,NA,10,8,NA,NA,I always (or almost always) speak Polish to my child,Polish,NA,10,6,NA,NA,I always (or almost always) speak Polish to my child,Second,NA,2,NA,NA,0,R,N,N,R,N,N,N,R,R,N,N,N,N,N,N,N,N,R,R,N,N,N,N,N,N,N,N,R,N,N,N,N,R,N,N,R,N,N,N,N,R,N,R,N,N,R,N,R,N,N,N,N,R,R,N,N,R,N,N,R,R,N,R,R,N,R,R,R,N,N,N,N,N,N,N,R,N,R,N,N,N,N,R,N,N,R,R,N,N,N,N,N,N,N,R,R,R,R,N,N,R,N,R,N,N,N,R,N,R,N,N,R,N,R,N,N,N,N,N,N,N,N,N,R,R,N,N,N,R,N,N,N,N,N,N,R,N,N,N,N,N,N,R,N,R,R,N,R,N,R,R,N,N,R,N,N,N,N,N,R,R,N,R,N,N,N,R,N,R,R,N,N,N,N,N,N,R,N,N,N,N,N,N,R,R,N,N,R,N,N,N,N,N,R,N,R,N,N,N,N,N,N,N,N,N,R,N,N,N,N,N,N,R,N,N,N,N,N,R,N,N,N,N,R,R,N,N,N,N,R,R,N,R,R,N,N,R,N,N,N,N,N,R,N,R,R,R,R,N,N,N,N,N,R,N,N,R/W,R,R,R/W,N,N,N,R,N,R,R,N,N,N,R,N,N,N,R,N,R,R,N,R,R,N,N,R,N,N,N,R,N,N,N,R,R,N,R,N,R,N,N,R,N,N,N,N,N,N,R,N,N,N,N,N,R,N,N,N,N,R,R,N,N,N,N,N,N,R,N,N,N,R,N,N,N,N,N,N,R,N,N,R,N,N,R,N,N,N,N,N,N,R,R,N,R,N,N,R,N,R,N,R,R,R,N,N,N,N,N,N,N,N,N,N,N,N,N,R,N,N,N,N,N,N,N,R,N,N,N,R,N,N,N,R,N,N,N,R,N,R,N,N,N,N,N,N,N,N,N,N,N,R,N,N,R,R,R,N,R,N,BL01UK01PL016,UKPL016,396,13.2,2020,gb
R_dgLnAwoaYJb7XzP,Male,University degree or equivalent,Left school at 16 with GCSE or equivalent,40,60,0,NA,Polish;40;,English;60;,,50,50,0,NA,Polish,NA,10,9,3,Russian,I always (or almost always) speak Polish to my child,English,NA,0,10,NA,NA,I always (or almost always) speak English to my child,First,NA,1,NA,NA,2,R,R/W,N,R/W,R/W,R/W,R/W,R/W,R,R/W,R/W,R/W,R,N,N,R,R,R/W,R,R,R/W,N,R,R,R,R,R,R,R,R,R,R/W,R,R,R,R,R/W,R,R,R,R,R,R,R,R,R,R,R/W,R/W,R/W,R,R,R/W,R/W,R/W,R,R/W,R/W,R/W,R,R/W,R/W,R/W,R,R,R,R,R,R,N,N,R,R,N,R,R,R,R/W,R,R,R,R,R,R,R,R,R/W,R,N,N,R/W,R,R,R,R,R,N,R,R,N,R/W,R,R/W,R,N,R,N,N,R,N,N,R,R,R,R,R/W,N,N,R,N,N,R,N,R/W,R,R,N,R,N,R,N,R,R,N,R/W,R,N,N,N,R,N,R,R,R,R,R,R,R,R,R,R,R,N,R,N,R,N,R,R,R,R,R,R,R,R,R,R,R,R,R,R,R,R/W,N,R,N,R,R,N,R,R,N,N,R,R,N,N,N,N,R,R/W,R/W,R,R,R,R,N,N,N,N,R,N,N,R,N,R,N,N,N,N,N,R,N,R,R,N,N,R,R/W,R,N,R/W,N,R/W,N,R,R/W,N,R/W,R/W,R,R,R,R/W,N,N,N,R/W,R/W,R,N,N,R,N,R/W,R,R,R,R,R,R,N,N,R,R,N,R/W,R,R,R/W,R,N,R,R,R,R,N,N,N,R,R,R,N,R,R,R/W,R/W,R,R,R/W,R,R,N,R,R,N,R,R,R,R,R,R,R,R,R,R,R,R,R,R,R,N,R,N,N,R,R,R,R,N,R,R,R,R,R/W,N,R,R,N,N,N,R,R,N,R,R,N,R,R,N,N,R,N,R,R,N,N,R,N,N,R,R,R,N,R,N,R,R,N,R/W,R,N,R,N,N,R,N,N,N,R,R,R,N,R,N,R,R,N,R,R,R,R,R,R,N,R,N,N,R,R,N,N,N,R,N,N,N,R,N,N,N,N,N,N,N,N,N,N,N,N,R,R,R,N,N,N,R,R,N,N,N,N,N,N,R,N,N,N,BL01UK01PL017,UKPL017,796,26.53333333,2020,gb
R_1Dp4GAgfLggAYoW,Male,University degree or equivalent,Left school at 18 with A-Levels or equivalent,80,20,0,NA,Polish;80;,English;20;,,90,10,0,NA,Polish,NA,10,8,NA,NA,I always (or almost always) speak Polish to my child,Polish,NA,10,9,NA,NA,I always (or almost always) speak Polish to my child,Third,NA,3,NA,NA,2,R/W,R/W,R/W,R/W,R/W,R/W,R/W,R/W,R/W,R/W,R/W,R/W,R/W,N,N,R,R,R/W,R,R,R/W,R,R,R,R,R,R/W,R,R,R,R,R/W,R/W,R,R,R,R,R,R/W,R,N,R,R,R,R,N,R,R,R,R,R,R,R,R,R/W,R/W,R,R,R,R,R,N,R,R,R,R,R/W,R,R,R,R,R,R,R,N,R,R,R/W,R,R,R,R,R,R,R,R,R,R/W,R/W,R,R,R,R/W,R,R,R,R,R,R,N,R,R,R,R,N,N,R,R/W,R,N,N,R,R,R,N,R/W,N,N,N,N,N,R,N,R,R,R,N,R,R,R,N,R,R,N,N,R/W,N,N,N,R,R,R,R,R,R/W,R,R/W,R/W,R,R,R,R,R,R,R/W,R/W,N,N,R,R/W,R,N,N,N,N,R,R,N,N,R,R,R,R,R,N,N,N,R,R,R/W,N,R,N,R,R,R,N,R,R,R,R,R,R,R/W,R,R,N,R,N,N,R,N,N,R,N,R,N,N,N,R,R,R,N,R,R,R,R/W,R,R,R,R,R,R,R/W,R,R,N,R,R/W,R/W,R/W,R,R,R/W,R,N,N,R,R,R,N,R,R/W,R,R/W,R,R/W,R,R/W,R/W,R,R/W,R/W,R,R,R,R/W,R/W,R,R/W,R,R,R,R/W,N,R,R,N,R,R,R,R,N,R,N,R,N,R/W,R,R,R,N,R,R,N,N,R,R,N,R,N,R,R,N,R/W,N,R,R,R,N,N,N,N,N,R,N,N,N,R,R/W,R,R,R,R/W,R/W,N,N,R/W,R,N,R,R,R,R,R,R,R,R,R,R/W,R,R/W,R,N,R,N,R/W,R,R,N,R,N,N,N,R,R,R,R,N,R,R/W,N,R,R,N,R,N,R,R,R,R,R,N,R,R/W,R,N,N,R,N,R,R,N,R,R,N,N,N,N,R,N,N,N,R,N,R,N,R/W,R,R,R,R/W,N,N,R,R/W,R/W,R/W,N,N,N,N,N,N,N,N,N,N,N,N,N,N,R/W,N,N,N,N,N,BL01UK01PL018,UKPL018,841,28.03333333,2020,gb
R_3dLlgOcWbEhrWP1,Female,University degree or equivalent,University degree or equivalent,70,25,5,Spanish ,Polish;70;,English;25;,Spanish;5;,80,17,3,Spanish ,Polish,NA,10,8,7,Spanish ,I always (or almost always) speak Polish to my child,Polish,NA,10,7,5,German ,I always (or almost always) speak Polish to my child,First,NA,1,30,A regular mix of Polish / English / other languages,1,R/W,R/W,R/W,R/W,R/W,R/W,R/W,R/W,R/W,R/W,R/W,R/W,R/W,R/W,R,R/W,R/W,R/W,R/W,R/W,N,N,R/W,R/W,R/W,R/W,R/W,R/W,R/W,R/W,R/W,R/W,R/W,R/W,R/W,R/W,R/W,R/W,R/W,R/W,R/W,R/W,R/W,R/W,R/W,R/W,R/W,R/W,R/W,R/W,R/W,R/W,R/W,R/W,R/W,R/W,R/W,R/W,R/W,R/W,R/W,R/W,R/W,R/W,R/W,R/W,R/W,R/W,R/W,R/W,R/W,R/W,R/W,R/W,R/W,R/W,R/W,R/W,R/W,R/W,R/W,R/W,R/W,R/W,R/W,R/W,R/W,R/W,R/W,R/W,R/W,R/W,R/W,R/W,R/W,R/W,R/W,R/W,R/W,R/W,R/W,R/W,R/W,R/W,R/W,R/W,R/W,R/W,R/W,R/W,R/W,R/W,R/W,R/W,R/W,R/W,R/W,R/W,R/W,R/W,R/W,R/W,R/W,R/W,R/W,R/W,R/W,R/W,R/W,R/W,R/W,R/W,R/W,N,R/W,R/W,R/W,R/W,R/W,R/W,R/W,R/W,R/W,R/W,R/W,R/W,R/W,R/W,R/W,R/W,R/W,R/W,R/W,R/W,R/W,R/W,R/W,R/W,R/W,R/W,R/W,R/W,R/W,R/W,R/W,R/W,R/W,R/W,R/W,R/W,R/W,R/W,R/W,R/W,R/W,R/W,R/W,R/W,R/W,R/W,R/W,R/W,R/W,R/W,R,R,R,R/W,R/W,R/W,R/W,R/W,R/W,R/W,R/W,R/W,N,R/W,R/W,R,R/W,N,R/W,R/W,R/W,R/W,R/W,R/W,R/W,R/W,R/W,R/W,R/W,R/W,R/W,R/W,R/W,R/W,R/W,R/W,R/W,R,R/W,R/W,R/W,R/W,R/W,R/W,R/W,R/W,R/W,R/W,R/W,R/W,R/W,R/W,R/W,R/W,R/W,R/W,R/W,R/W,R/W,R/W,R/W,R/W,R/W,R/W,R,R/W,R/W,R/W,R/W,R/W,R/W,R/W,R/W,R/W,R/W,R/W,R/W,R/W,R/W,R/W,R/W,R/W,R/W,R/W,R/W,R/W,R/W,R/W,R/W,R/W,R/W,R/W,R/W,R/W,R/W,R/W,R/W,R/W,R/W,R/W,R/W,R/W,R/W,R/W,R/W,R/W,R/W,R/W,R/W,R/W,R/W,R/W,R/W,R/W,R/W,R/W,R/W,R/W,R/W,R/W,R/W,R/W,R/W,R/W,R/W,R/W,R/W,R/W,R/W,R/W,R/W,R,R/W,R/W,R/W,R,R/W,R/W,R/W,R/W,R/W,R/W,R/W,R/W,R/W,R/W,R/W,R/W,R/W,R/W,R,R/W,R/W,R/W,R/W,R/W,R/W,R/W,R/W,R/W,R/W,R/W,R/W,R/W,R/W,R/W,R/W,R/W,R/W,R/W,R/W,R/W,R/W,R/W,R/W,R/W,R/W,R/W,R,R/W,R/W,R,R/W,R/W,R/W,R/W,R/W,R/W,R/W,R/W,R/W,R/W,R/W,R/W,R/W,R/W,N,R,N,R/W,R,R/W,R/W,R/W,R,R,R/W,R/W,R/W,N,N,R/W,R/W,R/W,N,R/W,R,R/W,R/W,R/W,N,N,R/W,R/W,R/W,R/W,N,N,R/W,N,N,R/W,N,N,R_3dLlgOcWbEhrWP1,R_3dLlgOcWbEhrWP1,971,32.36666667,2020,gb
R_1F5Ob04OZfTV4WE,Female,University degree or equivalent,Left school at 16 with GCSE or equivalent,80,20,0,NA,Polish;80;,English;20;,,80,20,0,NA,Polish,NA,10,9,NA,NA,I always (or almost always) speak Polish to my child,Polish,NA,10,9,NA,NA,I always (or almost always) speak Polish to my child,First,NA,1,21,Always (or almost always) English,1,R/W,R/W,N,R/W,R,R/W,R/W,R/W,R/W,R/W,R/W,R,N,N,N,R/W,R/W,R/W,R/W,R,R/W,R,N,N,R,R,R,R,N,N,N,N,N,N,N,N,N,N,N,N,N,N,N,N,N,N,N,R/W,R/W,R,R,R/W,R,R,R,R,R/W,R/W,R,R/W,R/W,R/W,R/W,R,R,R,R/W,R,R/W,R/W,R,R,R,R,R,R/W,R/W,R/W,R/W,R/W,R/W,R/W,R,R,R,R/W,R/W,R/W,R,R/W,R/W,R,R/W,R,R/W,R,R,R/W,N,R,R,R/W,R/W,R,R,N,N,R,R/W,R/W,R,R/W,R/W,R/W,R/W,R/W,R/W,R,R,N,N,R/W,R,R,R,R,R,R,R,R,R,R,N,N,N,R,R,N,N,R,N,R,R,R,R,R,R,R,R,R,R,R,N,R,R,R,R,R/W,R,R/W,R/W,R,R,R,R,R,R,N,R/W,N,R/W,N,R/W,N,R/W,N,N,R,R,R,N,N,N,R/W,R,N,N,N,R,R/W,R/W,R/W,R,R/W,R,R,R,R,R,R,R,N,N,R/W,R/W,R,R,R,R/W,R/W,R/W,R/W,R/W,N,R,R,N,R,R/W,R,R/W,R,R,R,N,R,R/W,R/W,R,R/W,R,R,R,R/W,N,R,R,R/W,R/W,R/W,R,R,N,R/W,R/W,R/W,R/W,R,R/W,R/W,R,R/W,R,R/W,R,R/W,R/W,R/W,R,R/W,R/W,R,R,R/W,N,R,R,R,R,R,R,R,R,R,R,R,R/W,R,R,R/W,R,R/W,R,R/W,R/W,R/W,R,R/W,R,R/W,R/W,N,R/W,R,R/W,R,R/W,R,R,R,R,R,R,N,N,R,R,R,R,R/W,R,R,N,R/W,R/W,R,R/W,R/W,R,R,R,R,N,R,R,R,R,R,R,R,N,R,R,R,R/W,R,R/W,R/W,N,N,R,N,R,R/W,R,R,R,N,N,R/W,R/W,N,R,N,N,R,R,R/W,R/W,N,R/W,R/W,N,R/W,R,N,N,N,R/W,N,N,N,N,R/W,R,R,N,N,R,N,N,N,N,R,N,N,N,R,N,N,R,R/W,N,R,R/W,N,R/W,R/W,R,R,R,R/W,R,R,R/W,R,R,R,R,N,N,N,R/W,R,N,N,N,N,R_1F5Ob04OZfTV4WE,R_1F5Ob04OZfTV4WE,935,31.16666667,2020,gb
R_2ankE7UPXF7QWGu,Male,University degree or equivalent,University degree or equivalent,5,95,0,NA,Polish;5;,English;95;,,30,70,0,NA,Polish,NA,10,8,NA,NA,I regularly speak both Polish and English to my child,English,NA,2,10,NA,NA,I always (or almost always) speak English to my child,First,NA,1,12,Always (or almost always) English,2,R,R,R,R,R,R,R,R,R,R,R,R,R,R,N,R,R/W,R,R,N,R,N,N,R/W,R/W,R,R,R,N,R,R,R/W,R,R,R,R,N,R/W,R,R,N,R,R,R/W,R,R,R/W,R,R,R,N,N,R,N,R,R,N,R,N,R,R,N,R,N,N,R/W,R,R/W,N,N,N,N,N,N,N,R/W,R/W,R,R,N,R,R,R/W,N,N,R/W,R,R,N,R/W,N,N,R,R,R/W,R,N,R,R,R,R,R,R,R,N,R,N,N,R,R,R,R,N,R,R,R,R,N,N,N,N,N,N,R,R,R,N,R,N,R,N,N,N,N,N,R/W,N,N,N,R,R,R,R,R,N,R,R,R,R,R,R,N,N,R,N,R,N,N,R,R/W,R,R,R,R,N,R,R,N,N,R,R,R,R,N,R,N,N,R/W,N,R,N,R,N,R/W,R,N,N,N,R,R/W,R,R,R,R,N,R,N,R,N,N,R,N,N,R,N,R,N,R/W,N,R,N,R,N,N,R,R,N,R,R,N,R,N,N,R/W,N,R,R/W,R,R/W,R,R,N,N,R/W,N,N,N,R/W,R/W,R,N,R,R/W,R,R/W,N,N,R,N,N,N,R,N,R,R,N,R,N,R,R/W,R,N,N,R,N,R,R,R/W,R,R,R,N,R,R,N,R/W,R,R,R,R,N,R,N,N,N,N,R,N,R,N,R,R,R,N,R,N,N,N,R,R,R,N,N,N,N,R,R,R,N,N,R,N,N,N,R,N,N,N,R,N,N,N,N,N,N,R,R,N,R,N,N,N,N,R,R/W,R,R,R,N,R/W,R,R,R,R,R,R,R,R,N,R/W,R,R/W,N,N,N,R,N,N,N,R,N,N,N,N,N,N,N,N,N,N,N,N,N,R,N,R,N,N,R,N,R,N,R,N,N,N,R,R,N,N,R,R,N,R/W,R,R,R,R,N,N,R,R,N,N,R/W,R/W,R,N,N,R,N,N,N,N,N,R,N,R,R_2ankE7UPXF7QWGu,R_2ankE7UPXF7QWGu,1067,35.56666667,2020,gb
R_UKD2sy2wCSvdKyR,Male,University degree or equivalent,Left school at 18 with A-Levels or equivalent,80,15,5,"spanish, hindi, romanian, other slavonic languages",Polish;80;,English;15;,Other;5;,90,10,0,NA,Polish,NA,10,8,5,spanish,I always (or almost always) speak Polish to my child,Polish,NA,10,8,NA,NA,I always (or almost always) speak Polish to my child,Second,NA,2,NA,NA,3,R/W,R/W,R/W,N,R/W,R/W,R/W,R/W,R/W,R/W,R/W,N,R/W,R/W,R/W,R/W,R/W,R/W,R/W,R/W,R/W,R,R/W,R/W,R/W,R/W,R/W,R/W,R/W,R/W,R/W,R/W,R/W,R/W,R/W,R/W,R/W,R/W,R/W,R/W,R/W,R/W,R/W,R/W,R/W,R/W,R/W,R/W,R/W,N,R/W,R,R/W,R/W,R/W,R/W,R/W,R/W,R/W,R/W,R/W,R/W,R/W,R,R/W,R/W,R/W,R/W,R/W,R/W,R/W,R,R,R/W,R,R/W,R/W,R/W,R/W,R/W,R/W,R/W,R,N,R,R/W,R/W,R/W,R/W,R,R/W,R/W,R/W,R/W,N,R/W,R,R/W,R/W,R,R/W,R/W,R/W,R/W,R,R/W,R/W,R,R/W,R/W,R/W,N,R/W,R/W,R/W,R/W,R,R/W,N,R/W,N,R/W,R,R/W,R/W,R/W,R,N,R,R/W,R,R/W,R,N,N,R/W,R,N,N,R/W,R,R,R/W,R,R/W,R/W,R,R/W,R,R/W,R/W,R,R,N,R,R,N,R,R/W,R/W,R/W,R/W,R/W,R/W,R,R/W,R/W,R/W,R/W,R/W,R/W,N,R/W,R/W,R/W,R,R/W,R/W,N,R/W,R/W,R/W,R/W,R/W,R/W,R,R,R/W,R/W,R/W,R/W,R/W,R/W,R/W,R,R/W,N,R/W,R/W,N,R/W,N,R,R/W,R/W,R/W,R,R/W,R,R/W,R/W,R/W,R,R/W,R/W,R/W,R/W,R/W,R/W,R/W,R/W,R,R/W,R/W,R/W,R/W,R/W,R/W,R/W,R/W,R/W,R/W,R/W,R/W,R/W,N,R,R/W,R/W,R,R/W,R/W,R/W,R/W,R,R/W,R/W,R/W,R/W,R/W,R/W,R/W,R/W,R/W,R/W,N,R/W,R/W,R/W,R/W,R/W,R/W,R/W,R/W,R,R/W,R/W,R/W,R/W,R/W,R/W,R,R/W,R/W,R,R/W,R,R/W,R/W,R/W,R/W,R/W,R/W,R,R/W,R/W,R/W,R/W,R/W,R/W,R/W,R/W,R/W,R/W,R/W,R/W,R/W,R/W,R/W,R/W,R/W,R/W,R/W,R/W,R,R/W,R/W,R/W,R/W,R/W,R/W,R/W,N,R/W,N,R/W,N,R/W,R/W,R,N,R/W,R/W,R,R/W,R/W,R,R/W,N,R,R,R/W,R/W,R/W,R/W,R/W,R/W,R/W,N,R/W,R/W,R,R/W,R/W,R/W,R/W,R/W,R/W,R/W,R/W,R/W,R/W,R/W,R,R,R/W,R,R/W,N,R/W,R/W,R/W,R/W,R/W,R/W,R/W,R/W,R/W,R/W,R/W,R/W,R/W,R/W,R/W,R/W,R/W,N,R,R/W,R/W,R,R,R/W,R/W,R/W,R,R/W,R/W,R/W,R/W,R/W,N,R/W,R,N,R/W,R/W,R/W,R/W,R/W,R/W,R/W,R/W,R/W,R/W,R/W,R/W,R,R/W,R/W,R/W,R/W,R/W,R/W,R/W,R/W,R/W,R/W,R_UKD2sy2wCSvdKyR,R_UKD2sy2wCSvdKyR,1029,34.3,2020,gb
R_2EzzYBxU7M76XW5,Male,University degree or equivalent,Left school at 18 with A-Levels or equivalent,70,30,0,NA,Polish;70;,English;30;,,90,10,0,NA,Polish,NA,10,6,NA,NA,I always (or almost always) speak Polish to my child,Polish,NA,10,6,NA,NA,I always (or almost always) speak Polish to my child,First,NA,1,NA,NA,NA,R/W,R/W,R/W,N,N,N,R/W,N,R/W,R/W,R/W,N,R,N,N,N,N,R,R,N,R,N,N,R,R,N,N,N,N,N,N,N,R,N,R,R,N,N,N,N,R,R,N,N,N,N,N,R,R,R,R,R,R,R,R,R,R,R,N,R,R,N,N,R,R,N,R,R,N,N,N,N,N,N,N,N,N,R,N,N,N,N,R,N,N,R,R,N,R,N,N,R,N,N,R,N,N,N,N,N,N,R,R,N,N,N,R,N,N,R,N,R,N,R,R,R,N,N,N,N,N,R,N,N,R,N,N,R,N,R,N,N,N,N,R,R,N,N,N,R,R,R,R,R,R,R,N,R,N,R,R,N,R,R,R,R,N,N,R,R,R,N,R,R,N,N,R,N,R,R,N,N,R,N,N,N,N,N,N,N,N,N,N,R,R,N,N,N,N,R,R,R,R,R,N,R,N,N,N,N,N,N,N,R,N,R,N,R,N,N,N,N,R,R,R,N,N,R,R,N,R,R,N,N,N,R,N,N,N,R,R,R,N,R/W,N,N,N,R,R,N,N,N,R/W,N,R,R,N,N,R,N,N,N,N,R,N,R,R,R,N,R/W,R,N,N,N,N,R,N,N,R,N,N,N,N,R,N,N,R,R,R,R,N,N,N,R,N,N,N,R,N,N,R,R,R,R,N,N,R,N,N,R,R,N,N,N,N,R,R,N,N,N,R,N,N,N,R,N,R,R,R,N,N,R,N,N,N,N,N,N,N,R,N,N,N,N,R,N,N,R,N,N,R,N,R,R,R,R,N,R,R,R,R,N,R,R,N,R,N,N,N,N,R,R,N,N,N,R,R,N,R,N,N,N,N,N,N,N,N,N,N,R,R,N,R,R,R,R,R,R,R,R,R,R,R,R,R,R,R,R,N,N,N,R,N,N,R,N,N,N,N,N,N,N,R,N,R,N,N,N,BL01UK01PL019,UKPL019,495,16.5,2020,gb
R_6Suv8bDeDLWqmyJ,Female,University degree or equivalent,Left school at 18 with A-Levels or equivalent,25,75,0,NA,Polish;25;,English;75;,,50,50,0,NA,Polish,NA,10,8,NA,NA,I regularly speak both Polish and English to my child,Polish,NA,10,8,NA,NA,I regularly speak both Polish and English to my child,Second,NA,2,12,Always (or almost always) English,NA,R/W,R/W,R/W,R/W,N,N,N,R/W,R/W,N,N,N,N,N,N,N,R,R/W,R/W,R,R,R,R,R,R,R,R,R,N,N,N,R,R/W,R,R,R/W,N,R/W,N,N,R/W,N,N,R/W,N,N,N,R/W,R/W,R/W,N,R/W,R/W,R/W,R,R,R,R,R,R/W,R/W,R/W,R/W,R/W,N,R,R/W,R/W,R/W,R/W,N,N,N,R/W,N,R/W,R,R/W,R/W,R/W,R/W,R/W,R/W,R/W,R/W,R/W,R/W,R/W,R,R/W,N,R/W,R/W,R/W,R/W,R/W,R/W,R/W,R,R/W,R/W,R/W,R/W,R,N,N,R,R,R/W,R/W,R,R/W,R,R/W,N,R/W,N,N,N,R/W,N,R/W,N,R/W,R/W,R/W,N,R/W,R,R/W,R,R/W,N,N,N,R,R,R,N,N,R,R/W,R/W,R,R/W,R/W,R/W,R,R,R/W,R/W,R/W,N,R/W,R,R,N,R/W,R/W,R/W,R/W,R/W,R/W,R/W,N,N,R/W,R/W,R/W,R/W,R/W,N,R/W,N,R/W,N,R,R/W,R,R/W,R,R,N,R/W,R,N,N,R,R,R,R/W,N,R,R,N,R,N,R,N,N,R,N,N,N,R,R,N,R,N,N,N,R/W,R/W,N,R,R,R,R,R/W,R,R,N,N,R/W,N,R/W,R/W,R/W,R/W,R/W,R/W,R/W,R,R/W,N,R/W,N,R,R,N,R/W,R/W,R/W,R/W,R/W,R,R,N,R,R,R,R,R,R,R,N,R/W,R,R/W,R/W,R,N,R/W,R/W,N,R/W,R,N,N,R/W,R/W,N,N,R/W,N,N,N,R/W,R/W,R/W,R,R/W,R/W,R/W,R/W,N,R,R,R,R,R,R/W,R/W,R,R,N,R,R,R,R,R,N,N,N,N,R,R,R,R,R,R/W,R,R,N,R/W,R,R/W,R/W,R/W,N,R/W,R/W,R,N,R,N,N,R,R,N,N,N,R,R,R,R,R,R,R/W,N,R,N,R/W,R/W,R/W,R,R,R,N,R,N,N,R,N,N,R,R,R,N,R,R,N,N,N,N,R/W,R,N,R/W,N,N,R,N,R,N,N,N,N,R,R,R,N,R,N,R,R,R,R,R,R,N,R,N,N,N,N,N,N,N,N,N,N,N,N,N,N,N,N,N,R,N,R,R,N,R,R,N,R/W,R_6Suv8bDeDLWqmyJ,R_6Suv8bDeDLWqmyJ,913,30.43333333,2020,gb
R_2TS0yuF3ABfawdy,Male,University degree or equivalent,University degree or equivalent,50,50,0,NA,Polish;50;,English;50;,,75,25,0,NA,Polish,NA,10,8,NA,NA,I regularly speak both Polish and English to my child,Polish,NA,10,9,NA,NA,I regularly speak both Polish and English to my child,Fourth,NA,4,20,Always (or almost always) English,2,R/W,R/W,N,R/W,N,R/W,R/W,R/W,R/W,R/W,R/W,R/W,N,N,N,R/W,R/W,R/W,R/W,R,R,N,R,R/W,N,R/W,R/W,N,N,N,N,N,R/W,R/W,N,R,R,N,R,R,R,R/W,R/W,R/W,R/W,N,R,R/W,R/W,N,N,R,R,R/W,R/W,N,R/W,R/W,R,R,R,R,R,R,N,N,R/W,R/W,R,N,R,N,N,N,N,R/W,R/W,R/W,R/W,N,R/W,R/W,R,R,N,R/W,R/W,R/W,R/W,R,N,N,R/W,R/W,R/W,R/W,R,R/W,R/W,N,R/W,R/W,R/W,R/W,R,R/W,R/W,R,R/W,N,N,R/W,R,R/W,R/W,R,N,R,N,N,N,R/W,N,N,R/W,R/W,N,R/W,N,R/W,N,N,R,N,N,R/W,R,N,N,R,N,R,R,R,R,R,R/W,R/W,N,R,R/W,N,R,R,R,R/W,N,R,R/W,R/W,R/W,R,R,R,N,R,R,N,R,N,R,N,N,N,N,N,N,N,N,R/W,N,N,N,R/W,R/W,N,N,N,R,R,R,N,R/W,R/W,N,R/W,N,R/W,N,N,N,N,N,N,N,R/W,N,R,N,R,N,R/W,N,R/W,R,N,N,R/W,R/W,R/W,R,R,N,R/W,R/W,R/W,R,N,R/W,R,R,R,R,R/W,N,N,N,N,N,N,R/W,R/W,R/W,N,R/W,R/W,R/W,R,R/W,N,R,R/W,R,R,R,N,R/W,R,R,R/W,R/W,R,R/W,R/W,N,R/W,R/W,N,N,R/W,R/W,R,N,N,N,N,R/W,R/W,N,R/W,N,R/W,R/W,N,R/W,N,N,R/W,N,R/W,R/W,R/W,R/W,N,R,R,R,R,R,R,R,N,N,N,N,N,R/W,N,R,R,R/W,N,N,N,R/W,N,N,N,R/W,N,N,N,R/W,N,N,N,N,N,N,N,N,N,N,N,R/W,N,N,N,R,N,N,N,R/W,R/W,R,R/W,R/W,R/W,R,R/W,R/W,N,N,R,N,R/W,N,N,R,R,R,R,N,N,N,R/W,N,N,R/W,N,R,R,N,R/W,R,R/W,R,N,R/W,R/W,R/W,N,N,N,N,N,R/W,R/W,R,R,R,R/W,R,R,R/W,R,R,R/W,N,R/W,R,R,N,R,R,R,R/W,N,N,N,N,N,N,N,R/W,N,N,N,R_2TS0yuF3ABfawdy,R_2TS0yuF3ABfawdy,992,33.06666667,2020,gb
R_1P6QwiFbGx1DcQa,Female,University degree or equivalent,University degree or equivalent,50,50,0,NA,Polish;50;,English;50;,,90,10,0,NA,Polish,NA,10,8,NA,NA,I always (or almost always) speak Polish to my child,Polish,NA,10,8,NA,NA,I regularly speak both Polish and English to my child,First,NA,1,9,Always (or almost always) English,7,R/W,R/W,R/W,R/W,R/W,R/W,R/W,R/W,R/W,R/W,R/W,R/W,R/W,N,R,R/W,R/W,R/W,R/W,R/W,R/W,R,R/W,R/W,R/W,R/W,R/W,R/W,R/W,R/W,R/W,R/W,R/W,R/W,R/W,R/W,R/W,R/W,R,R/W,R/W,R/W,R/W,R/W,R/W,R,R/W,R/W,R/W,R/W,R/W,R/W,R/W,R/W,R/W,R/W,R/W,R/W,R/W,R/W,R/W,R/W,R/W,R/W,R,R/W,R/W,R/W,R/W,R,R,R/W,R/W,R/W,R,R/W,R/W,R/W,R/W,R/W,R/W,R/W,R/W,R/W,R,R/W,R/W,R/W,R/W,R,R/W,R,R/W,R/W,R/W,R/W,R,R/W,R/W,R/W,R/W,R/W,R/W,R/W,R,R,R/W,R/W,R/W,R/W,R/W,R/W,R/W,R/W,R/W,R/W,R/W,R,R,R,R/W,R/W,N,R/W,R/W,R/W,R,R/W,R,R/W,R/W,R/W,R/W,R,N,R/W,R/W,N,N,R/W,R,R/W,R,R,R/W,R/W,R/W,R/W,R,R/W,R/W,R,R,R/W,N,R/W,R,R,R/W,R/W,R/W,R/W,R/W,R,N,R/W,R/W,R/W,R/W,R/W,R,R/W,R/W,R/W,R/W,R,R,R/W,R,R/W,R,N,R,R/W,R/W,N,N,R,R,R/W,R/W,R/W,R/W,R/W,N,R/W,R/W,R/W,N,R,R/W,N,R,R,N,R/W,N,R/W,N,R/W,R,R/W,R/W,R,R/W,R/W,R/W,R/W,R/W,R/W,R,N,N,R/W,N,R/W,R/W,R/W,R/W,R/W,R,R/W,R/W,R/W,R,R,R,R/W,R/W,R/W,R,N,R/W,R/W,R,R/W,R/W,R/W,R/W,R/W,R,R/W,R/W,R/W,R,R,R/W,R/W,R/W,R/W,R/W,R,R,R/W,N,R/W,R,R,R/W,R/W,R,R/W,R/W,R/W,R,R/W,R/W,R/W,R/W,R/W,R/W,R/W,R,R,R,R/W,R,R/W,R,R/W,R/W,R/W,R/W,R,R/W,R/W,R/W,R/W,R,R/W,R/W,N,R/W,R/W,N,R/W,R/W,R/W,R/W,R,R/W,R/W,R/W,R,R/W,N,R/W,R/W,R,R,R,R,R/W,N,R,R,N,R/W,R/W,R,N,R/W,R,R/W,R/W,R,R/W,R,R/W,R/W,R,R,R/W,R/W,R/W,R,R/W,R/W,R,R/W,R/W,R,R,R/W,R,R/W,R,R,N,R/W,R/W,R/W,N,R,R,R/W,R/W,R/W,R/W,R/W,R,R/W,R/W,R/W,N,R/W,N,N,R/W,R/W,N,R,N,R/W,R,R/W,R,R/W,R,R,R/W,R/W,R,R,R/W,R/W,R/W,R/W,R,R,R/W,R/W,R/W,R/W,R/W,R/W,R/W,R,R,R,N,R/W,R/W,R,R/W,R/W,N,R/W,R_1P6QwiFbGx1DcQa,R_1P6QwiFbGx1DcQa,1050,35,2020,gb
R_1M51CytqdgflZCQ,Male,University degree or equivalent,University degree or equivalent,80,20,0,NA,Polish;80;,English;20;,,95,5,0,NA,Polish,NA,10,8,NA,NA,I always (or almost always) speak Polish to my child,Polish,NA,10,7,NA,NA,I always (or almost always) speak Polish to my child,Third,NA,3,NA,NA,3,R,R/W,R,R/W,R/W,R/W,R,R/W,R/W,R/W,R/W,R/W,N,N,N,N,R,R,R,R,R,N,R,R,N,N,R,R,N,N,N,N,R,N,R,R,R,N,N,R,N,N,N,N,N,R,N,R/W,R,N,R,R,R,R,R,N,R,R,N,R,R,R,R,R,N,R,R,R,R,R,R,R,R,R,R,R,R,R,R,R,N,R,R,R,R,R,R,R,R,N,R,R,R,N,R,N,N,R,N,N,R,N,R,R,N,N,N,N,R,N,N,N,N,R,N,R,N,N,N,N,N,R,N,N,R,N,N,R,R,R,N,R,N,N,N,R,R,N,N,R,N,R,R,R,R,N,R,R,N,R,R,R,R,R,N,R,N,N,R,R,R,N,N,R,N,N,R,N,N,N,N,N,N,N,N,N,N,N,N,N,N,N,N,R,R,N,N,N,N,R,R,R,R,R,N,R,N,R,N,N,N,N,N,R,N,R,N,N,R,R,R,R,N,R,R,R,R,R,R,N,R,N,N,R,R,N,R,N,R,R,N,N,R,R/W,N,N,N,R,R,N,N,R,R,N,R,R,R,R,R,R,R,R,R,R,R,R,R,R,R,R,R,N,R,R,N,R,N,R,R,R,R,R,R,R,N,R,R,R,R,R,R,N,N,R,R,N,R,R,N,R,R,R,R,N,R,N,N,R,R,R,N,N,N,R,N,R,R,N,N,R,R,N,N,N,R,N,N,R,N,N,N,N,R,R,R,R,N,N,R,R,N,N,R,N,N,N,N,R,N,N,R,N,N,N,R,N,N,N,N,R,R,N,N,N,N,N,N,R,R,N,N,R,N,N,N,R,N,N,R,N,N,N,N,N,N,R,N,N,R,N,N,N,N,N,N,N,N,N,N,N,N,R,N,R,R,R,N,R,N,N,N,N,N,N,R,R,N,N,N,N,N,N,N,N,N,N,N,N,BL01UK01PL020,UKPL020,553,18.43333333,2020,gb
R_6Qg0cwO8XIxSnHb,Female,University degree or equivalent,Left school at 18 with A-Levels or equivalent,40,60,0,NA,Polish;40;,English;60;,,60,40,0,NA,Polish,NA,10,10,NA,NA,I always (or almost always) speak Polish to my child,English,NA,1,10,NA,NA,I always (or almost always) speak English to my child,First,NA,1,10,Always (or almost always) English,1,N,R,N,N,R/W,R,N,R/W,R/W,R,R,N,N,R,N,R/W,R,R/W,R,R/W,R/W,N,R,R,R/W,R/W,R/W,R,R,R,N,R,R/W,R,R,R,R/W,R/W,R/W,R/W,R,R/W,R,R,R,R,R/W,R,R,R,R,R,R,R,R,R,R,R,N,R,R,R/W,R/W,R/W,N,R,R/W,R/W,R,N,R,R,R,R,N,R,R/W,R,R,R,R,R,R/W,R,R,R/W,R,R,R,R,R,R/W,R/W,R/W,R,R/W,N,R/W,R,R,R,R/W,R/W,R,R,R,R/W,R,R,R,N,R/W,R,R,R,R,N,R,N,N,N,R,N,R,R,R,N,R,N,R,R,N,N,N,N,R,N,N,N,R,R,R,R,R,R,R,R,R,R,R,R,N,R,R,N,R,N,N,R,R,R,R,N,N,N,N,R,N,R,N,R,N,R,N,R,N,R,R,R,R,N,N,R,R,R,R,N,N,R,R,R,R,N,R,R,R,N,R,N,N,R,N,R,R,R,R,R,R,N,R,R,R,R,R,R,R,R,R,R,R,R,N,N,R/W,R,R,R/W,R,R/W,N,N,R,N,R/W,N,N,N,R,R,N,N,R,R/W,R,R/W,R,R,R,R/W,R/W,R,R/W,R/W,R,R/W,N,R/W,R,R,R/W,R/W,N,R,R/W,R,R,R,R,N,R,R,R,R,R,N,R,N,R,R,R,N,R/W,R,N,R,R,R,R,R,R/W,R/W,R,R/W,R,R,N,N,R,R,R,R,R,R,N,N,R,R,R,R,R,R,R/W,R,N,R,R,R,R,N,N,R,R,R,N,R,R,R,R,R,N,N,R,R,R,R,R,R,R/W,N,R/W,R,R,R/W,R,R,R,R,R,R,R,R,R/W,R,R,N,R,N,R,N,R,R,R,R,R,R,R,R,R/W,R/W,R,R,R,R/W,R,R,R,R,R,R,R,R,R,R,R,R,R,R,R,N,N,N,R,R,N,N,N,R,N,R,R,R,R,N,R,R,R,R,N,N,R,N,R,R,R,R,R,R,R,R_6Qg0cwO8XIxSnHb,R_6Qg0cwO8XIxSnHb,1070,35.66666667,2020,gb
R_AyXQmLEH7V8zcUF,Male,University degree or equivalent,University degree or equivalent,40,60,0,NA,Polish;40;,English;60;,,85,15,0,NA,Polish,NA,10,9,NA,NA,I always (or almost always) speak Polish to my child,Polish,NA,10,9,0,NA,I always (or almost always) speak Polish to my child,First,NA,1,10,Always (or almost always) English,1,R/W,N,R/W,N,N,R/W,R/W,R/W,R/W,R/W,R/W,N,R,R,R,R,R,R,N,R,R,N,R,R,R,R,R/W,R,R,R,N,R/W,R/W,R/W,R/W,N,R,R,R/W,R,R,R,R,R/W,R,N,R,R,R,R,R,R,R,R,R/W,R,R/W,R/W,R,R,R,N,R,R,N,R,R/W,R/W,R,N,R,N,N,R,N,R,R,R,R/W,N,R,R/W,R/W,R/W,N,R,R,R,N,R,N,R,R/W,R/W,R/W,R,N,R/W,R,R,R,R,R/W,R,N,R/W,R,R/W,R/W,R/W,N,R/W,R,R/W,R/W,R,N,N,N,N,N,R,N,R/W,R/W,R,N,R/W,N,R/W,N,N,N,N,N,R/W,N,N,N,R,R,R/W,R,R,N,R,N,R/W,N,R/W,R,R,R/W,N,N,R/W,N,N,R,R/W,R,R,R,R,N,R,R,R,R/W,R,N,R/W,R,R,R,N,R,R,R,R,R,N,R,R/W,R,N,N,R,R,R,R/W,R/W,R,R/W,N,R,R,R,R,R,R,N,R,R,N,R,N,N,N,R,N,R,N,R,R,R,N,R/W,R,R,R,R,N,R/W,N,N,R/W,R/W,R/W,R,R,N,R,R/W,N,N,N,R/W,R/W,R,N,N,R/W,R/W,R/W,R,R/W,R,R,R/W,N,R/W,R/W,N,N,N,R,R,N,R/W,R/W,N,R/W,R,N,R,R,R,R/W,R,R/W,R,R/W,N,N,N,R,R/W,R,R,N,R/W,R,N,R,R,R,R/W,R,R/W,R,R/W,R/W,N,R,R,N,R,R,R,R/W,N,R,N,N,R,R,R/W,R,R,R,R,R,R,R/W,N,R,R,R,R,R,R,R,R,R,R,N,R,R,R,N,N,R,R,R/W,R,R,R,R,R,R/W,N,R/W,R,R,N,N,R,N,R,R,R,R,R/W,N,R,R,N,N,R,R,R/W,N,R,R,R/W,R,R,R/W,N,N,R,R,R,N,R,R,N,R,N,N,N,N,N,N,R/W,N,R,N,N,N,R/W,R,N,R,R,R,R,R,R/W,R/W,R,R,R,R/W,R/W,R,N,N,R/W,N,N,N,N,R,R/W,N,N,R_AyXQmLEH7V8zcUF,R_AyXQmLEH7V8zcUF,962,32.06666667,2020,gb
R_262Rkv0XviYADAX,Female,University degree or equivalent,Left school at 18 with A-Levels or equivalent,30,70,0,NA,Polish;30;,English;70;,,40,60,0,NA,Polish,NA,10,9,NA,NA,I regularly speak both Polish and English to my child,English,NA,0,10,NA,NA,I always (or almost always) speak English to my child,First,NA,1,20,Always (or almost always) English,1,R/W,R/W,R/W,N,R,R,R,R/W,R/W,R/W,R,R,N,N,N,R,R,R,R/W,R,R,N,R,R,R,R,R,R,N,N,R,R,N,N,R,R,R,N,N,R,R,N,R,R,N,N,R,R,R,N,N,N,N,N,R,N,N,N,N,R,R,R,R,R,R,N,R/W,R,R,N,R,R,N,R,N,R,R/W,R/W,N,R,R,N,R,N,N,R,R,R/W,N,N,R,N,R,R/W,R,R,R,R,N,R,R,R/W,R,R,R,N,R,N,R,R,R,R,R,R,R,R,N,N,N,R,N,R,N,R,R,R,N,R,N,R,R,N,N,N,N,R,N,N,N,R,R,R,R,N,N,R,N,R,N,N,R,N,N,R,N,R,N,N,R,R,R,N,R,R,N,N,R,N,R,R,R,N,R/W,N,N,N,N,R,N,R,N,N,N,R,R,N,N,N,R,R,N,N,R,R,N,R,N,N,N,N,R,N,N,N,N,R,N,R,N,R,N,N,N,R,R,N,R,N,R,N,R,N,N,R/W,N,R,R/W,R,N,R,R,R,N,R/W,N,N,N,R,R,N,N,N,R,N,R/W,R,R/W,R,R/W,R/W,N,R,R/W,R,N,N,R,R,R,R/W,N,N,R,R,N,R,N,R,R,R,R,N,N,R,N,R,R,R,R,R,R,R,N,N,R,N,R,R,N,R,R,N,R,N,R,N,R,N,R,R,N,N,R,N,N,R,R,N,N,N,R,N,N,N,R,N,N,R,R,N,N,N,N,N,R,N,N,R,R,N,N,N,N,N,R,N,R,R,N,N,R,N,R,R,R,R,R,R,N,N,R,N,R,N,N,R,N,N,N,R,R,R,N,N,N,R/W,N,N,R,N,N,R,N,R,R,R,R,N,R,N,N,N,N,R,R,N,N,R,N,N,N,R,N,N,R,R,R,R,N,R,R,R,N,R,R,R,R,N,N,N,N,N,R,N,R,N,N,N,R_262Rkv0XviYADAX,R_262Rkv0XviYADAX,1006,33.53333333,2020,gb
R_3jVieI7Lv1Jmhyc,Male,University degree or equivalent,University degree or equivalent,95,5,0,NA,Polish;95;,English;5;,,100,0,0,NA,Polish,NA,10,8,NA,NA,I always (or almost always) speak Polish to my child,Polish,NA,10,9,NA,NA,I always (or almost always) speak Polish to my child,First,NA,1,NA,NA,2,R/W,R/W,R/W,R/W,R/W,R/W,R/W,R/W,R/W,R/W,R/W,R/W,R/W,R/W,R/W,R/W,R/W,R/W,R/W,R/W,R/W,R/W,R/W,R/W,R/W,R/W,R/W,R/W,R/W,R/W,R/W,R/W,R/W,R/W,R/W,R/W,R/W,R/W,R/W,R/W,R/W,R/W,R/W,R/W,R/W,R/W,R/W,R/W,R/W,R/W,R/W,R/W,R/W,R/W,R/W,R/W,R/W,R/W,R/W,R/W,R/W,R/W,R/W,R/W,R/W,R/W,R/W,R/W,R/W,R/W,R/W,R/W,R/W,R/W,R/W,R/W,R/W,R/W,R/W,R/W,R/W,R/W,R/W,R/W,R/W,R/W,R/W,R/W,R/W,R/W,R/W,R/W,R/W,R/W,R/W,R/W,R/W,R/W,R/W,R/W,R/W,R/W,R/W,R/W,R/W,R/W,R/W,R/W,R/W,R/W,R/W,R/W,R/W,R/W,R/W,R/W,R/W,R/W,R/W,R/W,R/W,R/W,R/W,R/W,R/W,R/W,R/W,R/W,R/W,R/W,R/W,R/W,R,R,R/W,R/W,R/W,R,R,R/W,R/W,R/W,R/W,R/W,R/W,R/W,R/W,R/W,R/W,R/W,R/W,R/W,R/W,R/W,R/W,R/W,R,R/W,R/W,R/W,R/W,N,R/W,R/W,R/W,R/W,R/W,R/W,R/W,R/W,R/W,R,R,R/W,R/W,R,R,R/W,N,R/W,R/W,N,R/W,R/W,R/W,R,R/W,R,R/W,R/W,R/W,R/W,R/W,R/W,R/W,R/W,R/W,R/W,R/W,R/W,R/W,R,R/W,R/W,R/W,R/W,R/W,R/W,R/W,R/W,R/W,R/W,R/W,R/W,R/W,R/W,R/W,R/W,R/W,R/W,R/W,R/W,R/W,R/W,R/W,R/W,R/W,R/W,R/W,R/W,R/W,R/W,R/W,R/W,R,R,R/W,R/W,R/W,R/W,R/W,R/W,R/W,R/W,R/W,R/W,R/W,R/W,R/W,R/W,R/W,R/W,R/W,R/W,R/W,N,R/W,R/W,R/W,R/W,R/W,R/W,R/W,R/W,R,R/W,R/W,R/W,R/W,R/W,N,R/W,R/W,R/W,R/W,R/W,R/W,R/W,R/W,R/W,R/W,R/W,R/W,R/W,R/W,R/W,R/W,R/W,R/W,R/W,R/W,R/W,R/W,R/W,R/W,R/W,R/W,R/W,R/W,R/W,R/W,R/W,R/W,R/W,R,R/W,R/W,R/W,R/W,R/W,R/W,R/W,R/W,R/W,R/W,R/W,R/W,R/W,R/W,R/W,R/W,R/W,R/W,R/W,R/W,R/W,R/W,R/W,R/W,R/W,R/W,R/W,R/W,R/W,R/W,R/W,R/W,R/W,R/W,R/W,R/W,R/W,R/W,R/W,R/W,R/W,R/W,R/W,R/W,R/W,R/W,R/W,R/W,R/W,R/W,R/W,R/W,R/W,R/W,R/W,R/W,R/W,R/W,R/W,R/W,R/W,R/W,R/W,R/W,R/W,R/W,R/W,R/W,R/W,R/W,R/W,R/W,R/W,R/W,R/W,R/W,R,R/W,R/W,R/W,R/W,R/W,R/W,R/W,R/W,R/W,R/W,R/W,R/W,R/W,R/W,R/W,R/W,R/W,R/W,R/W,R/W,R/W,R/W,R/W,R/W,R/W,R,R/W,R/W,R,R,R/W,R/W,R/W,R/W,R/W,R/W,R_3jVieI7Lv1Jmhyc,R_3jVieI7Lv1Jmhyc,1064,35.46666667,2020,gb
R_yO5iummiI2kT4Bz,Male,University degree or equivalent,University degree or equivalent,40,60,0,NA,Polish;40;,English;60;,,50,50,0,NA,Polish,NA,10,9,NA,NA,I always (or almost always) speak Polish to my child,Polish,NA,2,10,NA,NA,I always (or almost always) speak English to my child,Second,NA,2,12,Always (or almost always) English,3,R/W,R/W,R/W,R/W,R,R/W,R/W,R/W,R/W,R/W,R/W,N,N,N,R,R/W,R/W,R/W,R/W,R,R/W,N,R/W,R/W,R/W,R/W,R/W,R/W,N,R,R,R/W,R/W,R/W,R,R/W,R/W,R/W,N,R/W,R/W,R/W,R,R/W,R/W,R,R/W,R/W,R/W,R/W,R/W,R/W,R/W,R/W,R/W,R/W,R/W,R/W,R/W,R/W,R/W,R/W,R/W,R/W,R/W,R/W,R/W,R/W,R,R/W,N,R/W,R/W,R,R/W,R/W,R/W,R/W,R/W,R/W,R/W,R/W,R/W,N,R/W,R/W,R/W,N,R/W,N,R/W,N,R/W,R/W,R/W,R/W,R/W,R/W,R,R/W,R/W,R/W,R/W,R/W,R/W,R/W,R/W,R/W,R/W,R/W,R/W,R/W,R/W,R/W,R/W,R/W,N,R/W,N,R/W,N,R/W,N,R/W,R/W,R/W,N,R/W,R/W,R/W,N,R/W,R,R/W,N,R/W,R,N,R,R/W,R,R,R/W,R,R/W,R,R,R,R,R/W,R/W,R,R,R,R,N,N,R/W,R/W,R/W,R/W,R/W,R,R/W,N,R/W,R/W,R/W,R/W,R,R,R,R,N,N,N,N,R/W,R/W,R/W,N,R/W,R/W,R/W,R/W,N,N,R,R/W,R/W,R/W,R/W,R/W,R,N,R/W,R/W,R/W,R,R,R/W,R/W,R,R,R,R/W,N,R,N,R/W,R,R/W,R/W,N,R/W,R/W,N,R/W,R/W,N,R,N,N,R/W,R/W,R,R/W,R/W,R/W,R/W,R/W,R,R,R/W,N,R,R,R/W,R/W,R/W,R,N,R/W,N,R/W,R/W,R/W,R/W,R/W,R/W,R/W,R/W,R/W,R/W,R/W,R/W,R/W,R/W,R/W,R/W,R/W,R,R/W,R/W,R,R/W,R/W,R/W,R/W,R/W,R/W,R,R,N,R,R/W,R,R/W,R,R/W,R/W,N,R/W,R/W,N,R/W,R,R/W,R/W,R/W,R/W,R/W,R/W,R,R/W,N,R,R,R/W,R/W,R/W,R,R/W,N,N,R/W,R/W,R,R/W,R,R/W,R/W,R,R/W,R/W,R,R/W,R/W,R/W,N,R,R,R/W,R,R/W,R,R,R/W,R,N,R/W,R,N,R,R/W,R/W,R/W,R/W,N,R/W,R/W,N,R/W,R/W,R/W,N,R,R/W,N,R/W,R/W,R/W,R/W,R,N,R/W,R,R/W,R,R/W,R/W,R/W,N,N,R/W,R/W,N,R/W,R/W,N,R,R,R/W,R/W,R,R/W,R,R,R/W,R,N,N,N,R,R,N,R/W,R/W,R/W,N,N,R/W,R,N,N,R,R/W,R/W,R/W,R/W,R/W,R/W,R,R,R/W,R/W,R,R,R/W,N,N,R,R,N,R/W,R,N,R,R_yO5iummiI2kT4Bz,R_yO5iummiI2kT4Bz,984,32.8,2020,gb
R_3LcivLZTWOMd15g,Female,University degree or equivalent,University degree or equivalent,15,84.5,0.5,Italian,Polish;15;,English;84.5;,Italian;0.5;,40,60,0,NA,Polish,NA,10,8,NA,NA,I regularly speak both Polish and English to my child,English,NA,1,10,9,Italian,I always (or almost always) speak English to my child,First,NA,1,9,Always (or almost always) English,0,R/W,R/W,R/W,N,N,R/W,R/W,R/W,R/W,R/W,R/W,R/W,R,R,R,R,R,R,R,R,R,R,R,R,R,R,R,R,R,R,R,R,R,R,R,R,R,R,R,R,R,R,N,R,R,R,R,R,N,N,N,R,N,R,R,R,R,N,N,R,R,N,N,N,N,N,R,R,R,N,R,R,R,R,N,R,R,R,R,R,R,R,R,R,R/W,R,R,R,R,R,R,R,R,R,R,R,N,R,R,R,R,R/W,R,R,R,R,R,R/W,R,R,R,R,R,R,R,R,R,R,R,R,N,R,N,R,R,R,R,R,R,R,R,R,R,N,N,R,R,R,N,R,R,R/W,R,R,R,R,R,R,R,R,R,R,R,R,R,R,N,R,R,R,R,R,N,N,N,R,R,R,R,R,R,R,R/W,R,R,R,R,R,N,R,R,R,R,R,R,N,N,R,R,R,R,N,R,R,R,R,R,R,N,N,R,N,R,R,R,R,N,N,R,R,N,R,R,R,R,N,R,R,R,R,R,R,N,R,R,N,R,R,R,R,R,R,N,R,N,N,N,R,R,R,N,R,R,R,R,R,R,R,R,R,N,N,R,R,R,N,R,R,R,R,R,N,R,R,R,R,R,R,R,R,R,R,R,R,R,R,R,R,R,R,R,R/W,R,R,R,R,R,R,R,R,R,R,R,R,R,R,R,R,R,R,R,R,R,N,N,R,R,R,R,R,R,N,R,R,R,R,R,R,R,N,R,R,R,R,R,R,N,N,R,R,R,R,R,R,R,R,R,R,R,N,R,R,R,R,R,R,R,R,R,R,R,R,R,R,R,R,N,R,N,R,R,R,R,N,N,R,R,R,R,N,R,R,R,R,R,R,R,R,R,R,R,R,R,R,R,R,R,R,R,R,R,R,R,R,R,R,R,R,N,R,R,R,R,N,R,R,R,R,R,R,R,R,R,R,R,R,R,R,R_3LcivLZTWOMd15g,R_3LcivLZTWOMd15g,1031,34.36666667,2020,gb
R_1NrDS2fNmez6pfX,Male,University degree or equivalent,University degree or equivalent,20,80,0,NA,Polish;20;,English;80;,,40,60,0,NA,Polish,NA,10,9,7,German,I always (or almost always) speak Polish to my child,English,NA,4,10,NA,NA,I always (or almost always) speak English to my child,First,NA,1,12,Always (or almost always) English,0,R,R/W,R/W,R/W,R,R/W,R/W,R/W,R/W,R/W,R/W,R/W,R,R/W,R,R/W,R/W,R/W,R/W,R/W,R/W,R,R,R/W,R/W,R/W,R/W,R/W,R,R/W,R/W,R/W,R/W,R/W,R,R/W,R/W,R/W,R/W,R/W,R,R/W,R,R/W,R/W,R,R/W,R/W,R/W,R/W,R/W,R/W,R/W,R/W,R/W,R,R,R/W,R/W,R/W,R/W,R/W,R/W,R/W,R,R,R/W,R/W,R/W,R,R,R/W,R,R/W,R,R/W,R/W,R,R/W,R/W,R/W,R/W,R,R,R,R/W,R,R/W,R,R/W,R/W,R/W,R/W,R/W,R/W,R/W,R,R/W,R/W,R/W,R/W,R/W,R/W,R/W,R,R,R/W,R,R/W,R,R,R/W,R/W,R/W,R/W,R/W,R/W,R,R/W,R,N,R,R,R/W,R/W,R,N,R/W,N,R/W,N,R,R,N,N,R,R,N,N,R,R,R/W,R,R,R,R,R,R,R,R,R,R,N,R/W,R,R,R,R,R/W,R/W,R/W,R,R,R,R,R,R/W,R,R/W,R/W,R,R,R/W,R/W,R/W,R,N,R,R,R/W,R,R,R,R/W,R,R,R,R,R/W,R,R,R,R,R/W,R,R/W,R,R,R,N,R,N,R,R,N,R,N,R,R,R,R,R,N,R,R,R,R,R,R,R,R,R,R,R/W,N,R/W,R/W,R,R/W,R/W,R/W,R/W,R,R/W,N,N,R,R/W,R/W,R,R/W,N,R/W,N,R/W,R,R,R,R/W,R/W,R,R/W,R,R,R/W,R,R/W,R,R/W,R/W,R/W,R,R/W,R/W,R,R,R,R,R,R,R,R,R,R,R/W,R,R,N,R,R/W,R,R/W,R/W,R,R/W,R,R/W,R/W,R,R,R,R,R,R,R,R,R,R/W,R,R,R/W,R,R,N,R,R,R,R,R,R,R,R,R,N,R/W,N,R,R,R,R,R,R/W,R,R,R,R,R,R,R,R,N,R,R,R,R/W,R,R/W,R/W,R,R/W,R/W,R,R,R/W,R/W,N,N,R/W,R/W,R/W,R,R/W,R,R,N,R/W,N,R/W,R,R,R,R,R,R/W,R,R,R,R/W,R/W,R,R,R,R/W,R,R,N,R,R,R,R/W,N,N,N,N,N,N,N,R/W,R,R,R,R/W,R,R,R,R,R/W,R,R,N,R,R,N,R,R,R,R,N,N,R/W,N,N,R,R,R/W,N,N,R,R_1NrDS2fNmez6pfX,R_1NrDS2fNmez6pfX,877,29.23333333,2020,gb
R_1CKp4yMJoaZfH9V,Male,University degree or equivalent,University degree or equivalent,15,85,0,NA,Polish;15;,English;85;,,15,85,0,NA,Polish,NA,10,7,NA,NA,I always (or almost always) speak English to my child,English,NA,NA,10,NA,NA,I always (or almost always) speak English to my child,Second,NA,2,12,Always (or almost always) English,0,R,R,N,N,N,N,N,N,N,N,N,N,N,N,N,N,N,N,N,N,N,N,N,N,N,N,N,N,N,N,N,N,N,N,N,N,N,N,N,N,N,N,N,N,N,N,N,N,N,N,N,N,N,N,N,N,N,N,N,N,N,N,N,N,N,N,R,R,N,N,N,N,N,N,N,N,N,N,N,N,N,N,N,N,N,N,N,N,N,N,N,N,N,N,N,N,N,N,N,N,N,N,N,N,N,N,N,N,N,N,N,N,N,N,N,N,N,N,N,N,N,N,N,N,N,N,N,N,N,N,N,N,N,N,N,N,N,N,N,N,N,N,N,N,N,N,N,N,N,N,N,N,N,N,N,N,N,N,N,N,N,N,N,N,N,N,N,N,N,N,N,N,N,N,N,N,N,N,N,N,N,N,N,N,R,N,N,N,N,N,N,N,R,N,N,N,N,N,N,N,R,N,N,N,N,R,N,N,N,N,N,N,R,N,N,N,N,N,R,N,N,R,N,R,R,N,N,N,N,N,N,N,N,N,N,N,N,N,N,N,N,N,N,N,N,N,N,N,N,N,N,N,N,N,N,N,N,N,N,N,N,N,N,N,N,N,N,N,N,N,N,N,N,N,N,N,N,N,N,N,N,N,N,N,N,N,N,N,N,N,N,N,N,N,N,N,N,N,N,N,N,N,N,N,N,N,N,N,N,N,N,N,N,N,N,N,N,N,N,N,N,N,N,N,N,N,N,N,N,N,N,N,N,N,N,N,N,N,N,N,N,N,N,N,N,N,N,N,N,N,N,N,N,N,N,N,N,N,N,N,N,N,N,N,N,N,N,N,N,N,N,N,N,N,N,N,N,N,N,N,N,N,N,N,N,N,N,N,N,N,N,N,N,N,N,N,N,N,N,N,N,N,N,N,N,N,N,N,N,N,N,N,R/W,N,N,N,N,N,R_1CKp4yMJoaZfH9V,R_1CKp4yMJoaZfH9V,983,32.76666667,2020,gb
R_1rBtloHbW7CAItx,Female,University degree or equivalent,University degree or equivalent,30,70,0,NA,Polish;30;,English;70;,,40,60,0,NA,Polish,NA,10,10,NA,NA,I always (or almost always) speak Polish to my child,English,NA,1,10,NA,NA,I always (or almost always) speak English to my child,Second,NA,2,9,Both Polish and English regularly,1,R/W,R/W,R/W,R,N,R/W,N,R/W,N,N,R,R/W,N,N,N,R,R/W,R,R/W,R,N,N,R/W,N,R,N,R,R,N,R,R,R,R,N,R,R,R,R,N,R,R,N,N,R/W,N,N,R,R,R/W,R,R,N,R/W,R,R,R,N,R,R/W,R,R,R,R,R,R,R,R/W,R,R,R,N,N,N,R,N,R,R,R/W,R,N,R,R,R,N,N,R,N,N,N,N,R,R,N,N,R,R,R,R,N,N,R/W,R/W,R/W,R,N,N,R,N,R,N,R,R,R,R/W,R,R/W,R,N,R,N,N,R,N,R,R,N,N,R,N,R,R,N,N,N,N,R,N,N,N,R,N,N,N,N,N,R,N,R,N,R,N,N,N,R,N,N,N,N,R,R/W,R/W,R,R,R,N,R,R,R,R,N,R,N,R/W,N,N,N,N,R,N,R,N,N,N,R/W,R,N,N,N,R,R,R/W,R,N,N,N,R,N,R,N,N,R,N,N,N,N,R,N,N,N,N,N,R,N,R,R,N,N,N,R,N,R,R,N,R/W,N,N,N,N,N,R,N,N,N,R/W,N,N,N,N,N,N,N,N,R/W,N,R/W,R,R/W,R/W,R/W,R,N,R,R/W,R,R/W,N,R/W,R,N,R/W,N,N,R,R/W,N,N,N,R,R,R,R,R,N,R,N,N,R,R/W,R,R,N,R,R,R/W,R,R,R,R,N,N,R,R,R,N,R/W,R,R,R,R/W,R,R,N,R,N,N,R,R,R,R,R,R,R,R,N,R/W,N,N,R,R,N,N,R,R/W,N,N,R,N,N,R,N,N,N,N,N,R,N,R,R,R,R,R,R,R/W,R,R,R,R,R,N,R/W,R/W,N,R,R,N,R/W,R,R,N,R/W,N,N,N,N,N,R/W,R,N,R,R,N,R,N,R,R,R,N,N,N,N,N,N,N,R,R,N,R,N,N,N,N,R/W,N,N,N,N,N,N,N,N,R/W,R/W,R,N,R,N,N,N,R,R,N,N,R,N,R,R,N,N,BL01UK01PL021,UKPL021,741,24.7,2020,gb
R_Zt4wwMehDQsAzap,Female,University degree or equivalent,Left school at 18 with A-Levels or equivalent,40,60,0,NA,Polish;40;,English;60;,,50,50,0,NA,Polish,NA,10,9,NA,NA,I always (or almost always) speak Polish to my child,English,NA,1,10,NA,NA,I always (or almost always) speak English to my child,Second,NA,2,16,Always (or almost always) English,6,R/W,R/W,R/W,R/W,R/W,R/W,R/W,R/W,R/W,R/W,R/W,R/W,R,N,R,R/W,R/W,R/W,R/W,R/W,R/W,R,R/W,R/W,R/W,R/W,R,R/W,R/W,R/W,R,R/W,R/W,R,R/W,R,R/W,R/W,N,R/W,R/W,R,R,R/W,R/W,R,R,R,R/W,R/W,R/W,R/W,R/W,R/W,R,R/W,R/W,R,R/W,R/W,R/W,R/W,R/W,R/W,R/W,R,R/W,R,R/W,N,R/W,R/W,R/W,R/W,N,R/W,R/W,R/W,R/W,R/W,R/W,R/W,R/W,R/W,N,R/W,R/W,R/W,R/W,R/W,R/W,R/W,R/W,R,R,R/W,R,R/W,R/W,R,R/W,R/W,R/W,R,R,R,R/W,R,R/W,R/W,R,R/W,R,R/W,R/W,N,N,N,R/W,R,R,R,N,R,R,R,N,R/W,R,R,R,R,R,R/W,R,R/W,R,R,R,R/W,R,R/W,R,R,R/W,R/W,R/W,R,R,R/W,R/W,R,R,R,R,R,R,N,R,R/W,R/W,R/W,R/W,R,R,R/W,R/W,R,R,R,R,N,R,R,N,N,R,R,N,R/W,N,R,R,R,R/W,R,N,R,R,R,R,R,R/W,R/W,R,R/W,R,R/W,R,N,R,N,R/W,R,N,R,N,R/W,R,R,R/W,R/W,R/W,R,R/W,R,R,R/W,R/W,N,R,N,N,R/W,R/W,R,N,R,R/W,R/W,R/W,R,R,R/W,R,R,R,R/W,R/W,R,R,R,R/W,N,R/W,R,R/W,R,R/W,R/W,R,R/W,R/W,R,R/W,N,R/W,R/W,R/W,N,R/W,R,R,R/W,R,R,R,R,R,R/W,R/W,R,R,R/W,R,R,R/W,R/W,R,R/W,R,R,R,R,R,R/W,R/W,R,R/W,R/W,R,R,R/W,R/W,R,N,R,R,R,R,R,R,R,R,N,R,R/W,R,R,R,R/W,R,R,N,R,R,R/W,R/W,R,N,R,R,R,R,R,R,R,R,R,R/W,R,R/W,R,R,R,R,R/W,R/W,R,R/W,R,R,R,R/W,R,R,R,R/W,R,R/W,R/W,R,R,R,R,R,R,R/W,R/W,R/W,R/W,R/W,R,R,R,R/W,R,R,R/W,R,R,R,R,R/W,N,R/W,R/W,R,R/W,R/W,R,R,R,R,R/W,R,R/W,R/W,R,R,R/W,R/W,R,R,R/W,R/W,R,R/W,R,R/W,R/W,R/W,R,R,R/W,R/W,R,R,R,R,R,R,R/W,R/W,R,R,R,R,R_Zt4wwMehDQsAzap,R_Zt4wwMehDQsAzap,877,29.23333333,2020,gb
R_27EF4cRLj6MsdKd,Male,University degree or equivalent,Left school at 18 with A-Levels or equivalent,30,70,0,NA,Polish;30;,English;70;,,40,60,0,NA,Polish,NA,10,10,NA,NA,I regularly speak both Polish and English to my child,English,NA,1,10,NA,NA,I always (or almost always) speak English to my child,First,NA,1,36,Always (or almost always) English,2,R/W,R/W,R/W,R/W,R/W,R/W,R/W,R/W,R/W,R/W,R/W,R/W,N,N,N,R,R,R,R/W,R,R/W,R,R/W,R/W,R,R/W,R/W,R/W,N,N,N,N,R/W,R/W,R,R/W,R/W,R/W,R,R/W,R/W,R,R,R/W,R/W,R,R,R/W,R/W,R,R,R/W,R/W,R/W,R/W,R,R/W,R,N,R,R,N,R,R/W,R,R,R/W,R,R/W,R,N,R/W,R,R/W,N,R,R,R,R/W,R,R/W,R/W,R,N,R,R/W,R/W,R/W,R,R,R/W,R/W,R/W,R/W,R/W,R,R,R/W,R,R/W,R/W,R/W,R/W,R/W,R,R,R,R,R/W,R,R,R/W,R,R,R,R/W,N,R,R,N,N,R/W,N,R,R/W,R,N,R/W,R,R,R,R,R,N,R,R,R,N,N,R,N,R,R,R,R,R,R,R,R,R,R,R,N,R,N,R,N,R/W,R,R/W,R,R,N,R/W,N,R/W,R/W,R/W,R/W,R/W,R/W,R/W,R/W,R/W,R/W,R/W,R,R/W,R,R/W,R/W,R/W,R,R/W,R,N,N,N,R,R,R/W,R,R,R,R/W,R,N,R,N,N,N,N,R,R,R,R,R,R,R,R,R,R,R,R,R,R,R,R,R,R,R,R,R,R,N,R,R,R,N,N,R,R,R,R/W,R,N,N,R,R,R,R,N,N,R,R/W,R/W,R,R,R,R,N,R/W,R/W,R,R,N,R/W,R,R,R,R/W,R,N,R/W,N,R,R,R,R,R,R/W,R,R/W,R,R/W,R,R/W,R/W,R/W,R/W,R,R,R,R,R,R/W,R,R,R,R,R,R,R/W,R,R,R,R,R/W,R,R,R/W,N,R,R,N,R,R/W,R,R,R,R,R,R,R,R/W,R,R,R,R/W,R,R,R,R,R,R,R,R,R,R,R,R,R,R,R,R/W,R,R/W,R/W,R,R/W,R/W,R,R/W,R/W,R,R,R,R/W,R/W,R/W,R/W,R/W,R,R,N,R/W,N,R,R,R/W,R,R/W,N,R,R,R/W,R,R,R,R,R,R,R,R,R,R,R,R,R,R,R/W,R,R/W,R/W,R/W,R/W,R/W,R/W,R/W,R/W,R/W,R/W,R,R/W,R/W,R/W,R/W,R/W,R,R/W,R/W,R/W,R,R/W,R/W,R/W,R/W,N,R,R/W,R,R,R/W,R/W,R/W,R/W,R,R,R_27EF4cRLj6MsdKd,R_27EF4cRLj6MsdKd,1209,40.3,2020,gb
R_QgOrI116hb1sa53,Male,Left school at 18 with A-Levels or equivalent,Left school at 18 with A-Levels or equivalent,80,10,10,Hungarian,Polish;80;,English;10;,Hungarian;10;,80,10,10,Hungarian,Polish,NA,10,NA,NA,NA,I always (or almost always) speak Polish to my child,Other(s),Hungarian,NA,NA,10,Hungarian,I regularly speak a mix of Polish / English / other languages to my child,First,NA,1,NA,NA,0,R,R,N,R,R,R,R,R,R,R,N,N,N,N,N,R,R,R,R,R,R,N,N,N,N,R,N,R,N,R,R,N,R,N,N,R,N,N,N,R,R,N,N,R,N,N,N,R,N,N,N,N,N,N,R,N,N,R,R,R,R,N,R,N,N,N,R,N,N,N,N,R,N,N,N,R,R,R,N,R,N,R,R,N,R,R,R,N,N,N,R,N,N,N,R,R,R,R,R,N,R,N,N,R,N,R,N,N,N,N,N,N,N,N,N,R,N,N,N,N,N,N,N,R,R,R,N,R,R,R,N,N,N,N,N,R,N,N,N,N,N,R,R,N,R,N,N,R,N,R,R,N,N,R,N,N,N,N,N,R,R,N,N,R,N,N,R,N,R,N,N,N,N,N,N,N,N,N,N,R,N,N,N,N,R,N,N,N,N,N,N,N,R,R,N,R,N,R,N,N,N,N,N,N,N,R,N,N,N,R,N,N,R,R,R,R,N,N,R,R,R,N,N,R,N,R,R,R,N,R,R,R,N,R,N,N,N,N,N,N,N,N,R,R,R,N,N,N,R,R,N,R,R,R,R,R,R,R,R,R,R,R,R,R,R,N,R,N,N,N,R,N,N,R,N,N,N,R,R,R,N,N,N,N,N,N,N,R,N,R,R,R,R,N,R,N,R,R,R,N,N,N,N,N,N,R,R,N,N,N,R,N,N,N,R,N,R,N,N,N,R,R,R,N,R,N,N,N,R,N,N,N,N,N,R,N,N,N,N,N,N,N,N,N,R,R,N,R,N,N,R,N,N,N,N,N,R,N,R,N,R,R,N,N,N,R,N,N,R,N,N,N,N,N,N,R,N,N,N,N,N,N,N,R,N,N,N,N,N,N,N,N,N,N,N,N,N,N,N,N,N,N,N,N,N,N,N,N,N,N,N,N,N,N,N,N,N,N,BL01UK01PL022,UKPL022,403,13.43333333,2020,gb
R_29oWqTP8HdSbQDM,Female,University degree or equivalent,Left school at 18 with A-Levels or equivalent,20,70,10,NA,Polish;20;,English;70;,Other;10;,20,70,10,German ,Polish,NA,10,8,NA,NA,I regularly speak both Polish and English to my child,English,NA,2,10,NA,NA,I always (or almost always) speak English to my child,First,NA,1,NA,NA,2,R/W,R/W,R,R/W,R/W,R/W,R/W,R/W,R/W,R/W,R,R/W,R,N,N,R,R,R/W,R,R,R,N,R,R,R,N,R,R,R,R,N,R,R,R,N,R,R,N,N,N,N,N,R,N,N,N,N,R,R,R,R,N,R,R,R,R,R,R,R,N,R,R,R,R,R,R,R/W,R,R,N,N,R,N,N,N,N,R,R,R,R,R,N,R,N,N,R,N,R/W,N,N,N,N,R/W,R/W,R/W,R,R,R,N,N,R,R,N,R,N,N,N,N,N,R,N,R,R,R,N,R/W,N,N,R,N,N,R,N,R,R,R,N,R/W,N,R,R,N,N,N,N,R,N,R,N,R,N,N,N,N,N,R,N,N,N,N,N,N,N,N,N,N,N,R,R,R,R,N,R,N,N,N,N,N,N,N,N,R/W,R/W,N,R,N,N,N,N,N,N,N,N,R/W,N,N,N,N,N,R,N,N,R,N,N,R,N,N,N,N,N,N,N,R,N,N,N,N,R/W,N,N,N,N,N,N,N,R,R,R,R,R,N,N,R/W,R/W,R,R/W,N,R,R/W,R,R,R,R/W,N,N,N,R,R,R,N,N,R/W,R/W,R/W,R,R/W,R,R/W,R/W,R,R,R/W,R,R,R/W,R,R,R/W,R/W,R,R,R,R,N,R,R,R,R,R,R,N,R,R,N,N,R,R,R,R,R,R,N,N,R,R,R,R,N,R,R,R,R,N,R,N,R,R,R,N,N,N,N,N,N,R,R,R,R,R,N,N,R,N,R,N,R,R,R/W,R,R,N,N,N,N,R,N,N,R,N,N,N,N,N,R,R,R,R,N,R,R,N,R,N,R,R,N,N,N,N,N,R,N,N,N,N,N,N,N,N,N,N,N,N,N,N,N,R,R,N,N,N,R,R,R,R,R,R,R,N,N,N,N,R,N,N,N,R,R,R,R,R/W,R,R,R,R,R,R,R,N,N,N,N,N,R/W,N,N,N,N,N,N,N,N,N,R,N,N,N,BL01UK01PL023,UKPL023,808,26.93333333,2020,gb
R_232gqcGXCjoqR5n,Female,University degree or equivalent,Left school at 18 with A-Levels or equivalent,80,20,0,NA,Polish;80;,English;20;,,90,10,0,NA,Polish,NA,10,NA,NA,NA,I always (or almost always) speak Polish to my child,Polish,NA,10,NA,NA,NA,I always (or almost always) speak Polish to my child,Fourth,NA,4,NA,NA,NA,R/W,R/W,N,R/W,R,R/W,R,R/W,R/W,R/W,N,R/W,R/W,N,R/W,R/W,R/W,R/W,R/W,R/W,R/W,N,R/W,R/W,R/W,R/W,R/W,R/W,R/W,R/W,R,R/W,R/W,R/W,R/W,R/W,R/W,R/W,R/W,R/W,R/W,R/W,R/W,R/W,R/W,R/W,R/W,R/W,R/W,N,R/W,R/W,R/W,R/W,R/W,R,R/W,R/W,R,R/W,R/W,R/W,R/W,R/W,R/W,R,R/W,R/W,R/W,N,N,R/W,R/W,R/W,R/W,R/W,R/W,R/W,R/W,R/W,R/W,R/W,R/W,R/W,R/W,R/W,R/W,R/W,R/W,R/W,R/W,R/W,R/W,N,R/W,R/W,R,R/W,R/W,R/W,R/W,R/W,R/W,R/W,R,R,R,R/W,R/W,R,R,R/W,R/W,R/W,R/W,R/W,N,R/W,R,R,N,R/W,R,R/W,R/W,R/W,N,R/W,N,R/W,R/W,R/W,N,R,N,R/W,R/W,N,N,R/W,R/W,R/W,R/W,R/W,R/W,R/W,R/W,R/W,R/W,R/W,R/W,N,R/W,R/W,R/W,R/W,N,R/W,R/W,R/W,R/W,R/W,R/W,R/W,N,R/W,R/W,R/W,R/W,R/W,R/W,N,R/W,R/W,N,N,R/W,R/W,R/W,R/W,R/W,R/W,R,R/W,R,N,N,R,R,R/W,R/W,R/W,R/W,R/W,R,R/W,N,R/W,R/W,N,R/W,N,R,R,R,R/W,N,R/W,R/W,R/W,N,R/W,N,R/W,R/W,N,N,R/W,R/W,R/W,R/W,R/W,R/W,R/W,R/W,R/W,N,R/W,R/W,R/W,R,R/W,N,R/W,N,N,N,R/W,R/W,R/W,N,N,R/W,N,R/W,R/W,R/W,R/W,R/W,R/W,N,R/W,R/W,R/W,R/W,N,R/W,R/W,R/W,R/W,R/W,N,R/W,R/W,R,R/W,R/W,R/W,R/W,R/W,R/W,R/W,R,R/W,R/W,R/W,R/W,R/W,R/W,R/W,R/W,R/W,R/W,R/W,R,R/W,R,R/W,R/W,R/W,R/W,R/W,R/W,R/W,R/W,R,R/W,R/W,R/W,R/W,R/W,R,R,R,R,R/W,R/W,R/W,R/W,R/W,R/W,R/W,R,R/W,R/W,R,R/W,R/W,R/W,R,R/W,R,R/W,R,R/W,N,N,R,R/W,N,N,R,R/W,R,R/W,N,R/W,R/W,R,R/W,R/W,N,R/W,R/W,R/W,R/W,R,R/W,R/W,R/W,R/W,R/W,R,N,N,R/W,R/W,R/W,N,R/W,N,R/W,N,R/W,N,R/W,R/W,R/W,R/W,R/W,N,R,R/W,R/W,R/W,R/W,R/W,R/W,R/W,R/W,N,N,N,R/W,R,R/W,N,R/W,R,N,R/W,R/W,N,N,N,R,R/W,R,R,R/W,R/W,R/W,R/W,R/W,R,R/W,R/W,N,R,R/W,N,R/W,R/W,R/W,R/W,R/W,N,R/W,R_232gqcGXCjoqR5n,R_232gqcGXCjoqR5n,1078,35.93333333,2020,gb
R_2qf69CgAPlSZha0,Female,University degree or equivalent,Left school at 18 with A-Levels or equivalent,30,70,0,NA,Polish;30;,English;70;,,30,70,0,NA,Polish,NA,10,8,NA,NA,I regularly speak both Polish and English to my child,English,NA,0,10,NA,NA,I regularly speak a mix of Polish / English / other languages to my child,Second,NA,2,NA,NA,1,R/W,R/W,R/W,R/W,R,R/W,R/W,R/W,R/W,R/W,R/W,R/W,R,R,R,R/W,R/W,R/W,R/W,R/W,R,N,R,R/W,R,R,R,R/W,R,N,R,R,R/W,R,R,R,R,R,R,R/W,R/W,R/W,R,R/W,R,R,R,R/W,R/W,R,R,R,R,R/W,R/W,R,R,R/W,N,R,R,R/W,R/W,R/W,R,R,R/W,R/W,R/W,R/W,R/W,R,R,R,R,R/W,R,R/W,R,R,R/W,R/W,R/W,R,R,R/W,R/W,R/W,R,R/W,R/W,R/W,R/W,R/W,R,R,R,R,R,R,R,R/W,R/W,R,N,R,N,N,R,R,N,R,R,R/W,R,R/W,N,N,R,R,N,R,R,R,R,R/W,R,R,R,R,R,R,R,N,N,R,R,R/W,R,R,R,R,R,R,R,R,R,R,R,R,R,R,R,R,N,R,R,R,R/W,R/W,R,R,R,R,N,R,R,R,R,R,R,N,R/W,R,R,N,N,R,N,R,R,R,R,R/W,R,R,R,R,R,R,R,R,R,R,R,R,R,R,R,R,R,R,R,R,R,R,R,R,R,R,R,R,R,R,R,R,R,R,R,R,R,R,R,R,R,R,R,R,R,R,R,R,R,R/W,R,R,R,R,R,R,R,R,R/W,R,R/W,R,R/W,R,R/W,R/W,N,R/W,R/W,R,R,R,R/W,R,R,R/W,R/W,R,R,R/W,R,R,R,R,R,R,R,R,R,R,N,R,R,R,R,R,R,R,R,R,R,R,R,R,N,R,R,R,R/W,R,R,R,R,R,R,R,R,R,R,R,R,R,R,R,R,R,R,R,R,N,N,R,R,R,R,N,N,R,R,R,R,R,R,R,R,R,N,N,R,R,R,R,R,R,R,N,R,N,R/W,R,R,R,R,R,R,R,R,N,R/W,R,R,R,N,R,R,R,R,R,R,R,R,R,R,N,R,R,R,R,N,R/W,R,R,R,R,R,N,R,N,R,R,R,R,R,R,R,R,R,R/W,R,R,R,R,R,R,R,R,R,R,R,R,R,R/W,R,R,R,R,R,R,R,R,R,R,R,R,R_2qf69CgAPlSZha0,R_2qf69CgAPlSZha0,1092,36.4,2020,gb
R_1nVISRfC4g7zW6M,Female,University degree or equivalent,University degree or equivalent,40,60,0,NA,Polish;40;,English;60;,,50,50,0,NA,Polish,NA,10,9,NA,NA,I always (or almost always) speak Polish to my child,English,NA,2,10,NA,NA,I always (or almost always) speak English to my child,First,NA,1,7,Both Polish and English regularly,9,R,R,R,R,R,R,R,R,R,R,R,R,R,N,N,R,R,R/W,R,R/W,R,N,R,R,R,R/W,R,R,R,R,R,R,R/W,R,R,R,R,R,R,R,R,R,R,R,R,R,R,R,R,N,N,N,N,R,N,N,N,R,R,R,R,R/W,R/W,R/W,R,R,R,R,R,R,N,R,R,N,N,R,R,R,R,R,R,R,R,N,R,R,R,R,R,R,R,R,R,R,R,R,R,R,R,R,R,R,R,R,R,N,R,N,R,R,N,R,R,R,R,R,N,R,R,R,N,R,N,R,R,R,N,R,R,R,R,R,N,N,N,R,R,R,N,R,R,R,R,R,R,R,R,R,R,N,R,R,R,R,R,R,N,R,R,R,R,R,R,R,N,R,R,R,R,R,R,N,R,N,N,N,R,R,R,R,N,N,R,R,R,N,N,N,R,R,R,R,R,R,R,R,N,R,N,N,R,N,R,R,N,R,N,R,R,R,R,R,R,R,R,R,R,R,R,R,R,R,N,R,N,R,R,N,R,R,R,R,R,R/W,N,N,N,R,R,N,N,N,R/W,R,R,R,R/W,R,R,R,R,R,R,R,R,N,R,R,R,R,R,N,R,R,R,R,R,R,R,R,R,R,R,R,R,N,R,R,R,R,R,R,N,R,R,R,R,R,R,R,R,R,R,N,R,R,R,R,R,R,R,R,R,R,N,R,R,R,R,R,R,R,R,R,R,R,R,R,R,N,R,R,R,N,R,R,N,R,R,R,R,N,R,N,R,N,R,R,R,N,R,R,R,R,R,R,R,R,R,R,R,N,R,R,N,R,R,R,R,R,R,R,N,N,R,R,R,N,R,R,R,R,N,R,R,R,R,N,R,R,N,N,N,N,R,N,R,R,R,R,R,R,R,R,R,R,R,R,R,N,N,R,R,R,R,R,R,R,N,R,R,R,R,R,R,R,R,R,BL01UK01PL024,UKPL024,687,22.9,2020,gb
R_2UVntScfSuTaq38,Male,University degree or equivalent,University degree or equivalent,75,25,0,NA,Polish;75;,English;25;,,85,15,0,NA,Polish,NA,10,7,0,NA,I always (or almost always) speak Polish to my child,Polish,NA,10,8,NA,NA,I always (or almost always) speak Polish to my child,Second,NA,2,29,Always (or almost always) English,1,R/W,R/W,R/W,R,R/W,R/W,R/W,R/W,R/W,R/W,R/W,R/W,R/W,R/W,R,R/W,R/W,R/W,R/W,R/W,R/W,N,R/W,R/W,R/W,R/W,N,R,N,N,R,R,R/W,R/W,R,R/W,R/W,R/W,R/W,R/W,R/W,R/W,R/W,R/W,N,R,R/W,R/W,R/W,R/W,R/W,R/W,R/W,R/W,R/W,R/W,R/W,R/W,R/W,R/W,R/W,R/W,R/W,R/W,R/W,R/W,R/W,R/W,R/W,R/W,N,R/W,R/W,R/W,N,R/W,R/W,R/W,R,R/W,R/W,R/W,R/W,R/W,R,R/W,R/W,R/W,R/W,R,R/W,R/W,R/W,N,R/W,R/W,R,R/W,R/W,R/W,R/W,R/W,R/W,R/W,R,R,R/W,R/W,R/W,R/W,R/W,R/W,R/W,R/W,R/W,R/W,R,R/W,N,R,N,R/W,N,R,R,R,N,R,N,R/W,N,R,R,R,N,R/W,R/W,N,N,R/W,R,R,R/W,R/W,R/W,R/W,N,R/W,R,R/W,N,N,R/W,R,R,R/W,R,R/W,R/W,R/W,R/W,R,R/W,R,R/W,R/W,R/W,R,R/W,R/W,R/W,R,R,N,R/W,N,R,R/W,N,R,R,R/W,R,R/W,R/W,N,N,R,R,R/W,R/W,R/W,R/W,R/W,R,R/W,N,R/W,R/W,R,R/W,N,R,R/W,R,R/W,R,R,N,R/W,R,R/W,N,R/W,R,R,R,R/W,R/W,R,R/W,R/W,R/W,R/W,R/W,R/W,R/W,R/W,R/W,R/W,R,R,R,R/W,R,N,R,R/W,R/W,R,R,N,R/W,R/W,R/W,R/W,R/W,R/W,R/W,R,R,R/W,R/W,R/W,R/W,N,R/W,R/W,R/W,R/W,R/W,R,R/W,R/W,R,R/W,R/W,R,R/W,R/W,R/W,R/W,R/W,R/W,R,R/W,R/W,R/W,R/W,R/W,R,R/W,R,R/W,R,R/W,R,R/W,R,R/W,R/W,R/W,R/W,R/W,R/W,R,R,R/W,R/W,R/W,R/W,R,R/W,R,R,R/W,R/W,R/W,R,R/W,R/W,R/W,R,R/W,R/W,R,R,R,R/W,N,R,R,R/W,R,R,R/W,R,R/W,R/W,R,N,R,R,R,R/W,R,R/W,R/W,R,N,R,N,R/W,R/W,R,R/W,R/W,R,N,R/W,R/W,N,R,R,N,R/W,R,R/W,N,N,R,R/W,N,R,N,R/W,R/W,N,R/W,R,R,R,R/W,R/W,R/W,R/W,R/W,R/W,R/W,R/W,R,R,R,R,R/W,R,R/W,R/W,R/W,R/W,R/W,R/W,R,R/W,R/W,R/W,R/W,R/W,R,R/W,R/W,R/W,R,R,R/W,R/W,R/W,R,R,R/W,R/W,N,R/W,R/W,R/W,R/W,R,R/W,R_2UVntScfSuTaq38,R_2UVntScfSuTaq38,959,31.96666667,2020,gb
R_2CeKgsvWMTLoFf4,Male,University degree or equivalent,University degree or equivalent,40,60,0,NA,Polish;40;,English;60;,,40,60,0,NA,Polish,NA,10,8,NA,NA,I always (or almost always) speak Polish to my child,Polish,NA,10,NA,NA,NA,I always (or almost always) speak Polish to my child,First,NA,1,NA,NA,1,R,R,N,R,R/W,R,R,N,R,N,R,R,N,N,N,N,N,R,N,N,N,N,N,R,N,N,N,N,N,N,N,N,R,N,N,N,N,N,N,N,N,N,N,N,N,N,N,R,N,N,N,N,N,R,N,N,N,N,N,N,R/W,R,N,R,N,N,N,N,N,N,N,N,N,N,N,N,N,N,N,N,N,N,N,N,N,N,N,N,N,N,N,N,N,R,R,N,N,N,N,N,N,R,N,N,N,N,N,N,N,N,N,R,N,N,N,N,N,N,N,N,N,R/W,N,N,N,N,N,R,N,N,N,N,N,N,N,R,N,N,N,N,N,N,N,N,N,N,N,N,N,N,N,N,N,N,N,N,N,N,N,N,N,N,N,N,N,N,N,N,N,N,N,N,N,N,N,N,N,N,N,N,N,N,N,N,R,N,N,N,N,N,N,R,N,N,N,N,N,N,N,N,N,N,N,N,N,N,N,N,R,N,N,N,N,N,N,N,N,N,R,N,N,N,N,R,N,R,N,N,N,R/W,R/W,R,N,R/W,N,N,N,N,N,N,N,N,R/W,N,N,N,N,R,N,R,N,N,R/W,N,N,R/W,R/W,R,N,R,N,N,N,R,N,N,N,N,N,N,R/W,N,R,N,R,N,R,N,R,N,R,N,N,N,N,R,N,N,R,N,R,R,R,N,N,N,R,N,N,R,N,N,N,N,N,N,R,N,N,N,N,N,N,N,N,N,N,R,N,N,R,N,N,N,N,R,N,N,N,N,N,N,N,N,N,N,N,N,N,N,N,R,N,N,R,N,N,N,N,R,N,N,R,N,N,N,N,N,N,N,N,N,N,N,N,N,N,N,N,N,N,N,N,R,N,R,N,R,N,N,R,N,N,N,R,N,R,N,N,N,N,N,N,N,N,R,N,N,N,R,R,N,N,N,R,N,N,N,N,R,N,N,R,N,N,N,N,N,BL01UK01PL025,UKPL025,730,24.33333333,2020,gb
R_2uP5aQWXkmpX8Dk,Male,University degree or equivalent,University degree or equivalent,90,10,0,NA,Polish;90;,English;10;,,100,0,0,NA,Polish,NA,10,7,NA,NA,I always (or almost always) speak Polish to my child,Polish,NA,10,9,NA,NA,I always (or almost always) speak Polish to my child,First,NA,1,NA,NA,3,R,R/W,R/W,R,N,N,R,R,R/W,R,N,R,N,N,N,R,R,R,R,R,R,N,N,R,R,R,N,R,N,R,N,N,R,N,N,R,N,R,N,R,R,R,N,N,N,N,R,R,N,R,N,N,N,N,R,N,R,R,R,R,R,N,R,N,N,N,R,N,N,N,N,N,N,R,N,R,R,R,N,R,N,R,R,N,R,R,R,N,N,N,N,R,N,N,R,N,N,R,N,N,R,R,R,N,N,N,N,N,R,N,R,R,N,R,R,R,N,N,N,N,N,R,N,N,R,N,N,R,R,R,N,N,N,N,N,R,N,N,N,N,N,R,N,R,R,N,N,N,R,R,R,R,R,R,N,R,N,N,R,R,N,N,R,N,N,N,N,N,R,N,R,N,N,N,N,N,N,N,N,N,N,N,N,R,R,N,N,N,R,N,R,R,R,R,R,R,N,R,R,N,N,N,N,R,N,R,N,R,R,R,N,R,R,N,R,R,R,R,R,R,N,N,N,R,N,N,R,N,R,R,N,N,N,R,N,N,N,N,N,N,N,N,R,R,R,R,R,R,R,R,R,R,R,R,R,R,R/W,R,R,R/W,R,N,N,R,R,R,R,R,R,N,R/W,N,R,R,R,R,N,R,R,R,N,N,N,N,N,N,N,R,R,R,R,N,R,N,R,R,N,R,R,R,N,N,R,N,N,N,R,N,N,R,N,N,R,N,R,N,R,R,R,N,R,N,R,R,N,R,N,N,R,N,N,N,R,R,N,N,R,N,N,N,R,N,R,N,R,R,N,N,N,N,R,R,R,N,R,R,R,R,N,N,R,R,N,N,N,R,N,N,N,N,N,N,R,R,N,R,N,N,R,N,N,N,N,N,R,N,N,R,R,R,R,R,R,N,N,N,R,R,N,N,R,R,R,R,R,R,N,N,R,N,N,N,N,N,N,N,N,N,BL01UK01PL026,UKPL026,490,16.33333333,2020,gb
R_qOXj9KXML1Nq4XT,Female,University degree or equivalent,University degree or equivalent,35,65,0,NA,Polish;35;,English;65;,,50,50,0,NA,Polish,NA,10,8,4,Bulgarian ,I always (or almost always) speak Polish to my child,English,NA,3,10,NA,NA,I regularly speak both Polish and English to my child,First,NA,1,12,Always (or almost always) English,9,R/W,R/W,R/W,R/W,R/W,R/W,R/W,R/W,R/W,R/W,R/W,R/W,R,N,R,R/W,R/W,R/W,R/W,R/W,R/W,R,R/W,R/W,R/W,R/W,R/W,R/W,R,R/W,R/W,R/W,R/W,R/W,R,R/W,R/W,R/W,R,R/W,R/W,R/W,R/W,R/W,R/W,R,R,R/W,R/W,R,R/W,R/W,R/W,R/W,R/W,R,R/W,R/W,R/W,R/W,R/W,R/W,R/W,R/W,R/W,R/W,R/W,R/W,R/W,R/W,R/W,R/W,R/W,R/W,R,R/W,R/W,R/W,R/W,R,R/W,R/W,R/W,R/W,R/W,R/W,R/W,R/W,R,R,R/W,R,R/W,R/W,R/W,R/W,R,R/W,R,R,R/W,R/W,R/W,R/W,R/W,R,R/W,R/W,R/W,R/W,R,R/W,R,R/W,R/W,N,N,N,N,N,N,N,N,R/W,R/W,R/W,R,R/W,R,R/W,R/W,R,N,N,N,R,R,N,N,R/W,N,R,R/W,R,R,R/W,R,R/W,R,R/W,R/W,R,R,R/W,R,R,N,R/W,R/W,R/W,R/W,R/W,R,R/W,N,R/W,R/W,R,R/W,R,R,R,R/W,R,R,R,R,R/W,R,R/W,R/W,R,R,R/W,R/W,R,R,R,R,R/W,R,R/W,R,R/W,R,R/W,R,N,R,N,R,N,R/W,R,R,R/W,R,R/W,R/W,R/W,R,R/W,R/W,R/W,R/W,R,R,R/W,R/W,R/W,R/W,R/W,R,R/W,R,R/W,R/W,R/W,R/W,R/W,R,R/W,R,R/W,R,R,R,R/W,R/W,R/W,R/W,R,R/W,R/W,R/W,R/W,R/W,R,R/W,R/W,R,R/W,R/W,R/W,R/W,R/W,R/W,R,R,R/W,R/W,R,R,R/W,R,R/W,R/W,R/W,R,R/W,R/W,R/W,R,R/W,R/W,R/W,R/W,R/W,R/W,R/W,R,R/W,R/W,R,R/W,R/W,R/W,R/W,R,R/W,R/W,R/W,R/W,R/W,R/W,R/W,R,R,R,R/W,R/W,R,R,R,N,R,R,R/W,R/W,R,R/W,R/W,R/W,N,R/W,R,R/W,R/W,R,R,R,R/W,R/W,N,R/W,R/W,R,R,R,R,N,R,R/W,R,R/W,R/W,R/W,R/W,R/W,R/W,N,R,R/W,R/W,R/W,R/W,R/W,R/W,R,R/W,R/W,R/W,R/W,R,R,R/W,R,R,R,R/W,R,R/W,N,R,R,R/W,R,R/W,R/W,N,R/W,R/W,R/W,R/W,R,R/W,R,N,R,R/W,R/W,R,R/W,R,R,R/W,R/W,R/W,R,R,R/W,R/W,N,N,R,R/W,R/W,R/W,R,R,R/W,R/W,R,R,R/W,R/W,R/W,R,N,R/W,R/W,R,R/W,N,R/W,R/W,N,R/W,R_qOXj9KXML1Nq4XT,R_qOXj9KXML1Nq4XT,1040,34.66666667,2020,gb
R_3O1vtKuSvOl2ZBO,Female,University degree or equivalent,University degree or equivalent,40,60,0,NA,Polish;40;,English;60;,,60,40,0,NA,Polish,NA,10,7,0,NA,I regularly speak both Polish and English to my child,English,NA,0,10,NA,NA,I always (or almost always) speak English to my child,First,NA,1,NA,NA,1,R,R/W,R,R/W,R/W,R/W,R/W,R/W,R/W,R/W,R/W,R/W,R,R,N,R,R/W,R/W,R/W,R/W,R/W,R,R/W,R/W,R,R/W,R/W,R/W,R,R,R,R,R/W,R/W,R/W,R/W,R/W,R/W,R/W,R/W,R/W,R,R/W,R/W,R,R,R/W,R/W,R/W,R,R,R/W,R/W,R/W,R/W,R,R,R/W,R,R,R,R/W,R/W,R,R,R,R/W,R/W,R,R,R,R/W,R/W,R/W,R,R/W,R/W,R,R/W,R,R/W,R,R/W,R/W,N,R/W,R/W,R/W,R,R,R/W,R/W,R/W,R/W,R/W,R/W,R/W,R,R,R,R/W,R/W,R/W,R/W,R,R,R/W,R,R/W,R,R,R/W,R,R/W,R,R/W,N,R,R,R,R,R/W,R,R,R,R/W,R,R/W,R,R/W,R/W,R/W,R,N,N,R/W,R,N,R,R/W,R,R/W,R,R,R,R/W,R/W,R/W,R,R,R/W,R,R,R/W,R,R,R,R,R/W,R/W,R,R,R,R,R,R/W,R/W,N,R,R/W,R,R,R/W,R/W,R/W,N,R,R/W,R,R/W,N,N,N,R/W,R,N,R,R,R/W,R/W,R,R/W,R/W,R/W,N,R,N,R,N,R,R/W,N,R/W,R,N,R,N,R,R/W,R,N,R/W,N,R/W,R/W,R,R,R,R/W,R/W,R/W,R/W,R,R/W,N,R,R/W,N,R,R,R,R,R,R/W,N,N,R,R,R,N,R,R,R/W,R,R/W,R,R/W,R,R/W,R,R,R/W,R/W,R,R,R,R/W,R,R,R/W,R/W,R,R/W,R/W,R,R,R,R,R,R,R,R,R,R,R,R,R,R,R/W,R,R,R,R,R,R/W,R,R,R,R,R,R,R,R,R,R,R,R,R,R,R,R,R,R,R,R,R,R,R,R,R,R,R/W,R,R/W,R/W,R,N,R,R,N,R/W,R,R,N,R,R,R,R,R,R,N,R,N,R,R/W,N,R/W,R,R,R/W,R/W,R,R/W,R/W,R,R,R,R,R,R/W,R/W,R/W,R,R,N,R/W,N,R,R,R,R,R,N,R,N,R,R,R/W,R/W,R,N,R,R/W,N,R,R,R,R,R,R,R/W,R,R,R/W,R,R,R/W,R,N,N,R,R,R,R,R,R/W,R,R,R,R,R,R,R,R,R/W,R/W,N,N,R,R,N,R,R/W,N,R/W,R/W,N,R,R_3O1vtKuSvOl2ZBO,R_3O1vtKuSvOl2ZBO,899,29.96666667,2020,gb
R_1C8zW19vs1gc6GJ,Male,Left school at 18 with A-Levels or equivalent,Left school at 18 with A-Levels or equivalent,50,50,0,NA,Polish;50;,English;50;,,99,1,0,NA,Polish,NA,10,6,NA,NA,I always (or almost always) speak Polish to my child,English,NA,1,10,NA,NA,I always (or almost always) speak English to my child,Second,NA,2,NA,NA,NA,R/W,R/W,R,R/W,N,R/W,R/W,R/W,R/W,R/W,R/W,R,N,N,N,R,R,R,R,R,R,N,R,R,R,R,N,R,R,R,N,R,R,N,N,R,R,N,N,R/W,N,N,N,R,N,R,N,R,R,R,N,R,R,R,R,R,R,R/W,R,N,R,N,R,R,R,R,R/W,N,N,N,N,N,N,N,N,R,R,R,N,N,R,R,N,N,N,R,R,N,N,N,N,N,N,N,R/W,R,N,R,R,R,R,R/W,R,R,R,N,R,N,R,R,N,R,N,R,R,R,N,N,N,N,R,R,N,R,R,R,N,R,N,R,N,N,N,N,R,R,R,N,N,R,R,R,R,R,R,R,R,R,R,R,R,N,N,R,R,R,R,N,R,R,R,N,R,N,N,N,R,N,N,N,R,N,R,N,N,N,N,R,N,N,N,R,N,R,R,N,N,R,N,R,R,R,R,R,N,R,N,N,N,N,N,N,N,R,N,R,N,N,N,N,N,R,N,N,R,N,N,R,R,R,N,R,N,R/W,N,N,R,N,R,R,R,R,N,R/W,N,N,N,N,N,N,N,R,R/W,R,R/W,N,R/W,R,R,R,N,N,R,R,N,N,R/W,R,R,R/W,R,N,R,R/W,N,R,N,N,N,R,N,R,N,R,R,N,R,R,R,R,R,N,R,R,N,N,N,N,N,N,N,R,R,N,N,N,R,N,R,N,N,N,N,N,N,R,R,R,N,R,R,N,R,N,R,N,N,R,R,N,N,R,N,N,N,R,N,N,R,N,N,N,R,R,R,N,R,N,N,N,N,N,N,R,N,N,N,N,N,N,R,N,N,N,N,N,N,R,N,R,N,N,N,N,N,R,N,N,R,N,N,N,N,N,R,R,N,N,R,N,N,N,N,N,N,N,N,R,N,N,N,R,N,N,N,N,N,N,N,N,N,N,N,N,N,R,N,N,N,N,N,N,R,N,N,N,N,N,BL01UK01PL027,UKPL027,508,16.93333333,2020,gb
R_571zwTh6zgNppFn,Female,University degree or equivalent,University degree or equivalent,30,70,0,NA,Polish;30;,English;70;,,50,50,0,NA,Polish,NA,10,7,NA,NA,I regularly speak both Polish and English to my child,English,NA,2,10,NA,NA,I always (or almost always) speak English to my child,First,NA,1,NA,NA,1,R,N,N,N,N,N,N,N,R,N,N,N,N,N,N,N,N,N,N,N,N,N,N,N,N,N,N,N,N,N,N,N,N,N,N,N,N,N,N,N,N,N,N,N,N,N,N,N,N,N,N,N,N,N,N,N,N,N,N,N,N,N,N,N,N,N,N,N,N,N,N,N,N,N,N,N,N,N,N,N,N,N,N,N,N,N,N,N,N,N,N,N,N,N,N,N,N,N,N,N,N,N,N,N,N,N,N,N,N,N,N,N,N,N,N,N,N,N,N,N,N,N,N,N,N,N,N,N,N,N,N,N,N,N,N,N,N,N,N,N,N,N,N,N,N,N,N,N,N,N,N,N,N,N,N,N,N,N,N,N,N,N,N,N,N,N,N,N,N,N,N,N,N,N,N,N,N,N,N,N,N,N,N,N,N,N,N,N,N,N,N,N,N,N,N,N,N,N,N,N,N,N,N,N,N,N,N,N,N,N,N,N,N,N,N,N,N,N,N,N,N,N,N,N,N,N,R,N,N,N,N,N,N,R,N,N,N,N,N,N,N,N,R,N,N,N,N,N,R,N,N,N,R,N,N,N,R,N,N,R,N,N,N,N,N,N,N,N,N,N,N,N,N,N,N,N,N,N,N,N,N,N,N,N,N,N,N,N,N,N,N,N,N,N,N,N,N,N,N,N,N,N,N,N,N,N,N,N,N,N,N,N,N,N,N,N,N,N,N,N,N,N,N,N,N,N,N,N,N,N,N,N,N,N,N,N,N,N,N,N,N,N,N,N,N,N,N,N,N,N,N,N,N,N,N,N,N,N,N,N,N,N,N,N,N,N,N,N,N,N,N,N,N,N,N,N,N,N,N,N,N,N,N,N,N,N,N,N,N,N,N,R,N,N,N,R,N,N,N,N,N,N,N,N,N,N,N,N,N,N,N,N,N,N,N,N,N,N,R_571zwTh6zgNppFn,R_571zwTh6zgNppFn,366,12.2,2020,gb
R_0MNDmmdcXLVBT9v,Male,University degree or equivalent,University degree or equivalent,30,70,0,NA,Polish;30;,English;70;,,50,50,0,NA,Polish,NA,10,9,NA,NA,I always (or almost always) speak Polish to my child,English,NA,NA,10,NA,NA,I always (or almost always) speak English to my child,Third,NA,3,13,Always (or almost always) English,1,R/W,R/W,R/W,R,R,R,R,R/W,R/W,R/W,R/W,R,N,N,N,R,R,R,R,R,R,N,N,R,R,N,R,N,N,R,N,N,R,R,R,R,R,R,N,R,R,R,N,R,N,N,R,R,R,R,R,R,R,R,R,R,N,N,R,N,R,N,N,R,R,R,N,R,N,N,N,N,N,N,N,R,R,R,N,N,N,N,R,N,N,R,R,N,N,R,N,R,R,N,R,R,R,R,R,N,R,R,R,N,N,N,N,N,R,R,N,R,N,R,R,R,N,N,R,N,N,R,N,N,R,N,N,R,N,R,N,N,N,N,N,R,N,N,R,R,N,N,N,R,N,N,N,R,N,R,R,N,N,N,N,N,N,N,R,R,R,R,R,R,N,R,R,R,N,R,N,N,N,N,N,N,N,N,N,R,N,N,N,R,N,N,N,N,N,R,N,N,R,R,N,R,N,N,N,N,N,N,R,R,N,N,N,N,N,N,N,R,R,R,R,R,R,R,R,R,N,R,R,N,R,N,N,N,N,R,N,N,N,R,N,N,N,N,N,N,N,R,R,N,N,N,R/W,R,R/W,R,R,R,N,R,N,N,R/W,R,R,R/W,R,N,R,R,N,N,R,N,R,R,R/W,R,N,N,N,N,R,R,R,R,N,N,N,N,N,N,N,R,N,N,R,R,R,N,R,N,R,R,R,R,N,N,N,N,N,R,R,R,N,R,N,N,R,R,R,N,R,R,R,N,N,N,R,N,N,R,N,N,R,N,N,N,N,R,R,N,R,R,N,N,N,N,R,N,N,N,N,N,N,N,N,N,N,N,N,N,N,R,N,N,N,N,N,N,N,N,N,N,R,N,N,N,N,N,N,R,N,N,R,N,N,N,N,R,N,N,N,R/W,R,R,R,R,N,R,R,R,R,R,N,N,N,N,N,N,R,R,N,N,N,N,N,N,N,N,R,N,N,N,BL01UK01PL028,UKPL028,455,15.16666667,2020,gb
R_3siZtuJcA1YR4Mj,Female,University degree or equivalent,University degree or equivalent,30,60,10,gujarati,Polish;30;,English;60;,Gujarati;10;,50,50,0,NA,Polish,NA,10,8,NA,NA,I always (or almost always) speak Polish to my child,English,NA,NA,10,6,gujarati,I always (or almost always) speak English to my child,First,NA,1,16,Always (or almost always) English,1,N,R,R/W,R,R,R/W,N,R/W,N,N,N,N,R,N,N,R,R,R/W,R,R,R,N,R,R,R,R,R,R,R,R,N,R,R/W,R,R,R,N,R,R,R,R,R,N,R,N,N,R,R,R,N,N,N,R,N,N,N,N,N,R,R,R,R,R,R,N,R,R,R,R,R,N,N,R,N,R,R,N,R/W,N,N,R,R,R,R,N,R,R,N,R,N,N,N,N,R,N,N,N,N,N,N,N,N,N,N,N,N,N,N,N,N,N,N,N,N,N,R,N,N,R,N,R,R,N,N,R,R,R,R,R,R,R,R,N,N,N,N,R,N,R,R,N,N,N,N,R,R,N,N,R,N,R,N,N,R,N,N,N,N,N,R,N,R,N,N,N,R,N,N,N,N,N,N,R,N,N,N,N,N,N,N,N,N,N,N,R,N,N,N,N,R,R,N,R,N,N,N,N,N,N,N,N,N,N,N,N,R,N,R,N,N,N,N,R,R,R,R,N,N,N,N,R,N,N,R,N,N,N,N,R,R,R,N,N,R/W,N,N,N,N,N,N,N,N,R/W,N,R,N,R/W,R,R,R,N,R,R/W,R,R,R,R/W,R,R,R/W,R,R,R,R,N,R,N,N,N,R,N,N,N,R,N,N,N,N,N,R,R,N,N,N,N,N,N,N,N,R,R,R,R,N,N,N,N,N,N,N,N,N,N,N,N,R,N,R,N,R,N,N,N,N,R,N,R,R,N,N,N,N,N,N,N,N,N,N,R,N,N,N,N,N,N,N,N,N,N,N,N,N,R,N,R,N,N,N,N,N,R/W,N,N,N,N,N,N,N,N,N,N,N,N,N,N,N,N,N,N,N,N,N,N,N,N,N,N,N,N,N,N,N,N,N,N,N,N,N,N,N,N,N,N,N,N,N,N,N,N,R,R,R,N,R,N,N,N,N,N,N,N,N,N,N,N,N,N,N,BL01UK01PL029,UKPL029,535,17.83333333,2020,gb
R_5bYoMoSJLGomgi5,Female,University degree or equivalent,University degree or equivalent,25,75,0,NA,Polish;25;,English;75;,,100,0,0,NA,Polish,NA,10,7,NA,NA,I always (or almost always) speak Polish to my child,Polish,NA,10,6,NA,NA,I always (or almost always) speak Polish to my child,First,NA,1,9,Always (or almost always) English,NA,R/W,R/W,R/W,R,R,R,R,R,R/W,R,R,R/W,N,N,N,R,R,R,N,R,R,N,N,R,R,R,R,R,N,R,N,R,R,R,R,R,N,R,R,R,N,R,R,R,R,R,R,R/W,R,N,R,N,R,R,R,R,N,R,R,R,R,R,R,R,R,R,R,R,R,N,R,N,N,N,R,R,R,R/W,N,N,N,R,R,N,N,R,N,R,R,R,N,R,N,R,R,R,N,R,N,N,R,R,R,R,N,N,R,N,N,R,R,R,R,R,N,R,N,N,R,N,N,R,N,N,R,R,N,R,N,R,R,R,N,N,N,R,N,N,R,R,R,R,R,R,R,R,R,R,N,R,R,R,N,R,N,N,N,N,R,R,R,R,R,R,N,R,R,N,N,N,R,N,R/W,N,N,N,N,N,N,R/W,N,N,N,R,R,N,N,N,N,N,N,N,N,R,N,R,N,R,N,N,N,N,N,N,N,N,N,R,N,R,N,R,N,N,R,R,N,R,R,R,R,R,N,R,N,N,N,N,R,N,N,N,N,R/W,N,N,N,N,N,N,N,N,R/W,N,R,R,R,R,R,R,R,N,R,R,R,N,R/W,R,R,R,N,N,R,R,N,N,N,N,N,R,R,R,N,R,N,R,R,R,R,R,R,R,R,R,N,N,N,R,R,N,R,R,R,R,N,N,R,N,R,R,N,N,N,N,N,R,R,R,R,R,R,N,N,N,R,N,R,R,R,N,N,N,R,N,R,N,N,N,N,N,N,N,R,N,R,R,R,R,N,N,R,N,N,N,N,R,N,N,N,N,R,N,N,N,N,N,N,N,N,N,N,R,N,N,N,N,N,N,N,N,N,N,R,N,N,R,N,N,R,N,N,N,N,N,R,N,N,N,N,N,N,N,N,N,N,N,N,N,N,N,N,N,N,N,R,N,N,N,N,N,N,N,N,N,N,N,N,N,BL01UK01PL030,UKPL030,605,20.16666667,2020,gb
R_1CkYxOYgtja9KVu,Male,University degree or equivalent,University degree or equivalent,40,60,0,NA,Polish;40;,English;60;,,50,50,0,NA,Bilingual Polish and English,NA,10,8,7,French,I always (or almost always) speak Polish to my child,English,NA,0,10,9,NA,I always (or almost always) speak English to my child,First,NA,1,36,Always (or almost always) English,12,R/W,R/W,R/W,R/W,R/W,R/W,R/W,R/W,R/W,R/W,R/W,R,N,N,N,R,R/W,R/W,R/W,R/W,R/W,N,N,R/W,R/W,R,R/W,R/W,N,R/W,R/W,R/W,R/W,R/W,R/W,R/W,R/W,R/W,R/W,R/W,R/W,R/W,R/W,R/W,R/W,R,R/W,R/W,R/W,R/W,R/W,R/W,R/W,R/W,R/W,R/W,N,R/W,R,R/W,R/W,R,R/W,R/W,R,R/W,R/W,R/W,R/W,R/W,R/W,R/W,N,N,R/W,R/W,R/W,R,R,R/W,R/W,R/W,R/W,R/W,N,R/W,R,R/W,R,R/W,R/W,R/W,R,R/W,R/W,R/W,N,R/W,N,N,R/W,R/W,R/W,R/W,N,R/W,N,N,N,N,R/W,R/W,R,R/W,R/W,R/W,R/W,N,R/W,R,N,R,N,R/W,R/W,R/W,R,R/W,N,R/W,R,R/W,R,N,N,R/W,R,N,N,R/W,N,R/W,R,R,R/W,R,R/W,R/W,R/W,R/W,R/W,R/W,N,R/W,N,R/W,N,R/W,R/W,R/W,R/W,R/W,R,R/W,R/W,R/W,R/W,R/W,R/W,R/W,R/W,R/W,R/W,R/W,R/W,R/W,R,R/W,R,R/W,R/W,R/W,R,R,R/W,N,N,N,R/W,R/W,R/W,R/W,R/W,R,R,R/W,N,R,R/W,R/W,R/W,R/W,R/W,R/W,R,R/W,R,R,R/W,R/W,R,R/W,R/W,R/W,R/W,R,R/W,N,R/W,N,R/W,R,R/W,NA,NA,NA,NA,NA,NA,NA,NA,NA,NA,NA,NA,NA,NA,NA,NA,NA,NA,NA,NA,NA,R/W,R/W,R/W,R/W,R/W,R/W,R,R/W,R/W,R/W,R,R/W,R,R/W,R/W,R/W,R/W,N,R,R/W,N,R/W,R,R/W,R/W,R/W,R/W,R/W,R/W,R/W,R,R/W,R/W,R/W,R/W,R/W,R/W,R/W,R/W,N,R/W,R/W,R/W,N,R/W,R/W,R/W,R/W,R/W,R/W,R,R/W,R/W,N,R/W,R/W,R/W,R,R/W,N,N,R,R/W,R/W,R/W,R/W,R/W,R/W,R/W,R/W,R/W,R,R/W,R/W,R/W,R,R/W,R,R,R/W,R,R/W,R/W,R/W,R/W,N,N,R/W,R/W,R/W,R/W,R/W,R/W,R/W,R/W,R/W,R/W,N,R/W,R/W,R/W,R/W,R/W,R/W,N,R,R/W,R/W,R/W,R,N,R/W,N,R/W,N,R/W,R,R/W,R/W,R/W,R/W,R/W,R,R/W,R/W,R/W,R/W,R/W,R/W,R/W,R/W,R/W,N,R,R/W,R/W,R/W,R/W,R/W,R/W,R/W,R/W,R/W,R/W,R/W,R/W,R/W,R/W,R/W,R,R,N,R/W,R/W,R/W,R/W,R/W,R/W,R,R/W,R/W,R/W,R/W,N,R,R/W,R/W,R/W,R/W,R,R/W,R/W,N,R/W,BL01UK01PL031,UKPL031,1460,48.66666667,2020,gb
R_1DYVrGwkT87sKZ6,Female,University degree or equivalent,Left school at 18 with A-Levels or equivalent,70,29,1, ,Polish;70;,English;29;,Other;1;,70,30,0,NA,Polish,NA,10,8,NA,NA,I always (or almost always) speak Polish to my child,English,NA,NA,10,NA,NA,I always (or almost always) speak English to my child,First,NA,1,NA,NA,8,R/W,R/W,R/W,R/W,R/W,R/W,R/W,R/W,R/W,R/W,R/W,R/W,R/W,N,N,R/W,R/W,R/W,R/W,R,R/W,N,R/W,R/W,R/W,R/W,N,R/W,R,R/W,R,R/W,R/W,R,N,R/W,R/W,R/W,R,R/W,R/W,R/W,R/W,N,N,N,R/W,R/W,N,N,R/W,N,R,N,R/W,N,R/W,N,N,R,R,R/W,R/W,R/W,N,R,R/W,R,N,N,N,N,R,R/W,N,R/W,N,R/W,R/W,R,N,R/W,R/W,R/W,N,R/W,R/W,R/W,R,R/W,R/W,R/W,N,N,R/W,R/W,R,R,R,N,R/W,R/W,R/W,R,R,N,R/W,R,R,R,R,R/W,N,R/W,R,R/W,N,R/W,R/W,N,N,R/W,N,R/W,R/W,R/W,N,R/W,R,R,N,N,N,N,N,R,N,N,N,R,R,R,R,R,R,R,R/W,R/W,R,R,R,R,N,N,N,R/W,N,N,R/W,R/W,R/W,N,R/W,R,N,N,R,R,R,N,N,N,R,N,N,N,N,R,R,N,N,N,N,R/W,R,R,R,R,R,R/W,R/W,R/W,R,R,N,R/W,R,R,N,N,R,N,N,R,N,R/W,N,N,N,N,N,R,N,N,R,N,R,N,R,N,N,R,N,R/W,N,N,R/W,N,R/W,R/W,R/W,N,N,R/W,N,N,N,R/W,R/W,N,N,N,R/W,R/W,R/W,R/W,R/W,N,R/W,R/W,R,R,R,R/W,N,N,R/W,R,R,R/W,R/W,R,R,R,R,R,R,R/W,R,R,R,R,N,R,R/W,R/W,R/W,R/W,R/W,R/W,N,N,N,R/W,N,N,N,R/W,N,R,R/W,R,R/W,R/W,R/W,N,R/W,N,R,R,R,N,N,N,N,R,R,N,R,R,R,N,N,R/W,R/W,N,R,R/W,R/W,N,N,N,R,R,R,R,N,R,R,N,N,N,N,R,R/W,N,R,R/W,R,N,R,N,R/W,R/W,R/W,R,R,N,R,R/W,R/W,N,N,R,N,R,N,R,R,R,R,R/W,N,R,N,R,N,N,R/W,N,N,N,N,R,R,R/W,R,N,R,N,N,N,N,R,R,N,N,N,N,N,R,R/W,N,N,R,R/W,N,N,N,R,R,R,R,R,R,R/W,N,N,N,N,N,N,R/W,R/W,R/W,R,N,N,BL01UK01PL032,UKPL032,620,20.66666667,2020,gb
R_3niuE2I54CmD51P,Male,University degree or equivalent,University degree or equivalent,10,90,0,NA,Polish;10;,English;90;,,5,95,0,NA,Polish,NA,10,9,NA,NA,I always (or almost always) speak English to my child,English,NA,0,10,NA,NA,I always (or almost always) speak English to my child,First,NA,1,8,Always (or almost always) English,1,N,R/W,N,N,N,N,R/W,R/W,R/W,R/W,N,R/W,N,N,N,R,R,N,N,N,R,N,N,N,N,R,R/W,N,N,N,N,N,N,N,N,N,N,N,N,N,N,N,N,N,N,N,N,N,N,N,N,N,N,N,R,N,N,N,N,N,N,R,R/W,R,N,N,R,N,N,N,N,N,N,N,N,N,N,N,N,N,N,N,N,N,N,N,N,N,N,N,N,N,N,N,N,N,N,N,N,N,N,N,N,N,N,N,N,N,N,N,N,N,N,N,N,N,N,N,N,N,N,N,N,N,N,N,N,N,N,N,N,N,N,N,N,N,N,N,N,N,N,N,N,N,N,N,N,N,N,N,N,N,N,N,N,N,N,N,N,N,N,N,N,N,N,N,R,N,N,N,N,N,R/W,N,N,N,N,N,N,N,N,N,N,N,N,N,N,N,N,N,N,N,N,N,N,N,N,N,N,N,N,N,N,N,N,N,N,N,N,N,N,N,N,N,N,N,N,N,N,N,N,N,N,R/W,N,R/W,R/W,N,R/W,N,N,N,N,R/W,N,N,N,N,N,N,N,N,R/W,R/W,N,N,N,N,R,N,N,N,N,N,N,N,N,N,N,R,N,N,N,N,N,N,N,N,N,N,N,N,N,N,N,N,N,N,N,N,N,N,N,N,N,N,N,N,N,N,N,N,N,N,N,N,N,N,N,N,N,N,N,N,N,N,N,N,N,N,N,N,N,N,N,N,N,N,N,N,N,N,N,N,N,N,N,N,N,N,N,N,N,N,N,N,N,N,N,N,N,N,N,N,N,N,N,N,N,N,N,N,N,N,N,N,N,N,N,N,R,N,N,N,N,N,N,N,N,N,R,N,N,N,N,N,N,N,N,N,N,N,N,N,N,N,N,N,N,N,N,N,N,N,N,N,N,N,N,N,N,N,N,N,N,N,N,N,N,N,N,N,N,N,N,N,N,N,BL01UK01PL033,UKPL033,1052,35.06666667,2020,gb
R_33d3cx9e4lDalk3,Female,University degree or equivalent,University degree or equivalent,30,70,0,NA,Polish;30;,English;70;,,55,45,0,NA,Polish,NA,10,9,NA,NA,I regularly speak both Polish and English to my child,English,NA,3,10,NA,NA,I regularly speak both Polish and English to my child,First,NA,1,10,Always (or almost always) English,1,N,N,N,R,R,R,R,R,R,R,N,N,N,N,N,N,R,R,N,N,R,N,N,N,N,R,R,R,N,R,N,N,N,N,N,N,N,N,N,N,N,N,N,N,N,N,N,N,N,N,N,N,N,N,N,N,N,R,N,N,R,N,R,R,N,N,R/W,N,N,N,N,N,N,N,N,N,N,R,N,N,N,R,N,N,N,N,N,N,N,N,N,N,N,N,R/W,R,N,R,N,N,N,R,N,N,N,N,N,N,N,N,N,N,N,N,R,R,N,N,N,N,N,R,N,N,R,N,N,R,N,R,N,N,N,N,N,R,N,N,N,N,N,R,N,N,N,R,N,N,N,N,R,N,N,R,N,N,N,N,N,R,N,N,N,N,N,N,N,N,N,N,N,N,N,N,N,N,N,N,N,N,N,N,N,R/W,R,N,N,N,N,N,N,N,R,N,N,N,N,N,N,N,N,N,N,N,N,N,N,N,N,N,N,N,N,N,R,N,N,N,R,N,N,N,N,R,N,N,R,N,N,N,N,N,N,R,N,N,N,N,N,N,N,N,R,N,R,N,N,N,R/W,N,N,N,N,N,N,N,R,N,N,R/W,N,N,N,R/W,N,N,N,N,N,N,R/W,N,N,N,N,N,N,N,N,R,N,N,N,N,N,N,N,N,N,N,N,N,R,N,N,N,N,N,N,N,N,N,N,N,N,N,N,N,N,N,N,N,N,N,N,N,N,N,N,N,N,N,N,N,N,N,N,N,N,N,N,N,N,N,N,N,N,R,N,R,R,R,N,N,R,N,N,N,N,R,N,R,N,N,N,N,N,N,N,N,R,R,N,N,N,N,N,N,N,N,N,N,R,N,N,N,N,N,N,N,N,N,N,N,N,N,N,N,N,N,N,N,N,N,N,N,N,R,N,N,N,N,N,N,N,R,N,N,N,N,N,N,N,N,N,N,N,N,BL01UK01PL034,UKPL034,390,13,2020,gb
R_080pnhDYrDlx8FX,Female,University degree or equivalent,Left school at 16 with GCSE or equivalent,30,70,0,NA,Polish;30;,English;70;,,40,60,0,NA,Polish,NA,10,9,NA,NA,I always (or almost always) speak Polish to my child,English,NA,NA,10,NA,NA,I always (or almost always) speak English to my child,First,NA,1,12,Always (or almost always) English,NA,R/W,R/W,R,R/W,R/W,R/W,R/W,R/W,R,R/W,N,R/W,R/W,N,R/W,R,R/W,R/W,R/W,R,R,N,R,R,R,R/W,R/W,R/W,R,R,R,R/W,R/W,R/W,R,R,R/W,R,R/W,R/W,R,R,R,R/W,R,R,R,R,R,R,R,R,R,R,R,R,R,R,R,R,R,R,R/W,R,R,R,R,R,R,R,R,R,R,R,N,R,R,R/W,R,N,R,R/W,R,N,N,R,R,R/W,R/W,R,R/W,R,R,R/W,R/W,R,R,R,R,R,R,R,R/W,R/W,R,R,R,R,R,R/W,R,R,R,R,R,R/W,N,R/W,R,N,N,R,N,R/W,R/W,R/W,N,R/W,N,R/W,R,R,N,R,N,R,N,N,N,R,N,R,R,R,R,R/W,R,R,N,R,R,N,R,R,N,R,N,N,R/W,R/W,R,R/W,R,R,N,R/W,R,R,R/W,R/W,R/W,R/W,R/W,R,R,N,R,R/W,R,R/W,R,N,R,R/W,R,N,N,N,R,R/W,R,R,R,R,R/W,R,N,R,N,N,R,N,R,R/W,N,R,N,R,N,R,R,R,N,N,R,R,N,R,R,R,R,R,R,R/W,N,R/W,R/W,R,N,R,N,R/W,N,R/W,N,N,N,R/W,R/W,N,N,N,R/W,N,R/W,R,R/W,R,R,R,R/W,R/W,R/W,R,R,N,R,R,R,R/W,R/W,N,R,R/W,R,R,R,R,R,R,R,R,R,R,R,R,R,R,R,R,R/W,R,R,R,R,R,R,R,R,R,R,R,R/W,R,R,R,R,N,R,R,R,R,R,R,R,R,R,R,R,R,R,R,R,N,R,N,R,R,R,R,R,R/W,R,R,R,R,N,N,R,R,N,R,R,R,R/W,R,R,R,R,R,R,N,R/W,R,R,R,R,R/W,N,R/W,N,R,N,N,N,R,R,R,R,R,R,R/W,N,R,R,R/W,R,R,R,R,R,R,R,R,R,R,N,N,R,N,R,N,R,R,R,R,R,R,N,N,N,R,N,R,R,R,R,R,R,R,R,R/W,N,R,R,R/W,R,R,R,N,N,R,R,R,R,R,N,R,BL01UK01PL035,UKPL035,1011,33.7,2020,gb
R_2ag9PUZe72bfTa1,Male,University degree or equivalent,University degree or equivalent,50,50,0,NA,Polish;50;,English;50;,,50,50,0,NA,Polish,NA,10,9,NA,NA,I regularly speak both Polish and English to my child,English,NA,NA,10,4,French,I always (or almost always) speak English to my child,First,NA,1,18,Always (or almost always) English,4,R,R,R/W,N,R,R/W,N,R/W,N,R/W,N,N,R,N,R,R/W,R/W,R/W,R/W,R/W,R,N,R/W,R/W,R,R/W,R,R/W,N,R/W,R,R/W,R/W,R/W,R,R,R,R,R,R,R,R/W,R,R/W,R,N,R,R,R,N,R,N,R,N,R,R,R,R/W,R,R,R/W,R/W,R/W,R/W,R,R,R/W,R,R,R,R,R,N,R/W,N,R,R/W,R/W,R/W,R,R,R,R,R,N,R/W,R,R/W,R,N,R/W,R,R/W,R,R/W,R,R,R/W,R,R/W,R/W,N,R/W,N,R,R,R,R,R,R/W,N,R/W,R,R/W,R,R/W,R,R/W,R,R,R,R,N,R,R/W,R,R,R/W,N,R,N,R,R,R,N,R,N,N,N,R,R,R,R,R,R,R,R,R,R,R,R,N,N,N,N,R,N,R,R,R/W,R,R,R,N,N,R,R,R,R,R,R,R,R/W,R,R,R,R,R,R,R,R,N,R,R/W,R/W,N,N,R,R/W,R,R,R,R,N,N,R,R,R,R,N,R,N,N,R/W,N,R,N,R,N,R,N,N,N,R,R,N,R,R,R,R,N,N,R,R/W,R,R,R/W,R,R,R,R,R,N,R/W,N,N,N,R,R,R,N,N,R,N,R/W,R,R,R,R,R,N,R,R/W,R,R,R,R/W,R,R,R/W,R,N,R,R/W,R,R,R,R,R,R,R/W,R,N,R,N,R,R,R,R,R,R,R,R/W,R,R,R,R,R,N,R,R,R,R,R,R,R,R,R,R,N,R,R,R,N,R,R,R,R,R,R,R/W,N,R,N,R,N,R,N,R,N,R,N,R,N,R,N,R,N,R,N,N,R,N,R,R/W,R,R,R,N,R,R,R,R,R/W,R,R,R,R/W,N,R/W,R,R,R,R,N,R,N,R,R,R,R,R,N,N,R,R,R,R,R,R,R,R,R,R/W,R,R/W,R,R,R/W,R,R,N,R,R/W,R,R,R/W,R,R,R,R,R/W,R,R,R,R/W,R/W,R,R,N,R,N,R,R,R,R,R,N,N,R,N,N,R,R,R,R,N,R,BL01UK01PL036,UKPL036,1006,33.53333333,2020,gb
R_3fH28Olm0bSsUvk,Female,University degree or equivalent,Left school at 18 with A-Levels or equivalent,75,25,0,NA,Polish;75;,English;25;,,75,25,0,NA,Polish,NA,10,6,NA,NA,I regularly speak both Polish and English to my child,Polish,NA,10,7,NA,NA,I always (or almost always) speak Polish to my child,First,NA,1,NA,NA,0,R,R,R,R,N,N,R,R/W,R,R,N,R,N,N,N,R,R,R/W,R/W,R,N,N,R,R,R,R,N,N,N,R,R,R,R/W,R,N,N,N,N,R,R,N,N,N,N,R,R,R,R,R,N,N,N,R,R,R,R,R,R,N,R,R,R,R,R,R,R,R,N,R,R,N,R,N,N,N,R,R/W,R,R/W,R,R,R,R,N,N,R/W,R/W,R,N,N,N,R/W,R/W,R,R,R,R,R,R,R,R,R,R,R,N,N,R,N,R,R,R,R,R,R,N,R/W,N,N,N,N,N,N,N,N,R,N,N,N,N,N,N,N,N,N,N,R,N,N,N,R,R,R,R,R,N,R,N,R,N,R,R,R,R,R,N,N,N,R,R,R,R,R,R,R,N,R,R,N,R,R,R,N,R,R,R,N,N,R,N,R,R,N,N,R/W,N,N,N,N,R,N,R,R,R,R,N,N,N,R,R,N,N,N,N,R,N,N,N,R,N,R,N,R,R,R,R,R,N,R,R,N,N,N,N,R,N,R,R,R,R,R,R,R,R,R/W,N,N,N,R,R,R,N,N,R/W,R,R,N,R/W,R,R/W,R,R,R,R/W,R,R,N,R,R,R,R/W,R,N,N,R,N,R,R,N,R,R,N,R,N,R,N,N,N,R,R,R,N,R,N,N,N,N,N,R,R,R,R,R,R/W,N,N,R,R,R,N,R,R,N,N,N,N,N,R,N,R,R,R,R,N,R,R,N,N,N,N,N,R,R,R,N,R,N,N,R,R,N,N,N,R,R,R,R,R,R,R,N,R,N,R,N,N,N,N,N,N,R/W,R,N,R,R,N,R,N,R,N,N,N,R,N,R,N,N,N,N,R,N,N,N,N,R,R,R,N,N,R,R,R,N,N,R,R,R,R,R,N,N,N,R,N,N,R,R,N,N,N,R,R,R,R,R,R,R,R,N,R,N,N,N,R,N,R,R,N,N,BL01UK01PL037,UKPL037,862,28.73333333,2020,gb
R_3nIa0R46xnoqxA8,Female,University degree or equivalent,Left school at 16 with GCSE or equivalent,80,20,0,NA,Polish;80;,English;20;,,90,10,0,NA,Polish,NA,10,8,NA,NA,I regularly speak both Polish and English to my child,Polish,NA,10,5,NA,NA,I always (or almost always) speak Polish to my child,First,NA,1,NA,NA,4,N,R/W,R/W,R/W,R/W,R/W,R/W,R/W,R/W,R/W,R/W,R/W,R,N,N,R/W,R/W,R/W,R/W,R/W,R/W,N,N,R,R/W,R/W,R/W,R/W,R/W,R/W,R/W,R/W,R/W,R,R/W,R/W,R/W,R/W,R/W,R/W,R/W,R/W,R/W,R/W,R,N,R/W,R/W,R/W,R/W,R/W,R,R/W,R/W,R/W,R,R,R/W,R/W,R/W,R/W,R/W,R/W,R/W,N,R/W,R/W,R/W,R/W,R,R,R/W,R/W,R,R,R/W,R/W,R/W,R/W,R,R,R/W,R/W,R/W,R/W,R/W,R/W,R/W,R,R,R/W,R/W,R/W,N,R/W,R/W,N,R/W,R/W,R,R/W,R/W,R/W,R/W,R,R,R,R,R/W,R/W,N,R,R,R/W,R/W,R/W,N,R/W,N,R,N,R/W,N,R,R,R,N,R/W,R,R/W,R/W,R/W,N,N,N,R/W,R,R,N,R/W,R,R,R/W,R,R/W,R/W,R,R,R,R,R/W,N,R,R/W,R,R/W,N,N,R/W,R/W,R/W,N,R/W,N,N,R/W,R/W,R,N,N,R,N,R/W,N,R/W,N,R,R/W,R/W,R/W,R/W,N,R,R/W,R/W,N,N,N,N,R/W,R/W,R/W,N,R/W,R,R/W,R,R/W,R/W,N,R/W,N,R,R,R,R/W,R,R,R,R,N,R,R/W,R,R,R/W,R,R/W,R,R/W,R/W,R/W,R/W,R/W,R,R/W,R/W,R,R/W,R/W,R/W,R/W,N,R/W,N,N,N,R/W,R/W,N,R/W,N,R/W,R/W,R/W,R,R/W,R/W,R/W,R,R,R/W,R/W,R,R,R/W,R/W,R,R,R/W,R/W,R,R,R/W,N,R,N,R,N,R,R/W,R,R,R,R,R,R,R/W,R,R,R,R,R,R,R,R,R,R,N,R,R,R,R/W,R,R,N,R,N,R,R,R,N,R,R,N,R,R,R,R/W,R,R,N,R,R,R/W,N,R,R/W,R/W,N,R,R,R,N,R/W,R,N,R,R,N,N,N,N,R,R/W,R/W,R/W,R/W,R/W,R/W,R/W,N,R/W,R/W,R,R,N,R,N,R/W,N,R/W,N,N,N,N,R,R,N,R,N,N,N,R,R,R,N,R,R/W,N,R,N,R,R,R,R,R,R,R,R/W,R,N,R,R/W,R,N,N,R,N,N,N,R/W,N,R/W,R/W,R/W,R,R,R/W,R,R/W,R/W,R,R,R/W,R/W,R,N,N,N,N,N,N,N,N,R/W,N,N,BL01UK01PL038,UKPL038,684,22.8,2020,gb
R_2U9JCU4BhpDnBUi,Male,University degree or equivalent,University degree or equivalent,70,30,0,NA,Polish;70;,English;30;,,90,10,0,NA,Polish,NA,10,8,NA,NA,I always (or almost always) speak Polish to my child,Polish,NA,10,7,NA,NA,I always (or almost always) speak Polish to my child,Second,NA,2,NA,NA,1,R,N,N,R,N,N,N,N,N,N,N,N,N,N,N,R,R,R,R,N,N,N,N,N,N,R,N,N,N,N,N,N,R,N,N,R,N,N,N,N,N,N,N,N,N,N,N,R,N,R,N,R,R,R,R,R,R,N,N,R,R,N,R,N,R,R,R,R,R/W,N,N,R,N,N,N,R,R,R,R,N,R,R,R,R,R,R,R,N,N,N,N,R,R,R,R,R,N,R,N,N,R,N,R,N,N,N,N,N,R,R,N,N,N,R,N,R,N,N,N,N,N,R,N,R,R,R,N,R,N,R,N,N,N,N,N,R,N,N,N,R,N,R,R,N,R,N,R,R,R,R,R,N,N,R,N,R,R,R,R,R,R,N,R,R,N,N,R,R,R,R,R,N,N,N,R,N,N,N,N,R,N,R,N,R,R,N,N,N,N,R,R,N,R,N,N,R,N,R,R,N,R,N,R,R,N,R,R,R,N,R,N,R,N,R,R,R,R,R,R,N,N,N,N,R,N,N,N,N,N,N,N,N,N,R,N,R,N,R,R,R,N,N,R,N,R,R,N,N,R,R,N,N,R,R,N,N,N,N,N,N,R,N,N,N,N,R,N,R,R,R,N,R,N,R,R,N,R,R,R,R,R,R,R,N,N,N,N,R,R,R,R,R,R,N,R,R,R,N,R,R,R,R,N,N,R,N,R,N,R,R,R,N,R,N,R,N,N,R,N,N,R,N,R,N,N,N,N,R,N,N,N,N,R,R,R,N,R,R,N,N,R,N,R,N,R,R,N,N,N,R,R,N,N,R,N,R,N,N,N,N,R,R,N,N,N,R,N,N,R,N,R,N,N,N,N,N,N,N,N,R,N,N,N,N,N,N,N,N,N,N,N,R,N,R,N,R,N,N,N,N,R,N,R,N,N,N,N,N,N,N,N,N,R,N,N,N,N,N,BL01UK01PL039,UKPL039,616,20.53333333,2021,gb
R_2ataHgXjH6avUYD,Male,Left school at 18 with A-Levels or equivalent,Left school at 16 with GCSE or equivalent,90,10,0,NA,Polish;90;,English;10;,,100,0,0,NA,Polish,NA,10,6,5,NA,I always (or almost always) speak Polish to my child,Polish,NA,10,2,2,NA,I always (or almost always) speak Polish to my child,Second,NA,2,20,Always (or almost always) English,8,R,R,N,R,N,N,N,R,N,N,N,R,N,N,N,N,N,N,N,N,N,N,N,N,N,N,N,N,N,N,N,N,R,N,N,R,N,N,N,N,R,N,N,N,N,N,N,R,N,N,N,N,N,N,N,N,R,R,N,N,N,N,N,R,N,R,R,N,N,N,N,N,N,N,N,R,N,R,N,N,N,N,R,N,N,R,R,N,N,R,N,R,N,N,N,R,R,N,N,N,R,R,R,R,N,N,R,N,N,N,N,R,N,N,R,R,N,N,N,N,N,R,N,N,R,N,N,R,N,N,N,N,N,N,N,R,N,N,N,N,N,N,R,N,R,N,N,R,N,R,N,N,N,N,N,R,N,N,N,N,N,N,R,N,N,N,N,N,R,N,N,N,N,N,N,N,N,N,N,N,N,N,N,R,R,N,N,R,N,N,N,N,N,N,N,N,N,N,N,N,N,N,N,N,N,N,N,N,N,N,N,N,R,N,R,N,N,N,R,N,R,N,N,R,N,N,R,N,N,R,N,R,N,R,N,N,N,N,N,N,N,R,R,R,R,R,R,R,R,N,N,N,R,R,N,R,R,R,N,R/W,R,N,N,R,N,N,N,R,N,N,R,R,N,R,N,N,R,R,R,N,R,N,N,R,N,N,N,R,N,R,R,R,R,N,N,N,R,N,N,N,N,N,N,N,N,R,R,N,N,N,R,N,R,N,R,N,N,R,N,N,N,R,N,N,N,N,N,N,N,N,N,N,R,N,N,N,N,N,N,N,N,N,N,N,R,N,N,N,N,N,N,N,N,N,N,R,N,N,N,N,R,N,N,N,N,N,N,N,N,N,N,N,N,R,N,R,N,N,R,N,N,N,N,N,N,N,N,N,N,N,N,N,N,N,N,N,N,N,N,N,N,N,N,N,N,N,N,N,N,N,N,N,N,N,N,N,N,N,BL01UK01PL040,UKPL040,398,13.26666667,2021,gb
R_r3jZxEZoPdGKMXn,Male,University degree or equivalent,University degree or equivalent,70,30,0,NA,Polish;70;,English;30;,,70,30,0,NA,Polish,NA,10,8,NA,NA,I always (or almost always) speak Polish to my child,English,NA,0,10,NA,NA,I always (or almost always) speak English to my child,Second,NA,2,NA,NA,NA,R,R,N,R,N,R,N,R,R,N,N,N,N,N,N,R,N,R,N,N,N,N,N,N,N,N,N,N,N,N,N,N,R,N,N,N,N,N,N,N,N,N,N,N,N,N,N,R,R,R,N,R,R,N,N,R,N,R,N,N,N,R,N,N,N,N,R,R,N,N,N,N,N,N,N,R,N,R,N,N,N,N,N,N,N,N,R,N,N,R,N,N,N,R,R,N,N,N,R,N,N,R,N,R,N,N,R,N,N,N,N,R,N,R,N,N,N,N,N,N,N,N,N,R,R,N,N,N,R,N,N,N,N,N,N,R,N,N,N,R,R,N,R,N,N,N,N,R,N,R,R,N,N,N,N,R,N,R,N,N,N,N,N,N,N,N,N,N,N,N,N,N,N,N,N,N,N,N,N,N,N,N,N,N,R,N,N,N,N,N,N,N,R,N,N,R,N,N,N,N,N,N,N,N,N,N,N,N,N,N,N,N,N,N,N,N,N,N,N,N,N,N,N,R,N,N,N,N,N,N,N,N,N,R,N,N,N,N,N,N,N,R,R,N,N,N,N,N,N,N,N,N,N,N,N,N,N,N,N,N,N,N,N,N,N,N,N,N,N,N,N,N,N,N,N,N,N,N,N,N,N,N,R,R,N,N,N,N,N,N,R,R,N,N,R,N,R,N,N,N,N,R,N,N,N,N,R,N,N,N,N,N,N,N,R,N,N,N,R,N,R,R,N,N,N,N,N,N,R,N,N,N,N,N,N,N,N,R,N,N,N,N,R,N,R,N,N,N,N,R,R,N,N,R,N,N,N,N,R,N,R,N,N,N,N,R,N,N,R,N,N,R,N,N,N,N,N,N,N,N,N,N,N,N,N,N,N,N,N,N,N,N,N,N,N,N,N,N,N,N,N,N,N,N,N,N,N,N,N,N,N,N,N,N,N,N,N,N,BL01UK01PL041,UKPL041,399,13.3,2021,gb
R_3LcDi5YRRNQdQlM,Female,Left school at 18 with A-Levels or equivalent,Left school at 18 with A-Levels or equivalent,70,30,0,NA,Polish;70;,English;30;,,80,20,0,NA,Polish,NA,10,8,NA,NA,I always (or almost always) speak English to my child,Polish,NA,10,7,NA,NA,I always (or almost always) speak Polish to my child,Second,NA,2,NA,NA,NA,R,N,N,R,N,N,N,N,R,N,N,N,N,N,N,N,N,N,N,N,N,N,N,N,N,N,N,N,N,N,N,N,R,N,N,N,N,N,N,N,N,N,N,N,N,N,N,N,N,N,N,N,N,N,N,N,N,R/W,R/W,R/W,R,R/W,R,R,N,N,N,N,N,N,N,N,N,N,N,N,N,R/W,N,N,N,N,N,N,N,R/W,N,N,N,N,N,N,N,N,N,R,N,R,N,N,R,R,R,N,N,N,N,N,R,N,N,R,N,N,N,R,N,N,N,N,N,R,N,N,R,N,N,N,N,N,N,N,N,N,N,N,N,N,N,N,N,N,N,N,N,N,N,N,N,N,N,N,N,N,N,N,N,N,N,N,N,N,N,N,N,N,N,N,N,N,N,N,N,N,N,N,N,N,N,N,N,N,N,N,N,N,N,N,N,N,R,N,N,N,N,N,N,N,N,N,N,N,N,N,N,R,N,N,N,N,N,N,N,N,N,N,N,N,N,N,N,N,N,N,N,N,N,N,N,N,N,N,N,R/W,N,N,N,N,N,N,N,N,R/W,N,R/W,R,N,N,R/W,R,R,N,R,N,N,N,N,N,N,R,N,N,N,R,N,N,N,N,N,N,N,N,N,N,N,N,N,N,N,N,N,N,N,N,N,N,N,N,N,N,N,N,N,N,N,N,N,N,N,N,N,N,N,N,N,N,N,N,N,N,N,N,N,N,R,N,R,N,R,N,N,N,N,N,N,N,N,N,N,N,N,N,N,N,N,N,N,N,N,N,N,N,N,N,R,N,N,N,N,N,R,N,N,N,N,N,N,N,N,N,N,N,N,N,N,N,N,N,N,N,N,N,N,N,N,N,N,N,N,N,N,N,N,N,N,N,N,N,N,N,N,N,N,N,N,N,N,N,N,N,N,N,N,N,N,N,N,N,N,N,N,N,N,N,N,N,N,N,BL01UK01PL042,UKPL042,409,13.63333333,2021,gb
R_1pAtIPqroSphkPZ,Male,University degree or equivalent,University degree or equivalent,85,15,0,NA,Polish;85;,English;15;,,95,5,0,NA,Polish,NA,9,6,NA,NA,I always (or almost always) speak Polish to my child,Polish,NA,10,4,NA,NA,I always (or almost always) speak Polish to my child,First,NA,1,NA,NA,2,R/W,R/W,R/W,R/W,R,R,R,R/W,R/W,R/W,R/W,R/W,R,R,R,R,R,R,R,R,R,N,R,R,R,R,R,R,R,R,R,R,R/W,R,R,R,R,R,R,R,R,R,R,R/W,R,R,R,R,R,R,R,R,R,R,R,R,R,R,N,R,R,R/W,R/W,R,R,R,R,R,R,N,R,R,N,R,R,R/W,R/W,R/W,R,R,R,R,R,N,R,R,R/W,N,R,R/W,R,R,R,R,R,R,R,R,R,N,R,R,R/W,R,N,R,R,R,R,R,R,R,R,R,R,R,N,R,R,R,R,R,N,R,R,R,R,R,R,R,N,R,N,N,N,R,N,N,N,R,N,R,R,R,R,R,R,R,R,R,R,R,N,N,N,N,N,N,R,R,R,R,R,R,R,R,R,R,R,R,N,R,R,R,R,N,R,R,N,R,R,N,N,R/W,R,R,R,R,R,R,R,R,R,R,R,R,R,R/W,N,N,N,N,R,R,N,R,R,R,R,R,R,R,R,R,R,R,R,R,R,R/W,R/W,R,R,R,R,R,R,R,R,R/W,R,R,N,R/W,N,N,N,R,R,R,R,R,R/W,R,R,R,R/W,R,R,R,N,R,R,R,R,R,R/W,R,R,R/W,R,N,N,N,R,R,R,N,R,R,R,R,R,R,N,N,R,R,R,R,R,R,R,R,R,R,R,R,R,R,R,R,R/W,R/W,R,R,R,R,R/W,R,R,N,N,N,N,R,R,R,R,R,R,R,R,R,R,R,R,R,R/W,R,R,R,R,R,R,R,R,R,R,N,N,N,R,R,R,R,R,R,R,R,R,N,R,R,R,R,R,R,N,R,R,R,R,R,N,N,R,R,R,R,R,R,R,N,N,R,N,R,R,R,R,R,R,R,R,R,R,R,R,R,N,N,R,R,R,N,N,R,N,N,R,N,N,N,R/W,R/W,R,R,N,R/W,R/W,R,N,N,R/W,R/W,R,N,N,R,N,R,R,R,R,R,N,N,BL01UK01PL043,UKPL043,673,22.43333333,2021,gb
R_2R3RPFCnSpPTjLF,Female,Left school at 18 with A-Levels or equivalent,Left school at 18 with A-Levels or equivalent,70,30,0,NA,Polish;70;,English;30;,,90,10,0,NA,Polish,NA,10,7,NA,NA,I always (or almost always) speak Polish to my child,Polish,NA,9,6,NA,NA,I always (or almost always) speak Polish to my child,Second,NA,2,NA,NA,1,R/W,R,R,R,N,N,R,R,R,R,R,R,N,N,N,N,N,N,R,N,R,N,N,N,N,R,N,N,N,N,N,N,R,N,N,R,N,N,N,N,R,N,N,N,N,N,N,N,N,N,N,N,N,N,N,N,N,N,N,N,N,R,R/W,R,N,N,R,R,N,N,N,N,R,N,N,R,R,R/W,N,N,N,R,R,N,R,R,R,N,N,N,N,N,N,N,N,R,R,R,N,N,R,R,R,R,N,N,N,N,R,N,N,R,R,R,R,R,N,N,N,N,N,R,N,N,R,N,N,R,N,N,N,N,N,N,N,N,N,N,N,N,N,N,N,R,N,N,R,N,N,N,N,N,N,N,N,N,N,N,R,R,N,N,N,N,N,N,R,N,R,N,R,N,R,N,R,N,N,N,N,N,N,N,N,N,R,N,N,N,N,N,R,N,N,N,R,N,N,N,N,N,N,N,N,N,N,R,N,N,N,N,N,R,N,R,R,N,N,N,N,N,N,N,N,R,R,N,R/W,N,R,R,R,N,N,R/W,N,N,N,N,N,N,N,N,R/W,R/W,R/W,R,R,N,N,R,N,N,N,R/W,N,N,N,N,N,R/W,R,N,N,N,N,N,N,N,R,N,R,R,R,R,N,N,N,R,N,R,R,R,N,R,N,N,R,R,N,N,N,R,R,N,R,N,R,N,R,R,N,N,N,N,N,R,R,N,N,N,N,N,N,N,R,N,N,R,R,N,N,R,R,N,R,R,N,R,N,N,N,N,N,N,N,N,N,N,N,N,N,N,N,N,N,N,N,N,N,N,N,N,N,N,N,N,N,N,N,N,N,N,N,N,N,N,N,N,N,N,N,N,N,N,N,N,N,N,N,N,N,N,N,N,N,N,N,N,N,N,N,N,N,N,N,N,N,N,N,N,N,N,N,N,N,N,N,N,N,N,N,N,N,N,N,N,N,N,BL01UK01PL044,UKPL044,413,13.76666667,2021,gb
R_1QAs2XMg0oid9OT,Male,University degree or equivalent,University degree or equivalent,40,60,0,NA,Polish;40;,English;60;,,50,50,0,NA,Polish,NA,10,9,5,Italian,I always (or almost always) speak Polish to my child,English,NA,NA,10,NA,NA,I always (or almost always) speak English to my child,Second,NA,2,12,Always (or almost always) English,NA,N,R/W,R/W,R/W,R/W,R/W,R/W,R/W,R/W,R/W,R/W,R/W,R/W,R/W,R/W,R/W,R/W,R/W,R/W,R/W,R/W,R/W,R/W,R/W,R/W,R/W,R/W,R/W,R/W,R/W,R/W,R/W,R/W,R/W,R/W,R/W,R/W,R/W,R/W,R/W,R/W,R/W,R/W,R/W,R/W,R/W,R/W,R/W,R/W,R/W,R/W,R/W,R/W,R/W,R/W,R/W,R/W,R/W,R/W,R/W,R/W,R/W,R/W,R/W,R/W,R/W,R/W,R/W,R/W,N,N,R/W,R/W,R/W,N,R/W,R/W,R/W,N,R/W,R/W,R/W,R/W,R/W,R/W,R/W,R/W,R/W,R/W,R/W,R/W,R/W,R/W,R/W,R/W,R/W,R/W,R/W,R/W,R/W,R/W,R/W,R/W,R/W,R/W,R/W,R/W,R/W,R/W,R/W,R/W,R/W,R/W,R/W,R/W,R/W,N,N,N,N,N,R/W,N,R/W,R/W,R/W,R/W,R/W,N,R/W,R/W,N,N,N,R/W,R/W,R/W,N,N,R/W,R/W,R/W,N,R/W,R/W,R/W,R/W,R/W,R/W,N,R/W,R/W,N,R/W,R/W,R/W,R/W,R/W,R/W,R/W,R/W,R/W,R/W,R/W,N,R/W,R/W,R/W,R/W,R/W,R/W,N,R/W,N,N,N,N,R/W,R/W,R/W,N,R/W,N,R/W,R/W,R/W,R/W,R/W,R/W,R/W,R/W,R/W,R/W,R/W,R/W,R/W,R/W,R/W,R/W,R/W,R/W,R/W,R/W,R/W,R/W,R/W,N,R/W,R/W,R/W,R/W,R/W,R/W,R/W,R,R,N,R,N,R,R/W,R/W,R/W,R/W,R/W,R/W,R/W,N,R/W,R/W,R/W,R/W,R/W,R/W,N,R/W,N,R/W,R/W,R/W,N,R/W,R/W,N,R/W,R/W,R/W,R/W,R/W,R/W,R/W,R/W,R/W,R/W,R/W,R/W,R/W,R/W,R/W,R/W,R/W,R/W,R/W,R/W,R/W,R,R/W,R/W,R/W,R,R/W,R/W,R,R/W,R,R,R/W,R/W,R/W,R/W,R/W,R/W,R/W,R/W,R/W,R/W,R/W,R/W,R/W,R/W,R/W,R/W,R/W,R/W,R/W,R/W,R/W,R/W,R/W,R/W,R/W,R/W,R/W,R/W,R,R/W,R/W,R/W,R/W,R/W,R/W,R/W,R/W,R,R/W,R/W,R/W,R/W,R/W,R,R,R,R,R,N,R/W,R/W,R,R/W,R/W,R/W,R/W,R/W,R/W,R/W,R/W,R/W,R/W,R,R,R,R,R/W,R/W,R/W,R/W,R/W,R/W,R,R/W,R/W,R,R/W,R,R,R/W,R,R,R,R,R/W,R/W,R,R,R,R,R,R,R/W,R/W,R,R/W,R/W,R/W,R/W,R/W,R,R,R/W,R/W,R/W,R/W,R/W,R/W,R/W,R/W,R/W,R/W,R/W,R/W,R/W,R/W,R/W,R/W,R/W,R/W,R/W,R/W,R/W,R/W,R/W,R/W,R/W,R/W,R/W,R/W,R/W,R/W,R/W,R/W,R/W,R/W,R/W,R/W,R/W,R/W,R/W,R/W,BL01UK01PL045,UKPL045,823,27.43333333,2021,gb
R_1Swj4lQnZVthYeR,Female,University degree or equivalent,Left school at 18 with A-Levels or equivalent,80,20,0,NA,Polish;80;,English;20;,,100,0,0,NA,Polish,NA,10,8,2,Spanish,I always (or almost always) speak Polish to my child,Polish,NA,10,8,NA,NA,I always (or almost always) speak Polish to my child,First,NA,1,NA,NA,NA,R,R/W,N,R/W,N,R/W,R/W,R/W,R/W,R/W,N,N,R,N,R,R/W,R/W,R/W,R,R,R,N,R,R,R,R/W,R,R,N,R,N,N,R,R,R,R,R,R,R,R,R,R/W,R,R,R,R,R,R,R,N,R,N,R,N,R,N,N,R/W,N,N,R,N,R/W,N,N,R,R,R,N,N,N,N,R,N,N,R,N,R/W,N,R,N,N,R,N,N,R/W,R/W,N,N,R,N,N,N,N,R,R,N,R,N,R,R,R,R,N,N,N,N,N,R,N,N,R,R,R/W,R,R,N,R,N,N,N,R,N,N,R,R,N,R,N,N,N,N,N,N,N,R,N,N,N,N,N,N,N,N,N,N,N,R,N,N,N,N,N,N,N,N,N,N,N,R,R,R,R,N,N,R/W,R,N,N,R,N,N,N,N,N,N,N,N,N,R,N,N,N,R,R,N,N,N,N,N,N,N,N,N,N,N,N,N,N,N,N,N,N,N,N,N,N,N,N,N,N,N,R,R,R,N,N,N,N,N,N,N,N,R/W,N,R,N,N,R,N,N,R,N,R/W,N,N,N,N,N,N,N,N,R/W,N,R/W,N,R,R,R/W,R,R,R,R/W,R,R,N,R/W,R,R,R/W,R,R,R,R/W,N,N,N,N,N,N,R/W,N,N,N,N,N,R,N,N,R/W,N,N,N,R,N,N,N,R/W,N,N,N,N,R/W,N,R,N,R,N,N,N,N,N,N,N,N,N,N,N,N,R,N,N,N,R,N,N,R,N,R,N,N,N,R,N,N,N,N,N,N,N,N,N,N,N,R,N,N,N,N,N,R,N,N,R,R,N,N,R,N,N,R/W,N,N,N,N,N,N,N,N,R,R,N,N,N,N,N,N,N,N,N,N,N,N,N,N,R/W,N,N,N,R/W,N,N,N,R,N,N,N,N,N,N,N,N,N,N,N,N,N,N,N,N,N,N,N,N,N,N,N,N,N,N,N,N,N,N,N,N,N,N,BL01UK01PL046,UKPL046,370,12.33333333,2021,gb
R_2tgJJiIP67aO998,Male,University degree or equivalent,University degree or equivalent,60,40,0,NA,Polish;60;,English;40;,,100,0,0,NA,Polish,NA,10,7,NA,NA,I always (or almost always) speak Polish to my child,Polish,NA,10,4,NA,NA,I always (or almost always) speak Polish to my child,First,NA,1,10,Always (or almost always) English,2,R/W,R/W,R/W,R/W,N,R/W,R/W,R/W,R/W,R/W,R/W,R/W,N,N,N,R/W,R/W,R/W,R/W,N,R/W,N,N,R/W,R/W,R,R,R/W,N,R/W,R/W,N,R/W,N,N,R,R/W,R/W,R/W,R,R/W,N,R,R,N,R,R,R/W,R/W,R/W,R,R,R/W,R,R/W,R/W,R,R,R,R,R,R,R,R,R,R,R,R,R,R/W,R,R,R,R,N,R,R,R/W,N,R,R,R,R,R,R,R,R,N,R,R,R/W,R,R,R,R,R,R,R,R,R,R,R,R,R,R,R,R,R,R,R,R,N,R,R,R,R/W,R,R,N,R,N,R,N,R,R,R,N,R,R,R,N,N,N,N,N,R,R,N,N,R,R,R,R,R,R,R,R,R,R,R,R,N,R,R,N,R,N,N,R,R,R,N,R,R,N,N,R,R,R,R,R,N,R,N,N,N,R,R,R,R,R/W,R,N,R,R,N,N,R,R,R,R,R,R,R,R,R/W,R,R,N,N,R,N,R,R,N,R,N,N,R,R,N,R,R/W,R,R,R,R,R,R/W,R,R,N,N,R/W,N,R,R,R,R/W,R/W,R,R,R,R/W,N,N,N,R/W,R,R,N,N,R/W,R,R/W,R,R/W,R,R/W,R,N,R,R/W,R,R,R,R/W,R,R,R/W,R,R,R,R/W,R,R,R,N,N,R,R,R,N,R,N,R,R,R,R,R/W,R,R/W,R,R/W,R,R,R,R,N,R,R,R,R,N,R,R,N,N,R,R,R,N,R,N,N,R,R,R,R,R,R,R,R,R,R,R,R,R,R/W,N,R,R,R/W,N,R,R,N,R,R,N,R/W,N,R,R,R,R,R,R/W,N,R,R,N,R,R,R/W,R,R/W,R,N,R,R/W,R,R,N,N,R,R,N,N,N,R,R/W,N,N,N,R,R,R,R/W,N,R,R,N,R,R,R,R,R,R,R,N,N,R,R,R,N,R,R/W,N,N,R,R,R,N,N,R/W,R,R,R,R,R,R,R,R,R,R,R,R,R,R,N,R,N,R,R,R,N,R,BL01UK01PL047,UKPL047,750,25,2021,gb
R_3pmoKifMdF9hbSd,Female,Left school at 18 with A-Levels or equivalent,University degree or equivalent,80,20,0,NA,Polish;80;,English;20;,,80,20,0,NA,Polish,NA,9,7,3,Spanish,I always (or almost always) speak Polish to my child,Polish,NA,9,5,NA,NA,I always (or almost always) speak Polish to my child,First,NA,1,9,Always (or almost always) English,NA,R,R,R/W,R,R,R,R,R,R,R/W,R,R,R,R,N,R,R,R,R,N,R,N,R,R,R,R,N,R,N,R,N,N,R,N,N,N,N,R,N,R,N,N,N,N,N,N,R,R,N,N,N,N,R,R,N,N,R,R,R,R,R,R,N,R,R,N,R,R,R,R,N,N,R,R,N,R,R,R,N,R,R,R,R,N,R,R,R,N,R,R,N,R,N,N,R,R,R,R,N,N,R,R,R,R,R,N,N,N,R,R,R,R,R,R,R,R,N,N,N,N,N,R,N,R,R,R,N,R,N,R,N,R,N,N,N,R,R,N,R,R,R,R,R,R,R,R,R,R,R,R,R,R,N,R,N,N,R,N,N,R,R,N,R,N,N,N,R,N,N,N,N,N,R,N,R,N,N,N,R,N,N,N,N,R,R,N,N,R,R,R,N,N,R,N,N,R,N,R,N,N,N,N,N,R,N,N,R,R,N,N,N,R,R,N,R,R,N,R,R,R,N,N,N,R/W,N,N,N,N,R,R/W,R,N,N,R/W,N,N,N,N,N,N,N,N,R/W,N,R,R,N,R,R,N,N,N,N,R,R,N,R,R,R,R,N,N,R,R,N,N,N,N,N,R,R,N,N,R,N,N,R,R,R,R,N,N,R,N,N,N,N,R,R,R,N,N,N,N,N,N,N,N,R,N,N,N,N,N,N,N,R,N,R,N,R,N,N,N,R,N,N,N,R,N,N,N,N,N,N,N,N,N,N,N,N,N,N,N,N,R,N,R,N,N,N,N,R,R,R,N,N,N,N,R,R,N,N,N,N,N,N,N,R,N,R,R,N,N,N,R,N,N,R,N,N,N,N,N,N,R,N,N,N,R,N,N,N,N,R,N,N,R,N,N,N,N,N,N,N,N,N,R,N,N,N,N,N,R,N,N,N,N,N,N,N,N,N,N,N,N,N,N,BL01UK01PL048,UKPL048,421,14.03333333,2021,gb
R_2AR9fgJyaZmMuhU,Male,University degree or equivalent,University degree or equivalent,70,30,0,NA,Polish;70;,English;30;,,90,10,0,NA,Polish,NA,10,7,0,NA,I always (or almost always) speak Polish to my child,NA,NA,NA,NA,NA,NA,NA,First,NA,1,12,Always (or almost always) English,2,R/W,R/W,N,R/W,R/W,R/W,R/W,R/W,R/W,R/W,R/W,R/W,R/W,R,R/W,R/W,R/W,R/W,R,R/W,R/W,R,R,R/W,R/W,R/W,R,R,R/W,R/W,R,R,R/W,R,R,R/W,R/W,R/W,R,R,R,R/W,R,R/W,R,R,R/W,R,R/W,R,R/W,R,R/W,R,R,R,R,R/W,R,R/W,R,N,R,R,R/W,R,R/W,R/W,R,R,R/W,R/W,R,R,N,R/W,R/W,R/W,R,R,R/W,R,R/W,R/W,N,R,R,R/W,R/W,N,R/W,R/W,R/W,N,R/W,R/W,R,R,R,R/W,R/W,R/W,R/W,R,R,R,R,R,R,R,R,R/W,R/W,R/W,R,R/W,N,R,R,R,R,R/W,N,R/W,R/W,R,R,R/W,R,R/W,N,R,N,N,N,R/W,R/W,N,N,R/W,R/W,R/W,R,R,R,R,R,R,R,R,N,R,R,R/W,R,R,N,R/W,R/W,R/W,R/W,R/W,R,R/W,N,R/W,R/W,R/W,R/W,R,R,R,R/W,R/W,R/W,N,R,R/W,R,R/W,R/W,N,R/W,R/W,R/W,N,N,R,R/W,R/W,R,R,R,R/W,R,R,R,R/W,R/W,R,R/W,N,R/W,R,R,R/W,R,R,R,R,N,R,N,R,R,R,R,R,R,R,R,R/W,N,R/W,N,R,R,R,R/W,R/W,R,R,R,R/W,R,N,N,R/W,R/W,R/W,R,N,R/W,R,R/W,R,R/W,R/W,R/W,R,R,R,R,R/W,R,R,R/W,R,R,R/W,R,R,R,R/W,R/W,R,R,R,R/W,R,R,R,R,R,R,R,R/W,R,R,R/W,R,R/W,R,R,R,R,R,R/W,N,R,R/W,R/W,R/W,R/W,R/W,R/W,R,R,R,R,N,N,N,N,R,R,R,R,R/W,R,R,N,R,R,R/W,N,R,R,R,R,R,R,R,N,R,R/W,N,R,R,R,N,R,R,R,R/W,R,R/W,R/W,R,R/W,R/W,R,R,R/W,R/W,R/W,N,R/W,R,R/W,R/W,R/W,R,N,N,R,R,R/W,R/W,R/W,R/W,R/W,N,R/W,R,R/W,N,R/W,R/W,R,R/W,R,R/W,R,N,R,R,R,R,N,N,R,N,R/W,R/W,N,R/W,R,N,N,R,R,R,R,N,R,R,R,N,R,R/W,R/W,R,R,R/W,R,N,N,N,N,N,R,R,N,R/W,N,N,N,BL01UK01PL049,UKPL049,860,28.66666667,2021,gb
R_32QrpsE0CjOZ17k,Male,Left school at 16 with GCSE or equivalent,University degree or equivalent,80,20,0,NA,Polish;80;,English;20;,,80,20,0,NA,Polish,NA,10,8,NA,NA,I always (or almost always) speak Polish to my child,English,NA,1,10,NA,NA,I always (or almost always) speak English to my child,First,NA,1,NA,NA,0,N,N,N,N,N,N,N,N,N,N,N,N,N,N,N,N,N,N,N,N,N,N,N,N,N,N,N,N,N,N,N,N,N,N,N,N,N,N,N,N,N,N,N,N,N,N,N,N,N,N,N,N,N,N,N,N,N,N,N,N,N,N,N,N,N,N,N,N,N,N,N,N,N,N,N,N,N,R,N,N,N,N,N,N,N,N,N,N,N,N,N,N,N,N,N,N,N,R,N,N,R,N,N,N,N,N,N,N,R,R,N,N,N,N,N,N,N,N,N,N,N,N,N,N,R,N,N,N,N,N,N,N,N,N,N,N,N,N,N,N,N,N,N,N,N,N,N,N,N,N,N,N,N,N,N,N,N,N,N,N,N,N,N,N,N,N,N,N,N,N,N,N,N,N,N,N,N,N,N,N,N,N,N,R,N,N,N,N,N,N,N,N,N,N,N,N,N,N,N,N,N,N,N,N,N,N,N,N,N,N,N,N,N,N,N,N,N,N,N,N,N,N,N,N,N,N,N,N,N,R,N,N,N,R/W,N,N,N,N,N,N,N,N,R/W,N,N,N,N,R,N,N,N,N,N,N,N,N,R,R,N,R/W,N,N,N,R,N,N,N,N,N,N,N,N,N,N,N,N,N,N,N,N,N,N,N,N,N,N,N,N,N,N,N,N,N,N,N,N,N,N,N,N,N,N,N,N,N,N,N,N,N,N,N,N,N,N,N,N,N,N,N,N,N,N,N,N,N,N,N,N,N,N,N,N,N,N,N,N,N,N,N,N,N,N,N,N,N,N,N,N,N,N,N,N,N,N,N,N,N,N,N,N,N,N,N,N,N,N,N,N,N,N,N,N,N,R,N,N,N,N,N,N,N,N,N,N,N,N,N,N,N,N,N,N,N,N,N,N,N,N,N,N,N,N,N,N,N,N,N,N,N,N,N,N,N,N,N,N,N,N,BL01UK01PL050,UKPL050,558,18.6,2021,gb
R_dhUUBoowp3QFcCR,Male,University degree or equivalent,University degree or equivalent,90,10,0,NA,Polish;90;,English;10;,,100,0,0,NA,Polish,NA,10,6,NA,NA,I always (or almost always) speak Polish to my child,Polish,NA,10,6,NA,NA,I always (or almost always) speak Polish to my child,Second,NA,2,24,Both Polish and English regularly,NA,R/W,N,N,N,N,N,N,N,N,R/W,R/W,R/W,N,N,N,R/W,R,R,R,R,R,N,R,R,R,R,R,R,R,R,R,N,R,R,R,R,R,R,R,R,R,N,R,R,R,N,R,R,N,N,N,N,N,N,N,N,N,R,R,R,R,N,R,R,R,R,R,R,N,N,N,N,N,N,N,R,R,R,N,N,N,N,N,N,N,R,R,N,N,N,N,N,N,N,R,R,N,R,R,N,R,R,R,R,N,N,N,N,R,N,R,R,R,R,R,R,N,N,R,R,N,R,N,N,R,R,N,R,N,R,N,R,N,N,N,R,N,N,N,R,R,R,R,R,R,R,R,R,R,R,R,N,R,R,R,R,R,N,N,R,R,R,R,R,N,N,R,N,R,R,R,N,R,N,N,N,N,R,N,R,N,N,R,R,R,N,N,N,N,N,R,R,R,R,N,R,N,R,N,N,N,N,N,R,N,R,N,R,N,R,N,R,N,R,R,N,N,R,R,R,N,N,N,N,N,R,N,N,N,N,N,R,N,R,N,N,N,N,N,N,N,R,R,N,R/W,R,R/W,R,R,R,R,N,R,R,R,N,R,R,R,R/W,N,N,R,R,N,R,N,N,N,R,R,N,N,N,N,N,R,R,R,R,N,N,N,N,N,N,N,R,R,R,R,R,R,N,N,N,R,N,R,R,N,N,N,N,N,R,R,R,N,N,R,N,R,N,R,N,N,R,R,N,N,R,R,N,R,N,N,N,R,R,N,N,N,R,N,N,R,N,N,N,N,N,R,R,N,N,N,N,N,N,N,N,N,N,N,N,N,N,N,N,N,N,N,N,N,N,N,N,N,N,N,N,N,N,N,N,N,N,N,N,N,N,N,N,N,N,N,N,N,N,N,N,N,N,N,R,R,N,N,R,N,N,N,N,R,R,N,N,N,N,N,N,N,N,N,N,N,N,BL01UK01PL051,UKPL051,802,26.73333333,2021,gb
R_3HXsuVJPbbIsBJ1,Male,University degree or equivalent,Left school at 18 with A-Levels or equivalent,65,35,0,NA,Polish;65;,English;35;,,90,10,0,NA,Polish,NA,10,8,9,NA,I always (or almost always) speak Polish to my child,Polish,NA,10,5,NA,NA,I always (or almost always) speak Polish to my child,First,NA,1,12,Always (or almost always) English,NA,R/W,R/W,R/W,R/W,R/W,R/W,R/W,R/W,R/W,R/W,R/W,R/W,N,N,N,R,R,R/W,R,R,R,R,R,N,R,N,N,N,N,R,N,N,R,N,N,N,N,N,N,R,R,N,N,N,N,N,N,R,N,R,N,N,N,N,N,N,N,N,N,R,R,N,N,R,N,N,R/W,N,N,N,N,N,N,N,N,N,N,R/W,N,N,N,N,N,N,N,N,N,N,N,N,N,N,N,N,N,R,N,R,R,N,N,R,R,N,N,N,R,N,N,N,N,N,N,R,R,R,N,N,N,N,N,R,N,N,R,N,N,R,N,N,N,N,N,N,N,R,N,N,N,N,N,R,R,N,R,N,N,N,N,N,R,N,N,R,N,N,N,N,R,R,N,N,R,N,N,N,N,N,R,N,R,N,N,N,N,N,N,N,N,N,N,R,N,N,R,N,N,N,R,N,R,N,R,N,N,R,R,N,R,N,N,N,N,R,N,R,N,N,N,N,N,N,R,N,N,N,N,N,N,N,N,N,N,R,N,R,R,N,R,R/W,R,R,N,R/W,N,N,N,N,N,N,N,N,R/W,R,R/W,N,R/W,R,R/W,N,R,R,R/W,R,R,R,R/W,R,R,R/W,N,N,R,R/W,N,R,N,R,N,R,N,N,N,R,N,R,R,R,R,R,R,N,R,N,N,N,N,R,N,R,R,R,R,N,R,N,R,N,N,N,N,N,N,N,N,R,R,N,N,R,R,N,N,N,R,N,N,N,R/W,N,R,N,R,N,N,N,N,N,N,N,N,N,N,N,R,N,N,N,N,N,N,N,N,R,N,N,N,N,N,N,R,N,R,N,N,R,N,N,N,R,R,N,N,N,R,N,N,N,N,N,N,N,N,R/W,N,R,N,N,N,N,N,N,N,N,N,N,N,N,N,N,N,R,N,N,N,R/W,R,N,N,R/W,R,R,R,N,R/W,R/W,N,N,N,N,N,N,N,N,N,N,N,N,BL01UK01PL052,UKPL052,542,18.06666667,2021,gb
R_2bH7pBkwAD9NKkE,Male,University degree or equivalent,Left school at 18 with A-Levels or equivalent,30,70,0,NA,Polish;30;,English;70;,,50,50,0,NA,Polish,NA,10,8,NA,NA,I always (or almost always) speak Polish to my child,English,NA,1,10,NA,NA,I always (or almost always) speak English to my child,First,NA,1,14,Always (or almost always) English,1,N,R/W,N,N,N,N,N,N,N,N,N,N,N,N,N,N,N,N,N,N,N,N,N,N,N,N,N,N,N,N,N,N,N,N,N,N,N,N,N,N,N,N,N,N,N,N,N,N,N,N,N,N,N,N,N,N,N,N,N,N,N,N,N,N,N,N,N,N,N,N,N,N,N,N,N,N,N,N,N,N,N,N,N,N,N,N,N,N,N,N,N,N,N,N,N,N,N,N,N,N,N,N,N,N,N,N,N,N,N,N,N,N,N,N,N,N,N,N,N,N,N,N,N,N,N,N,N,N,N,N,N,N,N,N,N,N,N,N,N,N,N,N,N,N,N,N,N,N,N,N,N,N,N,N,N,N,N,N,N,N,N,N,N,N,N,N,N,N,N,N,N,N,N,N,N,N,N,N,N,N,N,N,N,N,N,N,N,N,N,N,N,N,N,N,N,N,N,N,N,N,N,N,N,N,N,N,N,N,N,N,N,N,N,N,N,N,N,N,N,N,N,N,N,N,N,N,N,N,N,N,N,N,N,R/W,N,N,N,N,N,N,N,N,N,N,N,N,N,N,N,N,N,N,N,N,N,N,R/W,N,N,N,N,N,N,N,N,N,N,N,N,N,N,N,N,N,N,N,N,N,N,N,N,N,N,N,N,N,N,N,N,N,N,N,N,N,N,N,N,N,N,N,N,N,N,N,N,N,N,N,N,N,N,N,N,N,N,N,N,N,N,N,N,N,N,N,N,N,N,N,N,N,N,N,N,N,N,N,N,N,N,N,N,N,N,N,N,N,N,N,N,N,N,N,N,N,N,N,N,N,N,N,N,N,N,N,N,N,N,N,N,N,N,N,N,N,N,N,N,N,N,N,N,N,N,N,N,N,N,N,N,N,N,N,N,N,N,N,N,N,N,N,N,N,N,N,N,N,N,N,N,N,N,N,N,N,N,N,N,N,BL01UK01PL053,UKPL053,584,19.46666667,2021,gb
R_2uOEaNFDrbxSSwp,Female,University degree or equivalent,Left school at 18 with A-Levels or equivalent,50,50,0,NA,Polish;50;,English;50;,,50,50,0,NA,Polish,NA,10,10,NA,NA,I always (or almost always) speak Polish to my child,English,NA,4,10,NA,NA,I always (or almost always) speak English to my child,First,NA,1,NA,NA,4,R/W,R/W,R/W,R/W,R/W,R/W,R/W,R/W,R/W,R/W,R/W,R/W,R,R/W,R,R/W,R/W,R/W,R/W,R/W,R/W,R,R/W,R/W,R/W,R/W,R/W,R/W,R/W,R/W,R,R/W,R/W,R/W,R/W,R/W,R/W,R/W,R/W,R/W,R/W,R/W,R/W,R/W,R/W,R,R/W,R/W,R/W,R,R/W,R/W,R/W,R/W,R/W,R,R/W,R/W,R/W,R/W,R/W,R/W,R/W,R/W,R/W,R/W,R/W,R/W,R/W,N,R/W,R,R/W,R/W,N,R/W,R/W,R/W,R/W,R/W,R/W,R/W,R/W,R/W,R/W,R/W,R/W,R/W,R/W,R/W,R/W,R/W,R/W,R/W,R/W,R/W,R/W,R/W,R/W,R/W,R/W,R/W,R/W,R/W,R/W,R/W,R/W,R/W,R/W,R/W,R/W,R/W,R/W,R/W,R/W,R/W,R/W,R/W,R/W,R/W,R/W,R/W,R/W,R/W,R/W,R/W,R/W,R/W,R/W,R/W,R/W,R/W,R/W,R/W,N,R/W,N,N,R,R/W,R,R,R/W,R,R,R,R/W,R/W,R,R,R,R,R,R/W,R,R,N,N,R/W,R/W,R/W,R/W,R,R/W,N,R/W,R/W,R/W,R/W,R/W,R/W,N,R/W,R/W,R/W,N,R/W,R/W,R,R/W,R/W,N,R,R/W,R/W,N,N,N,R/W,R/W,R/W,R/W,R/W,N,R/W,R/W,R/W,R/W,R,N,R/W,N,R/W,R,R/W,R/W,R/W,R/W,R/W,R/W,R,R/W,R/W,R/W,R/W,R/W,R,R/W,R/W,R/W,R/W,R/W,R/W,R/W,R/W,R/W,R/W,R/W,R/W,R/W,R/W,R/W,R,R/W,N,N,N,R/W,R/W,R,R/W,R/W,R/W,R/W,R/W,R/W,R/W,R/W,R/W,R/W,R/W,R/W,R/W,R/W,R/W,R/W,R/W,R/W,R/W,R/W,R/W,R,R/W,R/W,R/W,R/W,R/W,R,R/W,R/W,R/W,R,R/W,R/W,R/W,R/W,R/W,R/W,R,R/W,R,R/W,R,R,R/W,R/W,R/W,R/W,R,R/W,R/W,R/W,R/W,R/W,R,R,R/W,R/W,R/W,R/W,R/W,R,R,N,R,R/W,R/W,R/W,R/W,R/W,R/W,R/W,R/W,R/W,R/W,N,R/W,R/W,R/W,N,R,R,R/W,R,R/W,R/W,R/W,R,R/W,R,N,R,R,R,R/W,R/W,R/W,R/W,R/W,R/W,R/W,R,R/W,R/W,R/W,R/W,R/W,R/W,R/W,R/W,R/W,R/W,R/W,R/W,R,R/W,R,R/W,R/W,R/W,R/W,R/W,R/W,R/W,R/W,R,R,R/W,R/W,R,R/W,R/W,R/W,R/W,R,R/W,R,R,R/W,R/W,R/W,R,R/W,R/W,R/W,R/W,R/W,R,R,R,R/W,R,R,R,R/W,R/W,R/W,R/W,R/W,R/W,R/W,R/W,R,R,R/W,R/W,R,R,R,N,N,N,N,N,N,N,N,N,BL01UK01PL054,UKPL054,788,26.26666667,2021,gb
R_1mKOZZTYJnDQ07M,Male,University degree or equivalent,University degree or equivalent,40,60,0,NA,Polish;40;,English;60;,,100,0,0,NA,Polish,NA,10,0,1,French,I always (or almost always) speak Polish to my child,Polish,NA,10,9,0,NA,I always (or almost always) speak Polish to my child,First,NA,1,9,Always (or almost always) English,2,R,N,N,N,N,N,N,N,R,N,N,N,N,N,N,N,N,N,N,N,N,N,N,N,N,N,N,N,N,N,N,N,N,N,N,N,N,N,N,N,N,N,N,N,N,N,N,N,N,N,N,N,N,N,N,N,N,N,N,N,N,N,N,N,N,N,R,N,N,N,N,N,N,N,N,N,N,R,N,N,N,N,N,N,N,N,R,N,N,N,N,N,N,N,N,N,N,N,N,N,N,N,N,N,N,N,N,N,N,N,N,N,N,N,N,N,N,N,N,N,N,N,N,N,N,N,N,N,R,N,N,N,N,N,N,N,N,N,N,N,N,R,R,N,N,N,N,N,N,N,N,N,N,N,N,N,N,N,N,N,N,N,N,N,N,N,N,N,N,N,N,N,N,N,N,N,N,N,N,N,N,N,N,N,N,N,N,N,N,N,N,N,N,N,N,N,N,N,N,N,N,N,N,N,N,N,N,N,N,N,N,N,R,N,N,N,N,N,N,N,N,N,N,N,N,N,N,N,N,N,N,N,N,R,N,N,N,N,N,N,N,N,N,N,R,R,N,N,R,R,N,R,R,R,N,N,R,R,R,N,R,N,N,R,N,N,N,N,N,N,N,N,N,N,N,N,N,R,N,N,N,N,N,N,N,N,N,N,N,N,N,N,N,N,N,N,N,N,N,N,N,N,N,N,N,N,N,N,N,N,N,N,N,N,N,N,N,N,N,N,N,N,N,N,N,N,N,N,N,N,N,N,N,N,N,N,N,N,N,N,N,N,N,N,N,N,N,N,N,N,R,N,N,R,N,N,N,N,R,N,R,N,N,N,N,R,N,N,N,N,N,N,N,R,N,R,N,N,N,N,N,N,N,N,N,N,N,R,N,N,N,N,N,N,N,N,N,N,N,N,N,N,N,N,N,N,N,N,N,N,N,N,N,N,N,N,N,N,BL01UK01PL055,UKPL055,378,12.6,2021,gb
R_2fCpckOA1p0lorQ,Female,University degree or equivalent,Left school at 18 with A-Levels or equivalent,30,70,0,NA,Polish;30;,English;70;,,40,60,0,NA,Polish,NA,10,8,NA,NA,I regularly speak a mix of Polish/ English / other languages to my child,English,NA,2,10,NA,NA,I regularly speak a mix of Polish / English / other languages to my child,First,NA,1,NA,NA,3,N,N,N,N,N,N,N,N,N,N,N,N,N,N,N,N,N,R,R,N,N,N,N,N,N,R,N,R,N,N,N,N,R,N,N,N,N,N,N,N,N,N,N,N,N,N,N,N,N,N,N,N,N,N,N,N,N,N,N,N,R,N,R,N,N,N,N,N,N,N,N,N,N,N,N,N,N,N,N,N,N,N,N,N,N,N,N,N,N,N,N,N,N,N,N,N,N,N,N,N,N,N,N,N,N,N,N,N,N,N,N,N,N,N,N,N,N,N,N,N,N,N,N,N,N,N,N,N,N,N,N,N,N,N,N,N,N,N,N,N,N,N,N,N,N,N,N,N,N,N,N,N,N,N,N,N,N,N,N,N,R,R,R,N,N,N,R,N,N,N,N,N,N,N,N,N,N,R,R,N,N,N,N,R,N,N,N,N,N,N,N,N,N,N,N,N,N,N,N,N,N,N,N,N,N,N,N,N,N,N,N,N,N,N,N,N,N,N,N,N,N,N,N,N,N,N,R,N,N,R,N,N,N,R,N,N,N,N,N,N,N,N,R,N,N,N,N,N,N,N,N,N,N,N,N,N,N,N,N,N,N,N,N,N,N,N,N,N,N,N,N,N,N,N,N,N,R,N,N,N,N,N,N,R,N,N,N,N,N,N,R,N,R,N,N,N,R,N,N,N,N,N,N,N,N,N,N,N,N,N,N,N,N,N,N,N,N,N,N,N,N,N,N,N,N,N,N,N,N,N,N,N,N,N,N,N,N,N,N,N,N,N,N,N,N,N,N,N,N,N,N,N,N,N,N,N,N,N,N,N,N,N,N,N,N,N,N,N,N,N,N,N,N,N,N,N,N,N,N,N,N,N,N,N,N,N,N,R,N,N,N,R,N,N,N,N,N,R,N,N,N,N,N,N,N,N,N,N,N,N,N,N,N,N,N,N,N,N,BL01UK01PL056,UKPL056,401,13.36666667,2021,gb
R_3eLJzqOMat9Q3LP,Female,University degree or equivalent,University degree or equivalent,55,45,0,NA,Polish;55;,English;45;,,80,20,0,NA,Polish,NA,10,8,NA,NA,I always (or almost always) speak Polish to my child,Polish,NA,10,7,NA,NA,I always (or almost always) speak Polish to my child,First,NA,1,14,Always (or almost always) English,NA,R/W,R/W,R/W,R/W,R/W,R/W,R/W,R/W,R/W,R/W,R/W,R/W,N,N,R,R/W,R/W,R/W,R/W,R,R,R,R,R/W,R/W,R/W,R,R/W,R,R,R,R/W,R/W,R/W,R,R/W,R/W,R,R/W,R/W,R/W,R/W,R,R/W,R/W,R,R,R/W,R/W,R,R,R,R,R/W,R,R,R,R/W,R,R,R/W,R/W,R/W,R/W,R,R,R/W,R/W,R/W,N,R/W,R/W,R/W,R,N,R,R/W,R/W,R/W,R,R/W,R/W,R,N,R,R/W,R/W,R/W,R,R,R/W,R/W,R/W,R/W,R/W,R/W,R,R/W,R,R/W,R/W,R/W,R/W,R/W,R/W,R,R/W,N,R/W,R/W,R,R/W,R/W,R/W,R,R/W,N,R,R,R,N,R/W,N,R/W,R,R,R/W,R/W,R/W,R/W,R,R,N,N,R/W,R/W,R,N,N,R/W,N,R/W,R,R,R,R,R/W,R/W,N,R,R/W,N,N,R,R,R,R,N,R,R/W,R,R,R,R,N,R/W,R/W,R,R/W,R,R,N,R/W,N,N,N,R,R,N,R,R/W,N,N,R/W,R,R,R,R,R,R,R/W,R,R/W,R/W,R,R/W,N,R,R,N,R,N,N,R,N,R,N,R,N,R,R,R/W,R/W,R/W,R,R,R,R,R,R,R,R/W,R,R/W,R,R/W,R/W,R/W,R/W,R/W,R/W,R/W,N,R/W,N,R,N,R/W,R/W,R,N,R,R/W,R,R/W,R,R/W,R,R/W,R,N,R/W,R/W,R/W,R/W,R/W,R/W,R,R,R/W,R/W,N,R,R/W,R,R,R,R,R,R/W,R,R,R,R,R,R,R/W,R/W,R,R/W,R,R,R,R,R,R,R,R,R,R,R/W,R,R/W,R,R/W,N,R,R,R,R,R,N,R,N,R,R,R,R,R/W,R,R,R,R,N,R/W,N,R,R/W,R/W,N,R,R,R,N,R,R,R,R,R,R,N,R,R/W,R,R/W,R,R/W,R/W,R,R/W,R,R,R,R/W,R,R,R,R/W,N,R,R/W,R,R,R,N,R,R,R,N,R,R,R/W,N,N,R,R/W,R,R,R/W,R,R,R,R/W,R,R,R,N,N,R,R,N,N,R,R,R,R,R,R,R,R,R,R,N,N,R/W,R/W,R,R,R,R,R/W,R,R,R,R/W,R/W,R,N,R,R,N,R,R,R,R/W,N,N,N,BL01UK01PL057,UKPL057,658,21.93333333,2021,gb
R_1gIRB8lhiYrVYGq,Male,University degree or equivalent,Left school at 16 with GCSE or equivalent,20,80,0,NA,Polish;20;,English;80;,,50,50,0,NA,Polish,NA,10,9,NA,NA,I regularly speak both Polish and English to my child,English,NA,NA,10,NA,NA,I always (or almost always) speak English to my child,First,NA,1,NA,NA,1,R/W,N,R/W,N,N,N,R/W,N,R/W,N,N,N,N,N,N,N,N,N,N,N,N,N,N,N,N,N,N,N,N,N,N,N,N,N,N,N,N,N,N,N,N,N,N,N,N,N,N,R/W,N,N,N,N,N,N,N,N,N,N,R,R,R,N,N,R,N,R,R,R,N,N,N,N,N,N,N,R,N,R/W,N,N,N,N,N,N,N,N,R/W,N,N,N,N,N,N,N,N,N,N,N,N,N,N,R,R,N,R,R,N,N,N,R,N,N,N,N,N,R,R,N,N,R,N,R,N,N,R,R,N,R,N,R,N,N,N,N,N,N,N,N,N,N,N,N,N,N,N,N,N,N,N,N,N,N,N,N,N,N,N,N,N,N,N,N,N,N,N,N,N,N,N,N,N,N,N,N,N,N,N,N,N,N,N,N,N,N,R,N,N,N,N,R,N,N,R,N,N,R,N,N,N,N,N,N,N,N,N,N,N,N,N,N,N,N,R,N,R,N,N,N,N,N,N,N,N,R,N,N,N,N,R,N,N,N,N,R,N,N,N,N,N,N,N,N,R,N,R,R,N,N,R,N,N,N,N,N,N,N,R/W,N,N,R,N,N,N,N,N,R,R,N,N,N,R,N,N,N,R,R,N,R,N,R,N,R,N,N,N,N,N,N,N,N,N,N,R,N,N,N,R,R,R,N,N,N,N,N,N,N,R,N,N,N,N,N,N,N,R,N,R,N,R,N,N,R,N,N,N,N,N,N,N,N,N,N,N,N,N,N,N,N,N,N,N,N,N,N,N,N,N,N,N,N,N,N,N,N,N,N,N,N,N,N,N,N,N,N,N,N,N,N,N,N,N,N,N,N,N,N,N,N,N,N,N,N,N,N,N,N,N,N,N,N,N,N,N,N,N,N,N,N,N,N,N,N,N,N,N,N,N,N,N,N,N,N,N,N,R,N,N,N,BL01UK01PL058,UKPL058,667,22.23333333,2021,gb
R_1lv3Jn1JraY3KNL,Female,Left school at 18 with A-Levels or equivalent,Left school at 18 with A-Levels or equivalent,80,18,2,NA,Polish;80;,English;18;,Other;2;,85,15,0,NA,Polish,NA,10,8,NA,NA,I regularly speak both Polish and English to my child,Polish,NA,10,7,10,NA,I always (or almost always) speak Polish to my child,First,NA,1,NA,NA,1,R/W,R/W,R/W,R/W,R/W,R/W,R/W,R/W,R/W,R/W,R/W,N,R,R,R,R,R,R/W,R,R,R,N,R,R,R,R,R,R/W,N,R,R,R,R,R,R,R,R/W,R,R,R,R,R,N,R,R,R,R,R,R/W,R,R/W,N,R/W,R,R/W,R,R,R,R,R,R,R/W,R,R,R,R,R/W,R/W,R,R,N,N,N,R,N,R,R,R,R,R,R/W,N,R,R,N,R/W,R/W,R/W,R,N,N,R/W,R/W,N,R/W,R,R,R,R,R,R,R,R,R,R,R,R,R,R,R,R,R,R,R,R,R/W,N,R,R,N,N,R,R,R,R,R,R,R,N,R,R,R,N,N,N,R,R,N,N,R,R,R,R,R,R,R,R,R,R,R,R,R,R,R,R,R,N,R,R,R,R,R,R,R,N,R,R,N,R,R,R,R,R,N,R,N,R,R,R,R,R,R,N,R,R,R,N,N,R,R,R,R,R,R/W,R,R,R,R,R,R,R,N,R,R,R,R,N,R,N,R,R,R,N,R/W,R,R,R,R,R,R,R,R,R,R,N,R,R,R,R,R,R,R,N,R,N,N,N,R,R,N,R,N,R,R,R/W,R,R,R,R/W,R,R,R/W,R/W,R,N,R/W,R/W,R,R,R/W,R/W,N,R,R/W,N,R,R,R,R,R,R,R,R,R,R,R,R,R,R,R/W,R,R/W,R/W,R/W,R,R,R,R,R,R,N,R,R/W,N,R,R,R,R/W,R/W,R,N,R,R,N,N,R/W,R/W,R,R,R,R,R,R,R,R,R,R,R,R,N,R,R,R,R,R,R,N,R,R,R,N,R,R,R,R,R,R,R,R,R,R,R,R,R/W,R,N,R,R,R,R,R/W,R,R,R,N,R/W,R,R,R,R,R,R,N,R,R,R/W,N,R,R,N,R,R,R,R,R,R,N,N,R,R,R,R,R,R,R,R,R,R/W,N,N,R/W,R/W,N,N,R/W,R/W,R,R,R,R,R,R,R,R,R,R,N,N,R,N,N,R,R/W,N,N,N,N,N,BL01UK01PL059,UKPL059,1059,35.3,2021,gb
R_27KfcVNybFzTnNz,Male,University degree or equivalent,Left school at 18 with A-Levels or equivalent,35,60,5,French,Polish;35;,English;60;,French;5;,95,0,5,French,Polish,NA,10,9,8,French,I always (or almost always) speak Polish to my child,English,NA,1,10,NA,NA,I always (or almost always) speak English to my child,First,NA,1,NA,NA,2,R/W,R/W,R/W,R/W,R/W,R/W,R/W,R/W,R/W,R/W,R/W,R/W,R,R,R,R,R,R,R,R,R,N,R,R,R,R,R,R,R,R,R,R,R,R,R,R,R,R,R,R,N,R,R,R,R,R,R,R,R,R,R,R,R,R,R,R,R,R,R,R,R,R,R,R,R,N,R,R,R,R,R,N,N,R,N,R,R,R/W,R,R,R,R,R,N,R,R,R,N,N,R,R,N,R,R,R,R,R,R,R,R,R,R,R,R,R,R,R,R,R,R,N,R,R,R,R,R,N,N,N,R,N,R,N,N,R,R,N,R,N,R,N,N,N,N,N,R,N,N,N,R,R,R,R,R,N,R,N,R,N,R,R,N,R,N,R,R,R,R,R,R/W,R,R,R,R,N,R,R,N,R,R,R,N,R,R,R,N,N,N,R,R,R,N,R,R,R,R,N,R,R,R,N,R,R,R,N,R,N,R,R,N,R,N,R,R,N,N,N,N,N,R,N,R,R,R,R,N,N,R,R,R,N,R,N,R,N,N,R,R,R,R,N,R,N,R,N,N,N,R/W,R/W,R,N,N,R,R,R/W,R,R/W,N,R/W,R,N,R,R/W,R,R,N,R/W,R,R,R/W,R,R,R,R/W,N,R,R,R,R,R,R,R,N,R,R,R,R,R,R,R,R,R,N,N,N,R,R,R,R,R,R,R,R,N,R,R,R,N,R,R,N,N,R,N,N,N,R,R,R,R,R,R,R,R,R,N,R,R,R,R,R,R,R,N,R,R,R,N,R,N,N,N,R,R,R,R,R,R,N,R,R,N,N,R,N,R,N,R,N,R,R,R,N,R,N,R,N,N,N,R,R,R,N,R,N,R,N,R,R,R,N,N,R,R,N,R,N,N,R,N,N,N,N,N,N,N,R,N,N,N,N,R,N,N,N,R,R,N,N,N,R,R,N,R,R/W,R,N,N,N,N,N,N,R,N,N,N,N,N,BL01UK01PL060,UKPL060,643,21.43333333,2021,gb
R_2aUCthweU7PeBFQ,Male,University degree or equivalent,University degree or equivalent,50,50,0,NA,Polish;50;,English;50;,,80,20,0,NA,Polish,NA,10,7,NA,NA,I regularly speak both Polish and English to my child,Polish,NA,10,5,NA,NA,I regularly speak both Polish and English to my child,First,NA,1,12,Always (or almost always) English,NA,R,R,R,R,R,R,R,R,R,R,R,R,R,N,N,R,R,R,R,R,R,N,R,R,R,R,N,N,N,R,N,R,R,R/W,R,N,R,N,N,R,R/W,R,N,R,R,N,R,R,R,R,N,N,R,R,N,N,R,R,N,R,R,N,N,R,R,R,R,R,R,N,N,R,N,N,N,N,R,R,N,N,R,R,R,R,R,R,R,R,R,R,R,R,R,R,R,R,R,R,R,R,R,R,R,R,N,R,R,R,R,R,R,R,R,R,R,R,N,R,N,R,N,R,N,R,R,R,N,R,N,R,N,N,R,N,N,R,N,N,N,R,R,R,R,R,R,R,R,R,R,R,R,N,N,R,N,R,N,N,R,R,R,N,R,R,N,N,R,N,R,R,R,N,R,N,R,N,R,R,R,R,R,N,N,R,R,N,N,N,R,R,R,R,R,N,N,R,N,R,N,N,R,N,N,R,N,R,R,R,N,R,N,N,N,R,R,N,R,R,R,R,R,R,R,R/W,N,R,R/W,R,R,R,R,R,R,R/W,N,N,N,R/W,R/W,N,N,N,R/W,R,R,R,R,R,R,R,R,R,R,R,R,R,R,R,R,R,R,R,R,R,R,R,R,R,R,R,R,R/W,R,R,R,R,R,R,R,R,R,R,R/W,R,R,R,R,R,R,R,R,N,R,N,R,N,R,R,R,R,R,R,R,R,R,R,R,R,R,R,R,R,R,R,R,R,R,R,R,N,R,R,R,N,R,R,R,R,R,R,R,R,R,R,R,R,R,R,R,R,R,R,R,R,R,R,R,R,N,R,R,R,R,R,N,R,N,R,R,R,R,R,R,R,R,R,R,R,R,N,N,R,R,R,R,R,R,R,R,R,R,N,R,N,R,N,R,R,R,R,R,R/W,N,N,R,R,R,R,N,R,R,R,R,R,R,R,R,N,N,N,N,N,R,N,R,R,N,N,BL01UK01PL061,UKPL061,950,31.66666667,2021,gb
R_5pv11WT1HBNWRQB,Male,University degree or equivalent,University degree or equivalent,70,30,0,NA,Polish;70;,English;30;,,70,30,0,NA,Polish,NA,10,8,NA,NA,I regularly speak a mix of Polish/ English / other languages to my child,Polish,NA,10,8,NA,NA,I regularly speak a mix of Polish / English / other languages to my child,First,NA,1,NA,NA,NA,R/W,R/W,R/W,R/W,R/W,R/W,R/W,R/W,R/W,R/W,R/W,R/W,R,R,R,R/W,R/W,R/W,R/W,R/W,R/W,R,R/W,R/W,R/W,R/W,R,R,R,R,R,R,R/W,R/W,R,R,R,R/W,R,R,R/W,R,R,R,R,R,R,R/W,R/W,R/W,R/W,R/W,R/W,R/W,R/W,R/W,R/W,R/W,R/W,R/W,R/W,R,R/W,R/W,R,R,R/W,R/W,R/W,R/W,R,R/W,R,R/W,R,R/W,R/W,R/W,R/W,R/W,R/W,R/W,R/W,R/W,R/W,R/W,R/W,R/W,R/W,R/W,R/W,R/W,R/W,R/W,R/W,R/W,R/W,R/W,R/W,R/W,R/W,R/W,R/W,R/W,R/W,R/W,R/W,R/W,R/W,R/W,R/W,R/W,R/W,R/W,R/W,R/W,R,R,R,R,R/W,R/W,R,R/W,R/W,R,R/W,R/W,R,R/W,R,R/W,R/W,N,R/W,R/W,R/W,R/W,R/W,R/W,R/W,R/W,R/W,R/W,R/W,R/W,R/W,R/W,R/W,R/W,R/W,R/W,R/W,R/W,R/W,R/W,R/W,R,R/W,R/W,R/W,R/W,R/W,R/W,R,R/W,R/W,R,R/W,R/W,R/W,R,R/W,R,R/W,R,R,R/W,R,R/W,R/W,R/W,R,R/W,R/W,R/W,R/W,R/W,R/W,R/W,R/W,R/W,R/W,R/W,R,R/W,R,R,R/W,R,R/W,R,R/W,R/W,R/W,R,R,R,R/W,R/W,R,R/W,R,R/W,R,R,R/W,R,R/W,R/W,R/W,R,R,R/W,R,R/W,R/W,R/W,R/W,R,R/W,R/W,R,R/W,R,R,R,R,R,R/W,R,R,R/W,R/W,R/W,R,R/W,R,R/W,R/W,R/W,R/W,R/W,R,R,R,R/W,R/W,R/W,R/W,R/W,R,R/W,R/W,R,R/W,R/W,R/W,R/W,R,R/W,R/W,R/W,R/W,R/W,R,R,R/W,R/W,R/W,R,R/W,R/W,R,R/W,R/W,R/W,R/W,R/W,R,R/W,R/W,R/W,R/W,R/W,R,R,R,R,R,R,R,R,R,R,R/W,R,R/W,R/W,R,R/W,R/W,R/W,R,R/W,R,R/W,R/W,R,R,R,R,R,R,R/W,R/W,R/W,R/W,R/W,R,R,R,R,R,R/W,R,R/W,R/W,R/W,R/W,R,R,R/W,R/W,R/W,R,N,R/W,R,R/W,R/W,R/W,R/W,R/W,R,R/W,R,R/W,R,R,R,R/W,R,R,R,R,R,R/W,R/W,R,R,R,R/W,R/W,N,N,N,N,N,N,N,N,N,N,N,N,N,R,N,N,R/W,N,N,N,N,N,N,N,N,N,R/W,R,N,N,N,N,N,N,N,R/W,N,N,N,N,R/W,N,N,N,BL01UK01PL062,UKPL062,1172,39.06666667,2021,gb
R_bvgx5Xurg4HQOHL,Male,University degree or equivalent,University degree or equivalent,60,40,0,NA,Polish;60;,English;40;,,60,40,0,NA,Polish,NA,10,9,0,NA,I always (or almost always) speak Polish to my child,English,NA,0,10,9,Afrikaans,I always (or almost always) speak English to my child,First,NA,1,17,Always (or almost always) English,3,R,R/W,N,R,N,R,N,R/W,R/W,R,N,N,N,N,N,R,N,R,N,N,R,N,N,N,N,R,N,R,N,N,N,N,R,N,N,N,R,N,N,R,R,N,N,R,N,N,N,R,R,N,N,N,N,N,N,N,N,R,R,N,R,N,R,N,N,R,R,N,N,N,N,N,N,N,N,N,N,N,N,N,N,N,R,N,N,N,N,N,R,N,N,N,N,N,R,N,R,N,N,N,R,N,R,N,N,N,N,N,R,N,N,R,N,N,R,R,N,N,N,N,N,N,N,N,N,N,N,R,N,N,N,N,N,N,N,R,N,N,N,R,N,N,N,N,N,N,N,N,N,N,N,N,N,N,N,N,N,N,N,R,N,N,N,N,N,N,N,N,N,N,N,N,N,N,N,N,N,N,N,N,N,N,N,R,R,N,N,R,N,N,N,N,N,R,N,R,N,R,N,N,N,N,N,R,N,N,N,N,N,N,N,R,N,N,R,N,N,R,R,N,N,N,N,R,N,N,N,N,N,R,N,N,N,R,N,N,N,N,N,N,N,N,R,N,R,N,R,R,R/W,N,N,R,N,R,N,N,R,R,N,R,R,N,R,R,N,N,N,N,N,N,N,N,N,N,N,N,N,N,N,N,N,N,N,N,N,N,N,N,N,N,R,N,R,N,N,N,R,N,R,R,N,N,N,N,N,R,N,N,N,R,N,N,N,N,R,N,N,N,N,N,N,N,N,N,N,N,N,N,R,N,N,N,N,N,N,N,N,N,N,N,N,N,N,N,N,N,N,N,N,N,N,N,N,N,N,N,N,N,N,N,N,N,N,N,N,N,N,N,N,N,N,N,N,N,N,N,N,N,N,N,N,N,N,N,N,N,N,N,N,N,N,N,N,N,N,N,N,N,N,N,N,N,N,N,N,N,N,N,N,N,N,N,R,N,N,N,N,N,BL01UK01PL063,UKPL063,531,17.7,2021,gb
R_9YxAA1yeMdWkxax,Male,University degree or equivalent,University degree or equivalent,40,50,10,Spanish,Polish;40;,English;50;,Spanish;10;,90,0,10,Spanish,Polish,NA,10,8,3,German,I always (or almost always) speak Polish to my child,Polish,NA,10,8,NA,NA,I regularly speak both Polish and English to my child,First,NA,1,16,Always (or almost always) English,2,R,R,N,R/W,R/W,R/W,R/W,R/W,R/W,R/W,R/W,R/W,N,N,N,R,R,R,R,R,R,N,R,N,R,R,R,R,N,R,N,R,R,R,R,R,N,N,R,N,N,N,N,R,N,R,N,R,R,R,R,R,R,R,R,R/W,R,R,R,R,R,N,R,R,R,R,R,R,R,R,R,N,R,R,R,R,R/W,R,R/W,R,R,R,R,R,R,R,R,R,R,R,R,R,R,R,R/W,R,R,R,R,R,R,R/W,R,R,R,R,N,R,R,R,R,R,R,R,R,R,R,R,N,N,N,R,N,R,R,R,N,R,N,R,R,R,N,N,N,R,R,R,N,R,R,R,R,R,R,R,N,R,R,R,R,R,R,R,R,R,N,R,R,R,R,R,R,R,N,R,R,R,R,R,R,N,R,N,R,N,R,R,R,R,R,N,R,R/W,R,N,N,N,R,R,R,R,R,R,R,R,R,R,R,N,R,N,N,R,R,R,R,R,R,R,R,R,R,R,R,R,N,R,R,R,R,R,R,R,N,R,N,N,R,R,N,R,R,R,N,N,R,R,R,R,N,N,R,N,R/W,R,R/W,R,R,R,N,R,R,R,R,N,R,R,R,R/W,R,N,R,R,R,R,R,R,R,R,R,R,R,R,R,R,R,R,R,R,R,R,R,R,R,R,R,R,R,R,R,R,R,R,R,R,R,R,R,R,R,R,R,R,R,R,R,R,R,R,R,R,R,R,R,R,R,R,R/W,R,R,R,R,R,R,R,R,R,R,R,R,R,R,R,R,R,R,R,N,R,R,R,R,R,R,R,R,R,R,R,R/W,R,R,R,N,R,R,R,R/W,R,R,R,R,R,R,R,R,R,R,R,R,R,R,R,N,R,R,N,R,N,R,R,R,R,N,N,R,R,R,R,R,R,R,N,N,N,R,R,R,N,N,R,R,R,R,R,R,R,N,N,N,N,R,N,N,R,N,N,BL01UK01PL064,UKPL064,1097,36.56666667,2021,gb
R_BJjAoiWHv39ygs9,Female,University degree or equivalent,University degree or equivalent,17,80,3,Spanish,Polish;17;,English;80;,Spanish;3;,35,65,0,NA,Polish,NA,10,8,NA,NA,I always (or almost always) speak English to my child,English,NA,1,10,0,NA,I always (or almost always) speak English to my child,First,NA,1,NA,NA,NA,N,N,N,N,N,N,N,N,N,N,N,N,N,N,N,N,N,N,N,N,N,N,N,N,N,N,N,N,N,N,N,N,N,N,N,N,N,N,N,N,N,N,N,N,N,N,N,N,N,N,N,N,N,N,N,N,N,N,N,N,N,N,N,N,N,N,N,N,N,N,N,N,N,N,N,N,N,N,N,N,N,N,N,N,N,N,N,N,N,N,N,N,N,N,N,N,N,N,N,N,N,N,N,N,N,N,N,N,N,N,N,N,N,N,N,N,N,N,N,N,N,N,N,N,N,N,N,N,N,N,N,N,N,N,N,N,N,N,N,N,N,N,N,N,N,N,N,N,N,N,N,N,N,N,N,N,N,N,N,N,N,N,N,N,N,N,N,N,N,N,N,N,N,N,N,N,N,N,N,N,N,N,N,N,N,N,N,N,N,N,N,N,N,N,N,N,N,N,N,N,N,N,N,N,N,N,N,N,N,N,N,N,N,N,N,N,N,N,N,N,N,N,N,N,N,N,N,N,N,N,N,N,N,N,N,N,N,N,N,N,N,N,N,N,N,N,N,N,N,N,N,N,N,N,N,N,N,N,N,N,N,N,N,N,N,N,N,N,N,N,N,N,N,N,N,N,N,N,N,N,N,N,N,N,N,N,N,N,N,N,N,N,N,N,N,N,N,N,N,N,N,N,N,N,N,N,N,N,N,N,N,N,N,N,N,N,N,N,N,N,N,N,N,N,N,N,N,N,N,N,N,N,N,N,N,N,N,N,N,N,N,N,N,N,N,N,N,N,N,N,N,N,N,N,N,N,N,N,N,N,N,N,N,N,N,N,N,N,N,N,N,N,N,N,N,N,N,N,N,N,N,N,N,N,N,N,N,N,N,N,N,N,N,N,N,N,N,N,N,N,N,N,N,N,N,N,N,N,N,N,N,N,N,N,N,N,N,N,BL01UK01PL065,UKPL065,440,14.66666667,2021,gb
R_3nk4vgvA9qQgnp9,Female,University degree or equivalent,Left school at 18 with A-Levels or equivalent,65,35,0,NA,Polish;65;,English;35;,,90,10,0,NA,Polish,NA,10,8,NA,NA,I always (or almost always) speak Polish to my child,Polish,NA,10,4,NA,NA,I always (or almost always) speak Polish to my child,Second,NA,2,11,Always (or almost always) English,4,R/W,R/W,N,R/W,R/W,R/W,R/W,R/W,R/W,R/W,R/W,R/W,R,R,R/W,R/W,R/W,R/W,R/W,R/W,R/W,R/W,R/W,R/W,R,R/W,R/W,R/W,R,R/W,R/W,R/W,R/W,R/W,R/W,R/W,R/W,R/W,R,R/W,R/W,R/W,R/W,R/W,R/W,R,R,R/W,R,R/W,R/W,R/W,R/W,R/W,R/W,R,R/W,R/W,R/W,R/W,R/W,R/W,R/W,R/W,R/W,R/W,R/W,R/W,R/W,R/W,R/W,R/W,R/W,R/W,N,R/W,R/W,R/W,R/W,R/W,R/W,R/W,R/W,R/W,R/W,R/W,R/W,R/W,R/W,R/W,R/W,R/W,R/W,R/W,R/W,R/W,R,R/W,R/W,R/W,R/W,R/W,R/W,R/W,R/W,R/W,R,R,R/W,R/W,R/W,R/W,R/W,R/W,R/W,N,N,R/W,R/W,N,N,R/W,R,R/W,R/W,R/W,N,R/W,N,R/W,R/W,R/W,R/W,R/W,N,R/W,R/W,R/W,N,R/W,R/W,R/W,R/W,R/W,R/W,R/W,R/W,R/W,R/W,R/W,R/W,R/W,R/W,R/W,N,R/W,R/W,R/W,R/W,R/W,R/W,R,R,R/W,R,R/W,R/W,R/W,R/W,R/W,R/W,R/W,R/W,R,R/W,R/W,R,R/W,R/W,R/W,R/W,R/W,R,R/W,R/W,R/W,R,R/W,R/W,R/W,R/W,R/W,R/W,R/W,R/W,R/W,R/W,R/W,R/W,R/W,R/W,R/W,R/W,R/W,R/W,R/W,R/W,R/W,R/W,R/W,R/W,R/W,R/W,R/W,R/W,R/W,R/W,R/W,R/W,R/W,R/W,R/W,R/W,R/W,R/W,R/W,R/W,R/W,R/W,R/W,R/W,R/W,R/W,R/W,R/W,R/W,N,R/W,R/W,R/W,R/W,R/W,R/W,R/W,R/W,R/W,R/W,R/W,R/W,R/W,R/W,R/W,R/W,R/W,R/W,R/W,R/W,R/W,R/W,R/W,R/W,R/W,R/W,R/W,R/W,R/W,R/W,R/W,R/W,R/W,R/W,R/W,R/W,R/W,R/W,R/W,R/W,R/W,R/W,R/W,R/W,R/W,R/W,R/W,R/W,R/W,R/W,R/W,R/W,R/W,N,R/W,R/W,R/W,R/W,R/W,R/W,R/W,R/W,R/W,R/W,R/W,R/W,R/W,R/W,N,R/W,R/W,R/W,R/W,R/W,R/W,R/W,R/W,R/W,R/W,R/W,R/W,R/W,R/W,R/W,R/W,R/W,R/W,R/W,R/W,R/W,R/W,R/W,R/W,R/W,R/W,R/W,R/W,R/W,R/W,R/W,R/W,R/W,R/W,R/W,N,R/W,R/W,R/W,R/W,R/W,R/W,N,R/W,R/W,R/W,R/W,R,R/W,R/W,R/W,R/W,R/W,R/W,R/W,R/W,R/W,R/W,R/W,R/W,R,R,R/W,R/W,R/W,R/W,R/W,R/W,R/W,R/W,R/W,R/W,R/W,R/W,N,N,R/W,R/W,R/W,R/W,R/W,R/W,R/W,R/W,R/W,R/W,R/W,R/W,R/W,R/W,R/W,R/W,R/W,R/W,R/W,R/W,R/W,R/W,R/W,R/W,R/W,R/W,R/W,R,R,R,R/W,R/W,R/W,R/W,R/W,R,BL01UK01PL066,UKPL066,1114,37.13333333,2021,gb
R_1HiY3eheImTFHtF,Female,University degree or equivalent,University degree or equivalent,20,80,0,NA,Polish;20;,English;80;,,30,70,0,NA,Polish,NA,10,8,NA,NA,I regularly speak both Polish and English to my child,English,NA,2,10,NA,NA,I always (or almost always) speak English to my child,First,NA,1,15,Always (or almost always) English,4,R,R,R,R,N,R,R,R,R/W,R/W,R,R,N,N,N,R,R,R,R,N,R,N,R,R,R,R,R,N,N,R,N,R,R,R,R,N,R/W,R,R,R,R,R,N,R,N,N,R,R,R,N,N,N,N,R,N,N,R,R/W,N,R,N,R,R,R,R,R,R/W,R,R,N,N,N,N,N,N,R,R,R,N,R,R,N,R,N,R,R,R,N,N,N,R/W,R,N,R,R,R,R,R,R,R,R,R,R,R,R,N,R,N,R,R,N,R,R,R,R,R,R,R,R,R,R,R,N,R,R,R,R,R,R,R,R,R,N,N,N,R,R,R,N,R,N,R,R,R,R,N,R,R,R,N,N,N,N,R,N,N,N,R,R,R,R,R,R,R,N,R,R,N,R,N,N,N,R,N,N,N,N,N,N,N,R,R,N,R,R,N,N,N,N,R,N,R,R,R,N,R,N,N,N,N,N,N,N,N,N,N,N,N,N,R,N,R,N,N,R,R,N,N,R,R,N,R,N,R/W,N,N,N,N,R/W,N,R,N,N,R/W,N,N,N,N,N,N,N,N,R/W,N,R,N,R/W,N,R,R,N,R,R,R,R,N,R,R,N,R,N,N,R,R/W,N,N,N,N,N,N,N,N,N,N,N,N,R,R,N,R,N,R,N,R,R,N,N,R,N,N,R,N,R,N,R,N,R,N,R,N,N,N,N,N,N,N,N,N,R,N,N,N,N,R,R,N,N,R,N,N,N,N,N,N,R,R,N,N,R,N,N,N,N,N,R,N,R,R,N,N,R,N,N,R,R,N,N,N,N,N,R,R,N,N,N,R,N,N,N,N,N,R,N,N,N,R,N,R,R,N,N,R,N,N,N,N,N,N,N,N,N,N,N,N,N,N,N,R,N,N,N,R,R,N,N,N,R,R,N,N,N,N,N,N,R,R,N,N,N,N,N,N,N,N,R,N,N,N,BL01UK01PL067,UKPL067,493,16.43333333,2021,gb
R_Rlv8ik2aurnKV5T,Female,Left school at 18 with A-Levels or equivalent,Left school at 16 with GCSE or equivalent,40,60,0,NA,Polish;40;,English;60;,,40,60,0,NA,Polish,NA,10,9,NA,NA,I regularly speak both Polish and English to my child,English,NA,2,10,NA,NA,I always (or almost always) speak English to my child,Third,NA,3,NA,NA,3,R/W,R/W,R,R/W,R,R/W,R,R/W,R/W,R/W,R/W,R/W,N,N,N,R,R/W,R/W,R/W,N,R,R,R,R,R,R/W,R,R,R,R,N,R,R,R,R,R,R,R,R,R,R,R,R,R,N,R,R,R,R,R,R,R,R,R,R,R,R,R,R,R,R,R,R,R,N,R,R,R,N,R,N,R,N,R,N,N,R,R,N,N,R,N,N,N,N,R,R/W,N,N,N,N,N,R,R,R,R,R,R,N,R,R,R,R,R,R,R,R,R,R,R,R,R,R,R,R,R,N,N,R,N,N,R,N,R,R,R,N,R,N,N,R,N,N,N,N,R,R,N,N,N,N,R,R,N,R,R,N,R,R,N,R,R,R,R,N,N,N,R,R,R,R,R,R,R,R,R,R,R,R,R,R,R,R,R,R,N,N,R,R,R,R,N,N,R,R,N,N,N,N,N,R,N,R,R,R,R,N,R,N,N,R,N,R,R,N,R,N,R,N,R,N,N,R,R,N,N,N,R,R,N,R,N,N,R/W,N,R,R,R,R,R,R,R,N,R,N,N,N,R,R,R,N,R,R/W,R,R/W,R/W,R/W,R,R/W,R,R,R/W,R/W,R,R,R/W,R/W,R,R,R/W,R,R,R,R/W,R,R,R,R,N,R,R/W,R,R,R,R,R,R,R/W,R,R/W,R,R,N,R,R,R,R,R,R,R,R,R,R/W,N,R,N,R/W,R,N,R,N,N,N,N,N,R,R,N,N,R,R,R,R,R,R/W,N,R,R,R,N,R,R,R,N,R,R,N,R,R,R,R,N,N,N,R,R,R,R,R,N,N,R,R,R,R,R,R,R,R,R,R,N,N,N,N,R,R,R,R,R,R,R,N,N,R,R,N,N,R,R,R,R,N,R,N,R,N,N,R,N,N,N,N,R,N,N,N,R,N,N,R,R,N,R,R,R,R,R,N,R,R,R,R,N,R,R,N,N,N,N,N,N,R,R,R,N,N,R,BL01UK01PL068,UKPL068,477,15.9,2021,gb
R_2zdOBhAjV3RYwsz,Female,University degree or equivalent,University degree or equivalent,70,30,0,NA,Polish;70;,English;30;,,95,5,0,NA,Polish,NA,10,9,NA,NA,I always (or almost always) speak Polish to my child,Polish,NA,10,9,7,spanish,I always (or almost always) speak Polish to my child,First,NA,1,15,Always (or almost always) English,3,R/W,R/W,R/W,R/W,R/W,R/W,R/W,R/W,R/W,R/W,R/W,R/W,R/W,R/W,R,R/W,R/W,R/W,R/W,R/W,R/W,R,R/W,R/W,R/W,R/W,R/W,R/W,R/W,R/W,R/W,R/W,R/W,R/W,R/W,R/W,R/W,R/W,R/W,R/W,R/W,R/W,R/W,R/W,R/W,R/W,R/W,R/W,R/W,R/W,R/W,R/W,R/W,R/W,R/W,R/W,R/W,R/W,R/W,R/W,R/W,R/W,R/W,R/W,R/W,R/W,R/W,R/W,R/W,N,N,N,R/W,R/W,N,R/W,R/W,R/W,R/W,R/W,R/W,R/W,R/W,R/W,N,R/W,R/W,R/W,R/W,R/W,R/W,R/W,R/W,R/W,R/W,R/W,R,R/W,R/W,R/W,R/W,R/W,R/W,R/W,R/W,R,R/W,R/W,R/W,R/W,R,R/W,R/W,R/W,R/W,R/W,R,N,R/W,R,N,R/W,R,R/W,R/W,R/W,N,R/W,R,R/W,R,R,R,R,R,R/W,R/W,N,N,R/W,R,R,R,R,R,R,R/W,R/W,R,R,R/W,R,N,R,R,R,R,R/W,R/W,R/W,R/W,R/W,R/W,R/W,N,R/W,R/W,R/W,R/W,R/W,R/W,N,R/W,N,R/W,R,R/W,R/W,R/W,R/W,R/W,R/W,R/W,R/W,R/W,N,R/W,R/W,R/W,R/W,R/W,R/W,R/W,R/W,N,R/W,R/W,R/W,N,N,R/W,N,R/W,R/W,N,R/W,R/W,R/W,R/W,R,N,R,N,R/W,R/W,R/W,R/W,R/W,R/W,R/W,R,N,N,R/W,R,R/W,R/W,R,R/W,R/W,R/W,R/W,R,R/W,N,R,N,R/W,R/W,N,R/W,N,R/W,R/W,R/W,R,R/W,R/W,R/W,R,R,R/W,R/W,R/W,R/W,R,R/W,R,R/W,R/W,R/W,R,R/W,R/W,N,R/W,R,N,R/W,R/W,R/W,R,R,R,R/W,R/W,R/W,R/W,R/W,R/W,R,R,R/W,R,R/W,R,R,R/W,R,R,R,R/W,R/W,N,R/W,R,R,R/W,R/W,R,R/W,R,R,N,N,R,R/W,R,R/W,R,R,N,R/W,R,R/W,R,R/W,R/W,R/W,N,R,R,R,R,R,R/W,R,R,R,R,N,R,R,R,R,N,R,R/W,N,N,R,R,R/W,R/W,R,R,R/W,R/W,N,R/W,R/W,N,R,R,N,R,N,N,R,R/W,R/W,R/W,N,R/W,R,R/W,R,N,R/W,N,N,R,N,R/W,N,N,N,N,N,R/W,R/W,N,N,R/W,R/W,R/W,R/W,R/W,R,R,R/W,R/W,R/W,R/W,R/W,R/W,R,R,R/W,N,N,N,N,N,N,N,N,N,N,N,N,N,N,N,N,N,N,N,BL01UK01PL069,UKPL069,774,25.8,2021,gb
R_xroKDGQrypUidih,Male,University degree or equivalent,University degree or equivalent,30,70,0,NA,Polish;30;,English;70;,,30,70,0,NA,Polish,NA,10,9,4,French,I regularly speak both Polish and English to my child,English,NA,2,10,4,German,I always (or almost always) speak English to my child,First,NA,1,9,Always (or almost always) English,0,N,R/W,N,R/W,N,R/W,N,R/W,R,N,N,R,N,N,N,N,N,R,N,N,N,N,N,R,R,N,N,N,N,R,N,N,R,R,N,R,N,R,N,N,N,N,N,N,N,N,N,N,N,N,N,N,N,N,N,N,N,N,R,R,R,N,N,R,N,N,R,N,N,N,N,N,R,R,N,R,R,R,N,R,N,N,N,N,N,R,R,N,N,N,N,R,R,R,R,N,N,N,N,N,N,N,N,N,N,N,N,N,N,N,N,N,N,N,N,R,N,N,N,N,N,R,N,R,N,N,N,N,N,R,N,N,N,N,N,N,N,N,N,N,N,N,N,N,N,N,N,N,N,N,N,N,N,N,N,N,N,N,N,N,N,N,N,N,N,N,N,N,N,N,N,N,N,N,N,N,N,N,N,N,N,N,N,N,N,N,N,N,N,N,N,N,N,N,N,N,R,N,N,N,N,N,N,N,N,N,N,N,N,N,N,N,N,N,N,N,N,N,N,N,N,N,N,R,N,N,N,N,R,R,R,N,N,R,N,N,N,N,N,N,N,N,R,N,R,R,N,N,R,N,N,N,N,N,N,R,R/W,N,N,R/W,N,N,N,R/W,N,N,N,N,N,N,N,N,N,N,N,N,N,N,N,N,N,N,N,N,N,N,N,N,N,N,N,N,R,R,N,N,N,N,N,N,N,N,N,N,N,N,N,N,N,N,N,N,N,N,N,N,N,N,N,N,N,N,N,N,N,N,N,N,N,N,N,N,N,N,N,N,N,N,N,N,N,N,R,N,N,N,N,N,N,N,R,N,N,N,N,N,N,R,N,N,N,N,N,N,N,R,N,N,N,N,N,N,N,N,N,N,N,N,N,R,N,N,N,R,N,N,N,R,N,N,R,R,N,N,N,N,R,N,N,N,N,N,N,N,N,N,N,N,N,N,N,N,N,N,N,N,N,N,BL01UK01PL070,UKPL070,561,18.7,2021,gb
R_1OCx74U6KQg4P23,Male,University degree or equivalent,University degree or equivalent,60,40,0,NA,Polish;60;,English;40;,,90,10,0,NA,Polish,NA,10,9,NA,NA,I always (or almost always) speak Polish to my child,Polish,NA,10,9,NA,NA,I always (or almost always) speak Polish to my child,First,NA,1,12,Always (or almost always) English,3,R/W,R/W,R/W,R/W,R/W,R/W,R/W,R/W,R/W,R/W,R/W,R/W,R/W,R/W,R/W,R/W,R/W,R/W,R/W,R/W,R/W,R/W,R/W,R/W,R/W,R/W,R/W,R/W,R/W,R/W,R/W,R/W,R/W,R/W,R/W,R/W,R/W,R/W,R/W,R/W,R/W,R/W,R/W,R/W,R/W,R/W,R/W,R/W,R/W,R/W,R/W,R/W,R/W,R/W,R/W,R/W,R/W,R/W,R/W,R/W,R/W,R/W,R/W,R/W,R/W,R/W,R/W,R/W,R/W,R/W,R/W,R/W,R/W,R/W,R/W,R/W,R/W,R/W,R/W,R/W,R/W,R/W,R/W,R/W,R/W,R/W,R/W,R/W,R/W,R/W,R/W,R/W,R/W,R/W,R/W,R/W,R/W,R/W,R/W,R/W,R/W,R/W,R/W,R/W,R/W,R/W,R/W,R/W,R/W,R/W,R/W,R/W,R/W,R/W,R/W,R/W,R/W,R/W,R/W,R/W,R/W,R/W,R,R/W,R/W,R/W,R/W,R/W,R/W,R/W,R/W,R/W,R/W,R/W,R,R/W,R/W,R/W,R,R/W,R/W,R/W,R/W,R/W,R/W,R/W,R/W,R/W,R/W,R/W,R/W,R/W,R/W,R/W,R/W,R/W,R/W,R/W,R/W,R/W,R/W,R/W,R/W,R/W,R/W,R/W,R/W,R/W,R/W,R/W,R/W,R/W,R/W,R/W,R/W,R/W,R/W,R/W,R,R/W,R/W,R/W,R/W,R/W,R/W,R/W,R/W,R/W,R/W,R/W,R/W,R/W,R/W,R/W,R/W,R/W,R/W,R/W,R/W,R/W,R/W,R/W,R/W,R/W,R/W,R/W,R/W,R/W,R/W,R/W,R/W,R/W,R/W,R/W,R/W,R/W,R/W,R/W,R/W,R/W,R/W,R/W,R/W,R/W,R/W,R/W,R/W,R/W,R/W,R/W,R/W,R/W,R/W,R/W,R/W,R/W,R/W,R/W,R/W,R/W,R/W,R/W,R/W,R/W,R/W,R/W,R/W,R/W,R/W,R/W,R/W,R/W,R/W,R/W,R/W,R/W,R/W,R/W,R/W,R/W,R/W,R/W,R/W,R/W,R/W,R/W,R/W,R/W,R/W,R/W,R/W,R/W,R/W,R/W,R/W,R/W,R/W,R/W,R/W,R/W,R/W,R/W,R/W,R/W,R/W,R/W,R/W,R/W,R/W,R/W,R/W,R/W,R/W,R/W,R/W,R/W,R/W,R/W,R/W,R/W,R/W,R/W,R/W,R/W,R/W,R/W,R/W,R/W,R/W,R/W,R/W,R/W,R/W,R/W,R/W,R/W,R/W,R/W,R/W,R/W,R/W,R/W,R/W,R/W,R/W,R/W,R/W,R/W,R/W,R/W,R/W,R/W,R/W,R/W,R/W,R/W,R/W,R/W,R/W,R/W,R/W,R/W,R/W,R/W,R/W,R/W,R/W,R/W,R/W,R/W,R/W,R/W,R/W,R/W,R,R/W,R,R/W,R/W,R/W,R/W,R/W,R/W,R/W,R/W,R/W,R/W,R/W,R/W,R/W,R/W,R/W,R/W,R/W,R/W,R/W,R/W,R/W,R/W,R/W,R/W,R/W,R/W,R/W,R/W,R/W,R/W,R/W,R,R,R/W,R/W,R/W,R/W,R/W,R/W,R,R,R/W,R/W,R/W,R/W,R/W,R/W,R/W,R/W,R/W,R/W,R/W,R,R,R,R/W,R/W,R/W,R/W,R/W,R/W,BL01UK01PL071,UKPL071,1091,36.36666667,2021,gb
R_1Qs8PlB156xbYIt,Female,University degree or equivalent,University degree or equivalent,80,19,1,Russian,Polish;80;,English;19;,Russian;1;,98,2,0,NA,Polish,NA,10,8,NA,NA,I always (or almost always) speak Polish to my child,Polish,NA,10,7,NA,NA,I always (or almost always) speak Polish to my child,First,NA,1,NA,NA,1,R/W,R,R,R/W,R,R/W,R,R/W,R/W,R/W,R/W,R,R,R,R,R,R,R,R,N,R,N,R,R,R,R,R,R,R,R,R,R,R,R,R,R,R,R,R,R,R,R,R,R,R,R,R,R,R,R,R,R,R,R,R,R,R,R,N,R,R,R/W,R,R,R,R,R,R,R,N,N,N,R,R,N,R,R/W,R/W,R,R,N,R,R,R,R,R,R,N,N,R,R,R,N,N,R,R,R,R,R,R,R,R,R,R,R,R,R,R,R,R,R,R,R,R,R,R,N,R,N,R,N,R,N,R,R,R,N,R,N,R,R,R,N,N,N,R,N,R,N,R,R,R,R,R,R,R,R,R,R,R,R,R,R,R,R,R,N,N,R,R,R,R,R,R,N,R,R,R,R,R,R,N,R,N,R,N,R,R,N,R,R,N,R,R,R,N,N,R,R,R,R,R,R,R,N,R,R,R,R,N,R,N,R,R,N,R,N,R,R,R,R,R,N,R/W,R,R,R,R,R,R,R,R,R,R,N,R,N,N,R,R,R,R,N,R,N,N,N,N,N,N,N,N,R,N,R/W,N,R,R,R,R,R,N,R/W,R,R,N,R/W,R,R,R/W,R,N,R,R,N,R,R,R,R,R/W,R,R,R,R,R,R,R,R,R/W,R/W,R,N,R,R,N,R,R,R,R,R,R,R,R,N,R,N,R,R,R,R,R,R,R,N,N,R,R,N,R,R,R,R,R,N,R/W,N,R,R,R,R,N,R,R,N,R,R,N,R,R,R,N,R,R,N,R,N,N,R,N,R,R,N,N,N,N,N,N,N,N,R,N,R,N,R,N,N,N,N,N,R,R,R,N,N,R,R,N,R,N,N,N,N,R,R,N,R,N,N,R,N,N,N,N,N,N,N,N,N,N,N,N,N,N,N,R,R/W,N,N,N,R,N,N,R,R,N,R/W,N,N,N,R,N,R,N,N,N,N,N,R,BL01UK01PL072,UKPL072,555,18.5,2021,gb
R_302EMmZz3ZZ9gJa,Male,University degree or equivalent,University degree or equivalent,80,20,0,NA,Polish;80;,English;20;,,90,10,0,NA,Polish,NA,10,9,2,"Russian, spanish, french",I always (or almost always) speak Polish to my child,Polish,NA,10,9,3,German,I always (or almost always) speak Polish to my child,First,NA,1,NA,NA,0,R,R,R,R,R,R,R,R,R,R,N,N,N,R,N,R,R,R,R,R,R,N,N,N,R,R,N,N,N,R,R,R,R,R,N,R,R,N,R,R,N,N,N,R,N,N,N,R,R,R,R,N,R,R,R,N,R,R,N,N,R,N,R,R,N,N,R,R,N,N,N,N,N,N,N,R,N,R,N,N,N,N,N,N,N,R,R,N,N,R,R,R,R,N,R,R,N,R,N,N,R,R,R,R,N,R,R,N,R,R,N,R,R,R,R,R,R,N,N,N,N,R,N,N,R,R,N,R,R,R,N,N,N,N,N,R,N,N,N,R,N,R,R,R,R,R,N,R,N,R,R,N,N,N,N,N,N,N,R,R,R,R,R,N,N,R,R,N,R,R,R,N,R,N,N,N,N,R,N,R,N,N,N,N,R,N,N,N,N,R,R,N,R,N,N,N,N,N,N,N,N,N,N,R,N,R,N,N,R,N,N,R,R,N,R,N,N,N,N,N,N,N,N,R,N,N,R,N,N,R,N,R,N,R,N,N,N,R,R,N,N,N,R,R,R,R,R,R,R,R,N,R,R,R,N,R,R,R,R,R,R,N,N,R,N,N,R,N,N,R,R,N,N,R,N,N,R,R,R,R,N,R,R,N,N,N,N,R,N,R,R,R,R,N,R,N,R,R,N,N,N,N,N,N,N,R,R,N,N,R,R,N,R,N,R,N,R,R,R,N,N,N,N,N,N,R,N,N,R,N,N,N,N,N,R,N,R,N,R,N,N,N,N,N,R,N,N,N,N,N,N,N,N,N,N,N,N,N,R,N,R,R,N,N,N,N,N,N,N,N,N,R,N,N,N,R,N,N,R,N,N,N,N,R,N,N,N,N,N,N,N,R,R,N,N,N,N,N,R,N,N,R,N,R,N,R,N,N,N,N,N,N,N,N,R,N,N,N,BL01UK01PL073,UKPL073,369,12.3,2021,gb
R_22JmTpmBc95kOsI,Male,University degree or equivalent,University degree or equivalent,60,40,0,NA,Polish;60;,English;40;,,70,30,0,NA,Polish,NA,10,9,NA,NA,I regularly speak both Polish and English to my child,Polish,NA,10,6,0,NA,I always (or almost always) speak Polish to my child,First,NA,1,NA,NA,0,R,R/W,R/W,N,R,R,R,R,N,R,R/W,R/W,N,N,N,R,N,R,N,N,N,N,N,N,N,N,N,N,N,N,N,N,R,N,N,N,N,N,N,N,N,N,N,N,N,R,N,R/W,N,N,N,N,N,R,N,N,N,N,N,N,N,N,N,R,N,N,R,N,N,N,N,N,N,N,N,N,N,R,N,N,N,N,N,N,N,R,R,N,N,N,N,N,N,N,R,N,N,N,N,N,N,R,R,N,N,N,N,N,N,N,N,R,R,N,N,N,N,N,N,N,N,N,N,N,R,N,N,N,N,N,N,N,N,N,N,R,N,N,N,N,N,N,R,N,N,N,N,R,N,N,N,N,N,R,N,N,N,N,N,R,R,R,N,N,N,N,N,N,N,N,N,N,N,N,R,N,N,N,N,N,N,N,N,R,N,N,N,N,N,N,N,N,N,N,N,N,N,N,N,N,N,N,N,N,N,N,N,N,N,N,N,N,N,R,N,N,N,N,N,N,N,N,N,R,N,N,N,N,N,R/W,R,N,N,R/W,N,N,N,R,N,N,N,N,R/W,N,R,N,N,N,N,N,N,N,N,R,N,R,N,R,N,R,R,N,N,R,N,N,N,N,N,N,R,N,N,N,N,N,N,R,N,N,N,R,N,N,N,N,N,N,R,N,R,N,R,N,N,N,N,R,N,N,N,N,N,N,N,R,R,N,N,R,N,N,N,N,N,N,N,R,N,N,N,N,N,N,N,N,N,N,R,N,N,N,N,N,N,N,N,R,N,N,N,N,N,N,N,N,N,N,N,N,N,N,N,N,N,N,N,N,N,N,N,N,N,N,N,N,N,N,N,N,N,N,N,N,N,R,N,N,R,N,N,N,N,N,R,N,N,N,N,N,N,N,N,N,N,N,N,N,N,N,N,N,N,N,R,N,N,N,N,N,N,N,N,N,N,N,N,N,BL01UK01PL074,UKPL074,419,13.96666667,2021,gb
R_1feJ8joS3lf1loI,Female,University degree or equivalent,University degree or equivalent,70,25,5,French,Polish;70;,English;25;,French;5;,70,25,5,French,Polish,NA,10,9,4,French,I always (or almost always) speak Polish to my child,English,NA,0,10,0,NA,I always (or almost always) speak English to my child,First,NA,1,NA,NA,0,R,R,R,R,N,R,N,N,R,N,N,R,N,N,N,R,R,N,N,N,N,N,R,N,N,N,N,N,N,N,N,N,R,N,N,R,N,N,N,N,N,N,N,N,N,N,N,N,N,N,N,N,N,N,N,N,N,R,R,R,R,N,R,R,N,R,R,R,N,N,N,N,N,N,N,R,N,R/W,N,R,N,R,N,N,N,N,R,N,N,N,N,N,N,N,R,N,N,R,N,N,R,R,R,N,N,N,N,N,R,R,N,R,N,N,N,R,N,N,N,N,N,N,N,N,R,R,N,N,N,N,N,N,N,N,N,N,N,N,N,N,N,R,N,N,N,N,N,N,N,N,N,N,N,N,N,N,N,N,N,N,N,N,N,N,N,N,R,N,R,N,N,N,N,N,N,N,N,N,N,N,N,N,N,R,N,N,N,N,N,N,N,N,R,N,N,R,N,N,N,N,N,N,N,N,N,R,N,R,N,R,N,N,N,R,N,N,N,N,R,N,N,N,N,R,N,N,N,N,N,R,N,N,N,R,N,N,N,N,N,N,N,N,R,N,R,R,R,R,R,R,N,R,N,R,R,N,R,R/W,R,R,R,N,R,R,N,R,N,N,N,R,R,N,N,N,N,N,R,R,R,R,N,R,N,N,R,R,N,N,N,R,R,R,R,N,N,N,N,N,N,R,N,N,N,N,N,R,R,N,R,N,R,N,N,N,R,N,N,N,N,N,N,R,N,N,N,N,N,R,R,N,N,N,N,N,R,N,R,N,N,N,N,N,R,N,R,N,R,N,N,R,R,N,N,N,N,R,N,N,N,N,N,R,N,N,N,N,N,N,N,N,N,R,N,R,N,R,N,N,N,R,N,N,N,N,N,N,N,N,N,N,N,N,N,N,N,N,N,N,N,N,N,N,R,N,R,N,N,N,N,N,N,N,R,N,N,N,N,N,BL01UK01PL075,UKPL075,419,13.96666667,2021,gb
R_3HBpnA76Wv6j9Oj,Female,University degree or equivalent,Left school at 16 with GCSE or equivalent,60,40,0,NA,Polish;60;,English;40;,,60,40,0,NA,Polish,NA,10,8,NA,NA,I always (or almost always) speak Polish to my child,English,NA,1,10,NA,NA,I always (or almost always) speak English to my child,First,NA,1,10,Always (or almost always) English,NA,R,R/W,R/W,R/W,R,R,R,R,R/W,R,R/W,R/W,R,R,R,R,R,R,R,R,R,R,R,R,R,R,R,R,R,R,R,R,R,R,R,R,R,R,R,R,R,R,R,R,R,R/W,R,R/W,R,R,R,R,R,R,R,R,R,R,R,R,R,R,R,R,R,R,R,R,R,R,R,R,R,R,R,R,R,R/W,N,R,R,R,R,R,R,R,R,R,R,R,R,R,R,R,R,R,R,R,R,R,R,R,R,R,R,R,R,R,R,R,R,R,R,R,R,R,R,R,R,R,R,R,R,R,R,R,R,R,R,R,R,R,R,R,R/W,R,R,R,R,R,R,R,R,R,R,R,R,R,R,R,R,R,R,R/W,R,R,R,R,R,R,R,R,R,R,R,R,R,R,R,R,R,R,R,R,R,R,R,R,R,R,R,R,R,R,R,R,R,R,R,R,R/W,R,R,R,R,R,R/W,R,R,R,R/W,R,R,R,R,R,R,R,R,R,R,R,N,R,R,R,R,R/W,R,R,R,R,R,R/W,R,R,R,R,R,R,R,R,R,R/W,N,N,R,R,R,R,R,N,R/W,R,R,R,R/W,R,R,R,R,R,R,R,R,R/W,R/W,R,R,R/W,R,R,R,R,R,N,R,R,R,R,R,R,R,R,R,R,R,R,R,R/W,R,R,R,R,R,R,R,R,R,R,R,R,R,R,R,R,R,R,R,R/W,R,R,R,R,R,R,R,R,R,R,N,N,N,R,R,R,R,R,R,R,R,R,R,R,R,R,R,R,R,R,R,R,R,R,R,R,R,R,R,R,R,R,R,R,R,R,R,R,R,R,R,R,R,R,N,R,R,R,R,R,R,R,R,R,R,R,R,R,R,N,N,R,R,R,R,R,N,N,R,R,R,N,N,R,N,N,N,R,N,N,N,R,N,N,N,N,R,R,N,N,N,N,N,N,N,N,N,N,N,N,N,N,R,N,R,N,N,N,BL01UK01PL076,UKPL076,397,13.23333333,2021,gb
R_3dWdsoWnktlIq3I,Male,University degree or equivalent,University degree or equivalent,50,50,0,NA,Polish;50;,English;50;,,60,40,0,NA,Polish,NA,10,9,NA,NA,I always (or almost always) speak English to my child,English,NA,5,10,NA,NA,I always (or almost always) speak English to my child,Second,NA,2,NA,NA,28,R/W,R/W,R/W,R/W,R,R/W,R/W,R/W,R/W,R/W,R/W,R/W,R/W,R,N,R/W,R/W,R/W,R/W,R/W,R/W,N,R/W,R/W,R/W,R/W,R/W,R/W,R/W,R,R/W,R/W,R/W,R/W,R/W,R/W,R/W,R/W,R/W,R/W,R/W,R/W,R/W,R/W,R/W,R,R/W,R/W,R/W,R/W,R/W,R/W,R/W,R/W,R/W,R/W,R/W,R/W,R/W,R/W,R/W,R/W,R/W,R/W,R/W,R/W,R/W,R/W,R/W,N,N,R/W,R,R,N,R/W,R/W,R/W,R/W,N,R/W,R,R/W,R,R,R/W,R/W,R/W,R,R,R/W,R/W,R,N,R/W,R/W,R,R/W,R/W,R/W,R/W,R/W,R/W,R/W,R/W,R,R/W,R/W,R/W,R/W,R/W,R/W,R,R/W,R/W,R/W,N,R/W,R/W,R,N,R/W,N,R/W,R/W,R/W,N,R/W,R/W,R/W,N,R,N,N,N,R/W,R/W,R/W,N,R/W,R,R,R,R,R/W,R/W,R/W,R/W,N,R/W,R/W,R,R,R,R,R/W,N,N,R/W,R/W,R/W,R/W,R/W,R/W,N,R/W,R/W,R/W,R/W,R/W,R,R/W,R/W,N,R/W,N,R/W,R/W,N,R/W,R/W,N,R/W,R/W,R/W,R/W,R,R,R/W,R/W,R/W,R/W,R/W,R/W,R/W,R/W,N,R/W,R,N,R,N,R/W,R/W,N,R/W,N,R/W,N,R/W,N,R/W,R/W,R/W,R/W,R/W,R/W,R/W,R/W,R/W,R/W,R/W,R,R/W,R/W,R/W,R/W,R/W,R/W,R/W,R/W,R/W,R,R/W,N,N,R,R/W,R/W,R/W,N,N,R/W,R/W,R/W,R/W,R/W,R/W,R/W,R/W,R,R/W,R/W,R/W,R,R,R/W,R,R,R/W,R/W,N,R,R/W,R,R/W,R/W,R/W,R,R/W,R/W,R/W,R/W,R/W,R/W,R/W,R/W,R/W,R/W,R/W,R,R,R/W,R,R/W,R/W,R/W,R/W,R,R/W,R/W,R/W,R/W,R,R/W,R/W,R/W,R/W,R/W,R/W,R/W,R/W,R/W,R,N,R/W,R/W,R/W,R/W,R/W,R/W,R/W,R/W,R,R/W,N,R/W,R/W,R/W,N,R/W,R,R/W,R,R,R/W,R,R,R/W,R,R,R,R/W,R/W,R/W,R/W,R/W,R/W,R/W,R/W,R/W,N,R/W,R/W,R,R/W,R/W,R/W,R,R/W,R/W,R/W,R/W,R/W,N,R/W,R,N,N,R/W,R/W,R/W,R/W,R/W,R/W,R/W,N,R/W,R/W,R/W,R/W,R/W,R/W,R/W,R,R,R,N,R,R/W,N,N,N,R/W,R/W,N,R/W,R,N,N,N,R/W,R/W,N,R/W,N,N,N,R/W,R,R/W,R/W,R,R,R/W,R/W,R,R,R,R/W,R,R/W,R/W,R/W,R/W,R/W,R,R/W,BL01UK01PL077,UKPL077,849,28.3,2021,gb
R_3JDFKYPv47A2gY2,Male,University degree or equivalent,Left school at 18 with A-Levels or equivalent,70,30,0,NA,Polish;70;,English;30;,,90,10,0,NA,Polish,NA,10,8,NA,NA,I always (or almost always) speak Polish to my child,NA,NA,NA,NA,NA,NA,NA,First,NA,1,NA,NA,0,R/W,R,R,R,N,N,N,R,R,N,R/W,N,N,N,N,N,N,N,N,N,N,N,N,N,N,N,N,N,N,N,N,N,R,N,N,N,N,N,N,N,R,N,N,N,N,N,N,R,N,N,N,N,N,N,N,N,R,N,N,R,R,R,R,R,R,R,R,N,N,R,N,R,N,R,N,R,R,R/W,R,N,N,R,R,N,R,R,R,R,N,N,N,R,R,N,R,R,R,R,N,R,R,R,R,N,N,R,N,R,R,R,R,R,R,R,R,R,R,R,N,R,N,R,N,N,R,R,R,R,N,R,N,R,N,N,R,R,R,N,N,R,R,R,R,R,R,R,N,N,N,N,N,N,R,R,R,R,N,N,N,N,N,N,N,N,N,N,N,N,N,N,N,N,N,N,N,N,N,N,N,N,N,N,N,N,R,N,R,R,R,R,R,R,R,R,R,R,N,R,N,N,N,N,N,R,N,R,R,R,R,R,N,R,R,N,R,R,N,N,R,R,N,N,N,R,N,N,R,N,N,N,N,N,N,R,N,R,N,R,R,N,N,N,N,R,R,R,R,R,R,R,N,N,R,R,R,N,R/W,R,R,R,R,N,R,R/W,N,R,R,R,N,R,R,N,N,R,N,N,R,R,R,R,R,R,N,R,R,R,R,R,N,N,R,R,R,N,R,N,R,R,R,R,R,N,R,R,N,N,R,R,N,N,N,N,R,R,R,R,R,R,R,N,R,N,N,N,R,R,R,R,R,N,N,N,N,N,R,N,R,R,N,N,R,N,R,R,R,R,N,N,N,R,N,N,R,R,N,R,N,R,R,R,R,R,N,N,R,R,R,N,R,N,N,R,N,R,R,R,R,R,N,R,R,N,N,R,R,R,R,N,N,N,R,R,R,R,R,R,R,N,N,N,N,N,R,N,R,R,R,R,N,N,N,N,R,N,N,N,N,R,BL01UK01PL079,UKPL079,583,19.43333333,2021,gb
R_3KqNl24bqvanSZt,Female,Left school at 18 with A-Levels or equivalent,Left school at 16 with GCSE or equivalent,90,10,0,NA,Polish;90;,English;10;,,100,0,0,NA,Polish,NA,10,6,NA,NA,I always (or almost always) speak Polish to my child,Polish,NA,10,8,NA,NA,I always (or almost always) speak Polish to my child,Second,NA,2,NA,NA,2,R/W,R/W,R/W,R/W,R/W,R/W,R/W,R/W,R/W,R/W,R/W,R/W,R/W,R/W,R/W,R/W,R/W,R/W,R/W,R/W,R/W,R/W,R/W,R/W,R/W,R/W,R/W,R/W,R/W,R/W,R/W,R/W,R/W,R/W,R/W,R/W,R/W,R/W,R/W,R/W,R/W,R/W,R/W,R/W,R/W,R/W,R/W,R/W,R/W,R/W,R/W,R/W,R/W,R/W,R/W,R/W,R/W,R/W,R/W,R/W,R/W,R/W,R/W,R/W,R/W,R/W,R/W,R/W,R/W,R/W,R/W,R/W,R/W,R/W,R/W,R/W,R/W,R/W,R/W,R/W,R/W,R/W,R/W,R/W,R/W,R/W,R/W,R/W,R/W,R/W,R/W,R/W,R/W,R/W,R/W,R/W,R/W,R/W,R/W,R/W,R/W,R/W,R/W,R/W,R/W,R/W,R/W,R/W,R/W,R/W,R/W,R/W,R/W,R/W,R/W,R/W,R/W,R/W,R/W,R/W,R/W,R/W,R/W,R/W,R/W,R/W,R/W,R/W,R/W,R/W,R/W,R/W,R/W,R/W,R/W,R/W,R/W,R/W,R/W,R/W,R/W,R/W,R/W,R/W,R/W,R/W,R/W,R/W,R/W,R/W,R/W,R/W,R/W,R/W,R/W,R/W,R/W,R,R/W,R/W,R/W,R/W,R/W,R/W,R/W,R/W,R/W,R/W,R/W,R/W,R/W,R/W,R/W,R/W,R/W,R/W,R/W,R/W,R/W,R/W,R/W,R/W,R/W,R/W,R/W,R/W,R/W,R/W,R/W,R/W,R/W,R/W,R/W,R/W,R/W,R/W,R/W,R/W,R/W,R/W,R/W,R/W,R/W,R/W,R/W,R/W,R/W,R/W,R/W,R/W,R/W,R/W,R/W,R/W,R/W,R/W,R/W,R/W,R/W,R/W,R/W,R/W,R/W,R/W,R/W,R/W,R/W,R/W,R/W,R/W,R/W,R/W,R/W,R/W,R/W,R/W,R/W,R/W,R/W,R/W,R/W,R/W,R/W,R/W,R/W,R/W,R/W,R/W,R/W,R/W,R/W,R/W,R/W,R/W,R/W,R/W,R/W,R/W,R/W,R/W,R/W,R/W,R/W,R/W,R/W,R/W,R/W,R/W,R/W,R/W,R/W,R/W,R/W,R/W,R/W,R/W,R/W,R/W,R/W,R/W,R/W,R/W,R/W,R/W,R/W,R/W,R/W,R/W,R/W,R/W,R/W,R/W,R/W,R/W,R/W,R/W,R/W,R/W,R/W,R/W,R/W,R/W,R/W,R/W,R/W,R/W,R/W,R/W,R/W,R/W,R/W,R/W,R/W,R/W,R/W,R/W,R/W,R/W,R/W,R/W,R/W,R/W,R/W,R/W,R/W,R/W,R/W,R/W,R/W,R/W,R/W,R/W,R/W,R/W,R/W,R/W,R/W,R/W,R/W,R/W,R/W,R/W,R/W,R/W,R/W,R/W,R/W,R/W,R/W,R/W,R/W,R/W,R/W,R/W,R/W,R/W,R/W,R/W,R/W,R/W,R/W,R/W,R/W,R/W,R/W,R/W,R/W,R/W,R/W,R/W,R/W,R/W,R/W,R/W,R/W,R/W,R/W,R/W,R/W,R/W,R/W,R/W,R/W,R/W,R/W,R/W,R/W,R/W,R/W,R/W,R/W,R/W,R/W,R/W,R/W,R/W,R/W,R/W,R/W,R/W,R/W,R/W,R/W,R/W,R/W,R/W,R/W,R/W,R/W,R/W,R/W,R/W,R/W,R/W,R/W,R/W,R/W,R/W,BL01UK01PL080,UKPL080,1263,42.1,2021,gb
R_3O6uY7GqbueucKs,Male,Left school at 18 with A-Levels or equivalent,Left school at 18 with A-Levels or equivalent,90,10,0,NA,Polish;90;,English;10;,,90,10,0,NA,Polish,NA,10,5,NA,NA,I always (or almost always) speak Polish to my child,Bilingual Polish and English,NA,10,8,NA,NA,I regularly speak both Polish and English to my child,First,NA,1,18,Always (or almost always) English,0,R/W,R/W,R/W,R/W,R/W,R/W,R/W,R/W,R/W,R/W,R/W,R/W,R/W,R/W,R,R/W,R/W,R/W,R/W,R/W,R/W,R/W,R/W,R/W,R/W,R/W,R/W,R/W,R/W,R/W,R/W,R/W,R/W,R/W,R/W,R/W,R/W,R/W,N,R/W,R/W,R/W,R/W,R/W,R/W,R/W,R/W,R/W,R/W,R/W,R/W,R/W,R/W,R/W,R/W,R/W,R/W,R/W,R/W,R/W,R/W,R/W,R/W,R/W,R/W,R/W,R/W,R/W,R/W,R/W,R/W,R/W,R/W,R/W,R/W,R/W,R/W,R/W,R/W,R/W,R/W,R/W,R/W,R/W,R/W,R/W,R/W,R,R/W,R/W,R/W,R/W,R/W,R/W,R/W,R/W,R/W,R/W,R/W,R/W,R/W,R/W,R/W,R/W,R/W,R/W,R/W,R/W,R/W,R/W,R/W,R/W,R/W,R/W,R/W,R/W,R/W,R/W,R/W,R/W,R,R/W,N,R/W,R/W,R/W,R/W,R/W,R/W,R/W,N,R/W,R/W,R/W,N,R/W,R/W,R/W,R/W,R/W,R/W,R/W,R/W,R/W,R/W,R/W,R/W,R/W,R/W,R/W,R/W,R/W,R/W,R/W,R/W,R/W,R/W,R/W,R/W,R/W,R/W,R/W,R/W,R/W,R/W,R/W,R/W,R/W,R/W,R/W,R/W,R/W,R/W,R/W,R/W,N,R/W,R/W,N,R/W,R/W,R/W,R/W,R/W,R/W,R/W,R/W,R/W,R/W,R/W,R/W,R/W,R/W,R/W,R/W,R/W,R/W,R/W,R/W,R/W,R/W,R/W,R/W,R/W,R/W,R/W,R/W,R/W,R/W,R/W,R/W,R/W,R/W,R/W,R/W,R/W,R/W,R/W,R/W,R/W,R/W,R/W,R/W,R/W,N,R/W,R/W,R/W,R/W,R/W,R/W,R/W,R/W,R/W,R/W,R/W,R/W,R/W,R/W,R/W,N,N,R/W,R/W,R/W,R/W,R/W,R/W,R/W,R/W,R,R/W,R/W,R/W,R/W,R,R/W,R,R/W,R/W,R/W,R/W,R/W,R/W,R/W,R/W,R/W,R/W,R/W,R/W,R/W,R/W,R/W,R/W,R/W,R/W,R/W,R/W,R/W,R/W,R/W,N,R/W,R/W,R/W,R/W,R/W,R/W,R/W,R/W,R/W,R/W,R/W,R/W,R/W,R/W,R/W,R/W,R/W,R/W,R/W,R/W,R/W,N,R/W,R/W,R/W,R/W,R/W,R/W,R/W,R/W,R/W,R/W,R/W,R/W,R/W,R/W,R/W,R/W,R/W,R/W,R/W,R/W,R/W,R/W,R/W,R/W,R/W,R/W,R/W,R/W,R/W,R/W,R/W,R/W,R/W,R/W,R/W,R/W,R/W,N,R/W,R/W,R/W,R/W,R/W,R/W,R/W,R/W,R/W,R/W,R/W,R,N,R/W,R/W,R/W,R/W,R/W,R/W,R/W,R/W,R/W,R/W,R/W,R,R/W,R/W,R/W,R/W,R/W,R/W,R/W,N,R/W,N,R/W,R/W,R/W,R/W,N,R,R/W,R,R,R/W,R/W,N,N,R/W,R/W,N,R/W,R/W,R/W,R/W,R/W,N,R/W,R/W,R/W,N,R/W,R/W,R/W,R/W,N,N,R/W,N,R,R/W,R/W,R/W,R/W,R,R/W,BL01UK01PL081,UKPL081,980,32.66666667,2021,gb
R_2ygBGlhuNauJ91v,Male,University degree or equivalent,University degree or equivalent,70,30,0,NA,Polish;70;,English;30;,,60,40,0,NA,Polish,NA,10,6,1,German,I always (or almost always) speak Polish to my child,Polish,NA,10,9,4,Russian ,I always (or almost always) speak English to my child,First,NA,1,NA,NA,NA,R/W,R,N,R,N,R,N,R/W,N,R/W,N,R/W,N,N,N,R,R,R,R,N,R,N,N,R,R,R,N,R,N,R,R,N,R,N,R,N,R/W,N,R,N,N,R,N,N,N,R,N,R/W,R,N,N,N,N,N,R,N,N,N,N,R,N,N,R,R,N,N,R,N,N,N,N,N,N,N,N,R/W,N,R/W,N,N,N,N,N,N,N,R,R,N,N,N,N,N,N,N,N,R,N,R,N,N,R,N,R,R,R,N,N,N,N,N,N,R,N,R,N,R/W,N,N,R,N,N,N,N,N,R,N,N,N,R,N,N,N,N,N,N,N,N,N,N,N,N,N,R,N,N,N,N,R,N,N,N,N,N,N,N,N,N,N,R,R,N,N,N,N,N,N,N,N,N,N,N,N,N,N,N,N,N,N,N,N,N,N,N,N,R,N,N,N,N,R,R,R,N,N,N,N,N,N,N,N,N,N,N,N,N,N,N,N,N,N,N,N,N,N,N,N,N,N,N,N,N,N,N,N,N,N,R/W,N,N,R,N,N,N,R/W,N,N,N,N,N,N,N,N,R/W,N,R,N,N,R,R,N,N,N,R/W,N,N,N,R/W,R,N,R/W,R,N,R,N,N,R,N,N,N,R,R,R,N,R,N,N,N,R,N,R,N,N,R,N,N,N,N,R,N,R,R/W,N,R,N,N,N,R,N,R,N,N,N,N,N,N,R,N,N,N,N,N,N,N,R,N,N,R,N,R,N,N,N,R,N,N,N,N,R,N,N,N,N,N,N,N,N,N,N,N,N,N,N,N,N,N,N,N,N,N,N,N,N,N,N,N,N,N,N,N,N,N,N,N,N,N,N,N,N,N,N,N,N,N,R,N,R,N,N,R,N,N,N,N,N,N,N,N,N,N,N,N,N,N,N,N,R/W,N,N,N,N,N,N,N,N,N,N,N,N,N,N,N,N,N,N,N,N,N,N,BL01UK01PL082,UKPL082,467,15.56666667,2021,gb
R_2aErcV8JVN3Ocxw,Female,University degree or equivalent,University degree or equivalent,60,40,0,NA,Polish;60;,English;40;,,100,0,0,NA,Polish,NA,10,6,NA,NA,I regularly speak a mix of Polish/ English / other languages to my child,Polish,NA,10,4,NA,NA,I always (or almost always) speak Polish to my child,First,NA,1,16,Always (or almost always) English,0,R/W,R/W,R/W,R/W,R/W,R/W,R/W,R/W,R/W,R/W,R/W,R/W,R,R,R,R,R,R/W,R,R,R,R,R,R,R,R,R,R,N,R,R,R,R,R,R,R,R,R,R,R,R,R,R,R,R/W,N,R,R/W,R,R,R,R/W,R,R,R,R,R,R,N,R,R,R,R,R,R,R,R,R,R,R,R,R,R,R,R,R,R,R,R,R,R,R,R,R,R,R,R,R,R,R,R,R,R,R,R,R,R,R,R,R,R,R/W,R,R,R,R,R,R,R,R,R,R,R,R,R,R,N,R,R,R,N,R,N,R,R,R,R,R,N,R,R,R,N,N,N,R,R,N,N,R,R,R,R,R,R,R,R,R,R,R,R,R,R,R,R,R,N,R,R,R,R,R,R,R,N,R,R,R,R,R,R,N,R,R,R,R,R,R,R,R,R,R,R,R,R,N,N,R,R,R,R,R,R,R,N,R,R,R,R,R,R,R,R,R,R,R,R,R,R,R,R,R,R,R,R,R,R,R,R,R,N,R,N,R/W,N,R/W,R/W,R/W,R/W,R/W,R/W,N,N,R/W,N,N,N,R/W,R/W,N,N,N,R/W,N,R,R,R/W,R,R/W,R,R,R,R/W,R,R,R,R/W,R,R,R/W,R,R,R,R/W,R,R,R,R,R,R,R,R,R,R,R,R,R,R,R,R,R,R,R,R,R,R,R,R,R,R,R,R,R/W,R,R,R,R,R,R,R,R,R,R,R,R,R,R,R,R,R,R,R,R,R,R,R,R,R,R,R,R,R,R,R,R,R,R,R,R,R,R,R,R,R,R,R,R,R,N,N,R,N,R,R,R,R,R,R,R,R,R,N,R,N,N,R,N,R,R,R,R,R,R,R,N,R,R,N,R,N,R,R,N,R,R,R,R,N,R,R,R,R,R,R,R,R,R,R/W,N,N,R/W,R/W,N,N,N,R/W,N,N,R,R,R,R,R,R,R,R,R,R,N,R,N,N,R,N,R,R,N,N,BL01UK01PL083,UKPL083,668,22.26666667,2021,gb
R_2VeY0IWmgNQfyC9,Male,University degree or equivalent,University degree or equivalent,60,40,0,NA,Polish;60;,English;40;,,40,60,0,NA,Bilingual Polish and English,NA,10,7,NA,NA,I regularly speak both Polish and English to my child,Polish,NA,10,3,NA,NA,I always (or almost always) speak Polish to my child,First,NA,1,NA,NA,NA,N,R/W,N,R,N,R,N,N,N,N,N,N,N,N,N,R,N,N,N,N,N,N,N,N,N,N,N,N,N,N,N,N,N,N,N,N,N,N,N,N,N,N,N,N,N,N,N,R,R,N,N,N,N,N,N,N,N,N,N,N,R,N,N,N,N,N,R,N,N,N,N,N,N,N,N,N,N,N,N,N,N,N,N,N,N,R,N,N,N,N,N,N,N,N,N,N,N,N,N,N,N,N,N,N,N,N,N,N,N,N,N,N,N,N,N,N,N,N,N,N,N,N,N,N,N,N,N,N,N,N,N,N,N,N,N,N,N,N,N,N,N,N,N,N,N,N,N,N,N,N,N,N,N,N,N,N,N,N,N,N,N,N,N,N,N,N,N,N,N,N,N,N,N,N,N,N,N,N,N,N,N,N,N,N,R,N,N,N,N,N,N,N,R,N,N,N,N,N,N,N,N,N,N,N,N,N,N,N,N,N,N,N,R,N,N,N,N,N,R,N,N,N,N,R/W,N,N,N,N,N,N,N,N,N,R/W,N,N,N,N,N,N,N,N,N,N,R/W,N,R,N,N,N,N,N,N,N,N,N,R/W,N,N,R,N,N,N,R,N,N,N,N,N,N,N,N,N,N,N,N,N,R/W,R/W,R,R,N,N,N,N,N,N,N,N,N,N,N,N,N,N,N,N,N,N,N,N,N,N,N,N,N,N,N,N,N,N,N,N,N,N,N,N,N,N,N,N,N,N,N,R,N,N,N,N,N,N,N,N,N,N,N,N,N,N,N,N,N,N,N,N,N,N,N,N,N,N,N,R,N,N,N,N,N,N,N,N,N,N,N,N,N,N,N,N,N,N,N,N,N,N,N,N,N,N,N,N,N,N,N,N,N,N,R,N,N,N,R,N,N,N,N,R/W,N,N,N,N,N,N,N,N,N,N,N,N,N,N,N,N,N,N,N,N,N,BL01UK01PL084,UKPL084,640,21.33333333,2021,gb
R_1nTSCxHtXXNtldk,Male,University degree or equivalent,University degree or equivalent,90,10,0,NA,Polish;90;,English;10;,,99,1,0,NA,Polish,NA,10,6,NA,NA,I always (or almost always) speak Polish to my child,Polish,NA,10,8,4,Russian,I always (or almost always) speak Polish to my child,First,NA,1,24,Always (or almost always) English,0,R/W,R/W,N,R/W,N,R/W,R/W,R/W,R/W,R/W,R/W,R/W,R/W,R/W,R,R/W,R/W,R/W,R/W,R/W,R/W,R/W,R/W,R/W,R/W,R/W,R/W,R/W,R/W,R/W,R/W,R/W,R/W,R/W,R/W,R/W,R/W,R/W,R/W,R/W,R/W,R/W,R/W,R/W,R/W,R/W,R/W,R/W,R/W,R/W,R/W,R/W,R/W,R/W,R/W,R/W,R/W,R/W,R/W,R/W,R/W,R/W,R/W,R/W,R/W,R/W,R/W,R/W,R/W,R/W,N,R/W,R/W,R/W,R/W,R/W,R/W,R/W,R/W,R/W,R/W,R/W,R/W,R/W,R/W,R/W,R/W,R/W,R/W,R/W,R/W,R/W,R/W,R,R/W,R/W,R/W,R/W,R/W,R/W,R/W,R/W,R/W,R/W,R/W,R/W,R/W,R/W,R/W,R/W,R/W,R/W,R/W,R/W,R/W,R/W,N,R/W,R/W,R/W,N,R/W,N,R/W,R/W,R/W,R/W,R/W,R/W,R/W,R/W,R/W,N,R,R,R/W,R/W,R/W,R,R/W,R/W,R/W,R/W,R/W,R/W,R/W,R/W,R/W,R/W,R/W,R/W,R/W,R/W,R/W,R/W,R/W,R,R/W,R/W,R/W,R/W,R/W,R/W,R/W,R/W,R/W,N,R/W,R/W,R/W,R/W,R/W,R/W,R/W,R/W,R/W,R/W,N,N,R/W,R/W,R/W,R/W,R/W,R/W,R/W,R/W,R/W,R/W,R/W,R/W,R/W,R/W,R/W,R/W,R/W,R/W,R/W,R/W,R/W,R/W,R/W,R/W,R/W,R/W,R/W,R/W,R/W,R/W,R/W,R/W,R/W,N,R/W,R/W,R/W,R/W,R/W,R/W,R/W,R/W,R/W,R/W,R/W,R/W,R/W,R/W,R/W,R/W,R/W,R/W,R/W,R/W,R/W,R/W,R/W,N,R/W,R/W,R/W,R/W,R/W,R/W,R/W,R/W,R/W,R,R/W,R/W,R/W,R,R/W,R/W,R,R,N,R/W,R/W,R/W,R/W,R/W,N,R/W,R/W,R/W,R/W,R/W,R/W,R/W,R/W,R/W,R/W,R/W,R/W,R/W,R/W,R/W,R/W,R/W,R/W,R/W,R/W,R/W,R/W,R/W,R/W,R/W,R/W,R/W,R/W,R/W,R/W,R/W,R/W,R/W,R/W,R/W,R/W,R/W,R/W,R/W,R/W,R/W,R/W,R,R/W,R/W,R/W,R/W,R/W,R/W,R,R/W,R/W,R/W,R/W,R/W,R/W,R/W,R/W,R/W,R/W,R/W,R,R/W,R/W,R/W,R/W,R/W,R/W,R/W,R/W,R/W,R/W,R/W,R/W,R/W,R/W,R/W,R,R/W,R,R/W,R/W,R/W,R/W,R/W,R/W,R/W,R/W,R/W,R/W,R/W,R/W,R/W,R/W,R/W,R/W,R/W,R/W,R/W,R/W,R/W,R/W,R/W,R/W,R/W,R/W,R/W,R/W,R/W,R/W,R/W,R/W,R/W,R/W,N,R/W,R/W,R/W,R/W,R,R/W,R/W,R/W,R/W,R/W,R/W,R/W,R/W,R,R/W,R/W,R,R,R/W,R/W,R/W,R/W,R,R,R,R,R,R/W,R/W,R,R,R,R/W,R,R/W,R/W,R/W,R/W,R/W,R/W,R/W,BL01UK01PL085,UKPL085,1113,37.1,2021,gb
R_1NDOM9aHHipLlwn,Female,Left school at 16 with GCSE or equivalent,Left school at 16 with GCSE or equivalent,60,40,0,NA,Polish;60;,English;40;,,85,15,0,NA,Polish,NA,10,8,NA,NA,I always (or almost always) speak Polish to my child,Polish,NA,10,8,NA,NA,I always (or almost always) speak Polish to my child,First,NA,1,23,Always (or almost always) English,2,R/W,R/W,R/W,R/W,R/W,R/W,R/W,R/W,R/W,R/W,R/W,R/W,R/W,R/W,R,R/W,R/W,R/W,R/W,R/W,R/W,R/W,R/W,R/W,R/W,R/W,R/W,R/W,R/W,R/W,R/W,R/W,R/W,R/W,R/W,R/W,R/W,R/W,R/W,R/W,R/W,R/W,R/W,R/W,R/W,R,R/W,R/W,R/W,R/W,R/W,R/W,R/W,R/W,R/W,R/W,R/W,R/W,R/W,R/W,R/W,R/W,R/W,R/W,R/W,R/W,R/W,R/W,R/W,R/W,R/W,R/W,R/W,R/W,R/W,R/W,R/W,R/W,R/W,R/W,R/W,R/W,R/W,R/W,R/W,R/W,R/W,R/W,N,R/W,R/W,R/W,R/W,R/W,R/W,R/W,R,R/W,R/W,R/W,R/W,R/W,R/W,R,R/W,R/W,R/W,R/W,R/W,R/W,R/W,R/W,R/W,R/W,R/W,R/W,R/W,R/W,R/W,R/W,N,R/W,R,R/W,R/W,R/W,R,R/W,R/W,R/W,R/W,R/W,N,N,R/W,R/W,R/W,R/W,N,R/W,R/W,R/W,R/W,R/W,R/W,R/W,R,R/W,R/W,R/W,R/W,R/W,R/W,R/W,R/W,R/W,R/W,R/W,R/W,R/W,R/W,R/W,R/W,R/W,R/W,R/W,R/W,R/W,R/W,R/W,R/W,R/W,R/W,R/W,R/W,R,R/W,R/W,R/W,R/W,R/W,R/W,R/W,R/W,R/W,R,R,R/W,R/W,R/W,R/W,R/W,R/W,R/W,R/W,R/W,R/W,R/W,R,R,R/W,R,R/W,R/W,R/W,R/W,R/W,R/W,R/W,R/W,R/W,R/W,R/W,R/W,R/W,R/W,R/W,R/W,R/W,R/W,R/W,R/W,R/W,R/W,R/W,R/W,R/W,R/W,R/W,R/W,R/W,R/W,R,R/W,N,N,N,R/W,R/W,R,N,R/W,R/W,R/W,R/W,R/W,R/W,R/W,R/W,R/W,N,R/W,R/W,R/W,R/W,R/W,R/W,R/W,R/W,R/W,R/W,N,R/W,R/W,R/W,R/W,R/W,R/W,R/W,R/W,R/W,R/W,R/W,R/W,R/W,R/W,R/W,R/W,R/W,R/W,R/W,R/W,R/W,R/W,R/W,R/W,R/W,R/W,R/W,R/W,R/W,R/W,R/W,R/W,R/W,R/W,R/W,R/W,R/W,R/W,R/W,R/W,R/W,R/W,R/W,R/W,R/W,R/W,R/W,R/W,R/W,R/W,R/W,R/W,R/W,R/W,R/W,R/W,R/W,R/W,R/W,R/W,R/W,R/W,R/W,R/W,R/W,R/W,R/W,R/W,R/W,R/W,R/W,R/W,R/W,R/W,R/W,R/W,R/W,R/W,R/W,R/W,R/W,R/W,R/W,R/W,R/W,R/W,R/W,R/W,R/W,R/W,R/W,R,R/W,R/W,R/W,R/W,R/W,R/W,R/W,R/W,R/W,R/W,R/W,R/W,R/W,R/W,R/W,R/W,R/W,R/W,R/W,R/W,R/W,R/W,R/W,R/W,R/W,R/W,R,R,R/W,R/W,R/W,R/W,R/W,R/W,R/W,N,R/W,R/W,R/W,R/W,R/W,R/W,R/W,R/W,R/W,R/W,R,R/W,R/W,R/W,R/W,R/W,R/W,R/W,R/W,R/W,N,R,R/W,R/W,R/W,R/W,R,R/W,BL01UK01PL086,UKPL086,1109,36.96666667,2021,gb
R_1QF7TL0H6Y8OAoF,Female,University degree or equivalent,University degree or equivalent,20,80,0,NA,Polish;20;,English;80;,,60,40,0,NA,Polish,NA,10,8,NA,NA,I regularly speak both Polish and English to my child,Polish,NA,10,7,NA,NA,I always (or almost always) speak Polish to my child,Second,NA,2,NA,NA,1,R/W,R/W,R,R/W,N,R/W,R/W,R/W,R/W,R/W,R/W,R/W,N,N,N,R/W,R/W,R/W,R/W,R,R/W,R,N,R/W,R/W,R/W,R/W,R/W,R,R,R,R/W,R/W,N,R,R,N,R,N,R,R,R,R,R/W,R/W,R,R,N,R/W,N,R,R/W,R/W,R/W,R/W,R,R,R/W,R,R/W,R/W,R/W,R/W,R/W,R,R,R/W,N,N,R,N,R/W,N,N,N,R/W,R/W,R/W,R/W,R,R/W,R,R/W,R,R,R/W,R/W,R/W,R,R/W,R,R/W,R/W,R/W,R/W,R,R,R/W,R,R,R/W,R/W,R/W,N,R,R,R/W,R,R/W,R/W,N,R/W,R,R/W,R,R/W,N,N,R,R,N,R,N,R/W,R,R,N,R/W,N,R,R,N,N,N,N,R/W,R,R/W,R,R/W,R,R/W,R/W,R,R,R,R,R,R/W,R/W,R/W,R,R,R,R/W,R,R,R,R,R/W,R/W,N,R,R/W,N,R/W,R,R,R/W,R,R/W,N,R/W,R,R,N,N,R,R/W,R/W,N,R/W,R,R/W,R/W,N,N,R/W,R/W,R/W,R,R/W,R/W,R/W,N,R/W,R,R/W,R/W,N,R,R,R,R/W,R,R,R,R/W,R,R,R,R/W,R/W,R/W,R,R,R,R,R/W,R,R,R/W,R/W,R/W,R/W,R,R/W,R,R/W,R,R/W,R/W,R/W,R/W,N,N,R,R,R,R,N,R,R/W,R/W,R/W,R/W,R/W,R,R/W,R/W,R,R/W,R/W,R,R,R/W,R/W,R,R,R/W,R/W,R,R,R/W,N,R,R,R,R,R,R/W,R/W,R,R,R/W,R/W,R,R/W,R,R/W,R,R/W,R,R,R,R/W,R/W,R/W,R,R,R/W,R/W,R/W,R,R,R,R,R/W,R,R,R,R,R,R,N,R,R,R/W,R,R,R/W,N,N,R,R/W,N,R,R,R/W,N,R,R,R,N,R,R,N,R,R/W,N,N,R,R,R,R,R,R,R/W,R,R,R,N,R/W,R,R/W,R,R,R,R,R/W,R/W,R,R,N,N,R/W,R,R,R,R/W,R/W,R,R,R/W,R,R/W,R,R,R/W,R,R,R,R,R/W,N,R,R,R,R/W,R,R,N,R,R,R,R,R/W,R/W,R,R,R/W,R/W,R,R,R/W,R/W,R,R,N,R,R/W,R/W,R,R,R,R/W,R,R,R,R,N,R/W,R/W,R/W,R/W,R/W,R,R,BL01UK01PL087,UKPL087,813,27.1,2021,gb
R_snd9feknD3SJqlr,Male,University degree or equivalent,Left school at 18 with A-Levels or equivalent,85,13,2,Welsh,Polish;85;,English;13;,Welsh;2;,98,2,0,NA,Polish,NA,10,8,NA,NA,I always (or almost always) speak Polish to my child,Polish,NA,10,5,NA,NA,I always (or almost always) speak Polish to my child,Second,NA,2,NA,NA,NA,R/W,R/W,N,R/W,R,R/W,R/W,R/W,R/W,R/W,R/W,R/W,N,N,N,N,N,R,R,N,R,N,N,N,N,R,R,N,N,R,N,N,R/W,N,N,R,N,N,R,N,N,N,N,N,R,N,N,R/W,R,N,N,N,R,N,R,R,R/W,R/W,R,R,R,R/W,R/W,R/W,R,R,R/W,R,R,R,N,R,N,N,N,R/W,R/W,R/W,R/W,R,R/W,R,R,N,N,N,N,R/W,R/W,R,N,R,R/W,N,R/W,R,N,R,N,R,R,R,R,R,N,N,R,N,R,R,N,R,R,R,R,R/W,N,N,N,N,N,N,N,R,R,R,N,R,N,N,N,N,N,N,N,R,N,N,N,R,R,R,R,R,R,R,R,R,R,R,R,R,N,R,N,N,N,R,R,N,R,R,R,R,N,R,R,N,R,R,R,N,N,N,R/W,N,N,R,N,R,N,R,N,R/W,R,N,N,N,R/W,R,N,N,N,R,R,R,N,R,N,N,R,N,N,R,N,R/W,N,N,N,N,N,R/W,R/W,N,R,N,R,R,R,N,N,N,N,R/W,N,N,R/W,N,N,N,N,N,N,R/W,N,N,N,N,N,N,N,N,R/W,N,R/W,R/W,R/W,N,R/W,N,N,R/W,N,R/W,R,N,R/W,R,R,R/W,R,N,N,R/W,N,R,R,N,N,R,R,R,N,N,N,N,R,R,R,R/W,N,R,N,N,R,R,N,R,N,N,N,R/W,R/W,N,R,N,R,N,N,N,N,N,N,N,N,R,R,N,R,R,R,N,N,N,R/W,N,R,N,N,N,R,N,N,N,R,N,N,N,R,N,N,N,N,N,R,R,R,R,N,R/W,R,N,R,R,R,R,R,R,N,N,R,R,R,R,N,N,N,N,N,R,N,R,N,N,N,R/W,N,R,N,N,N,R,R,R/W,R,N,N,N,N,R,N,N,N,R,R,N,N,R/W,N,N,N,R/W,N,N,N,R/W,N,N,N,N,R,R,N,N,N,N,N,N,N,R/W,N,N,R,N,R,N,N,N,BL01UK01PL088,UKPL088,789,26.3,2021,gb
R_bdCRaOnifVPdj33,Female,University degree or equivalent,University degree or equivalent,60,40,0,NA,Polish;60;,English;40;,,100,0,0,NA,Polish,NA,10,8,NA,NA,I always (or almost always) speak Polish to my child,Polish,NA,10,8,NA,NA,I always (or almost always) speak Polish to my child,First,NA,1,18,Always (or almost always) English,5,R/W,R/W,R/W,R/W,R/W,R/W,R/W,R/W,R/W,R/W,R/W,R/W,R/W,R/W,R/W,R/W,R/W,R/W,R/W,R/W,R/W,R/W,R/W,R/W,R/W,R/W,R/W,R/W,R/W,R/W,R/W,R/W,R/W,R/W,R/W,R/W,R/W,R/W,R/W,R/W,R/W,R/W,R/W,R/W,R/W,R/W,R/W,R/W,R/W,R/W,R/W,R/W,R/W,R/W,R/W,R/W,R/W,R/W,R/W,R/W,R/W,R/W,R/W,R/W,R/W,R/W,R/W,R/W,R/W,R/W,R/W,R/W,N,R/W,R/W,R/W,R/W,R/W,R/W,R/W,R/W,R/W,R/W,R/W,R/W,R/W,R/W,R/W,R/W,R/W,R/W,R/W,R/W,R/W,R/W,R/W,R/W,R/W,R/W,R/W,R/W,R/W,R/W,R/W,R/W,R/W,R/W,R/W,R/W,R/W,R/W,R/W,R/W,R/W,R/W,R/W,R/W,R/W,R/W,R/W,R/W,R/W,R/W,R/W,R/W,R/W,R/W,R/W,R/W,R/W,R/W,R/W,R/W,R/W,N,R/W,R/W,R/W,R/W,R/W,R/W,R/W,R/W,R/W,R/W,R/W,R/W,R/W,R/W,R/W,R/W,R/W,R/W,R/W,R/W,R/W,R/W,R/W,R/W,R/W,R/W,R/W,R/W,R/W,R/W,R/W,R/W,R/W,R/W,R/W,R/W,R/W,R/W,R/W,R/W,R/W,R/W,R/W,R/W,R/W,R/W,R/W,R/W,R/W,R/W,R/W,R/W,R/W,R/W,R/W,R/W,R/W,R/W,R/W,R/W,R/W,R/W,R/W,R/W,R/W,R/W,R/W,R/W,R/W,R/W,R/W,R/W,R/W,R/W,R/W,R/W,R/W,R/W,R/W,R/W,R/W,R/W,R/W,R/W,R/W,R/W,R/W,R/W,R/W,R/W,R/W,R/W,R/W,R/W,R/W,R/W,R/W,R/W,R/W,R/W,R/W,R/W,R/W,R/W,R/W,R/W,R/W,R/W,R/W,R/W,R/W,R/W,R/W,R/W,R/W,R/W,R/W,R/W,R/W,R/W,R/W,R/W,R/W,R/W,R/W,R/W,R/W,R/W,R/W,R/W,R/W,R/W,R/W,R/W,R/W,R/W,R/W,R/W,R/W,R/W,R/W,R/W,R/W,R/W,R/W,R/W,R/W,R/W,R/W,R/W,R/W,R/W,R/W,R/W,R/W,R/W,R/W,R/W,R/W,R/W,R/W,R/W,R/W,R/W,R/W,R/W,R/W,R/W,R/W,R/W,R/W,R/W,R/W,R/W,R/W,R/W,R/W,R/W,R/W,R/W,R/W,R/W,R/W,R/W,R/W,R/W,R/W,R/W,R/W,R/W,R/W,R/W,R/W,R/W,R/W,R/W,R/W,R/W,R/W,R/W,R/W,R/W,R/W,R/W,R/W,R/W,R/W,R/W,R/W,R/W,R/W,R/W,R/W,R/W,R/W,R/W,R/W,R/W,R/W,R/W,R/W,R/W,R/W,R/W,R/W,R/W,R/W,R/W,R/W,R/W,R/W,R/W,R/W,R/W,R/W,R/W,R/W,R/W,R/W,R/W,R/W,R/W,R/W,R/W,R/W,R/W,R/W,R/W,R/W,R/W,R/W,R/W,R/W,R/W,R/W,R/W,R/W,R/W,R/W,R/W,R/W,R/W,R/W,R/W,R/W,R/W,R/W,R/W,R/W,R/W,R/W,R/W,R/W,R/W,R/W,R/W,R/W,R/W,R/W,R/W,R/W,R/W,R/W,BL01UK01PL089,UKPL089,1083,36.1,2021,gb
R_3QMqzXGc3IPFFzH,Female,University degree or equivalent,University degree or equivalent,35,65,0,NA,Polish;35;,English;65;,,40,60,0,NA,Polish,NA,10,9,NA,NA,I always (or almost always) speak Polish to my child,English,NA,3,10,NA,NA,I always (or almost always) speak English to my child,First,NA,1,12,Always (or almost always) English,1,R/W,R/W,R/W,R/W,R/W,R/W,R/W,R/W,R/W,R/W,R/W,R/W,R,R,R,R/W,R/W,R/W,R/W,R,R,R,R,R,R,R/W,R,R,R,R,R,R/W,R/W,R,R,R/W,R,R,R,R,R,R,R,R/W,R,R,R,R/W,R/W,R,R,R/W,R/W,R,R,R,R/W,R,R,R,R,R/W,R/W,R,R,R,R/W,R/W,R,N,N,N,R,R,N,R,R/W,R/W,R/W,R,R,R,R,R,R,R/W,R,R/W,N,R,R,R/W,N,R/W,R/W,R,R,R,R,R,R,R/W,R/W,R,R,R,R,R,R,R,R,R,R,R,R,R,R/W,R,R,R,N,R,R,R,R/W,R/W,R,R,R/W,R,R,R,R,R,N,R,N,N,N,R,R,R,R,R,R,R,R,R,R,R,R,R,R,R,R,R,R,N,R,R/W,R,R,R/W,R,R,R,R,R,R,R,R,N,R/W,R,R,N,R,R,R,R,R,R,R,R/W,R,R,R,R,R,R,R,R,R,R,R,R,R,R,N,N,R,R,R,R,N,R,N,R,N,R,R,R,N,R,R,R,R,R,R/W,R,R,R,R,R/W,N,R,R/W,N,R/W,R,R,R,R,R/W,N,N,N,R/W,R/W,N,N,N,R/W,R,R/W,R,R/W,R,R/W,R,R,R/W,R/W,R,R,R,R,R,R,R/W,R/W,R,R,R/W,R,R,R,R,R,R,R/W,R,R,R,R,R,R/W,R,R,R,R,R,R,R,R,R/W,R,R,R,R,R,R,R/W,R,R,R,R,R,R,R,R,R,R,R,R,R,R,R,R,R,R,R,R,N,R/W,N,R,R,R,R,R,R,R,R,R,R,R,R,R,R,R,R,R,R,R,R,R,R,N,R/W,N,R,R/W,R,R,R,R,R,R/W,R,R/W,N,N,R,R,R,R,R,N,R,R,R,N,R,N,R,R,N,R,N,R,R,N,R,N,R,N,N,R,R,R,N,N,R,R,R,R,R,R,R,R,R,R,R,R,R,R,R/W,N,R,R,R,R,R,R,R,R,R,R,R,N,R,R,R,R,R,N,N,BL01UK01PL090,UKPL090,686,22.86666667,2021,gb
R_3PoXYeSu9TTe0Pe,Male,University degree or equivalent,Left school at 16 with GCSE or equivalent,40,60,0,NA,Polish;40;,English;60;,,50,50,0,NA,Polish,NA,10,7,5,German,I always (or almost always) speak Polish to my child,English,NA,2,10,NA,NA,I always (or almost always) speak English to my child,First,NA,1,NA,NA,NA,R/W,R/W,R/W,R/W,N,R/W,R/W,R/W,R/W,R/W,R/W,R/W,N,N,N,R,R,R,R,N,R,N,R,N,N,R,N,N,N,R,N,N,R,N,N,N,R,N,N,N,N,N,N,N,N,N,N,R,N,N,N,N,N,N,R,N,N,R,N,N,R,N,R,N,N,N,R,R,N,N,N,N,N,N,N,N,R,R/W,N,N,N,N,N,N,N,R,N,R,N,N,N,N,N,R,R,R,N,R,R,N,R,R,N,N,N,N,R,N,N,N,N,N,R,N,N,R,N,N,N,N,N,N,N,N,N,N,N,N,N,N,N,N,N,N,N,R,N,N,N,N,N,N,R,N,N,N,N,N,N,R,N,N,N,N,N,N,N,N,R,R,R,N,N,N,N,R,N,N,N,R,N,N,N,N,N,N,N,N,N,N,N,N,N,N,N,N,N,N,N,N,N,N,N,N,N,N,N,N,N,N,N,N,N,N,N,N,N,N,N,N,N,N,R,N,N,N,N,N,N,N,N,N,N,R,N,R,R,N,N,R/W,R,R,N,R/W,N,N,N,N,N,N,N,N,R/W,N,R,N,R/W,N,R/W,R,N,R,N,N,N,R,N,N,N,R/W,N,N,N,R,N,N,N,N,N,N,R,N,N,N,N,N,N,R,N,N,N,N,N,N,R,R,N,N,N,N,N,N,R,N,N,N,N,N,N,N,N,N,N,N,N,N,R,N,N,N,N,N,N,N,R,N,N,N,N,N,N,N,N,N,N,N,N,N,N,N,N,N,N,N,R,N,R,R,N,N,R,N,N,N,R,R,N,R,N,N,N,N,N,N,N,N,N,R,N,N,N,R,R,N,N,R,N,N,R,N,N,N,N,R,R,R,R,N,N,N,N,N,N,N,N,N,N,R,N,N,N,R,N,N,N,N,N,R,N,N,N,N,N,N,N,N,N,N,N,R,N,N,R,R,R,N,N,N,BL01UK01PL091,UKPL091,525,17.5,2021,gb
R_2rAUfTKTej2LOwp,Female,University degree or equivalent,University degree or equivalent,60,40,0,NA,Polish;60;,English;40;,,90,10,0,NA,Polish,NA,10,8,NA,NA,I always (or almost always) speak Polish to my child,Polish,NA,10,7,NA,NA,I always (or almost always) speak Polish to my child,First,NA,1,24,Always (or almost always) English,1,R/W,R/W,R/W,R/W,R/W,R/W,R/W,R/W,R/W,R/W,R/W,R/W,R/W,R/W,R/W,R/W,R/W,R/W,R/W,R/W,R/W,R/W,R/W,R/W,R/W,R/W,R/W,R/W,R/W,R/W,R/W,R/W,R/W,R/W,R/W,R,R/W,R/W,R/W,R/W,R/W,R/W,R/W,R/W,R/W,R/W,R/W,R,R,R/W,R/W,R/W,R/W,R/W,R/W,R/W,R/W,R/W,R/W,R/W,R,R/W,R/W,R/W,R/W,R/W,R/W,R/W,R/W,R/W,R/W,R/W,R/W,R/W,R/W,R/W,R/W,N,R/W,R/W,R/W,R/W,R/W,R/W,R/W,R/W,R/W,R/W,R/W,R/W,R/W,R/W,R/W,R/W,R/W,R/W,R,R/W,R/W,R/W,R/W,R/W,R/W,R/W,R/W,R/W,R/W,R/W,R/W,R/W,R/W,R/W,R/W,R/W,R/W,R/W,R,R/W,R/W,R/W,R,R/W,R/W,R/W,R/W,R/W,R/W,R/W,R/W,R/W,R/W,R/W,R/W,R/W,R/W,R/W,R/W,R,R/W,R/W,R/W,R/W,R/W,R/W,R/W,R/W,R/W,R/W,R/W,R/W,R/W,R/W,R/W,R/W,R/W,R/W,R/W,R/W,R/W,R/W,R/W,R/W,R/W,R/W,R,R/W,R/W,R/W,R/W,R/W,R/W,R/W,R/W,R/W,R/W,R/W,R/W,R/W,R/W,R/W,R/W,R/W,R/W,R/W,R/W,R/W,R/W,R/W,R/W,R/W,R/W,R/W,R/W,R/W,R/W,R/W,R/W,R/W,R/W,R/W,R/W,R/W,R/W,R/W,R/W,R/W,R/W,R/W,R/W,R/W,R/W,R/W,R/W,R/W,R/W,R/W,R/W,R/W,R/W,R/W,R/W,R/W,R/W,R/W,R/W,R/W,R/W,R/W,R/W,R/W,R/W,R/W,R/W,R/W,R/W,R,R/W,R/W,R/W,R/W,R/W,R/W,R/W,R/W,R/W,R,R/W,R/W,R/W,R/W,R/W,R/W,R/W,R/W,R/W,R/W,R/W,R/W,R/W,R/W,R/W,R/W,R/W,R/W,R/W,R/W,R/W,R/W,R/W,R/W,R/W,R/W,R/W,R/W,R/W,R/W,R/W,R/W,R/W,R/W,R/W,R/W,R/W,R/W,R/W,R/W,R/W,R/W,R/W,R/W,R/W,R/W,R/W,R/W,R/W,R/W,R/W,R/W,R/W,R/W,R/W,R/W,R/W,R/W,R/W,R/W,R/W,R/W,R/W,R/W,R/W,R/W,R/W,R/W,R/W,R/W,R/W,R/W,R/W,R/W,R/W,R/W,R/W,R/W,R/W,R/W,R/W,R/W,R/W,R/W,R,R/W,R/W,R/W,R/W,R/W,R/W,R/W,R/W,R/W,R/W,R/W,R/W,R/W,R/W,R/W,R/W,R/W,R/W,R/W,R/W,R/W,R/W,N,R/W,R,R/W,R/W,R/W,R/W,R/W,R/W,R/W,R/W,R/W,R/W,R/W,R/W,R/W,R/W,R/W,R/W,R/W,R/W,R/W,R/W,R/W,R/W,R/W,R/W,R/W,R/W,R/W,R/W,R/W,R/W,R/W,R/W,R/W,R/W,R/W,R/W,R/W,R,R/W,R/W,R/W,R/W,R/W,R/W,R/W,R/W,R/W,R/W,R/W,R/W,R/W,R/W,R/W,R/W,R,R/W,R/W,R/W,R/W,R/W,R,R/W,BL01UK01PL092,UKPL092,1075,35.83333333,2021,gb
R_1GyoO8enpDCYxOH,Male,University degree or equivalent,Left school at 18 with A-Levels or equivalent,60,39,1,Italian,Polish;60;,English;39;,Italian;1;,85,15,0,NA,Polish,NA,10,9,NA,NA,I regularly speak a mix of Polish/ English / other languages to my child,Polish,NA,10,9,0,NA,I regularly speak both Polish and English to my child,First,NA,1,NA,NA,0,R,R/W,R/W,R,N,R,R,R,R/W,R,R/W,N,N,N,N,R,N,R,R,N,N,N,N,N,N,N,N,N,N,N,N,N,R,N,N,R,N,N,N,N,R,N,N,N,N,N,N,R,N,N,N,N,N,N,N,N,N,N,N,N,N,N,N,R,N,N,R,N,N,N,N,N,N,N,N,N,N,R,N,N,N,N,N,N,N,N,N,N,N,N,N,N,N,N,N,N,N,R,N,N,N,N,N,N,N,N,N,N,N,N,N,N,N,N,N,N,N,N,N,N,N,N,N,R,N,N,N,R,N,N,N,N,N,N,N,R,N,N,N,N,N,N,N,N,N,R,N,R,N,N,N,N,N,N,N,N,N,R,N,N,N,N,N,N,N,N,N,N,N,N,N,N,N,N,N,N,N,N,N,N,N,N,N,N,N,N,N,N,N,N,N,N,N,R,N,N,N,N,N,N,N,N,N,N,N,N,N,N,N,N,N,N,N,N,N,N,N,N,N,N,N,N,N,R,N,N,N,N,N,N,N,N,N,R/W,N,N,N,R,R,N,N,N,R/W,N,R,N,R,N,R,N,N,N,R,R,N,N,R/W,R,N,R/W,R,N,N,R,N,N,N,N,N,N,R,N,N,R,N,N,N,R,N,R,N,N,N,N,N,R,N,N,N,N,N,N,R,N,R,N,N,N,N,N,N,N,N,N,N,N,N,N,N,N,N,N,R,N,R,N,N,R,N,N,N,N,R,N,N,R,N,N,R,N,N,N,N,N,N,N,N,N,N,N,N,N,N,N,R,N,N,N,N,N,R/W,N,N,N,N,N,N,N,N,N,N,N,N,N,N,R,N,N,N,N,N,N,N,N,R,R,N,N,R,N,N,N,N,N,N,N,N,N,N,N,N,R,N,N,N,N,N,N,N,N,N,N,N,N,N,N,N,N,N,N,N,N,N,N,N,N,N,N,BL01UK01PL093,UKPL093,385,12.83333333,2021,gb
R_Dw1ldo9ZmOb2z6h,Male,University degree or equivalent,Left school at 18 with A-Levels or equivalent,30,70,0,NA,Polish;30;,English;70;,,50,50,0,NA,Polish,NA,0,NA,NA,NA,I always (or almost always) speak Polish to my child,English,NA,1,10,0,NA,I always (or almost always) speak English to my child,First,NA,1,14,Always (or almost always) English,NA,R,R/W,R,R/W,R/W,R/W,N,R/W,R/W,R/W,R/W,N,N,N,N,R,R,R/W,R,R,R/W,N,R,R,N,R/W,N,N,R,R,N,N,R/W,N,N,N,N,R,N,N,R,N,N,N,N,N,N,R,N,N,N,N,N,R,R,R,N,R/W,N,N,R,N,R/W,R,N,N,R/W,R,R,N,N,N,R,R,N,R,N,R,N,R,R,R,N,R,R,R,R/W,N,N,R,N,R,N,R/W,R,R,R,R,R,R,R,R/W,R/W,R,R,R,R,N,R/W,R,R,R,R,N,N,R/W,N,N,N,R,N,R,N,R,R,N,N,R,R,R,N,N,R,N,N,R,R,N,N,R,N,R,R,R,N,R,N,N,N,R,R,N,R,R,R,R,N,R,N,R,R,N,N,R,N,N,N,N,R,N,R,N,R,N,N,N,N,N,N,N,N,N,N,R,N,N,N,N,N,R,N,R,R,R,N,R,R,R,N,N,R,N,R,R,N,R,N,R,N,R,N,R,R,R,R,R,N,R,R,R,R,N,N,R,N,N,R,N,N,N,R,N,N,R,N,N,N,R,R,N,N,N,R,R,R,N,R,R,R/W,R,N,R,R/W,R,R,N,R/W,R,N,R/W,R,N,N,R,N,R,N,R,N,R,R,N,N,N,N,N,N,R/W,N,R,N,N,R,N,N,N,N,N,N,R,R,R,R,N,N,N,N,R/W,N,R,R,N,N,N,N,R,R,N,N,R,R,R,N,R,R,N,N,N,N,N,N,R,N,N,R,N,N,R,R/W,N,N,N,R,N,R,N,R,N,N,R,R,R,R,R,R,R,N,R,N,N,R,R,N,N,N,R,N,R,N,N,N,N,N,N,N,R,N,R,N,N,R,N,R,R,N,R,N,N,R,N,N,N,N,N,R,N,R,R,N,N,R/W,R/W,N,R,R,R,R,N,N,N,R,R,R,R,R,R,N,N,N,N,N,N,R,N,R,N,N,R,BL01UK01PL094,UKPL094,752,25.06666667,2021,gb
R_3jd50MTXR535U7i,Female,University degree or equivalent,University degree or equivalent,70,30,0,NA,Polish;70;,English;30;,,80,20,0,NA,Polish,NA,10,7,6,French,I always (or almost always) speak Polish to my child,Polish,NA,9,7,NA,NA,I always (or almost always) speak Polish to my child,Second,NA,2,NA,NA,NA,N,R/W,N,R/W,N,N,R/W,N,N,R/W,N,N,N,N,N,R/W,N,R,N,N,R,N,N,R,R,R,N,R,R,N,R,N,R,N,N,R,N,N,N,N,N,R,N,N,N,N,N,N,N,N,N,N,N,N,N,N,N,N,R,N,R,N,N,R,N,N,N,R,N,N,N,N,N,N,N,N,N,N,N,N,N,N,N,N,N,R,N,N,N,N,N,R,N,N,N,N,N,R,N,N,N,R,N,N,N,N,N,N,N,N,N,N,N,N,N,R,N,N,N,N,N,N,N,N,R,N,N,R,N,N,N,N,N,N,N,N,N,N,N,R,N,R,R,N,N,N,R,N,R,N,N,N,N,R,N,R,N,N,R,R,N,N,N,R,N,N,R,N,R,N,N,N,N,N,N,N,N,N,N,N,N,N,N,N,N,N,N,N,N,R,N,N,N,N,N,N,N,N,N,N,N,N,N,N,N,N,N,N,R,N,N,N,N,N,N,N,N,N,R,N,N,N,N,N,N,N,R/W,N,R/W,R/W,N,N,N,R/W,N,N,N,N,N,N,N,N,R/W,N,N,N,R,N,N,N,N,N,R,N,N,R,N,N,N,R,N,N,N,R,N,N,N,N,N,N,R,N,N,N,N,N,N,R,N,R,N,N,N,N,N,N,N,R,N,N,R,N,R,N,N,N,N,N,N,N,N,N,N,N,N,N,R,N,N,N,N,N,N,N,N,N,R,N,R,N,N,N,N,N,N,N,N,R,N,N,N,N,N,N,N,N,N,N,N,N,N,N,N,N,N,N,N,N,N,N,N,N,N,N,N,N,N,N,N,N,N,R,N,N,N,N,N,N,N,N,N,N,N,N,N,N,N,N,N,N,N,N,N,N,N,N,N,N,N,N,N,N,N,N,N,N,N,N,N,N,N,N,N,N,R,N,N,N,R,N,N,N,N,N,N,N,N,N,BL01UK01PL095,UKPL095,602,20.06666667,2021,gb
R_3qPfI0gswRQnNuK,Male,Left school at 18 with A-Levels or equivalent,Left school at 16 with GCSE or equivalent,40,60,0,NA,Polish;40;,English;60;,,70,30,0,NA,Polish,NA,10,8,NA,NA,I always (or almost always) speak Polish to my child,English,NA,0,10,NA,NA,I always (or almost always) speak English to my child,First,NA,1,12,Always (or almost always) Polish,0,R,R,N,R,N,N,N,N,R,N,N,N,N,N,N,N,N,N,N,N,N,N,N,N,R,N,N,N,N,N,N,N,R,N,N,N,N,N,N,N,R,N,N,N,N,N,N,R,N,N,N,N,N,N,N,N,N,N,N,N,R,N,R,R,N,N,R,R,N,N,N,N,N,N,N,N,R,R,N,N,N,N,N,N,N,N,R,N,N,N,N,N,N,N,N,N,N,N,N,N,N,N,R,N,N,N,N,N,N,N,N,R,N,R,N,N,N,N,N,R,N,R,N,N,N,N,N,R,N,N,N,N,N,N,N,N,N,N,N,N,N,N,N,N,N,R,N,N,N,N,N,N,N,N,N,N,N,N,N,N,N,N,R,N,N,N,N,N,N,N,N,N,N,N,N,N,N,N,N,N,N,N,N,R,N,N,N,N,N,N,N,N,N,R,N,N,N,N,N,N,N,N,N,R,N,N,N,N,N,N,N,N,R,N,N,N,N,N,R,N,N,N,R,R,N,N,N,N,N,R,N,N,N,R,N,N,N,N,N,N,N,N,R,N,R/W,N,R/W,N,R,R,N,R,N,R,N,R,R,R,N,R/W,N,N,N,R,N,N,N,N,N,N,R,N,R,N,N,N,N,N,N,N,N,N,N,N,N,N,N,R,R,N,R,N,R,N,R,N,N,N,N,N,N,N,N,N,N,N,R,N,N,N,N,N,N,N,R,N,N,N,N,N,N,N,N,N,R,N,N,N,N,N,N,N,N,N,N,N,R,N,N,N,N,N,R,N,N,N,N,N,N,N,R,N,N,N,N,N,N,N,N,N,R,R,N,N,N,N,N,N,R,N,N,N,N,N,N,R,N,N,R,N,N,N,N,N,N,N,N,R/W,N,N,N,N,N,N,N,N,N,N,N,N,N,R,N,N,N,N,N,N,N,N,N,N,N,N,N,N,N,N,BL01UK01PL096,UKPL096,371,12.36666667,2021,gb
R_1LYEudnsFOrGoRc,Female,Left school at 18 with A-Levels or equivalent,University degree or equivalent,50,50,0,NA,Polish;50;,English;50;,,60,40,0,NA,Polish,NA,10,8,NA,NA,I regularly speak both Polish and English to my child,English,NA,1,10,NA,NA,I always (or almost always) speak English to my child,First,NA,1,NA,NA,NA,R/W,R/W,R/W,R/W,R,R,R/W,R,R,R/W,R/W,R,N,N,N,R,R,R,R,R,R,N,N,R,R,R,R,R,N,N,N,N,R,N,N,R,R,N,N,N,N,N,R,R,R,N,N,R,R,N,R,N,R,N,N,R,R,R,N,R,R,R,R,R,R,R,R,R,N,N,N,N,N,N,N,R,R,R,R,N,R,N,N,N,N,R,R,R,N,N,R,R,N,R,R,R,N,R,N,R,R,R,R,R,N,N,R,R,R,R,N,R,N,R,N,R,N,N,R,R,N,R,R,R,R,R,R,R,R,R,R,N,N,N,N,R,N,N,N,R,N,R,R,R,N,R,R,R,R,R,R,N,R,R,N,R,R,N,N,R,R,N,R,N,N,N,N,N,N,N,N,N,R,N,N,N,N,R,R,R,N,N,N,R,R,N,N,R,R,R,N,R,R,N,N,R,N,R,N,N,N,N,R,R,N,N,R,R,N,R,N,R,R,R,R,R,N,R,R,R,R,N,R,R,N,R,R,R,R,R,R,R,N,R,N,N,N,R,R,N,N,R,R,N,R,R,R,R,R,R,R,R,R,R,N,N,R,R,R,R,R,R,R,R,N,R,R,N,R,R,R,N,R,R,R,R,R,R,R,R,R,R,N,R,R,R,R,R,R,R,R,R,R,R,R,N,R,R,R,R,N,R,R,N,N,R,R,N,R,R,N,N,N,N,R,N,N,R,R,N,R,R,R,R,R,R,N,R,R,R,N,N,N,R,R,N,N,N,N,N,R,N,R,N,R,R,R,R,R,R,R,N,N,N,N,R,N,R,N,N,N,R,N,N,N,N,R,N,N,N,N,R,N,R,N,R,N,N,N,R,N,N,N,R,R,R,R,R,R,R,R,R,N,N,N,R,R,R,R,R,R,R,N,N,R,R,N,N,N,N,N,N,R,N,R,N,N,R,BL01UK01PL097,UKPL097,484,16.13333333,2021,gb
R_3GB863IvkL93XLI,Female,University degree or equivalent,Left school at 18 with A-Levels or equivalent,50,50,0,NA,Polish;50;,English;50;,,90,10,0,NA,Polish,NA,10,8,NA,NA,I always (or almost always) speak Polish to my child,Polish,NA,10,7,NA,NA,I always (or almost always) speak Polish to my child,First,NA,1,2,Always (or almost always) English,1,R/W,R,N,R/W,N,R/W,R/W,R/W,R/W,R/W,R/W,R/W,N,N,N,R,R,R,R,R,R,N,N,R,R,R/W,N,R,R,R,N,N,R,N,N,N,N,R,N,R,R/W,R,N,N,N,N,R/W,R,N,N,N,N,N,N,N,N,N,N,R,R,R,R,R,R,N,R,R/W,N,R/W,N,N,N,N,N,N,R,R,R,R,N,R,R,N,N,R,R,R/W,N,N,R,N,N,N,N,R,N,N,R,N,N,R,R/W,R/W,N,N,N,N,N,R,N,N,R/W,R/W,R,R,R,N,N,R,N,N,R,N,N,R,N,N,R/W,N,N,N,N,N,N,N,N,N,N,N,N,N,R,N,N,N,R,R,N,R,N,N,N,N,N,N,N,N,N,R,R,N,R,R,N,N,N,R,N,R,N,N,N,N,N,N,N,N,N,R,N,N,N,N,R,R,N,N,N,N,N,N,R,R,N,N,R,N,N,N,N,N,N,N,N,N,R,N,R,N,N,N,R,N,N,R,N,N,R,N,R,N,N,N,N,N,N,R/W,N,N,N,N,N,N,R/W,N,N,N,N,N,N,N,N,R/W,N,R,N,R/W,R,R/W,R/W,N,R/W,R/W,R,N,N,R/W,R,R,R/W,R/W,N,N,R/W,N,R,N,N,N,N,R,N,N,N,N,N,R,N,R,R,N,N,R,N,N,N,N,N,N,N,R,N,R/W,N,N,N,R,N,N,N,N,N,R,N,N,N,N,N,N,N,N,N,N,N,R,N,N,R,N,N,N,N,N,N,N,N,N,N,R,N,N,N,N,N,R,N,R,R,N,R,N,N,N,N,N,N,R,N,N,N,N,N,N,N,N,N,N,N,N,N,N,N,N,N,N,R,N,N,N,N,N,N,N,R/W,N,N,N,N,N,N,N,N,N,N,N,N,N,R,N,N,N,R,N,N,N,N,N,N,N,N,N,N,N,N,R,R,N,N,N,N,N,N,R/W,N,N,N,N,N,BL01UK01PL098,UKPL098,1038,34.6,2021,gb
R_3R7OSGAwG4DGG1F,Female,University degree or equivalent,Left school at 18 with A-Levels or equivalent,50,50,0,NA,Polish;50;,English;50;,,90,10,0,NA,Polish,NA,10,9,NA,NA,I regularly speak both Polish and English to my child,Polish,NA,10,8,NA,NA,I regularly speak both Polish and English to my child,Second,NA,2,NA,NA,3,R/W,R/W,N,R,R,R/W,R/W,R/W,R/W,R/W,R/W,N,N,N,N,N,N,R/W,R/W,R/W,R/W,N,R/W,R/W,R/W,R/W,R/W,R/W,N,R,R,R/W,R/W,R/W,R/W,R/W,R/W,R/W,R/W,R/W,R/W,R,N,R/W,R/W,R,R/W,R/W,R/W,R,R/W,R/W,R/W,R/W,R/W,R,R/W,N,R,R,R/W,R/W,R/W,R/W,R,R,R/W,R/W,R,R,R,R/W,R/W,N,N,R/W,R/W,R/W,R/W,N,R/W,R,R,R,R/W,R/W,R/W,R/W,R,R,N,R,R/W,N,R/W,R/W,R,R/W,R/W,R,R,R/W,R/W,R,R,N,R,R,R/W,R/W,R,R/W,R/W,R/W,R,R/W,N,R/W,N,N,N,R/W,N,R/W,N,N,N,R,N,R/W,R,R,R,N,N,R,R,N,N,R,R,R,R,R,N,N,N,R,N,R,R,R,R,R,R,R,N,R,R,R/W,R,R,R,R,N,R,R/W,R,R/W,R,R,R,R,R,N,N,N,R/W,R,R,R,R,R,R/W,R/W,N,N,R,R/W,R/W,R,R,R,R/W,N,R/W,R/W,R/W,N,R/W,R/W,N,N,N,N,N,N,N,R/W,R,N,R/W,R/W,R,R,R,N,R,R/W,R,R,R,R,R/W,N,R/W,R/W,R/W,N,R/W,R/W,R/W,R/W,R/W,R,N,N,R/W,R,N,N,R/W,R/W,R/W,R/W,R,R/W,R/W,R/W,R/W,R,R/W,R/W,R,R/W,N,R,R,R/W,R/W,R/W,R,N,R/W,N,R,R,N,N,R/W,R/W,R,R,R,R,R,R/W,R,R,R,R,R,R,R,R,R,R,R,R,N,R,R,R/W,R,R,R,R,R,R,R,R,R,R,N,N,R,R,R,N,R,R,R,R,N,R/W,N,R,R,R,N,R,R,R,R,R,R,N,N,R/W,R,N,N,R,R,N,R,R,R,N,N,N,N,R/W,N,R,R,R,N,N,R/W,R/W,N,R,R,N,R,N,N,N,N,R,R,N,N,N,N,R,N,R/W,N,N,R/W,N,N,R/W,R/W,R/W,R,R,N,N,N,N,N,N,N,R/W,R/W,N,N,N,R/W,N,N,N,R/W,N,N,N,N,N,R/W,N,N,N,N,N,N,R,N,N,N,N,N,N,N,N,N,BL01UK01PL099,UKPL099,897,29.9,2021,gb
R_0Tx4u1ZiU6EenrX,Male,University degree or equivalent,University degree or equivalent,70,30,0,NA,Polish;70;,English;30;,,95,5,0,NA,Polish,NA,10,6,NA,NA,I always (or almost always) speak Polish to my child,Polish,NA,10,8,NA,NA,I always (or almost always) speak Polish to my child,Second,NA,2,NA,NA,1,R/W,R,R,R/W,R,R/W,R/W,R/W,R/W,R/W,R/W,R/W,R,R,R/W,R/W,R/W,R/W,R/W,R/W,R/W,R/W,R/W,R/W,R/W,R/W,R/W,R/W,R/W,R/W,R/W,R/W,R/W,R/W,R/W,R/W,R/W,R/W,R/W,R/W,R/W,R/W,R/W,R/W,R/W,R/W,R/W,R/W,R/W,R/W,R/W,R/W,R/W,R/W,R/W,R/W,R/W,R/W,R,R/W,R/W,R/W,R/W,R/W,R/W,R/W,R/W,R/W,R/W,R/W,R/W,R/W,R/W,R/W,R,R/W,R/W,R/W,R/W,R/W,R/W,R/W,R/W,R/W,R/W,R/W,R/W,R/W,R/W,R/W,R/W,R/W,R/W,R/W,R/W,R/W,R,R/W,R/W,R/W,R/W,R/W,R/W,R/W,R/W,R/W,R/W,R,R/W,R/W,R,R/W,R/W,R/W,R/W,R/W,N,R/W,R,R/W,N,R/W,N,R/W,R/W,R/W,R,R/W,N,R/W,R,R,N,R,R,R/W,R/W,R/W,N,R/W,R/W,R/W,R/W,R/W,R/W,R/W,R/W,R/W,R/W,R/W,R/W,R/W,R/W,R/W,R,R/W,R,R/W,R/W,R/W,R/W,R/W,R/W,R/W,R/W,R/W,R/W,R/W,R/W,R/W,R/W,R/W,R/W,R/W,R/W,R/W,R/W,R/W,R/W,R/W,R/W,R/W,R/W,R/W,R/W,R,R,R,R/W,R/W,R/W,R/W,R/W,R/W,R/W,R/W,R/W,R/W,R/W,R,R/W,N,R/W,R/W,R/W,R/W,R/W,R/W,R/W,R/W,R,R/W,R/W,R/W,R/W,R/W,R/W,R/W,R/W,R/W,R/W,R/W,R/W,R/W,R/W,R/W,R/W,R/W,R/W,R/W,R/W,R/W,R/W,R/W,R,R,R/W,R/W,R/W,R/W,R,R/W,R/W,R/W,R/W,R/W,R/W,R/W,R/W,R/W,R/W,R/W,R/W,R/W,R/W,R,R/W,R,R/W,R/W,R/W,R,R/W,R/W,R/W,R/W,R/W,R/W,R,R/W,R/W,R/W,R/W,R/W,R/W,R/W,R/W,R/W,R/W,R/W,R/W,R/W,R/W,R,R/W,R/W,R/W,R/W,R/W,R/W,R/W,R/W,R/W,R/W,R/W,R/W,R/W,R/W,R/W,R,R/W,R/W,R/W,R,R/W,R/W,R/W,R/W,R/W,R/W,R/W,R/W,R/W,R/W,R/W,R/W,R/W,R/W,R/W,R,R/W,R/W,R/W,R,R/W,R/W,R/W,R/W,R/W,R/W,R,R/W,R/W,R/W,R/W,R/W,R/W,R/W,R/W,R/W,R/W,R/W,R/W,R/W,R/W,R/W,R/W,R/W,R/W,R/W,R/W,R/W,R/W,R,R,R/W,R,R/W,R,R/W,R/W,R/W,R/W,R/W,R,R/W,R,R/W,R/W,R/W,R/W,R/W,R/W,R/W,R/W,R/W,R/W,R/W,R/W,R/W,R/W,N,R/W,R/W,R/W,R/W,R/W,R/W,R/W,R/W,R/W,R/W,R/W,R/W,R/W,R/W,R/W,R/W,R/W,R/W,R/W,R/W,R,R/W,R/W,R/W,R/W,R,R/W,R/W,R/W,R/W,R/W,R/W,R/W,R/W,R,R/W,BL01UK01PL100,UKPL100,1053,35.1,2021,gb
R_1r9v4LD45PFzpbr,Female,University degree or equivalent,University degree or equivalent,30,70,0,NA,Polish;30;,English;70;,,30,70,0,NA,Polish,NA,10,9,NA,NA,I regularly speak both Polish and English to my child,English,NA,NA,10,NA,NA,I always (or almost always) speak English to my child,First,NA,1,10,Always (or almost always) English,0,N,N,N,N,N,N,N,N,N,N,N,N,N,N,N,N,N,N,N,N,N,N,N,N,N,N,N,N,N,N,N,N,N,N,N,N,N,N,N,N,N,N,N,N,N,N,N,N,N,N,N,N,N,N,N,N,N,N,N,N,N,N,N,N,N,N,N,N,N,N,N,N,N,N,N,N,N,N,N,N,N,N,N,N,N,N,N,N,N,N,N,N,N,N,R,N,N,N,N,N,N,N,N,N,N,N,N,N,N,N,N,N,N,N,N,N,N,N,N,N,N,N,N,N,N,N,N,N,N,N,N,N,N,N,N,N,N,N,N,N,N,N,N,N,N,N,N,N,N,N,N,N,N,N,N,N,N,N,N,N,N,N,N,N,N,N,N,N,N,N,N,N,N,N,N,N,N,N,N,N,N,N,N,R,N,N,N,N,N,N,N,N,N,N,N,N,N,N,N,N,N,N,N,N,N,N,N,N,N,N,N,N,N,N,N,N,N,N,N,N,N,N,N,N,N,N,N,N,N,N,N,N,N,N,N,N,N,N,N,N,N,N,N,N,N,N,N,N,N,N,N,N,N,N,N,N,N,N,N,N,N,N,N,N,N,N,N,N,N,N,N,N,N,N,N,N,N,N,N,N,N,N,N,N,N,N,N,N,N,N,N,N,N,N,N,N,N,N,N,N,N,N,N,N,N,N,N,N,N,N,N,N,N,N,N,N,N,N,N,N,N,N,N,N,N,N,N,N,N,N,N,N,N,N,N,N,N,N,N,N,N,N,N,N,N,N,N,N,N,N,N,N,N,N,N,N,N,N,N,N,N,N,N,N,N,N,N,N,N,N,N,N,N,N,N,N,N,N,N,N,N,N,N,N,N,N,N,N,N,N,N,N,N,N,N,N,N,N,N,N,N,N,N,N,N,N,N,N,N,N,N,N,N,N,N,N,N,N,BL01UK01PL101,UKPL101,674,22.46666667,2021,gb
R_VLwM2qOkVGNnZK1,Male,University degree or equivalent,University degree or equivalent,70,30,0,NA,Polish;70;,English;30;,,100,0,0,NA,Polish,NA,10,6,NA,NA,I always (or almost always) speak Polish to my child,Polish,NA,10,7,NA,NA,I always (or almost always) speak Polish to my child,First,NA,1,22,Always (or almost always) English,1,R/W,R/W,R/W,R/W,R/W,R/W,R/W,R/W,R/W,R/W,R/W,R/W,R/W,R/W,R/W,R/W,R/W,R/W,R/W,R/W,R/W,N,R/W,R/W,R/W,R/W,R/W,R/W,R/W,R/W,R,R/W,R/W,R/W,R/W,R/W,R/W,R/W,R/W,R/W,R/W,R/W,R/W,R/W,R/W,R/W,R/W,R/W,R/W,R/W,R,R/W,R/W,R/W,R/W,R/W,R/W,R/W,R/W,R/W,R/W,R/W,R/W,R/W,R/W,R/W,R/W,R/W,R/W,N,R/W,R/W,R/W,R/W,R/W,R/W,R/W,R/W,R/W,R/W,R/W,R/W,R/W,R/W,R/W,R/W,R/W,R/W,R/W,R/W,R/W,R/W,R/W,R/W,R/W,R/W,R/W,R/W,R/W,R/W,R/W,R/W,R/W,R/W,R/W,R/W,R/W,R/W,R/W,R/W,R/W,R/W,R/W,R/W,R/W,R/W,R/W,R/W,R/W,R/W,N,R/W,R/W,R/W,R/W,R/W,R/W,R/W,R/W,R/W,R/W,R/W,R/W,R/W,N,R/W,R/W,R/W,N,R/W,R/W,R/W,R/W,R/W,R/W,R/W,R/W,R/W,R/W,R/W,R/W,R/W,R/W,R/W,R/W,R/W,N,R/W,R/W,R/W,R/W,R/W,R/W,R/W,R/W,R/W,R/W,R/W,R/W,R/W,R/W,R/W,R/W,R/W,R/W,R/W,R/W,R/W,R/W,R/W,R/W,R/W,R/W,R/W,R/W,R/W,N,R/W,R/W,R/W,R/W,R/W,R/W,R/W,R/W,R/W,R/W,R/W,R/W,R/W,R/W,N,N,R/W,R/W,R/W,R/W,R/W,R/W,R/W,R/W,R/W,R/W,R/W,R/W,R/W,R/W,R/W,R/W,R/W,R/W,R/W,R/W,R/W,R/W,R/W,R/W,R/W,R/W,R/W,R/W,R/W,R,R/W,N,R/W,R/W,R/W,R/W,R/W,R/W,R/W,R/W,R/W,R/W,R/W,R/W,R/W,R/W,R/W,R/W,R/W,R/W,R/W,R/W,R/W,R/W,R/W,R/W,R/W,R/W,R/W,R/W,R/W,R/W,R/W,R/W,R/W,R/W,R/W,R/W,R/W,R/W,R/W,R/W,R/W,R/W,R/W,R/W,R/W,R/W,R/W,R/W,R/W,R/W,R/W,R/W,R/W,R/W,R/W,R/W,R/W,R/W,R/W,R/W,R/W,R/W,R/W,R/W,R/W,R/W,R/W,R/W,N,R/W,R/W,R/W,R/W,R/W,R/W,R/W,R/W,R/W,R/W,R/W,R/W,R/W,R/W,R/W,R/W,R/W,R/W,R/W,R/W,R/W,R/W,R/W,R/W,R/W,R/W,R/W,R/W,R/W,R/W,R/W,R/W,R/W,R/W,R/W,R/W,R/W,R/W,R/W,R/W,R/W,R/W,R/W,R/W,R/W,R/W,R/W,R/W,R/W,R/W,R/W,R/W,R/W,R/W,R,R/W,R/W,R/W,R/W,R/W,R/W,R/W,R/W,R/W,R/W,R/W,R/W,R/W,R/W,R/W,R/W,R/W,R/W,R/W,R/W,R/W,R/W,N,R,R/W,R/W,R/W,R/W,R/W,R/W,R/W,R/W,R/W,R/W,R/W,R/W,R/W,R/W,R/W,R/W,R/W,R/W,R/W,R/W,R/W,R/W,R/W,R/W,R/W,R/W,R/W,R/W,N,R/W,R/W,R/W,R/W,R,R/W,BL01UK01PL102,UKPL102,1050,35,2021,gb
R_8bHGWLLHoCA5Tfr,Male,University degree or equivalent,University degree or equivalent,20,80,0,NA,Polish;20;,English;80;,,45,55,0,NA,Polish,NA,10,8,0,NA,I always (or almost always) speak Polish to my child,English,NA,0,10,NA,NA,I always (or almost always) speak English to my child,First,NA,1,11,Always (or almost always) English,2,R,R,N,R,R,R,R,R/W,R,R,N,N,N,R,R,R,R,R,R,R,R,N,R,R,R,R,R,R,N,R,R,R,R,R,R,R,R,R,R,R,R,R,R,R,R,N,R,R,R,R,R,R,R,R,R,R,R,R,R,R,R,R,R,R,R,R,R,R,R,R,R,N,N,R,N,R,R,R,R,N,R,R,R,R,R,R,R,R,N,R,R,N,R,R,R,R,R,R,R,R,R,R,R,R,R,R,R,R,R,R,R,R,R,R,R,R,R,N,N,R,N,R,N,R,R,R,N,R,R,R,N,R,R,N,R,R,R,R,R,R,R,R,R,R,R,R,R,R,R,R,R,R,R,R,R,R,R,N,R,R,R,R,R,R,N,R,R,R,R,R,R,N,R,R,R,N,N,R,N,R,R,N,R,R,R,N,N,N,R,R,R,R,R,R,N,R,N,R,N,N,R,N,R,R,N,R,R,R,R,R,N,R,R,R,R,R,N,R,R,R,R,R,N,R/W,R,R,R,R,R/W,R,R,R,R,R/W,N,N,N,N,N,R,R,N,R,R,R,R,R/W,R,R/W,R/W,R,R/W,R,R,R,N,R,R,R,R/W,R,R,R,R,R,R,N,R,N,R,R,R,R,R,R,R,R,R,R,R,R,R/W,R,R,R,R,R,R,R,R,R,R,R,R,R,R,R,R,R,R,R,R,R,N,N,R,R,R,R,R,R,N,R,N,R,N,R,R,R,N,R,R,R,N,R,R,N,R,R,N,R,N,R,R,R,R,R,R,N,R,R,R,R,R,R,R,R,R,R,R,R,R,R,R,N,R,N,R,N,R,R,R,N,R,N,R,N,R,R,N,R,R,R,R,N,R,N,N,R,R,R,N,R,R,R,R,R,R,R,N,R,R,R,R,R,R,R,R,N,N,N,N,N,N,N,R,N,N,N,R,N,R,R,R,R,R,N,N,BL01UK01PL103,UKPL103,1081,36.03333333,2021,gb
R_3z6Do6jbiI3v9vj,Male,University degree or equivalent,University degree or equivalent,20,75,5,Maltese,Polish;20;,English;75;,Maltese;5;,35,60,5,NA,Polish,NA,10,8,NA,NA,I regularly speak both Polish and English to my child,Other(s),Maltese ,0,10,10,Maltese,I always (or almost always) speak English to my child,First,NA,1,15,Always (or almost always) English,NA,R/W,R/W,N,R/W,R/W,R/W,R/W,R/W,R/W,R/W,R/W,R/W,N,N,N,N,N,R/W,R/W,N,R/W,N,R,N,N,R/W,N,N,N,N,N,N,R,N,N,N,N,N,N,N,N,N,N,N,N,N,N,N,N,N,N,R/W,N,N,N,N,N,N,N,N,N,N,N,N,N,N,N,N,N,N,N,N,N,N,N,N,N,N,N,N,N,N,N,N,N,N,N,N,N,N,N,N,N,N,N,N,N,N,N,N,N,N,N,N,N,N,N,N,R/W,R,R,N,N,N,N,N,N,N,N,N,N,N,N,N,N,N,N,N,N,N,N,N,N,N,N,N,N,N,N,N,N,N,N,N,N,N,N,N,N,N,N,N,N,N,N,N,N,N,N,N,N,N,N,N,N,N,N,N,N,N,N,N,N,N,N,N,N,N,N,N,N,N,N,N,N,N,N,N,N,N,N,N,N,N,N,N,N,N,N,N,N,N,N,N,N,N,N,N,N,N,N,N,N,N,N,N,N,N,N,N,N,N,N,R/W,R/W,N,N,R,R,R,N,N,N,R/W,R,N,N,N,N,N,N,N,R/W,N,N,N,N,N,N,R,N,R,N,N,N,R/W,N,R,N,R/W,R/W,N,N,R/W,N,N,N,N,N,N,N,N,N,N,N,N,N,N,N,N,N,N,N,N,N,N,N,N,N,N,N,N,N,N,N,N,N,N,N,N,N,N,N,N,N,N,N,N,N,N,N,N,N,N,N,N,N,N,N,N,N,N,N,N,N,N,N,N,N,N,N,N,N,N,N,N,N,N,N,N,N,N,N,N,N,R,N,N,N,N,N,N,N,N,N,N,N,N,N,N,N,N,N,N,N,N,N,N,N,N,N,N,N,R,R,N,R,N,N,N,N,N,N,N,N,N,N,R/W,N,N,R/W,R/W,N,N,N,N,N,N,N,N,N,N,N,N,N,N,N,N,N,N,N,N,N,N,N,N,N,N,BL01UK01PL104,UKPL104,844,28.13333333,2021,gb
R_3n3kDT3ZJ5w6Y1x,Female,University degree or equivalent,University degree or equivalent,50,50,0,NA,Polish;50;,English;50;,,100,0,0,NA,Polish,NA,10,9,NA,NA,I regularly speak both Polish and English to my child,Polish,NA,10,8,NA,NA,I always (or almost always) speak Polish to my child,Second,NA,2,12,Always (or almost always) English,1,N,N,N,N,N,R/W,R,R,R/W,R,N,N,N,N,N,R/W,N,N,R/W,N,R/W,N,N,N,R/W,N,N,N,N,N,N,N,R/W,N,N,N,N,N,N,R/W,N,N,N,N,N,N,N,R/W,N,N,N,N,N,R,R,N,R,R/W,N,R/W,R/W,R/W,R/W,R/W,R,R,R/W,R/W,R/W,R,R/W,R/W,R,R/W,R,R/W,R/W,R/W,R/W,R/W,R/W,N,N,R,R/W,R/W,R/W,R/W,R/W,R,R,R/W,R/W,N,R/W,R,N,R,R,R,N,R,R,R,N,N,R,R,N,N,N,R,R,R,N,R/W,N,N,R/W,N,N,R/W,N,R,N,N,N,R/W,N,R,R,N,N,N,N,R/W,N,N,N,R,N,N,R,R,R,N,R,N,N,R,R,N,N,R,N,R,N,R,N,R/W,R,N,R,N,N,R,R,R/W,R,R/W,R/W,N,R/W,R,R/W,N,N,R/W,N,N,N,R/W,R,R/W,R/W,R,N,R,R,R/W,R/W,R/W,R,R/W,N,R/W,N,R,N,N,R/W,N,R,R/W,R,R,R,R,R,R,N,R,R/W,R/W,R,R,R,R,R/W,R,R,R/W,R,R/W,N,N,R/W,N,R/W,N,N,R,N,R/W,N,R,N,N,N,N,N,N,R/W,N,R/W,R,N,N,R/W,R/W,N,R,R,R,N,N,R,R,R,R/W,R,N,R,R/W,N,N,N,N,N,R,N,N,N,N,N,N,N,N,R,R,N,N,N,N,N,R,N,R,N,R,R,R/W,R/W,R,R,R,R,N,N,R,N,N,N,N,N,R,R,N,R,R,R,N,R,N,R/W,N,N,R,R,N,N,N,R,N,R,N,N,N,R,R,N,N,R,N,R,R,R,R,N,N,N,N,N,R/W,R,R,N,N,N,R/W,R,N,R,N,N,R,N,N,N,N,N,N,N,N,N,N,N,N,R/W,N,N,N,N,N,N,N,N,N,N,R,N,N,N,N,R,N,N,R/W,N,N,N,R/W,N,N,N,N,N,N,N,R/W,R,R,N,R,R/W,R/W,R,N,N,N,N,N,N,N,N,N,N,N,BL01UK01PL105,UKPL105,699,23.3,2021,gb
R_XTFAHog4zQIELgl,Male,University degree or equivalent,Left school at 18 with A-Levels or equivalent,60,40,0,NA,Polish;60;,English;40;,,90,10,0,NA,Polish,NA,10,9,0,NA,I always (or almost always) speak Polish to my child,Polish,NA,10,4,NA,NA,I always (or almost always) speak Polish to my child,Second,NA,2,12,Always (or almost always) English,1,R/W,R/W,R/W,R/W,R/W,R,R/W,R/W,R/W,R/W,R,R/W,R,R,N,R/W,R/W,R/W,R/W,R/W,R/W,N,R/W,R/W,R/W,R/W,R/W,R/W,N,R,R/W,R/W,R/W,R/W,R,R/W,R/W,R/W,R/W,R/W,R/W,R/W,R/W,R/W,R/W,R,R/W,R/W,R/W,R,R/W,R/W,R,R,R/W,R,R/W,R/W,R/W,R/W,R/W,R/W,R/W,R/W,R/W,R/W,R/W,R/W,R/W,R,R/W,R/W,R/W,R/W,R,R,R/W,R/W,R/W,R/W,R/W,R/W,R/W,R,R/W,R/W,R/W,R/W,R/W,R,R/W,R/W,R/W,R/W,N,R/W,R,R/W,R/W,R/W,R/W,R/W,R/W,R/W,R/W,R,R/W,R,R/W,R/W,R,R/W,R,R/W,R/W,R/W,N,R,N,R,N,R,N,R/W,R/W,R/W,R,R/W,R,R,R,R,N,R,N,R/W,N,N,N,R,R,R/W,R/W,R,R,R,R,R/W,R,R/W,R/W,R,R,R,N,R,R,R,R,R/W,R/W,R/W,R,R/W,N,R,R/W,R,R/W,R,R/W,R/W,R/W,R,R/W,N,R/W,R/W,R,R/W,R,R/W,R,R/W,R,N,N,R,R/W,R/W,R/W,R,R,R/W,N,R/W,R,R,R,N,R,N,R,R/W,R,R/W,R,R,N,R,N,R,R/W,R,R,R,R/W,R,R,R,R,R,R,R/W,R/W,R,R/W,N,R/W,R,R,R,R,R/W,N,N,R,R/W,R/W,N,N,N,R/W,R/W,R/W,R,R/W,R,R/W,R/W,R,R/W,R/W,R,R,R/W,R/W,R,R/W,R/W,R/W,N,R/W,R/W,R/W,R,R,R,R/W,R/W,R/W,R/W,R,R,N,R/W,R/W,R/W,R/W,R/W,R,R/W,R/W,R,R/W,R/W,R/W,R/W,R/W,R/W,R/W,R/W,R/W,R/W,R/W,R,R/W,R/W,R/W,R/W,R/W,N,R,N,R,R/W,R/W,R/W,R,R/W,R/W,R,R,R,R/W,N,R,R/W,R,R,R,R,R/W,R,R,R,R,R,R,R,R,R/W,R/W,R,R/W,R/W,R/W,R/W,R,R,R/W,N,R/W,R/W,R/W,R,R/W,R/W,R,R/W,R/W,R,R,R,R,R/W,R,R/W,R,R/W,R,R/W,R/W,R,R,R/W,R,R,R/W,R,R/W,R/W,R,R/W,R,R,R,R,R,R,R/W,R,R,R,R,N,N,R/W,R,R,R/W,R/W,R/W,R,R/W,R/W,R,R/W,R/W,R/W,R/W,R/W,R,R/W,R/W,R/W,R/W,R,R,R/W,R/W,R/W,R/W,R/W,R/W,R,N,R/W,BL01UK01PL106,UKPL106,711,23.7,2021,gb
R_sbCsDdpLxbh4nw5,Female,University degree or equivalent,University degree or equivalent,30,70,0,NA,Polish;30;,English;70;,,35,65,0,NA,Polish,NA,10,8,NA,NA,I regularly speak both Polish and English to my child,Polish,NA,10,9,NA,NA,I regularly speak both Polish and English to my child,First,NA,1,NA,NA,1,N,R/W,R/W,N,N,R/W,R/W,R/W,R/W,R/W,N,N,N,N,N,N,N,R/W,N,N,N,N,N,N,N,N,N,N,N,N,N,N,R,R,N,R,N,N,N,N,N,N,N,N,N,N,N,R,R,N,R,N,R,R,N,N,R,R/W,R,R,R,N,N,N,N,N,R,R,N,N,N,N,N,N,N,N,N,N,N,N,N,N,N,N,N,R,N,N,N,N,N,N,N,R,R,R,R,R,R,N,R,R,R,N,N,N,R,N,R,R,N,R/W,N,R,N,R,N,R,R,N,N,R,N,R,R/W,R,R,R/W,R,R,N,N,N,N,N,R,R,N,N,R,R,R,R,R,R,R,N,R,R,R,R,N,N,R/W,N,R,R,N,R,R,N,N,N,N,N,N,N,N,N,N,N,N,R,N,N,N,N,N,N,N,N,N,N,R,R,N,N,R,N,R,R,N,N,N,N,N,N,N,N,N,N,N,N,N,N,N,N,N,N,N,N,N,N,N,R,N,N,N,R/W,N,N,N,N,R,N,N,R/W,R,R,R/W,N,N,N,R/W,N,N,N,R,R,N,N,N,R,N,R,N,R,N,R/W,N,N,R,R/W,R,N,N,R,R,N,R/W,N,N,N,N,N,R,N,N,R,R,R,R,N,R,N,N,R,R,R,R,R,R,R,R,R,N,R,R,R,R,R,R,R,N,N,N,R,R,R,R,R,N,R,N,N,R,R,R,N,N,R,N,N,N,R,N,R,R,N,N,N,R,N,N,N,R,N,N,N,N,N,N,N,R,N,N,R,R,N,N,N,N,N,N,R,N,N,N,N,R,R/W,N,N,N,N,N,N,N,N,N,N,R,N,N,N,N,N,N,N,N,N,N,N,N,N,N,N,N,N,N,N,N,N,N,N,N,R,R,N,N,N,R,N,N,N,N,R,R,N,N,N,N,N,N,R,R,N,N,N,R,R/W,R,R,R,R,R,R,R,BL01UK01PL107,UKPL107,452,15.06666667,2021,gb
R_2SwOwsneoZBtOxN,Male,Left school at 18 with A-Levels or equivalent,Left school at 18 with A-Levels or equivalent,70,30,0,NA,Polish;70;,English;30;,,70,30,0,NA,Polish,NA,10,8,NA,NA,I regularly speak both Polish and English to my child,Polish,NA,10,7,NA,NA,I regularly speak both Polish and English to my child,Second,NA,2,19,Always (or almost always) English,1,R/W,R/W,R/W,R/W,R/W,R/W,R/W,R/W,R/W,R/W,R/W,R/W,N,N,N,R,R/W,R,R,R/W,R,R,R,R/W,R,N,R/W,R,N,N,N,R,N,N,R,R,N,N,N,N,N,N,N,R,N,N,N,R,N,N,N,N,R,N,N,N,N,N,N,N,N,N,R/W,N,N,N,R/W,N,N,N,N,N,N,N,N,N,N,N,N,N,N,N,N,N,N,R/W,R/W,N,N,N,N,N,N,N,R,N,N,N,N,N,N,R/W,R/W,N,N,N,R/W,N,N,N,N,R/W,N,N,N,R,N,N,N,N,N,N,N,N,N,N,N,N,N,N,N,N,N,N,N,R,N,N,N,N,N,R/W,R,R,N,N,R,N,N,N,N,N,N,N,N,R,N,N,R,N,N,N,R,N,N,N,N,N,N,N,N,N,N,N,N,N,N,N,N,N,N,R,N,N,N,N,N,N,N,N,N,N,N,N,N,N,N,N,N,N,N,N,N,N,N,N,N,N,N,N,N,N,R,N,R/W,N,N,N,N,N,N,N,N,R/W,N,N,R/W,N,R/W,R/W,R/W,N,N,R/W,N,N,N,R/W,N,N,N,N,R/W,R/W,R/W,N,R,N,R/W,N,N,N,N,N,N,N,N,N,N,N,N,N,N,N,N,N,N,N,N,N,R,N,N,N,N,N,N,N,N,R/W,N,N,N,N,N,N,N,N,N,R,N,R,R,N,N,N,R/W,N,N,N,N,N,N,N,N,N,R,N,N,R,R/W,N,N,N,N,N,N,R/W,R,N,R,N,N,N,N,N,N,N,N,N,N,N,N,N,R/W,N,N,R/W,N,N,R/W,N,N,N,N,N,N,N,N,N,N,N,N,N,N,N,N,N,N,N,N,N,N,N,N,N,N,N,R/W,N,N,N,N,N,N,N,N,N,N,N,N,N,N,N,N,N,N,N,N,N,N,N,N,N,N,N,N,N,N,N,N,N,N,N,N,R,N,N,N,N,N,N,N,N,N,N,N,N,BL01UK01PL108,UKPL108,710,23.66666667,2021,gb
R_3ssJHdXMs8iHbaK,Female,Left school at 18 with A-Levels or equivalent,University degree or equivalent,20,80,0,NA,Polish;20;,English;80;,,10,90,0,NA,English,NA,1,10,NA,NA,I regularly speak a mix of Polish/ English / other languages to my child,Polish,NA,10,8,NA,NA,I regularly speak both Polish and English to my child,First,NA,1,NA,NA,2,R/W,R/W,R/W,R/W,N,R/W,R/W,R/W,R/W,R/W,R/W,R/W,N,N,N,R/W,N,R/W,R/W,N,R,N,R/W,R,R,R/W,N,R/W,N,R,N,N,R/W,R/W,R,R,R/W,R,N,R,R,N,N,R,N,N,N,R,R,N,N,R,R,N,N,N,N,N,N,N,N,N,R,R,N,N,R/W,R,N,N,R/W,N,N,N,N,N,N,N,R/W,R,N,R,N,N,N,R/W,R,R/W,N,R,N,N,N,R/W,R/W,N,N,R,N,N,R/W,R/W,R,N,N,N,N,N,R,R,N,R,R/W,R,R,R,N,N,N,N,N,R,N,N,N,R/W,N,R,N,R,N,R,R,N,N,N,N,N,N,N,N,N,N,N,N,N,N,N,N,N,N,N,N,N,N,N,N,N,N,R,N,N,N,N,N,N,R,N,N,N,N,N,R/W,N,N,N,N,N,N,N,N,N,N,R/W,N,N,N,N,N,N,N,N,R,R,N,R,N,N,N,N,R,N,N,N,N,N,N,N,R,N,N,N,R,N,N,R,N,N,R,N,N,N,N,R/W,N,R,R/W,R,R/W,N,N,N,N,R/W,N,N,N,N,N,N,N,N,R/W,R/W,R,N,R/W,N,R/W,N,N,R/W,R/W,N,N,N,R/W,N,N,R/W,R/W,N,N,R/W,N,N,N,N,N,N,R,R,N,N,N,N,N,R,R,R,R,R/W,N,N,N,R,N,N,N,N,R,R,R,N,N,N,R,N,R,N,N,N,N,N,N,N,R/W,N,N,N,N,N,N,N,R,N,N,N,R,N,N,N,N,N,N,N,N,N,N,N,N,N,N,N,R/W,N,N,N,N,R/W,N,R/W,R,N,N,N,N,N,N,N,N,R/W,N,N,N,N,N,N,N,N,R,R,N,N,N,N,N,R/W,N,N,N,N,R/W,R,R,R,R,N,R,N,N,N,N,N,N,N,N,N,N,N,N,N,R,N,N,N,N,N,N,N,R,R,N,N,R/W,R/W,N,N,N,N,N,N,N,N,N,N,N,N,BL01UK01PL109,UKPL109,1085,36.16666667,2021,gb
R_d7obTiNlHN1zFnz,Male,University degree or equivalent,Left school at 16 with GCSE or equivalent,65,35,0,NA,Polish;65;,English;35;,,95,5,0,NA,Polish,NA,10,8,3,French,I always (or almost always) speak Polish to my child,Polish,NA,10,3,NA,NA,I always (or almost always) speak Polish to my child,Third,NA,3,35,Always (or almost always) English,NA,R/W,R/W,R/W,R/W,R/W,R/W,R/W,R/W,R/W,R/W,R/W,R/W,R,R,R,R/W,R/W,R/W,R/W,R/W,R/W,R,R/W,R/W,R/W,R/W,R/W,R/W,R/W,R/W,R/W,R/W,R/W,R/W,R/W,R/W,R/W,R/W,R/W,R/W,R/W,R/W,R/W,R/W,R/W,R/W,R/W,R/W,R/W,R/W,R/W,R/W,R/W,R/W,R/W,R/W,R/W,R/W,R/W,R/W,R/W,R/W,R/W,R/W,R/W,R/W,R/W,R/W,R/W,R/W,R/W,R/W,R/W,R/W,R/W,R/W,R/W,R/W,R/W,R/W,R/W,R/W,R/W,R/W,R/W,R/W,R/W,R/W,R/W,R/W,R/W,R/W,R/W,R/W,R/W,R/W,R/W,R/W,R/W,R/W,R/W,R/W,R/W,R/W,R/W,R/W,R/W,R/W,R/W,R/W,R/W,R/W,R/W,R/W,R/W,R/W,R/W,R/W,R/W,R/W,R/W,R/W,R/W,R/W,R/W,R/W,R/W,R/W,R/W,R/W,R/W,R/W,R/W,R,R,R/W,R/W,R/W,R/W,R/W,R/W,R/W,R/W,R/W,R/W,R/W,R/W,R/W,R/W,R/W,R/W,R/W,R/W,R/W,R/W,R/W,R/W,R/W,R/W,R/W,R/W,R/W,R/W,R/W,R/W,R/W,R/W,R/W,R/W,R/W,R/W,R/W,R/W,R/W,R/W,R/W,R/W,R/W,R/W,R/W,R/W,R/W,R/W,R/W,R/W,R/W,R/W,R/W,R/W,R/W,R/W,R/W,R/W,R/W,R/W,R/W,R/W,R/W,R/W,R/W,R/W,R/W,R/W,R/W,R/W,R/W,R/W,R/W,R/W,R/W,R/W,R/W,R/W,R/W,R/W,R/W,R/W,R/W,R/W,R/W,R/W,R/W,R/W,R/W,R/W,R/W,R/W,R/W,R/W,R/W,R/W,R/W,R/W,R/W,R/W,R/W,R/W,R/W,R/W,R/W,R/W,R/W,R/W,R/W,R/W,R/W,R/W,R/W,R/W,R/W,R/W,R/W,R/W,R/W,R/W,R/W,R/W,R/W,R/W,R/W,R/W,R/W,R/W,R/W,R/W,R/W,R/W,R/W,R/W,R/W,R/W,R/W,R/W,R/W,R/W,R/W,R/W,R/W,R/W,R/W,R/W,R/W,R/W,R/W,R/W,R/W,R/W,R/W,R/W,R/W,R/W,R/W,R/W,R/W,R/W,R/W,R/W,R/W,R/W,R/W,R/W,R/W,R/W,R/W,R/W,R/W,R/W,R/W,R/W,R/W,R/W,R/W,R/W,R/W,R/W,R/W,R/W,R/W,R/W,R/W,R/W,R/W,R/W,R/W,R/W,R/W,R/W,R/W,R/W,R/W,R/W,R,R/W,R/W,R/W,R/W,R/W,R/W,R/W,R/W,R/W,R/W,R/W,R/W,R/W,R/W,R/W,R/W,R/W,R/W,R,R/W,R/W,R,R/W,R/W,R/W,R/W,R/W,R/W,R/W,R/W,R/W,R/W,R/W,R/W,R/W,R/W,R/W,R/W,R/W,R/W,R/W,R/W,R/W,R/W,R/W,R/W,R/W,R/W,R/W,R/W,R/W,R/W,R/W,R/W,R/W,R/W,R/W,R,R/W,R/W,R,R/W,R/W,R/W,R/W,R/W,R/W,R/W,R/W,R/W,R/W,R/W,R/W,R/W,R/W,R/W,R/W,R/W,R/W,R/W,R/W,R/W,R/W,R/W,R/W,R/W,BL01UK01PL110,UKPL110,1228,40.93333333,2021,gb
R_3hyUcySf790IVoX,Male,University degree or equivalent,University degree or equivalent,50,50,0,NA,Polish;50;,English;50;,,60,40,0,NA,Polish,NA,10,9,NA,NA,I regularly speak a mix of Polish/ English / other languages to my child,Polish,NA,10,7,NA,NA,I always (or almost always) speak Polish to my child,First,NA,1,11,Always (or almost always) English,2,N,R/W,N,R/W,N,R/W,N,N,N,N,R/W,N,N,N,N,R,N,N,R,R,R,N,R,N,N,R,N,N,N,R,N,N,R,N,N,R,R,N,N,N,R,N,N,N,N,R,N,R,N,N,N,N,N,N,R,N,R,N,R,N,R,N,R,R,N,R,R,N,N,N,N,N,N,N,N,N,N,N,N,N,N,N,R,N,N,R,R,N,N,N,N,N,N,N,N,N,N,N,N,N,N,R,R,N,N,N,N,N,N,R,N,R,N,R,N,R,R,N,R,R,N,R,N,R,R,R,N,R,R,R,N,N,N,N,N,R,R,R,N,R,R,R,R,R,R,N,N,R,N,R,R,N,N,R,R,R/W,N,N,N,R,N,N,N,R,N,N,R,R,R,R,R,N,N,N,R/W,N,N,R,R,R,N,N,R,R,R,N,N,R,N,N,R,R,N,R,N,R,N,N,N,N,N,N,N,R,N,N,N,N,N,N,R,R,R,R,N,N,N,N,R,R,N,N,N,N,N,N,R,N,N,N,N,N,N,R,N,N,N,N,N,N,N,N,R,R,R,R,N,N,R,N,R,N,R,R,N,N,R,R,R,R,N,N,R,R,N,R,N,N,R,N,R,R,N,R,N,N,N,R,R,R,N,N,N,R,N,N,N,R,N,R,R,R,R,N,N,N,N,R,R,R,N,N,N,N,N,R,R,N,N,R,R/W,N,R,N,R,N,N,R,R,N,N,N,R,N,N,R,N,R,R,N,N,N,N,R,R,N,N,N,N,N,N,N,R,N,R,N,N,N,R,R,R,N,N,N,N,R,N,R,N,N,N,R,N,N,N,N,N,N,R,N,N,N,N,N,N,N,N,N,N,N,N,N,N,N,N,N,N,R,R,R,N,N,N,N,N,R,N,N,N,N,N,R,N,N,R,N,N,N,N,N,N,R,R,N,R,N,N,N,BL01UK01PL111,UKPL111,514,17.13333333,2021,gb
R_ysSfsYpcf9yXFER,Male,Left school at 18 with A-Levels or equivalent,Left school at 18 with A-Levels or equivalent,60,39,1,Italian,Polish;60;,English;39;,Italian;1;,60,39,1,Italian,Polish,NA,10,7,NA,NA,I always (or almost always) speak Polish to my child,Polish,NA,10,10,5,Italian,I regularly speak both Polish and English to my child,Third,NA,3,13,Always (or almost always) English,NA,R/W,R/W,N,R/W,R/W,R/W,R/W,R/W,R/W,R/W,R/W,R/W,R,R,R,R/W,R/W,R/W,R,R,R/W,N,N,R/W,R/W,R/W,R,R,R,N,R/W,R,R/W,R/W,R,R,R/W,R/W,R/W,R,R,R/W,R,R/W,R,R,R,N,R,N,R,R/W,R/W,R,R,R,R,R/W,R,R/W,R/W,N,R/W,R/W,R,R,R,R,R,R,R/W,R,N,R,N,R,R/W,R/W,N,R,R/W,R/W,R,R,R,R/W,R/W,R,N,R,R/W,R/W,R/W,R,R/W,R/W,R,R/W,R,R,R/W,R/W,R/W,R,R,R,R,R,R/W,R,R,R/W,R,R/W,R/W,R/W,N,R,R,R,N,R,R,R,R/W,R/W,N,R/W,R,R/W,N,R,R/W,N,N,R/W,N,R,N,R,R,R,R,R,R,R/W,R,R/W,N,R/W,R/W,N,R,R/W,R,R,R,R,R/W,R/W,R,R,R,R,R,R,R/W,R,R,R,R,R,R/W,R,R/W,N,R,R/W,R,R,R,R/W,R,R/W,R,N,N,R,R/W,R,R,N,R,R,N,R,N,R,R,N,N,N,R,R,N,R,N,R,N,R,N,R,N,R,R,R,R,R,R,R,R/W,N,R,R/W,N,R,N,R/W,R/W,R,R,R,R,R/W,N,N,N,R/W,R/W,N,R,R,R/W,N,R/W,R,R/W,R,R/W,R/W,N,R/W,R/W,R,R,R/W,R/W,R,R,R/W,R/W,N,R,R/W,R/W,R/W,R,R,R/W,R/W,R/W,R,R/W,R,R,R,R/W,R/W,R,R/W,R,R/W,R,R,R,R/W,R,R/W,R,R,R,R/W,R/W,R/W,R,R,R,R/W,R,R/W,R,R,R,N,N,R,R/W,R,R,R,R,R,R,R,R/W,N,R,R,R/W,N,R,R,R,N,R,R/W,N,R,R,R,R,N,R,R,R/W,R,R,R/W,N,R,R,N,R/W,R/W,R,R/W,R,R,N,R/W,R/W,R,R,R,N,R/W,R,R,N,R,R,R/W,N,R/W,R,R/W,N,R,R,N,R,R,R,R,N,R,R,N,R,N,R/W,N,R,R/W,R,N,R/W,R/W,R,R,R,R,R,R,R,R/W,R,R/W,R/W,R/W,R/W,R/W,R,R,R/W,R/W,R/W,R,R,R/W,R,R,R,N,R,R,N,R,BL01UK01PL112,UKPL112,790,26.33333333,2021,gb
R_uwWj5PB9pXNuzCN,Male,University degree or equivalent,University degree or equivalent,20,80,0,NA,Polish;20;,English;80;,,40,60,0,NA,Polish,NA,10,9,3,German,I always (or almost always) speak Polish to my child,English,NA,NA,10,2,Spanish,I always (or almost always) speak English to my child,First,NA,1,13,Always (or almost always) English,2,R/W,R/W,R/W,N,N,R/W,R/W,R/W,R/W,R/W,R/W,R/W,R,N,R,R,R,R/W,R,R,R,N,R,R/W,R,R/W,R,R,N,R,N,R,R/W,R,R,R,R,R,R,R,R,R,R,R/W,R,R,R/W,R/W,R/W,R,R,R/W,R/W,R/W,R,R,R,R,R,R,R,R/W,R/W,R,R,R,R/W,R/W,R/W,N,N,R,R,N,N,R,R,R/W,R/W,R,R/W,R,R,R/W,R,R,R,R/W,R,R,R,R,R,N,R,R,N,R,R,R,R,R/W,R/W,R,N,R,R,R,R,R,R,R,R,R,R,R/W,R,R,R,R/W,N,R,N,R,R,R/W,R,R,N,R,R,R,N,R,N,R/W,R,N,N,R,R,R,R,R,R,R,R,R/W,R,R/W,R,R,R,R,R,R,N,N,R,R,R,R,R,R,N,R,R,N,R,R,R,N,R,R/W,R,R,R/W,R,R,R,N,N,N,R,R,N,N,N,R,R/W,R,R,R,R/W,N,R,R,R,R,R,R,R,R,R,R,R,N,R,N,R,R,R,N,R/W,R,R,R,R,R,R,R,R,N,R/W,N,R,R/W,R,R/W,R/W,R,R,R,R/W,N,N,N,R/W,R/W,R,R,N,R/W,R,R,R,R/W,R,R/W,R,R,R,R/W,R,R,N,R,R,R,R/W,R/W,R,R,R/W,R,R,R,R,R,R,R,R,R,R,R,R,R/W,R,R,R,R,R,R,R,R,R,R,R/W,R,R,R,R,R,N,R,R,R,R,R,R,R,R,R,R,R,R,R,R,R,R,R,R,R,N,R,R,R,R,R,R,R,R,R,N,R,R,R,R,R,R,N,R,R,R,R,R,R/W,R,R,R,R,R,R,R,R,R,R,R,R,R,R,R,N,R,N,R/W,R,R,R,R,R,R,N,R,R,R,R,R,R/W,R,N,R,R,R,R,R,R,R,R,R,R,R,N,R,R,R,R,R,R,R,R,R/W,R,R,R,R,R,R,R,R,R,R,R,R,R/W,R,R,N,R,R,R,R,R,R,R,R,R,R,BL01UK01PL113,UKPL113,739,24.63333333,2021,gb
R_2TNmccCwfCreAye,Female,University degree or equivalent,No qualifications,50,44,6,Kurdish sorani,Polish;50;,English;44;,Sorani Kurdish;6;,70,26,4,Kurdish,Polish,NA,10,10,3,Kurdish sorani,I regularly speak a mix of Polish/ English / other languages to my child,Other(s),Kurdish sorani,0,7,10,Kurdish sorani,I regularly speak a mix of Polish / English / other languages to my child,First,NA,1,NA,NA,0,R/W,R/W,R/W,R,R,R,R,R,R/W,R,R/W,R/W,N,N,N,N,N,N,N,N,N,N,N,N,N,N,N,N,N,N,N,N,N,N,N,N,N,N,N,N,N,N,N,N,N,N,N,R,N,N,N,N,N,N,N,N,R,N,N,N,N,R,R,N,N,R,R,R,N,N,N,N,N,N,N,N,R,R,N,R,N,R,R,N,R,R,R,N,N,N,N,N,N,R,R,N,N,N,N,N,N,R,R,R,R,R,N,N,R,R,R,R,R,R,R,N,N,N,N,N,N,N,N,R,R,R,N,R,R,N,N,N,N,N,N,R,R,N,N,N,N,N,N,N,R,R,N,N,N,N,N,N,N,N,N,N,N,R,N,R,N,N,R,N,N,N,N,N,R,N,N,N,N,N,N,N,N,N,N,N,N,N,N,N,R,N,N,N,N,N,N,R,N,N,N,R,N,R,N,N,N,N,N,R,N,R,N,N,N,R,N,N,N,N,R,N,N,N,R,N,N,N,N,R,N,N,R,N,R,R,R,R,N,R,N,N,N,N,N,N,N,R,R,R,R,N,R,N,R,R,R,R,R,R,N,N,N,N,N,R/W,N,N,N,R/W,N,N,N,N,N,N,N,N,N,N,N,N,R,R,R,R,R,R,N,R,N,N,N,R,R,R,R,R,R,N,R,R,R,R,R,R,N,N,R,N,N,N,N,N,N,R,N,N,N,R,N,N,R,R,R,N,N,R,R,R,R,R,N,N,N,N,N,N,N,N,R,N,N,N,N,N,N,N,R,R,R,R,R,R,N,R,N,N,N,N,N,N,N,N,N,N,R,N,N,N,N,R,N,N,N,N,R,N,N,N,N,N,N,N,N,N,N,N,N,N,N,N,N,R/W,N,N,N,N,N,N,N,N,N,N,N,N,N,N,N,N,N,N,N,N,N,N,N,N,N,N,N,N,N,N,BL01UK01PL114,UKPL114,354,11.8,2021,gb
R_71ad8ii1FjQp3zj,Female,Left school at 18 with A-Levels or equivalent,Left school at 18 with A-Levels or equivalent,60,39,1,NA,Polish;60;,English;39;,Other;1;,70,30,0,NA,Polish,NA,10,7,NA,NA,I always (or almost always) speak Polish to my child,Other(s),Sinhalese,0,7,10,Sinhalese,I always (or almost always) speak English to my child,Second,NA,2,NA,NA,NA,R,R,N,R/W,R,R,N,R/W,R/W,N,N,N,N,N,N,N,N,R,R,N,N,N,N,N,N,N,N,N,N,N,N,N,R,N,N,R,N,N,N,N,N,N,N,N,R,N,N,R,N,N,N,N,N,N,N,N,N,R,N,N,R,N,N,N,N,N,R,N,N,N,N,N,N,N,N,R,N,R,N,N,N,N,N,N,N,R,R,N,N,N,N,N,N,N,R,R,N,N,N,N,N,R,R,N,N,N,R,N,N,N,N,N,R,R,R,R,N,N,N,N,N,N,N,N,R,N,N,R,N,N,N,N,N,N,N,N,N,N,N,N,N,N,R,N,N,N,N,N,N,N,N,N,N,N,N,R,N,N,N,N,N,N,N,N,N,N,N,N,N,N,N,N,N,N,N,N,N,N,N,N,N,N,N,N,N,N,N,N,N,N,N,N,N,N,N,N,N,N,N,N,N,N,N,N,N,N,N,N,N,N,N,N,N,N,N,N,N,N,N,N,N,N,N,R/W,R,N,R,N,N,N,N,N,N,R,N,N,N,N,N,N,N,N,R,R,R,R,R,N,N,N,N,N,R,R,N,R,R,R,R,R/W,N,N,R,R/W,N,N,N,N,N,R,R,N,N,R,N,N,N,N,N,R,N,N,N,N,N,N,N,R,N,N,R,R,R,N,N,N,R,R,N,N,N,N,N,N,N,N,R,N,N,N,N,N,N,N,R,N,N,R,R,N,R,N,N,R,N,N,N,N,N,N,N,N,N,N,N,N,N,N,N,N,N,R,N,N,N,N,N,N,N,N,N,N,N,N,N,N,N,N,N,N,N,N,N,N,N,R,N,N,N,N,N,N,N,N,N,R,N,N,N,N,N,N,N,N,N,N,N,N,N,N,N,N,N,N,N,N,N,N,N,N,N,R,N,N,N,N,N,N,N,N,N,N,N,N,R,N,N,N,BL01UK01PL115,UKPL115,398,13.26666667,2021,gb
R_1pRISKPZuE97Xq6,Female,University degree or equivalent,Left school at 18 with A-Levels or equivalent,70,30,0,NA,Polish;70;,English;30;,,80,20,0,NA,Polish,NA,10,6,NA,NA,I always (or almost always) speak Polish to my child,Bilingual Polish and English,NA,10,9,NA,NA,I always (or almost always) speak English to my child,First,NA,1,NA,NA,16,R/W,R/W,N,R/W,R/W,R/W,R/W,R/W,R/W,R/W,R/W,R/W,R,R,R,R,R/W,R/W,R/W,R,R,R,R,R,R,R/W,R,R/W,R,R,R,R/W,R/W,R,R,R/W,R,R/W,R,R,R,R,R,R,R,R,R,R/W,R,R,R,R,R/W,R,R,N,R,R,R,R,R/W,R/W,R/W,R,R,R,R/W,R/W,R/W,R,R,R,R,R,N,R/W,R/W,R/W,R,N,R,R,R,R,N,R,R/W,N,N,R,R,R,R,R,R/W,R,R,R,R,R,R/W,R/W,R/W,R,R,R,R,R,R,R,R,R/W,R,R,R,R/W,N,R,R,R,N,R,R,R,R,R,R,R,R,R,R,R,R,R,R,R/W,R,R,N,R,R,R,R,R,R,R,R,R,R,R,R,R,R,R,R,R,R,R,R/W,R/W,R,R,R/W,R,N,R,R,R,R,R,R,N,R,R,R,N,R,R,R/W,R,R,N,R,R/W,R,R,R,R,R,R,R/W,R,R,R,N,R,R,R,N,N,R,R,R/W,R,N,R,N,R,R,R,R,R,N,R,R,R,R,R,R,R,R,R,R,R/W,N,R/W,R/W,R,R/W,R/W,R/W,R,R,R/W,N,N,R,R/W,R/W,N,R,R,R/W,R,R/W,R/W,R/W,R,R/W,R/W,R/W,R,R/W,R/W,R/W,R/W,R/W,R,R/W,R/W,R/W,R,R/W,R/W,R,R,R,R,R,R,R/W,R,R,R,R/W,R,R/W,R/W,R,R,R,R/W,R/W,R,R,R/W,R,R/W,R,R,R,R/W,R/W,R,R,R,R,R,R,R,R,R,R,R,R,R,R,R,R,R,R,R,R/W,R,R/W,R,R,R,R/W,R/W,R,R,R/W,R,R,R,R,R,R,R/W,R,R,R,R,R/W,R,R/W,R/W,R,R,R/W,R,R,R/W,R,R,R,R/W,R,R/W,R/W,R,R,R,N,R,N,R,R,R,R,R/W,R,R/W,R,R/W,R,R,R/W,R,R,R,R,R/W,R,R,R,N,R,R/W,R,N,R,R/W,R,R,R,R/W,R,R,R/W,R/W,R,R,R/W,R/W,R/W,R,R,R,R/W,R/W,R,R,R/W,R/W,R,R,R,R/W,N,R,R/W,R,R,R,R,R,BL01UK01PL116,UKPL116,792,26.4,2021,gb
R_3066bWLEW7RYkYO,Male,University degree or equivalent,University degree or equivalent,30,70,0,NA,Polish;30;,English;70;,,50,50,0,NA,Polish,NA,10,8,NA,NA,I always (or almost always) speak Polish to my child,English,NA,1,9,NA,NA,I always (or almost always) speak English to my child,Second,NA,2,9,Always (or almost always) English,1,R/W,R/W,R/W,N,N,R/W,N,R/W,N,R/W,N,N,N,N,N,R,R/W,R/W,N,R,R/W,N,R,R,R,R/W,R,R/W,N,R,N,R/W,R/W,R,N,R,R,R,R/W,N,N,R,R,R,R,N,R/W,R,R,R,R,R,R,R,R,R,N,N,N,N,R/W,N,R/W,R/W,N,N,R/W,N,N,N,N,N,N,N,N,N,N,N,N,N,N,N,R,N,N,R/W,N,R/W,R,N,R/W,N,N,R,R/W,N,N,R,N,N,R,R,R,N,N,N,N,N,N,R,N,R,N,R,R,R,N,N,R,N,N,R,N,R,N,R,N,R,N,N,N,N,N,N,N,R,N,N,N,N,N,N,N,N,N,R,N,N,N,R,R,N,N,R,N,N,N,R,R,R,R,R,N,R/W,N,N,R/W,N,N,N,R/W,N,R/W,R,N,N,N,R,R,N,R,N,N,R/W,R,N,N,N,R,N,R,R,N,N,N,R,N,N,N,N,N,N,N,N,N,R,N,N,R,N,N,R/W,N,N,R,R,N,N,R,R,N,R,N,R/W,N,N,N,N,N,N,N,R,N,R/W,N,N,N,N,N,N,N,N,N,N,N,N,N,R,N,R,N,R,N,R,N,N,N,N,N,N,N,N,N,N,N,N,N,N,N,R,N,R,N,N,N,N,N,N,R,N,N,R,N,N,N,N,N,R/W,N,R,R,N,N,N,N,R,R,N,N,N,R,N,N,N,N,N,N,N,R,R,R,R,N,N,N,N,N,R,N,N,N,N,N,N,N,N,N,N,R,N,N,N,N,N,R,N,N,N,N,R,N,N,N,R,N,N,N,N,N,R,N,R,N,R,N,N,N,N,N,N,N,N,N,N,N,R/W,N,R,N,N,N,R,R,N,N,R,N,N,N,N,N,N,N,N,N,N,N,N,N,N,N,N,N,N,N,N,N,N,N,N,R,R,N,N,N,N,N,N,N,N,N,N,N,N,R,N,N,N,BL01UK01PL117,UKPL117,923,30.76666667,2021,gb
R_2az9kYoV7s7XGgO,Male,University degree or equivalent,Left school at 18 with A-Levels or equivalent,95,5,0,NA,Polish;95;,English;5;,,100,0,0,NA,Polish,NA,10,5,0,NA,I always (or almost always) speak Polish to my child,Polish,NA,10,5,NA,NA,I always (or almost always) speak Polish to my child,First,NA,1,NA,NA,0,R/W,R/W,N,N,N,R,N,R/W,R/W,N,R/W,N,N,N,N,R,N,R,N,N,N,N,N,N,N,N,N,N,N,N,N,N,R,N,N,R/W,N,N,N,N,N,N,R,N,N,N,N,R/W,R/W,N,N,R,N,R/W,R,N,N,R,N,R,R,N,N,R/W,N,R,R,R,N,N,R/W,N,N,R,N,N,R,R/W,N,N,N,N,N,R,N,R,R,N,N,N,N,N,N,R,R,N,N,R,N,N,R,R,R,R,N,N,N,N,R,R,N,R,N,R,R,R,N,R,N,N,N,R,N,R,R,N,N,R,N,R,N,N,N,N,N,R,N,N,N,R,N,R,R,R,N,N,R,R,N,R,R,N,R,R,N,N,N,N,N,R,R,N,R,N,N,R,R/W,N,R,N,R,N,R,N,N,N,N,R,R,N,N,N,N,R,N,N,N,N,N,R,R,R,R,R,N,R,R,R,R,N,N,N,N,R/W,R,R,N,R,N,R,N,R,R,R,R,N,R,R,R,R,N,N,N,R/W,N,N,R/W,N,R/W,R/W,N,N,N,R/W,N,N,N,R,R,N,N,R,R/W,R,R/W,R,R/W,R,R/W,N,N,N,N,R,N,N,R/W,R,R,R/W,R,N,R,R/W,N,N,R,R,R,N,R,N,N,R,N,N,R,R,R,R,R,N,N,N,N,N,N,R,N,R,R,N,R,N,N,N,R,N,R,R,R,N,N,N,N,R,R,R,R,R,N,N,N,N,N,N,N,N,R,N,N,N,N,N,N,N,N,N,R,N,N,N,N,N,R,N,N,R,N,N,N,R,R,N,N,R,N,N,N,N,N,N,N,N,N,R,N,N,N,N,N,N,N,N,N,N,R,N,N,N,N,N,N,N,N,R/W,N,N,N,N,N,N,N,N,N,N,N,R,N,N,N,N,N,N,N,N,N,R/W,N,R,R,R,N,N,R/W,R/W,R,N,N,N,N,N,N,N,N,N,N,N,BL01UK01PL119,UKPL119,748,24.93333333,2021,gb
R_3nAzETFswYaPcAl,Male,Left school at 18 with A-Levels or equivalent,University degree or equivalent,10,90,0,NA,Polish;10;,English;90;,,20,80,0,NA,Polish,NA,10,9,NA,NA,I always (or almost always) speak English to my child,English,NA,1,10,NA,NA,I always (or almost always) speak English to my child,First,NA,1,NA,NA,NA,N,R/W,R/W,R/W,R/W,R/W,R/W,R/W,R/W,R/W,R/W,R/W,N,N,N,R/W,R/W,R/W,R/W,R/W,R/W,N,R/W,R,R,R/W,R/W,R/W,R,N,R,R,R/W,R,R,R/W,R/W,R/W,R,R/W,R/W,R,R,R,R,R,R,R/W,R/W,R,R,R,R,R,R/W,R,R,R/W,R,R,R,R,R/W,R/W,R,R,R/W,R/W,R,R,R,R,R,R,N,R/W,R/W,R,R/W,R/W,R/W,N,R/W,R,N,R/W,R,R/W,R,R,R/W,R/W,R/W,R,R/W,R,N,R,R,R,R/W,R/W,R/W,R/W,R,N,R,R,R/W,R,R,R,R,R,R,R/W,R,R,R,R,N,R,N,R/W,R,R/W,R,R/W,R,R,N,R,N,N,N,R,R,R,N,R,N,R,R,R,R,R,R,R,R,R,R,R,R,R,N,R,R,R,R,R/W,R,R,R,R,N,R,R/W,R,R,R,R,R,R/W,R,R,N,R,R,N,R,R,R,R,R/W,R,N,N,N,R,R/W,N,N,N,R,N,R/W,N,N,R,N,R,N,N,R,N,N,N,R,R,R,N,N,N,R,R,R,R,R,R,R/W,N,R,R,R/W,N,N,R/W,R,R/W,R,R,R,N,R/W,N,N,N,R,R,N,N,N,R/W,R/W,R/W,R/W,R,R,R/W,R/W,R,R/W,R/W,R,R/W,R,R/W,R/W,R/W,R/W,R/W,N,R/W,R/W,N,R/W,N,N,N,R,R/W,R,R,R,R,R,R,R,R/W,R/W,N,R/W,R,R/W,R/W,R/W,R,R,N,R,R,R,R,R,R,R,R,R,R,R,R,R,R,N,R,R,R,R,R,R,R,R,R,N,R/W,N,R,N,R,R,R,R,N,N,R,R,R,R,R,N,N,N,R,R,R/W,R,R,R,R,R/W,R,R,R,R/W,R/W,R,R,R/W,R,R,R,R/W,N,R,N,R/W,N,R,N,R,R,R,R,R,R,R,N,R/W,R/W,R,R,R/W,R/W,R/W,R,R,R,R,R,N,R/W,R,R/W,R/W,R,R/W,R/W,R,N,N,R,R,N,N,R,N,R,R,R,R,R,R,R,R,R,R,R,R,N,N,N,N,R,R,R,R,R,R,BL01UK01PL120,UKPL120,832,27.73333333,2021,gb
R_3erjEeipb5FvNMz,Male,University degree or equivalent,Left school at 16 with GCSE or equivalent,20,80,0,NA,Polish;20;,English;80;,,30,70,0,NA,Polish,NA,10,6,NA,NA,I always (or almost always) speak Polish to my child,English,NA,0,10,NA,NA,I always (or almost always) speak English to my child,First,NA,1,1,Always (or almost always) English,1,R/W,R/W,R/W,R/W,R/W,R/W,R/W,R/W,R/W,R/W,R/W,R/W,R,N,N,R,R,R/W,R,N,R,N,R,R,R,R,R,R,R,R/W,R,R/W,R/W,R,R,R,R,R,R,R,R,R,R,R/W,R,R,R,R/W,R,R,R,R,R,R,R/W,R,R,R,N,R,R,R,R,R/W,R,R,R/W,R,R/W,R,R,R,N,N,N,R/W,R,R/W,N,R,R,R,R/W,N,N,R/W,R/W,N,N,N,R,R,R,R/W,R/W,R,R,R,R,R,R,R/W,R/W,R,R,N,R,R,R,R,R,R,R,R,R,R/W,R,R,R,R,N,R,N,R/W,R/W,R,R,R,N,R,N,R,N,N,N,R,R,R,N,R,R,R,R,R,R,R,R,R,R,R,R,R,R,R,R,R,R,R,R,R,R,R,R,R,N,R,R,N,R,R,R,N,R/W,N,N,N,N,R/W,R,R,N,N,N,R/W,N,N,N,R,R,R,R,R,R,R/W,R,N,N,N,R,N,N,N,N,R,N,R,N,N,R,R,N,R,R,N,R,R,R,R,R,R,N,N,N,R/W,R,R,N,N,N,N,R,R,N,R/W,N,N,N,R,R,N,N,N,R,N,N,N,N,N,R,R/W,N,R,N,R,R,R,R,R,R,R/W,R,N,R,R,N,N,R,N,N,R,R,N,N,R,N,N,R,R,R,R,N,R/W,N,R,R,R,R/W,R,R,R,R,R,R/W,R,N,N,R,R,R,R,R,N,R,N,N,R,R,R,R,R,N,N,R,R,R/W,R,R,R,N,N,R,R,R,R,R,R,R,R,R,N,N,N,N,N,R,R,R,R,N,R,R,R,R/W,R,R,R,R,R/W,R,R,R/W,R,R,R,R,R/W,R,R,R,R,R/W,R/W,N,N,N,R,N,R,R/W,N,N,N,R,R,N,R,N,N,R,N,N,N,N,N,N,N,N,R,R,R,R,R,N,N,R,N,N,R,R,N,R,R,R,N,R,R,N,N,R,N,N,N,N,N,N,N,N,N,BL01UK01PL118,UKPL118,973,32.43333333,2021,gb
R_1oAPRsNj1pS8WFx,Male,University degree or equivalent,University degree or equivalent,90,10,0,NA,Polish;90;,English;10;,,100,0,0,NA,Polish,NA,10,6,NA,NA,I always (or almost always) speak Polish to my child,NA,NA,NA,NA,NA,NA,NA,Second,NA,2,NA,NA,0,R/W,R/W,R/W,R/W,R/W,R/W,R/W,R/W,R/W,R/W,R/W,R/W,R,R,N,R/W,R/W,R/W,R/W,R,R/W,R,R/W,R/W,R/W,R,N,R,N,R/W,R/W,R,R/W,R,N,R/W,R,R,R,R/W,R/W,R,R,R/W,R,R,N,R/W,R,R,R,R,R,R,R,R/W,R,R,R/W,R,R,R,R,R/W,R/W,R,R,R,R,R,R,R,N,N,R,R,R,R/W,R,R,N,R,R,R,R,R/W,R,N,R,R,R,R,R,R,R,R/W,R/W,R,R,R,R/W,R,R,R/W,R,R,R,R,R,R,R,R,R,R,R,R,R,R/W,R,R,R,R,N,R,R,R,R,R,R,R,R,R,R,N,R,R,R,N,R,R,R,R,R,R,R,R,R,R,R,R,R,R,R,R,R,R,R,N,R,R,R,R,R,R,R,R/W,R,R/W,R,R,R,R,R,R,R,R,R,R,R,R,R,R,N,R,R,N,N,R,R,R,R,R,R,R,N,R/W,R/W,R/W,N,R,R,R/W,N,N,N,R,N,R,R,R,R,R,R,R,R,R/W,R,R/W,R,R,R/W,R/W,R/W,N,R,R,N,R,N,R/W,R/W,R,R,R/W,N,N,R,R,R,N,N,N,N,N,N,R/W,R,R,R,R,R,R/W,R/W,R,R,N,R/W,N,R/W,N,R/W,R/W,R/W,R/W,R,R,R,R,R,R,R,R,R,R,R,R,R,R,R/W,R,R,R,R,R,R,R,R,R,R,R/W,R,R,R/W,R,R,R,R/W,R/W,R/W,R,R,R,R,R,N,R,R,R,R,R,R,R,R,R,R/W,R,R,R,R/W,N,R,R,R,R,R,R,R,R,R,R,R,R,R,R,R/W,R,R,R,R,R,R,R,R,R,R,R,R,R/W,R,R,R/W,R,R,R,R,R,R,R,R,R,R,R,R,R,R,R,R,R,R,R,R/W,R,N,R,R,R,R,R,R,R/W,R,R,R,R,R,R,R,N,N,N,N,N,N,N,N,N,R,R,N,R,R,R,R/W,R/W,R/W,R/W,N,N,N,N,R,R,R,R,R,R,R,R,BL01UK01PL121,UKPL121,581,19.36666667,2021,gb
R_11d9WK2RmhDTLHq,Male,Left school at 18 with A-Levels or equivalent,Left school at 18 with A-Levels or equivalent,80,20,0,NA,Polish;80;,English;20;,,90,10,0,NA,Polish,NA,10,7,NA,NA,I always (or almost always) speak Polish to my child,NA,NA,NA,NA,NA,NA,NA,First,NA,1,11,Both Polish and English regularly,1,R/W,R/W,R/W,R/W,R,R,R/W,R/W,R/W,R/W,R/W,R/W,N,N,N,N,N,N,R,N,R,N,R,N,R,N,R,R,N,N,N,N,R,N,R,R,R,R,N,R,N,N,R,N,R,N,N,R,N,N,N,N,N,N,R,N,N,N,N,R,R,N,R,R,N,N,R,R,N,N,N,N,N,N,N,R,R,R,N,N,N,R,R,N,N,N,R,N,N,N,R,R,N,N,R,R,R,R,R,R,R,R,R,R,R,R,R,R,R,R,R,R,R,R,R,R,N,R,N,N,N,R,N,R,R,R,N,R,N,R,N,N,N,N,R,R,R,N,R,R,R,R,R,R,R,R,R,R,R,R,R,N,N,N,N,R,N,N,N,N,R,N,R,N,N,N,R,N,N,R,N,N,N,N,N,N,N,N,N,R,N,N,N,R,R,N,N,N,N,R,R,N,N,N,N,R,N,N,R,N,N,N,R,R,N,N,N,R,N,R,N,N,R,N,R,N,N,N,N,N,N,N,N,R,N,N,N,N,R,N,N,N,N,R/W,R/W,R,N,N,N,N,N,N,R,N,R,N,R,N,N,N,R,R,R,R,R,R,R,R,R,R,R,R,R,R,N,N,N,N,N,N,R,N,N,N,N,N,N,R,N,R,N,R,R,N,N,N,N,R,N,N,N,N,N,N,N,N,R,N,N,R,N,N,N,N,N,R,R,N,N,R,N,N,N,N,N,N,N,N,R,N,N,N,N,N,N,N,N,N,R,N,N,N,N,N,R,R,R,R,N,N,N,N,R,N,R,R/W,R,N,N,R,R,R,R,N,N,N,N,N,N,N,R,N,N,R,N,R,N,N,N,N,N,R,N,N,N,N,N,N,N,N,N,N,N,N,N,N,N,N,N,N,N,N,N,N,N,N,N,N,N,N,N,N,N,N,N,N,N,N,N,N,N,N,N,N,N,N,N,N,BL01UK01PL122,UKPL122,432,14.4,2021,gb
R_1MZggSt5rOruDEi,Female,University degree or equivalent,Left school at 16 with GCSE or equivalent,20,80,0,NA,Polish;20;,English;80;,,50,50,0,NA,Polish,NA,10,10,NA,NA,I always (or almost always) speak Polish to my child,English,NA,NA,10,NA,NA,I always (or almost always) speak English to my child,First,NA,1,17,Always (or almost always) English,5,N,N,N,R,N,N,N,R,R/W,N,R/W,N,N,N,N,N,N,R,N,N,R,N,N,N,N,N,N,N,N,N,N,N,R,N,N,R,N,R,N,N,N,N,N,N,N,N,N,N,N,N,N,N,N,N,N,N,N,N,N,N,N,N,N,N,N,N,R,R,R,N,N,N,R,N,N,R,R,N,N,N,N,R,N,R,N,R,N,N,N,R,N,R,N,R,R,R,N,R,N,N,N,R,R,R,N,N,R,N,N,R,N,N,R,R,N,R,N,N,N,N,R,R,N,N,R,R,N,R,N,R,N,N,N,N,N,N,N,N,N,N,N,N,N,N,N,N,N,N,N,N,N,N,N,N,N,N,N,N,N,N,N,N,N,N,N,N,R,N,N,N,N,N,N,N,N,N,N,N,N,N,N,N,N,N,R,N,N,N,N,R,N,R,N,N,N,N,N,N,N,N,R,N,N,R,N,N,N,N,N,N,N,R,R,N,R,N,R,N,R,N,N,N,N,R,N,N,N,N,R,N,N,N,N,R,N,N,N,N,N,N,N,N,R,N,R,N,R,N,R,N,R/W,N,N,N,N,N,N,N,N,R/W,N,N,N,N,N,N,N,N,R,R,N,R,N,N,N,N,R,N,N,R,N,N,N,N,N,N,N,R,R,R,N,N,R,R,N,N,N,N,N,N,N,N,N,N,N,N,N,N,R,N,N,N,N,N,N,N,N,N,R,N,N,N,N,N,N,N,N,R,N,R,N,N,N,N,N,N,N,N,N,N,N,N,N,N,N,N,N,N,N,N,N,N,N,N,N,N,N,N,N,N,N,N,N,N,N,N,N,N,N,N,N,N,N,N,N,N,N,N,N,N,N,N,N,N,N,N,N,N,N,N,N,N,N,N,N,N,N,N,N,N,N,N,N,N,N,N,N,N,N,N,N,N,N,N,N,N,N,N,BL01UK01PL123,UKPL123,698,23.26666667,2021,gb
R_3JrUxZDlRu6THIq,Female,University degree or equivalent,Left school at 16 with GCSE or equivalent,60,40,0,NA,Polish;60;,English;40;,,60,40,0,NA,Polish,NA,10,8,NA,NA,I always (or almost always) speak English to my child,English,NA,2,10,NA,NA,I always (or almost always) speak English to my child,First,NA,1,NA,NA,1,N,N,N,N,N,N,N,R/W,R/W,R/W,N,N,N,N,N,N,N,N,N,N,R,N,N,N,N,N,N,N,N,N,R,N,R,N,N,N,N,N,N,R,N,N,N,N,N,N,N,N,N,N,N,N,N,N,N,N,N,N,R/W,N,N,N,N,R,N,N,R,N,N,N,N,N,N,N,N,N,N,R/W,N,N,N,N,N,N,N,R,R,N,N,N,N,N,N,N,N,N,N,N,N,N,N,N,R,N,N,N,N,N,N,N,N,N,N,R,N,R,N,N,N,N,N,N,N,N,N,N,N,N,N,N,N,N,N,N,N,N,N,N,N,N,N,N,N,N,N,N,N,N,N,N,N,N,N,N,N,N,N,N,N,N,N,N,N,N,N,N,N,N,R,N,N,N,N,N,N,N,N,N,N,N,N,N,N,N,N,N,N,N,N,N,N,N,N,N,N,N,N,N,N,N,N,N,N,N,N,N,N,N,N,N,N,N,N,N,N,N,N,N,R/W,N,N,N,N,R,N,N,N,N,R,N,N,N,N,R/W,N,N,N,N,N,N,N,N,R/W,N,R,N,N,N,R/W,N,N,N,N,N,N,N,R/W,R/W,N,R/W,N,N,N,N,N,N,N,N,N,N,R,N,N,N,N,N,R,R,N,R,N,N,N,N,N,N,N,N,N,N,N,N,R,R/W,N,N,R,N,N,N,N,N,N,N,N,N,N,N,N,N,N,N,N,N,N,N,N,N,N,N,N,N,N,N,N,N,N,N,N,N,N,N,N,N,N,N,N,N,N,N,N,N,N,N,N,N,N,N,N,N,N,N,N,N,N,N,N,N,N,N,N,N,N,N,N,N,N,N,N,N,N,N,N,R,N,R,N,N,N,N,N,N,N,N,N,N,N,N,N,N,N,N,N,N,N,N,N,N,N,N,N,N,N,N,N,N,N,N,N,N,N,N,N,N,N,N,N,N,BL01UK01PL124,UKPL124,493,16.43333333,2021,gb
R_1JFQ9LVjFi9lSeE,Male,University degree or equivalent,University degree or equivalent,80,15,5,Turkish,Polish;80;,English;15;,Turkish;5;,85,10,5,NA,Polish,NA,10,7,2,Turkish ,I always (or almost always) speak Polish to my child,Other(s),Turkish ,3,6,10,Turkish ,I regularly speak a mix of Polish / English / other languages to my child,First,NA,1,NA,NA,4,R/W,R/W,R/W,R/W,R/W,R/W,R/W,R/W,R/W,R/W,R/W,N,N,N,N,R/W,R/W,R/W,R/W,R,R/W,N,R/W,R,R,R/W,R/W,R/W,R,N,N,R,R/W,R/W,R/W,R,R/W,R/W,N,R/W,R/W,R,R/W,R/W,R/W,R/W,R/W,R/W,R/W,R,N,R/W,R/W,R/W,R/W,N,N,R/W,N,R,R/W,R,R/W,R,R,R/W,R/W,R/W,N,R/W,N,R/W,N,R/W,N,R/W,R/W,R/W,R/W,R/W,R/W,R/W,R,R/W,R/W,R/W,R/W,R/W,N,R,R/W,R/W,R/W,R/W,R/W,R/W,R,R/W,R,N,R,R/W,R/W,R,R,R/W,N,N,R/W,N,R,R/W,R,R/W,R/W,R/W,R,R/W,R,R/W,R,R/W,N,R/W,R/W,R/W,R,R/W,N,R/W,N,R,N,N,N,R/W,N,R,N,R,N,R,R,R,R/W,R/W,N,R/W,N,R,R/W,N,N,R/W,N,R,N,N,R,R/W,R,N,N,R/W,N,N,R/W,N,R/W,R,R,R/W,R/W,R,R/W,N,N,R/W,N,R,R,R/W,N,R/W,R,N,N,N,R/W,R/W,N,R/W,N,N,N,R/W,R,N,N,N,R/W,N,R/W,R/W,R/W,R/W,N,R,N,R,R,R/W,N,R/W,R,N,R,R,R/W,R,R,R,R,R/W,N,R/W,R/W,R/W,R/W,R/W,R,R/W,R/W,R/W,R,N,R,R/W,R/W,R,R,N,R/W,R/W,R/W,R/W,R/W,R/W,R/W,R/W,N,R/W,R/W,R/W,R,N,R/W,R/W,R,R/W,R/W,N,R,R/W,N,R,R/W,R,R,R/W,R/W,R,R,R,R/W,R/W,R,R/W,R/W,R,R/W,R/W,N,N,R/W,R/W,R/W,R/W,R,R/W,R/W,R/W,R/W,R,R,R,R,R/W,R/W,R/W,R/W,R,R/W,R,N,R/W,R,R/W,R,R/W,R/W,R,R/W,R/W,R/W,R,R,R/W,R,R,R,R,R,N,R,R/W,R/W,R,R/W,R,N,N,R/W,R,R/W,R/W,R/W,R/W,R/W,R/W,R/W,N,R/W,R/W,R,R,R,R/W,R,R/W,R/W,R,R,R,N,R/W,N,R,N,R,N,R/W,N,R,R,R,R,R,R/W,N,R,R/W,N,R/W,R/W,R/W,R/W,R/W,R/W,R,R/W,R,R/W,R/W,R/W,R,R/W,R/W,R,R,R/W,R/W,R,R,R/W,R/W,R/W,R/W,R/W,R/W,R/W,R/W,R,R,R/W,R/W,R,R,R,R/W,R,R,R/W,R/W,R/W,R/W,R,R,BL01UK01PL125,UKPL125,1038,34.6,2021,gb
R_SBunsgu84DlbHfb,Male,Left school at 18 with A-Levels or equivalent,Left school at 16 with GCSE or equivalent,50,50,0,NA,Polish;50;,English;50;,,50,50,0,NA,Polish,NA,10,7,NA,NA,I always (or almost always) speak Polish to my child,Polish,NA,10,6,NA,NA,I always (or almost always) speak Polish to my child,Second,NA,2,NA,NA,2,R/W,R/W,R/W,R/W,R/W,R/W,R/W,R/W,R/W,R/W,R/W,R/W,R/W,R/W,N,R/W,R/W,R/W,R/W,R/W,R/W,N,R/W,R/W,R/W,R/W,N,R/W,R/W,R/W,R/W,R/W,R/W,R/W,N,R/W,R/W,R/W,R/W,R/W,R/W,R/W,R,R/W,N,R,R,R/W,R/W,R,R,R/W,R/W,R/W,R/W,R,R/W,R,R,R/W,R/W,R/W,R/W,R/W,R,R,R/W,R/W,R,R,N,R/W,R,N,N,R/W,R/W,R/W,R/W,R/W,R/W,N,R,R,R,R/W,R/W,R/W,R,N,R/W,R/W,R/W,R/W,R/W,R/W,R/W,R/W,R,R/W,R/W,R/W,R/W,R/W,R,R,R/W,R/W,R/W,R/W,R/W,R/W,R/W,R/W,R/W,R/W,N,R/W,N,R,R,R/W,N,R,R/W,R,R/W,R/W,N,R/W,N,R,N,N,N,R,R/W,N,N,R,N,R,R,R,R,R,R,R/W,R,R,R,R,R,R,N,R/W,N,R/W,R,R/W,R,R/W,R,R/W,R,R/W,R/W,N,R/W,R/W,R/W,N,R/W,R/W,R/W,N,N,R/W,R,R,R/W,R,R,R/W,R,N,N,N,N,R/W,R/W,R/W,R/W,R/W,N,R/W,R,R/W,N,N,R,N,R,R,R,R/W,N,R,R/W,R,N,R,R/W,R,R,R,R,R,R/W,R,R,R,R,R/W,R,R,R/W,N,R/W,R/W,N,N,N,R/W,N,N,N,R/W,N,R,N,R/W,R/W,N,R/W,R,R/W,R,R/W,R/W,R/W,R/W,R/W,R,R,R/W,R/W,R,R,R/W,R/W,N,N,R/W,R,R,R/W,N,N,R,R/W,R,R,R,N,R,R,N,N,R,N,N,R,R,R,N,N,R,N,R,R,R,R/W,R,R,R,R,N,R,R,N,N,R,N,N,R,R,N,R,R,R,N,R,N,R,N,R,R,R,N,R,R,R,N,R,R,N,R,R,R,N,N,R,N,R/W,R,R/W,R/W,R,R,R/W,R,R/W,R/W,R/W,R/W,R,R/W,R,R/W,R/W,R/W,R,N,R,R,R,R/W,R,R/W,R,R/W,R,N,N,R/W,N,N,R/W,N,R/W,R,N,R/W,N,R,R,R,R,N,N,N,N,N,N,N,N,R/W,N,N,N,R/W,N,N,R,R,R,R/W,N,R/W,N,N,R,R,R/W,R/W,R/W,R/W,N,N,N,N,R/W,N,N,R,N,R,BL01UK01PL126,UKPL126,826,27.53333333,2021,gb
R_2Blo251W1IArziL,Male,University degree or equivalent,University degree or equivalent,30,70,0,NA,Polish;30;,English;70;,,50,50,0,NA,Polish,NA,10,8,0,NA,I regularly speak both Polish and English to my child,English,NA,NA,10,0,NA,I always (or almost always) speak English to my child,First,NA,1,6,Always (or almost always) English,0,R/W,R,R,R,R,R,R,R,R,R,R/W,N,R,N,R,R,R,R,N,R,R,R,R,R,R,R,R,R,N,R,N,R,N,R,R,R,R,R,R,R,R,R,R,R,R,N,R,R,N,N,R,R,R,N,N,R,R,R,R,R,R,N,R,R,N,N,R,R,N,N,N,N,R,R,N,R,N,R,N,N,N,R,R,N,R,R,R,N,N,N,N,N,N,N,R,R,R,R,N,R,R,R,N,N,N,N,R,N,R,R,R,R,R,R,R,R/W,N,N,N,N,N,R,N,N,R,R,N,R,R,N,N,N,N,R,N,R,R,N,N,R,N,R,N,R,N,N,R,R,N,R,N,N,N,R,R,R,N,R,N,N,R,R,R,N,N,R,R,N,N,N,N,N,N,N,N,N,N,N,R,R,N,N,N,N,R/W,R,R,R,R,R,R,N,R,R,N,R,R,R,N,N,N,N,N,R,N,R,N,R,N,R,N,R,N,N,R,R,R,R,R,N,N,R,N,R,N,N,N,N,R,R,R,N,N,R,N,N,N,N,N,N,N,N,R/W,N,R,N,R,N,R,R,R,R,R,R/W,R,R,R,R,R,R/W,R,R,R,R,N,N,N,N,N,R,N,N,N,N,N,N,R,N,N,N,N,N,N,N,N,N,N,N,N,R,R,R,N,N,N,R,R,N,N,N,N,N,N,N,N,R,R,N,N,N,N,N,N,N,R,N,N,R,N,N,N,N,N,N,N,N,N,N,R,N,N,N,N,N,N,N,N,N,N,N,N,N,N,N,N,N,N,N,N,N,N,R,N,N,N,N,N,N,N,N,R,N,N,N,N,N,N,N,N,N,N,N,N,N,N,N,N,N,N,N,N,N,N,N,N,N,N,N,N,N,N,N,N,N,N,R,N,N,N,N,N,N,N,N,N,N,N,N,N,N,N,N,N,N,N,N,N,N,BL01UK01PL127,UKPL127,538,17.93333333,2021,gb
R_5zrSdJIYH3VNvax,Male,University degree or equivalent,University degree or equivalent,50,50,0,NA,Polish;50;,English;50;,,50,50,0,NA,Polish,NA,10,8,NA,NA,I regularly speak both Polish and English to my child,English,NA,3,10,NA,NA,I always (or almost always) speak English to my child,First,NA,1,13,Always (or almost always) English,1,N,R,N,R,N,R,R,R,R,R,N,N,N,N,N,R,N,R,N,R,R,N,N,N,R,R,N,N,N,R,N,N,R,N,R,N,R/W,N,R,N,N,N,N,N,N,N,N,R,R,N,N,N,R,N,N,N,R,N,R,N,N,N,R,N,N,N,R,R,N,N,N,N,N,N,N,R,R,N,N,N,N,R,R,N,N,R,R,N,N,N,N,N,N,N,N,R,N,N,R,N,N,N,N,N,N,N,N,N,N,N,N,N,N,N,N,N,N,N,N,N,N,N,N,R,R,N,R,R,R,R,N,N,N,N,R,R,N,N,N,N,N,R,N,N,R,N,R,N,N,N,N,N,N,N,N,N,N,R,N,R,R,R,N,N,N,R,N,N,N,R,R,N,N,N,N,N,N,R,N,R,R,N,N,R,R,N,N,N,N,N,N,N,N,N,N,N,N,N,N,N,N,N,N,N,N,N,N,N,N,N,R,N,R,R,N,N,N,N,N,N,N,N,N,R,N,R,N,N,R,R,R,R,N,R/W,N,N,N,N,N,N,N,N,R/W,N,R,R,R,N,R,R,N,R,R,R,N,R,R,R,N,R,R,N,N,R,N,N,N,N,N,N,N,N,N,N,N,N,N,R,N,N,N,N,N,N,N,N,N,N,N,N,N,N,R,N,N,N,N,N,N,N,N,N,N,N,N,N,N,N,N,N,N,N,N,N,R,N,R,N,N,N,N,N,N,N,N,N,N,N,N,N,N,N,N,N,N,N,N,N,N,N,N,N,N,N,N,N,N,R,N,N,N,N,N,N,N,N,N,N,R,N,N,N,N,N,N,N,N,N,N,N,N,R,N,R,N,N,N,N,R,N,N,N,N,N,N,N,N,N,N,N,N,N,N,N,N,N,N,N,N,N,N,N,N,N,N,N,N,N,N,N,N,N,N,N,N,N,N,N,BL01UK01PL128,UKPL128,404,13.46666667,2022,gb
R_2cA9mtd4N9aeKHw,Male,University degree or equivalent,University degree or equivalent,70,30,0,NA,Polish;70;,English;30;,,85,15,0,NA,Polish,NA,10,9,NA,NA,I always (or almost always) speak Polish to my child,English,NA,1,10,NA,NA,I always (or almost always) speak English to my child,Other,No siblings,1,NA,NA,,R,R,N,R,R,R/W,R/W,R,R/W,R/W,R/W,R,R,N,N,R,R,R,R,R,R,N,R,R,R,R,R,R,N,R,R,R,R,R,R,R,R,R,R,R,R,R,R,R,R,N,R,R/W,R/W,R/W,R,R,R,R,R,R,R,R,N,R,R,R,R,R,R,R,R,R,R,N,N,N,R/W,R,N,R,R,R/W,R,N,R,R,R,R,R,R/W,R,R,N,R,N,R,R,N,R,R,R,R,R,N,R,R,R,R,N,R,N,N,R,R,N,R,R,R,R,R,N,R,N,N,N,R,N,R,R,R,N,R,N,R,N,R,N,N,N,R,R,N,N,R,R,R,R,R,N,R,R,R,R,R,R,R,R,R,N,R,N,N,R,R,R,R,R,R,N,R,R,R,R,N,R,N,R,N,R,N,N,R,R,R,N,N,R,R,R,R,N,N,R,R,R,R,R,R,R,R,R,R,R,N,R,N,N,R,R,N,N,R,R,R,N,R,N,R,R,R,R,R,R,R,R,R,N,R/W,N,R,R,R,R,R,R,R,R,R/W,N,N,N,R,R,R,N,N,R/W,R,R,R,R/W,R,R,R,R,R/W,R,R,R,N,R/W,R,R,R/W,R,N,R,R/W,N,R,R,R,R,R,R,R,R,R,N,N,R,R,R,R,R,R,N,R,R,R,R,R,R,R,R,R,R,R,R,N,R,R,R,R,R,N,R,N,N,R,R,R,R,R,R,R,R,N,R,N,R,R,R,N,N,R,R,R,R,R,N,R,R,N,N,R,N,N,R,R,R,R,N,R,R,R,R,R,R,R,N,R,N,R,R,R,N,R,N,R,N,N,N,R,R,R,N,N,N,R,N,R,R,N,N,R,R,R,R,R,R,N,R,N,R,N,R,R,R,N,R,R,R,R,R,R,R,R,R,R/W,R,R,N,R,N,N,N,R,R/W,R,N,N,N,R,N,N,R,R,R,R,N,N,BL01UK02PL005,UKPL005,566,18.86666667,2020,gb
R_1Cx9OgICB5npDnA,Male,University degree or equivalent,University degree or equivalent,70,30,0,NA,Polish;70;,English;30;,,70,30,0,NA,Polish,NA,10,8,NA,NA,I regularly speak a mix of Polish/ English / other languages to my child,English,NA,2,10,NA,NA,I always (or almost always) speak English to my child,First,NA,1,NA,NA,,R/W,R/W,N,R/W,N,R/W,N,N,N,R/W,N,N,R,N,N,R,R,R/W,R,R,R,N,R,N,N,R,N,N,N,R,N,N,R,N,N,R,N,N,R,R,N,N,R,N,N,N,N,R,N,R,N,N,N,R,R,R,R,N,N,N,R,N,R,R,N,N,R,N,N,N,N,N,N,R,N,R,N,N,R,N,N,N,N,N,N,N,R,N,N,N,N,N,N,N,R,N,N,N,N,N,N,R,R,N,N,N,R,N,N,N,N,R,R,R,N,R,N,N,N,N,N,N,N,N,R,N,N,R,N,N,N,N,N,R,N,N,N,N,N,N,N,N,R,N,N,N,R,N,N,N,N,N,N,N,N,N,N,N,N,N,N,N,N,R,N,N,N,R,N,N,N,N,N,N,N,N,N,N,N,N,N,N,N,R,N,N,N,N,N,R,N,N,N,R,N,R,N,N,N,N,N,N,N,N,N,N,N,N,R,N,N,N,N,N,N,N,N,N,R,N,N,N,N,R,N,R,R,N,N,N,N,R,N,R,N,N,N,N,N,N,N,N,R,R,R,N,N,N,N,N,N,N,R,N,N,N,R/W,N,N,R,N,N,N,R,N,N,R,N,N,N,R,N,N,N,N,N,N,N,N,N,N,N,N,N,N,N,R,N,N,N,N,N,R,N,N,N,N,N,N,N,N,N,N,N,N,N,N,N,N,N,N,N,N,N,N,N,N,N,N,N,N,N,N,N,N,N,N,N,N,N,N,N,N,N,N,N,N,R,N,N,N,N,R,N,N,N,N,N,N,R,N,N,N,N,N,N,N,N,N,N,N,R,N,N,N,R,N,N,R,N,N,N,N,N,N,N,N,N,N,N,N,N,N,N,N,N,N,N,N,N,N,N,N,N,N,N,N,N,N,N,N,N,N,N,N,R,N,N,N,N,N,N,N,N,N,N,N,N,BL01UK02PL003,UKPL003,553,18.43333333,2020,gb
R_3madoCFIgWDoIPg,Male,University degree or equivalent,University degree or equivalent,30,70,0,NA,Polish;30;,English;70;,,30,70,0,NA,Polish,NA,10,8,0,NA,I regularly speak both Polish and English to my child,English,NA,2,10,0,NA,I always (or almost always) speak English to my child,First,NA,1,23,Always (or almost always) English,,R/W,R/W,R/W,R/W,R,R/W,R/W,R/W,R/W,R/W,R/W,R/W,R,N,N,R,R,R,R,R,R,N,R,R,R,R,R,R,N,R,R,R/W,R,R/W,R,R,R,R,R,R,R,R,R,R,R,N,R,R,R/W,R,R,R/W,R,R,R,R,R,R/W,R,R,R,N,R,R,R,R,R/W,R,R,N,R,R,R,R,R,R,R,R/W,R,R,N,R,R,N,R,R,R,R,R,R,R,R,R,R/W,R,N,R,R,R,R,R,R,R,R,N,N,R,N,R,R,N,R,N,R,R,R/W,R,R,R,N,N,R,N,R,R,R,N,R,R,R,N,N,N,R,N,R,R,N,N,R,R,R,R,R,R,R,R,R,N,R,R,R,N,R,N,N,N,N,R,R/W,R,R,R,R,N,R,R,R,R,R,R,R,R/W,N,N,N,N,N,R,R,N,R,N,R,R,N,N,N,N,R,R,R,R,R,N,R,N,R,N,N,R,N,N,R,N,R,N,R,N,R,R,R,R,R,R,R,N,R,R,R,R,R,R,R/W,N,N,N,N,R/W,R,R,N,N,R/W,N,N,N,N,N,R,N,N,R/W,N,R/W,R,R/W,R,R/W,R,R,R,R/W,R,R,R,R/W,R,R,R/W,R,R,R,R,R,R,R,R,R,R,R,R,R,R,N,N,R,R,R,R,R,N,R,R,N,R,R,R,N,R,R,R,R,N,R,N,R,N,N,N,N,N,R,N,N,R,R,N,R,R,R,N,R,N,R,N,R,R,N,N,R,R,R,N,R,R,N,R,R,N,N,N,R,N,R,N,R,R,N,R,R,N,R/W,R,R,R,R,R,R,R,R,R,N,N,N,N,N,N,N,N,R,R,N,N,N,N,N,R,R,N,N,R,R,R,N,R,N,N,R,N,N,N,N,R,N,R,N,N,N,N,N,R,N,N,N,R,R,N,N,R,R,R,R,N,R,R,R,R,N,N,N,N,R,N,R,N,N,R,BL01UK02PL004,UKPL004,726,24.2,2020,gb
R_2czHU5IzKD9TnrM,Female,University degree or equivalent,University degree or equivalent,40,58,2,Italian,Polish;40;,English;58;,Italian;2;,40,60,0,NA,Polish,NA,10,8,NA,NA,I always (or almost always) speak Polish to my child,English,NA,9,10,NA,NA,I always (or almost always) speak English to my child,First,NA,1,12,Always (or almost always) English,,R/W,N,N,R/W,R/W,R/W,R,R/W,R/W,R/W,N,R/W,N,N,N,R,R,R/W,N,N,R,N,R,N,N,N,N,R,N,R,N,R/W,R,R,R,N,N,N,N,N,N,N,N,N,N,N,N,R,N,N,N,N,R,N,R,N,R,R,R,R,R,R,R,R,R,R,R/W,R,R,N,N,R,N,N,N,R,N,R/W,R/W,N,R,R,N,N,N,R,R,R,N,N,N,N,R,N,R/W,R,N,R,N,N,R,R,R/W,N,N,N,R,N,R,N,N,R/W,R,R,R,R/W,N,N,N,N,N,R,N,R,R,R,N,R,N,R,R,N,N,N,N,N,N,N,N,R,R,R,R,R,N,N,N,N,R,R,N,R,N,R,N,N,N,R,R,R,N,N,R,N,N,N,N,R,R,N,R,N,R,N,N,N,N,R,R,N,N,N,R,R/W,N,N,N,N,R,N,N,N,N,N,N,R,N,N,N,N,N,N,R,R,R,N,N,N,N,R,N,R,R,R,R,N,N,N,N,N,N,N,N,R,N,N,N,N,R,R,R,N,N,R/W,N,N,N,N,N,N,N,N,R/W,N,R/W,R,R/W,N,R/W,R,R,R,R/W,R,R,R,R,R,R,R/W,R,N,R,R,N,R,R,R,N,R,R,R,N,R,N,N,R,R,R,R/W,R,R,R,R,R,R,R,R,R,R,R,R,R/W,N,R,R,R,R/W,R,R,R,R,N,N,N,R,R,N,R,R,R,N,N,N,R/W,N,R,R,R,R,N,N,N,N,R,N,N,R,R,N,N,N,N,R,R,N,R,R,N,N,N,N,R,N,N,N,N,N,N,R,R,N,N,R,N,N,N,N,N,N,N,R/W,N,N,N,N,N,N,R,N,N,N,N,R,R,R/W,R,R,R,N,N,N,N,N,N,N,R,R,N,N,R/W,R,N,R,R,R/W,R,R,N,N,R,R,N,N,N,R/W,N,N,N,R,N,N,R,N,R,N,N,N,BL01UK02PL007,UKPL007,825,27.5,2020,gb
R_2zNONGP9ep5rBJi,Female,Left school at 18 with A-Levels or equivalent,Left school at 18 with A-Levels or equivalent,50,50,0,NA,Polish;50;,English;50;,,50,50,0,NA,Polish,NA,10,8,NA,NA,I regularly speak both Polish and English to my child,English,NA,1,10,NA,NA,I always (or almost always) speak English to my child,Second,NA,2,NA,NA,,N,N,N,N,N,N,N,N,N,N,N,N,N,N,N,N,N,R,N,N,N,N,N,N,N,N,N,N,N,N,N,N,N,N,N,N,N,N,N,N,N,N,N,N,N,N,N,N,N,N,N,N,N,N,N,N,N,N,N,N,R,R,N,R,N,R,N,R,N,N,N,N,N,N,N,N,N,R,R,N,N,N,N,N,N,R,R,N,N,N,N,N,N,N,R,R,N,R,N,N,R,R,N,R,N,N,N,N,R,N,N,N,N,R,N,R,N,N,N,N,N,R,N,N,R,R,R,R,N,R,N,N,N,N,N,R,R,N,N,N,N,R,R,N,R,N,N,N,N,R,N,N,N,R,N,N,N,R,N,R,N,N,N,N,N,N,N,N,R,N,R,N,N,N,N,N,N,N,N,N,N,N,N,N,R,N,N,N,N,R,N,R,N,N,N,R,N,N,N,N,N,N,N,N,N,N,N,R,N,N,N,N,N,N,N,N,N,N,N,N,N,N,N,R,N,N,N,N,N,N,N,N,N,R,N,N,N,N,N,N,N,N,N,N,R,N,N,R,R,N,N,R,R,R,N,N,R,R,R,R,N,N,R,R,N,R,N,N,N,N,N,N,R/W,N,N,N,N,R,N,R,N,N,R,N,N,R,N,R,R,R,R,R,R,N,N,R,N,N,R,R,N,N,N,N,N,R,N,N,N,R,N,N,N,N,R,N,N,R,R,R,N,N,N,N,N,N,N,N,R,R,N,N,R,N,N,N,N,N,N,N,N,N,R,N,N,N,N,N,N,N,R,N,N,N,N,N,N,N,N,N,N,N,N,N,N,N,N,N,N,N,N,N,N,R,N,R,N,N,R,N,N,N,N,N,N,N,N,R,N,N,R,N,N,N,R,N,N,N,N,N,R,R,N,N,R,R,N,N,N,N,N,N,N,N,N,N,N,N,BL01UK02PL012,UKPL012,459,15.3,2020,gb
R_3qQERrhQ0lRmjmE,Male,University degree or equivalent,NA,40,60,0,NA,Polish;40;,English;60;,,50,50,0,NA,Polish,NA,10,9,NA,NA,I always (or almost always) speak Polish to my child,English,NA,NA,10,0,NA,I always (or almost always) speak English to my child,Second,NA,2,8,Always (or almost always) English,,N,R/W,R,R/W,R/W,R/W,R/W,R/W,R/W,R/W,R/W,R/W,R/W,R/W,R/W,R/W,R/W,R/W,R,R,R/W,N,R,R/W,R/W,R/W,R,R/W,R,R/W,R,R/W,R/W,R/W,R/W,R,R,R/W,R/W,R/W,R,R/W,R,R/W,R/W,N,R/W,R,R/W,N,R,R,R,R,R,N,R,R,R,R,R,R/W,R/W,R,N,N,R/W,N,R/W,N,R/W,R,N,N,N,R/W,R/W,R,R/W,R,R,R,R,R,N,R/W,R/W,R,R,R,R,R,R,N,R,R,R,R,R,N,R,R/W,R/W,R,N,R,R,N,R,R,N,R,R,R,N,R/W,N,N,R,N,N,R,N,R,R,R,N,R/W,N,R,R,N,N,R,N,R,N,R,N,R/W,N,N,R,R,R,R,R,R,N,R,N,N,N,R,N,R,N,N,R,R/W,R,R,N,N,N,R/W,R,N,R/W,R,R,N,N,N,N,N,N,N,N,R,N,N,R,R,R,R,R,R,N,R/W,R,N,R/W,R,N,R/W,N,R,N,N,R,N,N,R,N,R,N,R,N,R/W,N,R/W,N,R,R,R,N,R,R,R,N,N,N,R/W,R,N,R,N,R/W,R,N,R,N,R/W,N,N,N,R/W,N,N,N,R,R/W,N,R/W,R,R/W,R,R,N,R,R/W,R,R,N,R,R/W,R,R,R/W,R/W,R,R,R/W,N,R,R,N,R,R,R,R,N,N,N,N,N,R/W,R,R/W,R/W,N,R,R,N,R,R,R,N,R,R,R/W,R/W,R,N,N,N,R,R,R,R,R,R,N,N,R,R,N,R,R,R,R,R,N,R,N,R,R,N,N,R,R,N,N,N,R/W,N,R,R,N,N,N,N,R,N,N,R,R,R,N,N,N,R,R,R,N,N,N,R,R,R/W,R,R,N,N,R,N,R,N,N,N,R,N,N,N,N,N,N,N,N,N,N,N,R,N,R,N,N,R,N,N,N,N,R,R,N,R,N,R,R,N,R,N,R,R,R/W,R,N,N,N,R/W,R,N,R,R/W,R/W,N,N,N,R,N,N,R,R,R,N,N,N,BL01UK02PL006,UKPL006,696,23.2,2020,gb
R_1CvEAzxczUbKZN6,Male,University degree or equivalent,Left school at 18 with A-Levels or equivalent,0,60,40,NA,Polish;0;,English;60;,Other;40;,70,30,0,NA,Polish,NA,10,8,NA,NA,I always (or almost always) speak Polish to my child,Polish,NA,10,9,NA,NA,I always (or almost always) speak Polish to my child,Third,NA,3,NA,NA,,R/W,R/W,R/W,R/W,R/W,R/W,R/W,R/W,R/W,R/W,R/W,R/W,N,N,N,R,R,R/W,R,R,R,N,R,R/W,R,R/W,R,R,R,R,R,R,R/W,R/W,R,R,R,R,R,R,R,R,R,R,R,R,R,R/W,R,R,R,R,N,R,R,R,R,R,R,R,R,N,N,R,R/W,R,R/W,R,R,R,R,R,R,R,R,R/W,R,R,R,R,R,R,R/W,N,R,R/W,R,R,R,R,R,R,R/W,R,R,R,N,R/W,R/W,N,R,R/W,R/W,R,R,R,N,R,R,R,N,R/W,R/W,R,N,R/W,N,R,N,R/W,N,R,N,R,R,R,R,R,N,R,N,N,N,N,N,R/W,N,N,N,R,R/W,R/W,R,R,R,R,R/W,R,R/W,R,R,R,R/W,R,R/W,R/W,N,N,R/W,R/W,R/W,R,R,R/W,R,R/W,R,N,R,R/W,R,N,R,N,R,N,R,R,R,R/W,N,R/W,N,R,R,N,N,N,R,R,R,N,R,R/W,R,R,N,R,R,N,R,N,N,N,N,R,N,N,R/W,N,N,R,N,R,R,N,N,R,R,R,N,N,N,R/W,R,R,R/W,R,R/W,R,R,R,R,R/W,N,N,N,R/W,R,N,N,R,R/W,R,R/W,R,R/W,N,R/W,R,R,R/W,N,R,R,N,R/W,R,R,R/W,R,R,R,R/W,N,R,N,N,R,R,R,R,R,R,N,R,R/W,R,R,R/W,R,N,N,N,N,N,R,R/W,N,R,R/W,R/W,N,R,R,N,R,R,R,R,R/W,N,R,N,N,N,R,N,R,R,R,R,R,R,R/W,N,R,R/W,R,N,R,R,R,R,R,R,R,R,R,R,N,N,R,N,R,N,R,R,N,R,N,N,R,R,R,N,N,R,N,R,R/W,R,R,N,N,R,R,R,R,R,R,R,N,N,N,R/W,R,R,R,N,R,R,R,R/W,R,R,R,N,R,R,R,N,N,R,R,R,N,R/W,N,N,R,R,N,N,R,R/W,R,R,N,N,R/W,R,N,N,R/W,R/W,N,N,N,N,N,N,R/W,R,R,R,N,N,BL01UK02PL018,UKPL018,901,30.03333333,2020,gb
R_6ihwhEQRygWbWtX,Male,University degree or equivalent,University degree or equivalent,80,20,0,NA,Polish;80;,English;20;,,90,10,0,NA,Polish,NA,10,7,NA,NA,I always (or almost always) speak Polish to my child,Bilingual Polish and English,NA,10,10,NA,NA,I always (or almost always) speak English to my child,First,NA,1,27,Always (or almost always) English,,R/W,R/W,R/W,R/W,R/W,R/W,R/W,R/W,R/W,R/W,R/W,R/W,R/W,R/W,R,R/W,R/W,R/W,R/W,R/W,R/W,R,R/W,R/W,R,R/W,R/W,R/W,R/W,R,R/W,R/W,R/W,R/W,R/W,R/W,R/W,R/W,R/W,R/W,R/W,R/W,R/W,R/W,R/W,R/W,R/W,R/W,R/W,R/W,R/W,R/W,R,R/W,R/W,R/W,R/W,R/W,R/W,R/W,R/W,R/W,R/W,R/W,R/W,R/W,R/W,R/W,R/W,R/W,R/W,R,R,R/W,N,R/W,R/W,R/W,R/W,R/W,R/W,R/W,R/W,R/W,R/W,R/W,R/W,R,R/W,R,R/W,R/W,R/W,R,R/W,R/W,R,R/W,R/W,R/W,R/W,R/W,R/W,R/W,R,R/W,R/W,R/W,R/W,R/W,R/W,R/W,R/W,R/W,R/W,R/W,R,R/W,R/W,R/W,N,R/W,R/W,R/W,R/W,R/W,R/W,R/W,R/W,R/W,R/W,R/W,R,R,N,R/W,R/W,R/W,N,R/W,R/W,R/W,R/W,R/W,R/W,R/W,R/W,R/W,R/W,R/W,R/W,R/W,R/W,R/W,R/W,R/W,R/W,R/W,R/W,R/W,R/W,R/W,R/W,R/W,R/W,R/W,R/W,R/W,R/W,R/W,R,R,R/W,R/W,R/W,N,R,R/W,R/W,R/W,R/W,R/W,R/W,R/W,R/W,R,R,R,R/W,R/W,R/W,R/W,R/W,R/W,R/W,R/W,R/W,R,R/W,N,R/W,R,R/W,R/W,R,R/W,R,R/W,R/W,R/W,R/W,R/W,R/W,R/W,R/W,R/W,R,R/W,R/W,R/W,R/W,R/W,R/W,R/W,R,R/W,R/W,R/W,R/W,R/W,R/W,R/W,R/W,R/W,R,R,R/W,R/W,R/W,R/W,R,R,R/W,R/W,R/W,R/W,R/W,R/W,R/W,R/W,R/W,R/W,R/W,R/W,R/W,R/W,R/W,R/W,R/W,R/W,R/W,R,R/W,R/W,R,R/W,R/W,R/W,R/W,R/W,R/W,R/W,R/W,R/W,R/W,R/W,R/W,R/W,R/W,R/W,R/W,R/W,R/W,R/W,R/W,R/W,R/W,R/W,R/W,R/W,R/W,R/W,R/W,R/W,R/W,R/W,R/W,R/W,R/W,R/W,R/W,R/W,R/W,R/W,R,R/W,R/W,R/W,R/W,R/W,R/W,R/W,R/W,R,R/W,R,R/W,R/W,R/W,R,R/W,R/W,R/W,R,R/W,R/W,R/W,R/W,R/W,R,R/W,R/W,R/W,R/W,R/W,R/W,R/W,R/W,R/W,R/W,R/W,R/W,R/W,R/W,R/W,R/W,R/W,R/W,R/W,R/W,R/W,R/W,R/W,R/W,R,R/W,R,R/W,R,R/W,R/W,R/W,R/W,R/W,R/W,R/W,R/W,R/W,R/W,R/W,R/W,R/W,R/W,R/W,R/W,R/W,R,R,R/W,R/W,R/W,R,R,R/W,R/W,R/W,R/W,R/W,R/W,R/W,R/W,R/W,R/W,R/W,R/W,R/W,R/W,R/W,R/W,R/W,R/W,R/W,R/W,R/W,R/W,R/W,R/W,R/W,R/W,R/W,R/W,R,R/W,R/W,R/W,R/W,R/W,R,BL01UK02PL015,UKPL015,906,30.2,2020,gb
R_1FlXBQAIQkBTwee,Male,University degree or equivalent,Left school at 16 with GCSE or equivalent,40,60,0,NA,Polish;40;,English;60;,,45,55,0,NA,Polish,NA,10,9,3,Russian,I always (or almost always) speak Polish to my child,English,NA,0,10,NA,NA,I always (or almost always) speak English to my child,First,NA,1,NA,NA,,R,R,R/W,R/W,R,R/W,R,R/W,R,R/W,R/W,R/W,R,R,N,R/W,R/W,R/W,R/W,R,R/W,N,R,R,R/W,R/W,R/W,R/W,R,R/W,R,R/W,R/W,R/W,R/W,R/W,R/W,R,R,R/W,R,R,R,R/W,R/W,R,R,R/W,R/W,R,R/W,R/W,R/W,R/W,R/W,R,R/W,R,R,R,R/W,R/W,R/W,R,N,R,R/W,R,R/W,N,R,R,R,R,R,R,R/W,R/W,R,R,R,R,R,R,R,R/W,R/W,R/W,R,R,R/W,R/W,R,R,R,R/W,R,R/W,N,N,R/W,R/W,R/W,R,R,R,R,R,R/W,R,N,R/W,R/W,R/W,R/W,R/W,N,N,R,N,N,R,R,R,R,R,N,R,N,R,N,N,N,N,N,R,R,R,N,R,R,R,R,R,R,R,R,R,R,R,R,R,N,R,R,R,N,R,R,R/W,R,R,R,R,R,R,R/W,R,R,R,R,N,R,R,R,N,N,R,N,R,R,R,N,R/W,R,N,N,N,R,R,R,R,R,R,R/W,R,N,R,R,N,R,N,R,R,R,R,N,R,R,R,R,R,R,R,R,R,R,R,R/W,R/W,R,R,R,R/W,N,R,R/W,R/W,R/W,R/W,R,R,R,R/W,N,N,R,R/W,R/W,R/W,N,N,R/W,N,R/W,R,R,R,R/W,R,R,R/W,R/W,R,R,N,R/W,R,R,R/W,R,N,R,R/W,R,R,R,R,R,R,R/W,R,R,R,R/W,R/W,R/W,R/W,R/W,R,R,R,R/W,R/W,R,R/W,R,R/W,R,R,R,R,R,R,R,R,R,R,R,R,R,R,R,R,R,R,R,R,R,R,R,R,R,R,R/W,R,R,R/W,R,R,R,R,R,R,R,R,R,R,R,R,R,R,R,R,R,R,R,R,R,R,R,R,R,R,R,R,R,R,N,R/W,R/W,N,R,R,N,R,R,R,R,R,R,R,R,R,R,R/W,R,N,R,R,R,R,R/W,R/W,R,R,R,N,R,R,R,N,R,R,R,N,R,R,R,R,R,R/W,R,R,R/W,R/W,R,R,R,R,R,R,R,R,R,R/W,R,R,R,R,R,N,N,R,R,R,R,R/W,BL01UK02PL017,UKPL017,863,28.76666667,2020,gb
R_1CyA1MSV1DTRK9x,Female,University degree or equivalent,University degree or equivalent,40,60,0,NA,Polish;40;,English;60;,,90,10,0,NA,Polish,NA,10,5,0,NA,I always (or almost always) speak Polish to my child,Polish,NA,10,7,NA,NA,I always (or almost always) speak Polish to my child,First,NA,1,25,Always (or almost always) English,,R/W,R/W,R/W,R/W,R/W,R/W,R/W,R/W,N,R/W,R/W,R/W,N,N,N,R/W,N,R/W,N,N,N,N,R/W,N,R/W,R/W,N,R/W,N,R/W,N,R/W,R/W,R/W,R/W,N,R/W,N,R/W,R/W,N,R/W,R/W,R/W,N,N,R/W,N,R/W,R/W,N,R/W,R/W,R/W,R/W,R/W,R/W,R/W,R/W,R/W,R/W,N,R/W,R/W,N,N,R/W,R/W,R/W,R/W,R/W,R/W,R/W,R/W,N,R/W,R/W,R/W,R/W,R/W,R/W,R/W,R/W,R/W,R/W,R/W,R/W,N,R/W,R/W,N,R/W,R/W,R/W,R/W,N,N,R/W,R/W,R/W,R/W,R/W,R/W,R/W,N,R/W,N,R/W,R/W,R/W,R/W,R/W,N,R/W,R/W,R/W,R/W,R/W,R/W,R/W,N,R/W,N,N,R/W,R/W,R/W,R/W,N,N,R/W,R/W,N,N,R/W,R/W,R/W,R/W,N,R/W,R/W,R/W,R/W,R/W,R/W,R/W,R/W,R/W,R/W,R/W,R/W,R/W,R/W,R/W,R/W,R/W,R,R/W,R/W,N,R/W,R/W,R/W,R/W,R/W,N,R/W,N,R/W,R/W,N,N,R/W,R/W,R/W,N,N,R/W,N,N,N,N,N,R/W,R/W,N,R/W,R/W,R/W,R/W,R/W,R/W,R/W,R/W,R/W,R/W,R/W,R/W,N,N,R/W,R/W,N,R/W,R/W,R/W,N,R/W,R/W,R/W,R/W,R/W,R/W,R/W,R/W,R/W,R/W,N,R/W,R/W,N,R/W,N,R/W,N,R/W,R/W,R/W,R/W,N,R/W,R/W,R/W,R/W,N,N,N,R/W,R/W,R/W,N,N,R/W,N,R/W,N,R/W,R/W,R/W,R/W,R/W,R/W,N,N,R/W,R/W,R/W,R/W,R/W,R/W,R/W,R/W,R/W,R/W,R,R/W,R/W,R/W,R/W,R/W,R/W,R/W,R/W,R,R/W,R/W,R/W,R/W,R/W,R/W,R/W,R/W,R/W,R/W,R/W,R/W,R/W,R/W,R/W,R/W,R/W,R/W,R/W,R/W,R/W,R/W,R/W,R/W,R/W,R,R/W,R/W,R/W,N,R/W,R/W,R/W,R/W,R/W,R/W,R/W,R/W,R/W,R/W,R/W,R/W,R/W,R/W,R/W,R/W,R/W,R/W,R/W,N,R/W,R/W,R/W,R/W,R/W,R/W,N,N,R/W,R/W,R/W,R/W,R/W,R/W,R/W,N,R/W,N,R/W,R/W,R/W,R/W,R/W,R/W,N,R/W,R/W,N,R/W,N,N,R/W,R/W,N,N,R/W,R/W,R/W,N,N,N,R/W,N,N,R/W,N,N,R/W,N,R/W,R/W,R/W,N,R/W,R/W,R/W,R/W,R/W,R/W,R/W,R/W,R/W,R/W,R/W,N,N,R/W,R/W,N,N,R/W,N,R/W,R/W,R/W,R/W,R/W,R/W,R/W,R/W,R/W,R/W,R/W,R/W,R/W,R/W,N,N,N,N,R/W,N,N,N,BL01UK02PL001,UKPL001,934,31.13333333,2020,gb
R_zYXgy5oKI2bBeNj,Male,University degree or equivalent,Left school at 18 with A-Levels or equivalent,60,40,0,NA,Polish;60;,English;40;,,70,30,0,NA,Polish,NA,10,6,NA,NA,I always (or almost always) speak Polish to my child,Polish,NA,10,6,NA,NA,I always (or almost always) speak Polish to my child,First,NA,1,17,Always (or almost always) English,,R,R,R/W,R,R,R,R,R,R/W,R,R/W,N,R/W,N,N,R,R,R,R,N,R,R,R,R,N,R,R,R,N,R,N,R,R,N,R,R,R,R,N,N,R,R,R,R,N,R,N,R,R,R,R,R,R,R,R,R,R,R,R,R,R,N,R,R,R,R,R,R,N,N,R,N,N,R,N,R,R,R/W,N,N,N,R,R,N,N,R,R,N,R,R,N,R,N,N,R,R,R,R,N,N,R,R,R,R,N,R,R,N,R,N,N,R,N,R,R,R,N,N,N,N,N,R,N,N,R,N,N,R,N,R,N,R,N,N,R,R,R,N,N,R,R,R,R,R,N,R,R,R,N,R,R,N,R,R,R,R,N,N,R,R,R,R,R,N,N,N,R,N,R,R,N,N,N,N,N,N,R,N,N,R,N,R,N,R,R,N,N,R,R,R,R,R,R,R,N,R,R,R,N,N,R,N,R,R,N,R,N,R,R,R,N,R,R,R,N,N,N,R,R,R,R,R,N,N,N,R,N,N,N,R,R,R,N,R,N,R,N,N,N,N,N,N,R,R,R,N,R,N,N,R,R,N,R,R,N,R,R,N,N,R,N,N,N,N,N,R,N,R,R,N,N,R,N,R,N,R,R,R,R,R,N,N,R,R,N,N,N,R,N,R,R,R,R,N,N,N,N,N,R,R,R,N,N,N,N,R,N,N,R,R,R,N,R,R,R,N,R,R,N,N,N,R,R,N,R,N,N,R,R,N,N,N,N,R,R,N,R,R,R,N,R,N,N,R,R,N,N,R,R,R,R,N,N,N,N,N,N,R,N,N,N,N,N,N,N,N,N,N,R,N,N,R,N,N,N,N,N,N,N,N,R,R,R,N,N,R,R,N,N,N,N,R,N,N,N,N,R,N,R,N,R,R,N,R,R,R,N,N,N,N,N,N,R,N,R,N,R,N,BL01UK02PL019,UKPL019,578,19.26666667,2021,gb
R_W7Kv2NzRSokYSxX,Female,University degree or equivalent,University degree or equivalent,25,75,0,NA,Polish;25;,English;75;,,90,10,0,NA,Polish,NA,10,7,NA,NA,I always (or almost always) speak Polish to my child,Polish,NA,10,6,NA,NA,I always (or almost always) speak Polish to my child,First,NA,1,1,Always (or almost always) English,,R/W,R/W,R/W,R,R,R/W,R/W,R/W,R/W,R/W,R/W,R/W,N,N,N,R,R,R,R,R,R,N,R,R,R,R/W,R,R,R,R,N,R,R,R,R,R,R,R,R,R,R,R,R,R,R,R,R,R,R,R,R,R,R,R,R,N,R,R,R,R,R,R/W,R/W,R,R,R,R,R,R,N,R,N,N,N,N,R,R/W,R/W,N,N,N,R,R,N,N,R,R,N,R,R,R,R,R,R,R,R,R,R,R,R,R,R,R,R,R,N,R,N,R,R,R,R,R,R,N,R,R,R,R,R,N,R,N,R,R,R,N,R,R,R,N,N,N,R,N,R,R,R,N,R,N,R,R,R,R,R,R,R,N,R,R,R,N,R,R,R,N,N,N,R,R,R,R,R,N,R,N,N,N,R,R,R,R,N,N,N,R,N,N,R,R,N,N,R,R,N,N,N,R,N,N,N,N,R,N,N,N,R,N,N,N,N,R,N,N,R,R,R,R,R,R,N,N,R,N,R,R,R,R,N,N,R,N,R,N,N,N,N,R,R,R,N,N,R/W,N,N,N,N,N,N,N,N,R/W,N,R,N,N,N,N,R,R,R,R/W,R,R,R,R/W,R,R,R/W,N,N,R,R,N,N,N,N,N,R,R,R,N,R,N,R,R,R,R,R,R,R,N,R,N,R,N,R,N,R,R,R,R,N,R,N,N,N,N,R,N,N,N,N,N,N,R,R,R,R,R,N,N,N,R,N,R,R,R,N,R,R,N,N,R,N,R,N,R,N,N,N,N,N,N,N,R,R,N,R,N,N,R,N,R,R,R,R,N,R,R,R,N,N,N,N,N,R,R,R,R,R,R,N,N,R,N,R,R,N,N,N,R,N,N,R,N,N,R,N,N,N,N,N,N,N,N,N,N,N,N,N,N,N,N,N,N,N,N,N,N,N,N,N,N,N,N,N,N,N,N,N,N,N,R,N,N,N,BL01UK02PL030,UKPL030,668,22.26666667,2021,gb
R_CksejhyKB8VKI5H,Male,Left school at 18 with A-Levels or equivalent,Left school at 18 with A-Levels or equivalent,30,70,0,NA,Polish;30;,English;70;,,30,70,0,NA,Polish,NA,10,6,NA,NA,I always (or almost always) speak Polish to my child,English,NA,1,10,NA,NA,I always (or almost always) speak English to my child,Second,NA,2,NA,NA,,R/W,R/W,R/W,R/W,N,R/W,R/W,R/W,R/W,R/W,R/W,R/W,N,N,N,R,R,R,R/W,N,R,N,N,N,R,R,N,N,N,N,N,N,R,N,N,N,R,N,N,R,N,N,N,N,N,N,N,R,R,N,N,N,R,R,R,N,R,R/W,R,R,R,R,R,R/W,R,R,R/W,N,N,N,N,N,N,N,N,R,R,R/W,N,N,R,N,N,N,N,R/W,N,N,N,N,R,N,R,N,R/W,R,N,R,N,N,R,N,R,N,N,N,R,N,N,N,N,R,R,R,N,R/W,N,N,R,N,N,R,N,R,N,R,N,R,N,R/W,N,N,N,N,N,R,R,N,N,R,N,R,R,R,R,R/W,R,R,N,R,R,R,N,R,N,R,N,N,R,R,R,R,R,R,N,N,R,N,R,R,R,N,N,N,N,N,N,N,N,R,R,R,N,R/W,R,N,N,R,R,R,R,R,R,R,N,R,N,R,N,N,R,N,N,R,N,R,N,R,R,R,N,R,N,R,R,N,N,R,N,N,R,R,N,R,N,R,R,N,R,R,R,R,R,R/W,N,N,N,R,R,N,N,R,R/W,R,R/W,N,R/W,N,R/W,R,N,R,R/W,R,R,R,R/W,R,R,R/W,R,N,R,R/W,N,R,R,R,N,R,R,R,N,R,N,N,N,N,R,R,N,N,R,N,N,N,N,R,N,R,R,R,R,N,N,N,R,R,R,R,N,N,R,N,N,R,R,R,R,R,R,R,R,R,R,N,R,R,R,R,N,R,R,N,R,R,N,R,R,R,R,R,R,R,R,N,R,R,R,N,N,R,R,R,N,R,N,N,R,R,R,N,R,N,N,R,N,N,N,N,N,N,N,N,N,R,N,N,R,N,N,N,N,R/W,R,R,R,R,R,N,N,N,N,N,N,N,R,R,N,N,N,N,N,N,N,N,N,N,N,N,R,R,R,N,R,R,R,N,N,N,N,N,R,N,R,N,N,R,BL01UK02PL027,UKPL027,573,19.1,2021,gb
R_3IWTAVj202tPncc,Male,University degree or equivalent,University degree or equivalent,30,70,0,NA,Polish;30;,English;70;,,40,60,0,NA,Polish,NA,10,9,NA,NA,I always (or almost always) speak Polish to my child,English,NA,NA,10,NA,NA,I always (or almost always) speak English to my child,Third,NA,3,13,Always (or almost always) English,,R/W,R/W,R/W,R/W,R,R/W,R/W,R/W,R/W,R/W,R/W,R/W,N,N,N,R,R,R,N,R/W,R,N,N,N,N,N,N,R,N,R,N,N,R,N,R,R,N,R,R,N,N,N,R,N,N,N,R,R/W,R,N,N,R,R,N,R,R,R,R/W,R,R,R,N,N,R/W,R,R,R,R,N,N,R,R/W,N,R/W,N,R,R/W,R/W,R/W,N,N,R,R,R/W,N,R,R/W,R/W,R,R,N,N,R/W,R,R,R,N,R,R,R,R,R/W,R/W,N,N,N,N,R,R,R,R,R,N,R,R,R/W,N,N,R,N,N,R,N,N,R,N,N,R,R,R,N,N,N,N,N,R,N,N,R,R,N,N,N,R,R,N,N,N,N,N,N,N,N,N,N,N,N,N,R,R,R,R,R,R,N,R/W,N,R,R,R,R,N,R,N,N,N,N,R,N,R,N,N,N,R,N,N,N,N,R,N,N,N,R,R,N,R,N,N,N,N,N,N,N,R,N,N,N,R,N,N,N,R,R,R,R,R,R,R,R,R,N,N,N,N,N,N,N,N,N,R,N,N,N,R/W,N,N,N,R/W,R/W,N,N,N,R/W,N,R/W,R,R/W,R,R/W,N,R,R/W,R/W,R,R,N,R/W,R,N,R/W,R,N,R,R/W,N,R,R,R,R,R,R,R,N,R,R,N,R,R,N,R,N,N,R,R,N,N,N,R,N,N,R/W,N,R/W,R/W,R,N,R,R,R,R,R,R,R,N,N,R,R,R,R,N,R,N,N,R,R,N,R,R,R,N,N,N,R,N,N,N,N,N,R,N,N,N,R,N,R,N,R,R/W,R,R/W,R,N,R,N,R,R,R,N,N,R,R,N,N,N,N,R/W,R,R,N,R,N,R/W,N,N,R,N,N,N,R,N,N,N,N,N,N,R,N,N,N,N,N,N,N,N,N,N,N,R,R,R,R,R,N,N,R,R,R,R,N,N,R,R,R,N,R,R/W,N,N,N,N,N,N,R,N,R,N,N,N,BL01UK02PL028,UKPL028,521,17.36666667,2021,gb
R_UhwNZF5fM1GwDjX,Female,University degree or equivalent,University degree or equivalent,10,85,5,Gujarati,Polish;10;,English;85;,Gujarati;5;,20,70,10,NA,Polish,NA,10,8,NA,NA,I always (or almost always) speak Polish to my child,English,NA,NA,10,6,gujarati,I always (or almost always) speak English to my child,First,NA,1,15,Always (or almost always) English,,N,R/W,R/W,R/W,R,R/W,R/W,R/W,N,R/W,N,N,R,N,N,R,R,R,R,R,R,N,R,R,R,R,N,R,N,R,R,N,R,N,R,N,R,N,R,R,R,R,R,R,N,N,R,R,N,N,N,N,R,R,N,N,R,N,R,R,R,R/W,R,R,N,R,R/W,R,R,N,N,N,N,N,N,R,R,R,N,N,N,N,N,N,N,R,R,R/W,N,N,N,R/W,N,R,N,N,N,N,N,N,N,N,N,N,N,N,N,N,N,N,N,N,N,N,N,R,R,N,N,N,N,R,N,N,R,N,N,N,N,N,N,N,N,N,N,R,N,N,N,R,N,R,R,R,R,R,N,R,R,N,R,N,R,R,N,N,N,N,R,R,N,R,N,N,N,R,N,N,N,N,R,N,N,N,N,N,N,N,N,R,R,N,N,N,N,N,N,R,N,N,N,N,N,N,N,R,N,R,N,N,N,N,N,N,N,R,N,N,N,N,N,N,R,N,R,R,N,N,R,N,N,N,N,R,N,N,R,N,N,N,R,N,N,R/W,N,N,N,N,N,N,N,N,R,R,R/W,N,R/W,N,R,R,R,R,R,R,R,R,R/W,R,R,R/W,R,R,R,R/W,N,R,N,N,N,R,R,N,N,R,R,R,N,R,R,R,N,N,N,N,N,N,R,N,N,N,R,R,R,N,N,N,R,R,R,R,N,N,N,N,N,R,R,N,N,R,N,N,R,N,R,N,R,R,N,N,N,N,N,N,N,N,N,N,N,N,N,N,N,N,N,N,N,N,N,N,N,N,N,N,N,N,N,N,N,N,N,N,N,N,N,N,N,N,N,N,N,N,N,N,N,N,N,N,N,N,N,N,N,N,N,N,N,N,R/W,N,N,N,N,N,N,N,N,N,N,N,N,N,N,N,N,N,N,N,N,N,N,N,N,N,N,N,N,N,N,N,N,N,R,N,N,N,N,N,BL01UK02PL029,UKPL029,601,20.03333333,2021,gb
R_1PUBeD3UEG9nkeB,Male,University degree or equivalent,University degree or equivalent,30,70,0,NA,Polish;30;,English;70;,,50,50,0,NA,Polish,NA,10,8,0,NA,I regularly speak both Polish and English to my child,English,NA,2,10,0,NA,I always (or almost always) speak English to my child,First,NA,1,24,Always (or almost always) English,,R/W,R/W,R/W,R/W,R/W,R/W,R/W,R/W,R/W,R/W,R/W,R/W,R,N,R,R,R,R,R,R,R,N,R,R,R,R,R,R,R,R,N,R/W,R,R/W,R,R,R,R,R,R,R,R,R,R,R,R,R,R/W,R/W,R,R,R/W,R,R,R,R,R,R/W,R,R,R,N,R,R,R,R,R/W,R,R,R,R,R,R,N,R,R,R/W,R/W,R,R,R,R,R,R,R,R/W,R/W,R,R,R,R/W,R/W,R,R/W,R/W,R,R,R,R,N,R,R,R/W,R,R,R,R/W,R,R,R,N,R,N,R,R,N,R,R,R,N,N,R,N,R,R,R,N,R,R,R,N,N,N,R,N,R,R,N,N,R,R,R,R,R,R,R,R,R,R,R,R,R,N,R,N,R,R,N,R,R/W,R,R,R,N,N,R,R,N,R,R,R,N,R,N,N,N,N,R,R,R,R,R,N,R,R,N,N,N,R,R,R,R,R,R,N,R,R,R,N,N,R,N,N,R,N,R,R,R,N,R,N,R,R,R,R,R,R,R,R,R,N,R,R,R/W,N,N,N,N,R/W,R,R,N,N,R/W,R,N,N,R,R,R,N,N,R/W,R,R/W,R,R/W,R,R,R,R,R,R,R,R,R,R/W,R,R,R/W,R,R,R,R/W,N,R,R,R,R,R,R,R,R,R,R,R,R,R,R,R,R,N,R,R,N,N,R,R,R,R,R,R,R,R,R,N,R,N,R,R,R,R,R,N,N,R,R,N,R,R,R,N,R,R,R,N,R,R,R,N,R,R,R,R,R,R,N,R,R,R,N,N,R,R,R,N,R,R,R,R,R,R,R/W,R,R,R,R,R,R,R,R/W,R,R,R,N,R,R,R,R,N,R,R,N,N,N,R,N,R,R,N,N,R,N,R,N,R,N,N,R,R,R,N,R,R,R,R,R,R,R,R,R,R/W,N,R,R,R,R,R,N,R,R,R,N,R,R,R,R,N,N,N,N,N,R,R,R,N,N,R,BL01UK03PL004,UKPL004,794,26.46666667,2021,gb
R_AMbpAWhj8tNo7Wp,Female,Left school at 18 with A-Levels or equivalent,Left school at 18 with A-Levels or equivalent,60,40,0,NA,Polish;60;,English;40;,,100,0,0,NA,Polish,NA,10,8,NA,NA,I regularly speak both Polish and English to my child,English,NA,1,10,NA,NA,I always (or almost always) speak English to my child,Second,NA,2,NA,NA,,R,R,N,R,N,N,N,N,N,N,N,N,N,N,N,N,N,N,R,N,N,N,N,N,R,R,N,N,N,N,N,N,R,N,N,N,N,R,N,R,N,N,N,N,N,N,N,R,N,R,N,N,N,R,N,N,N,N,N,R,R,R,R,R,N,N,R,R,N,N,N,N,N,N,N,N,N,R,R,N,N,N,N,N,N,R,R,N,N,N,N,N,R,R,R,R,N,R,R,N,R,R,R,N,N,N,N,N,R,N,N,R,N,R,R,R,N,N,N,N,N,R,N,N,R,R,N,R,N,R,N,R,N,N,N,R,N,N,N,R,N,R,R,N,R,R,N,N,N,R,N,N,N,R,N,R,N,N,N,R,N,N,R,N,N,N,R,N,R,N,R,N,R,N,N,N,N,N,R,N,N,N,N,R,R,N,N,N,R,N,R,N,R,N,N,R,N,R,N,N,N,N,N,N,N,R,N,R,N,R,N,R,R,N,R,R,N,R,R,R,N,N,N,R,N,N,N,N,N,R,N,N,N,R,N,N,N,N,N,N,N,R,R,N,R,R,N,R,R,N,N,R,R,R,N,N,R,R,R,R,R,N,R,R,N,R,R,R,N,R,R,N,R,N,N,N,N,R,R,R,N,N,R,N,N,R,N,R,N,N,R,R,R,N,N,R,N,R,N,R,N,N,N,N,N,R,R,R,N,R,N,N,N,N,R,N,N,R,R,R,N,N,N,N,N,N,N,N,R,N,N,N,N,N,N,N,N,N,N,N,N,N,N,N,N,N,N,N,N,N,N,N,N,N,N,R,N,N,N,N,R,N,N,N,N,N,N,N,N,N,N,N,N,R,N,R,N,N,R,N,N,N,N,N,N,N,N,N,N,N,R,R,N,N,R,R,N,N,N,N,R,R,N,N,R,R,N,N,N,N,N,N,N,N,N,N,N,N,BL01UK03PL012,UKPL012,527,17.56666667,2021,gb
R_s5XFrWhaxEwfzO1,Female,University degree or equivalent,University degree or equivalent,40,59,1,Italian,Polish;40;,English;59;,Italian;1;,40,60,0,NA,Polish,NA,10,8,NA,NA,I always (or almost always) speak Polish to my child,English,NA,9,10,NA,NA,I always (or almost always) speak English to my child,First,NA,1,12,Always (or almost always) English,,N,R,R/W,R,R,R,N,R/W,R/W,N,N,N,N,N,N,R,R,R,N,N,R,N,N,N,N,N,N,N,N,R,N,R,R,R,N,N,R,N,N,R,N,N,N,R,N,N,N,R,R,R,R,R,R,R,R,R,R,R,R,R,R,R,R,R,N,R,R,R,N,N,N,R,N,N,N,R,R,R/W,R,N,R,R,R,N,N,R,R/W,N,N,N,N,N,R,R,R,R,N,N,N,N,R,R,R/W,N,N,N,N,N,R,R,N,R/W,N,R,N,R/W,N,N,N,N,N,R,N,R,N,R,N,R,N,R,R,N,N,N,N,R,N,N,N,N,N,R,R,R,N,N,N,R,N,R,N,N,N,R,R,N,N,N,R,R,R,R,R,R,N,N,R,N,R,N,R,N,R,N,N,N,N,R,R,N,N,N,N,R,R,N,N,N,R,R,R,N,R,N,N,R,N,R,N,N,R,N,N,R,N,N,N,N,N,R,N,R,R,R,R,R,N,R,R,R,N,N,N,R/W,N,N,R,N,N,N,R,N,N,R/W,N,N,N,N,N,N,N,R,R/W,N,R,N,R,R,N,R/W,R,R,R/W,R,N,R,R,R,N,R/W,N,N,R,R/W,N,R,R,R,R,N,R,R,N,N,N,N,R,R,R,R,R,R,N,R,N,R,N,R,N,R,R,R,R/W,N,R,N,R,R,N,R,R,N,N,N,N,R,R,N,R,R,N,R,N,N,R,N,N,R,N,N,N,N,N,N,R,N,N,N,N,N,N,N,N,R,R,N,R,R,R,R,R,N,R,R,R,R,N,R,N,R,R,N,R,R,N,N,N,R,N,R,R,R/W,N,N,N,N,N,N,R,N,R,N,N,R,N,R,R,N,R,R,N,N,N,N,N,N,R,N,N,N,R,R,N,N,N,R/W,N,N,N,N,R,N,R,N,N,R,N,N,R,N,N,N,R,R,R,N,N,R,BL01UK03PL007,UKPL007,897,29.9,2021,gb
R_31QRtU0DeWeGh7P,Female,University degree or equivalent,University degree or equivalent,30,70,0,NA,Polish;30;,English;70;,,45,55,0,NA,Polish,NA,10,10,NA,NA,I always (or almost always) speak Polish to my child,English,NA,1,10,NA,NA,I always (or almost always) speak English to my child,Second,NA,2,9,Both Polish and English regularly,,R/W,R/W,R/W,R/W,N,R/W,N,R/W,R/W,R/W,R/W,N,N,N,N,R/W,R/W,R/W,R/W,R,R/W,N,R,N,R/W,R/W,R/W,R/W,N,R/W,R,R/W,R/W,N,R,R/W,R,R,N,R,R/W,N,N,R/W,N,N,R,R,R,R,R/W,R/W,R/W,R/W,R/W,R,R,R,R/W,R/W,R,R/W,R/W,R/W,R/W,R,R/W,R/W,R,N,R/W,R,R/W,R/W,N,R/W,R/W,R/W,R/W,R,R,R,R,R,N,R/W,R/W,R/W,N,N,R,R/W,R,R/W,R/W,R,N,R/W,R,N,R/W,R/W,R/W,N,N,R,N,N,R/W,N,R/W,R/W,R,R/W,R/W,R/W,N,N,R,N,N,R,N,R/W,R/W,R/W,R,R/W,N,R/W,N,N,N,N,N,R,R,N,N,R,N,R,N,R,N,R,R,R,N,R,R,N,N,R,N,N,N,N,R,R/W,R,R,R,R,N,R,R/W,R,R,R,R,N,R/W,N,R/W,N,N,R,R,R,R,R/W,N,R/W,R,N,N,N,R,N,R/W,R/W,R,N,N,R,N,N,N,R,R,N,R,N,N,R,N,R,N,R,N,R/W,N,R,R,N,N,N,R/W,N,R,R,R,R/W,N,N,R/W,R/W,N,R/W,R,R,N,R/W,N,N,N,N,N,N,N,N,R/W,N,R/W,R,R/W,R/W,R/W,R,N,R,R/W,R,R/W,N,R/W,R,N,R/W,R/W,N,R,R/W,N,R,N,N,R,R,R/W,N,N,N,N,N,R,R/W,R/W,R,N,R/W,R,R,R,R,N,R,N,N,R/W,R/W,R,R,R/W,N,R/W,R,R,R,R,N,R,N,N,R,R,N,R,N,R,R,R,N,R/W,N,R,R,R,N,N,N,N,N,N,R/W,N,R,R,N,N,N,R,R,R/W,N,R/W,R,R,N,R/W,R,R,R,N,R,R,R,N,R/W,R/W,N,N,N,N,R/W,N,R,N,R/W,N,R,N,N,N,R/W,N,N,R/W,R,N,R,N,R/W,R,R/W,R,N,R,N,N,N,N,N,R,N,R,N,R,N,N,R/W,N,N,R,R,R,R/W,N,N,R/W,R/W,R,N,R,R,N,N,R,R,N,N,R,N,R/W,R/W,N,N,BL01UK02PL021,UKPL021,853,28.43333333,2021,gb
R_2PB7E2WV0R81X4J,Male,University degree or equivalent,University degree or equivalent,40,60,0,NA,Polish;40;,English;60;,,40,60,0,NA,Polish,NA,10,8,NA,NA,I regularly speak a mix of Polish/ English / other languages to my child,English,NA,2,10,NA,NA,I always (or almost always) speak English to my child,First,NA,1,NA,NA,,R/W,R/W,R/W,R/W,N,R,R/W,R/W,R/W,R/W,N,N,N,N,N,R,R,R/W,R,R,R,R,R,N,N,R,R,R,N,R,N,R,R,N,R,R,R,N,R,R,R,N,R,R,N,N,N,R,R,R,R,R,R,R,R,R,R,N,R,R,R,R,R,R,R,N,R/W,N,N,N,N,N,N,R,N,R,R,R/W,N,N,N,R,R,N,N,N,N,N,N,N,N,R,N,N,R,N,N,R,N,R,R,R/W,R/W,R,N,N,N,R,R,R,N,R,R,R,R,R,N,N,N,N,N,R,N,N,R,R,N,R,N,R,N,N,N,N,N,R,R,R,N,R,N,N,N,R,N,N,R,R,N,R,R,N,N,N,N,N,N,N,N,R,R,R,N,R,N,R,R,R,N,N,N,N,N,N,N,N,R,N,N,R,R,N,R,R/W,N,N,N,N,N,R,R/W,N,R,R/W,N,R,R,R,N,N,R,N,N,N,N,N,N,R,R,N,N,N,N,N,R,N,R,R,R/W,R,N,N,N,R,N,R,R,N,R,R,R,R,N,R/W,N,N,N,R/W,R/W,N,N,N,R/W,R,N,N,N,N,N,N,N,N,R,R,N,N,R/W,R,N,R/W,N,N,N,R,N,R,R,N,N,N,R,R,N,N,N,N,R,R,R,N,N,N,R/W,N,N,N,R,R,N,N,R,R,R,N,N,N,R,N,R,N,N,N,N,N,N,R,N,N,N,R,R,N,R,N,N,N,N,N,N,N,N,N,N,N,R,R,N,N,R,N,N,N,N,N,R,N,R,R,N,N,R,N,R,R,N,N,N,R,N,R,R/W,N,N,N,N,N,N,R,N,N,N,N,N,R,N,R,N,N,R,N,N,N,N,N,N,R,N,N,R,N,N,N,N,N,N,N,N,R/W,N,N,N,N,N,N,N,N,N,N,N,N,R,N,N,N,R/W,R,N,N,N,N,N,N,R,N,R,N,N,N,BL01UK03PL003,UKPL003,644,21.46666667,2021,gb
R_1rdHDXkgV6kH2mV,Male,University degree or equivalent,Left school at 16 with GCSE or equivalent,40,60,0,NA,Polish;40;,English;60;,,50,50,0,NA,Polish,NA,10,9,3,Russian,I always (or almost always) speak Polish to my child,English,NA,0,10,NA,NA,I always (or almost always) speak English to my child,First,NA,1,30,Always (or almost always) English,,R/W,R/W,R,R/W,R/W,R/W,R,R/W,R/W,R/W,R/W,R/W,R,R,R,R/W,R/W,R/W,R,R/W,R/W,N,R,R,R,R/W,R,R,R,R/W,R,R/W,R,R/W,R,R/W,R/W,R/W,R/W,R/W,R/W,R,R,R/W,R/W,R,R,R/W,R,R,R/W,R/W,R/W,R/W,R/W,R,R/W,R/W,R,R,R/W,R/W,R/W,R/W,R,R,R/W,R,R/W,R,R/W,R,R,R,R,R/W,R/W,R/W,R/W,R,R/W,R,R,R,R,R/W,R/W,R/W,R,R,R/W,R,R,R,R/W,R/W,R,R/W,R,R,R/W,R/W,R/W,R,R,R,R/W,R,R/W,R,R,R/W,R,R/W,R/W,R/W,R,R,R,R,N,R,R,R,R/W,R,R,R,R,R,R,R,R,R,N,R,R,R,N,R,R,R,R,R,R,R/W,R,R,R,R,R,R,R,R,R,R,N,R,R/W,R/W,R/W,R,R,R/W,R/W,R,R,R,R,R,R,R,R,R,R,N,R,R,R,R/W,R/W,R/W,R,R/W,R,R,R,R,R,R/W,R,R,R,R/W,R/W,R/W,R,R,R,R,R,R,R,R,R,R,R,R,R,R,R,R/W,R,R,R,R,R,R,R/W,R/W,R,R,R,R/W,R,R,R/W,R/W,R/W,R/W,R,R,R,R/W,R,N,R,R/W,R/W,R/W,R,R,R/W,R,R/W,R,R,R,R,R,R,R/W,R/W,R,R,R,R/W,R,R/W,R/W,R,R,R,R/W,R,R,R,R,R,R,R,R,R,R,R,R,R/W,R/W,R/W,R,R,R,R,R/W,R,R/W,R,R/W,R,R,R,R,R,R,R,R,R,R,R,R,R,R,R,R,R,R,R,R,R,R,R,R,R,R,R/W,R,R,R/W,R,R,R,R,R,R,R,R,R,R,R,R,R,R,R,R,R,R,R,R,R,R,R,R,R,R/W,R,R,R,R/W,R,R/W,R/W,R,R,R,R,R/W,R,R,N,R,R,R,R,R,R,R/W,R,R,R/W,R,R,R,R/W,R/W,R,R,R,N,R,R/W,R,R,R,R/W,R,R,R,R/W,R,R,R,R/W,R,R,R,R/W,R,R,R,R,R/W,R,R,R,R,R/W,R,R,R,R,R,R,R,R,R/W,R,R,R,BL01UK03PL017,UKPL017,953,31.76666667,2021,gb
R_1Dxa8Bu9KmCcYga,Female,University degree or equivalent,Left school at 18 with A-Levels or equivalent,40,60,0,NA,Polish;40;,English;60;,,70,30,0,NA,Polish,NA,10,6,NA,NA,I regularly speak both Polish and English to my child,Polish,NA,10,7,NA,NA,I always (or almost always) speak Polish to my child,First,NA,1,NA,NA,,R/W,R/W,R,R,N,R/W,N,R/W,R,N,N,R/W,N,N,N,R,R/W,R/W,N,N,R/W,N,R,R,N,R,R,R,N,R,N,R,R,R,N,R,R,R/W,R/W,N,N,R,N,R,N,N,R,R,R,N,N,R,R,R,R,N,N,R,R,R,R,R,R,R,R,R,R/W,R,N,N,N,N,N,N,N,R,R/W,R,R/W,R/W,R,R/W,R,N,N,R/W,R,R/W,N,N,N,R,R,R,R/W,R,N,N,N,N,R/W,R/W,R/W,R,R,N,R/W,R,R,R/W,N,R,R,N,N,R/W,N,N,N,N,N,R/W,N,N,R,N,N,R/W,N,N,N,N,N,N,N,N,N,N,N,R/W,R,N,R,N,N,R,R,N,N,N,N,R,R,R,N,R,N,N,N,R/W,R,R,R,N,N,N,R,N,R,R,R,N,R,R,R,N,N,N,N,N,R,N,N,R/W,N,N,N,N,R,R,R,R,R,R,N,N,N,R,N,N,N,N,N,N,N,N,N,N,N,N,N,N,N,N,N,N,N,N,R,N,N,R,N,R,N,N,R,N,R,R,N,N,N,R/W,N,N,N,N,N,R,R,N,R/W,R,R,N,R,R,R/W,R,R,R,R/W,R/W,N,N,R,N,N,R,R,N,N,R,N,N,N,N,N,N,R,R,N,R,N,R,R,R,R,R,R,R,N,N,N,N,N,R,N,N,N,N,R,N,N,N,R,R,N,N,R,N,N,N,N,R,R,N,N,R,R,R,R,R,R,N,R,R,R,N,N,N,R,N,R,N,N,N,R,N,N,N,R,R,R,N,R,R,N,N,N,N,R,N,R,R,N,N,N,R/W,R,N,R,R,N,R,N,N,N,N,N,R/W,N,N,N,R,N,N,R,R,R,R,N,R,R,R,N,N,N,R,N,N,N,R,R,N,R,N,N,N,N,N,N,N,N,N,N,N,N,R,R,R,R,R,R,R,R,N,R,N,N,N,R,N,R,N,N,N,BL01UK02PL037,UKPL037,940,31.33333333,2021,gb
R_2fChqEGmE1ciwNM,Female,University degree or equivalent,Left school at 16 with GCSE or equivalent,70,30,0,NA,Polish;70;,English;30;,,80,20,0,NA,Polish,NA,10,8,NA,NA,I regularly speak both Polish and English to my child,Polish,NA,10,5,NA,NA,I always (or almost always) speak Polish to my child,First,NA,1,NA,NA,,R/W,R/W,N,R/W,N,R/W,R/W,R/W,R/W,R/W,R/W,R/W,R,R,N,R/W,R/W,R/W,R/W,R/W,R/W,N,N,R,R/W,R/W,R/W,R/W,R,R/W,R,R/W,R/W,R/W,R,R/W,R/W,R/W,R/W,R/W,R,R/W,R/W,R/W,R/W,N,R,R/W,R/W,R,R/W,R/W,R/W,R/W,R/W,R,R/W,R/W,R/W,R/W,R/W,R/W,R/W,R/W,R/W,R/W,R/W,R/W,R/W,R/W,R/W,R/W,R/W,N,R/W,R/W,R/W,R/W,R/W,R,R/W,R/W,R/W,R,R/W,R/W,R/W,N,N,R/W,R/W,N,R/W,N,R/W,R/W,N,R/W,R/W,R/W,R/W,R/W,R/W,R/W,R,R,R/W,R/W,R/W,R/W,N,R/W,R,R/W,R,R/W,N,N,N,N,N,R/W,R,R/W,R/W,R,R,R/W,R,R/W,R/W,R/W,N,N,N,R/W,R/W,R,N,R/W,R/W,R/W,R/W,R,R/W,R/W,R/W,R/W,R,R,R,R,R,R/W,N,R,N,R/W,R/W,R/W,R,R/W,R/W,R,N,R/W,R/W,R/W,R/W,N,N,N,R/W,N,R/W,N,N,R/W,R/W,R/W,R/W,R,R/W,R/W,R/W,N,N,N,R,R/W,R/W,N,R/W,R/W,R,R/W,R,R/W,R/W,N,R/W,N,R,R/W,R,R/W,R,R,N,R,N,R/W,R/W,R,R,N,R,R,R/W,R/W,R/W,R/W,R/W,R/W,N,R/W,R/W,R/W,R/W,R/W,R/W,R/W,R/W,R/W,N,R,N,R/W,R/W,R,N,N,R/W,N,R/W,R/W,R/W,R/W,N,R/W,R/W,R/W,R/W,R,R,R/W,R/W,R,R/W,R/W,R/W,R,R,R/W,N,R/W,N,N,R,R/W,R/W,R/W,R,R,R,R/W,R/W,R/W,R/W,R/W,R,R/W,R,R,R,R/W,R,R,R,R/W,R/W,R/W,R/W,N,R/W,R,R,N,R/W,N,R/W,N,R,N,N,N,R/W,R/W,R/W,R/W,R/W,R/W,R/W,R/W,R/W,N,R,R/W,R/W,N,N,N,N,N,R/W,R,N,N,N,N,N,N,N,N,R/W,R/W,R/W,R/W,R/W,R/W,R/W,N,R/W,R/W,R/W,N,N,R/W,N,R/W,N,N,N,N,N,R,R,N,N,R,R,R,N,N,R,R,N,N,R/W,N,R/W,R/W,N,R/W,R,R/W,R,N,R,R/W,R/W,N,R/W,R/W,N,N,N,R/W,N,N,R/W,R/W,N,R,R/W,R/W,R,R,R/W,R,R/W,R,N,R,R/W,R/W,R,R,R,N,N,N,N,N,N,R/W,N,N,BL01UK02PL038,UKPL038,760,25.33333333,2021,gb
R_1fZyX76j3FQRXWE,Male,University degree or equivalent,Left school at 18 with A-Levels or equivalent,50,50,0,NA,Polish;50;,English;50;,,70,30,0,NA,Polish,NA,10,6,NA,NA,I always (or almost always) speak Polish to my child,Polish,NA,10,6,NA,NA,I always (or almost always) speak Polish to my child,First,NA,1,17,Always (or almost always) English,,R/W,R/W,R,R/W,R,R/W,R/W,R/W,R/W,R/W,R/W,R/W,R,N,N,N,N,R,R,N,N,N,N,R,N,R,N,N,N,N,N,N,R,N,N,R,N,N,N,N,R/W,R,N,N,N,N,N,R/W,R,R,N,R/W,R,N,R,R,R,R,N,R,R,N,R,R,R,R,R,R,N,N,N,N,N,N,N,R,R,R/W,N,N,N,N,R,N,R,R,R,N,R,N,N,N,N,N,R,R,N,R,N,N,R,R,N,R,R,R,R,N,R,N,N,R,N,R,R,R,N,N,N,N,N,R,N,N,R,N,N,R,N,R,N,R,N,N,N,R,R,N,N,R,N,R,R,R,R,R,R,R,N,R,R,N,R,R,N,R,N,N,R,R,R,N,R,N,N,N,R,N,R,N,N,N,N,N,N,N,R,N,N,N,N,N,N,R,R,N,N,R,R,R,R,R,R,R,N,R,N,R,N,N,N,N,N,R,N,R,N,R,N,R,N,R,R,R,R,N,N,R,R,R,N,R,N,N,N,N,N,N,N,R/W,R/W,R,N,R/W,N,N,N,N,N,N,N,N,R/W,N,R/W,R/W,R/W,R,R,N,N,N,R,N,N,R,R/W,R,N,R,N,N,N,N,N,R,N,N,N,N,R,R,N,R,R,N,R,R,R,R,R,R,N,R,N,N,R,R,N,R,R,R,R,R,N,N,R,N,R,R,N,N,N,N,N,R,R,N,R,R,R,N,R,R,R,N,R,R,R,N,R,N,R,N,R,N,N,R,R,R,N,N,N,N,R,N,R,R,N,N,R,N,N,R,N,N,N,N,N,R,R,N,N,R,N,N,N,R,N,N,N,N,N,N,N,R,N,N,R,N,N,N,N,N,N,R,N,N,N,N,N,N,R,N,N,N,R,R/W,N,N,N,R,N,N,N,N,N,N,R,N,R,R,N,N,R,R,N,N,N,N,N,N,R,N,N,R/W,N,N,BL01UK03PL019,UKPL019,641,21.36666667,2021,gb
R_bqp6w21meQL021X,Male,University degree or equivalent,NA,35,65,0,NA,Polish;35;,English;65;,,50,50,0,NA,Polish,NA,10,9,NA,NA,I always (or almost always) speak Polish to my child,English,NA,NA,10,0,NA,I always (or almost always) speak English to my child,Second,NA,2,8,Always (or almost always) English,,R,R/W,R,R/W,R/W,R/W,R/W,R/W,R/W,R/W,R/W,R/W,R/W,R/W,R,R/W,R/W,R/W,R/W,R/W,R/W,N,R/W,R/W,R/W,R/W,R,R,R,R/W,R,R,R/W,R/W,R/W,R,R/W,R/W,R/W,R,R,R/W,R,R/W,R/W,R,R,R/W,R/W,N,R/W,R/W,R/W,R,R,N,R,R/W,R,R,R/W,R,R/W,R,N,N,R/W,R,R/W,N,R/W,R,R,R,N,R/W,R/W,R/W,R/W,R,R/W,R/W,R,R,R/W,R/W,N,R/W,N,N,R/W,R/W,R/W,N,R/W,R,N,R/W,R,R,R/W,R/W,R/W,R,N,R,R,R,R,R/W,R,R/W,R/W,R/W,R,R/W,N,R,R,N,N,R,N,R/W,R,R/W,N,R,N,R,R,N,N,R,N,R,R,R,N,R,N,R,R,R,N,R,R,R/W,R,R,N,N,N,R,N,R/W,N,N,R/W,R/W,R/W,R/W,R,R,N,R,R,R,R/W,R,R,R,N,N,N,N,N,N,N,R,R/W,R,R,R/W,N,N,N,R,R/W,R/W,R,R,R/W,R,N,R/W,N,R/W,N,R,R,N,R,R,N,R,N,R,N,R,N,R,N,R/W,R,R,R,R/W,R/W,R,N,R/W,R,R/W,R,R/W,R,R,N,R/W,N,R/W,N,R/W,N,N,N,R/W,R/W,N,N,R/W,R/W,R/W,R/W,R,R/W,R,R/W,R,R,R/W,R/W,R/W,R,R,R/W,R,R/W,R/W,R,R,R/W,R/W,R,R,N,R,R,R/W,R,R,N,R,N,N,R,R/W,R/W,R/W,R/W,N,R,R,R,N,N,R,N,R,R,R/W,R/W,R/W,N,N,N,N,R,R,R/W,N,R,N,N,R,R,R,R/W,R,R,R,R,N,R/W,N,R/W,R,R,N,R,R,R,N,R,R,N,N,R/W,R,N,R,R,R,R/W,N,R/W,R/W,R/W,R/W,R/W,N,R,R/W,R,N,N,R,N,R/W,R,R/W,R,N,R,N,N,R/W,N,R/W,N,R/W,N,R,N,R/W,N,N,R/W,N,N,N,R/W,R,N,R,N,N,R,N,N,N,N,N,R,N,R,R/W,R,R,R/W,R/W,R,R/W,R/W,R/W,R/W,R,N,R,R/W,R,R,R,R/W,N,N,N,N,R/W,N,N,R/W,R,R,N,R,N,BL01UK03PL006,UKPL006,799,26.63333333,2021,gb
R_1rAZqo5nVk245Wl,Female,University degree or equivalent,University degree or equivalent,30,70,0,NA,Polish;30;,English;70;,,40,60,0,NA,Polish,NA,10,9,NA,NA,I regularly speak both Polish and English to my child,English,NA,3,10,NA,NA,I regularly speak both Polish and English to my child,First,NA,1,10,Always (or almost always) English,,N,N,N,R,R,R,R,R,N,R,N,N,N,N,N,R,R,R,R,N,R,N,N,R,N,R,R,R,N,R,N,N,R,N,N,R,N,R,N,N,N,N,N,N,N,N,N,N,N,N,N,N,R,N,N,N,N,N,N,R,R,N,R,N,N,N,R,R,N,N,N,N,N,N,N,R,N,N,N,N,N,R,N,N,N,R,R,N,N,N,N,N,N,N,R/W,R,N,N,N,N,N,R,N,N,N,N,R,N,N,N,N,N,N,N,N,R,N,N,N,N,N,N,N,N,R,N,N,R,N,N,N,N,N,N,N,N,N,N,N,N,N,R,R,N,N,R,N,R,N,R,N,N,N,N,N,N,N,N,N,R,N,N,N,N,N,N,N,N,N,N,N,N,R,N,N,N,N,N,N,N,N,N,N,R/W,R,N,N,N,N,N,N,N,N,N,N,R,N,N,N,N,N,N,N,N,N,N,N,N,N,N,N,N,N,N,R,N,N,N,R,N,N,N,R,R,N,N,N,N,R,N,N,N,N,R/W,N,N,N,N,N,N,N,N,R,N,R,N,N,N,N,N,N,R,N,R,N,N,N,N,R,R/W,N,N,N,R,N,N,N,N,N,N,N,R,N,R,N,N,N,R,N,R,N,R,N,N,N,N,N,N,N,N,R,N,N,N,N,N,N,N,N,N,N,N,N,N,N,N,R,N,N,N,N,N,N,N,R,N,N,N,N,N,N,N,N,N,N,N,N,N,N,N,N,N,N,N,N,N,N,N,N,N,N,N,N,N,R,N,N,N,N,N,N,N,N,N,N,N,N,N,R,N,N,R,N,N,N,N,N,N,N,N,N,N,N,N,N,N,N,N,N,N,N,N,N,N,N,N,N,N,N,N,N,N,N,N,N,N,N,N,N,N,N,N,N,N,R,N,N,N,N,N,N,N,N,N,N,N,N,N,BL01UK02PL034,UKPL034,481,16.03333333,2021,gb
R_3fTy5drC0JaDQVU,Male,University degree or equivalent,University degree or equivalent,35,65,0,NA,Polish;35;,English;65;,,60,40,0,NA,Polish,NA,10,9,NA,NA,I always (or almost always) speak Polish to my child,English,NA,NA,10,NA,NA,I always (or almost always) speak English to my child,Third,NA,3,13,Always (or almost always) English,,R/W,R/W,R/W,R/W,N,R/W,R/W,R/W,R/W,R/W,R/W,R,R,N,N,R,R/W,R/W,R,R/W,R,N,N,R,R,N,N,R,N,R/W,N,N,R/W,R/W,R,R/W,R/W,R,R,R/W,R/W,R,R,N,N,N,R,R/W,R/W,R,R,R/W,R/W,R,R/W,R,R,R/W,R,R,R,N,R/W,R/W,R,R,R/W,R/W,R/W,N,N,R/W,N,R,N,R,R/W,R,R/W,N,R/W,R/W,R,R/W,R,R,R/W,R/W,R,N,N,R,R/W,R,R/W,R/W,N,R,N,N,R/W,R/W,R/W,R/W,R,R,N,N,R,R,N,R/W,N,R/W,R,R/W,N,R/W,N,N,N,R,N,R,R,R,N,R,R/W,R,N,N,N,R/W,R,R,R,R/W,R,R,N,R,N,N,R,R,N,R/W,N,R,R/W,N,N,N,N,N,N,N,R/W,R/W,R,R,R,R,N,R/W,R,R,R/W,R,R,N,R/W,N,N,N,R,R/W,N,R,R,N,N,R/W,R,N,N,N,R,R/W,R,R,R,N,N,R/W,N,N,N,N,R,N,R,R/W,N,R,N,N,N,N,N,R/W,R,R/W,R,R,R,R/W,R/W,R,N,N,N,N,R,R/W,R/W,N,N,R,N,R/W,N,R/W,N,N,N,R/W,R/W,N,N,N,R/W,N,R/W,R,R/W,R/W,R/W,R/W,R,R/W,R/W,R,R,N,R/W,R,R,R/W,R,N,R,R,R,R/W,R,R,R,R/W,R,R/W,N,R,R,N,R,R,R/W,R/W,N,N,R,R,N,N,N,R,N,R/W,R/W,R/W,R/W,R/W,R,N,R,R,R,R,R,N,N,N,N,R,R,R/W,R,R/W,R,R,R,R,R/W,N,R,R/W,N,R,N,R,R,N,N,R/W,N,R/W,R,N,N,N,R/W,N,R/W,N,R,R,R,R,R,N,R,R/W,R,R,N,R,R,R,N,R,N,N,N,R/W,R,R,R,R,R,R,N,N,N,R/W,N,R,R/W,R,N,R,R,R,N,R,N,N,R,R/W,N,N,N,R/W,N,N,N,R/W,N,N,N,N,N,N,N,N,N,N,R,N,R/W,R/W,R,N,R,R,N,N,N,N,N,N,R,N,R/W,R,N,N,BL01UK03PL028,UKPL028,577,19.23333333,2021,gb
R_ZxiESf0mfLdOqNb,Female,Left school at 18 with A-Levels or equivalent,Left school at 18 with A-Levels or equivalent,80,20,0,NA,Polish;80;,English;20;,,80,20,0,NA,Polish,NA,10,8,NA,NA,I always (or almost always) speak English to my child,Polish,NA,10,7,NA,NA,I always (or almost always) speak Polish to my child,Second,NA,2,NA,NA,,N,N,N,R/W,R/W,R/W,R/W,R/W,R/W,R/W,R/W,R,N,N,N,R,R,R,R,R,R,N,R,N,N,N,N,N,N,N,N,N,R,N,N,N,N,N,N,N,N,N,N,N,N,N,N,N,N,N,N,N,N,N,N,N,N,R,N,R,R,R/W,R,R/W,N,N,N,N,N,N,N,N,N,N,N,N,N,N,N,N,N,N,N,N,N,N,N,N,N,N,N,N,N,N,N,R,N,R,R,R,R,R,R,R,N,N,R,N,R,N,N,N,N,R,R,N,N,N,N,N,N,N,N,N,N,N,N,N,N,N,R,R,N,N,N,N,N,N,N,N,N,R/W,R,R/W,R,R,R,N,N,R,N,N,N,N,N,N,N,N,R/W,N,N,N,R,N,N,N,N,N,N,N,N,N,N,N,N,N,N,N,N,N,R/W,N,N,N,N,N,N,N,N,N,N,N,N,N,N,N,N,N,N,N,N,N,N,N,N,N,N,N,N,N,N,N,N,N,N,N,N,N,N,N,N,N,N,R/W,R/W,N,R/W,N,N,N,R/W,N,N,R/W,N,N,N,N,N,N,N,N,R/W,N,R/W,N,R/W,N,R/W,R/W,N,R/W,R/W,R,N,N,R/W,N,N,R/W,N,N,N,R/W,N,N,N,N,N,N,N,N,N,N,N,N,R,R,N,R,N,R,N,R,N,N,N,N,N,N,N,N,N,N,N,N,R,N,N,N,N,N,N,N,N,N,R,N,N,N,R,N,N,N,R,N,R,N,R,N,N,N,N,N,R,N,N,N,N,N,N,N,N,N,N,N,R,N,N,N,N,N,N,N,R,R,N,N,N,N,N,N,N,N,N,N,N,N,R,N,R,N,N,N,N,N,N,N,N,N,N,N,N,N,N,N,N,N,N,N,N,N,N,N,N,N,N,N,N,N,N,N,N,N,N,R/W,N,N,N,N,N,N,N,N,R/W,R/W,N,N,N,N,N,N,N,N,N,N,N,N,BL01UK02PL042,UKPL042,483,16.1,2021,gb
R_D6vjCERu2T9PwOZ,Male,University degree or equivalent,University degree or equivalent,70,30,0,NA,Polish;70;,English;30;,,70,30,0,NA,Polish,NA,10,9,NA,NA,I always (or almost always) speak Polish to my child,English,NA,1,10,NA,NA,I always (or almost always) speak English to my child,Other,No siblings,1,NA,NA,,R/W,R/W,R/W,R/W,R,R/W,R/W,R/W,R/W,R/W,R/W,R,R,N,N,R,R/W,R/W,R,N,R/W,N,N,R/W,R,R/W,R,R,N,R,N,R,R/W,R/W,R,R,R/W,R,R,R,R,R,R,R,R,R,R,R/W,R/W,R,R,R/W,R/W,R,R,R,R,R,R,R/W,R,R,R/W,R,R,R,R/W,R/W,R,N,R/W,R,R,R,N,R,R,R/W,R/W,N,R/W,R,R,R,R/W,R/W,R,R/W,R,R,R,R/W,R/W,R/W,R/W,R/W,R,R,R,R,R,R/W,R/W,R,R,R,R/W,R,R,R,R,R/W,N,R,R,R/W,N,R,N,R,N,R,R,R,R,R,N,R/W,N,R,N,R,N,R,N,R/W,R/W,R,N,R,R,R,R,R,N,R,R/W,R,R,R,R,R,R,R/W,R,R,N,R,R,R/W,R/W,R,R,R/W,N,R,R/W,R,R,R,R,R,R/W,N,R,N,R,R/W,R,R,R,R,R,R/W,R,R,N,R,R,R/W,R/W,R,R,R/W,R,R,R,R,R,N,R,R,R,R,R,R,R,R,R,R,R,R,N,R,R,R,R,R,R/W,R,R,R,R,R/W,N,R,R,R/W,R/W,R,R,R,R,R/W,N,N,N,R/W,R/W,R,N,N,R/W,R,R/W,R/W,R/W,R/W,R,R,R,R/W,R,R,R,N,R/W,R,R,R/W,R/W,N,R,R/W,R,R,R,R,R,R,R/W,R,R,R,N,R,R,R/W,R,R,R,R/W,R,R,R/W,R/W,R,R/W,N,R,R,R,R,R,R,R,R/W,R,R,R,R,N,R,N,N,R,R/W,R,R,R,R,R,R,R,R/W,R,R,R,R/W,N,R,R,R,N,R,R,R,R,R,R,N,R,R,R,R/W,R/W,R,R,R,R,R,R,R/W,R,R/W,R,R,R,R,R,R/W,R,N,R,N,R,N,N,R,R,R,R,N,R,R,R,N,R,R/W,R,N,R,R,R,R,R,R,R,R,R,R,R,R,R/W,R/W,R,R,R/W,N,N,N,N,N,N,N,R/W,N,N,R,R,R,R,N,R,R/W,R/W,R,R,R,R/W,N,N,N,N,N,N,N,N,BL01UK04PL005,UKPL005,693,23.1,2021,gb
R_1rwYjFz8IEcs965,Male,Left school at 18 with A-Levels or equivalent,Left school at 16 with GCSE or equivalent,90,10,0,NA,Polish;90;,English;10;,,100,0,0,NA,Polish,NA,10,6,5,NA,I always (or almost always) speak Polish to my child,Polish,NA,10,2,2,NA,I always (or almost always) speak Polish to my child,Second,NA,2,NA,Always (or almost always) Polish,,R/W,R/W,R/W,R/W,R,R,R/W,R,R/W,R,R/W,R,R,R,N,R,R,R,R,N,R,N,N,N,N,R,N,N,N,R,R,N,R,N,N,R/W,N,N,N,R,R,N,N,N,N,R,N,R,N,N,N,N,N,N,N,N,R,R,R,N,R,N,R,R,R,R,R,R,R,R,R,N,N,R,R,R,R,R,R,R,N,R,R,N,N,R,R,N,N,R,N,R,R,N,R,R,N,R,R,N,R,R,R,N,N,R,R,N,R,R,N,R,N,R,R,R,N,R,N,N,N,R,N,R,R,R,N,R,N,R,N,N,N,N,N,R,N,N,N,R,N,R,R,R,R,N,N,R,R,R,R,R,R,R,N,R,R,N,R,R,R,N,R,N,N,N,R,N,R,N,R,N,R,N,N,N,R,N,R,N,N,N,N,R,R,N,N,N,R,R,R,R,R,N,R,R,R,R,N,N,R,N,N,R,N,R,N,R,N,R,R,R,R,R,R,R,R,R,R,R,R,N,R,R/W,N,R,R,R,R,R,R,R,N,R/W,N,N,N,R,R,N,N,R/W,R/W,R,R/W,R,R/W,R,R/W,R,R,R,R/W,R,R,R,R,R,N,R/W,R,R,R,R,N,R,R,R,R,N,R,R,N,R,N,R,R,R,R,R,R,R,R,R,N,N,R,R,N,R,R,R,R,R,R,N,R,R,R,R,R,N,R,N,N,R,R,N,N,R,R,N,R,R,R,N,N,R,R,N,R,R,R,N,N,R,N,R,R,N,N,N,N,N,R,N,R,R,R,N,R,N,R,R,R,N,N,N,R,R,R,N,N,R,R,R,N,N,R,N,R,R,N,N,N,R,N,N,R,N,N,N,N,R,R,R,N,N,R,R,N,N,N,R,N,N,N,N,N,N,N,R,N,N,N,N,N,N,N,R,R,R,R,R,R,R,R,N,R,N,N,N,R,N,R,N,N,N,BL01UK02PL040,UKPL040,473,15.76666667,2021,gb
R_31cR2t7AR3MI4kd,Male,University degree or equivalent,Left school at 16 with GCSE or equivalent,40,60,0,NA,Polish;40;,English;60;,,40,60,0,NA,Polish,NA,10,9,3,Russian,I always (or almost always) speak Polish to my child,English,NA,0,10,NA,NA,I always (or almost always) speak English to my child,First,NA,1,30,Always (or almost always) English,,R/W,R/W,R/W,R/W,R/W,R/W,R,R/W,R/W,R/W,R/W,R/W,R,R,R/W,R/W,R/W,R/W,R/W,R/W,R/W,R,R/W,R/W,R/W,R/W,R/W,R/W,R,R/W,R,R/W,R/W,R/W,R/W,R/W,R/W,R/W,R/W,R/W,R,R,R,R/W,R/W,R/W,R/W,R/W,R,R,R/W,R/W,R/W,R/W,R/W,R,R/W,R/W,R/W,R,R/W,R,R/W,R,R,R,R/W,R,R/W,R,R/W,R/W,R,R,R,R/W,R/W,R/W,R/W,R/W,R/W,R/W,R,R,R,R/W,R/W,R/W,R,R/W,R/W,R,R,R,R/W,R,R,R/W,R,R/W,R/W,R/W,R/W,R,R,R,R/W,R,R/W,R,R,R/W,R/W,R/W,R/W,R/W,R,R,R,R,R,R/W,N,R/W,R,R,R,R,R,R,R,R,R,R,N,R/W,R,R,N,R,R,R,R,R,R,R/W,R,R,R,R,R,R,R,R/W,R,R,N,R/W,R/W,R/W,R/W,R,R,R,R/W,R,R,R,R,R,R/W,R,R,R,R/W,R,R,R/W,R,R/W,R/W,R/W,R,R/W,R,N,N,R,R,R/W,R/W,R/W,R,R/W,R/W,R/W,R,R,R,R,R,N,R,R,R,R,N,R,R,R,R/W,R/W,R,R,R,R,R,R,R/W,R/W,R,R,R,R/W,R,R/W,R/W,R/W,R/W,R/W,R,R/W,R,R/W,R,N,R,R/W,R/W,R/W,R,R,R/W,R/W,R/W,R,R/W,R/W,R/W,R,R,R/W,R/W,R/W,R,R/W,R/W,R/W,R,R/W,R/W,R,R,R/W,R,R/W,R,R,R,R/W,R,R,R,R,R/W,R/W,R/W,R/W,R/W,R/W,R,R/W,R,R/W,R/W,R/W,R,R/W,R,R,R/W,R,R/W,R,R,R,R,R,R,R,R,R,R,R,R,R,R,R,R,R,R,R,R,R,R/W,R,R,R/W,R,R,R,R,R,R,R,R,R,R,R,R,R,R,R,R,R,R/W,R,R,R,R/W,R,R,R/W,R/W,R,R,R,R/W,R,R/W,R/W,R/W,R/W,R,R,R/W,R,R/W,R,R,R,R,R,R,R,R/W,R,R/W,R/W,R,R,R,R/W,R/W,N,R,N,R,R,R/W,R,R,R,R/W,R,R,R,R/W,R,R,R,R/W,N,R,R,R/W,R,R,R,R,R/W,R/W,R,R,R,R/W,R,R,R,R,R,R,R,R,R/W,R,R,R,BL01UK04PL017,UKPL017,977,32.56666667,2021,gb
R_3Rym0rBvoCa3RMR,Female,Left school at 18 with A-Levels or equivalent,Left school at 18 with A-Levels or equivalent,70,30,0,NA,Polish;70;,English;30;,,70,30,0,NA,Polish,NA,10,8,NA,NA,I regularly speak both Polish and English to my child,English,NA,1,10,NA,NA,I always (or almost always) speak English to my child,Second,NA,2,NA,NA,,R,R,N,N,N,N,N,N,R,N,N,N,N,N,N,R,N,R,N,R,R,N,N,R,R,R,N,N,N,N,N,R,R,R,R,R,R,R,N,R,N,R,N,R,R,N,R,R,N,R,N,N,N,R,N,N,R,R,N,R,R,R,R,R,R,R,R,R,R,N,N,N,N,N,N,R,N,R,R,N,N,R,R,N,N,R,R,N,N,N,N,R,R,N,R,R,R,R,R,N,R,R,R,R,R,R,R,R,R,R,N,R,R,R,R,R,N,N,N,R,R,R,N,R,R,R,R,R,N,R,N,R,N,N,N,R,R,N,N,R,N,R,R,R,R,R,N,R,N,R,R,R,R,R,N,R,N,N,N,R,R,N,R,R,N,N,R,R,R,N,R,N,R,N,N,N,N,N,R,N,N,R,R,R,R,N,N,N,R,R,R,R,R,N,N,R,N,R,N,N,R,N,R,R,N,R,N,R,N,R,N,R,N,N,R,R,R,R,R,R,N,N,N,R,N,N,N,N,N,R,R,N,N,R/W,N,N,N,N,N,N,N,R,R,N,R,R,N,R,R,R,N,R,R,R,N,N,R,R,R,R,R,R,R,R,N,R,R,R,R,R,R/W,R,R,R,R,N,N,R,R,R,N,N,R,N,N,R,N,R,R,R,R,R,R,R,N,R,R,R,R,R,N,N,N,N,N,R,R,R,R,R,R,R,N,R,R,N,N,R,R,R,N,R,R,R,N,N,N,R,R,R,N,N,R,N,R,N,N,N,N,N,N,N,R,N,N,N,N,N,N,R,R,N,N,R,N,R,N,R,N,N,R,R,N,N,N,R,R,N,N,N,N,N,N,R,N,R,N,N,R,N,N,N,N,N,R,N,R,R,N,R,R,R,N,R,R,R,N,R,N,R,R,R,R,R,R,R,R,R,N,N,N,N,R,N,R,N,N,N,BL01UK04PL012,UKPL012,584,19.46666667,2021,gb
R_3EKYRQhv1M9NCo3,Male,Left school at 18 with A-Levels or equivalent,Left school at 18 with A-Levels or equivalent,30,70,0,NA,Polish;30;,English;70;,,50,50,0,NA,Polish,NA,10,6,NA,NA,I always (or almost always) speak Polish to my child,English,NA,1,10,NA,NA,I always (or almost always) speak English to my child,Second,NA,2,21,Always (or almost always) English,,R/W,R/W,R/W,R,N,R/W,R/W,R/W,R/W,R/W,R/W,R/W,N,N,N,R,R,R,R,N,R,N,N,N,R,R,N,R,N,R,N,R,R,N,N,R,N,N,N,R,N,N,R,N,N,N,N,R/W,R,N,N,N,R,N,R,N,R,R,R,R,R,R,R,R,R,R,R/W,R,R,N,N,N,N,N,N,R,R/W,R/W,N,N,R,N,N,N,N,R,R,N,N,N,N,R,R,R,R/W,R,N,R,R,R,R,R,R,R,N,N,R,R,R,R,R,R,R,R,R,R/W,N,N,N,R,N,R,N,R,R/W,N,N,R,N,R,N,N,N,N,R,R,R,N,N,R,R,R,R,R,R,R,R,R,R,R,R,R,N,R,N,R,N,N,N,R,R,N,R,R,N,N,R,N,N,R,R,N,R,N,R,N,N,R,N,R,R,R,N,R/W,R,N,N,R,R,R,N,R,R,R,N,R,N,R,N,N,R,N,R,R,N,R,N,N,N,N,N,R,N,N,R,N,N,N,R,R,N,N,N,R,N,N,R,N,R,N,N,R,N,R/W,N,N,N,N,N,N,N,N,R/W,R,R/W,R,R/W,R,R/W,R,N,R,R/W,R,N,N,R/W,R,R,R/W,N,N,R,R/W,N,R,N,R,N,R,R,R,N,R,R,R,R,R,N,R,R,R,R,R,R,R,R,R,R,R,N,R,R,R,R,N,R,R,R,R,N,R,R,N,N,N,R,N,R,N,R,R,R,R,R,R,N,R,R,N,R,R,R,N,R,R,N,R,R,R,R,R,R,N,R,R,N,R,R,N,N,N,R,R,N,N,N,N,R,R,R,N,R,N,N,R,N,R,N,R,N,N,N,N,N,R,N,N,N,N,N,R,N,R,R,R,R,N,R,N,N,N,N,N,N,N,N,R,N,N,N,R,N,N,N,N,N,N,N,N,N,N,N,N,N,R,N,N,N,N,N,N,R,N,N,N,N,R,BL01UK03PL027,UKPL027,645,21.5,2021,gb
R_1diaJLYzEPSv0ys,Female,University degree or equivalent,University degree or equivalent,20,70,10,Guajarati,Polish;20;,English;70;,Gujarati;10;,20,70,10,NA,Polish,NA,10,8,NA,NA,I always (or almost always) speak Polish to my child,English,NA,NA,10,6,gujarati,I always (or almost always) speak English to my child,First,NA,1,16,Always (or almost always) English,,R/W,N,N,R/W,N,R/W,R/W,R/W,N,R/W,R/W,N,R,N,N,R,R/W,R/W,R,N,R,N,N,R,R,R,N,R,N,R,N,R,R,R,R,R,R,R,R/W,R,R,R,R,N,N,N,R,R,R,N,N,N,R,R,R,N,R,N,N,R,R,R,R,R,R,N,R,R,N,N,N,N,N,N,N,R,R/W,R/W,N,N,R,N,N,N,N,R,R,R/W,R,N,R,R/W,N,R,R,N,N,R,N,N,R,R,R,N,N,N,N,N,R,N,N,R,N,N,N,R/W,N,N,R,N,N,R,N,N,R,R,N,R,N,N,N,N,N,N,N,R,N,N,N,R,N,N,N,N,R,N,R,N,N,N,N,N,N,R,N,N,N,N,R,R,N,R,N,N,N,R,R,N,N,R,R,N,R/W,N,N,N,N,N,N,R,R,N,N,R,N,N,N,R,R,N,R,N,N,N,N,R/W,N,N,N,N,N,N,N,N,N,R,N,N,N,N,N,N,N,R,R,R,N,N,R,R,N,N,N,R,N,N,R,N,N,R/W,N,N,N,R/W,N,N,N,N,N,N,N,R,R/W,R,R/W,N,R/W,N,R/W,R,N,R,R/W,R,R,R,R/W,R,R,R/W,R,R,R,R/W,N,R,R,N,R,R,R,R,N,R,R,R,N,R,R,R,R,R,R,R,N,R,R,R,N,R,R,R,R,R,R,N,R,N,N,N,N,N,N,N,N,R,R,N,R,R,N,N,N,N,R/W,N,N,R,N,N,N,N,N,N,R,R,N,N,R,R,N,N,R,N,N,N,N,N,N,N,N,N,R,N,N,N,N,N,N,N,R/W,N,N,N,N,N,N,N,R,N,R,N,N,N,N,N,N,N,N,N,N,N,N,R/W,N,N,N,N,R/W,N,N,N,N,R,N,N,N,N,N,N,N,N,N,N,N,N,N,N,N,N,N,N,N,N,N,N,N,N,N,N,N,N,N,N,N,N,N,N,BL01UK03PL029,UKPL029,676,22.53333333,2021,gb
R_2fHjB1A4QtmGLQc,Female,University degree or equivalent,University degree or equivalent,25,75,0,NA,Polish;25;,English;75;,,100,0,0,NA,Polish,NA,10,7,NA,NA,I always (or almost always) speak Polish to my child,Polish,NA,10,6,NA,NA,I always (or almost always) speak Polish to my child,First,NA,1,9,Always (or almost always) English,,R/W,R/W,R/W,R/W,R,R/W,R/W,R/W,R/W,R/W,R/W,R/W,R,R,R,R,R/W,R/W,R/W,R,R,R,R,R/W,R,R/W,R,R/W,R,R,R,R,R/W,R,R,R,R,R,R,R,R,R,R,R/W,R,R,R,R,R,R,R,R,R,R,R,R,R,R/W,R,R,R,R/W,R/W,R,R,R,R,R,R,R,R,N,R,R,R,R,R/W,R/W,R/W,R,R,R,R,R/W,N,R,R,R,R,R,R,R,R,R,R,R,R,R,R,R,R,R/W,R/W,R,R,R,R,R,R,R,R,R,R,R,R,R,R,R,R,N,N,R,N,R,R,R,R,R,N,R,R,R,R,R,N,R,R,R,N,R,N,R,R,R,R,R,R,R,R,R,R,R,R,R,R,R,R,N,R,R,R,R,R,R,N,R,R,R,R,R,R,R,R,N,R,N,R,R,N,R,R,R,R,R,R,R,R,R,R,R,R,R,R,R/W,N,R,N,R,R,N,R,R,N,N,N,R,N,R,R,R,R,R,N,R,R,R,R,R,R,R,R,R,R,R/W,N,R,R,N,R/W,R/W,R/W,R,R,R/W,N,N,N,R,R,R,R,N,R/W,R,R/W,R,R,R,R/W,R,R,N,R/W,R,R,N,R,R,R,R/W,R/W,R,R,R/W,R,R,R,R/W,R,R,R,R,R,R,R,R,R,R,R,R/W,R,R,R,R,R,R,R,R,R,R,R,R,R/W,R,R,N,R,R,R,R,R,R/W,R,N,N,R,R,R,R,R,R,R,R,R,R,R,R,R,R,N,R,R,R,R,R,R,R,R,R,R,R,R,R,R,R,R,R,R,R,R,R,R,R,R,R,R,R,R,R,R,R,R,R,N,R,R,R,R,R,R,R,R/W,R,R,R,R/W,R,R,R,R,R,R,R,R/W,R,R,R,R,R,R,N,N,N,R,R,R,R,R,N,N,N,R,N,N,N,N,N,N,N,R,N,N,R,R,R,R,R,R,R,N,N,R,R,R,R,R,N,R,BL01UK03PL030,UKPL030,746,24.86666667,2021,gb
R_CfE3aaF7Gkh8VpL,Male,University degree or equivalent,University degree or equivalent,45,55,0,NA,Polish;45;,English;55;,,45,55,0,NA,Polish,NA,10,8,NA,NA,I regularly speak a mix of Polish/ English / other languages to my child,English,NA,2,10,NA,NA,I always (or almost always) speak English to my child,First,NA,1,NA,A regular mix of Polish / English / other languages,,R/W,R/W,N,R/W,R,R/W,R/W,R/W,N,N,N,N,R,N,N,R/W,R/W,R/W,N,R,R,N,R,R,R,R/W,R,R/W,R,R/W,N,R,R/W,R,R,R,R,R,R,R/W,N,R/W,R,R/W,R,R,R/W,R,R,R,R,N,N,R,R,R,R/W,R,R,R,R,R/W,R/W,R,R,N,R/W,R,N,N,N,N,N,R,N,R,R,N,R/W,R,N,R,R,N,N,R/W,N,N,N,N,R,R,N,N,R/W,R/W,R,R,R,R,R/W,R/W,R/W,R,R,N,R,R,R,R,R,R,R,R,R,R,N,N,N,N,N,R,N,R,R,R,N,R,N,R,N,R,N,N,N,R,N,N,N,R,N,R,R,R,N,R,R/W,R,R,R,R,R,N,N,N,N,N,R/W,R,R/W,R,R,R,R,N,R,R,R,R,N,N,N,N,N,R,N,R,R,N,R,R/W,N,R,R/W,R,R,N,R,R,R,R/W,R,R,R/W,N,R,N,N,N,R,R,N,N,N,N,R,R,R,R,R,N,R/W,N,R,R,N,R,R,R/W,R,N,R,N,R,R,R,R,N,N,R,R,R,N,R/W,N,N,N,R/W,R/W,R,N,R,R/W,R,N,R,N,N,N,N,N,R,R/W,R,N,N,R/W,N,N,R/W,R,N,R,R/W,R,R,R,N,N,N,R,R,R,N,N,N,R/W,R,R,R,N,N,R/W,N,N,N,N,R,R,R,R,R,R,N,N,R,N,N,R,N,N,N,R,N,N,R,N,N,R,R,R/W,N,R,N,N,N,N,N,N,N,N,R,R,R,R,R,N,R,R,R,N,R,N,N,R,N,R,R,R,R,R,N,R,R,N,R,R,R/W,R,R/W,R/W,R,N,N,N,R,N,R,N,N,N,N,N,R,N,R,N,R,R,N,N,N,R,R,N,R,N,N,R,N,N,N,N,N,N,N,N,R,N,N,R,R,N,N,R,R,R,N,N,R,R,R,R,R,R/W,R,R,N,N,R/W,N,N,R,R,R,N,N,N,BL01UK04PL003,UKPL003,707,23.56666667,2021,gb
R_1dGJPN63Uv3XyMQ,Male,University degree or equivalent,University degree or equivalent,60,40,0,NA,Polish;60;,English;40;,,100,0,0,NA,Polish,NA,10,7,NA,NA,I always (or almost always) speak Polish to my child,Polish,NA,10,4,NA,NA,I always (or almost always) speak Polish to my child,First,NA,1,10,Always (or almost always) English,,R/W,R/W,R/W,R/W,R/W,R/W,R/W,R/W,R/W,R/W,R/W,R/W,N,N,N,R,R/W,R/W,R,R,R/W,R,R/W,R/W,R/W,R,N,R/W,R/W,R/W,R/W,R,R/W,N,R/W,R,R,R/W,R,R/W,R/W,R,R,R/W,R,R,R,R/W,R,R,R,N,R/W,R,R,R/W,R,R,R/W,R,R,R/W,R/W,R/W,R,R,R,R,R,R/W,R/W,R,R,R,R,R/W,R,R/W,R,R/W,R,R,R,R,R,R,R,R,R,R,R,R,R,R,R,R,R,R,R,R,R,R,R,R,R,R,R,R,R,R,R,R,R,R,R,R,R,R,N,R,N,R,N,R,R,R,N,R,R,R,N,R,N,N,N,R,R,N,N,R,R,R,R,R,R,R,R,R,R,R,R,R,R,R,R,R,N,R,R,R/W,R,R,R/W,R,N,R,R,R,R,R,R,R,R,R,R,N,R,R,R,R,R/W,R,R,R,R,R,R,R,R,R,R,R,R,R,R,R,R,R,R,N,R,R,R,R,R,R,R,R,R,R,R,R,R,R,R,R,R,R,R,R,R,R,R,R/W,N,R,R,R,R/W,R/W,R/W,R,R,R/W,R,N,N,R/W,R,R,N,N,R/W,R,R/W,R,R/W,R,N,R,R,R,R/W,R,R,R,R/W,R,R,R/W,R,R,R,R/W,R,R,R,R,R,R,R,R,R,R/W,N,R,R/W,R/W,R/W,R/W,R,R,R,R/W,R,R,R,R,R,R,R,R,R/W,R,R,R,R,R,R,R,R,R,R,N,R,R,R,R,R,R,R/W,R,R,R/W,R/W,R,R,R/W,R,R,R,R,R,R,R,R,R,R,R,R,R/W,R,R,R,R,R,R,R/W,R,R,R,N,R,R,R/W,R,R,R,R,R,R/W,R,R,R,N,R,R,R,R,R,R,R/W,N,R,R,R/W,R,R,R/W,R,R,R,R,R/W,R,R,R,R,R,R,R,R,R,R,R,R,R,R/W,R,R,R/W,R,R,R,R,R/W,R,R/W,R,R,R,R,R,R,R/W,R/W,R/W,R,R,R,R,R,R/W,R,R,R,N,R,BL01UK02PL047,UKPL047,819,27.3,2021,gb
R_2SwAZhIXTH4XErb,Female,University degree or equivalent,Left school at 18 with A-Levels or equivalent,80,20,0,NA,Polish;80;,English;20;,,90,10,0,NA,Polish,NA,10,8,2,Spanish,I always (or almost always) speak Polish to my child,Polish,NA,10,8,NA,NA,I always (or almost always) speak Polish to my child,First,NA,1,NA,NA,,R,R/W,N,R/W,R,R/W,R/W,R/W,R/W,R/W,R/W,R/W,R,N,R/W,R,R,R,R/W,N,R,N,R,R,R,R/W,R/W,R,N,R,N,R,R,R/W,R,R,R,R,R,R/W,R,R/W,R,R,R,R,R,R,R,N,R,N,R,N,R,R,R,R/W,R,R/W,R,R,R/W,R/W,N,R,R/W,R/W,R/W,N,N,N,R,N,N,R,R/W,R/W,N,R,N,R,R,R,N,R/W,R/W,N,R/W,R,R,R,N,N,R,R/W,N,R,R,R,R/W,R/W,R/W,R,R,R,R,R,R/W,R,N,R/W,R,R/W,R,R/W,N,R/W,N,R,N,R/W,N,N,R/W,R,N,R,R,R/W,N,R,N,R,N,R/W,N,N,N,R,N,R,N,N,R,R,N,R,N,N,R,N,N,R,N,R,N,N,R,R/W,R,R,R,R/W,N,R/W,R/W,R,R,R/W,N,N,N,N,N,N,N,R,R,R,R,N,R,R,R,N,N,N,R/W,R/W,R/W,N,R/W,R,N,R/W,N,R/W,N,N,N,N,N,N,N,R,N,R/W,N,R,R,R,R,R,R,R,R,R,R,R,N,R,N,R/W,N,N,R/W,N,R/W,N,N,R/W,N,R/W,N,N,N,N,N,N,N,N,R/W,N,R/W,R,R,N,R/W,R,R,R/W,R/W,R,R,N,R/W,R,R,R/W,R/W,N,R,R/W,N,N,N,N,R,R,R/W,N,N,N,N,N,R,R,N,R/W,N,N,N,R,R,N,N,R,N,R,R,R,R/W,N,R,N,N,N,N,N,R,N,N,N,N,R,R,N,N,R,R,R,R,R,R/W,N,N,N,R,N,N,R,R/W,N,N,R,N,R,R,N,N,N,N,N,R,N,R/W,N,N,R,R,N,R,R,R,N,N,R,N,R,R/W,R,N,N,N,N,N,N,N,N,R,R,N,N,N,R,N,R,N,N,N,N,R,N,N,R,N,N,N,R/W,N,N,N,N,N,N,N,R,N,N,N,N,N,N,N,N,N,R,N,N,N,N,N,N,R/W,R/W,N,N,N,N,N,N,N,N,R,N,N,N,BL01UK02PL046,UKPL046,455,15.16666667,2021,gb
R_2xJ2xdRnVMvth8i,Male,University degree or equivalent,NA,40,60,0,NA,Polish;40;,English;60;,,50,50,0,NA,Polish,NA,10,9,NA,NA,I always (or almost always) speak Polish to my child,English,NA,NA,10,0,NA,I always (or almost always) speak English to my child,Second,NA,2,8,Always (or almost always) English,,R,R/W,R,R/W,R/W,R/W,R/W,R/W,R/W,R/W,R/W,R/W,R/W,R/W,R/W,R/W,R/W,R/W,R/W,R/W,R/W,N,R/W,R/W,R/W,R/W,R/W,R/W,R/W,R/W,R/W,R/W,R/W,R/W,R/W,R,R/W,R/W,R/W,R/W,R,R/W,R,R/W,R,R,R/W,R/W,R/W,R,R,R/W,R/W,R/W,R/W,R,R/W,R/W,R,R,R/W,R,R/W,R/W,R,R,R/W,R,R/W,N,R/W,R,R,R/W,N,R/W,R/W,N,R/W,R/W,R/W,R,R,R/W,R/W,R/W,R,R/W,R,R,R/W,R/W,R/W,R,R/W,R/W,R,R/W,N,R,R/W,R/W,R/W,R,R,R,R/W,N,R,R/W,N,R/W,R,R/W,R/W,R,N,R,R,N,N,R,N,R,R,R/W,N,R,N,R,R,R,N,R,N,R,R,R/W,N,R,N,R,R,R,R,R,R/W,R/W,R,R/W,R/W,N,R,R,N,R/W,R,N,R/W,R/W,R/W,R,R,R,N,R,R/W,N,R/W,R,R,R/W,R,N,R,N,N,R,N,R,R/W,R,R,R/W,R,N,N,R,R,R/W,R/W,R/W,R/W,N,R,R/W,N,R/W,R,N,R/W,N,R,R/W,N,R,N,R,N,R/W,N,R/W,N,R,R,R,N,R,R/W,R/W,N,R,N,R/W,R/W,R/W,R/W,N,R/W,R/W,R/W,R/W,N,R/W,N,N,N,R/W,R/W,R,N,R/W,R/W,R/W,R/W,R/W,R/W,R,R/W,R,R,R/W,R/W,R,R,R/W,R/W,R,R/W,R/W,R/W,R,R/W,R/W,R,R,R,R,R,R/W,R,R,N,R,R,R,R,R/W,R/W,R/W,R/W,N,R,R,R/W,R/W,R,R,N,R/W,R/W,R,R/W,R,R,N,R,N,R,R,N,R,R,N,N,R,R/W,N,R,R,R,R,R,N,R/W,N,R,R,R,N,R,R,N,N,R,R,N,R,R,R,N,R,R,R,R/W,R/W,R/W,R/W,R/W,R,R,N,R/W,R/W,R/W,R,R,R/W,N,R/W,R/W,R/W,R/W,N,R,R,R,R/W,N,R,N,R,N,N,N,R/W,R,R,R/W,N,N,N,R/W,R,N,R/W,R,N,R,N,R,N,R,R,R,N,R,R/W,R,R/W,R,R/W,R,R,R/W,R/W,R/W,R/W,R,R,R/W,R/W,R,R,R,R,N,N,R,R/W,N,N,R/W,R/W,R,R,R,N,BL01UK04PL006,UKPL006,845,28.16666667,2021,gb
R_2azQokfXSR6FXKm,Female,University degree or equivalent,University degree or equivalent,35,65,0,NA,Polish;35;,English;65;,,90,10,0,NA,Polish,NA,10,7,NA,NA,I always (or almost always) speak Polish to my child,Polish,NA,10,6,NA,NA,I always (or almost always) speak Polish to my child,First,NA,1,9,Always (or almost always) English,,R/W,R/W,R/W,R/W,R,R/W,R/W,R/W,R/W,R/W,R/W,R/W,N,N,N,R,R/W,R/W,R,R,R,R,R,R/W,R,R/W,R,R,R,R,R,R,R/W,R,R,R,R,R,R,R,R,R,R,R,R,R,R,R,R,R,R,R,R,R,R,N,R,R/W,R,R,R,R/W,R/W,R,R,R,R,R,R,N,R,N,R,R,R,R,R/W,R/W,R,R,N,R,R,R/W,N,R,R,R,R,R,R,R,R,R,R,R,R,R,R,R,R,R/W,R/W,R,N,N,R,R,R,R,R,R,R,R,R,R,R,R,R,N,N,R,R,R,R,R,R,R,R,R,R,R,N,N,N,R,R,R,N,R,N,R,R,R,R,R,R,R,R,R,R,R,N,R,R,N,N,N,R,R,R,R,R,R,N,R,R,N,R,R,R,R,R,N,R,N,R,R,R,R,R,R,R,R,R,N,N,N,R,R,R,R,R,R,N,R,R/W,R,N,N,R,N,N,N,N,R,N,R,R,R,R,R,N,R,R,R/W,N,R,R,R,R,R,N,R/W,N,R,R,N,R/W,R/W,R/W,R,R,R/W,N,N,N,N,N,N,R,N,R/W,R,R/W,R,R/W,R,R/W,R,R,R,R/W,R,R,R,R/W,R,R,R/W,R,R,R,R/W,N,R,R,R,R,R,R,R,R,R,N,N,R,R,R,R/W,R,R,R,R,R,R,R,R,R,R,R,R,R,N,R,N,N,R,R,R,N,N,R/W,N,N,R,R,R,R,R,R,R,R,R,R,R,R,R,R,R,R,R,R,R,R,R,R,R,R,R,N,N,N,R,R,R,R,R,R,R,R,N,R,R,R,R,R,R,R,R,R,R,R,N,N,R,R,R,R,R,R,R,R,R,R,R,R,R,R,N,N,N,R,R,N,R,R,R,R,R,N,N,N,R,R,R,N,N,N,N,N,N,N,N,N,N,N,N,N,N,R,R,R,N,R,N,N,N,R,N,N,N,R,N,R,N,N,N,BL01UK03PL030,UKPL030,758,25.26666667,2021,gb
R_sMWnfvoyto4tOcF,Male,University degree or equivalent,University degree or equivalent,80,20,0,NA,Polish;80;,English;20;,,95,5,0,NA,Polish,NA,10,6,NA,NA,I always (or almost always) speak Polish to my child,Polish,NA,10,6,NA,NA,I always (or almost always) speak Polish to my child,Second,NA,2,24,Always (or almost always) English,,N,R,N,R,N,R,R,N,N,N,R,N,N,N,N,R/W,R,R,R,R,R,R,R,R,R,R,R,R,R,N,R,R,R,R,R,R,R,R,R,R,R,R,R,R,R,R,R,R,N,R,R,R,R,R,R,N,R,R,R,R,R,N,R,R,R,R,R,R,R,R,N,R,R,N,N,R,N,R,N,N,N,N,N,N,N,R,R,N,R,N,N,N,N,N,R,N,R,R,N,N,R,N,R/W,N,N,N,N,N,R,N,N,R,R,R,N,R,N,N,R,R,N,R,N,R,R,N,N,R,N,R,N,R,N,N,N,R,N,N,N,R,N,N,N,N,R,N,R,N,N,N,N,N,N,N,N,R,N,R,R,R,R,N,R,R,N,N,R,R,R,R,R,N,R,N,N,N,N,R,N,R,N,N,N,R,N,N,N,N,N,N,R,N,R,R,N,R,N,R,N,N,N,N,N,N,N,R,N,R,N,R,N,R,N,N,R,N,N,R,N,N,N,N,N,N,N,N,N,N,N,N,N,N,N,R,N,N,N,N,N,N,N,R,R,N,N,N,N,N,R,N,N,N,N,R,R,R,N,R,R,R,N,N,R,R,N,N,R,N,R,N,N,N,N,R,R,R,R,R,R,R,N,R,N,N,N,R,R,R,R,N,N,R,R,R,N,N,R,N,R,R,R,R,R,N,N,R,N,R,R,R,N,N,R,N,R,N,R,R,R,N,R,N,R,R,N,N,N,N,N,R,N,N,N,R,N,N,R,N,N,N,N,N,R,R,N,N,N,N,N,R,N,R,N,N,N,N,N,R,N,N,N,R,N,N,N,N,N,N,N,N,N,N,N,N,N,N,N,N,N,N,N,N,N,N,N,N,N,N,N,N,R,N,N,N,N,R,R,N,N,N,N,R,N,R,R,R,R,N,N,N,N,N,N,N,N,N,N,N,BL01UK02PL051,UKPL051,861,28.7,2021,gb
R_UtqBQEgdZfkZkNb,Female,University degree or equivalent,University degree or equivalent,30,70,0,NA,Polish;30;,English;70;,,40,60,0,NA,Polish,NA,10,9,NA,NA,I regularly speak both Polish and English to my child,English,NA,3,10,NA,NA,I regularly speak both Polish and English to my child,First,NA,1,10,Always (or almost always) English,,N,R,R/W,R,R/W,R/W,R/W,R/W,R,R/W,R/W,N,N,N,N,R,R,R,R,R,R,N,N,R,N,R,R,R,N,R,N,N,R,N,N,N,R,N,R,N,N,N,N,R,N,N,N,R,N,N,N,R,R,R,R,N,N,N,N,N,R,N,R,R,N,N,R/W,R,N,N,N,N,N,N,N,R,N,R/W,N,N,N,N,N,N,N,N,N,N,N,N,R,R,N,R,R,R,N,R,N,N,N,R,R,R,N,N,N,N,N,N,N,N,N,N,N,R,N,N,R,N,N,R,N,R,R,N,N,R,N,R,N,R,N,N,N,R,R,N,N,R,R,R,R,N,N,R,N,R,R,R,R,N,N,R,N,R,N,N,R,R,R,N,N,R,N,N,R,N,R,N,R,N,R,N,N,N,N,N,R,N,N,N,N,R/W,R,N,N,N,N,N,N,R,N,N,N,N,N,N,N,N,N,N,N,N,N,N,N,N,N,N,N,N,N,N,R,N,N,N,R,N,N,N,N,R,N,N,N,N,R,R,N,N,N,R/W,N,N,N,N,N,N,N,N,R/W,N,R/W,N,R/W,N,R/W,R,R,R,N,R,N,N,R/W,N,R,R/W,N,N,R,R/W,N,R,N,N,N,R,R/W,N,N,N,R,N,R,R,N,R,N,N,N,N,N,N,N,N,N,N,N,N,R,N,N,N,R,N,R,N,N,N,N,N,N,N,R,N,R,N,N,N,N,N,R,N,N,N,R,N,N,N,N,N,N,N,N,N,N,N,N,N,N,N,N,N,N,N,N,R,N,N,N,N,R,N,N,N,N,N,N,N,N,N,N,N,N,N,N,N,R,N,N,N,N,N,N,N,N,N,N,N,N,N,N,R,N,N,N,N,N,N,N,R,R,N,N,N,N,N,N,N,N,N,N,N,N,R,N,N,N,R,R,N,N,R,N,N,N,N,N,N,N,N,R,N,N,N,BL01UK03PL034,UKPL034,539,17.96666667,2021,gb
R_2Vvv18X2xgdpkey,Male,University degree or equivalent,Left school at 18 with A-Levels or equivalent,40,60,0,NA,Polish;40;,English;60;,,100,0,0,NA,Polish,NA,10,6,NA,NA,I always (or almost always) speak Polish to my child,Polish,NA,10,6,NA,NA,I always (or almost always) speak Polish to my child,First,NA,1,17,Always (or almost always) English,,R/W,R/W,R/W,R/W,R,R,R/W,R/W,R/W,R/W,R/W,R/W,R/W,N,N,R,R,N,R/W,N,R,N,N,N,N,R/W,N,N,N,N,N,N,R/W,N,N,N,N,N,N,N,N,R,N,N,N,N,N,R/W,R/W,R,R,R/W,R/W,R,R,R,R,R,R,N,R,N,R/W,R,R,R,R,R,R,N,N,N,N,N,N,R,R,R/W,N,N,N,R,R,N,N,R,R,N,R,N,N,N,N,N,R,R,N,R,R,R,R,R,R,R,R,R,R,N,R,R,N,R,R,R,R,R,N,N,N,N,N,R,N,N,R,N,N,R,N,R,N,N,N,R,N,N,N,N,N,R,R,R,R,R,R,N,R,R,R,R,N,R,R,R,R,R,N,N,N,N,R,N,R,R,N,N,R,R,N,R,N,N,R,N,N,N,R,N,R,R,R,R,R,R,R,N,N,R,R,R,R,R,R,R,N,N,R,R,N,R,R,N,N,R,N,R,R,N,N,R,R,R,R,R,R,N,N,R,R,R,R,R,R,N,N,R,R/W,N,N,R/W,R/W,R,R,R/W,N,N,N,N,N,N,N,N,R/W,N,R/W,R/W,R/W,N,R,R,R,R,R,R,N,R/W,R/W,R,N,R/W,R,N,R,R/W,R,R,R,R,R,R,R,R,N,R,R,R,R,R,R,R/W,R,R,R,R/W,R,R/W,R,R,R,R,R,R,R,R,R,N,R,R,R,R,R,R,R,R,N,R,R,N,R,R,R,N,R,R,R,N,R,R,R,N,R,R,R,R,R,R,N,R,R,R,R,N,R,R,N,N,N,R,N,N,R,N,R/W,R,R,N,N,R,N,R,R,N,N,N,N,R/W,N,R,R,N,N,N,N,N,N,N,N,N,R,N,N,N,N,N,N,R,N,N,R,R,R,R,R,R,N,R,R,R/W,R,R,N,R/W,N,N,R,N,R,N,R,R,R,R,R,R,R,R,N,N,N,N,N,N,N,N,R,N,N,N,BL01UK04PL019,UKPL019,705,23.5,2021,gb
R_31z8BTBVOEIXI42,Female,Left school at 18 with A-Levels or equivalent,University degree or equivalent,70,30,0,NA,Polish;70;,English;30;,,90,10,0,NA,Polish,NA,9,7,3,Spanish,I always (or almost always) speak Polish to my child,Polish,NA,9,5,NA,NA,I always (or almost always) speak Polish to my child,First,NA,1,9,Always (or almost always) English,,R/W,R/W,R/W,R,R,R,R,R,R,R/W,R,R,N,N,N,R,R,R,R,N,R,N,N,R,R,N,R,R,R,R,N,N,N,N,R,R,N,N,R,N,R,N,N,R,N,N,R,R,N,N,N,N,R,R,N,N,R,R,R,R,R,R/W,N,R,R,N,R,R,N,R,N,N,R,R,N,R,R,R,R,N,N,R,R,N,N,R,R,N,R,R,N,R,N,N,R,N,R,R,N,R,R,R,R,R,N,N,R,R,R,R,N,R,R,R,R,R,N,N,R,R,N,R,N,R,R,R,N,R,R,R,R,R,N,N,N,R,R,N,R,R,N,R,R,R,R,R,R,R,R,R,R,R,N,R,N,R,R,N,N,R,R,N,R,N,N,N,R,N,R,N,N,N,R,N,R,N,N,N,R,N,N,N,N,R,N,N,N,N,R,N,N,N,N,N,N,R,R,R,N,N,R,N,N,R,N,N,N,N,N,N,N,R,R,N,R,R,N,N,R,R,N,N,N,R/W,N,N,N,N,R/W,R,R,N,N,R/W,N,N,N,N,N,N,N,N,R/W,N,R,R,R,R,R,R,N,N,R,R,N,N,R,R,N,R,R,N,N,R,N,N,N,N,N,R,R/W,N,N,N,N,N,R,R,R,R,N,N,R,N,N,N,R,N,N,R,N,R,R,N,N,N,R,N,N,N,R,N,R,N,N,N,R,N,N,N,N,N,N,N,N,N,N,N,R,N,N,R,N,N,N,N,N,N,R,N,N,N,N,N,N,N,R,R,N,N,N,N,R,N,R,N,N,N,N,N,N,N,N,N,N,N,N,N,N,N,N,R,N,N,N,N,N,N,R,N,N,N,N,R,N,N,N,N,N,N,N,N,N,N,N,N,N,R,N,N,N,N,N,N,N,R,N,N,N,R/W,R,R,R,N,N,N,N,N,N,N,N,N,N,N,N,N,N,N,BL01UK02PL048,UKPL048,489,16.3,2021,gb
R_1pRVkJPEcZ6B5E4,Male,University degree or equivalent,University degree or equivalent,75,25,0,NA,Polish;75;,English;25;,,85,15,0,NA,Polish,NA,10,8,NA,NA,I always (or almost always) speak Polish to my child,Polish,NA,10,7,NA,NA,I always (or almost always) speak Polish to my child,Second,NA,2,NA,NA,,R/W,R/W,R/W,R/W,N,R/W,N,R/W,R/W,R/W,R/W,R/W,N,N,N,R,R,R,R,N,R,N,N,R,R,R,R,R,N,R,N,R,R,N,R,R,R,N,N,N,N,N,N,N,N,N,N,R,R,R,N,N,R,R,R,R,R,R/W,R,R,R,N,R,R/W,R,R,R/W,R,R,R,N,R,N,N,N,R,N,R/W,N,N,R,R,R,N,R,R/W,N,R/W,N,R,N,N,R,N,R,R,N,R,N,N,R,N,R,N,R,R,R,N,R,R,N,R,R,R,R,R/W,N,N,N,N,N,R,N,R,R,R,N,R,N,R,N,N,N,N,N,R,N,N,N,R,N,R,R,R,N,R,N,N,N,R,R,N,N,R,N,R,N,R,R,R,R,N,R,N,N,N,R,R,R,R,R,N,R,N,R,N,N,N,N,R,N,N,R,R,R,N,N,N,N,R,N,R,N,N,R,R,R,N,R,N,N,N,R,R,R,R,R,R,N,R,N,R,N,R,R,R,R,R,R,R,N,N,N,R/W,R,R,N,N,N,R,N,N,N,R/W,N,R/W,N,R,R,R,N,N,R/W,N,R,R,R,R,R/W,R,N,N,N,R,N,N,N,N,R,R/W,N,N,N,R/W,N,R,R,N,R,R,R,R,N,R,R,R,R,R,R,R,N,N,R,N,N,N,R,R,R,R,R,R,R/W,N,N,R,N,N,R,R,R,N,R,N,R,R,R,N,R,R,R,N,R,N,R,N,N,R,N,N,R,R,N,N,N,N,N,R,N,N,N,N,R,R,R,N,R,R,R,N,N,N,N,N,R,N,N,N,N,R,N,N,N,N,N,R,N,R,N,N,R,R,N,N,N,R,N,N,N,N,N,N,N,R,R,R,N,N,N,N,N,N,N,N,N,N,N,R,N,N,N,N,N,N,N,N,R,N,N,N,R,N,R,N,R,N,N,N,N,N,N,N,N,N,N,N,N,N,BL01UK03PL039,UKPL039,744,24.8,2021,gb
R_3qgMPbN9rSI8XZ1,Female,University degree or equivalent,Left school at 16 with GCSE or equivalent,70,30,0,NA,Polish;70;,English;30;,,90,10,0,NA,Polish,NA,10,8,NA,NA,I regularly speak both Polish and English to my child,Polish,NA,10,5,NA,NA,I always (or almost always) speak Polish to my child,First,NA,1,27,Always (or almost always) English,,R/W,R/W,R/W,R/W,R/W,R/W,R/W,R/W,R/W,N,R/W,R,R,R,R,R/W,R/W,R/W,R/W,R/W,R/W,R/W,R/W,R/W,R/W,R/W,R/W,R/W,R/W,R/W,R/W,R/W,R/W,R/W,R/W,R/W,R/W,R/W,R/W,R/W,R/W,R/W,R/W,R/W,R/W,R,R/W,R/W,R/W,R/W,R/W,R/W,R/W,R/W,R/W,R,R/W,R/W,R/W,R/W,R/W,R/W,R/W,R/W,R/W,R/W,R/W,R/W,R/W,R/W,R,R/W,R/W,R/W,R/W,R/W,R/W,R/W,R/W,R/W,R/W,R/W,R/W,N,R/W,R/W,R/W,R/W,R/W,R/W,R/W,R/W,R/W,R/W,R/W,R/W,R,R/W,R/W,R/W,R/W,R/W,R/W,R/W,R/W,R/W,R/W,R,R/W,R/W,R,R/W,R/W,R/W,R,R/W,R/W,R/W,R/W,R/W,R,R/W,R/W,R/W,R/W,R/W,R/W,R/W,R/W,R/W,R/W,R/W,N,R,N,R/W,R/W,R/W,N,R/W,R/W,R/W,R/W,R/W,R/W,R/W,R/W,R/W,R,R/W,R/W,R,R,R/W,R,R/W,R,R/W,R/W,R/W,R/W,R/W,R/W,R/W,N,R/W,R/W,R/W,R/W,R,R/W,R,R/W,R,R/W,N,R,R/W,R/W,R/W,R/W,R/W,R/W,R/W,R/W,N,N,R,R/W,R/W,R/W,R/W,R/W,R/W,R,R/W,R,R/W,R/W,N,R/W,N,R,R/W,R,R/W,R/W,R/W,R,R/W,R,R/W,R/W,R/W,R,R,R,R/W,R/W,R/W,R/W,R/W,R/W,R/W,R,R/W,R/W,R/W,R/W,R/W,R/W,R/W,R/W,R/W,N,R,N,R/W,R/W,R,R/W,R,R/W,R/W,R/W,R/W,R/W,R/W,R/W,R/W,R,R/W,R/W,R/W,R/W,R/W,R/W,R,R/W,R/W,R/W,R/W,R/W,R/W,R/W,R/W,R/W,R/W,R/W,R/W,R/W,R/W,R/W,R/W,R/W,R/W,R/W,R/W,R/W,R/W,R/W,R/W,R/W,R/W,R/W,R/W,R/W,R/W,R/W,R/W,R/W,R/W,R/W,R/W,R/W,R,R,R,R,R/W,R/W,R,R/W,R/W,R,R/W,R/W,R/W,R/W,R/W,R/W,R/W,R/W,R/W,R/W,R,R/W,R/W,R/W,R,R/W,R/W,R,R,R,R/W,R,N,R/W,N,N,R/W,R/W,R/W,R/W,R/W,R/W,R/W,R/W,R/W,R/W,N,R/W,R/W,R/W,R/W,R/W,R/W,N,R/W,N,R/W,N,R,N,R/W,R/W,R/W,N,R/W,N,N,R/W,R/W,R/W,R/W,N,R/W,R/W,R/W,R/W,R/W,R/W,R/W,N,R/W,N,R,R/W,R/W,R,R,R/W,R/W,R/W,R/W,R,R/W,R,R,R/W,R,R/W,R/W,R/W,N,R/W,R,R,R/W,R/W,R/W,R,R,R/W,R/W,R,N,N,R/W,N,N,N,N,R/W,N,N,N,BL01UK03PL038,UKPL038,834,27.8,2021,gb
R_9so0LX1MiM7iprz,Female,Left school at 18 with A-Levels or equivalent,Left school at 18 with A-Levels or equivalent,70,30,0,NA,Polish;70;,English;30;,,90,10,0,NA,Polish,NA,10,8,NA,NA,I regularly speak both Polish and English to my child,English,NA,1,10,NA,NA,I always (or almost always) speak English to my child,Second,NA,2,NA,NA,,R,R/W,N,N,N,N,N,N,N,R/W,N,N,N,N,N,R,R,R,R,N,R,N,R,N,R,R,N,N,N,N,N,N,R,N,N,R,R,N,N,N,N,N,N,N,N,N,N,R,R,N,N,N,R,R,N,N,N,R,N,R,R,R,R,R,R,R,R/W,R,R,N,N,N,N,N,N,R,N,R,R,R,R,R,N,N,N,R,R,N,N,N,N,N,R,N,R,R,R,R,R,R,R,R,R,R,R,R,N,N,R,R,R,R,R,R,R,R,N,N,N,R,N,R,N,N,R,R,N,R,N,R,N,R,N,N,N,R,R,N,N,R,N,R,R,N,R,R,N,N,R,R,R,N,N,R,N,R,N,R,N,R,R,N,R,N,N,N,R,N,R,N,R,N,R,N,N,N,N,R,R,N,N,R,N,R,R,N,N,N,R,R,R,R,R,N,N,R,N,R,N,N,N,N,N,N,N,N,N,R,N,R,N,R,N,N,R,R,N,R,R,R,N,N,N,R,N,N,N,N,N,R/W,R,N,N,R,N,N,N,N,N,N,N,R,R,N,R/W,R,N,R,R/W,N,N,R,R,R,N,N,R,R,R,R,N,N,R,R,N,R,R,R,R,N,R/W,N,R,R,R,N,R,R,R,R,N,N,R,N,N,R,N,R,R,R,R,R,R,R,N,R,R,R,R,R,N,N,N,N,N,R,R,N,R,R,N,N,N,R,R,N,N,R,R,R,N,N,R,N,N,N,N,R,R,R,N,N,R,R,R,R,N,N,N,N,R,N,R,N,N,N,N,N,N,R,R,N,N,N,N,N,N,N,N,N,N,N,N,N,N,N,N,N,N,N,N,N,N,R,N,R,N,N,R,N,N,N,N,N,N,N,N,R,N,N,R,R,N,N,R,R/W,N,R,N,R,R,R,R,N,R,R,R,N,R,N,N,N,R,N,R,N,N,N,BL01UK05PL012,UKPL012,647,21.56666667,2021,gb
R_2ByykDHaMlaS7KH,Male,University degree or equivalent,University degree or equivalent,65,35,0,NA,Polish;65;,English;35;,,50,50,0,NA,Polish,NA,10,9,NA,NA,I always (or almost always) speak Polish to my child,English,NA,NA,10,NA,NA,I always (or almost always) speak English to my child,Third,NA,3,13,Always (or almost always) English,,R/W,R/W,R/W,R/W,R/W,R/W,R/W,R/W,R/W,R/W,R/W,R/W,N,N,N,R,N,R/W,R,R,R,N,N,R/W,R,R,N,R/W,R,R,R,R,R/W,R/W,R,R,R,R,R,R/W,R/W,R/W,R,R/W,R/W,R/W,R,R/W,R/W,R/W,R,R/W,R/W,R/W,R/W,R/W,R/W,R/W,R/W,R,R,R,R/W,R/W,R,R,R/W,R/W,R/W,N,R/W,R/W,R,R/W,N,R/W,R/W,R/W,R/W,R/W,R/W,R,R/W,R/W,N,N,R/W,R/W,R/W,R,N,R/W,R/W,R/W,R/W,R/W,R,R/W,R,R,R/W,R/W,R/W,R,R,R,R,R,R/W,R/W,R/W,R,R,R/W,R,R/W,N,R,R,N,N,R,N,R,R,R,N,R,R,R,N,N,N,R,R/W,R,N,N,R/W,R,N,R,R,R,R,N,N,R,N,R,R/W,N,N,R,R,R,N,N,R/W,R/W,N,R,R,R,N,R,R/W,R/W,R/W,R,R,N,R/W,N,N,N,N,R/W,R,R,R,N,N,R/W,R,N,N,N,N,R/W,R/W,N,R,R,N,R,R,N,N,N,R,N,N,R,N,R,N,N,N,R,N,R/W,R/W,R,R,R,R,R,R,R,N,R,R,N,R,R/W,R/W,N,N,R/W,N,R/W,N,R/W,N,N,N,R/W,R/W,R/W,N,N,R/W,R/W,R/W,R,R,R,R/W,R,R,R/W,R/W,R,R,N,R/W,R,R,R/W,R/W,R,R,R,N,R/W,R,R,R,R/W,R/W,R,N,R,R,R/W,R/W,R,R/W,R,N,R,R,R,R,N,N,R,N,R/W,R,R/W,R/W,R/W,R/W,N,R,R,R,R/W,R/W,R,R,R,N,R,R,R/W,R,R/W,R,N,R/W,R,R/W,N,R/W,R,N,R,R,N,R,N,N,R/W,N,R,R,R,N,R,R,N,R/W,R/W,R/W,R/W,R/W,R,R,N,R,R/W,R,R,R,R/W,R,R/W,R,R,N,N,N,R/W,N,R,R,R,R,R,N,N,N,R/W,R,R,R/W,R/W,R,R/W,R,R,R,R,N,N,N,N,N,N,N,N,R,N,N,R,N,N,N,R,N,R,R,R,N,N,R/W,N,R/W,R/W,R,R,R/W,R,N,N,N,N,N,N,N,N,N,N,N,N,BL01UK04PL028,UKPL028,647,21.56666667,2021,gb
R_BX24YuHXy26Z7BD,Female,University degree or equivalent,University degree or equivalent,25,75,0,NA,Polish;25;,English;75;,,90,10,0,NA,Polish,NA,10,7,NA,NA,I always (or almost always) speak Polish to my child,Polish,NA,10,6,NA,NA,I always (or almost always) speak Polish to my child,First,NA,1,9,Always (or almost always) English,,R/W,R/W,R/W,R/W,R,R,R/W,R/W,R/W,R/W,R/W,R/W,N,N,R,R,R,R,R,R,R,N,R,R/W,R,R/W,R,R,R/W,R,R,R,R,R/W,R,R,R,R,R,R,R,R,N,R/W,R,N,R,R/W,R,R,R,R,R,R,R,R,R,R/W,R,R,R,R/W,R/W,R,R,N,R/W,R,R,R,R,N,R,R,R,R,R/W,R/W,R/W,R,R,R,R,N,N,R,R,R,R,R,R,R,R,R,R,R,R,R,R,R,R,R/W,R/W,R,R,N,R/W,N,R,R,R,R,R,R,R,R,N,R,R,N,N,R,N,R,R,R,R,R,N,R,R,R,R,R,N,R,R,N,N,R,N,R,R,R,N,R,R,R,N,R,R,R,N,R,N,R,N,R,R,R/W,R/W,R,N,R,N,R,R,R,R,R,R,R,R,R,R,N,R,R,N,R,N,N,R,R,R,N,N,N,R,N,R,R,R,R,R,R,R,R,R,N,R,N,N,N,N,R,N,R,N,R,R,R,R,R,R,R/W,N,R,R,R,R,R,N,R/W,N,R,R,R,R/W,R/W,R/W,R,N,R/W,N,N,N,N,N,R,R,N,R/W,R,R/W,R,R/W,R,R/W,R,N,R,R/W,R,R,N,R/W,R,R,R/W,R/W,N,R,R/W,R,R,R,R/W,R,R,R/W,R,N,R,R,R,N,R/W,R/W,R,R,R,R,R,N,N,R,R,R,R,R,R,R,R,R,R,R,R,R,R,R,R,R,R,N,R,R,R,R,R,R,R,R,N,R,R,R,R,R,N,R,R,N,N,R,R,N,R,R,R,N,N,R,R,R,R,R,R,R,R,R,N,R,R,R,R,R,R,R,R,R,R,R,R,R,R,N,R,R,R,R,R,R,R,R,R,N,R,R,N,R,R,R,R,R,R,R,R,R,N,R,N,N,N,R,N,R,N,N,N,R,R/W,N,R,R,N,R/W,N,R,N,R,R,R,R,R,N,N,N,R,N,N,R,R,R,R,R,R,N,BL01UK04PL030,UKPL030,798,26.6,2021,gb
R_7Wmr5E9S5d3iIDf,Male,Left school at 16 with GCSE or equivalent,University degree or equivalent,70,30,0,NA,Polish;70;,English;30;,,80,20,0,NA,Polish,NA,10,8,NA,NA,I always (or almost always) speak Polish to my child,English,NA,1,10,NA,NA,I always (or almost always) speak English to my child,First,NA,1,NA,NA,,N,N,N,N,N,N,N,N,N,N,N,N,N,N,N,N,N,N,R,N,N,N,N,N,N,N,N,N,N,N,N,N,N,N,N,N,N,N,N,N,N,N,N,N,N,N,N,N,N,N,N,N,N,N,N,N,R,N,N,N,N,N,N,N,N,N,N,N,N,N,N,N,N,N,N,N,N,N,N,N,N,N,N,N,N,N,R,N,N,N,N,N,N,N,N,N,N,R,N,N,R,N,N,N,N,N,N,N,R,N,N,N,N,N,N,R,N,N,N,N,N,N,N,N,R,N,N,R,N,N,N,N,N,N,N,N,N,N,N,N,N,N,N,N,R,N,N,N,N,N,N,N,N,N,N,N,N,N,N,R,N,N,N,N,N,N,N,N,N,N,N,N,N,N,N,N,N,N,N,N,N,N,N,N,N,N,N,N,N,N,N,N,N,N,N,N,N,N,N,N,N,N,N,N,N,N,N,N,N,N,N,N,N,N,N,N,N,N,N,N,N,N,N,R,N,N,N,N,N,R,N,N,N,R,N,N,N,N,N,N,N,N,R,N,R,N,N,R,R,N,N,N,N,N,N,N,R,R,R,R,N,N,N,R,N,N,N,N,N,N,R,N,N,N,N,N,N,R,N,N,N,N,N,N,N,N,N,N,N,N,N,N,R,N,N,N,N,N,N,N,N,N,N,N,N,N,N,N,N,N,N,N,N,N,N,N,N,N,N,N,N,N,N,N,N,N,N,N,N,N,N,N,N,N,N,N,N,N,N,N,N,N,R,N,N,N,N,N,N,N,N,N,N,N,N,N,N,N,N,N,N,N,N,N,N,N,N,N,N,N,N,N,N,N,N,N,N,N,N,N,N,N,N,N,N,N,N,N,N,N,N,N,N,N,N,N,N,N,N,N,N,N,N,N,N,N,N,N,N,N,N,N,N,N,N,N,N,N,BL01UK02PL050,UKPL050,647,21.56666667,2021,gb
R_pH0MwVVS2CPnV9D,Male,University degree or equivalent,University degree or equivalent,30,70,0,NA,Polish;30;,English;70;,,30,70,0,NA,Polish,NA,10,8,0,NA,I regularly speak both Polish and English to my child,English,NA,2,10,0,NA,I always (or almost always) speak English to my child,First,NA,1,12,Always (or almost always) English,,R/W,R/W,R/W,R/W,R/W,R/W,R/W,R/W,R/W,R/W,R/W,R/W,R,N,N,R,R/W,R/W,R,R,R,R,R,R,R,R/W,R,R,N,R/W,N,R/W,R/W,R/W,R,R,R,R,R,R,R,R,R,R,R,R,R,R/W,R/W,R,R/W,R/W,R,R,R,R,R,R,R,R,R,N,R/W,R,R,R,N,R/W,R,R,R,R,R,N,N,R,R/W,R/W,R,R,R,R,R,R,N,R/W,R,R,R,R,R,R/W,R/W,R/W,R/W,R,R,R,R,R,R,R/W,R/W,R,R,R,R/W,R,R,R,R,R/W,N,R,R,R/W,R,R,R,N,N,R,N,R,R,R,N,R,R,R,N,R,N,R,N,R,R,N,N,R,R,R,R,R,R,R,R,R,R,R,R,R,N,R,R,R,R,N,R,R/W,R,R,R,R,N,R,R,R,R,R,R,N,R/W,N,R,N,N,R,R,R,R/W,N,R,R/W,R,R,N,N,R,R,R,R,R,R,N,R,N,R,N,N,N,N,N,R,N,R,N,N,R,R,R,R,R,R,R,R,N,R,R,R,R,R,R,R/W,N,R,N,N,R/W,R/W,R,R,R,R/W,N,R,N,R/W,R,R,N,N,R/W,R,R/W,R,R,R,R/W,R,R,R,R/W,R,R,R,R/W,R,R,R/W,R,R,R,R/W,N,R,R,N,N,R,R,R,N,N,R,N,R,R,R,R,R,R,R,R,N,R,R,R,R,R,R,R,R,R,R,R,R,R,R,R,R,N,R,N,N,R,R,N,R,R,N,R,R,N,R,N,R,R,R,N,R,R,N,N,N,R,N,R,R,N,N,N,R,N,R,N,R,R,N,R,N,N,R/W,R,R,R,N,N,N,R,R,R,N,R,N,R,N,R,R,N,R,R,N,R,N,R,N,R,R,N,N,N,R,R,N,R,N,N,R,R,N,N,N,R/W,R,R,R,R,N,N,R,R,N,R,R,R,R,N,N,R,R,R,R,R,R/W,R,R,N,N,N,N,N,R/W,N,R,N,N,R,BL01UK05PL004,UKPL004,921,30.7,2021,gb
R_3po0T4C6QEpxgdE,Female,University degree or equivalent,University degree or equivalent,40,60,0,NA,Polish;40;,English;60;,,95,5,0,NA,Polish,NA,10,8,NA,NA,I always (or almost always) speak Polish to my child,Polish,NA,10,7,NA,NA,I always (or almost always) speak Polish to my child,First,NA,1,14,Always (or almost always) English,,R/W,R/W,R/W,R/W,R/W,R/W,R/W,R/W,R/W,R/W,R/W,R/W,R/W,N,R/W,R/W,R/W,R/W,R/W,R/W,R/W,R,R/W,R/W,R/W,R/W,R/W,R/W,R/W,R,R/W,R/W,R/W,R/W,R,R/W,R/W,R/W,R/W,R/W,R/W,R/W,R,R/W,R/W,R,R/W,R/W,R/W,R,R/W,R/W,R,R/W,R/W,R,R/W,R/W,R,R/W,R/W,R/W,R/W,R/W,R,R,R/W,R/W,R/W,R,R/W,R/W,R/W,R/W,R/W,R/W,R/W,R/W,R/W,R/W,R/W,R/W,R,R/W,R/W,R/W,R/W,R/W,R/W,R,R/W,R/W,R/W,R/W,R/W,R/W,R,R/W,R,R/W,R/W,R/W,R/W,R/W,R/W,R,R/W,R,R/W,R/W,R,R/W,R,R/W,R/W,R/W,N,R,R/W,R/W,R,R/W,N,R/W,R/W,R/W,R/W,R/W,R/W,R/W,R,R,R,R,R/W,R/W,R/W,R,R/W,R/W,R,R/W,R,R,R,R/W,R/W,R/W,N,R/W,R/W,R,R,R/W,R,R/W,R,R,R/W,R/W,R/W,R,R/W,R,N,R/W,R/W,N,R/W,R,R,R/W,R/W,R/W,R,R,R,R/W,N,R,R/W,R/W,R/W,R/W,R/W,N,R,R,R,R,R/W,R/W,R/W,R/W,R,R/W,R,R/W,R,R,R/W,R,R,R/W,R,R,R,R,R,R,R,R/W,R/W,R/W,R,R,R,R/W,R/W,R/W,R,R/W,R,R/W,R/W,R/W,R/W,R/W,R,R/W,R/W,R/W,R/W,R/W,R,R/W,R,R/W,R/W,R,R,R/W,R/W,R/W,R/W,R/W,R/W,R/W,R/W,R,R/W,R/W,R/W,R/W,R/W,R/W,R/W,R/W,R/W,R/W,R/W,R,R/W,R/W,R,R/W,R,R,R/W,R/W,R/W,R,R,R,R/W,R,R/W,R/W,R/W,R/W,R,R,R/W,R,R/W,R,R,R,R,R/W,R/W,R,R/W,R,R/W,R,R,R,R,R,R/W,R,R,R,R,R,R/W,R,R/W,R,R,R,R,R,R/W,R,R,R/W,R/W,R,N,R,R/W,R,R,R,R,R,R/W,R,N,R,R/W,R,R/W,R/W,R/W,R/W,R/W,R,R/W,R,R/W,R/W,R/W,R,R,R/W,R/W,R/W,R/W,R,R,R,N,R/W,R/W,R/W,R,R,R,R,R,R,R,R/W,R,R,R/W,R,R/W,R,R/W,R/W,R/W,R/W,N,N,R/W,R,R,N,R,R/W,R,R,R,R/W,R,R,R/W,R/W,R,R/W,R/W,R/W,R/W,R/W,R/W,R,R/W,R,R,R,R/W,R/W,R,R,R,R/W,R,R,R,R/W,R/W,R/W,N,N,BL01UK02PL057,UKPL057,732,24.4,2021,gb
R_2Ptz56sxviQ84UQ,Male,University degree or equivalent,University degree or equivalent,50,50,0,NA,Polish;50;,English;50;,,95,5,0,NA,Polish,NA,10,0,1,French,I always (or almost always) speak Polish to my child,Polish,NA,10,9,0,NA,I always (or almost always) speak Polish to my child,First,NA,1,10,Always (or almost always) English,,N,N,N,N,N,N,N,N,N,N,N,N,N,N,N,N,N,N,N,N,N,N,N,N,N,N,N,N,N,N,N,N,N,N,N,N,N,N,N,N,N,N,N,N,N,N,N,R,R,N,N,R,N,N,N,N,R,N,N,N,N,N,N,R,N,N,R,R,N,N,N,N,N,N,N,N,N,R,N,N,N,N,N,N,N,R,R,N,N,N,N,N,N,N,N,N,N,R,R,N,N,R,N,N,N,N,N,N,N,N,N,R,N,R,N,R,N,N,N,N,N,R,N,N,N,N,N,N,N,N,N,N,N,N,N,R,N,N,N,N,N,R,R,R,N,N,N,R,N,N,N,N,N,N,N,R,N,N,N,N,N,N,N,N,N,N,N,N,N,N,N,N,N,N,N,N,N,N,N,N,N,N,N,N,N,N,N,N,N,N,R,N,N,R,N,N,N,N,N,N,N,N,N,N,N,N,N,N,N,N,N,N,R,N,R,R,N,N,N,N,N,N,N,R,N,N,N,N,R,N,N,N,N,R,N,N,N,N,N,N,N,N,R,N,R,N,N,N,N,N,N,N,R,R,N,N,R,R,N,R,R,N,N,R,N,N,N,N,N,N,N,N,N,N,N,N,N,R,N,R/W,N,N,N,N,N,N,N,N,N,N,N,N,N,N,N,N,N,N,N,N,N,N,N,N,N,N,N,N,N,N,N,N,N,N,R,N,N,N,N,N,N,N,N,N,N,N,N,N,N,N,N,N,N,N,N,N,N,N,N,N,N,N,N,N,N,N,N,N,N,N,R,N,N,N,N,N,N,N,N,N,N,N,N,N,N,N,N,N,N,N,N,N,N,R,N,R,N,N,N,N,N,N,N,N,N,N,N,N,N,N,N,N,N,N,N,N,N,N,N,N,N,N,N,N,N,N,N,N,N,N,N,N,N,N,N,N,N,N,BL01UK02PL055,UKPL055,468,15.6,2021,gb
R_1QyZPVxL9Bu7VpX,Male,University degree or equivalent,Left school at 16 with GCSE or equivalent,20,80,0,NA,Polish;20;,English;80;,,40,60,0,NA,Polish,NA,10,9,NA,NA,I regularly speak both Polish and English to my child,English,NA,NA,10,NA,NA,I always (or almost always) speak English to my child,First,NA,1,NA,NA,,N,R,N,N,N,N,N,N,R,N,N,N,N,N,N,N,N,N,N,N,N,N,N,N,N,N,N,N,N,N,N,N,N,N,N,N,N,N,N,N,N,N,N,N,N,N,N,N,N,N,N,N,N,N,N,N,N,N,N,N,N,N,N,N,N,N,R,N,N,N,N,N,N,N,N,N,N,R,N,N,N,N,N,N,N,N,N,N,N,N,N,N,N,N,N,N,N,R,N,N,N,N,N,N,N,N,N,N,N,N,N,N,N,N,N,N,N,N,N,N,N,N,N,N,R,N,N,N,N,N,N,N,N,N,N,N,N,N,N,N,N,N,R,N,N,N,N,N,N,N,N,N,N,R,N,N,N,N,N,N,N,N,N,N,N,N,N,N,N,N,N,N,N,N,N,N,N,N,N,N,N,N,N,N,N,N,N,N,N,N,N,N,N,N,N,N,N,N,N,N,N,N,N,N,N,N,N,N,N,N,N,N,N,N,N,N,N,N,N,N,N,N,N,R,N,N,N,N,R,N,N,N,N,N,N,N,N,N,N,N,N,N,N,N,R,N,R,N,R,N,N,N,N,N,N,N,N,N,N,N,N,N,N,N,N,N,N,N,N,N,N,N,N,N,N,N,N,N,N,N,N,N,N,N,N,N,N,N,N,N,N,N,N,N,N,N,N,N,N,N,N,N,N,N,N,N,N,N,N,N,N,N,N,N,N,N,N,N,N,N,N,N,N,N,N,N,N,N,N,N,N,N,N,N,N,N,N,N,N,N,N,N,R,N,N,N,N,N,N,N,R,N,N,N,N,N,N,N,N,N,N,N,N,N,N,N,N,N,N,N,N,N,N,N,N,N,N,N,N,N,N,N,N,N,N,N,N,N,N,N,N,N,N,N,N,N,N,N,N,N,N,N,N,N,N,N,N,N,N,N,N,N,N,N,N,N,N,N,BL01UK02PL058,UKPL058,736,24.53333333,2021,gb
R_1F33YGl9hFjN7gw,Female,University degree or equivalent,University degree or equivalent,20,80,0,NA,Polish;20;,English;80;,,25,75,0,NA,Polish,NA,10,8,NA,NA,I regularly speak both Polish and English to my child,English,NA,2,10,NA,NA,I always (or almost always) speak English to my child,First,NA,1,15,Always (or almost always) English,,N,R/W,N,N,N,N,N,R/W,R/W,R/W,R/W,N,N,N,N,R,R,R,R,N,R,N,R,R,N,R/W,R,R/W,N,R/W,N,R,R,R,N,N,R/W,R,R,N,N,R,N,R,N,N,R,R,R,N,N,N,N,R,R,N,N,R,N,R,N,R/W,R/W,R,N,N,R/W,R,R,N,R,N,N,N,N,R,R,R/W,N,R,N,N,R,R/W,R/W,R,N,N,N,N,R/W,R/W,N,R/W,R,N,N,R,R,R,R,R/W,R,R,R,R,R/W,N,N,R,N,R,R,R,R,R,N,R,N,N,N,N,N,R,N,R,N,R,N,N,N,N,N,N,N,N,N,N,N,N,N,N,R,N,N,R,N,R,N,N,N,N,N,N,N,R,N,R,R,R,N,R,R,N,N,R,R,N,N,R,N,N,R/W,N,N,N,N,R,N,R,N,N,N,R,N,N,N,N,R/W,N,N,N,N,R,N,N,N,N,N,N,N,N,N,N,N,N,N,N,N,N,N,R,N,N,N,N,N,N,R,N,N,R,N,R/W,N,N,N,N,R/W,N,N,N,N,R/W,N,N,N,N,N,N,N,N,R/W,N,R,N,R/W,N,N,R,N,N,R/W,R,N,N,R,N,N,R/W,N,N,N,R/W,N,N,N,N,N,N,N,N,N,N,N,N,N,N,N,N,N,R,N,N,R,N,N,N,N,N,N,N,N,N,N,R,R,N,N,N,N,N,N,N,N,N,N,N,N,N,N,N,N,N,R,N,N,N,N,N,N,N,N,N,N,N,N,N,N,N,N,N,N,N,N,N,N,N,N,N,N,N,N,N,N,N,N,N,N,N,N,N,N,N,N,N,N,N,N,N,N,N,N,N,N,N,N,N,N,N,N,N,N,N,N,N,N,N,N,N,N,N,N,N,N,N,N,N,N,N,N,N,N,N,N,N,N,N,N,N,N,N,N,N,N,N,N,N,N,N,N,N,N,N,N,N,N,N,BL01UK02PL067,UKPL067,562,18.73333333,2021,gb
R_3jebI6j4nGwP2tk,Female,University degree or equivalent,University degree or equivalent,90,10,0,NA,Polish;90;,English;10;,,99,1,0,NA,Polish,NA,10,8,NA,NA,I always (or almost always) speak Polish to my child,Polish,NA,10,7,NA,NA,I always (or almost always) speak Polish to my child,First,NA,1,NA,NA,,R/W,R,R,R/W,R,R/W,R/W,R/W,R/W,R/W,R/W,R/W,R,R,R,R/W,R/W,R,R,R,R,R,R,R,R,R,R,R,R,R,R,R,R,R,R,R,R,R,R,R,R,R,R,R,R,R,R,R,R,R,R,R,R,R,R,R,R,R,R,R,R,R/W,R,R,R,R,R,R,R,N,R,N,R,R,R,R,R/W,R/W,R,R,R,R,R,R,R,R,R,R,N,R,R,R,R,R,R,R,R,R,R,R,R,R,R/W,R,N,R,R,R,R,R,R,R/W,R,R,R,R,R,R,R,R,N,R,N,R,R,R,R,R,R,R,R,R,R,R,R,R,R,R,R,R,R,R,R,R,R,R,R,R,R,R,R,R,R,R,R,R,R,N,R,R,R,R,R,R,R,R,R,R,R,R,R,R,R,R,R,N,R,R,N,R,R,N,R,R,R,N,R,R,R,R,R,R,R,R,R,R,R,R,R,R,R,R,R,R,N,R,R,R,R,R,R,R,N,R/W,R,R,R,R,R,R,R,R,R,R/W,N,R,N,R,R/W,R/W,R,R,R,R/W,N,N,N,R,R,N,R,N,R/W,R,R/W,R,R/W,R,R,R,R,R,R/W,R,R,N,R/W,R,R,R/W,R,N,R,R,R,R,R,R,R,R,R/W,R,R,R,R,R,R,R,R/W,R/W,R,R/W,R,R,R,R,R,R,N,R,R,R,R,N,R,R,R,R,R,R,R,R,R,N,R,R,R,R,R,R,R,R,R,R,R/W,N,R,R,R,R,R,R,R,R,R,R,N,R,R,R,R,R,R,R,R,R,R,R,R,R,R,N,R,R/W,R,R,R,R/W,R,R,R/W,R,R,R,N,R,R,R,N,R,R,R,N,R,R,R,N,R,R,R,R,R,R,R/W,N,R,N,R,R,R,N,N,N,R,R,N,N,R,N,N,N,R,N,R,R,R/W,N,R,R,R,R,R,R,R,R,R/W,R,R,R,R,N,R,N,R,N,N,N,R,BL01UK02PL072,UKPL072,620,20.66666667,2021,gb
R_cVlXaWrKKRopNp7,Male,University degree or equivalent,University degree or equivalent,60,40,0,NA,Polish;60;,English;40;,,100,0,0,NA,Polish,NA,10,7,NA,NA,I always (or almost always) speak Polish to my child,Polish,NA,10,4,NA,NA,I always (or almost always) speak Polish to my child,First,NA,1,10,Always (or almost always) English,,R/W,R/W,R/W,R/W,R/W,R/W,R/W,R/W,R/W,R/W,R/W,R/W,R/W,R,N,R/W,R/W,R/W,R/W,R,R/W,N,R/W,R/W,R/W,R,R,R/W,R/W,R/W,R,N,R/W,N,R/W,R/W,R/W,R/W,R/W,R/W,R/W,N,R,R/W,R,R,R,R/W,R/W,R,R/W,R,R/W,R/W,R/W,R/W,R,R,R/W,R,R,R/W,R/W,R/W,R,R,R/W,R,R,R/W,R/W,R,R,R,R/W,R/W,R,R/W,R/W,R,R/W,R,R,R,R,R,R/W,R,R,R/W,R/W,R/W,R,R,R,R,R,R,R,R,R,R/W,R/W,R,R,R,R,R,R,R,R,R/W,R,R,R,R,N,R,R,R,R,R,R,R,R,R,R,R,R,R,R,R,R,N,N,R,R,N,N,R,R,R,R,R,R,R,R/W,R,R,R,R,R,R/W,R,R,R,N,R/W,R,R/W,R,R,R/W,R,N,R,R,R,R,R,R,R,R,R,R/W,N,R,R,R/W,R,R/W,N,R,R,R,N,N,R,R,R,R,N,R,R,R,R,R,R,R,N,R,R,R,R,R,R,R,R,N,R,R,R,R,R,R,R,R,R,R,R,R,R/W,R/W,R/W,N,R,R,R,R/W,R/W,R,R,R,R/W,R,N,R,R/W,R/W,R,R,N,R/W,R,R/W,R,R/W,R,R/W,R,R,R,R/W,R/W,R,N,R/W,R,R,R/W,R,R,R,R/W,R,R,R,R,R,R,R/W,R,R,R/W,R,R,R/W,R,R/W,R/W,R,R,R,R/W,R,R,R,R/W,R,R,R,R,R/W,R,R,R,R,R,R,R,R,R,R,R,R,R,R,R,R,R,R/W,R/W,R,R/W,R/W,R,R,R/W,R,N,R,R,R/W,N,R,R,N,R,R,R,N,N,R,R,R/W,R,R,R/W,R/W,R,R/W,R,R,R/W,R,R,R/W,R,N,R/W,R/W,R/W,R,R,R/W,R,R,R,R,R,R,R/W,N,R,R,R/W,R/W,R/W,R/W,N,N,R,R/W,R/W,R,R,R,R,R,R,R,R,R,R,R,R,R,R/W,R,N,R/W,R/W,R,R/W,R/W,R/W,R,R,R/W,R,R/W,R,R,R,R/W,R/W,R,R,R,N,N,R,R,R,R,R,N,R,BL01UK03PL047,UKPL047,882,29.4,2021,gb
R_21unWNAxwuCTRuu,Male,University degree or equivalent,University degree or equivalent,15,85,0,NA,Polish;15;,English;85;,,25,75,0,NA,Polish,NA,10,9,4,French,I regularly speak both Polish and English to my child,English,NA,2,10,4,German,I always (or almost always) speak English to my child,First,NA,1,6,Always (or almost always) English,,N,N,N,N,N,N,N,N,N,N,N,N,N,N,N,N,N,R,N,N,R,N,N,N,R,N,N,N,N,N,N,N,R,N,N,N,N,N,R,N,N,N,N,N,N,N,N,R,N,N,N,N,R,N,N,N,N,N,N,R,R,R,N,R,N,R,N,N,N,N,N,N,N,N,N,N,N,N,N,N,N,N,N,N,N,N,N,N,N,N,N,N,N,N,N,N,N,N,N,N,N,N,N,N,N,N,N,N,N,N,N,N,N,N,N,N,N,N,N,N,N,N,N,N,N,N,N,N,N,N,N,N,N,N,N,N,N,N,N,N,N,N,N,N,N,N,N,N,N,N,N,N,N,N,N,N,N,N,N,N,N,N,N,N,N,N,N,N,N,N,N,N,N,N,N,N,N,N,N,N,N,N,N,N,N,N,N,R,N,R,N,N,N,R,N,N,R,N,N,N,N,N,N,N,N,N,N,N,N,N,N,R,N,R,N,N,N,N,N,N,N,R,N,R/W,N,N,N,N,R/W,N,N,N,N,N,N,N,N,N,N,N,N,N,N,N,R/W,N,R,N,R/W,N,N,R,R/W,N,N,N,R/W,N,N,R,N,N,N,R,N,N,N,N,N,R,N,N,N,N,N,N,N,R,N,R,N,N,N,N,N,N,N,N,N,N,N,N,R,N,N,N,N,N,N,N,R,N,N,N,N,N,R,N,N,N,N,N,N,N,R,N,N,N,N,N,N,N,N,N,N,N,N,N,N,N,N,N,N,N,N,N,N,N,N,N,N,N,N,N,N,N,N,N,N,N,N,N,N,N,N,N,N,N,N,N,N,N,N,N,N,N,N,N,N,N,N,N,N,N,R,R,N,N,R,R,R,N,N,R,R,N,R,R,N,N,N,R,N,N,N,R,N,N,N,N,N,N,N,N,N,N,N,N,N,N,N,N,N,N,N,N,N,N,BL01UK02PL070,UKPL070,640,21.33333333,2021,gb
R_2v0NbxfDDVaXt5t,Female,University degree or equivalent,Left school at 18 with A-Levels or equivalent,70,30,0,NA,Polish;70;,English;30;,,90,10,0,NA,Polish,NA,10,8,2,Spanish,I always (or almost always) speak Polish to my child,Polish,NA,10,8,NA,NA,I always (or almost always) speak Polish to my child,First,NA,1,NA,NA,,R,R/W,R,R/W,R,R/W,R/W,R/W,R/W,R/W,R,R/W,R,N,R/W,R/W,R/W,R/W,R/W,R/W,R/W,N,R/W,R/W,R/W,R/W,R/W,R/W,R/W,R/W,R/W,R/W,R/W,R/W,R/W,R/W,R/W,R/W,R/W,R/W,R/W,R/W,R/W,R/W,R/W,R,R,R/W,R/W,N,R,R,R/W,R,R/W,R/W,R/W,R/W,R,R/W,R/W,R/W,R/W,R/W,N,R/W,R/W,R/W,R/W,R,N,R/W,R/W,R/W,N,R/W,R/W,R/W,R/W,R/W,R/W,R/W,R/W,R/W,R/W,R/W,R/W,R/W,R,R,R/W,R/W,N,R/W,R/W,R/W,N,R/W,R/W,R,R/W,R/W,R/W,R/W,R/W,R,R/W,R/W,R/W,R,R,R/W,R/W,R/W,R/W,R/W,N,R/W,R/W,R,N,R/W,N,R/W,R/W,R/W,N,R/W,R,R/W,R/W,R/W,R,R,N,R/W,N,N,N,R/W,N,R/W,R,R,R,R,N,R/W,N,N,R/W,N,N,N,N,R/W,N,N,R/W,R/W,R/W,R/W,R/W,R/W,N,R/W,R/W,R/W,N,R/W,N,N,R/W,N,N,N,R/W,R/W,N,R/W,R/W,N,R/W,R/W,R,R/W,N,N,R/W,R/W,R/W,N,R/W,R/W,N,R/W,R,R,R,N,R,N,N,R,N,R/W,N,R/W,R,R/W,R,R/W,R/W,R,R,R/W,R/W,R/W,R/W,R/W,R/W,R,R,R/W,N,R/W,R/W,N,R/W,R/W,R,R/W,N,R/W,N,N,N,R/W,R/W,N,N,N,R/W,R,R/W,R,R/W,R/W,R/W,R/W,R/W,R/W,R/W,R,R/W,N,R/W,R,R/W,R/W,R/W,R,R/W,R/W,N,R/W,R,R,R,R/W,R/W,R,N,R,R,R,R,R,R,R/W,R,R,N,R,R,R,R,R/W,N,R,R/W,R,R/W,N,R,R,R,R,R,R,R,N,R,N,N,R,R,R,R/W,R/W,R,R,R,R,R/W,N,R/W,R,N,N,N,N,R/W,N,R,R,N,R,R,N,N,N,N,R,R/W,R,R/W,R,N,R/W,R/W,N,R,R/W,R,R/W,R/W,R/W,N,R/W,R/W,R/W,N,N,N,R,N,N,N,R,R,R,N,R,R,R,N,R/W,R/W,R,N,N,R/W,R,N,R/W,N,N,R,R/W,N,N,N,R/W,N,R/W,N,R,N,N,N,R,N,N,N,R,R,R,N,R,N,N,N,N,R/W,R/W,R,N,N,R,N,N,N,N,R/W,N,N,R,BL01UK03PL046,UKPL046,522,17.4,2021,gb
R_WlJZstOC5GOVbwJ,Female,Left school at 18 with A-Levels or equivalent,University degree or equivalent,80,20,0,NA,Polish;80;,English;20;,,95,5,0,NA,Polish,NA,9,7,3,Spanish,I always (or almost always) speak Polish to my child,Polish,NA,9,5,NA,NA,I always (or almost always) speak Polish to my child,First,NA,1,8,Always (or almost always) English,,R,R/W,R/W,R/W,R,R,R,R/W,R,R/W,R,R,N,N,N,R,R,R,R,R,R,N,R,N,R,R,R,R,N,R,N,N,R,R,R,R,N,N,N,N,N,N,R,R,R,N,R,R,N,R,N,N,N,R,N,N,R,R,R,N,R,R,R,R,R,N,R,R,R,R,N,N,R,R,N,R,R/W,R,R,N,R,R,R,N,N,R,R,N,N,R,N,N,N,N,R,R,N,R,R,R,R,R,R,N,N,N,N,R,R,R,N,R,R,R,R,R,N,R,N,N,N,R,N,R,R,R,N,R,N,R,R,R,N,N,N,R,N,N,R,R,R,R,R,R,R,R,R,R,R,R,N,R,N,R,N,R,R,N,N,R,R,N,R,R,N,N,R,N,N,N,N,N,R,N,R,N,N,N,R,N,N,N,N,R,R,N,N,N,R,R,R,R,N,N,N,R,R,N,N,N,N,N,N,R,N,R,N,N,N,R,N,R,N,N,R,R,N,R,R,R,N,N,N,R/W,N,R,N,N,R/W,R,R,N,N,R/W,N,N,N,N,N,N,N,N,R/W,N,R,R,R/W,R,R,N,N,N,N,R,N,N,R,R,N,R/W,N,N,N,N,N,R,N,N,N,R,R/W,R,N,N,N,R,R,R,R,N,N,N,R,N,N,N,R,N,N,R,N,N,R,R,R,N,R,R,R,N,R,N,N,N,N,N,R,N,R,R,R,N,N,N,R,N,N,N,R,N,N,N,R,R,N,N,N,N,N,N,N,N,N,N,R,N,N,N,N,N,N,N,N,N,R,N,N,N,N,N,N,N,N,N,N,N,N,N,N,N,N,R,N,N,N,R,N,N,R,N,N,N,N,N,N,N,N,N,N,N,N,N,N,N,R,N,N,R,N,N,N,N,N,N,N,N,N,R/W,N,R,R,R,N,R,N,N,N,N,N,N,N,N,N,N,N,N,N,N,BL01UK03PL048,UKPL048,554,18.46666667,2021,gb
R_cGAS6T6k0U2jw9X,Male,Left school at 16 with GCSE or equivalent,University degree or equivalent,70,30,0,NA,Polish;70;,English;30;,,80,20,0,NA,Polish,NA,10,8,NA,NA,I always (or almost always) speak Polish to my child,English,NA,1,10,NA,NA,I always (or almost always) speak English to my child,First,NA,1,NA,NA,,N,R,N,N,N,N,N,N,N,N,N,N,N,N,N,R,N,N,N,N,N,N,N,N,N,N,N,N,N,N,N,N,N,N,N,N,N,N,N,N,N,N,N,N,N,N,N,N,N,N,N,N,N,N,N,N,N,N,N,N,N,N,N,N,N,N,N,N,N,N,N,R,N,N,N,N,N,R,N,N,N,N,N,N,N,N,R,N,N,N,N,N,N,N,R,N,N,R,N,N,R,N,N,N,N,N,N,N,R,N,N,N,N,N,N,R,N,N,N,N,N,N,N,N,N,N,N,N,N,N,N,N,N,N,N,N,N,N,N,N,N,N,N,N,N,N,N,N,N,N,N,N,N,N,N,N,N,N,N,N,N,N,N,N,N,N,N,N,R,N,N,N,N,N,N,N,N,N,N,N,N,N,N,N,R,N,N,N,N,N,N,N,N,N,N,N,N,N,N,N,N,N,N,N,N,N,N,N,N,N,N,N,N,N,N,N,N,N,N,N,N,N,N,R,N,N,N,N,R,N,N,N,N,R,N,N,N,N,N,N,N,N,R,N,R,N,N,R,R,N,N,R,N,N,N,N,R,R,R,R,N,N,N,R,N,N,N,N,N,N,N,N,N,N,N,N,N,N,N,N,N,N,R,N,N,N,N,N,N,N,N,N,N,N,N,N,N,N,N,N,N,N,N,N,N,N,N,N,N,N,N,N,N,N,N,N,N,N,N,N,N,N,N,N,N,N,N,N,N,N,N,N,N,N,N,N,N,N,N,N,N,N,R,N,N,N,N,N,N,N,N,N,N,N,N,N,N,N,N,N,N,N,N,N,N,N,N,N,N,N,N,N,N,R,N,R,N,N,N,N,N,N,N,N,N,N,N,N,N,N,N,N,N,N,N,N,N,N,N,N,R,N,N,N,N,N,N,N,N,N,N,N,N,N,N,N,N,N,BL01UK03PL050,UKPL050,688,22.93333333,2021,gb
R_3I3FsL3JDIubdKE,Male,Left school at 18 with A-Levels or equivalent,Left school at 18 with A-Levels or equivalent,70,10,20,Hungarian,Polish;70;,English;10;,Hungarian;20;,70,10,20,Hungarian,Polish,NA,10,NA,NA,NA,I always (or almost always) speak Polish to my child,Other(s),Hungarian,NA,NA,10,Hungarian,I regularly speak a mix of Polish / English / other languages to my child,First,NA,1,15,Always (or almost always) English,,NA,NA,NA,NA,NA,NA,NA,NA,NA,NA,NA,NA,NA,NA,NA,NA,NA,NA,NA,NA,NA,NA,NA,NA,NA,NA,NA,NA,NA,NA,NA,NA,NA,NA,NA,NA,NA,NA,NA,NA,NA,NA,NA,NA,NA,NA,NA,NA,NA,NA,NA,NA,NA,NA,NA,NA,NA,NA,NA,NA,NA,NA,NA,NA,NA,NA,NA,NA,NA,NA,NA,NA,NA,NA,NA,NA,NA,NA,NA,NA,NA,NA,NA,NA,NA,NA,NA,NA,NA,NA,NA,NA,NA,NA,NA,NA,NA,NA,NA,NA,NA,NA,NA,NA,NA,NA,NA,NA,NA,NA,NA,NA,NA,NA,NA,NA,NA,NA,NA,NA,NA,NA,NA,NA,NA,NA,NA,NA,NA,NA,NA,NA,NA,NA,NA,NA,NA,NA,NA,NA,NA,NA,NA,NA,NA,NA,NA,NA,NA,NA,NA,NA,NA,NA,NA,NA,NA,NA,NA,NA,NA,NA,NA,NA,NA,NA,NA,NA,NA,NA,NA,NA,NA,NA,NA,NA,NA,NA,NA,NA,NA,NA,NA,NA,NA,NA,NA,NA,NA,NA,NA,NA,NA,NA,NA,NA,NA,NA,NA,NA,NA,NA,NA,NA,NA,NA,NA,NA,NA,NA,NA,NA,NA,NA,NA,NA,NA,NA,NA,NA,NA,NA,NA,NA,NA,NA,NA,NA,NA,NA,NA,NA,NA,NA,NA,NA,NA,NA,NA,NA,NA,NA,NA,NA,NA,NA,NA,NA,NA,NA,NA,NA,NA,NA,NA,NA,NA,NA,NA,NA,NA,NA,NA,NA,NA,NA,NA,NA,NA,NA,NA,NA,NA,NA,NA,NA,NA,NA,NA,NA,NA,NA,NA,NA,NA,NA,NA,NA,NA,NA,NA,NA,NA,NA,NA,NA,NA,NA,NA,NA,NA,NA,NA,NA,NA,NA,NA,NA,NA,NA,NA,NA,NA,NA,NA,NA,NA,NA,NA,NA,NA,NA,NA,NA,NA,NA,NA,NA,NA,NA,NA,NA,NA,NA,NA,NA,NA,NA,NA,NA,NA,NA,NA,NA,NA,NA,NA,NA,NA,NA,NA,NA,NA,NA,NA,NA,NA,NA,NA,NA,NA,NA,NA,NA,NA,NA,NA,NA,NA,NA,NA,NA,NA,NA,NA,NA,NA,NA,NA,NA,NA,NA,NA,NA,NA,NA,NA,NA,NA,NA,NA,NA,NA,NA,NA,NA,NA,NA,NA,NA,NA,NA,NA,NA,NA,NA,NA,NA,NA,NA,NA,NA,NA,NA,NA,NA,NA,NA,BL01UK05PL022,UKPL022,669,22.3,2021,gb
R_31ur9fQvmNMLNgv,Male,University degree or equivalent,Left school at 18 with A-Levels or equivalent,70,30,0,NA,Polish;70;,English;30;,,100,0,0,NA,Polish,NA,10,8,9,NA,I always (or almost always) speak Polish to my child,Polish,NA,10,5,NA,NA,I always (or almost always) speak Polish to my child,First,NA,1,12,Always (or almost always) English,,R/W,R/W,R/W,R/W,R/W,R/W,R/W,R/W,R/W,R/W,R/W,R/W,R,R,N,R/W,R/W,R/W,R,R,R,R,R,R,R,N,N,N,N,R,N,N,R/W,N,R,R,N,R,R,R,R,R,N,N,N,N,N,R,R,R,R,R,R,R,R,R,R,R,R,R,R,R,R,R,R,R,R/W,R,R,R,N,N,N,N,R,R,R/W,R/W,N,R,R/W,R,N,N,N,R/W,R,R,R,N,N,N,N,R,R,R/W,R/W,R,R,N,R/W,R/W,R/W,R,N,R,R,N,R,R,R,R/W,R,R,R,R/W,R,N,R,N,N,R,R,R,R,R,N,R,R,R,N,N,N,N,N,R,R,N,N,R,R/W,R,R,R,R,R,R,R,R,R,R,R,R,R,R,R,R,R,R/W,N,R,R,R,R,N,R,R,R,R,R,R,N,R,R,R,N,N,N,R,N,N,R,N,R,R,N,N,N,R,R/W,R,R/W,R/W,N,N,R,N,R,R,N,N,N,N,R,R,R,N,R,N,R,N,R,R/W,N,R,R,R,R,R,R,R,N,N,R/W,N,N,R,N,R/W,R/W,R,N,N,R/W,N,R/W,N,R,R,N,N,N,R/W,R,R/W,R,R/W,R,R/W,R,R,N,R/W,R,R,R/W,R/W,R,R,R/W,N,N,R,R/W,R,R,R,R,R,R,R/W,R,R,R/W,R,R/W,R,R/W,R,R/W,R,N,R/W,R,R,N,R,R/W,N,R,R,R,R/W,R,R,R,R,R,R,R,R,R,R,R,R,R,R/W,R/W,R,R,R/W,N,R,R,R/W,N,R,R/W,R/W,N,R,R,R,R,R,N,N,R,R/W,R,R,N,R,R,R,R,R,R,R,N,R,R,R/W,R/W,R,R,R,R,R,R,R/W,N,R,R,N,R,R,R/W,R,R,R,R/W,N,R,R,R,N,N,N,N,N,R,N,R,R,R/W,R/W,N,R,N,N,N,N,N,R,N,R,N,R,R,R/W,R/W,R,N,R,R,R,R/W,N,R,R,R,R,N,R,R,N,R,R,R,N,R,R/W,N,R,N,N,N,BL01UK03PL052,UKPL052,671,22.36666667,2021,gb
R_9zSzIkSaExrmc1z,Female,University degree or equivalent,University degree or equivalent,20,80,0,NA,Polish;20;,English;80;,,30,70,0,NA,Polish,NA,10,9,NA,NA,I regularly speak both Polish and English to my child,English,NA,3,10,NA,NA,I regularly speak both Polish and English to my child,First,NA,1,10,Always (or almost always) English,,R/W,N,N,R/W,R,R,R,R/W,R/W,R/W,R/W,R,N,N,N,R,N,R/W,N,N,R,N,N,R,N,R,R,R,N,R,N,N,R,N,N,N,N,N,R,N,N,N,N,N,N,N,N,R,N,N,R,R,R,R,R,N,N,R,N,N,R,R/W,R,R,N,N,R,R,N,N,N,N,R,N,N,R,N,N,R,N,N,R,N,N,N,N,R,R,N,N,N,R,N,R/W,R/W,R,N,R,N,N,N,R/W,N,N,N,N,N,N,N,N,N,N,N,R,N,R/W,N,N,N,N,N,N,N,N,R,N,N,R,N,N,N,N,N,N,N,R,N,N,N,R,N,R,R,N,N,R,N,N,R,N,R,N,N,R,N,N,N,N,N,R,N,N,N,R,N,N,N,N,R,N,N,N,N,N,N,N,N,N,N,N,N,N,N,R,R,N,N,N,N,N,N,N,R,N,N,N,N,N,N,N,N,N,N,N,N,N,N,R,N,N,N,N,N,N,R,N,N,N,N,N,N,N,N,R,N,N,N,N,R,N,N,N,N,R,N,N,N,N,N,N,N,N,R,N,R,N,R/W,N,N,N,N,N,N,N,N,N,R,R,N,R/W,N,N,N,R,N,R,N,N,N,R,R,R,N,R,N,N,R,R,R,R,N,N,N,N,N,N,N,R,N,N,N,N,R,N,N,N,R,N,N,N,N,N,R,N,N,N,N,N,N,N,N,N,N,N,R,N,N,R,N,N,N,N,N,N,N,N,N,R,N,N,N,N,N,N,N,N,N,R,N,N,N,N,N,N,N,N,N,N,N,N,N,N,N,N,N,N,N,N,N,N,R,N,N,N,N,N,N,N,N,N,N,N,N,N,N,N,N,N,N,N,N,N,N,N,N,N,N,N,N,N,N,R,N,N,N,N,R,N,N,N,R,R,R,N,N,N,N,N,N,N,N,N,N,N,R,N,N,N,BL01UK04PL034,UKPL034,611,20.36666667,2021,gb
R_ZDaQE9ktfeno9l7,Male,University degree or equivalent,Left school at 18 with A-Levels or equivalent,20,80,0,NA,Polish;20;,English;80;,,99,1,0,NA,Polish,NA,10,6,NA,NA,I always (or almost always) speak Polish to my child,Polish,NA,10,6,NA,NA,I always (or almost always) speak Polish to my child,First,NA,1,17,Always (or almost always) English,,R/W,R/W,N,R/W,N,R/W,R/W,R/W,R/W,R/W,N,N,R,N,N,R/W,R/W,R,R/W,N,R,N,N,N,R,R/W,N,R,N,R,N,N,N,N,R,R,N,N,R,N,R/W,N,N,N,N,N,N,R/W,R,R,N,R,R/W,R,R/W,R,R,R/W,N,R,R,N,R/W,R/W,R,R,R/W,N,N,N,N,N,R,N,N,R,R/W,R/W,N,N,N,N,R,N,N,R,R/W,N,N,N,N,N,R,N,R/W,R,N,R,N,R,R,R/W,R/W,R/W,N,N,R,N,R,R,N,R,N,R,N,R,N,N,R/W,N,N,R,N,R/W,R,N,N,R,N,R,N,N,N,N,N,R,N,N,N,R,N,R,R,N,N,R,R,R,N,R,R,N,N,R,R,R,N,N,R,R,R,N,R,N,N,N,R,N,N,R,N,N,N,N,N,N,N,N,N,R,N,N,N,R/W,R,N,N,N,R,R,R,R,R,R,R,R,R,R,N,N,R,N,R,R,N,R,N,N,N,R,N,R,R,R,R,N,N,R,R,N,N,R,N,N,N,R,N,R/W,N,R/W,R/W,R,N,R/W,N,N,N,R,R,R,N,N,R/W,R,R/W,R,R/W,R,R/W,R,R,R,R/W,R,R,R,R/W,R,R,R/W,R,N,R,R/W,R,R,N,R,R,R,R,R,N,R,R,N,R,R,R,R,R,N,R,R,N,N,N,N,N,N,R,R,R,N,R,N,R,N,R,N,R,N,N,N,R,R,R,N,R,R,R,N,R,R,R,N,R,R,N,N,N,N,R,N,R,R,N,R,R,N,N,N,R,N,R,R/W,R,R,N,R,R,N,R/W,R,R,N,R,N,R,R/W,R,N,N,R,N,R,N,R,R,N,R,N,N,R,R,N,N,N,R,N,N,R,R/W,N,N,R,N,N,N,N,R,N,R,R,R,R,N,R/W,N,N,N,R/W,N,R,R,N,R,N,R,N,R,R,N,R,R,R,N,N,N,R/W,N,N,N,N,R,R/W,N,N,BL01UK05PL019,UKPL019,774,25.8,2021,gb
R_bdUCWvzc2vInimJ,Male,University degree or equivalent,NA,30,70,0,NA,Polish;30;,English;70;,,50,50,0,NA,Polish,NA,10,9,NA,NA,I always (or almost always) speak Polish to my child,English,NA,NA,10,0,NA,I always (or almost always) speak English to my child,Second,NA,2,8,Always (or almost always) English,,R,R/W,R/W,R/W,R,R/W,R/W,R/W,R/W,R/W,R/W,R/W,R/W,R/W,R,R/W,R/W,R/W,R/W,R/W,R/W,N,R/W,R/W,R/W,R/W,R/W,R/W,R,R/W,R,R/W,R/W,R/W,R/W,R/W,R/W,R/W,R/W,R/W,R/W,R/W,R/W,R/W,R/W,R,R/W,R/W,R/W,R,R,N,R/W,R/W,R/W,R/W,R/W,R/W,R,R/W,R/W,R/W,R/W,R/W,R,R,R/W,R,R/W,N,R/W,R,R/W,R,N,R/W,R/W,R,R/W,R/W,R/W,R/W,R/W,R,R/W,R/W,R/W,R/W,N,R,R/W,R/W,R/W,R,R/W,R/W,N,R/W,R/W,R/W,R/W,R/W,R/W,R/W,R,R/W,R/W,N,R/W,R/W,R,R/W,R/W,R/W,R/W,R/W,N,R,R/W,N,N,R/W,N,R/W,R,R/W,R,R/W,R,R/W,R/W,R,R,R,N,R/W,R,R/W,N,R/W,N,R/W,R/W,R,R,R/W,R/W,R/W,R/W,R/W,R/W,R/W,N,R/W,R,R,R,R/W,R/W,R/W,R/W,R/W,R/W,R/W,R,R/W,R,R,R/W,R,R,R,R,R/W,N,N,R,R/W,N,R/W,R/W,R/W,R/W,R/W,R,N,N,R,R/W,R/W,R/W,R/W,R/W,R/W,R,R/W,N,R/W,R,R,R/W,N,R,R/W,R,R/W,N,R/W,N,R,N,R/W,R/W,R,R,R,N,R/W,R/W,R/W,R,R/W,R,R/W,R/W,R/W,R/W,R,R/W,R/W,R,R/W,R,R/W,N,N,R,R/W,R/W,R,R,R,R/W,R/W,R/W,R,R/W,R,R/W,R,R/W,R/W,R,R/W,R,R,R/W,R,R/W,R/W,R/W,N,R/W,R/W,R/W,R/W,R/W,R,R,R/W,R/W,R,R,R,R,R/W,R,R,R,R/W,R/W,R,R,R,R,R/W,R/W,R/W,R,R/W,R/W,R/W,R/W,R/W,R/W,R/W,N,R,R,R,R/W,R/W,R,N,N,R,R/W,R/W,R/W,R,R,R/W,R,N,R/W,N,R/W,R,R,N,R/W,R/W,R,N,R,R,N,R,R,R,R,R,R,R,R/W,R/W,R/W,R/W,R/W,R/W,R/W,R,R/W,R/W,R/W,R,R,R/W,R/W,R/W,R/W,R/W,R/W,R,R,R/W,R,R/W,N,R,R,R/W,N,R/W,N,R/W,R,R/W,R/W,R,R/W,R,R/W,R/W,R,R/W,R,N,R,N,R/W,R,R/W,R,R,R,R,R/W,R,R/W,R,R/W,R,R,R/W,R/W,R/W,R/W,R/W,R/W,R/W,R,R,R,R/W,R,R,R,R,R/W,N,R,R/W,R/W,R/W,R,N,R,BL01UK05PL006,UKPL006,949,31.63333333,2021,gb
R_29oUVXGJT3bzRui,Male,University degree or equivalent,Left school at 18 with A-Levels or equivalent,40,55,5,French,Polish;40;,English;55;,French;5;,100,0,0,NA,Polish,NA,10,9,8,French,I always (or almost always) speak Polish to my child,English,NA,1,10,NA,NA,I always (or almost always) speak English to my child,First,NA,1,NA,NA,,R/W,R/W,R/W,R/W,R/W,R/W,R/W,R/W,R/W,R/W,R/W,R/W,R,R,R,R,R,R/W,R,R,R,R,R,R,R/W,R,R,R/W,R,R,R,R,R/W,R,R,R,R/W,R,R,R,R,R,R,R/W,R,R,R,R/W,R/W,R,R,R/W,R,R,R/W,R,R,R,R,R,R,R,R,R,R,R,R/W,R/W,R,N,R/W,R,R,R,N,R,R,R/W,R/W,R,R/W,R,R,N,R,R,R,R/W,R,N,R,R,R/W,R,R/W,R,R,R,R,R,R,R/W,R,R,R,R,R,R,R,R,R,R,R,R,R,R/W,N,N,R,R,N,R,N,R,R,R/W,N,R,R,R,R,R,R,N,N,R,R,R,N,R,R,R,R,R,N,R,R,R,R,R,R,R,R,R,R,R,R,R,R/W,R/W,R,R,R,R/W,N,R,R,R,R,R,R,R,R/W,R,R,R,R,R,R,R,R,N,N,R/W,R,R,N,R,R,R,N,R/W,R,R/W,R,R,N,R,N,R,R,N,R,R,R,R,N,R,N,R,R,R,R,R,R,R,R,R,R,R,R,R,N,R/W,N,R,R/W,R,R/W,R/W,R,R,R,R/W,N,N,R,R/W,R/W,R,N,N,R/W,R,R/W,R,R/W,R,R/W,R/W,R,R/W,R/W,R,R,R/W,R/W,R,R,R/W,R/W,R,R,R/W,N,R,R,R,R,R,R,R,R,R,R,R,R,R,R,R,R,R,R,R,R,R,R,R,R,R,R,R,R,R,R,R,R,R,R,R,R,R,R,N,N,R,N,R,R,R,R,R,R,R,R,R,R,R,R,N,R,N,R,N,R,R,R,N,R,R,R,R,R,R,R,R,R,R,R,R,R,R,R,R,R,R,R,R,R,R,R/W,R,R,R,R,R,R,R,R,R,R,R,R,N,R,R,N,R,R,R,R,R,R,R/W,R,R,R,R,R,R,R,R,R,R,R,R,R,R/W,R,R,R,R,R,R,R,R,R,R,R,N,R,R,R,R,R,R,R,R,R,R/W,R,N,R/W,R,R,R,N,N,BL01UK03PL060,UKPL060,782,26.06666667,2021,gb
R_2UXU69VmyWzLkxz,Male,University degree or equivalent,Left school at 16 with GCSE or equivalent,10,90,0,NA,Polish;10;,English;90;,,10,90,0,NA,Polish,NA,10,9,NA,NA,I regularly speak both Polish and English to my child,English,NA,NA,10,NA,NA,I always (or almost always) speak English to my child,First,NA,1,NA,NA,,R,N,N,N,N,N,N,N,R/W,N,N,N,N,N,N,N,N,N,N,N,N,N,N,N,N,N,N,N,N,N,N,N,N,N,N,N,N,N,N,N,N,N,N,N,N,N,N,N,N,N,N,N,N,N,N,N,N,N,N,N,N,N,N,N,N,N,R,N,N,N,N,N,N,N,N,N,N,R,N,N,N,N,N,N,N,N,N,N,N,N,N,N,N,R,N,N,N,N,N,N,N,N,N,N,N,N,N,N,N,N,N,N,N,N,N,N,N,N,N,N,N,N,N,N,N,N,N,N,N,N,N,N,N,N,N,N,N,N,N,N,N,N,N,N,N,N,N,N,N,N,N,N,N,N,N,N,N,N,N,N,N,N,N,N,N,N,N,N,N,N,N,N,N,N,N,N,N,N,N,N,N,N,N,N,N,N,N,N,N,N,N,N,N,N,N,N,N,N,N,N,N,N,N,N,N,N,N,N,N,N,N,N,N,N,N,N,N,N,N,N,N,N,N,R,N,N,N,N,R,N,N,N,N,N,N,N,N,N,N,N,N,N,N,N,R,N,N,N,R,N,N,N,N,N,N,N,N,N,N,N,N,N,N,N,N,N,N,N,N,N,N,N,N,N,N,N,N,N,N,N,N,N,N,N,N,N,N,N,N,N,N,N,N,N,N,N,N,N,N,N,N,N,N,N,N,N,N,N,N,N,N,N,N,N,N,N,N,N,N,N,N,N,N,N,N,N,N,N,N,N,N,N,N,N,N,N,N,N,N,N,N,N,N,N,N,N,N,N,N,N,N,N,N,N,N,N,N,N,N,N,N,N,N,N,N,N,N,N,N,N,N,N,N,R,N,N,N,N,N,N,N,N,N,N,N,N,N,N,N,N,N,N,N,N,N,N,N,N,N,N,N,N,N,N,N,N,N,N,N,N,N,N,N,N,N,N,N,N,BL01UK03PL058,UKPL058,807,26.9,2021,gb
R_3JmcMS3dkSB4rxD,Male,University degree or equivalent,University degree or equivalent,40,60,0,NA,Polish;40;,English;60;,,40,60,0,NA,Polish,NA,10,9,NA,NA,I always (or almost always) speak Polish to my child,English,NA,NA,10,NA,NA,I always (or almost always) speak English to my child,Third,NA,3,13,Always (or almost always) English,,R/W,R/W,R/W,R/W,R/W,R/W,R,R/W,R/W,R/W,R/W,R/W,N,R,N,R/W,R/W,R/W,R/W,R/W,R/W,N,N,R/W,R/W,R,R/W,R/W,N,R/W,R,R/W,R/W,R/W,R/W,R/W,R/W,R/W,N,R/W,R/W,R/W,R/W,R/W,R/W,R,R/W,R/W,R/W,R/W,R/W,R/W,R/W,R/W,R/W,R/W,R/W,R/W,R/W,R/W,R/W,R,R,R/W,R/W,R,R/W,R,R/W,N,R/W,R/W,R/W,R/W,R/W,R/W,R/W,R/W,R/W,R,R/W,R/W,R/W,R/W,N,R/W,N,R/W,R/W,R,N,R/W,R/W,R/W,R/W,R/W,N,R/W,R/W,R/W,R/W,R/W,R/W,R,R,R/W,R/W,R,R/W,R,R,R/W,R,R/W,R/W,R/W,N,R/W,R,N,N,R,R,R/W,R/W,R,R/W,R/W,R,R/W,R,N,N,R/W,R,R/W,R,R/W,N,R/W,R,R,R,R,R/W,R/W,N,R/W,R,R/W,R/W,N,R/W,R/W,R,R,R,R,R/W,R/W,R/W,R/W,R/W,R/W,N,R/W,R/W,R/W,R/W,R/W,R,R/W,R,R/W,R/W,N,R/W,R/W,N,R/W,R/W,N,R,R/W,R,N,N,N,R,R/W,R/W,R,R/W,R/W,N,R/W,R,R,R/W,N,R/W,N,R/W,R/W,R,R/W,N,R,R,R/W,N,R/W,R/W,R/W,R/W,R/W,R/W,R/W,R/W,R/W,R,R,R,R/W,R/W,R/W,N,N,R/W,R/W,R/W,R/W,R,R/W,N,N,N,R/W,N,R/W,N,R/W,R/W,R/W,R/W,R/W,R/W,R/W,R/W,R/W,R,R/W,R/W,R/W,R/W,N,R/W,R/W,R/W,R/W,R/W,N,R/W,R/W,R/W,R/W,R/W,R/W,R/W,R/W,R/W,R/W,R/W,R/W,R,R/W,R/W,R/W,R/W,R/W,R,R/W,R/W,R/W,R/W,R/W,R/W,R/W,R/W,R/W,R/W,R/W,R/W,R,R/W,R/W,R/W,R/W,R/W,R/W,R/W,R,R/W,R/W,R,R/W,R/W,R/W,R/W,R/W,R/W,R/W,R/W,R,R/W,N,R/W,R/W,R/W,R/W,R/W,R/W,R/W,R,R,R/W,R,R/W,R/W,R,R/W,R,R/W,R/W,R/W,R/W,R/W,R/W,R/W,R/W,R/W,N,R/W,R/W,R/W,R/W,R/W,R/W,R/W,R/W,R/W,R/W,N,R,N,R/W,R,R,R,R/W,R/W,R/W,N,R,N,R/W,R/W,R/W,R/W,R,R/W,R/W,R/W,R/W,R,R/W,R,N,R,R,N,N,N,R/W,R,N,R,R/W,R,R,R,R/W,R,R/W,R,R/W,R,R,R/W,R,R/W,R,R,R/W,R/W,R/W,R,R,R,R/W,R/W,R,R/W,R/W,R/W,R/W,R,R/W,BL01UK05PL028,UKPL028,727,24.23333333,2021,gb
R_cBeKUw3scxo9q3T,Female,University degree or equivalent,University degree or equivalent,25,75,0,NA,Polish;25;,English;75;,,90,10,0,NA,Polish,NA,10,7,NA,NA,I always (or almost always) speak Polish to my child,Polish,NA,10,6,NA,NA,I always (or almost always) speak Polish to my child,First,NA,1,9,Always (or almost always) English,,R/W,R/W,R/W,R/W,R/W,R/W,R/W,R/W,R/W,R/W,R/W,R/W,R/W,R,R,R/W,R/W,R/W,R/W,R/W,R/W,R,R,R/W,R,R/W,R/W,R/W,R/W,R/W,R,R/W,R/W,R/W,R,R/W,R/W,R/W,R/W,R/W,R/W,R/W,R,R/W,R/W,R,R/W,R/W,R/W,R,R,R/W,R/W,R,R/W,R,R/W,R/W,R,R,R/W,R/W,R/W,R/W,R/W,R,R/W,R/W,R/W,R,R/W,R/W,R,R,R,R,R/W,R/W,R/W,R,R/W,R,R,R,R,R/W,R/W,R,R,R,R/W,R/W,R,R/W,R/W,R/W,R,R/W,R,R,R,R/W,R/W,R/W,R/W,R,R/W,R,R/W,R/W,R,R/W,R/W,R/W,R/W,R/W,R,R,R,R,R,R,R,R,R/W,R,R,R,N,R,R,R,R,R,R,R,R,R,R,R,R,R,R,R,R,R,R,R/W,R,R,R/W,R,R,R,R,R,R,R/W,R/W,R/W,R/W,R,R,R,N,R/W,R/W,R,R/W,R,R,R/W,R/W,R,R/W,R,R,R,R,R/W,R,R,R,R/W,R,R,R,R,R,N,R,R/W,R,R/W,R,R,R,R,R,N,R,R,R,R,N,R,N,R,R,R,R,R,R,R,R/W,R/W,R,R,R/W,R,R,R,R,R/W,R,R,R/W,R/W,R/W,R/W,R/W,R,R,R/W,R,R,R,R,R,R,R,R,R/W,R/W,R/W,R,R/W,R,R/W,R/W,R,R,R/W,R/W,R,R,R/W,R/W,R,R/W,R/W,R,R,R/W,R,R,R,R/W,R,R/W,R/W,R/W,R,R/W,R,R/W,R/W,R/W,R/W,R/W,R,R,R/W,R,R,R,R,R,R,R/W,R,R/W,R/W,R/W,R/W,R,R,R,R,R,R,R,R,R,R,R,R,R/W,R/W,R/W,R,R,R,R,R/W,R,R,R/W,R,R,R,R,R,R,R,R,R,R,R,R,R,R,R,R,R/W,R/W,R/W,R/W,R,R,R/W,R,R/W,R/W,R/W,R/W,R/W,R/W,R,R/W,R/W,R,R,R,R,R,R,R,R,R,R,R/W,R,R,R,R/W,R,R,R/W,R,R,R,R/W,R/W,R,R/W,R/W,R,R/W,R,R,R,R,R/W,R,R,R,R,R,R,R,R/W,N,R,R,R/W,R/W,R,R/W,R,R/W,R/W,R,R,R/W,R/W,R,R,R,R/W,N,R,R/W,R,R/W,R,R,R,BL01UK05PL030,UKPL030,878,29.26666667,2021,gb
R_2yr4mIhxz2o5usH,Male,Left school at 18 with A-Levels or equivalent,Left school at 18 with A-Levels or equivalent,30,70,0,NA,Polish;30;,English;70;,,50,50,0,NA,Polish,NA,10,6,NA,NA,I always (or almost always) speak Polish to my child,English,NA,1,10,NA,NA,I always (or almost always) speak English to my child,Second,NA,2,19,Always (or almost always) English,,R/W,R/W,R/W,R/W,R/W,R/W,R/W,R/W,R/W,R/W,R/W,R/W,N,N,N,R/W,R,R/W,R/W,R,R,N,R,R/W,R/W,R/W,R,R,R,R,R,R/W,R/W,R,R,R/W,R,R,N,R/W,R,R,R,R,R,R,N,R/W,R,R,R,R/W,R,R,R,R,R,R/W,R,R/W,R/W,R,R/W,R/W,R/W,R/W,R/W,R/W,R,N,R/W,R,R,R,R,R/W,R/W,R,R,R,R,R,R,R,R,R,R,R,R,R,R,R,R/W,R,R/W,R,R,R,R,R,R,R/W,R/W,R,R,R,R/W,R,R,R,R,R,R,R,R,R/W,R,R,R/W,R,R,R,R,R,R,R/W,R,R,R,R,R,R,R,N,R,R,R,N,N,R,R,R,R,R,R,R,R,R,R,R,R,R,R,R,N,R,N,R,R,R/W,R,R,R,R,N,R,R,R,R,R,R,R,R,R,R,R,R,R,R,R,R,R,R,R/W,R,R,R,R,R,R,R,R,R,R,R,R,R,R,R,R,R,R,R,R,R,R/W,R,R/W,R,R,N,R,N,R,R,R,R,R,R,R,R,R,R,R,R,R,R/W,R/W,R/W,R/W,R/W,R/W,R,R/W,R,R,R,R,R,R,R,R,R/W,R/W,R/W,R/W,R/W,R,R/W,R/W,R,R/W,R/W,R,R,R/W,R/W,R,R/W,R/W,R/W,R,R,R/W,N,R,R,R,R,R,R,R,R,R,R,R,R,R,R,R,R,R,R,R,R,R,R,R,R,R,R,R,R,R,R,R,R,R,R,R,R,R,R,R,R,R,R,R,R,R,R,R,R,R,R,R,R,R,R,R,R,R,R,R,R,R,R,R,R,R,R,R,R,R,R,R,R,R,R,R,R,R,R,R,R,R,R,R,R,R,R/W,R,R,R,R,R,R,R,R,R,R,R,R,R,N,R/W,R,R,R,R,R,R,R,R/W,R,R,R,R,R,R,R,R,N,R,R,R,R,R/W,R,R,R,R,R,R,R,R,R,R,R,R,R,R,R,R,R,R,R,N,N,N,N,N,N,N,R,N,N,R,BL01UK05PL027,UKPL027,784,26.13333333,2021,gb
R_cUuC1jhYvkfOF0J,Female,University degree or equivalent,University degree or equivalent,93,7,0,NA,Polish;93;,English;7;,,98,2,0,NA,Polish,NA,10,8,NA,NA,I always (or almost always) speak Polish to my child,Polish,NA,10,7,NA,NA,I always (or almost always) speak Polish to my child,First,NA,1,NA,Always (or almost always) English,,R/W,R,R,R/W,R,R/W,R/W,R/W,R/W,R/W,R/W,R/W,R,R,R,R,R/W,R/W,R/W,R,R,R,R,R,R/W,R/W,R,R,R,R,R,R,R,R,R,R,R,R,R/W,R,R,R,R,R/W,R/W,R,R/W,R/W,R,R,R,R,R,R,R,R,R,R/W,R,R,R,R/W,R/W,R/W,R/W,R/W,R/W,R,R,R,R,R,R,R,R,R/W,R/W,R/W,R/W,R,R,R,R,R,R,R,R,R,R,R,R,R,R/W,R/W,R/W,R/W,R,R,R,R,R/W,R/W,R/W,R,R,R,R,R,R,R,R,R/W,R,R,R,R/W,R,R,R,R,N,R,R,R,R,R,R,R,R,R,R,R,R,R/W,R,R,R,R,R,R,R,R,R,R,R,R,R,R,R,R,R,R,R,R,R,R,R,R,R,R/W,R/W,R,R,R/W,N,R,R,R/W,R,R,R/W,R/W,R,R,R,R,R,R,R,R,R/W,N,R,R/W,R/W,R,R,R,R,R,R/W,R/W,R/W,R/W,R,R/W,R,R/W,R,R,R,R,R,R,R,R,R,R,R,R,R,R,R,R/W,R,R,R,R,R,R,R,R,R,R/W,N,R,R/W,R,R/W,R/W,R/W,R,R,R/W,N,N,N,R/W,R/W,R,R,N,R/W,R/W,R/W,R/W,R/W,R,R/W,R,R,R,R/W,R,R,R/W,R/W,R,R,R/W,R,R,R,R/W,R,R,R,R,R,R/W,R/W,R,R,R,R,R,R/W,R/W,R/W,R/W,R,R/W,R,R,R,R,R,R/W,R,R,R,R/W,R/W,R,R,R,R,R,R,R,R,R,R,R,R,R,R,R,R,R,R,R,R,R,R/W,R,R,R,R,R,R,R,R,R,R,R,R,R,R,R,R,R,R,R,R,R,R/W,R/W,R,R,R/W,R,R,R/W,R,R,R,R/W,R,R,R,R,R,R,R,R,R,R/W,R,R,R,R,R,R/W,R,R,R,R,R,R,R,R,R/W,R/W,R,R,R,R,R,R,R,R,R,R/W,R,R,R,R,R,R,R,R/W,R/W,R/W,R/W,R/W,R,R,R,R,R/W,R,R,R,R/W,R/W,R,R,R,R,R,R,R,R,R,R,R,R,BL01UK03PL072,UKPL072,693,23.1,2021,gb
R_31bKe8bTQOoLLqW,Female,University degree or equivalent,University degree or equivalent,25,75,0,NA,Polish;25;,English;75;,,40,60,0,NA,Polish,NA,10,8,NA,NA,I regularly speak both Polish and English to my child,English,NA,2,10,NA,NA,I always (or almost always) speak English to my child,First,NA,1,15,Always (or almost always) English,,R,R/W,R/W,R/W,R,R/W,R,R/W,R/W,R/W,N,N,N,N,N,R/W,R/W,R/W,N,R,R/W,N,R/W,R,R/W,R/W,R,R,N,R/W,N,R,R/W,R/W,R,R,R/W,R,R/W,R,R/W,R,R,R/W,R,N,R,R/W,R/W,N,N,R/W,R,R/W,R,N,R,R/W,R,R,N,R/W,R/W,R/W,N,N,R/W,R/W,R/W,N,R/W,N,N,R,N,R/W,R/W,R/W,N,R/W,R,N,R,R/W,R/W,R/W,R,R/W,R/W,R,R/W,R/W,R/W,R/W,R/W,R/W,R,R/W,R,R,R/W,R/W,R/W,R/W,N,R,R/W,N,R,R/W,N,R/W,R/W,R/W,R/W,R/W,N,R,N,R,N,N,N,R,R,R/W,N,R,N,R,R,N,N,R,N,R,N,N,R,R,N,R,R,R,R,R,R,R,R,R,R,R,N,N,N,N,N,R/W,R,R/W,R,R,R,R,N,N,R,R/W,R,R,R,N,R/W,N,R,N,N,R,R,R,R,N,R,R,R,N,N,N,R/W,R,R,N,N,R/W,N,N,N,N,N,N,N,N,N,N,N,R,N,N,N,R,N,R,N,N,N,R,R,R,R,R,N,R,N,R/W,N,N,R/W,N,R/W,R/W,N,N,N,R/W,N,R/W,N,R/W,R/W,N,N,N,R/W,R/W,R/W,N,N,N,R/W,R,N,R,N,R,R,R,R,R,R,R/W,N,N,R,R/W,N,N,N,N,N,N,N,R,N,N,N,N,N,R,N,R,R,R,R,R,R,N,R,R,N,N,N,R,N,N,R,R,R/W,N,R,R,N,N,N,N,N,R,N,N,R,N,R,R,N,R/W,R/W,N,R,R,N,N,N,R,N,N,R,R,N,N,R,N,N,N,R,R,R,N,N,N,N,N,N,N,N,R,R,N,N,R,N,R/W,R,R,N,N,N,N,N,N,N,N,N,N,N,N,N,R,N,R,R,N,N,N,N,N,N,N,N,N,N,N,R,N,R,N,R,N,R,N,N,N,N,N,N,N,N,N,N,N,N,N,N,N,N,N,N,N,N,N,N,N,N,N,N,N,N,N,N,N,BL01UK03PL067,UKPL067,636,21.2,2021,gb
R_UMSaUX6xjgpdE1H,Female,Left school at 18 with A-Levels or equivalent,University degree or equivalent,70,30,0,NA,Polish;70;,English;30;,,70,30,0,NA,Polish,NA,10,8,NA,NA,I regularly speak a mix of Polish/ English / other languages to my child,Polish,NA,10,6,NA,NA,I always (or almost always) speak Polish to my child,Third,NA,3,NA,NA,,R/W,R/W,R/W,R/W,R/W,R/W,R/W,R/W,R/W,R/W,R/W,R/W,R/W,R/W,R/W,R/W,R/W,R/W,R/W,R/W,R/W,R/W,R/W,R/W,R/W,R/W,R/W,R/W,R/W,N,R/W,R/W,R/W,R/W,R/W,R/W,R/W,R/W,R/W,R/W,R/W,R/W,R/W,R/W,R/W,R/W,R/W,R/W,R/W,R/W,R/W,R/W,R/W,R/W,R/W,R/W,R/W,R/W,R/W,R/W,R/W,R/W,R/W,R/W,R/W,R/W,R/W,R/W,R/W,R/W,N,R/W,R/W,R/W,R/W,R/W,R/W,R/W,R/W,R/W,R/W,R/W,R/W,R/W,R/W,R/W,R/W,R/W,R/W,R/W,R/W,R/W,R/W,R/W,R/W,R/W,R/W,R/W,R/W,R/W,R/W,R/W,R/W,R/W,R/W,R/W,R/W,R/W,R/W,R/W,R/W,R/W,R/W,R/W,R/W,N,R/W,R/W,R/W,R/W,R/W,R/W,R/W,R/W,R/W,R/W,R/W,R/W,R/W,R/W,R/W,R/W,R/W,R/W,N,R/W,R/W,N,N,R/W,R/W,R/W,R/W,R/W,R/W,R/W,R/W,R/W,R/W,R/W,R/W,R/W,R/W,R/W,R/W,R/W,R/W,R/W,R/W,R/W,R/W,R/W,R/W,R/W,N,R/W,R/W,R/W,R/W,R/W,R/W,R/W,R/W,R/W,R/W,R/W,R/W,R/W,R/W,R/W,R/W,R/W,R/W,R/W,N,N,R/W,R/W,R/W,R/W,R/W,R/W,R/W,R/W,R/W,R/W,N,R/W,R/W,R/W,R/W,N,R/W,R/W,R/W,R/W,R/W,R/W,R/W,R/W,R/W,R/W,R/W,R/W,R/W,R/W,R/W,R/W,R/W,R/W,R/W,N,R/W,R/W,R/W,R/W,R/W,R/W,N,R/W,R/W,R/W,R/W,R/W,N,N,R/W,R/W,N,R/W,R/W,N,R/W,R/W,R/W,R/W,R/W,R/W,R/W,R/W,R/W,R/W,R/W,R/W,R/W,R/W,R/W,R/W,R/W,R/W,R/W,R/W,R/W,R/W,R/W,R/W,R/W,R/W,R/W,R/W,R/W,R/W,R/W,R/W,R/W,R/W,R/W,R/W,R/W,R/W,N,R/W,R/W,R/W,R/W,R/W,R/W,R/W,R/W,R/W,R/W,R/W,R/W,R/W,R/W,N,R/W,N,R/W,N,R/W,R/W,N,R/W,R/W,N,R/W,R/W,R/W,R/W,R/W,R/W,R/W,R/W,R/W,R/W,R/W,R/W,R/W,R/W,R/W,R/W,R/W,N,R/W,N,R/W,R/W,R/W,R/W,R/W,R/W,R/W,R/W,R/W,R/W,R/W,R/W,R/W,R/W,R/W,R/W,R/W,R/W,R/W,R/W,R/W,R/W,R/W,R/W,R/W,R/W,R/W,R/W,R/W,R/W,R/W,R/W,R/W,R/W,N,R/W,R/W,R/W,R/W,R/W,R/W,R/W,R/W,R/W,R/W,R/W,R/W,N,R/W,R/W,R/W,R/W,R/W,N,R/W,R/W,R/W,R/W,R/W,R/W,R/W,R/W,R/W,R/W,R/W,R/W,R/W,R/W,R/W,R/W,R/W,R/W,R/W,R/W,R/W,R/W,R/W,R/W,R/W,R/W,R/W,R/W,R/W,R/W,R/W,R/W,R/W,R/W,R/W,R/W,R/W,R/W,BL01UK06PL009,UKPL009,748,24.93333333,2021,gb
R_22noOo1n3336hvt,Female,University degree or equivalent,University degree or equivalent,7,90,3,guajarati,Polish;7;,English;90;,Gujarati;3;,7,90,3,guajarati,Polish,NA,10,8,NA,NA,I always (or almost always) speak Polish to my child,English,NA,NA,10,6,gujarati,I always (or almost always) speak English to my child,First,NA,1,17,Always (or almost always) English,,R/W,R/W,N,R/W,R/W,R/W,R/W,R/W,N,R/W,N,R/W,N,N,N,R,R,R/W,R,R,R/W,R,R,R/W,R,R,R,R,N,R,N,R,R/W,R,R,R,R,R,R/W,R,R,R,R,R,R,R,R,R/W,R,N,N,N,R,R,R,N,N,R,R,R,R,R,R,R,R,R,R/W,R/W,R,R,N,N,N,N,N,R,R,R,N,R,R,N,R,R,R,R/W,R,R/W,R,R,R,R/W,R,R/W,R/W,R,N,R,N,N,R,R/W,R/W,R,N,N,N,N,R,N,R,R,R,R,R,R/W,R,N,N,N,N,R,N,R/W,R,R,N,N,N,R,R,R,R,N,N,R,R,N,N,R,N,R,R,N,N,R,R,R,R,R,R,R,N,R,R,R,N,N,R,R,R,R,R,N,N,R,R,N,N,R,R,R,R,N,N,N,N,N,N,R,R,N,N,R/W,R,N,N,N,R,R,R,R,R,N,R,R/W,N,R,N,R,R,R,N,N,R,R,N,R,R,N,N,R,R,R,R,R,R,R,R/W,R/W,R,R,N,R/W,N,R,R/W,N,N,N,R,R,N,R/W,N,N,N,N,N,N,N,N,R/W,R,R/W,R,R,R,R/W,R/W,N,R/W,R/W,R,R,R,R/W,R,R,R/W,R,R,N,R,N,N,R,N,R,R,R,R,R,R,N,N,N,R,N,R,R,N,N,R,R,N,R,R,N,R,R,N,R,R,R,R,R,R,R,R,N,N,N,N,N,R,R,N,R,R,R,R,R,N,R/W,N,R,R,N,N,N,N,N,N,R,N,N,N,R,N,N,N,N,N,N,N,N,N,N,N,R,N,R,N,R,R,N,N,N,N,R/W,N,N,N,N,N,N,N,R,N,R,N,N,N,N,N,N,N,N,N,N,R,N,R/W,N,N,N,N,R/W,R,N,N,R,R,N,N,R,N,N,N,N,N,N,N,N,N,N,N,N,N,N,N,N,N,N,N,N,N,N,N,N,N,R/W,N,N,N,N,N,BL01UK05PL029,UKPL029,822,27.4,2021,gb
R_bpXbsZGj5dGfMCR,Female,Left school at 18 with A-Levels or equivalent,Left school at 18 with A-Levels or equivalent,60,40,0,NA,Polish;60;,English;40;,,80,20,0,NA,Polish,NA,10,8,NA,NA,I regularly speak both Polish and English to my child,English,NA,1,10,NA,NA,I always (or almost always) speak English to my child,Second,NA,2,NA,NA,,N,R/W,N,N,N,N,N,N,R,R/W,N,N,N,N,N,N,R,R,N,N,R,N,N,N,N,R/W,N,N,N,N,N,N,R/W,N,N,R/W,N,N,N,R,N,N,N,N,N,N,R,R,N,N,N,N,N,R,N,N,N,N,N,R,R,R,R/W,R,R,R,R/W,R,R,N,N,N,N,N,N,R,N,R,R,R,R,R,R,N,N,N,R,N,N,N,N,R/W,R,R/W,R,N,R,R,R,N,R,R/W,R,R,N,R,N,N,R,R,N,N,N,R,R,R,N,N,N,R,N,R,N,N,R,R,N,R,N,R,R,N,N,N,N,R,N,N,N,R,N,R,R,R,R,R,N,N,R,R,R,N,N,R,N,R,N,N,R,R,R,R,R,N,N,N,R,N,R,N,R,R,R/W,N,N,N,N,R,R,N,N,R,R,R,R,N,N,N,R,R,R,R,R,N,N,R,N,R,N,N,N,N,N,N,N,R,N,R,N,R,N,R,N,N,R,R,N,R,R,N,N,N,N,R,N,N,N,N,N,R/W,R,N,N,R/W,N,N,N,N,N,N,N,R,R,N,R,R,N,R,R/W,R,N,R,R,R,N,N,R,R,R,R,R,N,N,R/W,N,R,R,R,R,R,R/W,R,R,N,N,N,R,R,R,R,N,N,N,N,N,R,R,R,R,R,R,R,R,R,R,R,R,R,R,R,R,R,R,N,N,R,R,R,R,R,N,N,N,N,R,N,N,R,N,R,R,N,R,N,N,N,N,R,R,R,N,N,R,N,R,N,N,N,N,N,N,N,R,N,N,N,N,N,N,R,R,N,N,N,N,N,N,N,N,N,N,N,N,N,N,R,N,N,N,N,N,N,N,R,N,R,R,N,R,N,N,N,N,N,R,N,R,R,N,R,R/W,R,N,R,R,R,R,R,N,R,R,R,R,N,R,R,N,N,N,N,N,N,R,N,N,N,N,N,BL01UK06PL012,UKPL012,746,24.86666667,2021,gb
R_20UNXoqnrRxWFzo,Male,University degree or equivalent,University degree or equivalent,70,30,0,NA,Polish;70;,English;30;,,70,30,0,NA,Polish,NA,10,8,NA,NA,I regularly speak a mix of Polish/ English / other languages to my child,English,NA,2,10,NA,NA,I always (or almost always) speak English to my child,First,NA,1,NA,NA,,N,R/W,N,R/W,R,R/W,R/W,R/W,N,R/W,N,R/W,R,R,N,R/W,R/W,R/W,R/W,R/W,R/W,N,R/W,R/W,R/W,R/W,R,R,R,R/W,N,R/W,R/W,R,R/W,R/W,R/W,R/W,R/W,R/W,R/W,R/W,R/W,R/W,R/W,R,R/W,R/W,R/W,R,R,R,R/W,R,R/W,R,R/W,R/W,R/W,R/W,R/W,R/W,R/W,R/W,R/W,R/W,R/W,R/W,R,N,N,N,R,R,N,R/W,R/W,R,R/W,N,R/W,R/W,R/W,R/W,N,R/W,R,N,N,R,R/W,R/W,R,N,R/W,R/W,N,R/W,R,R,R/W,R/W,R/W,R/W,N,R,R,N,R/W,N,R,R/W,N,R/W,R,R/W,N,R/W,N,N,N,R,R,R,R,R,N,R/W,N,R/W,N,N,N,R,N,R/W,R,R/W,N,R/W,R,R/W,R,R,N,R,R,R,N,R,R,R,N,N,N,R,N,R/W,R/W,R/W,R/W,R/W,R/W,R/W,N,R/W,R/W,R/W,N,R/W,R,N,R,R,R/W,N,N,R/W,R,R/W,N,N,R/W,R/W,R/W,N,N,N,R/W,R/W,R/W,N,R/W,R/W,N,R,N,N,N,N,R/W,N,R,N,N,R/W,N,N,R,R,R,R/W,N,R/W,R,N,N,R,R/W,R/W,R/W,N,R/W,R/W,N,R/W,R/W,N,R/W,R/W,R/W,R/W,R,R/W,N,N,N,R/W,R/W,R,N,N,R/W,R/W,R,N,R/W,N,R/W,R/W,N,R/W,R/W,R,N,N,R/W,N,R,R/W,R,N,R,R/W,N,R,R,N,N,R/W,R,R,N,R,N,R,R/W,R,R,R/W,N,N,R,N,N,N,N,R/W,N,R,R/W,R,R/W,N,R/W,R,R,R,R,R,R/W,N,R,N,R/W,R,R,R,R,R,R,N,R,N,R/W,N,R,R,N,R,R,R,R,N,R,R,N,N,R,N,N,R,N,N,R/W,N,R/W,R/W,R/W,R/W,R/W,N,R/W,R/W,N,N,N,R/W,N,R/W,R/W,R/W,N,N,N,R/W,N,N,N,N,N,R,N,R/W,N,R/W,N,R/W,R/W,N,N,N,R/W,R,N,R,N,N,R,N,N,N,N,N,N,N,N,R/W,N,N,N,N,N,N,N,N,N,R/W,R/W,R/W,R/W,R/W,R,N,R/W,R/W,R/W,N,N,R/W,N,N,R/W,R/W,R/W,R,N,R,BL01UK06PL003,UKPL003,850,28.33333333,2021,gb
R_YQSB1BgLu4Gs6FH,Female,University degree or equivalent,Left school at 16 with GCSE or equivalent,80,20,0,NA,Polish;80;,English;20;,,90,10,0,NA,Polish,NA,10,8,NA,NA,I regularly speak both Polish and English to my child,Polish,NA,10,5,NA,NA,I always (or almost always) speak Polish to my child,First,NA,1,26,Always (or almost always) English,,R/W,R/W,R/W,R/W,R/W,R/W,R/W,R/W,R/W,R/W,R/W,R/W,R,R,R/W,R/W,R/W,R/W,R/W,R/W,R/W,R/W,R/W,R/W,R/W,R/W,R/W,R/W,R/W,R/W,R/W,R/W,R/W,R/W,R/W,R/W,R/W,R/W,R/W,R/W,R/W,R/W,R/W,R/W,R/W,R/W,R/W,R/W,R/W,R/W,R/W,R/W,R/W,R/W,R/W,R/W,R/W,R/W,R/W,R/W,R/W,R/W,R/W,R/W,R/W,R/W,R/W,R/W,R/W,R/W,R/W,R/W,R/W,R/W,R/W,R/W,R/W,R/W,R/W,R/W,R/W,R/W,R/W,R/W,R/W,R/W,R/W,R/W,R/W,R/W,R/W,R/W,R/W,R,R/W,R/W,R/W,R/W,R/W,R/W,R/W,R/W,R/W,R/W,R/W,R/W,R/W,R/W,R/W,R/W,N,R/W,R/W,R/W,R/W,R/W,R/W,R/W,R/W,R/W,N,R/W,R/W,R/W,R/W,R/W,N,R/W,R/W,R/W,R/W,N,N,R,N,R/W,R/W,R/W,N,R/W,R/W,R/W,R/W,R/W,R/W,R/W,R/W,R/W,R/W,R/W,R/W,R/W,R/W,R/W,R,R/W,R/W,R/W,R/W,R/W,N,R/W,N,R/W,N,R/W,R/W,R/W,R/W,R/W,R/W,R/W,R/W,R/W,R/W,R/W,R/W,R/W,R/W,R/W,R/W,R/W,R/W,R/W,R/W,R/W,N,R/W,R/W,R/W,R/W,R/W,R/W,R/W,R,R/W,R/W,R/W,R/W,N,R/W,R/W,R/W,R/W,R/W,R/W,R/W,R/W,R/W,R/W,R,R/W,R/W,R/W,R/W,R/W,R/W,R/W,R/W,R/W,R/W,R/W,R/W,R/W,R/W,R/W,R/W,R/W,R/W,R/W,R/W,R/W,R/W,R/W,R,R,R,R/W,R/W,R/W,R/W,R/W,R/W,R/W,R/W,R/W,R/W,R/W,R/W,R/W,R/W,R/W,R/W,R/W,R/W,R/W,R/W,R/W,R/W,R/W,R/W,R/W,R/W,R/W,R/W,R/W,R/W,R/W,R/W,R/W,R/W,R/W,R/W,R/W,R/W,R/W,R/W,R/W,R/W,R/W,R/W,R/W,R/W,R/W,R/W,R/W,R/W,R/W,R/W,R/W,R/W,R/W,R/W,R/W,R/W,R/W,N,R/W,R/W,R/W,R/W,N,R/W,R,R,R/W,R/W,R/W,R/W,R/W,R/W,R/W,R/W,R/W,R/W,N,R/W,R/W,R/W,R/W,R/W,R/W,R/W,R/W,R/W,R/W,R/W,R/W,R/W,N,N,R/W,R/W,R/W,R/W,R/W,R/W,R/W,R/W,R/W,R/W,R,R/W,R/W,R/W,R/W,R/W,R/W,R,R/W,R/W,R/W,R/W,R/W,N,R/W,R,R,R/W,R/W,R,N,R/W,R/W,R/W,R/W,R/W,R/W,R/W,R/W,R/W,R/W,R/W,R/W,R/W,R/W,R/W,R/W,R/W,R/W,R/W,R/W,R/W,R/W,R/W,R/W,R/W,R/W,R,R,R/W,R/W,R/W,R/W,R/W,R/W,R/W,R/W,R/W,R/W,R/W,R/W,R/W,R/W,R/W,R/W,R/W,N,R/W,R/W,N,R/W,R/W,R/W,R/W,R/W,N,R/W,BL01UK04PL038,UKPL038,951,31.7,2021,gb
R_1rc62xLaqcg2Bo8,Female,University degree or equivalent,Left school at 18 with A-Levels or equivalent,70,30,0,NA,Polish;70;,English;30;,,90,10,0,NA,Polish,NA,10,8,2,Spanish,I always (or almost always) speak Polish to my child,Polish,NA,10,8,NA,NA,I always (or almost always) speak Polish to my child,First,NA,1,NA,NA,,R,R/W,R,R/W,R/W,R/W,R/W,R/W,R/W,R/W,R/W,R/W,R/W,R,R/W,R/W,R/W,R/W,R/W,R/W,R/W,R,R/W,R/W,R/W,R/W,R/W,R/W,R/W,R/W,R/W,R/W,R/W,R/W,R/W,R/W,R/W,R/W,R/W,R/W,R/W,R/W,R/W,R/W,R/W,R/W,R/W,R/W,R/W,R,R/W,R/W,R/W,R/W,R/W,R/W,R/W,R/W,R/W,R/W,R/W,R/W,R/W,R/W,R,R/W,R/W,R/W,R/W,R,R,R/W,R/W,R/W,N,R/W,R/W,R/W,R/W,R/W,R/W,R/W,R/W,R/W,R/W,R/W,R/W,R/W,N,R/W,R/W,R/W,R,R/W,R/W,R/W,R,R/W,R/W,R/W,R/W,R/W,R/W,R/W,R/W,R/W,R/W,R/W,R/W,R/W,R,R/W,R/W,R/W,R/W,R/W,R,R/W,R/W,R/W,N,R/W,R/W,R/W,R/W,R/W,R/W,R/W,R/W,N,R/W,R/W,R,R,N,R/W,R/W,R/W,N,R/W,N,R/W,R/W,R/W,R/W,N,R/W,R/W,R/W,R/W,R/W,R/W,R,R,N,R/W,R,R,R/W,R/W,R/W,R/W,R/W,R/W,N,R/W,R/W,R/W,R,R/W,R,R,R/W,R/W,R,N,R/W,R/W,N,R/W,R/W,N,R/W,R/W,R/W,R/W,R/W,R/W,R/W,R/W,R/W,R/W,R/W,R/W,R/W,R/W,R/W,R/W,R/W,N,R/W,R/W,N,R/W,R,R/W,N,R/W,R,R/W,R,R/W,R/W,R/W,R/W,R/W,R/W,R/W,R/W,R/W,R/W,R/W,R/W,R/W,N,R/W,R/W,R/W,R/W,R/W,R,R/W,R/W,R/W,N,N,N,R/W,R/W,N,R,N,R/W,R/W,R/W,R/W,R/W,R/W,R/W,R/W,R/W,R/W,R/W,R/W,R/W,N,R/W,R,R/W,R/W,R/W,R,R/W,R/W,R/W,R/W,R/W,R/W,R,R/W,R/W,R/W,R,R/W,R/W,R/W,R/W,R/W,R/W,R/W,R/W,R/W,R/W,R/W,R/W,R/W,R/W,R/W,R,R/W,R/W,R/W,R/W,R/W,R/W,R/W,R/W,R/W,R/W,R/W,R/W,R,R/W,R,R,R/W,R/W,R/W,R/W,R/W,R/W,R,R/W,R,R/W,R,R/W,R/W,R/W,R,R,R/W,R/W,N,R,R/W,N,R/W,R/W,N,N,R/W,R/W,R/W,R/W,R/W,R/W,R/W,R/W,R/W,R/W,N,R/W,R/W,R/W,R/W,R/W,R/W,R/W,R/W,R/W,R/W,R,R,N,R/W,R,R,R,R/W,R/W,R/W,N,N,R/W,R,R,R/W,R/W,R,R,R/W,R/W,R/W,R,R/W,R,R,R,R/W,R/W,N,N,R/W,R/W,R/W,R/W,R,N,N,R,R,R,R,R,R,R/W,R,R/W,R/W,R,R,R,R,R/W,R/W,R/W,N,R,N,N,R/W,R/W,R,R/W,R/W,N,R,BL01UK04PL046,UKPL046,616,20.53333333,2021,gb
R_1FrEbUI8xL10M7U,Female,University degree or equivalent,University degree or equivalent,45,55,0,NA,Polish;45;,English;55;,,95,5,0,NA,Polish,NA,10,8,NA,NA,I always (or almost always) speak Polish to my child,Polish,NA,10,7,NA,NA,I always (or almost always) speak Polish to my child,First,NA,1,14,Always (or almost always) English,,R/W,R/W,R/W,R/W,R/W,R/W,R/W,R/W,R/W,R/W,R/W,R/W,R/W,R/W,R/W,R/W,R/W,R/W,R/W,R/W,R/W,R/W,R/W,R/W,R/W,R/W,R/W,R/W,R/W,R/W,R/W,R/W,R/W,R/W,R/W,R/W,R/W,R/W,R/W,R/W,R/W,R/W,R/W,R/W,R/W,R,R/W,R/W,R/W,R,R/W,R/W,R/W,R/W,R/W,R,R/W,R/W,R/W,R/W,R/W,R/W,R/W,R/W,R,R/W,R/W,R/W,R/W,R,R/W,R/W,R/W,R/W,R,R/W,R/W,R/W,R/W,R/W,R/W,R/W,R/W,R/W,R/W,R/W,R/W,R/W,R/W,R/W,R/W,R/W,R/W,R/W,R/W,R/W,R/W,R/W,R/W,R/W,R/W,R/W,R/W,R/W,R/W,R/W,R/W,R/W,R/W,R/W,R/W,R/W,R/W,R/W,R/W,R/W,R,R/W,R,R,N,R/W,N,R/W,R/W,R/W,R,R/W,R/W,R/W,R/W,R/W,R/W,R,R/W,R/W,R/W,R/W,N,R/W,R,R/W,R/W,R/W,R/W,R/W,R/W,R/W,N,R/W,R/W,R,R/W,R/W,R/W,R/W,R/W,R,R/W,R/W,R/W,R/W,R/W,R/W,N,R/W,R/W,R/W,R/W,R/W,R/W,R/W,R/W,R/W,R/W,R,R/W,R/W,R,R/W,R/W,R/W,R/W,R/W,R/W,N,R,R,R/W,R/W,R/W,R/W,R/W,R/W,R/W,R/W,R/W,R/W,R,R/W,R/W,N,R/W,R/W,R/W,R/W,R,R/W,R,R,R,R/W,R/W,R/W,R/W,R/W,N,R/W,R/W,R/W,R,R/W,R/W,R/W,R/W,R/W,R/W,R/W,R/W,R/W,R/W,R/W,R/W,R/W,N,N,N,R/W,R/W,R/W,R/W,R/W,R/W,R/W,R/W,R/W,R/W,R/W,R/W,R/W,R,R/W,R/W,R/W,R/W,R/W,R/W,R,R/W,R/W,R/W,N,R/W,R/W,R/W,R/W,R,R,R/W,R/W,R/W,R/W,R/W,R/W,R/W,R/W,R/W,R/W,R/W,R/W,R/W,R/W,R/W,R,R/W,R/W,R/W,R/W,R,R/W,R/W,R/W,R/W,R/W,R/W,R/W,R,R/W,R,R,R/W,R,R/W,R,R,R,R/W,R/W,R/W,R/W,R/W,R/W,R/W,R/W,R/W,R,R/W,R/W,R/W,R/W,R,R/W,R/W,N,R/W,R/W,R/W,R,R/W,R,N,R,R/W,R/W,R/W,R/W,R/W,R/W,R/W,R/W,R/W,R,R/W,R/W,R/W,R/W,R/W,R/W,R/W,R/W,R/W,R/W,R/W,R/W,N,R/W,R,R/W,R/W,R/W,R/W,R/W,R/W,R/W,R,R/W,R,R/W,R/W,R,R/W,R/W,R/W,R/W,R/W,R/W,R,R/W,R/W,R,R,R,R,R/W,R,R,R,R/W,R,R,R/W,R/W,R/W,R/W,R/W,R/W,R/W,R/W,R/W,R/W,R/W,R/W,R,R/W,R/W,R/W,R/W,R,R/W,R/W,R,R,R/W,R/W,R,R/W,R,R,BL01UK03PL057,UKPL057,874,29.13333333,2021,gb
R_1JF5v9pFO2XEXn9,Male,University degree or equivalent,University degree or equivalent,60,40,0,NA,Polish;60;,English;40;,,80,20,0,NA,Polish,NA,10,9,NA,NA,I regularly speak both Polish and English to my child,Polish,NA,10,6,0,NA,I always (or almost always) speak Polish to my child,First,NA,1,18,Always (or almost always) English,,N,R/W,R/W,R/W,R,N,R,R/W,R,R/W,R/W,R,R,N,N,R,R,R,R,R,R,R,R,R,R,R,R,R,N,R,R,N,R,N,R,R,R,R,N,R,R/W,R,N,N,N,R/W,N,R/W,R/W,R,R,R,R/W,R,R,R,R,N,R,R,R,R,R,R/W,N,R,R,R,N,N,N,N,R,R,N,R,R,R,N,R,R,R,R,N,N,N,R/W,R,R,R,R,R,N,N,R/W,R,R,R,N,R,R,R,R,N,R,N,N,R,R,R,R,R,R,R/W,R,R,R,R,R,R,R,R,N,R,R,R,R,R,R,R,R,R,R,R,N,R,R,R,R,N,R,R,R,R,R,R,N,R,R,R,R,R,R,R,R,R,R,R,R,R,R,R,R,R,N,R,R,N,R/W,R,R,N,N,R,R,N,N,R,R,R,N,N,N,R/W,R,N,N,R,R,R,R,R,R,R,N,R,N,N,N,N,N,N,N,N,N,R,R,R,R,R,N,N,N,R,R/W,R,N,R,N,R,R,R,R,R,N,R,R,N,R,R/W,R,R,R/W,R/W,N,R,N,R,R,N,N,N,R/W,N,R,R,R,R,R,R,R,R,R,R,R,R,R/W,R,R,R,R,R,R,R,N,R,N,N,N,N,R,R,R,R,R,R,R,R,R,R,N,R,R,N,R,R,R,R,R,R,R,R,R,N,N,R,R,R,R,R,N,R,R,R,R,R,R,R,R,R,R,R,R,N,R,N,R,R,R,N,N,N,R,R,R,R,R,N,R,R,N,N,N,N,N,N,N,R,N,N,N,N,R,R,R,R,N,N,R,N,R,N,R,R,N,R,N,N,R,N,R,R,N,N,R,R,R,N,R,R,N,R,N,R,R,R,R,N,R,N,N,N,R,N,R,N,R,R,N,N,R,N,N,N,R,R,R,R,R,R,R,R,R,R,R,R,R,R,R,R,N,R,R,N,N,N,R,N,BL01UK02PL074,UKPL074,605,20.16666667,2021,gb
R_3OqOdkMWv9JOg3Q,Male,University degree or equivalent,University degree or equivalent,45,55,0,NA,Polish;45;,English;55;,,100,0,0,NA,Polish,NA,10,0,1,French,I always (or almost always) speak Polish to my child,Polish,NA,10,9,0,NA,I always (or almost always) speak Polish to my child,First,NA,1,0,Always (or almost always) English,,R/W,R/W,R/W,R/W,R/W,R/W,R/W,R/W,R/W,R/W,R/W,R/W,R,N,N,R,R,R/W,R,R,R,N,R,R/W,R,R/W,R,R,R,R,N,R/W,R/W,R/W,R,R,R,R,R,R,N,R,R,R,R,N,R,R/W,R/W,R/W,R/W,R,R,R,R,R/W,R,R/W,R,R,R,N,R/W,R/W,N,N,R/W,R,R/W,N,R,R/W,N,N,N,R/W,R/W,R/W,N,N,R/W,R,R/W,R,R,R,R/W,R/W,N,N,R,R/W,N,N,R,R,N,R/W,R,N,R,R/W,R,R,N,R,R,N,R/W,R,R,R,R,R/W,R,R,R,R,R,N,N,R/W,N,R/W,R,R,R,R,R,R,N,R,N,N,N,R/W,N,N,N,R,R,R,R,R,N,R,N,R/W,N,R,R,R,N,R,N,R/W,N,N,R/W,R/W,R,R/W,R,R,R,R,R,N,R,R,R,N,N,N,R,N,N,R,N,N,N,N,N,R,R/W,N,N,N,N,N,R/W,N,N,N,N,N,N,N,N,N,N,N,N,R,N,R,N,R,N,R,N,R,R,N,R,R,N,R,R,R,N,R/W,R,R/W,N,R,R/W,N,R/W,R,N,R,N,R/W,N,N,N,R/W,R/W,R,N,N,R/W,R,R,R/W,R,R,R/W,R,R,R/W,R/W,R,R,N,R/W,R,R,R/W,R/W,R,R,R,N,R,N,N,N,N,R,R,N,R,N,N,R,R,R,R/W,N,R/W,R,N,N,N,R,N,N,R,R,R,R/W,N,R,N,R,R,R,N,R,R,N,N,N,N,R,N,N,N,R,N,N,N,R/W,N,R,R,R,N,R,R,N,N,N,N,N,N,N,N,N,N,N,N,N,N,N,N,N,N,N,R,N,N,R,N,N,N,N,R,R,N,R,R,N,R/W,N,N,R,R,R,R/W,N,N,R,R,R,N,R,N,N,R,N,R,N,R,N,N,R,N,R,N,N,N,R,N,N,R,N,N,N,R,N,N,N,R/W,N,N,N,N,R/W,R/W,R,N,R/W,N,N,N,N,N,N,N,N,N,N,N,N,N,BL01UK03PL055,UKPL055,755,25.16666667,2022,gb