Response ID,Child's gender,Mother's highest educational qualification,Father's highest educational qualification,Overall language exposure - German,Overall language exposure - English,Overall language exposure - Other,Overall language exposure - Other - Text,exp_deu,exp_eng,exp_oth,Home language exposure - German,Home language exposure - English,Home language exposure - Other(s),Home language exposure - Other(s) - Text,Mother native - Selected Choice,Mother native - Other(s) - Text,Mother's proficiency - German,Mother's proficiency - English,Mother's proficiency - Other,Mother's proficiency - Other - Text,Mother's child language,Father native - Selected Choice,Father native - Other(s) - Text,Father's proficiency - German,Father's proficiency - English,Father's proficiency - Other,Father's proficiency - Other - Text,Father's child language,Birth order - Selected Choice,Birth order - Other - Text,birth_order,Nursery start age - Age in months,Nursery language,Immersion - months,Sounds - Autsch,Sounds - Brumm Brumm (Auto),Sounds - Grr (knurren),Sounds - Kikeriki (Hahn),Sounds - Mäh (Schaf),Sounds - Miau (Katze),Sounds - Mmhh,Sounds - Muh (Kuh),Sounds - Oh Oh,Sounds - Quak Quak (Ente),Sounds - Tut Tut (Bahn),Sounds - Wuff (Hund),Animals - Affe,Animals - Bär,Animals - Biene,Animals - Eichhörnchen,Animals - Elefant,Animals - Ente,Animals - Esel,Animals - Eule,Animals - Fisch,Animals - Frosch,Animals - Gans,Animals - Giraffe,Animals - Hase,Animals - Huhn,Animals - Hund,Animals - Hündchen,Animals - Kätzchen,Animals - Katze,Animals - Kuh,Animals - Lamm,Animals - Löwe,Animals - Maus,Animals - Pferd,Animals - Pinguin,Animals - Pony,Animals - Reh,Animals - Schaf,Animals - Schildkröte,Animals - Schmetterling,Animals - Schwein,Animals - Spinne,Animals - Tier,Animals - Tiger,Animals - Truthahn,Animals - Vogel,Vehicles - Auto,"Vehicles - Bahn (Eisenbahn, Straßenbahn, U-Bahn, S-Bahn, Zug gelten auch)",Vehicles - Boot,Vehicles - Buggy,Vehicles - Bus,Vehicles - Fahrrad,Vehicles - Feuerwehr(auto),Vehicles - Flugzeug,Vehicles - Lastwagen / Laster,Vehicles - Motorrad,Toys - Ball,Toys - Buch,Toys - Klotz,Toys - Luftballon,Toys - Puppe,Toys - Seifenblase,Toys - Spielzeug,Toys - Stift,Toys - Teddy,Food and Drink - Apfel,Food and Drink - Banane,Food and Drink - Brot,Food and Drink - Butter,Food and Drink - Eier,Food and Drink - Eis,Food and Drink - Erbsen,Food and Drink - Essen,Food and Drink - Fisch,Food and Drink - Fleisch,Food and Drink - Getränk,Food and Drink - Hähnchen,Food and Drink - Kaffee,Food and Drink - Käse,Food and Drink - Keks,Food and Drink - Kuchen,Food and Drink - Marmelade,Food and Drink - Milch,Food and Drink - Möhre,Food and Drink - Müsli,Food and Drink - Orange,Food and Drink - Pizza,Food and Drink - Pommes,Food and Drink - Saft,Food and Drink - Spaghetti,Food and Drink - Süßigkeiten,Food and Drink - Tee,Food and Drink - Toast,Food and Drink - Wasser,Body Parts - Arm,Body Parts - Auge,Body Parts - Backe,Body Parts - Bauch,Body Parts - Bauchnabel,Body Parts - Bein,Body Parts - Finger,Body Parts - Fingernagel,Body Parts - Fuß,Body Parts - Gesicht,Body Parts - Haare,Body Parts - Hand,Body Parts - Knie,Body Parts - Kopf,Body Parts - Mund,Body Parts - Nase,Body Parts - Ohr,Body Parts - Zahn,Body Parts - Zeh,Body Parts - Zunge,Clothes - Brille,Clothes - Hemd,Clothes - Hose,Clothes - Jacke,Clothes - Jeans,Clothes - Kette,Clothes - Kleid,Clothes - Knopf,Clothes - Lätzchen,Clothes - Mantel,Clothes - Mütze,Clothes - Pullover,Clothes - Reißverschluss,Clothes - Schlafanzug,Clothes - Schuh,Clothes - Shorts,Clothes - Socken,Clothes - Stiefel,Clothes - Windel,Furniture and Rooms - Badewanne,Furniture and Rooms - Badezimmer / Bad,Furniture and Rooms - Bett,Furniture and Rooms - Fenster,Furniture and Rooms - Fernseher,Furniture and Rooms - Garage,Furniture and Rooms - Herd,Furniture and Rooms - Hochstuhl,Furniture and Rooms - Kinderbettchen,Furniture and Rooms - Küche,Furniture and Rooms - Kühlschrank,Furniture and Rooms - Laufstall,Furniture and Rooms - Schaukelstuhl,Furniture and Rooms - Schlafzimmer,Furniture and Rooms - Schublade,Furniture and Rooms - Sofa,Furniture and Rooms - Stuhl,Furniture and Rooms - Tisch,Furniture and Rooms - Töpfchen,Furniture and Rooms - Treppe,Furniture and Rooms - Tür,Furniture and Rooms - Waschbecken,Furniture and Rooms - Wohnzimmer,Outside - Arbeit,Outside - Baum,Outside - Blume,Outside - draußen,Outside - Eimer,Outside - Garten,Outside - Geschäft,Outside - Haus,Outside - Himmel,Outside - Kirche,Outside - Mauer / Wand,Outside - Mond,Outside - Park,Outside - Party,Outside - Regen,Outside - Rutsche,Outside - Schaufel,Outside - Schaukel,Outside - Schnee,Outside - Schule,Outside - Schwimmbad,Outside - Sonne,Outside - Stein,Outside - Stern,Outside - Strand,Outside - Wasser,Outside - Zoo,Household items - Becher,Household items - Besen,Household items - Bild,Household items - Bürste,Household items - Cent,Household items - Decke,Household items - Flasche,Household items - Gabel,Household items - Geld,Household items - Geldbeutel,Household items - Geschirr,Household items - Glas,Household items - Hammer,Household items - Handtuch,Household items - Kamm,Household items - Kanne,Household items - Kissen,Household items - Kiste,Household items - Lampe,Household items - Licht,Household items - Löffel,Household items - Medizin,Household items - Müll,Household items - Mülleimer,Household items - Papier,Household items - Pflanze,Household items - Radio,Household items - Schere,Household items - Schlüssel,Household items - Schnuller,Household items - Schüssel,Household items - Seife,Household items - Staubsauger,Household items - Tasse,Household items - Telefon,Household items - Teller,Household items - Topf,Household items - Uhr,Household items - Zahnbürste,People - Baby,People - Bruder,People - Doktor / Arzt,People - Frau,People - Freund / Freundin,People - Junge,People - Kind,People - Kindermädchen,People - Lehrer,People - Mädchen,People - Mama,People - Mann,People - Menschen,People - Oma,People - Onkel,People - Opa,People - Papa,People - Person,People - Polizei,People - Schwester,People - Tante,Games and Routines - Abendbrot,Games and Routines - baden,Games and Routines - Bei Müller's hat's gebrannt,Games and Routines - bitte,Games and Routines - danke,Games and Routines - Frühstück,Games and Routines - guck guck,Games and Routines - Gute Nacht,Games and Routines - hallo,Games and Routines - hi,Games and Routines - ja,Games and Routines - Kafe und Kuchen,Games and Routines - Mittagessen,Games and Routines - Mittagsschlaf,Games and Routines - möchte,Games and Routines - nein,Games and Routines - (tu das) nicht,Games and Routines - Sschhhh / Psst,Games and Routines - tschüss,Games and Routines - warten,Action Words - anrufen,Action Words - aufhören,Action Words - aufmachen,Action Words - beeilen,Action Words - beißen,Action Words - bekommen,Action Words - bringen,Action Words - drücken,Action Words - erzählen,Action Words - essen,Action Words - fahren,Action Words - fallen,Action Words - fallen lassen,Action Words - fangen,Action Words - fertig machen,Action Words - finden,Action Words - füttern,Action Words - geben,Action Words - gehen,Action Words - gucken,Action Words - haben,Action Words - hauen,Action Words - helfen,Action Words - hören,Action Words - jagen,Action Words - kaputt machen,Action Words - kitzeln,Action Words - kratzen,Action Words - kuscheln,Action Words - küssen,Action Words - lächeln,Action Words - laufen,Action Words - lesen,Action Words - lieb haben,Action Words - lieben,Action Words - machen,Action Words - malen,Action Words - nehmen,Action Words - pusten,Action Words - reiten,Action Words - rennen,Action Words - riechen,Action Words - sagen,Action Words - sauber machen,Action Words - schaukeln,Action Words - schlafen,Action Words - schneiden,Action Words - schreiben,Action Words - schwimmen,Action Words - sehen,Action Words - singen,Action Words - spielen,Action Words - springen,Action Words - spritzen,Action Words - (hin) stellen,Action Words - tanzen,Action Words - tragen,Action Words - treten,Action Words - trinken,Action Words - umarmen,Action Words - waschen,Action Words - weinen,Action Words - werfen,Action Words - wischen,Action Words - wissen,Action Words - zeigen,Action Words - ziehen,Action Words - zugucken,Action Words - zumachen,Action Words - zusammenstoßen,"Descriptive Words - alle (im Sinne von ""weg"")",Descriptive Words - alt,Descriptive Words - ängstlich,Descriptive Words - blau,Descriptive Words - dunkel,Descriptive Words - durstig,Descriptive Words - fein,Descriptive Words - fies,Descriptive Words - froh,Descriptive Words - gelb,Descriptive Words - groß,Descriptive Words - grün,Descriptive Words - gut,Descriptive Words - hart,Descriptive Words - heiß,Descriptive Words - hungrig,Descriptive Words - kalt,Descriptive Words - kaputt,Descriptive Words - klein,Descriptive Words - krank,Descriptive Words - leer,Descriptive Words - müde,Descriptive Words - nass,Descriptive Words - nett,Descriptive Words - rot,Descriptive Words - sanft,Descriptive Words - sauber,Descriptive Words - schlafend,Descriptive Words - schläfrig,Descriptive Words - schlecht,Descriptive Words - schmutzig,Descriptive Words - schnell,Descriptive Words - schön,Descriptive Words - traurig,Descriptive Words - trocken,Descriptive Words - ungezogen,Descriptive Words - verletzt,Descriptive Words - vorsichtig,Descriptive Words - weich,Question words - wann,Question words - warum,Question words - was,Question words - wer,Question words - wie,Question words - wo,Time - heute,Time - heute Abend,Time - jetzt,Time - Mittag,Time - Morgen,Time - Nacht,Time - später,Time - Tag,Pronouns and Possessives - das,Pronouns and Possessives - dein,Pronouns and Possessives - dies,Pronouns and Possessives - du,Pronouns and Possessives - es,Pronouns and Possessives - ich,Pronouns and Possessives - ihr,Pronouns and Possessives - mein,Pronouns and Possessives - meins,Pronouns and Possessives - mich,Pronouns and Possessives - sein,Prepositions and Location Words - auf,Prepositions and Location Words - aus,Prepositions and Location Words - da,Prepositions and Location Words - drinnen,Prepositions and Location Words - im,Prepositions and Location Words - oben,Prepositions and Location Words - runter,Prepositions and Location Words - unter,Prepositions and Location Words - von,Prepositions and Location Words - weg,Prepositions and Location Words - zurück,Quantifiers - alle,Quantifiers - andere,Quantifiers - anderer,Quantifiers - dasselbe,Quantifiers - kein,Quantifiers - manche,Quantifiers - mehr,Quantifiers - nicht,Quantifiers - wieder,ParticipantID,shortPID,age_days,age_months,Recorded.Year,country
R_2pPRoL5HzJlreTO,Male,University degree or equivalent,University degree or equivalent,60,40,0,NA,German;60;,English;40;,,100,0,0,NA,German,NA,10,10,NA,NA,I regularly speak both German and English to my child,NA,NA,NA,NA,NA,NA,NA,First,NA,1,NA,NA,3,V/S,V/S,V/S,V/S,V/S,V/S,V/S,V/S,V/S,V/S,V/S,V/S,V/S,V/S,V/S,V/S,V/S,V/S,V/S,V/S,V/S,V/S,V/S,V/S,V/S,V/S,V/S,V/S,V/S,V/S,V/S,V/S,V/S,V/S,V/S,V/S,V,V/S,V/S,V/S,V/S,V/S,V/S,V/S,V/S,N,V/S,V/S,V/S,V/S,V/S,V/S,V/S,V/S,V/S,V/S,V/S,V/S,V/S,V/S,V/S,V/S,V/S,V/S,V/S,V/S,V/S,V/S,V/S,V/S,V/S,V/S,V/S,V/S,V/S,V/S,V/S,V,V/S,V/S,V/S,V/S,V/S,V/S,V/S,V/S,V/S,V/S,V/S,V/S,V/S,V/S,V/S,V/S,V/S,V/S,V/S,V/S,V/S,V/S,V/S,V/S,V/S,V/S,V/S,V/S,V/S,V/S,V/S,V/S,V/S,V/S,V/S,V/S,V/S,V/S,V/S,V/S,V/S,V/S,V/S,V/S,V/S,V/S,V/S,V/S,V/S,V/S,V/S,V/S,V/S,V/S,V/S,V/S,V/S,V/S,V/S,V/S,V/S,V/S,V/S,V/S,V/S,V/S,V/S,N,V/S,V/S,V/S,V/S,V/S,V/S,V/S,V/S,V/S,V/S,V/S,V/S,V/S,V/S,V/S,V/S,V/S,V/S,V/S,V/S,V/S,V/S,V/S,V/S,V/S,V/S,V/S,V/S,V/S,V/S,V/S,V/S,V/S,V/S,V/S,V/S,V/S,V/S,V/S,V/S,V/S,V/S,N,V/S,V/S,V/S,V/S,V/S,V/S,V/S,V/S,V/S,V/S,V/S,V/S,V/S,V/S,V/S,V/S,V/S,V/S,V/S,V/S,V/S,V/S,V/S,V/S,V/S,V/S,V/S,V/S,V/S,V/S,V/S,V/S,V/S,V/S,V/S,V/S,V/S,V/S,V/S,V,V/S,V/S,V/S,V/S,V/S,V/S,V/S,V/S,V/S,V/S,V/S,V/S,V/S,V/S,V/S,V/S,V/S,V/S,V/S,V/S,V/S,V/S,V/S,V/S,V/S,V/S,V/S,V/S,V/S,V/S,V/S,V/S,V/S,V/S,V/S,V/S,V/S,V/S,V/S,V/S,V/S,V/S,V/S,V/S,V/S,V/S,V/S,V/S,V/S,V/S,V/S,V/S,V/S,V/S,V/S,V/S,V/S,V/S,V/S,V/S,V/S,V/S,V/S,V/S,V/S,V/S,V/S,V/S,V/S,V/S,V/S,V/S,V/S,V/S,V/S,V/S,V/S,V/S,V/S,V/S,V/S,V/S,V/S,V/S,V/S,V/S,V/S,V/S,V/S,V/S,V/S,V/S,V/S,V/S,V/S,V/S,V/S,V/S,V/S,V/S,V/S,V/S,V/S,V/S,V/S,V/S,V/S,V/S,V/S,V/S,V/S,V/S,V/S,V/S,V/S,V/S,V/S,V/S,V/S,V/S,V/S,V/S,V/S,V/S,V/S,V/S,V/S,V/S,V/S,V/S,V/S,V/S,V/S,V/S,V/S,V/S,V/S,V/S,V/S,V/S,N,V/S,V/S,V/S,V/S,V/S,V/S,V/S,V/S,V/S,V/S,V/S,V/S,V/S,V,V/S,V/S,V/S,V/S,V/S,V/S,V/S,V/S,V/S,V/S,V/S,V/S,V/S,V/S,V/S,V/S,V/S,V/S,V/S,V/S,V/S,V/S,V/S,V/S,V/S,V/S,V/S,V/S,V/S,V/S,V/S,V/S,V/S,V/S,BL01UK01GE001,UKGE001,1010,33.66666667,2020,gb
R_30cO6kBmRh47n7q,Male,University degree or equivalent,University degree or equivalent,10,90,0,NA,German;10;,English;90;,,40,60,0,NA,English,NA,2,10,NA,NA,I always (or almost always) speak English to my child,German,NA,10,10,NA,NA,I regularly speak both German and English to my child,First,NA,1,12,Always (or almost always) English,1,N,N,N,N,N,N,N,V,N,V,N,V,V,N,N,N,V,V,N,N,N,N,V,V,N,N,V,N,N,V,V,N,V,N,V,V,N,N,V,N,N,V,N,N,V,N,V,V,N,N,N,V,N,N,N,N,N,N,N,N,N,N,N,N,N,N,N,V,N,N,N,N,N,V,N,N,N,N,N,N,N,N,N,V,N,V,V,N,N,N,N,N,N,N,V,N,N,N,V,N,N,N,N,N,N,N,N,N,V,V,V,N,N,N,N,N,N,N,N,N,N,N,N,N,N,N,N,N,N,V,N,V,N,N,V,N,V,V,N,N,N,N,N,N,V,N,N,N,N,N,N,N,N,N,N,N,N,N,V,V,V,N,V,N,V,V,N,N,N,V,N,N,V,N,V,N,N,N,V,V,N,N,V,N,V,V,N,N,N,N,N,N,N,N,N,N,V,V,N,N,N,N,V,N,V,N,N,N,N,N,N,N,N,N,N,N,N,V,V,N,N,N,V,V,N,N,N,N,N,N,N,N,N,V,N,N,V,N,N,V,N,N,N,N,N,V,N,V,V,V,V,N,V,N,N,N,N,N,N,V,NA,NA,NA,NA,N,N,N,N,N,N,V,V,N,V,N,N,N,N,V,N,N,V,N,N,N,N,N,N,N,N,N,N,V,N,N,V,V,N,N,N,V,N,N,N,N,N,N,N,V,V,N,N,N,N,N,V,N,N,N,N,N,N,V,N,N,N,NA,NA,NA,NA,NA,NA,NA,NA,V,N,N,N,N,N,N,N,N,N,N,N,N,N,N,N,N,N,N,N,V,V,N,N,N,N,N,N,N,N,N,N,N,N,N,N,N,N,N,N,N,N,N,N,N,N,N,N,N,N,N,N,N,N,V,N,V,N,N,N,V,N,N,N,N,N,N,N,N,N,N,N,N,N,N,N,N,N,N,V,N,V,V,V,BL01UK01GE002,UKGE002,448,14.93333333,2020,gb
R_1plqYb34vCQQcas,Male,University degree or equivalent,University degree or equivalent,20,80,0,NA,German;20;,English;80;,,10,90,0,NA,German,NA,10,8,NA,NA,I regularly speak both German and English to my child,English,NA,2,10,NA,NA,I always (or almost always) speak English to my child,First,NA,1,10,Always (or almost always) English,2,N,V/S,V/S,V/S,V/S,V/S,V/S,V/S,V/S,V/S,V/S,V/S,N,N,N,N,N,N,N,N,N,N,N,N,N,N,N,N,N,N,N,N,N,N,N,N,N,N,N,N,N,N,N,N,N,N,N,V/S,V,V,V,V/S,V,V,V,V,V,V,V,N,V,N,N,N,N,V,V,V/S,V,V,N,N,N,N,N,N,N,N,N,N,N,N,N,V,N,V,N,V,N,N,N,N,V,V,V,V/S,V,N,V,N,N,V,N,N,N,N,N,N,N,N,N,N,N,N,N,N,N,N,N,N,N,N,N,N,N,N,N,N,N,V,N,V,N,N,V,V,V,N,V,V,N,N,N,N,N,N,N,N,N,V,N,N,N,N,N,N,N,N,N,N,N,N,N,N,N,N,N,N,N,N,N,N,N,N,N,N,N,N,N,N,N,N,N,N,N,N,N,N,N,N,N,N,N,N,N,N,N,N,N,N,N,N,N,N,N,N,V,V,N,N,N,N,N,N,N,N,N,N,N,N,N,N,N,V/S,V,N,N,N,N,V,N,N,N,V/S,N,N,V/S,V/S,V/S,N,N,N,N,N,N,N,N,V,V/S,V,N,V,V/S,N,V/S,N,N,N,N,V/S,V/S,V/S,V,V,V,V,N,N,V,N,N,N,N,N,N,N,N,N,N,N,N,N,N,N,N,N,N,N,N,V,N,N,N,N,N,N,N,N,N,N,N,N,N,N,N,N,V,N,N,N,N,N,N,N,N,N,N,N,N,N,N,N,N,N,V,N,NA,NA,NA,NA,NA,NA,NA,NA,V,V,N,N,N,N,N,N,N,N,N,N,N,N,N,N,N,N,N,N,N,V,N,N,N,N,N,N,N,N,N,N,N,N,N,N,N,N,N,N,N,N,N,N,N,N,N,N,N,N,N,N,N,N,N,N,N,N,N,N,N,N,N,N,N,N,N,N,N,N,N,N,N,N,N,N,N,N,N,N,N,N,N,N,BL01UK01GE003,UKGE003,775,25.83333333,2020,gb
R_bvZHFUd0BQflKMh,Male,University degree or equivalent,University degree or equivalent,50,50,0,NA,German;50;,English;50;,,85,15,0,NA,German,NA,10,NA,9,NA,I always (or almost always) speak German to my child,English,NA,10,NA,NA,NA,I always (or almost always) speak English to my child,Second,NA,2,12,Always (or almost always) English,0,N,N,V,N,N,N,N,N,N,N,N,N,N,N,N,N,N,N,N,N,N,N,N,N,N,N,N,N,N,N,N,N,N,N,N,N,N,N,N,N,N,N,N,N,V,N,N,N,N,N,N,N,N,N,N,N,N,V,V,N,N,N,N,N,N,N,N,V,N,N,N,V,N,N,N,N,N,N,N,N,N,N,N,V,N,N,N,N,N,N,N,N,N,N,N,N,N,N,N,N,N,N,N,N,N,N,V,N,V,N,V,N,N,N,N,N,N,N,N,N,N,N,N,N,N,N,N,N,N,N,N,N,N,N,N,N,N,N,N,N,N,N,N,N,N,N,N,N,N,N,N,N,N,N,N,N,N,N,N,N,N,N,V,N,N,N,N,N,N,N,N,N,N,N,N,N,N,N,N,N,N,N,N,N,N,V,N,N,N,N,N,N,N,N,N,N,N,N,N,N,N,N,N,N,V,N,N,N,N,N,N,N,N,V,N,N,N,N,N,N,N,N,V,N,N,N,N,N,N,N,N,N,N,V,N,N,V,N,N,N,N,N,V,N,N,V,N,N,N,N,V,N,V,N,V,N,N,N,N,V,NA,V,NA,NA,N,N,N,N,V,N,V,N,N,N,N,N,N,N,N,N,N,V,N,N,N,V,N,N,N,N,N,N,V,V,N,N,N,N,N,N,N,N,N,N,N,N,N,N,N,N,N,N,N,N,N,N,N,N,N,N,N,N,N,N,N,N,NA,NA,NA,V,NA,NA,NA,NA,N,N,N,N,N,V,N,N,N,N,N,N,N,N,N,V,N,N,N,N,N,V,N,N,N,N,N,N,N,N,V,N,N,N,N,N,N,N,N,N,N,N,N,N,V,N,N,N,N,N,N,N,N,N,N,N,N,N,N,N,N,N,N,N,N,N,N,N,N,N,N,N,N,N,N,N,N,N,N,N,N,V,N,N,BL01UK01GE004,UKGE004,489,16.3,2020,gb
R_XikGDeREOglh3S9,Male,University degree or equivalent,University degree or equivalent,30,70,0,NA,German;30;,English;70;,,40,60,0,NA,German,NA,10,9,NA,NA,I regularly speak both German and English to my child,English,NA,4,10,NA,NA,I always (or almost always) speak German to my child,First,NA,1,10,Always (or almost always) English,2,V/S,V/S,V/S,V/S,V/S,V/S,V/S,V/S,V/S,V/S,V/S,V/S,V/S,V/S,V/S,V/S,V/S,V/S,V/S,V/S,V/S,V/S,V/S,V/S,V/S,V,V/S,V,V,V/S,V/S,V,V/S,V/S,V/S,V/S,N,V/S,V/S,V/S,V/S,V/S,V/S,V,V/S,N,V/S,V/S,V/S,V/S,V/S,V/S,V/S,V/S,V/S,V,V/S,V/S,V/S,N,V/S,N,V,N,V,V/S,V/S,V/S,V/S,V/S,V/S,V/S,V/S,V/S,V/S,V/S,N,N,V/S,V/S,V/S,V/S,N,V/S,V/S,N,V/S,V/S,V/S,V/S,V,N,V/S,V/S,V/S,V/S,V/S,V/S,V/S,V,V,V/S,V,V/S,V/S,V/S,V/S,V/S,V/S,V/S,V/S,V/S,V/S,V,V,V/S,V,V/S,V/S,N,N,N,V,N,N,V/S,N,N,N,V/S,V,V/S,V,V/S,V/S,V/S,V/S,V/S,N,V,N,N,N,V,V,N,N,V,N,V,V/S,V/S,V,V/S,V/S,V,V,V/S,V/S,V/S,V,V,V/S,N,V/S,N,N,V,V/S,V/S,V/S,V,V/S,V,V/S,N,N,N,V/S,V/S,V/S,N,V/S,N,V,V,V/S,V/S,N,V/S,V/S,V/S,N,N,N,V/S,V/S,V,V,N,V/S,N,V/S,V/S,V/S,N,V/S,V,V,V,N,N,N,N,V,V,N,V/S,V/S,V/S,V,N,V/S,V/S,V/S,N,N,V,N,V,N,N,V/S,V/S,V,N,V/S,V/S,V/S,V,N,V,V,V,V,V,N,V/S,V/S,V/S,V,V,V/S,V/S,V/S,V,V,N,N,V/S,V,V/S,V/S,V,V,V,V/S,N,V,N,V,N,V,V/S,V,V,N,N,N,V,N,V,V,V,V,V,V/S,V,N,V/S,V,N,V,V,V/S,V,V/S,N,N,N,V,N,V,V,V,N,V,N,V/S,V/S,V,N,V/S,V,V,V,N,V,N,V,V,N,V/S,N,V/S,V,V,V,NA,V,NA,NA,V,NA,V/S,N,N,V/S,N,V,N,N,V,V/S,V,V/S,V,V,V/S,V,V/S,V/S,V,N,V/S,V,V/S,N,V/S,N,N,V,V,N,V,V,V,V,V,N,N,V/S,N,N,N,V,N,N,V,N,N,V,V/S,N,N,V,N,V,V,V,V,N,V,N,V,V,V,N,V/S,V/S,V/S,V,V,V,V/S,V,N,N,N,V/S,V,N,N,V,N,V/S,V,V,BL01UK01GE005,UKGE005,773,25.76666667,2020,gb
R_1IfTRxs8ekKpd3w,Male,University degree or equivalent,University degree or equivalent,40,60,0,NA,German;40;,English;60;,,50,50,0,NA,German,NA,10,9,NA,NA,I always (or almost always) speak German to my child,English,NA,1,10,NA,NA,I always (or almost always) speak English to my child,First,NA,1,12,Always (or almost always) English,NA,V/S,V/S,V,V,V/S,V/S,V,V/S,V,V/S,N,V/S,V,V/S,V/S,V/S,V/S,V/S,V/S,V/S,V/S,V/S,V/S,V/S,V/S,V,V/S,V,V,V/S,V/S,V,V/S,V/S,V/S,V/S,V/S,V,V/S,V/S,V/S,V/S,V/S,V,V/S,N,V/S,V/S,V/S,V/S,V/S,V/S,V/S,V/S,V/S,V/S,V/S,V/S,V/S,V,V/S,V,V,V,V,V/S,V/S,V/S,V,V/S,V/S,V/S,V,V/S,V/S,V,N,N,V/S,V/S,V/S,V/S,V/S,V/S,V,V/S,V/S,V/S,V/S,V,V,N,V/S,V/S,V/S,V/S,V/S,N,V/S,V/S,V/S,V/S,V,V/S,V/S,V/S,V/S,V/S,V/S,V/S,V/S,V/S,V/S,V/S,V,V,N,V/S,V/S,V/S,N,N,V,N,V,V/S,V/S,N,V,V/S,V/S,V/S,V/S,V/S,V/S,V/S,V/S,V/S,V/S,N,V,V/S,V,V/S,V/S,N,N,V,V,V/S,V/S,V/S,V,V/S,V/S,V/S,V,V/S,V/S,V/S,V/S,V/S,V/S,V,V/S,V/S,N,V,V/S,V/S,V,V/S,V/S,V,V,V/S,V/S,V/S,V/S,V/S,V/S,V,V/S,V,V/S,V/S,V/S,V/S,N,V/S,V/S,V/S,V/S,V,V,V/S,V/S,V/S,V,V,V/S,V/S,V,V/S,V/S,V,V/S,V/S,V/S,V,V/S,V/S,V/S,V,V/S,V/S,V/S,V/S,V/S,V/S,V/S,V,V/S,V/S,V/S,V/S,N,V,V/S,V/S,N,N,V/S,V/S,N,N,V/S,V/S,V/S,V/S,V,V/S,V,V/S,N,V/S,N,V/S,V/S,V/S,V/S,V/S,V/S,V/S,V/S,V,N,V/S,V/S,V/S,V/S,V,V/S,V/S,V/S,V/S,V/S,V,V/S,V,V/S,V/S,V,V/S,V/S,V/S,V,V,V,V,V,V/S,V/S,V/S,V/S,V,V/S,V/S,N,V/S,V/S,V,V/S,V/S,V/S,V/S,V/S,V,N,V/S,V/S,V/S,V/S,V/S,V/S,V,V/S,V/S,V,V/S,V/S,N,V/S,V/S,V/S,V/S,V/S,V,V,V/S,V/S,V/S,V/S,V,V/S,V/S,V,V,V,V/S,V,V,V/S,V,V/S,V,V,V/S,V/S,V,N,N,V,V/S,V/S,V/S,V/S,V/S,V/S,V,V/S,V/S,V/S,V/S,V/S,V/S,V/S,V,V/S,V,V/S,N,N,V,V/S,V/S,V,V/S,V/S,N,V,V,V,V,V,V/S,V,V,V/S,V/S,V,V,V/S,V,V/S,V,V/S,V/S,V,N,V,N,V/S,N,V/S,V/S,V,N,V,V/S,V/S,V/S,V/S,V/S,V/S,V,V,V/S,V/S,V/S,V/S,N,N,V/S,N,V/S,V/S,V,BL01UK01GE006,UKGE006,1093,36.43333333,2020,gb
R_3ht1b4OXZPrenEZ,Female,University degree or equivalent,University degree or equivalent,30,70,0,NA,German;30;,English;70;,,40,60,0,NA,German,NA,10,9,NA,NA,I always (or almost always) speak German to my child,English,NA,3,10,NA,NA,I always (or almost always) speak English to my child,First,NA,1,10,Always (or almost always) English,3,V/S,V/S,V/S,V/S,V/S,V/S,V/S,V/S,V/S,V/S,V/S,V/S,V,V/S,V/S,V,V/S,V,V/S,V/S,V/S,V,V,V/S,V/S,V/S,V/S,V,V,V/S,V/S,N,V/S,V/S,V,V/S,V,V,V/S,V,V,V/S,V/S,V,V/S,N,V,V/S,V/S,V/S,V/S,V/S,V,N,V,N,N,V/S,V/S,N,V,V,V,V,V,V/S,V/S,V/S,V/S,V/S,V/S,V/S,N,V,V/S,V,V/S,V,N,V/S,V/S,V,N,V/S,N,N,V,N,N,V/S,V,V,V/S,V,V/S,V,V/S,N,V/S,N,V/S,V,N,V/S,V,V/S,V/S,V/S,V/S,V/S,V/S,V/S,V,V,V,V,N,V,V,N,N,V/S,V,V,N,V/S,N,N,V,V/S,N,V/S,V,V,V,V/S,V/S,V,V,N,V,V,N,V,V,N,N,V,V,V,V,V,V,V,V,V,V,V/S,V/S,V/S,V,V,V,V,V/S,V,N,N,V/S,V/S,V/S,N,V,V,V,N,N,V,V/S,N,V/S,N,V/S,N,V,V,V,V,N,V,N,V,N,N,N,N,N,V,N,V,V,V,N,N,V,N,V,V,V,V,N,V,V,V,V,V,V,V,V,V,N,N,V,V/S,N,V/S,N,N,N,V,N,N,N,V/S,V,V,V/S,N,V/S,V/S,N,V/S,N,N,V,V/S,N,V,V,N,V/S,V/S,V/S,V/S,V/S,N,V,V,V,V/S,V,V/S,V/S,V,V,V,V,N,V,N,V,V,N,V,N,N,N,V,N,N,N,V,V,V,V,N,V,V,N,V,V,V,V,V,N,N,N,V,V,N,V/S,N,V,N,V,N,V,V,V,V,N,V,N,V,V,V,V,V,V,V,V,N,V/S,V,V/S,V,V,V,N,V,V,V,V,N,V/S,N,N,V/S,N,N,N,N,N,V/S,V,V/S,N,N,V/S,V,V/S,V,V,N,V,V/S,V,N,V/S,V,V,V,V,N,V,V,V,V,V,N,N,V,V,N,N,V,N,N,V,N,N,V,V,N,V/S,N,V,V,V/S,N,V/S,N,V,N,V/S,V/S,N,N,N,N,V,V,V,V,V,N,N,V,N,V/S,V,N,N,V/S,N,V/S,V/S,V,BL01UK01GE007,UKGE007,736,24.53333333,2020,gb
R_1CwqCwKPnIdDXza,Male,University degree or equivalent,University degree or equivalent,20,80,0,NA,German;20;,English;80;,,40,60,0,NA,German,NA,10,9,NA,NA,I always (or almost always) speak German to my child,English,NA,2,10,NA,NA,I always (or almost always) speak English to my child,First,NA,1,7,Always (or almost always) English,1,N,V,V/S,V,V,V/S,N,V/S,V,V,N,V/S,V/S,V/S,V/S,V/S,V/S,V/S,V/S,V/S,V/S,V/S,V,V/S,V/S,V/S,V/S,N,V,V/S,V/S,N,V/S,V/S,V/S,V/S,V/S,N,V/S,V/S,V/S,V/S,V/S,V/S,V/S,N,V/S,V/S,V,V/S,V/S,V/S,V/S,V/S,V/S,V/S,V/S,V/S,V/S,N,V,N,V,V,V,V/S,V/S,V/S,V/S,V/S,V/S,V/S,V/S,V/S,V/S,V/S,V/S,V/S,V/S,V/S,V/S,V/S,V/S,V/S,N,N,V,V/S,V,V/S,V/S,N,V/S,V/S,V/S,V/S,V/S,V,V/S,V/S,V/S,V/S,V/S,V/S,V/S,V/S,V/S,V/S,V/S,V/S,V/S,V/S,V/S,V/S,V,V/S,V,V/S,V/S,V/S,N,V,V/S,N,N,V/S,V/S,V,V/S,V/S,V/S,V/S,V,V/S,N,N,N,N,N,N,N,N,N,N,N,N,N,N,N,N,N,N,N,N,N,N,N,V/S,V/S,V/S,V/S,V/S,V/S,N,V/S,V,N,N,V/S,V/S,N,V/S,V,V/S,V,V/S,V/S,N,V/S,V/S,V/S,V,V/S,V,V,V,V/S,V/S,N,V,V/S,V/S,V,V,N,V/S,V/S,V/S,N,V/S,V/S,V/S,V/S,V/S,V/S,V/S,V/S,V/S,V/S,V/S,V,V,V/S,N,V,V/S,V,V,V/S,V/S,V,V/S,V/S,V/S,V/S,V,V/S,V,V,V,N,N,N,V/S,V/S,N,V/S,N,V/S,V/S,N,V,V/S,N,N,V/S,N,V,V,V/S,N,V/S,V/S,V/S,V/S,N,V/S,V/S,V,V/S,V/S,V,V,V,V,V,V/S,N,V,V,V,V/S,V,V/S,V,V/S,V,V,N,V,V,V,V,V/S,V/S,V,V/S,V/S,N,V,N,V,V/S,V/S,V,V/S,V/S,V,V,V/S,V/S,V,V/S,V/S,V/S,N,V,V/S,V/S,V/S,V/S,V,V,V,V/S,V,V,V,V,V,V,V,V,V,V/S,N,NA,V/S,NA,V,V,NA,V,NA,V,V/S,N,V/S,V,N,N,N,N,V/S,V/S,V/S,V/S,V/S,V/S,V,V/S,V/S,V/S,V/S,V/S,V/S,V/S,N,V/S,V,V/S,V,N,V,N,V/S,V,V,V,N,N,V/S,V,N,V,V/S,V,V,V/S,N,N,N,N,N,V/S,V/S,N,V/S,V,N,V,V/S,V,N,V/S,V,V,V,V,V,V/S,V,V,V/S,V/S,V,V/S,V/S,V,V/S,V,V,N,V/S,N,V/S,V/S,V/S,BL01UK01GE008,UKGE008,916,30.53333333,2020,gb
R_8A3kuQrx6cwCWWJ,Male,Left school at 18 with A-Levels or equivalent,Left school at 16 with GCSE or equivalent,70,30,0,NA,German;70;,English;30;,,70,30,0,NA,German,NA,10,8,10,NA,I always (or almost always) speak German to my child,English,NA,NA,10,0,NA,I always (or almost always) speak English to my child,First,NA,1,9,Always (or almost always) English,2,N,V/S,V/S,V,V/S,V/S,N,V/S,V/S,V/S,V/S,V/S,V,V/S,V,V/S,V,V,V,V,V/S,V/S,V,V,V/S,V,V,N,N,V,V/S,V,V,V/S,V,V,N,V,V,V/S,V,V,V,N,V,N,V,V/S,V,V,V/S,V/S,V,V,V,V,V,V/S,V,V/S,V,V/S,N,N,V/S,V/S,V/S,V/S,V,V/S,V/S,V/S,V,N,V/S,N,N,N,V,V/S,V/S,V,V,V,V/S,V,V,V/S,N,V,N,N,V/S,V/S,V,V/S,V/S,V,V,V,V/S,V,V,V,V,V/S,V/S,V,V,V/S,V/S,V/S,V/S,V/S,V,V,N,V,V,N,N,N,V,N,V,V/S,V,V,N,V/S,N,V/S,V,V,V,V,V/S,V,N,N,N,V,N,V,N,N,N,V,N,V,V/S,V/S,V,V,V/S,V,V,V,V/S,V/S,V/S,V/S,V,N,V/S,N,N,N,V,N,N,V,V,V,N,V,N,N,N,V/S,N,N,V,N,V,N,N,V,N,V,V,V,N,N,N,V/S,N,N,N,N,V,V,V,V,V,N,V/S,V/S,N,N,N,V,V,N,N,N,V,N,V,V,V,N,V,V/S,N,N,V/S,N,N,N,N,N,N,V/S,V/S,N,V/S,N,V/S,N,N,N,N,N,N,V/S,N,V/S,V,V,V/S,V,V/S,N,V/S,N,N,N,N,V/S,V,N,V/S,V,N,N,V/S,N,V,N,V,V,N,V,N,N,N,N,N,V,N,V,N,V/S,V,N,V,N,N,N,N,N,V,V/S,N,V,V,V,V,V,V/S,V,V,N,V,V,N,V,N,V,N,N,N,N,V,V,N,N,V,N,N,N,V,V,V,N,NA,NA,NA,NA,NA,NA,NA,NA,V/S,N,N,V/S,N,V/S,N,N,N,N,V/S,V/S,N,N,V/S,N,N,N,N,N,N,N,V/S,N,N,N,N,N,N,N,N,N,N,N,N,N,N,N,V/S,N,N,V/S,N,N,N,N,N,N,N,N,N,N,N,N,N,N,V,N,N,N,V/S,V/S,N,N,N,N,V/S,N,N,N,N,N,N,N,N,N,N,V/S,N,N,N,V,V,V,BL01UK01GE009,UKGE009,728,24.26666667,2020,gb
R_1eK0tBYXv4VTL8o,Male,University degree or equivalent,University degree or equivalent,50,50,0,NA,German;50;,English;50;,,60,40,0,NA,German,NA,10,10,NA,NA,I always (or almost always) speak German to my child,English,NA,5,10,NA,NA,I always (or almost always) speak English to my child,First,NA,1,NA,NA,4,V,V/S,V,V,V/S,V/S,V/S,V/S,N,V,V/S,V/S,N,N,V,N,N,N,N,N,N,N,N,N,N,N,V,V,V,V,V,V,N,V,V,N,N,N,V,N,N,N,N,N,N,N,N,V/S,V,N,N,V,N,N,V,N,V,V,V,N,N,N,V,V,V,V,V,V,V,V,N,N,V,V,N,N,V,N,N,V,N,V,N,V,N,V,N,N,N,N,V,N,N,V,V,V,V,N,V,N,N,V,N,V,N,V,V,N,V,N,N,N,N,V,N,N,N,V,N,N,N,N,N,N,N,V,V,N,N,V,N,V,N,V,V,V,V,V,V,N,N,N,N,V,V,N,N,N,N,V,V,V,N,N,V,V,V,V,V,N,N,N,V,N,V,N,N,N,N,V,N,N,V,N,N,N,N,N,N,V,N,N,V,N,V,N,N,V,N,V,N,V,N,N,N,V,N,N,V,N,N,N,V,V,V,N,V,N,V/S,N,N,N,V,N,N,V,V,V,V,V,V,N,V,V/S,N,N,N,N,N,V,N,N,N,V/S,N,N,V/S,N,V/S,V,N,N,N,N,N,V,N,V,V,V,N,V,V,V/S,V,N,N,N,N,V/S,NA,V,NA,NA,N,N,N,N,V,N,V,N,N,V,V,N,N,N,N,N,N,V,N,N,V,N,V,V,N,N,V,N,V,V,V,V,V,V,V,V,V,V,V,N,V,V,V,N,N,V,N,N,N,V,N,V,N,N,N,V,V,N,V,N,N,N,V,N,N,V,N,N,N,N,N,N,N,N,N,V,N,N,N,N,N,N,V,N,V,V,V,V,N,N,N,V,V,V,N,V,N,N,N,N,N,N,N,N,N,N,N,N,N,N,N,N,N,N,N,N,N,N,N,N,N,N,N,N,N,N,V,N,V,N,V,V,V,N,N,N,V,N,N,N,N,N,N,N,N,N,N,N,N,N,N,N,V,N,BL01UK01GE010,UKGE010,557,18.56666667,2020,gb
R_3JxBShvcLQjTB7Z,Male,University degree or equivalent,University degree or equivalent,30,60,10,Spanish ,German;30;,English;60;,Spanish;10;,40,50,10,Spanish ,English,NA,5,10,5,Spanish ,I always (or almost always) speak English to my child,German,NA,10,10,NA,NA,I always (or almost always) speak German to my child,First,NA,1,NA,NA,2,V/S,V/S,V/S,V/S,V/S,V/S,V/S,V/S,V/S,V/S,V/S,V/S,V/S,V/S,V/S,V/S,V/S,V/S,V/S,V/S,V/S,V/S,N,V/S,V/S,V/S,V/S,V/S,V/S,V/S,V/S,V,V/S,V/S,V/S,V/S,V/S,V,V/S,V/S,V/S,V/S,V/S,V/S,V/S,N,V/S,V/S,V/S,V/S,V/S,V/S,V/S,V/S,V/S,V/S,V/S,V/S,V/S,N,V/S,V/S,V/S,V/S,V,V/S,V/S,V/S,V/S,V/S,V/S,V/S,V/S,V/S,V/S,N,V/S,N,V/S,V/S,N,V/S,N,V/S,N,V/S,V/S,V/S,V/S,V/S,V/S,N,V/S,V/S,V/S,V/S,V/S,V/S,V/S,V,V/S,V/S,V,V/S,V/S,V/S,V/S,V/S,V/S,V/S,V/S,V/S,V/S,V/S,V/S,V/S,N,V/S,V/S,N,N,N,V,N,V/S,V/S,N,V,N,V/S,V/S,V/S,V/S,V/S,N,V/S,V/S,V/S,V/S,V/S,N,N,N,V/S,V/S,N,N,N,V,V/S,V/S,V/S,N,N,V/S,N,N,V/S,V/S,V/S,V/S,V,V/S,V/S,V/S,V/S,V/S,V/S,V/S,V/S,V/S,V/S,V/S,V/S,V/S,V/S,V/S,V/S,V/S,V/S,V/S,V/S,V/S,V,V/S,V,V/S,V,N,V/S,V/S,V/S,V/S,V,N,V/S,V/S,V/S,V/S,N,V/S,V,V/S,V/S,V/S,V/S,V/S,V,V/S,V/S,V/S,V/S,V/S,N,V/S,N,V,V/S,V/S,V/S,V/S,N,V/S,V/S,V/S,V/S,V/S,V/S,V/S,V/S,N,V/S,V/S,V/S,V/S,V/S,V/S,N,V/S,V/S,V/S,V/S,V/S,V/S,V/S,V/S,N,V/S,V/S,V/S,V/S,V/S,V/S,V/S,V/S,V/S,V/S,V/S,V,V/S,V/S,N,V/S,V/S,V,V,V,N,V/S,N,V,V,N,V/S,V/S,V/S,N,N,N,V/S,V,V,V/S,N,V,N,V/S,V/S,N,V/S,V/S,N,V/S,N,N,V/S,V,N,N,V/S,N,N,N,N,V/S,N,V,V,V/S,V/S,V,V,V/S,V,V/S,V/S,V/S,V/S,N,V/S,N,N,V,N,N,N,V,N,N,N,N,N,N,N,V/S,V/S,N,V/S,V/S,V/S,N,N,N,V/S,V/S,V/S,V/S,N,V/S,V/S,V/S,V/S,V/S,V/S,N,V/S,V/S,V/S,V/S,V/S,V/S,V/S,N,V,V/S,V/S,V/S,V/S,V/S,N,N,N,N,N,N,V/S,V,N,V/S,V,N,V/S,V/S,V/S,V/S,V/S,N,V/S,V,N,N,N,N,N,V/S,N,N,N,V,V/S,V,V/S,V,V/S,V/S,V/S,N,V/S,V,V/S,V,V,N,N,N,V/S,V/S,N,BL01UK01GE011,UKGE011,977,32.56666667,2020,gb
R_1liS02xsRcALigM,Male,University degree or equivalent,University degree or equivalent,70,30,0,NA,German;70;,English;30;,,70,30,0,NA,Bilingual German and English,NA,8,10,NA,NA,I always (or almost always) speak German to my child,English,NA,NA,10,NA,NA,I always (or almost always) speak English to my child,Second,NA,2,NA,NA,NA,V/S,V/S,V/S,V/S,V/S,V/S,V/S,V/S,V/S,V/S,V/S,V/S,V/S,V/S,V/S,V/S,V/S,V/S,V/S,V/S,V/S,V/S,V/S,V/S,V/S,V/S,V/S,V/S,V/S,V/S,V/S,V/S,V/S,V/S,V/S,V/S,V/S,V/S,V/S,V/S,V/S,V/S,V/S,V,V/S,V,V/S,V/S,V/S,V/S,V/S,V/S,V/S,V/S,V/S,N,V/S,V/S,V/S,V,V,V/S,V,V/S,V/S,V/S,V/S,V/S,V/S,V/S,V/S,V/S,V/S,V/S,V/S,V/S,V/S,V/S,V/S,V/S,V/S,V/S,V/S,V/S,V/S,V/S,V/S,V/S,V/S,V/S,V/S,V/S,V/S,V/S,V/S,V/S,V/S,V/S,V/S,V/S,V/S,V/S,V/S,V/S,V/S,V/S,V/S,V/S,V/S,V/S,V/S,V/S,V,V,V/S,V/S,N,V/S,V/S,N,N,V/S,N,N,V/S,V/S,V/S,N,N,V/S,V/S,V/S,V/S,V/S,V,V,V/S,V/S,V/S,V,N,N,N,V/S,V/S,N,N,N,N,V/S,V/S,V/S,N,N,N,N,V/S,V/S,V/S,V/S,V/S,V,V/S,V,V/S,V/S,V,V,V/S,V/S,N,V/S,V/S,V/S,V/S,V/S,V/S,V,V/S,V/S,V/S,V,V/S,V/S,V,V,V,V/S,V,V,V,V/S,V/S,V,V,V/S,V/S,V,V,N,V/S,V,V/S,V/S,V/S,V/S,V/S,V/S,V/S,V/S,V/S,V,V/S,V/S,V/S,V/S,V/S,V/S,V/S,V/S,V,V,V,V/S,N,V/S,V/S,N,V/S,V/S,N,V/S,V/S,V/S,V/S,N,V/S,N,V/S,V/S,N,V/S,V/S,N,N,V/S,N,V/S,V/S,V/S,V/S,V/S,V/S,V/S,V/S,N,V/S,V,N,V/S,V,V,V,NA,N,V,V/S,V,V,V/S,V/S,V/S,N,V/S,V/S,V/S,V/S,V,V,V/S,V,V/S,V/S,V,V/S,V,V,V,V/S,V/S,V/S,V,V,V,V,V,V/S,V,V,V/S,V/S,V/S,V/S,V/S,V/S,V/S,V/S,V/S,V/S,V/S,V/S,V,V/S,V/S,V/S,V/S,V,V,V/S,V/S,V/S,V,V/S,V,V/S,V/S,V,V/S,V,V,V,V,V/S,V,V,V/S,V,V/S,V/S,V/S,V,V,V,V/S,V/S,V/S,V/S,V/S,V/S,V/S,V/S,V/S,V/S,V/S,V,V/S,V/S,V,V/S,V,V/S,V,V,V,V/S,V/S,V/S,V,V/S,V,V,V,V,V,V,V,V,V,V/S,V,V,V,V/S,V,V,V,V,V/S,V,V,V,V,V,V,V,V/S,V,V,V,V,V/S,V,V,V/S,V,V,V,V/S,V,V/S,V/S,N,N,N,N,V/S,V,N,BL01UK01GE012,UKGE012,812,27.06666667,2020,gb
R_3n7d6ew9s41HneC,Male,University degree or equivalent,University degree or equivalent,20,80,0,NA,German;20;,English;80;,,25,75,0,NA,Bilingual German and English,NA,9,10,10,Spanish,I regularly speak both German and English to my child,English,NA,0,10,NA,NA,I always (or almost always) speak English to my child,First,NA,1,8,Always (or almost always) English,NA,N,V/S,V/S,V/S,V/S,V/S,V/S,V/S,V/S,V/S,V/S,V/S,N,V/S,V/S,V/S,V/S,V/S,V,V/S,V/S,V/S,V/S,V/S,V/S,V/S,V/S,V,V,V/S,V/S,V,V/S,V/S,V/S,V/S,V/S,N,V,V/S,V/S,V/S,V/S,V,V/S,N,V/S,N,V/S,V/S,V/S,V/S,V/S,V/S,V/S,V/S,V/S,V/S,V/S,N,V/S,V,V/S,V,V,V/S,V/S,V/S,V/S,V,V/S,V/S,V/S,V/S,V/S,V,V,V/S,V/S,V/S,V/S,V/S,V,V/S,V,N,V/S,V/S,N,V/S,V/S,V,V/S,V/S,V/S,V/S,V/S,V,V/S,V,V/S,V/S,N,V/S,V,V/S,V/S,V/S,V/S,V/S,V/S,V/S,V/S,V/S,V/S,V,V,V/S,V/S,V/S,V,V/S,N,N,V,V,V/S,N,V,V/S,V/S,V/S,V/S,V/S,V,V/S,V/S,V/S,V/S,N,V,V,N,V/S,V,N,N,V,N,V/S,V,V/S,N,V,V/S,N,V/S,V,V/S,V/S,V/S,V,V/S,N,V/S,V/S,N,V,V/S,V/S,V/S,V/S,V/S,V,V,V,V,V,V/S,V/S,V/S,V,V/S,V/S,V,V,V/S,V,N,V/S,N,V,N,N,V,V/S,V/S,V/S,V,N,V,N,V/S,V/S,V/S,N,V/S,V,V/S,V/S,V/S,V/S,V,N,V/S,V/S,V,V,V,V/S,V/S,V/S,V/S,V/S,N,V,N,N,V/S,V/S,N,N,V,V/S,V/S,N,V/S,V/S,V/S,V/S,N,V,N,V,N,V/S,V,V/S,V/S,V,V,V/S,V/S,V/S,V/S,V,V/S,N,N,V/S,V/S,V/S,V/S,N,N,V,V,V,V,N,V,V,V,V/S,V/S,V,V,V,V,V,V,V,V/S,V,V,V,V,V,V,V,V/S,V,V/S,V/S,V,V,V,V/S,V/S,V,V/S,V,V/S,V,V/S,V,V,V,V/S,V,V,V,V/S,V,V/S,V/S,V,N,V,V/S,V,V,V/S,V/S,V/S,V,V/S,V/S,N,V,V,N,N,N,V,V,N,V/S,V/S,V/S,N,V,V/S,V/S,V,V/S,V/S,N,V/S,V/S,V/S,V,V,N,N,N,V,N,V/S,N,V/S,V,N,V,V,V,N,V/S,V/S,V,V,V/S,N,V,V,V/S,V,V/S,V/S,V,N,N,V,V,V,N,V,N,V/S,V,V/S,V,V/S,N,V/S,N,V/S,N,V/S,V/S,V/S,V,V,V/S,V/S,V/S,V,N,V,V,V,N,N,V/S,V,V,V/S,N,BL01UK01GE013,UKGE013,979,32.63333333,2020,gb
R_1rvvDiSbmtdOCeY,Female,University degree or equivalent,University degree or equivalent,70,30,0,NA,German;70;,English;30;,,90,10,0,NA,German,NA,10,9,NA,NA,I always (or almost always) speak German to my child,German,NA,10,9,NA,NA,I always (or almost always) speak German to my child,First,NA,1,12,Always (or almost always) English,1,V/S,V,N,V,V/S,V/S,V/S,V/S,V/S,V/S,V/S,V,V/S,V/S,V/S,V/S,V/S,V/S,V/S,V/S,V/S,V/S,V/S,V/S,V/S,V,V/S,V,N,V/S,V/S,N,V/S,V/S,V/S,V/S,N,N,V/S,V/S,V/S,V/S,V/S,V/S,V/S,N,V/S,V/S,V/S,V/S,V/S,V/S,V/S,V/S,V/S,V/S,V/S,V/S,V/S,N,V/S,V/S,V/S,V/S,V/S,V/S,V,V/S,V/S,V/S,V/S,V/S,V/S,V,V/S,V,V,V/S,V/S,V/S,N,V,N,V/S,V,V/S,V/S,N,N,N,N,N,V/S,N,V/S,V/S,V/S,V/S,V/S,V/S,V/S,V/S,N,V/S,V,V/S,V/S,V/S,V/S,V/S,V/S,V/S,V/S,V/S,V/S,V/S,N,V/S,V/S,N,V/S,V/S,V/S,V/S,V/S,V/S,V/S,V,V/S,V/S,N,V/S,V/S,V/S,V/S,V/S,V/S,V/S,V/S,N,V/S,V/S,V/S,V,V/S,N,N,V/S,N,V/S,V/S,V/S,V,V/S,V/S,V/S,V,V/S,V/S,V/S,V/S,V,V,V/S,V/S,V,V,V,V/S,V/S,N,V/S,V/S,V/S,V/S,V/S,N,V,V/S,V/S,V/S,V/S,V/S,V/S,V/S,V/S,V/S,V/S,N,V/S,V/S,V/S,V/S,N,V,V/S,N,V/S,V/S,N,V,V,V/S,V,V/S,V/S,V/S,V/S,V,V,V,V/S,V/S,V/S,V,V/S,V/S,V/S,V/S,V/S,V,V/S,V/S,V/S,N,V/S,V/S,N,V/S,V/S,N,N,V/S,V/S,V/S,N,V/S,N,V/S,V/S,V/S,N,N,V/S,N,V/S,N,V,V,V/S,V/S,V/S,V/S,V/S,V/S,V/S,V/S,V/S,V/S,V/S,V/S,V/S,V/S,V/S,V/S,V/S,V/S,V,V/S,V/S,V/S,N,V/S,V/S,V/S,N,N,V/S,N,V/S,V/S,V/S,V/S,V,V/S,N,V/S,V/S,N,V/S,V,N,V/S,V,N,V/S,V/S,V/S,N,V/S,V/S,V/S,V/S,V,V/S,V/S,V/S,V,V/S,V/S,V,V,V/S,V,V,V/S,V/S,V/S,V,V,V,V,V/S,V,V/S,V/S,V/S,V/S,V,V/S,V,V,V/S,N,V,V/S,V,V/S,V/S,N,N,V/S,N,V/S,V/S,V/S,V/S,V,V/S,V/S,V/S,V/S,V/S,V/S,V/S,V/S,V/S,N,V/S,N,V/S,N,V/S,N,V/S,V/S,V/S,V,V/S,N,N,V,V,N,N,V/S,V,V/S,V/S,V/S,N,V/S,N,N,V,N,N,V/S,V/S,N,V,N,V,N,V,V,N,V/S,V/S,N,V/S,V/S,V/S,V/S,V,N,N,V,V/S,N,V/S,V/S,N,V/S,N,V/S,V/S,V/S,BL01UK01GE014,UKGE014,767,25.56666667,2020,gb
R_33r4sVYv4j4n9tU,Male,University degree or equivalent,University degree or equivalent,40,60,0,NA,German;40;,English;60;,,60,40,0,NA,German,NA,10,9,NA,NA,I always (or almost always) speak German to my child,English,NA,2,10,NA,NA,I always (or almost always) speak English to my child,Second,NA,2,20,Always (or almost always) English,1,V/S,V/S,V/S,V/S,V/S,V/S,N,V/S,V/S,V/S,V/S,V/S,V,V/S,V,V,V/S,N,N,V,V/S,V,N,V,V/S,V,V/S,V,V,V/S,V,N,V/S,V/S,V,V,V,N,V,V/S,V/S,V,V/S,N,V/S,N,V/S,V/S,V,V/S,V,V/S,V,V,V,V,V,V/S,V/S,N,V,N,V,V,V,V/S,V/S,V/S,N,N,V,V/S,N,V/S,V/S,N,V/S,N,V/S,V,V,V/S,V,V,V,V/S,V,V/S,N,V,V/S,N,N,V,V/S,N,V/S,N,V,V,V,V/S,V,V/S,N,V,V/S,N,N,V/S,V/S,V/S,N,N,N,V,N,V,V,N,N,N,N,V,N,V,V,N,V,V/S,N,V/S,N,V/S,V,V,V/S,V,V,N,N,N,N,V,V,N,N,V/S,N,V,V,V,V,V,V,V,V,V/S,V,V/S,V/S,V,V,N,V/S,V,N,N,V/S,V/S,N,V,V/S,V,N,N,V/S,N,V/S,V,V,V,V/S,N,V,N,N,N,N,V/S,V/S,V/S,N,N,N,V,N,V,N,N,V,N,V,V,V,N,V,V,V,V/S,N,V,V,N,N,V,V,V,V,V,V,N,N,V/S,V,N,N,V,V,V,N,N,N,V/S,V/S,V,V/S,V,N,V/S,N,N,N,N,V,V/S,N,V/S,V/S,V,V,V,V/S,V,V/S,V/S,V,V,V/S,V/S,V/S,N,V/S,V,V,V,V/S,N,V,V,V/S,V,V,V/S,V,N,N,V/S,N,V,N,V/S,V/S,V/S,V/S,V,V,V,V/S,V/S,V,N,V/S,V/S,V,V/S,V,N,V,V/S,V,V,V,N,V/S,V,V/S,V,V,V/S,V,V,V/S,V,V/S,V,N,N,V,V/S,V,V,V/S,V,V,V/S,V,N,N,V,N,V,V,N,V/S,N,N,V/S,N,N,N,N,N,V/S,V,V/S,V/S,N,N,N,N,V/S,V/S,V/S,N,V/S,V/S,V,V/S,V,V,V,N,V,V,V,V,V,V,N,N,V,N,N,N,V/S,N,N,V/S,N,N,V/S,N,N,N,V/S,N,V,V,N,V,N,V,N,V,V/S,V,V,V,V/S,V/S,V/S,V,V/S,V/S,V,V/S,V/S,N,V/S,N,N,N,N,N,V/S,V/S,N,BL01UK01GE015,UKGE015,851,28.36666667,2020,gb
R_RV3ARFo7TrIXGRH,Male,University degree or equivalent,University degree or equivalent,35,65,0,NA,German;35;,English;65;,,60,40,0,NA,German,NA,10,9,NA,NA,I always (or almost always) speak German to my child,English,NA,3,10,NA,NA,I always (or almost always) speak English to my child,First,NA,1,6,Always (or almost always) English,2,N,V/S,N,V/S,V/S,V/S,V,V/S,N,V/S,N,V/S,V/S,V/S,V,V/S,V/S,V/S,V,V,V/S,V/S,V,V/S,V/S,V/S,V/S,N,N,V/S,V/S,N,V/S,V/S,V/S,V/S,N,N,V/S,V/S,V/S,V/S,N,V,V/S,N,V,V/S,V/S,V/S,V/S,V/S,V/S,V/S,V/S,N,V/S,V/S,V/S,V/S,V/S,V,N,V/S,V/S,V/S,V/S,V/S,V/S,V/S,V/S,N,V/S,V/S,V/S,N,N,V/S,V/S,V/S,N,V/S,V,V/S,V/S,V/S,V/S,V/S,N,N,V/S,N,V/S,V/S,V/S,V/S,V/S,N,V/S,V/S,V/S,V/S,N,N,V/S,V/S,V/S,V/S,V/S,V/S,V/S,V/S,V/S,V/S,V/S,V/S,N,V/S,V/S,V/S,V/S,V/S,V,V/S,V/S,V/S,V/S,N,V/S,V/S,N,V/S,N,V/S,V,V/S,V/S,V/S,N,V/S,V/S,V/S,N,V/S,V/S,N,N,V/S,N,V/S,V/S,V/S,V/S,V/S,V/S,V/S,V/S,V/S,V/S,V/S,V/S,N,V/S,N,V/S,V/S,N,V/S,V/S,N,V/S,V/S,V,N,V,N,V/S,N,V/S,N,V/S,V/S,V/S,N,V/S,N,V/S,V/S,N,V/S,N,V/S,N,N,N,V/S,V/S,V/S,N,V/S,V/S,N,N,V/S,V,N,V/S,V/S,V/S,N,V,V,V/S,N,V/S,V/S,V/S,V,N,V/S,V,V/S,V/S,V/S,V/S,V,N,V,N,V/S,N,N,N,V/S,N,V/S,V/S,N,V/S,V/S,N,V/S,V/S,V/S,V/S,V/S,N,V/S,V/S,V/S,V/S,V/S,V/S,V,V/S,V/S,V/S,V,V,V/S,V/S,V/S,V/S,V/S,V,V,V/S,V,V,V/S,V/S,V,V,V/S,V/S,V/S,V/S,N,V/S,V/S,N,V/S,V/S,N,V/S,V/S,V/S,V/S,N,V/S,V,N,N,N,V/S,V/S,V/S,V,V/S,V/S,V/S,V/S,N,N,V/S,V/S,V/S,N,V,V/S,V/S,V,N,V/S,V,V/S,V,N,V,V,V/S,N,V/S,V/S,V/S,V,V,V,V/S,V/S,V,N,V/S,N,N,N,N,V/S,V/S,N,N,N,N,V/S,V/S,V/S,V/S,V/S,V/S,N,V/S,V/S,V/S,V/S,V/S,V/S,V/S,N,V/S,N,V/S,N,N,V/S,V/S,V/S,V/S,V/S,V/S,N,N,N,N,V,N,V,V,V,V/S,V/S,V,V/S,V/S,V/S,V/S,V/S,V/S,V/S,V,N,V,V,V,N,V/S,V,V/S,V,V,N,V/S,V/S,V,V/S,N,N,V/S,N,V/S,V,V,V/S,N,V/S,N,V/S,V/S,V/S,BL01UK01GE016,UKGE016,1054,35.13333333,2020,gb
R_11ZqNQrNgpATNMx,Female,University degree or equivalent,University degree or equivalent,30,70,0,NA,German;30;,English;70;,,10,90,0,NA,German,NA,10,9,NA,NA,I regularly speak both German and English to my child,English,NA,1,10,NA,NA,I always (or almost always) speak English to my child,First,NA,1,22,Always (or almost always) English,0,V,V,V/S,V/S,V,V,V/S,V/S,V/S,V/S,N,V/S,V/S,V/S,V/S,V/S,V/S,V/S,V/S,V/S,V/S,V/S,V/S,V/S,V/S,V/S,V/S,V,V,V/S,V/S,N,V,V/S,V/S,V/S,N,V,V/S,V,V/S,V/S,V/S,V/S,V/S,N,V/S,V/S,V/S,V,V/S,V/S,V/S,V,V/S,V/S,V/S,V/S,V/S,V,V,V/S,V,V,V/S,V/S,V/S,V,V/S,V/S,V,V/S,V,V/S,V/S,V,V,V,V/S,V,V/S,V/S,V/S,V/S,V,V/S,V,V/S,N,V,N,N,V/S,V/S,V/S,V/S,V/S,N,V/S,V,V/S,V/S,V,V/S,V,V,V/S,V,V,V/S,V/S,V,V,V,V/S,V/S,V/S,V/S,V/S,N,V/S,V/S,V/S,V/S,N,V/S,V,V,V/S,V/S,V/S,V/S,V,V,V/S,V/S,V/S,V/S,V/S,V,V,N,V,V,V,N,N,V,V,V/S,V,V/S,V/S,V,V,V,N,V/S,V/S,V/S,V,V/S,V,V,V/S,V,N,V,V/S,V,N,V/S,V/S,V,V,V/S,N,V,V/S,V/S,V/S,V,V/S,V,V,V/S,V/S,V,N,V/S,V/S,V/S,V,N,V,V/S,N,V/S,N,N,V/S,V,V,V/S,V/S,V/S,V/S,V/S,V/S,V,N,V,V,V,V,V,V,V,V,V,V,N,V,V/S,N,V/S,V,V,V,V/S,N,N,V,V/S,V/S,V/S,V/S,V/S,V/S,V/S,V,V,V/S,V/S,V/S,V/S,N,V/S,V/S,V/S,V/S,V/S,V/S,V/S,V/S,V/S,V/S,V/S,V,V/S,V,V/S,V/S,V/S,V/S,V,V,V,V,V,V,V,V,V/S,V,V,V,V,V/S,V,V,V,V,V,V,V,V,V,V,V,V,V,V,V/S,V,V/S,V/S,V/S,V,V,V/S,V,V/S,V,V,V,V,V/S,V,V/S,V,V,V,V,V,V/S,V,V,V,V,V,V,V/S,V/S,V/S,V,V,V,V,V,V,V,V,N,V/S,N,N,V/S,V/S,V,N,N,N,V/S,V,V/S,V,V,V/S,V,V/S,V/S,V,V,V/S,V/S,V/S,N,V/S,V,V/S,V,V,V,V,V/S,V,V/S,V,N,V,V,V/S,V,V,V,V,V,V,V,V,V,V/S,V/S,V/S,V,V,V,V/S,V,V/S,V,V,V,V/S,V/S,V,N,V,V,V/S,V,V,V,V,V,V,V/S,V/S,V/S,V,V,V,V,V,V/S,V,V,BL01UK01GE017,UKGE017,1075,35.83333333,2020,gb
R_pagyUGYtgbaThtv,Male,University degree or equivalent,University degree or equivalent,60,40,0,NA,German;60;,English;40;,,55,45,0,NA,German,NA,10,7,4,Polish,I always (or almost always) speak German to my child,English,NA,1,10,NA,NA,I always (or almost always) speak English to my child,Other,NO SIBLING,1,10,Always (or almost always) English,1,N,N,N,N,V,N,N,N,N,N,N,V,V,N,V,V,V,V,N,V,V,V,N,V,V,V,V,N,N,V,V,N,V,V,V,N,N,N,N,N,V,N,N,N,N,N,V,V,V,N,N,V,N,V,V,N,N,V,N,N,V,N,V,N,N,V,V,V,V,N,V,N,V,V,N,V,N,N,N,V,N,V,N,N,N,N,V,V,N,N,N,N,N,N,V,N,V,N,N,N,N,N,N,N,N,V,N,N,N,V,V,V,N,N,N,V,N,V,N,N,N,N,N,N,N,N,N,N,N,V,N,V,N,V,N,N,N,N,N,N,N,N,N,N,N,N,N,N,N,N,N,N,N,N,N,N,N,N,V,V,N,N,V,N,V,N,N,N,V,N,N,V,V,N,V,N,N,N,V,V,V,N,V,N,N,N,N,N,N,N,N,N,N,N,N,N,N,N,V,N,N,N,N,V,N,N,N,N,N,V,N,N,V,N,N,N,N,N,N,N,N,V,N,V,N,N,N,N,V,N,N,N,V,V/S,N,N,N,N,N,V,N,N,N,N,N,V,N,N,N,N,N,V,V,V,V,N,N,N,N,V/S,V,NA,V,NA,N,N,N,N,N,N,N,N,N,V,N,N,N,N,N,V,N,N,V,N,V,N,N,V,N,N,N,N,N,N,N,N,V,V,N,V,N,N,V,N,N,N,V,N,N,N,N,N,N,V,N,N,N,N,N,V,N,V,N,V,N,N,NA,NA,NA,NA,NA,NA,NA,NA,N,N,N,N,N,N,N,N,N,N,V,N,N,N,V,N,V,N,V,N,N,V,N,N,N,N,N,N,N,N,N,N,N,N,N,N,N,N,N,N,N,V,N,N,V,N,N,N,N,N,N,N,N,V,N,N,V,N,V,N,N,N,N,N,N,N,N,N,N,N,N,N,N,V,N,N,N,N,N,N,N,N,V,N,BL01UK01GE019,UKGE019,634,21.13333333,2020,gb
R_1lzs1PMVPVNxdOd,Female,University degree or equivalent,University degree or equivalent,30,70,0,NA,German;30;,English;70;,,50,50,0,NA,German,NA,10,10,NA,NA,I always (or almost always) speak German to my child,German,NA,10,10,5,NA,I always (or almost always) speak German to my child,First,NA,1,10,Always (or almost always) English,0,V/S,V,N,V/S,V/S,V/S,N,V,N,V,V,V/S,N,V,V/S,V/S,V,N,N,V/S,V/S,N,V,N,V,V,V,N,N,V,V,N,N,V,V,V,N,N,V,N,N,V,N,N,N,N,V,V/S,N,V,N,V/S,V,V,N,N,N,V/S,V/S,N,V,V,N,N,N,V/S,V,V/S,N,N,N,N,N,N,N,N,N,N,N,N,N,V,N,V/S,N,N,N,N,N,N,N,N,V/S,V/S,V,V,N,N,V/S,N,V,V,N,V,N,V,N,N,V,V,V,V,N,N,N,N,N,N,V/S,N,N,N,V,N,N,N,N,N,N,V/S,N,V,N,N,N,N,N,N,N,N,N,N,N,N,N,N,N,N,N,N,V,N,N,N,V,N,N,N,N,V/S,N,N,V,N,N,N,N,N,N,N,N,N,N,N,N,N,N,N,V,V/S,N,N,N,N,N,N,N,N,N,N,N,N,N,N,N,N,N,N,N,N,N,N,N,N,N,N,N,N,N,N,N,N,N,N,N,N,N,N,N,N,N,N,V,N,N,N,N,N,V,N,N,N,N,V/S,N,N,V/S,N,V/S,N,N,N,N,N,N,V,N,N,N,N,V/S,N,V/S,N,V,V,N,N,N,V/S,NA,V/S,NA,NA,N,N,N,N,N,N,N,N,N,V,N,N,N,N,N,N,N,N,N,V/S,N,N,N,N,N,N,N,N,V/S,N,N,N,N,N,N,N,N,N,V,N,N,N,V,N,N,V,N,N,N,N,N,V,N,V/S,N,N,N,N,N,N,N,N,N,N,NA,N,N,N,V,N,V/S,N,N,V/S,N,N,N,N,N,N,N,V,N,N,N,N,N,N,N,N,N,N,N,N,N,N,N,N,N,N,N,N,N,N,N,N,N,N,N,N,N,N,N,N,V/S,N,N,N,N,N,N,N,N,V,V,N,N,N,N,N,V,N,N,N,N,N,N,N,N,N,N,N,N,N,N,N,N,N,N,N,N,N,N,N,BL01UK01GE020,UKGE020,480,16,2020,gb
R_1FCGMhvWfAZoEog,Male,University degree or equivalent,University degree or equivalent,40,55,5,Turkish,German;40;,English;55;,Turkish;5;,45,55,0,NA,Other(s),Bilingual German and Turkish ,10,9,7,Turkish ,I always (or almost always) speak German to my child,English,NA,1,10,NA,NA,I always (or almost always) speak English to my child,Second,NA,2,13,Always (or almost always) English,3,V,N,V,N,V,V/S,V/S,V/S,V/S,V/S,V/S,V/S,V,V/S,V/S,V/S,V/S,V/S,V,V/S,V/S,V,N,V,V,N,V,N,N,V,V,V,V/S,V/S,V,V,V/S,N,V,N,V,V,V/S,V,V,N,V,V/S,V,V/S,V,V/S,V,V,V/S,N,V,V/S,V/S,V,V,V,N,N,V,V/S,V,V/S,V/S,V/S,V,V,N,V/S,V/S,V,V,N,V,V/S,V/S,V/S,N,V/S,N,V,N,V/S,N,V,V,V,V/S,V/S,V/S,V/S,V/S,V,V,N,V/S,V/S,V,N,V,V/S,V/S,V,V/S,V/S,V/S,V,V,V,V,V,N,V/S,V/S,V/S,V,V,V,N,N,V/S,N,N,N,V/S,V/S,V/S,V,V,V,V/S,V/S,V,V,V,V,N,N,V,V,N,N,V,V,V,V,V,V,V/S,V/S,V,V,V,V,V,V/S,V,V/S,V,V/S,V,N,V,V/S,V/S,V/S,V/S,V/S,V,V/S,V,V/S,N,V,V/S,V/S,N,V/S,V,V,V,V,V,N,V/S,V,V,V,V,N,V/S,V/S,V,N,N,V,N,V,V,V,V,N,V/S,V/S,N,V,V,V,N,N,V,V,V,V,V/S,V,V,V,V/S,V,V/S,V,V,V/S,V/S,N,N,V/S,V/S,V/S,N,V/S,V/S,V/S,V,N,V,V,N,N,V/S,N,V/S,V/S,V,V/S,V/S,V/S,V/S,V/S,V,V,V,V,V/S,V,V/S,V/S,V,V,V,V/S,V,V,V,V,V,V,V/S,V/S,V/S,V,V,V,V,V,V,V/S,V,V/S,V,V/S,V,N,V/S,V/S,V,V/S,V/S,V,V,V/S,V,V,V/S,V,V,V/S,V,V,V,V,V,V/S,V/S,V,V,V/S,V,V,V/S,V,V,N,V,V,V,V/S,N,V,V/S,V,N,V,V,V,V,V,N,N,V/S,N,V/S,V/S,N,V/S,V,V,V,V/S,V,V/S,V/S,V/S,V,V/S,V/S,V/S,V/S,V/S,V,V,V,V,N,V,V/S,V/S,V,N,V,V,V/S,V,N,N,V,V,V,V,V,V,V,V,V,V,V,V,V,V/S,V/S,V,V,V/S,N,V,V,V,V,V/S,V,V,V,V,V,V/S,V,V,V/S,V/S,N,V,V/S,V,V/S,V/S,V,N,V/S,V,V/S,V/S,V,BL01UK01GE021,UKGE021,1071,35.7,2020,gb
R_2flXiba8C3b7D6j,Female,University degree or equivalent,University degree or equivalent,30,70,0,NA,German;30;,English;70;,,60,40,0,NA,German,NA,10,10,NA,NA,I always (or almost always) speak German to my child,English,NA,1,10,NA,NA,I always (or almost always) speak English to my child,Second,NA,2,10,Always (or almost always) English,3,V,V,N,N,V,V/S,N,V/S,V/S,V/S,N,V,V,V/S,V,V,V/S,V/S,V,V,V/S,V,V,V,V,V,V/S,N,N,V/S,V/S,N,V,V/S,V,V,N,N,V,V,V,V,V/S,N,V,N,V/S,V,V,V,V/S,V/S,V/S,N,V,N,N,V/S,V/S,V,V,V,V,V,V,V/S,V,V,V,N,V,V/S,V,V/S,V,N,V,V,V,N,V/S,V,N,V/S,N,N,V,V,V,N,N,N,N,V,V/S,V/S,V,V,V/S,V,V,V/S,V,V,N,V,V/S,V,V,V,V/S,V,V,N,N,V,N,V,V,N,V,V/S,V,N,N,V,N,N,V,V/S,N,V,N,V/S,V/S,V,V/S,V,N,N,N,V,N,V,V,N,N,V,V,V,V/S,V/S,N,V,V,V,V,V,V/S,V,V/S,V,V,N,V,N,N,N,V,V/S,N,V,V,V,V,V,V,V,V,V,V,N,V/S,N,V,V,V,V,N,V/S,V/S,V,N,N,V,V/S,N,V,N,N,V,V,V,V,V,N,V,V,V,V,N,V/S,N,N,V,V,V,V,N,V,V,N,V,V/S,N,N,N,N,N,V,N,N,N,V/S,N,N,V,N,V,N,N,N,V,N,V,V/S,N,V/S,V/S,V,V/S,V,V/S,N,V/S,N,V,V,N,V/S,V,V/S,V,V,V,V,V,N,V,V,V,V,V,V,V,V,N,V,N,V,V,V,V,V,V,V,V,V,N,V,V,V,V,V,V,V,V,V,V,V,V,V,V,N,V,V,N,V,V,V,N,N,V,V,V,V/S,V,N,V,V,V,V,V/S,V,V/S,V,V,V,N,V,V,V,V,N,V/S,V,V,V,N,V,N,N,V,V,V,V,V,N,V/S,V/S,V/S,V/S,V,V,V,V/S,V/S,V,V/S,V/S,V,N,N,N,V,V,V,V,N,V,V,V,V,N,N,N,N,N,N,N,N,N,V,V,V,N,V,V/S,N,N,N,N,N,N,N,N,N,N,V,N,V/S,V,V,V,V,V,N,V,V,V,V,V,V,V,N,V/S,V/S,N,BL01UK01GE022,UKGE022,675,22.5,2020,gb
R_3GBpFGx1gcArON0,Female,University degree or equivalent,Left school at 18 with A-Levels or equivalent,20,80,0,NA,German;20;,English;80;,,40,60,0,NA,German,NA,10,9,NA,NA,I always (or almost always) speak German to my child,English,NA,1,10,NA,NA,I always (or almost always) speak English to my child,Third,NA,3,10,Always (or almost always) English,0,V,V/S,V/S,N,N,V,V/S,N,N,V/S,N,N,N,N,N,N,N,N,N,N,N,N,N,N,N,N,N,N,N,N,N,N,N,N,N,N,N,N,N,N,N,N,N,N,N,N,N,V,N,N,N,N,N,N,N,N,N,V,V,N,N,N,N,N,N,N,N,V/S,V,N,N,N,N,V,N,N,N,N,N,N,N,N,N,V,N,N,N,N,N,N,N,N,N,N,V,N,N,N,N,N,N,N,N,V,N,V,N,N,N,N,V,N,N,N,N,N,N,N,N,N,N,N,N,V,N,N,N,N,N,N,N,V,N,V,V,N,N,N,N,N,N,N,N,N,N,N,N,N,N,N,N,N,N,N,N,N,N,N,N,N,N,N,N,N,N,N,N,N,N,N,N,N,N,N,V,N,N,N,N,N,N,N,N,N,N,N,N,V,N,N,N,N,N,N,N,N,N,N,N,N,N,N,N,N,V,N,N,N,N,N,N,N,N,N,N,N,N,N,N,N,N,N,N,V,V,N,N,N,N,N,N,N,N,V,N,N,N,N,N,N,N,N,N,N,N,V,N,V,V,V,V,V,V/S,V/S,V,N,V,N,V,V,N,V/S,V,V,V,N,N,N,N,N,N,N,N,N,N,N,N,N,N,N,N,V,N,N,N,N,N,N,N,N,N,N,N,V,N,N,N,N,N,N,N,N,N,N,N,N,N,N,N,N,N,N,N,N,N,N,N,N,N,V,N,N,V,N,N,N,NA,NA,NA,NA,NA,NA,NA,NA,V,N,N,N,N,N,N,N,N,N,N,N,N,N,N,N,N,N,N,N,N,N,N,N,N,N,N,N,N,N,N,N,N,N,N,N,N,N,N,N,N,N,N,N,V,N,N,N,N,N,N,N,N,N,N,N,N,N,N,N,N,N,N,N,N,N,N,N,N,N,N,N,N,N,N,N,N,N,N,N,N,N,N,N,BL01UK01GE023,UKGE023,357,11.9,2020,gb
R_AmlJ4TgJKekyW4x,Male,University degree or equivalent,University degree or equivalent,30,65,5,french / turkish in nursery,German;30;,English;65;,Other;5;,30,70,0,NA,German,NA,10,9,NA,NA,I regularly speak both German and English to my child,English,NA,4,10,NA,NA,I always (or almost always) speak English to my child,Second,NA,2,10,Always (or almost always) English,1,V,V/S,V/S,V/S,V/S,V/S,V,V/S,V/S,V/S,V/S,V/S,V/S,V/S,V/S,V,V/S,V/S,V/S,V/S,V/S,V/S,V/S,V/S,V/S,V/S,V/S,N,N,V/S,V/S,N,V/S,V/S,V/S,V/S,V/S,N,V/S,V/S,V/S,V/S,V/S,V/S,V/S,V,V/S,V/S,V,V/S,V/S,V/S,V,V/S,V/S,V/S,V,V/S,V/S,V,V,V/S,N,V,V/S,V/S,V,V,V/S,V/S,V/S,V/S,V,V,V,V,V,V,V,V/S,V/S,V,V,V,N,V,V,V/S,N,V,V,V,V/S,V/S,V/S,V/S,V/S,V,V/S,V/S,V/S,V/S,V,V,V,V/S,V/S,V/S,V/S,V/S,V/S,V/S,V/S,V,V/S,V/S,V,V,V,V,V/S,V,V,N,N,V/S,V,N,V,V/S,V,V,V,V,V,V,V/S,V/S,V,V,V,V,V,V/S,V,N,V,V,V,V/S,V/S,V/S,N,V,V/S,V,V,V/S,V/S,V/S,V,V,V/S,N,V/S,N,N,V,V/S,V/S,V/S,V/S,V/S,V,V,N,N,V,V/S,V/S,V/S,V,V/S,V,V/S,V,V,V,V,V,V/S,V/S,V/S,V,V,V/S,V/S,V,V/S,V/S,V,V,V/S,V/S,V/S,V/S,V/S,V/S,V/S,V/S,V/S,V/S,V/S,V,V,V/S,V,V/S,V/S,V/S,V,V,V,V/S,V,V/S,V,V,V,V/S,N,N,V,V/S,V/S,V,V/S,V,V,V/S,V,V/S,V/S,V,V,V,N,V,V,V,V/S,V/S,V/S,V/S,V/S,V/S,V,V,V,V/S,V/S,V,V/S,V,V,V,V,V,V,V,V,V,V,V,V,V,V,V,V,V,V,V/S,V/S,V/S,V/S,V,V,V,V,V,V,V,V,V/S,V,V,V,V/S,V/S,V/S,V/S,V,V,V/S,V,V,V,V,V,V/S,V,V,V,V,V,V,V,V,N,V,V,V,V/S,V,V,V/S,V,N,N,V,V,V,V,V,V/S,V,N,V,V/S,N,V,N,N,V,V,V,V,V,V,V,V,V/S,V/S,V,V,V/S,V/S,V,V,V,V,N,N,V,V,V,V,V,V,N,V,V,V,V,N,V,V,V,V,V,V,V,V,V,V,V,V,V/S,V,V,V/S,V,V/S,V,V/S,V/S,V/S,V,V/S,V/S,V/S,V,V,V/S,V/S,V,V,V,V/S,V/S,V,V,N,V/S,N,V/S,V/S,V/S,BL01UK01GE024,UKGE024,813,27.1,2020,gb
R_0SAD8oB5J5imCSR,Male,University degree or equivalent,University degree or equivalent,60,40,0,NA,German;60;,English;40;,,75,25,0,NA,German,NA,10,7,NA,NA,I always (or almost always) speak German to my child,English,NA,3,10,NA,NA,I always (or almost always) speak English to my child,Second,NA,2,NA,NA,0,V,V/S,N,N,V/S,V/S,V,V/S,N,V/S,V/S,V/S,N,N,V,N,N,V,N,V,V/S,V,V,V,V/S,N,V,N,N,N,V/S,N,N,N,V,N,N,N,V,N,V,V,N,N,N,N,N,N,V/S,V,V/S,V/S,V,V,V/S,V,V,V/S,V/S,V,V,V/S,N,V,V,V/S,V/S,V/S,V/S,V/S,N,V/S,V,V/S,V,V/S,N,N,N,V/S,V/S,V,N,V/S,V,V,V,V/S,V/S,V/S,N,V/S,V/S,V/S,V/S,V,V/S,N,V/S,N,V,V,N,V/S,N,V/S,V/S,V,V/S,V,V/S,V/S,V/S,V,V,V,N,V,V,V,V,V,V,V,N,V/S,N,N,V,N,V,V,N,V,V/S,V,V/S,V,N,N,N,V/S,V,V,V,N,N,V,V,V/S,V,V,V,V,V/S,V,V,V,V,V/S,V,V,V,N,V/S,N,N,N,N,N,N,V,V/S,V,V,N,N,N,V,V,N,N,V/S,N,V,V,V,N,N,V/S,V,V,N,V,N,V,N,N,N,N,N,N,N,V,N,V,V/S,V,V,V,V,V,V,V,V,V,V,V,V/S,V,N,N,V,V/S,N,N,N,N,N,N,N,N,N,V/S,N,N,V/S,N,V/S,N,N,N,N,N,V,V,N,N,V/S,V,V/S,V,V/S,N,V/S,V,V,V,V/S,V/S,V,V/S,V/S,V,V,V,V,N,V,N,N,V,V,V,V,V,N,V,V,N,N,V,V,N,V,V,V,N,N,V,V,N,V/S,V/S,N,V,V,N,N,V,V,V,V,N,V,V,V,V,V,V,V,N,N,V,V,V,N,N,V,V,V,N,V,N,V,N,NA,NA,NA,V,V,NA,NA,NA,V/S,N,N,N,V,N,N,N,N,N,V,N,V/S,N,V/S,N,V/S,V/S,N,N,V/S,V,N,N,N,N,V,V,N,N,N,N,V/S,N,V,N,N,V,N,N,N,N,V,N,V,V,V,N,N,V,N,N,N,V/S,V,V,V,N,N,V,V,V/S,N,N,V,V/S,V/S,V,V,V,V/S,N,V,V/S,N,N,N,N,N,N,N,N,N,N,BL01UK01GE025,UKGE025,832,27.73333333,2020,gb
R_3nHrSq3fnmodaOp,Male,University degree or equivalent,University degree or equivalent,30,70,0,NA,German;30;,English;70;,,95,5,0,NA,German,NA,10,9,NA,NA,I always (or almost always) speak German to my child,NA,NA,NA,NA,NA,NA,NA,First,NA,1,11,Always (or almost always) English,2,V/S,V/S,V/S,V/S,V/S,V/S,V/S,V/S,V/S,V/S,V/S,V,V/S,V/S,V/S,V/S,V/S,V/S,V/S,V/S,V/S,N,V,V/S,V/S,V/S,V/S,V,V,V/S,V/S,N,V/S,V/S,V/S,V/S,N,N,V/S,V/S,V/S,V/S,V/S,V,V/S,N,V/S,V/S,V/S,V/S,N,V/S,V/S,V/S,V/S,V/S,V/S,V/S,V/S,N,V,V,V/S,V,N,V/S,V/S,V/S,V/S,V/S,V/S,V/S,V/S,V/S,V/S,N,N,N,V/S,V/S,V/S,V/S,V/S,V/S,V/S,V/S,V/S,N,N,N,N,N,V/S,V/S,V/S,V/S,V/S,N,V/S,V/S,V/S,V/S,N,V/S,V/S,V/S,V/S,V/S,V/S,V/S,V/S,V/S,V/S,V/S,V/S,V/S,N,V/S,V/S,N,N,V,V,V/S,N,V/S,V/S,N,N,V/S,V,V/S,N,V/S,V/S,V/S,V/S,V/S,V,N,V,V/S,N,V/S,V/S,V,N,V,N,V/S,V/S,V/S,N,V/S,V/S,V,V/S,V/S,V/S,V/S,N,V,V/S,N,V/S,V/S,N,N,V/S,V,N,V/S,V/S,N,V,V,N,N,V/S,V/S,V/S,N,V/S,N,V/S,N,V/S,V,N,V,V/S,V/S,N,N,N,N,N,V/S,N,N,V,N,V/S,V/S,V/S,N,V/S,V/S,V/S,N,N,N,V/S,N,V,V/S,V/S,V/S,V/S,V/S,V/S,N,V/S,V/S,N,N,N,N,N,N,N,N,N,N,N,N,N,N,N,N,N,N,N,N,N,V/S,N,V/S,V/S,V/S,V/S,V/S,V/S,V/S,V/S,V/S,V/S,V,V,V/S,V/S,V,V/S,V/S,V,V,V,V,N,N,V,N,N,V/S,V/S,V,N,N,N,N,V,V,V,V/S,V/S,N,V,V/S,N,V,V,N,V,V,V,V,V,V,N,N,N,V,N,N,N,V/S,N,V,V,V/S,N,N,N,V,V,V/S,V,N,V,V,N,N,V,V,V,V,N,N,N,V,N,V,V,N,V/S,N,N,V/S,V/S,V,N,N,N,V/S,V/S,V/S,V/S,V,V/S,V,V/S,V/S,N,N,V,V,V/S,N,V/S,V,V/S,N,N,N,V,V,V,N,N,N,N,V/S,V,N,N,N,V,N,V,N,N,N,N,V/S,N,N,N,N,N,N,N,N,N,N,N,N,N,N,V,N,V/S,V,V,N,N,V/S,N,V,V,V/S,V,V,N,V/S,N,V/S,V/S,V,BL01UK01GE026,UKGE026,761,25.36666667,2020,gb
R_2D6JCGxYzlLzT4V,Female,University degree or equivalent,University degree or equivalent,50,50,0,NA,German;50;,English;50;,,70,30,0,NA,German,NA,10,8,NA,NA,I always (or almost always) speak German to my child,English,NA,3,10,NA,NA,I regularly speak both German and English to my child,Second,NA,2,18,Always (or almost always) English,2,V,V/S,V/S,V,V/S,V/S,V/S,V/S,V/S,V,V/S,V,V/S,V/S,V/S,V,V/S,V/S,V/S,V/S,V/S,V/S,V,V,V/S,V,V/S,V,V,V,V/S,N,V/S,V/S,V/S,V/S,N,N,V/S,V/S,V/S,V/S,V/S,V,V,N,V,V/S,V/S,V/S,V/S,V/S,V/S,V/S,V,V,V/S,V/S,V/S,V,V/S,V/S,V,N,V,V/S,V,V/S,V/S,V/S,V/S,V/S,V,V,V,N,N,V,V,V/S,V,V/S,N,V/S,N,V,V,V,V,N,V,N,N,V/S,V/S,V/S,V/S,N,V,V,V/S,V/S,V,V/S,N,V/S,V/S,V/S,V/S,V/S,V/S,V/S,V,V,V,V/S,N,V/S,V/S,N,N,V,V,V,N,V,V/S,N,V,V/S,N,V/S,V/S,V/S,V,V/S,V/S,V/S,V/S,N,N,N,N,V,V,N,N,V,V,V/S,V,V/S,V,V/S,V/S,V,V,V/S,V/S,V/S,V/S,V/S,V,N,V/S,V,N,N,V/S,V/S,N,V/S,V/S,V/S,V/S,V/S,N,N,V/S,V/S,V/S,N,V/S,V,V,V,N,V,N,V,V,V,N,N,N,V,N,N,N,N,V,V,N,V/S,V,N,V/S,V/S,V/S,V,N,V/S,V,N,V,V,N,N,V/S,V/S,V,N,V/S,V/S,N,V,N,N,N,V,N,N,N,V/S,N,N,V/S,N,V/S,V/S,N,V,N,N,V/S,V/S,N,V/S,V/S,V/S,N,V,V/S,V,V/S,N,V/S,N,N,V/S,V,V/S,V/S,V/S,V,V,V,N,V,N,V,V,N,V,V,V,N,V,N,V,V,V,V,V,V/S,V,V,V,N,V,V,N,V,V,V,V,V/S,N,N,V,V/S,V,V,V,V,V,V/S,V,V/S,V/S,V,N,V/S,V,V,V/S,V,N,N,V,V,N,V,N,V/S,V/S,V,NA,V,V,NA,NA,V,NA,N,N,N,V/S,V,V,N,N,N,V,V/S,V,N,N,V/S,V,V/S,V/S,V/S,V,V,V,V/S,N,V,V,N,V/S,V,N,N,V/S,N,V/S,V,N,N,V,N,N,N,V,V,N,V,N,N,V,N,N,V,V,V,N,V,N,V,N,V,V,V/S,V/S,V,N,V,N,V/S,N,V,V/S,V/S,V,V,V,V,V/S,V/S,N,V,V,N,V/S,V/S,V,BL01UK01GE027,UKGE027,827,27.56666667,2020,gb
R_3nfrngpTa3oe81o,Male,University degree or equivalent,University degree or equivalent,70,30,0,NA,German;70;,English;30;,,100,0,0,NA,German,NA,10,8,NA,NA,I always (or almost always) speak German to my child,German,NA,10,8,NA,NA,I always (or almost always) speak German to my child,First,NA,1,12,Always (or almost always) English,14,V/S,V/S,V/S,V,V/S,V/S,V/S,V/S,V/S,V/S,V/S,V/S,V/S,V/S,V/S,V/S,V/S,V/S,V,V/S,V/S,V/S,V,V/S,V/S,V/S,V/S,V,V,V/S,V/S,N,V/S,V/S,V/S,V/S,V,N,V/S,V,V/S,V/S,V/S,V,V/S,N,V/S,V/S,V,V/S,V/S,V/S,V,V/S,V,V/S,V/S,V/S,V/S,N,V/S,V,V,V,V,V/S,V/S,V/S,V/S,V/S,V/S,V/S,V/S,V/S,V/S,V/S,V,V/S,V/S,V/S,V/S,V,N,V/S,V/S,V,V/S,V/S,V,V,V/S,N,V,V/S,V/S,V/S,V/S,V/S,V/S,V/S,V/S,V/S,V,V/S,V,V/S,V/S,V/S,V/S,V/S,V/S,V/S,V/S,V,V,V,V,V/S,V/S,V,V,N,V,V,V,V/S,V/S,V,V,V/S,N,V/S,V,V,V/S,V/S,V/S,V/S,V,N,V,N,V,V,V,V,N,V,V,V,V/S,V/S,V,V/S,V/S,V,V,V/S,V/S,V/S,V/S,V,V/S,V,V/S,V,V,V,V/S,V,N,V,V,V/S,V/S,V/S,V,V,V/S,V/S,V/S,V/S,V/S,V,V,V,V,V,N,V/S,V/S,V/S,V,N,N,V/S,V/S,V,N,V,V/S,V,V,V/S,V/S,V,V/S,V,V,V,V,V,V/S,V,V,V,V,V,V/S,V/S,V,V/S,V,V/S,V/S,V/S,V/S,V,V,V,N,V,V,V/S,V/S,V,V/S,N,V/S,V/S,V,V/S,V,N,V,V/S,V,V/S,V/S,V/S,V,V/S,V/S,V/S,V/S,V/S,V,V,V/S,V/S,V,V/S,V/S,V/S,V,V/S,V/S,V,V,V,V,V,V,V/S,V/S,V,V,V/S,V,V,V,V,V/S,V,V/S,V,V/S,V/S,V,V/S,V,V,V,V/S,V,V/S,V/S,V/S,V,V,V,V,V,N,V,V,V,V/S,V/S,V/S,V,V,N,V,V,V/S,V,V,V,V,V,V,V/S,V,V,V/S,V/S,V,V,V,V,V,V/S,V,V,V,V,V/S,V/S,V/S,V/S,N,V,V/S,V/S,V/S,V/S,V,V/S,V/S,V/S,V/S,V/S,V,V,V/S,V/S,V,V/S,V,V,V,V,V,V/S,V,V/S,V,V/S,N,V,V/S,V/S,N,V,V,V,V,V/S,V/S,V,V/S,V/S,V,V/S,V/S,V/S,V/S,V,N,V/S,N,V/S,N,V/S,V,V,V,V/S,V/S,V/S,V,V,V/S,V,V,V,V/S,V,N,V/S,V,V,V/S,N,V/S,V/S,V/S,BL01UK01GE028,UKGE028,861,28.7,2020,gb
R_3lKphRk2rDvlGQp,Female,University degree or equivalent,University degree or equivalent,30,70,0,NA,German;30;,English;70;,,40,60,0,NA,German,NA,10,9,2,NA,I always (or almost always) speak German to my child,English,NA,1,10,NA,NA,I always (or almost always) speak English to my child,First,NA,1,12,Always (or almost always) English,1,V/S,V,V/S,V,V/S,V/S,V/S,V/S,V/S,V/S,V,V/S,V/S,V/S,V/S,V/S,V/S,V,V/S,V/S,V/S,V/S,V,V/S,V/S,V,V/S,N,V,V/S,V/S,V,V/S,V/S,V/S,V/S,V,V,V/S,V/S,V/S,V/S,V,V,V/S,N,V/S,V/S,V,V/S,V/S,V/S,V/S,V,V,V,V,V/S,V,V/S,V/S,V/S,V,V/S,V,V/S,V,V/S,V/S,V/S,V/S,V/S,V,V/S,V/S,V,V,V,V/S,V/S,V/S,V/S,N,V,V/S,N,V/S,V/S,V,N,V/S,V,V/S,V/S,V/S,V/S,V/S,V,V/S,V,V/S,V/S,V,V,V,V/S,V/S,V/S,V,V/S,V/S,V,V/S,V,V/S,V,N,V/S,V/S,V,V/S,V/S,N,V/S,V,V/S,V/S,V,V,V/S,V/S,V/S,V/S,V/S,V,V/S,V/S,V,V,N,V,V,N,V/S,V/S,N,N,V,V,V/S,V/S,V/S,V,V/S,V/S,V,V,V/S,V/S,V/S,V,V,V/S,N,V/S,V,N,V,V,V/S,V/S,V/S,V/S,V/S,V/S,V,N,V,V/S,V,V,N,V/S,V/S,V,V/S,V,V,N,V/S,V,V/S,N,N,V,V,N,V,N,N,V/S,V/S,N,V/S,V/S,N,V,V,V,V,V,V,V,V,V/S,V/S,V,V/S,V/S,V/S,V,N,V/S,V/S,N,N,V/S,V,V/S,V/S,N,N,V,V/S,V/S,V,V/S,V,V/S,V/S,N,V,N,V,V,V/S,N,V/S,V/S,V,V/S,V/S,V,V/S,V/S,V/S,V,V,V,V/S,V,V/S,V/S,V/S,V,V,V,N,N,V,V,V,V,V/S,V/S,N,N,N,V,V,V,V/S,V/S,V/S,V/S,N,V/S,V,N,V,V/S,V/S,V/S,V/S,V,V/S,V/S,V/S,V,V/S,V/S,V,V/S,V/S,V,V,V,V/S,V/S,V/S,V/S,V,V,V,V/S,V,N,N,N,V/S,V/S,N,V,V,V/S,N,NA,V,NA,V,V/S,V,V,NA,V/S,N,N,V/S,N,V,N,N,N,V/S,V/S,V/S,V/S,N,V/S,V,V/S,V/S,V/S,V,V,V,V/S,N,V/S,V,V/S,N,V,N,V,V,V,N,V,V,N,V/S,V,N,N,V,V,N,V,N,N,N,N,N,V,V/S,N,N,V,N,V/S,N,V,V,V,V/S,N,V,V,N,V/S,V,V,V/S,V/S,V,N,V/S,N,V/S,V,N,N,V,N,V/S,V,V,BL01UK01GE029,UKGE029,782,26.06666667,2020,gb
R_3lFDS3FhYiMtV8Q,Female,Left school at 16 with GCSE or equivalent,Left school at 16 with GCSE or equivalent,15,85,0,NA,German;15;,English;85;,,40,60,0,NA,German,NA,10,10,10,Spanish,I regularly speak both German and English to my child,English,NA,1,10,NA,NA,I always (or almost always) speak English to my child,Second,NA,2,8,Always (or almost always) English,1,V/S,V/S,V/S,V,V/S,V/S,V/S,V/S,V/S,V/S,V/S,V/S,N,V,N,N,N,N,N,N,V,V,N,N,N,N,V,N,N,N,N,V,N,N,N,N,N,N,N,N,N,N,N,N,N,N,N,V,V,V,N,V,N,N,N,N,N,V,V,N,V,N,N,N,N,V,N,V,V,V,V,V,V,V,V,N,V,N,N,N,V,N,N,V,N,N,N,V/S,N,V,V,N,N,V,N,V,V,V,V,N,N,N,N,N,N,N,N,N,N,N,N,N,N,N,N,N,N,N,N,N,N,N,N,N,N,N,N,N,N,N,N,N,N,N,N,N,N,N,N,N,N,N,N,N,N,N,N,N,N,V,N,N,N,N,N,N,N,N,V,N,V,N,V,N,N,N,N,N,V,V,N,V,N,N,N,N,N,N,N,N,N,N,N,N,N,N,N,N,N,N,N,N,N,N,N,N,N,N,N,N,N,N,N,N,N,N,N,N,N,N,N,N,N,N,N,N,N,N,N,N,N,N,N,V,V,N,N,N,N,N,N,N,N,N,N,N,V/S,N,N,N,N,N,N,N,N,V/S,N,V,N,N,N,V,V/S,V,V,N,N,N,N,N,V/S,V,NA,NA,N,V,V,N,N,N,N,N,N,N,N,N,N,N,N,N,N,N,N,N,N,V,V,V,N,N,N,N,V,N,N,N,N,N,N,N,N,N,N,N,N,N,N,N,N,V,N,N,N,N,N,V,N,N,N,N,V,N,N,N,N,V,NA,NA,NA,NA,NA,NA,NA,NA,V,N,N,V,N,V,V,N,N,N,N,N,V,N,N,V,N,V,N,N,V,V,V,N,N,N,N,N,N,N,N,V,V,N,N,N,N,N,N,N,N,V,N,N,N,N,N,N,N,N,N,N,N,V,V,N,V,N,N,N,V,N,N,N,N,N,V,N,N,N,V,N,N,V,N,N,N,N,N,V,N,N,V,N,BL01UK01GE030,UKGE030,806,26.86666667,2020,gb
R_1K7Kn0mQJ7XAjtm,Male,University degree or equivalent,University degree or equivalent,60,40,0,NA,German;60;,English;40;,,70,30,0,NA,German,NA,10,9,NA,NA,I always (or almost always) speak German to my child,English,NA,1,10,NA,NA,I always (or almost always) speak English to my child,First,NA,1,12,Always (or almost always) English,3,V/S,V/S,V/S,V,V/S,V/S,V/S,V/S,V/S,V/S,V/S,V/S,V/S,V/S,V/S,V/S,V/S,V/S,V/S,V/S,V/S,V/S,V,V/S,V/S,V,V/S,N,V/S,V/S,V/S,V,V/S,V/S,V/S,V/S,N,V/S,V/S,V/S,V,V/S,V/S,V/S,V,V,V/S,V/S,V/S,V/S,N,V/S,V/S,V/S,V/S,V/S,V/S,V/S,V/S,V,V/S,N,N,V,V,V/S,V/S,V/S,V/S,V/S,N,N,V,V/S,V/S,N,V,N,V/S,V/S,V,V,V,V/S,N,V/S,V/S,V/S,V,V,V,N,V/S,V/S,V/S,V/S,V/S,N,V/S,V/S,V/S,V/S,N,V/S,V,V/S,V/S,V/S,V/S,V/S,V/S,V/S,V/S,V,V,V,N,V/S,V/S,V/S,V/S,N,V,N,N,V,V/S,V,V,V/S,V/S,V/S,N,V/S,V/S,V/S,V/S,V/S,N,V/S,V,N,N,V/S,V,N,N,V,N,V/S,V/S,V/S,V,V/S,V,V/S,V,V/S,V/S,V/S,V/S,V/S,V/S,N,V/S,V/S,N,V/S,V/S,V/S,N,V/S,V/S,V/S,V,N,N,N,V/S,V/S,V/S,V/S,V/S,N,V/S,V,V/S,V/S,N,V/S,N,V/S,N,N,N,V,V/S,V,N,N,N,N,V/S,V/S,V/S,N,V/S,V,V/S,V/S,N,V,V,N,V,V/S,V/S,N,V/S,V,V,V/S,V,V/S,N,V,V/S,N,N,V/S,N,N,V,V/S,V/S,V/S,V/S,N,V/S,V/S,N,V/S,N,V,V,V/S,N,V/S,V/S,V/S,V/S,V/S,V/S,V/S,V/S,N,V,V,N,V/S,V,V,V/S,V/S,V,V,V/S,V,V/S,V,V,V/S,N,V/S,V/S,V,V,V,V,V/S,V,V,V,V/S,V,V/S,V/S,V,N,N,V/S,V,V/S,V,N,V/S,V/S,V,N,V,V/S,V,V,N,V/S,V,V,V/S,N,V/S,N,V,V/S,V/S,V/S,V/S,V,N,N,V,V,V,V/S,V,V/S,V,V/S,V,N,V/S,V/S,V,V,N,V,N,N,V/S,V/S,V,N,N,N,V/S,V/S,V/S,V/S,V/S,V/S,V/S,V/S,V/S,V/S,V,V,V,V/S,N,V/S,V,V/S,V/S,N,N,V/S,V/S,N,V,V/S,N,V/S,V/S,V/S,N,V,V,V,N,V,V/S,V,V/S,V,V/S,V/S,V/S,V,V/S,V/S,V/S,V/S,V/S,V/S,N,V/S,V,N,N,V,V,V/S,V/S,V/S,V/S,V/S,V/S,N,V/S,V/S,N,V/S,N,N,V/S,V,V/S,V/S,V/S,BL01UK01GE031,UKGE031,775,25.83333333,2020,gb
R_22LI5xxSiNQYeJn,Female,University degree or equivalent,Left school at 18 with A-Levels or equivalent,50,40,10,Bini and Yoruba,German;50;,English;40;,Other;10;,100,0,0,NA,German,NA,10,7,NA,NA,I always (or almost always) speak German to my child,NA,NA,NA,NA,NA,NA,NA,Second,NA,2,6,Always (or almost always) English,5,V/S,V,V/S,V,V/S,V/S,V/S,V,V/S,N,N,V/S,V,V,V/S,V,V,N,N,N,N,N,N,V,V,N,N,V,V,V,V,N,V,N,N,N,N,N,N,N,N,N,N,N,N,N,N,V,V,N,V,V,V,N,N,N,N,V,V,N,N,V,N,V,V,V/S,V,V,V,V,V,V,N,V,N,N,N,N,N,V,V,V,V,V,V,N,N,V,V,V,V,V,V,V,V/S,V,V,N,V,N,V,V,N,V,V,V,V,N,V,V,V,V,V,N,V,V,N,V,V,N,N,V,N,V,N,V,V,N,V,V/S,N,V/S,V,V,V,V,V,V,V,V,V,V,N,V,V,N,N,V,N,V,V,V,N,V,V,V,V,N,N,V,V,N,V,N,V,V,N,N,N,N,N,V,V,V,V,N,N,N,N,V,N,N,V,V,V,N,N,V,N,V,N,N,N,N,N,N,N,N,V,N,N,N,N,V,N,N,V,V,V,N,N,V,V,N,N,N,V,N,V,V,N,N,V,V,N,N,N,N,N,V,N,N,V,V/S,N,N,V,N,V,V/S,N,N,V/S,N,V,V,N,V,V/S,V,V/S,V,V/S,V/S,V/S,V,V,V,N,V/S,V,V/S,V/S,V,V,V,V,N,N,N,V,N,V,V,V,N,N,N,N,N,N,V,V,V,V,N,V,V,N,N,N,N,V,V,N,N,V,V,N,N,V,V,N,N,V,N,V,V,V,V/S,N,V,N,V,V,V,N,N,N,V,N,N,N,V,V,V,NA,NA,NA,NA,NA,NA,NA,NA,V,N,N,N,N,N,N,N,N,N,V,N,N,N,V,V/S,V,V,V,N,V,V,V,N,N,N,N,N,N,N,V,V,V,N,N,N,N,N,N,N,N,V,V,N,V,N,N,V,N,N,V,N,N,V/S,N,N,V/S,N,N,N,N,N,N,N,V,V,V,N,N,V,N,V,N,N,N,N,N,N,N,N,N,N,V,N,BL01UK01GE032,UKGE032,580,19.33333333,2020,gb
R_szfr9usGSOh2njX,Female,University degree or equivalent,University degree or equivalent,20,80,0,NA,German;20;,English;80;,,20,80,0,NA,Bilingual German and English,NA,10,10,1,French,I always (or almost always) speak English to my child,English,NA,2,10,NA,NA,I always (or almost always) speak German to my child,First,NA,1,NA,NA,2,N,V/S,N,V,V,V,V,V,V,V,V,V,V,V,V/S,V,V,V,N,N,V,V,N,V,V,V/S,V,N,N,V/S,V/S,N,N,V,V,N,N,N,N,N,V/S,V/S,N,N,V,N,N,N,N,N,N,N,N,N,N,N,N,N,N,N,N,N,N,N,N,N,V,V/S,N,N,N,V,N,V/S,V,N,V/S,N,N,N,N,N,N,N,N,N,V/S,N,N,N,N,N,N,V,N,N,N,N,N,N,N,N,N,N,N,N,N,N,N,N,N,N,N,N,N,N,N,N,N,N,N,N,N,N,N,N,N,N,N,N,N,N,N,N,N,N,N,V/S,N,N,N,N,N,N,N,N,N,N,V/S,V,N,N,N,N,N,N,N,N,N,N,N,N,V/S,N,V,N,V/S,N,N,V,N,N,N,N,N,N,N,N,V,N,N,V,N,N,N,N,N,N,N,N,N,N,N,N,N,N,N,N,N,N,N,N,N,N,N,N,N,N,N,N,N,N,N,N,N,N,N,N,N,N,N,N,N,V,N,N,N,N,N,N,N,N,N,V,N,V/S,V,N,V/S,V,N,N,N,N,N,N,N,V,V,N,N,N,V,V,N,N,N,N,N,V,N,N,V,N,N,N,N,N,N,N,N,N,V/S,N,N,N,N,N,N,N,N,N,N,N,N,N,V,V/S,N,N,N,N,N,N,V/S,N,N,N,N,N,V/S,N,N,V/S,N,N,N,N,N,N,N,N,N,N,N,N,N,N,N,N,N,N,N,N,N,N,V/S,N,N,N,N,N,N,N,N,N,N,N,N,N,N,N,N,N,N,N,N,N,N,N,N,N,N,N,N,N,N,N,N,N,N,N,N,N,N,N,N,N,N,N,N,N,N,N,N,N,N,N,N,N,N,N,N,N,N,N,N,N,N,N,N,N,N,N,N,N,N,N,N,N,N,N,N,N,N,N,N,N,N,N,N,N,N,N,N,N,N,N,BL01UK01GE033,UKGE033,576,19.2,2020,gb
R_bkBj5HcV7CmYoRX,Female,Left school at 18 with A-Levels or equivalent,University degree or equivalent,10,90,0,NA,German;10;,English;90;,,5,95,0,NA,German,NA,10,8,NA,NA,I always (or almost always) speak English to my child,English,NA,3,10,NA,NA,I always (or almost always) speak English to my child,Second,NA,2,NA,NA,5,V/S,V/S,V/S,V/S,V/S,V/S,V/S,V/S,V/S,V/S,V/S,V/S,V/S,V/S,V/S,V/S,V/S,V/S,V/S,V/S,V/S,V/S,N,V/S,V/S,V/S,V/S,V/S,V/S,V/S,V/S,V,V/S,V/S,V/S,V/S,V/S,V/S,V/S,V/S,V/S,V/S,V/S,V/S,V/S,N,V/S,V/S,V/S,V/S,V/S,V/S,V/S,V/S,V/S,V,V,V/S,V/S,V,V/S,V/S,V/S,V,N,V/S,V/S,V/S,V/S,V/S,V/S,V/S,V/S,V/S,V/S,V/S,V,N,V/S,V/S,V/S,V/S,V/S,V/S,V/S,V/S,V/S,V/S,V/S,V/S,V/S,V,V/S,V/S,V/S,V/S,V/S,V,V/S,V,V/S,V/S,V/S,V/S,V/S,V/S,V/S,V/S,V/S,V/S,V/S,V/S,V/S,V/S,V/S,V/S,N,V,V,V,V,V/S,V,V/S,N,N,N,V,V/S,V/S,V,V/S,N,N,V/S,V/S,V/S,V/S,V,V,N,V,V,V/S,V/S,N,N,N,N,V/S,V/S,V/S,V/S,V/S,V/S,V,V,V/S,V/S,V/S,V,V/S,V/S,V,V/S,V/S,N,V/S,V/S,V/S,V/S,V/S,V/S,V/S,V/S,V/S,V/S,V/S,V/S,V/S,V/S,V,V/S,V/S,V,V/S,V/S,V/S,N,V/S,V/S,V/S,V/S,V,V,V/S,V/S,V/S,N,V,V/S,V/S,V,V/S,V/S,V,V/S,V,V/S,V,V,V/S,V,V/S,V,V/S,V,V,V/S,V/S,V,V/S,V/S,V/S,V/S,V/S,V/S,V/S,V/S,V/S,N,V/S,V/S,V/S,V/S,N,V/S,V/S,V/S,V/S,N,V/S,V/S,V/S,V/S,V/S,V,V/S,V/S,V/S,V/S,V/S,V/S,V/S,V/S,V/S,V/S,V/S,V/S,V/S,V/S,V/S,V/S,V/S,V/S,V/S,V/S,N,V/S,V/S,V/S,V/S,V/S,V/S,V/S,V/S,V,V/S,V,V,V,V/S,V/S,V,V/S,V/S,V/S,V/S,V,V/S,V/S,V/S,V/S,V/S,V,V/S,V/S,V/S,V/S,N,V,V,V/S,V,V/S,V/S,V/S,V/S,V/S,V/S,V/S,V,V/S,V/S,V/S,V/S,V,V,V,V/S,V,V,V/S,V,V/S,V/S,V,V,V/S,V/S,V/S,V,V,N,V/S,V/S,V/S,V/S,V/S,V,N,N,V/S,V/S,V/S,V/S,V/S,V/S,V/S,V/S,V/S,V/S,V/S,V/S,V/S,V/S,V/S,N,V/S,V/S,V/S,N,N,V/S,V/S,V/S,V/S,V/S,V/S,N,V/S,V/S,V/S,V/S,V/S,V/S,V/S,V/S,V/S,V/S,V/S,V/S,V,V/S,V/S,V/S,V/S,V/S,V/S,V,V/S,V/S,V/S,V,V/S,V/S,V,V,V/S,V/S,V/S,V/S,V/S,V/S,V/S,N,V/S,V/S,V,V/S,V/S,V,N,V/S,N,V/S,V/S,V/S,BL01UK01GE034,UKGE034,1100,36.66666667,2020,gb
R_3CIq8pwQKCHXDyl,Female,University degree or equivalent,University degree or equivalent,40,60,0,NA,German;40;,English;60;,,50,50,0,NA,German,NA,10,10,NA,NA,I always (or almost always) speak German to my child,English,NA,8,10,5,Italian,I always (or almost always) speak English to my child,First,NA,1,NA,NA,0,N,N,N,N,V/S,V/S,V/S,V/S,V/S,V/S,N,N,N,N,N,N,V/S,V,N,V,N,V,V,V/S,V/S,N,V/S,N,N,V,V,V,V,V/S,V,N,N,N,V,N,V,N,N,V,V,N,V,V/S,N,N,V,V,N,N,N,N,N,V/S,V/S,N,N,V,N,V,V,V,V/S,V/S,V/S,V,V,V/S,V,V/S,V,V,V/S,V,N,V/S,V/S,V,V,V/S,V,V,V,N,N,V,N,N,V,V,V/S,N,V,N,V/S,V,V,V,N,V,V,V,V,N,V,V/S,V/S,V/S,N,N,V,V,N,V/S,V,N,N,V/S,N,V,N,V,N,N,V,V,N,V,N,V/S,V,V,V,V,N,N,N,N,N,V,N,N,N,V,N,V,V,V,N,V,V/S,N,V,V,V,V/S,V,N,V,N,V/S,N,V/S,N,N,V,N,N,N,V/S,V/S,N,N,N,N,N,N,V,V/S,N,V/S,N,N,V,N,V,V/S,N,N,N,N,V/S,N,V,N,N,N,N,N,V,V/S,N,N,N,N,N,N,N,N,N,N,V,N,V,N,V/S,N,N,V,V/S,N,N,N,N,V,V,N,N,N,V/S,N,N,V/S,N,V/S,V/S,N,N,N,V,V,V/S,N,V/S,V/S,V,V/S,V,V/S,V,V/S,N,V,V,V,V/S,V/S,V/S,V/S,V,V,V,V,N,N,N,N,V,V,V,N,N,N,N,N,N,N,N,N,N,V/S,N,N,N,N,V,N,N,V,V,N,N,V,N,N,V/S,N,V,V,N,N,N,N,N,V/S,V,N,N,N,N,V,V,N,N,N,N,V,N,N,N,V,N,NA,NA,NA,V,NA,NA,NA,NA,V/S,N,N,N,N,N,V,N,N,N,N,N,V/S,N,V/S,V,N,V/S,V,N,V/S,V,V,N,N,N,V,V,V,V,V,V,V,V,N,N,N,V,V,N,N,N,N,N,V,V,N,V,N,N,N,N,N,N,V,N,V/S,N,N,N,V,V,N,N,V/S,V/S,V/S,V/S,V,V,V/S,V,V,V,V,N,N,N,N,V,N,V/S,N,N,BL01UK01GE035,UKGE035,381,12.7,2020,gb
R_6rndFtal4EPurSN,Female,University degree or equivalent,University degree or equivalent,40,60,0,NA,German;40;,English;60;,,60,40,0,NA,German,NA,10,9,7,Italian,I regularly speak both German and English to my child,English,NA,NA,10,NA,NA,I always (or almost always) speak English to my child,Second,NA,2,NA,NA,NA,V/S,V/S,V/S,N,N,V/S,N,V/S,N,N,N,V/S,V,V,V,V/S,V/S,N,V/S,N,V/S,N,N,V/S,N,N,V/S,N,N,V/S,V/S,N,N,V/S,V/S,V,N,N,V,V,V,V,V/S,N,N,N,V/S,V,N,V/S,V/S,V/S,V,N,V,V,N,V/S,V/S,N,V/S,V,N,V,V/S,V/S,V,V/S,V/S,V/S,V/S,V/S,N,V/S,V/S,N,N,N,N,V,V/S,V/S,N,V/S,N,N,N,V/S,N,N,N,N,V,N,V/S,V,V,N,V/S,V,V/S,V/S,N,V/S,N,V/S,V/S,N,V,V,V,V,V,N,V,N,N,V/S,V/S,N,N,V/S,N,V,N,V/S,V/S,N,V,V/S,N,V/S,N,V/S,V,V,V,V,N,N,V,N,N,V,V,N,N,N,N,N,V,V,V,V,V,V,N,N,V/S,V/S,V,V,V/S,N,V/S,N,N,N,V/S,N,N,V/S,N,N,V,N,V/S,N,N,V/S,N,V,V/S,N,N,N,N,V,N,V,V,V/S,V,N,N,N,N,V,N,N,V,N,N,V/S,V/S,V,V,N,V/S,V,N,V,V,N,N,N,V,V,V/S,V/S,V,N,V/S,V/S,N,N,V,V,N,V/S,N,N,V,V/S,N,N,N,N,N,V/S,N,N,N,N,N,V/S,N,V/S,V/S,V,V,V/S,V/S,V/S,V/S,V,V,N,N,V/S,V/S,V,V/S,V,V,N,V,N,V,V,V,N,N,V/S,N,V/S,N,N,N,N,V,N,V,N,V,V,V,V,N,V,V,V,V,V,N,V,N,V,N,N,V/S,V,V,V,V,V,V,V,V,V/S,N,N,V/S,N,V/S,V,V,N,V,V,V,N,V/S,N,V,V,V,V,NA,NA,NA,NA,NA,NA,V/S,N,N,N,N,N,N,N,N,N,N,N,N,N,N,N,N,N,V,N,N,N,V/S,N,N,N,N,N,N,N,N,N,N,N,N,N,N,N,N,N,N,N,N,N,N,N,N,N,N,N,N,V,N,N,N,N,N,N,N,N,V/S,V/S,N,N,V,V,V,V,N,N,V,N,N,V/S,N,V/S,N,N,N,N,N,V/S,V,N,BL01UK01GE036,UKGE036,946,31.53333333,2020,gb
R_3kFnXeoqWxTJHgX,Male,University degree or equivalent,University degree or equivalent,40,60,0,NA,German;40;,English;60;,,40,60,0,NA,German,NA,10,9,7,French,I regularly speak both German and English to my child,Other(s),Romanian,1,9,10,Romanian,I always (or almost always) speak English to my child,First,NA,1,21,Always (or almost always) English,6,V,V,V,V,V/S,V/S,V/S,V/S,N,V,V/S,V/S,V/S,V/S,V/S,V/S,V/S,V/S,V/S,V/S,V/S,V/S,N,V/S,V/S,V/S,V/S,N,N,V/S,V/S,V,V/S,V/S,V/S,V/S,V/S,V,V/S,V/S,V/S,V/S,V,V,V/S,N,V/S,V/S,V,V/S,N,V/S,V,V,V/S,V/S,N,V/S,V/S,N,V/S,N,V,V,N,V/S,V/S,V/S,V/S,V/S,V/S,V/S,V,V,V/S,N,V,N,V/S,V/S,V/S,V/S,V/S,V/S,V,V,V/S,V/S,N,V,N,N,V/S,N,V/S,V/S,V/S,V,V,V,V/S,V/S,N,V/S,V,V/S,V/S,V/S,V,V,V/S,V/S,V/S,V/S,V,V,V,V/S,V,V,N,N,N,N,N,V,V,N,V,V/S,N,V/S,V/S,V,V/S,V,V/S,V,V,N,V,V,N,V,V,N,N,V,V,V,V,V,N,V,V,N,V,V,V/S,V/S,V,V/S,V,N,V/S,N,N,V/S,V/S,N,N,V,N,V,V,N,N,V,V,V/S,V,V,V,N,V,V,V,V,N,V,V,V,N,N,N,V,V,V,N,N,V,V,V,V,V,N,V,V,V,V,V,V,V,N,N,V/S,V/S,N,V,V,V,V,V,V/S,N,N,V/S,N,V,V,N,N,V,V/S,V/S,N,V/S,V,N,V/S,N,N,N,N,V,V/S,N,V,V,V/S,V,V/S,V/S,V/S,V/S,V,V,N,N,V/S,V,V,V/S,V,V,V,V,V,V,N,V,V,N,V,V,N,N,N,N,V,N,V,N,V,N,V,V,N,N,V,N,N,N,V,N,V,V,N,N,V,N,N,N,V,N,V,N,V/S,N,V/S,V,N,V,V,V,N,N,N,V,N,N,V,V,N,V/S,V,N,V,N,V,N,N,V,N,V,N,N,N,V,V,N,N,N,N,V,V,V,V,V,V,V,V,N,N,V,V,V,N,V,N,V,N,N,N,V/S,V,V,V,V,N,N,V/S,N,N,V,V,V,N,V,V,V,V,V,V/S,V/S,V,V,V,V,N,V,N,V,N,V/S,V,N,N,V,V,V,V,N,V,V,V,N,V,V,N,V,N,N,N,N,V,N,N,BL01UK01GE037,UKGE037,825,27.5,2020,gb
R_vV0QEUTSXJXOQXn,Female,University degree or equivalent,University degree or equivalent,25,75,0,NA,German;25;,English;75;,,40,60,0,NA,German,NA,10,9,0,NA,I always (or almost always) speak German to my child,English,NA,5,10,NA,NA,I always (or almost always) speak English to my child,First,NA,1,8,Always (or almost always) English,1,V/S,V,V/S,V/S,V,V/S,V/S,V/S,V/S,V/S,V,V/S,V/S,V/S,V/S,V/S,V/S,V/S,V/S,V/S,V/S,V/S,V,V/S,V/S,V,V/S,V,V,V/S,V/S,V,V/S,V/S,V/S,V/S,N,V/S,V/S,V/S,V/S,V/S,V/S,V/S,V/S,N,V/S,V/S,V/S,V,V/S,V/S,V/S,V,V/S,V,V/S,V/S,V/S,N,V,V/S,V,V/S,V/S,V/S,V/S,V/S,V/S,V/S,V/S,V/S,V/S,V/S,V,V,V/S,V/S,V/S,V/S,V/S,V/S,V,V/S,V/S,V/S,V/S,V,N,N,V/S,N,V/S,V/S,V/S,V/S,V/S,V,V/S,V,V/S,V/S,V,V/S,V,V/S,V/S,V/S,V/S,V/S,V/S,V/S,V,V,V,V/S,N,V/S,V/S,V/S,V,V/S,V/S,V/S,N,N,N,V,V/S,V/S,V/S,V/S,V/S,V/S,V/S,V/S,V/S,V/S,N,N,N,N,N,V/S,V,N,N,V,N,V/S,V/S,V/S,V/S,V/S,V/S,V,V,V/S,V/S,V/S,V/S,V,V/S,N,V/S,V/S,N,V/S,V/S,V,V/S,V/S,N,V/S,N,V,N,N,V/S,V/S,V/S,N,V/S,V/S,V,V,V/S,V,N,V/S,V/S,V/S,N,N,N,V/S,V/S,V/S,N,V/S,V/S,V,V/S,V/S,V/S,N,V,V,V,V,N,N,V/S,V/S,V,V/S,V,V,V/S,V/S,V,V,V/S,V/S,V,N,N,V/S,N,V/S,N,N,N,V/S,V,V,V/S,N,V/S,V/S,N,N,V/S,N,V/S,V/S,N,V/S,V/S,V/S,V/S,V/S,V/S,V/S,V/S,N,V,V/S,V/S,V/S,V,V/S,V/S,V,N,V,V/S,N,V/S,V,V,V/S,N,V/S,V,V,N,V,N,V,V/S,V,V,V,V/S,V,V/S,V/S,N,V,V,N,V/S,V/S,V,V/S,V/S,V/S,V/S,V/S,V/S,V,V/S,V,N,V/S,V/S,V/S,N,V/S,V/S,N,V,V,V,V/S,V,N,N,V/S,V/S,N,V/S,V,V/S,V,V,V,V,V,V,N,V/S,N,V/S,N,N,V/S,V/S,V,N,N,N,V/S,V/S,V/S,V/S,N,V/S,V,V/S,V/S,V/S,N,V,V/S,V/S,N,V/S,N,V/S,N,N,N,V,V/S,V,V/S,V,N,N,V/S,V/S,N,N,V/S,N,N,V/S,N,V,V,V/S,V,V/S,V,V,V/S,V/S,N,V/S,V,V/S,N,V/S,V/S,V,V,V/S,N,V/S,V,V,V,V/S,V/S,N,V/S,V,V/S,V,V,N,V/S,N,V/S,V/S,V,BL01UK01GE038,UKGE038,800,26.66666667,2020,gb
R_BLDcDgHcBFI2XQt,Male,University degree or equivalent,Left school at 16 with GCSE or equivalent,40,60,0,NA,German;40;,English;60;,,40,60,0,NA,German,NA,10,9,NA,NA,I always (or almost always) speak German to my child,English,NA,1,10,10,NA,I always (or almost always) speak English to my child,First,NA,1,3,Always (or almost always) English,1,V,V,V,V,V/S,V/S,V,V/S,V,V,V,V,V,V/S,V/S,V,V/S,V,V,V/S,V/S,V,N,V,V,V,V/S,N,N,V/S,V/S,N,V,V/S,V,V,V,N,V,V,V,V/S,V/S,V/S,V/S,N,V,V/S,V,V/S,N,V/S,V/S,V/S,V/S,V/S,V/S,V,V,N,V,N,V,V,V,V,V,V/S,V/S,V/S,V/S,V/S,V,V/S,V/S,N,N,V,V/S,V/S,V/S,V/S,V/S,V/S,V,N,V,V/S,V,V/S,V/S,V,V,V/S,V/S,V/S,V,N,V,N,V,V/S,N,V/S,V,V,V/S,V,V/S,V,V,V,V,V,N,N,N,N,V/S,V,N,N,N,V/S,N,N,V/S,N,V/S,V/S,N,V/S,V,V,V,V/S,V/S,V/S,V/S,V/S,N,N,N,V,V,N,N,V,N,V/S,V/S,V,V,V,V,N,V,V/S,V,V/S,V,V,V/S,V,V/S,V,N,N,V,V/S,V/S,V/S,V,N,V,V,N,V,V,V,N,N,V/S,V,V,N,V,N,N,V,V/S,V/S,V,N,N,V/S,V,V,N,N,V/S,V,V/S,V/S,V/S,N,V/S,V/S,V,V,V,V/S,V,V/S,V/S,V,N,V,V/S,V/S,V,V,V,V/S,V,V/S,V,V,V/S,V,N,N,V/S,V/S,V/S,N,V/S,V/S,V/S,V/S,V,V/S,V,V/S,V,V/S,N,V/S,V/S,V,V,V/S,V/S,V,V/S,V,V,V,V,V,V,V,V/S,V/S,V,V,V,N,V,N,V,V,N,V/S,V/S,V/S,V,V,N,V,N,V,V/S,V/S,V,V,V,V,N,V,V,N,V/S,V/S,N,V,V,V/S,V,V,V,V,V,N,V,V,V,V,V,V/S,V/S,N,V/S,V,V,V/S,V,V,V,V,V,N,V/S,N,V/S,V,V,N,N,V,N,V,V,N,V,V,N,V/S,V/S,N,N,N,N,V,V/S,V/S,V,N,V/S,V,V,V/S,V/S,V/S,V,V/S,V,V,V/S,N,V,V,N,V,V/S,V/S,V,V,N,N,N,V,N,V,N,V,V,N,V,V,V,V,N,V/S,V,V,V,V,V,N,V,V,V,N,V/S,V/S,V,V,V,V/S,V,V,V,V,V,V,N,V/S,N,V,V,V,N,V,N,V,V/S,N,BL01UK01GE039,UKGE039,1098,36.6,2020,gb
R_9tplGPgxPfcH7Hz,Female,University degree or equivalent,University degree or equivalent,20,80,0,NA,German;20;,English;80;,,30,70,0,NA,German,NA,10,10,NA,NA,I regularly speak both German and English to my child,English,NA,4,10,NA,NA,I always (or almost always) speak English to my child,Second,NA,2,NA,NA,4,N,V/S,V/S,N,N,V/S,V/S,V,V/S,N,N,V/S,N,V/S,V,N,V,V,V,N,V,V,N,N,N,V,V,N,N,V/S,V/S,V,N,N,V,N,N,N,V,N,V,V,N,N,N,N,V,V,N,N,V,N,N,N,N,N,N,V/S,V/S,N,N,N,N,N,N,V/S,N,V/S,N,N,V/S,V/S,N,N,N,N,N,N,N,V,V,V,N,V/S,N,N,N,N,N,N,N,N,N,N,V,V,V,N,V,N,V,V,N,V,N,V,V,N,V,V,V/S,V,N,N,V,V,N,N,N,N,N,N,N,V,N,N,N,N,N,V,N,N,N,V/S,N,N,V,N,N,N,N,N,N,N,N,N,N,N,N,N,V,V,N,N,N,N,N,N,N,V,N,V,V,N,N,N,N,N,N,N,N,V,V,N,V,N,N,N,N,N,N,N,N,N,N,N,N,N,N,N,N,V,N,N,N,N,N,N,N,N,V,N,N,N,V,N,V,V,N,N,N,N,N,N,N,N,N,V,N,N,N,N,N,V/S,N,N,N,N,N,N,N,N,N,N,N,N,V/S,V/S,N,N,N,N,N,N,N,V,N,V,V,V,N,V,V/S,V/S,N,N,V,V,N,V/S,V,V/S,V/S,V,N,N,N,N,N,N,N,N,N,V,N,N,N,V,N,V,N,V,V,V,V,V,N,N,N,N,V,N,V,V,N,V,V,N,N,N,N,N,V,N,N,N,N,N,V,V,N,N,N,N,V,V,N,N,N,V,N,N,V,N,N,N,NA,NA,NA,NA,NA,NA,NA,NA,N,N,N,N,N,V,N,N,N,N,N,N,V,N,N,V,V,V,V,N,N,V,V,N,N,N,N,N,N,N,N,N,N,N,N,N,N,V,N,N,N,N,N,N,N,N,N,N,V,N,N,N,N,N,N,N,N,N,N,N,N,N,N,N,V,N,V/S,N,N,N,N,N,N,N,N,N,N,N,N,N,N,V/S,V/S,N,BL01UK01GE040,UKGE040,539,17.96666667,2020,gb
R_3LioqFn7geC5rqE,Male,University degree or equivalent,University degree or equivalent,40,60,0,NA,German;40;,English;60;,,40,60,0,NA,German,NA,10,8,NA,NA,I regularly speak both German and English to my child,English,NA,3,10,0,NA,I always (or almost always) speak English to my child,Second,NA,2,NA,NA,2,V,N,V,N,N,V,N,N,V,V,V,V,N,V,N,N,V,N,N,N,V,V,N,V,N,N,V,N,N,V,N,N,V,V,V,V,N,N,N,N,V,V,N,V,V,N,V,V,V,N,V/S,V,V,V,V,V,V,V,V,N,V,V,V,N,V,V/S,V,V,V,V,V/S,V,N,V,V,N,N,N,V,V,V,V,N,V,N,N,N,V,N,N,N,N,N,N,V,V,V,N,V,N,V,V,N,V,V,V,V,V,V,V,V,V,V,N,V,V,N,V,V,N,V,V,V,V,N,V,V,N,V,V,N,V,N,N,V,V,V,V,V,V,V,N,N,V,V,N,N,V,N,V,V,V,N,V,V,N,N,N,V,V,V,N,V,N,V,V,N,N,V,N,N,V,V,N,V,N,N,N,V,V,V,N,V,N,N,N,N,V,N,V,V,V,N,N,N,V,V,V,N,N,V,N,V,V,V,V,N,V,V,N,N,V,V,N,V,V,V,V,V,V,V,N,V,V,N,V,V,N,V,V,N,N,V,V/S,V,N,V/S,N,V/S,V,N,V,V,N,N,V,N,V,V,V,N,N,V,N,V,N,V,N,N,V,NA,V,V,V,V,V,V,V,V,N,V,V,N,V,V,V,N,N,N,N,V,V,V,N,N,N,V,V,N,V,V,N,V,N,N,N,V,V,N,N,V,V,V,N,V,V,N,V,V,V,V,V,N,V,V,V,V,N,N,V,N,N,V,N,V,V,NA,NA,NA,NA,NA,NA,V,NA,N,N,N,V,V,N,N,N,N,N,V,N,N,N,V,V,V,N,V,N,V,V,V,N,N,N,V,N,N,N,V,V,N,V,N,N,N,V,V,N,V,N,N,N,V,N,N,N,N,V,V,N,N,N,V,N,V,N,V,N,V,V,N,N,N,N,V/S,N,N,V,N,V,N,N,N,V,N,N,N,V,N,V,V,N,BL01UK01GE041,UKGE041,1086,36.2,2020,gb
R_Qn2jHGjr9gWDgt3,Male,Left school at 18 with A-Levels or equivalent,Left school at 16 with GCSE or equivalent,30,70,0,NA,German;30;,English;70;,,50,50,0,NA,German,NA,10,9,NA,NA,I always (or almost always) speak German to my child,English,NA,NA,9,10,NA,I always (or almost always) speak English to my child,Second,NA,2,28,Always (or almost always) English,0,V,V/S,V/S,N,V/S,V/S,V/S,V/S,V/S,V/S,V/S,V/S,V,V,V,V,V,V,N,N,V/S,N,N,N,N,N,V,N,N,V,V,N,V,V,V,V,N,N,V,N,V,N,N,N,V/S,N,V,V/S,V,V,V/S,V/S,V,V,V,V,V,V/S,V,V,V,V,V,V,V,V/S,V/S,V/S,V/S,V/S,V,V/S,V,V,V/S,V,V,V,V,V,V,V,V,V/S,V,V/S,V/S,V/S,V/S,V/S,V/S,V,V/S,V/S,V/S,V/S,V,N,V,N,V,V/S,V,V,V,V,V/S,V,V,V,V,V,V,V,V,V,V,V,V,V,V,N,N,V,N,V,V,V,V,V/S,N,V/S,V,V,N,V,V/S,N,N,N,N,N,N,V,V,N,N,N,N,V,V,V,N,V,V,V,V,N,V,V,V,V,V/S,N,V/S,V,V,V,V,V/S,N,V,V,V,V,V,V,N,V/S,V,V,V,V/S,N,V,V,V,V,N,V,V,V,V,N,N,V,V,V,V,N,V,V,V,V,V,V,V,V,V,N,V,N,V,V,V,V,V,V,V/S,V,V,V,V,V/S,V,V/S,V,V,V,V,N,V,V,V/S,V,V,V/S,V/S,V/S,V/S,V,V/S,V,V/S,N,V,N,V/S,V/S,V,N,V,V/S,V/S,V/S,N,N,N,N,V/S,V,V/S,V/S,V,V,V,V,V,V,N,V,V,N,V,V,N,N,N,N,N,N,V,V,V,N,V,N,V,N,V,N,N,V,V,N,N,N,N,N,N,V,N,V,V,V,V,N,V,N,V,N,N,V,N,V,V,V,N,N,V,N,V,V,N,V,V,NA,NA,NA,NA,NA,NA,V,NA,V/S,N,N,V,V,N,N,N,N,N,N,N,N,N,V,N,V,V,N,N,V,V,V,N,N,N,N,N,N,N,V,V,N,N,V,N,N,V,N,N,N,N,N,N,V,N,N,N,N,N,V,V,N,N,V,N,V,N,N,N,N,V,N,N,V,V,V,V,V,V,V,V,N,V,V,V,V,V,N,V,N,V,V,V,BL01UK01GE042,UKGE042,1115,37.16666667,2020,gb
R_1pE6YUnUs3xNvGJ,Female,University degree or equivalent,University degree or equivalent,40,60,0,NA,German;40;,English;60;,,100,0,0,NA,German,NA,10,8,1,French,I always (or almost always) speak German to my child,German,NA,10,8,3,Spanish,I always (or almost always) speak German to my child,Second,NA,2,8,Always (or almost always) English,3,V/S,V/S,V,V/S,V/S,V/S,V/S,V/S,V/S,V/S,V/S,V/S,V/S,V,V,V/S,V/S,V/S,V,V,V/S,V/S,V,V/S,V/S,V/S,V/S,N,V,V/S,V/S,N,V/S,V/S,V/S,V,V/S,V,V/S,V,V/S,V/S,V/S,V,V/S,N,V/S,V/S,V/S,V/S,N,V/S,V/S,V,V/S,V,V,V/S,V/S,N,V,V/S,V,V,V,V/S,V/S,V/S,V,V/S,V,V/S,V,V/S,V/S,V,N,N,V,V/S,V/S,V/S,N,V/S,V,V,V,V/S,V,V/S,V,N,N,N,V/S,V/S,V/S,N,V/S,V,V,V/S,V,V/S,V,V/S,V/S,V,V/S,V/S,V/S,V/S,V,V,N,V,N,V/S,V/S,N,N,V,N,V/S,N,V,V,V,V,V/S,N,V/S,V,V/S,V,V,V/S,N,V,N,N,N,N,V,V,N,N,V,V,N,V/S,V/S,V,V,V/S,V,V,V/S,V/S,V/S,V/S,V,V,N,V/S,V,N,N,V/S,N,V/S,V,V/S,V,V/S,V,V,V,V/S,V,V,V,V/S,N,V,V/S,V,N,N,V/S,V/S,V,V,N,V,V/S,N,V,N,N,V/S,V,V,V/S,V/S,N,V/S,V,V,N,V,V/S,V/S,V/S,V,V,V,V,V,V,V,V/S,V,V/S,N,N,V/S,V,V,V/S,N,N,V,V/S,V/S,V/S,V/S,V/S,V/S,V/S,N,V/S,V/S,V/S,V/S,V/S,N,V/S,V/S,V/S,V/S,V/S,V/S,V/S,V/S,N,V,V,V,V/S,V,V/S,V/S,V/S,V,V,V,V,V/S,V,V,V,V,V/S,V/S,V/S,N,V,V,V,N,V/S,V/S,V/S,V,V/S,V/S,V,N,V,V,V,V/S,V/S,N,V/S,V,V,V,V/S,V/S,N,V,V,V,V,V,V,V/S,V/S,N,N,V/S,V,V,V/S,V/S,V,V,V/S,V/S,V,V/S,N,V,V,V,V,N,V,V,N,V,N,V/S,V,N,V/S,V,N,V,N,N,V/S,V/S,V,V/S,V,V/S,N,V,V/S,V,V,V/S,V/S,V/S,N,V/S,N,V,N,N,V,V,V,V/S,N,V,N,N,V/S,N,V,V,V/S,V,N,V,V,N,V,V,V/S,V/S,V/S,V/S,V/S,V,N,V,V,V/S,N,V/S,V/S,V,V,V,V/S,V/S,V,V,V/S,V,V,V,V/S,V,V,N,N,N,N,N,V,V,V,BL01UK01GE044,UKGE044,835,27.83333333,2020,gb
R_2amlx0TMPpCq6a7,Female,University degree or equivalent,University degree or equivalent,15,80,5,Norwegian,German;15;,English;80;,Norwegian;5;,20,80,0,NA,English,NA,6,10,NA,NA,I always (or almost always) speak English to my child,German,NA,10,9,NA,NA,I regularly speak both German and English to my child,First,NA,1,NA,NA,6,N,N,N,V,N,V/S,N,V/S,N,N,N,N,V,V,V,V,V,V/S,V,V,V/S,V,V,V,V,V,V,N,N,V/S,V/S,N,V/S,V,V,V,V,N,V,N,V,V,N,N,V,N,V/S,V/S,N,N,N,V/S,V,N,N,N,N,V/S,V/S,N,N,N,N,N,N,V/S,V,V,V,V/S,V,N,N,N,V/S,N,N,N,N,N,N,N,N,V,N,N,V,V/S,N,N,V,N,N,V,V,V/S,N,N,N,N,N,V/S,V,N,N,N,V/S,N,V,N,N,V,N,N,N,N,N,N,N,V,N,N,N,N,N,N,N,N,N,V/S,N,V,N,V,N,N,V,N,N,N,N,N,N,N,N,N,N,N,N,V/S,N,N,N,N,N,N,N,N,V/S,V,N,N,V,N,V/S,N,N,N,V/S,V/S,V/S,V,N,N,N,N,N,N,V,N,N,N,V/S,V/S,N,N,N,N,N,N,N,N,N,N,N,V,N,N,N,N,N,N,N,N,N,N,N,N,N,N,N,N,N,N,N,N,N,N,N,N,N,N,V,V/S,N,V/S,N,N,N,N,N,N,N,V/S,V/S,N,V/S,V/S,N,V/S,V,N,N,V/S,N,N,N,V/S,V/S,V,N,V/S,V/S,V/S,N,N,N,N,N,N,NA,NA,V/S,N,N,N,N,N,V,N,N,N,N,N,V,N,N,N,N,N,N,N,N,N,N,N,N,N,N,N,V,N,N,V,N,N,V/S,N,N,N,N,N,N,N,N,N,N,N,N,V,N,N,V,N,N,N,N,N,N,N,N,N,V,N,V,N,NA,NA,NA,NA,NA,NA,NA,NA,V,N,N,V,V,V,V,N,N,V,V,V,V/S,N,V,V,V,V,V,N,V,V,V/S,N,V,N,N,N,N,N,N,V,V,V,V,N,N,N,N,N,N,V,N,N,V,N,N,N,N,N,N,N,N,N,N,N,N,N,N,N,N,N,N,N,N,N,N,N,N,N,N,N,N,N,N,N,N,N,N,N,N,N,N,N,BL01UK01GE045,UKGE045,875,29.16666667,2020,gb
R_vCarS2JkyfOdiMN,Male,University degree or equivalent,University degree or equivalent,25,75,0,NA,German;25;,English;75;,,50,50,0,NA,German,NA,10,9,3,Spanish,I always (or almost always) speak German to my child,English,NA,NA,10,NA,NA,I always (or almost always) speak English to my child,Second,NA,2,10,Always (or almost always) English,NA,V/S,V/S,V/S,V/S,V/S,V/S,V/S,V/S,V/S,V/S,V/S,V/S,V/S,V/S,V/S,V,V/S,V/S,V/S,V/S,V/S,V/S,V,V/S,V/S,V/S,V/S,N,N,V/S,V/S,V,V/S,V/S,V/S,V/S,V/S,N,V/S,V/S,V/S,V/S,V/S,V,V/S,N,V,V/S,V/S,V/S,V/S,V/S,V/S,V/S,V,V,V/S,V,V/S,N,V/S,N,V,V,V,V/S,V/S,V/S,V/S,V/S,V/S,V/S,V/S,V/S,V/S,V/S,V/S,V/S,V/S,V,V,V/S,N,V/S,V/S,V,V/S,V/S,V/S,V/S,N,N,V/S,V/S,V/S,V/S,V/S,V,V/S,V,V/S,V/S,N,V/S,N,V/S,V/S,V/S,V/S,V,V/S,V/S,V/S,V/S,V,N,N,V/S,V/S,V/S,N,N,N,V/S,N,V/S,V/S,V,V,V/S,V/S,V/S,V/S,V/S,V/S,V,V/S,V,V/S,V,V,V,V,V/S,V,N,N,V,V,V/S,V/S,V/S,V,V/S,V,V,V,V/S,V/S,V/S,V/S,V,V/S,N,V/S,V,V,V,V/S,N,V,V/S,V,V,V,N,V,V,V,V/S,V/S,V,V/S,V,V,V,V/S,V/S,N,V,V,V/S,N,N,N,V/S,V/S,V/S,N,N,V/S,N,N,V/S,V/S,N,V/S,V/S,V,N,N,N,V,V,V,V,V,V,V/S,V/S,V,V,V/S,V/S,V/S,V,V,V,V/S,V/S,N,N,V/S,V/S,V,N,V/S,N,V/S,N,N,V,N,V,N,V/S,N,V/S,V/S,V/S,V/S,V/S,V/S,V/S,V/S,V/S,V/S,V,V,V/S,V,V/S,V/S,V,N,V,V,V,V/S,V,V/S,V/S,V,V/S,V/S,V/S,V,V,V,V/S,V/S,V/S,V/S,V/S,V/S,V,V/S,V,V,V,V/S,V,V/S,V/S,N,V/S,V,V,V/S,V/S,V/S,V,V,V,V,V,N,V,V,V/S,V,N,V,V,V,V/S,V,V,V,V/S,V,V,V/S,V,V/S,V/S,V,V,N,V,V,V,V,N,V/S,N,N,V/S,V,V,N,N,N,V/S,V,V/S,V/S,N,V/S,V,V/S,V,V/S,V,V,V,V/S,N,V/S,N,V,N,N,N,V/S,V/S,V,V,V/S,N,N,V,N,N,V/S,V/S,N,N,V/S,N,N,N,N,N,N,N,N,V,V/S,N,V,V,N,N,V/S,V/S,V/S,N,V,V,V/S,V,V,V,V,V,V,V/S,N,V,N,N,N,V/S,N,V/S,V/S,N,BL01UK01GE046,UKGE046,983,32.76666667,2020,gb
R_3nwToL04CM4ERwU,Female,University degree or equivalent,University degree or equivalent,60,40,0,NA,German;60;,English;40;,,70,30,0,NA,German,NA,8,10,NA,NA,I always (or almost always) speak German to my child,English,NA,0,10,NA,NA,I always (or almost always) speak English to my child,Second,NA,2,NA,NA,NA,V/S,V/S,V/S,V/S,V/S,V/S,V/S,V/S,V/S,V/S,N,V/S,V/S,V/S,V/S,V/S,V/S,V/S,V/S,V/S,V/S,V/S,V/S,V/S,V/S,N,V/S,V/S,V/S,V/S,V/S,N,V/S,V/S,V/S,V/S,V/S,N,V/S,V/S,V/S,V/S,V/S,V,V/S,N,V/S,V/S,V/S,V/S,V/S,V/S,V/S,V/S,V/S,V,V,V/S,V/S,V/S,V/S,V/S,V/S,V/S,V,V/S,V/S,V/S,V/S,V/S,V/S,V/S,N,V/S,V/S,N,N,N,V/S,V/S,V/S,V/S,V/S,V/S,V/S,V/S,V/S,V/S,V/S,V/S,V/S,V/S,V/S,V/S,V/S,V/S,V/S,N,V/S,V/S,V/S,V/S,V/S,V/S,V/S,V/S,V/S,V/S,V/S,V/S,V/S,V/S,V/S,V/S,V/S,V/S,V/S,V/S,N,N,V/S,V/S,N,V/S,V,V/S,V/S,N,V/S,V/S,N,V/S,V/S,V/S,V/S,V/S,V/S,V/S,V/S,V/S,N,V,V,V/S,V,N,N,V/S,V,V/S,V/S,V/S,V/S,V/S,V/S,V/S,V/S,V/S,V/S,V/S,V,N,V,V,V/S,V/S,N,V,V/S,V/S,V/S,V/S,V/S,N,V/S,V/S,V/S,V/S,V/S,V/S,V/S,N,V/S,N,V,V/S,V/S,V/S,N,V/S,V/S,V/S,V/S,N,N,N,N,V/S,V,N,V/S,N,V/S,V/S,V/S,V,V/S,N,V/S,V/S,V/S,V/S,V/S,N,V,V/S,V,V/S,V/S,V/S,V/S,V/S,V/S,V/S,V,V/S,N,N,N,V/S,N,N,N,V/S,V/S,V,V/S,N,V/S,V/S,N,V,N,N,V/S,V/S,N,V/S,V/S,V/S,V/S,V/S,V/S,V/S,V/S,V/S,V/S,V/S,V/S,V,V/S,V/S,V/S,V/S,V/S,V/S,V/S,V,V/S,N,V/S,V/S,V,N,V/S,N,N,V/S,V,V/S,V/S,V/S,V/S,V/S,V/S,V/S,V/S,V/S,N,V/S,V/S,N,V,V/S,V,N,V/S,V/S,V,N,V/S,V,V/S,N,V/S,V/S,N,V/S,V/S,V/S,V,N,V/S,N,V/S,V/S,V/S,N,V,V/S,V/S,N,V/S,V/S,V/S,V,V/S,V,N,V,N,N,N,N,V/S,N,V/S,V/S,V/S,N,N,N,V/S,V/S,V/S,V/S,V/S,N,N,V/S,V/S,V/S,V,V/S,V,V/S,V/S,V/S,V/S,N,V,N,V/S,N,V,V/S,V/S,V/S,V/S,N,N,V,N,N,V/S,N,V,N,V/S,V,N,V/S,N,N,N,V,N,N,V,N,V/S,N,V/S,V,N,V,V,V,V/S,N,V/S,N,V/S,V/S,V/S,V/S,V/S,V/S,V/S,V,V/S,N,N,V/S,N,V/S,V/S,V,BL01UK01GE047,UKGE047,1036,34.53333333,2020,gb
R_1ojOCXEOtJBE4Vo,Male,University degree or equivalent,Left school at 16 with GCSE or equivalent,20,80,0,NA,German;20;,English;80;,,20,80,0,NA,English,NA,8,10,NA,NA,I always (or almost always) speak English to my child,German,NA,10,9,NA,NA,I regularly speak both German and English to my child,First,NA,1,9,Always (or almost always) English,NA,N,V/S,N,N,N,N,N,N,N,V/S,N,V/S,N,N,N,N,V,N,N,N,V,N,N,N,N,N,N,N,N,N,N,N,N,V,N,V,N,N,N,N,N,N,N,N,V,N,N,N,N,V/S,V/S,V/S,N,N,N,N,N,N,N,N,N,N,N,N,N,V/S,V,V,N,V/S,N,V/S,N,N,V/S,N,N,N,N,N,N,N,N,N,N,N,V/S,V/S,N,N,V/S,N,N,V/S,N,N,N,N,N,N,N,V/S,N,N,N,N,V/S,N,N,N,N,N,N,N,N,N,N,N,N,V,N,N,N,N,N,N,N,N,N,V,V,V,N,N,V,V,V,N,N,N,N,N,N,N,N,N,N,N,N,V/S,N,N,N,N,N,N,N,N,N,N,N,N,N,N,N,N,N,N,N,V/S,V/S,N,N,N,N,N,N,V,N,N,N,N,N,V/S,N,N,N,N,N,N,N,N,N,N,N,V/S,N,N,N,N,N,N,N,N,N,N,N,N,N,N,N,N,N,N,N,N,N,N,V,N,N,N,N,N,N,N,N,N,N,N,N,N,N,V/S,N,N,V/S,N,V/S,V/S,N,N,N,N,N,V,N,V,V,V,N,V,V,V/S,V/S,N,N,N,N,V/S,N,N,V/S,N,V,N,N,N,N,N,N,N,N,N,N,N,N,N,N,N,N,N,N,N,N,N,V,N,N,N,N,N,N,N,N,N,N,N,N,N,N,N,N,N,N,N,N,N,N,V,N,N,N,N,N,N,N,N,N,N,N,N,N,N,N,N,N,N,N,N,N,N,N,N,N,N,N,N,N,N,N,N,N,N,N,N,N,N,N,N,N,V,N,N,N,V,N,N,N,N,N,N,N,N,N,N,N,N,N,N,N,N,N,N,N,N,N,N,N,N,N,N,N,N,N,N,N,N,N,N,N,N,N,N,V,N,N,N,N,N,N,N,N,N,N,N,N,N,N,N,N,N,N,N,N,N,N,N,BL01UK01GE048,UKGE048,871,29.03333333,2020,gb
R_2ZIYd5tX1pPy400,Male,University degree or equivalent,University degree or equivalent,30,70,0,NA,German;30;,English;70;,,60,40,0,NA,German,NA,10,9,NA,NA,I always (or almost always) speak German to my child,English,NA,4,10,NA,NA,I always (or almost always) speak English to my child,First,NA,1,12,Always (or almost always) English,1,N,V/S,N,V,V/S,V/S,N,V/S,V/S,V/S,N,V,N,V/S,N,N,V,V,N,V,V,V,N,N,N,N,V,N,N,V,V,N,V,N,N,N,N,N,V,N,N,V,V,N,N,N,V,V/S,V,V,N,V,N,N,V,N,N,V/S,V,V,V,N,V,V,V,V,V/S,V/S,V,N,N,N,V,N,V,N,N,V,N,V,N,N,N,V,V,N,N,N,N,N,N,N,V/S,V/S,V,V,V/S,N,V,N,V,V,N,V,N,N,V,V,V,V,V/S,N,N,V,N,N,N,V,N,N,N,N,N,V,N,V,N,V,V,V,N,V,N,V,V,V,V,V,N,N,N,V,N,V,N,N,N,N,N,N,N,N,N,V,V,N,N,N,V,V/S,N,N,N,N,N,N,N,N,V,V,N,N,V,N,V,N,N,N,N,N,V,N,V,N,N,N,N,N,N,V,N,V,N,N,N,N,N,N,N,N,N,N,V,V,V,N,N,N,N,N,N,N,N,V,N,N,V,N,N,V,N,N,V,V,N,N,N,N,N,N,N,N,N,V/S,N,N,V,N,V/S,N,N,N,N,N,V,V,N,N,N,V,V,V,V,V,V/S,N,V,N,N,V,N,N,V,V,N,N,N,N,N,N,V,N,N,V,N,N,N,N,N,N,V,V,V,V,V,N,V,N,N,N,N,N,V,N,N,V,V,N,N,V,V,V,V,N,N,N,V,N,V,N,N,N,N,N,N,V,N,N,N,V/S,N,N,V,N,V,N,V,N,N,N,N,N,N,N,V,N,N,V,N,N,N,N,N,N,N,N,N,N,V/S,N,N,V,N,N,N,V,N,N,N,N,N,N,N,N,N,N,N,N,N,N,N,N,N,N,N,V,N,N,V,N,N,N,N,N,N,N,N,N,N,N,V,N,V,N,N,N,N,N,N,V/S,V/S,N,N,N,V,N,N,N,N,N,N,N,N,N,N,N,N,N,BL01UK01GE049,UKGE049,460,15.33333333,2020,gb
R_3G3XsugDncW1G2T,Female,University degree or equivalent,Left school at 16 with GCSE or equivalent,30,70,0,NA,German;30;,English;70;,,40,60,0,NA,German,NA,10,9,NA,NA,I always (or almost always) speak German to my child,English,NA,3,10,NA,NA,I always (or almost always) speak English to my child,First,NA,1,24,Always (or almost always) English,0,N,N,N,N,N,V/S,N,V/S,V/S,V/S,N,V/S,V/S,V/S,V/S,V/S,V,V/S,V/S,V/S,V/S,V,V/S,V,V/S,V/S,V/S,V,V,V/S,V/S,N,V/S,V/S,V/S,V,V/S,N,V,V,V,V,V/S,N,V/S,N,V/S,V/S,V,V/S,V/S,V/S,V,N,V,N,N,V/S,V,N,N,N,N,N,V,V/S,V/S,V/S,V/S,N,V/S,V/S,V,V,V/S,N,N,N,V/S,V/S,V/S,V/S,N,V/S,V,N,V,V/S,V,N,N,N,N,N,V/S,V,V/S,N,V/S,N,V,V/S,V,V/S,N,V/S,V/S,V,V/S,V/S,V/S,V/S,V,V,N,N,N,V,V/S,N,N,N,N,N,N,V,N,N,N,V/S,N,V/S,N,N,V,V,V/S,N,N,N,N,N,N,V,N,N,N,N,N,V,N,V,V,V,N,N,N,N,V/S,V/S,V,N,V,N,V/S,N,N,N,V/S,V,N,V,V/S,N,V/S,V/S,N,N,V/S,N,V/S,N,V/S,N,N,N,V,N,N,V,N,V,N,N,N,V,N,V,N,N,V,N,N,V,V/S,N,N,V,V,N,N,N,N,N,N,N,N,N,V,V,V,N,V,V/S,V,N,N,N,V/S,N,N,N,V/S,V/S,N,N,V/S,N,N,N,N,N,V,V,N,V,V,V/S,V/S,V,V,V,V,V/S,V/S,N,N,N,V,V/S,V,V,V/S,V,V,V,V,N,N,N,V,N,N,V,N,N,N,V,N,N,N,V,V,V,N,N,V/S,N,N,N,V,N,N,V,N,N,V,V,N,N,V,N,N,N,N,V,V,N,V/S,V,N,N,N,N,V,V,V,N,N,V,N,N,V,N,N,V,N,N,N,V,N,N,N,N,V,N,N,V/S,N,N,N,N,N,V/S,V,V/S,V,N,V/S,V/S,V/S,V,V,N,V,V,V/S,N,V/S,N,N,N,N,N,V,V,N,N,N,N,N,V,N,N,N,V/S,V,N,V,N,N,N,N,N,N,V/S,N,V/S,N,N,N,N,N,N,N,N,N,N,V,V,V/S,N,N,V,V,V,N,N,N,V,N,N,N,N,N,V/S,V,N,BL01UK01GE050,UKGE050,857,28.56666667,2021,gb
R_3iXuMGLdEnFUm9k,Female,University degree or equivalent,University degree or equivalent,20,80,0,NA,German;20;,English;80;,,40,60,0,NA,German,NA,10,7,NA,NA,I always (or almost always) speak German to my child,English,NA,4,10,NA,NA,I always (or almost always) speak English to my child,First,NA,1,12,A regular mix of German / English / other languages,2,V/S,V,V,V,V,V/S,V,V/S,V,V/S,V,V/S,N,V/S,V/S,V/S,V/S,V/S,V/S,V/S,V/S,V/S,V/S,V/S,V/S,V/S,N,V,V,V/S,V/S,V,V/S,V/S,V/S,V/S,V/S,V/S,V/S,V/S,V/S,V/S,V/S,V/S,V/S,V/S,V/S,V/S,V/S,V/S,V/S,V/S,V/S,V,V/S,V,V,V/S,V/S,V,V/S,V/S,V/S,V/S,V/S,V/S,V/S,V/S,V/S,V/S,V/S,V/S,V/S,V/S,V/S,V/S,V,V,V,V,V,V,V/S,V/S,V/S,V/S,V/S,V/S,V/S,V/S,V/S,V/S,V/S,V/S,V/S,N,V/S,V/S,V/S,V/S,V/S,V/S,V/S,V/S,V/S,V/S,V/S,V/S,V/S,V/S,V/S,V/S,V/S,V,V,V/S,V,V/S,V/S,V/S,V/S,V/S,V,V/S,V/S,V/S,V/S,V,V/S,V/S,V,V/S,V,V/S,V/S,V/S,V/S,V/S,V,V,V,V,V,V,V,V,V,V,V,V/S,V/S,V,V/S,V,V,V,V,V/S,V,V/S,V,V/S,V/S,V,V/S,V/S,V,V/S,V/S,V/S,V,V/S,V,V/S,V,V/S,V/S,V/S,V/S,V/S,V/S,V/S,V/S,V,V,V,V,V,V,V,V,V,V,N,V,V,V,V,N,N,V,N,V,V,V/S,V/S,V,V,V/S,V,V/S,V,V,V/S,V,V,V,V,V/S,V,V,V,V,V/S,V/S,V/S,V/S,V/S,V/S,V/S,V,V,V/S,V/S,V/S,V,V/S,V/S,V/S,V/S,V,V,V/S,V/S,V/S,V,V,V/S,V/S,V,V/S,V/S,V/S,V/S,V/S,V/S,V/S,V/S,V/S,V/S,V,V/S,V/S,V/S,V,V,V,V,V,V,V/S,V,V,V/S,V,V/S,V,V,V,V,V,V,V,V,V/S,V,V/S,V,V,V,V/S,V,V/S,V/S,V,V/S,V/S,V/S,V,V/S,V,V,V/S,V,V,V,V,V/S,V,V/S,V,V,V/S,V,V/S,V/S,V,V,V,V,V/S,N,V,V,V,V,V,V,V,V,V,V,V,V,V,V,V/S,V/S,V,V,V,V,V,V/S,V/S,V/S,V/S,V,V,V,V,V/S,V,V/S,V,V,V/S,V,V/S,V,V,V,V,V,V,V/S,V,V/S,V/S,V,V,V,V,V/S,V/S,V,V,V,V,V,V,V,V,V,V/S,V/S,V,V/S,V/S,V,V/S,V,V/S,V,V,V,V,V,V,V,V,V,V,V,V,V,V,V,V,N,N,N,N,V,V,V,V,V,BL01UK01GE051,UKGE051,1015,33.83333333,2021,gb
R_25tGupxXfgtaaeV,Female,University degree or equivalent,University degree or equivalent,60,40,0,NA,German;60;,English;40;,,40,60,0,NA,English,NA,7,10,NA,NA,I always (or almost always) speak English to my child,German,NA,10,10,NA,NA,I regularly speak both German and English to my child,First,NA,1,12,Always (or almost always) German,14,N,V,N,V,V,V,V/S,V/S,V/S,N,N,V/S,N,N,N,N,V,N,N,V,V,N,N,N,N,N,V,N,V,V,V,N,N,N,V,N,N,N,V,N,N,V,N,N,N,N,N,V,N,N,N,N,V,N,N,N,N,V,V,N,N,V,N,N,N,N,V,V,V,N,N,N,N,V,N,V,N,V,N,V,V,N,N,N,N,V,V,V,N,N,N,N,N,N,V,N,V,N,N,N,N,N,N,V,N,V,V,N,N,V,V,V,N,N,N,N,N,V,V,N,N,N,N,N,N,V,V,N,V,V,N,N,N,V,N,V,V,V,N,N,N,V,N,V,N,N,N,V,N,V,V,V,N,V,V,N,V,N,V,N,N,N,N,N,N,N,N,N,N,N,N,N,V,N,V,N,N,N,N,N,N,N,V,N,N,N,V,N,N,N,N,N,N,N,N,N,N,N,N,N,N,N,N,N,V,N,N,V,N,N,N,N,N,V,N,N,N,N,N,V,N,N,V,N,N,N,N,N,N,N,N,N,N,V,N,N,V,N,N,V,N,N,N,N,V,N,N,V,V,V,V,V,V,V,V,N,V,V,N,V/S,V/S,N,V/S,V,V,V,V,N,N,N,V,V,V,V,V,V,N,N,N,N,N,V,V,V,N,N,V,V,N,V,N,N,N,V,V,V,V,N,N,V,N,V,N,N,V,N,N,V,V,V,N,N,N,N,N,V,N,N,N,N,V,N,V,N,V,N,N,V,N,V,N,N,V,N,N,N,N,N,N,N,N,N,N,N,N,N,N,N,N,N,N,N,N,N,N,V,N,N,N,N,N,N,N,N,N,V,N,N,N,N,N,N,N,N,V,N,N,N,V,N,N,V,N,N,N,N,N,V,V,V,V,N,V,N,V,V,V,N,V,V,V,N,N,V,V,V,V,V,V,N,V,N,N,N,N,V,V,V,BL01UK01GE052,UKGE052,517,17.23333333,2021,gb
R_1NyxaOErWfsMyB2,Female,University degree or equivalent,Left school at 16 with GCSE or equivalent,30,70,0,NA,German;30;,English;70;,,60,40,0,NA,German,NA,10,9,0,NA,I always (or almost always) speak German to my child,English,NA,2,10,NA,NA,I always (or almost always) speak English to my child,First,NA,1,12,Always (or almost always) English,4,V/S,V/S,V/S,V/S,V/S,V/S,V/S,V/S,V/S,V/S,V/S,V/S,V/S,V/S,V/S,V,V/S,V/S,V,N,V/S,V/S,V,V/S,V/S,V,V/S,V,V,V/S,V/S,V/S,V/S,V/S,V/S,V/S,V,N,V/S,V,V/S,V,V/S,V,V/S,N,V/S,V/S,V,V/S,V/S,V/S,V,V/S,V/S,N,V,V/S,V/S,N,V/S,V/S,V,V/S,V,V/S,V/S,V/S,V,V,V/S,V/S,V,V,V/S,V,V,V,V/S,V/S,V,V/S,V,V/S,V,V,V/S,V/S,V,V/S,V/S,V,V/S,V/S,V/S,V/S,V/S,N,V/S,V,V/S,V/S,V,V/S,V,V/S,V/S,V,V/S,V/S,V/S,V/S,V,V,V,V/S,N,V/S,V/S,V,V,V/S,N,N,V,V/S,V,V,V/S,V/S,V/S,V/S,V,V,V/S,V/S,V/S,V,V,V/S,V,V,V,V/S,V,N,N,V,V,V/S,V/S,V/S,V,V,V,V,V/S,V/S,V/S,V/S,V,V,V/S,V,V/S,V,N,N,V,V/S,V/S,V/S,V/S,V,V/S,V/S,V/S,V,V/S,V/S,V,V/S,V/S,V/S,V,V,V/S,V/S,N,V/S,V/S,V/S,V,V,N,V/S,V,V/S,V,N,V,V,V/S,V,V/S,V/S,V,V,V/S,N,V,V/S,V,V,V,V,V,V,V/S,V,V,V,V/S,V/S,V/S,V/S,V,V/S,V/S,V,N,V,V/S,V/S,V,N,V/S,V/S,V/S,V/S,N,V/S,V/S,V,V,V/S,N,V/S,V/S,V/S,V/S,V/S,V/S,V/S,V/S,V,V,V,V/S,V/S,V/S,V/S,V/S,N,V,V,V,N,V,N,V,V,V,V/S,V/S,V,V,V,N,V,N,V,V,V,V/S,V,V,V,N,V/S,N,V,V,V,V,V,V,V,V,V,V/S,V,V/S,V,V,V,V,V,V/S,V,V/S,V,V/S,V,V,V/S,V,N,V,V,V,V,V,N,V,V,V,V,V,V,V,N,V,V,V/S,V/S,V,V/S,V/S,V,V,N,N,V/S,V/S,V/S,V/S,V,V,V,V/S,V/S,V/S,V/S,V/S,V,V,V,V/S,N,V/S,V,N,V,V/S,V,V,V,V,N,N,V/S,V,V,V/S,V/S,V,N,V,V,N,V,N,V,V/S,V,V/S,N,V,N,V,V,V,V,V/S,V/S,N,N,V,V,V/S,V,V,V,V,V,V,V,V,V/S,V,V,N,V/S,V,V/S,V/S,V,BL01UK01GE053,UKGE053,1046,34.86666667,2021,gb
R_0UrSEgjAHIIM2kh,Female,Left school at 18 with A-Levels or equivalent,Left school at 18 with A-Levels or equivalent,40,60,0,NA,German;40;,English;60;,,80,20,0,NA,German,NA,10,9,0,NA,I always (or almost always) speak German to my child,English,NA,2,10,NA,NA,I regularly speak both German and English to my child,Third,NA,3,NA,NA,NA,V/S,V/S,V/S,V/S,V/S,V/S,V/S,V/S,V/S,V/S,V/S,V/S,V/S,V/S,V/S,V,V/S,V/S,V/S,V/S,V/S,V/S,V,V/S,V/S,V/S,V/S,V,V,V/S,V/S,V/S,V/S,V/S,V/S,V/S,V/S,V/S,V/S,V,V/S,V/S,V/S,V/S,V/S,V,V/S,V/S,V/S,V/S,V/S,V/S,V,V/S,V/S,V/S,V,V/S,V/S,V,V/S,V/S,V/S,V/S,V/S,V/S,V/S,V/S,V/S,V/S,V/S,V/S,V/S,V/S,V/S,V/S,V,V,V/S,V/S,V/S,V/S,V/S,V/S,V,N,V/S,V/S,V/S,V/S,V/S,N,V/S,V/S,V/S,V/S,V/S,N,V/S,V/S,V/S,V/S,V/S,V/S,V/S,V/S,V/S,V/S,V/S,V/S,V/S,V/S,V/S,V/S,V/S,V/S,N,V/S,V/S,V,V,V/S,V/S,V/S,N,V/S,V/S,V/S,V/S,V/S,V,V/S,V/S,V/S,V/S,V/S,V/S,V/S,V/S,N,V,V,N,V/S,V/S,N,N,V/S,V,V/S,V/S,V/S,V/S,V/S,V/S,V/S,V/S,V/S,V/S,V/S,V/S,V/S,V/S,V/S,V/S,V/S,N,V,V/S,V/S,V/S,V/S,V/S,V,V/S,V/S,V/S,N,V/S,V/S,V/S,V/S,V/S,V/S,V,V/S,V/S,V,V,V/S,V/S,V/S,V/S,V,V,V/S,V,V/S,V,V/S,V/S,V,V/S,V/S,V/S,V/S,V/S,V/S,V/S,V,N,V/S,V/S,V,V/S,V/S,V,V/S,V/S,V/S,V,V/S,V/S,V/S,V/S,V/S,V/S,V/S,V/S,V/S,N,N,V/S,V/S,V/S,V,V/S,N,V/S,V/S,V,N,V/S,N,V/S,V/S,N,V/S,V/S,V/S,V/S,V/S,V/S,V/S,V/S,V/S,V/S,V/S,V/S,V/S,V/S,V/S,V/S,V/S,V,V/S,V/S,V,V/S,V,V/S,V/S,V,V/S,V/S,V/S,V/S,V/S,V/S,V/S,V,V/S,V/S,V/S,V/S,N,V/S,V/S,N,V/S,V/S,V,V/S,V/S,V,V/S,V/S,V/S,V/S,V/S,V/S,V/S,V/S,V/S,V/S,V/S,V/S,V/S,V/S,V/S,V/S,V/S,V/S,V/S,V/S,V/S,V,V/S,V,V/S,V/S,V,V/S,N,V/S,V/S,V/S,V,V/S,V/S,V/S,V/S,V/S,N,V/S,V/S,V,V/S,V/S,V,V/S,N,N,V/S,V/S,V/S,V/S,V/S,V/S,V,V/S,V/S,V/S,V/S,V/S,V/S,V/S,N,V/S,N,V/S,V,N,V/S,V/S,V/S,V/S,V/S,V/S,N,V,V/S,V/S,V,V,V/S,V/S,V,V/S,V/S,V,V/S,V/S,V/S,V/S,V/S,V/S,V/S,V/S,V,V/S,V/S,V/S,V,V/S,V/S,V/S,V,V/S,V/S,V/S,V/S,V/S,V/S,V/S,V/S,V/S,V/S,V/S,V/S,V/S,V/S,V/S,V,V,V/S,V/S,V/S,BL01UK01GE054,UKGE054,837,27.9,2021,gb
R_2wNsdfRW0XbTYZL,Male,University degree or equivalent,University degree or equivalent,30,70,0,NA,German;30;,English;70;,,40,60,0,NA,English,NA,2,10,NA,NA,I always (or almost always) speak English to my child,German,NA,10,10,NA,NA,I always (or almost always) speak German to my child,First,NA,1,13,Always (or almost always) English,1,V,V/S,N,V/S,V/S,V/S,V/S,V/S,V/S,V/S,N,V/S,V,V/S,V,N,V,V,V,N,V/S,V,V,V,V,V,V,N,N,V,V,V/S,V,V/S,V,V/S,N,N,V,V,V,V,V,V,V,N,V,V,V,V/S,V,V/S,V,V,V,V,V,V/S,V,N,V/S,V,V,V,V,V/S,V/S,V/S,V/S,V/S,V,N,V,V,V,V,N,V,N,V,N,N,N,V/S,V,V,V/S,N,N,V,N,N,N,V/S,V,V/S,V,N,V/S,V,V,V,V,V/S,N,V,V/S,V/S,V/S,V/S,V,V/S,V,V,V,V,N,V/S,V,N,N,N,V,V,V,V,V,V,V/S,V/S,V,V/S,V,V,V,V,V/S,V,N,N,V,N,N,V,V,N,N,V,V,V,V,V,N,V,V,V,V,V,V/S,V,V,V,V,N,V,N,N,N,V,V/S,N,V,V,V,V,V/S,N,N,V,V,V,N,V,N,V,V,V,N,N,N,V,V,N,N,N,V,V,V,N,N,N,V,N,V,V,N,V,V,V,V,V,N,V,N,V,V,V,V,V/S,V,V,N,V,V/S,N,N,N,V,N,N,N,N,N,V,N,N,V/S,V,V/S,V/S,N,N,N,N,N,V,N,V/S,V,V,V,V,V/S,V/S,V/S,N,V,V,N,V/S,V,V,V/S,V,V,V,V,V,V,N,V,V,V,V,V,V,N,N,V,V,V,V,V,V,V,V,V,V,N,V,V,N,V,V,V,V,V,V,N,V,V,V,V,N,V,V,V,V,V,V,V,N,N,V,V,V,V,V,V,V,V,N,V,V,V,V,V,V,N,V,V,V,V,N,V,N,N,V/S,V,V,N,N,N,V,N,V,V,N,V/S,V,N,V/S,N,N,V/S,V,V/S,V,V/S,V,V,V,N,N,N,V,V,V,V,N,N,V,V,N,N,V,V,N,V,V,V,V,N,V,N,V,N,V,N,N,V,V,V,N,V,N,N,N,V,V/S,V/S,V,V/S,V,V,V,N,V,V,V,V,V,V,V,N,V/S,V,V,BL01UK01GE055,UKGE055,727,24.23333333,2021,gb
R_cZtRC2WOxb4Csp3,Female,University degree or equivalent,University degree or equivalent,25,75,0,NA,German;25;,English;75;,,25,75,0,NA,German,NA,10,9,NA,NA,I regularly speak both German and English to my child,English,NA,2,10,NA,NA,I always (or almost always) speak English to my child,First,NA,1,9,Always (or almost always) English,0,N,V/S,V,N,V/S,V,N,V/S,V/S,V/S,N,V/S,N,V,V,N,V,V/S,V,N,N,N,N,V,N,N,N,N,V,N,V,N,V,N,N,N,N,N,N,N,N,N,N,N,V,N,V,V,V,V,N,N,N,N,N,N,N,V,V,N,N,V,V,V,V,V/S,V/S,V/S,N,V/S,N,N,N,N,N,N,N,N,N,N,V/S,N,N,V/S,N,N,V,N,N,N,N,N,V,N,V,V/S,V,N,V,N,N,V,N,N,N,V,V,V,V,N,V,N,N,N,N,N,N,N,N,N,N,N,N,N,N,N,N,N,N,N,N,V,N,N,V,V,V,N,V,N,N,N,V,N,N,N,N,N,N,V,V,N,N,N,V,N,N,N,V,V,N,N,V,N,V/S,V,N,N,N,N,N,V,V,N,V,N,N,N,V/S,N,V/S,N,V,N,V,N,N,V,N,N,N,N,N,N,N,N,N,N,N,N,N,N,N,V,V,N,N,N,V,N,V,N,N,N,N,N,N,N,V,N,N,N,V,V/S,N,N,N,N,N,N,N,N,N,V/S,N,N,N,N,N,V/S,N,N,N,N,N,V,N,V,N,N,N,V,N,V/S,V/S,N,N,N,N,V,N,V/S,V,N,V,V,V,N,N,N,N,N,N,V,V,N,N,N,N,V,V,V,V/S,V,N,N,V,N,N,N,V/S,N,V,V/S,N,N,V,N,N,N,V,N,V/S,N,N,V,N,V,V,V,N,N,V,N,V,N,N,N,N,V,N,N,V/S,N,V,N,N,N,N,N,N,N,N,N,N,N,N,N,N,N,N,N,N,N,N,N,N,N,N,N,N,N,N,N,V,N,N,N,V,N,N,N,N,N,N,N,N,N,N,N,N,V,N,N,N,N,N,N,N,N,N,N,N,N,N,N,N,N,N,N,V,N,V,N,N,N,N,N,V/S,V/S,V/S,N,N,V,N,V,N,N,N,N,N,N,N,N,N,N,N,N,BL01UK01GE056,UKGE056,594,19.8,2021,gb
R_XTy5z9shq5KckCd,Male,University degree or equivalent,University degree or equivalent,35,65,0,NA,German;35;,English;65;,,50,50,0,NA,German,NA,10,10,NA,NA,I regularly speak both German and English to my child,English,NA,NA,10,3,Spanish,I always (or almost always) speak English to my child,First,NA,1,8,Always (or almost always) English,1,V,V,N,N,V/S,N,N,V,V/S,V,V/S,V,V,V,V,N,V,N,N,N,N,V,N,N,V,V,V,N,N,V,V,N,V,N,V,N,N,N,V,N,V,N,N,N,V,N,V,V,N,N,V,V,V,N,N,N,V,V,V,N,N,N,N,N,N,V,V,V,N,N,N,V,N,N,N,N,N,N,N,N,N,N,V,N,N,N,V,N,N,N,N,N,N,N,V,V,V,V,V,N,V,V,N,V,N,V,V,N,V,V,V,V,N,N,N,N,N,V,V,V,V,N,V,V,N,N,V,N,V,V,V,V,N,V,V,N,V,N,N,N,N,N,N,N,N,N,N,N,N,V,N,N,N,N,V,N,N,N,V,V,N,N,V,N,N,N,N,N,N,V,N,N,V,N,V,N,N,N,N,N,N,N,V,N,N,N,N,N,N,N,N,N,N,N,N,N,N,N,N,N,N,N,V,N,V,N,N,N,V,N,N,N,N,N,N,N,V,N,N,N,N,N,N,V,N,N,N,N,N,N,N,N,N,V,N,N,N,N,N,N,N,N,N,N,N,N,N,V,V,V,N,N,N,N,N,N,N,N,N,V,N,V,V,N,N,V,N,N,V,N,V,N,N,V,N,N,N,V,N,V,V,V,N,V,N,N,N,V,N,N,N,N,V,V,N,V,N,V,N,N,N,N,N,V,N,V,N,N,V,N,N,N,V,N,N,V,N,N,N,N,N,N,V,N,N,V,N,N,N,N,N,N,N,N,N,N,N,V,N,N,N,N,N,V,N,V,N,N,V,N,V,N,V,N,N,V,N,N,V,N,N,N,N,N,N,N,V,N,N,N,N,N,V,N,N,N,N,N,N,N,N,N,N,N,N,N,N,N,N,N,N,N,N,N,N,V,N,N,N,N,N,N,N,N,N,V,N,N,N,N,N,N,N,N,N,N,N,N,BL01UK01GE057,UKGE057,372,12.4,2021,gb
R_115T891zgrgp4Ni,Male,University degree or equivalent,University degree or equivalent,40,60,0,NA,German;40;,English;60;,,40,60,0,NA,German,NA,10,7,NA,NA,I regularly speak both German and English to my child,English,NA,1,10,0,NA,I always (or almost always) speak English to my child,First,NA,1,NA,NA,NA,V,V,N,N,N,V,V,N,N,N,V,V,N,N,N,N,V,N,N,N,N,N,N,N,N,N,V,N,N,V,V,N,N,N,N,N,N,N,N,N,N,N,N,N,N,N,N,N,N,N,N,N,N,N,N,N,N,N,N,N,N,N,N,N,N,N,N,N,N,N,N,N,N,N,N,N,N,N,N,N,N,N,N,N,N,N,N,N,N,N,N,N,N,N,N,N,N,N,N,N,N,N,N,N,N,N,N,N,N,N,N,N,N,N,N,N,N,N,N,N,N,N,N,N,N,N,N,N,N,N,N,N,N,N,N,N,N,N,N,N,N,N,N,N,N,N,N,N,N,N,N,N,N,N,N,N,N,N,N,N,N,N,N,N,N,N,N,N,N,N,N,N,N,N,N,N,N,N,N,N,N,N,N,N,N,N,N,N,N,N,N,N,N,N,N,N,N,N,N,N,N,N,N,N,N,N,N,N,N,N,N,N,N,N,N,N,N,N,N,N,N,N,N,N,N,N,N,N,N,N,N,N,N,V/S,N,N,N,N,N,V,N,N,N,N,N,N,N,N,N,N,V,N,V,N,N,N,N,N,N,V,V,N,V,N,N,N,N,N,N,N,N,N,N,N,N,N,N,N,N,N,N,N,N,N,N,N,N,N,N,N,N,N,N,N,N,N,N,N,N,N,N,N,N,N,N,N,N,N,N,N,N,N,N,N,N,N,N,N,N,N,N,N,N,N,N,N,N,N,N,N,N,N,N,N,N,N,N,N,N,N,N,N,N,N,N,N,N,N,N,N,N,N,N,N,N,N,N,N,N,N,N,N,N,N,N,N,N,N,N,N,N,N,N,N,N,N,N,N,V,N,N,N,N,N,N,N,N,N,N,N,N,N,N,N,N,N,N,N,N,N,N,N,N,N,N,N,N,N,N,N,N,N,N,N,N,N,N,N,BL01UK01GE058,UKGE058,329,10.96666667,2021,gb
R_6saDI1wLB8StVhT,Male,University degree or equivalent,University degree or equivalent,50,50,0,NA,German;50;,English;50;,,90,10,0,NA,German,NA,10,9,0,NA,I always (or almost always) speak German to my child,German,NA,10,7,0,NA,I always (or almost always) speak German to my child,Second,NA,2,12,Always (or almost always) English,4,V,V/S,V/S,V,V/S,V/S,V/S,V/S,V/S,V/S,V,V/S,V,V,V/S,V,V/S,V/S,V,V/S,V/S,V,N,V/S,V/S,V,V/S,V,V,V,V,V,V/S,V/S,V/S,V,V,N,V,V,V,V,V/S,V,V,N,V/S,V/S,V,V/S,V/S,V,V,N,V,V,V,V/S,V/S,V,V,V,V,V,V/S,V/S,V/S,V/S,V/S,V/S,V,V/S,V,V/S,V/S,V,N,N,V,V/S,V/S,V/S,V,V/S,V/S,V/S,V/S,V/S,V,V/S,V,V,V,V,V/S,V,V/S,V,V/S,V,V,V/S,V,V,V,V,V/S,V,V,V/S,V/S,V/S,V/S,V,V,V/S,V,V,V/S,N,N,N,N,N,N,V/S,V,V,N,V/S,N,V/S,V/S,V/S,V,V,V/S,V,V,N,N,N,N,V,V,N,N,N,N,V,V/S,V,V,V,V/S,N,N,V/S,V,V/S,V,V,V,N,V/S,N,N,N,V/S,V,V,V,V,V,V,V,V,N,V,V/S,V,V,V,N,V,V,V/S,V,N,V,V,V/S,N,N,N,V,V,N,V,N,V,V,V,V,V,V/S,V/S,V,V/S,V,V,V,V,V,V/S,V,V,V,V,V/S,V,V,V,V/S,N,N,N,N,N,N,N,N,N,V/S,N,N,V/S,N,V/S,V/S,N,N,V,N,V,V/S,N,V/S,V/S,V,V,V,V,V,V,V,N,V,N,V,V,V,V,V/S,V,V,V,V,V,N,V,V,V,V,V,V,V,V,N,V,V,V,V,V/S,V,V,V,V/S,V,V,V/S,V,V/S,V,V,V/S,V,V,V,V,V/S,V,V,V,V,N,N,V,V,V,V/S,V/S,V/S,V,V,V/S,V,N,N,V,V,N,V/S,V,V,V,V,V,N,V,V,V,N,N,V/S,N,N,V,V/S,V,V,V,V,V,V/S,V,V,V,V/S,V,V/S,V/S,V/S,V,V,V/S,V/S,N,V,N,V/S,V,V,V,V/S,V/S,V,V,V,V,V,V,V,V,N,V,V,V,V,V,N,N,V,N,N,V/S,N,V/S,V,N,V,N,V,N,V/S,V/S,N,N,V/S,V/S,V/S,V,V,V/S,V/S,V,N,V/S,V,V/S,V,V,V,V,N,V/S,V,V,BL01UK01GE059,UKGE059,784,26.13333333,2021,gb
R_2V7KX5YiqXDB96X,Female,University degree or equivalent,Left school at 16 with GCSE or equivalent,40,60,0,NA,German;40;,English;60;,,50,50,0,NA,German,NA,10,7,3,Serbian,I regularly speak both German and English to my child,English,NA,1,10,NA,NA,I always (or almost always) speak English to my child,First,NA,1,18,Always (or almost always) English,10,V/S,N,V/S,V/S,V/S,V/S,V/S,V/S,V/S,V/S,V/S,V/S,V,V,N,N,N,V,N,N,V,V,N,N,V,V,V/S,N,N,V,V/S,N,N,N,V,N,N,N,V,N,V,V,V,N,N,N,N,V,V,N,N,N,N,V,N,N,N,V/S,N,N,V,N,N,N,N,V,V,V/S,V,N,V,N,N,V,N,N,N,N,N,N,V,N,V,N,N,N,N,V,N,N,N,N,N,V,V,N,N,N,V,N,N,V,N,V,N,N,N,N,N,V,V/S,V/S,N,N,N,V,N,V,N,N,N,V,N,N,N,V,N,N,V,V,N,V,N,V,V,N,V,V,V,N,N,N,N,N,N,N,N,N,N,N,N,N,V,N,N,N,N,V,N,V,N,N,V,N,V,N,N,N,N,N,N,N,N,N,N,N,N,N,N,N,N,N,N,N,N,N,N,V,N,V,N,N,N,N,N,N,N,N,N,N,V,N,N,V,V,N,N,V,N,N,V,N,N,N,N,N,V,N,N,N,N,N,V,V/S,N,N,N,N,N,N,N,N,N,V/S,N,N,N,N,N,V,N,N,N,N,N,V,N,V,V,V,V,V,N,V/S,V/S,N,N,N,N,V/S,V,V,V,N,V,N,N,N,N,N,N,N,N,V,N,N,N,N,V,N,N,V,N,N,V,N,N,N,N,N,N,N,V,V,N,N,N,N,N,N,N,N,N,N,N,N,N,V,N,N,N,N,N,N,N,N,N,N,N,V,N,N,V,V,V,V,N,N,N,N,N,N,N,N,N,N,N,N,N,N,N,N,N,N,V,N,N,N,N,V,N,V,N,V,N,V,N,N,N,N,N,N,N,N,N,N,N,N,N,N,N,N,N,N,N,N,N,N,N,N,N,N,N,N,N,N,N,V/S,V,V,V,V,V,N,V,V,V,V,N,N,N,N,N,N,N,N,N,N,N,N,N,N,N,V,N,N,V,N,BL01UK01GE060,UKGE060,496,16.53333333,2021,gb
R_3p5ztR46xSGOchQ,Female,University degree or equivalent,Left school at 16 with GCSE or equivalent,50,50,0,NA,German;50;,English;50;,,50,50,0,NA,Bilingual German and English,NA,10,10,4,French,I always (or almost always) speak German to my child,English,NA,2,10,NA,NA,I always (or almost always) speak English to my child,First,NA,1,NA,NA,3,V/S,V/S,V/S,V/S,V/S,V/S,V/S,V/S,V/S,V/S,V/S,V/S,V/S,V/S,V/S,V/S,V/S,V/S,V/S,V/S,V/S,V/S,V,V/S,V/S,V/S,V/S,V/S,V/S,V/S,V/S,V/S,V/S,V/S,V/S,V/S,V/S,V/S,V/S,V/S,V/S,V/S,V/S,V/S,V/S,N,V/S,V/S,V/S,V/S,V/S,V/S,V/S,V,V/S,V/S,V/S,V/S,V/S,N,V/S,V/S,V/S,V/S,V/S,V/S,V/S,V/S,V/S,V/S,V/S,V/S,V,V/S,V/S,V/S,V,V/S,V/S,V/S,V/S,V/S,V,V/S,V/S,V/S,V/S,V/S,V/S,V/S,V/S,V/S,V/S,V/S,V/S,V/S,V/S,V,V/S,V/S,V/S,V/S,V/S,V/S,V/S,V/S,V/S,V/S,V/S,V/S,V/S,V/S,V/S,V/S,V/S,V/S,N,V/S,V/S,V/S,V/S,V/S,V/S,V/S,N,V/S,V/S,V/S,V/S,V/S,V/S,V/S,V/S,V/S,V/S,V/S,V/S,V/S,V/S,V/S,V/S,V/S,V/S,V/S,V/S,N,V/S,V/S,V/S,V/S,V/S,V/S,V/S,V/S,V/S,V/S,V/S,V/S,V/S,V/S,V/S,V/S,V/S,V,V/S,V/S,N,V,V/S,V/S,V/S,V/S,V/S,V/S,V/S,V/S,N,V/S,V/S,V/S,V/S,V/S,V/S,N,V/S,V/S,V/S,V/S,N,V/S,V/S,V/S,V/S,V/S,V,V/S,V/S,V/S,V,V/S,V/S,V/S,V/S,V/S,V/S,V/S,V/S,V/S,V/S,V/S,N,V/S,V/S,V/S,V/S,V/S,V/S,V/S,V/S,V/S,V/S,V/S,V/S,V/S,N,V,V,V/S,V/S,V/S,N,N,V/S,V/S,V/S,N,V/S,V/S,V/S,V/S,N,V,N,V/S,V/S,V/S,N,V/S,V/S,V/S,V/S,V/S,V/S,V/S,V/S,V/S,V/S,V/S,V,V/S,V,V/S,V/S,V/S,V/S,V/S,V/S,N,V/S,V/S,V/S,V,V/S,V/S,V/S,V/S,N,V/S,V/S,V/S,V/S,V/S,V/S,V/S,V/S,V,V/S,V/S,N,V/S,V/S,V/S,V/S,V/S,N,V/S,V/S,V/S,V/S,V,V/S,V/S,V/S,N,V/S,V/S,V/S,V/S,V/S,V/S,V,V,V/S,V/S,V/S,V/S,V/S,V/S,V/S,V/S,V/S,V/S,V/S,V/S,V/S,V/S,V/S,V/S,V/S,V/S,V/S,N,V/S,V,V/S,V/S,V,V/S,V/S,V/S,N,N,V/S,V/S,V/S,V/S,V/S,V,V/S,V/S,V/S,V/S,V/S,V/S,V/S,V/S,V/S,V/S,V/S,V,V/S,V,V,V,V/S,V/S,V/S,V/S,V/S,N,V/S,V/S,V/S,V/S,N,V/S,V,N,V/S,V,V,V/S,N,V,V,V,N,V/S,V/S,N,V/S,V,V/S,V,V/S,V/S,N,N,V,V/S,V/S,V,V,V/S,V/S,V,V,V/S,V/S,V,V,N,N,V,N,V/S,V/S,V/S,BL01UK01GE061,UKGE061,764,25.46666667,2021,gb
R_3oI3g4PeDDLkMG6,Male,University degree or equivalent,University degree or equivalent,30,70,0,NA,German;30;,English;70;,,40,60,0,NA,German,NA,10,9,NA,NA,I always (or almost always) speak German to my child,English,NA,6,10,NA,NA,I always (or almost always) speak English to my child,First,NA,1,NA,NA,6,V/S,V/S,V/S,V/S,V/S,V/S,V/S,V/S,V/S,V/S,V/S,V/S,V/S,V/S,V/S,V/S,V/S,V/S,V,V/S,V/S,V/S,V,V/S,V/S,V,V/S,V,V,V/S,V/S,V,V/S,V/S,V/S,V/S,V,V,V/S,V/S,V/S,V/S,V/S,V/S,V/S,V,V/S,V/S,V/S,V/S,V/S,V/S,V/S,V/S,V/S,V/S,V/S,V/S,V/S,V,V/S,V/S,V/S,V/S,V/S,V/S,V/S,V/S,V/S,V/S,V/S,V/S,V/S,V/S,V/S,V,V,V,V/S,V/S,V/S,V/S,V/S,V/S,V/S,V/S,V/S,V/S,V/S,V/S,V/S,V/S,V/S,V/S,V/S,V/S,V/S,V,V/S,V,V/S,V/S,V,V/S,V,V/S,V/S,V/S,V/S,V/S,V/S,V/S,V/S,V/S,V/S,V/S,V,V/S,V/S,V,V/S,V,V/S,V,N,V/S,V/S,V,V/S,V/S,V,V/S,V/S,V/S,V/S,V/S,V/S,V/S,V/S,V/S,N,N,V/S,V/S,V/S,N,N,V/S,V/S,V/S,V/S,V/S,V/S,V/S,V/S,V/S,N,V,V/S,V/S,V/S,V/S,V/S,V,V/S,V/S,V/S,V/S,V/S,V/S,V/S,V/S,V/S,V/S,V/S,V/S,V/S,V,V/S,V/S,V/S,V/S,V/S,V/S,V/S,V/S,V/S,V/S,N,V/S,V/S,V/S,V/S,V,V,V/S,V/S,V/S,V,V/S,V/S,V/S,V/S,V/S,V/S,V,V/S,V/S,V/S,V/S,V,V/S,V/S,N,V/S,V/S,V/S,V/S,V/S,V/S,V/S,V,V/S,V/S,V,V/S,V/S,V/S,V/S,V/S,N,N,V/S,V/S,V/S,V/S,V/S,N,V/S,V/S,V,V/S,N,N,V/S,V/S,V,V/S,V/S,V/S,V/S,V/S,V/S,V/S,V/S,V,V,V/S,V,V/S,V/S,V/S,V/S,V/S,V/S,V,V/S,V/S,V/S,V/S,V/S,V/S,V,V/S,V/S,V/S,V,V,V,V/S,V/S,V/S,V/S,V/S,V/S,V/S,V/S,V/S,V,V/S,V/S,V/S,V/S,V/S,V/S,V/S,V/S,V,V,V/S,V/S,V/S,V/S,V,V/S,V/S,V/S,V/S,V/S,V/S,V/S,V,V/S,V/S,V/S,V/S,V/S,V/S,V,V/S,V/S,V/S,V/S,V/S,V/S,V/S,V/S,V/S,V,V/S,V/S,V,V/S,V,V/S,V/S,V,V/S,V/S,V/S,V/S,V,V/S,V/S,V/S,V/S,V/S,V,V/S,V/S,V/S,V/S,V/S,V/S,V/S,V/S,V/S,V,V/S,V,V/S,V,V,V/S,V/S,V/S,V,V/S,V/S,N,V/S,V/S,V/S,V,V/S,V,V,V,V,V/S,V,V/S,V,V,V,V/S,V,V/S,V,V,V/S,V/S,V/S,V,V/S,V/S,V,V,V,V,V/S,V,V/S,V/S,V/S,V,V,V/S,V/S,V/S,V/S,V,N,V/S,V,V/S,V/S,V/S,BL01UK01GE062,UKGE062,910,30.33333333,2021,gb
R_3M0uMqzrmC0RTL6,Male,University degree or equivalent,University degree or equivalent,50,40,10,Hungarian ,German;50;,English;40;,Hungarian;10;,50,40,10,Hungarian ,Other(s),Bilingual German and Hungarian ,10,7,7,Hungarian ,I always (or almost always) speak German to my child,Bilingual German and English,NA,9,10,NA,NA,I regularly speak both German and English to my child,Second,NA,2,14,Always (or almost always) English,0,N,V/S,V/S,N,V/S,V/S,V/S,V/S,V/S,V/S,V/S,V/S,V/S,V/S,N,V/S,V/S,V/S,N,V/S,V/S,V/S,N,V,V,V/S,V/S,N,N,V/S,V/S,V,V,V/S,V/S,V/S,N,N,V/S,V,V,V,V,V,V/S,N,V/S,V/S,N,N,V,V/S,V,V,V,V,V,V/S,V/S,N,V,V,V/S,V,V,V/S,V/S,V/S,V/S,V/S,V/S,V/S,V,V/S,V,V,V,V,V/S,V/S,V/S,V/S,N,V/S,V/S,V/S,V,V/S,V,V,V,N,V,V/S,V/S,V/S,V/S,N,V/S,V,V/S,V/S,V,V/S,V,V/S,V/S,V,V/S,V,V/S,V/S,V,V,V,V/S,N,V,V,N,N,N,N,N,N,V,V,V,V,V/S,N,V/S,V,V,V,V,V/S,V,V,V,V,V,N,V,V,N,N,V,V,V,V,V,N,V,V/S,V,V,V/S,V,V,V/S,V,V/S,N,V,V,N,V,V,V,V,V,V/S,V,V,V,N,N,V,V,N,N,V/S,N,V,N,V,V,N,V/S,V/S,V,N,N,V,V,V/S,V,N,N,V,V,N,V,V/S,N,V,V,V,V,N,N,V,V,V/S,V,V,V,V/S,V/S,V,N,V/S,V/S,V/S,N,N,N,N,N,N,N,N,V/S,N,N,V/S,N,V/S,V/S,N,N,N,N,N,V,N,V/S,V/S,V/S,V/S,V,V/S,V/S,V/S,V/S,N,V/S,V/S,V/S,V,V/S,V/S,V,V,V,V/S,N,V,V,V,V,V,V/S,V,N,N,N,V,V,V,V,V,V,V,V,V,V,N,V,V,V,V/S,V,V,V,V,N,V,V,V,V,V,N,V,N,V,V,N,V/S,N,N,N,N,V/S,V,V,N,N,V,N,N,V,N,V,V,N,N,N,V,N,V,V,N,V/S,N,N,V/S,V,V,N,N,N,V/S,V,V/S,V/S,N,V/S,V,V,V,V,V,V/S,V,V/S,N,V/S,N,V,V,V,N,V,V,V,N,N,N,N,N,N,N,V,V,N,N,V,V,V,V,N,V,V,V,N,V/S,N,N,V,V,V,N,V/S,V/S,N,N,V/S,V/S,V/S,V,V,V,V,V,N,V,N,V,N,N,N,V,N,V/S,V/S,N,BL01UK01GE064,UKGE064,644,21.46666667,2021,gb
R_3L5pzVLR5pc3d4T,Female,University degree or equivalent,University degree or equivalent,20,80,0,NA,German;20;,English;80;,,20,80,0,NA,English,NA,4,10,NA,NA,I always (or almost always) speak English to my child,German,NA,10,6,NA,NA,I always (or almost always) speak German to my child,First,NA,1,9,Always (or almost always) English,9,V/S,V/S,V/S,V,V/S,V,V/S,V,V,V,V,V,V/S,V,V/S,V/S,V/S,V/S,V,V/S,V/S,V/S,V/S,V,V/S,V/S,V,V/S,V,V/S,V,V,V/S,V,V,V/S,V/S,V,V/S,V/S,V,V,V,V,V/S,V/S,V/S,V,V/S,V/S,V,V,V,V/S,V,V,V,V/S,V/S,V/S,V,V/S,V/S,V/S,V/S,V/S,V,V/S,V/S,V/S,V,V,V/S,V,V/S,V/S,V,V/S,V/S,V,V,V,V,V,V/S,V/S,V,V,V,V/S,V,V/S,V/S,V,V/S,V,V/S,V,V,V/S,V,V/S,V,V,V/S,V,V/S,V/S,V/S,V/S,V/S,V/S,V/S,V/S,V,V,V/S,V/S,V,V/S,V/S,V/S,V,V/S,V,V/S,V,V,V,V/S,V/S,V/S,V,V/S,V,V/S,V/S,V/S,V,V/S,V/S,V,V/S,V,V,V/S,V/S,V/S,V/S,V/S,V/S,V,V,V/S,V,V,V,V,V/S,V/S,V,V/S,V,V/S,V/S,V/S,V/S,V,V,V/S,V,V/S,V/S,V/S,V/S,V/S,V/S,V,V,V/S,V,V,V,V,V,V,V,V,V/S,V/S,V/S,V,V,V,V,V/S,V/S,V/S,V,V,V/S,V,V,V,V,V,V/S,V,V,V/S,V/S,V/S,V/S,V/S,V,V/S,V,V/S,V/S,V,V/S,V,V,V,V,V/S,V,V/S,V/S,V,V,V/S,V/S,V,V/S,V/S,V,V/S,V/S,V/S,V,V,V/S,V/S,V,V/S,V/S,V,V,V/S,V/S,V/S,V/S,V,V/S,V/S,V/S,V,V/S,V,V/S,V,V,V/S,V,V,V/S,V/S,V,V,V/S,V,V,V/S,V,V,V/S,V,V,V/S,V/S,V,V/S,V,V/S,V/S,V/S,V/S,V,V/S,V,V/S,V/S,V,V/S,V/S,V/S,V,V/S,V,V,V/S,V/S,V,V,V,V,V/S,V/S,V/S,V/S,V/S,V/S,V,V,V/S,V/S,V/S,V/S,V/S,V,V/S,V,V,V/S,V,V/S,V/S,V/S,V,V/S,V/S,V,V,V,V/S,V,V,V,V/S,V/S,V/S,V/S,V/S,V,V/S,V/S,V/S,V/S,V,V,V/S,V,V/S,V,V/S,V,V,V/S,V/S,V/S,V,V/S,V,V/S,V/S,V,V/S,V/S,V/S,V/S,V/S,V,V/S,V/S,V,V,V/S,V,V,V/S,V,V,V/S,V/S,V,V,V,V/S,V,V/S,V/S,V,V/S,V/S,V,V/S,V,V,V/S,V/S,V/S,V,V,V/S,V,V/S,V,V,V/S,V,V/S,V/S,V/S,V,V/S,V,V,BL01UK01GE065,UKGE065,705,23.5,2021,gb
R_3EhzwNSXG1z9nai,Male,Left school at 18 with A-Levels or equivalent,University degree or equivalent,10,90,0,NA,German;10;,English;90;,,100,0,0,NA,German,NA,10,10,NA,NA,I regularly speak both German and English to my child,English,NA,1,10,NA,NA,I always (or almost always) speak English to my child,First,NA,1,9,Always (or almost always) English,1,N,V/S,V/S,V/S,V/S,V/S,V,V/S,V/S,V/S,V/S,V/S,V,V,V,V,V/S,V/S,V,V/S,V/S,V,V,V,V/S,V,V/S,N,N,V/S,V,V,V/S,V/S,V,V,N,N,V/S,V,V/S,V/S,V,V/S,V,V,V,V/S,N,V,N,V/S,V/S,V/S,V/S,V/S,V/S,V/S,V,N,N,N,V,N,N,V/S,V,V/S,V/S,V,V/S,N,N,N,V,V,V,N,N,V/S,V/S,V/S,V/S,V/S,V,N,V,V/S,N,V,V/S,N,N,N,N,V,V,N,V,N,V,V,N,V,N,V,V,V,V,V,V,V,N,N,N,V,V,V,V,V/S,N,N,V,N,N,N,N,N,N,V/S,N,V,N,N,N,N,N,N,N,V,N,N,N,N,N,N,N,N,N,N,V,V,N,N,N,N,N,V,V,V,N,V,N,N,V/S,N,N,N,V/S,N,N,N,V,N,V,V,N,N,V/S,N,V/S,N,N,N,N,N,N,V,N,N,N,N,N,N,N,N,V/S,N,V,N,N,N,N,N,N,N,N,N,N,N,V/S,V/S,V/S,N,V/S,N,N,N,V,N,N,N,V/S,N,N,N,N,N,N,N,N,N,N,N,N,N,N,N,N,N,N,N,N,N,N,N,N,N,N,N,V,V,N,N,V/S,N,N,N,N,V/S,N,V,V/S,N,N,N,N,N,N,N,N,N,N,N,N,N,N,N,N,N,N,N,N,N,N,N,N,N,N,N,N,N,N,N,N,N,N,N,N,N,N,N,N,N,N,N,N,N,N,N,N,N,N,N,N,N,N,N,N,N,N,N,N,N,N,N,N,N,N,N,N,N,N,N,N,N,N,V,N,N,N,N,N,V,N,V,N,N,N,N,N,N,N,N,N,N,N,N,V,N,N,N,N,N,N,N,N,N,N,N,N,N,N,N,N,N,N,N,N,N,N,N,N,N,N,N,N,N,N,N,N,N,N,N,N,N,N,N,N,N,N,N,N,N,N,N,N,N,N,N,N,N,N,N,N,N,N,N,BL01UK01GE066,UKGE066,1116,37.2,2021,gb
R_2dKCLeiBo9Ccd3Y,Female,University degree or equivalent,University degree or equivalent,65,35,0,NA,German;65;,English;35;,,50,50,0,NA,German,NA,10,9,NA,NA,I always (or almost always) speak German to my child,English,NA,3,10,NA,NA,I always (or almost always) speak English to my child,First,NA,1,24,Always (or almost always) German,3,V/S,V/S,V/S,V/S,V/S,V/S,N,V/S,V/S,V/S,V/S,V/S,V/S,V/S,V/S,V/S,V/S,V/S,V/S,V/S,V/S,V/S,V/S,V/S,N,V/S,V/S,V/S,V/S,V/S,V/S,V/S,V/S,V/S,V/S,V/S,V,V,V/S,V/S,V/S,V/S,V/S,V/S,V/S,N,V/S,V/S,V/S,V/S,V/S,V/S,V/S,V/S,V/S,V,V,V/S,V/S,V,V/S,V/S,V/S,V/S,V/S,V/S,V/S,V/S,V/S,V/S,V/S,V/S,V/S,V/S,V/S,V/S,N,N,V/S,V/S,V/S,V/S,V/S,V/S,V/S,V/S,V/S,V/S,V/S,V/S,V/S,V,V/S,V/S,V/S,V/S,V/S,V,V/S,V,V/S,V/S,V/S,V/S,V/S,V/S,V/S,V/S,V/S,V/S,V/S,V/S,V/S,V/S,V/S,V/S,V/S,V/S,V/S,V/S,V/S,V/S,V/S,V/S,V/S,V/S,V/S,V,V/S,V/S,V,V/S,V/S,V/S,V,V,V/S,V/S,N,N,N,N,N,V,V,N,N,V,V,V/S,V/S,V/S,V/S,V/S,V/S,V/S,V,N,V/S,V/S,V/S,V,V/S,V,V/S,V,V,V,V/S,V,V/S,V/S,V/S,V/S,V/S,V/S,V,N,V/S,V/S,V/S,V/S,V/S,V,V,V/S,V/S,V,N,V/S,V/S,V/S,V/S,V,V/S,V/S,V/S,V/S,V/S,V/S,V/S,V/S,V/S,V/S,V/S,V,V/S,V/S,V/S,V,N,V,V/S,V/S,V,V/S,V,V,V/S,V/S,V/S,V/S,V/S,V/S,N,N,V,V/S,V,V/S,N,N,V/S,V/S,V/S,V/S,V/S,V,V/S,V/S,V,V/S,V,N,V/S,V/S,N,V/S,V/S,V/S,V/S,V/S,V/S,V/S,V/S,V,V/S,V,V,V/S,V/S,V/S,V/S,V/S,V/S,V/S,V/S,V,V,V,V,V,V/S,V/S,V/S,V/S,N,V/S,V,V/S,V/S,V/S,V/S,V/S,V/S,V,V/S,V/S,N,V/S,V/S,V/S,V/S,V/S,V/S,V/S,V/S,V/S,V/S,V/S,V/S,V,V/S,N,V/S,V,V,V/S,V/S,V/S,V/S,V/S,V/S,V/S,V/S,V/S,V/S,V/S,V/S,V/S,V/S,V/S,V/S,V,V/S,V/S,V/S,V/S,V,V/S,V,V/S,V/S,V,V/S,V/S,V,V/S,V/S,V/S,V,N,V,V/S,V/S,V/S,V/S,V/S,V/S,V/S,V/S,V/S,V/S,V/S,V/S,V/S,V/S,V,V/S,V,V/S,V,V,V/S,V/S,V/S,V/S,V/S,V/S,N,V,V/S,V/S,V,V,V,N,V,V/S,V,V,V,V/S,V/S,V/S,V,V/S,V,V,V,V,V,V,V,V/S,V/S,V,V,V/S,V/S,V/S,V/S,V/S,V/S,V/S,V/S,V/S,V/S,V/S,V/S,V/S,V/S,V/S,V,V,V/S,V/S,V/S,BL01UK01GE067,UKGE067,861,28.7,2021,gb
R_2v2H7wmnzNMFove,Female,University degree or equivalent,University degree or equivalent,30,70,0,NA,German;30;,English;70;,,30,70,0,NA,German,NA,10,10,8,French ,I always (or almost always) speak German to my child,English,NA,4,10,NA,NA,I regularly speak both German and English to my child,First,NA,1,NA,NA,6,N,V,N,N,N,N,N,N,N,N,N,N,N,V,N,N,V,N,N,N,N,N,N,N,V,N,N,N,N,N,N,N,N,N,N,N,N,N,N,N,N,V/S,N,N,N,N,N,V,N,N,V,N,N,N,N,N,N,V,V,V,N,N,N,V,N,V,N,N,N,N,N,N,N,V,N,N,N,N,N,N,N,N,N,V,N,N,N,N,N,N,N,N,N,N,V,N,N,N,N,N,N,V,N,N,N,N,V,N,V,N,V,N,N,V,N,N,N,N,N,N,V,N,N,N,N,V,N,N,N,V,N,N,N,N,V,N,V,N,N,N,N,N,V,N,V,V,N,N,N,N,V,N,N,N,N,N,N,N,N,N,N,N,N,N,N,N,N,N,N,N,N,N,N,N,N,N,N,N,N,N,N,N,V,N,V,N,N,V,N,N,N,N,N,N,N,N,N,N,N,N,N,N,N,N,V,N,N,N,N,N,N,N,N,N,N,N,N,N,N,V,N,N,N,V,N,N,N,N,N,N,V,N,N,V/S,V,V,V,V,V,V/S,V,N,N,V,V,V,N,N,N,V,N,V,N,N,N,N,V,N,N,V/S,V,V,V/S,N,N,V,N,N,N,N,N,N,N,V,N,N,N,N,N,N,N,V,V,N,N,N,N,N,N,N,N,N,V,N,N,N,N,N,N,N,N,N,N,N,N,N,N,N,V,N,N,N,N,N,V,N,N,N,N,V,N,N,N,N,N,N,N,N,N,N,N,N,N,N,V,N,N,N,N,N,N,N,N,N,V,N,N,N,N,N,N,N,N,N,N,N,N,N,N,N,N,N,N,N,N,N,N,N,N,N,N,N,N,N,N,N,V,N,V,N,N,N,N,N,N,N,N,N,N,N,N,N,N,N,N,N,N,N,N,N,N,N,N,N,N,N,N,N,N,N,N,N,N,N,N,N,N,N,BL01UK01GE068,UKGE068,418,13.93333333,2021,gb
R_xDG9u8zckDl8oN3,Male,University degree or equivalent,University degree or equivalent,40,59,1,NA,German;40;,English;59;,NA,65,34,1,NA,German,NA,10,7,1,Swedish,I regularly speak both German and English to my child,English,NA,1,10,NA,NA,I always (or almost always) speak English to my child,First,NA,1,12,Always (or almost always) English,1,N,N,N,V,V,N,N,V,N,V,V,V,N,N,V,N,N,N,N,V,N,N,N,N,N,N,V,N,N,N,V,N,N,N,N,N,N,N,N,N,N,N,N,N,N,N,N,N,N,N,N,N,N,N,N,N,N,V,N,N,N,N,N,N,N,V,N,N,N,N,N,N,N,V,N,N,N,N,N,N,N,N,N,N,N,N,N,N,N,N,N,N,N,V,N,N,N,N,V,N,N,N,N,V,N,N,N,N,N,N,N,N,N,N,N,N,N,N,N,N,N,N,N,N,N,N,N,N,N,N,N,N,N,N,V,N,N,N,N,N,N,N,N,N,N,N,N,N,N,N,N,N,N,N,N,N,N,N,N,N,N,N,N,N,N,N,N,N,N,N,N,N,N,N,N,N,N,N,N,N,N,N,N,N,N,N,N,N,N,N,N,N,N,N,N,N,N,N,N,N,N,N,N,N,N,N,N,N,N,N,N,N,N,N,N,N,N,N,N,N,N,N,N,N,N,N,N,N,N,N,N,N,N,V,N,N,V,N,N,N,N,N,N,N,N,N,N,N,N,N,V,N,V,N,V,N,N,N,N,V,N,V,V,N,N,N,N,N,N,N,N,N,N,N,N,N,N,N,N,N,N,V,N,N,N,N,N,N,N,N,N,N,N,N,N,N,N,N,N,N,N,N,N,N,N,N,N,N,N,N,N,N,N,N,N,N,N,N,N,N,N,N,N,N,N,N,N,N,N,N,N,N,N,N,N,N,N,N,N,N,N,N,N,N,N,N,N,N,N,N,N,N,N,N,N,N,N,N,N,N,N,N,N,N,N,N,N,N,N,N,N,N,N,N,N,N,N,N,N,N,N,N,N,N,N,N,N,N,N,N,N,N,N,N,N,N,N,N,N,N,N,N,N,N,V,N,N,N,N,N,N,N,N,N,N,N,N,N,BL01UK01GE070,UKGE070,373,12.43333333,2022,gb
R_3rOHtR8yHMjIFBW,Male,University degree or equivalent,University degree or equivalent,55,45,0,NA,German;55;,English;45;,,80,20,0,NA,German,NA,10,10,NA,NA,I always (or almost always) speak German to my child,English,NA,5,10,NA,NA,I always (or almost always) speak English to my child,First,NA,1,12,Always (or almost always) English,2,V/S,V/S,V/S,V/S,V/S,V/S,V,V/S,V/S,V/S,V/S,V/S,V/S,V/S,V/S,V/S,V/S,V/S,V/S,V/S,V/S,V/S,V/S,V/S,V/S,V/S,V/S,N,N,V/S,V/S,N,V/S,V/S,V/S,V/S,N,V,V/S,V/S,V/S,V/S,V,V/S,V/S,N,V/S,V/S,V/S,V/S,V/S,V/S,V/S,V/S,V/S,V/S,V/S,V/S,V/S,N,V/S,V,V,V/S,V/S,V/S,V/S,V/S,V/S,V/S,V/S,V/S,V,V/S,V/S,V/S,N,N,V/S,V/S,V/S,V/S,V/S,V/S,N,V/S,N,V/S,V/S,N,N,N,V/S,V/S,V/S,V/S,V/S,V,V/S,V/S,V/S,V/S,V,V/S,V,V/S,V/S,V/S,V/S,V/S,V/S,V/S,V/S,V,V,V/S,V,V/S,V/S,V,N,V/S,N,V,V,V/S,V,V,V/S,V/S,V/S,V/S,N,V/S,V,V/S,V/S,V/S,V/S,V/S,N,V,N,V/S,V/S,N,N,V,V/S,V/S,V/S,V/S,N,V/S,V/S,V,V,V,V/S,V/S,V/S,V/S,V/S,N,V/S,V,V,V/S,V/S,V/S,V/S,V/S,V/S,V/S,V/S,V/S,N,N,V/S,V/S,V/S,N,V/S,V,V,V/S,V,V,N,V/S,V/S,V/S,N,V,N,V,V/S,V/S,V,N,V/S,V,V,V/S,V/S,V,V/S,V/S,V/S,N,V/S,V/S,V/S,N,N,V/S,V/S,V,V,V/S,V,V/S,V,V/S,V/S,V,N,N,V/S,V/S,N,N,V/S,V/S,V/S,V,V/S,V,V/S,V/S,V,V,V/S,V/S,N,V/S,N,V/S,V/S,V/S,V/S,V/S,V/S,V/S,V/S,N,V,V,V,V/S,V/S,V/S,V/S,V/S,V,V,V/S,V,V/S,V,V/S,V/S,V,V/S,V/S,V,V,V,V/S,V/S,V/S,V/S,V/S,V/S,V/S,V,V/S,V,N,V/S,V/S,V,V/S,V/S,V,V/S,V/S,V/S,N,V/S,V/S,V/S,V,V/S,V/S,V,V/S,V/S,V/S,V/S,V,N,V/S,V/S,V/S,V/S,V,V,V,V/S,V/S,V,V/S,V,V/S,V/S,V,N,N,V,V,V,V/S,V,V/S,V/S,V,V/S,V/S,V/S,N,N,V,V/S,V/S,V/S,V/S,V/S,V/S,V/S,V/S,V/S,V/S,V,V/S,V/S,V/S,V,V/S,V,V/S,N,N,V,V/S,V/S,V,V/S,V/S,N,N,V/S,V,N,V,V,V,V,V,V/S,V,V,N,V,V,V,V,V/S,V,V,V,V,V,V,V,V,V,N,V/S,V/S,V/S,N,V,V/S,V/S,V,V,V/S,V,V/S,V/S,V/S,N,V/S,V,V/S,V/S,V/S,BL01UK01GE043,UKGE043,803,26.76666667,2020,gb
R_3fvGooN5LMZrpsO,Female,University degree or equivalent,Left school at 18 with A-Levels or equivalent,40,50,10,Filipino,German;40;,English;50;,Filipino;10;,30,60,10,Filipino,Other(s),Bilingual English and Filipino,5,10,10,Filipino,I regularly speak a mix of German / English / other languages to my child,German,NA,10,7,10,Dutch,I regularly speak both German and English to my child,First,NA,1,10,Always (or almost always) German,0,V/S,V/S,V,V,V/S,V/S,V/S,V/S,V/S,V/S,V/S,V/S,V,V,V,V,V,V,V,V,V/S,V,N,V,V,V,V,N,N,V,V,N,V,V/S,V,V,V,N,V,V,V,V,V,V,V,N,V,V/S,V,V,N,V/S,N,V,V,N,N,V/S,V/S,N,V,V,V,V,N,V/S,V/S,V/S,V,V,V/S,N,N,V,V/S,N,N,N,V,V,V,V,N,V,V,V,V,V/S,N,N,N,N,V/S,N,V/S,V/S,V,V,V/S,V,V,V/S,N,V/S,N,V,V/S,V,V,V/S,V/S,V/S,V/S,N,V,V,N,V,V,N,N,N,N,N,N,V,V,N,V,V/S,N,V/S,N,V,N,V,V,V,V,N,N,N,N,V,N,N,N,V,N,V,V,V,V,N,V/S,N,V,N,V/S,V,V,N,V,N,V/S,V,N,N,V/S,N,N,V,N,N,N,V,N,N,V,N,V,N,V/S,N,V,N,N,V,N,N,V,V,N,N,N,N,N,V,N,N,N,N,V,V,N,N,V,V,N,N,N,N,N,N,N,V,N,V/S,V,V,N,N,V,V/S,N,N,N,N,N,N,N,N,N,V/S,N,N,V/S,N,V,V/S,N,N,N,N,N,V,N,V/S,V,V,V/S,V,V/S,V/S,V/S,N,V,N,N,V/S,N,V/S,V/S,V,N,N,N,N,V,N,V,N,V,V,N,N,N,N,V,N,N,V,N,V,N,N,V,V,N,N,N,N,V,V/S,V,V,N,V,N,V,V,N,N,N,N,N,N,V,N,V,N,N,N,N,N,V,N,N,V,V,N,N,V,N,N,V,N,N,N,V,N,N,V,N,N,N,N,V/S,N,N,N,N,N,V/S,N,V/S,V,N,V/S,N,V/S,V,V,N,N,N,V,N,V/S,N,N,N,N,N,V,V,N,V,V,N,N,N,N,N,N,V/S,V,V,V,N,N,V,N,N,N,N,N,N,V,N,N,N,N,N,V/S,N,N,N,N,N,V,N,N,N,N,N,N,N,V,N,N,N,N,N,N,N,N,N,BL01GE01GE001,GEGE001,725,24.16666667,2021,de
R_zedcdtOrZ5EEk7f,Male,University degree or equivalent,University degree or equivalent,40,50,10,Hindi,German;40;,English;50;,Hindi;10;,30,60,10,NA,Other(s),Trilingual German English and Hindi,6,10,10,NA,I regularly speak a mix of German / English / other languages to my child,Bilingual German and English,NA,8,10,NA,NA,I regularly speak both German and English to my child,First,NA,1,18,Both German and English regularly,18,N,N,N,N,N,V/S,V/S,V/S,V/S,V/S,V/S,V/S,V/S,V/S,V/S,V/S,V/S,V/S,V/S,V/S,V/S,V/S,V/S,V/S,V/S,V/S,V/S,V/S,V/S,V/S,V/S,V/S,V/S,V/S,V/S,V/S,V/S,V/S,V/S,V/S,V,V/S,V/S,V/S,V/S,V,V/S,V/S,V/S,V/S,V/S,V/S,V/S,V/S,V/S,V,V/S,V/S,V/S,N,V/S,V/S,N,V/S,V/S,V/S,V/S,V/S,V/S,V/S,V/S,V/S,V/S,V/S,V/S,V/S,V/S,V/S,V/S,V/S,V/S,V/S,V/S,V/S,N,V/S,V/S,V/S,V/S,V/S,V/S,V/S,V/S,V/S,V/S,V/S,V/S,V/S,V/S,V/S,V/S,V/S,V/S,V/S,V/S,V/S,V/S,V/S,V/S,V/S,V/S,V/S,V/S,V/S,V/S,V/S,V/S,V/S,V/S,V/S,V/S,V/S,N,N,V/S,V/S,V/S,V,V,V/S,V/S,V/S,N,N,N,V/S,V/S,V/S,V/S,V/S,V/S,N,N,V/S,V/S,N,N,V/S,V/S,V/S,V/S,V/S,V/S,N,V/S,V/S,V/S,V/S,V/S,V/S,V/S,V/S,V/S,V/S,V/S,V/S,V/S,V/S,V/S,V/S,V/S,V/S,V/S,N,V/S,V/S,V/S,V/S,V/S,V/S,V/S,V,V/S,V/S,V/S,V/S,V/S,V/S,V/S,V/S,V/S,V/S,V/S,V/S,V/S,N,V/S,V/S,V/S,V/S,V/S,V/S,V/S,V/S,V/S,N,V/S,V/S,V/S,V/S,V/S,V/S,V/S,N,V/S,V/S,N,V/S,V/S,N,V/S,V/S,V/S,V/S,V/S,V/S,V/S,V/S,V/S,V/S,V,V/S,V/S,V/S,V/S,V,V/S,V/S,V/S,V/S,V/S,V/S,V/S,V/S,N,V/S,N,V/S,V/S,V/S,N,V/S,V/S,V/S,V/S,V,V/S,V,V/S,V/S,V/S,V,V/S,V/S,V/S,N,N,N,N,N,N,V,V,V/S,V/S,V,V,V,V,V,V,V,V/S,V,V/S,V,V/S,V/S,V,V,N,N,N,V/S,N,V/S,V,N,V,V,V,V,V/S,V,V/S,V,V,V,N,V/S,V/S,V/S,V/S,V/S,V/S,V/S,V/S,V/S,V,V/S,V,N,V/S,V/S,V,V,N,N,V,V,V,V,V,N,V/S,V/S,N,V/S,V/S,N,V/S,V/S,V/S,V/S,V/S,V/S,V/S,V/S,V/S,V/S,N,V/S,V/S,V/S,V/S,V/S,V/S,V/S,V/S,V/S,V/S,N,N,V/S,V/S,V/S,N,V/S,V/S,N,V/S,N,N,V/S,V/S,V/S,V/S,V/S,V/S,V/S,V/S,V/S,V/S,V/S,V/S,V/S,V/S,V/S,V/S,V/S,V/S,V/S,V/S,V/S,V/S,V/S,V/S,V/S,V/S,V/S,V/S,N,V/S,V/S,N,V/S,V/S,V/S,V/S,V/S,V/S,V/S,N,V/S,N,V/S,V/S,V/S,BL01GE01GE002,GEGE002,885,29.5,2021,de
R_TefU48kTWdhRNAJ,Female,University degree or equivalent,University degree or equivalent,70,30,0,NA,German;70;,English;30;,,45,55,0,NA,German,NA,10,8,NA,NA,I always (or almost always) speak German to my child,English,NA,4,10,NA,NA,I always (or almost always) speak English to my child,Second,NA,2,16,Always (or almost always) German,13,V/S,V/S,V/S,V,V/S,V/S,V/S,V/S,V/S,V/S,V/S,V/S,V/S,V/S,V/S,V,V/S,V/S,V,V/S,V/S,V/S,V,V/S,V/S,V,V/S,V,V,V/S,V/S,N,V/S,V/S,V,V/S,N,V,V/S,V/S,V/S,V/S,V/S,V/S,V/S,N,V/S,V/S,V/S,V/S,V/S,V/S,V/S,V/S,V/S,V,V/S,V/S,V/S,V,V/S,V/S,V,V,V,V/S,V/S,V/S,V/S,V,V/S,V/S,V,V/S,V/S,V,N,V,V/S,V/S,V/S,V/S,V,V/S,V,V/S,V/S,V/S,V,V/S,V/S,N,V,V,V/S,V/S,V/S,V,V/S,V/S,V/S,V/S,V,V/S,V,V/S,V/S,V/S,V/S,V/S,V/S,V/S,V,V,V,V/S,V,V,V/S,V,N,V,V/S,V/S,V,V/S,V,V,V,V/S,V,V/S,V/S,V/S,V/S,V/S,V/S,V,V/S,V,N,V,N,V/S,V,N,N,V,V,V/S,V/S,V/S,V,V/S,V/S,V,V,V/S,V/S,V/S,V,V/S,V,N,V/S,V,N,V,V/S,V,V,V/S,V/S,V/S,V,V/S,N,N,V/S,V,V/S,V,V/S,V,V,V/S,V,V,N,V/S,V/S,V/S,N,N,N,V,N,V/S,N,N,V/S,V,N,V/S,V/S,N,V/S,V/S,V/S,V,N,V,V,V/S,V,V/S,V,V,V/S,V/S,V,V/S,V/S,V/S,V/S,V/S,V,V,V/S,V/S,N,N,V,V/S,V/S,V,V/S,V,V/S,V/S,N,V/S,V,V,V,V,N,V/S,V/S,V,V/S,V/S,V/S,V,V/S,V,V,V,V/S,V/S,V/S,V/S,V/S,V,V,V,V/S,N,V,V,V/S,V,V,V/S,V/S,V/S,V,V/S,V/S,V,V,V,V,V/S,V/S,V,V/S,V,N,V/S,V,V,V/S,V/S,V,V/S,V/S,V/S,V/S,V/S,V/S,V,V,N,V/S,V,V/S,V/S,V/S,V/S,V,V,V,V/S,V/S,V/S,V/S,V,V,V,V/S,V,V/S,N,V/S,V/S,V/S,N,V/S,V,V,V,V/S,V,V/S,V,V,V/S,V/S,V,N,N,N,V/S,V/S,V/S,V/S,V,V/S,V/S,V/S,V/S,V/S,V,V/S,V/S,V/S,V,V/S,N,V/S,V/S,V,V,V,V/S,V/S,V/S,V,N,V,V,V,V,V,V/S,V,V,V/S,V,V,V,V,V,V,V/S,V,V/S,V/S,V,V/S,V,V/S,V,V/S,V/S,V,V,V,V/S,V/S,V/S,V,V/S,V/S,V/S,V,V/S,V,V/S,V/S,V,N,V/S,N,V/S,V/S,V,BL01GE01GE003,GEGE003,826,27.53333333,2021,de
R_3DumYCpkAz6pGBY,Male,University degree or equivalent,University degree or equivalent,75,25,0,NA,German;75;,English;25;,,35,65,0,NA,English,NA,6,10,8,French,I always (or almost always) speak English to my child,German,NA,10,9,NA,NA,I regularly speak a mix of German / English / other languages to my child,First,NA,1,14,Always (or almost always) German,1,V/S,V/S,V/S,V/S,V/S,V/S,V/S,V/S,V/S,V/S,V/S,V/S,V/S,V/S,V/S,V/S,V/S,V/S,V/S,V/S,V/S,V/S,V/S,V/S,V/S,V/S,V/S,V/S,V/S,V/S,V/S,V/S,V/S,V/S,V/S,V/S,V/S,V/S,V/S,V/S,V/S,V/S,V/S,V/S,V/S,V/S,V/S,V/S,V/S,V/S,V/S,V/S,V/S,V/S,V/S,V/S,V/S,V/S,V/S,V/S,V/S,V/S,V/S,V/S,V/S,V/S,V/S,V/S,V/S,V/S,V/S,V/S,V/S,V/S,V/S,V/S,V/S,V/S,V/S,V/S,V/S,V/S,V/S,V/S,V/S,V/S,V/S,V/S,V/S,V/S,V/S,V/S,V/S,V/S,V/S,V/S,V/S,V/S,V/S,V/S,V/S,V/S,V/S,V/S,V/S,V/S,V/S,V/S,V/S,V/S,V/S,V/S,V/S,V/S,V/S,V/S,V/S,V/S,V/S,V/S,V,V/S,V/S,V/S,V/S,V/S,V/S,N,V/S,V/S,V/S,V/S,V/S,V/S,V/S,V/S,V/S,V/S,V/S,V/S,V/S,V/S,V/S,V/S,V/S,V/S,V/S,V/S,V/S,V/S,V/S,V/S,V/S,V/S,V/S,V/S,V/S,V/S,V/S,V/S,V/S,V/S,V/S,V/S,V/S,V/S,V/S,V/S,V/S,V/S,V/S,V/S,V/S,V/S,V/S,V/S,V/S,V/S,V/S,V/S,V/S,V/S,V/S,V/S,V/S,V/S,V/S,V/S,V/S,V/S,V/S,V/S,V/S,V/S,V/S,V/S,V/S,V/S,V/S,V/S,V/S,V/S,V/S,V/S,V/S,V/S,V/S,V/S,V/S,V/S,V/S,V/S,V/S,V/S,V/S,V/S,V/S,V/S,V/S,V/S,V/S,V/S,V/S,V/S,V/S,V/S,V/S,V/S,V/S,V/S,V/S,V/S,V/S,V/S,V/S,V/S,V/S,V/S,V/S,V/S,V/S,V/S,V/S,V/S,V/S,V/S,N,V/S,V/S,V/S,V/S,V/S,V/S,V/S,V/S,V,V/S,V/S,V/S,V/S,V/S,V/S,V/S,V/S,V,V/S,V,V/S,V/S,V/S,V/S,V/S,V/S,V/S,V/S,V/S,V/S,V/S,V/S,V/S,V/S,V/S,V/S,V/S,V/S,V/S,V/S,V/S,V,V/S,V/S,V/S,V/S,V/S,V/S,V/S,V/S,V/S,V/S,V/S,V/S,V/S,V/S,V/S,V/S,V/S,V/S,V/S,V/S,V/S,V/S,V/S,V/S,V/S,V/S,V/S,V/S,V/S,V/S,V/S,V/S,V/S,V/S,N,V/S,V/S,V/S,V/S,V/S,V/S,V/S,V,V/S,V,V/S,V/S,V/S,V/S,V/S,V/S,V/S,V/S,V/S,V/S,V/S,V/S,V/S,V/S,V/S,V/S,V/S,V/S,V/S,V/S,V/S,V/S,V/S,V/S,V/S,V/S,V/S,V/S,V/S,V/S,V/S,V/S,V/S,V/S,V/S,V/S,V/S,V/S,V/S,V/S,V/S,V/S,V/S,V/S,V/S,V/S,V/S,V/S,V/S,V/S,V/S,V/S,V/S,V/S,V/S,V/S,V/S,V/S,V/S,V/S,V/S,V/S,V/S,V/S,V/S,V/S,V/S,V/S,V/S,V/S,V/S,V/S,V/S,V/S,V/S,V/S,V/S,V/S,V,V/S,V/S,V/S,V/S,V/S,BL01GE01GE004,GEGE004,985,32.83333333,2021,de
R_bJGZ36X1YRWOzgl,Male,University degree or equivalent,University degree or equivalent,50,45,5,French,German;50;,English;45;,French;5;,30,70,0,NA,English,NA,9,10,NA,NA,I always (or almost always) speak English to my child,Other(s),Bilingual French and German,10,9,10,French,I regularly speak both German and English to my child,First,NA,1,12,Always (or almost always) German,NA,V/S,V/S,V/S,V,V/S,V/S,N,V/S,V/S,V/S,V/S,V/S,V/S,V/S,V/S,N,V/S,V/S,V/S,V/S,V/S,V/S,V/S,V/S,V/S,V/S,V/S,N,V,V/S,V/S,V/S,V/S,V/S,V/S,V/S,N,N,V/S,V/S,V/S,V/S,V/S,V/S,V/S,N,V/S,V/S,V/S,V/S,V/S,V/S,V/S,V/S,V/S,V/S,V/S,V/S,V/S,V,V/S,N,V/S,V/S,V/S,V/S,V/S,V/S,V/S,V/S,V/S,V/S,V/S,V/S,V/S,V/S,V/S,V/S,V/S,V/S,V/S,V/S,V,V/S,V/S,V,V/S,V/S,V/S,V/S,V/S,V/S,V/S,N,V/S,V/S,V/S,N,V/S,V/S,V/S,V/S,V/S,V/S,V/S,V/S,V/S,V/S,V/S,V/S,V/S,V/S,V/S,V/S,V/S,V/S,V,V/S,V/S,V/S,N,N,V/S,N,V/S,V/S,V/S,V,V/S,V/S,V/S,V/S,V/S,V/S,V,V/S,V/S,V/S,V/S,V/S,V,V/S,V,V/S,V/S,N,N,V/S,V/S,V/S,V/S,V/S,V/S,V/S,V/S,V/S,V/S,V,V/S,V/S,V/S,V/S,V/S,N,V/S,V,V/S,V,V/S,V/S,V/S,V/S,V/S,V/S,V/S,V/S,V,V/S,V/S,V/S,V/S,N,V/S,V/S,V/S,V/S,V/S,V/S,N,V/S,V/S,V/S,V/S,N,N,V/S,V,V,V,N,V/S,V,V/S,V/S,V/S,N,V/S,V/S,V/S,V/S,N,V,V/S,V/S,N,V/S,V/S,V/S,V/S,V/S,V/S,V,V/S,V/S,V,V,N,V/S,V,V/S,N,N,V,V/S,V/S,N,N,N,N,N,N,N,V/S,V/S,V/S,V/S,N,V,V/S,V/S,V/S,V/S,V/S,V/S,V/S,V/S,V/S,V/S,V,V/S,V,V,V/S,V/S,V,V,V/S,N,V,N,N,V/S,N,V/S,V/S,V/S,N,N,N,V/S,N,V/S,V/S,V/S,V/S,N,V/S,V/S,N,V/S,V/S,V,V/S,V/S,V,V/S,N,N,V,N,V/S,V/S,V/S,N,V/S,N,V/S,V/S,V/S,V/S,V/S,V/S,V/S,V/S,V/S,V/S,V/S,V,V/S,V/S,V/S,V,V/S,V,V/S,V/S,V/S,N,N,V/S,N,V/S,V/S,N,V,N,N,V/S,V/S,V/S,N,N,N,V/S,V/S,V/S,V/S,N,V/S,V/S,V/S,V/S,V/S,V/S,V/S,V/S,V/S,V,V/S,N,V/S,N,N,V/S,V/S,V/S,V/S,V/S,V/S,N,V/S,N,N,N,V,V/S,N,N,V/S,V/S,N,V/S,N,N,V/S,V/S,N,V/S,V/S,N,V,V/S,V/S,N,V/S,V/S,V,V,V/S,V/S,V/S,N,V,V/S,V/S,V/S,V/S,V/S,V/S,V/S,V/S,V/S,V/S,V,N,V/S,V/S,V/S,BL01GE01GE005,GEGE005,942,31.4,2021,de
R_sZh1hMVtdfbpji1,Male,University degree or equivalent,University degree or equivalent,20,80,0,NA,German;20;,English;80;,,15,85,0,NA,English,NA,8,10,NA,NA,I always (or almost always) speak English to my child,German,NA,10,10,NA,NA,I always (or almost always) speak German to my child,First,NA,1,NA,NA,1,V/S,V/S,V/S,V/S,V/S,V/S,V/S,V/S,V/S,V/S,V/S,V/S,V/S,V/S,V/S,V/S,V/S,V/S,V/S,V/S,V/S,V/S,V/S,V/S,V/S,V/S,V/S,V,N,V/S,V/S,V,V/S,V/S,V/S,V/S,V/S,V/S,V/S,V/S,V/S,V/S,V/S,V/S,V/S,N,V/S,V/S,V/S,V/S,N,V/S,V/S,V/S,V/S,V/S,V/S,V/S,V/S,V/S,V/S,V/S,V/S,V/S,V/S,V/S,V/S,V/S,V/S,V/S,V/S,V/S,V/S,V/S,V/S,V/S,V/S,V/S,V/S,V/S,V/S,V/S,V/S,V/S,N,V/S,V/S,V/S,V/S,V/S,V/S,V/S,V/S,V/S,V/S,V/S,V/S,V/S,V/S,V/S,V/S,V/S,V/S,V/S,V/S,V,N,V/S,V/S,V/S,V/S,V/S,V/S,V/S,V/S,V/S,V/S,V/S,V/S,V/S,V/S,V/S,V/S,V/S,V/S,V/S,V/S,V/S,V/S,V/S,V/S,V/S,V/S,V/S,V/S,V/S,V/S,V/S,V/S,V/S,V/S,V/S,V/S,V/S,V/S,V/S,N,V/S,V/S,V/S,V/S,V/S,V/S,V/S,V/S,V/S,V/S,V/S,V/S,V/S,V/S,V/S,V/S,V/S,V/S,V/S,V/S,V/S,V/S,V/S,V/S,V/S,V/S,V/S,V/S,V/S,V/S,V/S,V/S,V/S,V/S,V/S,V/S,V/S,V/S,V/S,V/S,V/S,N,V/S,V/S,V/S,V/S,V/S,N,V/S,V/S,V/S,N,N,V/S,V/S,V/S,V/S,V/S,V/S,V/S,V/S,V/S,V/S,V/S,V/S,V/S,V/S,V/S,V/S,V/S,V/S,N,V/S,V/S,V/S,V/S,V/S,V/S,V/S,V/S,V/S,V/S,V/S,N,V,V/S,V/S,V/S,V/S,V/S,V/S,V/S,V/S,V/S,V/S,V/S,V/S,V/S,V/S,V,V/S,V/S,V/S,V/S,V/S,V/S,V/S,V/S,V/S,V/S,V/S,V,V/S,V/S,V/S,V/S,V/S,V/S,V/S,V/S,V,V/S,V/S,V/S,N,V/S,V/S,V/S,V/S,V/S,V/S,V/S,V/S,V/S,V/S,V/S,V/S,V/S,V,V/S,V/S,N,V/S,V/S,V/S,V/S,V/S,V/S,V/S,V/S,V/S,V/S,V/S,V/S,V/S,V,V,V/S,V/S,V/S,V/S,V/S,V/S,V/S,V/S,V/S,V/S,V/S,V/S,V/S,V,V/S,V/S,V/S,V,V/S,V,V/S,V/S,V/S,V,V/S,V/S,V/S,V,V/S,V,V,V/S,V,V/S,V/S,V/S,V,V,V/S,V/S,V/S,V/S,V/S,V/S,V/S,V/S,V/S,V/S,V/S,V,V/S,V/S,V/S,V,V/S,V,V/S,V,V/S,V,V/S,V/S,V,V/S,V/S,N,V,V,V/S,V/S,V/S,V/S,V/S,V/S,V/S,V/S,V/S,V/S,V/S,V/S,V/S,V/S,V/S,V/S,V/S,V,V/S,V/S,V/S,V/S,V/S,V/S,V/S,V/S,V/S,V/S,V/S,V,V/S,V/S,V/S,V/S,V/S,V/S,V/S,V/S,V/S,V/S,V/S,V/S,V,V/S,V/S,V/S,BL01GE01GE006,GEGE006,1039,34.63333333,2021,de
R_3PZzJXJwcv3F8tK,Male,University degree or equivalent,University degree or equivalent,80,20,0,NA,German;80;,English;20;,,30,70,0,NA,English,NA,5,10,NA,NA,I always (or almost always) speak English to my child,English,NA,5,10,NA,NA,I always (or almost always) speak English to my child,First,NA,1,12,Always (or almost always) German,2,V/S,V/S,V/S,V/S,V/S,V/S,V/S,V/S,V/S,V/S,V/S,V/S,V,V/S,V,V,V,V,V,V,V,V,V,V,V/S,V,V,V,V,V,V,V,V,V/S,V,V,V,N,V,V,V,V,V,V,V,N,V,V/S,V,V,V,V/S,V,V,V,V,V,V/S,V/S,V,V,V/S,V,V,V,V/S,V/S,V/S,V,V/S,V/S,V/S,N,V/S,V,V,V,V,V,V,V,V,N,V/S,V,N,V,N,N,V,V,V,V/S,N,V/S,V/S,V/S,V,V,V,V,V,V,V,V,V,V,V/S,V,V,V,V,V,V,V,V,V,V,V/S,V,V/S,V,V,V,V,V,V,N,V,V,V,V,V,V,V,V,V/S,V,N,N,V,V,N,V,V,N,N,V,V,V,V,V,V,V,V,V,N,V/S,V,V,V,V/S,V,N,V/S,V,N,V,V,V,V/S,V,V,V,V,V/S,N,V,V,V,V/S,V,V/S,N,V,V,V,V,N,V,V,V,N,N,V,V,V/S,V,V,V,N,N,V,V,V,V,V/S,V,V,V,N,V,V,N,V,V,V,V,V,V,V,V,V,V/S,N,N,N,N,N,V,N,N,N,V/S,N,N,V/S,N,V/S,V/S,N,V,N,V,N,V,N,V/S,V,V,V,V,V,V/S,V/S,V,V,V,V,V/S,V,V,V/S,V,V,N,V,N,V,N,V,V,V,V/S,V,V,N,N,N,V,V,V,V,V,V,N,V,V,N,V/S,V,N,V,V,V,V,V,V,V,V,V/S,V,V,V,V,V,N,N,V,V,V,V,V,V,V,V,V,V,V,V,V,N,V,V,V,N,V,V,N,V,V,V,V,N,V,N,N,N,N,V,N,N,N,N,N,N,V/S,N,V/S,V,V,V/S,V,N,V,V,V/S,V,N,V,N,N,N,V,N,V,V,V,N,N,V,V,V,N,V,V,V,V,V,N,N,V,N,N,V,V,V,V/S,V,V,V,V,V/S,V,V/S,V/S,V,V,V/S,V,V/S,V,V,V,V/S,V/S,N,V,V,V,N,N,N,V,N,V/S,V,V,BL01GE01GE007,GEGE007,592,19.73333333,2021,de
R_3gOxagAffQc2Y2S,Female,University degree or equivalent,University degree or equivalent,60,40,0,NA,German;60;,English;40;,,30,70,0,NA,English,NA,6,10,NA,NA,I always (or almost always) speak English to my child,German,NA,10,9,NA,NA,I always (or almost always) speak German to my child,Other,first and second - twins,1,28,Always (or almost always) German,NA,V/S,V/S,V/S,V,V,V/S,V/S,N,V/S,V/S,V,V/S,V/S,V/S,V,V,V/S,V/S,V,V,V/S,V/S,V,V/S,V/S,V/S,V/S,V,V,V/S,V/S,V,V/S,V/S,V,V,V,N,V/S,V/S,V/S,V/S,V,V/S,V/S,N,V/S,V/S,N,V,N,V/S,V/S,V/S,V/S,N,V,V/S,V,N,V,V,V,V,N,V/S,V,V/S,V/S,V/S,V/S,V/S,V,V/S,V/S,V,V,V,V,V/S,V,V/S,V/S,V/S,V,V,V/S,V/S,V,V/S,V/S,N,V/S,V/S,V/S,V/S,V/S,V,V,V,V,V/S,V,V,V,V,V/S,V,V,V/S,V/S,V,V/S,N,V,V/S,N,V/S,V/S,V/S,N,V,N,N,V,V,V,V,V,V/S,V,V/S,V,V/S,V/S,V/S,V/S,V,V,V,N,V,V,V,V,N,N,V,V,V,V,V/S,V,V,V/S,V,V,V/S,V/S,V/S,V,V,V/S,N,V/S,V/S,N,N,V/S,V/S,V/S,V,V/S,N,V/S,V/S,V,V,V/S,V,V,V,V/S,V/S,V/S,N,V,V,N,V/S,V/S,V/S,V,N,N,V,N,V,N,N,V/S,V,V/S,V/S,V/S,N,V,V,V,V,V,N,V/S,V/S,V,V,V,V,V/S,V/S,V,V,V/S,V/S,V,V/S,N,V/S,N,V,V,N,V,V/S,V,V,V/S,N,V/S,V/S,N,V,V/S,V,V,V,N,V/S,V/S,V/S,V/S,V/S,V/S,V/S,V/S,V,V,V,V/S,V/S,V,V/S,V/S,V,V,N,V,N,V,V,V,V,V,V,V,N,N,V,V,V,V,V/S,V/S,V/S,V/S,N,N,V,N,V/S,V,V,V/S,V/S,V,V/S,V/S,V,V,V/S,V,V/S,V,V,V,V,V/S,V,V/S,V/S,V/S,V,V,V/S,V/S,V/S,V,V,V,V,V,N,V/S,V,V/S,V/S,V,V,V,V,V,N,V,N,N,V,N,V,V,N,N,N,V,V,V/S,V,V,V,V,V,V/S,V/S,V/S,V,V/S,V/S,V/S,V,V,V,V/S,N,N,V,V,V/S,V,V,V/S,N,N,V,V,V,V,V,V,V,V,V,V,V,V,V,V,V,V,V/S,V/S,N,N,N,V/S,N,V/S,V/S,N,N,V,N,V,V,V,V,V,V,N,V,V,V/S,V,V,N,V/S,V,V/S,V/S,V/S,BL01GE01GE008,GEGE008,1019,33.96666667,2021,de
R_1QyMkptUYH1xVw8,Female,University degree or equivalent,University degree or equivalent,20,80,0,NA,German;20;,English;80;,,20,80,0,NA,English,NA,3,10,NA,NA,I always (or almost always) speak English to my child,English,NA,1,10,NA,NA,I always (or almost always) speak English to my child,Third,NA,3,NA,NA,NA,N,V/S,V/S,V/S,V/S,V/S,V/S,V/S,V/S,V/S,V/S,V/S,V,V/S,N,V,V/S,V,N,N,N,N,N,V/S,V/S,N,V/S,N,N,V/S,V/S,N,V,V,V,V,N,N,V,V,V,V/S,V,V,V/S,N,V,V/S,V/S,N,V,V/S,V,V,V,N,N,V/S,V/S,N,V,V,V,V,V/S,V,V/S,V/S,V,V,V,N,N,V,V,N,V,N,V,V/S,V/S,N,N,V,N,N,N,V,V/S,V,N,N,V/S,N,V/S,V,V,N,V,V,V,V,V,V/S,V,V/S,V,V,V,V,V/S,V/S,V,N,N,V/S,N,V,V,N,N,N,N,N,N,V,N,N,N,V/S,N,N,V/S,V/S,V/S,V/S,V/S,V,N,N,N,N,N,V/S,N,N,N,N,N,N,N,N,N,N,V/S,N,N,N,V,V,V,V,N,N,V,N,N,N,V,V,N,V,V,N,V/S,N,V,N,N,V/S,V/S,V,V/S,N,N,N,N,N,N,N,V,N,N,N,N,V,N,N,V/S,N,N,N,N,N,V,N,V,V,V,N,N,N,V,N,N,V,N,N,N,N,N,N,N,V/S,V/S,V/S,N,N,N,N,N,N,N,V/S,N,N,V/S,N,V/S,V/S,N,N,N,N,N,N,N,V/S,V/S,V,V/S,V/S,V/S,V/S,V/S,N,V,V,N,V/S,N,V/S,V/S,V,N,N,N,N,N,N,N,N,N,N,N,N,N,N,N,N,N,N,N,V/S,N,N,V/S,N,N,N,N,N,V/S,V/S,N,N,N,N,N,V/S,N,N,V/S,N,N,N,N,N,V,V,N,V/S,N,N,V,V,V/S,V,N,V,V,N,V,N,V,N,N,N,N,N,V,V,V,N,N,N,N,N,N,N,N,N,N,N,N,N,N,N,V/S,V/S,V/S,V/S,V/S,N,N,V,V,N,N,N,V,N,N,N,V,V,V,V,N,N,N,N,N,N,N,N,N,N,N,N,N,N,N,N,N,N,N,V/S,N,N,V/S,N,N,N,V/S,N,N,N,V/S,V/S,V/S,V,N,V/S,N,V,N,V/S,V,N,N,N,N,V,N,V/S,V/S,V,BL01GE01GE009,GEGE009,767,25.56666667,2021,de
R_2QmqQUxBwsiUF65,Female,University degree or equivalent,Left school at 18 with A-Levels or equivalent,70,30,0,NA,German;70;,English;30;,,35,65,0,NA,English,NA,5,10,NA,NA,I always (or almost always) speak English to my child,German,NA,10,9,0,NA,I always (or almost always) speak German to my child,First,NA,1,18,Always (or almost always) German,1,V/S,V/S,V/S,V/S,V/S,V/S,V/S,V/S,V/S,V/S,V/S,V/S,V/S,V/S,V/S,V/S,V/S,V/S,V/S,V/S,V/S,V/S,N,V/S,V/S,V/S,V/S,V/S,V/S,V/S,V/S,N,V/S,V/S,V/S,V/S,N,N,V/S,V/S,V/S,V/S,V/S,V/S,V/S,V,V/S,V/S,V/S,N,N,V/S,V/S,V/S,V/S,V/S,V/S,V/S,V/S,N,V/S,V/S,V/S,V/S,V/S,V/S,V/S,V/S,V/S,V/S,V/S,V/S,V/S,V/S,V/S,V/S,V/S,V/S,V/S,V/S,V/S,V/S,V/S,V/S,N,V/S,V/S,V/S,V/S,V/S,V/S,V/S,V/S,V/S,V/S,V/S,V/S,V/S,V/S,V/S,V/S,V/S,V/S,V/S,V/S,V/S,V/S,V/S,V/S,V/S,V/S,V/S,V/S,V/S,V/S,V/S,V/S,V/S,V/S,V/S,V,V/S,V/S,N,N,V/S,V/S,V,V/S,V/S,V/S,V/S,V,V/S,V/S,V/S,V/S,V/S,V/S,N,N,V/S,V/S,V/S,V/S,N,V/S,V/S,V,V/S,V/S,V/S,V/S,V/S,V/S,V/S,V/S,V/S,V/S,V/S,V/S,V/S,V/S,V/S,V/S,V/S,N,V/S,V/S,V/S,V/S,V/S,N,V/S,V/S,V/S,V/S,V/S,V/S,V/S,V/S,V/S,V/S,V,V/S,V/S,V/S,V/S,V/S,V/S,V/S,V/S,V/S,V,V,V/S,V/S,V/S,V/S,V/S,V/S,V/S,V/S,V/S,V/S,V,V/S,V/S,V/S,V/S,V/S,V/S,V/S,V/S,V/S,V/S,N,V/S,V/S,V/S,V/S,V/S,V/S,V/S,V/S,V/S,V/S,V/S,V/S,V/S,N,V/S,V/S,V/S,V/S,V/S,V/S,V/S,V/S,V/S,N,V/S,V/S,N,V,V/S,N,V/S,V/S,V/S,V/S,V/S,V/S,V/S,V/S,V/S,V/S,V/S,V/S,V/S,V/S,V/S,V/S,V/S,V/S,V/S,V/S,N,N,N,V/S,V,V,V/S,V/S,V/S,V/S,V/S,V/S,V/S,V,V/S,V/S,V/S,V/S,V/S,V/S,V/S,N,V/S,V/S,V/S,V/S,V/S,V/S,V/S,V/S,N,V/S,V/S,V/S,V/S,V/S,V/S,V/S,V,V/S,V/S,V/S,V/S,V/S,V/S,V/S,V/S,V/S,V/S,V/S,N,V,V/S,V/S,V,N,N,V/S,V,V/S,N,V,V/S,V/S,N,V,N,V/S,V/S,N,V/S,V/S,V/S,V,N,N,V/S,N,V/S,V/S,V/S,V/S,V/S,V/S,V/S,V/S,V/S,N,V/S,V/S,V/S,V/S,N,V/S,N,N,V,V/S,V/S,V/S,N,V/S,V,V,V/S,V/S,V,V,V/S,V/S,V/S,V/S,V/S,V,V/S,V,V/S,V,V/S,V/S,V/S,V/S,V/S,V/S,V/S,V/S,V,V/S,V/S,V/S,V,V/S,V/S,V/S,V,V,V/S,V,V/S,V/S,V/S,V/S,V/S,V/S,V,V,V/S,V,V/S,V/S,V/S,BL01GE01GE010,GEGE010,1083,36.1,2021,de
R_UVXMWzqOxPQ7Bgl,Female,University degree or equivalent,University degree or equivalent,30,70,0,NA,German;30;,English;70;,,20,80,0,NA,English,NA,5,10,NA,NA,I always (or almost always) speak English to my child,German,NA,10,8,NA,NA,I always (or almost always) speak German to my child,First,NA,1,NA,NA,NA,V/S,N,V/S,N,V/S,V/S,V/S,V/S,V/S,V/S,N,V/S,N,V,N,N,V,N,N,N,N,N,N,V,V,N,V,N,N,V,N,V,N,V,N,V,N,N,N,N,N,N,N,N,V,N,V,V,V,N,V,N,N,N,N,N,N,V,N,N,N,V,N,N,N,N,N,N,V,N,N,N,N,N,N,N,N,N,N,N,N,N,N,N,N,N,N,N,N,N,N,N,N,N,N,N,N,N,N,N,N,N,N,N,N,N,N,N,N,N,N,N,N,N,N,V,N,N,V,N,N,N,N,N,N,N,N,N,N,V,N,N,N,N,N,N,V,N,N,N,N,N,N,N,N,N,N,N,N,N,N,N,N,N,N,N,N,N,N,N,N,N,N,N,N,N,N,N,N,N,N,N,N,N,N,N,N,N,N,N,N,N,N,N,N,N,N,N,N,N,N,N,N,N,N,N,N,N,N,N,N,N,N,N,V,N,N,N,N,N,N,N,N,N,N,N,N,N,N,N,N,N,V,V,N,N,N,N,N,N,N,N,N,V/S,N,N,V,N,N,V,N,N,N,N,N,N,N,N,N,N,V,V,V,V,V,N,N,N,N,V,N,N,V,N,N,N,N,N,N,N,N,N,N,N,N,N,N,N,N,N,N,N,N,N,N,N,N,N,N,N,N,N,V,V,N,N,N,N,N,N,N,N,N,N,N,N,N,N,N,N,N,N,N,N,N,N,N,N,N,N,N,N,N,N,N,N,N,N,N,N,N,N,N,N,N,N,N,N,N,N,N,N,N,N,N,N,N,N,V,N,V,N,N,N,N,N,N,N,N,N,N,N,N,N,N,N,V,N,N,N,N,N,N,N,N,N,N,N,V,N,N,N,N,N,V,N,N,N,N,N,N,N,N,N,N,N,N,N,N,N,N,N,N,N,N,N,N,N,N,V,N,N,N,V,N,V,V,V,BL01GE01GE011,GEGE011,503,16.76666667,2021,de
R_5zL1uOZOkzmu6u5,Female,University degree or equivalent,University degree or equivalent,50,50,0,NA,German;50;,English;50;,,30,70,0,NA,English,NA,7,10,NA,NA,I always (or almost always) speak English to my child,German,NA,10,9,NA,NA,I always (or almost always) speak German to my child,Third,NA,3,NA,NA,NA,V/S,V/S,V/S,V/S,V/S,V/S,V/S,V/S,V/S,V/S,V/S,V/S,V,V,V,V,V,V,V,V,V/S,V,V,V,V,V,V,V,V,V,V,V,V,V,V,V,V,V,V,V,V,V,V,V,V,V,V,V/S,V,V/S,V,V,V,V,V,V,V,V/S,V/S,V,V,V/S,V/S,V,V,V,V,V,V/S,V,V/S,V/S,V,V,V/S,V,V,V,V,V,V,V,V,V,V,V,V,V,V,V,V,V,V/S,V,V,V,V,V,V,V,V,V,V,V,V,V/S,V,V,V,V,V,V,V,V,V,V,V,V/S,V,V,V,V,V,V,V,V,V,V,V,V/S,V,V,V,V,V,V,V,V,V,V,V,V,V,V/S,V,V,V,V,V,V,V,V,V,V,V/S,V,V,V,V,V,V,V,V,V,V/S,V,V,V,V/S,V,V,V,V,V,V,V,V,V,V,V,V,V,V,V,V,V,V,V,V,V,V,V,V,V,V,V,V,V,V,V,V,V,V,V,V,V,V,V,V,V,V,V,V,V,V,V,V,V,V,V,V,V,V,V,V/S,V,V,V,V,V,V,V,V,V/S,V,V,V/S,V,V/S,V/S,V,V,V,V,V,V,N,V,V/S,V,V,V/S,V,V/S,V/S,V,V,V,V,V/S,V,V/S,V/S,V,V,V,V,V,V,V,V,V,V,V,V,V,V,V,V,V,V,V,V,V,V,V,V,V,N,V,V,V,V,V,V,V,V,V,V,V,V,V,V,V,V,V,V,V,V,V,V,V,V,V,V,V,V,V,V,V,V,V,V,V,V,V,V,V,V,V,V,V,V,V,V,V,V,V/S,V,V,V,V,V,V,V/S,V,V,V,V,V,V,V,V,V,V,V,V,V,V/S,V,V,V,V,V,V,V,V,V,V,V,V,V,V,V,V,V,V,V,V,V,V,V,V,V,V,V,V,V/S,V,V,V,V,V,V,V,V,V,V,V,V,V/S,V,V,V,V/S,V/S,V,V,V,V,V,V,V,V,V,V/S,V,V,BL01GE01GE012,GEGE012,1002,33.4,2021,de
R_ykhxcvosc4SkPmh,Female,University degree or equivalent,University degree or equivalent,35,65,0,NA,German;35;,English;65;,,20,80,0,NA,English,NA,9,10,5,French,I always (or almost always) speak English to my child,German,NA,10,9,6,French,I always (or almost always) speak German to my child,First,NA,1,NA,NA,1,N,V/S,N,N,N,N,N,N,N,N,N,N,N,N,N,N,N,N,N,N,N,N,N,N,N,N,N,N,N,V,N,N,N,N,N,N,N,N,N,N,N,N,N,N,N,N,N,V,N,N,N,N,N,N,N,N,N,V,N,N,N,N,N,N,N,V,N,V,N,N,N,N,N,V,N,N,V,N,N,N,N,N,N,V,N,N,N,N,N,N,N,N,N,N,V,N,N,N,N,N,N,N,N,N,N,V,N,N,N,N,N,N,N,N,N,N,N,N,V,N,N,N,N,N,N,N,N,N,V,N,N,N,N,V,N,V,V,N,N,N,N,N,N,N,N,N,N,N,N,N,N,N,N,N,N,N,N,N,N,N,N,N,V,N,V,N,N,N,N,V,N,N,N,N,N,N,N,N,N,V,N,N,N,N,V,V,N,V,N,N,V,N,N,N,N,N,N,N,N,N,N,N,N,N,N,N,N,N,N,N,N,N,N,N,N,N,N,N,N,N,N,N,V,V,N,N,N,N,N,N,N,N,N,V,N,N,N,N,N,V,N,N,N,N,N,V,N,N,V,V,N,N,V,V,V/S,N,N,N,N,V,N,N,V,N,N,V,N,N,N,N,N,N,N,N,N,N,N,N,N,N,N,N,N,N,N,N,N,N,N,N,N,N,V,V,N,N,N,N,N,N,N,N,V,N,N,N,N,N,N,N,N,N,N,N,N,V,N,N,N,N,N,N,N,N,N,N,N,N,N,N,N,N,N,N,N,N,N,N,N,V,N,N,N,N,N,N,N,N,N,V,N,N,N,N,N,V,N,N,N,N,N,N,N,N,N,N,N,N,N,N,N,N,N,N,N,N,N,N,N,N,N,N,N,N,N,N,N,N,N,N,N,N,N,N,N,N,N,N,N,N,N,N,N,N,N,N,N,N,N,N,N,N,N,N,N,N,V,N,BL01GE01GE013,GEGE013,433,14.43333333,2021,de
R_2q1mkaeAy6RmlvC,Female,University degree or equivalent,University degree or equivalent,70,30,0,NA,German;70;,English;30;,,50,50,0,NA,English,NA,5,10,NA,NA,I always (or almost always) speak English to my child,German,NA,10,8,NA,NA,I always (or almost always) speak German to my child,First,NA,1,18,Always (or almost always) German,0,N,N,V/S,V,V/S,V/S,V/S,V/S,V/S,V/S,V/S,V/S,V,V/S,N,N,V/S,V,V,V,V/S,V/S,V,V/S,V,V,V/S,N,N,V/S,V,N,V,V/S,V,N,N,N,V/S,V,V,V,N,N,N,N,V,V/S,V/S,N,N,V/S,V,V/S,V,N,N,V/S,V/S,N,V/S,V,V,V/S,V,N,V/S,V/S,V/S,N,V/S,V/S,N,V,V/S,V,V,N,N,V/S,V/S,V,N,V/S,N,V,V,V/S,N,N,V,N,V/S,N,V/S,V,V,N,V/S,V,V,V,V,V/S,N,V/S,V/S,V/S,V,V/S,V/S,V/S,V/S,N,V/S,V,V,V,V/S,N,N,N,N,V,V,V,N,N,V,V/S,N,V/S,N,V/S,V,V/S,V/S,V,V,N,N,V,N,N,N,N,N,V,N,V,V,V,V,V,V,N,V,V/S,V/S,V,V,N,N,N,V/S,V,N,V,V/S,V,N,V,V/S,V/S,V/S,V/S,V/S,N,V,N,V,N,V/S,N,V,N,V,N,N,V/S,V,V/S,V/S,V/S,N,N,N,V/S,V,N,V,V,V,V,V,V/S,V/S,V/S,V,N,N,N,V,V/S,V,V,V,V,V,V,N,V,V,V/S,N,N,N,N,N,N,N,N,N,V/S,N,N,V/S,V/S,V/S,V/S,N,N,N,N,V,V/S,N,V/S,V/S,V,N,V,V,V/S,V/S,N,V,V,V,V/S,N,V/S,V/S,N,N,N,V,N,V,N,V,V,N,V,V,N,N,N,N,N,N,N,N,N,V,N,V,N,N,N,N,N,V,V,V,V,V,N,N,N,V,N,N,N,N,N,N,V,V/S,V,N,N,N,V,V,V,V,N,N,V/S,N,N,V,N,N,N,N,N,N,N,N,N,N,N,N,N,N,V/S,N,N,N,N,N,V/S,N,V/S,N,N,V/S,V,V/S,N,V,N,N,V,V/S,N,N,N,N,N,N,N,N,V,N,N,V,N,N,N,N,N,N,N,V,N,V,N,N,V,N,N,V,N,N,V/S,N,N,V/S,N,N,N,V/S,V/S,N,N,V/S,V/S,V/S,V/S,V,V/S,V/S,V/S,V,N,V/S,V/S,N,N,N,V,N,V/S,V,V,BL01GE01GE014,GEGE014,796,26.53333333,2021,de
R_3piidFG4jAzlBEm,Male,Left school at 18 with A-Levels or equivalent,University degree or equivalent,60,40,0,NA,German;60;,English;40;,,40,60,0,NA,English,NA,2,10,0,NA,I always (or almost always) speak English to my child,German,NA,10,9,NA,NA,I always (or almost always) speak German to my child,First,NA,1,12,Always (or almost always) German,4,V,V/S,N,V/S,V/S,V/S,V/S,V/S,V/S,V/S,V/S,V/S,V/S,V/S,V/S,N,V/S,V/S,N,V/S,V/S,V/S,V,V/S,V/S,V/S,V/S,N,N,V/S,V/S,N,V/S,V/S,V/S,V,V/S,N,V/S,N,V,V/S,V/S,V,V/S,V/S,V/S,V/S,V/S,V/S,V,V/S,V/S,V/S,V,V,V,V/S,V/S,V,V/S,N,N,N,N,V/S,V/S,V/S,V/S,V/S,V/S,N,V,V/S,V/S,V/S,V,V,V/S,V/S,N,N,N,V/S,V/S,N,V/S,V,N,N,V/S,N,V/S,V,V/S,V/S,V/S,N,V/S,N,V/S,V/S,V/S,V/S,V/S,V/S,V/S,V/S,V/S,V/S,V/S,V/S,V,V,V,N,V,V/S,V/S,N,N,N,V,N,N,V/S,V/S,N,V,V/S,N,V/S,N,V,V,V/S,V/S,V,V/S,N,N,V/S,N,V/S,V/S,N,N,V/S,V/S,V,V/S,V/S,V/S,V,V/S,N,V/S,V/S,V/S,V/S,V/S,N,N,N,V/S,V,N,N,N,V/S,V,V/S,V/S,V,V/S,N,N,N,V,V/S,N,N,V/S,V,V/S,V,V,N,N,V/S,V/S,V/S,N,N,N,V,V,V/S,N,V/S,V/S,V/S,V/S,V/S,V/S,N,V/S,V/S,N,V,N,V/S,V/S,N,V/S,V/S,V/S,V/S,V/S,V/S,V,N,V/S,V/S,N,V/S,V/S,V,V/S,V,N,N,V/S,V/S,V/S,N,V/S,N,V,V/S,N,V/S,N,N,N,V,N,V/S,V/S,N,V/S,V/S,V/S,V/S,V/S,N,N,N,V,V/S,V/S,V/S,V/S,V/S,V,V,V/S,V,V/S,N,V/S,V,N,V/S,V/S,V/S,N,V,V,V,N,V,V,N,V/S,N,V/S,N,N,V/S,V,V,V,V/S,N,V,V,V,V/S,V,V,V,N,N,N,N,N,V,V/S,V/S,V/S,N,N,V,V/S,V/S,V/S,N,V,V,V,V,V/S,V,V/S,N,V/S,N,N,N,V/S,N,V/S,N,V/S,N,N,V/S,V,V/S,V,N,N,V/S,V/S,V/S,V,V,V/S,N,V/S,V/S,V,N,V/S,V/S,V,N,V/S,N,V,N,V/S,N,V/S,V/S,V,N,V,N,V,N,V,N,V,V,V,V,V/S,V/S,N,V/S,N,V,V/S,V/S,V,V/S,V/S,N,V/S,N,V/S,N,V/S,V/S,N,N,V,V/S,V/S,N,N,V,V/S,V,N,V/S,V,N,V/S,V/S,N,N,N,V/S,V/S,N,BL01GE01GE015,GEGE015,769,25.63333333,2021,de
R_3kAhTSzu8TNdWEK,Male,University degree or equivalent,University degree or equivalent,50,50,0,NA,German;50;,English;50;,,30,70,0,NA,English,NA,7,10,NA,NA,I regularly speak both German and English to my child,Bilingual German and English,NA,9,9,NA,NA,I regularly speak both German and English to my child,First,NA,1,18,Both German and English regularly,8,N,V/S,N,N,N,V/S,V/S,V/S,N,V/S,V/S,V/S,V/S,V/S,V/S,V/S,V/S,V/S,V/S,N,V/S,V/S,V,V,V/S,V/S,V/S,V,V,V/S,V/S,V/S,V/S,V/S,V/S,V,V/S,V,V,V,V,V,V/S,V/S,V/S,N,V/S,V/S,V/S,V/S,N,V/S,V/S,V,V,V,V/S,V/S,V/S,N,V/S,N,N,V/S,V/S,V/S,V/S,N,V/S,V/S,V/S,V/S,V,V/S,V/S,V/S,V/S,V/S,V/S,V/S,V/S,V/S,V/S,V/S,V,V,V/S,V/S,V/S,N,V/S,V,V/S,V/S,V/S,V/S,V/S,V/S,V/S,V,V/S,V/S,V/S,V/S,V/S,V/S,V/S,V/S,V/S,V/S,V/S,V/S,V/S,V/S,V/S,V,V,V/S,V/S,V/S,V,V/S,V,V,V,V,V,N,N,V/S,V/S,V,V,V,V,V,V/S,V/S,V/S,V/S,V/S,V,N,V/S,V,V,V,V,V,V/S,V/S,V/S,V,V,V/S,V,V,N,V/S,V/S,V/S,V/S,V/S,V/S,V/S,V/S,V/S,V/S,V/S,V/S,V/S,V/S,V,V,V,V,V/S,V/S,V/S,V/S,V/S,V,V/S,V/S,N,N,N,V,V,V,V/S,V/S,V/S,V,V,V/S,V/S,V,V,V,V/S,V/S,V/S,V/S,V/S,V,V,V,V/S,V/S,V/S,V/S,V/S,N,V,V,V,V/S,N,V/S,V/S,V/S,V/S,N,N,N,V/S,V/S,V/S,V/S,N,V/S,V/S,V/S,V/S,V,N,V/S,V/S,V/S,V,V/S,V/S,V/S,V,N,N,V/S,V/S,V/S,N,V/S,V/S,V/S,V/S,V/S,V/S,V,V,V/S,N,V,V/S,V/S,V,N,V,V,V,V,V,V/S,V,V/S,V/S,V,N,V,V,V/S,V,V/S,V/S,V,V/S,V,V/S,V/S,V,V,N,N,V,V,V,V,N,V,V/S,V/S,V/S,V/S,V,V,V/S,N,V/S,V/S,N,V,V,V/S,V/S,V/S,V/S,V/S,V/S,V,V,V/S,V,N,V,V,V,V,V,V,V,V,V,V,V,N,N,V/S,V,V/S,V,V,V,V,V,V/S,V/S,V/S,V/S,V/S,V/S,V/S,V/S,V/S,V/S,V/S,V,V/S,V/S,V/S,V/S,N,V,N,N,V,V,V/S,V/S,V,V,V,V,N,N,V/S,V/S,V/S,V,V/S,V/S,V/S,V/S,V/S,V/S,V/S,V/S,V/S,V/S,V/S,V/S,V/S,V/S,V/S,V/S,V/S,V/S,V,V/S,V/S,V/S,V/S,V/S,N,V,V,V,V/S,V,V/S,V/S,V/S,V/S,V/S,N,V/S,V,V/S,V/S,V,BL01GE01GE016,GEGE016,909,30.3,2021,de
R_1l4Os1BbVPKKHMU,Male,University degree or equivalent,University degree or equivalent,80,20,0,NA,German;80;,English;20;,,40,60,0,NA,German,NA,10,9,0,NA,I always (or almost always) speak German to my child,English,NA,7,10,NA,NA,I always (or almost always) speak English to my child,First,NA,1,10,Always (or almost always) German,1,V/S,V/S,V/S,V/S,V,V/S,V/S,V/S,V/S,V/S,V/S,V,V/S,V/S,V/S,V/S,V/S,V/S,V,V/S,V/S,V/S,V/S,V/S,V/S,V/S,V/S,V,V,V/S,V/S,V,V/S,V/S,V/S,V/S,V,V/S,V/S,V/S,V/S,V/S,V/S,V/S,V/S,N,V/S,V/S,V/S,V/S,V/S,V/S,V/S,V/S,V/S,V/S,V/S,V/S,V/S,V,V/S,V,V,N,V,V/S,V/S,V/S,V/S,V/S,V/S,V/S,N,V/S,V/S,V/S,V,V,V/S,V/S,V/S,V/S,V/S,V/S,V/S,V,V/S,V,V,V/S,V/S,V,V/S,N,V/S,N,V/S,V,N,N,V/S,V/S,V/S,N,V,V/S,V/S,V/S,N,V/S,V/S,N,V/S,V/S,V,V/S,N,V/S,V/S,N,V/S,N,V/S,V/S,N,V/S,V,N,V/S,V/S,N,V/S,V/S,V/S,V/S,V/S,V/S,V,V,V/S,N,N,V,V/S,N,N,N,V,N,V/S,V/S,V/S,N,V/S,V/S,V,V,V/S,V/S,N,V/S,V/S,V/S,V,V/S,V/S,V,V,V/S,V/S,N,V/S,V/S,V/S,V/S,V/S,N,N,V/S,N,V,N,V/S,V/S,V/S,N,V/S,V/S,N,V/S,V/S,V/S,V,V,N,V/S,N,V/S,N,N,V/S,V/S,V/S,V/S,V/S,N,V,V/S,V/S,V/S,V,V,V/S,V,V/S,V/S,V,V,V/S,V/S,N,V/S,V/S,V/S,V/S,V/S,V/S,V,V,V/S,N,N,V/S,V/S,V/S,V,V/S,V,V/S,V/S,N,V/S,V/S,V,V/S,V/S,N,V/S,V/S,V/S,V/S,N,V/S,V/S,V/S,V,N,V/S,V/S,V/S,V/S,V/S,V/S,V/S,V/S,V/S,V/S,V,V/S,V,V,V,V,V/S,V/S,V/S,V,V,V,V,V,V/S,V,V/S,V/S,V/S,V/S,V,V,V/S,V/S,V/S,V/S,V/S,N,V/S,V/S,V,V,V/S,V/S,V/S,V/S,N,V,N,V/S,V/S,V/S,V/S,V,N,V,V,V/S,V/S,V,N,V,V/S,V/S,V/S,V/S,V,V/S,V/S,V,N,N,V,V,N,V/S,N,V/S,N,N,V/S,V/S,V,N,N,V,V/S,V/S,V/S,V/S,V/S,V/S,V,V/S,V/S,V/S,V/S,V,V/S,V/S,V,V/S,N,V/S,N,N,V,V/S,V/S,V,V/S,V,N,N,V/S,V,V,V,V/S,V,N,V,V/S,V,V/S,V,V/S,V,V/S,V,V/S,V/S,V,V/S,V,V/S,V,V/S,V/S,V/S,V,V/S,V/S,V/S,N,V/S,V/S,V,V,V/S,V/S,V,V/S,V/S,V/S,V,V/S,V,V/S,V/S,V,BL01GE01GE017,GEGE017,832,27.73333333,2021,de
R_31NvmPFV0MHsjLs,Male,Left school at 16 with GCSE or equivalent,Left school at 18 with A-Levels or equivalent,10,90,0,NA,German;10;,English;90;,,0,100,0,NA,English,NA,5,10,NA,NA,I always (or almost always) speak English to my child,English,NA,1,10,NA,NA,I always (or almost always) speak English to my child,Second,NA,2,25,Both German and English regularly,1,V,N,N,N,N,N,N,N,V,N,N,N,N,N,N,N,N,N,N,N,N,N,N,N,N,N,N,N,N,N,N,N,N,N,N,N,N,N,N,N,N,N,N,N,N,N,N,N,N,N,N,N,N,N,N,N,N,N,N,N,N,N,N,N,N,N,N,N,N,N,N,N,N,N,N,N,N,N,N,N,N,N,N,N,N,N,N,N,N,N,N,N,N,N,N,N,N,N,N,N,N,N,N,N,N,N,N,N,N,N,N,N,N,N,N,N,N,N,V,N,N,N,N,N,N,N,N,N,N,V,N,N,N,N,N,N,N,N,N,N,N,N,N,N,N,N,N,N,N,N,N,N,N,N,N,N,N,N,N,N,V,N,N,N,N,N,N,N,N,N,N,N,N,N,N,N,N,N,N,N,N,N,N,N,N,N,N,N,N,N,N,N,N,N,N,N,N,N,N,N,N,N,N,N,N,N,N,N,N,N,N,N,N,N,N,N,N,N,N,N,N,N,N,N,N,N,N,N,N,N,N,N,N,N,N,N,N,N,N,N,N,N,N,N,N,N,N,N,N,N,N,N,V/S,V/S,V/S,N,N,N,N,V,N,N,V/S,N,N,N,N,N,N,N,N,N,N,N,N,N,N,N,N,N,N,N,N,N,N,N,N,N,N,N,N,N,N,N,N,N,N,N,N,N,N,N,N,N,N,N,N,N,N,N,N,N,N,N,N,N,N,N,N,N,N,N,N,N,N,N,N,N,N,N,N,N,N,N,N,N,N,N,N,N,N,N,N,N,N,N,N,N,N,N,V,N,N,N,N,N,N,N,N,N,N,N,N,N,N,N,N,N,N,N,N,N,N,N,N,N,N,N,N,N,N,N,N,N,N,N,N,N,N,N,N,N,N,N,N,N,N,N,N,V,N,N,N,N,N,N,N,N,N,N,N,N,N,N,N,N,N,N,BL01GE01GE018,GEGE018,937,31.23333333,2021,de
R_2TAcRfyJU27FDrx,Male,Left school at 18 with A-Levels or equivalent,University degree or equivalent,15,85,0,NA,German;15;,English;85;,,15,85,0,NA,German,NA,10,10,NA,NA,I regularly speak both German and English to my child,English,NA,3,10,NA,NA,I always (or almost always) speak English to my child,Second,NA,2,NA,NA,7,N,V,N,N,N,N,N,N,N,N,N,N,N,N,N,N,N,N,N,V,N,N,N,N,N,N,N,N,N,V,V,N,N,N,N,N,N,N,N,N,V,N,N,N,N,N,N,N,N,N,N,N,N,N,N,N,N,V,V,N,N,N,N,N,N,N,N,N,N,N,N,N,N,V,N,N,N,N,N,N,N,N,N,V,N,N,N,N,N,N,N,N,N,N,N,N,N,N,N,N,N,N,N,N,N,N,N,N,N,N,N,N,N,N,N,N,N,N,N,N,N,N,N,N,N,N,N,N,N,N,N,N,N,N,N,N,N,N,N,N,N,N,N,N,N,N,N,N,N,N,N,N,N,N,N,N,N,N,N,N,N,N,N,N,N,N,N,N,N,N,N,N,N,N,N,N,N,N,N,N,N,N,N,N,N,N,N,N,N,N,N,N,N,N,N,N,N,N,N,N,N,N,N,N,N,N,N,N,N,N,N,N,N,N,N,N,N,N,N,N,N,N,N,N,N,N,N,N,N,N,N,N,N,V,N,N,N,N,N,N,N,N,N,N,N,N,N,N,V,N,V,V,N,N,N,N,N,N,N,V,N,N,N,N,N,N,N,N,N,N,V,N,N,V,N,N,N,N,N,N,N,N,N,N,N,N,N,N,N,N,N,N,N,N,N,N,V,N,N,N,N,N,N,N,N,N,N,N,N,V,N,N,N,N,N,V,N,N,V,N,N,N,N,N,N,N,N,N,N,N,N,N,N,N,N,N,N,N,N,N,N,N,N,N,N,N,N,N,N,N,N,N,N,N,N,V,N,N,N,N,N,V,N,N,N,N,N,N,N,N,N,N,N,N,N,N,N,N,N,N,N,N,N,N,N,N,N,N,N,N,N,N,N,N,N,N,N,N,N,N,N,N,N,N,N,N,N,N,N,N,N,N,N,N,N,N,N,N,BL01GE01GE019,GEGE019,465,15.5,2021,de
R_afqNNPXWRqdUyk1,Male,University degree or equivalent,University degree or equivalent,90,10,0,NA,German;90;,English;10;,,60,40,0,NA,German,NA,10,6,NA,NA,I always (or almost always) speak German to my child,Bilingual German and English,NA,9,10,NA,NA,I always (or almost always) speak English to my child,First,NA,1,12,Always (or almost always) German,1,N,V/S,V/S,V/S,N,V/S,V,V,V/S,V/S,V/S,V,V,N,V,N,N,V,N,V,V,N,N,N,V,V,V,N,N,V,V,N,V,V,V,N,N,N,N,N,N,V/S,V,V,V,N,V/S,V/S,V/S,N,V,V/S,V,V/S,V/S,V,N,V,V,N,V,N,N,V,V,V/S,V,V,V,V/S,N,N,N,V,N,N,N,N,N,V,N,V,V,N,V,V,N,N,N,N,V,N,V/S,V,V,V,V,N,V,N,V,V,N,V,V,V,V,V,V,V,V,V,N,V,V,V,V,V,V,N,N,N,N,V,N,V,V,V,V,V,N,V,V,V,V,V,V,V,V,N,N,V,V,V,V,N,N,V,V,V,V,V,N,V,V,V,V,N,V,V,V,N,N,N,N,N,N,N,N,V,N,V,V,V,V,V,N,N,N,V,N,N,V,N,V,N,V,V,N,N,V,V,V,N,V,V,N,V,V,V,V,N,N,V,V,N,V,V,V,V,V,N,V,V,V,V,V,V,V,V,V,V,V,V,N,N,N,V,N,V,N,N,N,V/S,N,N,N,N,N,V/S,N,N,N,N,N,V,N,V,V,N,V,V/S,N,V/S,N,N,N,V,N,V/S,N,V/S,V/S,N,N,V,N,N,N,N,N,V,N,V,N,N,N,N,N,N,V,V,N,V,N,N,N,N,V,V,N,N,V,V,V,V,N,N,N,V,N,N,V,N,N,N,N,V,V,V,N,N,V,N,N,N,N,N,N,V,N,N,N,N,N,N,V,N,N,N,N,N,V,N,V,N,N,N,N,N,N,N,N,N,N,N,N,N,N,N,N,N,N,N,N,N,N,N,N,N,N,N,N,N,N,V,N,N,N,N,N,N,N,V,V,V,V,V,V,N,N,V,N,N,V,N,V,N,V,V,V/S,V,V,N,V,V,N,N,V/S,V/S,V/S,N,N,N,N,N,N,N,N,N,N,N,N,V,N,V,V,N,BL01GE01GE020,GEGE020,768,25.6,2021,de
R_2EctuIXVS4Hn0KQ,Female,University degree or equivalent,Left school at 18 with A-Levels or equivalent,50,50,0,NA,German;50;,English;50;,,40,60,0,NA,English,NA,8,10,NA,NA,I always (or almost always) speak English to my child,German,NA,10,8,NA,NA,I always (or almost always) speak German to my child,First,NA,1,NA,NA,0,N,N,N,N,N,V,V/S,N,N,V/S,N,V,N,N,N,N,N,V,N,N,N,N,N,N,N,N,V,N,N,V,V,N,N,V,N,N,N,N,N,N,V,V,N,N,N,N,N,N,N,N,N,N,N,N,N,N,N,N,N,N,N,N,N,N,N,V,V,V,V,N,N,N,N,V,N,N,N,V,V,V,V,N,N,V,N,N,N,N,N,N,N,N,N,N,V,N,N,N,V,N,N,N,N,N,N,N,N,N,N,N,V,N,N,N,N,N,N,N,V,N,N,N,N,N,N,N,N,N,N,N,N,N,N,N,N,V,V,N,N,N,N,N,N,N,N,N,N,N,N,N,N,N,N,N,N,N,N,N,N,V,N,N,N,N,N,N,N,N,N,N,N,N,N,N,N,N,N,N,N,N,N,N,V,N,N,N,V,N,N,N,V,N,N,N,N,V,N,N,N,N,N,N,N,V,N,N,N,N,N,N,N,N,N,N,N,N,N,N,N,N,N,V,N,N,N,N,N,N,N,N,N,N,N,V/S,N,N,V,N,N,V/S,N,N,N,N,V,N,N,N,N,N,N,V,N,V,V,N,N,V,N,V,N,N,V,N,N,N,V,N,N,N,N,N,N,V,N,N,N,N,N,N,N,V,V,N,N,N,N,N,N,N,N,N,N,N,N,N,N,N,N,V,N,N,N,N,N,N,N,N,N,N,N,N,N,N,N,V,N,N,N,N,N,N,N,N,N,N,N,N,N,N,N,N,N,N,N,N,N,N,N,N,N,N,N,V,N,N,N,N,N,N,N,N,N,N,N,V,N,N,N,N,N,N,N,N,N,N,N,N,N,N,N,N,N,N,N,N,N,N,N,N,N,N,N,N,N,N,N,N,N,N,N,N,N,N,N,V,N,N,N,N,N,N,N,N,N,N,N,N,N,N,N,N,N,N,N,N,N,N,BL01GE01GE021,GEGE021,413,13.76666667,2021,de
R_1hSAoAl9IcJFWG2,Female,University degree or equivalent,University degree or equivalent,80,20,0,NA,German;80;,English;20;,,50,50,0,NA,English,NA,7,10,NA,NA,I always (or almost always) speak English to my child,German,NA,10,10,NA,NA,I always (or almost always) speak German to my child,First,NA,1,15,Both German and English regularly,8,V/S,V/S,V/S,V/S,V/S,V/S,V/S,V/S,V/S,V/S,V/S,V/S,V/S,V/S,V/S,V/S,V/S,V/S,V/S,V,V/S,V/S,V/S,V/S,V/S,V/S,V/S,V/S,V/S,V/S,V/S,V/S,V/S,V/S,V/S,V/S,V,V,V/S,V/S,V/S,V/S,V/S,V/S,V/S,V,V/S,V/S,V,V/S,V/S,V/S,V/S,V/S,V/S,V/S,V/S,V/S,V/S,V,V/S,V/S,V/S,V/S,V/S,V/S,V/S,V/S,V/S,V/S,V/S,V/S,V/S,V/S,V/S,V/S,V/S,V/S,V/S,V/S,V/S,V/S,V/S,V/S,N,V/S,V/S,V/S,V/S,V/S,V/S,V/S,V/S,V/S,V/S,V/S,V/S,V/S,V/S,V/S,V/S,V/S,V/S,V/S,V/S,V/S,V/S,V/S,V/S,V/S,V/S,V/S,V/S,V/S,V/S,V/S,V/S,V/S,V/S,V/S,V/S,V/S,V/S,V/S,V,V/S,V/S,V/S,V/S,V/S,V/S,V/S,V/S,V/S,V/S,V/S,V/S,V/S,V/S,V/S,V,V/S,V/S,V/S,V/S,V,V,V/S,V/S,V/S,V/S,V/S,V/S,V/S,V/S,V/S,V/S,V/S,V/S,V/S,V/S,V/S,V/S,V,V/S,V,V,V,V/S,V/S,V/S,V/S,V/S,V/S,V/S,V/S,V/S,V/S,V/S,V/S,V/S,V,V/S,V/S,V/S,N,V/S,V/S,V,V/S,V/S,V/S,V/S,V/S,V/S,N,V,V/S,V,N,V/S,V/S,V/S,V/S,V/S,V/S,V/S,V/S,V/S,V/S,V/S,V/S,V/S,V/S,V/S,V/S,V/S,V/S,V/S,V/S,V/S,V/S,V/S,V/S,V/S,V/S,V/S,V/S,V/S,V/S,V/S,V/S,V/S,V/S,V/S,V/S,V/S,V,V/S,V/S,V/S,V/S,V/S,V,N,V/S,V,V/S,V/S,V/S,V/S,V/S,V/S,V/S,V/S,V/S,V/S,V/S,V/S,V/S,V/S,V/S,V/S,V/S,V/S,V,V/S,V,V/S,V/S,V/S,V/S,V/S,V/S,V/S,V,V/S,V/S,V/S,V/S,V/S,V/S,V/S,V,V/S,V/S,V/S,V/S,N,V/S,V/S,V/S,V/S,V/S,V/S,V/S,V/S,V/S,V/S,V/S,V/S,V/S,V/S,V/S,V/S,V/S,V/S,V/S,V/S,V/S,V/S,V/S,V/S,V/S,V/S,V/S,V/S,V/S,V/S,V/S,V/S,N,V/S,V/S,V/S,V/S,V/S,V/S,V/S,V/S,V/S,N,V/S,N,N,V/S,V/S,V/S,V/S,V/S,V,V,V/S,V/S,V/S,V/S,V/S,V/S,V/S,V/S,V/S,V/S,V/S,V/S,V/S,V/S,V/S,V/S,V/S,V,V/S,N,N,V/S,V/S,V/S,V/S,V/S,V/S,N,V/S,V/S,V/S,V/S,V/S,V/S,V/S,V,V/S,V/S,V/S,V/S,V/S,V/S,V/S,V/S,V/S,V/S,V/S,V/S,V/S,V/S,V/S,V,V/S,V/S,V/S,V/S,V/S,V/S,V/S,V/S,V,V/S,V/S,V/S,V/S,V/S,V/S,V/S,V/S,V,V,V/S,V,V/S,V/S,V/S,BL01GE01GE022,GEGE022,993,33.1,2021,de
R_sUmPdCKYpLXkmI1,Female,University degree or equivalent,University degree or equivalent,90,10,0,NA,German;90;,English;10;,,70,30,0,NA,German,NA,10,8,NA,NA,I regularly speak both German and English to my child,English,NA,4,10,NA,NA,I always (or almost always) speak English to my child,First,NA,1,10,Always (or almost always) German,0,V,V/S,V/S,V/S,V/S,V/S,V/S,V/S,V/S,V/S,V/S,V/S,V/S,V/S,V/S,V/S,V/S,V/S,V/S,V/S,V/S,V/S,V,V/S,V/S,V/S,V/S,V,V,V/S,V/S,V,V/S,V/S,V/S,V/S,V,V/S,V/S,V,V/S,V/S,V/S,V,V/S,N,V,V/S,V/S,V,V,V/S,V/S,V,V/S,V/S,V/S,V/S,V/S,N,V/S,V/S,V,V/S,V,V/S,V/S,V/S,V/S,V/S,V/S,V/S,V,V/S,V/S,V/S,V,V,V/S,V/S,V/S,V/S,V/S,V/S,N,V/S,V/S,V/S,V/S,V/S,V,V/S,V/S,V,V/S,V/S,V/S,V,V/S,V,V/S,V/S,V,V/S,V,V/S,V/S,V/S,V/S,V/S,V/S,V/S,V/S,V/S,V/S,V/S,V,V/S,V/S,V/S,V,V/S,V/S,V,V,V/S,V/S,N,V,V/S,V,V/S,V/S,V/S,V,V,V/S,V/S,V/S,V,V,V,V,V,V,N,N,V,N,V,V,V/S,V/S,V/S,V/S,V,V,V/S,V/S,V/S,V,V,V,V,V,V/S,V/S,V,V/S,V/S,V/S,V/S,V/S,V/S,V/S,V/S,V,V,V/S,V/S,V/S,V,V/S,V,V,V,V,V,N,V,V/S,V,V/S,V,N,V/S,V,V/S,V,N,V/S,V,V,V,V/S,V/S,V,V,V/S,V,V,V/S,V/S,V/S,V,V/S,V,V,V/S,V/S,V,V,V/S,V/S,V,V/S,V/S,V,V/S,V/S,N,V,N,V/S,V/S,V,V/S,V,V/S,V/S,V,V/S,V/S,V,V,V/S,V,V/S,V/S,V/S,V/S,V/S,V/S,V/S,V/S,V,V,V,V/S,V/S,V,V/S,V/S,V/S,V,V,V,V,V/S,V/S,V,V,V,V/S,V/S,V,V,V,V,V/S,V,V/S,V/S,V,V/S,V,V/S,V/S,V,V,V/S,V,V/S,V,V,V/S,V/S,V/S,V,V/S,V/S,V/S,V/S,V,V/S,V/S,V/S,V/S,V/S,V/S,V/S,V/S,V/S,V/S,V/S,V/S,V/S,V,V,V/S,V/S,V,V/S,V,V/S,V/S,V/S,V,V,V,V,V,V,N,V/S,V,N,V/S,V,V,N,N,V,V/S,V/S,V/S,V/S,V,V/S,V/S,V/S,V/S,V/S,V/S,V,V/S,V/S,V,V/S,N,V,N,N,V,V/S,V/S,V/S,V/S,V,N,V,V/S,V,V,V/S,V/S,V,V,V/S,V,V,V/S,V,V/S,V,V,V,V/S,V/S,V,V/S,V,V/S,V,V,V/S,V,N,V,V,V,V,V,V,V,V,V,V/S,V,V/S,V,N,N,V,V,V/S,V/S,V/S,BL01GE01GE023,GEGE023,867,28.9,2021,de
R_0oKsyU4D4p8TRXH,Female,University degree or equivalent,University degree or equivalent,50,50,0,NA,German;50;,English;50;,,10,90,0,NA,English,NA,7,10,NA,NA,I always (or almost always) speak English to my child,NA,NA,NA,NA,NA,NA,NA,Second,NA,2,9,Always (or almost always) German,14,V/S,V/S,V/S,V,V,V/S,V/S,V/S,V/S,V/S,V,V/S,V/S,V/S,V,V,V/S,V/S,V,V,V,V/S,V,V,V/S,V,V,V,V/S,V,V,V,V/S,V,V/S,V,V/S,V,V,V,V/S,V,V,V,V/S,V,V/S,V/S,V/S,V,V/S,V/S,V/S,V/S,V/S,V,V,V/S,V/S,N,V,V/S,V/S,V/S,V/S,V/S,V/S,V/S,V/S,V/S,V/S,V/S,V,V/S,V,V,V,V,V,V/S,V/S,V/S,V,V/S,V,V/S,V/S,V/S,V/S,V/S,V/S,V/S,V,V,V/S,V/S,V/S,V,V/S,V,V/S,V/S,V/S,V/S,V/S,V/S,V/S,V/S,V/S,V/S,V/S,V/S,V/S,V/S,V/S,V,V,V,V/S,V,V,V/S,V/S,V,V/S,V/S,V,V,V,V/S,V,V/S,V,V/S,V,V,V,V,V,V,V,V,V,V,V,V,V,V,V,V/S,V/S,V/S,V,V,V/S,V,V,V/S,V/S,V/S,V,V,V,V,V/S,V,N,V/S,V,V/S,V/S,V/S,V/S,V/S,V/S,V/S,V,V,V/S,V/S,V/S,V,V/S,V/S,V,V,V,V,V,V/S,V/S,V/S,V,V,V,V/S,V,V,N,V,V/S,V,V,V,V/S,V,V/S,V/S,V,V,V,V,V/S,V/S,V/S,V/S,V,V/S,V,V/S,V,V,V,V/S,V,V/S,V/S,V/S,V,V/S,N,N,V/S,V/S,V/S,V,V/S,V/S,V/S,V/S,V,V,V/S,V/S,N,V,N,V/S,V/S,V,V/S,V,V/S,V/S,V/S,V,V/S,V/S,V/S,V/S,V/S,V/S,V/S,V,V,V,V,V,V,V,V,V,V,V/S,V,V,V,V,V,V,V,V/S,V/S,V/S,V/S,V,V,V,V,V,V/S,V/S,V/S,V,V,V,V,V,V,V/S,V/S,V,V/S,V,V,V,V/S,V,V/S,V/S,V,V,V,V,V,V/S,V,V,V,V/S,V/S,V,V/S,V,V,V,V,V,V,V,V,V/S,V,V,V,V,N,V/S,V,V,V,N,V,V/S,V/S,V/S,V/S,V,V/S,V,V/S,V/S,V/S,V/S,V/S,V/S,V/S,V,V/S,V,V,V,V,V,V,V/S,V/S,V/S,V/S,V,V,V,V,V,V/S,V,V,V,V,V/S,V,V,V,V,V,V,V,V/S,V/S,V,V/S,V/S,V/S,V,V/S,V/S,V/S,V/S,V/S,V,V/S,V,V,V/S,V/S,V/S,V,V/S,V,V/S,V/S,V/S,V,V/S,V,V/S,V/S,V,BL01GE01GE024,GEGE024,976,32.53333333,2021,de
R_2zoUEMA2DPStFnt,Female,University degree or equivalent,University degree or equivalent,70,30,0,NA,German;70;,English;30;,,50,50,0,NA,English,NA,10,10,NA,NA,I always (or almost always) speak English to my child,German,NA,10,7,NA,NA,I always (or almost always) speak German to my child,Second,NA,2,14,Always (or almost always) German,0,V/S,V/S,V/S,V/S,V/S,V/S,V/S,V/S,V/S,V/S,V/S,V/S,N,V,N,V,V,V,N,V,V,N,N,N,V,V,V,N,N,V,V,V,V,V,V,N,V,N,V,N,N,V,N,V,V,V,V,V,V,V,V,N,V,N,N,N,V,V/S,V/S,V,V,V,N,V,V,V,V,V,V,V,V,N,V,V/S,N,N,N,N,N,V/S,V/S,V,N,V,V,V,V,N,N,N,N,N,V/S,N,V,N,V/S,N,V/S,N,V,V,N,V,V,V,V,N,V,V,V/S,V/S,V,V,V,V,V,V,V,N,N,V,V,V,V,V,N,V,V,V,N,V/S,V,V,V/S,V,V,V,N,N,N,V,N,V,V,N,N,V,V,V,V,V,V,V,V,V,V,N,V,N,V,V,N,N,V,V,N,N,N,N,N,V,V/S,V,V/S,V,N,N,V,V,N,N,V,N,V,N,V,V,N,V,V,V,N,N,V,V,N,V,N,N,V,V,N,V,V,N,N,N,V,N,N,N,V,V,V,V/S,N,V,V,V,V,V,V,N,N,N,N,N,N,V,N,N,N,V,N,V,N,N,N,V/S,V,N,V,N,V,V,N,N,N,V,V,V,V/S,V/S,V/S,V,V,N,V,V/S,V,V,V/S,V,V,V,V,V,N,V,V,N,N,V/S,V,V,V,V,V,N,V,V,V,V,V,V,N,V,N,V,V,N,V,V,N,V,V,N,N,V,V,V,V,N,N,N,V,V,V,V,V,N,N,V,V,V,V,N,V,V,V,V,V,V,V,V,N,V,N,V,N,N,V,N,V/S,N,N,N,N,N,V,N,V,N,N,N,V,V,V/S,V,V/S,V,V,N,V,V,V,N,N,N,V,V,N,N,V,V,N,V,V,N,V,N,V,N,N,V,N,N,V,N,N,N,N,N,N,N,N,V,V,V,V,N,V,V,V,V,V,V,V,V,V/S,V,V,N,V,V,V,V/S,V,V,V,V,N,V,N,V,V,V,BL01GE01GE025,GEGE025,593,19.76666667,2021,de
R_3nNM0rQttfmpVFa,Female,University degree or equivalent,University degree or equivalent,40,60,0,NA,German;40;,English;60;,,30,70,0,NA,English,NA,9,10,NA,NA,I always (or almost always) speak English to my child,German,NA,10,8,NA,NA,I always (or almost always) speak German to my child,First,NA,1,26,Always (or almost always) German,0,V/S,N,N,V/S,N,N,N,V/S,V/S,V/S,N,V/S,V,V/S,V,N,V,V,N,N,V,V,N,V,V,V,V,N,N,V/S,V,N,V,V/S,V,N,N,N,V,N,N,V,N,V,N,N,V,V/S,V,V,V,V/S,V,V/S,N,V,V,V/S,V/S,N,N,V/S,N,V,N,V/S,V,V/S,V,V/S,V/S,V/S,V,V,V,N,N,N,N,V,V,V/S,V,V/S,N,V,V/S,V/S,V,N,N,N,V/S,V/S,V/S,V/S,V,N,V,N,V,V,N,V,N,V,V/S,V/S,V,V/S,V,V,V,V,V,V,V,V,V,V/S,N,V,N,V,N,V,V,N,V,V/S,N,V,V,V,V/S,V/S,V/S,V,V,V,N,V,N,V/S,V,N,N,V,N,V,V,V,V,V,V,N,N,V,V,V,N,N,V,N,V/S,N,N,N,V,V/S,V,V,V,V,V,V/S,N,N,V,N,V,N,V/S,V/S,V,N,V,V,N,N,V,V,N,N,N,V,N,V,N,N,V,N,N,N,V,N,V,V,N,N,N,N,N,N,V,N,V,N,V,V/S,N,V,V,V/S,N,V/S,N,N,N,N,N,N,N,V/S,V/S,N,V/S,N,V/S,V/S,N,V,N,N,N,V/S,N,V,V,N,N,V,V/S,N,V/S,N,V,V,N,V/S,V,V/S,V,V,V,V,V/S,N,N,N,V,V,N,V,N,N,N,N,V,V,N,V,V,N,N,N,N,V,N,N,V,N,V,V,V,N,N,N,N,N,N,N,N,N,N,N,N,V,V/S,V,N,N,N,N,N,V,N,N,N,V,N,N,V,N,V/S,N,N,N,N,V,N,N,N,N,V/S,N,N,V,V,N,N,N,N,V,N,N,N,N,V/S,N,V,V,N,N,V,V,V,N,V,N,V,N,N,N,N,V,N,N,N,N,N,V,N,N,N,V,N,N,V,N,N,N,N,N,N,N,N,N,N,N,N,N,N,N,N,N,N,N,V/S,V/S,V/S,V,N,V,V,V,N,N,N,V/S,N,N,N,N,N,V,N,N,BL01GE01GE026,GEGE026,820,27.33333333,2021,de
R_3nuyMpoXAZ7fIRD,Female,University degree or equivalent,University degree or equivalent,20,75,5,Polish,German;20;,English;75;,Polish;5;,5,95,0,NA,German,NA,10,10,6,Polish,I always (or almost always) speak English to my child,English,NA,1,10,NA,NA,I always (or almost always) speak English to my child,First,NA,1,NA,NA,8,N,N,N,N,N,N,N,N,V/S,N,N,N,N,N,N,N,N,N,N,N,N,N,N,N,N,N,N,N,N,V,N,N,N,N,N,N,N,N,N,N,N,N,N,N,N,N,N,N,N,N,N,N,N,N,N,N,N,N,N,N,N,N,N,N,N,N,N,N,N,N,N,N,N,N,N,N,N,N,N,N,N,N,N,N,N,N,N,N,N,N,N,N,N,N,N,N,N,N,N,N,N,N,N,N,N,N,N,N,V,N,N,N,N,N,V,N,N,N,N,N,N,N,N,N,N,N,N,N,N,N,N,N,N,N,N,N,N,N,N,N,N,N,N,N,N,N,N,N,N,N,N,N,N,N,N,N,N,N,N,N,N,N,N,N,N,N,N,N,N,N,N,N,N,N,N,N,N,N,N,N,N,N,N,N,N,N,N,N,N,N,N,N,N,N,N,N,N,N,N,N,N,N,N,N,N,N,N,N,N,N,N,N,N,N,N,N,N,N,N,N,N,N,N,N,N,N,N,N,N,N,N,N,N,N,N,N,N,N,N,N,N,N,N,N,N,N,N,N,N,N,V,N,V,N,N,N,N,N,N,V,N,N,V,N,N,N,N,N,N,N,N,N,N,N,N,N,N,N,N,N,N,N,N,V,N,N,N,N,N,N,N,N,N,N,N,N,N,N,N,N,N,N,N,N,N,N,N,N,N,N,N,N,N,N,N,N,N,N,N,N,N,N,N,N,N,N,N,N,N,N,N,N,N,N,N,N,N,N,N,N,N,N,N,N,N,N,N,N,N,N,N,N,N,N,N,N,N,N,N,N,N,N,N,N,N,N,N,N,N,N,N,N,N,N,N,N,N,N,N,N,N,N,N,N,N,N,N,N,N,N,N,N,N,N,N,N,N,N,N,N,N,N,N,N,N,N,N,N,N,N,N,N,N,N,N,N,N,N,BL01GE01GE027,GEGE027,365,12.16666667,2021,de
R_1eRI4I7JhJMwifg,Male,University degree or equivalent,Left school at 18 with A-Levels or equivalent,60,40,0,NA,German;60;,English;40;,,20,80,0,NA,Bilingual German and English,NA,10,8,NA,NA,I regularly speak a mix of German / English / other languages to my child,English,NA,NA,10,10,Irish,I always (or almost always) speak English to my child,Second,NA,2,24,Always (or almost always) German,1,V/S,V/S,V,V,V,V,V/S,N,V/S,V,V,V,N,N,N,N,N,N,N,N,N,N,N,N,N,N,V,N,N,V,N,N,N,N,N,N,N,N,N,N,N,N,N,N,N,N,N,V/S,N,N,V,N,N,N,N,N,N,V/S,V,N,N,N,N,N,N,N,V,V/S,N,N,N,N,N,V,N,N,N,N,N,N,N,N,V,N,N,N,N,N,N,N,N,N,N,N,V,N,N,N,N,N,N,N,N,N,N,N,V,N,N,N,N,V,N,N,N,N,N,N,N,N,N,N,N,N,N,N,N,N,V,V,N,N,N,V,V,N,V,N,N,N,N,N,N,V,N,N,N,N,N,N,V,V,N,N,V,N,N,N,V/S,V,N,N,N,N,N,V,N,N,N,N,N,N,V,V,V,N,N,N,N,V,N,N,N,N,N,N,N,N,N,N,N,N,N,N,N,N,N,N,N,N,N,N,N,V,V,N,V,V,N,V,N,N,N,N,N,N,N,N,V,V,N,N,V,N,N,N,N,N,N,N,N,N,N,V,N,N,V/S,N,N,N,N,N,N,N,N,V/S,N,V,V,V,V,V,V,V,V/S,N,N,N,N,V,V,V,V,N,V,N,N,N,V,N,N,N,N,V,N,N,N,N,N,N,N,N,N,N,V,N,N,V,N,N,N,N,N,V,N,V,N,N,N,N,V,N,N,N,N,V,N,N,V,V,N,N,N,N,N,V,N,N,N,N,N,N,V,N,N,N,N,N,N,N,N,N,N,N,V,N,N,N,N,N,N,N,N,N,V,N,N,N,N,N,N,V,N,N,V,V,N,N,N,N,N,N,N,N,N,N,N,N,N,N,N,N,N,N,N,N,N,N,N,N,N,N,N,N,N,N,N,N,N,N,N,N,N,N,N,N,N,N,N,N,V,V,V,V,V,N,N,N,V,N,N,N,N,N,N,N,N,N,BL01GE01GE028,GEGE028,827,27.56666667,2021,de
R_2s5P4S6HKaNLzWX,Male,University degree or equivalent,University degree or equivalent,40,60,0,NA,German;40;,English;60;,,40,60,0,NA,German,NA,10,8,NA,NA,I always (or almost always) speak German to my child,English,NA,3,10,NA,NA,I always (or almost always) speak English to my child,First,NA,1,25,Always (or almost always) German,NA,V/S,V/S,N,V/S,V/S,V/S,V/S,V/S,V/S,N,N,V/S,N,V,V/S,N,V/S,N,V/S,V/S,N,V,N,V,N,V/S,V/S,N,N,V/S,V/S,N,N,V/S,V/S,N,N,N,V/S,N,N,V,N,N,V,N,N,V/S,N,V/S,V,N,N,V/S,V,V,V,V/S,V,N,V/S,N,V,N,N,V/S,V/S,V/S,V/S,V,V/S,N,N,V/S,N,N,V,N,N,V,V,N,N,N,N,N,N,V/S,N,N,N,V,N,N,V,V/S,V,N,N,N,V,V,N,V,N,V,V,N,N,N,N,N,N,N,N,N,N,V,V,N,N,N,N,N,N,V,V,N,V,V,N,V,N,V/S,V/S,V,V,N,V,N,N,N,N,N,N,N,N,N,N,N,N,N,V,N,V,N,N,V/S,V/S,V/S,V/S,N,V,N,V/S,N,N,N,N,N,N,N,V,V,N,V/S,N,N,N,N,N,N,N,N,V,V/S,N,N,N,N,N,V,N,N,N,V,V,V/S,N,N,N,N,N,N,V,N,N,N,N,N,N,V,N,V/S,N,N,N,N,V,N,N,N,V,V/S,N,N,N,N,N,N,N,N,N,V/S,N,N,V,N,V/S,V,N,N,N,N,V/S,V/S,N,V,V/S,V/S,V/S,N,V,V/S,V/S,N,N,V,N,V/S,V,V,V/S,V,V,V,V,N,N,N,N,N,N,V/S,V,N,N,N,N,N,N,N,N,N,V/S,V,N,N,N,V/S,V,N,V,V,N,N,V,N,N,N,N,N,N,N,N,N,N,N,N,V,N,N,N,N,V,V,N,N,N,N,N,N,V,N,N,N,N,N,N,N,N,N,V,N,V/S,N,N,N,N,N,N,N,N,N,V/S,N,V,N,V/S,N,V/S,V/S,N,N,N,N,N,N,N,N,N,N,N,N,V,V/S,V/S,V,N,N,N,V,N,N,N,V,N,N,V,N,N,N,N,N,N,N,N,N,N,N,V,N,V,N,V/S,N,N,N,N,V/S,V,N,N,N,V,N,N,V/S,N,N,N,N,N,N,N,N,V,N,BL01GE01GE029,GEGE029,801,26.7,2021,de
R_2ZEc0qqJ2uirPgE,Male,Left school at 18 with A-Levels or equivalent,University degree or equivalent,40,60,0,NA,German;40;,English;60;,,30,70,0,NA,German,NA,10,8,NA,NA,I regularly speak both German and English to my child,English,NA,3,10,NA,NA,I always (or almost always) speak English to my child,Second,NA,2,NA,NA,0,V,N,V,N,N,N,N,N,V/S,N,N,N,N,N,N,N,N,N,N,N,N,N,N,N,N,N,N,N,N,N,N,N,N,N,N,N,N,N,N,N,N,N,N,N,N,N,N,N,N,N,N,N,N,N,N,N,N,V,N,N,V,N,N,N,N,N,N,V,N,N,N,V,N,N,N,N,N,N,N,N,N,N,N,N,N,N,N,N,N,N,N,N,N,N,N,N,N,N,N,N,N,N,N,N,N,N,N,N,N,N,N,N,N,N,N,N,N,N,N,N,N,N,N,N,N,N,N,N,N,N,N,N,N,N,N,N,N,N,N,N,N,N,N,N,N,N,N,N,N,N,N,N,N,N,N,N,N,N,N,N,N,N,N,N,N,N,N,N,N,N,N,N,N,N,N,N,N,N,N,N,N,N,N,N,N,N,N,N,N,N,N,N,N,N,N,N,N,N,N,N,N,N,N,N,N,N,N,N,N,N,N,N,N,N,N,N,N,N,N,N,N,N,N,N,N,N,N,N,N,N,N,N,N,V/S,N,N,N,N,N,N,N,N,N,N,N,N,N,N,N,N,V/S,N,V,V/S,V,N,N,N,N,V,N,V,N,N,N,N,N,N,N,N,N,N,N,V,N,N,N,N,N,N,N,N,N,N,N,N,N,N,N,N,N,N,N,N,N,N,N,N,N,N,N,N,N,N,N,N,N,N,N,N,N,N,N,N,N,N,N,N,N,N,N,N,N,N,N,N,N,N,N,N,N,N,N,N,N,N,N,N,N,N,N,N,N,N,N,N,N,N,N,N,N,N,N,N,N,N,N,N,N,N,V,N,N,N,N,N,N,N,N,N,N,N,N,N,N,N,N,N,N,N,N,N,N,N,N,N,N,N,N,N,V,N,N,N,N,N,N,N,N,N,N,N,N,N,N,N,N,N,N,N,N,N,N,N,N,N,N,N,BL01GE01GE030,GEGE030,450,15,2021,de
R_2rPyAn9WdlTpoXE,Female,University degree or equivalent,University degree or equivalent,60,40,0,NA,German;60;,English;40;,,50,50,0,NA,English,NA,5,10,NA,NA,I regularly speak both German and English to my child,German,NA,10,3,NA,NA,I always (or almost always) speak German to my child,First,NA,1,NA,NA,1,N,N,N,N,V,V,V,V,N,V,V,V,V,N,V/S,V,V/S,V,N,N,V/S,V/S,V,N,V,V,N,V,V/S,V/S,V,V,N,V/S,N,N,N,N,N,N,V,N,V,N,V,N,V/S,N,N,N,N,V/S,V/S,V,V,N,V,V/S,V/S,N,V,V,V,N,V,V/S,V/S,V/S,V/S,N,V/S,V/S,N,V/S,V/S,V/S,V/S,V/S,V/S,V/S,N,N,N,V,N,N,V/S,V/S,V,V,N,N,V/S,V,V/S,V/S,V/S,N,V/S,V,V/S,V/S,V,V/S,V,V/S,V/S,V/S,V/S,V/S,V/S,V/S,V/S,V,V,V,N,V,N,N,N,N,N,N,N,V,N,N,N,V,N,V,N,V,N,N,V,V,N,V,N,N,N,N,V,N,N,N,N,V,V,V,N,N,V,N,N,N,N,V/S,N,N,V/S,N,V/S,N,N,N,V/S,N,V,V/S,V/S,N,V/S,V/S,N,N,V/S,V/S,N,N,V/S,V,N,N,N,N,N,N,N,V,N,N,N,V,N,N,N,N,N,N,N,N,V,N,N,N,N,N,N,N,V,N,N,N,N,V,N,V,N,V,V,V/S,N,N,N,N,N,N,N,N,N,V/S,N,N,V/S,V,V/S,V/S,N,N,N,N,N,V/S,N,V/S,V/S,V/S,V/S,V/S,V/S,V/S,V/S,N,N,N,N,V/S,N,N,V/S,V,N,N,V,N,N,V,V,N,N,V,N,N,N,N,V,N,V,N,V,V,V,N,V,V,N,V,N,N,V,N,N,V,N,N,N,V,N,V,N,N,N,N,V,V,V,V,N,N,N,N,V,V,N,N,N,V,N,N,V,N,V,N,V,N,N,N,N,N,V,N,N,N,N,V/S,V,N,V,N,N,V/S,V/S,V/S,V/S,N,V/S,V/S,V/S,V/S,V/S,N,V,V/S,V/S,V,V/S,N,V/S,N,N,N,V,N,V,V,N,N,N,V,N,N,N,N,N,N,N,N,N,N,N,V/S,V/S,V/S,N,V,N,N,N,N,V,V,V,N,N,N,V/S,V,V/S,N,N,V/S,V/S,V,N,V/S,N,N,N,N,N,N,N,N,N,N,BL01GE01GE031,GEGE031,798,26.6,2021,de
R_3kct42rFul6EK9U,Male,University degree or equivalent,University degree or equivalent,40,60,0,NA,German;40;,English;60;,,10,90,0,NA,English,NA,5,10,NA,NA,I always (or almost always) speak English to my child,English,NA,9,10,NA,NA,I regularly speak both German and English to my child,Second,NA,2,33,Always (or almost always) German,2,N,N,N,N,V/S,V/S,V,V/S,V/S,V/S,V/S,V/S,V/S,V/S,V/S,V/S,V/S,V/S,V/S,V/S,V/S,V/S,N,V/S,V/S,V/S,V/S,V/S,V/S,V/S,V/S,V/S,V/S,V/S,V/S,V/S,V/S,N,V/S,V/S,V/S,V/S,V/S,V/S,V/S,N,V/S,V/S,V/S,V/S,V,V/S,V/S,V/S,V/S,V/S,V/S,V/S,V/S,V/S,V/S,V/S,V/S,V/S,V/S,V/S,V/S,V/S,V/S,V/S,V/S,V/S,V/S,V/S,V/S,V/S,V/S,N,N,V/S,V/S,V/S,V/S,V/S,V/S,V/S,V/S,V/S,V/S,V/S,V/S,V/S,V/S,V/S,V/S,V/S,V/S,V/S,V/S,V/S,V/S,V/S,V/S,V/S,V/S,V/S,V/S,V/S,V/S,V/S,V/S,V/S,V/S,V/S,V/S,V/S,V/S,V/S,V/S,V/S,N,N,V/S,V/S,V/S,V/S,V/S,N,V/S,V/S,V/S,V/S,V/S,V/S,V/S,V/S,V/S,V/S,V/S,N,V/S,N,V/S,V/S,V/S,N,N,V/S,N,V/S,N,V/S,N,V/S,V/S,V,V/S,V/S,V/S,V/S,V,N,V/S,N,V/S,V/S,V/S,N,N,V,V/S,V/S,V/S,V/S,V/S,V/S,V/S,V/S,V/S,V/S,V/S,V/S,V/S,V/S,N,N,V/S,N,N,N,V/S,V/S,V/S,N,V/S,N,V/S,V/S,N,N,V/S,N,V/S,V/S,V/S,N,V/S,N,V/S,V/S,N,V/S,V/S,N,V/S,N,V/S,V/S,V/S,V/S,V/S,V/S,V/S,V/S,V/S,V/S,V/S,V/S,V/S,V/S,V/S,V/S,V/S,V/S,V/S,V/S,V/S,N,V/S,V/S,V/S,V/S,V/S,V/S,N,V/S,N,V/S,V/S,V/S,V/S,V/S,V/S,N,V/S,V/S,V/S,V/S,V/S,V/S,N,N,V/S,V/S,V/S,V/S,V/S,N,N,V/S,V/S,V/S,N,V/S,V/S,V,N,N,N,V/S,N,N,V/S,N,V/S,N,V/S,V/S,N,V/S,N,N,V/S,V/S,V/S,V/S,V/S,V/S,V/S,V/S,V/S,V/S,V/S,N,N,N,V,V/S,V/S,V/S,V/S,V/S,V/S,V/S,V/S,V/S,V/S,V/S,N,V/S,V/S,N,V/S,N,V/S,N,V/S,V/S,V/S,V/S,V/S,N,N,N,V/S,V/S,N,V/S,V/S,N,N,N,N,V/S,N,V/S,V/S,N,N,V/S,V/S,V/S,V,V/S,N,V/S,V/S,V/S,V/S,V/S,V/S,N,N,V/S,V/S,V/S,V/S,V/S,N,N,N,V/S,V/S,V/S,V/S,V/S,V/S,V/S,V/S,V/S,V/S,V/S,V/S,V/S,V/S,V/S,V/S,V/S,V/S,V/S,V/S,V/S,V/S,V/S,V/S,V/S,V/S,V/S,N,V/S,V/S,N,V/S,V/S,V/S,V/S,N,N,V/S,V/S,V/S,V/S,N,V/S,N,V/S,V/S,V/S,BL01GE01GE032,GEGE032,1103,36.76666667,2021,de
R_3iFrvSxq6dd2RCn,Female,University degree or equivalent,University degree or equivalent,25,75,0,NA,German;25;,English;75;,,15,85,0,NA,English,NA,7,10,NA,NA,I always (or almost always) speak English to my child,German,NA,10,9,NA,NA,I regularly speak both German and English to my child,First,NA,1,NA,NA,NA,N,N,N,N,N,N,N,V/S,V/S,N,N,V/S,V,N,N,N,V,N,N,N,N,N,N,N,N,N,V,N,N,N,V,N,V,V,N,N,N,N,N,N,N,N,N,N,N,N,N,N,N,N,N,N,N,N,N,N,N,N,N,N,V,N,V,N,N,N,N,N,V,N,N,N,N,N,N,N,N,N,N,N,N,N,N,N,N,N,N,N,N,N,N,N,N,N,N,N,N,N,N,N,N,N,N,N,N,N,N,N,N,N,N,N,N,N,N,N,N,N,N,N,N,N,N,N,N,N,N,N,N,N,N,N,N,N,N,N,N,N,N,N,N,N,N,N,N,N,N,N,N,N,N,N,N,N,N,N,N,N,N,N,N,N,N,N,N,N,N,N,N,N,N,N,N,N,N,N,N,N,N,N,N,N,N,N,N,N,N,N,N,N,N,N,N,N,N,N,N,N,N,N,N,N,N,N,N,N,N,N,N,N,N,N,N,N,N,N,N,N,N,N,N,N,N,N,N,N,N,N,N,N,N,N,N,N,N,N,V,N,N,N,N,N,N,N,N,N,N,N,N,N,N,N,V,N,N,N,N,N,N,V,V,N,N,N,N,N,N,N,N,N,N,N,N,N,N,N,N,N,N,N,N,N,N,N,N,N,N,N,N,N,N,N,N,N,N,N,N,N,N,N,N,N,N,N,N,N,N,N,N,N,N,N,N,N,N,N,N,N,N,N,N,N,V,N,N,N,N,N,N,N,N,N,N,N,V,N,N,N,N,N,N,N,N,N,N,N,N,N,N,N,N,N,N,N,N,N,N,N,N,N,N,N,N,N,N,N,N,N,N,N,N,V,N,N,N,N,N,N,N,N,N,N,N,N,N,N,N,N,N,N,N,N,N,N,N,N,N,N,N,N,N,N,N,N,N,N,N,N,N,V,N,N,N,N,N,N,V,N,BL01GE01GE033,GEGE033,379,12.63333333,2021,de
R_XGFMsnBZwKilhsJ,Female,Left school at 18 with A-Levels or equivalent,University degree or equivalent,70,30,0,NA,German;70;,English;30;,,60,40,0,NA,German,NA,10,8,0,NA,I always (or almost always) speak German to my child,English,NA,7,10,NA,NA,I always (or almost always) speak English to my child,Second,NA,2,NA,NA,1,V,N,N,N,V/S,V/S,V/S,V/S,V/S,N,V/S,V/S,V/S,V/S,N,N,V,N,V/S,V/S,V,V,N,N,V/S,V,V/S,N,N,V,V,N,V,V/S,V/S,N,N,N,V/S,N,N,N,N,N,N,N,N,V,V/S,N,V/S,V/S,N,N,N,N,N,V/S,V/S,N,V,V,N,N,N,V,V,V,V,V/S,V/S,V/S,V,V,V,V,N,N,N,N,N,N,N,V/S,N,V,N,N,N,N,N,N,N,N,V/S,V,V/S,N,V/S,V,N,V,N,V,N,V/S,V/S,N,V,V/S,V/S,V/S,N,N,V,V,N,V,V,N,N,V/S,N,N,N,N,N,N,N,V,N,N,N,V,V,N,V/S,V,N,N,N,N,N,V,N,N,N,N,N,N,N,V/S,V,V,V,N,N,V,V/S,V,V,V,V,N,V,N,N,N,N,N,N,N,V,N,V,V/S,N,N,V,V/S,N,N,V/S,N,V,V,V,V,N,V/S,V,V,N,N,N,V,N,N,N,N,N,N,N,V/S,V,N,N,V,N,N,N,N,N,N,N,V,N,V,V/S,N,N,V,N,V/S,N,N,N,N,N,N,N,N,N,V/S,N,N,V/S,N,V/S,V/S,N,N,N,N,N,V,V,V/S,V/S,N,V,V,V,V/S,V/S,N,N,N,N,V/S,V,V/S,V/S,V,V,V/S,N,N,N,N,N,N,N,V,N,N,N,N,N,N,N,N,N,N,N,N,N,N,N,N,N,N,N,N,N,N,N,N,N,N,N,N,N,N,N,N,N,N,V,V,V,N,N,N,N,N,V,N,N,N,N,N,V,N,V,V,N,N,N,N,N,N,V,N,N,N,V/S,V/S,N,N,N,N,N,N,N,N,N,N,V/S,V/S,N,N,N,N,V,V,V/S,N,N,N,N,N,N,N,N,N,N,N,N,N,N,N,N,N,N,N,N,N,V,N,N,N,N,N,N,N,N,N,N,N,N,N,V/S,N,V/S,N,N,N,N,N,V/S,N,N,N,V,N,N,N,N,N,N,N,N,N,N,V/S,V/S,N,BL01GE01GE034,GEGE034,627,20.9,2021,de
R_1NndSNe11MTZO6i,Male,Left school at 18 with A-Levels or equivalent,Left school at 18 with A-Levels or equivalent,40,60,0,NA,German;40;,English;60;,,40,60,0,NA,German,NA,10,8,0,NA,I regularly speak both German and English to my child,English,NA,1,10,NA,NA,I always (or almost always) speak English to my child,First,NA,1,12,Always (or almost always) English,0,V/S,V/S,V/S,N,N,N,V/S,N,V/S,N,N,V/S,N,N,N,N,N,N,N,N,N,N,N,N,N,N,V/S,V,N,N,N,N,N,N,N,N,N,N,N,N,N,N,N,N,N,N,N,V,N,N,N,N,N,N,V,N,V,V,V,V,N,N,N,V,V,N,V,V,V,N,N,N,N,N,N,N,N,N,V,V,V,N,N,V,N,V,N,N,N,V,N,N,N,N,V,V,N,N,V,V,N,N,N,V,V,N,V,N,V,V,N,N,N,N,N,V,N,N,V,N,N,N,N,N,N,V,V,N,V,N,N,V,N,V,V,N,V,N,N,N,N,N,N,N,N,N,N,N,N,N,N,N,N,N,V,N,N,N,N,N,N,N,N,N,N,N,N,N,N,N,N,N,N,N,N,N,N,N,N,N,N,N,V,N,N,N,N,V,N,V/S,N,V,N,N,N,N,N,N,N,N,V,N,V,N,V,N,N,N,V,N,N,N,N,N,V,N,V,V,V,N,N,N,V,N,N,N,N,N,N,N,N,N,N,V/S,N,N,V/S,N,V,V/S,N,N,N,N,N,V,N,V,V/S,V,V/S,V,V,V,V,N,N,V,N,V/S,V,V,V,V,V,V,V,N,N,N,N,N,N,V,N,N,N,N,N,N,V,V,N,N,V,V,N,N,N,V,V,N,V,V,N,N,N,V,N,N,N,N,N,N,N,N,N,N,N,V,N,N,N,N,V,V,N,N,V,V,N,N,V/S,V,N,N,N,N,N,V/S,N,N,N,N,V,N,N,N,N,V,V,N,N,N,N,N,V,N,V/S,N,N,V,N,N,V,V,N,N,N,N,N,N,N,N,N,N,N,N,N,N,N,V,N,N,V,V,N,N,V,N,N,N,N,V,V,V,N,V/S,N,N,N,N,N,N,N,N,N,N,V,N,V/S,N,V,N,N,N,N,N,V,N,N,N,N,N,N,N,V/S,N,BL01GE01GE035,GEGE035,536,17.86666667,2021,de
R_1rf4ns7eoGHWne4,Male,University degree or equivalent,University degree or equivalent,75,25,0,NA,German;75;,English;25;,,50,50,0,NA,English,NA,9,10,0,NA,I always (or almost always) speak English to my child,German,NA,10,9,NA,NA,I always (or almost always) speak German to my child,First,NA,1,14,Always (or almost always) German,0,V/S,V/S,V/S,V/S,V/S,V/S,V/S,V/S,V/S,V/S,V/S,V/S,V/S,V/S,V/S,V/S,V/S,V/S,V/S,V/S,V/S,V/S,V/S,V/S,V/S,V/S,V/S,V/S,V/S,V/S,V/S,V/S,V/S,V/S,V/S,V/S,V/S,V/S,V/S,V/S,V/S,V/S,V/S,V/S,V/S,V/S,V/S,V/S,V/S,V/S,V/S,V/S,V/S,V/S,V/S,V/S,V/S,V/S,V/S,V/S,V/S,N,V/S,V/S,V/S,V/S,V/S,V/S,V/S,V/S,V/S,V/S,V/S,V/S,V/S,V/S,V/S,V/S,V/S,V/S,V/S,V/S,V/S,V/S,V/S,V/S,V/S,V/S,V/S,V/S,V/S,V/S,V/S,V/S,V/S,V/S,V/S,V/S,V/S,V/S,V/S,V/S,V/S,V/S,V/S,V/S,V/S,V/S,V/S,V/S,V/S,V/S,V/S,V/S,V/S,V/S,V,V/S,V/S,V/S,V,V,V/S,V/S,V,V/S,V/S,V/S,V/S,V/S,V/S,V/S,V/S,V/S,V/S,V/S,V/S,V/S,V/S,V/S,V/S,V,V,V/S,V/S,N,V,V/S,V/S,V/S,V/S,V/S,V/S,V/S,V/S,V/S,V/S,V/S,V/S,V/S,V/S,V/S,V/S,V/S,V/S,V/S,V/S,V/S,V/S,V/S,V/S,V/S,V/S,V/S,V/S,V/S,V/S,V/S,V/S,V/S,V/S,V,V/S,V/S,V/S,V/S,V/S,V/S,V,V/S,V/S,V/S,V/S,V/S,V,V/S,V/S,V/S,V/S,V,V/S,V/S,V/S,V/S,V/S,V/S,V/S,V/S,V/S,V/S,V/S,V/S,V/S,V/S,V/S,V/S,V/S,V/S,V/S,V/S,V/S,V/S,V/S,V/S,V/S,V/S,V/S,V/S,V/S,V/S,V,V,V/S,V/S,V/S,V/S,V/S,V/S,V/S,V/S,V/S,V/S,V,V/S,V/S,V/S,V,V/S,V/S,V/S,V/S,V/S,V/S,V,V/S,V/S,V/S,V/S,V/S,V/S,V/S,V/S,V/S,V/S,V/S,V/S,V/S,V,V/S,V/S,V/S,V/S,V,V/S,V/S,V/S,V/S,V/S,V/S,V/S,V/S,V/S,V/S,V/S,V/S,V/S,V/S,V/S,V,V/S,V/S,V/S,V/S,V/S,V/S,V/S,V/S,V/S,V/S,V/S,V/S,V/S,V/S,V/S,V/S,V/S,V/S,V/S,V/S,V/S,V/S,V/S,V/S,V/S,V/S,V/S,V/S,V/S,V/S,V/S,V/S,V/S,V/S,V/S,V/S,V/S,V/S,V/S,V/S,V/S,V/S,V,V/S,V/S,V/S,V/S,V,V/S,V/S,V/S,V/S,V/S,V/S,V/S,V/S,V/S,V/S,V/S,V/S,V/S,V/S,V/S,V/S,V/S,V/S,V/S,V/S,V,V/S,V,V/S,V,V/S,V/S,V/S,V/S,V/S,V/S,V/S,V,V/S,V/S,V/S,V/S,V,V/S,V/S,V,V/S,V/S,V/S,V/S,V/S,V/S,V/S,V/S,V/S,V/S,V/S,V/S,V/S,V/S,V/S,V,V/S,V/S,V/S,V/S,V/S,V/S,V/S,V/S,V/S,V/S,V/S,V/S,V/S,V/S,V/S,V/S,V/S,V/S,V/S,V/S,V,V/S,V/S,V/S,BL01GE01GE042,GEGE042,974,32.46666667,2021,de
R_3syPHBppLa27Aox,Male,University degree or equivalent,Left school at 16 with GCSE or equivalent,80,20,0,NA,German;80;,English;20;,,20,80,0,NA,German,NA,10,8,NA,NA,I always (or almost always) speak German to my child,English,NA,4,10,NA,NA,I always (or almost always) speak English to my child,First,NA,1,16,Always (or almost always) German,1,V/S,V/S,V/S,N,V/S,V/S,V/S,V/S,V/S,V/S,N,V/S,V,V,V,V,V,V,V,V,V,V,V,V,V/S,V,V/S,N,N,V,V,N,V,V/S,V,V,N,N,V,N,V,V,N,N,V/S,N,V,V/S,N,N,V/S,V/S,V,V,V,V/S,V,V/S,V,N,V,N,N,N,N,N,V/S,V/S,V,N,V/S,V/S,V,V,V,V,V,N,N,V,V,V,N,N,N,N,N,N,V,N,N,N,N,N,N,V,V/S,N,V,N,V,V,N,V,V,V,V,N,V,V,V,V,N,N,N,N,N,V,V,N,N,N,N,N,N,V,V,N,V,V/S,V,V,N,V,V,V,V/S,V,V,V,V,N,N,V,V,N,N,V,N,V/S,V,V,V,V,V,N,V,N,V,V,V,V/S,V,N,V,V,N,N,V/S,N,N,V,V,V,V,V/S,N,N,V,V,V,N,N,N,V,V,N,N,N,N,V,V/S,N,N,N,N,N,N,V,N,V,N,N,V,V,N,V,N,N,N,N,N,V,V,V,N,V,V/S,V,V,N,N,N,V/S,N,N,N,N,N,N,N,N,N,V/S,V/S,N,V/S,N,V/S,V/S,N,N,N,N,N,V/S,N,V,V,N,V/S,V,V,V/S,V,N,N,V,N,V/S,V,V/S,V,V,V,V,V,N,V,N,V,V,V,V,V,V,N,N,N,N,N,N,V,N,N,V,N,N,N,V,V,V,V,V,N,V,V,V,N,N,V/S,N,V,N,N,N,N,N,V,V,N,N,N,N,V,V,N,N,N,V,N,N,V,N,V,N,N,N,N,N,N,N,N,N,V/S,N,N,N,N,N,N,N,N,N,V,N,V,N,V/S,N,N,V,N,N,V,V,N,N,N,N,V,N,N,N,V,V,N,N,N,N,N,N,N,N,N,N,N,N,N,N,N,N,N,N,N,N,N,N,N,N,N,N,N,N,V,V,N,N,V/S,V,V/S,N,N,V,N,N,N,N,N,N,N,N,N,N,N,V/S,N,N,BL01GE01GE043,GEGE043,627,20.9,2021,de
R_2tJ8GOnC3BCFpF8,Female,University degree or equivalent,University degree or equivalent,70,25,5,Greek,German;70;,English;25;,Greek;5;,20,75,5,Greek,English,NA,7,10,10,Greek,I always (or almost always) speak English to my child,German,NA,10,9,NA,NA,I regularly speak both German and English to my child,Third,NA,3,16,Always (or almost always) German,0,V/S,V/S,V/S,V/S,V/S,V/S,V/S,V/S,V/S,V/S,V/S,V/S,V/S,V/S,V/S,V,V/S,V/S,V/S,V/S,V/S,V/S,V/S,V/S,V/S,V/S,V/S,V/S,V/S,V/S,V/S,V/S,V/S,V/S,V/S,V/S,V/S,V/S,V/S,V,V/S,V/S,V/S,V,V/S,V/S,V/S,V/S,V/S,V/S,V/S,V/S,V/S,V/S,V/S,V/S,V/S,V/S,V/S,V/S,V/S,V/S,V/S,V/S,V/S,V/S,V/S,V/S,V/S,V/S,V/S,V/S,V/S,V/S,V/S,V/S,V/S,V/S,V/S,V/S,V/S,V/S,V/S,V/S,V/S,V/S,V,V/S,V/S,V/S,V/S,V/S,V/S,V/S,V/S,V/S,V/S,V/S,V/S,V/S,V/S,V/S,V/S,V/S,V/S,V/S,V/S,V/S,V/S,V/S,V/S,V/S,V/S,V/S,V/S,V/S,V/S,V/S,V/S,V/S,V/S,V/S,V/S,V/S,V/S,V/S,V/S,V,V/S,V/S,V/S,V/S,V/S,V/S,V/S,V/S,V/S,V/S,N,N,V/S,V/S,N,V/S,V/S,N,N,V/S,V/S,V/S,V/S,V/S,V/S,V/S,V/S,V/S,V/S,V/S,V/S,V/S,V/S,V/S,V/S,V/S,V/S,V/S,V,V/S,V/S,V/S,V,V/S,V/S,V/S,V/S,V/S,V/S,V/S,V/S,V/S,V/S,V,V/S,V/S,V/S,V/S,V/S,V/S,V,V/S,V/S,V/S,N,V/S,V/S,V/S,V/S,V/S,V/S,V/S,V/S,V/S,V/S,V/S,V/S,N,V/S,V/S,V/S,V/S,V,V/S,V/S,V/S,V/S,V/S,V/S,V/S,V/S,V/S,V/S,V/S,V/S,V/S,V,V,V/S,V/S,V/S,V/S,V,V/S,V/S,V/S,V/S,V,V/S,V,V/S,V/S,V,V/S,V/S,V/S,N,V/S,N,V/S,V/S,V/S,V/S,V/S,V/S,V/S,V/S,N,V/S,V/S,V,V/S,V/S,V/S,V/S,V/S,V/S,V/S,V/S,V,V/S,V/S,V/S,V/S,V,V/S,V/S,V/S,V,V/S,V/S,V/S,V/S,V/S,V/S,V/S,V/S,V/S,V/S,V/S,V/S,V/S,V/S,V/S,V/S,V/S,V/S,V/S,V/S,V,V/S,V/S,V/S,V/S,N,V/S,V/S,V/S,V/S,V/S,V/S,V/S,V/S,V,V/S,V/S,V/S,V/S,V/S,V/S,V/S,V/S,V/S,V/S,V/S,V/S,V/S,V/S,V/S,V/S,V/S,V/S,V/S,V,V/S,V,V/S,V,V/S,V/S,V/S,V/S,V/S,V/S,V/S,V,V/S,V,V/S,V/S,V/S,V/S,V/S,V/S,V/S,V/S,V/S,V/S,V/S,V/S,V,V/S,V/S,V/S,V/S,V/S,V/S,V/S,V/S,V/S,V/S,V/S,V,V/S,V/S,V/S,V/S,V/S,V/S,V/S,V/S,V,V,V,V,V,V,V/S,V,V/S,V/S,V/S,V/S,V/S,V/S,V,V/S,V/S,V/S,V/S,V/S,V/S,V/S,V/S,V/S,V/S,V/S,V/S,V/S,V/S,V/S,V/S,V/S,V/S,V,V/S,V,V/S,V/S,V/S,BL01GE01GE044,GEGE044,678,22.6,2021,de
R_3flfjNwVwmN38nw,Female,University degree or equivalent,University degree or equivalent,60,40,0,NA,German;60;,English;40;,,20,80,0,NA,English,NA,6,10,NA,NA,I always (or almost always) speak English to my child,German,NA,10,9,NA,NA,I always (or almost always) speak German to my child,First,NA,1,26,Always (or almost always) German,2,V/S,V/S,V/S,V/S,V/S,V/S,V/S,V/S,V/S,V/S,V/S,V/S,V/S,V/S,V/S,V/S,V/S,V/S,V/S,V/S,V/S,V/S,V/S,V/S,V/S,V/S,V/S,V/S,V/S,V/S,V/S,V/S,V/S,V/S,V/S,V/S,V/S,V/S,V/S,V/S,V/S,V/S,V/S,V/S,V/S,V/S,V/S,V/S,V/S,V/S,V/S,V/S,V/S,V/S,V/S,V/S,V/S,V/S,V/S,V/S,V/S,V/S,V/S,V/S,V/S,V/S,V/S,V/S,V/S,V/S,V/S,V/S,V/S,V/S,V/S,V/S,V/S,V/S,V/S,V/S,V/S,V/S,V/S,V/S,V/S,V/S,V/S,V/S,V/S,V/S,V/S,V/S,V/S,V/S,V/S,V/S,V/S,V/S,V/S,V/S,V/S,V/S,V/S,V/S,V/S,V/S,V/S,V/S,V/S,V/S,V/S,V/S,V/S,V/S,V/S,V/S,V/S,V/S,V/S,V/S,V/S,V/S,V/S,V/S,V/S,V/S,V/S,V/S,V/S,V/S,V/S,V/S,V/S,V/S,V/S,V/S,V/S,V/S,N,V/S,V/S,N,V/S,V/S,V/S,N,V/S,V/S,V/S,V/S,V/S,V/S,V/S,V/S,V/S,V/S,V/S,V/S,V/S,V/S,V/S,V/S,V/S,V/S,V/S,V/S,V/S,V/S,V/S,V/S,V/S,V/S,V/S,V/S,V/S,V/S,V/S,V/S,V/S,V/S,V/S,V/S,V/S,N,V/S,V/S,V/S,V/S,V/S,V/S,V/S,V/S,V/S,V/S,V/S,V/S,V/S,V/S,V/S,V/S,V/S,V/S,V/S,V/S,V/S,V/S,V/S,V/S,V/S,V/S,V/S,V/S,V/S,V/S,V/S,V/S,V/S,V/S,V/S,V/S,V/S,V/S,V/S,V/S,V/S,V/S,V/S,V/S,V/S,V/S,V/S,V/S,V/S,V/S,V/S,V/S,V/S,V/S,V/S,V/S,V/S,V/S,V/S,V/S,V/S,V/S,N,V/S,V/S,V/S,V/S,V/S,V/S,V/S,V/S,V/S,V/S,V/S,V/S,V/S,V/S,V/S,V/S,V/S,N,V/S,V/S,V/S,V/S,V/S,V/S,V/S,V/S,V/S,V/S,V/S,V/S,V/S,V/S,V/S,V/S,V/S,V/S,V/S,N,V/S,V/S,V/S,V/S,V/S,V/S,V/S,V/S,V/S,V/S,V/S,V/S,V/S,V/S,V/S,V/S,V/S,V/S,V/S,V/S,V/S,N,V/S,V/S,V/S,V/S,V/S,V/S,V/S,V/S,V/S,V/S,V/S,V/S,V/S,V/S,V/S,V/S,V/S,V/S,V/S,V/S,V/S,V/S,V/S,V/S,V/S,V/S,N,N,V/S,V/S,V/S,V/S,V/S,V/S,V/S,V/S,V/S,V/S,V/S,V/S,V/S,V/S,V/S,V/S,V/S,V/S,V/S,N,V/S,V/S,V/S,V/S,V/S,V/S,V/S,V/S,V/S,V/S,V/S,V/S,V/S,V/S,V/S,V/S,V/S,V/S,V/S,V/S,V/S,V/S,V/S,V/S,V/S,V/S,V/S,V/S,V/S,V/S,V/S,V/S,V/S,V/S,V/S,V/S,V/S,V/S,V/S,V/S,V/S,V/S,V/S,V/S,V/S,V/S,V/S,V/S,V/S,V/S,V/S,V/S,V/S,V/S,V/S,V/S,V/S,V/S,V/S,V/S,V/S,V/S,V/S,BL01GE01GE045,GEGE045,1095,36.5,2021,de
R_r2ZehaGp7gHx8uB,Female,University degree or equivalent,University degree or equivalent,35,65,0,NA,German;35;,English;65;,,5,95,0,NA,Bilingual German and English,NA,10,10,NA,NA,I always (or almost always) speak English to my child,English,NA,9,10,NA,NA,I always (or almost always) speak English to my child,First,NA,1,18,Always (or almost always) German,4,V/S,V,V,V,V/S,V/S,V/S,V/S,V/S,V/S,V/S,V/S,V,V/S,V/S,V,V/S,V/S,V,V/S,V/S,V,V,V/S,V/S,V,V/S,V,V,V/S,V/S,V,V/S,V/S,V/S,V,V,V,V/S,N,V/S,V/S,V/S,V/S,V/S,N,V,V/S,V/S,V,V/S,V/S,V/S,V/S,V/S,N,V/S,V/S,V/S,N,V,V,V,V,V,V/S,V/S,V/S,V/S,V/S,V/S,V/S,V,V/S,V/S,V/S,V,V,V,V/S,V/S,V/S,V,V/S,N,V/S,V/S,V/S,N,V/S,V/S,V,V,V/S,V/S,V/S,V/S,V,V/S,V,V/S,V/S,V,V/S,V,V/S,V/S,V/S,V/S,V/S,V/S,V/S,V,V,V,V,V,V/S,V/S,V/S,V,V/S,N,N,N,V/S,N,V,V,V/S,V/S,V/S,V,V,V,V,V/S,V,V,V/S,V,N,N,V/S,V,N,N,V,N,V/S,V/S,V/S,N,V,V/S,V,V,V,V/S,V/S,V/S,N,V/S,N,V/S,V/S,V/S,V,V,V/S,V/S,V/S,V/S,V,V/S,V/S,V,V,V/S,V/S,V,V,V/S,V,V,V,V/S,V,V,V/S,V/S,V/S,V/S,N,N,V/S,V,V/S,N,V,V/S,N,V,V/S,V/S,N,V,V,V/S,V/S,N,V,V/S,N,V/S,V/S,V,V,V/S,V/S,V,V,V,V/S,V,V,V,V/S,V,V/S,N,V,V/S,V/S,V/S,N,V/S,V/S,V/S,V/S,V,V,V/S,V/S,N,V,N,V/S,V/S,V/S,N,V/S,V/S,N,V/S,N,V/S,V,V,V/S,V/S,V/S,V/S,V/S,V,V,N,N,V,N,V/S,V,V,V/S,V/S,V/S,V,V,V,V/S,N,V/S,V/S,N,V/S,V,V/S,V/S,N,V,V,V,V/S,V/S,V,V/S,V,V,V,V/S,V/S,V,V,V/S,V/S,V,V/S,V/S,V/S,V/S,V,V/S,V/S,V/S,V/S,V/S,V,N,V,V/S,V,N,V/S,V,V/S,V/S,V/S,V,V,V,V,N,V,N,V/S,V,N,V/S,V,V,N,V,V,V/S,V/S,V/S,V/S,V,V/S,V,V/S,V/S,V/S,V,V,V/S,V,V,V/S,V,V/S,V,N,V/S,V,V/S,V/S,V,V/S,N,N,N,N,V/S,V,V/S,V,V,V/S,V/S,V,V/S,V,V,V/S,V/S,V,V/S,V/S,V,V/S,V/S,V/S,V,V/S,V/S,V/S,V,V,V/S,V/S,V/S,V/S,V/S,V/S,V,V/S,V/S,V,V/S,V/S,V/S,N,V/S,N,V/S,V/S,V,BL01GE01GE046,GEGE046,1024,34.13333333,2021,de
R_239lgGP6fkQHNrA,Female,University degree or equivalent,University degree or equivalent,15,85,0,NA,German;15;,English;85;,,10,90,0,NA,English,NA,7,10,NA,NA,I regularly speak a mix of German / English / other languages to my child,German,NA,10,10,NA,NA,I regularly speak a mix of German / English / other languages to my child,Second,NA,2,29,Always (or almost always) German,0,V,N,N,N,N,V/S,V/S,N,V/S,V,N,V/S,N,V,N,N,V,N,N,N,V,N,N,V,N,N,V,N,N,V,V/S,N,N,V,N,V,V,N,N,N,N,N,N,N,V,N,N,V,N,N,N,V,V,V,N,N,N,V/S,N,N,N,N,N,N,N,V/S,V,V,N,V,N,V,N,N,V,N,N,N,V,N,N,N,N,V,N,N,N,V,N,N,N,N,V,N,N,N,N,N,N,N,N,V,N,N,N,V,N,N,N,N,N,N,N,N,N,N,N,N,N,V/S,N,N,N,N,N,N,N,N,V/S,N,V,N,N,N,N,N,N,N,N,N,N,N,N,N,N,N,N,N,N,V/S,N,N,N,N,N,N,N,N,N,N,N,N,N,N,V,N,N,N,N,N,N,N,V,V,V,N,N,N,N,N,N,N,N,N,N,N,N,N,N,N,N,N,N,N,N,V/S,N,N,N,N,N,N,N,N,N,N,N,N,N,N,N,N,N,N,N,N,N,N,N,N,N,N,N,N,N,N,N,N,N,N,N,N,N,V/S,N,N,V/S,N,V/S,V,N,V,N,N,N,N,N,V,V/S,N,N,N,V/S,V/S,V/S,N,N,N,N,N,N,N,V/S,N,N,N,N,N,N,N,N,N,N,N,N,N,N,N,N,N,N,N,N,N,N,N,N,N,N,N,N,N,N,N,N,N,N,N,N,N,N,N,N,N,N,N,N,N,N,V,N,N,N,N,N,N,N,N,N,V,N,N,N,N,V,N,N,N,N,N,N,N,N,N,V/S,N,N,V/S,N,N,N,N,N,N,N,N,N,N,N,N,N,N,N,N,N,N,N,N,N,N,N,N,N,N,N,N,N,N,N,N,N,N,N,N,N,N,N,N,N,N,N,N,N,N,N,N,N,N,N,N,N,N,N,N,N,N,N,N,N,N,N,N,N,N,N,N,N,N,N,V/S,N,N,N,N,N,N,N,N,BL01GE01GE047,GEGE047,810,27,2021,de
R_u227OksFDuqJZ3b,Female,University degree or equivalent,Left school at 16 with GCSE or equivalent,55,37,8,Greek,German;55;,English;37;,Greek;8;,50,50,0,NA,German,NA,10,7,3,Greek,I always (or almost always) speak German to my child,English,NA,5,9,10,Trinidadian Creole,I always (or almost always) speak English to my child,First,NA,1,16,Always (or almost always) German,3,V,V,V/S,N,V/S,V/S,V/S,V/S,V/S,V/S,V,V/S,V/S,V/S,V/S,V/S,V/S,V/S,N,V/S,V/S,V/S,N,V/S,V/S,V/S,V/S,N,V,V/S,V/S,N,V/S,V/S,V/S,V/S,N,N,V/S,V/S,V/S,V/S,V/S,V,V/S,N,V/S,V/S,V/S,V/S,V,V/S,V/S,N,V/S,N,V,V/S,V/S,N,V/S,V/S,V/S,V/S,V/S,V/S,V/S,V/S,V/S,V/S,V/S,V/S,V,V/S,V/S,V/S,V,V,V/S,V/S,V/S,V/S,V,V/S,V/S,V/S,V/S,V/S,N,V,V,N,V/S,N,V/S,V/S,V/S,V,V/S,V,V/S,V/S,V/S,V/S,V,V/S,V/S,V/S,V/S,V/S,V/S,V/S,V/S,V,V/S,V/S,N,V/S,V/S,N,V/S,V/S,V,V/S,V,V/S,V,V,V/S,V/S,N,V/S,V/S,V/S,V/S,V/S,V/S,V/S,V/S,V/S,N,N,N,V/S,V/S,N,N,V,V/S,V/S,V/S,V/S,V,V/S,V/S,V,V/S,V/S,V/S,V/S,V/S,V/S,V/S,N,V/S,V/S,N,V,V/S,V,N,V/S,V/S,V/S,V/S,V/S,N,N,V/S,V/S,V/S,V,V/S,N,V/S,V/S,V/S,V/S,N,V/S,V/S,V/S,V,N,N,V/S,N,V/S,V,N,V/S,V/S,V/S,V/S,V/S,V/S,V/S,V,V/S,V/S,V,V/S,V,V/S,V/S,V/S,V,V/S,V/S,V/S,V/S,V,V/S,V/S,N,V,N,N,V,V/S,N,N,V/S,V/S,N,N,V,N,V,N,N,N,N,N,N,V/S,N,V/S,V/S,V,V,V/S,V/S,V/S,V/S,V,V,V,V/S,V/S,V,V/S,V/S,V,V/S,V/S,V/S,V,V/S,V,V/S,V/S,V,V/S,V/S,V/S,V,V/S,V,V/S,V,V/S,V/S,V/S,V/S,V/S,V/S,V/S,V,V/S,V/S,V/S,V/S,V/S,V,V/S,V/S,V,V,V,V/S,V,V/S,V,V/S,V/S,V,V/S,V/S,V/S,V/S,V/S,V/S,V/S,V/S,V/S,V/S,N,V,V/S,V/S,V,V/S,V,V/S,V/S,V/S,V,N,V,V,V,V,N,V/S,V/S,V,V/S,V/S,V/S,N,N,N,V/S,V/S,V/S,V,V,V/S,V,V/S,V/S,V/S,N,V,V/S,V/S,N,V/S,N,V/S,N,N,N,V,V/S,V/S,V/S,V/S,N,N,V,V,N,N,V/S,V,N,V/S,V,N,V,N,V/S,V/S,V/S,N,V/S,V,V,V/S,N,V/S,N,V/S,V/S,V,N,V/S,V/S,V/S,V/S,V/S,V/S,V/S,V/S,V/S,V/S,V,V,V/S,V/S,N,V/S,V,V/S,V/S,V/S,BL01GE01GE048,GEGE048,884,29.46666667,2021,de
R_3Pub4S08P2esxvw,Male,University degree or equivalent,University degree or equivalent,70,30,0,NA,German;70;,English;30;,,50,50,0,NA,English,NA,7,10,6,Chinese,I always (or almost always) speak English to my child,English,NA,7,10,6,Chinese,I always (or almost always) speak English to my child,First,NA,1,9,Always (or almost always) German,NA,N,V,N,V,V/S,V/S,N,V/S,V/S,V/S,V/S,V/S,N,V/S,V/S,V,V,V,V,V,V/S,V,V,V,V,V,N,V,V,V,V,N,V,V,V,V,V,V,V,N,V,V,V,V,N,N,V,V/S,N,N,N,N,N,N,N,N,N,V/S,V,N,V,N,N,N,N,N,V/S,V/S,N,N,N,V/S,N,N,V/S,N,N,N,V/S,N,N,N,N,V/S,N,N,V/S,N,N,N,N,N,N,N,N,N,N,N,N,N,N,N,N,N,N,N,N,V,N,N,N,N,N,N,N,N,N,N,V,N,N,N,N,N,N,N,N,N,N,V/S,N,N,N,N,N,N,V/S,N,N,N,N,N,N,N,N,N,N,N,N,N,N,V,N,N,V,N,N,N,N,V/S,N,N,N,N,V/S,N,N,N,N,N,N,N,N,N,N,N,N,N,N,N,N,N,V,N,V,N,N,N,N,N,N,N,N,N,N,N,N,N,N,N,N,N,N,V/S,N,N,N,N,N,N,N,N,N,N,N,N,N,N,N,N,N,N,N,V/S,N,N,N,N,N,N,N,N,N,V/S,N,N,V/S,N,N,V/S,N,N,N,N,N,N,N,V/S,N,N,V/S,N,V/S,V/S,V/S,N,N,N,N,V/S,N,N,V/S,N,N,N,N,N,N,N,N,N,N,V,N,N,N,N,N,N,N,N,N,N,N,N,N,N,N,N,N,N,N,N,N,N,N,N,N,N,N,N,N,N,N,N,N,N,N,N,N,N,N,N,N,N,N,N,N,N,N,N,N,N,N,N,N,N,N,N,N,N,N,N,N,N,N,N,N,N,N,N,N,N,N,N,V/S,N,V/S,N,V/S,V/S,N,N,N,N,N,N,N,N,N,N,N,N,N,N,N,N,N,N,N,N,N,N,N,N,N,N,N,N,N,N,N,N,N,N,N,N,N,N,N,N,N,N,V/S,N,N,N,V/S,N,V/S,N,N,N,N,N,N,N,N,N,N,N,N,N,N,N,N,N,BL01GE01GE049,GEGE049,572,19.06666667,2021,de
R_tL3eu9L2JCTdVVT,Female,University degree or equivalent,University degree or equivalent,70,30,0,NA,German;70;,English;30;,,50,50,0,NA,English,NA,7,10,10,Portuguese ,I always (or almost always) speak English to my child,German,NA,10,8,NA,NA,I always (or almost always) speak German to my child,First,NA,1,12,Always (or almost always) German,2,V/S,V/S,V/S,V/S,V/S,V/S,V/S,V/S,V/S,V/S,V/S,V/S,V/S,V/S,V/S,V/S,V/S,V/S,V,V/S,V/S,V/S,V,V/S,V/S,V/S,V/S,V/S,V/S,V/S,V/S,V/S,V/S,V/S,V/S,V/S,V/S,V,V/S,V,V/S,V/S,V/S,V/S,V/S,V,V/S,V/S,V,V/S,V/S,V/S,V/S,V/S,V/S,V,V,V/S,V/S,V/S,V/S,V/S,V/S,V/S,V/S,V/S,V/S,V/S,V/S,V/S,V/S,V/S,V/S,V/S,V/S,V/S,V/S,V/S,V/S,V/S,V/S,V/S,V/S,V/S,V/S,V/S,V/S,V/S,V/S,V/S,V/S,V/S,V/S,V/S,V/S,V/S,V/S,V/S,V/S,V/S,V/S,V/S,V/S,V/S,V/S,V/S,V/S,V/S,V/S,V/S,V/S,V/S,V/S,V,V/S,V/S,V,V/S,V/S,V/S,V/S,V/S,V/S,V/S,V/S,V/S,V/S,V/S,V/S,V/S,V/S,V/S,V/S,V/S,V/S,V/S,V/S,V/S,V/S,V/S,V/S,V/S,V/S,V/S,V/S,N,V/S,V/S,V/S,V/S,V/S,V/S,V/S,V/S,V/S,V/S,V/S,V/S,V/S,V/S,V/S,V/S,V/S,V/S,V/S,V/S,N,V/S,V/S,V/S,V/S,V/S,V/S,V/S,V/S,V/S,V/S,V/S,V/S,V/S,V/S,V/S,V/S,V,V/S,V/S,V/S,V/S,N,V/S,V/S,V/S,V/S,V/S,V/S,V/S,N,V/S,V/S,V/S,V/S,V/S,V,V/S,V/S,V/S,V/S,V/S,V/S,V/S,V/S,V/S,V/S,V/S,V/S,V/S,V/S,V/S,V/S,V/S,V/S,V/S,V/S,V/S,V/S,V/S,V/S,V/S,V/S,V/S,V/S,V/S,V/S,V/S,V/S,V/S,V/S,V/S,V/S,V/S,V/S,V/S,V/S,V/S,V/S,V/S,N,V/S,V/S,V/S,V/S,V/S,V/S,V/S,V/S,V/S,V/S,V/S,V/S,V/S,V/S,V/S,V/S,V,V,V/S,V/S,V,V,V/S,V/S,V/S,V,V/S,V/S,V/S,N,V/S,V/S,V/S,V/S,V/S,N,V/S,V/S,V/S,V/S,V/S,N,V/S,V/S,V/S,V,V/S,V/S,N,V/S,V,V/S,V/S,V/S,V/S,V/S,V/S,V/S,V/S,V/S,V/S,V/S,V/S,V,V/S,V/S,V/S,V/S,V/S,V/S,V/S,V/S,V/S,V/S,V,V/S,V/S,V/S,V/S,V/S,V/S,V/S,V/S,V,V,V/S,N,N,V/S,V,V/S,V/S,V/S,N,N,V/S,V/S,V/S,V/S,V/S,V/S,V/S,V/S,V/S,V/S,V/S,V/S,V/S,V/S,V/S,V/S,V/S,V,V/S,V/S,V/S,V,V/S,V/S,V,V/S,V/S,N,V,V,V,V,V,V/S,V/S,V,V/S,V/S,V,V/S,V/S,V/S,V/S,V,V/S,V/S,V/S,V,V/S,V/S,V/S,V,V/S,V/S,V/S,V,V/S,V/S,V/S,V,V/S,V/S,V/S,V/S,V,V/S,V,V/S,V/S,V,V,V/S,V,V/S,V/S,V/S,BL01GE01GE050,GEGE050,1071,35.7,2021,de
R_3nIsWv7uSOMZQUg,Female,University degree or equivalent,University degree or equivalent,80,20,0,NA,German;80;,English;20;,,70,30,0,NA,Bilingual German and English,NA,7,10,NA,NA,I always (or almost always) speak English to my child,Bilingual German and English,NA,10,9,NA,NA,I always (or almost always) speak German to my child,Second,NA,2,29,Always (or almost always) German,NA,V,V/S,V/S,V,V,V/S,V/S,V/S,V/S,V,V/S,V/S,V/S,V/S,V,V,V,V,V,V,V/S,V/S,V,V,V/S,V,V,V,V,V,V,N,V,V,V,V,N,N,V,V,V,V,V,V,V,N,V,V/S,V/S,V,V,V,V,V,V,V,V,V/S,V/S,N,V/S,V/S,V,V,V,V/S,V,V/S,V/S,V,V/S,V/S,V,V,V/S,V,V,V,V,V/S,V/S,V,V,V/S,V,N,V/S,V,V,V,V,V,N,N,V/S,V/S,V/S,V,V,V,V,V/S,V,V/S,V,V/S,V/S,V,V/S,V/S,V/S,V,V,V,V,V,V,V,V,N,V,V,V/S,V,V,V,V,V,V,V/S,V,V,V,V,V,V/S,V/S,V,V,V,N,V,N,V,V,N,V,V,N,V,V,V/S,V,V,V/S,V,V,V/S,V/S,V,V/S,V,V/S,V,V/S,V,N,V/S,V,V,V,V,V/S,V,V/S,V,V,V/S,V,V/S,N,V,V/S,V,V/S,V,V/S,V/S,V,V,V/S,V,V,V,V,V/S,V/S,V/S,V,V,V/S,V,V,V/S,V,V,V/S,V,V/S,V/S,V,V,V,N,V,V,V,V/S,V/S,V,N,V/S,V,V/S,V,V,V,V,V,V,V,V,V,V/S,V/S,V,V/S,V,V/S,V/S,V,N,N,N,V,V/S,N,V,V,V,V/S,V,V/S,V/S,V/S,N,N,V,V,V/S,V,V/S,V/S,V,V,V,V/S,V,V,V,V,V,N,V,V,V,V,V,V,V,V,V,V,V,V/S,V,V/S,V,V,V/S,V/S,V,V/S,V/S,V,V/S,V,V,V,V,V/S,V,V/S,V,V,V,V,V,V,V,V,V,V/S,V,V,V,V/S,V,V,V/S,V,V,V/S,V,V,V,V,V,V,N,V,V,V,V,V/S,V/S,V,V/S,V/S,V,V,N,V,V/S,V/S,V/S,V/S,V/S,V/S,V/S,V/S,V/S,V/S,V,V,V/S,V/S,V,V/S,V,V,V,V,V,V,V,V,V,V/S,V,V,V,V,V,V,V/S,V,V,V/S,V,N,V,N,N,V,V,V,V/S,V,V,V,V,V/S,V,V/S,V/S,V,V,V/S,V/S,V/S,V,V,V/S,V,V/S,V,V,V,V/S,V,V,N,V/S,V,V/S,V,V,BL01GE01GE051,GEGE051,761,25.36666667,2021,de
R_55e33c4udngHC7v,Female,University degree or equivalent,University degree or equivalent,80,20,0,NA,German;80;,English;20;,,60,40,0,"This question is very unclear - 100% of the English comes JUST from home. 0% of German is JUST from home. But I have answered based on how much of each language we speak at home, if that is your intended question. ",English,NA,5,10,NA,NA,I always (or almost always) speak English to my child,German,NA,10,9,NA,NA,I always (or almost always) speak German to my child,First,NA,1,16,Always (or almost always) German,NA,V/S,V/S,V/S,V/S,V/S,V/S,V/S,V/S,N,V/S,V/S,V/S,V/S,V/S,V/S,V/S,N,V/S,V/S,V/S,V/S,V/S,V/S,V/S,V/S,V/S,V/S,V,V/S,V/S,V/S,V/S,V/S,V/S,V/S,V/S,V/S,V/S,V/S,V/S,V/S,V/S,V/S,V/S,V/S,V/S,V/S,V/S,V/S,N,N,V/S,V/S,V/S,V/S,V/S,V/S,V/S,V/S,V/S,V/S,V/S,V/S,V/S,V/S,V/S,V/S,V/S,V/S,V/S,V/S,V/S,V/S,V/S,V/S,V/S,V,V/S,V/S,V/S,V/S,V/S,V/S,V/S,V/S,V/S,V/S,V/S,V/S,V/S,V/S,V,V/S,V/S,V/S,V/S,V/S,V/S,V/S,V/S,V/S,V/S,V/S,V/S,V/S,V/S,V/S,V/S,V/S,V/S,V/S,V/S,V/S,V/S,V/S,V/S,V/S,V/S,V/S,V/S,V,V/S,V/S,V/S,V/S,V/S,V/S,V/S,V/S,V/S,V/S,V/S,V/S,V/S,V/S,V/S,V/S,V/S,N,V/S,V/S,V/S,V,V/S,V/S,V/S,V/S,V/S,V/S,V/S,V/S,V/S,V/S,V/S,V/S,V/S,V/S,V/S,V/S,V/S,V/S,V/S,V/S,V,V/S,V/S,N,V/S,V/S,V/S,V/S,V/S,V/S,V/S,V/S,V/S,V/S,V/S,V/S,V/S,V/S,V/S,V/S,V/S,V/S,V/S,V/S,V/S,N,V/S,V/S,V/S,V/S,V/S,V/S,V/S,V/S,V/S,V/S,V/S,V/S,V,V/S,V/S,V/S,V/S,V/S,V/S,V/S,V/S,N,V/S,V/S,V/S,V/S,V/S,V/S,V/S,V/S,V/S,V/S,V/S,V/S,V/S,V/S,V/S,V/S,V/S,V/S,V/S,V,V,V/S,V/S,V/S,V/S,V/S,V,V/S,V/S,V/S,V/S,V,V/S,V,V/S,N,V/S,V/S,V/S,V/S,V/S,V/S,V/S,V/S,V,V/S,V/S,V/S,V/S,V/S,V,V/S,V/S,V/S,V,V/S,V,V/S,V,V/S,V/S,V,V/S,V/S,V,V,V,V/S,V/S,V/S,V/S,V/S,V/S,V/S,V/S,V/S,V/S,N,V/S,V/S,V/S,V/S,V/S,V/S,V/S,V/S,V/S,V,V/S,V/S,V/S,V/S,V/S,V/S,V,V/S,V/S,V/S,V/S,V/S,V/S,V/S,V/S,V/S,V/S,V/S,N,V/S,V/S,V/S,N,V/S,N,V/S,V/S,V/S,V,V/S,V/S,V/S,N,V/S,V,N,V/S,V/S,V/S,V/S,V/S,V/S,N,V,V/S,V/S,V/S,V/S,V/S,V/S,V,V/S,V/S,V/S,V/S,V/S,V/S,V/S,V/S,V/S,V/S,V/S,V,V,V/S,V/S,V/S,V/S,V/S,V/S,V/S,V,V/S,V/S,V/S,V/S,V/S,V/S,V/S,V/S,V/S,V,V/S,V,V/S,V/S,V/S,V/S,V/S,N,V/S,V/S,V/S,V/S,V/S,V/S,V/S,V/S,V/S,V/S,V/S,V/S,V/S,V,V/S,V/S,V/S,V/S,V/S,V/S,V/S,V/S,V,N,V/S,N,V/S,V/S,V/S,BL01GE01GE052,GEGE052,1102,36.73333333,2021,de
R_3qaJBiyQwWmxgDe,Female,University degree or equivalent,University degree or equivalent,30,50,20,Russian,German;30;,English;50;,Russian;20;,30,60,10,Russian,Other(s),NA,9,10,10,Russian,I regularly speak a mix of German / English / other languages to my child,English,NA,2,10,NA,NA,I always (or almost always) speak English to my child,First,NA,1,23,Always (or almost always) German,0,N,N,V/S,N,N,V,N,V,V/S,V,N,V,N,N,N,N,V,N,N,N,N,N,N,N,N,N,V,N,N,V,N,N,V,N,N,N,N,N,N,N,N,N,N,N,V,N,N,N,V,N,N,N,V,N,N,N,N,V/S,V,N,N,V,V,N,N,V,V,V,V,N,N,N,N,V,N,N,V,N,N,N,N,N,N,N,N,V,N,V,V,N,V,N,N,N,V,N,V,N,N,N,N,V,N,V,N,V,V,N,N,N,V,V,N,N,N,N,N,N,N,N,N,N,N,N,N,N,N,N,N,V,N,N,N,N,N,N,V,N,N,N,N,N,N,V,N,N,N,N,V,N,N,V,N,V,N,V,N,N,N,N,V,N,N,N,V,N,N,N,N,V,N,N,V,N,V,N,N,N,N,N,N,N,V,N,V,N,N,N,V,V,V,V,N,N,N,V,N,N,N,N,N,N,N,V,V,N,N,N,V,V,N,N,N,N,N,N,N,N,V,N,N,V,N,V/S,N,N,N,N,N,N,N,N,N,V/S,V,N,N,N,N,V,N,N,N,N,N,N,N,N,N,N,N,N,V,V,V,N,V,V,N,V,V,V,V,N,N,V,N,N,N,N,V,N,N,N,N,N,N,N,N,N,N,V,N,V,N,N,N,V,N,N,N,N,V,V,V,N,N,N,N,N,N,N,N,N,V,V,N,N,V,V,N,N,N,N,N,V,V,N,N,N,N,N,V,N,V,N,N,N,N,N,N,N,N,N,N,N,N,V,N,N,N,N,N,V,N,V,N,N,N,N,N,N,N,N,N,N,N,N,V,N,N,N,N,N,N,N,N,N,N,N,N,N,N,N,N,N,N,N,V,N,N,V,N,N,N,V,N,N,N,N,V,N,V,N,N,N,N,N,N,N,N,N,N,N,N,N,N,N,N,N,V,N,N,N,N,V,N,N,BL01GE01GE053,GEGE053,709,23.63333333,2021,de
R_1HkpS5NA5fumGGG,Female,University degree or equivalent,University degree or equivalent,60,40,0,NA,German;60;,English;40;,,40,60,0,NA,Bilingual German and English,NA,10,10,NA,NA,I always (or almost always) speak English to my child,German,NA,10,8,8,French,I always (or almost always) speak German to my child,Other,Fifth,5,18,Always (or almost always) German,0,V,V,V,V/S,V/S,V/S,V/S,V/S,V,V/S,N,V/S,V/S,V/S,V/S,V/S,V/S,V/S,V/S,V/S,V/S,V/S,V/S,V/S,V/S,V/S,V/S,V,V,V/S,V/S,V/S,V/S,V/S,V/S,V/S,V/S,V/S,V/S,V,V/S,V/S,V/S,V/S,V/S,N,V/S,V/S,V/S,V/S,V/S,V/S,V/S,V/S,V/S,V,V,V/S,V/S,V/S,V/S,V/S,V/S,V/S,V/S,V/S,V/S,V/S,V/S,V/S,V/S,V/S,V/S,V/S,V/S,V/S,V/S,V/S,V/S,V/S,V/S,V/S,V/S,V/S,V/S,V/S,V/S,V/S,V/S,V/S,V/S,V/S,V/S,V/S,V/S,V/S,V/S,V/S,V/S,V/S,V/S,V/S,V/S,V/S,V/S,V/S,V/S,V/S,V/S,V/S,V/S,V/S,V/S,V/S,V/S,V/S,V/S,V/S,V/S,V/S,V/S,V/S,V/S,V/S,V/S,V/S,V/S,V,V/S,V/S,V,V/S,V/S,V/S,V/S,V/S,V/S,V/S,V/S,V,V,V/S,V/S,V/S,V/S,N,N,V/S,V,V/S,V/S,V/S,V/S,V/S,V/S,V/S,V/S,V/S,V/S,V/S,V/S,V/S,V/S,V,V/S,V/S,V/S,V/S,V/S,V/S,V/S,V/S,V/S,V/S,V/S,V/S,V/S,V/S,V/S,V/S,V/S,V/S,V/S,V/S,V/S,V,V/S,V/S,V/S,V/S,V/S,V/S,V/S,V,V,V/S,V/S,V/S,V/S,V/S,V/S,V/S,V/S,V/S,V/S,V/S,V/S,V/S,V/S,V/S,V/S,V/S,V/S,V/S,V/S,V/S,V/S,V/S,V/S,V/S,V/S,V/S,V/S,V/S,V/S,V/S,V/S,V/S,V/S,V/S,V/S,V/S,V/S,V/S,V/S,V/S,V/S,V/S,V/S,V/S,V/S,V/S,V/S,V/S,V/S,V/S,N,V/S,V/S,V/S,N,V/S,V/S,V,V/S,V/S,V/S,V/S,V/S,V/S,V/S,V/S,V/S,V/S,V/S,V/S,V/S,V/S,V/S,V/S,V/S,V/S,V/S,V/S,V/S,V/S,V,V/S,V/S,V/S,V/S,V/S,V/S,V/S,V/S,V/S,V/S,V/S,V,V/S,V/S,V/S,V/S,V/S,V/S,V/S,V/S,V/S,V/S,V/S,V/S,V/S,V/S,V/S,V/S,V/S,V/S,V/S,V/S,V/S,V/S,V/S,V/S,V/S,V/S,V/S,V/S,V/S,V/S,V/S,V/S,V/S,V/S,V/S,V/S,V/S,V/S,V/S,V/S,V/S,V/S,V/S,V/S,V,V/S,V/S,V,V/S,V/S,V/S,V,V,V/S,V/S,V/S,V/S,V/S,V/S,V/S,V/S,V/S,V/S,V/S,V/S,V/S,V/S,V/S,V/S,V/S,V/S,V/S,V,V,V/S,V/S,V/S,V/S,V/S,V/S,V/S,V/S,V/S,V/S,V/S,V/S,V/S,V/S,V/S,V/S,V/S,V/S,V/S,V/S,V/S,V/S,V/S,V/S,V/S,V/S,V/S,V/S,V/S,V/S,V,V/S,V/S,V/S,V/S,V/S,V/S,V/S,V/S,V/S,V/S,V/S,V/S,V/S,V/S,V/S,V/S,V/S,V/S,V/S,V/S,V/S,V/S,V/S,V/S,BL01GE01GE054,GEGE054,1194,39.8,2021,de
R_0NemTFuR3vZbG3T,Female,University degree or equivalent,University degree or equivalent,70,30,0,NA,German;70;,English;30;,,40,60,0,NA,German,NA,10,9,NA,NA,I always (or almost always) speak German to my child,English,NA,7,10,NA,NA,I always (or almost always) speak English to my child,Third,NA,3,NA,NA,NA,V/S,V/S,V,V,V/S,V/S,V/S,V,V/S,V/S,V,V/S,N,V/S,V,V,V,V,N,V,V/S,V,N,V,V,V,V,V,V,V,V,V,V,V/S,V,N,V,N,V,N,V,V,V,V,V,N,V,V,N,V,N,V/S,N,N,N,N,N,V,V,N,V,V,N,N,V,V/S,V,V/S,V,V,V,V/S,N,V,V/S,N,V,N,V,N,N,N,N,V,V,V,V,V,V,V,V,N,N,V,V,V,V,N,V/S,V,V,V,N,V,V,V,V,N,V,V,V,V,V,V,V,V,N,V,V,N,V,V,N,V,N,V,N,N,V,V/S,V,V,N,V,N,V,V,V,N,N,N,V,V,V,V,N,N,N,V,N,V,V,N,N,N,N,N,N,N,N,V,N,N,N,V,N,N,N,N,N,N,N,V,N,V,N,N,N,V,N,N,N,V,N,V,V,V,V,N,V,V,V,N,N,N,V,N,N,N,N,V,N,N,V,V,N,N,N,V,N,N,V,V,N,N,V,V,V,V,N,N,N,V,V/S,V,N,N,N,N,N,N,N,N,V/S,N,N,V,N,V/S,V/S,N,N,V,N,V,V,N,V,V/S,V,V/S,V,V/S,V/S,V/S,N,V,V,V,V/S,V,V,V/S,V,V,V,N,N,V,N,V,V,N,V,V,V,V,N,N,V,V,V,V,V,V,V,N,V,N,V,V,V,V,V,V,V,V,V,V,V,V,N,V,V,V,V,N,V,V,V,V,N,N,V,V,V,V,V,V,V,V,V,V,V,V,V,V,V,N,V,N,N,V,N,V/S,N,N,N,V,V,V,N,N,N,V,N,V,N,V/S,V,V,V,V,N,V/S,V,V,V,N,N,V,N,N,N,V,V,V,V,V,N,N,V,V,N,N,V,N,N,V,N,N,N,V,V,V,N,N,N,V,N,V,N,N,N,V/S,V,N,N,V/S,V/S,V/S,V,V,V,V,V,N,V,N,V,N,N,N,N,N,N,V,N,BL01GE01GE055,GEGE055,567,18.9,2021,de
R_248Dg6yzMr8RHsy,Female,University degree or equivalent,University degree or equivalent,60,40,0,NA,German;60;,English;40;,,45,55,0,NA,German,NA,10,8,NA,NA,I always (or almost always) speak German to my child,English,NA,5,10,0,NA,I always (or almost always) speak English to my child,Second,NA,2,14,Both German and English regularly,13,V/S,N,V,V/S,V/S,V/S,V/S,V/S,V/S,V/S,V/S,V/S,V/S,V/S,V/S,V/S,V/S,V/S,V/S,V/S,V/S,V/S,V/S,V/S,V/S,V/S,V/S,V,V/S,V/S,V/S,V/S,V/S,V/S,V/S,V/S,V/S,V/S,V/S,V/S,V/S,V/S,V/S,V/S,V/S,V,N,V/S,V/S,V/S,V/S,V/S,V/S,V/S,V/S,V,V/S,V/S,V/S,V,V/S,V/S,V/S,V/S,V/S,V/S,V/S,V/S,V/S,V/S,V/S,V/S,V/S,V/S,V/S,V/S,V/S,V,V/S,V/S,V/S,V/S,V/S,V/S,V/S,V/S,V/S,V/S,V/S,V/S,V/S,N,V/S,V/S,V/S,V/S,V/S,V/S,V/S,V/S,V/S,V/S,V/S,V/S,V/S,V/S,V/S,V/S,V/S,V/S,V/S,V/S,V/S,V/S,V/S,V/S,V,V/S,V/S,V,V,V/S,V/S,V/S,V,V/S,V/S,V,V/S,V/S,V/S,V/S,V/S,V/S,V/S,V/S,V/S,V/S,V/S,V/S,V,V,V,V/S,V/S,N,V,V/S,V/S,V/S,V/S,V/S,V/S,V/S,V/S,V,V/S,V/S,V/S,V/S,V/S,V/S,V/S,V,V/S,V/S,V,V/S,V/S,V/S,V/S,V/S,V/S,V/S,V/S,V/S,V/S,V,V/S,V/S,V/S,V/S,V/S,V/S,V/S,V/S,V/S,V,N,V/S,V/S,V/S,V/S,N,V,V/S,V/S,V/S,V,V,V/S,V/S,V/S,V/S,V/S,V,V/S,V/S,V/S,V/S,V/S,V/S,V/S,V/S,V,V/S,V/S,V/S,V/S,V/S,V/S,V/S,V,V/S,V/S,V/S,V/S,V/S,V/S,V/S,N,V,V/S,V/S,V/S,V,V/S,V/S,V/S,V/S,V,V/S,V/S,V/S,V,V/S,N,V/S,V/S,V/S,V/S,V/S,V/S,V/S,V/S,V,V/S,V,V/S,V/S,V/S,V/S,V/S,V/S,V/S,V,V/S,V,V/S,V/S,V/S,V/S,V/S,V/S,V/S,V/S,V/S,V/S,V/S,V/S,V,V/S,V/S,V/S,V/S,V/S,V/S,V/S,V,V/S,V/S,V/S,V/S,V/S,V,V/S,V/S,V/S,V/S,V/S,V/S,V/S,V/S,V,V/S,V/S,V/S,V/S,V/S,V/S,V/S,V,V/S,V/S,V/S,V/S,V/S,V/S,V/S,V/S,V/S,V,V/S,V/S,V/S,V/S,V/S,V,V/S,V,V/S,V/S,V/S,V/S,V/S,V/S,V,V/S,V/S,V,V,N,V,V/S,V/S,V/S,V/S,V/S,V/S,V/S,V/S,V/S,V/S,V/S,V/S,V/S,V/S,V,V/S,N,V/S,V,V,V/S,V,V/S,V/S,V,V/S,N,V,V/S,V/S,V/S,V/S,V/S,V/S,V/S,V/S,V/S,V,V/S,V,V,V/S,V/S,V/S,V/S,V/S,V,V/S,V/S,V/S,V,V/S,V/S,V/S,V/S,V/S,V/S,V/S,V/S,V/S,V/S,V/S,V/S,V/S,V/S,V/S,V/S,V/S,V/S,V,V/S,V,V/S,V/S,V/S,BL01GE01GE056,GEGE056,1064,35.46666667,2021,de
R_21AE303m3YREfVa,Male,University degree or equivalent,University degree or equivalent,35,65,0,NA,German;35;,English;65;,,20,80,0,NA,English,NA,6,10,0,NA,I always (or almost always) speak English to my child,Bilingual German and English,NA,10,10,NA,NA,I always (or almost always) speak German to my child,Second,NA,2,26,Both German and English regularly,2,V,V/S,V/S,V,V,N,V/S,V/S,V,V/S,V,V/S,V/S,V/S,V,V,V/S,V/S,V,V,V/S,V/S,V,V,V/S,V,V/S,V,V,V/S,V/S,V,V/S,V/S,V,V,V,V,V,V,V/S,V/S,V/S,V,V,N,V/S,V/S,V/S,V/S,V/S,V/S,V/S,V/S,V/S,V,V/S,V/S,V,V,V/S,V/S,N,V/S,V/S,V/S,V/S,V/S,V/S,V/S,V,V/S,V,V,V/S,V,V/S,V,V/S,V,V,V/S,V,V/S,V,V/S,V/S,V/S,V/S,V/S,V/S,V/S,V/S,V/S,V/S,V,V,V,V,V,V,V,V,V/S,V,V/S,V/S,V,V,V,V,V,N,N,N,V/S,V,V/S,V/S,V,V,V,V,V,V,V,V/S,V,V,V/S,V,V/S,V,V,V/S,V/S,V/S,V/S,V/S,N,N,V/S,N,V,V/S,V,V,V,V,V/S,V/S,V/S,V,V,V,V,V/S,V/S,V/S,V/S,V/S,V,V/S,V,V/S,V,N,V,V/S,V,V,V/S,V/S,V/S,V/S,V/S,V,V,V,V,V,V,V/S,V,V,V,V,V,V,V/S,V/S,V/S,V/S,V,V,V/S,V/S,V/S,V,V,V/S,V/S,V/S,V/S,V/S,V/S,V/S,V,V/S,V,V/S,V/S,V/S,V/S,V,V,V,V,V/S,V/S,V,V,V,V/S,V,V,V,V,V,V,V,V,V/S,V/S,V,V,V,V,V/S,V/S,V/S,V/S,V,V,V,V/S,V,V/S,V/S,V/S,V/S,V,V/S,V/S,V/S,V/S,N,V,V,V/S,V/S,V,V/S,V/S,V,V,V,V,V,V,V,V,V,V/S,V/S,V,V/S,V,V,V,V,V,V/S,V/S,V/S,V,N,V/S,V,V/S,V/S,V,V/S,V,V/S,V/S,V/S,V,V,V/S,V/S,V,V,V,V,V,V,V,V/S,V/S,V/S,V,V/S,V,V,V/S,V/S,V,V,V,V,V,V/S,V,V,V/S,V,V,V,V,V,V,V,V,V/S,V/S,V,V/S,V,V/S,V,V,V,V/S,V/S,V/S,V/S,V,V/S,V/S,V/S,V/S,V/S,V,V,N,V/S,V,V/S,V,V,V,V,V,V,V,V,V,V,V,V,V,V/S,V,V/S,V,V,V,V,V,V,V/S,V/S,V/S,V/S,V,V,V,V,V,V,V,V,V,V/S,V/S,V/S,V,V/S,V/S,V/S,V,V/S,V/S,V/S,V/S,V,V,V,V/S,V/S,V,V,V,V,V/S,V,V,BL01GE01GE057,GEGE057,1126,37.53333333,2021,de
R_3MMOCxzLWaEWUNl,Male,University degree or equivalent,University degree or equivalent,40,60,0,NA,German;40;,English;60;,,20,80,0,NA,English,NA,7,10,NA,NA,I always (or almost always) speak English to my child,English,NA,8,10,NA,NA,I regularly speak both German and English to my child,First,NA,1,NA,NA,20,N,N,V/S,V/S,V/S,V/S,V/S,V/S,V/S,V/S,N,V/S,V/S,V/S,V/S,V,V/S,V/S,V/S,V/S,V/S,V/S,V/S,V/S,V/S,V/S,V/S,V,V,V/S,V/S,V/S,V/S,V/S,V/S,V/S,V/S,V,V/S,V,V,V/S,V,V/S,V/S,V,V/S,V/S,V/S,V/S,N,V/S,V/S,V,V/S,V,V/S,V/S,V/S,V,V/S,V,N,V/S,V,V/S,V/S,V/S,V/S,V/S,V/S,V/S,V/S,V/S,V/S,V,V,V/S,V/S,V/S,V/S,V/S,V/S,V/S,V/S,V/S,V/S,V/S,V/S,V,V,V,V/S,V,V/S,V/S,V/S,V,V/S,V,V,V/S,V,V/S,V,V/S,V/S,V/S,V,V/S,V/S,V/S,V/S,N,V/S,V/S,V/S,V/S,V/S,V,N,V,V,N,V,V,V,N,V/S,V/S,V/S,V/S,V/S,V/S,N,V/S,V/S,V/S,N,N,V,N,V,V/S,V,N,N,V/S,N,V/S,V/S,V/S,V,V/S,V/S,V,V,V/S,V/S,V/S,V/S,N,V/S,V,V/S,V,V/S,V/S,V,V,V,V/S,V,V,V,V/S,V,V,V/S,V/S,V,V,V/S,V/S,V,V,V,V/S,V,V,V/S,V/S,V,V,V/S,V/S,V/S,V,V,V,V,V,V,V/S,V/S,V,V,V,V/S,V,N,V,V,V,V/S,V,V/S,V,V,V/S,V/S,V/S,V/S,V/S,V/S,V,V/S,V/S,V,V/S,V,N,V,V/S,V/S,V,V/S,V,V,V/S,V/S,V,V,V,V,V,N,V/S,V/S,V/S,V,V/S,V/S,V/S,V/S,V/S,V,V,V,V/S,V/S,V/S,V/S,V/S,V,V,V,V,V/S,V,V/S,V/S,V,V/S,V/S,V/S,V,V,V/S,V/S,V,V,V/S,V,V/S,N,V/S,V,V,V,V/S,V/S,V,V/S,V/S,V/S,V/S,V,V,V/S,V,V,V/S,V/S,V/S,V,V/S,V,V/S,V/S,V,V,V/S,V/S,V/S,V,V/S,V,V,V,V,V,V/S,V/S,V/S,V,V/S,V,V,V,V/S,V,V,V,V,V,N,V/S,V/S,V/S,V,N,V,V/S,V/S,V/S,V/S,V,V/S,V/S,V/S,V,V,V,V/S,V,V/S,V,V/S,V,V,V/S,V,V,V/S,V/S,V,V,V/S,V,V,V/S,V,V,V,V/S,V,V,V/S,V,V,V/S,V,V/S,V,V/S,V,V/S,V/S,V,V,V,V/S,V,V/S,V,V,V,V/S,V/S,V/S,V,V/S,V,V,V,V,V,V/S,V/S,V,V,N,V,V,V/S,V/S,V/S,BL01GE01GE058,GEGE058,912,30.4,2021,de
R_2pS3spymuNRTeb6,Female,University degree or equivalent,University degree or equivalent,75,25,0,NA,German;75;,English;25;,,60,40,0,NA,German,NA,10,9,5,French,I regularly speak both German and English to my child,Bilingual German and English,NA,9,10,NA,NA,I regularly speak both German and English to my child,First,NA,1,32,Always (or almost always) German,1,V/S,V/S,V/S,V/S,V/S,V/S,V/S,V/S,V/S,V/S,V/S,V/S,V/S,V/S,V/S,V/S,V/S,V/S,V/S,V/S,V/S,V/S,V/S,V/S,V/S,V/S,V/S,V/S,V/S,V/S,V/S,V,V/S,V/S,V/S,V/S,V/S,V/S,V/S,V/S,V/S,V/S,V/S,V/S,V/S,N,V/S,V/S,V/S,V/S,V/S,V/S,V/S,V/S,V/S,V/S,V/S,V/S,V/S,V/S,V/S,V/S,V/S,V/S,V,V/S,V/S,V/S,V/S,V/S,V/S,V/S,V,V/S,V/S,V,V/S,V/S,V/S,V/S,V/S,V/S,N,V/S,V/S,V,V/S,V/S,V/S,V/S,V/S,V/S,V/S,V/S,V/S,V/S,V/S,V/S,V/S,V/S,V/S,V/S,V/S,V/S,V,V/S,V/S,V/S,V/S,V/S,V/S,V/S,V/S,V,V/S,V/S,V,V/S,V/S,V,V/S,V,V/S,V/S,V,V/S,V/S,V,V/S,V/S,V,V/S,V/S,V/S,V/S,V/S,V/S,V/S,V/S,V/S,V,V/S,V,V/S,V/S,N,V,V/S,V,V/S,V/S,V/S,V,V/S,V/S,V,V,V/S,V/S,V/S,V/S,V/S,V/S,V,V/S,V,V/S,V,V/S,V,V,V/S,V/S,V/S,V/S,V/S,V/S,V,V/S,V/S,V/S,V/S,V/S,V,V/S,V/S,V/S,V/S,N,V/S,V/S,V/S,V/S,V,V,V/S,V/S,V/S,V,V/S,V/S,N,V/S,V/S,V/S,V,V/S,V/S,V,V,V,V,V/S,V/S,V/S,V/S,V/S,V/S,V/S,V/S,V,V/S,V,V/S,N,V/S,N,N,V/S,V/S,N,N,V/S,V/S,N,N,V/S,V/S,V/S,V/S,N,V,V,V,V/S,V/S,N,V/S,V/S,V/S,V/S,V/S,V/S,V/S,V/S,V/S,V/S,V/S,V/S,V/S,V/S,V/S,V/S,V/S,V/S,V/S,V/S,N,V/S,V,V,V/S,V,V/S,V/S,V/S,V,V,V,V/S,V/S,V/S,V/S,V/S,V/S,V,V/S,V/S,V,V,V/S,V,V/S,V/S,V/S,V/S,V/S,V,V/S,V/S,V/S,V,V/S,V/S,V,V/S,V,V/S,V/S,V/S,V,V,V/S,V,V,V/S,V/S,N,V/S,V/S,V,V,V/S,V,V/S,N,V,V,N,V,V,V,V/S,V,V/S,V,N,V/S,V/S,V,N,V/S,V,V/S,V/S,V/S,V/S,V/S,V/S,V/S,V/S,V/S,V/S,V,V/S,V/S,V/S,V,V/S,V,V/S,V,V,V,V/S,V/S,V/S,V/S,V,N,V,V/S,V/S,N,V,V/S,V/S,V,V/S,N,N,V,N,V/S,V/S,V/S,N,V/S,V/S,V,V,V/S,V,N,V/S,N,V,V,V/S,V/S,V/S,V/S,V/S,N,V/S,V,V,V/S,V,V/S,N,N,N,V/S,V,V/S,V/S,V/S,BL01GE01GE059,GEGE059,757,25.23333333,2021,de
R_V4M9n8H20Cz4CHv,Female,University degree or equivalent,University degree or equivalent,42,58,0,NA,German;42;,English;58;,,0,100,0,NA,English,NA,4,10,NA,NA,I always (or almost always) speak English to my child,English,NA,4,10,NA,NA,I always (or almost always) speak English to my child,First,NA,1,12,Always (or almost always) German,NA,N,N,N,N,N,N,N,N,V,N,N,N,N,N,N,N,N,N,N,N,N,N,N,N,N,N,N,N,N,N,N,V/S,N,N,N,N,N,N,N,N,N,N,N,N,N,N,N,N,N,N,N,N,N,N,N,N,N,V/S,V/S,N,N,N,N,N,N,N,N,N,N,N,N,N,N,N,N,N,N,N,N,N,N,N,N,N,N,N,N,N,N,N,N,N,N,N,N,N,N,N,N,N,N,N,N,N,N,N,V,N,N,N,N,N,N,N,N,N,N,N,N,N,N,N,N,N,N,N,N,N,N,V,N,N,N,N,N,N,N,N,N,N,N,N,N,N,N,N,N,N,N,N,N,N,N,N,N,N,N,N,N,N,N,N,N,N,N,N,N,N,N,N,N,N,N,N,N,N,N,N,N,N,N,N,N,N,N,N,N,N,N,N,N,N,N,N,N,N,N,N,N,N,N,N,N,N,N,N,N,N,N,N,N,N,N,N,N,N,N,N,N,N,N,N,N,N,N,N,N,N,N,N,N,N,N,N,N,N,V,N,N,N,N,N,N,N,N,N,N,N,N,N,N,N,V,N,V/S,N,N,N,N,V/S,N,N,V,N,N,N,N,N,N,N,N,N,N,V/S,N,N,N,N,N,N,N,N,N,N,N,N,N,N,N,N,N,N,N,N,N,N,N,N,N,N,N,N,N,N,N,N,N,N,N,N,N,N,N,N,N,N,N,N,N,N,N,N,N,N,N,N,N,N,N,N,N,N,N,N,N,N,N,N,N,N,N,N,N,N,N,N,N,N,N,N,N,N,N,N,N,N,N,N,N,N,N,N,N,N,N,N,N,N,N,N,N,N,N,N,N,N,N,N,N,N,N,N,N,N,N,N,N,N,N,N,N,N,N,N,N,N,N,N,N,N,V/S,N,N,N,N,N,N,N,N,N,N,N,N,N,N,N,N,N,BL01GE01GE061,GEGE061,488,16.26666667,2021,de
R_3R9Gvi0N6nIxoMS,Male,University degree or equivalent,University degree or equivalent,50,50,0,NA,German;50;,English;50;,,20,80,0,NA,English,NA,5,10,NA,NA,I always (or almost always) speak English to my child,German,NA,10,9,NA,NA,I regularly speak both German and English to my child,Second,NA,2,11,Always (or almost always) German,0,N,N,N,N,N,N,N,N,V,N,N,N,N,N,N,N,N,N,N,N,N,N,N,N,N,N,V,N,N,N,N,N,N,N,N,N,N,N,N,N,N,N,N,N,N,N,N,N,N,N,N,N,N,N,N,N,N,V,N,N,N,V,N,N,N,N,N,N,N,N,N,N,N,N,N,N,N,N,N,N,V,N,N,N,N,N,N,V,N,N,N,N,N,V,N,N,N,N,N,N,N,N,N,N,N,N,N,N,N,N,N,N,N,N,N,N,N,N,N,N,N,N,N,N,N,N,N,N,N,N,N,N,N,N,N,N,N,N,N,N,N,N,N,N,N,N,N,N,N,N,N,N,N,N,N,N,N,N,N,N,N,N,N,N,N,N,N,N,N,N,N,N,N,N,N,N,N,N,N,N,N,N,V,N,V,N,N,N,N,N,N,N,N,N,N,N,N,N,N,N,N,N,N,N,N,V,N,N,N,N,N,N,N,N,N,N,N,N,N,N,N,N,N,V,N,N,N,N,N,N,N,N,N,V/S,N,N,V,N,N,V,N,N,V,N,N,N,N,N,N,N,N,V,V,V,V,N,N,N,N,V,N,V,V,V,N,N,N,N,N,N,N,N,N,N,N,N,N,N,N,N,N,N,N,N,N,N,N,N,N,N,N,N,N,N,N,N,N,N,N,N,N,N,N,N,N,N,N,N,N,N,N,N,N,N,N,N,N,N,N,N,N,N,N,N,N,N,N,N,N,N,N,N,N,N,N,N,N,N,N,N,N,N,N,N,N,N,N,N,N,N,N,N,N,N,N,N,N,N,N,N,N,N,N,N,N,N,N,N,N,N,N,N,N,N,N,N,N,N,N,N,N,N,N,N,N,N,N,N,V,N,N,N,N,N,N,N,N,N,N,N,N,N,N,N,N,N,N,N,N,N,N,N,N,N,N,N,N,N,BL01GE01GE062,GEGE062,394,13.13333333,2021,de
R_3iLofP0zU4bLLYL,Male,University degree or equivalent,University degree or equivalent,70,30,0,NA,German;70;,English;30;,,35,65,0,NA,German,NA,10,10,NA,NA,I regularly speak both German and English to my child,English,NA,4,10,NA,NA,I always (or almost always) speak English to my child,Second,NA,2,18,Always (or almost always) German,0,V/S,V/S,V,V/S,V/S,V/S,V/S,V/S,V/S,V/S,V/S,V/S,V/S,V/S,V/S,V,V/S,V/S,V,V/S,V/S,V/S,V,V/S,V/S,V/S,V/S,N,V,V/S,V/S,V,V/S,V/S,V/S,V/S,V/S,V/S,V/S,V,V/S,V/S,V/S,V/S,V/S,N,V/S,V/S,V/S,V/S,V/S,V/S,V,V/S,V/S,V,V,V/S,V/S,V,V/S,V/S,N,V/S,V/S,V/S,V/S,V/S,V/S,V/S,V/S,V/S,V,V/S,V/S,V/S,V,V,V,V/S,V/S,V/S,V,V/S,V/S,V,V/S,V/S,V,V,V,V,V,V/S,V/S,V/S,V/S,V/S,V/S,V,V/S,V/S,V,V/S,V/S,V/S,V/S,V/S,V/S,V/S,V/S,V/S,V/S,V/S,V,V/S,V,V/S,V/S,V/S,V,V,V,V,V,V/S,V,V,V/S,V/S,V,V/S,V/S,V/S,V/S,V/S,V/S,V/S,V/S,V,V,N,N,V/S,V/S,N,N,V,V,V/S,V/S,V/S,N,V/S,V/S,V/S,V/S,V/S,V/S,V/S,V/S,V/S,V/S,V,V/S,V/S,V/S,N,V/S,V/S,V/S,V/S,V/S,V/S,V/S,V/S,V/S,V/S,V/S,V/S,V/S,V/S,V/S,V/S,V/S,V/S,V/S,V/S,N,V/S,V/S,V/S,V,N,V,V/S,V/S,V,V,V,V/S,V,V,V/S,V/S,V,V,V/S,V/S,V,V/S,V/S,V/S,N,V,V/S,V,V/S,V,V/S,V/S,V,V,V/S,V/S,V/S,V/S,V/S,V/S,V/S,N,N,V/S,V/S,V/S,N,V/S,N,V/S,V/S,N,V/S,V/S,N,V,V/S,N,V/S,V/S,V/S,V/S,V/S,V,V/S,V/S,V,V/S,V/S,V/S,V/S,V/S,V/S,V/S,V/S,V,V/S,V/S,V,V,V,V/S,V/S,V,V/S,V/S,V/S,V,V/S,V,V/S,V,V/S,V/S,V/S,V/S,V,V/S,V,N,V/S,V/S,V/S,V/S,V/S,V,V/S,V,V/S,V/S,V/S,V/S,V/S,V/S,V,V/S,V/S,V/S,V/S,V/S,V/S,V/S,V,V/S,V/S,V/S,V/S,V/S,V,V/S,V,V,V,V/S,V,V/S,V/S,V,V/S,V,V,V,V/S,V/S,V,V/S,V/S,V,V/S,V/S,V,V,V,V,V/S,V/S,V/S,V/S,V/S,V/S,V,V/S,V/S,V/S,V/S,V/S,V/S,V/S,V,V/S,V,V/S,V/S,V,V/S,V/S,V/S,V/S,V,V/S,N,V,V/S,V/S,V,V,V/S,V,V,V/S,V/S,V/S,V/S,V,V/S,V/S,V/S,V/S,V,V/S,V,V/S,V,V/S,V,V/S,V/S,V/S,V,V/S,V/S,V/S,V/S,V/S,V/S,V/S,V/S,V,V/S,V/S,V/S,V/S,V/S,V,V/S,V,V/S,V/S,V/S,BL01GE01GE063,GEGE063,973,32.43333333,2021,de
R_29iFDGbMmwCiau3,Female,University degree or equivalent,University degree or equivalent,50,50,0,NA,German;50;,English;50;,,40,60,0,NA,English,NA,5,10,0,NA,I always (or almost always) speak English to my child,German,NA,10,8,0,NA,I always (or almost always) speak German to my child,First,NA,1,15,Both German and English regularly,2,N,V/S,N,V/S,V/S,N,V/S,V/S,V/S,V/S,V/S,V/S,V/S,V/S,V/S,V/S,V/S,V/S,V/S,V/S,V/S,V/S,V/S,V/S,V/S,V/S,V/S,V/S,V/S,V/S,V/S,V/S,V/S,V/S,V/S,V/S,N,V/S,V/S,V/S,V/S,V/S,V/S,V,V/S,N,N,V/S,V/S,V/S,V/S,V/S,V/S,V,V/S,N,V/S,V/S,V/S,N,V/S,V/S,V/S,V/S,V/S,V/S,V/S,V/S,V/S,V/S,V/S,V/S,V/S,V/S,V/S,V/S,V/S,V/S,V/S,V/S,V/S,V/S,V/S,V/S,V/S,V/S,V/S,V/S,V/S,V/S,V/S,N,V/S,N,V/S,V/S,V/S,V/S,V/S,V/S,V/S,V/S,V/S,V/S,V/S,V/S,V/S,V/S,V/S,V/S,V/S,V/S,V/S,V,V/S,V/S,N,V/S,V/S,V/S,V/S,V/S,V/S,V/S,N,V/S,V/S,N,V/S,V/S,V/S,V/S,V/S,V/S,N,V/S,V/S,V/S,V/S,V,N,V/S,V,V/S,V/S,N,V,V/S,N,V/S,V/S,V/S,V,V/S,V/S,V/S,V/S,V/S,V/S,V/S,V/S,V/S,V/S,V/S,V/S,V/S,V/S,V/S,V/S,V/S,V/S,V/S,V/S,V/S,V/S,V/S,N,V,V/S,V/S,V/S,V/S,V/S,V/S,V/S,V/S,V/S,V/S,N,V/S,V/S,V/S,V/S,N,N,V/S,N,V/S,V/S,V/S,V/S,V/S,V/S,V/S,V/S,V/S,V/S,N,V/S,V/S,V/S,V/S,V/S,V,V/S,V/S,V/S,V/S,V/S,V/S,V/S,N,V/S,V/S,V/S,V/S,N,V,V/S,V/S,V,N,V/S,V/S,N,N,V/S,V/S,V/S,V/S,N,N,V/S,V/S,V/S,V/S,V,V/S,V/S,V/S,V/S,V/S,V/S,V/S,V/S,V/S,V/S,V/S,V,V/S,V/S,V/S,V/S,V/S,V/S,N,V/S,N,V/S,V/S,V/S,V/S,V,V/S,V/S,V/S,V/S,V/S,V/S,V/S,V/S,V/S,V/S,V/S,V/S,V/S,V/S,V/S,N,V/S,V/S,V/S,V/S,V/S,V,V/S,V/S,V/S,V/S,V/S,V/S,V/S,V/S,V,V,V,V/S,V/S,V/S,V/S,V/S,V/S,V/S,V/S,V/S,V/S,V/S,N,N,V/S,V/S,V,V/S,N,V/S,V/S,N,N,N,N,N,N,V/S,N,V/S,V/S,V,V/S,V/S,V/S,V/S,N,N,V/S,V/S,V/S,V/S,V/S,V/S,V/S,V/S,V/S,V/S,V/S,V/S,V/S,V/S,V/S,V/S,V/S,V/S,V,N,V/S,V,V/S,V/S,V/S,V/S,V,V,V,V,V,V,V,V,V,V,V,V,V,V/S,V/S,V/S,V,V/S,V/S,V/S,N,V/S,V,V,V,V/S,V/S,V,V,V/S,V/S,V/S,V/S,V,V/S,V/S,N,N,V/S,V,V/S,V/S,V/S,V/S,V/S,N,V/S,V/S,V/S,BL01GE01GE064,GEGE064,891,29.7,2021,de
R_2uwXHjDpiTadXD5,Male,University degree or equivalent,University degree or equivalent,60,40,0,NA,German;60;,English;40;,,30,70,0,NA,German,NA,10,9,NA,NA,I regularly speak both German and English to my child,English,NA,6,10,NA,NA,I always (or almost always) speak English to my child,First,NA,1,19,Always (or almost always) German,NA,V/S,V/S,V,V,V,V/S,V/S,V,V/S,V/S,V/S,V/S,N,V/S,V,N,N,V,N,N,N,N,N,N,V,N,N,N,N,V,N,N,N,N,N,N,N,N,N,N,N,N,N,N,N,N,N,N,V,N,V,N,N,N,N,N,N,V,V,N,V,V,N,N,V,V,V,V,V,V,N,N,N,N,N,N,N,N,N,N,V,N,V,N,N,N,N,N,N,N,N,N,V,N,V,N,N,N,N,N,N,N,N,N,N,N,N,N,N,N,N,N,N,N,N,N,N,N,N,N,N,N,N,N,N,N,N,N,N,N,N,N,N,V,N,N,V,N,N,N,N,N,N,N,N,N,N,N,N,N,V,V,N,N,N,N,N,N,V/S,V,V,N,N,N,N,N,N,N,N,N,N,N,V,N,V,N,N,N,N,N,N,N,V,N,V,V,V,V,N,V,V,V,N,N,N,V,N,N,N,N,N,N,N,N,N,N,V,V,V,N,N,V,V,N,N,V,V,V,V,V,V,N,V,V/S,N,N,N,N,N,N,N,N,N,V/S,V,N,N,N,N,V/S,N,N,N,N,N,V,N,V/S,V,N,V/S,N,N,V/S,V/S,N,N,N,N,V/S,V,V/S,V,V,V,V,V,N,V,V,V,V,V,V,N,N,N,N,N,V,N,V,V,V/S,V,V,V,N,N,V,V,N,V,V,N,V,V,V,V,V,V,V,V,N,V,N,V,V,V,V,N,N,N,V,V,V,V,N,V,V,V,V,V,V,V,V,V,V,V,V,N,N,V,N,N,N,N,N,N,V,N,N,N,V,N,V,V,N,V,V,V,V,N,N,V,V,V,V,V,N,N,N,N,N,N,N,V,V,V,N,N,N,N,N,N,N,N,N,N,N,N,N,N,N,N,V,N,N,N,N,N,N,N,N,N,N,N,N,V,V,V,V,V,N,V,N,N,V,N,N,N,N,N,N,N,N,N,N,BL01GE01GE065,GEGE065,718,23.93333333,2021,de
R_pyJgGlvhMeT4wZr,Female,University degree or equivalent,University degree or equivalent,80,20,0,NA,German;80;,English;20;,,5,95,0,NA,Bilingual German and English,NA,10,10,NA,NA,I always (or almost always) speak English to my child,German,NA,10,7,NA,NA,I regularly speak both German and English to my child,First,NA,1,15,Always (or almost always) German,NA,N,V,N,N,N,V,N,V,V/S,V,V,V/S,V,V,V,N,V,V,N,V,V,V,N,V,N,N,V,N,N,V,V,N,V,N,V,N,N,N,N,N,N,N,N,N,N,N,N,N,N,N,N,N,N,N,N,N,N,V,N,N,N,N,N,N,N,V,N,V/S,N,N,N,N,N,N,N,N,N,N,N,N,N,N,N,V/S,N,N,N,N,N,N,N,N,N,N,V/S,V/S,V/S,V,V,N,N,N,N,V/S,N,N,N,N,V/S,V,V,V,V,N,V,V,N,N,V,N,V,N,N,V,N,V,N,N,V,N,N,N,N,V,V,V,V,V,V,V,N,V,N,N,N,N,N,N,N,N,N,N,N,N,N,N,N,N,V,N,N,N,N,N,N,N,N,N,V,N,N,N,N,N,N,N,N,N,N,N,N,N,N,N,V,N,N,N,N,N,V,N,N,V,N,N,N,N,N,N,N,N,N,N,N,V,N,N,N,N,N,N,N,V,N,N,N,N,N,N,N,N,N,V/S,N,N,N,N,N,V/S,N,N,N,V/S,N,N,V/S,N,V/S,N,N,N,V,V,N,V,N,N,N,N,V/S,N,V/S,V/S,V/S,N,N,N,N,V/S,N,V,V/S,N,V,N,N,N,N,N,V,N,N,V,N,N,N,N,N,N,N,N,N,N,N,V,N,N,N,N,N,N,N,V,N,N,N,N,N,N,N,N,N,N,N,N,N,N,V,N,N,N,N,N,N,N,N,N,N,V,N,N,N,N,N,N,N,N,N,N,N,N,N,N,V,N,N,V,V,V,N,N,N,V,N,V,V,N,N,V,V,V,N,N,V,V/S,N,N,V,N,N,V,V,N,V,N,N,N,N,N,N,V,N,N,N,N,N,N,N,N,N,N,N,N,N,N,N,N,N,N,N,N,N,N,N,N,N,N,V,V,V,N,N,V,N,V,N,N,N,V,N,N,N,N,N,N,N,N,BL01GE01GE066,GEGE066,421,14.03333333,2021,de
R_3frdaR0ktbRSc0Q,Female,University degree or equivalent,University degree or equivalent,35,60,5,Romanian,German;35;,English;60;,Romanian;5;,10,85,5,Romanian ,English,NA,4,10,NA,NA,I always (or almost always) speak English to my child,English,NA,4,10,NA,NA,I always (or almost always) speak English to my child,First,NA,1,12,Both German and English regularly,2,N,V/S,V/S,N,N,V/S,N,N,V/S,V/S,V/S,V/S,N,V/S,V,N,V/S,N,N,N,V/S,N,N,N,N,N,N,N,N,V/S,N,N,N,V/S,N,V,N,N,N,N,N,N,N,N,N,N,N,V/S,N,V/S,N,V/S,N,N,N,N,N,V/S,V/S,N,N,N,N,V,V,V/S,V/S,V,V/S,V/S,V,V/S,N,V,V/S,N,N,N,N,V,V/S,V,N,V/S,N,V,V,V/S,V/S,N,V/S,N,N,N,V/S,V/S,V,V,N,N,V,V/S,N,V/S,V,V/S,V/S,V,N,N,V/S,V/S,N,N,N,V,V,N,V/S,N,N,N,N,N,N,N,V/S,N,N,V/S,N,N,N,N,N,N,V/S,N,V/S,N,N,N,N,V,N,N,N,N,N,V/S,N,N,N,N,N,N,N,N,V,V,N,N,N,N,V/S,N,N,N,N,V/S,V/S,N,N,N,N,N,N,N,V,N,N,N,V/S,N,N,N,N,N,N,N,N,N,N,N,N,V/S,N,N,N,N,N,N,N,N,N,N,N,N,V/S,N,N,N,N,N,N,N,N,N,N,N,N,N,N,V/S,N,V/S,V/S,V/S,V,V/S,V,N,V/S,V/S,N,N,V/S,V,V/S,V/S,N,V,N,V/S,N,V,N,V/S,V/S,V/S,N,N,V/S,V/S,V/S,N,V,V,N,V/S,N,N,V/S,V,N,N,N,N,V,V,V,N,N,N,N,N,N,N,V,N,N,V,N,N,N,N,N,V,N,V,N,N,N,N,N,V,V,N,N,V,N,V,N,N,N,N,V,V,N,V,V/S,N,V,V,V,V,V,N,N,N,N,N,V,N,V,N,N,N,N,N,N,N,N,N,V,N,N,V/S,N,V,V,V,N,V/S,N,V/S,V,V/S,N,N,N,N,V/S,N,V,N,N,V,N,N,V,N,N,N,N,V,N,N,V,N,N,N,N,N,V,V,V,V,V,V,N,V,V,V,V,V,N,N,N,N,V,V,N,N,V/S,N,V,N,V,V,N,N,N,V,V,V,N,N,V,V,N,N,N,N,N,V/S,V,N,BL01GE01GE067,GEGE067,920,30.66666667,2021,de
R_2fJQlOI8VJkze9u,Female,Left school at 18 with A-Levels or equivalent,Left school at 18 with A-Levels or equivalent,35,65,0,NA,German;35;,English;65;,,25,75,0,NA,German,NA,10,8,NA,NA,I always (or almost always) speak English to my child,English,NA,3,10,NA,NA,I always (or almost always) speak English to my child,First,NA,1,29,Always (or almost always) German,25,V/S,V/S,V/S,V/S,V/S,V/S,V/S,V/S,V/S,V/S,V/S,V/S,V/S,V/S,V/S,V/S,V/S,V/S,V/S,V/S,V/S,V/S,V/S,V/S,V/S,V/S,V/S,N,N,V/S,V/S,N,V/S,V/S,V/S,V,V/S,V/S,V/S,V/S,V/S,V/S,V/S,V/S,V/S,N,V/S,V/S,V/S,V/S,V/S,V/S,V/S,V/S,V/S,V,V,V/S,V/S,V,V/S,V,V/S,V/S,V/S,V/S,V/S,V/S,V/S,V/S,V/S,V/S,V/S,V/S,V/S,V/S,V/S,N,V/S,V/S,V/S,V/S,V/S,V/S,V/S,N,V/S,V/S,V/S,V/S,V/S,V/S,V/S,V/S,V/S,V/S,V/S,N,V/S,V/S,V/S,V/S,V/S,V/S,V/S,V/S,V/S,V/S,V/S,V/S,V/S,V/S,V/S,V/S,V,V/S,N,V,V/S,V/S,N,V/S,N,N,V/S,V/S,V/S,N,V/S,V/S,N,V/S,V/S,V/S,V/S,V/S,V/S,V/S,V/S,N,N,V,V,V/S,V,N,N,V/S,N,V/S,V/S,V/S,V,V,V/S,V,V/S,V/S,V/S,V,V/S,N,N,N,V/S,V/S,V/S,N,V/S,V/S,V/S,V/S,V/S,V/S,V/S,V/S,V/S,N,V/S,V/S,V/S,V/S,V/S,V/S,V/S,N,V,V/S,N,V/S,V/S,V/S,V/S,N,N,V/S,V/S,N,N,N,N,V,V,V/S,V/S,V/S,V,V,V,V,N,V/S,V/S,V/S,V,V,V,V/S,V/S,V/S,V/S,V/S,V/S,V/S,V,V/S,V/S,V/S,V/S,V/S,V/S,N,V/S,V/S,V/S,N,V/S,V,V/S,V/S,N,V/S,V,N,V/S,V/S,N,V/S,V/S,V/S,V/S,V/S,V/S,V/S,V/S,V/S,V/S,V/S,V/S,V/S,V/S,N,V/S,V/S,V/S,V/S,V/S,V/S,V/S,V/S,V/S,V/S,V/S,V/S,V/S,V/S,V/S,V/S,V/S,V/S,V/S,V/S,V/S,V/S,V/S,V/S,V/S,V/S,N,V/S,V/S,N,V/S,V/S,V/S,V/S,V/S,V/S,V/S,V/S,V/S,V/S,V/S,V,V/S,V/S,V/S,V/S,V/S,V/S,V/S,V/S,V/S,V/S,V/S,V/S,V/S,V,V/S,V/S,V/S,V/S,V/S,V/S,V/S,V/S,V,V,V,V/S,V,V/S,V/S,V,V/S,N,N,V/S,V/S,V/S,N,N,V/S,V/S,V/S,V/S,V/S,V/S,V/S,V/S,V/S,V/S,V/S,V/S,V/S,V/S,V/S,V/S,V/S,N,V/S,V/S,N,V/S,V/S,V/S,V/S,V/S,V/S,V,V/S,V/S,V/S,V,V,V/S,V/S,V/S,V/S,V/S,V/S,V/S,V/S,V/S,V/S,V/S,V/S,V/S,V/S,N,V/S,V/S,N,V/S,V/S,V/S,N,N,V/S,V,V/S,V/S,V/S,V/S,V/S,V/S,V/S,V/S,V,V/S,V,V,N,V/S,N,V/S,V/S,V/S,BL01GE01GE068,GEGE068,1285,42.83333333,2021,de
R_1rf9dneIthubchk,Male,University degree or equivalent,University degree or equivalent,70,30,0,NA,German;70;,English;30;,,60,40,0,NA,English,NA,10,10,NA,NA,I always (or almost always) speak English to my child,German,NA,10,8,NA,NA,I always (or almost always) speak German to my child,Second,NA,2,12,Always (or almost always) German,0,N,V/S,V/S,V,V/S,V/S,V/S,V/S,V/S,N,V/S,V/S,V/S,N,N,N,V,N,N,N,N,N,N,V/S,V,V,V,N,N,V,V/S,V,N,V/S,V,V/S,N,N,V,N,N,V,N,N,N,N,V,V/S,V/S,V/S,N,V,V,V/S,V,V/S,V/S,V/S,V/S,V,V,N,N,N,V,V/S,V,V/S,V/S,V/S,V/S,V,V,V,V/S,V,V,V,V,V/S,V,V,V,V/S,V,V,V,N,N,V,N,N,V,V,V,V,V,N,V/S,V/S,V,V,N,V/S,N,V,V,N,V/S,V,V,N,V,N,V,N,N,V,V/S,N,N,N,V,N,N,V,V,N,V,V,N,V,N,V,V,V,V,V,V,V,N,N,N,V,V,N,N,N,N,N,V,V,N,V,V,V,N,V,V,N,N,N,N,N,V,N,N,N,N,N,N,N,V,V,V,V/S,N,N,N,V,N,N,N,N,V,V,V,V,N,V,V,V,N,N,N,V,V,V,N,N,V,V,V,V,V,V,V,N,V,N,N,V,V,N,V,N,V,V,V,V,V,V,V,V/S,N,N,N,N,N,V,N,N,N,V/S,N,V,V/S,N,N,V/S,V,V,V,N,V,V/S,N,N,N,V,N,V,V/S,V,V/S,V,V,V,N,N,V,V,V/S,V,V,V,V,V,V,N,V,V,V,V,V,N,N,N,N,V,N,V,V,V,V,V,V,V,N,V/S,V,N,V,V,V,N,V,N,N,N,V,V,V,N,N,V,V,V,V,V,V,N,N,N,V,V,N,N,N,V,N,N,V,N,V,V/S,V,V,N,N,N,N,N,N,V/S,N,N,N,N,N,N,N,N,N,N,N,N,N,V,V,V,V/S,N,N,V,V,V,N,N,N,N,V,N,N,N,N,N,N,N,N,N,V,N,N,N,N,N,N,N,N,V,V,V,N,N,N,N,V,V,V,V,N,V,N,V/S,V/S,N,V/S,V,V,V,N,V,V,V,V,N,V/S,N,V/S,N,N,N,V,N,V/S,V,V,BL01GE01GE069,GEGE069,626,20.86666667,2021,de
R_3HhNemMqpyKNKwF,Male,University degree or equivalent,University degree or equivalent,80,20,0,NA,German;80;,English;20;,,20,80,0,NA,English,NA,7,10,NA,NA,I always (or almost always) speak English to my child,German,NA,10,8,NA,NA,I always (or almost always) speak German to my child,First,NA,1,NA,NA,1,V,V,V,V/S,V/S,V/S,V,V/S,V,V/S,V/S,V/S,V/S,V/S,V/S,V/S,V/S,V/S,V/S,V/S,V/S,V/S,V/S,V/S,V/S,V/S,V/S,V/S,V,V/S,V/S,V/S,V/S,V/S,V/S,V/S,V,V,V/S,V/S,V/S,V/S,V/S,V/S,V/S,V/S,V/S,V/S,V/S,V/S,N,V/S,V/S,V/S,V/S,V/S,V/S,V/S,V/S,V/S,V/S,V/S,V,V/S,N,V,V/S,V/S,V/S,V/S,V/S,V/S,V/S,V/S,V/S,V/S,V/S,V/S,V/S,V/S,V/S,V/S,V/S,V/S,V/S,V/S,V/S,V/S,V/S,V/S,V/S,V/S,V/S,V/S,V/S,V/S,V/S,V/S,V/S,V/S,V/S,V/S,V/S,V/S,V/S,V/S,V/S,V/S,V/S,V/S,V/S,V/S,V/S,V/S,V/S,V,V/S,V/S,V/S,V/S,V,V/S,V/S,V,V/S,V/S,V/S,V,V/S,V/S,V/S,N,V/S,V/S,V/S,V/S,V/S,V/S,V/S,V/S,V/S,V/S,N,V/S,V/S,V/S,V/S,V/S,V,V/S,V/S,V/S,V,N,V/S,V,V,V/S,V/S,V/S,V/S,V/S,V/S,V,V/S,V,V/S,V,V/S,V/S,V,V/S,V/S,V/S,V/S,V/S,V/S,V/S,V/S,V/S,V/S,V/S,V/S,V,V/S,V,V/S,V,V,V,V/S,V/S,V/S,V,V,V/S,V/S,V,V,V,V/S,V/S,V/S,V/S,V/S,V/S,V/S,V/S,V/S,V/S,V/S,V/S,V/S,V,V/S,V/S,V,V/S,V/S,V/S,V/S,V/S,V/S,V/S,V/S,V/S,V/S,V/S,V/S,V/S,N,V/S,V/S,V/S,V/S,V/S,V/S,V/S,V/S,V/S,N,N,V/S,V/S,V/S,V/S,V,V/S,V/S,V/S,V/S,V/S,V/S,V,V/S,V/S,V/S,V/S,V,V/S,V,V/S,V/S,V,V/S,V/S,V/S,V/S,V/S,V/S,V/S,V/S,V/S,V/S,V/S,V/S,V,V/S,V,V/S,V/S,V/S,V/S,V/S,V/S,V,V/S,V/S,V/S,V/S,V,V/S,V/S,V/S,V/S,V/S,V/S,V/S,V/S,V/S,V/S,V/S,V/S,V/S,V/S,V/S,V/S,V/S,V/S,V/S,V/S,V/S,V/S,V/S,V/S,V/S,V/S,V/S,V/S,V/S,V/S,V/S,V/S,V/S,V/S,V/S,V/S,V/S,V/S,V/S,V/S,V/S,V/S,V/S,V/S,V/S,V,V/S,V/S,V/S,V/S,V,V,V/S,V/S,V/S,V/S,V/S,V/S,V/S,V/S,V/S,V/S,V/S,V/S,V/S,V/S,N,V/S,V,V/S,V,V,V/S,V/S,V/S,V/S,V/S,V/S,V,V/S,V/S,V/S,V/S,V/S,V/S,V,V,V/S,V/S,V/S,V/S,V,V,V,V/S,V/S,V,V/S,V,V/S,V/S,V/S,V,V/S,V,V,V,N,V/S,V/S,V/S,V/S,V/S,V/S,V/S,V/S,V/S,V/S,N,V,V,V,V/S,V/S,N,V/S,V,BL01GE01GE070,GEGE070,937,31.23333333,2022,de
R_3MR7irtS1gf14Sg,Female,University degree or equivalent,University degree or equivalent,60,40,0,Slovak,German;60;,English;40;,,50,50,0,NA,English,NA,7,10,4,Slovak,I always (or almost always) speak English to my child,German,NA,10,8,NA,NA,I regularly speak a mix of German / English / other languages to my child,Second,NA,2,14,Both German and English regularly,23 German,V/S,V/S,V/S,V/S,V/S,V/S,V/S,V/S,V/S,V/S,V/S,V/S,V/S,V/S,V/S,V/S,V/S,V/S,V/S,V/S,V/S,V/S,V/S,V/S,V/S,V/S,V/S,V,V,V/S,V/S,V,V/S,V/S,V,V/S,V,V,V/S,V,V/S,V/S,V,V/S,V/S,N,V/S,V/S,V/S,V/S,V/S,V/S,V/S,V/S,V/S,V/S,V/S,V/S,V/S,V/S,V/S,V/S,V/S,V/S,V,V/S,V/S,V/S,V/S,V/S,V/S,V/S,V,V/S,V/S,V/S,V,V/S,V/S,V/S,V/S,V/S,V/S,V/S,V,V/S,V,V/S,V,V/S,V/S,V,V/S,V/S,V/S,V/S,V/S,N,V/S,V/S,V/S,V/S,V,V/S,V/S,V/S,V/S,V/S,V/S,V/S,V/S,V/S,V/S,V,V/S,V/S,N,V/S,V/S,V/S,V/S,V/S,V,V,V,V/S,V,V,V/S,V/S,N,V/S,V/S,V/S,V/S,V,V/S,V/S,N,N,N,V,V,V,V,N,N,V,V/S,V/S,V/S,V/S,V,V/S,V/S,V,V,V/S,V/S,V/S,V/S,V,V/S,V,V/S,N,N,V,N,V/S,V/S,V/S,V/S,V/S,V/S,V/S,N,N,V/S,V/S,V/S,N,V/S,N,V,V,V,V,N,V/S,V/S,V/S,V,V,V,V/S,V/S,V/S,V,V,V/S,V,V/S,V/S,V/S,V/S,V/S,V/S,V/S,V,V/S,V/S,V/S,V/S,V/S,V/S,V,V/S,V/S,V/S,V,V,V/S,V/S,N,V/S,V/S,N,V/S,V/S,N,N,V/S,V/S,V/S,N,V/S,V/S,V/S,V/S,N,V/S,V/S,V/S,V,V,N,V/S,V/S,V/S,V/S,V/S,V/S,V/S,V/S,V,V,V/S,V/S,V/S,V/S,V/S,V/S,V/S,V/S,V,V/S,V,V/S,V,V/S,V/S,N,V/S,V/S,V/S,V,V,V,V,V/S,V/S,V/S,V/S,V/S,V/S,V/S,V,N,V/S,V/S,V/S,V/S,V/S,V,V/S,V/S,V/S,V/S,V/S,V/S,V/S,V/S,V,V/S,V,V/S,V/S,V/S,V/S,V/S,V,V/S,V/S,V/S,V/S,V/S,V,V/S,V/S,V/S,V,V/S,V/S,V/S,V/S,V/S,V/S,N,V/S,V/S,V,V/S,N,V/S,N,V/S,V/S,V/S,V/S,V/S,N,V,V/S,V/S,V/S,V/S,V/S,V/S,V/S,V/S,V/S,V/S,V/S,V/S,V/S,V/S,V,V/S,N,V/S,V,V,V,V/S,V/S,V/S,V/S,V/S,V/S,V,V/S,V/S,N,N,V/S,V/S,N,N,V/S,V,V/S,V/S,V/S,V/S,V/S,V/S,V/S,V/S,V,V/S,V,V/S,V,V/S,V/S,V,V,V,V,V/S,V,V,V/S,V/S,V/S,V/S,V/S,V,V/S,V/S,V/S,N,V/S,N,V/S,V/S,V/S,BL01GE01GE036,GEGE036,700,23.33333333,2021,de
R_3e9KriTp1OaYsku,Male,University degree or equivalent,University degree or equivalent,65,35,0,NA,German;65;,English;35;,,40,60,0,NA,English,NA,9,10,NA,NA,I always (or almost always) speak English to my child,German,NA,10,8,NA,NA,I always (or almost always) speak German to my child,Second,NA,2,NA,NA,36 German,V,V/S,V/S,V/S,V/S,V/S,V/S,V/S,V/S,V/S,V/S,V/S,V/S,V/S,V/S,V,V/S,V,V/S,V/S,V/S,V/S,V,V/S,V/S,V/S,V/S,V,V,V/S,V/S,V,V/S,V/S,V/S,V/S,V,V/S,V/S,V/S,V/S,V/S,V/S,V/S,V/S,V,V/S,V/S,V/S,V/S,V/S,V/S,V/S,V/S,V/S,V/S,V/S,V/S,V/S,N,V,V/S,V/S,V/S,V/S,V/S,V/S,V/S,V/S,V/S,V/S,V/S,V,V/S,V/S,V/S,V/S,V/S,V/S,V/S,V/S,V/S,V,V/S,N,V/S,V/S,V/S,V/S,V/S,V/S,V/S,V/S,V/S,V/S,V/S,V/S,V,V/S,V,V/S,V/S,V,V/S,V/S,V/S,V/S,V/S,V/S,V/S,V/S,V/S,V/S,V,V/S,V/S,V/S,V/S,V,V,V,V,V,V/S,V,V,V,V,V/S,V/S,V,V/S,V/S,V/S,V/S,V/S,V/S,V/S,V/S,V/S,N,V/S,V,V/S,V/S,N,N,V/S,V,V/S,V/S,V/S,V/S,V/S,V/S,V/S,V/S,V/S,V/S,V/S,V/S,V/S,V/S,V,V/S,V/S,V/S,V/S,V/S,V/S,V/S,V/S,V/S,V/S,V,V/S,V,V,V/S,V/S,V/S,V,V/S,V/S,V,V/S,V/S,V/S,N,V/S,V/S,V/S,V/S,V,N,V/S,V/S,V,V,V,V/S,V/S,V/S,V,V/S,V,V/S,V/S,V/S,V/S,V,V,V/S,V,V,V/S,V,V/S,V,V/S,V/S,V/S,V/S,V/S,V/S,V/S,V/S,V/S,V/S,V/S,N,N,V/S,V,V/S,V/S,V/S,V,V/S,V,V/S,V/S,V,V,V/S,V/S,V,V/S,V/S,V/S,V/S,V/S,V/S,V/S,V/S,V,V/S,V/S,V/S,V/S,V/S,V/S,V/S,V,V,V,V,V,V/S,V,V/S,V/S,V,V/S,V/S,V/S,V,V/S,V,V/S,V/S,V/S,V/S,V/S,V/S,V,V/S,V/S,V/S,V/S,V/S,V,V/S,V/S,V,V/S,V,V,V,V/S,V/S,V/S,V,V,V/S,V/S,V/S,V,V/S,V/S,V/S,V,V/S,V/S,V/S,V/S,V/S,V,V,V/S,V/S,V,V/S,V,V/S,V/S,V/S,V,V,V/S,V,V/S,V,V,V,V/S,V,V/S,V/S,V/S,V,V,V/S,V/S,V/S,V/S,V/S,V/S,V/S,V/S,V/S,V/S,V/S,V/S,V/S,V/S,V/S,V/S,V/S,N,V/S,V,N,V/S,V,V/S,V/S,V/S,V/S,N,V/S,V/S,V,V/S,V/S,V/S,V,V/S,V/S,V/S,V,V/S,V/S,V,V/S,V,V/S,V/S,V/S,V/S,V/S,V/S,V/S,V,V/S,V/S,V/S,V/S,V/S,V/S,V/S,V,V/S,V/S,V/S,V/S,V/S,V/S,V/S,V/S,V/S,V/S,V,V/S,V/S,V/S,V/S,V/S,BL01GE01GE037,GEGE037,1019,33.96666667,2021,de
R_1FEtcF6G0HLPfj2,Male,Left school at 18 with A-Levels or equivalent,University degree or equivalent,30,70,0,NA,German;30;,English;70;,,30,70,0,NA,English,NA,8,10,NA,NA,I always (or almost always) speak English to my child,German,NA,10,9,NA,NA,I always (or almost always) speak German to my child,Second,NA,2,35,Always (or almost always) German,20 German,V/S,N,N,N,N,V,N,V,V/S,V/S,N,V/S,N,N,N,N,V,N,N,N,V,N,N,N,N,N,N,N,N,V,V,N,N,N,N,N,N,N,N,N,N,N,N,N,N,N,N,V,V,V,N,N,N,N,N,N,N,V,V/S,N,N,N,N,N,N,N,V,N,V,V,V,N,N,V/S,N,N,V,N,V,V/S,N,N,N,V,N,V,N,N,N,V,N,N,N,V,V,V,V/S,N,N,N,V,V,N,V/S,N,V,V,N,V,V/S,V/S,V/S,N,N,N,N,N,V,V,N,N,N,V,N,N,N,N,N,V,V,N,V,N,V,V,V,V,V,N,N,N,N,N,V,V,N,N,V,V,V,V,V,N,V,V,N,N,N,N,N,V,V,V,N,V,N,N,N,N,N,N,N,N,N,N,V,N,N,N,V,N,N,V,N,V,V,N,N,N,V,V,V,N,N,N,V,V,V,N,N,N,N,V,V,V,N,V,V,V,N,N,N,V,N,N,N,V,V,V,V,V,V,V,V/S,V/S,N,N,N,N,N,N,N,N,V/S,N,N,N,N,N,V/S,N,N,N,N,N,V/S,N,V,V/S,V,N,V/S,V/S,V/S,N,N,N,V,N,V/S,V/S,N,V/S,N,N,N,N,N,N,N,V,N,N,V/S,N,N,N,N,N,N,N,N,N,N,V,V/S,N,N,N,N,N,N,V/S,N,N,N,V,N,N,N,N,N,N,N,N,N,V,V,N,V,N,N,N,N,N,V,V,N,V,N,V,N,V,N,V,N,V,N,N,V,N,N,V,N,N,N,N,N,N,V,N,N,N,N,N,N,V/S,N,V/S,V,V/S,N,N,N,N,V,N,N,N,N,N,V,N,N,N,N,N,N,N,N,N,N,N,N,N,N,N,N,V,N,N,N,N,V,N,N,N,V,N,N,V/S,N,N,N,N,N,N,N,N,N,N,N,N,V,V,N,N,N,N,N,N,N,N,N,N,V,V/S,N,BL01GE01GE038,GEGE038,1065,35.5,2021,de
R_0IoG8DtKSJJ7lDP,Male,Left school at 18 with A-Levels or equivalent,University degree or equivalent,45,50,5,Turkish,German;45;,English;50;,Turkish;5;,30,70,0,NA,Other(s),Bilingual German And Turkish,10,9,7,Turkish,I always (or almost always) speak German to my child,English,NA,6,10,NA,NA,I always (or almost always) speak English to my child,First,NA,1,14,Always (or almost always) German,19 German,V/S,V/S,N,V/S,V/S,V/S,V/S,V/S,V/S,V/S,V/S,V/S,V/S,V/S,N,V/S,V/S,V/S,V/S,V/S,V/S,V/S,N,V/S,V/S,V/S,V/S,N,N,V/S,V/S,N,V/S,V/S,V/S,V/S,N,V/S,V/S,V/S,V/S,V/S,N,N,V/S,N,V/S,V/S,V/S,N,N,V/S,V/S,N,V/S,V/S,V/S,V/S,V/S,N,V/S,N,N,N,N,V/S,V/S,V/S,V/S,N,V/S,N,N,V/S,V/S,N,N,N,V/S,N,N,N,N,V/S,N,N,N,V/S,N,N,N,N,N,N,V/S,V/S,V/S,V/S,V/S,V/S,V/S,V/S,N,V/S,N,V/S,V/S,N,V/S,V/S,V/S,V/S,V/S,N,V/S,V/S,V/S,V/S,V/S,N,N,N,N,N,N,V/S,V/S,N,N,V/S,N,V/S,N,V,N,N,V/S,N,N,N,N,N,N,N,N,N,N,N,N,N,N,V/S,N,N,N,N,N,N,V/S,V/S,V/S,V/S,N,N,V/S,N,N,N,V/S,N,N,V,V/S,V/S,V/S,V/S,N,N,V/S,V/S,N,N,V/S,N,N,N,N,V/S,N,V/S,V/S,V/S,N,N,N,V/S,N,N,N,N,V/S,N,V/S,V,V/S,N,V,N,V/S,N,N,N,V,N,N,N,N,V/S,N,V/S,N,N,V,V/S,N,N,N,N,V/S,N,N,N,V/S,V/S,N,N,V/S,N,N,V/S,N,N,N,N,N,V,N,N,V/S,N,V/S,V/S,V/S,V/S,V,N,V,N,N,V/S,N,V/S,V/S,V/S,N,N,V/S,N,N,N,V,V,N,V/S,N,V/S,N,N,N,V,N,N,N,V/S,N,N,V/S,N,N,V/S,N,N,V,V,N,N,V/S,N,V/S,N,V/S,N,N,N,N,N,N,V/S,V/S,V/S,N,N,V,N,N,N,N,N,V/S,N,N,N,V/S,N,V/S,N,N,V/S,N,N,N,N,V/S,N,V,N,N,V/S,N,V,N,N,N,V/S,V,V/S,V/S,N,V/S,V,V/S,V/S,V,N,V/S,V,N,N,V/S,N,N,N,N,N,N,N,V/S,N,N,N,N,V/S,N,N,N,V/S,N,N,V/S,N,N,N,N,V/S,N,V/S,N,V/S,V,V/S,V,N,N,N,V,N,N,N,V/S,V,V/S,N,V,N,N,N,N,V/S,V,V/S,N,N,N,N,N,V/S,N,N,BL01GE01GE039,GEGE039,576,19.2,2021,de
R_29Q97Sh0BSr0iRz,Male,University degree or equivalent,University degree or equivalent,40,60,0,NA,German;40;,English;60;,,30,70,0,NA,English,NA,5,10,NA,NA,I always (or almost always) speak English to my child,German,NA,10,10,NA,NA,I always (or almost always) speak German to my child,First,NA,1,NA,NA,34 German,V/S,V/S,V,V/S,V/S,V/S,V/S,V/S,V/S,V/S,V/S,V/S,V/S,V/S,V,V/S,V/S,V,V/S,V/S,V/S,V/S,V/S,V/S,V/S,V/S,V/S,V,V,V/S,V/S,V,V/S,V/S,V/S,V/S,N,V,V/S,V/S,V,V/S,V/S,V/S,V/S,V/S,V/S,V/S,V/S,V/S,V/S,V/S,V/S,V/S,V/S,V,V/S,V/S,V/S,V,V,V,V,V/S,V/S,V/S,V/S,V/S,V/S,V/S,V,V/S,V,V/S,V/S,V,V,V/S,V/S,V/S,V/S,V,V/S,V/S,V,N,V/S,V/S,V,V,V/S,V,V/S,V/S,V/S,V/S,V/S,N,V/S,V,V/S,V/S,V,V/S,V,V/S,V/S,V,V/S,V/S,V/S,V,V/S,V,V,V/S,V,V/S,V/S,N,N,N,V,V/S,V,V/S,V/S,V/S,V/S,V/S,V/S,V/S,V/S,V/S,V/S,V,V/S,V/S,N,V,V,N,N,V/S,V/S,V,N,V/S,V,V/S,V/S,V/S,V/S,V/S,V/S,V,V,V/S,V/S,V/S,V/S,V/S,V/S,V,V/S,V,V/S,V,V/S,V/S,N,V/S,V/S,V/S,V/S,V/S,V/S,V/S,V/S,V/S,V/S,N,V/S,V,V/S,V/S,V/S,V,N,V/S,V/S,V/S,V/S,N,V,V/S,V/S,V,N,N,V/S,V,V/S,V/S,V/S,V/S,V/S,V,V/S,V,V,V/S,V/S,N,V/S,V,V/S,V/S,V,V/S,V/S,V/S,V/S,V/S,V/S,V/S,V/S,V,V/S,V/S,N,V/S,V,V/S,V/S,V/S,V/S,V/S,V/S,V/S,V/S,V/S,N,N,V,V/S,N,V/S,V/S,V/S,V/S,V/S,V/S,V/S,V/S,V,V/S,V/S,V/S,V/S,V/S,V/S,V/S,V/S,V/S,V,V,V,V,V,V,V,V,V/S,V/S,V,V,V,V,V/S,V,V/S,V/S,V/S,V/S,V/S,V/S,V/S,N,V,V/S,V,V/S,V/S,V,V/S,V/S,V,V/S,V/S,V/S,V,V,V/S,V,V/S,V/S,V/S,V/S,V/S,V/S,V,V,V/S,V,V/S,V,N,V,V,V/S,V,V/S,V,V/S,V,V,N,V/S,V/S,V,V/S,V/S,N,V/S,V/S,V,V/S,V/S,V,N,N,V,V/S,V/S,V/S,V/S,V/S,V/S,V,V/S,V,V/S,V/S,V,V/S,V/S,V,V/S,V,V/S,V/S,V,V/S,V/S,V/S,V/S,V/S,V/S,N,V,V/S,V/S,V,V,V,V,V,V/S,V/S,V,V/S,V,V/S,V/S,V/S,V/S,V,V,V,V/S,V,V/S,V,V,V,V,V,V/S,V/S,V/S,V,V,V/S,V/S,V/S,V/S,V,V,V/S,V,V,V,V/S,V/S,V/S,V/S,V/S,BL01GE01GE040,GEGE040,1034,34.46666667,2021,de
R_24kq1xgoLd1dNJs,Male,University degree or equivalent,University degree or equivalent,60,40,0,NA,German;60;,English;40;,,50,50,0,NA,German,NA,10,7,NA,NA,I regularly speak both German and English to my child,English,NA,7,10,NA,NA,I always (or almost always) speak English to my child,First,NA,1,14,Always (or almost always) German,23 German,V/S,V/S,N,N,V/S,V/S,N,V/S,V/S,V/S,N,V/S,V,V/S,N,N,V/S,V,V,N,V/S,V,N,V,V/S,V,V/S,N,N,V,V/S,V,V,N,V/S,N,V/S,N,V/S,N,N,V/S,N,N,V/S,N,V/S,V/S,V,V/S,V/S,V/S,V,N,V/S,V,V,V/S,V/S,N,V,V,N,N,V,V/S,V/S,V/S,V/S,V/S,V/S,V/S,N,V,N,N,N,N,V/S,V/S,V,N,V,N,V,V,V/S,V,V,N,N,N,N,V,V,V,V,N,V,N,V,V,N,V,N,V,V/S,V/S,V,V,V/S,V/S,N,N,V,V,N,V,V,N,N,N,N,N,N,V,V,N,V,V/S,V/S,V/S,V,V,V,V,N,V,N,N,N,V,N,V,V,N,N,V,N,V/S,V,V/S,N,V,V,V,V,N,V,N,V,V,V,N,V/S,N,N,N,V,N,N,V,V,V,V,V,N,N,V,V/S,N,N,V,V,V,V,V,V,N,V,V,V,N,N,N,V/S,N,V,V/S,N,V/S,V,V/S,V,V/S,V,V/S,V,V,V,N,N,V,V/S,V/S,N,V/S,V,V/S,V/S,N,V,V,V/S,N,N,N,N,V,N,N,N,V/S,N,N,N,V/S,N,V/S,V/S,N,N,N,N,V,V,N,N,N,V/S,V/S,V,V/S,V/S,V/S,N,V,V,N,V/S,V,V/S,N,N,N,V,V,N,N,N,V/S,V,N,V,V,N,N,N,N,N,N,V,V,N,N,N,V,V,N,N,V,N,V/S,N,V,V,V,N,N,N,V,N,V,N,V,N,N,N,V,V,N,N,V,N,N,N,V,N,N,V,V,N,V,N,V,N,V,N,N,V,N,N,N,N,V/S,N,N,N,N,N,N,N,N,N,N,N,V,N,V,N,N,V,N,N,V,V,V/S,N,N,N,N,N,N,N,V/S,V/S,N,N,V,N,N,N,V,N,N,N,V,N,V,N,N,N,N,N,N,N,N,N,N,N,N,N,N,N,V/S,V/S,N,N,V,N,V/S,V,V,V,V,V,V,V,N,N,N,N,N,V,N,V,V,V,BL01GE01GE041,GEGE041,733,24.43333333,2021,de
R_3PFFDi7pTlU83M6,Female,University degree or equivalent,Left school at 18 with A-Levels or equivalent,40,50,10,NA,German;40;,English;50;,Other;10;,30,70,0,NA,Other(s),Bilingual English and Filipino,5,10,10,Filipino,I regularly speak a mix of German / English / other languages to my child,German,NA,10,7,10,Dutch,I regularly speak both German and English to my child,First,NA,1,12,Always (or almost always) German,,V/S,V/S,V/S,V/S,V/S,V/S,V/S,V/S,V/S,V/S,V/S,V/S,V/S,V/S,V/S,V/S,V/S,V/S,V/S,V/S,V/S,V/S,V/S,V/S,V/S,V/S,V/S,V/S,V/S,V/S,V/S,V/S,V/S,V/S,V/S,V/S,V/S,V,V/S,V/S,V,V,V/S,V/S,V/S,V,V/S,V/S,V/S,V/S,V/S,V/S,V/S,V/S,V/S,V,V,V/S,V/S,V,V/S,V/S,V/S,V/S,V/S,V/S,V/S,V/S,V/S,V/S,V/S,V/S,V,V/S,V/S,V/S,N,V/S,V/S,V/S,V,V,V,V/S,V/S,V/S,V/S,V/S,V,V,V/S,V,V/S,N,V/S,V/S,V/S,V/S,V/S,V,V/S,V/S,V,V/S,V,V/S,V/S,V/S,V/S,V/S,V/S,V/S,V/S,V/S,V,V/S,V,V/S,V/S,V,V,V/S,V/S,V,V,V/S,V/S,V,V/S,V/S,V/S,V/S,V,V,V,V,V/S,V,V,V,V,V,V,V/S,V,V,V,V,V,V/S,V/S,V/S,V,V,V/S,V,V,V/S,V/S,V/S,V/S,V/S,V/S,V,V/S,V,V,N,V,V/S,V/S,V/S,V/S,V,V,V/S,V,N,V/S,V/S,V/S,V,V/S,V/S,V/S,V,V/S,V/S,N,V/S,V/S,V/S,V,V,V,V/S,V/S,V/S,V,V,V/S,V/S,V/S,V/S,V/S,N,V/S,V/S,V/S,V,V,V/S,V/S,V/S,V,V/S,V,V/S,V/S,V/S,V,V/S,V/S,V/S,V/S,N,N,N,V/S,V/S,V,N,V,V/S,V/S,V,V/S,V,V/S,V/S,N,V,V,V/S,N,V,N,V/S,V/S,V,V/S,V,V/S,V/S,V/S,N,V,V,V,V/S,V/S,V/S,V/S,V,N,N,V,N,V/S,V,V/S,N,V,V/S,V/S,V,N,V,V/S,V,V,V,V/S,V/S,V,V/S,V/S,V/S,N,V/S,N,V,V,V/S,V,V/S,V,V,V/S,V/S,V/S,V,V,N,V,V,V/S,V/S,V,V/S,V,V/S,V/S,V/S,V/S,V/S,V,V,V,V/S,V,N,V/S,V,V/S,V/S,N,N,N,V,N,N,V/S,N,V/S,N,V,V/S,V/S,V,V/S,N,V/S,V/S,V/S,V/S,V/S,V/S,V/S,V,V/S,V/S,V/S,V,V/S,V,V/S,N,V/S,V,V/S,N,N,V,V/S,V/S,V/S,V/S,V/S,N,N,N,N,N,V,V/S,V,V,V/S,N,N,V/S,N,N,V/S,V/S,N,N,V,N,V,N,V,N,V/S,V/S,N,N,N,V/S,V/S,V,N,V,V,V/S,V,V/S,V/S,V/S,V,V,V,V/S,N,V/S,V/S,V/S,BL01GE02GE001,GEGE001,795,26.5,2021,de
R_3G3WfKRTuvyErOX,Female,University degree or equivalent,Left school at 18 with A-Levels or equivalent,40,60,0,NA,German;40;,English;60;,,20,80,0,NA,Other(s),Bilingual English and Filipino,5,10,10,Filipino,I regularly speak a mix of German / English / other languages to my child,German,NA,10,7,10,Dutch,I regularly speak both German and English to my child,First,NA,1,15,Always (or almost always) German,,N,V/S,V/S,N,N,N,N,N,V/S,N,N,V/S,N,N,N,N,N,N,N,N,N,N,N,N,V,N,V,N,N,V,N,N,V,V,N,N,N,N,N,N,N,N,N,N,N,N,V,V,N,N,N,N,N,N,N,N,N,V,V,N,N,N,N,N,N,N,V,V,V,N,N,N,N,V,N,N,V,N,N,N,N,N,N,V,N,N,N,N,N,N,N,N,N,N,V,N,N,N,V,N,N,V,N,V,N,V,N,N,N,N,N,N,V,N,N,V,N,N,V,N,N,N,N,N,N,V,N,N,V,V,N,N,N,V,V,V,V,N,N,N,N,N,N,N,N,N,N,N,N,N,N,N,N,N,N,N,N,N,N,N,V,N,V,N,N,N,N,N,N,N,N,N,N,N,N,N,N,N,N,V,N,N,V,N,N,N,N,N,N,N,V,N,N,N,N,N,N,N,N,N,N,N,N,N,N,N,N,N,N,N,N,N,N,N,N,N,N,N,V,N,N,N,V,N,N,N,N,N,N,N,N,N,N,V,N,N,V,N,V,V,N,N,N,N,N,V,N,N,V,N,V,N,V,V/S,V/S,N,N,N,N,N,N,N,V/S,N,N,V,N,N,N,N,V,N,N,V,N,N,N,N,N,N,N,N,N,V,N,N,N,N,N,N,V,N,V,V,N,N,V,N,N,N,N,N,V,N,N,N,N,N,N,V,N,N,N,N,V,V,N,N,N,N,N,N,N,N,N,N,N,V,N,N,N,N,V,N,N,N,N,N,N,N,N,N,N,N,N,N,N,N,N,N,N,N,N,N,N,N,N,N,N,N,N,N,N,N,N,N,N,N,N,N,N,V,N,N,N,N,N,N,N,N,N,N,N,N,N,N,N,N,N,N,N,N,N,N,N,V/S,N,N,N,N,N,N,N,N,N,N,N,N,N,N,N,N,N,N,N,V,N,N,BL01GE02GE013,GEGE013,496,16.53333333,2021,de
R_32LnJRJPMjHh1yq,Female,University degree or equivalent,Left school at 18 with A-Levels or equivalent,60,40,0,NA,German;60;,English;40;,,30,70,0,NA,Other(s),Bilingual English and Filipino,5,10,10,Filipino,I regularly speak a mix of German / English / other languages to my child,German,NA,10,7,10,Dutch,I regularly speak both German and English to my child,First,NA,1,12,Always (or almost always) German,,V/S,V/S,V/S,V/S,V/S,V/S,V/S,V/S,V,V/S,V/S,V/S,V,V/S,V,V/S,V,V,V,V,V,V,V,V,V/S,N,V,V,V,V,V,V,V,V/S,V,V,V,N,V,V,V,V,V,V,V,N,V,V/S,V/S,N,V,V/S,V,V,V,V,V,V/S,V/S,V,V,V/S,V,V,V,V/S,V/S,V/S,V/S,V/S,V/S,V/S,N,V/S,V,V,V,V,N,V/S,V,V,N,V/S,V,N,V,N,V,V,N,V,V/S,N,V/S,V/S,V,V/S,V,V,V,V,V,V,V,V,V,V,V,V,V,V,V,V,V,V,V,V,V/S,N,V/S,N,V,V,V,V,V,V,V/S,V,V,V,V,V,V,V,V/S,V,N,N,V,V,V,V,V,N,N,V,N,V,V,V,V,V,V,V,V,V,V,V,V,V/S,V,V,V/S,V,N,V,V,V,V/S,V,V,V,V,V/S,V,V,V,V,V,V,V/S,N,V,V,V,V,N,V,V,V,V,V,V,V,V/S,V,V,V,V,V,V,V,V,N,V/S,V,V/S,V,N,V,V,N,V,V,V,V,V,V,V,V,V,V/S,N,N,N,V,V,V,N,N,V,V/S,V,V,V/S,N,V/S,V/S,N,N,N,N,N,V,N,V,V,V,V/S,V,V,V/S,V/S,N,V,V,V,V/S,V,V,V/S,V,V,V,V,V,V,V,V,V,V,V/S,V,V,V,V,V,V,V,V,V,V,V,V,V,V,V,V,V,V,V,V,V,V,V,V,V,V,V/S,V,V,V,V,N,V,V,V,V,V,V,V,V,V,V,V,V,V,V,V,V,V,V/S,V,V,V,V,N,V,V,V,V,N,V,N,N,N,V,V,N,N,V,N,V,N,V,V/S,V/S,V,V,V/S,V,N,V,V,V/S,N,N,V,V,V,V,N,V,V,V,V,V,N,V,V,V,N,N,V,V,N,V,V,N,V,V,V,V,V,V,V/S,V,V/S,V,V,V,N,V/S,V,V,V,V/S,V/S,V/S,V,V,V,V/S,V,N,V,V,V,V,V,N,V,V,V/S,V,N,BL01GE02GE007,GEGE007,661,22.03333333,2021,de
R_2sb6XfiHNd07jBy,Female,University degree or equivalent,Left school at 18 with A-Levels or equivalent,60,38,2,Turkish,German;60;,English;38;,Turkish;2;,30,70,0,NA,Other(s),Bilingual English and Filipino,5,10,10,Filipino,I regularly speak a mix of German / English / other languages to my child,German,NA,10,7,10,Dutch,I regularly speak both German and English to my child,First,NA,1,13,Always (or almost always) German,,V/S,V/S,N,V/S,V/S,V/S,V/S,V/S,V/S,V/S,V/S,V/S,V/S,V/S,V/S,V/S,V/S,V/S,V/S,V/S,V/S,V/S,V/S,V/S,V/S,V/S,V/S,N,N,V/S,V/S,N,V/S,V/S,V/S,V/S,N,N,V/S,V/S,V/S,V/S,V/S,V/S,V/S,N,V/S,V/S,V/S,V/S,V,V/S,V/S,V/S,V/S,V/S,V/S,V/S,V/S,N,V/S,V/S,N,N,V/S,V/S,V/S,V/S,V/S,V,V,V/S,V,V/S,N,V,V,N,V/S,V/S,V/S,V,N,V/S,N,V/S,V/S,V/S,V,V/S,V/S,N,V/S,N,V/S,V/S,V/S,V/S,V/S,V/S,V/S,V/S,N,V/S,V,V/S,V/S,V,V/S,V/S,V/S,V/S,V/S,N,V/S,V/S,N,V/S,V/S,N,N,N,V,V,N,V/S,V,V,V,V/S,V,V/S,N,V,V/S,V/S,V/S,V,V,N,N,N,N,N,V,N,N,V,V,V,V/S,V/S,V,N,V/S,V,V,V,V/S,V/S,V/S,V/S,V,N,V,N,N,N,V/S,N,N,V,V/S,V/S,V/S,N,N,N,V/S,V/S,V,N,V/S,N,V/S,V,V,V/S,N,V/S,V/S,V/S,N,N,N,V/S,N,V,N,N,V/S,V/S,V/S,V/S,V/S,N,V/S,V/S,V/S,V/S,N,N,V/S,N,N,V/S,V/S,V,V/S,V/S,N,N,V/S,V/S,N,V,V,N,V/S,N,N,N,N,V/S,N,N,V/S,N,V/S,V/S,N,V/S,N,N,N,V/S,N,V,V/S,V/S,V/S,V/S,V/S,V/S,V/S,N,N,N,V,V/S,V/S,V/S,V/S,V/S,V/S,N,V/S,N,V/S,N,V/S,N,N,V/S,V/S,V/S,V,V,N,V/S,N,V/S,V/S,V/S,V/S,V/S,V/S,V/S,N,V/S,V/S,N,V/S,V/S,N,V/S,V/S,N,V/S,V/S,V/S,V/S,V/S,N,N,N,N,V/S,V/S,V/S,V/S,N,V/S,N,V/S,N,V/S,N,V/S,V/S,N,N,V/S,V,V/S,V,V/S,V/S,N,N,N,N,V/S,V,V,N,N,V/S,V/S,V/S,N,N,N,V/S,V/S,V/S,V/S,N,V/S,V/S,V/S,V/S,V/S,N,V/S,V/S,V/S,N,V/S,N,V/S,V,N,N,V,N,V/S,N,V,N,N,V/S,N,N,N,V,N,N,V/S,N,N,N,N,V,N,V,N,V/S,V/S,N,V/S,N,V/S,N,V/S,V/S,N,N,V,N,V/S,V/S,V,V,V,V,N,V/S,V/S,V,V,V,N,V,N,V/S,V/S,V,BL01GE02GE039,GEGE039,664,22.13333333,2021,de
R_2ferMCtRGtDKNhH,Female,University degree or equivalent,Left school at 18 with A-Levels or equivalent,15,85,0,NA,German;15;,English;85;,,5,95,0,NA,Other(s),Bilingual English and Filipino,5,10,10,Filipino,I regularly speak a mix of German / English / other languages to my child,German,NA,10,7,10,Dutch,I regularly speak both German and English to my child,First,NA,1,30,Always (or almost always) German,,N,N,N,N,N,N,N,N,N,N,N,N,N,V,N,N,N,N,N,N,N,N,N,N,N,N,N,N,N,V,N,N,N,V,N,N,N,N,N,N,N,N,N,N,N,N,N,N,N,N,N,N,N,N,N,N,N,V,V,N,N,N,N,V,N,V/S,V,N,V,V,N,V,N,N,V,N,N,N,V,N,N,N,N,V,N,N,N,N,N,N,N,N,N,N,V,V,N,N,N,N,N,V,N,V,N,N,N,N,N,N,N,N,N,N,N,N,N,N,N,N,N,N,N,N,N,N,N,N,N,V,N,V,N,N,N,N,V,N,N,N,N,N,N,N,N,N,N,N,N,N,N,N,N,N,N,N,N,N,V,V,V,N,V,N,V,N,N,N,N,V,N,N,N,V,N,N,V,V,V,N,N,N,V,N,N,N,N,N,N,N,N,N,N,N,N,N,N,N,N,N,N,N,N,N,N,N,N,N,N,N,N,N,N,N,N,N,N,N,N,N,N,N,N,V,N,N,N,N,N,V,N,N,N,V/S,N,N,V/S,N,V/S,V,N,N,V/S,N,N,N,N,N,V/S,N,V,N,V/S,V,V,N,N,N,N,V,N,N,V/S,N,N,N,N,N,N,N,N,N,N,N,N,N,N,N,N,N,N,N,N,N,N,N,N,N,N,N,N,N,N,N,N,N,N,N,N,N,N,N,N,N,N,N,N,N,N,N,N,N,V,N,V,V,N,N,N,V,N,N,N,N,N,N,N,N,N,N,N,N,N,N,N,N,N,V,N,N,N,N,N,N,N,V,V,N,N,N,N,N,N,N,N,N,N,N,V,N,N,N,N,N,N,N,N,N,N,N,N,N,N,N,N,N,N,N,N,N,N,N,N,N,N,N,N,N,N,N,N,N,N,N,N,N,N,N,N,N,N,N,N,N,N,N,N,N,N,N,N,N,N,N,N,N,N,N,BL01GE02GE047,GEGE047,882,29.4,2021,de
R_RUAJHAck17a0FAl,Female,University degree or equivalent,Left school at 18 with A-Levels or equivalent,60,40,0,NA,German;60;,English;40;,,30,70,0,NA,Other(s),Bilingual English and Filipino,5,10,10,Filipino,I regularly speak a mix of German / English / other languages to my child,German,NA,10,7,10,Dutch,I regularly speak both German and English to my child,First,NA,1,NA,NA,,N,N,N,N,V/S,V/S,V/S,V/S,N,V/S,N,V/S,V,N,N,N,V,V,V,V,V,V,N,N,V,N,V,N,N,V,V,N,V,V,N,N,N,N,N,N,V,V,N,N,N,N,N,V,N,N,N,N,V,N,N,N,N,V,V,N,N,N,N,N,N,N,V,V,N,N,V,N,N,V,N,N,N,N,N,N,N,N,N,N,N,N,N,N,N,N,N,N,N,N,V,V,V,N,V,N,N,V,N,V,N,V,V,N,V,V,V,N,N,N,N,V,N,V,V,N,N,N,N,V,N,V,V,N,V,V,N,V,N,V,V,V,V,V,V,N,N,N,N,V,V,N,N,V,N,V,N,N,N,V,V,N,N,N,V,V,N,N,N,N,N,N,N,N,N,V,N,N,V,V,V,N,N,N,N,V,N,N,V,N,N,N,N,V,N,N,N,N,N,N,N,N,N,N,N,N,N,N,N,N,N,N,N,N,N,N,N,N,N,N,N,N,N,N,N,N,N,N,V,N,N,N,N,N,N,N,N,N,N,V/S,N,N,V,N,N,V/S,N,N,N,N,V,V,N,V,V,V,V,V,V,V/S,V/S,N,V,V,N,V,V,N,V,V,V,N,N,N,N,N,N,N,N,V,N,N,N,N,N,N,N,V,N,N,V,N,N,N,N,N,N,N,N,V,N,N,N,N,N,N,N,N,N,N,N,N,N,N,N,V,N,N,V,N,N,N,N,N,N,N,N,N,V,N,N,N,N,N,N,N,N,N,V,N,V,N,N,N,N,V,N,N,N,N,N,N,N,N,N,V,N,N,N,N,N,V,N,N,N,N,N,N,N,N,N,N,N,N,N,N,N,N,N,N,N,N,N,N,N,N,N,N,N,N,N,N,N,N,N,N,N,N,N,N,N,N,N,N,V,V,V,N,V,V,V,V,V,N,V,V,N,N,N,V,N,N,N,V,BL01GE02GE033,GEGE033,479,15.96666667,2021,de
R_2uUq3yRCiSz2i56,Female,University degree or equivalent,Left school at 18 with A-Levels or equivalent,50,50,0,NA,German;50;,English;50;,,20,80,0,NA,Other(s),Bilingual English and Filipino,5,10,10,Filipino,I regularly speak a mix of German / English / other languages to my child,German,NA,10,7,10,Dutch,I regularly speak both German and English to my child,First,NA,1,24,Always (or almost always) German,,V/S,V/S,V/S,N,N,N,V/S,N,V/S,N,V/S,V/S,V,V,N,N,V,V,V,N,N,V,N,N,N,N,V,N,N,V,V/S,N,V,V,N,N,N,N,V,N,N,V,N,N,V,N,V,V/S,V/S,V,V,N,V,V,V,V,V,V/S,N,N,V,V,V,V,V,V,V/S,V/S,V,N,V/S,V,N,V,N,N,N,N,V,N,V,V,V/S,N,N,N,N,V,V,N,N,N,N,N,V/S,N,V,N,V,N,V,N,N,V,N,N,V,N,V,N,V,N,V,N,N,V,N,N,V,N,N,N,N,N,N,V,N,N,V,N,N,V,V/S,V,N,V,V,V,N,N,V,V,V,V,N,N,N,V,V,V,V,V,N,V,V,N,V,V,V/S,V,V,V,V,N,V,V,N,N,V/S,N,N,N,V,V,V,N,V,N,V,V,V,N,V/S,N,V,N,N,N,N,V,V,V,N,N,N,V,N,N,N,N,V,N,N,V,V,N,V,N,N,N,N,N,V,V,N,N,N,N,V,N,N,N,V,V/S,N,N,V,N,N,V,N,N,N,V/S,V,N,V/S,N,N,N,N,N,V,V,N,V/S,N,V,V,N,V,V,V,V/S,V/S,N,N,V,N,V/S,N,V,N,V,V,V,V,N,V,N,V,V,N,V,N,N,N,N,N,N,N,V,N,N,V,N,N,V,N,N,N,N,V,V,N,V,N,N,N,N,V,N,N,N,N,V,N,N,V,V,N,N,N,V,N,V,N,N,N,V,N,N,V/S,V/S,N,N,V,N,N,N,N,N,V,N,V/S,N,N,N,N,N,N,N,N,N,V,N,N,N,V/S,N,N,V/S,N,N,V,V,V,N,N,N,N,N,N,N,V,V,N,V,N,N,N,N,N,N,N,N,N,N,V,N,N,N,N,N,N,N,N,N,N,N,N,N,N,N,N,N,N,N,N,N,N,N,N,V,N,N,N,N,V,V,N,N,N,V,N,V/S,N,N,BL01GE02GE028,GEGE028,930,31,2021,de
R_1LxRJcfIlMJ1qFj,Female,University degree or equivalent,Left school at 18 with A-Levels or equivalent,30,70,0,NA,German;30;,English;70;,,40,60,0,NA,Other(s),Bilingual English and Filipino,5,10,10,Filipino,I regularly speak a mix of German / English / other languages to my child,German,NA,10,7,10,Dutch,I regularly speak both German and English to my child,First,NA,1,12,Always (or almost always) German,,V,V/S,V/S,V/S,V/S,V/S,V/S,V/S,V/S,V/S,V/S,V/S,V/S,V/S,V/S,V/S,V/S,V/S,V/S,V/S,V/S,V/S,V,V/S,V/S,V/S,V/S,V,V,V/S,V/S,V,V,V/S,V/S,V,V/S,V,V/S,V,V,V/S,V/S,V,V,V,V/S,V/S,V/S,V/S,N,V/S,V,V,V/S,V,V,V/S,V/S,V,V,V/S,V,V,V/S,V/S,V/S,V/S,V/S,V/S,V/S,V/S,N,V/S,V/S,V/S,V,V,V/S,V/S,V/S,V/S,N,V/S,V,N,V,V/S,V,V,V,V,V/S,N,V/S,V/S,V/S,V,V,V,V/S,V/S,V,V/S,V,V,V/S,V/S,V/S,V/S,V/S,V/S,V/S,V/S,V/S,V,V/S,V/S,V/S,V/S,V/S,V,V/S,V,V,V,V,V,V/S,V/S,V,V/S,V/S,V/S,V,V,V/S,V/S,N,N,V,V,V,V/S,V,V,V,V,V,V/S,V/S,V/S,V/S,V/S,V/S,V,V,V/S,V/S,V/S,V/S,V/S,V/S,V,V/S,V,V,V/S,V/S,V/S,V/S,V/S,V/S,V/S,V/S,V/S,V,V,V/S,V/S,V/S,V,V/S,N,V,V/S,V,V/S,V,V/S,V/S,V/S,V,V,V,V/S,V/S,V,V,V/S,V/S,V,V/S,V/S,V/S,V,V/S,V/S,V/S,V/S,N,V,V/S,N,V/S,V/S,V/S,V/S,V/S,V/S,V/S,V/S,V,V/S,N,V,V/S,V,V,V/S,N,N,V,V/S,V/S,V,V/S,V,V/S,V/S,V,V,N,V,N,V/S,N,V/S,V/S,V,V/S,V/S,V/S,V/S,V/S,N,V/S,V/S,V,V/S,V/S,V/S,V/S,V/S,V,V,V,N,V,V,V/S,V,V,V/S,V/S,V/S,V,V/S,V,V/S,V,V/S,V/S,V/S,V/S,V,V/S,V,N,V,V,V,V,V/S,V,V/S,V,V,V,V/S,V/S,V/S,V,V,V/S,V,V,V/S,V/S,V/S,V,V,V/S,V/S,V/S,V/S,V,V/S,V,V/S,V,V,V/S,V/S,V/S,V,V,V,V,V,V,V/S,V/S,V,V/S,V/S,V,V/S,V/S,V,V,V,V,V/S,V/S,V/S,V/S,V/S,V/S,V,V/S,V/S,V/S,N,N,N,N,N,N,N,N,N,N,N,N,N,N,N,N,N,N,N,N,V,V,V,V,V,V,V,V,V,V,V/S,V/S,V/S,V/S,V/S,V/S,V/S,V/S,V/S,V/S,V,V/S,V/S,V,V,V/S,V/S,V/S,V/S,V,V/S,V/S,V/S,V,V/S,V,V/S,V,V,V,V/S,V,V/S,V/S,V/S,BL01GE03GE007,GEGE007,725,24.16666667,2021,de
R_2PoK9Edy1JJXih3,Female,University degree or equivalent,Left school at 18 with A-Levels or equivalent,65,35,0,NA,German;65;,English;35;,,40,60,0,NA,Other(s),Bilingual English and Filipino,5,10,10,Filipino,I regularly speak a mix of German / English / other languages to my child,German,NA,10,7,10,Dutch,I regularly speak both German and English to my child,First,NA,1,15,Always (or almost always) German,,V/S,V/S,N,V/S,V/S,N,V/S,N,V/S,N,N,V/S,N,V,N,N,V,N,N,N,V,V,N,N,V,V,V,N,N,V,V,N,V,V,V,N,N,N,V,N,N,V,N,N,N,N,V,V,N,N,N,N,N,N,N,N,N,V/S,V,N,N,V,N,N,N,N,V,V/S,V,N,N,N,N,N,N,N,V,N,N,V,V,N,N,V,N,N,N,V/S,V,N,N,N,N,N,V,V,N,N,N,N,V,V,N,V,N,V,N,V,V,V,V,V,V,V,V,V,N,V,N,N,N,N,N,V,N,V,N,N,N,V,N,V,N,V,V,V,V,N,V,N,N,N,N,N,N,N,N,N,N,N,N,N,V,N,V,N,N,N,N,N,N,N,V,N,V,N,N,N,N,N,N,N,V,N,V,N,N,V,N,V,N,N,V,N,N,N,N,V,N,N,V,N,N,N,N,N,N,N,N,N,N,N,N,N,N,N,N,N,N,N,N,N,V/S,N,N,V,N,N,V,N,V,N,V,V/S,N,N,N,N,N,V,N,N,N,V/S,N,N,V/S,V,V/S,V/S,N,N,N,V,N,V,N,V,V,V,V,V,N,V/S,V/S,N,N,N,N,V/S,N,N,V/S,N,N,V,N,N,V,V,V,N,N,V,N,N,V,N,V,N,N,V,N,V,N,N,V,V,N,N,N,N,V,V,N,V,V,N,N,N,N,N,V,N,N,N,N,V,N,V,N,N,V,N,V,V,N,N,N,N,N,N,V,N,N,N,N,N,N,V,N,N,N,V,N,N,N,N,N,V,N,N,N,N,N,N,V/S,N,V/S,V,V,N,N,N,V,N,N,N,N,N,N,N,N,N,V,N,N,N,N,N,N,N,N,N,N,V,N,N,N,N,N,N,N,N,V,N,N,N,N,N,N,N,N,N,N,V/S,N,N,N,V,V/S,N,N,N,N,N,N,V,V,N,N,N,N,N,N,V/S,N,N,BL01GE03GE013,GEGE013,571,19.03333333,2021,de
R_9AXtdEnHliuTS81,Female,University degree or equivalent,Left school at 18 with A-Levels or equivalent,80,20,0,NA,German;80;,English;20;,,80,20,0,NA,Other(s),Bilingual English and Filipino,5,10,10,Filipino,I regularly speak a mix of German / English / other languages to my child,German,NA,10,7,10,Dutch,I regularly speak both German and English to my child,First,NA,1,NA,NA,,N,V,N,V,V,V/S,V/S,N,V/S,V/S,V,V/S,V,N,V/S,V/S,V/S,V/S,N,N,V/S,V/S,N,V/S,V/S,V,V/S,V/S,V/S,V/S,V/S,N,N,V/S,V/S,V,N,N,V/S,N,V/S,N,V,V,V/S,N,V/S,V/S,V/S,N,N,V/S,V/S,V,V/S,V/S,V/S,V/S,V/S,N,V/S,V,V,V,V,V,V/S,V/S,V/S,V,V/S,V/S,N,V/S,V/S,V/S,V,V/S,N,V/S,V,V/S,N,V/S,N,N,V/S,V/S,V/S,V,V,N,V/S,V/S,V/S,V/S,V/S,V,V/S,V,V/S,V/S,V/S,V/S,V,V/S,V/S,V/S,V/S,V/S,V/S,V/S,V/S,N,V,V,V,V,V/S,N,N,V,N,N,N,N,N,N,N,V/S,N,V/S,N,V,N,N,V/S,V,V,V,V,N,V,V,V/S,N,N,V,N,V,V,V,N,V/S,V/S,N,V,N,V/S,V/S,V/S,V,V/S,V,V/S,V/S,V/S,V/S,V/S,N,V/S,N,V/S,N,V/S,V/S,V,N,V/S,V/S,V/S,V/S,V/S,V,V,N,N,N,N,N,V,V/S,V,N,N,V/S,N,V,V,N,V/S,N,V/S,V/S,V/S,N,V,N,V,V,V,N,N,N,V/S,V,N,V/S,V/S,N,N,V/S,V,V/S,V,N,N,N,N,N,N,N,N,V/S,N,N,V/S,N,V/S,V/S,N,N,N,N,N,V/S,N,V/S,V/S,V,V/S,V/S,V/S,V/S,V/S,V,V,V,N,V/S,V,N,V/S,V/S,N,N,V/S,N,N,N,V,N,V,V/S,V/S,N,N,V,V/S,V,V,V,V,V,V,N,V,V,N,V/S,V/S,N,V/S,V/S,V,V/S,V,V,V,V/S,V/S,V,V,V,N,N,V/S,V/S,V/S,V/S,V,V,V,V,N,V,N,N,V,V/S,V,N,V/S,V/S,V/S,V,V,N,V,V,N,N,V/S,N,V/S,V/S,N,V/S,V/S,N,V,N,N,V/S,V/S,V/S,V/S,V,V/S,V,V/S,V/S,V/S,V,V,V/S,V/S,V,V/S,N,V/S,N,N,N,V,V/S,N,V/S,N,N,N,V,V,N,N,V,V,N,V,N,N,V,N,V/S,N,V,V,V/S,V,N,V,N,V,N,V,V,V,N,V/S,V,V/S,N,N,V/S,V/S,V/S,N,V/S,V,V/S,V,V,N,V/S,N,V/S,V/S,V,BL01GE02GE031,GEGE031,911,30.36666667,2021,de
R_2Qs05MPt9us6LM1,Female,University degree or equivalent,Left school at 18 with A-Levels or equivalent,60,40,0,NA,German;60;,English;40;,,50,50,0,NA,Other(s),Bilingual English and Filipino,5,10,10,Filipino,I regularly speak a mix of German / English / other languages to my child,German,NA,10,7,10,Dutch,I regularly speak both German and English to my child,First,NA,1,14,Always (or almost always) German,,V/S,V,V,N,V,V,V/S,V/S,V/S,V/S,V,V/S,V,V/S,V,V,V,V,V,V,V/S,V,V,V,V/S,N,V,N,N,V,V/S,V,V,V/S,V,V,N,V,V,V,V,V,V,V,V,N,V,V/S,V/S,V/S,V,V/S,V,N,V,V,V,V/S,V/S,V/S,V,V/S,V,V,V,V,V,V/S,V,V/S,V/S,V/S,V,V/S,V/S,N,N,N,V/S,V/S,V/S,V,N,V/S,V,V/S,V,V,V,V,V,V,V/S,V/S,V/S,V/S,V,V,V/S,V,V/S,V/S,V,V/S,V,V/S,V/S,V,V,V,V/S,V/S,V,V,V,V/S,V,V,V/S,N,N,V,V,V,N,V/S,V,V,V/S,V/S,N,V/S,V,V/S,V,V,V/S,V,N,N,V,V,V,V,V,N,N,V,V,V,V/S,V,V/S,V,V/S,V,V,V,V/S,V,V,V,N,N,V/S,N,N,V,N,N,N,V,V/S,V,V,V,N,N,V,V/S,N,V,V/S,N,V/S,V,V,V,N,V/S,V,V,N,N,N,V/S,N,V,N,V,V,V,V,V,V,N,V,V,V,V,V,V,V/S,V/S,V,V/S,V,V,V/S,V/S,V,V,V,V/S,N,V,V,V,V,V,N,N,V,V/S,V,V,V/S,N,N,V/S,V,N,V,N,V,V,N,V,V,V,V/S,N,V/S,V/S,V/S,V,V,V,V,V/S,V,V/S,V/S,V,V,V,V/S,V,V,V,V,V,N,V/S,V/S,N,V,N,V,V,V,N,N,N,V/S,V,V,V,N,V,V/S,V,V,V,V,V,V,V,N,V,V,V,V/S,V,V/S,N,N,V,V,V,V,N,V,V,V,V/S,V,V,V,V,V,N,V,V,V,V,V,V,N,V,V,V,V/S,N,V,N,N,N,N,V,N,N,N,N,V/S,N,V,N,V/S,V,V/S,V/S,V,V,V/S,V,V/S,V,N,V,V,V,N,V,V,V/S,V,V,V,N,V,V,V,N,N,V,V,N,V,V,N,V,N,N,V,V,V,V/S,V,N,V,V,V,N,V/S,V/S,V,V,V/S,V,V,V,V,V,V,N,V,V/S,V,V,V,V,N,V/S,N,V/S,V,V,BL01GE03GE025,GEGE025,761,25.36666667,2021,de
R_3Ddu9yM6RzCdCT1,Female,University degree or equivalent,Left school at 18 with A-Levels or equivalent,70,30,0,NA,German;70;,English;30;,,20,80,0,NA,Other(s),Bilingual English and Filipino,5,10,10,Filipino,I regularly speak a mix of German / English / other languages to my child,German,NA,10,7,10,Dutch,I regularly speak both German and English to my child,First,NA,1,16,Always (or almost always) German,,V/S,V/S,V/S,V,V/S,V/S,V/S,V/S,V/S,V/S,V/S,V/S,V,V,V,V,V/S,V,V,V,N,V/S,V,V/S,V,V,V,N,N,V,V,N,V,V,V,V,V,V,V,V,V/S,V,V/S,V,V/S,N,V,V/S,V,V/S,V/S,V/S,V,V,V,V,V,V/S,V/S,V,V,V,V/S,V,V,V/S,V,V/S,V,V,V/S,V/S,V,V,V/S,V,V,V/S,V,V,V,V,V,V/S,V,V,N,N,V,V,V/S,V,V,V/S,V,V/S,V,V,V,V,V,V/S,N,V,V/S,V/S,V/S,V,V,V,V/S,V,V,V,V,V,V/S,V,V,V,V,V,V,N,V,V,V,V,V,V/S,V/S,V/S,V,V,V,V,V/S,V,V/S,V,V,V,V,V,V,N,N,V,V/S,V/S,V,V,N,V,V,V,V,N,V,V,V,N,V,N,V/S,V,N,N,V,N,N,V,V,V,V,N,N,N,V,V,V,V,V,V,V,V,V,V,N,V,V,V,N,N,V,V/S,V/S,V/S,V,V,V,V,V/S,V,V,V,V,V,V,V,N,N,V,N,N,V,V,V,V,V,V,V,V,V/S,N,V/S,V,V,V,V/S,N,N,V,V/S,V/S,V,V/S,V,V/S,V,V,N,N,V,V,V,N,N,V/S,V,N,V,V/S,V/S,V/S,N,V,V,V/S,V/S,V,V/S,N,N,V,V,V,N,V/S,V,V,V/S,V,V/S,V/S,V,V,V,V,V/S,V,V/S,V/S,V/S,V/S,V,V/S,V,N,V,V/S,V,V/S,V,V/S,V,V/S,V,V,V,V,V,V,V/S,V,V,V/S,V,V/S,N,V,V,N,V,V/S,V/S,V,N,V/S,V/S,V,V,V/S,V,V,V,V,V,V,V,V/S,V,V,V,V/S,N,N,V/S,V/S,V,N,N,N,V,V,V,V,V,V,V,V,V/S,V,V,V/S,V,V/S,V,V,V,V,N,N,N,V,V,N,N,V,N,N,N,V,N,N,V,N,N,V/S,N,N,N,N,N,N,V,N,N,V,N,V,N,V,V,V,V,V,V,V,V/S,V/S,V,V,V,V/S,V,V/S,V/S,V,V/S,N,N,N,V,N,V/S,V,V,BL01GE03GE041,GEGE041,887,29.56666667,2021,de
R_3KWaFVunJEgpBWj,Female,University degree or equivalent,Left school at 18 with A-Levels or equivalent,90,10,0,NA,German;90;,English;10;,,70,30,0,NA,Other(s),Bilingual English and Filipino,5,10,10,Filipino,I regularly speak a mix of German / English / other languages to my child,German,NA,10,7,10,Dutch,I regularly speak both German and English to my child,First,NA,1,NA,NA,,V,V/S,V,V,V,V/S,V/S,V/S,V,V/S,V,V,V/S,V/S,V/S,V/S,V/S,V/S,V/S,V/S,V/S,V/S,V/S,V/S,V/S,V/S,V/S,V/S,V/S,V/S,V/S,V/S,V/S,V/S,V/S,V/S,V/S,V/S,V/S,V,V/S,V/S,V/S,V/S,V/S,N,V/S,V/S,V/S,V/S,V/S,V/S,V/S,V/S,V/S,V/S,V/S,V/S,V/S,N,V/S,V/S,V/S,V,V/S,V/S,V/S,V/S,V/S,V/S,V/S,V/S,V/S,V/S,V,V/S,N,N,N,V/S,V/S,V/S,V/S,V/S,N,V/S,N,V/S,V/S,V/S,N,N,N,N,V/S,V,V/S,V,V/S,V/S,V,V/S,V,V,V,V/S,V/S,V,V/S,V/S,V/S,V/S,V,V,V,V/S,N,V/S,V/S,N,N,V/S,N,N,N,N,V,V,N,V/S,V,V/S,V,V/S,V/S,V,V/S,V/S,N,N,V,V,V,V/S,V/S,N,V/S,V/S,V,V/S,V/S,V/S,V,V/S,V/S,V,V/S,V/S,V/S,V/S,V/S,V/S,V/S,V,V/S,N,V,V,V,N,N,V,V/S,V/S,V/S,V/S,V/S,N,V,V/S,V,N,V/S,V/S,V/S,V,V/S,V/S,N,V/S,V/S,V/S,V,V,V,V/S,V,V,N,N,V,V/S,V,V/S,V/S,V,V/S,V/S,V/S,V,V,V/S,V/S,V/S,V/S,V/S,V/S,V/S,V,V/S,V/S,V/S,V,V/S,V/S,V/S,V/S,V,V,V/S,N,N,V/S,V/S,V/S,V,V/S,N,V/S,N,N,V/S,V/S,V/S,N,V/S,N,V/S,V/S,V/S,V,V/S,V/S,V/S,V/S,N,V,V,V,V/S,V,V/S,V/S,V,V/S,V/S,V/S,V,V,V,V,V/S,V,V/S,V/S,V,V,V,V,V,V,V,V/S,V,V/S,V/S,V/S,V/S,N,V/S,V/S,V/S,V/S,V/S,V,V/S,V/S,V,V/S,V/S,V/S,V,V/S,V,V,V/S,V/S,V/S,V/S,V/S,V/S,V,V,V,V,V/S,V/S,V/S,V,V,V,V,V/S,V,V/S,V/S,V/S,V/S,V,N,V,V,V,V/S,V/S,V,V,V/S,V/S,V,N,N,N,V/S,V/S,V/S,V/S,V/S,V/S,V,V/S,V/S,V/S,V/S,V/S,V/S,V/S,V/S,V/S,N,V/S,N,N,V,V/S,V/S,V/S,V/S,V/S,N,V,V,V,V/S,V/S,V/S,V,N,V/S,V/S,V,V/S,N,V,V/S,V/S,V,V/S,V/S,N,V/S,N,V/S,N,V/S,V/S,V,N,V/S,V/S,V/S,V/S,V/S,V/S,V/S,V/S,V,V/S,V/S,V/S,V/S,V,V,V/S,V,V/S,V/S,V/S,BL01GE03GE034,GEGE034,788,26.26666667,2021,de
R_11jguwFKK8AjHoA,Female,University degree or equivalent,Left school at 18 with A-Levels or equivalent,70,30,0,NA,German;70;,English;30;,,50,50,0,NA,Other(s),Bilingual English and Filipino,5,10,10,Filipino,I regularly speak a mix of German / English / other languages to my child,German,NA,10,7,10,Dutch,I regularly speak both German and English to my child,First,NA,1,9,Always (or almost always) German,,N,N,N,N,N,V/S,N,V/S,V/S,V/S,V/S,V/S,V,V/S,V/S,V,V,V,V,V,V/S,V/S,N,V,V,V,V/S,N,N,N,V/S,N,V,V/S,V,V,V,N,V,N,V,N,V,N,N,N,V,V/S,V,V/S,N,V/S,V,V,V/S,V,V,V/S,V/S,N,V/S,N,N,N,N,N,V/S,V/S,V/S,N,V/S,V/S,N,V,V/S,N,N,N,N,N,N,N,N,V/S,N,N,V/S,V/S,N,N,N,N,N,N,N,N,N,N,N,N,N,N,N,N,N,V/S,V/S,N,N,N,V/S,V/S,N,N,N,V/S,N,N,N,N,N,N,N,N,N,N,N,N,N,V/S,N,N,N,N,N,V,V/S,V,N,N,N,N,N,N,N,N,N,N,N,V,N,V,N,N,V,N,N,N,N,N,V/S,N,N,N,V/S,N,N,N,N,N,N,N,N,N,N,N,N,N,N,N,N,N,V/S,N,N,N,N,N,N,N,N,N,N,N,N,V/S,N,N,N,N,N,N,N,V/S,N,N,N,N,V/S,N,N,N,N,N,N,N,N,N,N,N,N,N,N,V/S,N,N,N,N,N,N,N,N,N,V/S,N,N,V,N,N,V/S,N,N,N,N,N,V,N,V,N,N,V,N,V,V,V,N,N,N,N,V,N,N,V,N,N,N,N,N,V/S,N,N,N,N,N,N,N,N,N,N,N,N,N,N,N,N,N,N,N,N,V/S,N,N,N,N,N,N,N,N,N,N,V/S,N,N,N,N,N,N,V,N,N,N,N,N,N,N,N,N,N,N,N,N,N,N,N,N,N,N,N,N,N,N,N,N,N,N,N,N,N,N,N,N,N,N,N,N,N,N,N,N,N,N,V/S,N,N,N,N,N,N,N,N,N,N,N,N,N,N,N,N,N,N,N,N,N,N,N,N,N,N,N,N,N,N,N,N,N,N,N,V/S,N,N,N,N,N,N,N,V/S,N,N,V/S,V/S,V/S,N,N,V/S,V/S,N,N,N,N,N,N,N,N,N,N,V/S,N,N,BL01GE02GE049,GEGE049,635,21.16666667,2021,de
R_3gUB6uqLzPEzY1w,Female,University degree or equivalent,Left school at 18 with A-Levels or equivalent,65,35,0,NA,German;65;,English;35;,,40,60,0,NA,Other(s),Bilingual English and Filipino,5,10,10,Filipino,I regularly speak a mix of German / English / other languages to my child,German,NA,10,7,10,Dutch,I regularly speak both German and English to my child,First,NA,1,12,Always (or almost always) German,,V/S,V/S,V/S,V/S,V/S,V/S,V/S,V/S,V/S,V/S,V/S,V/S,V/S,V/S,V/S,V/S,V/S,V/S,V/S,V/S,V/S,V/S,V/S,V/S,V/S,V/S,V/S,V,V,V/S,V/S,V,V/S,V/S,V/S,V/S,V,V,V/S,V,V,V/S,V/S,V,V/S,N,V/S,V/S,V/S,V/S,N,V/S,V,V/S,V/S,V/S,V/S,V/S,V/S,V,V/S,V/S,V,V/S,V/S,V/S,V/S,V/S,V/S,V/S,V/S,V/S,N,V/S,V/S,V/S,V,V/S,V/S,V/S,V/S,V/S,N,V/S,V,N,V/S,V/S,V/S,V/S,V,V,V/S,N,V/S,V/S,V/S,V/S,V/S,V/S,V/S,V/S,V,V/S,V,V/S,V/S,V/S,V/S,V/S,V/S,V/S,V/S,V/S,V/S,V/S,V,V/S,V/S,V,V/S,V,V/S,V,V,V/S,V/S,V,V/S,V/S,V,V/S,V/S,V/S,V,V/S,V/S,V,N,N,V,V,N,V/S,V,N,N,V/S,V,V,V/S,V/S,V/S,V/S,V/S,V,V/S,V/S,V/S,V/S,V/S,V/S,V/S,N,V/S,V,N,V,V/S,V/S,V/S,V/S,V/S,V/S,V/S,V/S,V,V,V/S,V/S,V/S,V,V/S,V,V,V/S,V,V/S,V,V/S,V/S,V/S,V/S,V,V,V/S,V/S,V,V/S,V/S,V/S,V,V/S,V/S,V/S,V,V/S,V/S,V/S,V/S,N,V,V/S,V,V/S,V/S,V/S,V/S,V/S,V/S,V/S,V/S,V/S,V/S,V,V,V/S,V,V,V/S,N,N,V,V/S,V/S,V/S,V/S,V,V/S,V/S,V/S,V,V,V/S,V,V/S,N,V/S,N,V,V/S,V/S,V/S,V/S,V/S,V,V/S,V/S,V,V/S,V/S,V/S,V/S,V/S,V/S,V,V/S,V,V/S,V,V/S,V,V,V/S,V/S,V/S,V,V,V/S,V/S,V,V/S,V/S,V/S,V/S,V,V/S,V,V,V/S,V/S,V/S,V/S,V/S,V,V/S,V/S,V,V,V/S,V/S,V/S,V/S,V/S,V,V,V,V/S,V,V/S,V,V,V/S,V/S,V/S,V/S,V,V/S,V,V/S,V/S,V,V/S,V/S,V/S,V/S,V/S,V/S,V,V,V,V,V/S,V/S,V/S,V/S,V,V/S,V/S,V,V,V,V,V/S,V/S,V/S,V/S,V/S,V/S,V,V/S,V/S,V/S,V,V/S,V/S,V/S,V,V/S,V,V/S,V,V,V,V/S,V/S,V/S,V/S,V/S,V,V,V,V/S,V,V,V,V,V,V,V,V,V/S,V/S,V,V/S,V,V,V/S,V/S,V/S,V,V,V/S,V,V/S,V/S,V,V,V/S,V/S,V/S,V,V/S,V/S,V/S,V/S,V/S,V/S,V/S,V/S,V,V,V,V/S,V,V/S,V/S,V/S,BL01GE04GE007,GEGE007,793,26.43333333,2021,de
R_2Ets6xrdcKjDzEu,Female,University degree or equivalent,Left school at 18 with A-Levels or equivalent,80,20,0,NA,German;80;,English;20;,,60,40,0,NA,Other(s),Bilingual English and Filipino,5,10,10,Filipino,I regularly speak a mix of German / English / other languages to my child,German,NA,10,7,10,Dutch,I regularly speak both German and English to my child,First,NA,1,27,Always (or almost always) German,,V/S,V/S,V/S,V,V,V/S,V/S,V/S,V/S,V/S,V/S,V/S,V/S,V,V,N,V,V,N,V,V/S,V/S,N,V,V/S,N,V,V,V,V,V,N,V,V/S,V,N,V,N,V,N,V,V,V,V,V,N,V,V/S,V/S,V,V,V/S,V,V,V,N,V,V/S,V/S,N,V,V,V,V/S,V/S,V/S,V/S,V/S,V/S,V,V/S,V/S,V/S,V/S,V/S,V,V/S,V,V/S,V/S,V/S,V/S,V/S,V/S,V,V,V,V,V,V,V,V,V/S,V,V/S,V/S,V/S,V,V/S,V,V/S,V/S,V,V/S,V,V/S,V/S,V,V,V,V,V,V,V,V/S,V/S,V,V/S,V/S,V,V,N,V/S,V,V,V/S,V,V,V/S,V/S,V,V/S,V,V,V/S,V,V/S,V,V,V,N,V,V,V,V,N,V,V,V,V,V,V/S,V,V,V/S,V,V,V,V/S,V/S,V/S,V,V/S,V,V/S,V,N,V/S,V,V,V/S,V,V/S,V,V,V,V,V/S,V/S,V/S,V,V/S,V/S,V,V,V,V,V,V,V/S,V/S,V,V,N,V,V,V/S,V/S,V,N,V/S,V,V,V/S,V,V,V/S,V,V/S,V/S,N,N,V/S,V,V,V,V,V/S,V,V,V,V,V,V/S,V/S,V,V,V,V,V/S,V,N,V,V/S,V/S,V,V/S,V,V/S,V/S,N,V,V/S,N,V,V/S,N,V/S,V/S,V,V/S,V,V/S,V/S,V/S,V,V,V,V,V/S,V,V/S,V/S,V/S,V,V,V/S,V,V,V,V,V/S,V,V/S,V/S,V/S,V/S,V/S,V,V/S,V,V/S,V,V/S,V/S,V,V/S,V/S,V,V/S,V,V,V/S,V/S,V,V/S,V/S,V/S,V/S,V/S,V/S,V/S,V/S,V,V/S,V,V/S,V/S,V/S,V/S,V/S,V/S,V/S,V/S,V/S,V/S,V/S,V/S,V,V/S,V,V,V/S,V,V/S,V/S,V/S,V,V,V/S,V,V,V,V,V/S,V/S,V/S,V/S,V/S,V/S,V,V,V,V/S,V/S,V/S,V/S,V/S,V/S,V/S,V/S,V/S,V/S,V,V,V/S,V/S,V,V/S,V,V,V,N,N,V,V/S,V/S,V,V,V,V,V,V,N,V,V,N,N,V,N,N,V,N,N,V/S,V/S,V/S,V,V,V,V,V,V/S,V,V/S,V/S,N,N,V/S,V/S,V/S,V/S,V,V/S,V/S,V/S,V/S,V/S,V,V/S,V,V/S,N,V/S,N,V/S,V,V/S,BL01GE02GE051,GEGE051,822,27.4,2021,de
R_3EzERrXsVoFOdQe,Female,University degree or equivalent,Left school at 18 with A-Levels or equivalent,75,25,0,NA,German;75;,English;25;,,65,35,0,NA,Other(s),Bilingual English and Filipino,5,10,10,Filipino,I regularly speak a mix of German / English / other languages to my child,German,NA,10,7,10,Dutch,I regularly speak both German and English to my child,First,NA,1,17,Always (or almost always) German,,V,V/S,V/S,V,V/S,V/S,V/S,V/S,V/S,V/S,V/S,V/S,V,V/S,V/S,V,V/S,V,V,V/S,V/S,V,V,V/S,V/S,V,V/S,V,V,V/S,V/S,N,V/S,V/S,V,V,V,N,V,V,V,V,V/S,V,V/S,N,V/S,V/S,V/S,V/S,V/S,V/S,V/S,V/S,V,V/S,V,V/S,V,N,V/S,V,V,V,V/S,V/S,V/S,V/S,V/S,V/S,V/S,V/S,V/S,V/S,V,V,V,V,V/S,V/S,V/S,V/S,N,V/S,N,V/S,V,V/S,V/S,V/S,N,N,N,N,V/S,V/S,V/S,N,V/S,V,V,V/S,V,V,V,V/S,V/S,V/S,V/S,V/S,V/S,V,V,V/S,V,V/S,N,V/S,V,V,N,N,V,V/S,N,V/S,V,V/S,V/S,V/S,N,V,N,V,V,V/S,V/S,V/S,V,V/S,V,N,N,V/S,V,N,N,V,N,V/S,V/S,V/S,V,V,V,V,V,V/S,V/S,V/S,V/S,V/S,V/S,N,V/S,V,V,V/S,V/S,V,V/S,V,V/S,V/S,V,V/S,V/S,V/S,V/S,V/S,V,N,V/S,N,V/S,V/S,V,V,V,V/S,V/S,V/S,N,V,N,V/S,V,V,V,N,V/S,V/S,V,V/S,V,N,V/S,V/S,V/S,V,V,V,V/S,V,V/S,V/S,V/S,V/S,V/S,V/S,V/S,V,V/S,V/S,N,V,V/S,N,V/S,V/S,N,N,V/S,V/S,V/S,N,V/S,N,V/S,V,N,V,N,N,N,V/S,N,V/S,V/S,N,V/S,V,V/S,V/S,V/S,V,V,V,V,V/S,V,V/S,V/S,V,V,V,V/S,N,V/S,V,V,V/S,V,V/S,V/S,V,V,V/S,N,V,N,V/S,V,N,V/S,V,V/S,V,N,V/S,V/S,V,V/S,V/S,V,V/S,V/S,V/S,N,V/S,V/S,N,V,N,V/S,V/S,V/S,V/S,V,V,V/S,N,V/S,V,V,V/S,N,V,V/S,V,V/S,V,V/S,V,V/S,V/S,V,N,N,V,N,N,N,N,N,V/S,N,V/S,N,N,N,N,N,N,N,N,V/S,N,V/S,N,V/S,V,V/S,N,V/S,V/S,V/S,N,V,N,V/S,N,N,V,V/S,V/S,V,N,N,N,N,N,V,N,N,N,N,N,V,V,V,N,N,V,V,V,V,V,V,N,V/S,N,V,N,V,V,N,N,N,N,N,V/S,N,V,V/S,N,N,V/S,N,V/S,N,N,N,N,N,N,V,N,BL01GE03GE043,GEGE043,771,25.7,2021,de
R_2w16LfAc7uPY9S6,Female,University degree or equivalent,Left school at 18 with A-Levels or equivalent,60,40,0,NA,German;60;,English;40;,,25,75,0,NA,Other(s),Bilingual English and Filipino,5,10,10,Filipino,I regularly speak a mix of German / English / other languages to my child,German,NA,10,7,10,Dutch,I regularly speak both German and English to my child,First,NA,1,14,Always (or almost always) German,,V/S,V/S,V/S,N,N,V/S,V/S,N,V/S,V,N,V/S,N,N,N,N,V,V,N,N,V,N,N,V,V,V,V,N,V,V,V,N,V,V,V,N,N,N,V,N,N,N,N,N,N,N,N,V,N,N,N,N,V,V,V,N,N,V/S,V,N,V,N,N,V,N,N,V,V/S,V,N,N,V/S,N,N,N,N,N,N,N,V,N,V,N,V,N,N,N,V,N,N,N,N,N,N,V/S,V,V,N,N,V,N,V,N,V,N,V,V,V,V,V,V,V,V,N,N,V,N,V,N,N,N,N,N,V,N,N,N,N,V,V/S,N,V,N,V,V,N,N,N,V,N,N,N,N,V,N,N,N,N,N,N,V,V,V,N,V,N,N,N,N,V,N,V,V,N,V,N,N,N,N,N,N,N,N,V,V,N,N,N,N,V/S,N,N,V/S,N,V,V,N,V,N,N,V,N,N,N,N,V,N,N,N,N,V,N,N,V,V,N,V,N,N,N,N,N,V/S,N,N,V,N,V,V,N,N,N,V,V/S,N,V,N,N,N,V,N,N,N,V/S,N,N,V/S,N,V/S,V,N,N,N,N,N,V,N,N,V,V,V,V,V,V/S,V/S,N,N,N,N,V/S,N,V/S,V/S,V,N,N,V,N,V,N,V,N,N,V,V,N,N,N,N,N,N,V,N,N,V,N,V,V,N,N,N,N,V,N,N,N,V,N,N,N,N,N,V,N,N,N,N,V,N,V,N,N,N,N,V,V,N,N,N,N,N,N,N,N,V,N,N,N,N,V,N,N,N,V,N,N,N,N,N,N,N,N,N,N,N,N,V,N,N,V,N,V,V,N,V,V,N,V,N,N,V,N,N,N,V,N,N,N,N,N,N,N,N,N,N,V,N,N,N,N,N,N,N,N,N,V,N,N,N,N,N,N,N,N,N,V/S,N,N,N,V,V/S,N,N,N,N,N,N,N,N,N,N,N,N,N,N,N,N,N,BL01GE04GE013,GEGE013,634,21.13333333,2021,de
R_2qCzl1yS6yeqs7j,Female,University degree or equivalent,Left school at 18 with A-Levels or equivalent,70,30,0,NA,German;70;,English;30;,,50,50,0,NA,Other(s),Bilingual English and Filipino,5,10,10,Filipino,I regularly speak a mix of German / English / other languages to my child,German,NA,10,7,10,Dutch,I regularly speak both German and English to my child,First,NA,1,13,Always (or almost always) German,,V,V/S,V/S,V/S,V/S,V/S,V/S,V/S,V/S,V,V,V,V,V,V,V,V,V,V,V,V/S,V/S,V,V/S,V/S,V,V/S,V,V,V,V,V,V,V/S,V,V/S,V,N,V,V,V,V,N,V,V/S,V,V/S,V/S,V,V,V,V/S,V/S,V,V,V,V,V/S,V/S,N,V/S,V,N,V,V,V,V/S,V/S,V,V/S,V/S,V,V,V/S,V/S,V,V,V,V,V/S,V/S,V,V,V,V,V/S,N,V/S,N,V,V,V,V/S,N,V/S,V/S,V,V/S,V,V,V,V/S,V,V,V,V/S,V/S,V,V,V/S,V/S,V,V,V,V,V/S,V,V/S,V/S,N,N,V,V,V,V,V/S,V,V,V/S,V/S,N,V/S,V,V/S,V,V,V/S,V,N,V,V,V,V,V,V,N,N,V,V,V,V/S,V,V,V,V,V,V,V,V/S,V,V,V,V,V,V/S,V,N,V,V,N,V/S,V,V/S,V,V/S,N,N,N,V,V/S,V,N,V/S,N,V,V,V,V,N,V/S,V,V,N,N,V,V/S,V,V,N,V,V,V,V,V,V,V,V,V,V,V,V,V,V/S,V/S,V,V/S,V,V/S,V,V,V,V,V,V/S,V,V,V,V,V,V,N,N,V,V/S,V,V,V/S,N,N,V/S,V,V,V,N,V,V/S,N,V/S,V/S,V,V/S,V,V/S,V/S,V/S,V,V,V,V,V/S,V,V/S,V/S,V,V,V,V,V,V,V,V,V,V,V/S,V,V,V,V,V,V,V,V,V,V/S,V/S,V,V,V,V,V,V/S,V,V,V,V,V/S,V,N,N,V,V/S,V,V/S,N,V,V,V,V,V/S,V,V/S,V,V,V,V/S,V/S,V,V,V,V/S,V,V,V,V,V/S,V/S,V,V,N,V,V,V,V,N,V/S,V,V,V/S,V,V,V,N,V,V,V,V/S,V,V/S,V/S,V,V/S,V/S,V,V,V/S,V,V/S,V,V/S,N,V/S,V,V,V,V,V/S,V/S,V,V/S,N,V,V,V,N,N,V/S,V,V,V,V,V,V,V,V,V,V,V,V/S,V,V,V,V,V,V,V/S,V/S,V,V,V,V,V/S,V,V,V,V,V,V,V/S,V,V,V,V,V,V/S,V,V/S,V/S,V/S,BL01GE04GE025,GEGE025,806,26.86666667,2021,de
R_2XagT1K0QFhuXdp,Female,University degree or equivalent,Left school at 18 with A-Levels or equivalent,70,30,0,NA,German;70;,English;30;,,50,50,0,NA,Other(s),Bilingual English and Filipino,5,10,10,Filipino,I regularly speak a mix of German / English / other languages to my child,German,NA,10,7,10,Dutch,I regularly speak both German and English to my child,First,NA,1,18,Always (or almost always) German,,V,V/S,V/S,V,V/S,V/S,V/S,V/S,V/S,V/S,V/S,V/S,V,V,V,V,V,V,V,V,V,V,N,V,V,V,V,N,N,V,V,N,V,V,V,V,N,N,V,N,V,V,V,V,V,N,V,V/S,V,V,V,V,V,V,V,N,V,V/S,V,N,N,N,V,V,V,V,V/S,V/S,V/S,N,V/S,V/S,V,V/S,N,N,V,N,N,V/S,N,N,V,N,N,V/S,V,N,V/S,N,N,N,V/S,N,V/S,V,V,V,V,V,V,V,V,V,V,V,V,V,V,V,V,V,V,V,V,V,V,V,V,N,V,N,V,V,V,V/S,V,V,V,N,N,V,N,V,V,V,V,V,V,N,N,V,V,V,V,N,N,V,V,V,V,V,N,V,V,V,V,V,V,V/S,V,V,V,V,V,N,N,N,V,V,N,N,V,V,V,N,N,N,V,V,N,N,V,N,V,V,V,V,N,V,V,V,N,N,N,V,N,N,N,N,V,N,V,V,V,N,V,V,V,V,N,N,N,N,V,V,N,V,V,V,N,N,V,V/S,N,N,N,V,N,N,N,N,N,V/S,N,N,V/S,N,N,V/S,N,N,N,V,V,V,N,V,V,V,V/S,V,V/S,N,V/S,N,V,V,V,V/S,V,V,V/S,V,V,V,V,N,V,V,V,V,V,V/S,V,V,V,V,V,V,V,V,V,V,V,V,V,V,N,N,V,N,V,V,N,V,V,V,V,V,V,V,V,V,V,V,V,V,V,V,N,N,N,N,V,V,V,V,V,V,V,N,V,V,V,V,V,V,N,V,N,N,V,N,V,V,N,V,V,V,N,N,N,V,V,V,V,N,V/S,V,V,V,V,V,V,V,V/S,V,V,V,V,N,N,N,V,V,V,N,N,N,N,V,N,V,V,V,V,V,V,V,N,V,N,V,V,V,V,V/S,V,V,V,V,V,N,V,V,V,V,V,V,V/S,V,V,V,V,V,V,V,V,V,V,N,N,N,N,N,V,V,BL01GE03GE033,GEGE033,575,19.16666667,2021,de
R_3Co4E1EiqrTfLrj,Female,University degree or equivalent,Left school at 18 with A-Levels or equivalent,80,20,0,NA,German;80;,English;20;,,65,35,0,NA,Other(s),Bilingual English and Filipino,5,10,10,Filipino,I regularly speak a mix of German / English / other languages to my child,German,NA,10,7,10,Dutch,I regularly speak both German and English to my child,First,NA,1,NA,NA,,V/S,V/S,V,V,V,V/S,V/S,V,V,V/S,V,V/S,V/S,V/S,V/S,V,V/S,V/S,V/S,V/S,V/S,V/S,N,V/S,V/S,V/S,V/S,V,V,V/S,V/S,V,V/S,V/S,V/S,V/S,V/S,V/S,V/S,V,V/S,V/S,V/S,V,N,N,V/S,V/S,V/S,V/S,N,V,V/S,V,V/S,V,V/S,V/S,V/S,N,V/S,V,V/S,V,V/S,V/S,V/S,V/S,V/S,V/S,V/S,V/S,V/S,V/S,V/S,V/S,N,V,V,V/S,V/S,V/S,V/S,V/S,V/S,V/S,N,V/S,V/S,V/S,V,N,V,N,V/S,V/S,V/S,N,V/S,V/S,V/S,V/S,N,V/S,V/S,V/S,V/S,V/S,V/S,V/S,V/S,V/S,V/S,V/S,V/S,V/S,N,V/S,V/S,N,V,V/S,N,N,N,V/S,V,V,N,V/S,N,V/S,V/S,V/S,V,V,V/S,V,N,V,V,V,N,V/S,V/S,N,V,V,V,V,V/S,V/S,V,V/S,V/S,V,V,V/S,V/S,V/S,V/S,V/S,V/S,V/S,V/S,V,V,V,V/S,N,N,V/S,V/S,V/S,V/S,V/S,V/S,N,V/S,V/S,V/S,N,V/S,V/S,V/S,V,V,V,N,N,V/S,V/S,V,V,V,V/S,N,V,V,N,V,V,V,V/S,V/S,N,V/S,V/S,V/S,V,N,V/S,V/S,V,V/S,V/S,V/S,V,V,V/S,V,V,V,V/S,V/S,V/S,V/S,V,V,V/S,N,V,V/S,V/S,V/S,N,V/S,V,V/S,V/S,N,V/S,V/S,V/S,V,V/S,N,V/S,V/S,V,V/S,V/S,V/S,V/S,V/S,N,V,V,V/S,V/S,V/S,V/S,V/S,V/S,V,V,V/S,V,V,V,V,V/S,N,V/S,V/S,V,V,V,N,V,V,V/S,V/S,V,V/S,V/S,V/S,V,N,V,V/S,V/S,V/S,V/S,V,V/S,V/S,V,V,V/S,V/S,V/S,V,V,V,V/S,V/S,V/S,V/S,V/S,V/S,V,V,V,V,V/S,V/S,V/S,V,V,V/S,V,V/S,V,V/S,V/S,V,V/S,N,V,V,V,V/S,N,V/S,N,V/S,V/S,V/S,V,N,N,N,V/S,V/S,V,V/S,V/S,V/S,V/S,V/S,V/S,V/S,V/S,V/S,V/S,V/S,V,V/S,N,V/S,N,V,V/S,V/S,V/S,V/S,V/S,V/S,N,V,V/S,V,V/S,V/S,V/S,V,N,V/S,V/S,N,V/S,N,V/S,V/S,V/S,N,V/S,V/S,N,V/S,N,V/S,V,V/S,V/S,V,V,V/S,V/S,V/S,V,V,V/S,V/S,N,N,V/S,V/S,V/S,V/S,V,N,V/S,V/S,V/S,V/S,V/S,BL01GE04GE034,GEGE034,822,27.4,2021,de
R_1LNJZCDVgNIiwEJ,Female,University degree or equivalent,Left school at 18 with A-Levels or equivalent,66,34,0,NA,German;66;,English;34;,,40,60,0,NA,Other(s),Bilingual English and Filipino,5,10,10,Filipino,I regularly speak a mix of German / English / other languages to my child,German,NA,10,7,10,Dutch,I regularly speak both German and English to my child,First,NA,1,12,Always (or almost always) German,,V/S,V/S,V/S,V/S,V/S,V/S,V/S,V/S,V/S,V/S,V/S,V/S,V/S,V/S,V/S,V/S,V/S,V/S,V/S,V/S,V/S,V/S,V/S,V/S,V/S,V/S,V/S,V,V,V/S,V/S,V/S,V/S,V/S,V/S,V/S,V/S,V/S,V/S,V,V,V/S,V/S,V/S,V/S,V,V/S,V/S,V/S,V/S,N,V/S,V/S,V/S,V/S,V/S,V/S,V/S,V/S,V,V/S,V/S,V,V/S,V/S,V/S,V/S,V/S,V/S,V/S,V/S,V/S,N,V/S,V/S,V/S,V/S,V/S,V/S,V/S,V/S,V/S,N,V/S,V,N,V/S,V/S,V/S,V/S,V/S,V,V/S,N,V/S,V/S,V/S,V/S,V/S,V,V/S,V/S,V/S,V/S,V/S,V/S,V/S,V/S,V/S,V/S,V/S,V/S,V/S,V/S,V/S,V/S,V,V/S,V/S,V,V/S,V,V/S,V,V/S,V/S,V/S,V,V/S,V/S,V,V/S,V/S,V/S,V/S,V/S,V/S,V/S,N,N,V,V/S,V/S,V/S,V,N,V,V/S,V,V/S,V/S,V/S,V/S,V/S,V/S,V,V/S,V/S,V/S,V/S,V/S,V/S,V/S,V,V/S,V/S,N,V/S,V/S,V/S,V/S,V/S,V/S,V/S,V/S,V/S,V/S,V/S,V/S,V/S,V/S,V/S,V/S,N,V/S,V/S,V/S,V/S,N,V/S,V/S,V/S,V/S,V,V,V/S,V/S,V/S,V/S,V/S,V/S,V/S,V/S,V/S,V/S,V,V/S,V/S,V/S,V/S,N,V/S,V/S,N,V/S,V/S,V/S,V/S,V/S,V/S,V/S,V/S,V/S,V/S,V,V/S,V/S,V,V/S,V/S,N,V,V,V/S,V/S,V/S,V/S,V/S,V/S,V/S,V/S,V/S,V,V/S,V,V/S,N,V/S,V/S,V,V/S,V/S,V/S,V/S,V/S,V,V/S,V,V/S,V/S,V/S,V/S,V/S,V/S,V/S,V,V/S,V,V/S,V/S,V/S,V/S,V,V/S,V/S,V/S,V,V/S,V/S,V/S,V/S,V/S,V/S,V/S,V/S,V,V/S,V,V,V/S,V/S,V/S,V/S,V/S,V/S,V/S,V/S,V,V/S,V/S,V/S,V/S,V/S,V/S,V,V,V/S,V/S,V/S,V/S,V/S,V/S,V/S,V/S,V/S,V/S,V/S,V/S,V/S,V/S,V/S,V,V/S,V/S,V/S,V/S,V/S,V/S,V/S,V/S,V/S,V,V/S,V,V/S,V/S,V,V/S,V/S,V/S,V/S,V,V/S,V/S,V/S,V/S,V/S,V/S,V/S,V/S,V/S,V/S,V/S,V/S,V/S,V/S,V/S,V,V/S,V/S,V/S,V,V,V/S,V/S,V/S,V/S,V/S,V/S,V,V,V,V/S,V,V,V/S,V/S,V,V,V,V,V/S,V/S,V,V/S,V/S,V/S,V/S,V/S,V/S,V/S,V/S,V/S,V,V/S,V/S,V,V/S,V/S,V/S,V/S,V/S,V/S,V/S,V/S,V/S,V/S,V/S,V/S,V/S,V/S,V/S,V/S,V/S,V/S,V/S,V/S,V/S,BL01GE05GE007,GEGE007,875,29.16666667,2021,de
R_21aNeEqI8k9FY3w,Female,University degree or equivalent,Left school at 18 with A-Levels or equivalent,70,30,0,NA,German;70;,English;30;,,50,50,0,NA,Other(s),Bilingual English and Filipino,5,10,10,Filipino,I regularly speak a mix of German / English / other languages to my child,German,NA,10,7,10,Dutch,I regularly speak both German and English to my child,First,NA,1,10,Always (or almost always) German,,N,V/S,N,N,V/S,V/S,N,N,V/S,V/S,N,V/S,N,N,N,N,V/S,V/S,V/S,V/S,V/S,V/S,V/S,V/S,V/S,N,V/S,N,N,V/S,V/S,N,V/S,V/S,N,N,N,N,N,V/S,N,N,N,N,N,N,N,V/S,V/S,V/S,N,V/S,N,V/S,V/S,V/S,N,V/S,V/S,N,N,N,N,V/S,N,V/S,V/S,V/S,V/S,N,V/S,V/S,N,V/S,V/S,N,N,N,V/S,N,V/S,V/S,N,V/S,N,N,V/S,V/S,V/S,V/S,N,N,N,N,V/S,V/S,V/S,N,V/S,N,V/S,V/S,N,V/S,N,V/S,N,N,V/S,V/S,V/S,V/S,N,V/S,N,V/S,N,V/S,V/S,V/S,N,N,V/S,N,V/S,N,V/S,N,V/S,V/S,V/S,V/S,V/S,V/S,N,V/S,V/S,V/S,N,N,N,N,N,N,V/S,N,N,N,N,V/S,N,V/S,N,N,V/S,N,N,N,V/S,V/S,N,N,N,N,N,V/S,N,N,N,N,N,V/S,N,N,V/S,V/S,N,N,V/S,V/S,V/S,N,V/S,N,V/S,V/S,V/S,V/S,N,V/S,N,V/S,N,N,N,V/S,V/S,N,N,N,N,V/S,V/S,V/S,V/S,V/S,V/S,N,V/S,N,N,V/S,V/S,N,N,V/S,N,V/S,V/S,N,N,N,V/S,V/S,N,V/S,N,N,N,N,N,N,N,V/S,N,N,V/S,N,V/S,V/S,N,V/S,N,N,N,N,N,V/S,N,N,N,N,V/S,V/S,V/S,N,N,N,N,V/S,N,N,V/S,N,N,N,V/S,N,N,N,N,N,N,V/S,N,N,N,N,V/S,V/S,N,V/S,N,N,V/S,N,V/S,N,N,V/S,V/S,N,N,N,N,V/S,V/S,N,N,V/S,V/S,N,V/S,N,N,N,N,V/S,N,N,N,N,N,N,N,N,N,N,N,N,V/S,N,N,N,V/S,V/S,N,N,N,N,N,N,V/S,N,V/S,N,N,V/S,V/S,N,N,N,N,V/S,V/S,V/S,V/S,N,V/S,N,V/S,V/S,N,N,V/S,V/S,V/S,N,V/S,N,V/S,V/S,N,N,N,N,N,N,N,N,N,N,N,N,N,N,N,N,N,N,N,V/S,N,N,N,N,N,N,N,N,N,N,N,N,N,N,N,N,V/S,N,V/S,N,V/S,V/S,V/S,N,N,N,N,V/S,V/S,N,N,V/S,N,V/S,V/S,N,BL01GE03GE049,GEGE049,722,24.06666667,2021,de
R_3jW2ksZVfzUNHo8,Female,University degree or equivalent,Left school at 18 with A-Levels or equivalent,50,50,0,NA,German;50;,English;50;,,80,20,0,NA,Other(s),Bilingual English and Filipino,5,10,10,Filipino,I regularly speak a mix of German / English / other languages to my child,German,NA,10,7,10,Dutch,I regularly speak both German and English to my child,First,NA,1,14,Always (or almost always) German,,V,N,V,N,N,N,V,V,V/S,V/S,N,N,V/S,N,V,N,V,V,N,V,V,N,N,N,N,V,V,N,V,V,N,N,V,V/S,V/S,N,N,V,N,N,N,N,N,V,N,N,N,V,N,V,N,V/S,N,N,N,N,N,V/S,V,N,N,N,N,V,N,N,V/S,V,V/S,V/S,V,V,N,V,N,N,V,N,V,V,V/S,V,N,V,N,N,N,N,N,N,V,N,N,N,V/S,N,N,N,N,V,N,V,N,V,V,V,V/S,V,V,V/S,V/S,V,V,N,N,V,N,N,N,N,N,N,N,N,N,V,N,N,N,V/S,N,V/S,N,V,V,V/S,N,N,N,N,N,N,N,V,N,N,N,V,N,V,V,V,V,V,V,N,N,N,V,V,V,V,V,N,V/S,N,N,N,V/S,N,N,N,N,N,N,N,N,N,N,V/S,N,N,V/S,N,V,N,N,V,N,V,V,N,N,N,N,V,N,N,N,N,N,N,N,V,V,N,N,N,N,N,N,N,V/S,N,V,V,V,V,V,V,V,N,V,V/S,N,V,N,N,N,N,N,N,N,V/S,N,N,V/S,V/S,V/S,N,N,N,N,V,N,V,N,V,N,V,V/S,V,V,V,V/S,V,V,N,N,V/S,N,V/S,V/S,V,N,N,N,N,N,N,V,V,N,V,V,N,N,N,N,N,N,V,V,V/S,N,N,V,N,N,N,N,N,V,V,V,N,V,V,N,N,N,N,V,N,N,V,N,N,N,V,N,N,N,N,V,V,N,N,N,V,V,N,V,V,N,V,N,N,N,V,N,V,N,N,N,N,N,N,V,V,N,N,N,N,N,N,V/S,N,V/S,N,V/S,V/S,V/S,N,N,N,V/S,N,N,N,N,N,N,N,N,N,V,V,N,N,N,N,N,N,N,N,N,N,N,N,V,V,N,N,V,V,N,V,N,N,V,N,N,N,N,V/S,N,N,N,N,N,N,N,N,N,N,N,V/S,N,N,N,N,N,N,N,V,V/S,V,BL01GE05GE013,GEGE013,726,24.2,2021,de
R_1LOiNRCbzstOzbT,Female,University degree or equivalent,Left school at 18 with A-Levels or equivalent,70,30,0,NA,German;70;,English;30;,,50,50,0,NA,Other(s),Bilingual English and Filipino,5,10,10,Filipino,I regularly speak a mix of German / English / other languages to my child,German,NA,10,7,10,Dutch,I regularly speak both German and English to my child,First,NA,1,14,Always (or almost always) German,,V/S,V/S,V,V,V/S,V/S,V/S,V/S,V/S,V,V,V/S,V,V/S,V,V,V/S,V,V,V/S,V/S,V/S,V/S,V,V/S,V,V/S,V,V,V/S,V/S,V,V,V/S,V,V,V/S,N,V/S,V,V,V,V,V/S,V,V,V/S,V/S,V/S,V/S,V,V/S,V/S,V,V,V,V,V/S,V/S,V,V/S,V/S,N,V,V/S,V/S,V/S,V/S,V/S,V/S,V/S,V/S,V,V/S,N,V,V,N,V/S,V/S,V/S,V,V,V/S,V,V/S,V,V/S,N,V,V,V,V/S,V/S,V/S,V/S,V/S,V,V,V,V/S,V/S,V,V/S,V,V/S,V/S,V,V/S,V/S,V/S,V/S,V/S,V,V,V/S,V,V/S,V/S,V,N,V,V,V,V,V/S,V/S,V,V,V/S,V,V/S,V,V/S,V,V,V/S,V,V,V,V,V,V,V/S,V,N,N,V,V,V,V/S,V,V,V,V,V,V,V,V/S,V,V/S,V,V,V,V/S,V/S,N,V,V/S,N,V/S,V,V/S,V,V/S,V,N,V,V/S,V/S,V,V,V/S,N,V,V,V,V,V,V/S,V/S,V,V,V,V,V/S,N,V,N,V,V/S,V/S,V/S,V,V/S,N,V,V,V,V,V,V,V/S,V/S,V/S,V,V,V/S,V,V/S,V,V,V,V/S,V,V,V,V,V,V/S,N,N,V,V/S,V,V,V/S,N,N,V/S,V,V/S,V/S,N,V,V/S,N,V/S,V/S,V/S,V/S,V/S,V/S,V,V/S,V,V,V,V,V/S,V/S,V/S,V/S,V/S,V,V/S,V/S,V,V,V,V/S,V,V,V/S,V/S,V,V,V/S,V,V/S,V,V/S,V,V/S,V/S,V/S,V/S,V,V,V,V/S,V,V/S,V,V,V/S,V/S,V,V,V/S,V/S,V,V/S,V,V/S,V,V,V/S,V,V/S,V/S,V,V,V,V/S,V/S,V,V,V,V/S,V/S,V,V/S,V,V,V/S,V,V,V/S,V,V,V/S,V/S,V,V/S,V,V,V,V/S,V,V,V,V,V/S,V/S,V/S,V/S,V/S,V/S,V,V/S,V/S,V,V/S,V/S,V/S,V/S,V,V,V/S,V/S,V,V,V,V,V/S,V/S,V,V,V,V,V/S,V,V,V,V,V,V,V/S,V/S,V,V,V,V/S,V,V,V,V/S,V/S,V,V/S,V,V/S,V,V/S,V/S,V,V,V/S,V/S,V/S,V,V/S,V,V/S,V/S,V,V/S,V,V/S,V,V,V,V/S,V,V/S,V/S,V,BL01GE05GE025,GEGE025,897,29.9,2022,de
R_3BNlbagmKpWy8P7,Female,University degree or equivalent,Left school at 18 with A-Levels or equivalent,70,30,0,NA,German;70;,English;30;,,40,60,0,NA,Other(s),Bilingual English and Filipino,5,10,10,Filipino,I regularly speak a mix of German / English / other languages to my child,German,NA,10,7,10,Dutch,I regularly speak both German and English to my child,First,NA,1,18,Always (or almost always) German,,V/S,V/S,V/S,V,V/S,V/S,V/S,V/S,V/S,V/S,V,V/S,V,V/S,V/S,V,V/S,V/S,V,V/S,V/S,V/S,V,V/S,V/S,V,V/S,V,V,V/S,V/S,V/S,V,V/S,V,V/S,V,N,V/S,V,V/S,V/S,V,V,V/S,N,V,V/S,V,V,N,V,V,V,V,V,V,V/S,V/S,N,V,V,V,V,V/S,V/S,V/S,V/S,V/S,V/S,V/S,V/S,V,V/S,V/S,N,N,N,V/S,V/S,V,N,V,V,V,V/S,V,N,V/S,N,N,N,V/S,N,V/S,V/S,V/S,V,V/S,V,V,V/S,V,V/S,N,V/S,V/S,V,V,V/S,V/S,V,V,V,V,V,V,V/S,V/S,V/S,V,V,V,V/S,V,V/S,V,V,V,V/S,V,V/S,V,V/S,V,V,V/S,V,V,N,V,V,V,V,V,N,V,V,V,V,V,V,V,V,V,V,V,V/S,V,V/S,V,N,V,V,V,N,N,N,V,V/S,N,V,V,N,N,V,N,N,V/S,V,V,N,V/S,V,V,V,V,V,N,V,V/S,V/S,N,N,N,V,N,V,V,N,V,N,V,V,V/S,V,V,V,V,V,N,N,V,V/S,V,V,V,V/S,V,V,V,V/S,V,V/S,N,V/S,N,V,N,V,N,N,N,V/S,N,N,V/S,V,V/S,V/S,N,V/S,N,V/S,V/S,V,N,V/S,V/S,V,V,V,V/S,V/S,V/S,N,V,V,V,V/S,V,V,V/S,V,V,V,V,V,V,V,V,V,N,V/S,V,V,V,V,V,V,V,V,V,V,V,V,V/S,V,N,V,V,V,V,V/S,N,V/S,V/S,N,N,V,V/S,V,V/S,V/S,V,V,V,V,V,V/S,N,N,V/S,V,V,V,V,N,N,V,V,N,V,N,V,N,V,V,N,V,V,N,V,N,V/S,V,N,V/S,N,V,V/S,N,V,V,V/S,V/S,V/S,V,V/S,V,V,V,V,V/S,V,V,V/S,V,V/S,V,V/S,V,N,V,V,V,V,N,V,V,V,V,V,V,V,V,N,N,V,V,V,V,N,V,N,V,N,V/S,V,V,V,V,V,V,V/S,V/S,V,V,V/S,V/S,V/S,V,V,V,V/S,V,V,V,V,V/S,N,N,N,V,V,V/S,V,N,BL01GE04GE033,GEGE033,668,22.26666667,2022,de
R_2z5ZHVMYNlDeXaP,Female,University degree or equivalent,Left school at 18 with A-Levels or equivalent,45,55,0,NA,German;45;,English;55;,,0,100,0,NA,Other(s),Bilingual English and Filipino,5,10,10,Filipino,I regularly speak a mix of German / English / other languages to my child,German,NA,10,7,10,Dutch,I regularly speak both German and English to my child,First,NA,1,12,Always (or almost always) German,,N,N,N,N,N,N,N,N,V/S,N,N,V/S,N,N,N,N,N,N,N,N,N,N,N,N,N,N,N,N,N,N,N,V/S,N,N,N,N,N,N,N,N,N,N,N,N,N,N,N,N,N,N,N,N,N,N,N,N,N,V/S,V/S,N,N,N,N,N,N,N,N,V/S,N,V,N,N,N,V/S,N,N,N,N,N,N,N,N,N,N,N,N,V,N,N,N,N,N,N,N,N,N,V,N,N,N,N,N,N,N,N,N,N,N,N,N,N,N,N,N,N,N,N,N,N,N,N,N,N,N,N,N,N,N,N,V/S,N,N,N,N,N,N,N,N,N,N,N,N,N,N,N,N,N,N,N,N,N,N,N,N,N,N,N,N,N,N,N,N,N,N,N,N,N,N,N,N,N,N,N,N,N,N,N,N,N,N,N,N,N,N,N,N,N,N,N,N,N,N,N,N,N,N,N,N,N,N,N,N,N,N,N,N,N,N,N,N,N,N,N,N,N,N,N,N,N,N,N,N,N,V/S,N,N,N,N,N,N,N,N,N,V/S,N,N,V,N,V,V,N,N,N,N,N,N,N,N,N,N,N,N,V/S,V,V/S,N,N,N,N,V/S,N,V/S,V/S,N,N,N,N,N,N,N,N,N,N,V/S,N,N,N,N,N,N,N,N,N,N,N,N,N,N,N,N,N,N,N,N,N,N,N,N,N,N,N,N,N,N,N,N,N,N,N,N,N,N,N,N,N,N,N,N,N,N,N,N,N,N,N,N,N,N,N,N,N,N,N,N,N,N,N,N,N,N,N,N,N,N,N,N,N,N,N,N,N,N,N,N,N,N,N,N,N,N,N,N,N,N,N,N,N,N,N,N,N,N,N,N,N,N,N,N,N,N,N,N,N,N,N,N,N,V/S,N,N,N,N,N,N,N,N,N,N,N,N,V/S,N,N,N,N,N,N,N,N,N,N,N,N,N,N,N,N,N,BL01GE02GE061,GEGE061,563,18.76666667,2022,de
R_2viHryvny2KAr05,Female,University degree or equivalent,Left school at 18 with A-Levels or equivalent,50,50,0,NA,German;50;,English;50;,,25,75,0,NA,Other(s),Bilingual English and Filipino,5,10,10,Filipino,I regularly speak a mix of German / English / other languages to my child,German,NA,10,7,10,Dutch,I regularly speak both German and English to my child,First,NA,1,13,Always (or almost always) German,,V/S,V/S,V/S,V/S,V/S,V/S,V/S,V/S,V/S,V/S,V/S,V/S,V/S,V/S,V/S,V/S,V/S,V/S,V/S,V/S,V/S,V/S,V/S,V/S,V/S,V/S,V/S,V/S,V/S,V/S,V/S,N,V/S,V/S,V/S,V/S,V/S,V/S,V/S,V/S,V/S,V/S,V/S,V/S,V/S,N,V/S,V/S,V/S,V/S,V/S,V/S,V/S,V/S,V/S,V/S,V/S,V/S,V/S,V/S,V/S,V/S,V,V/S,V/S,V/S,V/S,V/S,V/S,V/S,V/S,V/S,V/S,V/S,V/S,V/S,V/S,V/S,V/S,V/S,V/S,V/S,V,V/S,V/S,V/S,V/S,V/S,V/S,V/S,V/S,N,V/S,V/S,V/S,V/S,V/S,V/S,V/S,V/S,V/S,V/S,V/S,V/S,V/S,V/S,V/S,V/S,V/S,V/S,V/S,V/S,V/S,V/S,V/S,V/S,V,V/S,V/S,V/S,V/S,N,V,V,V,V/S,V/S,V/S,V/S,V/S,V,V/S,V,V/S,V/S,V,V/S,V/S,V/S,V/S,V/S,V,V,V/S,V/S,N,N,V,V,V,V/S,V/S,V/S,V/S,V/S,V/S,V,V/S,V/S,V/S,V/S,V/S,V/S,V,V/S,V,V/S,V,V/S,V,V/S,V/S,V/S,V/S,V/S,V/S,N,V,V/S,V/S,V/S,N,V/S,V/S,V/S,V,V/S,V,N,V/S,V/S,V/S,N,N,V/S,V/S,V,V,V,N,V/S,V/S,V/S,V/S,V/S,V,V/S,V/S,V/S,V/S,V/S,V/S,V/S,V,V/S,V/S,V/S,V/S,V/S,V/S,V/S,V/S,V/S,V/S,N,V/S,N,V/S,V/S,V/S,N,N,V/S,V/S,V/S,N,V/S,V/S,V/S,V/S,N,V/S,N,V/S,V,V/S,N,V/S,V/S,V/S,V/S,V/S,V/S,V/S,V/S,V,V/S,V/S,V/S,V/S,V/S,V/S,V/S,V/S,V/S,V,V/S,V,V/S,V,V/S,V/S,V,V/S,V/S,V/S,N,V/S,V,V,N,V/S,V/S,V/S,V/S,V/S,V/S,V/S,N,V/S,V/S,N,V/S,V/S,N,V/S,V/S,V/S,V/S,V/S,V/S,V,V/S,N,V/S,V/S,V,V/S,V/S,V/S,V/S,N,V/S,V/S,V/S,V/S,V,N,V/S,V/S,V/S,V,V/S,V,V/S,V/S,V/S,V,N,V,V,V,V/S,V,V/S,V/S,V,V/S,V/S,V,N,N,V,V/S,V/S,V/S,V/S,V/S,V/S,V/S,V/S,V/S,V/S,V,V/S,V/S,V/S,V,V/S,V,V/S,N,N,N,V/S,V/S,V/S,V,V/S,N,V/S,V/S,V,N,V,V/S,V/S,V,V/S,V,N,N,N,N,N,V/S,N,V/S,V/S,N,V/S,V/S,V/S,V,V/S,V/S,V/S,V,V/S,V,V/S,V/S,V,V/S,V/S,V/S,V,V/S,V/S,V/S,V/S,V/S,N,V,N,V/S,V/S,V/S,BL01GE05GE039,GEGE039,868,28.93333333,2022,de
R_3kAPDe4ex2PWwtU,Female,University degree or equivalent,Left school at 18 with A-Levels or equivalent,70,30,0,NA,German;70;,English;30;,,50,50,0,NA,Other(s),Bilingual English and Filipino,5,10,10,Filipino,I regularly speak a mix of German / English / other languages to my child,German,NA,10,7,10,Dutch,I regularly speak both German and English to my child,First,NA,1,17,Always (or almost always) German,,V/S,V/S,V/S,V/S,V/S,V/S,V/S,V/S,V/S,V/S,V/S,V/S,V/S,V/S,V/S,V/S,V/S,V/S,V/S,V/S,V/S,V/S,V,V/S,V/S,V/S,V/S,N,N,V/S,V/S,N,V/S,V/S,V/S,V/S,V,V,V/S,V/S,V/S,V/S,V/S,V/S,V/S,N,V/S,V/S,V,V/S,V/S,V/S,V/S,V/S,V/S,V/S,V/S,V/S,V/S,V/S,V/S,V/S,V,V/S,V/S,V/S,V/S,V/S,V/S,V/S,V/S,V/S,V/S,V/S,V,V/S,V/S,V,V/S,V/S,V/S,V/S,V/S,V/S,V/S,V/S,V/S,V/S,V/S,V/S,N,V/S,V/S,V,V/S,V/S,V/S,N,V/S,V/S,V/S,V/S,N,V/S,V/S,V/S,V/S,V/S,V/S,V/S,V/S,V/S,V/S,V/S,V,V/S,V/S,V/S,V/S,V/S,V/S,V/S,V/S,V/S,V/S,V/S,V/S,V,V/S,V/S,V/S,V/S,V/S,V/S,V/S,V/S,V/S,V/S,V,V,V,V,V/S,V/S,V/S,N,N,V/S,V/S,V/S,V/S,V/S,V/S,V/S,V/S,V/S,V/S,V/S,V/S,V/S,V/S,V/S,V/S,V,V/S,V/S,V,V/S,V/S,V/S,V/S,V/S,V/S,V/S,V/S,V/S,V/S,V/S,V/S,V/S,V/S,V/S,V/S,V/S,V/S,V/S,V/S,V,N,V/S,V/S,V/S,V,V,N,V/S,V/S,V/S,V/S,V/S,V/S,V/S,V/S,V/S,V/S,N,V/S,V/S,V/S,V/S,N,V/S,V/S,V,V/S,V/S,V/S,V/S,V/S,V/S,V/S,V/S,V/S,V/S,N,N,V/S,V/S,V/S,V/S,N,N,V/S,V/S,V/S,N,V/S,V/S,V/S,V/S,N,V/S,N,V/S,N,V/S,N,V/S,V/S,V/S,V/S,V/S,V/S,V/S,V/S,V/S,V,V,N,V/S,V/S,V/S,V/S,V/S,V/S,N,V/S,N,V/S,N,V/S,V,V/S,V/S,V/S,V/S,V/S,V/S,N,V/S,N,V/S,V/S,V/S,V/S,V,V,V/S,N,V,V/S,V,V/S,V,V,V/S,V/S,V/S,V,V/S,V/S,V,V,V,V/S,V/S,V/S,V,V/S,V/S,V/S,V/S,V/S,V/S,V/S,V/S,V/S,V/S,V,V/S,V/S,V/S,V/S,V,V/S,V/S,V/S,V/S,V,V,V,V/S,V/S,V,V/S,V/S,V,V/S,V/S,V,V,V,V/S,V/S,V/S,V/S,V/S,V,V/S,V,V/S,V/S,V/S,V,V/S,V/S,V/S,V/S,V/S,N,V/S,N,N,V/S,V/S,V/S,V/S,V/S,V/S,V,N,N,V/S,V,V,V,V,V,V,N,N,N,N,V/S,V/S,V/S,V/S,N,N,N,V/S,N,V/S,N,N,V/S,N,N,V/S,V/S,V/S,V/S,N,V/S,V/S,V/S,N,N,N,V/S,V/S,V/S,N,V/S,N,V/S,V/S,V/S,BL01GE05GE043,GEGE043,938,31.26666667,2022,de
R_WwUi6jc3Xos7qGl,Female,University degree or equivalent,Left school at 18 with A-Levels or equivalent,40,60,0,NA,German;40;,English;60;,,30,70,0,NA,Other(s),Bilingual English and Filipino,5,10,10,Filipino,I regularly speak a mix of German / English / other languages to my child,German,NA,10,7,10,Dutch,I regularly speak both German and English to my child,First,NA,1,19,Always (or almost always) German,,V/S,V/S,V/S,V/S,V/S,V/S,V/S,V/S,V/S,V/S,V/S,V/S,N,N,N,N,N,N,N,N,N,N,N,N,N,N,N,N,N,N,N,N,N,N,N,N,N,N,N,N,N,N,N,N,N,N,N,V/S,V/S,V/S,V/S,V/S,V/S,V,V/S,V,V,V/S,V/S,V/S,V,V/S,V,V,V/S,V/S,V/S,V/S,V/S,V/S,V/S,V/S,N,V/S,V/S,N,N,N,N,N,V/S,V/S,V/S,V/S,N,N,N,V/S,N,V/S,N,N,V/S,N,V/S,N,N,N,N,N,N,N,N,N,N,N,N,N,N,N,N,N,N,N,N,N,N,N,N,N,N,N,N,N,N,N,N,N,N,N,N,N,N,N,V,V,V,N,N,N,N,N,N,V/S,N,N,N,N,N,V/S,N,V/S,N,N,N,N,N,N,V/S,V/S,V/S,V/S,V/S,N,V/S,N,N,N,V/S,V/S,N,N,V/S,V/S,V/S,N,N,N,V/S,V/S,N,N,N,N,N,N,V/S,N,V/S,V/S,V/S,V/S,N,N,N,V/S,V/S,N,V/S,N,V/S,N,V/S,V/S,V/S,N,V/S,V,V/S,V,N,V/S,V/S,N,V/S,V/S,V,V/S,V/S,V/S,V/S,V/S,V,V/S,N,N,V/S,N,V/S,V/S,N,N,N,V/S,V/S,N,N,N,V/S,V/S,N,N,N,N,V,V/S,N,V/S,V/S,V/S,V/S,V/S,V/S,V/S,V/S,N,V,V,V/S,V/S,V,V/S,V/S,V,V/S,N,N,N,V/S,N,V,V,V,V/S,V,N,N,N,N,N,N,V/S,N,V/S,N,N,N,N,N,N,V/S,N,V,V,N,N,V,V,V,N,V,V,V,N,V,V,V,N,V,V,N,N,N,N,V,V,V,N,N,N,N,N,N,V,N,V,N,N,N,V,N,N,N,N,N,N,N,N,N,N,N,N,N,N,N,N,N,N,N,N,N,N,N,N,V/S,V/S,V/S,V/S,N,N,N,N,N,N,V,N,N,V,V,N,N,N,V/S,N,N,N,N,N,N,N,N,N,N,N,N,N,N,N,N,N,N,N,N,N,N,N,N,N,V/S,V/S,V/S,V,V/S,V/S,V/S,V/S,N,V/S,N,N,N,N,N,N,N,N,N,N,BL01GE02GE065,GEGE065,795,26.5,2022,de
R_2rA4d7Le3hXPliO,Female,University degree or equivalent,Left school at 18 with A-Levels or equivalent,60,40,0,NA,German;60;,English;40;,,30,70,0,NA,Other(s),Bilingual English and Filipino,5,10,10,Filipino,I regularly speak a mix of German / English / other languages to my child,German,NA,10,7,10,Dutch,I regularly speak both German and English to my child,First,NA,1,14,Always (or almost always) German,,V,N,N,V,N,V/S,V/S,V/S,V/S,V/S,N,V/S,V/S,V/S,V,N,V/S,V/S,N,V,V/S,V,V,V/S,V/S,V,V/S,N,N,V/S,V/S,V,V/S,V/S,V,V/S,N,N,V,N,V,V/S,V,N,N,N,V/S,V/S,N,N,N,V/S,V/S,N,V/S,V,N,V/S,V/S,N,N,N,V,N,V,V,V/S,V,V/S,V/S,V/S,V/S,V,V/S,V/S,N,N,N,V/S,V/S,V,V,N,V/S,N,N,V/S,V/S,V/S,V/S,V,N,N,V/S,V/S,V,V,N,V,V,V,V/S,N,V/S,V,V/S,V/S,V,V/S,V/S,V/S,V,V/S,N,V,V/S,N,V/S,N,N,V/S,V/S,N,N,N,V,V/S,N,V,V/S,N,V/S,N,V,N,V/S,V/S,V/S,V/S,N,V,V,N,V/S,V,N,N,N,N,N,V,V,V,V/S,V,N,N,N,V,V,V,N,V,N,V/S,N,N,N,V/S,V,V,N,V/S,N,V/S,V/S,V,N,V/S,V/S,V,N,V/S,N,V,V,N,V,N,V,V,V,N,N,N,V,N,N,N,N,V,V,V,V/S,V,N,V,V,N,N,N,N,V/S,N,N,V/S,V,V,V/S,V/S,N,N,V/S,V/S,N,V,N,N,N,V/S,N,N,V,V/S,N,N,V/S,N,V/S,V/S,V,V,N,V,N,V/S,N,V/S,V/S,V/S,V/S,V/S,V/S,V/S,V/S,V/S,V/S,N,N,V/S,V,V/S,V/S,V,N,V,V,N,V,N,V,N,N,V/S,V/S,V,N,V,V,V/S,N,V,V,V/S,N,N,N,V,N,V,V,N,V,V,N,N,V/S,N,N,N,V,N,V/S,N,N,V,V,V,V,V/S,N,V,V,V,V,V,V,N,N,V/S,V,N,V/S,V,V,N,N,N,V,N,N,V,V,V,V/S,V,N,V,V,V,N,N,N,V,V/S,N,V/S,V,V/S,V/S,V/S,V/S,V,N,V,V/S,V/S,V/S,V,N,V,V,N,N,V,V/S,N,N,N,N,N,N,N,N,V,V,V,N,V,N,N,N,N,N,V,N,N,N,N,N,V,N,V/S,N,V/S,N,N,N,V/S,N,V/S,N,N,V/S,V/S,V/S,N,V/S,V,N,N,N,N,V/S,N,V/S,V/S,V,BL01GE06GE013,GEGE013,810,27,2022,de
R_1mDyI5EvoWztPZS,Female,University degree or equivalent,Left school at 18 with A-Levels or equivalent,45,55,0,NA,German;45;,English;55;,,0,100,0,NA,Other(s),Bilingual English and Filipino,5,10,10,Filipino,I regularly speak a mix of German / English / other languages to my child,German,NA,10,7,10,Dutch,I regularly speak both German and English to my child,First,NA,1,12,Always (or almost always) German,,N,N,V/S,N,V/S,N,N,V/S,V/S,N,N,V/S,N,N,N,N,N,N,N,N,N,N,N,N,N,N,N,N,N,V/S,V/S,N,N,N,N,N,N,N,N,N,N,N,N,N,N,N,N,N,N,N,N,N,N,N,N,N,N,V/S,V/S,N,N,N,N,N,N,N,N,N,N,N,N,N,N,N,N,N,N,N,N,N,N,N,N,N,N,N,N,N,N,N,N,N,V/S,N,N,N,N,N,N,N,N,N,N,N,N,N,V,N,N,N,N,N,N,N,N,N,N,N,N,N,N,N,N,N,N,N,N,N,N,V/S,N,N,N,N,N,N,N,N,N,N,N,N,N,N,N,N,N,N,N,N,N,N,N,N,N,N,N,N,N,N,N,N,N,N,N,N,N,N,N,N,N,N,N,N,N,N,N,N,N,N,N,N,N,N,N,N,N,N,N,N,N,N,N,N,N,V/S,N,N,N,N,N,N,N,N,N,N,N,N,N,N,N,N,N,N,N,N,N,N,N,N,N,N,N,V/S,N,N,N,N,N,N,N,N,N,V/S,N,N,V/S,N,N,V/S,N,N,N,N,N,N,N,N,N,N,N,N,V,V/S,V/S,N,N,N,N,V/S,N,N,V/S,N,N,N,N,N,N,N,N,N,N,V/S,N,N,N,N,N,N,N,N,N,N,N,N,N,N,N,N,N,N,N,N,N,N,N,N,N,N,N,N,N,N,N,N,N,N,N,N,N,N,N,N,N,N,N,N,N,N,N,N,N,N,N,N,N,N,N,N,N,N,N,N,N,N,N,N,N,N,N,N,N,N,N,N,N,N,N,N,N,N,N,N,N,N,N,N,N,N,N,N,N,N,N,N,N,N,N,N,N,N,N,N,N,N,N,N,N,N,N,N,N,N,N,N,N,V/S,N,N,N,N,N,N,N,N,N,N,N,N,N,N,N,N,N,N,N,N,N,N,N,N,N,N,N,N,N,N,BL01GE03GE061,GEGE061,625,20.83333333,2022,de
R_UrUDSLzv2hRydgZ,Female,University degree or equivalent,Left school at 18 with A-Levels or equivalent,70,30,0,NA,German;70;,English;30;,,30,70,0,NA,Other(s),Bilingual English and Filipino,5,10,10,Filipino,I regularly speak a mix of German / English / other languages to my child,German,NA,10,7,10,Dutch,I regularly speak both German and English to my child,First,NA,1,18,Always (or almost always) German,,N,V,N,N,V/S,V/S,V/S,V/S,V/S,V/S,N,V/S,V/S,V/S,V/S,N,V/S,V/S,V,V/S,V/S,V/S,V,V/S,V/S,V,V/S,V,V,V/S,V/S,V/S,V/S,V/S,V/S,V/S,N,V,V,V/S,V/S,V/S,V/S,N,V/S,N,V/S,V/S,V,V,N,V,V/S,V,V/S,V,V/S,V/S,V/S,N,V,V,V,N,V,V/S,V/S,V/S,V/S,V/S,V/S,V/S,V/S,V/S,V/S,V,V,V,V/S,V/S,V/S,V/S,N,V/S,N,V/S,V/S,V,V/S,V,N,N,V/S,N,V/S,V/S,V/S,V,V/S,V,V/S,V/S,V,V/S,V,V/S,V/S,V,V/S,V/S,V/S,V,V,V,V,V/S,V,V/S,V/S,V/S,V,V,V/S,V,V,V/S,V,V,V,V/S,N,V,V,V/S,V,V/S,V/S,V,V,V,V,V,V,V/S,V,N,N,V,V,V/S,V,V/S,V,V/S,V/S,V,V,V/S,V/S,V/S,V,V,V,N,V,N,N,N,V/S,V/S,N,V,V,V/S,V/S,V/S,N,N,V/S,V/S,V,N,V/S,N,V,V,V/S,V,N,V,V/S,V/S,V,V,V,V/S,V/S,V,V,V,V/S,N,V/S,V,V/S,N,V,V,V,V/S,N,V,V,V/S,V,V/S,V,V/S,V/S,V/S,V/S,V/S,V,V/S,N,V/S,N,N,N,N,N,N,N,V/S,N,N,V/S,N,V/S,V/S,N,N,N,V/S,N,V,N,V/S,V/S,V/S,V,V,V/S,V/S,V/S,N,V,V,V,V/S,V,V,V/S,V/S,V,V,V/S,V,V,V,V/S,V,N,V/S,V,V,V,V,V/S,V,V,V,V,N,V/S,V,V/S,V,N,V/S,V/S,V,V,V/S,V,V/S,V/S,V/S,V/S,V/S,V/S,V,V,V,V,V,V/S,V/S,V/S,V,V,N,V,V,V/S,V/S,V,V,N,V,V,V,V/S,N,V/S,V,V,N,N,N,N,N,V/S,N,V/S,V,V,V/S,V,V/S,V,N,V,V/S,V/S,V/S,V/S,V,V/S,V,V/S,V/S,V/S,V/S,V/S,V,V/S,V,V/S,V,V/S,N,N,V,V,V/S,V/S,V,V,N,V,V,V,V,N,N,V,N,V,V,N,V,N,V,V,N,N,V/S,V/S,V,V,V/S,V,V,V/S,V/S,V,V,V,V/S,V/S,V,V,V,V/S,V,V,V/S,V,V/S,V,N,N,V/S,V,V/S,V/S,V/S,BL01GE05GE033,GEGE033,741,24.7,2022,de
R_3qPPG1QH6pjaAWG,Female,University degree or equivalent,Left school at 18 with A-Levels or equivalent,65,35,0,NA,German;65;,English;35;,,60,40,0,NA,Other(s),Bilingual English and Filipino,5,10,10,Filipino,I regularly speak a mix of German / English / other languages to my child,German,NA,10,7,10,Dutch,I regularly speak both German and English to my child,First,NA,1,12,Always (or almost always) German,,V/S,V/S,V/S,V/S,V/S,V/S,V/S,V/S,V/S,V/S,V/S,V/S,V/S,V/S,V/S,V,V/S,V/S,V/S,V/S,V/S,V/S,V,V/S,V,V,V/S,N,V,V/S,V/S,N,V/S,V/S,V/S,V/S,N,V,V/S,V,V,V/S,V/S,V,V/S,N,V/S,V/S,V/S,V/S,N,V/S,V/S,V/S,V/S,V/S,V/S,V/S,V/S,N,V,V,V/S,V/S,V/S,V/S,V/S,V/S,V/S,V/S,V/S,V/S,V/S,V/S,V/S,V/S,V/S,V,V/S,V/S,V/S,V/S,V/S,V/S,V,V/S,V/S,N,V/S,V/S,N,V,V/S,V/S,V/S,V/S,V/S,N,V/S,V/S,V/S,V,V,V/S,V,V,V/S,V/S,V/S,V,V/S,V/S,V,N,V,V,V/S,V/S,V/S,V,N,V,V,V/S,N,V/S,V/S,V,V/S,V/S,N,V/S,V/S,V/S,V/S,V/S,V/S,V,V/S,V,V,N,N,V/S,V/S,N,N,V,V/S,V,V/S,V/S,V,V,V/S,V,V/S,V/S,V/S,V,V,V/S,V,N,V/S,N,N,V,V,N,V/S,V/S,V/S,V/S,V/S,V,N,N,V/S,V/S,V,N,V/S,N,V/S,V/S,V/S,V/S,N,V/S,V/S,V/S,N,N,N,V/S,V,V/S,V/S,V,V/S,V,V/S,V,V/S,V/S,V,V/S,V/S,V/S,N,V/S,V/S,V,V/S,V/S,V/S,V/S,V/S,V/S,V/S,V/S,V/S,V/S,V/S,V,V,N,V,V,N,N,V,V/S,V/S,V/S,V/S,N,V,V/S,V,V/S,V/S,N,V/S,V/S,N,V/S,V,V/S,V/S,V/S,V/S,V/S,V/S,V/S,V/S,V,V/S,V/S,V/S,V/S,V/S,V/S,V,V/S,V/S,V,V,V,V/S,V/S,V,V/S,V/S,V/S,V,N,N,V/S,V/S,V/S,V/S,V/S,V/S,V/S,V/S,V/S,N,V/S,V/S,V,V,V,V,V/S,V/S,V,V,V/S,V/S,V/S,V,V,V/S,N,V,V,V/S,V/S,V/S,V/S,V,V/S,V,V/S,V,N,V,V,V,V,V/S,V,V/S,V/S,V,V,V/S,V/S,V,V,V/S,V,V/S,N,N,V/S,V/S,V,V,N,V,V/S,V/S,V/S,V/S,V/S,V/S,V/S,V/S,V/S,V,V/S,V/S,V/S,V/S,V/S,V/S,N,V/S,V,N,V,V,V/S,V,V,V,N,V/S,V/S,N,N,V,V/S,V,N,V/S,V,V,V/S,V/S,V,V/S,V/S,N,V/S,V/S,N,V/S,V,V/S,V,V/S,V/S,V/S,V,V/S,V/S,V/S,V/S,V,V/S,V,V/S,V,V/S,V,V/S,V/S,V,N,V,N,V/S,V/S,V/S,BL01GE03GE069,GEGE069,762,25.4,2022,de
R_3095J2rgf8UUOWh,Female,University degree or equivalent,Left school at 18 with A-Levels or equivalent,60,40,0,NA,German;60;,English;40;,,30,70,0,NA,Other(s),Bilingual English and Filipino,5,10,10,Filipino,I regularly speak a mix of German / English / other languages to my child,German,NA,10,7,10,Dutch,I regularly speak both German and English to my child,First,NA,1,14,Always (or almost always) German,,V/S,V/S,V/S,N,V/S,V/S,V/S,V/S,V/S,V/S,N,V/S,V/S,N,V/S,N,V/S,V,N,V,V,V,N,V,N,N,V/S,N,N,V,V,N,V,V/S,V/S,N,N,N,N,N,V/S,V,V/S,N,N,N,V/S,V/S,N,N,V/S,V/S,V/S,N,V,N,N,V/S,V/S,N,N,N,V,V,N,N,V/S,V/S,V/S,V/S,V/S,V/S,V,V/S,V/S,N,N,N,V/S,V/S,V/S,V/S,N,V/S,N,N,N,V/S,V/S,V/S,V,N,N,V/S,V/S,V/S,N,N,V/S,N,V,V/S,N,V/S,V/S,V/S,V/S,V/S,V/S,V/S,V/S,V/S,V/S,V,V,V/S,N,N,N,N,N,N,N,N,N,N,N,N,V,V,N,V,V,V/S,N,V/S,V/S,N,V/S,N,N,N,N,V,N,N,N,V,N,V/S,V,V,V,V,V,N,N,V,V/S,V/S,V/S,V,V/S,N,V/S,N,N,N,V/S,N,N,V/S,V/S,V/S,V/S,V,N,N,V/S,V/S,V/S,N,V/S,N,V,V,V/S,V,N,V,V,V,N,N,N,V/S,N,N,N,N,V,V,V,V/S,V/S,N,V,V,V/S,V,N,V/S,V/S,V/S,V,V/S,V,V,V,V/S,V,N,V,V/S,N,N,V,V,V,V/S,N,N,V,V/S,V,N,V/S,N,V/S,V/S,N,N,N,N,N,V/S,N,V,V/S,V,V/S,V/S,V/S,V/S,V/S,V/S,V,N,V/S,V/S,V/S,V/S,V/S,V/S,V/S,N,N,N,N,V/S,V/S,V/S,V/S,V/S,N,V/S,V/S,N,V/S,V/S,N,V/S,V/S,N,V/S,N,V/S,V/S,N,N,N,N,V/S,V/S,V/S,V/S,V/S,N,V/S,N,V/S,N,V/S,N,N,N,V/S,V/S,V/S,V/S,V,N,V/S,V/S,V,V/S,V/S,N,N,V/S,V,N,V,N,N,N,V,V,N,V,N,V/S,N,N,N,N,N,N,V/S,N,N,N,N,V/S,V/S,V/S,V/S,V/S,V/S,V/S,V/S,V/S,V/S,V,V/S,V/S,V/S,V,V/S,N,V,N,N,V,V,V/S,V/S,V,V/S,N,N,V/S,V,V,N,V/S,V,N,V,N,N,V,V/S,V/S,V/S,N,N,V/S,V/S,V/S,V/S,N,V/S,N,V/S,V/S,N,N,V/S,N,N,V/S,N,V/S,V/S,V/S,N,N,V/S,N,N,N,N,N,N,V,V,V,BL01GE07GE013,GEGE013,865,28.83333333,2022,de