Response ID,Child's gender,Mother's highest educational qualification,Father's highest educational qualification,Overall language exposure - Italian,Overall language exposure - English,Overall language exposure - Other,Overall language exposure - Other - Text,exp_ita,exp_eng,exp_oth,Home language exposure - Italian,Home language exposure - English,Home language exposure - Other(s),Home language exposure - Other(s) - Text,Mother native - Selected Choice,Mother native - Other(s) - Text,Mother's proficiency - Italian,Mother's proficiency - English,Mother's proficiency - Other,Mother's proficiency - Other - Text,Mother's child language,Father native - Selected Choice,Father native - Other(s) - Text,Father's proficiency - Italian,Father's proficiency - English,Father's proficiency - Other,Father's proficiency - Other - Text,Father's child language,Birth order - Selected Choice,Birth order - Other - Text,birth_order,Nursery start age - Age in months,Nursery language,Immersion - months,Sounds - Ahia,Sounds - Bau Bau (cane),Sounds - Bee (pecora),Sounds - Brum Brum (auto),Sounds - Chicchirichì (gallo),Sounds - Ciuf ciuf (treno),Sounds - Gnam,Sounds - Miao (gatto),Sounds - Muh (mucca),Sounds - Oh oh,Sounds - Qua Qua (papera),Sounds - Roarr (ringhio),Animals - Agnello,Animals - Animale,Animals - Ape,Animals - Asino,Animals - Cane,Animals - Cavallo,Animals - Cervo,Animals - Coniglio,Animals - Cucciolo,Animals - Elefante,Animals - Farfalla,Animals - Gallina,Animals - Gattino / Micino,Animals - Gatto,Animals - Giraffa,Animals - Gufo,Animals - Leone,Animals - Maiale,Animals - Mucca,Animals - Oca,Animals - Orso,Animals - Papera,Animals - Pecora,Animals - Pesce / Pesciolino,Animals - Pinguino,Animals - Pony,Animals - Ragno,Animals - Rana,Animals - Scimmia,Animals - Scoiattolo,Animals - Tacchino,Animals - Tartaruga,Animals - Tigre,Animals - Topo,Animals - Uccellino,Vehicles - Aereo,Vehicles - Autobus,Vehicles - Automobile / Auto / Macchina,Vehicles - Autopompa,Vehicles - Barca,Vehicles - Bicicletta / Bici,Vehicles - Camion,Vehicles - Motocicletta / Moto,Vehicles - Passeggino,Vehicles - Treno,Toys - Bambola,Toys - Bollicina,Toys - Cubi,Toys - Giocattolo,Toys - Libro,Toys - Orsacchiotto,Toys - Palla,Toys - Palloncino,Toys - Penna,Food and Drink - Acqua,Food and Drink - Arancia,Food and Drink - Banana,Food and Drink - Bibita / Bevanda,Food and Drink - Biscotti,Food and Drink - Burro,Food and Drink - Caffé,Food and Drink - Carne,Food and Drink - Carota,Food and Drink - Cereali,Food and Drink - Dolci,Food and Drink - Formaggio,Food and Drink - Gelato,Food and Drink - Latte,Food and Drink - Marmellata,Food and Drink - Mela,Food and Drink - Pane,Food and Drink - Pappa / Cibo,Food and Drink - Pasta,Food and Drink - Patatine,Food and Drink - Pesce,Food and Drink - Piselli,Food and Drink - Pizza,Food and Drink - Pollo,Food and Drink - Succo,Food and Drink - Té,Food and Drink - Toast,Food and Drink - Torta,Food and Drink - Uovo,Body Parts - Bocca,Body Parts - Braccio,Body Parts - Capelli,Body Parts - Dente,Body Parts - Dito,Body Parts - Dito del piede,Body Parts - Faccia,Body Parts - Gamba,Body Parts - Ginocchio,Body Parts - Guancia,Body Parts - Lingua,Body Parts - Mano,Body Parts - Naso,Body Parts - Occhio,Body Parts - Ombelico,Body Parts - Orecchio,Body Parts - Pancia,Body Parts - Piede,Body Parts - Testa,Body Parts - Unghia,Clothes - Bavaglino,Clothes - Bottone,Clothes - Calze / Calzini,Clothes - Camicia,Clothes - Cappello,Clothes - Cappotto,Clothes - Cerniera,Clothes - Collana,Clothes - Giacca,Clothes - Jeans,Clothes - Maglione,Clothes - Occhiali,Clothes - Pannolino,Clothes - Pantaloncini,Clothes - Pantaloni,Clothes - Pigiama,Clothes - Scarpa,Clothes - Stivali,Clothes - Vestito,Furniture and Rooms - Bagno,Furniture and Rooms - Box,Furniture and Rooms - Camera,Furniture and Rooms - Cassetto,Furniture and Rooms - Cucina,Furniture and Rooms - Cucina / Fornelli / Forno,Furniture and Rooms - Culla,Furniture and Rooms - Divano,Furniture and Rooms - Finestra,Furniture and Rooms - Frigorifero / Frigo,Furniture and Rooms - Garage,Furniture and Rooms - Lavandino,Furniture and Rooms - Letto,Furniture and Rooms - Porta,Furniture and Rooms - Salotto,Furniture and Rooms - Scale,Furniture and Rooms - Sedia,Furniture and Rooms - Sedia a dondolo,Furniture and Rooms - Seggiolone,Furniture and Rooms - Tavolo,Furniture and Rooms - Televisione / TV,Furniture and Rooms - Vasca da bagno,Furniture and Rooms - Vasino,Outside - Acqua,Outside - Albero,Outside - All'aperto / Fuori,Outside - Altalena,Outside - Casa,Outside - Chiesa,Outside - Cielo,Outside - Festa,Outside - Fiore,Outside - Giardino,Outside - Lavoro,Outside - Luna,Outside - Muro,Outside - Negozio,Outside - Neve,Outside - Paletta,Outside - Parco,Outside - Pioggia,Outside - Piscina,Outside - Sasso,Outside - Scivolo,Outside - Scuola,Outside - Secchiello,Outside - Sole,Outside - Spiaggia,Outside - Stella,Outside - Zoo,Household items - Asciugamano,Household items - Aspirapolvere,Household items - Bicchiere,Household items - Bottiglia,Household items - Caraffa,Household items - Carta,Household items - Cestino,Household items - Chiave,Household items - Ciuccio,Household items - Coperta,Household items - Cucchiaio,Household items - Cuscino,Household items - Dentifricio,Household items - Fazzoletto,Household items - Forbici,Household items - Forchetta,Household items - Fotografia / Foto,Household items - Lampada,Household items - Luce,Household items - Martello,Household items - Medicina,Household items - Moneta,Household items - Orologio,Household items - Pennello,Household items - Pentola,Household items - Pettine,Household items - Pianta,Household items - Piatto,Household items - Portafoglio,Household items - Radio,Household items - Sapone,Household items - Scatola,Household items - Scodella,Household items - Scopa,Household items - Soldi,Household items - Spazzatura,Household items - Spazzolino da denti,Household items - Tazza,Household items - Telefono,People - Amico/a,People - Babysitter / Tata,People - Bambino/a,People - Bimbo/a,People - Dottore,People - Fratello,People - Gente,People - Maestro/a,People - Mamma,People - Nonna,People - Nonno,People - Papà,People - Persona,People - Poliziotto,People - Ragazza,People - Ragazzo,People - Signora,People - Signore,People - Sorella,People - Zia,People - Zio,Games and Routines - Aspettare,Games and Routines - Bum (cade),Games and Routines - Buonanotte,Games and Routines - Buongiorno,Games and Routines - Cena,Games and Routines - Ciao,Games and Routines - Colazione,Games and Routines - Cucù/Bubù-settete,Games and Routines - Fare il bagno,Games and Routines - Grazie,Games and Routines - Merenda,Games and Routines - No,Games and Routines - Non fare,Games and Routines - Pisolino,Games and Routines - Pranzo,Games and Routines - Prego / Per favore,Games and Routines - Sì,Games and Routines - Voler bene,Games and Routines - Volere,Games and Routines - Zitto / Shhh,Action Words - Abbracciare,Action Words - Accendere,Action Words - Acchiappare,Action Words - Aiutare,Action Words - Amare,Action Words - Andare,Action Words - Annusare,Action Words - Aprire,Action Words - Avere,Action Words - Baciare,Action Words - Ballare,Action Words - Bere,Action Words - Buttare,Action Words - Cadere,Action Words - Camminare,Action Words - Cantare,Action Words - Cercare,Action Words - Chiamare,Action Words - Chiudere,Action Words - Coccolare,Action Words - Colpire,Action Words - Conoscere / Sapere,Action Words - Correre,Action Words - Dare,Action Words - Dare da mangiare,Action Words - Dare un calcio,Action Words - Dire,Action Words - Disegnare,Action Words - Dondolare,Action Words - Dormire,Action Words - Fare,Action Words - Fermare,Action Words - Finire,Action Words - Giocare,Action Words - Grattare / Graffiare,Action Words - Guardare,Action Words - Guidare,Action Words - Inseguire,Action Words - Lasciare / Fare cadere,Action Words - Lavare,Action Words - Leggere,Action Words - Mangiare,Action Words - Mettere,Action Words - Mordere,Action Words - Mostrare,Action Words - Nascondere/si,Action Words - Nuotare,Action Words - Piacere,Action Words - Piangere,Action Words - Portare,Action Words - Prendere,Action Words - Pulire,Action Words - Raccontare,Action Words - Rompere,Action Words - Saltare,Action Words - Sbrigarsi,Action Words - Schizzare / Spruzzare,Action Words - Scrivere,Action Words - Sedersi,Action Words - Sentire,Action Words - Soffiare,Action Words - Solleticare,Action Words - Sorridere,Action Words - Spingere,Action Words - Tagliare,Action Words - Tirare,Action Words - Trovare,Action Words - Urtare / Sbattere (contro),Action Words - Vedere,Action Words - Volare,Descriptive Words - Addormentato,Descriptive Words - Affamato,Descriptive Words - Asciutto,Descriptive Words - Assetato,Descriptive Words - Assonnato,Descriptive Words - Bagnato,Descriptive Words - Bello,Descriptive Words - Bene,Descriptive Words - Blu,Descriptive Words - Buio,Descriptive Words - Buono,Descriptive Words - Caldo,Descriptive Words - Carino,Descriptive Words - Cattivo,Descriptive Words - Disubbidiente,Descriptive Words - Duro,Descriptive Words - Felice,Descriptive Words - Ferito,Descriptive Words - Freddo,Descriptive Words - Gentile,Descriptive Words - Giallo,Descriptive Words - Grande / Grosso,Descriptive Words - Malato,Descriptive Words - Morbido,Descriptive Words - Piccolo,Descriptive Words - Pieno,Descriptive Words - Prudente,Descriptive Words - Pulito,Descriptive Words - Rosso,Descriptive Words - Rotto,Descriptive Words - Spaventato,Descriptive Words - Sporco,Descriptive Words - Stanco,Descriptive Words - Triste,Descriptive Words - Tutto finito,Descriptive Words - Vecchio,Descriptive Words - Veloce / Rapido,Descriptive Words - Verde,Descriptive Words - Vuoto,Question words - Che / Che cosa?,Question words - Chi?,Question words - Come?,Question words - Dove?,Question words - Perchè?,Question words - Quando?,Time - Adesso / Ora,Time - Domani,Time - Giorno,Time - Mattina,Time - Notte,Time - Oggi,Time - Stasera / Stanotte,Time - (più) Tardi / Dopo,Pronouns and Possessives - Esso/a / Lui / Lei,Pronouns and Possessives - Io,Pronouns and Possessives - Loro,Pronouns and Possessives - Me,Pronouns and Possessives - Me/ Mi,Pronouns and Possessives - Mio/a,Pronouns and Possessives - Quello/a,Pronouns and Possessives - Questo/a,Pronouns and Possessives - Suo/a,Pronouns and Possessives - Tu,Pronouns and Possessives - Tuo/a,Prepositions and Location Words - A,Prepositions and Location Words - Da,Prepositions and Location Words - Dentro,Prepositions and Location Words - Dietro,Prepositions and Location Words - Giù,Prepositions and Location Words - In,Prepositions and Location Words - Lì / Là,Prepositions and Location Words - Lontano,Prepositions and Location Words - Sopra,Prepositions and Location Words - Sotto,Prepositions and Location Words - Su,Quantifiers - Altro,Quantifiers - Ancora,Quantifiers - Nessuno,Quantifiers - Non,Quantifiers - Più / Di più,Quantifiers - Qualche,Quantifiers - Stesso,Quantifiers - Tutto,Quantifiers - Un altro,ParticipantID,shortPID,age_days,age_months,Recorded.Year,country
R_3rV4vXgMci7IWVR,Female,University degree or equivalent,Left school at 16 with GCSE or equivalent,80,20,0,NA,Italian;80;,English;20;,,100,0,0,NA,Italian,NA,10,6,NA,NA,I always (or almost always) speak Italian to my child,Italian,NA,10,7,NA,NA,I always (or almost always) speak Italian to my child,Third,NA,3,NA,NA,1,C,C,No,C,C,C,C,C,C,C,C,C,No,C,No,No,C,C,No,No,No,No,C,C,C,C,C,No,C,C,C,No,No,C,C,C,C,No,C,No,No,No,No,No,No,No,C,No,No,No,No,No,No,No,No,No,No,No,No,No,No,No,No,C,No,No,C,No,C,No,C,No,C,No,No,No,No,C,No,C,No,C,C,C,C,No,No,No,C,No,No,No,No,No,No,C,No,No,No,No,No,No,No,No,No,No,C,C,No,No,C,No,C,C,No,No,No,No,No,No,No,No,No,No,No,No,No,C,No,No,No,No,No,No,No,No,No,No,No,No,No,No,No,No,No,No,No,No,No,No,No,No,No,No,No,No,No,C,No,No,No,No,No,No,No,No,C,No,No,No,No,No,No,No,No,No,No,No,No,No,No,No,No,No,No,C,C,No,No,No,No,No,No,No,No,No,No,No,No,No,No,No,No,No,No,No,No,No,No,No,No,No,No,No,No,No,No,No,No,No,No,No,No,No,No,No,No,No,No,No,No,C,C,C,C,No,No,No,No,No,No,No,C,No,C,No,C,C,C,C,C,C,C,C,C,No,C,No,C,No,No,No,C,C,C,No,No,No,No,C,No,No,No,C,C,C,No,No,C,No,No,No,No,No,No,No,No,C,No,No,No,No,No,No,No,No,No,C,No,No,No,No,No,No,No,C,No,No,No,No,No,No,No,No,No,No,No,No,No,No,No,No,C,No,No,No,No,No,No,No,No,No,No,No,No,No,No,No,No,No,C,No,No,No,No,No,No,No,No,No,No,No,No,No,C,No,No,C,No,No,No,No,C,No,No,No,No,No,No,No,No,C,No,No,No,No,No,No,No,No,No,No,No,No,No,No,No,C,No,No,C,C,C,No,C,No,C,No,No,No,No,No,No,No,No,No,No,No,No,No,No,No,No,C,No,No,No,No,BL01UK01IT001,UKIT001,288,9.6,2020,gb
R_2f7MtuiYuRPfcwz,Male,University degree or equivalent,University degree or equivalent,40,60,0,NA,Italian;40;,English;60;,,70,27,3,French,Italian,NA,10,7,2,French,I regularly speak both Italian and English to my child,Italian,NA,10,6,NA,NA,I always (or almost always) speak Italian to my child,First,NA,1,8,Always (or almost always) English,4,C,C/D,C,C/D,C,C,C/D,C/D,C,C,C,C,C,C,No,No,C/D,C,No,No,No,C,No,No,C,C,No,No,C,C,C,C,C,C,C,C,No,No,C,C,C,C,C,C,C,C,C,No,C,C/D,No,No,C,No,No,C,C,No,C,C,C,C,C,C,No,No,C/D,No,No,No,C,No,No,No,No,No,No,C,No,C,No,C,C,C/D,C,C,C,C,C,C,No,No,C,C,C,C,No,C,C,C,No,No,No,No,No,No,C,C,C,No,No,No,C,C,No,No,No,C,No,C,C,No,No,C,No,No,C,C,C,C,C,C,No,No,C,No,C,C,C,C,No,C,C,No,No,C,C,C,No,C,C,No,C,C,No,No,No,C,C,C,C,C,No,No,No,No,No,No,C,No,No,No,No,C,C,C,No,No,C,No,C,No,C,No,C,C,C,C,No,No,No,No,No,C,C,C,C,C,No,C,C,No,C,No,No,No,No,No,C,No,No,C,No,No,C,No,No,No,No,No,C,No,C,No,No,C,C,C,No,No,C,C/D,C/D,C/D,C/D,No,No,No,No,No,No,No,C/D,C/D,C/D,C,No,C/D,C,C/D,C,C/D,C,C,C,C/D,C,C,C/D,No,C,C,C,No,C,C/D,No,C,No,C,No,C,C,C,C,C,No,C,C,C,C,C,C,No,No,No,No,C,C,No,No,No,C,C,C,No,C/D,C,No,C/D,No,No,C,C,C,C,C,C,No,No,C,C,C,C,C,No,No,No,C,No,No,No,C,C,C,No,C,C,No,No,C,No,C,C,No,C,C,C,C,C,C/D,C/D,C,No,C,No,No,C,No,No,C,No,No,No,C,C,No,No,C,No,No,C,C,No,No,C,C,No,C/D,No,No,C,No,No,No,No,No,C,No,No,No,C,No,C,No,No,No,No,C/D,No,C/D,C/D,C,No,C/D,No,C,C,No,No,No,No,No,No,No,C,C,C,C,No,No,No,No,No,No,No,C/D,No,BL01UK01IT002,UKIT002,559,18.63333333,2020,gb
R_301WdjJswOOWhUW,Male,Left school at 18 with A-Levels or equivalent,Left school at 18 with A-Levels or equivalent,40,60,0,NA,Italian;40;,English;60;,,40,60,0,NA,Italian,NA,10,9,NA,NA,I always (or almost always) speak Italian to my child,English,NA,6,10,NA,NA,I always (or almost always) speak English to my child,Second,NA,2,NA,NA,1,C/D,C/D,C/D,C/D,C/D,No,C,C/D,C/D,C,C/D,C/D,No,C,No,C,C/D,C/D,No,C,C/D,C/D,C,No,C,C/D,No,C/D,C/D,C/D,C/D,No,No,No,No,C/D,No,No,C,C/D,C,C/D,No,No,C,C/D,C/D,C/D,C,C/D,No,C/D,C/D,C/D,C/D,C/D,C/D,No,No,No,C,C,No,C/D,C/D,C/D,C/D,No,C/D,No,C/D,No,No,No,C,C/D,No,No,C,C/D,No,C/D,C/D,C/D,C/D,C/D,C,C,C/D,C/D,No,No,C/D,C,No,C,No,C,C,C,C/D,C,C,No,No,C,C/D,C,C,C,C,C,C,C,C,C/D,No,C,C,C/D,C,No,C,C/D,C/D,No,C/D,C/D,No,C,C/D,C/D,No,No,C,No,C,C,C,C,No,C,C,C,No,No,C/D,C/D,No,C,C/D,No,C,C/D,C/D,No,C,C/D,C/D,C/D,No,C/D,C/D,C,No,C,No,No,C/D,No,No,No,No,C/D,C,No,C,C,C/D,No,C/D,No,C,No,C,C,C,C,No,C/D,No,C,No,C,C,No,C,C,No,C,C,No,C,No,No,No,C,No,No,No,No,C,No,No,C,No,No,C,No,No,C,C,C/D,C/D,C/D,C/D,C,C/D,C,C,No,C/D,C/D,C/D,C/D,No,No,No,No,C/D,C/D,C,C/D,C/D,C/D,C,C/D,C,C/D,C/D,C,C/D,C,C/D,C/D,C/D,C,No,C,C/D,C/D,C/D,C,C/D,C,C,No,C,No,C/D,No,C/D,No,C/D,C/D,C/D,C,C,C,C/D,C,C/D,C/D,C/D,No,No,C/D,C,C,C/D,C,C/D,No,C/D,C,No,C/D,C/D,No,C/D,No,No,No,C,C/D,No,C,C,C,C/D,No,C/D,C,C,C,C,No,C,C,No,No,C,No,C,C,No,No,No,C,No,C,No,C/D,C,No,No,No,No,No,C,C/D,No,No,C,C,C,No,C,C,No,C,No,C,No,No,C,No,No,C,No,No,No,No,C,No,C,C/D,No,C/D,No,C,No,No,No,No,No,C/D,C/D,No,C,C,C,C,C/D,No,No,C/D,No,C/D,No,C,No,C/D,C/D,C/D,No,C,C,No,No,C,No,No,No,C,No,No,No,No,No,C,No,No,C,No,No,C,C,R_301WdjJswOOWhUW,R_301WdjJswOOWhUW,913,30.43333333,2020,gb
R_1OE5J6KWXSCe8RM,Female,University degree or equivalent,Left school at 16 with GCSE or equivalent,20,80,0,NA,Italian;20;,English;80;,,40,60,0,NA,Other(s),French,10,10,8,French,I regularly speak both Italian and English to my child,English,NA,NA,10,NA,NA,I always (or almost always) speak English to my child,First,NA,1,NA,NA,NA,C,C,C,C,No,C/D,C/D,C/D,C/D,C/D,C/D,C/D,No,C,No,No,C,C,No,C,No,No,No,No,C,C,No,No,No,C,C,No,C,No,No,C,No,No,No,C,No,C,No,No,No,No,No,No,No,C,No,No,No,No,No,No,C,C,C,No,No,C,No,C,C,C,C,C,C,No,C,No,No,No,No,No,No,No,No,C,No,No,No,C/D,No,No,No,No,No,No,No,No,C/D,No,No,C,No,No,C,No,No,No,No,No,No,C,No,C,C,C,C,No,C,No,No,No,No,C,No,C,No,No,No,C,No,No,C,C,No,No,No,C,No,No,C,No,C,C,C,C,No,C,No,C,No,No,C,C,No,C,C,No,No,C,C,C,No,C,No,No,No,C,No,No,No,C,C,No,C,No,No,No,No,C,No,C,No,C,No,No,C,No,C,No,No,C,C,C,No,No,No,C,C,No,No,No,No,No,No,No,No,No,No,No,No,No,No,No,No,No,No,No,No,No,C,No,No,No,No,No,C,No,C,No,No,No,No,No,No,No,No,C/D,C/D,C/D,C,No,No,No,No,No,No,No,C,No,C,C,C,C,No,C/D,C,C,C,C,No,C,C,No,No,C,C,No,No,C/D,C,C,No,C,C,C,No,C,C,C,C,C,C,C,C,C,No,C,C,C,No,No,C,C,C,No,C,C,No,C,C,No,C,C,No,C,No,No,No,C,C,C,C,No,No,No,C,C,C,C,C,C,C,No,C,No,C,No,C,No,C,No,C,No,No,No,No,No,C,No,No,No,No,No,No,No,C,No,No,No,C,No,No,No,No,No,No,No,No,No,No,No,No,C,No,No,No,No,No,No,No,C,C,No,C,No,No,No,No,C,C,No,C,No,No,C,No,No,No,No,No,No,No,No,No,No,No,No,No,No,No,No,No,No,C,No,C,No,No,C,C,No,No,No,No,No,C,No,C,C,No,No,No,No,BL01UK01IT003,UKIT003,595,19.83333333,2020,gb
R_wREELGJHucdmN8t,Male,Left school at 18 with A-Levels or equivalent,University degree or equivalent,10,90,0,NA,Italian;10;,English;90;,,40,60,0,NA,Italian,NA,10,9,5,French,I always (or almost always) speak Italian to my child,English,NA,1,10,NA,NA,I always (or almost always) speak English to my child,First,NA,1,13,Always (or almost always) English,1,C/D,C/D,C/D,C/D,C,C/D,C/D,C/D,C/D,C/D,C/D,C/D,No,C,C,C,C,C,No,C,No,C,C,C,No,C,C,C/D,C,C,C,C,C,C,C,C,C,C,C,C,C/D,C,No,C,C,C,C,C/D,C,C/D,No,C,C,C,C,C/D,C,C,C,C,C,C,C,C,C,C,C/D,C,C/D,C,C/D,C,C,No,C,No,C,C,C,C,C,C,C/D,C/D,C/D,C/D,C,C,C/D,C,C/D,C,C/D,C,C,C,C,C,C,C,C,No,C,C,C,C,C,C,C,C,C,C,C,C,C,C,C,C,C,C,No,No,No,C,C,C,C,C,C,C,C,C,C,No,C,No,C,C,C,C,No,C,C,C,No,C,C,C,C,C,C,No,C,C,C,C,C,C,C/D,C,C,C,No,C,C,C/D,C,C,C,C,C,C,C,C,C,No,C,C,C,C,C,C,C,No,C,C,C,C,No,C,C,C,C,C,C,C,C,C,C,C,C,C,C,C,C,No,C,C,C,C,C,C,C,No,C,C,C,C,C,C,C,C,C,C,No,C,C,C,No,C,C,C/D,C/D,C/D,C,C,C,No,No,C,C,No,No,No,C,C,C,C,C,C/D,C,C,C,C,C,C/D,C,C,C,C,C/D,C,C,C,C,C,C,C,C,C,C,C,C,C,C,C,C,C,C,C,C,C,C,C,C,No,C,C,C,C,C,C,C,C,C,C,C,C,C,C,No,C,C,C,C,C,C,C,C,C,C,C,C,C,C,C,No,C,C,C,C,C,C,C,C,C,C,C,C,C,C,C,C,C,C,C,C,C,C,C,C,C,C,C,C,C,C,C,C,C,C,C,C,C,C,C,C,C,C,C,C,C,C/D,C,C,C,C,C,C,No,C,C/D,C,C,C,No,C,No,C,C,C,C,C,C,C,C,C,C,C,C,C,C,C,C,C,C,C,C,C,C,C,C,C,C,C,C,C,C,C,C,C,C,C,C,C,C,C,C,R_wREELGJHucdmN8t,R_wREELGJHucdmN8t,1031,34.36666667,2020,gb
R_xt35l0Hbf7mGyit,Female,University degree or equivalent,University degree or equivalent,40,60,0,NA,Italian;40;,English;60;,,70,30,0,NA,Bilingual Italian and English,NA,10,9,7,German,I always (or almost always) speak Italian to my child,English,NA,7,10,7,German,I regularly speak both Italian and English to my child,First,NA,1,13,Always (or almost always) English,4,C/D,C/D,C/D,C/D,C/D,C/D,C/D,C/D,C/D,C/D,C/D,C/D,C/D,C/D,C/D,C/D,C/D,C/D,C,C/D,C/D,C/D,C/D,C/D,C/D,C/D,C/D,C/D,C/D,C/D,C/D,C/D,C/D,C/D,C/D,C/D,C/D,No,C/D,C/D,C/D,C/D,C,C/D,C/D,C/D,C/D,C/D,C/D,C/D,No,C/D,C/D,C,C,C/D,C/D,C/D,C/D,C/D,C,C/D,C/D,C/D,C/D,C/D,C/D,C/D,C/D,C,C/D,C/D,C/D,C/D,C/D,C/D,C/D,C/D,C/D,C/D,C/D,C/D,C/D,C/D,C/D,C/D,C/D,C/D,C/D,C/D,C/D,C/D,C/D,C/D,C/D,C/D,C/D,C/D,C/D,C/D,C,C/D,C/D,C,C,C/D,C/D,C/D,C/D,C/D,C/D,C/D,C/D,C/D,C,C/D,C,C/D,C/D,C/D,C/D,No,C,C/D,No,C/D,C/D,C/D,C,No,C/D,C/D,C/D,C/D,C/D,C/D,C/D,C/D,C/D,C/D,C,C/D,C/D,C/D,C/D,C,C/D,C,C/D,C/D,C/D,C,C,C/D,C,C/D,C/D,C/D,C/D,C/D,C/D,C/D,C,C/D,C/D,C/D,C/D,C/D,C/D,C/D,C/D,C/D,C/D,No,C/D,C,C/D,C/D,C/D,No,C/D,C/D,C/D,C,C/D,C,C/D,C/D,No,C/D,C/D,C/D,C,C/D,C/D,C,C,C,C,C/D,C/D,C/D,C/D,No,C/D,C,C/D,C,C/D,C,C/D,C/D,No,C/D,C/D,C/D,No,C/D,C/D,No,C/D,C/D,C/D,C/D,No,C/D,C/D,C/D,C/D,C/D,No,C/D,C/D,C/D,C/D,C/D,No,C/D,C/D,C/D,C/D,C/D,C,C,C/D,C/D,C/D,C/D,C/D,C/D,C/D,C/D,C/D,C/D,C/D,C/D,C/D,C/D,C/D,C/D,C/D,C/D,C/D,C/D,C/D,C,C/D,C/D,C,C/D,C/D,C/D,C/D,C/D,C/D,C/D,C/D,C/D,C/D,C/D,C/D,C/D,C/D,C,C,C/D,C/D,C/D,C/D,C,C/D,C/D,No,C/D,C/D,C/D,C/D,C/D,C,C/D,C,C/D,C,C/D,C/D,C/D,C/D,C/D,C,C/D,C,C/D,C/D,C/D,C/D,C/D,C,C/D,C/D,No,C,C,C/D,C/D,C/D,No,C,C/D,C,C/D,C/D,C,C/D,C/D,C/D,C/D,C/D,C,C/D,C/D,C/D,C/D,C/D,C/D,C/D,C/D,C/D,C/D,C,C/D,C/D,No,C/D,C/D,C/D,C/D,C/D,C/D,C/D,C/D,C,C/D,C/D,No,C,C/D,C/D,C/D,C/D,C/D,C/D,C/D,C/D,C/D,C/D,C/D,C/D,C/D,C/D,C/D,C/D,C/D,C/D,C/D,C/D,C/D,C/D,C,C/D,C/D,C,C,C/D,C/D,C/D,C/D,C/D,C/D,C/D,C/D,C/D,C/D,C/D,C/D,C/D,C/D,C/D,C/D,C/D,C/D,C/D,C/D,C/D,C/D,C,No,C/D,C/D,R_xt35l0Hbf7mGyit,R_xt35l0Hbf7mGyit,977,32.56666667,2020,gb
R_1eFckQMiASbp1Wo,Male,University degree or equivalent,Left school at 18 with A-Levels or equivalent,60,40,0,NA,Italian;60;,English;40;,,100,0,0,NA,Italian,NA,10,7,4,French,I always (or almost always) speak Italian to my child,Italian,NA,8,4,NA,NA,I always (or almost always) speak Italian to my child,First,NA,1,2,Always (or almost always) English,13,C/D,C/D,C/D,C/D,C/D,C/D,C/D,C/D,C/D,C/D,C/D,C/D,C/D,C/D,C/D,C/D,C/D,C/D,C/D,C/D,C/D,C/D,C/D,C/D,C/D,C/D,C/D,C/D,C/D,C/D,C,C/D,C/D,C/D,C/D,C/D,C/D,C,C/D,C/D,C/D,C/D,C/D,C/D,C/D,C/D,C/D,C/D,C/D,C/D,No,C/D,No,C/D,C/D,C/D,C/D,C/D,C/D,C/D,C/D,C/D,C/D,No,C/D,C/D,C/D,C/D,C/D,C,C/D,C/D,C/D,C/D,C/D,C,C/D,C/D,C/D,C/D,C/D,C/D,C/D,C/D,C/D,C/D,C/D,C/D,C/D,C/D,C/D,C/D,C/D,C/D,C/D,C/D,C/D,C/D,C/D,C/D,C,C/D,C/D,C/D,C/D,C/D,C/D,C/D,C/D,C/D,C/D,C/D,C/D,C/D,C/D,C,C/D,C/D,C/D,C/D,C,C/D,C/D,C/D,C/D,C/D,C/D,C/D,C/D,C/D,C/D,C/D,C/D,C/D,C/D,No,C/D,C/D,C/D,C/D,C,C/D,C/D,C/D,C/D,C/D,C/D,C/D,C,C/D,C/D,C,C/D,C/D,C/D,C/D,C/D,C/D,C/D,C/D,C/D,C/D,No,C/D,C/D,C/D,C/D,C/D,C/D,C/D,C/D,C/D,C/D,C/D,C/D,C/D,C/D,C/D,C/D,C/D,C/D,C/D,C/D,C,C/D,C/D,C/D,C/D,C,C/D,C/D,C/D,C,C/D,C/D,C/D,C/D,C/D,C/D,C/D,C/D,C/D,C/D,C/D,C/D,C,C/D,C/D,C/D,C/D,C/D,C/D,C,C,C/D,C/D,C,C/D,C/D,C/D,C/D,C/D,C/D,C/D,C/D,C/D,C/D,C/D,C/D,C/D,C/D,C/D,C/D,C/D,C/D,C/D,C,C,C,C/D,C/D,C/D,C/D,C/D,C/D,C/D,C/D,C/D,C/D,C/D,C/D,C/D,C/D,C/D,C/D,C/D,C/D,C/D,C/D,C/D,C/D,C/D,C/D,C/D,C/D,C/D,C,C/D,C/D,C/D,C/D,C/D,C/D,C/D,C/D,C/D,C/D,C/D,C/D,C/D,C/D,C/D,C/D,C/D,C/D,C/D,C/D,C/D,C/D,C/D,C/D,C/D,C/D,C/D,C/D,C/D,C/D,C/D,No,C/D,C/D,C/D,C/D,C/D,C/D,C/D,C/D,C/D,C,C/D,C/D,No,C/D,C/D,C/D,C/D,C/D,C/D,C/D,C/D,No,C/D,C/D,C/D,C/D,C/D,C/D,C/D,C/D,C/D,C/D,C/D,C/D,C/D,C/D,C/D,C/D,C,C,C/D,C/D,C/D,C/D,C/D,C/D,C/D,C/D,C/D,C,C/D,C/D,C,C/D,C/D,C/D,C/D,C/D,C/D,C/D,C/D,C,C/D,C/D,C/D,C/D,C/D,C/D,C/D,C/D,C/D,C/D,C/D,C/D,C/D,C/D,C/D,C/D,C/D,C/D,C/D,C/D,C/D,C/D,C/D,C/D,C/D,C/D,C/D,C/D,C/D,C/D,C/D,C/D,C/D,C/D,C/D,C/D,C/D,C/D,C/D,C/D,C/D,C/D,C/D,C/D,C/D,C/D,C/D,C/D,C/D,C/D,C/D,C/D,C/D,C/D,C/D,C/D,C/D,R_1eFckQMiASbp1Wo,R_1eFckQMiASbp1Wo,1196,39.86666667,2020,gb
R_3NU2KIjVuBNPNtp,Male,University degree or equivalent,University degree or equivalent,50,49,1,Spanish,Italian;50;,English;49;,Spanish;1;,99,1,0,NA,Other(s),bilingual Italian and Spanish,10,7,10,Spanish,I always (or almost always) speak Italian to my child,Italian,NA,10,9,7,French,I always (or almost always) speak Italian to my child,First,NA,1,17,Always (or almost always) English,4,C/D,C/D,C/D,C/D,C/D,C/D,C/D,C/D,C/D,C/D,C/D,C/D,C/D,C/D,C/D,C/D,C/D,C/D,C/D,C/D,C/D,C/D,C/D,C/D,C/D,C/D,C/D,C/D,C/D,C/D,C/D,C/D,C/D,C/D,C/D,C/D,C/D,C/D,C/D,C/D,C/D,C/D,No,C/D,C/D,C/D,C/D,C/D,C/D,C/D,No,C/D,C/D,C/D,C/D,C/D,C/D,C/D,C/D,C/D,C/D,C/D,C/D,C/D,C/D,C/D,C/D,C/D,C/D,C/D,C/D,C/D,C/D,C/D,C/D,C/D,C/D,C/D,C/D,C/D,C/D,C/D,C/D,C/D,C/D,C/D,C/D,C/D,C/D,C/D,C/D,C/D,C/D,C/D,C/D,C/D,C/D,C/D,C/D,C/D,C/D,C/D,C/D,C/D,C/D,C/D,C/D,C/D,C/D,C/D,C/D,C/D,C/D,C/D,C/D,C/D,C/D,C/D,C/D,C/D,C/D,C/D,C/D,C/D,C/D,C/D,C/D,C/D,C/D,C/D,C/D,C/D,C/D,C/D,C/D,No,C/D,C/D,C/D,C/D,C/D,C/D,C/D,C/D,C/D,C/D,C/D,C/D,C/D,C/D,C/D,No,C/D,C/D,C/D,C/D,C/D,C/D,C/D,C/D,C/D,C/D,C/D,C/D,C/D,C/D,C/D,C/D,C/D,C/D,C/D,C/D,C/D,C/D,C/D,C/D,C/D,C/D,C/D,C/D,C/D,C/D,C/D,C/D,C/D,C/D,C/D,C/D,C/D,C/D,C/D,C/D,C/D,C/D,C/D,C/D,C/D,C/D,C/D,C/D,C/D,C/D,C/D,C/D,C/D,C/D,C/D,C/D,C/D,C/D,C/D,C/D,C/D,C/D,C/D,C/D,C/D,C/D,C/D,C/D,C/D,C/D,C/D,C/D,No,C/D,C/D,C/D,C/D,C/D,C/D,C/D,C/D,C/D,C/D,C/D,C/D,C/D,C/D,C/D,C/D,C/D,C/D,C/D,C/D,C/D,C/D,C/D,C/D,C/D,C/D,C/D,C/D,C/D,C/D,C/D,C/D,C/D,C/D,C/D,C/D,C/D,C/D,C/D,C/D,C/D,C/D,C/D,C/D,C/D,C/D,C/D,C/D,C/D,C/D,C/D,C/D,C/D,C/D,C/D,C/D,C/D,C/D,C/D,C/D,C/D,C/D,C/D,C/D,C/D,C/D,C/D,C/D,C/D,C/D,C/D,C/D,C/D,C/D,C/D,C/D,C/D,C/D,C/D,C/D,C/D,C/D,C/D,C/D,C/D,C/D,C/D,C/D,C/D,C/D,C/D,C/D,C/D,C/D,C/D,C/D,C/D,C/D,C/D,C/D,C/D,C/D,C/D,C/D,C/D,C/D,C/D,C/D,C/D,C/D,C/D,C/D,C/D,C/D,C/D,C/D,C/D,C/D,C/D,C/D,C/D,C/D,C/D,C/D,C/D,C/D,C/D,C/D,C/D,C/D,C/D,C/D,C/D,C/D,C/D,No,C/D,C/D,C/D,C/D,C/D,C/D,C/D,C/D,C/D,C/D,C/D,C/D,C/D,C/D,C/D,C/D,C/D,C/D,C/D,C/D,C/D,C/D,C/D,C/D,C/D,C/D,C/D,C/D,C/D,C/D,C/D,C/D,C/D,C/D,C/D,C/D,C/D,C/D,C/D,C/D,C/D,C/D,C/D,C/D,C/D,C/D,C/D,C/D,C/D,C/D,C/D,C/D,C/D,C/D,C/D,C/D,C/D,R_3NU2KIjVuBNPNtp,R_3NU2KIjVuBNPNtp,1089,36.3,2020,gb
R_2ePRGyVGKHX15w6,Female,University degree or equivalent,University degree or equivalent,25,75,0,NA,Italian;25;,English;75;,,40,60,0,NA,Italian,NA,10,9,NA,NA,I always (or almost always) speak Italian to my child,English,NA,3,10,NA,NA,I always (or almost always) speak English to my child,First,NA,1,10,Always (or almost always) English,NA,No,No,No,No,No,No,No,C,No,No,No,No,No,No,No,No,No,No,No,No,No,No,No,No,No,C,No,No,No,No,No,No,No,No,No,C,No,No,No,No,No,No,No,No,No,No,No,No,No,No,No,No,No,No,No,C,No,No,No,C,C,C,No,No,No,No,C,No,C,No,C,No,No,No,No,No,No,C,C,No,No,C,C,C,C,No,No,No,No,No,No,No,No,No,No,No,No,C,C,C,No,No,No,No,No,No,C,C,No,No,No,No,C,No,C,No,No,C,No,No,C,No,No,No,No,No,No,C,No,C,C,C,No,C,No,No,No,No,No,No,No,No,No,No,No,No,C,No,No,No,No,No,C,No,No,No,No,C,No,C,No,No,No,No,No,No,No,No,No,No,No,No,No,No,C,No,No,No,No,No,C,No,No,No,C,C,No,No,No,No,No,No,No,No,C,No,C,No,No,No,No,No,C,No,No,No,No,No,No,No,No,No,No,No,C,No,No,No,No,No,C,No,No,No,No,No,No,No,No,No,No,C/D,C,C,C,No,No,No,No,No,No,No,No,C,No,C,C,C,C,C,C,C,C,C,No,C,No,C,C,No,No,C,No,No,No,No,No,No,C,No,No,No,No,No,C,No,No,No,No,C,No,No,No,No,No,No,No,C,C,No,C,No,No,C,C,No,C,No,No,No,No,No,No,C,No,C,C,No,No,No,C,No,No,No,No,C,No,No,No,No,No,No,C,No,C,No,C,No,No,No,No,No,C,No,No,No,No,No,No,No,No,No,No,No,C,No,No,No,No,No,No,No,No,No,No,No,No,No,No,No,No,No,No,No,No,No,No,No,C,No,No,No,No,No,No,No,No,No,No,No,No,No,No,No,No,No,No,No,No,No,No,No,No,No,No,No,No,No,No,No,No,No,No,No,No,No,No,No,No,No,No,No,No,No,No,No,No,No,BL01UK01IT004,UKIT004,377,12.56666667,2020,gb
R_2SAlO0arRHPs9sf,Female,University degree or equivalent,University degree or equivalent,70,30,0,NA,Italian;70;,English;30;,,100,0,0,NA,Italian,NA,10,6,7,Spanish,I always (or almost always) speak Italian to my child,Italian,NA,10,10,NA,NA,I regularly speak a mix of Italian / English / other languages to my child,First,NA,1,12,Always (or almost always) English,0,C/D,C/D,C,C/D,C/D,C,C/D,C/D,C/D,C/D,C/D,C/D,No,No,C/D,No,C,C,No,No,No,C,C/D,C,No,C,C,No,C,C,C,No,No,No,No,C,No,No,No,C/D,No,No,No,No,C,C,No,C,No,No,No,C,C/D,C,C,C,C,No,No,No,No,C,No,C,No,No,C/D,No,C/D,No,No,No,C,No,No,No,No,C,C,C/D,No,C,C/D,C/D,No,No,No,No,C,No,No,C/D,No,No,C/D,No,No,No,C,No,No,No,No,No,No,C,C,C,No,No,No,No,No,C,No,No,No,No,No,C,No,No,No,No,No,No,C/D,C,No,No,C,No,No,No,C,C,No,No,C,C,No,No,C,No,No,No,C,No,No,No,C,No,No,No,No,No,C,C/D,No,No,No,C,C,C,No,No,No,No,C/D,No,No,No,No,No,No,C,No,No,C,No,C,No,C,C,No,C,No,No,No,No,No,No,No,No,No,No,No,No,No,No,No,No,No,No,No,No,C,No,No,No,No,No,No,No,No,No,No,No,No,No,No,No,No,No,No,No,No,No,No,No,No,C/D,C/D,C/D,C/D,No,No,No,No,No,No,No,No,No,No,No,No,No,No,C/D,No,No,C,C,No,C/D,C,No,No,No,C/D,C,No,C/D,No,No,No,No,No,No,No,No,No,C,C,C,C,No,No,C,No,No,No,C,No,No,C/D,No,No,No,No,C,No,C,No,No,No,C,No,No,No,No,No,C,C,C,No,No,No,C,No,No,No,C,C,C,C,No,C,No,No,No,C,No,C,No,No,No,No,No,No,No,C,No,No,No,No,No,No,No,No,No,No,No,No,No,No,No,No,No,No,No,No,No,No,No,No,No,No,No,No,No,No,No,No,No,No,No,No,No,No,No,No,C,C,No,C,No,No,C/D,No,No,No,No,No,No,No,No,No,No,No,No,No,No,No,No,No,No,No,No,No,C,C,No,C,No,C,C,No,C/D,C,No,C/D,C,No,No,No,C,BL01UK01IT005,UKIT005,634,21.13333333,2020,gb
R_3xQeVejSAqznAzL,Female,University degree or equivalent,University degree or equivalent,33,66,1,Nepalese ,Italian;33;,English;66;,Nepalese;1;,40,59,1,Nepalese ,Italian,NA,10,8,1,Nepalese ,I regularly speak both Italian and English to my child,Other(s),Nepalese ,1,7,8,Nepalese ,I always (or almost always) speak English to my child,First,NA,1,12,Always (or almost always) English,2,No,No,C,No,No,No,C/D,No,C/D,No,No,No,No,No,No,No,C,No,No,No,No,No,No,No,C,C,No,No,No,No,C/D,No,No,No,No,No,No,No,No,No,No,No,No,No,No,No,C,No,No,No,No,No,No,No,No,C,No,No,No,No,No,C,No,C,No,No,C,No,C/D,No,No,No,No,No,No,No,No,No,No,No,No,No,No,C,No,No,No,No,No,No,No,No,No,No,No,No,No,No,No,No,No,No,No,No,No,No,No,No,No,No,No,No,No,No,No,C,No,No,No,No,No,No,No,C,No,No,No,C,No,C,No,C,No,No,C,No,No,No,No,No,No,No,No,No,No,No,No,No,No,No,No,No,No,No,C/D,No,No,C,No,C,No,C,No,No,No,No,No,No,No,No,No,No,No,No,No,No,No,No,No,No,No,No,No,No,No,No,No,No,No,No,No,No,C/D,No,No,No,No,No,No,No,No,No,No,No,No,No,No,No,No,No,No,No,No,No,No,No,No,No,No,No,No,No,No,No,No,No,C,No,No,No,No,C/D,C/D,C/D,C/D,No,No,No,No,No,No,No,No,No,No,No,C,No,C,C,No,C,C,C,C,C/D,C,No,C,No,No,No,No,C,No,No,No,No,No,C,No,No,No,C,No,No,No,No,No,No,No,No,C,No,No,No,No,C,No,No,No,C,No,No,No,No,No,No,No,No,No,No,C,No,No,C,No,No,No,No,No,No,No,C,No,No,No,No,No,No,No,No,C,No,No,No,No,No,No,No,No,No,No,No,No,No,No,No,No,No,No,No,No,No,C/D,No,No,No,No,No,No,No,No,No,No,No,No,No,No,No,No,No,No,No,No,No,No,No,C,No,No,No,No,No,No,No,C,No,No,No,No,No,No,No,No,No,C,No,No,No,No,No,No,No,No,No,No,No,No,No,No,No,No,No,C,No,No,No,No,No,No,No,No,No,No,No,No,No,BL01UK01IT006,UKIT006,603,20.1,2020,gb
R_xFnkqeNEtGFwzuh,Male,University degree or equivalent,University degree or equivalent,50,50,0,NA,Italian;50;,English;50;,,50,50,0,NA,Italian,NA,10,8,NA,NA,I always (or almost always) speak Italian to my child,Italian,NA,10,8,NA,NA,I regularly speak both Italian and English to my child,First,NA,1,15,Always (or almost always) English,7,C,C,C,C,C,C,C,C,C,C,C/D,C,No,C,No,No,C,C,No,C,No,C,C,No,C,C,C,C,C,C,C,No,C,No,C,C,No,C,C,C,No,C,No,C,C,No,C,C,C,No,No,C,C,No,C,C,C,No,C,No,No,C,No,C,C,No,C,C,C,No,C,No,No,No,C,C,No,C,C,C,No,C,C,C,C,C,C,C,C,No,C,No,C,No,C,C,No,C,C,C,No,C,C,No,C,No,C,C,C,No,C,No,C,C,No,C,No,C,No,C,No,No,No,C,No,C,C,C,No,C,C,No,C,No,C,No,No,No,C,C,No,C,C,No,No,C,C,C,No,C,C,No,No,C,C,No,No,C,No,C,C,C,No,C,No,C,C,No,No,No,No,No,No,No,C,No,No,C,No,No,C,No,C,No,No,No,C,C,No,No,C,C,C,C,C,No,No,No,No,No,C,C,No,No,No,No,No,No,No,No,No,C,No,No,C,C,No,No,No,No,C,No,C,No,No,C,C,No,No,No,No,C,C,C,C,No,No,No,No,No,No,No,No,No,C,C,C,C,No,C,No,C,C,C/D,C,C/D,C,No,No,C,C/D,No,No,C,C,No,No,No,C,C,C,C,No,C,C,C,C,C,C,C,No,C,C,C,No,No,C,C,C,No,No,C,No,C,No,No,C,C,No,C,No,No,No,C,C,C,No,No,No,No,No,C,C,C,C,C,No,No,C,No,No,No,C,C,C,No,No,No,No,No,C,No,C,C,C,No,No,No,No,C,C,C,No,No,C,C,C,No,No,No,No,No,C,No,No,C,No,No,C,No,No,C,No,C,No,C,C,No,No,No,No,No,No,C,No,No,No,No,No,No,No,No,No,No,No,No,C,C,No,No,No,No,No,No,No,No,No,No,No,No,C,C,C,No,No,No,C,C,C,No,No,No,C/D,No,No,No,No,No,BL01UK01IT007,UKIT007,697,23.23333333,2020,gb
R_25LcKaE8NuKCzdb,Female,University degree or equivalent,University degree or equivalent,50,50,0,NA,Italian;50;,English;50;,,100,0,0,NA,Italian,NA,10,9,NA,NA,I always (or almost always) speak Italian to my child,Italian,NA,10,9,NA,NA,I always (or almost always) speak Italian to my child,First,NA,1,10,Always (or almost always) English,6,C,C/D,C/D,C/D,C/D,C/D,C/D,C/D,C/D,C/D,C/D,C/D,C,C/D,C/D,C,C/D,C/D,C/D,C,No,C/D,C/D,C/D,C,No,C/D,C/D,C/D,C/D,C/D,C,C/D,C/D,C,C/D,C/D,No,C,C/D,C,C/D,C,C/D,C/D,C/D,C,C/D,C/D,C/D,No,C/D,C/D,C/D,C/D,C/D,C/D,C/D,C/D,C,C/D,C/D,C/D,C/D,C/D,C/D,C/D,C/D,C/D,C/D,C/D,C/D,C/D,C/D,C/D,C/D,No,C/D,C/D,C/D,C/D,C/D,C/D,C/D,C/D,No,C/D,C/D,C/D,C/D,C/D,No,C/D,C/D,C/D,C/D,C/D,C/D,C/D,C/D,C/D,C/D,C/D,C/D,C/D,C/D,C/D,C/D,C/D,C/D,C/D,C/D,C/D,C/D,C/D,C/D,C,C/D,C,C/D,C/D,C/D,C/D,C/D,C/D,C/D,C/D,C/D,C/D,C/D,C/D,C/D,C/D,C/D,C/D,No,C/D,C/D,C/D,C/D,C/D,C/D,C/D,C/D,No,C/D,C/D,C/D,C/D,C/D,C/D,No,C/D,C/D,No,C/D,No,C/D,C/D,C/D,C,C/D,No,C/D,C/D,C/D,C/D,C/D,C/D,C/D,C/D,C/D,C,C/D,C/D,C/D,C/D,C/D,C/D,C/D,C/D,C/D,C/D,No,C/D,C/D,C/D,C/D,No,C/D,C/D,C/D,C/D,C/D,C/D,C/D,C/D,C/D,C/D,C/D,C/D,C/D,C/D,C,C/D,No,C/D,C/D,C/D,C/D,C/D,C/D,C/D,No,C/D,C/D,C,C,C,C/D,C/D,C/D,C/D,C/D,No,C/D,No,C/D,C,No,C/D,C/D,C/D,C/D,C/D,C,C,C,C,C,C,C,C,C,C/D,C,C/D,C/D,C,C/D,C/D,C/D,C/D,C/D,C/D,C/D,C/D,No,C/D,C/D,C/D,C/D,C,C/D,C/D,C/D,C/D,C/D,No,C/D,C/D,C/D,C,C/D,C/D,C/D,C/D,C/D,C/D,C/D,C,C/D,C/D,C,No,C,C/D,C/D,C/D,C,C/D,C/D,C/D,C/D,C/D,C,C/D,C/D,C,C/D,C/D,C,C,C/D,C/D,C/D,C/D,No,C,No,C/D,No,C/D,C/D,C/D,C/D,C,C/D,C/D,No,C,C,C/D,No,C/D,C/D,C/D,C,C/D,C/D,C/D,C,C/D,C/D,C/D,C/D,C/D,C/D,C/D,C/D,C/D,C/D,C/D,C/D,C/D,C/D,C/D,C/D,C,C,C/D,C/D,C/D,No,C/D,C/D,C/D,C/D,C/D,C/D,C,C/D,C/D,C/D,C/D,C/D,C/D,C/D,C/D,C,C,C/D,C,C/D,C,C,C/D,C,C/D,C/D,C/D,C/D,C/D,C/D,C/D,C/D,C/D,C/D,C/D,C,C,C,C/D,C/D,C/D,C/D,C,C/D,C/D,C,C/D,C/D,C/D,C/D,C/D,C/D,C/D,C/D,C/D,C/D,C,C/D,C/D,C,C,C,C/D,C/D,R_25LcKaE8NuKCzdb,R_25LcKaE8NuKCzdb,801,26.7,2020,gb
R_2a9N1UQgthJ1DM7,Female,University degree or equivalent,University degree or equivalent,70,30,0,NA,Italian;70;,English;30;,,80,20,0,NA,Bilingual Italian and English,NA,10,10,NA,NA,I regularly speak both Italian and English to my child,Italian,NA,10,7,NA,NA,I always (or almost always) speak Italian to my child,First,NA,1,NA,NA,1,No,No,No,No,No,No,No,No,No,No,No,No,No,No,C,No,C,No,No,No,No,C,No,No,C,C,C,C,C,C,C,C,No,No,No,No,No,No,No,No,C,C,No,No,No,No,No,No,No,No,No,No,No,No,No,No,No,No,C,No,No,C,No,C,No,No,C,No,C,No,C/D,No,No,No,No,No,No,No,No,No,No,No,No,No,No,No,No,No,No,No,No,No,C,No,No,No,No,No,No,No,No,No,No,No,No,No,C,No,No,No,No,No,C,No,No,No,No,C,No,C,No,No,No,No,No,No,No,C,No,No,No,No,No,No,No,No,No,No,No,No,No,No,No,No,No,No,No,No,No,No,No,No,No,No,No,C,No,C,No,No,C,No,No,No,No,No,C,No,No,No,No,No,No,C,No,No,No,No,No,No,No,No,No,No,C,C,No,No,No,No,No,No,C,No,No,No,No,No,No,No,No,No,No,No,No,No,No,No,No,No,No,No,No,No,No,No,No,No,No,No,C,No,No,No,No,No,No,No,No,No,No,C,No,No,C,No,No,No,No,No,No,No,No,No,No,No,C/D,C,No,C,C,No,C,No,No,No,No,No,No,No,No,No,No,No,No,No,No,No,No,C,No,No,No,C,No,C,No,No,No,No,No,No,C,No,No,No,No,No,No,No,No,No,No,No,No,No,No,No,No,No,No,No,No,No,No,No,No,No,No,No,No,No,No,No,No,No,No,No,No,No,No,No,No,No,No,No,No,C,No,No,No,No,No,No,No,No,No,No,No,No,No,No,No,No,No,No,No,No,No,No,No,No,No,No,No,No,No,No,No,No,No,No,No,No,No,No,C,No,No,No,No,No,No,No,No,No,No,No,No,No,No,No,No,No,No,No,No,No,No,No,No,No,No,No,No,No,No,No,No,No,No,No,No,No,No,No,No,No,No,No,No,No,No,No,No,No,No,No,BL01UK01IT008,UKIT008,553,18.43333333,2020,gb
R_2dABilg34fd5HII,Female,University degree or equivalent,University degree or equivalent,40,60,0,NA,Italian;40;,English;60;,,85,15,0,NA,Italian,NA,10,9,5,French ,I regularly speak both Italian and English to my child,Italian,NA,10,8,NA,NA,I always (or almost always) speak Italian to my child,Second,NA,2,13,Always (or almost always) English,7,C/D,C/D,C/D,C/D,C/D,C/D,C/D,C/D,C/D,C/D,C/D,No,C,C/D,C,C,C/D,C/D,C/D,C,C,C/D,C/D,C/D,C,C/D,C/D,C/D,C/D,No,C/D,C/D,C/D,C/D,C/D,C,C,C/D,C/D,C/D,C/D,No,C,C,C/D,C/D,C,C/D,C,C,No,No,C/D,C/D,C/D,C,C/D,C,C,C/D,C,C/D,C,C/D,C,C/D,C/D,C/D,C/D,C,C/D,C/D,C/D,C/D,C/D,C/D,C/D,C,C/D,C/D,C,C/D,C/D,C/D,C/D,C,C/D,C,C/D,C/D,C/D,C/D,C/D,C/D,C/D,C/D,C,C,C/D,C/D,C,C/D,C/D,C,C,C/D,C/D,C/D,C/D,C,C,C/D,C/D,C/D,C,No,No,C,C,C,C/D,C,C,C,C/D,C,C,C,C,C/D,C/D,C/D,C,C/D,C/D,C/D,C/D,C,C/D,C,C/D,C/D,C,C,No,C,No,C/D,No,C/D,C/D,C,C,C/D,C/D,C/D,C,C/D,C/D,C/D,C,C/D,No,C/D,C/D,C,C,C/D,C/D,C/D,C,C/D,C,C/D,C/D,C/D,C/D,C/D,C/D,C,C/D,C/D,C/D,C/D,No,C,C,C,No,C,C,C,No,C,C,C/D,C,C,C,C,C,C,C/D,No,C,No,C,C,C/D,C,C/D,C/D,C,C/D,C/D,C/D,C,C,C/D,C,C,C/D,C/D,C/D,C,C,C/D,C,C/D,C,C,C/D,C/D,C/D,C/D,C,C,C,C,C,C,C/D,C/D,C/D,C/D,No,C/D,C/D,C/D,C/D,C,No,C/D,C/D,C,C/D,C/D,C,C/D,C/D,C/D,C,C/D,C/D,C,C,C,C/D,No,C,C,C,C,C,C,C/D,C,C/D,C,C/D,C/D,C/D,C/D,C,C,C,C/D,C/D,C/D,C/D,C/D,C/D,C,C/D,C/D,C,C/D,C/D,C,C/D,C,C,C,C/D,C/D,C/D,C/D,C,C,C/D,C/D,No,C/D,C/D,C/D,C/D,C,C,C,C,C,C,C,C/D,C,No,No,No,C/D,C,C,C,C/D,C/D,C,C,C,C,No,C,C/D,C/D,C/D,C/D,C/D,C/D,C,C/D,No,C/D,C/D,No,C/D,C,C/D,C/D,C,C,C/D,C/D,No,C/D,C/D,C/D,C,C/D,C/D,C/D,C/D,C/D,C/D,C/D,C/D,C/D,C/D,C/D,C/D,C/D,C/D,C/D,C/D,C/D,C/D,C/D,C/D,C/D,C/D,C/D,C/D,C/D,C/D,C/D,C/D,C/D,C/D,C/D,C/D,C/D,C/D,C/D,C/D,C/D,C/D,C/D,C/D,C/D,C/D,C/D,C/D,No,C/D,C/D,C/D,C/D,C/D,C/D,C/D,C/D,R_2dABilg34fd5HII,R_2dABilg34fd5HII,1014,33.8,2020,gb
R_3lFxuIUizmtTanD,Female,University degree or equivalent,University degree or equivalent,60,40,0,NA,Italian;60;,English;40;,,90,10,0,NA,Italian,NA,10,8,NA,NA,I always (or almost always) speak Italian to my child,Italian,NA,10,9,NA,NA,I always (or almost always) speak Italian to my child,First,NA,1,7,Always (or almost always) English,18,C/D,C/D,C/D,C/D,C/D,C/D,C/D,C/D,C/D,C/D,C/D,C/D,C/D,C/D,C/D,C/D,C/D,C/D,C/D,C/D,C/D,C/D,C/D,C/D,C/D,C/D,C/D,C/D,C/D,C/D,C/D,C/D,C/D,C/D,C/D,C/D,C/D,C/D,C/D,C/D,C/D,C/D,C/D,C/D,C/D,C/D,C/D,C/D,C/D,C/D,C/D,C/D,C/D,C/D,C/D,C/D,C/D,C/D,C/D,C/D,C/D,C/D,C/D,C/D,C/D,C/D,C/D,C/D,C/D,C/D,C/D,C/D,C/D,C/D,C/D,C/D,C/D,C/D,C/D,C/D,C/D,C/D,C/D,C/D,C/D,C/D,C/D,C/D,C/D,C/D,C/D,C/D,C/D,C/D,C/D,C/D,C/D,C/D,C/D,C/D,C/D,C/D,C/D,C/D,C/D,C/D,C/D,C/D,C/D,C/D,C/D,C/D,C/D,C/D,C/D,C/D,C/D,C/D,C/D,C/D,C/D,C/D,C/D,C/D,C/D,C/D,C/D,C/D,C/D,C/D,C/D,C/D,C/D,C/D,C/D,C/D,C/D,C/D,C/D,C/D,C/D,C/D,C/D,C/D,C/D,C/D,C/D,C/D,C/D,C/D,C/D,C/D,C/D,C/D,C/D,C/D,C/D,C/D,C/D,C/D,C/D,C/D,C/D,C/D,C/D,C/D,C/D,C/D,C/D,C/D,C/D,C/D,C/D,C/D,C/D,C/D,C/D,C/D,C/D,C/D,C/D,C/D,C/D,C/D,C/D,C/D,C/D,C/D,C/D,C/D,C/D,C/D,C/D,C/D,C/D,C/D,C/D,C/D,C/D,C/D,C/D,C/D,C/D,C/D,C/D,C/D,C/D,C/D,C/D,C/D,C/D,C/D,C/D,C/D,C/D,C/D,C/D,C/D,C/D,C/D,C/D,C/D,C/D,C/D,C/D,C/D,C/D,C/D,C/D,C/D,C/D,C/D,C/D,C/D,C/D,C/D,C/D,C/D,C/D,C/D,C/D,C/D,C/D,C/D,C/D,C/D,C/D,C/D,C/D,C/D,C/D,C/D,C/D,C/D,C/D,C/D,C/D,C/D,C/D,C/D,C/D,C/D,C/D,C/D,C/D,C/D,C/D,C/D,C/D,C/D,C/D,C/D,C/D,C/D,C/D,C/D,C/D,C/D,C/D,C/D,C/D,C/D,C/D,C/D,C/D,C/D,C/D,C/D,C/D,C/D,C/D,C/D,C/D,C/D,C/D,C/D,C/D,C/D,C/D,C/D,C/D,C/D,C/D,C/D,C/D,C/D,C/D,C/D,C/D,C/D,C/D,C/D,C/D,C/D,C/D,C/D,C/D,C/D,C/D,C/D,C/D,C/D,C/D,C/D,C/D,C/D,C/D,C/D,C/D,C/D,C/D,C/D,C/D,C/D,C/D,C/D,C/D,C/D,C/D,C/D,C/D,C/D,C/D,C/D,C/D,C/D,C/D,C/D,C/D,C/D,C/D,C/D,C/D,C/D,C/D,C/D,C/D,C/D,C/D,C/D,C/D,C/D,C/D,C/D,C/D,C/D,C/D,C/D,C/D,C/D,C/D,C/D,C/D,C/D,C/D,C/D,C/D,C/D,C/D,C/D,C/D,C/D,C/D,C/D,C/D,C/D,C/D,C/D,C/D,C/D,C/D,C/D,C/D,C/D,C/D,C/D,C/D,C/D,C/D,C/D,C/D,C/D,C/D,C/D,C/D,C/D,C/D,C/D,C/D,C/D,C/D,C/D,C/D,C/D,C/D,C/D,C/D,C/D,R_3lFxuIUizmtTanD,R_3lFxuIUizmtTanD,1912,63.73333333,2020,gb
R_VR4E7uM4qjBA38B,Female,University degree or equivalent,University degree or equivalent,50,50,0,NA,Italian;50;,English;50;,,100,0,0,NA,Italian,NA,10,8,6,German,I always (or almost always) speak Italian to my child,Italian,NA,10,7,5,French,I always (or almost always) speak Italian to my child,Second,NA,2,8,Always (or almost always) English,4,C,C,No,C,No,C,C,C,C,C/D,C/D,C/D,No,No,No,No,No,No,No,No,No,No,No,No,No,C/D,No,No,No,No,No,No,No,No,No,No,No,No,No,No,No,No,No,No,No,No,No,No,No,No,No,No,No,No,No,C,No,C,No,No,No,C,No,C,C,C,C/D,C,C/D,No,C/D,No,No,No,C/D,No,No,No,No,C/D,No,C,No,C/D,C,No,C,C,C,No,No,No,No,No,No,C,No,C,No,C,No,No,No,No,No,No,C,C,C,No,No,C,C,No,No,C,No,C,No,C,C/D,C,No,No,No,No,C,C,No,C,C,C/D,No,No,C,No,C,C,C,C,C,No,No,No,No,No,C,No,No,C,No,No,C,No,No,C,No,C/D,No,C,No,No,No,No,No,No,No,No,No,No,No,No,No,No,No,No,No,No,No,No,No,No,No,No,C,No,C,C,C,C,C,No,No,C,C,C,C,C,C,C,C,C,No,No,No,No,No,No,No,C,C,C,No,No,C,C,No,C,No,C,C,No,C,No,No,No,No,No,No,No,No,C/D,C/D,C,C/D,No,No,No,No,No,No,No,No,No,No,C/D,C,No,C,C/D,No,C/D,C,C/D,C,C/D,No,No,C,C,C,No,No,C/D,No,No,No,No,No,C,No,C,No,C,C,C,No,No,No,No,No,C,C,No,No,No,No,C,C,No,No,C,No,C,No,No,No,C,No,No,No,No,No,C,No,C,No,C,No,C,No,No,No,C,C,C,No,No,No,No,No,No,C,No,C,No,No,No,C,C,C,No,No,No,No,C,No,C,C,C,No,No,No,No,No,C,No,No,No,No,No,No,No,No,No,No,No,No,No,No,No,No,No,No,No,C,C,No,No,No,No,No,C,No,No,No,C,No,No,No,No,No,No,No,No,No,No,No,C,No,C,C,C,C,C,No,C,C,No,No,No,No,C/D,No,C/D,No,No,No,C/D,No,C,C,No,No,No,No,No,No,BL01UK01IT009,UKIT009,609,20.3,2020,gb
R_2frMxEkLjVCAZbZ,Female,University degree or equivalent,University degree or equivalent,90,10,0,NA,Italian;90;,English;10;,,95,5,0,NA,Italian,NA,10,9,8,Portuguese,I always (or almost always) speak Italian to my child,Italian,NA,10,8,8,French,I always (or almost always) speak Italian to my child,Second,NA,2,12,Always (or almost always) English,5,No,No,No,No,No,No,No,No,No,No,No,C/D,No,No,No,No,No,No,No,No,No,No,No,No,No,No,No,No,No,No,No,No,No,No,No,No,No,No,No,No,No,No,No,No,No,No,No,No,No,No,No,No,No,No,No,No,No,C,No,No,No,C,No,No,No,No,C/D,No,C/D,No,C,No,No,No,No,No,No,C,No,No,No,C,C,C,C,No,No,No,No,No,No,No,C,No,No,C,No,C,C,No,No,C,No,No,No,C,C,C,C,No,C,C,C,C,No,No,No,C,No,No,No,No,No,No,No,No,No,C,No,No,No,No,No,No,No,No,No,No,No,No,No,No,No,No,No,No,No,No,No,No,No,No,No,No,No,No,No,C/D,No,C,No,No,No,No,No,No,No,No,No,No,No,No,No,No,No,No,No,No,No,No,No,No,No,No,No,No,No,No,No,No,No,No,No,No,No,No,No,No,No,No,No,No,No,No,No,No,No,No,No,No,No,No,No,No,No,No,No,No,No,No,C,No,No,No,No,No,No,No,No,No,No,C/D,C/D,C/D,C/D,No,No,No,No,No,No,No,No,No,No,No,No,No,No,C/D,No,C,C,C,No,C/D,C,No,No,C/D,C,No,No,No,No,No,No,No,No,No,No,No,No,No,No,No,No,No,No,No,No,No,No,No,No,No,No,C,No,No,No,No,No,C,No,No,No,No,No,No,No,No,No,No,No,No,No,No,No,No,No,No,No,No,No,No,No,No,No,No,No,No,C,No,No,No,No,No,No,No,No,No,No,No,No,No,No,No,No,No,No,No,No,No,No,No,No,No,No,No,No,No,No,No,No,No,No,No,No,No,No,No,No,No,No,No,No,No,No,No,No,No,No,No,No,No,C,No,No,No,No,No,No,No,No,No,No,No,No,No,No,No,No,No,No,No,No,No,No,No,No,No,No,No,No,No,No,No,No,No,No,No,No,No,No,No,No,No,BL01UK01IT010,UKIT010,508,16.93333333,2020,gb
R_307eQtQJVKuJzhh,Male,Left school at 18 with A-Levels or equivalent,University degree or equivalent,80,20,0,NA,Italian;80;,English;20;,,80,20,0,NA,Italian,NA,8,7,NA,NA,I always (or almost always) speak Italian to my child,English,NA,0,10,NA,NA,I always (or almost always) speak English to my child,First,NA,1,NA,NA,6,C,C,C,C,C,C,C,C,C,C,No,No,No,No,No,No,C,No,No,No,C,No,No,No,C,C,No,No,No,No,No,No,No,C,No,No,No,No,No,No,No,No,No,No,No,No,No,No,No,No,No,No,No,No,No,C,No,No,No,No,C/D,C,C,No,C,No,C,No,C,No,C,No,No,No,C,No,No,C,No,C,No,C/D,C,C,C,No,C,No,No,C,No,No,No,No,No,C,No,No,No,No,No,C,No,No,C,C,No,C,C,No,No,No,No,No,No,C,No,C,No,No,C,No,No,No,No,C,C,C,No,No,No,C,No,No,No,No,No,No,No,No,C,No,No,No,No,No,No,No,No,No,No,No,No,No,No,No,No,No,No,No,No,No,No,No,No,No,No,No,No,No,No,No,No,C,No,No,No,No,No,No,No,No,No,No,No,No,No,No,No,No,No,No,C,No,C,No,No,No,No,No,No,No,No,No,No,No,No,No,No,No,No,No,No,No,No,No,No,No,No,No,No,No,No,No,No,No,No,No,No,No,No,C/D,C,C,C,No,No,No,No,No,No,No,C/D,C,C,C,C,C,No,C,No,C,No,C,C,C,No,C,C,C,No,C,C,C,C,No,No,No,No,No,No,No,No,C,No,C,No,No,C,No,No,C,No,No,No,No,No,C,C,No,No,No,No,C,No,No,No,No,No,No,No,No,No,No,No,C,C,No,No,No,No,No,No,No,No,No,No,No,No,No,No,No,No,No,No,No,No,No,No,No,No,No,No,No,No,No,No,No,No,No,No,No,No,No,No,No,No,No,No,No,No,No,No,No,No,No,No,No,No,No,No,No,No,No,No,No,C,No,No,No,No,No,No,No,No,No,No,No,No,No,No,No,No,No,No,No,No,No,No,No,No,No,No,No,No,No,No,No,No,No,No,No,No,No,No,No,No,No,No,No,No,No,No,No,No,No,No,No,BL01UK01IT011,UKIT011,359,11.96666667,2020,gb
R_1gc0b9n6HShEMEJ,Male,University degree or equivalent,University degree or equivalent,70,30,0,NA,Italian;70;,English;30;,,100,0,0,NA,Italian,NA,10,9,8,Spanish,I always (or almost always) speak Italian to my child,Italian,NA,10,7,6,Spanish,I always (or almost always) speak Italian to my child,First,NA,1,5,Always (or almost always) English,3,C/D,C/D,C,C/D,C/D,C/D,C/D,C/D,C/D,C/D,C/D,C/D,No,C/D,C/D,No,C/D,C/D,No,C/D,No,C/D,C/D,C,C,C/D,C/D,C/D,C/D,C/D,C/D,C,No,C,C/D,C/D,C,No,C/D,C/D,C/D,C,No,C/D,C/D,C/D,C/D,C/D,C/D,C/D,No,C/D,C/D,C/D,C/D,C,C/D,No,C/D,No,C/D,C/D,C,C/D,C/D,C/D,C/D,C/D,No,C,C/D,C,C,C/D,C/D,C/D,C,C/D,C/D,C/D,C,C/D,C/D,C/D,C/D,C/D,C/D,C/D,C/D,C,C/D,C/D,C,C/D,C/D,C/D,C/D,C/D,C/D,C/D,C,C/D,C/D,C/D,No,No,C/D,C/D,C/D,No,C/D,C/D,C/D,C/D,C,C,C,C/D,No,C,C/D,C,No,C/D,C,C,C/D,C/D,C,C/D,C/D,C/D,C/D,C,C/D,C,C/D,C,C/D,C/D,C/D,C/D,C/D,C/D,C/D,C/D,C/D,C/D,C,C/D,C/D,No,No,C/D,C/D,C/D,C/D,C/D,C/D,C/D,C,C/D,No,C/D,C/D,C/D,C/D,C/D,C/D,C/D,C,C,No,C/D,C/D,C/D,C/D,C,No,C/D,C/D,C/D,C/D,No,C/D,C/D,C/D,C/D,No,C,C,C/D,C/D,C/D,C/D,C/D,C/D,C,C,C/D,C/D,C/D,C,C/D,C/D,C/D,C/D,C/D,C,C/D,C/D,C/D,No,No,C/D,C,C,C/D,C/D,C/D,C/D,C,C/D,C/D,C,C,C/D,C,No,C,C,C/D,C/D,C/D,C/D,C,C/D,No,C,C,C,No,C/D,C,C,No,C/D,C,C,C/D,C/D,C,C/D,C/D,C/D,C/D,C/D,C,C/D,C,C/D,No,C/D,C/D,No,No,No,C/D,No,C/D,C/D,C/D,C/D,C/D,C/D,C/D,C/D,C/D,C/D,C,C,C/D,C/D,C,C,C,C/D,C/D,C/D,No,C,C/D,No,C/D,C/D,C,No,C/D,C,C/D,C/D,C,C,C,C/D,C/D,C/D,C,C,C,C,No,C/D,C,C,C/D,C,C/D,C/D,C,C,C,C/D,C/D,C,C,C,C,C,C,C,C,C/D,C/D,C/D,C,C/D,C,C,C/D,C/D,C/D,C/D,C/D,C/D,C/D,C,C,No,No,C,No,C/D,No,C/D,C/D,C,No,C/D,C/D,No,C/D,C/D,C/D,No,C/D,C/D,C/D,C/D,C/D,C/D,C,C/D,C/D,No,No,C,No,C,C/D,C/D,C,C,C,C/D,C/D,C/D,C,C/D,No,No,C,C/D,C/D,C/D,C,C/D,C,No,No,C/D,C,C/D,No,C/D,C,C,C/D,C/D,C/D,C/D,C,C/D,C/D,C,C/D,C/D,C/D,R_1gc0b9n6HShEMEJ,R_1gc0b9n6HShEMEJ,1000,33.33333333,2020,gb
R_vUEVh4m7IrSpjTr,Male,University degree or equivalent,University degree or equivalent,40,60,0,NA,Italian;40;,English;60;,,50,50,0,NA,Italian,NA,10,8,NA,NA,I always (or almost always) speak Italian to my child,English,NA,5,10,NA,NA,I always (or almost always) speak English to my child,First,NA,1,NA,NA,1,C,C/D,No,C,C,C,No,C,C/D,No,C/D,C,No,C,No,No,C,C,No,No,No,No,No,No,No,C,C,C,No,No,C,No,No,No,No,No,No,No,No,No,C,No,No,No,No,No,No,No,No,C,No,No,No,No,No,C,No,No,C,C,C,C,C,C,C,No,C,C,C,No,C,No,No,No,No,No,C,C,C,C,No,C,C,C,C,No,No,No,No,No,No,No,C,No,C,C,C,No,No,No,No,No,No,No,No,No,No,C,C,No,C,No,C,No,No,No,No,C,No,No,C,No,No,No,No,No,No,C,No,No,C,No,No,No,No,No,No,C,C,C,No,No,No,C,No,No,C,No,No,No,C,No,No,No,C,No,No,No,C,C,No,No,No,No,No,C,No,No,No,No,No,No,No,No,C,No,No,No,No,No,No,No,No,No,No,C,C,C,No,C,No,No,C,No,C,No,No,C,No,No,No,No,C,No,No,No,No,No,No,No,No,C,No,No,No,No,No,C,No,No,No,No,C,No,No,C,C,No,No,No,No,C/D,C,No,C/D,No,No,No,No,No,No,No,No,No,C,C,C,C,No,C,No,C,C,C,C,C,C,C,No,No,C,No,No,No,No,C,No,C,No,C,C,C,No,C,No,C,No,C,C,No,No,C,C,No,No,No,C,C,C,No,No,No,No,C,No,No,No,C,No,C,No,No,C,C,C,C,No,No,C,C,No,C,No,C,C,C,No,No,No,No,No,No,No,C,C,No,C,No,No,No,C,No,C,No,C,C,No,C,No,No,C,C,No,No,C,No,No,No,No,No,No,No,No,No,C,No,No,C,No,No,No,C,No,C,C,No,No,C,No,No,No,No,No,C/D,C/D,No,No,No,No,No,No,No,No,No,No,No,No,No,No,No,No,No,No,C,C,No,No,C,C,No,C,No,No,No,C,No,C,No,No,No,C,No,C,C,No,No,No,No,BL01UK01IT012,UKIT012,462,15.4,2020,gb
R_1JK1nGguaSR9zvL,Female,University degree or equivalent,University degree or equivalent,30,70,0,NA,Italian;30;,English;70;,,35,65,0,NA,English,NA,7,10,NA,NA,I always (or almost always) speak English to my child,Italian,NA,10,8,NA,NA,I regularly speak both Italian and English to my child,Second,NA,2,NA,NA,1,C,No,C,C,No,C,C,C/D,C/D,C,C,C,No,C,No,C,C,C/D,No,C,No,C,No,C,C,C/D,C/D,C/D,C/D,C,C,C,C,C,C,C,C,C,C,C,C,No,No,C,C/D,C/D,C,C,C,C,No,C,C,No,No,No,C,C,No,No,C,C,C,C/D,C,C,C/D,C/D,C/D,No,C/D,C,No,C,C,C/D,C,C/D,C/D,C/D,No,C/D,C/D,C,C/D,C/D,C,C,C/D,C,C/D,No,C/D,C/D,C,C/D,C,C/D,C/D,No,No,C/D,No,No,No,C/D,C/D,C/D,No,No,C,No,C,C,C,No,No,C,No,C,C,No,C,C/D,C/D,C,C,C/D,No,C,C/D,C,C,C,C,C/D,C,C,C,C,No,C,C,C,No,C,C/D,C,No,C,C,No,No,C,C,C,No,C/D,C,C,No,C,C,No,C,C,C/D,No,C,C,C,C/D,No,C/D,C,C/D,C,C,C,No,C,C,C,No,C,C,C,C,No,C,C,C,No,C/D,C,C,C,C,C,C/D,C,C,C/D,C,C/D,No,C,C,C,C,C,C/D,No,C/D,C,C,No,C,C,No,C,C,C/D,C,No,C,C,C/D,No,C,No,C/D,C/D,C/D,C/D,C,C,C,C,C,C,C/D,C/D,C/D,C,C,C,C,C,C/D,C,No,C,C/D,No,C/D,C,No,C,C/D,C/D,C,C,C/D,C,C,No,C/D,C,C,No,C,C,C,C/D,C,C,C,C,C,C,C,C,No,No,No,C,C,No,No,C,C,No,C,C,C,C,C,C,C,No,No,No,C,C,C,C,C,No,C,C,No,C,C,C,C,No,C,C,No,No,C,C,C,C,C,C,No,C,No,C,No,C,C,C,No,C,C,No,C,C/D,C,C,No,No,C/D,C,C,No,C,C,C,C/D,No,C/D,C,C,C,C,C,No,C,C/D,C/D,No,C/D,C,C,C,C,C,C/D,C,C,C,C,C,C,C,C,C/D,C,C,C,C,No,C,No,C,C,C,C,C/D,C,C,No,C,C,No,No,C,C,C,No,C,C,C,C,C,C,No,C,C,C,C,C,C,C,R_1JK1nGguaSR9zvL,R_1JK1nGguaSR9zvL,976,32.53333333,2020,gb
R_RC55hzaGVoA5vDH,Male,University degree or equivalent,University degree or equivalent,48,52,0,NA,Italian;48;,English;52;,,95,5,0,NA,Italian,NA,10,7,0,NA,I always (or almost always) speak Italian to my child,Italian,NA,10,8,NA,NA,I always (or almost always) speak Italian to my child,First,NA,1,9,Always (or almost always) English,1,C/D,No,C/D,C/D,C/D,C/D,C/D,C/D,C/D,C/D,C/D,C/D,No,C,C/D,C,C/D,C,No,C,C,C/D,C/D,C,No,C/D,C/D,No,C/D,No,C/D,No,C/D,C,C,C/D,C,No,C/D,No,C,C,No,C,C/D,C,C,C/D,C/D,C,No,C/D,No,No,No,C/D,C,No,C/D,No,C/D,No,No,C/D,No,C,C/D,C/D,C/D,No,C/D,No,C/D,C,C/D,No,No,C/D,No,C/D,No,C/D,C/D,C,C/D,No,C/D,No,C/D,No,No,No,No,C/D,C/D,C/D,C,C,C/D,C/D,C/D,C,C,C,C,C,C/D,C/D,C/D,No,C,C/D,C/D,C/D,No,C,No,C,No,C/D,No,No,No,C,No,No,C/D,C,No,C,C,C/D,No,No,C/D,No,C,No,C,C/D,No,No,No,No,No,No,C/D,C/D,No,C,C/D,No,No,C/D,C/D,No,C,C/D,C/D,C/D,C,C,No,C,No,C,C,No,No,No,No,No,No,C,No,No,C/D,C,No,No,C/D,No,C/D,No,C,C,C/D,No,No,No,No,No,C/D,No,C/D,No,No,No,No,No,No,No,No,No,No,No,No,C,No,No,No,No,No,No,C,No,No,No,No,No,C,C/D,C,No,No,C/D,C,No,No,No,No,C/D,No,C/D,C/D,C,No,No,No,No,No,No,No,C,C,No,C/D,C/D,C,C/D,No,C/D,C,C,No,C/D,C,C,C,C,C/D,C,C/D,No,C/D,No,No,No,No,No,No,C/D,No,C/D,C,C,C,No,C,C,No,C,C,C,No,No,No,C,No,C,C,C,No,C/D,No,No,No,C,No,No,No,No,No,C,No,C,C,No,No,No,No,No,C,C,C,C,No,No,No,No,No,No,C,No,C,No,No,No,No,No,No,No,No,No,No,No,No,No,No,No,No,No,C/D,No,C/D,C/D,No,No,No,No,No,No,No,No,C/D,C/D,No,No,C/D,C,No,No,C/D,C,C,No,No,C/D,No,No,No,C/D,C/D,C,No,No,C,No,No,No,No,No,No,No,No,No,C,No,C/D,No,No,No,No,No,No,No,No,No,C,No,No,C,C/D,No,C,No,No,No,C/D,No,C/D,No,No,No,No,No,No,No,BL01UK01IT013,UKIT013,818,27.26666667,2020,gb
R_3Rw2mpNO0HgCspE,Female,University degree or equivalent,University degree or equivalent,70,30,0,NA,Italian;70;,English;30;,,100,0,0,NA,Italian,NA,10,8,8,Spanish,I always (or almost always) speak Italian to my child,Italian,NA,10,8,7,Spanish,I always (or almost always) speak Italian to my child,First,NA,1,6,Always (or almost always) English,8,C/D,C/D,C/D,No,No,C/D,C/D,C/D,C/D,C/D,C/D,C/D,C/D,C/D,C/D,C/D,C/D,C/D,C/D,C/D,C/D,C/D,C/D,C/D,C/D,C/D,C/D,C/D,C/D,C/D,C/D,C/D,C/D,C/D,C/D,C/D,C/D,C/D,C/D,C/D,C/D,C/D,No,C/D,C/D,C/D,C/D,C/D,C/D,C/D,No,C/D,C/D,C/D,C/D,C/D,C/D,C/D,C/D,C/D,C/D,C/D,C/D,C/D,C/D,C/D,C/D,C/D,C/D,No,C/D,C/D,C/D,C/D,C/D,No,No,No,C/D,C/D,C/D,C/D,C/D,C/D,C/D,No,C/D,C/D,C/D,C/D,No,No,C/D,C/D,C/D,C/D,C/D,C/D,C/D,C/D,C/D,C/D,C/D,C/D,C/D,C/D,No,C/D,C/D,C/D,C/D,C/D,C/D,C/D,No,C/D,C/D,C/D,C/D,C/D,C/D,No,No,C/D,C/D,C/D,C/D,C/D,C/D,C/D,C/D,C/D,No,C/D,C/D,No,C/D,C/D,C/D,C/D,C/D,C/D,C/D,C/D,No,No,C/D,C/D,No,C/D,C/D,C,C/D,C/D,C/D,C/D,C/D,C/D,C/D,C/D,C/D,C/D,No,C/D,C/D,C/D,C/D,C/D,C/D,C/D,C/D,No,C/D,C/D,C/D,No,No,C/D,No,C/D,C/D,C/D,C/D,C/D,C/D,C/D,C/D,C/D,C/D,C/D,No,C/D,C/D,No,C/D,C/D,C/D,C/D,C/D,C/D,C/D,No,C/D,C/D,C/D,No,C/D,C/D,C/D,C/D,No,C/D,No,No,C/D,C/D,C/D,No,No,C/D,C/D,C/D,C/D,C/D,C/D,C/D,C/D,C/D,No,C/D,C/D,C/D,C/D,C/D,C/D,C/D,No,No,No,C/D,C/D,No,C/D,C/D,C/D,C/D,C/D,C/D,C/D,C/D,C/D,C/D,C/D,C/D,C/D,C/D,C/D,C/D,C/D,C/D,C/D,C/D,C/D,C/D,C/D,C/D,No,C/D,No,No,C,C/D,C/D,C/D,C/D,C/D,C/D,C/D,C/D,C/D,C/D,C/D,C/D,C/D,C/D,No,C/D,C/D,C/D,C/D,C/D,C/D,C/D,C/D,C/D,C/D,C/D,C/D,No,C/D,C/D,No,C/D,C/D,C/D,C/D,C/D,C,C,C,C/D,C/D,C/D,C/D,C/D,C/D,C/D,C/D,C/D,C/D,No,C/D,C/D,C/D,C/D,C/D,C/D,C/D,C/D,C/D,C/D,C/D,C/D,C/D,C/D,C/D,C/D,No,No,C/D,C/D,C/D,No,C/D,C/D,C/D,No,C/D,C,C/D,C/D,No,No,C/D,No,C/D,No,C/D,C/D,C/D,No,C/D,No,C/D,No,C/D,C/D,No,C/D,No,No,No,C/D,C/D,No,C/D,C/D,No,No,C/D,C/D,C/D,C/D,C/D,C/D,C/D,C/D,C/D,C/D,C/D,C/D,C/D,C/D,C/D,C/D,C/D,C/D,C/D,C/D,C/D,C/D,C/D,C/D,C/D,C/D,C/D,C/D,C/D,C/D,C/D,C/D,C/D,C/D,C/D,No,No,C/D,C/D,BL01UK01IT014,UKIT014,845,28.16666667,2020,gb
R_2zRWEHm2e7AG3rG,Female,University degree or equivalent,University degree or equivalent,30,70,0,NA,Italian;30;,English;70;,,40,60,0,NA,Italian,NA,10,8,1,NA,I regularly speak both Italian and English to my child,English,NA,2,10,NA,NA,I always (or almost always) speak English to my child,First,NA,1,NA,NA,2,C,C,C,No,No,No,C,C,C,C,No,No,No,No,No,No,No,No,No,No,No,C,C,No,No,No,No,No,No,No,C,No,No,No,No,No,No,No,No,No,No,No,No,No,No,No,No,C/D,C/D,C/D,No,No,No,No,No,No,C/D,No,No,No,No,C,No,C,No,No,C,No,C,No,C,No,No,No,C,C,No,No,No,C,No,C,No,C,C,No,No,No,C,C,No,No,No,No,No,C,No,C,No,C,No,No,No,No,No,No,C,C,C,No,No,No,C,No,No,C,No,No,No,No,No,No,No,C,No,No,C,C,No,No,C,No,No,No,No,No,No,No,No,No,No,No,No,No,No,No,No,No,No,No,No,No,No,No,No,No,No,C,No,No,No,C,No,No,No,C,C,No,No,No,No,No,No,No,C,No,No,No,No,No,No,No,No,No,No,No,No,No,No,C,No,No,No,No,No,No,No,No,No,No,No,No,No,No,No,No,C,No,No,No,No,No,No,No,No,No,No,No,No,No,No,No,C,No,No,No,C,No,No,No,No,C,C,C,C,No,No,No,No,No,No,No,C,C,C/D,No,C,C,C,C,C,C,C,C,No,C,C,C,C,C,C,No,No,C,No,No,No,No,C,C,No,No,No,C,No,No,No,No,C/D,No,No,No,No,C,No,No,No,C,No,No,C,No,No,C,No,No,No,No,No,C,No,No,No,C,No,C,No,C/D,No,No,No,C,C,No,No,No,No,No,C,No,C,No,C,No,No,C,C,No,No,No,No,No,C,No,No,No,No,No,No,No,No,No,No,No,No,C,No,No,No,No,No,No,No,C,No,No,No,No,No,No,No,No,No,No,No,No,C,No,No,No,No,No,No,C,C,No,C,No,No,No,No,No,No,No,No,No,No,No,No,No,No,No,No,C,No,No,C,No,No,No,No,No,No,No,No,No,No,No,No,No,No,No,No,No,No,No,No,No,BL01UK01IT015,UKIT015,371,12.36666667,2020,gb
R_21uYsKdN4ijIxEJ,Male,University degree or equivalent,Left school at 18 with A-Levels or equivalent,50,50,0,NA,Italian;50;,English;50;,,50,50,0,NA,Italian,NA,10,7,NA,NA,I always (or almost always) speak Italian to my child,English,NA,4,10,NA,NA,I regularly speak both Italian and English to my child,First,NA,1,NA,NA,0,C,C,C,No,C,C,C/D,C,C/D,No,C,C/D,No,C,C,C,C,C,No,No,No,C,C,C,C,C,C,C,C,C,C,No,No,No,C,No,No,No,No,C,No,No,No,No,No,C,C,No,No,C,No,C,C,No,No,No,C/D,No,No,No,No,C,No,C,No,No,C,C/D,C,No,No,No,No,No,No,No,No,No,No,C,No,No,No,C,C,No,No,No,No,No,No,No,No,No,No,C,C,C,C,No,No,C,C,No,No,No,C,C,C,C,No,No,No,No,C,No,No,C,No,C,No,No,No,No,No,No,C,C,No,No,C,No,No,No,No,No,No,No,C,C,No,No,No,No,No,No,No,No,No,No,No,No,No,No,No,No,No,C,No,No,No,C,No,No,No,C/D,No,No,No,No,No,No,No,No,No,C,No,No,No,No,No,No,No,No,No,No,C,No,No,No,No,No,No,C,C,No,No,No,No,C,No,No,No,No,No,No,No,No,No,No,No,No,No,No,C,No,No,C,No,C,No,No,C,No,No,C/D,C,No,No,No,No,C,C,C/D,C,No,No,No,No,No,No,No,No,No,No,C,C,C,No,C,No,C,C,C,No,C,No,No,C,No,No,C,No,No,C,No,C,No,C,C,No,No,No,C,No,C,No,C,C,C,No,No,No,C/D,No,No,No,No,No,No,No,No,No,No,No,No,No,C,C,No,No,C,No,C,C/D,C/D,No,C/D,No,C,C,C,C/D,No,No,No,C,No,No,No,No,No,No,No,No,No,No,No,No,No,No,No,No,No,No,C,No,C,No,No,No,No,No,No,C,C,No,No,No,No,No,No,No,C,C,C,No,No,C,No,No,No,No,No,No,C,C,C,No,No,No,No,No,C,C,No,C,C,No,C/D,No,No,No,No,C/D,C,No,No,C,No,No,No,No,No,No,No,No,No,C,No,C,C,C,C,C,No,C,C,No,No,No,No,No,No,No,No,No,No,BL01UK01IT016,UKIT016,386,12.86666667,2020,gb
R_2CExL2rSn5mBlx1,Female,University degree or equivalent,University degree or equivalent,30,70,0,NA,Italian;30;,English;70;,,40,60,0,NA,Italian,NA,10,7,NA,NA,I always (or almost always) speak Italian to my child,Other(s),NA,2,10,10,NA,I always (or almost always) speak English to my child,First,NA,1,10,Always (or almost always) English,5,C/D,C,C,No,No,No,No,C/D,C/D,No,C/D,No,No,No,No,No,C/D,No,No,No,No,C/D,No,No,No,C/D,No,No,C,No,C,No,No,No,No,No,No,No,No,C,No,No,No,No,No,No,No,C,No,C/D,No,No,No,No,No,C,No,No,No,No,No,No,C/D,No,No,No,C/D,No,C/D,No,C/D,No,No,No,No,No,No,No,C,C/D,No,No,No,No,C/D,No,No,No,C/D,No,No,No,No,No,No,No,No,No,No,No,No,No,No,No,No,No,C/D,C/D,C,No,C/D,No,No,No,No,No,No,C,No,C,No,No,No,No,No,No,C/D,C,No,C,No,C/D,No,No,C,No,No,No,C,No,C,No,C,No,No,No,C,No,No,No,C,No,No,No,No,No,No,C/D,No,No,No,No,No,No,No,No,No,No,No,No,No,No,No,No,No,No,No,No,No,No,No,No,No,No,No,No,No,No,No,No,No,No,C/D,C/D,No,No,No,No,No,No,No,No,C,No,No,No,No,No,No,No,No,No,No,No,No,No,No,No,No,No,No,No,No,No,No,No,C/D,No,No,No,No,C/D,C/D,C/D,C/D,No,No,No,No,No,No,No,No,No,No,No,No,No,No,C/D,C,C/D,C,C/D,No,C/D,C,No,No,No,No,No,No,C,C/D,C,No,No,No,No,No,No,No,C/D,C/D,C,C,C,C,C,No,C,C,No,No,No,C,No,No,No,No,No,No,C/D,No,No,No,No,No,No,No,No,No,C,C,C/D,C,No,No,No,No,No,C/D,C,C,C,No,No,No,No,No,No,C/D,C,C,No,No,No,No,No,No,No,C,C,C/D,No,No,No,No,No,No,No,No,No,C,C/D,No,No,No,No,No,No,No,No,No,No,No,No,No,No,No,No,No,No,No,No,No,No,No,No,No,No,No,No,No,No,No,No,No,No,No,No,No,No,No,No,No,No,No,No,No,No,No,No,No,No,No,No,No,No,No,No,No,No,No,No,No,No,No,No,C/D,No,No,No,No,No,No,No,BL01UK01IT017,UKIT017,781,26.03333333,2020,gb
R_26kBWvLDMhzV4Qq,Male,University degree or equivalent,University degree or equivalent,40,60,0,NA,Italian;40;,English;60;,,70,30,0,NA,Italian,NA,10,9,NA,NA,I always (or almost always) speak Italian to my child,English,NA,6,10,NA,NA,I regularly speak a mix of Italian / English / other languages to my child,First,NA,1,13,Always (or almost always) English,9,C,C/D,C/D,C/D,C/D,C/D,C,C/D,C/D,C/D,C/D,C/D,C,C,C,C,C/D,C/D,No,C,C,No,C/D,C/D,C/D,C/D,C,C,C/D,C/D,C/D,C,C,C/D,C/D,C/D,C,C,No,C/D,C,C,No,C,C,C,C,C,C/D,C/D,C,No,C/D,C/D,C/D,C/D,C/D,C/D,C,C/D,C,C/D,C/D,C/D,C/D,C/D,C,C/D,C/D,C,C/D,C,C/D,C,C/D,C,C,C/D,C/D,C/D,C,C/D,C/D,C/D,C/D,C/D,C/D,C,C/D,C/D,No,No,C/D,C/D,C,C/D,C/D,C/D,C,C/D,C,C/D,C/D,C,C,No,C/D,C/D,C/D,C,C/D,C,C,C/D,No,C,C,C/D,C/D,C,C/D,No,No,C/D,C/D,C/D,C/D,C/D,C/D,C/D,C/D,C/D,C,No,C/D,C/D,C/D,C,C,C,No,C,C/D,C/D,C,C,C/D,C/D,C/D,C/D,C/D,No,C/D,C/D,C/D,C,C/D,C,C,C/D,C,C/D,C/D,C/D,C,C,C/D,C,C/D,C,C,C,C,C/D,C/D,C/D,No,C,C/D,C,C/D,C/D,C/D,No,C,No,C,C,No,C,C,C/D,C/D,C/D,C,C,C,C/D,C,C,No,C,C/D,No,No,No,No,C,No,No,No,C,No,C,C,C,C,C,No,No,C,C/D,No,C/D,C,C/D,C/D,C/D,C,C,No,C/D,C/D,C/D,C/D,C,C,C,C,C/D,C,C,C/D,C/D,C,C/D,C/D,C/D,C/D,C,C/D,C/D,C/D,C/D,C/D,C/D,C,C/D,C/D,C/D,C/D,C,C,C/D,C,No,C,C,C,C/D,No,C/D,C/D,C,C,C,No,C,C/D,C,C,C,No,C/D,C,No,C,C,C,C,C/D,C,No,C/D,C/D,C,C,C,C,C,C,No,No,C,C,C/D,C,No,No,C,C/D,No,C,C,C,C,C,C,C,No,No,C,C,C,C,C,C,C,C,C,C,C,C/D,C,C,C,C,C,C,C,C/D,C/D,C/D,C,C/D,C,C,C,C,C,C/D,C,C/D,C,C/D,C,C,C,C/D,C,C,C,C/D,C,C,C,C,C,C,C,No,C/D,C,C/D,C/D,C/D,C/D,C,C,C,C/D,C/D,C/D,C/D,C,C,C/D,C,C,C,C/D,C/D,C/D,C/D,C/D,C/D,C/D,C/D,C/D,C/D,C,C,C,C/D,C/D,C,C,C,No,No,C,C,C,C/D,C,No,C/D,C,R_26kBWvLDMhzV4Qq,R_26kBWvLDMhzV4Qq,1093,36.43333333,2020,gb
R_2WvF9kGaRXFG9BC,Female,University degree or equivalent,University degree or equivalent,60,40,0,NA,Italian;60;,English;40;,,80,20,0,NA,Italian,NA,10,9,NA,NA,I always (or almost always) speak Italian to my child,Italian,NA,10,8,NA,NA,I always (or almost always) speak Italian to my child,First,NA,1,14,Always (or almost always) English,1,No,No,No,C/D,No,C/D,C/D,C/D,C/D,C/D,No,C/D,C,C/D,C/D,C/D,C/D,C/D,No,No,No,C/D,C/D,C/D,C,C/D,No,No,C/D,C/D,C/D,C,C,C/D,C/D,C/D,C,No,C/D,C/D,C/D,C,C,C/D,C/D,C/D,C/D,No,C/D,C/D,No,C/D,No,No,No,C/D,C/D,C/D,C/D,C/D,C,C/D,C/D,C/D,C/D,C/D,C/D,No,C/D,No,C/D,No,No,No,C/D,C/D,No,No,C/D,C/D,No,C/D,C/D,C/D,C/D,C/D,C,C,C/D,C/D,C/D,No,C,C,No,C/D,C/D,C/D,C/D,C/D,C/D,C/D,C/D,C/D,C,C,C/D,C/D,C/D,C/D,C/D,C/D,C/D,C/D,C,C/D,C/D,C/D,C/D,C/D,C/D,C/D,No,C/D,No,C/D,C/D,C/D,C/D,C/D,C/D,C/D,No,C,No,C/D,C/D,C,C,C/D,C/D,No,No,C/D,No,C/D,C/D,C/D,C/D,C,No,No,C,C/D,C/D,No,No,C/D,C/D,C/D,No,C/D,No,No,No,C/D,No,No,C/D,C,C,No,No,C/D,C,No,No,C,C/D,No,C/D,No,C/D,No,C,C/D,C,C/D,No,C/D,No,C/D,No,C/D,C/D,C/D,No,C,C,C/D,C/D,No,C/D,No,C,No,C/D,C/D,No,C,C,No,No,No,C,C/D,C,No,No,C,C/D,C/D,C,No,No,No,C/D,No,No,No,No,C/D,C/D,C/D,C/D,No,No,No,No,C,C,No,C/D,C,C/D,No,C/D,C/D,No,C/D,No,C/D,No,No,C/D,C/D,C,No,No,No,C/D,No,No,C/D,No,No,C,No,C,C,No,C/D,No,No,C/D,C/D,No,No,C/D,C/D,No,No,C/D,No,No,No,No,No,C/D,C,No,C/D,No,C/D,No,No,No,C/D,No,C,No,No,C,No,C,C/D,No,C,No,C,C/D,C,C,No,No,No,C,No,C/D,No,No,C,C/D,No,No,No,No,No,No,No,No,No,C/D,C,C/D,No,No,No,No,No,C/D,C/D,No,No,C/D,C/D,No,C/D,No,No,No,No,C/D,No,C/D,C/D,No,No,C/D,No,No,No,C/D,No,No,No,No,No,C/D,No,No,C/D,No,C/D,No,No,C/D,No,No,No,No,C/D,C/D,No,No,No,C,No,No,No,C/D,No,No,No,No,No,C/D,No,No,No,C,C/D,C,C,C/D,C,C/D,C/D,C/D,C,C/D,No,No,C/D,No,No,No,C/D,BL01UK01IT018,UKIT018,734,24.46666667,2020,gb
R_12rtNs1BS0SxL8i,Female,University degree or equivalent,University degree or equivalent,30,70,0,NA,Italian;30;,English;70;,,100,0,0,NA,Italian,NA,10,8,0,NA,I regularly speak both Italian and English to my child,English,NA,2,10,NA,NA,I always (or almost always) speak English to my child,Second,NA,2,12,Always (or almost always) English,0,C,C/D,C/D,C/D,C/D,C/D,C/D,C/D,C/D,C/D,C/D,C/D,C,C,C/D,C,C,C,C,C,C,C,C,C,C,C,C,No,C,C,C/D,C,C,No,C,C/D,C,C,C,C,C/D,C,C,C,C,C,C,C/D,C/D,C,No,C,C/D,C,C,C,C,C,C,C,C,C,C,C/D,C,C,C/D,C,C/D,C,C,C,C,C,C,C,C,C,C,C/D,No,No,C/D,C,C/D,C,C,C,C/D,C,C,C/D,C/D,C,C/D,No,C,C,C,C,C,C,C,C,C,C,C,C,C,C,C,C,C,C,C,C,C,C,C,C,C,C,C,C,C/D,C,C,C/D,C,C,C,C,C,C,C,C,C,C,C,C,C,C,C,C,C,C,C,C,C,C,C,C,C,C,C,C,C,C/D,C/D,C/D,C/D,C/D,C,C,No,C/D,C,C,C,C,C,C,C,C,C,C,C/D,C,C,C,C,C,C,C,C,C,C,C,C,C,C,C,C/D,C,C,C,C,C,C,C,C,C,C,C,C,C,C,C,C,C,C,C,C,C,C,C,C,C,C,C,C,C,C,C,C,C,C,C,C,C,C,C/D,C,C,C,C,C,C,C,C,C,C,C,C,C/D,C,C/D,C,C,C/D,C,C/D,C,C,C,C/D,C,C/D,C,C,C/D,C,C,C/D,C,C,C,C,C,C,C,C,C,C,C,C,C,C,C,C,C,C,C,C,C,C,C/D,C,C,C,C,C,C,C,C,C,C,C,C,C,C,C,No,C,C,C,C,C,C,C,C,C,C,C,C,C,C,C,C,C,C,C,C,C,C,C,C,C,C,C,C,C,C,C,C,C,C,C,C,C,C,C,C/D,C,C,No,C,C,No,C,C,No,No,C,C,C,C,No,C,C,No,C,C,C,C,C,C,C,C,C,C,C,C,C,C/D,C,C,C,C,C,C,C,C,C,C,C,C,C,C,C,C,C,C,C/D,C/D,C,C,C,C/D,C,C,C,C,C/D,C/D,C,C,C,C,C/D,C,C,C,C,C,C,C,C,BL01UK01IT019,UKIT019,678,22.6,2020,gb
R_8k11K6OcFjDVvH3,Female,University degree or equivalent,University degree or equivalent,80,20,0,NA,Italian;80;,English;20;,,100,0,0,NA,Italian,NA,10,10,NA,NA,I always (or almost always) speak Italian to my child,Italian,NA,10,10,NA,NA,I always (or almost always) speak Italian to my child,First,NA,1,10,Always (or almost always) English,2,C,C,C,C,C,C,C,C,C,C/D,C,C,C,C,C,C,C,C,No,C,C,C,C,C,C,C,C,C,C,C,C,C,C,C,C,C,C,No,C,C,C,C,No,C,C,C,C,No,C,C,No,C,C,C,C,C,C,C,No,C,C,C,C,C,C,C,C,C,C,C,C,No,C,C,C,C,C,C,C,C,C,C,C,C,C,No,C,C,No,C,No,C,C,C,C,C,C,C,C,C,C,C,C,C,C,C,C,C,C,C,C,C,C,C,C,C,C,C,C,C,C,C,C,C,C,C,C,C,C,C,C,C,C,C,C,C,C/D,C,C,C,C,C,C,C,No,C,C,C,C,C,C,No,C,C,C,C,No,C,C,C,C,C,No,C,C,C,C,No,C,No,C/D,No,C,C,C,C,C,C,No,C/D,C,C,No,C,C,C,C,C,No,C,C,No,No,C/D,C,C,C/D,C,C,C,C,C,C,No,C,No,C,No,C,C,C,C,C,C,C,C,C,C,No,C,C,C,C,C,C,C,C,C,No,No,No,C/D,C,C,C/D,C,No,No,No,C,C,No,No,No,C,C,C,C,C,C/D,C,C/D,C,C,C,C/D,C,C,C,C,C/D,C,C,C,C,No,C,No,C,C,C,C,No,C,C,C,C,C,C,C/D,C,C,C,C,C,No,C,C,C,C,C,C,C,C,C,C/D,C,C,C,C,C,C,C,C,C,C,C,No,No,C,C,C,C,C,C,C,C/D,C,C,C,C,C,C,C,C,C,C,C,No,C,C,C,C,C,C,C,C,C,No,C,No,No,No,No,C,C,No,No,No,No,No,No,C,No,No,No,C,No,C,No,No,C,No,No,C,No,No,C,C,No,No,No,C,C,C,No,C,No,No,No,No,No,No,No,No,No,No,No,No,No,No,No,No,C,C,No,No,No,No,No,C,C,C,C,No,No,No,No,No,C/D,C,C,C,C,No,No,C,C,BL01UK01IT020,UKIT020,555,18.5,2020,gb
R_PO6v2FICVgiCHzr,Female,University degree or equivalent,University degree or equivalent,90,10,0,NA,Italian;90;,English;10;,,100,0,0,NA,Italian,NA,10,7,9,NA,I always (or almost always) speak Italian to my child,Italian,NA,10,7,NA,NA,I always (or almost always) speak Italian to my child,First,NA,1,NA,NA,3,C/D,C/D,C/D,C/D,No,C/D,No,No,C/D,C/D,C/D,C/D,C/D,C,C/D,C,C/D,C/D,C,No,No,C,C/D,C,C,C,C/D,C/D,C/D,C/D,C/D,C/D,C,C/D,C/D,C,C/D,C,C/D,C/D,C/D,C/D,C,C,C,C,C,C,No,C/D,No,C,No,No,No,C/D,C/D,C,No,C,C,C,No,C/D,No,No,C/D,C,C,No,C,No,C,No,No,No,No,C,No,No,No,C,C,C/D,C,No,No,C,No,C,No,No,No,No,C,C,C,C,No,C,No,C,C,C,No,No,C,C,C,C,C,C,C,C,No,No,No,C/D,No,No,No,No,No,C,No,C,C,C,No,C,No,C/D,No,No,No,No,C,No,C,No,No,C,No,C,No,No,C,No,No,C,No,No,C,No,No,No,No,C/D,No,No,No,C,No,C,No,C,C/D,No,No,No,No,No,No,C,No,No,No,No,No,No,C,No,No,No,No,No,C,C,No,No,No,No,C,C,C,No,No,No,No,C,No,No,C/D,No,No,No,No,No,No,C,C/D,C,No,No,No,C,C,No,No,No,C/D,No,C/D,No,No,C/D,C,No,No,No,No,C/D,C/D,C/D,C/D,No,No,No,No,C,C,No,C,C,C,C,C,C,C/D,C/D,C/D,C/D,C/D,C/D,C,C/D,C,C/D,C/D,C,C/D,No,No,C/D,C,No,No,No,C,C,No,No,No,C,C,C,No,C,C,No,No,No,No,No,No,No,C,C,C,No,No,No,No,C,C,No,No,C,No,No,No,No,No,C,C,C,No,No,No,C,No,No,C,C,C,C,No,No,No,No,No,No,C,No,No,No,No,No,No,No,No,No,No,No,C,No,No,No,C/D,No,No,No,No,No,No,C,No,No,No,No,No,No,No,No,No,No,No,No,No,No,No,No,No,C/D,No,No,No,No,No,No,No,C/D,No,No,C,No,C/D,C,No,No,No,No,No,No,No,No,No,No,No,No,No,No,No,No,No,No,No,No,No,No,No,No,C,No,C/D,No,No,No,No,C/D,No,No,No,No,No,No,No,C/D,BL01UK01IT021,UKIT021,554,18.46666667,2020,gb
R_1GQBhANACPZUkLb,Female,Left school at 18 with A-Levels or equivalent,Left school at 18 with A-Levels or equivalent,100,0,0,NA,Italian;100;,English;0;,,100,0,0,NA,Italian,NA,10,NA,NA,NA,I always (or almost always) speak Italian to my child,Italian,NA,10,NA,NA,NA,I always (or almost always) speak Italian to my child,First,NA,1,NA,NA,NA,C,C/D,C,No,No,No,C/D,C/D,C/D,C/D,C/D,No,No,No,No,No,C,No,No,No,No,No,No,No,C,No,No,No,No,No,C,No,C,No,C,No,No,No,No,No,No,No,No,No,No,C,No,No,No,No,No,No,No,No,No,No,No,No,No,No,C,No,No,No,No,No,C/D,No,No,No,C/D,No,No,No,No,No,No,No,No,C/D,No,No,No,C/D,No,No,No,No,No,No,No,No,No,No,No,No,No,No,No,No,No,No,No,No,No,No,No,No,No,No,No,No,No,No,No,No,No,No,No,No,No,No,No,No,No,No,No,No,No,No,No,No,No,No,No,No,No,No,No,No,C,No,No,No,No,No,C,No,No,No,No,No,No,No,No,C,No,C/D,No,No,No,C,No,No,No,No,No,No,No,No,No,No,No,No,No,No,No,No,No,No,No,No,No,No,No,No,No,No,No,No,No,No,No,No,No,No,No,No,No,No,No,No,No,No,No,No,No,No,No,No,No,No,No,No,No,No,No,No,No,No,No,No,No,No,No,C/D,C/D,No,No,No,No,C/D,No,No,C/D,No,No,No,No,No,No,No,No,No,No,No,C,C,C,C,C,C,C,C,C,C/D,C,C,C,C/D,C/D,C,C,C/D,No,No,No,No,No,No,No,No,No,C,No,C/D,No,No,No,No,No,No,No,No,No,No,No,No,No,No,No,No,No,No,No,No,No,No,No,No,No,No,No,No,No,No,No,No,No,No,No,No,No,No,No,No,No,No,No,No,No,No,No,No,No,No,No,No,No,No,No,No,No,No,No,No,No,No,No,No,No,No,No,No,No,No,No,No,No,No,No,No,No,No,C,No,No,No,No,No,No,No,C,No,No,No,C,No,No,No,No,C,No,No,No,No,No,No,No,No,No,No,No,No,No,No,No,No,No,No,No,No,No,No,No,No,No,No,No,No,No,No,No,No,No,No,No,No,No,No,No,No,No,No,No,No,No,No,BL01UK01IT022,UKIT022,812,27.06666667,2020,gb
R_215tQ24yJIjGwGJ,Female,University degree or equivalent,University degree or equivalent,70,30,0,NA,Italian;70;,English;30;,,100,0,0,NA,Italian,NA,10,7,9,Spanish,I always (or almost always) speak Italian to my child,Italian,NA,10,8,5,Spanish,I always (or almost always) speak Italian to my child,First,NA,1,NA,NA,3,C,C/D,C/D,C,C/D,C,C/D,C/D,C/D,C/D,C/D,C/D,C,C,C,C,C,C,C,C,C,C,C,C,C,C,C,C,C,C,C,C,C,C,C,C,C,C,C,C,C,C,C,C,C,C,C,C,C,C,No,No,C,No,C,C,C,C,C,C,C,C,C/D,C,C,C,C/D,C,C/D,C,C/D,No,C,C,No,No,No,C,C,C,No,C,C,C/D,C,C,C,C,C,C,C,No,No,C,C,C,C,C,C,C,C,C,C,C,C,C,C,C,C,C,C,C,C,C,C,C,C,C,C,C,C,No,C,C,C,C,C,C,C,C,C,C,No,C,C,C,C,C,C,C,C,C,C,C,No,C,C,C,C,C,C,No,C,C,C,C,C,C/D,C,No,C,C,No,C,C,C,C,No,C,C,No,No,C,C,C,C,No,C,No,C,C,C,No,No,C,C,C,C,C,C,C,C,C,C,C,C,No,No,C,C,C,C,C,No,No,No,No,No,C,C,C,C,No,No,C,C,C,No,No,C,C,C,C,C,No,C,C,No,No,No,No,C/D,C/D,C/D,C/D,C,No,C,C,C,C,No,C,C,C,C,C,C,C,C/D,C,C/D,C,C,C,C/D,C,C,C,C,C/D,C,C,C,C,C,C,C,C,C,C,C,C,C,C,C,C,C,C,C,C,C,C,C,C,C,C,C,C,C,C,C,C,C,C,C,C,C/D,C,C,C,C,C,C,C,C,C,C,C,C,C,C,C,C,C,C,C,C,C,C,C,C,C,C,C,No,C,C,No,C,C,C,C,C,No,C,C,C,C,C,C,C,C,C,No,C,C,C,C,C,C,No,No,C,C,No,No,C,C,C,No,No,C,C,C,C,C,C,C,C,C,C,C,C,C,C,No,C,C,C,C,C,C,C,C,C,C,C/D,C,C,C,C/D,C/D,C,C/D,C,C,C,C,C,C,C,C,C,C,C,C,C,C,C,C,C,C/D,C/D,C,C/D,C,C,BL01UK01IT023,UKIT023,633,21.1,2020,gb
R_2Se5n7DOvQZz4dy,Female,University degree or equivalent,University degree or equivalent,40,60,0,NA,Italian;40;,English;60;,,70,30,0,NA,Italian,NA,10,9,NA,NA,I always (or almost always) speak Italian to my child,English,NA,2,10,NA,NA,I always (or almost always) speak English to my child,First,NA,1,12,Always (or almost always) English,15,C/D,C/D,C/D,C/D,C,C/D,C/D,C/D,C/D,C/D,C/D,C/D,C,C/D,C/D,C,C/D,C/D,No,C/D,C,C/D,C/D,C/D,C,C/D,C/D,C/D,C/D,C,C/D,C/D,C/D,C,C,C/D,C,C,C/D,C,C/D,C/D,No,C/D,C/D,C/D,C/D,C/D,C/D,C/D,No,C/D,C/D,C/D,C/D,C/D,C/D,C,C,C,C,C/D,C/D,C/D,C/D,C,C/D,C/D,C/D,C,C/D,C/D,C/D,C/D,C/D,C/D,No,C,C/D,C/D,C,C/D,C/D,C/D,C/D,No,C/D,C,C/D,C/D,C,C,C/D,C/D,C/D,C/D,C,C/D,C/D,C/D,C,C/D,C/D,C,C,C,C/D,C/D,C/D,C,C,C/D,C/D,C/D,C/D,C,C/D,C/D,C,C/D,C,C,C,C/D,C/D,C/D,C/D,C/D,C,C,C,C/D,No,C,C/D,No,C,C,C/D,C,C,C/D,C,C,No,C,C/D,C/D,C,C,C,No,C,C/D,No,No,C/D,C/D,C/D,C/D,C,C/D,No,C,C,C/D,C,No,C/D,C/D,No,No,C,C/D,C/D,C/D,No,C/D,C,C,C/D,C/D,C/D,No,C,C,C,C,C,C,C,C/D,No,C,C,C,C,C,C,C,C,C,C/D,C,No,No,C/D,C,C,C,C,C,C,C,C/D,C,No,No,No,C/D,C,C,C,C/D,No,C/D,C/D,No,No,No,No,C/D,C/D,C/D,C/D,No,C,C,C,No,No,No,C,C/D,C/D,C/D,C/D,C/D,C/D,C/D,C/D,C/D,C,C/D,C,C/D,C,C,C,C,C/D,C,C,C/D,C,C,No,C/D,C/D,C/D,C,C/D,C,C,C/D,C/D,C,C,C,C,C,C,C,C,C,C,C/D,C,C,C,C,C,C,C/D,C,C,C,C,C,C,C,No,C,C,C,C,C,C,C,C,C/D,No,C,C,C,C,C,C,C/D,C,C,C,C,C,C,C,C,C,C,C,C,No,C,C/D,C,No,C,No,No,C,C,C/D,C/D,C/D,C/D,C,C,C,No,C/D,C,No,C,C,C/D,C/D,C,C,C/D,C,No,C,C/D,C/D,No,C/D,C/D,C,C/D,C,C/D,C/D,C,C,C,C,C,C,C,C,C/D,C,C,C/D,C,C,C/D,C,C,C,C,C/D,C/D,C/D,C,C,C,C,C/D,C,C/D,C,C/D,C,C/D,C,C,C/D,C/D,C,C/D,C,C,C,C,C,C/D,C,BL01UK01IT024,UKIT024,792,26.4,2020,gb
R_2YLNlK2PJLFS7bc,Male,Left school at 18 with A-Levels or equivalent,Left school at 18 with A-Levels or equivalent,70,30,0,NA,Italian;70;,English;30;,,80,20,0,NA,Italian,NA,10,7,0,NA,I always (or almost always) speak Italian to my child,English,NA,3,10,NA,NA,I always (or almost always) speak English to my child,Second,NA,2,NA,NA,0,C/D,C/D,C/D,C/D,C/D,No,C/D,C/D,C/D,C/D,No,C/D,No,No,No,No,C/D,No,No,No,No,No,No,No,No,C/D,No,C/D,No,No,C/D,No,No,No,C/D,C/D,No,No,No,C/D,C/D,No,No,No,No,No,C/D,C,C,No,No,C,No,C,C/D,C,No,No,No,No,C,C,C,C,C,No,C,C,C,C,C,No,No,No,No,No,No,No,C,C,No,C,C,C/D,C,No,No,No,C,No,C,No,No,No,No,C,No,No,C,C,No,No,No,No,No,No,C,No,C,No,No,No,C,C,No,No,No,No,No,No,No,No,No,No,No,No,No,C,No,No,No,C,No,No,C,No,C,No,C,No,No,No,No,No,No,No,C,No,No,No,C,No,C,No,C,C,No,C,C,No,C,C,No,C,No,C,No,No,No,No,No,No,No,C,No,No,No,C,No,No,No,No,C,No,C,C,C,No,No,No,No,No,No,No,No,No,No,No,No,No,No,No,No,No,No,No,No,No,C,No,No,No,No,No,C,No,No,C,No,C,No,C,C,No,No,No,C,C,No,No,No,C/D,C/D,C/D,C/D,No,No,No,No,No,No,C,No,No,C,No,C,No,No,C/D,No,C/D,C,C,No,C/D,C,No,No,No,C,No,No,C/D,No,No,No,No,No,No,No,C,No,C,No,C,C,No,No,No,No,C,C,C,No,No,No,No,No,C,No,C,No,C,No,No,No,No,No,C,No,No,No,No,C,No,No,No,No,No,No,No,No,No,No,No,No,No,C,No,No,No,No,No,No,No,No,No,No,No,No,No,No,C,No,No,No,No,No,No,No,No,No,No,C/D,C/D,No,No,No,No,No,No,No,No,C,No,No,No,No,No,No,No,C,No,No,No,No,No,C/D,No,No,No,No,C,C,No,C,No,No,No,No,No,No,No,No,No,No,C,C,No,No,No,C,C,C,C,C/D,No,No,No,C,No,C/D,No,No,No,No,No,C/D,No,C,No,C/D,No,No,No,No,No,BL01UK01IT025,UKIT025,580,19.33333333,2020,gb
R_31mgAbapYyqviim,Female,Left school at 18 with A-Levels or equivalent,Left school at 18 with A-Levels or equivalent,40,60,0,NA,Italian;40;,English;60;,,40,60,0,NA,Italian,NA,10,6,NA,NA,I regularly speak a mix of Italian / English / other languages to my child,English,NA,6,10,NA,NA,I regularly speak both Italian and English to my child,First,NA,1,NA,NA,4,No,C/D,C/D,C/D,C,C/D,C/D,C/D,C/D,C,C/D,C/D,C,C,C,C,C,C,No,No,No,C,C,C,C/D,No,No,No,No,C,C,C,C,C,C,C,C,C,C,C,C,C,No,C,C,C,C,C/D,C/D,C/D,No,No,C/D,C/D,C,C,C/D,C/D,No,No,C,C/D,C/D,C,C,C,C/D,C/D,C/D,C/D,C/D,C/D,C/D,C,C/D,C,C/D,C/D,C/D,C/D,C,C/D,C/D,C/D,C/D,C/D,C,C,C/D,C,C/D,C/D,C,C/D,C/D,C,C,C/D,C,C,C,C,C,C,C,C,C,C,C,No,C,C,C,C,C,C,No,C,No,C,No,No,C,No,No,No,C,No,C,No,C/D,C/D,C/D,C/D,C/D,C/D,C/D,No,C,C,No,No,C/D,C,No,No,C,C/D,No,C/D,No,C,C,C/D,C/D,C,No,C/D,C,C,C,C/D,C,C,C,C,C,C,C,C,C,C,C,C/D,C/D,C,C,C/D,C,C,C,C,No,No,C,C,C,C,C,C,C,C/D,No,C,C/D,No,C,No,C,C/D,C/D,C/D,C,C,C,No,No,No,C,C,C,C,No,C,C,C/D,No,No,No,No,C,No,C/D,C,No,C,No,C/D,No,C,No,C/D,C/D,C/D,C/D,No,No,No,No,No,No,No,C,C,C,No,C/D,C/D,C,C/D,C,C,C/D,C/D,C,C/D,C,C,C,C/D,C/D,C/D,C,C,C,C/D,C/D,C,C/D,C/D,No,C/D,C/D,C/D,C,C/D,C/D,C/D,C/D,C,C/D,C/D,C,C/D,C,C/D,C,C,C,C,C,C,C,C,C/D,No,C/D,C,C,C/D,C,C,C,C,C,C/D,C/D,C,C,C,C,C/D,C,C/D,C,C/D,C,C,C,C,C,C,C/D,C,C,C,C,C,C,C,C,C,C,C,No,No,No,No,No,C/D,C,No,C/D,No,C/D,C/D,C/D,C/D,C,C,C,C,C/D,C,No,No,No,No,No,No,No,C/D,C,C,C,C/D,C/D,C,C/D,No,No,C,C,C/D,C/D,No,C/D,C/D,No,No,C,No,C,No,C,C,C,No,No,No,No,No,C/D,No,No,No,No,No,No,No,C,No,C/D,No,No,No,No,No,No,C/D,C/D,C,No,C,No,C,C,C,R_31mgAbapYyqviim,R_31mgAbapYyqviim,1021,34.03333333,2020,gb
R_2OHl1Szy27hs5nI,Male,University degree or equivalent,University degree or equivalent,20,80,0,NA,Italian;20;,English;80;,,70,30,0,NA,Italian,NA,10,8,NA,NA,I always (or almost always) speak Italian to my child,Italian,NA,10,7,NA,NA,I always (or almost always) speak Italian to my child,First,NA,1,6,Always (or almost always) English,2,No,No,C/D,C/D,No,C/D,C/D,C/D,C/D,No,C/D,C/D,No,C,C,No,C,C,No,No,No,C/D,C,No,C,C/D,C/D,C,C/D,C,C/D,C,C,C,C,C/D,C/D,No,C/D,C,C/D,C,No,C/D,C/D,C,C,C/D,C,C,No,C,C,C/D,C,C,C/D,No,C,No,No,C/D,C,C/D,C,C,C/D,C,C/D,No,C/D,No,No,C,C/D,C,No,C/D,C/D,C/D,No,C/D,C/D,C/D,C/D,No,C/D,No,C/D,C,No,No,C/D,C/D,C,C/D,C,C,C/D,C/D,C,C,C,C/D,No,C,C,C/D,C/D,C,C/D,C/D,C/D,C,No,C,No,C,No,No,C,No,C,C,No,C,No,C,C,C/D,C,C,No,No,C,No,C,C,C,C,No,C,C,C,No,No,No,C,No,No,C,No,No,C,C/D,C,No,C/D,C/D,No,C,C/D,No,C/D,No,C/D,C,C,C/D,C/D,C,C/D,No,C/D,C,No,C,C,C,No,C/D,No,C,No,No,C/D,C,C,No,No,No,C,No,C,C,C,No,No,No,No,No,No,C/D,No,No,No,No,No,C,C,C/D,C/D,No,C,C/D,C,No,C,No,No,C,C,C,No,No,No,C/D,No,No,No,No,C/D,C/D,C/D,C/D,No,No,No,No,No,No,No,No,No,C,C,C,C,C,C/D,No,C,C,C,No,C/D,C,No,No,C,C/D,C,No,C,C/D,C,C,C,C,C,No,C,C,C,C,C,C,C,C,C,C,C,C/D,C,C,No,C/D,C,C,C,C,C,C,C,C,C,C,C,No,C,No,No,No,C,C,C,C,C,C,C,No,C,C,C,C,C,C,C,C,C,C,C,C,C,C,C,C,C,C,C,C,C,C,No,C,No,C,No,No,C,C,C,C/D,C,C/D,C/D,C,C,No,C,C,No,C,No,C/D,C/D,No,C,C/D,C/D,No,C,C/D,C,C,C,C,C,C,C,C,C/D,C/D,C,C,C,C,C,C,No,No,No,No,No,No,No,No,No,C,No,No,No,C/D,No,No,No,No,No,No,No,C,No,C/D,C,C,No,C,C,C,No,C,C,C,C,No,No,C/D,No,BL01UK01IT026,UKIT026,845,28.16666667,2020,gb
R_1q1IagyXUz2yYTE,Female,University degree or equivalent,University degree or equivalent,20,80,0,NA,Italian;20;,English;80;,,50,50,0,NA,English,NA,3,10,0,NA,I always (or almost always) speak English to my child,Italian,NA,10,0,NA,NA,I always (or almost always) speak Italian to my child,First,NA,1,7,Always (or almost always) English,1,C,C,No,C,C,C/D,C/D,C/D,C/D,C/D,C/D,C/D,C,C,C,C,C,C,No,C,C,C,C,C,C,C,C,No,C,C,C,No,C,C,C,C,C,C/D,C,C,C,No,No,No,C,C,C,C,C,C,No,C,C,C,C,No,C,No,C,No,C,C,No,C,No,C,C/D,C,C/D,No,C,No,C/D,C,C/D,C,No,C,C,C,C,C,C/D,C/D,C/D,C,C,C/D,C/D,C,C,C,C/D,C,C,C/D,C,C,C/D,C,C,C/D,C/D,C,C/D,C,C/D,C/D,C/D,C,C/D,C/D,C/D,C/D,C,No,No,C,No,C,No,No,No,No,No,No,No,C,No,No,C,C/D,C,C,C,No,C,No,C,No,No,No,No,No,No,No,No,C,No,C,C,No,No,C,C,No,No,C,C,C,C,C,No,C,No,C,C,C,C,No,No,No,No,C,C,C,C,C,No,No,C,C,No,No,No,No,C,C,No,C,No,C,No,No,C,C,C,No,C,C,No,No,C,No,No,No,No,No,No,No,No,No,No,C,C,C,No,C,C,C,C,No,C,No,No,C,C,No,No,No,No,C/D,C,C,C,No,No,No,No,No,No,No,C,C,C,C,C,C,No,C/D,No,C,C,C/D,No,C/D,C,C,No,C,C,No,No,No,No,No,C,C,No,C/D,No,C,C,C,C,C,C,No,C,C,C,C,C,C,No,C,C,C,C,No,C,No,No,C,C,C,C,C,No,C/D,No,No,No,C,C,C,C,C,No,C,C,C,C,C,C,C,No,No,C,No,No,C,C,C,C,No,No,C,No,C,No,No,C,No,No,No,No,No,No,No,C,C,C,No,C/D,C,C,C,C,C,No,No,C,No,C,C,No,No,C,No,No,C,C,C,No,No,No,No,C,No,C,C,No,No,No,No,C,C,No,C,No,C,No,C,C,C,C,No,C,C,C,No,C,C,C,C,C,C,No,No,C,C,C,C,C,No,C,C,C,No,C,C,C,C,No,No,No,No,BL01UK01IT027,UKIT027,840,28,2020,gb
R_W9imAmcH2PxO1lT,Female,University degree or equivalent,Left school at 18 with A-Levels or equivalent,70,30,0,NA,Italian;70;,English;30;,,100,0,0,NA,Italian,NA,10,8,0,NA,I always (or almost always) speak Italian to my child,Italian,NA,10,6,NA,NA,I always (or almost always) speak Italian to my child,Second,NA,2,NA,NA,2,C/D,C/D,C,C,No,C/D,C/D,C,C,C,No,No,No,C,No,No,C,C,No,C,No,No,C,No,C,C,No,No,C,C,C,C,No,No,C,C/D,C,No,C/D,No,C,C,No,C/D,No,No,C/D,C/D,C/D,C/D,No,No,C/D,No,No,C/D,C/D,C/D,C/D,C,C,C,C,C/D,C,C,C/D,No,C/D,No,C/D,No,No,No,No,C/D,No,No,No,C/D,C/D,C/D,C/D,C/D,C/D,No,C/D,No,C/D,No,No,No,No,C/D,No,C,No,C,C,C,C,C,C,No,No,No,C,C/D,C/D,No,C,C/D,C/D,C,C,C,No,C/D,No,C/D,C,No,No,No,C,No,C/D,C/D,No,C,C,C/D,No,C,C/D,No,C,C,C,C/D,C,C,C,C,No,C,C,C,C,C/D,C/D,No,C/D,C/D,C/D,C,No,C/D,C/D,C,C/D,C/D,No,No,No,C/D,C,C/D,No,C,C,No,C,C/D,C/D,C/D,C/D,C/D,C/D,C,C,C,No,No,No,C,C,C,No,C,C,C,C/D,C,C/D,No,C,No,No,C,No,C,C/D,No,C,No,No,No,C,C,C,C/D,No,C,C,C/D,No,C/D,No,C,C,C,C,No,No,C/D,No,C/D,C,C,No,C/D,C/D,C/D,C/D,C,No,No,No,No,No,No,C/D,C/D,C,C/D,C,C,No,C/D,C,C,C,C/D,C/D,C/D,C/D,C,No,C,C/D,No,C/D,C/D,C,C,C,C,C,C,C,C/D,C/D,C/D,C,C/D,C/D,C/D,C/D,No,C,C,C/D,C,No,No,C/D,C/D,C/D,No,No,C,No,C,C,C,C/D,C/D,No,No,No,No,No,C,C,C/D,C,No,No,C,No,C/D,C/D,C/D,C/D,C/D,No,C/D,C/D,No,C,C/D,C/D,No,C,C,C,No,C/D,C,No,No,No,C,C,No,C/D,C,No,C,C/D,C,No,C,No,No,No,No,No,No,No,No,No,No,No,No,No,No,No,No,No,C/D,No,No,No,C/D,No,No,C/D,No,No,No,No,No,No,No,No,No,No,No,No,No,No,No,No,No,No,No,No,No,C/D,No,C/D,No,C/D,No,No,No,No,No,No,No,No,No,C/D,No,No,No,No,No,No,No,No,No,No,No,No,No,BL01UK01IT028,UKIT028,661,22.03333333,2020,gb
R_3nfpa8pJxiPeiG7,Female,University degree or equivalent,University degree or equivalent,20,80,0,NA,Italian;20;,English;80;,,70,30,0,NA,Italian,NA,10,9,NA,NA,I regularly speak both Italian and English to my child,Italian,NA,10,6,NA,NA,I always (or almost always) speak English to my child,First,NA,1,3,Always (or almost always) English,2,C/D,C/D,C/D,C/D,No,C/D,C/D,C/D,C/D,C/D,C/D,C/D,C,C,C/D,C,C/D,C,C,C,C,C,C,C,C,C/D,C/D,C,C,C,C/D,C,C,C,C,C,C,No,C,C,C,C,No,C,C,C,C,C,C/D,C,No,No,C,No,No,C,C,No,C,No,C,C/D,C,C/D,C,C/D,C/D,C,C/D,No,C,No,C,C,C/D,No,C,C,C/D,C/D,No,C/D,C/D,C/D,C/D,No,C,No,C,No,No,No,C/D,C/D,C/D,C/D,C,C/D,C/D,C/D,C,C,C,C,C,C,C/D,C/D,C/D,C,C/D,C/D,C,C/D,No,No,No,C,C,C,C,No,No,C,No,C,C,C,C,C,C/D,C,C,C,C,C/D,C,No,C,C,C,C/D,C,C,No,C,C/D,C/D,C,C,C,No,No,C,C/D,C,C,C/D,C,C,C,C/D,No,C,C,C,C,No,C/D,C,No,C,C,C/D,C,C,C,C,C,No,C,C,C,C/D,C,C,C,C,No,C,No,C,C/D,C,C,C,C,No,No,C,C,No,C,No,No,No,C,C,C,C,C,C,No,No,No,C,No,No,No,No,C,C,C,C,No,C,C,No,No,C,C,C/D,C/D,C/D,C/D,C,C,No,No,No,No,No,C/D,C/D,C,C/D,C,C,C,C/D,C,C/D,C,C/D,C,C/D,C,C,C,C,C/D,C,C,C/D,C,C,No,C,C,C,C,C/D,C,C,C,C,C,C,C,C,C,C,C,C/D,C,No,C,C,No,C,C,C,C,C,C,C,C,C,C,C,No,C,C,C,C/D,C/D,C,C,C,C,No,C,C,C,C,C,C,C,C,C,C,C,C,C,C,No,No,No,C,C,C,No,C,C,C,C,C,No,No,C,C/D,C,C/D,C,C/D,C,No,No,C,No,C,No,No,C,C,C/D,No,C,C/D,No,C,C,C/D,C,No,C,C,C,C,No,C,C/D,C,C,C,No,C,No,No,C,No,C,No,C,C,No,No,No,C,C,C,C,C,C,C/D,C,C,C,C,No,C,C,C/D,C,C/D,C,C,C,No,No,C,C,C,C,No,No,No,No,BL01UK01IT029,UKIT029,796,26.53333333,2020,gb
R_2qlNWVDkbNgALSN,Male,University degree or equivalent,University degree or equivalent,60,40,0,NA,Italian;60;,English;40;,,80,20,0,NA,Italian,NA,10,7,NA,NA,I always (or almost always) speak Italian to my child,English,NA,2,10,0,NA,I always (or almost always) speak English to my child,First,NA,1,23,Always (or almost always) English,3,C/D,C/D,C/D,C/D,C,C/D,C/D,C/D,C/D,C/D,C/D,C/D,No,C,C,No,C/D,C,No,No,No,C,C,C,C,C/D,No,No,C,C,C/D,C,C/D,C/D,C/D,C/D,No,No,No,No,C,No,No,C,No,No,C,C/D,C/D,C/D,No,C/D,C/D,C/D,C/D,C,C/D,C,No,No,C,C/D,C,C/D,C,C,C/D,C/D,C/D,No,C/D,No,C/D,C/D,C/D,C/D,No,C/D,C/D,C/D,No,C/D,C/D,C/D,C/D,No,C/D,C,C/D,C/D,C/D,No,No,C/D,C/D,C,C/D,C/D,No,C,No,C,C/D,C/D,No,C,C/D,C/D,C/D,C,C,C/D,C/D,No,No,C,No,No,C/D,C/D,C,No,C,C,C,C,C,C,C/D,C/D,C/D,C/D,No,C,C,No,C/D,C,C,C,C/D,C/D,C/D,C/D,No,C,C/D,C/D,No,C,C/D,No,C,C/D,C/D,C,C,C/D,C,C,C/D,C/D,C,C,No,C/D,C/D,C,C,No,C/D,C,C,C/D,C/D,C/D,No,C/D,C,C,C,C,C,No,C,C,C,C,C,C,C,C,C,C,C,C,C,C,C,C,C,C,No,No,No,No,C,C,C,C,C,No,C,C,C,C,No,C/D,C,No,C,C,C/D,No,No,C,C,C,No,No,No,C/D,C/D,C/D,C/D,No,C,No,No,No,No,No,C/D,No,C/D,C/D,C,C,C,C/D,C,C/D,C,C/D,C,C/D,C/D,C,C,C/D,C/D,C,C,C/D,C,C,C,C,C,C,No,C,C,C,C,C,No,C,C,C,C,C,C,C,No,C,C,No,C/D,C,C,C/D,C,C,C,C,C,C,C,C,C,C,C,C,C,C/D,C,C,No,No,C,C,C,C,C,C,No,No,C,No,C,No,C,C,C,No,C,No,No,C,C,C,C,C,C,C,C,C,C,C,C,C,C/D,C/D,C/D,C,No,No,No,No,C,C,C,C,C/D,C,C,No,C,C,No,C,C/D,C,C,C,C,C,No,C,C,C/D,C,C,C,C,C,C/D,C,C,C,C,C,C,C,C,C,No,No,No,No,No,No,No,No,No,No,No,No,No,C,C,C,C,C,No,No,C/D,C,C/D,C/D,C,C,C,No,C,C,C,R_2qlNWVDkbNgALSN,R_2qlNWVDkbNgALSN,900,30,2020,gb
R_3FWfyEtmBzalkES,Female,University degree or equivalent,Left school at 18 with A-Levels or equivalent,30,70,0,NA,Italian;30;,English;70;,,40,60,0,NA,Italian,NA,10,8,0,NA,I always (or almost always) speak Italian to my child,English,NA,1,10,NA,NA,I always (or almost always) speak English to my child,First,NA,1,NA,NA,0,No,No,C/D,C/D,No,C/D,C/D,C/D,C/D,C/D,C/D,C/D,No,No,No,No,C,No,No,No,No,C/D,C,No,C,C,No,No,No,No,No,No,C/D,No,No,No,No,No,No,No,No,No,No,No,No,C,No,No,C,C,No,No,No,No,No,C,No,C,No,No,No,C,C,C,No,No,C/D,No,C/D,No,C,No,C/D,No,C,C,No,No,No,C/D,No,C/D,No,C/D,C/D,No,No,No,C/D,No,No,No,C/D,No,No,C/D,No,C,C,No,No,C,No,No,No,C,C,C/D,C,No,No,No,C,C,No,No,No,C,No,No,C,No,No,No,No,No,No,C,No,No,C,No,No,No,No,No,No,No,C,No,No,C,No,No,No,No,C,No,No,No,C,No,No,No,C/D,No,No,C/D,C,No,No,C,No,No,No,C,C,No,No,No,No,No,No,C,No,No,No,C,No,No,No,No,No,No,No,C,C,C,No,No,No,No,C/D,No,No,No,No,No,No,No,C,No,No,No,No,No,No,No,No,No,No,No,No,No,No,No,No,No,No,No,No,No,C,No,No,No,C/D,No,No,No,No,C/D,C,C/D,No,No,No,No,No,No,No,No,No,No,C,No,C,No,No,C/D,C,C/D,C,C/D,No,C/D,No,C,No,C,C/D,No,No,C/D,No,No,No,No,No,No,No,No,No,C,C,C,No,No,C,No,No,No,No,C,No,No,C,No,No,No,No,No,No,C,No,No,No,C,No,No,No,No,No,No,C,No,No,No,No,No,No,No,No,No,No,No,No,No,C,No,No,No,C,No,No,No,No,No,No,No,No,No,No,No,No,No,No,No,No,No,C,C,No,No,No,No,No,No,No,No,No,No,No,No,No,No,No,No,No,No,No,No,No,No,No,No,No,No,C,No,No,No,No,C/D,No,No,C/D,No,No,No,No,No,No,C,No,No,No,No,No,No,No,No,No,No,No,No,No,No,C/D,No,C,No,C/D,No,C,No,C,No,C,No,C/D,No,No,No,No,No,No,No,BL01UK01IT030,UKIT030,686,22.86666667,2020,gb
R_2aksv4WXzFzkAcf,Male,University degree or equivalent,University degree or equivalent,70,30,0,NA,Italian;70;,English;30;,,80,20,0,NA,Italian,NA,10,7,0,NA,I always (or almost always) speak Italian to my child,Italian,NA,10,8,NA,NA,I always (or almost always) speak Italian to my child,First,NA,1,22,Always (or almost always) English,4,C/D,C/D,C/D,C,No,No,C/D,C/D,C/D,C/D,C/D,C/D,No,No,No,No,C/D,C/D,No,No,No,C,No,No,No,C/D,No,No,C,C/D,C/D,No,No,C,C/D,C/D,No,C,No,No,C/D,C,No,No,C,No,C,C/D,C/D,C,No,C,C,C/D,C,C,C,No,C,No,C/D,C,C,C/D,C/D,C,C/D,No,C/D,No,C,No,C/D,No,C,No,No,No,C,C/D,No,C/D,C/D,C/D,C/D,C/D,C/D,C/D,C/D,C,C/D,C/D,No,No,C/D,C/D,C/D,C/D,C/D,C/D,C,No,C/D,C,No,No,C/D,C/D,C/D,No,C/D,C/D,C,C,C/D,No,No,C,No,C,C,No,No,No,No,C/D,No,C,No,No,C,C,C,No,C/D,No,C,No,C,No,No,No,C,C,No,C,C,C,No,C/D,No,No,No,No,C,No,C,C/D,C,C/D,C,C/D,No,No,No,No,C,No,No,No,No,No,C/D,C/D,C/D,No,C/D,C,C,C,C,No,No,No,No,No,No,No,No,No,No,C/D,C/D,No,C/D,No,C,No,C,C,C,No,C/D,No,No,No,No,No,C,No,No,C,No,No,C,No,No,No,No,No,C,C,C,No,No,C,C/D,No,C,No,No,C/D,C/D,C/D,C/D,No,C,No,No,No,No,No,C/D,C,C,C,C,C,C,C/D,C,C/D,C,C/D,C,C/D,C/D,No,C,C/D,C/D,No,C/D,C/D,C/D,C/D,No,No,No,C,C,C/D,No,C/D,C,C/D,C,C/D,C/D,C,C,C/D,C/D,No,No,No,C/D,No,C,C,C,C,No,C,No,C,C,C,No,C,C,No,No,C,No,C/D,C/D,No,No,C,No,C/D,C/D,C,C/D,C,C,C/D,C,C/D,No,No,C,C,C,C,No,C/D,No,C/D,C,No,C,No,C,C,C,C,C,C,C/D,C,C/D,C/D,C/D,No,No,No,No,C/D,No,No,No,No,C/D,C/D,No,No,C/D,No,No,No,C/D,C/D,No,C/D,No,No,C,No,No,C/D,No,C/D,No,C/D,No,No,No,No,No,No,No,No,No,No,No,C/D,C/D,No,C/D,C/D,C/D,C/D,C/D,No,C/D,C,C/D,No,C,No,C/D,No,C/D,No,C,C,C/D,No,C/D,No,C/D,No,No,No,No,No,R_2aksv4WXzFzkAcf,R_2aksv4WXzFzkAcf,936,31.2,2020,gb
R_1Fx06jv66a8VIAp,Female,University degree or equivalent,Left school at 18 with A-Levels or equivalent,50,50,0,NA,Italian;50;,English;50;,,70,30,0,NA,Italian,NA,10,8,NA,NA,I always (or almost always) speak Italian to my child,Italian,NA,10,8,NA,NA,I always (or almost always) speak Italian to my child,First,NA,1,5,Always (or almost always) English,2,No,C,C,C,No,C,No,C,No,C/D,No,C/D,No,No,No,No,C,No,No,No,No,No,No,No,No,No,No,No,No,No,No,No,No,C,No,No,No,No,No,No,No,No,No,No,No,No,No,No,No,No,No,C,No,No,No,No,No,No,No,No,No,No,No,No,No,No,C,No,C,No,No,No,No,No,No,No,No,No,No,C/D,No,No,No,No,No,No,No,No,C,No,No,No,No,No,No,No,No,No,No,No,No,No,No,No,No,No,No,No,No,No,No,No,No,C/D,No,No,No,No,No,No,No,No,No,No,No,No,No,No,No,No,No,No,No,No,No,No,No,No,No,No,No,No,No,No,No,No,No,No,No,No,No,No,No,No,No,No,No,C,No,No,No,No,No,No,No,No,No,No,No,No,No,No,No,No,No,No,No,No,No,No,No,No,No,No,No,No,No,No,No,No,No,No,No,No,No,No,No,No,No,No,No,No,No,No,No,No,No,No,No,No,No,No,No,No,No,No,No,No,No,No,No,No,No,No,No,No,No,No,No,No,No,No,C,C,C,No,No,No,No,No,No,No,No,No,No,No,No,No,No,C/D,No,C/D,C,C/D,No,No,C,No,No,No,No,No,No,C/D,No,No,No,No,No,No,No,No,No,No,No,No,No,No,No,No,No,No,No,No,No,No,No,No,No,No,No,No,No,No,No,No,No,No,No,No,No,No,No,No,No,C,No,No,No,No,No,No,No,No,No,No,No,No,No,No,No,No,No,No,No,No,No,No,No,No,No,No,No,No,No,No,No,No,No,No,No,No,No,No,No,No,No,No,No,No,No,No,No,No,No,No,No,No,No,No,No,No,No,No,No,No,No,No,No,No,No,No,No,No,No,No,No,No,No,No,No,No,No,No,No,No,No,No,No,No,No,No,No,No,No,No,No,No,No,No,No,No,No,No,No,No,No,No,No,No,No,No,No,No,No,No,No,No,BL01UK01IT031,UKIT031,478,15.93333333,2020,gb
R_3QDhIMFqTzwUbCe,Female,University degree or equivalent,University degree or equivalent,99,1,0,NA,Italian;99;,English;1;,,99,1,0,NA,Italian,NA,10,8,NA,NA,I always (or almost always) speak Italian to my child,Italian,NA,10,8,NA,NA,I always (or almost always) speak Italian to my child,Second,NA,2,NA,NA,0,C,C,C,C,No,No,C,C,C,C,No,C/D,No,C,No,No,C,C,No,No,No,C,C,C,No,C,C,No,C,C,C,No,No,No,C,C,No,No,C,No,No,No,No,No,C,C,C,No,No,C,No,No,No,No,No,C,No,C,C,C,C,C/D,No,C,No,No,C/D,No,C,No,C,No,No,C,C,C,No,C/D,C/D,C/D,No,C,C,C,C,C,C,C,C,C,C,No,No,No,C,C,C,C,C,C,C,C,C,No,No,C,C,C,C,No,C,C,C,C,C,C,No,C,No,No,No,No,No,No,No,No,No,C,No,No,No,C,No,No,C,No,C,No,C,C,No,C,C,C,No,C,C,C,No,No,C,No,C,C,C,C,No,C/D,C,C,No,C,No,No,No,No,No,C,C,No,No,No,No,C,C,No,No,No,No,No,No,No,No,No,C,C,C,C,No,No,No,No,C/D,No,C,No,C,No,No,No,C,No,No,No,No,No,No,No,C,No,C,C,No,No,C,No,No,No,No,No,C,No,C,No,No,No,C,No,No,No,No,C/D,C/D,No,C/D,No,No,No,No,No,No,No,C,C,C,C,C,C,C,C,C,C,C,No,C,C,C,C,C,No,C,C,C,C,C,No,C,No,C,C,No,C,No,C,C,C,No,No,C,C,C,No,No,No,No,No,No,C,No,C,C,C,No,C,No,No,No,C,C,C,No,No,No,C,C,C,No,C,No,No,No,No,C,C,C,C,No,No,No,No,C,C,No,No,No,No,No,No,No,No,No,No,C,No,C,No,No,No,No,No,No,No,No,No,No,No,No,No,No,No,No,No,No,No,No,No,No,No,No,No,No,No,No,No,No,No,No,No,C,No,No,No,No,C,No,No,No,No,No,C,No,No,No,No,No,No,C,C,C,No,C,C,C,C,C,C,C,C,No,No,C,No,C,C,C,No,No,No,C,C/D,C,No,No,No,No,No,C,C,BL01UK01IT032,UKIT032,438,14.6,2020,gb
R_1ODGciMpRKh98y2,Female,University degree or equivalent,Left school at 18 with A-Levels or equivalent,30,70,0,NA,Italian;30;,English;70;,,40,60,0,NA,Italian,NA,10,8,NA,NA,I regularly speak both Italian and English to my child,English,NA,0,10,NA,NA,I always (or almost always) speak English to my child,First,NA,1,10,Always (or almost always) English,0,C/D,C/D,C/D,C/D,C/D,C,C/D,C/D,C/D,C/D,C/D,C/D,No,C,C,C,C/D,C/D,No,C,No,C/D,C/D,C,C,C/D,C/D,C,C/D,C,C/D,C,C,C,C,C,C/D,No,C,C,C/D,C/D,No,C/D,C/D,C,C,C,C/D,C/D,No,C/D,C/D,C/D,C,C,C/D,C,No,No,C,C,C,C/D,C/D,C,C/D,C,C/D,No,C/D,C/D,C/D,C,C/D,C,No,C,C/D,C/D,C/D,C/D,C,C/D,C/D,C/D,C,C,C/D,C,C/D,C,C/D,C/D,C,C/D,C,C/D,C,C,C,C,C,C,C,C,C,No,C,C,C,C,C,C,C,No,No,C/D,No,C/D,C,C,C,C/D,C/D,C,C/D,C/D,C,No,C/D,C/D,C,C,C/D,C/D,C,C,C,C,C,C,C,C/D,No,C,C,C,C,C,C,C/D,C,C,C/D,C,C,C/D,C,C,C,C/D,No,C/D,C,C/D,C/D,No,C/D,C,C,C,C/D,C,C,C,C/D,C/D,C,C,C/D,C,C/D,C,C,C,C,C,C,C,C,C,C/D,C,C,C,C,C,No,C,C,C,C,No,C,No,C/D,No,C,C,C,C,C,C/D,C/D,C,No,C,C,C,C,C,C/D,C,No,C,C/D,C/D,No,C,C,C/D,C/D,C/D,C/D,No,No,No,No,C/D,C/D,No,C/D,C/D,C,C/D,C/D,No,C,C/D,C,C/D,C,C/D,C,C/D,C,C,C,C/D,C,No,C,C/D,C,C,No,C,No,C/D,C,C/D,C,C/D,C,C,C,C,C,C,C,C,C,C,No,No,C,C,C,C,C,C,No,C,C,C,C,C,C,C,C,C,C,C,C,C,C,C,C,C,C,C/D,C,C,C,C,C,C,C/D,No,C,C,C,C,C,C,C,C,No,C,C,C,C,C,C,C,C,C,C,C,C,C,C/D,C,C/D,C,No,No,No,No,No,No,C,C,C/D,C,C,C,C,C,No,C,C/D,C,C,C,C,C,C,C,C,C/D,C,C,C,C,C,C,C,C/D,C,C,C,C,C,C,C,No,C/D,No,C/D,No,C/D,C/D,C,No,C,C,C,C,C,C,C,C,C,C,C,C,C,C/D,C,C,No,C,No,C,C,C,R_1ODGciMpRKh98y2,R_1ODGciMpRKh98y2,971,32.36666667,2020,gb
R_2qErqUAVYFEaod0,Male,University degree or equivalent,University degree or equivalent,40,60,0,NA,Italian;40;,English;60;,,50,50,0,NA,Italian,NA,10,8,NA,NA,I always (or almost always) speak Italian to my child,English,NA,1,10,NA,NA,I always (or almost always) speak English to my child,First,NA,1,10,Always (or almost always) English,2,C/D,C/D,C/D,C/D,No,C/D,C/D,C/D,C/D,C/D,C/D,C/D,No,C,C/D,No,C/D,C/D,No,No,No,C,C/D,C,No,C/D,C/D,C/D,C,C/D,C/D,C,C/D,C,C,C/D,C,No,C,C,C/D,No,No,C/D,C,No,C,C,C/D,C/D,No,C/D,C/D,C,C/D,C/D,C/D,No,No,No,No,C/D,No,C/D,No,No,C/D,C/D,C/D,No,C/D,No,C/D,C/D,C,C,C,C/D,C,C,C/D,C/D,C/D,C,C/D,C,C/D,C,C/D,C/D,C/D,No,C/D,C,C/D,C/D,C/D,C/D,C/D,C,C,C/D,C/D,C,No,No,C/D,C/D,C/D,C,C/D,C/D,C/D,C,No,No,C,C/D,C,C,C,No,No,C,C/D,C,C,C/D,C,C/D,C/D,C/D,No,No,C/D,C/D,C,C,C,C,No,C,No,C,No,No,C,C/D,No,C,C,No,No,C/D,C/D,No,No,C/D,C/D,C,C,C/D,No,C,No,C,C,C,C/D,C,No,No,No,C/D,C,C/D,C/D,C,No,No,C,C,C,C/D,C,C,C,C,No,C,C,C/D,C/D,C/D,C/D,C,C,No,C/D,C,C/D,No,C,C/D,No,No,C,C,C,C,C,C/D,C,No,C/D,C,No,C,No,No,C,C,C,C,No,C/D,C,No,No,C,No,C/D,C/D,C/D,C/D,C,No,No,No,No,No,No,C/D,C/D,C,No,C/D,C,C,C/D,C/D,C/D,C/D,No,No,C/D,C,C,C,C/D,C/D,No,No,C/D,C/D,No,C,No,No,C/D,No,C,C,C/D,No,C,C,C,C,C,C,C,C,No,C,C,C/D,C,C/D,C,C,C,No,C,C,C,C,C/D,C,C,No,No,C,No,C,C/D,C,C,No,C,No,C,No,C,C,C/D,No,C,C,No,No,No,C,C,C,No,No,No,C,C,C,No,No,No,C,No,No,No,No,C,C,C,C/D,C,C/D,C,No,No,No,No,C,No,C,No,C/D,C/D,No,No,C/D,No,No,No,C/D,C,No,C/D,C,C,C,No,C,C/D,No,C,C,C,C,C,C,No,No,No,No,No,No,No,C/D,No,No,No,C,No,C/D,No,C/D,C,C,C,C,No,No,No,C/D,No,C,No,C,C,C/D,C/D,No,No,No,C,No,No,C,C/D,BL01UK01IT033,UKIT033,764,25.46666667,2020,gb
R_RkMdGbZ5bzdyPBf,Male,University degree or equivalent,University degree or equivalent,50,50,0,NA,Italian;50;,English;50;,,100,0,0,NA,Italian,NA,10,7,NA,NA,I always (or almost always) speak Italian to my child,Italian,NA,10,NA,NA,NA,I always (or almost always) speak Italian to my child,First,NA,1,26,Both Italian and English regularly,4,C/D,C/D,C/D,C/D,C/D,C/D,C/D,C/D,C/D,C/D,C/D,C/D,C,C/D,C,C,C/D,C/D,C,C/D,No,C,C,C,C/D,No,C,No,C,C/D,C/D,No,C/D,C,C/D,C/D,C,No,No,C,C/D,C,No,No,No,No,No,C/D,C/D,C,No,C/D,C,C,C,C,C/D,C,No,No,C,C,C,C/D,C,No,C/D,C,C/D,C,C/D,C,C,C,C,C,C,C,C/D,C/D,C,C/D,C/D,C,C/D,C/D,C/D,C/D,C/D,C,C,C/D,C,No,C/D,C/D,C/D,C/D,C,C/D,C,C/D,C/D,C,C,C/D,C/D,C/D,C/D,C,C/D,C/D,C/D,C/D,C/D,No,C,C,No,C,C,No,C,C,No,C,C/D,C,C,C,C,C/D,C,No,C/D,C/D,C,No,C,C,No,C,C,C,No,C,C/D,C/D,No,C,C/D,No,No,C,C/D,No,No,C/D,C,C,C,C/D,C,C,No,C,C,C/D,No,C,C,C,No,C/D,C/D,No,C/D,C,No,C,C/D,C/D,C,No,C,C,C,C,No,No,C,C/D,C/D,No,C,C,C,C,C/D,C,C,No,C/D,No,No,No,C,No,C,C,C,C,C,C,C,C,No,No,C,C,C,C,C,No,No,C,C/D,C,No,C,No,C/D,C/D,C/D,C/D,No,No,C,C,C,C,C,C/D,C/D,C,C/D,C/D,C/D,C,C/D,C,C,C,C/D,C,C/D,C,C,C,C/D,C/D,No,C,C/D,C,C/D,C,C/D,C,C/D,C,C/D,C,C/D,C,C/D,C,C/D,C/D,C,C,C/D,C/D,C,C,C,C/D,C/D,C,C,C/D,C,C,C,C,No,C,C,No,C,C,No,C,C,C,C,C,No,No,No,No,C,C/D,C,C/D,C,No,No,C,No,C,No,C,C,C,No,C,C,C,C,C,No,C,No,No,No,No,No,No,C,C/D,C,C/D,C/D,C/D,C,C,C,C,C/D,C,No,C,No,C/D,C/D,No,No,C/D,C/D,No,C,C/D,C/D,No,C,C,C,C,C/D,C,C/D,No,C,C,C,C,C,C,C,C,C,C,C,C,C,C,C/D,C/D,C/D,C/D,C/D,C/D,No,No,No,C/D,C/D,C,C,C,C,C/D,C,C/D,No,C,C,No,No,C,C,No,C,No,No,C,C,R_RkMdGbZ5bzdyPBf,R_RkMdGbZ5bzdyPBf,939,31.3,2020,gb
R_2BnRhdOFzO9yAW2,Female,NA,NA,50,50,0,NA,Italian;50;,English;50;,,50,50,0,NA,Italian,NA,10,7,NA,NA,I always (or almost always) speak Italian to my child,Other(s),Latvian,10,9,NA,NA,I always (or almost always) speak English to my child,First,NA,1,18,Always (or almost always) English,2,C/D,C/D,C/D,C/D,C/D,C/D,C/D,C/D,C/D,C/D,C/D,C/D,No,C,C,C,C/D,C,No,C,C,C,C,C,C,C,C,C,C,C,C,C,C,C,C,C/D,C,No,C,C/D,C,C,No,C,C,C,C,C,C,C,No,C,C/D,No,C,C,C,C,C,C,C,C,C,C/D,C/D,C,C/D,C/D,C/D,C,C,C,C,C/D,C,C,C,C,C,C/D,C,C/D,C/D,C/D,C/D,C,C/D,C,C/D,C/D,C/D,C,C,C/D,C/D,C/D,C/D,C/D,C/D,C,C,C,C,C,C,C,C/D,C/D,C/D,C,C,C,C/D,C/D,C,C,C/D,C,C,C/D,C,No,C,C,C,C,C,C,C,C,C,C/D,C,C,C/D,C/D,C,C,C,C,C,C,C,C,No,C,C,C/D,C,C,C,No,C,C,C,C,C,C/D,C,C,C,C/D,No,C,C,C,C,C,C,C,C,C,C,C/D,C/D,C,C,C,C,C,C/D,C,C,C,C/D,C,C,C,No,No,C,C,C,C,C,C,C,C,C,C,C,C,C/D,No,C,No,No,No,C,No,C,C,No,No,C,C,No,No,C,C,C,C,C,C,C,C,C/D,C,C,C,C,C/D,C/D,C/D,C/D,C,C,C,C,C,C,C,C/D,C/D,C/D,C/D,C/D,C,C,C/D,C,C/D,C/D,C/D,C,C/D,C,C,C,C/D,C/D,C,C,C/D,C,C,C,C,C,C,C,C/D,C,C/D,C/D,C/D,C/D,C,C,C,C,C,C/D,C,No,C,C/D,C,C,C,C,C,C,C,C,C/D,C,C,C,C/D,C,C,C,C,C,C/D,C,C,C,C,C,C/D,C/D,C,C,C,C,C,C,C,C,C,C,C,C,C,C,C,C,C,C,C,C,C,C,C,C,C,C,C/D,C,C,C/D,C,C/D,C/D,C,No,No,C,C,No,C/D,C,C/D,C/D,C,C,C,C,No,C,C/D,C,C,C,C,C,C,C,C,C/D,C,C,C,C,C,C,C,No,C,C,C,C,C,C,C,C,C/D,C,C/D,C,C/D,C,C,C,C,C,C,C,C,C,C/D,C,C/D,C,C,C,C/D,C/D,C,C,C,C,No,No,C,C,BL01UK01IT034,UKIT034,738,24.6,2020,gb
R_2woWNfHNXcmf8RS,Male,University degree or equivalent,University degree or equivalent,60,40,0,NA,Italian;60;,English;40;,,80,20,0,NA,Italian,NA,10,6,NA,NA,I always (or almost always) speak Italian to my child,Italian,NA,10,8,NA,NA,I regularly speak both Italian and English to my child,First,NA,1,9,Always (or almost always) English,2,C/D,C,C/D,C/D,C/D,C/D,C/D,C/D,C/D,C/D,C/D,C/D,No,C/D,C,C,C/D,C/D,No,No,No,C/D,C,C,C/D,C/D,C/D,C/D,C,C,C/D,C,C/D,C/D,No,C/D,C/D,No,C,C/D,C,C,No,C/D,C,C/D,C,C/D,C/D,C/D,No,C/D,C/D,C/D,C/D,C,C/D,No,No,No,C,C/D,C,C/D,C,No,C/D,C/D,C/D,No,C,No,C/D,C,C/D,No,No,C/D,C/D,C/D,C,C/D,C/D,C/D,C/D,No,C/D,C,C/D,C/D,C/D,No,C/D,C/D,C,C/D,C/D,C/D,C/D,C/D,C,C,C,C,C,C,C/D,C/D,C/D,C/D,C,C/D,C/D,C/D,C,C,C,C,No,C/D,C,C,C,C,No,No,C/D,C,No,C,C,C,No,C,C/D,No,C,No,C,C/D,C/D,C/D,C,C,No,No,C,C/D,No,C/D,C,No,C,C,C/D,C,C,C/D,C,No,C,C/D,No,C/D,No,C,No,C,C/D,C,No,No,No,C/D,C/D,C,C/D,C/D,No,No,C/D,C,C,No,C,No,C,No,No,No,C,C,C/D,No,C,C,C,No,No,C,No,No,C/D,No,No,No,No,No,C,No,C/D,C,No,No,C,No,No,C/D,No,No,C,C/D,C,C/D,No,C,C/D,No,No,No,No,C/D,C/D,C/D,C/D,C,C,No,No,No,No,No,C/D,C/D,C,C/D,C/D,C/D,No,C/D,C/D,C,C,C/D,C,C/D,C,C,C/D,No,C/D,No,C,C/D,C/D,C/D,No,No,No,C,C,C/D,C,C,C,C/D,C,C,C,C,C,C,C,C,No,No,C,C,No,C,C,No,C,C,No,C,C/D,C,No,C,No,No,C,C,C,C,C,C,No,C,C,C,C/D,C,C/D,C,No,C/D,C,No,No,No,C/D,C,C,No,C,C/D,No,C/D,C,C,C,C,C,C,C,C,C,C,C/D,C,C/D,C,C/D,C,No,No,No,C,C,No,C,No,C/D,C/D,No,C,C,C,No,C,C/D,C,No,C,C,C,No,No,C,C/D,C,No,C/D,C/D,C/D,C,No,No,C/D,No,No,C/D,No,No,C/D,C,C/D,No,C,C,C/D,C,C,C,No,No,C,C,C/D,C,C/D,C,C/D,No,C/D,C/D,No,C/D,C/D,C,No,C,No,No,C/D,C/D,BL01UK01IT035,UKIT035,611,20.36666667,2020,gb
R_2P1EXzJTKG5zgGK,Male,University degree or equivalent,University degree or equivalent,39,60,1,NA,Italian;39;,English;60;,Other;1;,29,70,1,NA,Italian,NA,10,9,NA,NA,I regularly speak both Italian and English to my child,English,NA,2,10,9,Bengali,I always (or almost always) speak English to my child,Second,NA,2,10,Always (or almost always) English,3,C/D,C,C,C,C,C/D,C/D,C/D,C/D,C/D,C/D,C/D,No,No,C/D,No,C/D,C/D,No,C,No,C/D,C/D,C,C,C/D,C/D,C/D,C/D,No,C,No,C/D,C/D,No,C/D,C,No,C,No,C,C,No,C,C,C,C,C/D,C,C/D,No,C,C,No,No,C,C/D,C,No,No,No,C,C/D,C/D,No,No,C/D,C,C/D,No,C,C,C,No,C/D,No,No,C,C,C/D,C,C/D,C/D,C/D,C/D,C,C/D,No,C/D,C/D,No,No,No,C/D,No,C/D,C,C/D,C/D,C,No,C,C,No,No,No,C/D,C/D,C,No,C,C,C/D,C,No,No,No,C,No,C/D,No,No,No,C,No,No,No,C,No,C,C/D,C/D,No,No,C/D,No,C,No,C,No,No,C,No,No,No,No,C,C,No,C,C,No,No,C,C,C,No,C/D,C,C,C,C,No,C,No,C/D,No,No,C/D,No,No,No,No,C/D,No,No,No,C,No,No,C,No,C,No,No,No,No,C,No,No,C,No,C/D,No,No,C,C,No,No,No,C/D,No,C,No,No,No,No,No,No,No,C,No,No,No,No,No,No,No,C,No,No,No,C,No,No,No,C,No,No,No,No,C/D,C/D,C/D,No,No,No,No,No,No,No,C,No,No,C,C,C/D,C,No,C/D,C,C,C,C/D,No,C/D,C,No,No,No,C/D,No,No,No,C,C,No,No,No,C/D,No,C,C,C,C,C,C,C/D,C,C,C,C,C,No,No,C,C,C,C,No,C,No,No,C,C,No,C,C,No,C/D,C,No,C,No,No,C,C,No,No,C,No,C,C,C,C,C,No,C,C,No,No,No,C/D,No,C,No,No,No,C,No,C,No,No,C,No,No,No,No,No,No,C,C/D,C/D,C,C/D,C,No,No,No,No,No,No,C,No,No,C/D,No,No,C,No,No,No,No,C,No,C,C,No,C,No,C,No,No,C,C,No,C/D,C,No,No,No,No,No,No,No,No,C,No,No,No,No,No,C/D,No,C/D,No,No,No,C/D,C,C,No,C/D,C/D,C/D,C,No,No,C/D,C,C/D,No,No,No,No,No,C,C,BL01UK01IT036,UKIT036,672,22.4,2020,gb
R_1H8HT1vUk2p84kT,Female,University degree or equivalent,University degree or equivalent,30,70,0,NA,Italian;30;,English;70;,,40,60,0,NA,Italian,NA,10,9,6,German ,I regularly speak both Italian and English to my child,English,NA,6,10,NA,NA,I always (or almost always) speak English to my child,First,NA,1,NA,NA,1,No,No,No,No,No,No,No,No,No,No,No,No,No,No,No,No,No,No,No,No,No,No,No,No,No,No,No,No,No,No,No,No,No,C,No,No,No,No,No,No,No,No,No,No,No,No,No,No,No,No,No,No,No,No,No,No,No,No,No,No,No,No,C,C,No,No,C,No,No,No,No,No,No,No,No,No,No,No,No,No,No,No,No,No,No,No,No,No,No,No,No,No,No,No,No,No,No,No,No,No,No,No,No,No,No,No,No,C,No,No,No,No,No,No,No,No,No,No,No,No,No,No,No,No,No,No,No,No,No,No,No,No,No,No,No,No,No,No,No,No,No,No,No,No,No,No,No,No,No,No,No,No,No,No,No,No,No,No,No,No,No,No,No,No,No,No,No,No,No,No,No,No,No,No,No,No,No,No,No,No,No,No,No,No,No,No,No,No,No,No,No,No,No,No,No,No,No,No,No,No,No,No,No,No,No,No,No,No,No,No,No,No,No,No,No,No,No,No,No,No,No,No,No,No,No,No,No,No,No,No,No,No,No,No,No,No,No,No,No,No,No,No,No,No,C,No,No,No,No,No,No,No,No,No,No,C,No,No,No,No,No,No,No,No,No,No,No,No,No,No,No,No,No,No,No,C,No,No,No,No,No,No,No,No,No,No,No,No,No,No,No,No,No,No,No,No,No,No,No,No,No,No,No,No,No,C,No,No,No,No,No,No,No,No,No,No,No,No,No,No,No,No,No,No,No,No,No,No,No,No,No,No,No,No,No,No,No,No,No,No,No,No,No,No,No,No,No,No,No,No,No,No,No,No,No,No,No,No,No,No,No,No,No,No,No,No,No,No,No,No,No,No,No,No,No,No,No,No,No,No,No,No,No,No,No,No,No,No,No,No,No,No,No,No,No,No,No,No,No,No,No,No,No,No,No,No,No,No,No,No,No,No,No,No,No,No,No,No,BL01UK01IT037,UKIT037,373,12.43333333,2020,gb
R_3siTrT3H9kinX9m,Male,University degree or equivalent,Left school at 18 with A-Levels or equivalent,40,60,0,NA,Italian;40;,English;60;,,60,40,0,NA,Italian,NA,10,8,NA,NA,I regularly speak both Italian and English to my child,English,NA,4,10,NA,NA,I regularly speak both Italian and English to my child,First,NA,1,12,Always (or almost always) English,1,C,C/D,C/D,C/D,C,C/D,C/D,C/D,C/D,C/D,C/D,C/D,C,C,C/D,C/D,C/D,C/D,No,C/D,No,C/D,C/D,C/D,C/D,C/D,C/D,C/D,C/D,C/D,C/D,C/D,C,C,C,C/D,C/D,No,C/D,C,C/D,C/D,No,C/D,C/D,C/D,C,C/D,C/D,C/D,No,C/D,C/D,C/D,C/D,No,C/D,No,C/D,C,C,C/D,C/D,C/D,C,C/D,C/D,C/D,C/D,No,C/D,C/D,C,C,C/D,No,C/D,C/D,C/D,C/D,C,C/D,C/D,C,C/D,C/D,C/D,C/D,C/D,C/D,No,C,C/D,C/D,C/D,No,C/D,C/D,C/D,C/D,C,C/D,C/D,C,C/D,C/D,C/D,C/D,C/D,C/D,C/D,C/D,C/D,C/D,No,No,C/D,C/D,No,C/D,No,No,No,No,C/D,No,C/D,C/D,C/D,C/D,C/D,C/D,No,No,C,No,C,C,C,C/D,No,C/D,C/D,C/D,No,No,C/D,C/D,No,C/D,C/D,No,C,C/D,C/D,No,No,C/D,C/D,C/D,C/D,C/D,No,No,No,C/D,No,No,C/D,No,No,No,No,C,C/D,C,C/D,C/D,No,No,C/D,C/D,C/D,No,C/D,C/D,C,C,No,C/D,No,No,C/D,No,C/D,No,C/D,No,C,C/D,No,C/D,C/D,C/D,No,No,C/D,No,C/D,No,No,C/D,No,No,No,No,No,No,No,C/D,C/D,C,C/D,No,No,C,C/D,No,No,No,No,C/D,C/D,C/D,C/D,No,No,No,No,C/D,C/D,No,C,C,C/D,C/D,C/D,C/D,C,C/D,No,C/D,C/D,C/D,No,C/D,No,No,C,C/D,C/D,C,No,C,C,C,C,No,No,C/D,No,C/D,C,C,C,C,C,C,C,C,No,No,No,C/D,No,No,C,No,No,No,No,No,C,C,C,C,No,C,No,C,No,No,No,No,C,No,No,No,No,No,No,No,No,C,C,C,C,C,C,No,No,C/D,C,No,No,No,No,C/D,No,No,No,No,No,No,C/D,No,C,No,No,C,C,C,C/D,No,C/D,C/D,No,C,No,No,No,No,C,No,C/D,C/D,No,C/D,C/D,No,No,No,C/D,C/D,No,C/D,C/D,No,C/D,No,No,C/D,C/D,C,C,C,C/D,C,C,C,C,No,No,C,C,C,C,No,No,No,No,No,No,No,No,No,No,No,C,C,C,C,C,C,C,No,C/D,C/D,C,C,C/D,C,C,C/D,C,C,C,C,BL01UK01IT038,UKIT038,704,23.46666667,2020,gb
R_1otiRNqMzzCensy,Male,University degree or equivalent,Left school at 18 with A-Levels or equivalent,60,40,0,NA,Italian;60;,English;40;,,80,20,0,NA,Other(s),Bilingual Sardinian and Italian,10,NA,10,Sardinian,I regularly speak both Italian and English to my child,English,NA,NA,10,NA,NA,I always (or almost always) speak English to my child,First,NA,1,11,Always (or almost always) English,1,C/D,C/D,C/D,C/D,C,C/D,C/D,C/D,C/D,C/D,C,C/D,C,C/D,C,C,C,C,No,C,No,C/D,C,C,No,C/D,No,C,C,C,C,C,C,C/D,C,C,C,No,C,C,C,C,C,C,C,No,C,C,C,C/D,No,No,C,C,No,C,C,C/D,C,No,C,C,C,C/D,C,C,C/D,C,C/D,C,C,C,C,No,C,C,C,C,C,C/D,No,C/D,C,C/D,No,C,C,C,C,No,C,No,C/D,C/D,C,C,C,C,C,C,C,No,C,No,No,C,C,C,C/D,No,C,No,C,C/D,No,C,No,C/D,No,C,No,No,No,No,No,No,C/D,C,C,C,C,C/D,C,No,C,C,C,C,C,C,C,C,C,C,No,C,C,C,No,C,C,No,C,C,No,C,C,C/D,C,C,C,C/D,No,No,No,C,No,C,C,C,No,No,C,C,C,No,No,No,No,No,C,No,C/D,No,C,C/D,C,C,C,C,C,C,C/D,C,C,C,C,C,No,C,No,C,C/D,No,C,C,C,C,C,C,C,C,No,C,C,C/D,C,C,No,C,C,C,C,C,No,C/D,C,No,No,No,No,C/D,C,C/D,C/D,No,No,No,No,No,No,No,No,No,C,C/D,C/D,C/D,C,C/D,C,C/D,C,C/D,C,C/D,C,C/D,C,C,C,C,C,C,C,C,C,C,C,C,No,C,C,C,C,C,C,No,No,C,No,C,C,C,C,No,C,C/D,C,C,C,C,No,C/D,C,C,C,C,No,C,No,No,C,C,C,C/D,C,C,C,C,No,C,C,C,C,C,No,C,C,C,C,No,C,C,C,C,No,C,No,C,C,C,C,C,C,C,C,C,C,C,C,C,No,C,C,C,No,No,No,No,C,No,C,C,No,C,No,C,C,No,No,C,No,C,No,C,No,No,C,C,No,No,No,C,C,C,C/D,No,No,C,No,C,No,C,No,No,C,No,No,No,C,C,C,C,C,No,C,C,No,No,C,C,C/D,No,C,No,No,No,C,C,C,No,No,No,No,No,No,No,BL01UK01IT039,UKIT039,628,20.93333333,2020,gb
R_8ol3T4Cuus9Ckw1,Female,University degree or equivalent,University degree or equivalent,35,65,0,NA,Italian;35;,English;65;,,60,40,0,NA,Italian,NA,10,7,6,Spanish,I always (or almost always) speak Italian to my child,English,NA,1,10,NA,NA,I always (or almost always) speak English to my child,Second,NA,2,4,Always (or almost always) English,1,C,C/D,C/D,C/D,C/D,No,C/D,C,C/D,C/D,C/D,C/D,No,No,C/D,No,C,C,No,C,No,C,C,C,C,C,C,C,C,C,C,C,C,C,C,C,No,No,C,No,C,C,No,C/D,C,C,C,C,C,C,No,C,C,C,C,C,No,C,No,No,No,C,C,C,No,No,C/D,C,C/D,No,C,C,No,No,No,C,No,No,No,C,No,C,C,C,No,No,C,C,No,No,No,No,No,No,No,C,No,C,C,C,No,No,No,No,No,No,C,C,C,C,No,C,C,C,No,No,No,C,No,C,No,No,No,C,No,No,No,C,No,C,C,C,C,No,C,No,No,No,No,No,No,No,No,C,No,No,C,C,No,C,C,No,No,No,No,C,No,C/D,C,C,No,C,No,C,No,C,C,No,No,No,No,No,C,No,C,No,C,No,No,No,No,No,No,No,No,No,C,No,No,No,No,No,C,No,C,C,No,No,No,C,C,No,C,No,No,No,No,No,C,No,No,No,No,No,C,No,No,C,No,C,C,No,C,No,No,No,C,No,No,No,No,C/D,C,C,C/D,No,No,No,No,C,No,C/D,No,No,No,C,C,No,No,C,No,C,C,C,No,C,C,C,No,No,C,C,No,C,No,No,No,No,No,C,No,C,No,C,C,C,C,C,C,C,No,No,C,No,No,No,C,C,C,No,No,C,No,C,No,No,C,No,No,No,No,No,No,No,No,C,No,No,No,No,No,No,C,No,C,C,No,No,C,No,No,No,No,No,C,No,No,No,No,No,No,No,C,C,No,No,C,No,No,C,No,C,No,No,C,C,No,No,No,No,No,No,C,No,No,C,No,C,No,C,No,C,No,C,No,C,C,No,C,No,No,No,C,C,C,No,C,No,No,No,No,No,No,No,No,No,No,No,No,No,No,No,C,C,C,C,No,C,No,No,C,C,C,No,C,No,C,C,C,No,C,No,No,C,No,No,No,No,BL01UK01IT040,UKIT040,495,16.5,2020,gb
R_2Y3TeBWzayt9cg4,Female,University degree or equivalent,University degree or equivalent,30,70,0,NA,Italian;30;,English;70;,,50,50,0,NA,Italian,NA,10,9,7,Spanish,I always (or almost always) speak Italian to my child,English,NA,4,10,NA,NA,I always (or almost always) speak English to my child,First,NA,1,12,Always (or almost always) English,NA,C,C/D,C/D,C/D,C/D,C/D,C/D,C/D,C/D,C/D,C/D,C/D,C,C,No,C,C,C,C,C,No,C,C/D,C,C,C,C,C/D,C,C,C,C,C,C,C,C,No,No,C,No,No,No,No,C,C,No,C/D,C,No,C,No,C/D,C,C,C,C,C,No,C,C,No,C,C,C,No,C,C/D,No,C/D,No,C/D,C,C,C,C/D,C,No,C,C,C,No,C,C,C/D,C/D,C,C,C,C,C,C,C/D,C/D,No,C,C,C,C,C,C,No,C,C,No,C,C,C,C,C,No,C,C,C,C,C,C,No,C,No,C,C,No,No,C/D,C/D,C,No,No,C,C,C,C,C,C,C,No,C,C,No,No,C,C,C,No,No,No,C,C,No,C,C,No,C,C,C,No,No,C/D,C,C,C,C,No,C,No,C,C,C,C,No,No,No,No,No,C,No,No,C,No,No,C,C,C,No,No,No,C,No,No,No,No,No,No,C/D,C,No,No,No,No,C,No,No,No,No,No,No,No,No,No,C,No,C,No,No,C,C,C,No,No,C,C,C,C,No,No,C,No,No,No,No,No,C/D,C/D,No,C/D,No,No,No,No,No,No,No,C/D,No,C,C,C,C,C,C/D,C,C/D,C,C,C,C/D,C,C,C,No,No,No,No,C,C,C,No,C,No,C,No,C,No,C,C,C,C,C,C,C/D,No,C,C,C,No,No,No,No,No,No,No,C,No,C,C,No,C,C,No,No,No,No,No,C,C,C,C/D,No,No,C/D,C,C,C,C,C,C,No,C,C/D,No,No,C,C,C,C,C,C,No,No,C,C,No,C,No,C,C,No,No,No,C,No,No,C/D,No,No,No,No,No,No,No,No,No,No,No,C,No,No,C,No,No,No,C,No,No,No,No,No,No,No,No,No,C,No,No,No,No,C,No,No,C,C,No,No,No,No,No,No,No,C,No,No,No,No,C,C,No,No,No,No,No,C,C,C,No,C,No,No,No,No,No,No,No,No,No,No,No,No,No,BL01UK01IT041,UKIT041,704,23.46666667,2020,gb
R_1FLnGUoRSm301TP,Female,University degree or equivalent,University degree or equivalent,90,10,0,NA,Italian;90;,English;10;,,100,0,0,NA,Italian,NA,10,8,NA,NA,I always (or almost always) speak Italian to my child,Italian,NA,10,8,NA,NA,I always (or almost always) speak Italian to my child,First,NA,1,13,Always (or almost always) English,0,C,C,C,C/D,C/D,C,C/D,C/D,C/D,C,C/D,C/D,No,C,No,No,C,No,No,No,No,No,C,No,No,No,No,No,No,No,C,No,No,No,No,No,No,No,C,No,No,No,No,C,No,No,C,C,No,C,No,C,No,No,No,C,No,No,No,No,C,C,No,C,No,C,C/D,C,C,C,C,No,No,No,No,No,No,C,C,C/D,No,C,C,C,C,C,C,C,No,No,C,No,No,No,No,C,C,C,C,C,C,C,C,No,No,C,C,C,C,C,C,C,C,C,No,No,No,C,No,C,No,No,No,No,No,No,No,C,No,C,C,C,No,C,C,No,No,No,C,No,No,C,No,No,No,No,C,No,No,C,C,No,No,No,No,No,No,No,No,C,No,No,No,C,No,C,C,No,C,No,No,No,No,No,No,C,No,No,No,No,No,No,No,No,No,No,C,No,No,No,No,No,No,No,C,C,No,No,No,No,No,No,C,No,No,No,No,No,No,No,No,No,No,No,No,No,No,No,No,No,C,No,C,No,No,C,No,No,No,No,No,C/D,C/D,No,C/D,No,No,No,No,No,No,No,No,C/D,C,C,C,C,No,C,C,C,C,C,C,C,C/D,C,C,C,C,No,C,C,C,C,C,C,C,C,C,C,No,C,C,C,C,C,C,No,No,C,No,C,No,No,C,C,C,C,C,C,No,C,C,C,C,C,C,C,No,No,C,C,No,C,C,C,C,C,No,C,C,C,C,C,No,No,C,No,C,C,C,C,C,No,C,C,No,C,No,No,C,C,No,C,No,C,No,No,C,C,No,C,C,No,No,C,No,No,No,No,No,No,No,No,No,No,No,No,No,C,No,No,No,C,No,No,No,No,No,No,No,C,C,No,C,No,No,No,No,No,No,No,No,No,No,No,C,No,C,No,C,C,C,C,C,No,No,No,No,No,No,No,No,No,No,No,No,C,No,No,No,C,No,No,C,No,BL01UK01IT042,UKIT042,407,13.56666667,2020,gb
R_3sidqFNEpUa8M1h,Male,University degree or equivalent,University degree or equivalent,40,60,0,NA,Italian;40;,English;60;,,100,0,0,NA,Bilingual Italian and English,NA,10,10,NA,NA,I always (or almost always) speak Italian to my child,English,NA,1,10,NA,NA,I always (or almost always) speak English to my child,First,NA,1,16,Always (or almost always) English,2,No,C/D,C/D,C/D,No,C/D,C/D,C/D,C/D,No,C/D,C/D,C/D,C/D,C/D,C/D,C/D,C/D,C/D,C/D,C/D,C/D,C/D,C/D,No,C/D,C/D,C/D,C/D,C/D,C/D,C/D,C/D,C/D,C/D,C/D,C/D,No,C/D,C/D,C/D,C/D,C/D,C/D,No,C/D,C/D,C/D,C/D,C/D,No,C/D,C/D,C/D,No,C/D,C/D,C,No,No,C/D,C/D,C/D,C/D,C/D,C,C/D,C/D,C/D,No,C/D,C/D,C/D,C/D,C/D,C/D,No,C/D,C/D,C/D,C,C/D,C/D,C/D,C/D,C/D,C/D,C/D,C/D,No,No,C/D,C,C/D,C/D,C/D,C/D,C/D,C/D,C/D,No,C,C/D,C/D,C/D,C/D,C/D,C/D,C/D,No,C/D,C/D,C/D,C/D,C,No,C/D,C/D,C,C/D,C/D,No,C/D,C/D,No,C/D,C/D,C/D,C/D,C/D,C/D,C/D,C/D,C/D,C/D,C/D,C/D,C/D,C/D,C/D,No,C/D,C/D,C/D,No,C/D,C/D,C/D,C/D,C/D,C/D,No,No,C/D,C/D,C/D,C/D,C/D,C/D,No,C/D,C/D,C/D,C/D,C,C/D,C/D,C,C/D,C/D,C/D,C,C/D,C/D,C/D,C/D,C/D,C/D,No,C/D,C/D,C/D,No,C/D,No,C,C/D,No,No,No,C,C/D,No,C/D,C/D,No,C/D,No,C/D,C/D,C/D,No,C/D,C/D,No,C,C/D,No,C/D,No,C/D,No,No,C/D,C,No,C,C/D,No,C/D,C/D,C/D,C/D,No,No,C/D,No,C,C/D,C/D,No,C/D,C/D,C/D,C/D,C/D,C/D,No,No,C/D,C/D,C/D,C/D,C/D,C,C/D,C/D,C,C,C/D,C,C/D,C,C/D,No,C/D,C/D,No,C,C/D,C/D,No,No,C/D,C/D,C,No,C,C,C,C,C/D,C,C/D,C,C,C,C,C/D,C/D,C,C,C/D,No,No,C,C/D,C,No,No,C,C,No,C,C,C/D,C/D,C,No,C,C/D,No,C,C/D,C,C/D,C,C,C,C/D,C,C,C,C,C,C,C,C,C/D,C,No,No,C,C,C,C,C,C,C,C,C,No,C,C/D,C/D,C/D,C,No,C/D,C/D,No,C/D,C/D,No,C/D,C/D,No,No,No,No,No,No,C/D,C,C/D,C/D,No,C,C/D,C,No,C,C/D,C/D,C,C/D,C,C,C,No,C,C/D,No,C,C,C,C,C/D,C,No,C,C,C/D,C/D,No,No,C,C,C,No,C,No,No,C,C,C,C,C,C,C,C/D,C/D,C/D,C,C/D,No,C,C,C/D,C,C/D,No,C,C,No,No,C,No,BL01UK01IT043,UKIT043,750,25,2020,gb
R_3s1zoSY6WSha33m,Female,University degree or equivalent,Left school at 16 with GCSE or equivalent,50,50,0,NA,Italian;50;,English;50;,,60,40,0,NA,Italian,NA,10,7,7,NA,I always (or almost always) speak Italian to my child,English,NA,1,10,NA,NA,I always (or almost always) speak English to my child,First,NA,1,NA,NA,8,C/D,C/D,C,C/D,C,C/D,C/D,C/D,C/D,No,C/D,C/D,No,No,C/D,No,C,C,No,No,No,No,No,No,C,C,C,No,C,C,C,C,No,C,No,C,No,No,No,No,No,No,No,No,No,No,C,No,No,C,No,No,No,No,C,C,C/D,C,C,No,No,C,No,C,No,No,C,No,C,No,C,No,No,No,No,No,C,No,C/D,C,No,C,No,C,C,C,No,No,C,No,No,No,No,No,No,C,No,C,No,No,No,No,C,C,No,C,C,C,C,No,No,C,C,C,No,No,No,C,No,C,No,No,No,No,No,No,C/D,C,No,No,C,C,No,No,C,No,No,No,No,No,No,No,No,C,No,C,No,No,No,No,C,No,No,No,No,No,No,No,No,No,C,No,No,No,No,C,C,No,No,No,No,No,No,No,No,C,No,C,No,No,No,No,No,No,No,No,C,C,No,No,No,C,C/D,No,No,No,No,No,No,No,No,No,C,No,No,C,No,No,No,C,No,C,No,No,No,No,No,C,No,No,No,No,C,No,No,C,C,No,No,No,No,C/D,No,C/D,C/D,No,No,No,No,No,No,No,No,C,No,C,C,No,No,C,No,C/D,C,C/D,C,No,C,C,No,No,C,C,No,C/D,No,No,No,No,No,No,C,No,No,C,C,C,No,No,C,C,No,C,No,C,No,No,C/D,No,C,No,No,No,No,C,No,C,No,C,No,No,No,No,No,No,No,C,No,No,No,No,No,No,C,C,C,No,No,No,No,No,No,No,C,No,C,No,No,No,No,No,No,No,No,No,No,No,No,No,No,No,No,No,No,No,No,C,No,No,No,No,No,No,C,No,No,No,No,No,No,No,No,No,No,No,No,No,No,No,C,No,No,No,No,No,C,No,C,No,No,No,No,No,No,No,No,No,No,No,No,No,No,No,No,No,No,No,No,No,No,No,No,No,C/D,No,No,No,No,No,C/D,No,C,No,C,C,No,No,No,No,BL01UK01IT044,UKIT044,541,18.03333333,2020,gb
R_4TlwA8JlSmozAC5,Female,University degree or equivalent,University degree or equivalent,20,80,0,NA,Italian;20;,English;80;,,50,50,0,NA,Bilingual Italian and English,NA,10,10,NA,NA,I regularly speak both Italian and English to my child,English,NA,3,10,NA,NA,I regularly speak both Italian and English to my child,First,NA,1,10,Always (or almost always) English,6,C,C/D,C/D,C/D,C/D,C/D,C,C/D,C/D,No,C/D,C/D,No,C,C,C,C/D,C/D,C,C,No,C/D,C/D,C,No,C/D,No,C/D,C/D,C/D,C/D,C/D,C/D,No,C/D,C/D,C/D,No,C/D,C/D,C/D,C,No,C,C/D,C,C,C/D,C,C/D,No,C/D,C/D,C,No,C/D,No,No,No,No,No,C/D,No,C/D,No,C/D,C/D,C/D,C/D,No,C/D,No,C/D,No,C/D,C,No,C/D,C/D,C/D,No,C,C,C/D,C/D,C/D,C/D,No,C/D,C/D,C,No,C/D,C/D,C/D,C/D,C/D,C/D,C/D,C,No,C/D,No,C,No,C,No,No,C/D,No,C,C/D,C/D,C/D,C,No,C,C/D,No,C/D,No,No,No,C,No,No,C/D,C/D,C,C/D,C/D,C/D,No,C,C/D,No,C/D,No,C,No,C/D,No,C,No,No,No,C/D,C/D,C/D,C/D,C,No,No,C/D,No,C/D,C,C/D,C/D,No,C,C/D,No,C,No,C,C,C/D,C/D,No,C,C,C,C,C/D,C,C,C,C/D,C,C,No,C,C,C/D,C/D,No,C,No,C,C,C,C/D,C/D,C/D,C,C,No,No,C/D,C/D,C,C/D,No,No,No,C/D,No,No,C/D,C,C/D,No,C/D,C/D,C,C/D,C,No,No,C,C,C,No,No,C/D,No,C,No,No,C/D,C/D,C/D,C/D,C/D,No,No,No,No,No,No,No,C/D,C/D,C,No,C,C,No,C/D,C,C,C,C/D,No,C/D,C,No,No,C/D,C/D,No,C,C,No,No,No,C,C/D,C,No,C,C,C,C/D,C,C,C,C,C,C,C,C,C,No,No,C,C,C/D,C,C,C,No,C,C,C,C,C,No,C,C,No,C,C,C,C,C,No,No,No,C,C,C,C,C,C,No,C,C,No,No,No,C,C,C,No,No,C,C,C,C,No,C,C,No,No,No,No,No,C,C,C,C/D,C,C,C,No,No,No,No,C,No,C/D,C,C/D,C/D,No,No,C/D,No,No,C,C/D,C,No,C,C,C,C,No,C,C/D,No,C,C,C/D,C,C/D,C,C,No,No,No,No,No,No,C,No,C,C,C,C,C,C,C,No,C/D,C,No,No,No,No,C,C,C,No,C/D,C/D,C/D,No,No,No,No,C,No,No,No,C,R_4TlwA8JlSmozAC5,R_4TlwA8JlSmozAC5,950,31.66666667,2020,gb
R_2zB9KF3sxksMA1T,Male,University degree or equivalent,University degree or equivalent,50,50,0,NA,Italian;50;,English;50;,,90,10,0,NA,Italian,NA,10,7,NA,NA,I always (or almost always) speak Italian to my child,Italian,NA,10,8,NA,NA,I regularly speak both Italian and English to my child,First,NA,1,16,Always (or almost always) English,6,No,C,C/D,No,No,C/D,C/D,No,C,No,C/D,C/D,No,C/D,C/D,C/D,C/D,No,No,C/D,C/D,C/D,C/D,C/D,C/D,C/D,C/D,C/D,C/D,C/D,C/D,C,C,C,C,C/D,C/D,No,C,C/D,C/D,No,No,C,No,C,C/D,C/D,C/D,C/D,No,C/D,C/D,C/D,C/D,C,C/D,C,C,C/D,No,No,C/D,C/D,C/D,C/D,C/D,C/D,C/D,C,C/D,No,No,C/D,No,C/D,C,C/D,C/D,C/D,No,C/D,C/D,No,C/D,C,C/D,No,C/D,C/D,C/D,No,No,C/D,C,C/D,C/D,C/D,C/D,C/D,C,C/D,C/D,C,C/D,C,C/D,C/D,C/D,C/D,C/D,C/D,C/D,C/D,C,C/D,C,C/D,C/D,C/D,No,C,C/D,No,No,C/D,C/D,C/D,C/D,C/D,No,C/D,C,C,C/D,No,C/D,C/D,C/D,C/D,C,C,C,C/D,No,C,C/D,C/D,C,C/D,C/D,No,C,C/D,C/D,C,No,C/D,C/D,C,No,C/D,No,C,C,No,No,C/D,C,C,No,No,No,C/D,C,C/D,No,C/D,C/D,No,C/D,C,C/D,No,C/D,C/D,No,C/D,No,C,C,C/D,C,No,No,C/D,C/D,C/D,No,No,C/D,C/D,C/D,C,No,No,C/D,C,No,C/D,C,No,C/D,No,C/D,No,C,C/D,No,C/D,C/D,C,C/D,C/D,C,C,C/D,No,C/D,No,No,C/D,C/D,C/D,C/D,No,No,No,No,C,C,No,C/D,C/D,C/D,C/D,C/D,C/D,C/D,C/D,C/D,C/D,C/D,C/D,C/D,C/D,C,C,No,C,No,C/D,C,No,C,C/D,C/D,No,C,C/D,C,C/D,C,C/D,C/D,C,C,C,C/D,C,C/D,C/D,C/D,C,No,No,C/D,C,C,C,C,C/D,C,C/D,C/D,C,C,C/D,C,C/D,C,No,C,C/D,C/D,C,C,C,No,C,C,C/D,C,C,C,C/D,C,C,C/D,No,No,C/D,C,C,C/D,No,C,No,C/D,C/D,C,C,C,C/D,C,No,C/D,No,C,C/D,C/D,C/D,No,C/D,C/D,C/D,C,C,No,No,No,No,C/D,No,C/D,No,No,C,C/D,No,No,C/D,No,No,No,No,C,C/D,C/D,C,No,C/D,C/D,C/D,C/D,C/D,C,C,C,No,C,C/D,C,C/D,C,C,C/D,C/D,C,No,No,No,C,C,C/D,C,C,C,C,C/D,C/D,C/D,C/D,C,C/D,C,C,C,C/D,C,C/D,C,C,C/D,C,C,No,C,R_2zB9KF3sxksMA1T,R_2zB9KF3sxksMA1T,790,26.33333333,2020,gb
R_22JHQTzvSiPrudK,Male,University degree or equivalent,University degree or equivalent,60,40,0,NA,Italian;60;,English;40;,,70,30,0,NA,Italian,NA,10,8,8,Spanish ,I always (or almost always) speak Italian to my child,English,NA,6,10,NA,NA,I always (or almost always) speak English to my child,First,NA,1,11,Both Italian and English regularly,12,C/D,C/D,C/D,C/D,C/D,C/D,C/D,C/D,C/D,C/D,C/D,C/D,No,C/D,C/D,C/D,C/D,C/D,C/D,C/D,C/D,C/D,C/D,C/D,C/D,C/D,C/D,C/D,C/D,C/D,C/D,C,C/D,C/D,C/D,C/D,C/D,C/D,C/D,C/D,C/D,C/D,C,C/D,C/D,C/D,C/D,C/D,C/D,C/D,C,C/D,C/D,C/D,C/D,C/D,C/D,C/D,C/D,C,C/D,C/D,C/D,C/D,C/D,C/D,C/D,C/D,C/D,C,C/D,C/D,C/D,C/D,C/D,C/D,C/D,C/D,C/D,C/D,C/D,C/D,C,C/D,C/D,C/D,C/D,C/D,C/D,C/D,C/D,C,C/D,C/D,C/D,C/D,C/D,C/D,C/D,C/D,C/D,C/D,C/D,C/D,C/D,C/D,C/D,C/D,C/D,C/D,C/D,C/D,C/D,C/D,C/D,C/D,C/D,C/D,C/D,C/D,C/D,No,C/D,C/D,C/D,C/D,C/D,C/D,C/D,C/D,C/D,C/D,C/D,C/D,C/D,C,C/D,C/D,C/D,C/D,C/D,C/D,C/D,C/D,C,C/D,C/D,C/D,C/D,C/D,C/D,C,C/D,C/D,C/D,C/D,C/D,C/D,C/D,C/D,C/D,C/D,C/D,C/D,C/D,C/D,C/D,C/D,C/D,C/D,C/D,C/D,C/D,C/D,C/D,C/D,C/D,C/D,C/D,C/D,C/D,C/D,C/D,C/D,C,C,C/D,C/D,No,C/D,C/D,C/D,C/D,C/D,No,C/D,C,C/D,C/D,C/D,C/D,C/D,C/D,C/D,C/D,C/D,C/D,C/D,C/D,C/D,C/D,C/D,C,C/D,C/D,C/D,C,C/D,C/D,C/D,C/D,C/D,C/D,C/D,C/D,C/D,C/D,C/D,C/D,C,C,C/D,C/D,C/D,C/D,C/D,C/D,C/D,C/D,C/D,C/D,C/D,C/D,C/D,C/D,C/D,C/D,C/D,C/D,C/D,C/D,C/D,C/D,C/D,C/D,C/D,C/D,C/D,C/D,C/D,C/D,C/D,C/D,C/D,C/D,C/D,C/D,C/D,C/D,C/D,C,C/D,C/D,C/D,C/D,C/D,C/D,C/D,C/D,C/D,C/D,C/D,C/D,C/D,C/D,C/D,C/D,C/D,C/D,C/D,C/D,C/D,C,C/D,C/D,C/D,C/D,C/D,C/D,C/D,C/D,C/D,C/D,C/D,C/D,C/D,C/D,C/D,C,C/D,C/D,C/D,C/D,C/D,C/D,C/D,No,C/D,C/D,C,C/D,C/D,C/D,C/D,C/D,C/D,C/D,C/D,No,C/D,C/D,C/D,C/D,C/D,C/D,C/D,C/D,C,C,No,C/D,C/D,C/D,C/D,C/D,C/D,C/D,C/D,C,C/D,C/D,C/D,C/D,C/D,C/D,C/D,C/D,C/D,C/D,C/D,C,C/D,C/D,C/D,C/D,C/D,C/D,C/D,C/D,C/D,C/D,C/D,C/D,C/D,C/D,C/D,C/D,C/D,C/D,C/D,C/D,C/D,C/D,C/D,C/D,C/D,C/D,C/D,C/D,C/D,C/D,C/D,No,C/D,C/D,C/D,C/D,C/D,C/D,C/D,C/D,C/D,C/D,C/D,C/D,No,C/D,C/D,C/D,C/D,C/D,C/D,C/D,C/D,C/D,C/D,C/D,C/D,R_22JHQTzvSiPrudK,R_22JHQTzvSiPrudK,1252,41.73333333,2020,gb
R_6EwgpIWLPrA1fJT,Male,University degree or equivalent,University degree or equivalent,30,70,0,NA,Italian;30;,English;70;,,50,50,0,NA,Italian,NA,10,9,4,Chinese ,I always (or almost always) speak Italian to my child,English,NA,4,10,8,Chinese ,I always (or almost always) speak English to my child,First,NA,1,14,Always (or almost always) English,NA,No,C,C/D,C/D,No,C/D,No,C,C/D,C/D,C/D,C/D,No,No,No,No,C,C,No,C/D,No,C,C,C,C,C,C,C,C,C,C,C,C,C,C,C,C,No,No,C,C,C,No,C,C,C,C,C,C/D,C,No,C,C/D,C,C,C,C,No,C,C,C,C,C,C/D,C,C,C,C/D,C/D,No,No,No,No,No,C,No,No,C,C/D,C/D,No,C,C/D,C/D,C/D,No,No,C,C/D,No,No,No,C,C/D,C,C/D,C,C,C,C,C,C,C,No,No,No,C,C/D,C,C,C,C,C,C/D,No,C/D,No,C,C,C,C,C,C,C/D,No,C,C,C,C,C,C/D,C,C,C,C,No,C/D,No,C,C,No,C,C,C,No,No,C,C,No,C,C,C,C,C,No,C,C/D,C,C,No,No,C,No,No,No,C/D,C,No,C,No,No,No,No,C,C/D,No,No,No,No,No,C,No,C,C/D,C,C,C,C,No,No,No,C,No,C,C,No,C,No,C,C,C,C,C,C,C,No,C,No,C,C,C/D,C,No,No,C,C,C,C,No,No,C,No,C,C,No,C,C/D,No,No,No,No,C/D,C/D,C/D,C/D,No,No,No,No,C,C,No,C/D,C/D,C,C/D,No,No,C,C/D,C,C/D,C,No,C,C/D,C,C,C,No,C,No,No,C/D,C,C,No,C,No,C,No,C,No,C,C,C,No,No,No,No,No,No,C,C,No,No,C,No,No,No,C,C,No,C,No,No,No,C,No,No,No,No,No,No,C,C,No,C,No,No,No,No,C,C,C,C,No,C,C,No,No,C,C,No,C,C,No,No,No,C,No,No,No,No,No,No,No,No,No,No,No,No,C,C,C,C,No,No,No,No,No,No,No,No,C/D,C,No,No,C,No,No,No,C,C,No,No,No,No,No,No,No,C,No,No,No,No,C/D,No,No,No,No,No,No,No,No,No,No,No,C,No,C/D,C,C,C,C,No,C,C,No,No,No,No,C/D,C/D,C/D,No,C,C,C/D,No,C,No,No,C,No,No,No,No,R_6EwgpIWLPrA1fJT,R_6EwgpIWLPrA1fJT,554,18.46666667,2020,gb
R_2YMaZYM2vQbRSa6,Male,University degree or equivalent,Left school at 18 with A-Levels or equivalent,50,48,2,German,Italian;50;,English;48;,German;2;,50,48,2,Germab,Italian,NA,10,9,0,NA,I always (or almost always) speak Italian to my child,English,NA,0,10,NA,NA,I always (or almost always) speak English to my child,First,NA,1,NA,NA,2,C,No,No,No,No,No,No,No,No,No,No,No,No,No,No,No,No,No,No,No,No,No,No,No,No,No,No,No,No,No,No,No,No,No,No,No,No,No,No,No,No,No,No,No,No,No,No,No,No,No,No,No,No,No,No,No,No,No,No,C,No,C,No,C,No,No,C,No,C,No,C,No,No,No,No,No,No,No,No,C,No,C,No,C,C,No,No,No,No,No,C,No,C,No,No,No,No,No,No,C,No,C,No,No,No,C,C,No,No,No,No,No,No,No,No,No,No,C,No,No,No,No,No,No,No,No,No,No,No,No,No,C,No,No,No,No,C,No,C,C,No,C,C,No,No,No,No,No,No,No,No,No,No,No,No,No,No,C,No,No,No,No,No,No,No,No,No,No,No,No,No,No,No,No,No,No,No,No,No,No,No,No,No,No,No,No,No,No,No,No,No,No,C,No,No,No,No,No,No,No,No,No,No,No,No,No,No,No,No,No,No,No,No,No,No,No,No,No,No,No,No,No,No,No,No,No,No,No,No,No,No,C/D,C,C,C,No,No,No,No,No,No,No,No,No,C,C,C,No,C,C,C,C,No,C,No,C,No,No,C,No,C,No,No,C,C,No,No,No,No,No,No,C,No,No,C,C,C,C,C,No,No,No,No,No,No,No,No,No,No,No,No,No,No,C,No,No,No,No,No,No,No,No,No,No,No,No,No,No,No,No,No,No,No,No,No,No,No,No,C,No,No,No,No,No,No,No,No,No,No,No,No,C,No,No,No,No,No,No,No,No,No,No,No,No,No,No,No,No,No,No,No,No,No,No,No,No,No,No,No,No,No,No,No,No,No,No,No,No,No,No,No,No,No,No,No,No,No,No,No,No,No,No,No,No,No,No,No,No,No,No,No,No,No,No,No,No,No,No,No,No,C,C,C,No,C,No,No,C,C,No,No,No,No,No,No,No,No,No,R_2YMaZYM2vQbRSa6,R_2YMaZYM2vQbRSa6,390,13,2020,gb
R_3FJWHcmz1ZTSXpz,Male,University degree or equivalent,University degree or equivalent,40,60,0,NA,Italian;40;,English;60;,,60,40,0,NA,Italian,NA,10,8,5,French ,I always (or almost always) speak Italian to my child,Italian,NA,10,8,NA,NA,I regularly speak both Italian and English to my child,First,NA,1,16,Always (or almost always) English,6,C/D,C/D,C/D,C/D,C/D,C/D,C/D,C/D,C/D,C/D,C/D,C/D,No,C,C,C,C,C,No,C/D,C,C,C/D,C,C,C/D,C,C,C/D,C/D,C/D,No,C,C,C,C/D,C/D,C/D,No,C,C,C,No,C,C,C,C,C,C/D,C/D,No,C/D,C,C,C/D,C,C,C/D,C/D,C,C,C,C,C,C,C,C/D,C,C/D,C,C,No,C,C/D,C/D,C,No,C,C,C,C,C/D,C/D,C/D,C/D,C,C/D,C/D,C/D,C,C,C/D,C/D,C,C,C,C,C,C,C,C,C,C,No,C,C,C,C/D,C,C,C,C,C,C,No,C,No,C,No,C,C,No,No,C,No,C,C,C,C,C,C,C,C,No,C,C,C,C,C,C,No,C,C,C,No,C,C,C,No,C,C,No,C,C,C,C,No,C/D,C,C,C,C,No,C,C,C/D,C,C,C,C,No,C,C,C/D,C/D,C,C,C,C,C,C,C,C,No,C,C/D,C,C,No,C,C,C,C,C,C,C,C,C,No,C,C,C,C,No,C,No,No,C,C,C,C,C,No,No,C,C,C,No,No,C,C,C,C,No,No,C,C,No,No,No,No,C/D,C/D,C/D,C/D,No,No,No,No,C,C,No,C,C,C,C/D,C,C,C,C,C,C,C,C/D,C,C/D,C,C,C,C/D,C/D,No,C,C/D,C,C,C,C,C,C,C,C,C,C,C,C,C,C,C,C,No,C,C,C,No,No,C,C,C,C,C,C,No,C,C,No,C,C,No,C,C,No,No,C,C,C,C,C,No,C,No,C,C,C,C,C,No,C,C,No,No,C,C,C,C,C,C,C,No,C,C,C,C,C,C,No,No,No,C,C,C,C,C,C,C,C,C,No,No,No,C,No,C,No,C,C,No,C,C,C,No,C,C,C,No,C,C,C,C,No,C,C,C,C,C,No,C,C,No,C,C,C,C,C,No,C,C,C,C,C,C,C,C,C,C,No,C,C,No,No,C,C,C,C,C,No,C,C,C,C,C,C,C/D,C,C,No,C,C,BL01UK02IT007,UKIT007,890,29.66666667,2020,gb
R_3GrWNghMtwca7tY,Female,University degree or equivalent,University degree or equivalent,30,70,0,NA,Italian;30;,English;70;,,50,50,0,NA,Bilingual Italian and English,NA,10,10,NA,NA,I always (or almost always) speak English to my child,Italian,NA,10,9,NA,NA,I always (or almost always) speak Italian to my child,First,NA,1,9,Always (or almost always) English,2,C/D,C/D,C/D,C/D,No,C/D,C/D,C/D,C/D,C/D,C/D,C/D,No,C,C/D,C,C/D,C/D,C,C/D,No,C,C/D,C/D,No,C/D,C,C/D,C,C/D,C/D,C,C/D,C/D,C/D,C/D,C,No,C/D,C,C/D,C/D,No,C/D,C,C/D,C,C/D,C/D,C/D,No,C,C/D,C/D,C/D,C,C,C/D,C/D,C,C,C/D,No,C/D,No,C/D,C/D,C/D,C/D,No,C,C,C/D,No,C,No,No,C/D,C/D,C/D,No,C/D,C/D,C,C/D,No,C/D,C,C/D,C/D,C,C/D,C/D,C/D,C/D,C,C,C/D,C/D,C/D,C,C,C/D,C,No,C,C/D,C,C,No,C,C,C,C/D,C/D,C/D,C,C/D,No,C,No,No,C/D,C,C/D,C/D,C/D,C,No,C,C,C,C,C,C/D,No,C,C,C/D,C/D,No,C/D,C/D,C/D,No,C,C/D,C/D,No,C,C/D,No,C,C/D,No,C,No,C/D,C/D,C/D,C/D,C,No,C,No,C,C,C,C/D,C,No,No,No,C/D,C/D,C,C/D,C,C,No,C,No,C/D,C,C/D,C,C,C,No,C,C,C/D,C/D,C/D,C/D,C,C,C,C,C,C,No,C/D,No,No,No,C/D,No,C,No,C,C,No,No,C/D,C,No,C,No,C,C,C/D,C,C,No,C,C/D,C,No,C/D,C,C/D,C/D,C/D,C/D,No,No,No,No,No,No,No,No,No,C,No,C/D,C/D,No,C/D,C,C/D,C/D,C/D,No,C/D,C,No,No,C/D,C/D,C/D,C/D,C/D,No,C,No,C/D,No,C,No,C/D,C,C,C,C,C,C,No,C,No,C,C,No,No,No,C,C,C,No,No,C,No,C/D,C/D,No,C,C,No,C,No,No,No,C,C/D,C,C,C,No,C,C,C,C,C,C/D,C,No,C/D,C/D,No,No,C,C/D,No,C/D,No,No,C,C/D,C,C,No,C,C/D,C,C,C/D,No,No,C/D,C,C/D,C/D,C/D,C/D,C/D,No,C,No,C/D,No,No,C/D,No,C,C/D,No,C/D,C/D,C,No,C/D,C/D,C/D,No,C,C,C,No,No,C,C,C/D,C,C,No,C,No,No,No,No,C,No,C/D,No,No,C,No,C/D,No,C,C,C/D,No,C,C,C/D,C/D,No,No,C,C,C/D,No,C/D,No,C,C,C/D,C/D,C/D,C,C/D,C/D,No,No,C,C/D,R_3GrWNghMtwca7tY,R_3GrWNghMtwca7tY,807,26.9,2020,gb
R_3HZEVTmuw30wnbh,Male,University degree or equivalent,University degree or equivalent,25,75,0,NA,Italian;25;,English;75;,,65,35,0,NA,Italian,NA,10,8,NA,NA,I always (or almost always) speak Italian to my child,English,NA,3,10,NA,NA,I always (or almost always) speak English to my child,First,NA,1,11,Always (or almost always) English,1,C/D,C,C,No,No,C,C,C,C,C/D,C,C,No,No,No,No,No,No,No,No,No,No,No,No,No,No,No,No,No,No,No,No,No,No,No,No,No,No,No,No,No,No,No,No,No,No,No,No,No,No,No,No,No,No,No,No,No,No,No,No,No,C,No,C,No,No,C,No,No,No,No,No,No,No,No,No,No,No,No,C,No,No,No,C,No,No,No,No,No,No,No,No,No,No,No,No,No,No,No,No,No,No,No,No,No,No,C,No,No,No,No,No,No,No,No,No,No,No,No,No,No,No,No,No,No,No,No,No,No,No,No,No,No,No,No,No,No,No,No,No,No,No,No,No,No,No,No,No,No,No,No,No,No,No,No,No,No,No,No,No,No,C,No,No,No,No,No,No,No,No,No,No,No,No,No,No,No,No,No,No,No,No,No,No,No,No,No,No,No,No,No,No,C,No,No,No,No,No,No,No,No,No,No,No,No,No,No,No,No,No,No,No,No,No,No,No,No,No,No,No,No,No,No,No,No,No,C,No,No,No,No,C/D,No,No,C/D,No,No,No,No,No,No,No,No,No,No,No,No,No,No,C,No,C,No,No,No,C,C,No,No,No,C,No,No,No,No,No,No,No,No,No,No,No,No,No,No,No,No,No,No,No,No,No,No,No,No,No,No,No,No,No,No,No,No,No,No,No,No,No,No,No,No,No,No,No,No,No,No,No,No,C,No,No,No,No,No,No,No,No,No,No,No,No,No,No,No,No,No,No,No,No,No,No,No,No,No,No,No,No,No,No,No,C,No,No,C,No,No,No,No,No,No,No,No,No,No,No,No,No,No,No,No,No,No,No,No,No,No,No,No,No,No,No,No,No,No,No,No,No,No,No,No,No,No,No,No,No,No,No,No,No,No,No,No,No,No,No,No,No,No,No,No,No,No,No,No,No,No,No,No,No,No,No,No,No,No,No,No,No,R_3HZEVTmuw30wnbh,R_3HZEVTmuw30wnbh,428,14.26666667,2020,gb
R_1JJlcOtSzcRWjgu,Male,University degree or equivalent,Left school at 18 with A-Levels or equivalent,20,80,0,NA,Italian;20;,English;80;,,40,60,0,NA,Italian,NA,10,8,6,NA,I always (or almost always) speak Italian to my child,English,NA,10,10,0,NA,I always (or almost always) speak English to my child,First,NA,1,10,Always (or almost always) English,1,C/D,C/D,C/D,C/D,C,C/D,C,C/D,C/D,C/D,C/D,C/D,C/D,C/D,C/D,C/D,C/D,C/D,C/D,C/D,C/D,C/D,C/D,C/D,C/D,C/D,C/D,C/D,C/D,C,C/D,C,C/D,C/D,C/D,C/D,C/D,C/D,C/D,C/D,C/D,C,C/D,C/D,C/D,C,C/D,C/D,C/D,C/D,C/D,C,C/D,C/D,C/D,C,C/D,C/D,C/D,C/D,C/D,C/D,C,C/D,C/D,C/D,C/D,C/D,C/D,C/D,C/D,C,C/D,C/D,C/D,C/D,C/D,C/D,C/D,C/D,C/D,C/D,C/D,C/D,C/D,C/D,C/D,C/D,C/D,C/D,C/D,C/D,C/D,C/D,C/D,C/D,C/D,C/D,C/D,C/D,C/D,C/D,C/D,C,C,C,C/D,C/D,C/D,C/D,C/D,C,C/D,C/D,C,C,C,C,C,C/D,C,C,C,C,C,C,C/D,C,C,C,C/D,C/D,C,C/D,C/D,C/D,C/D,C/D,C/D,C/D,C,C/D,C/D,C,C/D,C/D,C/D,C/D,C/D,C/D,C,C/D,C/D,C/D,C,C/D,C/D,C,C,C,C,C,C,C,C,C,C,C,C,C,C,C,C,C,C,C,C,C,C,C,C,C,C,C,C,C,C,C/D,C/D,C/D,C/D,C/D,C,C/D,C/D,C/D,C,C,C,C/D,C/D,C/D,C/D,C,C/D,C/D,C,C/D,C/D,C/D,C/D,C/D,C,C/D,C/D,C/D,C/D,C,C/D,C/D,C,C,C/D,C,C,C,C,C,C,C,C,C,C,C,C,C,C,C,C,C,C,C,C,C,C/D,C,C/D,C/D,C/D,C/D,C/D,C/D,C/D,C/D,C/D,C/D,C/D,C/D,C/D,C/D,C/D,C/D,C,C/D,C/D,C,C,C/D,C/D,C/D,C,C/D,C/D,C/D,C/D,C/D,C/D,C/D,C/D,C/D,C/D,C/D,C,C/D,C/D,C/D,C,C/D,C/D,C/D,C,C/D,C/D,C,C/D,C,C/D,C/D,C/D,C/D,C/D,C/D,C/D,C/D,C,C/D,C/D,C/D,C/D,C/D,C/D,C,C/D,C/D,C,C/D,C/D,C/D,C,C,C/D,C/D,C/D,C/D,C/D,C,C,C/D,C/D,C/D,C/D,C/D,C/D,C/D,C,C/D,C,C/D,C,C/D,C/D,C/D,C/D,C/D,C/D,C/D,C/D,C/D,C,C/D,C,C/D,C,C/D,C/D,C/D,C/D,C,C/D,C,C/D,C/D,C,C/D,C,C/D,C/D,C,C/D,C/D,C/D,C/D,C/D,C/D,C/D,C,C/D,C/D,C,C,C,C,C,C,C/D,C,C/D,C/D,C/D,C/D,C/D,C/D,C/D,C/D,C/D,C/D,C/D,C/D,C/D,C/D,C,C/D,C/D,C/D,C,C/D,C/D,C/D,C/D,C,C,C,C,C,C,C,C,C,R_1JJlcOtSzcRWjgu,R_1JJlcOtSzcRWjgu,1054,35.13333333,2020,gb
R_2rOpASZmcxz3NdM,Female,University degree or equivalent,University degree or equivalent,49,49,2,French,Italian;49;,English;49;,French;2;,50,50,0,NA,English,NA,5,10,7,French,I regularly speak both Italian and English to my child,Italian,NA,10,8,NA,NA,I always (or almost always) speak Italian to my child,First,NA,1,NA,NA,1,C/D,C/D,C/D,C/D,C/D,C/D,C/D,C/D,C/D,C/D,C/D,C/D,C/D,C/D,C/D,C/D,C/D,C/D,C/D,C/D,No,C/D,C/D,C/D,C/D,C/D,C/D,C/D,C/D,C/D,C/D,C/D,C/D,C/D,C/D,C/D,C/D,No,C/D,C/D,C/D,C/D,C/D,C/D,C/D,C/D,C/D,C/D,C/D,C/D,C/D,C/D,C/D,C/D,C/D,C/D,C/D,C/D,C/D,C/D,C/D,C/D,C/D,C/D,C/D,C/D,C/D,C/D,C/D,No,C/D,C/D,C/D,C/D,C/D,C/D,C/D,C/D,C/D,C/D,C/D,C/D,C/D,C/D,C/D,C/D,C/D,C/D,C/D,C/D,C/D,C/D,C/D,C/D,C/D,C/D,C/D,C/D,C/D,C/D,C/D,C/D,C/D,C/D,C/D,C/D,C/D,C/D,C/D,C/D,C/D,C/D,C/D,C/D,C/D,C/D,C/D,C/D,C/D,C/D,C/D,C/D,No,C/D,C/D,C/D,C/D,C/D,No,C/D,C/D,C/D,C/D,C/D,C/D,C/D,C/D,C/D,C/D,C/D,No,C/D,C/D,C/D,C/D,C/D,C/D,C/D,C/D,C/D,C/D,C/D,C/D,C/D,C/D,C/D,C/D,C/D,C/D,C/D,C/D,C/D,C/D,C/D,C/D,C/D,C/D,C/D,C/D,C/D,C/D,C/D,C/D,C/D,C/D,C/D,C/D,C/D,C/D,No,C/D,C/D,C/D,C/D,C/D,C/D,C/D,C/D,No,C/D,C/D,C/D,C/D,C/D,C/D,C/D,C/D,No,No,C/D,C/D,C/D,C/D,C/D,C/D,C/D,C/D,C/D,C/D,C/D,C/D,C/D,C/D,C/D,C/D,C/D,C/D,C/D,C/D,C/D,C/D,C/D,C/D,C/D,No,C/D,C/D,C/D,C/D,C/D,C/D,C/D,C/D,C/D,C/D,C,C/D,C/D,C/D,C/D,C/D,No,C/D,C/D,C/D,C/D,C/D,C/D,C/D,C/D,C/D,C/D,C/D,C/D,C/D,C/D,C/D,C/D,C/D,C/D,C/D,No,C/D,C/D,C/D,C/D,No,C/D,C/D,C/D,No,C/D,C/D,C/D,C/D,C/D,C/D,C/D,C/D,C/D,C/D,C/D,C/D,C/D,C,C/D,C/D,C/D,C/D,C/D,C/D,C/D,C/D,C/D,C/D,C/D,C/D,C/D,C/D,C/D,C/D,C/D,C/D,C/D,C/D,C/D,C/D,C/D,C/D,C/D,C/D,C/D,C/D,C/D,C/D,C/D,C/D,C/D,C/D,No,C,C/D,C/D,C/D,C/D,No,C/D,C/D,C/D,C/D,C/D,C,C/D,C/D,C/D,C/D,C/D,No,No,C/D,C/D,C/D,C/D,C/D,C/D,C/D,C/D,C/D,No,C/D,C/D,No,C/D,C/D,C/D,C/D,C/D,C/D,C/D,C/D,C/D,C/D,C/D,C/D,C/D,C/D,C/D,No,C/D,C/D,C/D,C/D,No,C/D,C/D,C/D,C/D,C,C/D,C/D,C/D,C/D,C/D,C/D,C/D,C/D,C/D,C,C/D,C,C/D,C/D,C/D,C/D,C/D,C/D,C/D,C/D,C/D,C/D,C,C,C/D,C/D,C/D,C,C/D,C/D,C/D,C/D,C/D,C/D,C/D,C/D,C/D,C/D,C/D,C/D,R_2rOpASZmcxz3NdM,R_2rOpASZmcxz3NdM,1092,36.4,2021,gb
R_2qagsGRBXKRoVR6,Female,University degree or equivalent,Left school at 16 with GCSE or equivalent,50,50,0,NA,Italian;50;,English;50;,,50,50,0,NA,Italian,NA,10,8,NA,NA,I regularly speak both Italian and English to my child,NA,NA,NA,NA,NA,NA,NA,First,NA,1,10,Always (or almost always) English,4,C,C/D,C/D,C/D,C/D,C/D,C/D,C/D,C/D,No,C/D,No,No,No,C,C,C,C,No,No,No,C,C,No,C,C,C,No,C,No,C,No,C,No,C,C,No,C,C,C,C,C,No,No,C,No,C,No,C,C,No,No,C,C,C,C,C,C,C,No,C,C,C,C,C,C,C/D,C,C,C,C,No,No,No,C,C,C,C,C,C,No,C,C,C/D,C,C,No,No,C/D,No,C,No,No,C,C,C,C,C,C,C,C,C,C,C,C,C,C,C,C,C,C,C,C,C,No,No,C,C,C,C,C,No,No,C,C,C,C,C,C,C,C,C,C,C,C,C/D,C,C,C,C,C,C,C,C,No,C,C,C,No,C,C,No,C,C,C,C,No,C/D,C,C,C,C,No,No,No,C,C,No,No,No,No,No,No,C,C,No,C,C,No,No,No,C,C,No,No,C,C,C,No,No,No,No,C/D,C,C,C,C,No,No,C,C,C,C,No,C,No,C,C,C,C,No,C,No,No,C,C,No,No,No,No,C,C,C,No,No,C,C,C,No,No,No,C,C/D,C/D,C/D,No,No,No,No,No,No,No,No,No,No,C,C,C,C,C/D,C,C/D,C,C,C,C/D,C,C,C,C,C,No,C,C/D,C,C,C,C,C,C,C,C,C,C,C,C,C,C,C,C,No,C,No,C,C,No,C,C,C,No,C,C,C,C,C,C,C,C,C,C,No,C,C,C,C,C,C,C,C,C,No,C,C,C,C,C,C,C,C,No,C,C,C,C,C,C,C,C,C,C,C,C,C,No,C,C,No,C,No,C,C,C,C/D,C,C,C,C,C,No,No,C,C,C,C,C,No,C,No,No,No,No,C,C,C,C,C,C,C,C,No,C,C,No,No,No,C,No,No,No,C,No,C,C,C,No,No,No,No,No,No,C,C,C,C,C,No,No,No,C,No,C,No,C,C,C,No,C,C,C,No,C,No,C,C,No,No,No,No,R_2qagsGRBXKRoVR6,R_2qagsGRBXKRoVR6,874,29.13333333,2021,gb
R_BrgsGfA78cCfIwp,Female,University degree or equivalent,Left school at 16 with GCSE or equivalent,50,50,0,NA,Italian;50;,English;50;,,50,50,0,NA,Italian,NA,10,8,9,Spanish ,I always (or almost always) speak Italian to my child,English,NA,0,10,NA,NA,I always (or almost always) speak English to my child,First,NA,1,11,Always (or almost always) English,NA,No,No,C/D,C/D,No,No,C/D,No,C/D,No,No,C,No,No,No,No,No,No,No,No,No,No,No,No,No,No,No,No,No,No,No,No,No,No,No,No,No,No,No,No,No,No,No,No,No,No,No,No,No,No,No,No,No,No,No,C,No,No,No,No,C,C,C,C,No,C,C,C,No,No,C,No,No,No,No,No,No,C,No,C,No,No,C,No,C,No,No,No,No,No,No,No,C,No,No,No,No,No,No,No,No,No,No,No,No,No,C,No,No,No,No,No,No,No,No,No,No,C,No,C,C,No,No,C,No,No,No,No,No,No,No,C/D,No,No,C,No,C,No,No,No,No,No,No,No,No,No,No,No,No,No,No,No,No,No,No,No,No,C,No,No,No,No,No,No,No,No,No,No,No,No,No,No,No,No,No,No,No,No,No,No,No,No,No,No,No,No,C,No,No,No,No,No,No,C,C,No,No,No,No,No,No,No,No,No,No,No,No,No,No,No,No,No,No,No,No,No,No,No,No,No,C,No,C,No,No,No,No,No,No,No,No,C/D,No,No,C/D,No,No,No,No,No,No,No,No,No,C,C,C,C,No,C,No,C/D,C,C/D,No,C/D,No,No,No,No,C/D,No,No,C/D,No,No,No,No,No,C,No,C,No,No,No,No,C,No,No,No,No,No,C,No,No,No,C,C,C,No,No,No,No,C,No,No,No,No,No,C,No,No,No,C,No,C,No,No,No,No,No,C,No,C,C,C,No,No,No,No,C,No,C,No,No,No,No,No,No,No,No,No,No,No,No,No,No,No,No,No,No,No,No,No,C,No,No,No,No,No,No,No,No,No,No,No,No,No,No,No,No,No,No,No,No,No,No,No,C/D,No,No,No,No,C,No,C,C,No,No,No,No,No,No,No,No,No,No,No,No,No,No,No,No,C,C,No,No,No,C/D,No,No,No,C,No,C,No,C,No,C,C/D,No,No,No,No,No,No,No,No,R_BrgsGfA78cCfIwp,R_BrgsGfA78cCfIwp,508,16.93333333,2021,gb
R_1ia0GBlykkvXL4k,Male,University degree or equivalent,Left school at 18 with A-Levels or equivalent,50,50,0,NA,Italian;50;,English;50;,,99,1,0,NA,Italian,NA,10,8,0,NA,I always (or almost always) speak Italian to my child,Italian,NA,10,6,0,NA,I always (or almost always) speak Italian to my child,First,NA,1,26,Always (or almost always) English,2,C/D,C/D,C/D,C/D,C,C/D,C,C/D,C,C/D,C/D,C/D,C,C,C,C,C/D,C,C,C,C,C,C,C,C,C,C,C,C,C,C,C,C,C,C,C,C,C,C,C,C,C,C,C,C,C,C,C,C,C,C,C,C,C,No,C,C,C,C,C,C,No,C,No,C,C,C,C,C,C,C,No,C,C,C,C,C,C,C/D,C,C,C,C,C,C,C,C,C,C,C,C/D,C,C,C,C/D,C,C,C,No,C,No,C,C,C,C,C,C,C,C,C,C,C,C,C,No,C,C,C,C,C,C,C,C,C,C,C,C,C,C,C,C,C,C,No,C,C,C,No,No,No,No,C,C,C,No,C,C,No,No,No,No,No,No,No,No,No,No,C,C,C,C,C,C,C,C,C,C,C,C,C,C,C,C,C,C,C,C,C,C,C,C,C,C,C,C,C,C,C,C,C,C,C,C,C,C/D,C,C,No,C,C,C,C,C,C,C,C,C,C,C,C,C,C,C,C,C,C,No,C,C,C,C,C,C,C,No,C/D,C/D,C,No,No,C,C/D,C/D,C/D,C/D,No,No,No,No,No,No,No,C/D,C/D,C/D,C/D,C,C,C,C/D,C,C/D,C,C/D,C,C/D,C/D,C,C,C,C/D,C,C,C/D,C,C,C,C,C,C,C,C,C,C,C,C,C,C/D,C,C,C,C,No,C,No,No,C,C,C,No,C,C,C,C,C,C,No,C,No,C,No,C,No,No,No,C,No,No,No,C,C,No,C,No,No,C,No,C/D,C,No,No,No,No,No,No,No,No,No,No,No,No,No,No,No,C,C,No,No,No,No,No,No,No,No,No,No,No,No,No,No,No,No,No,No,No,No,No,No,No,No,No,No,No,No,No,C,C,C,C,No,No,No,No,C,C,C,No,C,C,No,No,No,No,No,No,No,C,C,C,C,C,C,C,C,C,No,C,C,No,No,No,No,C,No,C,No,No,No,No,C,No,C,No,C,C,C,C/D,C,BL01UK01IT049,UKIT049,708,23.6,2021,gb
R_30wW6PeC9wVKOp9,Male,University degree or equivalent,University degree or equivalent,85,15,0,NA,Italian;85;,English;15;,,90,10,0,NA,Italian,NA,10,6,2,Spanish,I always (or almost always) speak Italian to my child,Italian,NA,10,8,NA,NA,I always (or almost always) speak Italian to my child,Second,NA,2,36,Always (or almost always) English,1,C/D,C/D,C,C/D,C,C,C/D,C/D,C/D,C/D,C,C/D,No,C,No,No,C,C,No,C,C,C,C,No,C,C,C,C,C,C,C,C,C,C,C,C,C,No,C,C,C,C,No,C,C,C,C,C,C,C,No,C,C,C,C,C,C,C,C,C,C,C,C,C,C,C,C,C,C,No,C,No,No,No,C,No,C,C,C,C,C,C,C,C/D,C,No,No,C,No,No,No,No,No,C,No,C,No,C,C,C,No,C,No,No,C,C,C,C,C,No,No,C,No,C,No,C,No,C,No,C,C,No,No,No,No,C,C,C,C,C,C,C,No,No,C,C,C,C,C,C,C,C,C,C,No,C,C,C,C,C,C,No,C,C,C,C,No,C,C,C,C,C,No,C,No,C,C,No,C,C,No,C,C,C,C,No,C,C,No,C,C,C,C,No,C,C,C,C,No,C,C,C,C,C,C,C,C,C,No,C,C,C,C,No,No,No,No,No,C,C,C,C,No,No,C,C,C,C,No,C,C,C,C,No,No,C,C,No,No,No,No,C/D,C,C,C/D,No,No,No,No,No,No,C,No,No,C,C/D,C,C,No,C,No,C/D,C,C/D,C,C/D,C,C,C,C/D,C/D,C,C,C,C,C,C,C,C,C,C,C,C,C,C,C,C,C,C,C,C,C,C,C,C,C,C,C,C,C,C,C,No,C,C,C,No,C,C,C,No,C,C,C,C,C,C,C,C,C,No,C,C,C,C,No,No,C,C,No,No,C,C,C,C,C,C,C,No,No,C,C,C,No,C,No,No,C,C,C,C/D,No,No,No,No,C,No,No,No,No,No,No,No,No,No,No,No,No,No,No,No,No,No,No,No,No,No,No,C/D,No,No,No,C,No,C,No,C,C,No,C,No,No,No,No,No,No,C,No,No,No,No,No,No,No,No,No,C,C,No,No,C,No,No,No,C,No,C,C,C,No,C,No,No,C,No,No,No,No,BL01UK01IT050,UKIT050,612,20.4,2021,gb
R_30922FgUnrFgTsz,Female,University degree or equivalent,University degree or equivalent,50,50,0,NA,Italian;50;,English;50;,,80,20,0,NA,Italian,NA,10,8,NA,NA,I regularly speak both Italian and English to my child,Italian,NA,10,8,NA,NA,I regularly speak both Italian and English to my child,First,NA,1,12,Always (or almost always) English,1,C/D,C/D,C/D,C/D,C/D,No,C/D,C/D,C/D,C/D,C/D,C/D,No,C,No,C,C,C,No,C,No,C,C,C,C,C,C,C,C,C,C/D,No,C/D,C,C,C/D,C,No,No,C,C/D,No,No,No,C,C/D,C,No,C/D,C/D,No,No,No,No,No,C,No,C,No,No,No,C/D,No,C,No,No,C/D,C/D,C/D,No,C/D,No,No,C,C/D,C,No,C/D,No,C/D,No,C,C,C,C/D,No,C/D,C,C/D,C/D,No,No,C/D,No,C/D,C/D,No,C,C,C,C,C,No,No,No,C,C,C/D,C/D,No,C/D,C,C,C,C,C,No,C/D,No,No,C/D,No,No,No,No,No,C,C,No,C,C,C,No,C,No,C/D,No,C,C/D,No,No,C,C,No,No,C,C/D,C/D,No,No,C/D,No,C,C,C/D,No,No,C/D,C/D,No,No,C,No,C,No,C/D,No,No,No,No,No,C/D,No,C/D,C,No,No,No,No,No,C,No,C/D,No,C,C,C,C,No,No,No,No,C,No,C/D,No,C,No,No,C/D,C,C,C,No,No,No,No,No,C,No,No,C,No,No,No,No,No,No,No,C,C,No,C,No,No,No,C/D,No,No,No,C,C/D,C/D,C/D,C/D,No,No,No,No,No,No,No,No,No,No,No,C,No,No,C/D,No,C/D,C,C/D,C,C/D,C,No,No,C,C/D,No,C/D,C,C,C,No,No,No,C,No,C,C,C,C,C,No,No,C,C,C,C,C,No,No,No,C,C,C,No,No,C,No,C,C,No,No,C,No,C,No,No,No,C,C,C,No,No,No,No,No,No,C,No,No,C,No,No,No,No,No,No,C,No,No,No,C,No,No,No,No,No,C,No,No,No,C/D,No,No,No,No,No,C,No,C,C,No,No,No,No,No,No,No,No,C,No,No,No,No,No,No,No,C,No,No,No,No,No,C/D,No,No,C,No,No,C,No,C,No,No,C,No,No,No,No,No,No,C,No,C/D,No,C/D,No,No,No,No,No,C/D,No,No,No,No,No,C,No,C,No,C,C,No,No,No,No,No,C,No,No,No,No,BL01UK01IT051,UKIT051,540,18,2021,gb
R_3IXAWuJS4D6Vbun,Male,University degree or equivalent,University degree or equivalent,30,70,0,NA,Italian;30;,English;70;,,40,60,0,NA,Italian,NA,10,9,8,Spanish ,I always (or almost always) speak Italian to my child,English,NA,3,10,NA,NA,I always (or almost always) speak English to my child,First,NA,1,13,Always (or almost always) English,1,No,No,C/D,No,No,C,No,C,C/D,C/D,C/D,C/D,No,No,C,No,C,C,No,C,No,C,C,C,C,C,C,C,C,C,C,No,C,C,C,C,C,No,No,C,C,C,No,No,C,C,C,No,C/D,No,No,No,C,No,No,No,C,No,No,No,No,C,No,C,No,No,C,C,C/D,No,No,No,C,No,No,No,No,No,No,C,No,No,No,No,C,No,C,No,C/D,No,No,C/D,C/D,No,C,C,No,No,No,No,No,No,No,No,No,C,C,C,No,No,No,C,No,No,No,No,No,No,No,No,C,No,No,No,No,No,No,C,No,No,No,No,No,No,C,No,No,No,C,No,No,No,No,No,No,No,No,No,No,No,No,No,No,No,No,No,No,C,C,No,No,No,No,No,No,C,C,No,C,No,No,C,No,C,No,No,No,No,No,No,No,No,C,No,No,No,No,No,No,No,No,No,No,No,No,No,No,No,No,No,No,No,No,No,No,No,No,No,No,No,No,No,No,No,No,No,No,No,No,No,No,No,No,No,No,No,No,No,No,No,No,C/D,C/D,C/D,C/D,No,No,No,No,No,No,No,C/D,C/D,No,No,C,C,C,C/D,C,C,C,C,C,C,No,No,C,No,C/D,No,No,C/D,No,No,No,No,No,No,No,No,No,C,C,No,No,No,No,No,No,C,No,No,No,No,No,No,No,No,No,No,No,C,No,No,C,No,No,No,No,No,No,No,No,C,No,No,No,No,No,C,No,No,No,No,No,No,No,No,No,No,No,No,C,No,No,No,No,No,No,No,No,No,No,No,No,No,No,No,No,No,C/D,No,C,No,No,No,No,No,C,No,No,No,No,No,No,No,No,No,No,No,No,No,No,No,No,No,C,No,No,C,No,C,C,No,C,No,No,No,No,No,No,No,No,No,No,No,No,No,No,No,No,No,No,No,No,No,C,No,No,No,No,No,No,No,No,No,No,No,C,No,No,C,No,No,C,No,BL01UK01IT052,UKIT052,583,19.43333333,2021,gb
R_3mfbNGClRQCDi3M,Male,University degree or equivalent,University degree or equivalent,50,50,0,NA,Italian;50;,English;50;,,80,20,0,NA,Italian,NA,10,8,5,Spanish,I always (or almost always) speak Italian to my child,Italian,NA,10,8,NA,NA,I always (or almost always) speak Italian to my child,Other,Twins,1,12,Always (or almost always) English,NA,C/D,C,C,C/D,No,C/D,C/D,C/D,C/D,C/D,C/D,C/D,No,C,C/D,C,C/D,C/D,No,No,No,C/D,C,C/D,No,C/D,C,C,C/D,C,C/D,C,C,No,C,C/D,No,No,C,C,C/D,No,C/D,No,C/D,C,C,C,C,C/D,C,C,C,C/D,No,C,C,No,C,C,C,C/D,No,C/D,No,C,C/D,C,C/D,No,C,No,C,No,C,No,C,C,No,C/D,No,C,C,C/D,C/D,No,C,C,C/D,C,No,No,No,C,C,C,C,C,C,C,C,C,C,C,No,C,C,C,C,C,C,C,C,C,No,C,C,C/D,No,C,No,C,No,C/D,No,C,No,C/D,No,C,C,C/D,No,No,C,No,C,C,C,C,No,C,C,C,No,C,No,C,No,C,C,No,C,C,No,No,No,C/D,C,C,C,C,No,C,No,C,C,C,C,No,No,C,No,C,C/D,No,C,C,C,No,C,No,C,C/D,C,C,C,C,No,C/D,No,C,C/D,No,C,C,C,C,No,No,C,C,C,No,No,No,C,C,C,C,No,C,C,No,C,C,C,C,No,No,No,C,C,C,No,C,C,No,C,No,C,C/D,C/D,C/D,C/D,No,No,No,No,C,C,No,C,C,C,C,C,C,C,C/D,C,C,C,C,C,C/D,C,C/D,C,C,C/D,C/D,C,C,No,C,No,C,C/D,No,No,C,C,C,C,C/D,No,C,C,C,No,C,C,C,No,No,C,C,C,No,C,C,No,C/D,C,C,C,C,No,C,No,No,C,C,C,C,C,C,C,C,No,No,C,C,C,C,C,No,No,No,No,No,C,C,C/D,No,No,No,No,No,C,No,C,No,C,C,No,No,No,No,C,C,C/D,No,C,C,No,C,No,No,C,No,C,No,C,C,No,No,C,C,No,No,C,C,No,No,C,No,No,No,No,C,C,C,C,C,C,C,C,C,No,No,No,No,No,No,C,No,C/D,No,C/D,C/D,C/D,C/D,No,No,No,No,C,C,C,C,C/D,C,C/D,C,C,C,C,C,C,No,C/D,No,No,No,No,No,BL01UK01IT053,UKIT053,552,18.4,2021,gb
R_3hxt192tzXeB75j,Male,University degree or equivalent,Left school at 18 with A-Levels or equivalent,50,50,0,NA,Italian;50;,English;50;,,100,0,0,NA,Italian,NA,10,7,NA,NA,I always (or almost always) speak Italian to my child,Italian,NA,10,6,NA,NA,I always (or almost always) speak Italian to my child,First,NA,1,10,Always (or almost always) English,1,C/D,C/D,C/D,C/D,C/D,C,C/D,C,C/D,C/D,C/D,C/D,No,No,C,No,C/D,C/D,No,No,No,C/D,C,C,No,C,C,No,C/D,C,C/D,C,C,C,C,C,No,No,No,No,No,No,No,C/D,C,C,C/D,C,C,C,No,No,C,C,C,C,C,C,C/D,No,C,C,No,C/D,C/D,C/D,C/D,No,C,No,C,No,No,No,No,No,No,No,No,No,No,C,C,C/D,No,No,No,No,No,No,No,No,No,No,No,No,C,C,No,C,No,No,C,No,No,No,C,No,No,No,No,No,C,C,No,No,No,C,No,C,C,No,No,No,No,No,No,C,No,No,No,C,No,No,C,No,C,No,C,C,C,C,C,C,No,C,C,C,No,C,C,No,C,C,C,C,No,C,C,C,No,C,No,C,No,C,C,No,No,No,No,C,No,C,No,No,No,C,C,No,C,No,C,No,C,C,C,C,No,No,No,No,No,No,C,No,No,C,No,No,No,No,C/D,No,No,No,No,No,No,C,No,C,No,No,No,No,No,No,No,No,C,No,No,C,No,C,C,No,No,No,No,C/D,C/D,C/D,C/D,No,No,No,No,C,C,No,No,No,No,No,No,C,No,C,No,C,C,C/D,No,C/D,No,No,No,No,C,No,No,C,C,No,C,No,No,C/D,C,C,No,C,C,C/D,No,C,C,C/D,C,C,C,C,C,No,C,C,C,No,C,C,No,C,C,No,No,C,No,C,No,C,C,C,C,C,C,No,C,No,C,C,C,C,C,C,No,No,No,No,No,C,C,No,C,No,No,C,No,No,C,No,C,No,No,No,No,C,No,No,C,No,No,No,No,No,No,No,No,No,No,No,No,No,No,No,No,No,C,No,No,No,No,No,No,C,No,No,No,No,No,No,No,C,C,No,C,No,No,No,No,No,No,No,No,No,No,No,C,No,No,No,C,C/D,No,No,C,No,No,No,No,No,No,No,C/D,No,No,No,No,No,No,No,C,No,No,No,No,No,BL01UK01IT054,UKIT054,523,17.43333333,2021,gb
R_1F3qcxn7c7JFTCw,Female,University degree or equivalent,University degree or equivalent,20,80,0,NA,Italian;20;,English;80;,,45,55,0,NA,Italian,NA,10,9,NA,NA,I always (or almost always) speak Italian to my child,English,NA,5,10,NA,NA,I always (or almost always) speak English to my child,First,NA,1,15,Always (or almost always) English,2,No,C/D,C,C/D,C,C,C/D,C,C/D,C/D,C,C/D,No,C,C,C,C,C,No,C,No,C,C,C,No,C,C,C,C,C,C,C,C,C,C,C,No,No,C,C,C,C,No,No,C,C,C,C,C,C,No,C,No,No,No,C,No,C,No,No,No,C,No,C,C,C,C/D,No,C,No,C,No,C,No,No,C,No,C,No,C,No,No,C,C/D,C,C,No,No,C,No,C,C,No,No,No,C/D,C,C,C,C,C,No,C,No,No,C,C,C,C,C,C,C,C,C,C,C,C,C,No,C,No,C,C,C,No,C,No,C,No,C,C,C,C,C,C,No,C,No,C,No,C,C,C,C,No,C,C,C,C,C,C,No,C,C,C,C,C,C/D,C,C,C,C,No,No,No,C,No,No,No,No,No,C,No,C,C,No,No,C,C,No,C,No,C,No,No,C,C,No,C,No,C,No,C,C,C,C,C,No,No,No,C,No,No,No,No,No,No,No,No,C,No,C,No,No,No,C,No,No,No,C,C,C,C,No,No,C,No,No,No,No,C,C/D,C,C/D,C/D,No,No,No,No,No,No,No,C,C,C,C,C,C/D,No,No,C,C,C,C,C,C/D,C,No,No,No,C/D,C,C,C,C,C/D,No,C,No,C,No,C,C,C,C,C,C,C,C,C,C,C,C,C,No,C,C,C,C,C,C,C,No,C,C,C,C,C,No,C,No,No,C,C,C,C,C,C,No,C,No,C,C,C,C,C,No,C,C,C,C,No,C,No,No,No,No,C,No,No,C,No,C,C,C,C,C,No,C,C,C,C,No,No,C,C,No,No,No,No,No,No,No,No,No,No,No,No,No,No,No,C,No,C,No,No,No,No,C,No,C,No,No,C,No,No,No,No,No,C,No,No,No,C,No,No,No,No,C,No,C,No,C,No,No,No,No,No,C,No,C,C,C,C,No,No,C,C,C,No,C,No,C,C,No,No,No,No,BL01UK01IT055,UKIT055,600,20,2021,gb
R_2ZZXs1yY9ToJBHs,Male,University degree or equivalent,University degree or equivalent,80,20,0,NA,Italian;80;,English;20;,,100,0,0,NA,Italian,NA,10,7,NA,NA,I always (or almost always) speak Italian to my child,Italian,NA,10,7,NA,NA,I always (or almost always) speak Italian to my child,First,NA,1,11,Both Italian and English regularly,1,No,No,No,No,No,No,No,C,No,No,No,No,No,No,No,No,C,C,No,No,No,No,No,No,No,C,No,No,No,No,No,No,No,No,No,C,No,No,No,No,No,No,No,No,No,No,No,No,No,No,No,No,No,No,No,No,No,No,No,No,No,C,C,C,No,No,No,No,C,No,C,No,No,No,No,No,No,No,No,C,No,C,C,C,No,No,No,No,No,No,No,No,No,No,No,No,No,No,No,No,No,No,No,No,No,No,No,C,No,No,No,No,No,No,No,No,No,No,No,No,No,No,No,No,No,No,C,No,No,No,No,C/D,No,No,No,No,No,No,No,No,No,No,No,No,No,No,No,No,No,No,No,No,No,No,No,No,No,No,No,No,No,No,No,No,No,No,No,No,No,No,No,No,No,No,No,No,No,No,No,No,No,No,No,No,No,No,No,No,No,No,No,No,No,No,No,No,No,No,No,No,No,No,No,No,No,No,No,No,No,No,No,No,No,No,No,No,No,No,No,No,No,No,No,No,No,No,No,No,No,No,No,C/D,C,C,C/D,No,No,No,No,No,No,No,No,No,No,No,No,No,No,No,No,C,No,No,No,C,No,No,No,No,No,No,No,No,No,No,No,No,No,No,No,No,No,No,No,No,No,No,No,No,No,No,No,No,No,No,No,No,No,No,No,No,No,No,No,No,No,No,No,No,No,No,No,No,No,C,No,No,No,No,No,No,No,No,C,No,No,No,No,No,No,No,No,No,No,No,No,No,No,No,No,No,No,No,No,No,No,No,No,No,No,No,No,No,No,C,No,No,No,No,No,No,C,No,No,No,No,No,No,No,No,No,No,No,No,No,No,No,No,No,No,No,No,No,C,No,C,No,No,No,No,No,No,No,No,No,No,No,No,No,No,No,No,No,No,No,No,No,No,No,No,No,No,No,No,No,No,No,No,No,No,No,No,No,No,No,No,No,BL01UK01IT056,UKIT056,447,14.9,2021,gb
R_1QnPqZMBPLruuTY,Male,University degree or equivalent,University degree or equivalent,70,30,0,NA,Italian;70;,English;30;,,98,2,0,NA,Italian,NA,10,7,5,Spanish,I always (or almost always) speak Italian to my child,Italian,NA,10,9,NA,NA,I always (or almost always) speak Italian to my child,Third,NA,3,12,Always (or almost always) English,4,No,No,No,C,No,No,No,No,No,No,No,No,No,No,No,No,No,No,No,No,No,No,No,No,No,No,No,No,No,No,No,No,No,No,No,No,No,No,No,No,No,No,No,No,No,No,No,No,No,No,No,No,No,No,No,No,No,No,No,No,No,No,No,No,No,No,No,No,No,No,No,No,No,No,No,No,No,No,No,No,No,No,No,No,No,No,No,No,No,No,No,No,No,No,No,No,No,No,No,No,No,No,No,No,No,No,No,No,No,No,No,No,No,No,No,No,No,No,No,No,No,No,No,No,No,No,No,No,No,No,No,No,No,No,No,No,No,No,No,No,No,No,No,No,No,No,No,No,No,No,No,No,No,No,No,No,No,No,No,No,No,No,No,No,No,No,No,No,No,No,No,No,No,No,No,No,No,No,No,No,No,No,No,No,No,No,No,No,No,No,No,No,No,No,No,No,No,No,No,No,No,No,No,No,No,No,No,No,No,No,No,No,No,No,No,No,No,No,No,No,No,No,No,No,No,No,No,No,No,No,No,C,C,No,C,No,No,No,No,No,No,C,No,No,No,No,No,No,No,C,No,C,No,No,No,C,No,No,No,No,No,No,No,No,No,No,No,No,No,No,No,No,No,No,No,No,No,No,No,No,No,No,No,No,No,No,No,No,No,No,No,No,No,No,No,No,No,No,No,No,No,No,No,No,No,No,No,No,No,No,No,No,No,No,No,No,No,No,No,No,No,No,No,No,No,No,No,No,No,No,No,No,No,No,No,No,No,No,No,No,No,No,No,No,No,No,No,No,No,No,No,No,No,No,No,No,No,No,No,No,No,No,No,No,No,No,No,No,No,No,No,No,No,No,No,No,No,No,No,No,No,No,No,No,No,No,No,No,No,No,No,No,No,No,No,No,No,No,No,No,No,No,No,No,No,No,No,No,No,No,No,No,No,No,No,No,No,No,BL01UK01IT057,UKIT057,379,12.63333333,2021,gb
R_30wbuE53ybCYBkL,Female,University degree or equivalent,University degree or equivalent,40,60,0,NA,Italian;40;,English;60;,,95,5,0,NA,Italian,NA,10,8,NA,NA,I always (or almost always) speak Italian to my child,Italian,NA,10,8,NA,NA,I always (or almost always) speak Italian to my child,First,NA,1,7,Always (or almost always) English,0,C/D,C/D,C/D,C/D,C/D,C/D,C/D,C/D,C/D,C/D,C/D,C/D,C,C,C,C,C,C,No,C,C,C,C,C,C,C,C,C,C,C,C,C,C,C,C,C,C,No,C,C,C,C/D,No,C,C,C,C,C/D,C/D,C,No,C,C,C,C,C,C,C,C,C,C,C,C,C/D,C,C,C/D,C,C/D,C,C,C,C/D,C,C,C,C,C,C,C/D,C,C/D,C,C/D,C/D,C,C,C,C/D,C/D,C/D,C/D,C,C,C/D,C,C,C,C,C,C,C,C,C,C,C,C/D,C/D,C,C,C,C,C,C,C,C,C,C,C,C,C,C,C,C,C/D,C,C,C,C,C,C,C,C,C,C,C,C,C,C,C,C,C,C,C,No,C,C,C,C,C,C,No,C,C,C,C,C,C/D,C,C,C,C,No,C,C,C,C,C,C/D,C,C,C/D,C,C/D,C,No,C,C,No,C,C,C,C/D,No,C,C,C,C,C,C,C,C,No,C,C,No,C,C,C,C,C,C,C,C,C,No,C,C,C,C,C,C,C,C,C,C,C,C,C,C,C,C,C,C,No,C,C/D,C,C,C,C,C/D,C/D,C/D,C/D,C,C,C,C,C,C,C,C/D,C,C,C/D,C,C,C,C/D,C,C/D,C,C,C,C/D,C,C,C,C,C/D,C,C,C/D,C,C,C,C,C,C,C,C,C,C,C,C,C,C,C,C,C,C,C,C,C,C,C,C,C,C,C,C,C,C,C,C,C,C,C,C,C,No,C,C,C,C,C,C,C,C,No,C,C,C,C,C,C,C,C,C,C,C,C,C,C,C,C,C,C,C,C,C,C,C,C,C,C,C,C,C,C,C,C/D,C/D,C,C,C,C,C,C/D,C,C,C,C,C/D,C,C,C,C/D,C,C,C,C/D,C,C,C,C,C,C,C,C,C/D,C,C,C,C,C,C,C,C,C,C,C,C/D,C,C,C,C,C,C,C,C/D,C,C,C,C,C,C,C,C,C,C,C,C,C/D,C,C,C,C,C,C,C,C,C,C,C,C/D,C,R_30wbuE53ybCYBkL,R_30wbuE53ybCYBkL,892,29.73333333,2021,gb
R_2yaqfjYHzhMBLj6,Male,Left school at 18 with A-Levels or equivalent,Left school at 18 with A-Levels or equivalent,70,30,0,NA,Italian;70;,English;30;,,80,20,0,NA,Italian,NA,10,8,1,NA,I regularly speak both Italian and English to my child,Italian,NA,10,4,NA,NA,I always (or almost always) speak Italian to my child,Third,NA,3,NA,NA,NA,No,C,C/D,No,No,No,No,C,No,No,C,No,No,No,No,No,C,No,No,No,No,No,No,No,No,No,No,No,No,No,No,No,No,C,No,No,No,No,No,No,No,No,No,No,No,No,No,No,No,No,No,No,C,No,No,C,No,No,No,No,C,No,No,C,C,No,C,No,No,No,No,No,No,No,C,No,No,No,No,C,No,C,C,C,C,No,No,No,C,No,No,No,No,No,No,C,C,No,No,No,No,No,No,No,No,No,No,No,No,No,No,C,No,C,No,No,No,No,No,C,No,No,No,C,No,No,No,No,No,No,No,No,No,No,No,No,No,No,C,No,C,No,No,No,No,No,No,No,No,No,No,No,No,No,C,C,No,C,No,C,C,C,No,No,No,No,No,No,No,No,No,No,No,C,No,No,No,No,No,No,No,No,No,No,No,C,C,No,No,No,No,No,No,No,No,No,No,No,No,No,No,No,No,No,No,No,No,No,No,No,No,C,No,No,No,No,No,No,No,No,No,No,No,No,No,No,No,No,No,No,No,C/D,C,No,C,No,No,No,No,No,No,No,C,No,No,C,C,No,No,C,No,C,C,C,No,C,No,No,C,No,No,C,No,C,C,C,No,No,No,No,No,No,No,C,No,No,No,No,No,No,No,No,No,No,No,No,C,No,No,No,No,No,No,C,No,No,No,C,No,C,No,No,No,No,No,C,No,No,No,No,No,No,C,No,No,C,No,No,No,No,No,No,No,No,No,No,No,No,No,No,No,C,C,No,No,No,No,No,No,C,C,C,No,No,C,C,No,No,No,No,C,No,C,No,C,C,No,No,C,No,No,C,No,No,C,C,C,No,No,No,No,No,No,No,No,No,C,No,No,C,No,C,No,C,No,No,No,No,C,No,No,No,No,No,No,No,No,No,No,No,No,No,No,No,No,No,No,No,No,No,No,No,No,No,No,No,C,No,BL01UK01IT061,UKIT061,396,13.2,2021,gb
R_w7dGwWMGMnVeG2d,Female,University degree or equivalent,University degree or equivalent,50,50,0,NA,Italian;50;,English;50;,,90,10,0,NA,Italian,NA,10,9,6,NA,I always (or almost always) speak Italian to my child,Italian,NA,10,8,6,NA,I always (or almost always) speak Italian to my child,First,NA,1,10,Always (or almost always) English,2,C,C,No,No,No,No,C/D,No,No,C/D,C,No,No,No,No,No,C/D,No,No,No,No,C,No,No,C,No,C,C,C,No,No,No,No,No,No,No,No,No,No,No,No,No,No,No,No,No,No,No,No,No,No,No,No,No,No,C,No,C,No,No,C,No,C,C,C,No,C,No,C,C,No,No,No,No,No,No,No,No,C,C,C,No,No,No,C,No,No,No,No,No,No,No,No,No,No,No,No,C,No,No,No,No,No,No,C,No,C,No,No,No,No,No,C,C,No,No,No,No,No,C,C,No,No,No,No,No,C,C,No,No,C,C,C,No,No,No,C,No,C,No,No,No,C,C,No,No,No,No,No,C,No,No,C,C,C,C,No,No,No,C,No,No,No,No,No,No,No,No,No,No,No,No,No,No,No,No,No,No,No,No,No,No,No,No,No,C,No,C,No,No,No,No,C,No,No,C,No,No,No,No,C,No,C,No,No,No,No,No,No,No,No,No,No,No,No,No,No,No,No,No,No,No,No,No,No,C,C,No,No,No,No,C/D,No,No,C,No,No,No,No,No,No,No,No,No,C,C,C,C,C,C,C,C,C,C,C,C/D,C,C,C,C/D,C,C,No,C,C,No,No,No,No,No,No,No,No,C,No,No,C,C,C,C,No,C,No,C,No,No,No,No,No,No,No,No,No,C,No,No,C,C,No,No,No,No,No,C,C,C,No,No,No,No,No,C,C,C,C,No,No,No,No,No,No,No,C,No,No,No,No,No,No,No,No,No,No,No,C,C,No,No,No,No,C,C,No,No,No,C,No,No,No,No,No,No,C,No,No,No,No,No,C,No,No,No,No,No,No,No,No,No,No,No,No,No,No,C,C,No,C,No,No,C,No,No,No,No,No,No,C,No,C,No,No,No,C,No,C,No,C,No,No,No,No,No,C,No,No,No,C,No,C,No,C,No,C,C,No,No,C,C,BL01UK01IT062,UKIT062,478,15.93333333,2021,gb
R_24HGKtpCmBevvRF,Male,University degree or equivalent,University degree or equivalent,90,10,0,NA,Italian;90;,English;10;,,90,10,0,NA,Italian,NA,10,8,NA,NA,I always (or almost always) speak Italian to my child,Italian,NA,10,7,NA,NA,I always (or almost always) speak Italian to my child,First,NA,1,9,Always (or almost always) English,1,C/D,C/D,C/D,C/D,C/D,C/D,C/D,C/D,C/D,C/D,C/D,C/D,C/D,C/D,C/D,C/D,C/D,C/D,C/D,C/D,C/D,C/D,C/D,C/D,C/D,C/D,C/D,C/D,C/D,C/D,C/D,C/D,C/D,C/D,C/D,C/D,C/D,No,C/D,C/D,C/D,C/D,C/D,C/D,C/D,C/D,C/D,C/D,C/D,C/D,No,C/D,C/D,C/D,C/D,C/D,C/D,C/D,C/D,C/D,C/D,C/D,C/D,C/D,C/D,C/D,C/D,C/D,C/D,C/D,C/D,C/D,C/D,C/D,C/D,C/D,C/D,C/D,C/D,C/D,C/D,C/D,C/D,C/D,C/D,C/D,C/D,C/D,C/D,C/D,C/D,C/D,No,C/D,C/D,C/D,C/D,C/D,C/D,C/D,C/D,C/D,C/D,C/D,C/D,C/D,C/D,C/D,C/D,C/D,C/D,C/D,C/D,C/D,C/D,C/D,C/D,C/D,C/D,C/D,C/D,C/D,C/D,C/D,C/D,C/D,C/D,C/D,C/D,C/D,C/D,C/D,C/D,C/D,C/D,No,C/D,C/D,C/D,C/D,C/D,C/D,C/D,C/D,No,C/D,C/D,C/D,No,C/D,C/D,C/D,No,C/D,C/D,C/D,No,C/D,C/D,C/D,C/D,C/D,C/D,C/D,C/D,C/D,C/D,C/D,C/D,C/D,C/D,C/D,C/D,C/D,C/D,C/D,C/D,C/D,C/D,C/D,C/D,C/D,C/D,No,C/D,C/D,C/D,C/D,C/D,C/D,C/D,C/D,C/D,C/D,C/D,C/D,C/D,C/D,C/D,C/D,C/D,C/D,C/D,C/D,C/D,C/D,C/D,C/D,C/D,C/D,C/D,C/D,C/D,C/D,C/D,C/D,C/D,C/D,No,C/D,C/D,C/D,C/D,C/D,C,C/D,C/D,C/D,C,C,C/D,C/D,C/D,C/D,C/D,C/D,C/D,C,C,C/D,C/D,C,C/D,C/D,C/D,C/D,C/D,C/D,C/D,C/D,C/D,C/D,C/D,C/D,C/D,C/D,C/D,C/D,C/D,C/D,C/D,C/D,C/D,C/D,C/D,C/D,No,C/D,C,C/D,C/D,C/D,C/D,C/D,C/D,C/D,C/D,C/D,C/D,C/D,C/D,C/D,C/D,C/D,C/D,C/D,C/D,C/D,C/D,C/D,C/D,C/D,C/D,C/D,C/D,C/D,C/D,C/D,C/D,C/D,C/D,C/D,C/D,C/D,C/D,C/D,C/D,C/D,C/D,C/D,C/D,C/D,C/D,C/D,C/D,C/D,C/D,C/D,C/D,C/D,C/D,C/D,C/D,C/D,C/D,C/D,C/D,C/D,C/D,C/D,C/D,C/D,C/D,C/D,C/D,C/D,C/D,C/D,C/D,C/D,C/D,C/D,C/D,C/D,C/D,C/D,C/D,C,No,C/D,C/D,C,C/D,C/D,C/D,C/D,C/D,C/D,C/D,C/D,C/D,C/D,C/D,C/D,C/D,C/D,C/D,C/D,C/D,C/D,C/D,C/D,C/D,C/D,C/D,C/D,C/D,C,C/D,C/D,C/D,C/D,C/D,C/D,C/D,C/D,C/D,C/D,C/D,No,No,C/D,C/D,C/D,C/D,C/D,C/D,C/D,C/D,C/D,C/D,C/D,C/D,C/D,C/D,C/D,C/D,C/D,C/D,C/D,C/D,C/D,C/D,C/D,C/D,C/D,C/D,C/D,R_24HGKtpCmBevvRF,R_24HGKtpCmBevvRF,1238,41.26666667,2021,gb
R_3Eni8X6rNJuTHC3,Female,University degree or equivalent,University degree or equivalent,30,70,0,NA,Italian;30;,English;70;,,100,0,0,NA,Italian,NA,10,8,NA,NA,I always (or almost always) speak Italian to my child,Italian,NA,10,10,NA,NA,I always (or almost always) speak Italian to my child,Second,NA,2,13,Always (or almost always) English,0,C/D,No,C,No,C,C,No,No,C/D,C/D,C/D,C/D,No,C/D,No,No,C/D,C/D,No,No,C,C/D,C/D,No,C,C/D,C/D,C,C,No,C,C,C,C/D,C,C,C,No,C,C,C,C,No,C,C,C,C/D,C/D,No,C/D,No,C/D,C/D,No,C/D,C,C,C/D,C/D,No,C,C/D,No,C/D,C,C,C/D,C,C/D,No,C/D,No,C/D,C/D,C/D,C,C,C/D,C/D,C/D,C/D,C/D,C/D,C/D,C/D,No,C,C,C/D,C/D,C/D,C,C/D,C/D,C/D,C/D,C,C/D,No,C/D,C,C,C,C,C,C,C/D,C/D,C/D,C,C,C/D,C/D,C/D,No,No,C,C,No,C/D,No,No,No,C,C,No,C/D,C/D,C,C/D,C/D,C/D,C,C/D,C/D,C/D,C/D,C/D,C/D,No,No,C/D,C/D,C/D,No,C,C/D,C/D,No,C,C/D,No,No,C/D,C/D,C,No,C/D,C,C/D,C,C/D,No,C,C,C,C,C/D,C/D,C,C,C/D,No,C/D,C/D,C/D,No,C,C/D,C,C/D,No,C/D,C,C,No,C/D,C,No,C,No,C,No,C,C/D,C,C,C,C,C,C,No,C/D,No,No,No,C,No,C,No,C,C/D,No,No,C/D,C,No,No,No,C,C,C/D,C/D,No,C,No,C,C,C/D,No,No,C/D,C/D,C/D,C/D,No,No,No,No,C,No,No,C/D,C/D,C/D,C,C/D,C,C,C/D,C/D,No,C/D,C/D,No,C/D,C/D,No,C/D,C/D,C/D,No,No,C,C,C/D,C,C/D,No,C/D,No,C/D,No,C/D,C/D,C/D,C/D,C/D,C/D,C,C,C/D,C/D,C/D,No,No,C/D,C,C,C,C,C/D,No,C/D,C/D,C,C/D,C,C/D,C/D,No,No,No,C/D,C/D,C/D,C/D,C/D,No,C/D,C,C/D,C,C,C/D,C/D,C,C/D,C/D,No,C,C/D,C/D,C,C,C,C,C,C/D,C,C/D,No,C/D,C/D,C/D,No,No,No,No,C/D,C/D,C/D,C/D,C/D,C/D,C/D,C,C,No,C,No,No,C/D,C,C/D,C/D,C/D,C/D,C/D,C,No,C/D,C/D,C/D,C/D,C/D,C/D,C,C/D,No,C/D,C/D,C,C/D,C,C,C/D,C/D,C,C,C,C/D,C,C,C,C,C/D,No,C/D,C,No,No,C/D,C/D,C/D,C/D,C/D,C/D,C,C,C/D,C,C/D,C,C/D,No,C,C,C,C,C,No,No,C,No,No,C/D,C/D,R_3Eni8X6rNJuTHC3,R_3Eni8X6rNJuTHC3,979,32.63333333,2021,gb
R_1K1rHuekQH760pQ,Female,University degree or equivalent,University degree or equivalent,25,75,0,NA,Italian;25;,English;75;,,25,75,0,NA,English,NA,1,10,NA,NA,I always (or almost always) speak English to my child,Italian,NA,10,8,NA,NA,I always (or almost always) speak Italian to my child,Second,NA,2,NA,NA,1,No,No,C,No,No,No,C/D,C/D,C/D,C/D,No,C/D,No,C,No,No,No,No,No,No,No,C,No,No,No,C/D,No,No,C,No,C,No,No,No,No,No,C,No,No,No,No,No,No,No,No,No,No,No,No,No,No,No,No,No,No,No,No,No,No,No,No,No,No,No,No,No,No,No,C/D,No,C,No,No,No,C,No,No,No,No,No,No,No,No,No,No,No,No,No,No,No,No,No,C/D,No,No,No,No,No,No,No,No,No,No,No,No,No,No,C,No,No,No,No,No,No,No,No,No,No,No,No,No,No,No,No,No,No,No,No,No,No,No,No,No,No,No,No,No,No,No,No,No,No,No,No,No,No,No,No,No,No,No,No,No,No,No,No,No,No,No,No,No,No,No,No,No,No,No,No,No,No,No,No,No,No,No,No,No,No,No,No,No,No,No,No,No,No,No,No,No,No,No,No,C,No,No,No,No,No,No,No,No,No,No,No,No,No,No,No,No,No,No,No,No,No,No,No,No,No,No,No,No,No,C,No,No,No,No,No,No,No,No,C/D,C,C/D,C/D,No,No,No,No,No,No,No,No,No,No,No,C,C,No,C,No,C,No,No,No,C/D,No,No,No,No,No,No,No,No,No,No,No,No,No,No,No,No,No,No,No,No,No,No,No,No,No,No,No,No,No,No,No,No,No,No,No,No,No,No,No,No,No,No,No,No,No,No,No,No,No,No,No,No,No,No,No,No,No,No,No,No,No,No,No,No,No,No,No,No,No,No,No,No,No,No,No,No,No,No,No,No,No,No,No,No,No,No,No,No,No,No,No,No,No,No,No,No,No,No,No,No,No,No,No,No,No,No,No,No,No,No,No,No,C,No,No,No,No,No,No,No,C,No,No,No,No,No,No,No,No,No,No,No,No,No,C,C/D,No,No,No,No,No,No,No,No,No,No,No,No,No,No,No,No,No,No,No,No,No,No,No,No,No,No,BL01UK01IT063,UKIT063,606,20.2,2021,gb
R_1OuEWEdhNMrgQMB,Female,University degree or equivalent,University degree or equivalent,40,55,5,Albanian,Italian;40;,English;55;,Albanian;5;,40,55,5,Albanian,Italian,NA,10,7,NA,NA,I regularly speak both Italian and English to my child,Other(s),Italian and Albanian,10,7,8,Albanian,I regularly speak both Italian and English to my child,First,NA,1,10,Always (or almost always) English,2,No,No,No,No,No,No,No,No,No,No,No,No,No,No,No,No,No,No,No,No,No,No,No,No,No,No,No,No,No,No,No,No,No,No,No,No,No,No,No,No,No,No,No,No,No,No,No,No,No,No,No,No,No,No,No,No,No,No,No,No,No,No,No,No,No,No,C/D,No,No,No,C/D,No,No,No,No,No,No,No,No,No,No,No,No,No,No,No,No,No,No,No,No,No,No,No,No,No,No,No,No,No,No,No,No,No,No,No,No,No,No,No,No,No,No,No,No,No,No,No,No,No,No,No,No,No,No,No,No,No,No,No,No,No,No,No,C,No,No,No,No,No,No,No,No,No,No,No,No,No,No,No,No,No,No,No,No,No,No,C/D,No,No,No,No,No,No,No,No,No,No,No,No,No,No,No,No,No,No,No,No,No,No,No,No,No,No,No,No,No,No,No,No,No,No,No,No,No,No,No,No,No,No,No,No,No,No,No,No,No,No,No,C,No,No,No,No,No,No,No,No,No,No,No,No,No,No,No,No,No,No,No,No,No,No,C/D,C/D,C/D,No,No,No,No,No,No,No,No,No,No,No,No,No,No,C/D,No,No,No,No,C,C/D,No,No,No,No,No,No,No,C/D,C,No,No,No,No,No,No,No,No,C,No,No,No,No,No,No,No,No,No,No,No,No,No,No,No,No,No,No,No,No,C,No,No,No,No,No,No,No,No,No,No,No,No,No,No,No,No,No,No,No,No,No,No,No,No,No,No,No,No,No,No,No,No,No,No,No,No,No,No,No,No,No,No,No,No,No,No,No,No,No,No,No,No,No,No,No,No,No,No,No,No,No,No,No,No,No,No,No,No,No,No,No,No,No,No,No,No,No,No,No,No,No,No,No,No,No,No,No,No,C,No,No,No,No,No,No,No,No,No,No,No,No,No,No,No,No,No,No,C,No,C,No,No,No,C,No,No,No,C/D,No,No,No,No,No,BL01UK01IT064,UKIT064,756,25.2,2021,gb
R_3m2h9ey8rhf8BJ6,Female,University degree or equivalent,University degree or equivalent,50,0,50,NA,Italian;50;,English;0;,Other;50;,90,10,0,NA,Italian,NA,10,9,NA,NA,I always (or almost always) speak Italian to my child,Italian,NA,10,8,NA,NA,I always (or almost always) speak Italian to my child,First,NA,1,14,Always (or almost always) English,5,C/D,C/D,C/D,C/D,No,C/D,No,C/D,C/D,C/D,C/D,C/D,No,No,C,No,C,C,No,C,No,C,No,C,C,C,No,C,C,C/D,C,No,C,C,C,C,C,No,No,No,C,C,No,No,C,No,C,C,C/D,C,No,No,C,C,C,C,No,C,C,C,C,C,C,C,C,C,C/D,No,C,No,C,No,No,No,No,C,No,No,No,C,No,C,C,C/D,No,No,No,No,No,No,C,No,C,No,No,C,C,C,No,C,No,C,C,C,No,C,C,C,C,C,C,C,C,C,C,C,No,C,No,C,C,C,No,C,No,No,C,C,C,C,C,C,C,No,C,No,C,C,No,No,No,C,C,No,No,No,No,C,No,C,C,No,No,C,No,C,No,C/D,C,C,C/D,C,No,C,No,C,No,No,No,C,No,No,No,C,No,C,C,C,C,No,No,No,C,No,C,C,C,C,No,C,C,C,C/D,C,C,C,No,C,No,No,No,No,C,No,No,No,C,No,No,C,No,C,No,C,C,C,No,C,No,No,C,C,C,No,No,No,C,No,No,No,No,C/D,C/D,C/D,C/D,No,No,No,No,No,No,No,C/D,C/D,C,C,C,C,C,C/D,C,C,C,C,C,C/D,C,C,C,No,C/D,No,No,C/D,C,C,No,C,No,C,C,C,No,C,C,C,C,C,C,C,C,C,C,No,No,C,C,C,No,C,C,C,No,C,C,C,No,C,No,C,No,No,No,C,C,C,C,C,No,C,No,C,C,C,C,C,No,No,C,No,No,C,C,C,C,C,C,C,No,C,No,No,C,No,No,No,C,No,No,C,C,No,C,C,No,No,No,No,No,No,No,No,No,C,C,No,No,No,No,C,No,C,C,No,No,C,C,No,C,No,No,C,C,C,C,No,C,No,No,No,No,No,No,No,No,No,C,No,No,No,No,No,No,No,No,No,No,No,No,No,No,No,C,No,C,No,C,C,C/D,C,C,No,C,C,No,No,C,C,BL01UK01IT065,UKIT065,687,22.9,2021,gb
R_1OwWnmSdg3TwpcB,Male,University degree or equivalent,University degree or equivalent,10,90,0,NA,Italian;10;,English;90;,,30,70,0,NA,Italian,NA,10,8,6,Spanish,I regularly speak both Italian and English to my child,English,NA,3,10,NA,NA,I always (or almost always) speak English to my child,Second,NA,2,NA,NA,0,C,C/D,C/D,C/D,C,C/D,C/D,C/D,C/D,C/D,C/D,C/D,C,C/D,C/D,C,C/D,C/D,No,C/D,C,C/D,C/D,C/D,C/D,C/D,C/D,C,C/D,C/D,C/D,C,C/D,C/D,C/D,C/D,C/D,C,C,C/D,C,C/D,C,C/D,C/D,C/D,C/D,C,C,C/D,C,C,C,C,C,C,C,C,C,C,C,C/D,C,C,C,C,C/D,C,C/D,C,C/D,C,C,C,C,C,C,C/D,C/D,C/D,C,C/D,C/D,C/D,C/D,C,C,C,C/D,C,C,C,C/D,C/D,C,C/D,C/D,C/D,C/D,C/D,C,C/D,C/D,C,C,C/D,C/D,C/D,C/D,C,C/D,C,C/D,C,C/D,C,C,C/D,C,C/D,C,C,C,C,C/D,C,C/D,C,No,C,C/D,C/D,C,C,C,C/D,C,C,C/D,C,C,C/D,C,C,C/D,C,C/D,C/D,C,C,C,C,C,C,C/D,C,C,C/D,C/D,C/D,C,C/D,C,C,C,C/D,C,C,C/D,C,C,C,C,C/D,C,C,C/D,C,C,C,C/D,C,C/D,C,C/D,C/D,C/D,C/D,No,C/D,C/D,C/D,No,C,C,C/D,C/D,C,C/D,C/D,C/D,C,C/D,C,C,C,C/D,C,C,C,C/D,C/D,C,C,C/D,C,C,C,C,C,C/D,C,C/D,C/D,C,C,C/D,C,C,C,C,C/D,C,C,C,C,C,C,C,C,C,C,C,C,C,C,C/D,C/D,C,C/D,C,C,C,C/D,C,C/D,C,C,C,C/D,C/D,C/D,C/D,C,C/D,C,C,C/D,C,C/D,C,C/D,C/D,C/D,C/D,C/D,C,C,C/D,C/D,C,C/D,C/D,C/D,C,C/D,C/D,C/D,C,C,C/D,C/D,C,C/D,C/D,C/D,C/D,C/D,C/D,C/D,C,C,C,C/D,C/D,C/D,C/D,C/D,C,C/D,C,C/D,C/D,C/D,C/D,C/D,C,C/D,C/D,C,C,C/D,C/D,C/D,C/D,C/D,C/D,C/D,C/D,C/D,C/D,C,C/D,C/D,C,C,C/D,C,C,C/D,C/D,C/D,C/D,C/D,C/D,C/D,C,C,C,C,C,C,C/D,C,C/D,C/D,C,C,C/D,C,C,C,C/D,C,C,C,C,C,C,C,C,C/D,C,C/D,C/D,C/D,C/D,C/D,C/D,C/D,C,C/D,C,C/D,C,C,C/D,C,C/D,C,C/D,C/D,C/D,C/D,C/D,C,C/D,C/D,C/D,C/D,C,C,C/D,C/D,C/D,C,C,C,C/D,C,C/D,C,C,C/D,C,C,C/D,C,R_1OwWnmSdg3TwpcB,R_1OwWnmSdg3TwpcB,1112,37.06666667,2021,gb
R_1DzI1L1hImDWhXf,Male,University degree or equivalent,University degree or equivalent,25,75,0,NA,Italian;25;,English;75;,,40,60,0,NA,Bilingual Italian and English,NA,10,10,4,Spanish,I regularly speak both Italian and English to my child,English,NA,2,10,9,French,I always (or almost always) speak English to my child,Second,NA,2,14,Always (or almost always) English,0,C,No,No,C/D,No,C,C,C,C,C/D,C,C,No,No,No,No,No,No,No,No,No,No,No,No,C,C,No,No,No,No,No,No,No,No,No,No,No,No,No,No,No,No,No,No,No,No,C,No,No,No,No,No,No,No,No,C,C,No,No,C,No,C,No,C,No,C,C,No,C,No,C,No,No,No,No,No,C,C,C,C,No,C,C,C,C,C,No,No,C,No,No,No,No,C,C,No,No,C,C,C,No,C,C,No,C,C,C,C,C,No,C,C,C,C,C,C,No,C,No,C,C,C,No,C,No,No,C,C,No,C,C,C,C,C,No,No,No,No,No,No,No,No,C,No,No,No,C,C,No,C,No,No,C,C,C,No,No,C,C,No,C,C,C,C,No,C,C/D,C,C,C/D,C,No,No,C,C,No,C,C,C,C,C,C,C,No,No,No,No,No,No,No,No,No,No,No,No,No,No,C,No,No,C,No,C,No,No,No,No,No,No,C,No,No,No,No,No,No,No,C,No,No,No,C,C,No,No,C,C,No,C,No,No,C/D,C/D,C,C,No,No,No,No,No,No,No,No,C,C,C,C,C,C,C,C,C,C,C,C,C/D,C,No,C,C,C,C,No,C,C,No,C,C,C,C,No,C,C,C,C,C,C,C,C,No,No,C,C,C,No,No,No,C,C,C,C,C,No,C,C,C,C,C,No,C,No,No,No,C,C,C,No,No,No,C,No,C,C,C,C,C,C,C,C,No,No,C,C,C,C,C,C,No,No,C,C,No,C,No,No,No,No,No,No,C,C,C,C,No,C,C,C,No,No,No,No,No,C,C,C,C,C,C,C,C,No,C,C,C,C,C,C,C,C,No,C,C,No,No,No,No,C,No,No,C,No,No,No,No,No,No,C,No,C,No,C,C,C,No,No,No,C,C,C,C,C,C,C,C,C,No,No,No,C,C,No,No,No,C,No,No,No,No,BL01UK01IT066,UKIT066,464,15.46666667,2021,gb
R_2dRph1IsVwYkq6R,Female,University degree or equivalent,University degree or equivalent,50,50,0,NA,Italian;50;,English;50;,,90,10,0,NA,Italian,NA,10,8,6,French,I always (or almost always) speak Italian to my child,Italian,NA,10,8,7,Spanish,I always (or almost always) speak Italian to my child,First,NA,1,9,Always (or almost always) English,4,No,C/D,No,C/D,C/D,C/D,C/D,C/D,C/D,No,C/D,No,No,C,C/D,No,C/D,C/D,No,C,No,C/D,C/D,No,C/D,No,C/D,C,C/D,C,C/D,C,No,C,C,C/D,No,No,No,No,C/D,C,No,C,C,C/D,C,C/D,C/D,C/D,No,C,C/D,No,No,C,C/D,C,C,C/D,No,C/D,No,C/D,C/D,C,C/D,C/D,C/D,No,C,No,C/D,C/D,C,C,C,C/D,C,C/D,C,C/D,C/D,No,C/D,No,C/D,C,C/D,C/D,No,No,C/D,C/D,No,C/D,C/D,C/D,No,C,C,C/D,C,No,No,No,C/D,C/D,C/D,C,C/D,C,C,C/D,No,C,No,C/D,No,C,C,No,No,C,C,C,C,C/D,No,No,No,C/D,No,C,C/D,No,No,No,No,No,C,C,C,No,No,No,C,C,No,C/D,No,No,No,C,No,No,No,C/D,C/D,C/D,C/D,C/D,No,C,No,C/D,C,C/D,C/D,No,No,No,No,C/D,C,No,No,C/D,C,C,C/D,No,C/D,No,C,C,C,No,No,C,No,No,C,No,C,C,C,C,C,C,C/D,No,C/D,No,No,No,No,No,No,C,No,C,No,No,C,No,No,C,No,C/D,C,C,C,C/D,No,No,C/D,No,No,No,No,C/D,C/D,C/D,C/D,No,No,No,No,No,No,No,C/D,C/D,C,No,C/D,No,C,C/D,C,C/D,C/D,C/D,C,C/D,C,C,C,C/D,C/D,No,No,C,C/D,C/D,C,C,C,C/D,C,C/D,C,C,C,C/D,C/D,C/D,C/D,C,C,C,C/D,No,No,No,C/D,C/D,C,C,C,C/D,C,C/D,C/D,No,C/D,C/D,No,C,No,C,No,C/D,No,C/D,C/D,C,C,C,No,No,C/D,No,C,C,C,C,C/D,No,C,No,C/D,No,C,C,C,No,No,No,C,C,C,No,C,No,No,No,No,C,No,C/D,C/D,No,C/D,C/D,No,No,No,No,No,No,C,C,C/D,C/D,No,No,C,No,No,No,C/D,No,No,C,C/D,C,C/D,No,C/D,C/D,No,No,C,No,No,C,No,C,No,C,No,C,No,No,No,C,C/D,No,C/D,C,C/D,C,C,C,C/D,C,C/D,No,C,No,C/D,No,No,No,C/D,C/D,C,No,C/D,No,C/D,C/D,No,No,No,C/D,BL01UK01IT067,UKIT067,842,28.06666667,2021,gb
R_3PB3ouUBLkYvYwE,Female,Left school at 18 with A-Levels or equivalent,University degree or equivalent,30,70,0,NA,Italian;30;,English;70;,,30,70,0,NA,Italian,NA,10,8,NA,NA,I always (or almost always) speak Italian to my child,English,NA,3,10,NA,NA,I always (or almost always) speak English to my child,First,NA,1,24,Always (or almost always) English,3,C,C/D,C,C/D,C,C/D,No,C/D,C,C,C,C/D,No,C,C,C,C,C,C,C,C,C,C,C,C,C,C,C,C,C,C,C,C,C,C,C,C,No,C,No,C,C,No,C,No,C,C,C,C,C/D,No,No,C,No,C,C,C,C,C,No,C,C,C,C,C,C,C,C,C,No,C/D,No,C/D,No,C,C,C,C,C,C,No,C,C,C,C/D,C,C,C,C/D,C,C,C,C/D,C,C,C,C,C,C,C,C,C,C,C,C,C,C,C,C,C,C,C,C,C,No,C,C,C/D,C,C,No,No,No,C/D,No,C,C,C,C,C,C/D,C/D,C,C,C,C/D,C/D,C,C,C,No,C,C,C,C,C,C,C,C,C/D,C,No,C,C,C,C,C,C/D,C,C,C,C,No,C,C,C,C,C,C,C,C,C,C,C,C,No,C,C,C,C,C,C,C,C/D,C,C,C,C,No,C,C,C,C,C,C,C,C,C,C,C,C,C,C,No,C,No,C,C,C,C,C,C,No,C/D,C,C,C,C,C,No,C,C,C,C,No,C,C,C,No,C,C,C,C/D,C/D,No,C,C,No,No,No,No,C,C/D,C/D,C,No,C/D,C/D,C/D,C/D,C,C,C,C/D,C,C/D,C,C,C,C,C/D,No,C,C,C,C,No,C,C,C,No,C,C,C,C,C,C,C,C,C,C,C,C,No,No,C,C,C,No,No,C,C,No,C,C,C,C,C,No,C,C,No,No,C,C,C,C,C,No,C,C,C,C,C,C,C,C,C,C,No,C,C,C,C,C,C,C,C,C,C,C,No,C,C,C,No,C,C,C,C,C,C,C/D,C,C,C,C,C,No,C/D,C,C,C/D,No,C,C,C,C,C,No,No,C,C,C,C,C/D,C,C,C,C,C,C,C,C,C,C,C,C,C,C,C,C,C,C,C,C,C,C,C,C,C,C,C,C,C,C,C,C,C,C,C,C,C,C,C,C,C,C,C,C,C,C,C,C,No,C,C,C,R_3PB3ouUBLkYvYwE,R_3PB3ouUBLkYvYwE,990,33,2021,gb
R_2oBrcuF6IAl3cHv,Male,University degree or equivalent,Left school at 16 with GCSE or equivalent,48,50,2,German,Italian;48;,English;50;,German;2;,50,48,2,NA,Italian,NA,10,9,8,"Spanish,french,german",I always (or almost always) speak Italian to my child,English,NA,NA,10,NA,NA,I always (or almost always) speak English to my child,First,NA,1,18,Always (or almost always) English,1,C,C,No,C,No,C,C,No,No,C,No,No,No,C,No,No,C,No,No,No,C,No,No,No,No,No,No,No,No,No,No,No,C,No,No,No,No,No,No,No,No,No,No,No,No,No,No,C,No,C,No,C,C,C,C,C,C,No,C,C,C,No,C,C,No,No,C,C,C,No,C,No,No,C,C,C,C,C,No,C,No,C,C,C/D,C,C,C,C,C,C,C,No,C,No,No,C,C,C,C,C,No,C,C,No,C,C,C,C,C,C,C,C,C,C,No,No,No,C,No,C,No,C,No,C,C,C,No,C,C,C,C,C,No,No,C,No,C,C,C,C,No,C,C,C,No,C,C,C,No,C,C,No,C,C,C,C,No,C,C,C,C,C,No,No,No,No,No,No,No,No,No,No,No,C,C,No,C,C,C,No,No,No,No,No,C,C,C,C,No,C,No,C,C,C,C,C,No,No,No,No,C,No,No,No,No,No,No,No,C,No,No,C,No,No,No,C,No,No,No,C,C,No,No,No,No,No,No,No,No,No,No,C/D,C,C,C,No,No,No,No,No,No,No,No,No,C,C,C,C,C,C,C,C,C,C,C,C,C,C,C,C,C,C,C,C,C,C,No,No,No,C,No,C,C,C,C,C,C,C,C,No,No,No,C,C,No,No,C,C,No,No,No,No,C,C,C,C,C,C,C,C,No,No,C,C,No,C,C,C,No,No,No,No,C,C,C,No,No,No,C,C,C,No,C,No,No,C,C,No,No,C,No,C,C,No,C,C,No,No,No,No,C,C,C,C,C,C,No,No,No,C,No,No,C,No,C,No,No,No,No,No,No,No,C,No,No,No,C,No,C,No,C,C,No,C,No,No,C,No,No,No,No,No,No,No,No,No,No,No,No,No,No,No,No,C,C,No,No,No,No,No,No,No,C,C,No,No,No,No,C,No,C,No,C,C,No,No,No,No,BL01UK02IT047,UKIT047,564,18.8,2021,gb
R_1lsNm4282bAwx7J,Female,Left school at 18 with A-Levels or equivalent,Left school at 18 with A-Levels or equivalent,65,30,5,Portuguese,Italian;65;,English;30;,Portuguese;5;,75,20,5,Portuguese,Italian,NA,10,8,9,Portuguese,I always (or almost always) speak Italian to my child,Italian,NA,10,8,NA,NA,I regularly speak a mix of Italian / English / other languages to my child,Second,NA,2,11,Always (or almost always) English,2,No,C/D,C/D,No,No,No,C/D,C/D,C/D,C/D,No,C/D,No,C,No,No,C/D,C/D,No,C/D,No,No,No,No,C,C/D,No,No,C,C,C,No,C/D,C,C,C,No,No,No,No,C,No,No,No,C,C,C/D,C,C/D,C/D,No,C,C,C,C,C,C,C,C,C,C,C,C/D,C/D,C/D,C,C,C,C/D,C,C/D,No,No,No,C,No,No,C/D,C,C,No,C,C,C/D,C/D,C,No,No,C,No,C,No,No,No,No,C,C,C/D,C,C,No,C,C,No,No,No,C,C,C,C,C/D,C,C,C,No,C,No,C/D,No,C/D,C,C,C,C,No,No,C,C,No,C,C,C,C,No,C,No,C,No,C,No,No,C,C,No,No,No,C,C,C,No,C,No,No,C,C,C,No,C,C,No,C,C,No,No,No,C,C,No,No,No,No,No,No,No,C,No,No,C,No,No,No,No,No,No,No,C,C,C,No,No,C/D,No,No,No,C,No,C,No,No,No,No,No,C,No,No,No,No,No,No,C/D,C,C,No,No,C,No,No,No,No,C,C,No,C,No,No,C,C/D,No,C,C,C,C/D,C/D,C,C/D,No,No,No,No,No,No,No,No,No,C,C/D,C,C,No,C/D,No,C/D,C/D,C/D,C,C/D,C,C/D,No,C,C/D,C,C,C/D,C,No,C,No,No,C,No,C,C,C,C,C,C,C/D,C,No,C,No,C,C,No,No,C,C,C,C,No,No,No,C,C,No,No,No,No,C,No,No,C,C,No,C,C,C,C,C,No,C,C,C,C,C,No,C,No,No,No,No,C,No,C,C,No,C,No,C,No,C,C,No,C,No,No,No,No,No,No,C,C,No,C,C/D,No,No,No,No,C,No,C,No,C,C,No,No,C,No,No,No,C,C,C,No,C,C,C,No,No,C,No,C,C,No,C,No,No,C,No,No,No,No,No,No,C,C,C,No,C/D,C,C/D,C,C,C,C/D,C,No,No,C,C,C,No,C/D,No,C,C,C,No,C/D,No,C,C/D,No,C,C,C,BL01UK01IT069,UKIT069,564,18.8,2021,gb
R_1jTGtkkHPdeE1Ih,Male,University degree or equivalent,University degree or equivalent,80,20,0,NA,Italian;80;,English;20;,,100,0,0,NA,Italian,NA,10,8,7,French ,I regularly speak both Italian and English to my child,Italian,NA,10,8,5,German and French ,I always (or almost always) speak Italian to my child,First,NA,1,NA,NA,5,No,No,C/D,C/D,No,No,No,C,C,No,C,C/D,No,No,No,No,C,C,No,C,No,No,No,No,C,No,No,No,C,C,C,No,C,C,No,C,No,No,No,No,C,No,No,No,No,No,No,No,No,C,No,No,No,No,No,No,No,No,No,No,No,C,C,C,No,No,C,No,No,No,C,No,No,No,No,No,No,No,No,C,No,No,No,No,No,No,No,No,No,No,No,No,No,No,No,No,No,No,No,No,No,No,No,No,No,No,C,No,No,No,No,No,No,No,No,No,No,C,No,No,No,No,No,No,No,No,No,No,No,No,No,No,No,No,No,No,No,No,No,No,No,No,No,No,No,No,No,No,No,No,No,No,No,No,No,No,No,C,C,No,No,No,No,No,No,No,No,No,No,No,No,No,No,No,No,No,No,No,No,No,No,No,No,No,No,No,No,No,No,No,No,No,No,No,No,No,No,No,No,No,No,No,No,No,No,No,No,No,No,No,No,No,No,No,No,No,No,No,No,No,No,No,No,No,No,No,No,No,No,No,No,C,C,No,C,No,No,No,No,No,No,No,No,No,No,No,No,No,No,C,No,C,No,C,No,No,No,No,No,No,No,No,No,No,No,No,No,No,No,No,No,No,No,C,No,No,No,No,No,No,No,No,No,No,No,No,No,C,No,C,No,No,No,No,No,No,No,No,No,No,No,No,No,No,C,C,No,No,No,No,No,No,No,No,No,No,No,No,No,No,No,No,No,No,No,No,No,No,No,No,No,No,No,No,No,No,No,No,No,No,C,C,No,No,C,No,No,No,No,No,No,No,No,No,No,No,No,No,No,No,No,No,No,No,No,No,No,No,No,No,No,No,No,No,C,No,No,No,No,No,No,No,No,No,No,No,No,No,No,No,No,No,No,No,No,No,No,No,C,No,No,No,No,No,No,No,No,No,No,No,C,No,C,No,No,No,No,No,BL01UK01IT071,UKIT071,383,12.76666667,2021,gb
R_V2miLjcc4Y71zJn,Male,University degree or equivalent,University degree or equivalent,40,60,0,NA,Italian;40;,English;60;,,50,50,0,NA,Bilingual Italian and English,NA,10,8,NA,NA,I regularly speak both Italian and English to my child,Italian,NA,10,7,NA,NA,I always (or almost always) speak Italian to my child,First,NA,1,21,Always (or almost always) English,NA,No,C/D,C/D,No,C/D,C,C/D,C/D,C/D,C/D,C/D,C,No,C,C,C,C,C/D,No,C,No,C,C/D,C,C,C/D,C/D,C,C,C,C,No,C/D,No,C,C/D,No,No,No,C,C,C,No,C,C,C,C/D,No,No,C,No,C/D,C,No,No,C,C,C,C,C/D,C/D,C/D,C,C/D,C/D,C/D,C/D,C/D,C/D,No,C/D,No,C/D,No,C/D,C,No,C/D,C,C/D,C,C,C/D,C/D,C/D,No,No,No,C/D,No,No,No,No,C/D,C/D,C/D,C/D,C/D,C/D,No,No,C,C,No,No,No,C/D,C/D,C/D,No,C/D,C,C/D,C,C,No,No,C,No,C/D,C,C,No,C,No,C/D,C/D,C,No,C,C,C/D,C,No,C,No,C,No,C,C/D,No,C,C,C,No,No,C,C,No,C,C/D,No,No,C/D,C,C,No,C/D,C/D,C/D,No,C/D,No,No,No,C,C,No,No,No,No,C,No,C/D,C,No,C/D,C,No,No,C/D,No,C/D,No,C,C,C,C,No,No,C,C,No,No,C/D,C,C,C,No,C/D,C/D,C,C/D,No,No,No,C/D,No,C,C,C,C/D,No,No,C,C,No,No,No,C,C,C,C/D,No,No,C/D,C/D,No,No,No,No,C/D,C/D,C/D,No,No,No,No,No,No,No,No,C/D,C/D,C/D,No,C/D,C/D,C,C/D,C,C/D,C/D,C/D,C,C/D,C,No,C,C/D,C/D,No,C/D,No,C,C,C,C/D,C/D,C,No,C/D,No,C,C/D,C/D,C/D,C/D,C,C,No,C,C/D,C,No,No,No,C,C/D,No,No,No,No,C,C,C,C,C,No,C,No,No,C/D,C,C/D,C/D,No,C,No,C,No,No,C,C/D,C,C,No,C/D,C,No,No,No,C,C,C,No,No,No,No,No,C,C,C,No,C,No,No,No,C/D,No,No,No,No,No,C,C/D,No,No,No,No,C,No,C,C,C/D,No,No,No,No,No,No,C,C,C,No,C,No,No,C,No,No,C/D,No,C,No,No,C,No,No,C,No,No,No,No,No,No,No,No,No,No,No,No,No,No,C,No,C/D,No,C/D,No,C/D,C,C/D,C,C/D,C,C/D,C,C/D,No,C/D,No,No,No,No,No,C/D,No,BL01UK01IT072,UKIT072,709,23.63333333,2021,gb
R_2yfNmtsaBe71ndw,Male,University degree or equivalent,University degree or equivalent,40,60,0,NA,Italian;40;,English;60;,,50,50,0,NA,Italian,NA,10,9,NA,NA,I always (or almost always) speak Italian to my child,English,NA,6,10,NA,NA,I always (or almost always) speak English to my child,First,NA,1,12,Always (or almost always) English,4,No,No,No,No,No,No,No,No,No,No,No,No,No,No,No,No,No,No,No,No,No,No,No,No,No,No,No,No,No,No,No,No,No,No,No,No,No,No,No,No,No,No,No,No,No,No,No,No,No,No,No,No,No,No,No,No,No,No,No,No,No,No,No,No,No,No,C,No,C,No,No,No,No,No,No,No,No,No,No,C,No,No,No,No,No,No,No,No,No,No,No,No,No,No,No,No,No,No,No,No,No,No,No,No,No,No,No,No,No,No,No,No,No,No,No,No,No,No,No,No,No,No,No,No,No,No,No,No,No,No,No,No,No,No,No,No,No,No,No,No,No,No,No,No,No,No,No,No,No,No,No,No,No,No,No,No,No,No,No,No,No,C,No,No,No,No,No,No,No,No,No,No,No,No,No,No,No,No,No,No,No,No,No,No,No,No,No,No,No,No,No,No,No,No,No,No,No,No,No,No,No,No,No,No,No,No,No,No,No,No,No,No,No,No,No,No,No,No,No,No,No,No,No,No,No,No,No,No,No,No,No,C,C,C,No,No,No,No,No,No,No,No,C,No,No,No,No,No,No,C,No,No,No,C,No,C,C,No,No,No,C/D,No,No,No,No,No,No,No,No,No,No,No,No,C,No,No,No,No,No,No,No,No,No,No,No,No,No,No,No,No,No,No,No,No,No,No,No,No,No,No,No,No,No,No,No,No,No,No,No,No,No,No,No,No,No,No,No,No,No,No,No,No,No,No,No,No,No,No,No,No,No,No,No,No,No,No,No,No,No,No,No,No,No,No,No,No,No,No,No,No,No,No,No,No,No,No,No,No,No,No,No,No,No,No,No,No,No,No,No,No,No,No,No,No,No,No,No,No,No,No,No,No,No,No,No,No,No,No,No,No,No,No,No,No,No,No,No,No,No,No,No,No,C,No,No,No,No,No,C,No,No,No,No,No,No,No,No,No,BL01UK01IT075,UKIT075,366,12.2,2021,gb
R_3n8gXqoAIUhW8N1,Male,University degree or equivalent,University degree or equivalent,80,20,0,NA,Italian;80;,English;20;,,80,20,0,NA,Italian,NA,10,8,NA,NA,I always (or almost always) speak Italian to my child,Italian,NA,10,7,NA,NA,I always (or almost always) speak Italian to my child,Second,NA,2,NA,NA,NA,No,C,No,No,No,No,No,C,No,No,No,C,No,No,No,No,C,C,No,No,No,No,No,No,No,C,No,No,No,No,No,No,No,No,No,No,No,No,No,No,No,No,No,C,No,No,C,No,No,No,No,No,C,No,No,C,No,No,No,No,No,C,No,C,No,C,C,No,C,No,No,No,No,No,No,No,No,No,No,No,No,No,No,C/D,C,No,No,No,No,No,No,No,No,C,No,C,No,No,No,No,No,No,No,No,No,No,C,No,No,No,No,No,No,No,No,No,No,No,No,C,No,No,No,No,No,No,C,C,No,No,No,C,No,No,No,No,No,No,No,No,No,No,No,No,No,No,C,No,No,No,C,No,C,No,C,No,No,C,No,No,No,C,No,C,No,No,No,No,No,No,No,No,C,No,No,No,No,No,No,No,C,No,No,No,No,No,C,No,No,No,No,No,C,No,No,No,No,No,No,No,No,No,No,No,No,No,No,No,No,No,No,C,No,No,No,No,No,No,No,No,No,C,C,No,No,No,No,No,C,No,No,C/D,No,No,C/D,No,No,No,No,No,No,No,No,No,No,C,No,No,No,C/D,No,C,No,C,No,C,No,No,No,No,C,No,No,No,No,No,No,No,C,No,No,C,No,C,No,C,No,No,C,No,No,C,C,No,No,No,No,No,No,No,No,No,No,No,No,No,No,C,No,No,No,No,No,No,No,C,No,No,No,C,No,No,C,No,No,No,No,No,No,No,No,No,C,No,No,No,C,No,No,No,No,No,No,No,No,No,No,No,No,No,C,No,No,No,No,No,No,No,No,No,C,No,No,No,No,No,No,No,No,No,No,No,No,No,No,No,No,C,No,No,No,No,No,No,No,No,No,C,No,No,No,No,No,No,No,No,No,No,C,No,C,C,C,C,C,C,C,C,No,No,C,No,C,No,C,No,No,No,C,No,C,No,C,No,No,No,C,No,BL01UK01IT076,UKIT076,366,12.2,2021,gb
R_3MAqxdZl0Zit3S3,Female,University degree or equivalent,University degree or equivalent,30,70,0,NA,Italian;30;,English;70;,,100,0,0,NA,Italian,NA,10,9,NA,NA,I always (or almost always) speak Italian to my child,Italian,NA,10,7,NA,NA,I always (or almost always) speak Italian to my child,First,NA,1,13,Always (or almost always) English,NA,C/D,C/D,C/D,C/D,C,C,C/D,C/D,C/D,C/D,C,C/D,No,C/D,C/D,No,C,C,No,No,No,C,C,C,No,C,C,C,C,C,C/D,No,C,No,No,No,C,No,C/D,C,C,No,No,C,C,C,C,C/D,C,C,No,C/D,C/D,No,C/D,C,C/D,C/D,No,No,C,C,C,C/D,No,C,C/D,C,C/D,No,C,C/D,C/D,C,C,C,C,C,C,C/D,C,C/D,C/D,C/D,C/D,No,C,No,C/D,C/D,No,No,No,C/D,C/D,C/D,C,C,C,C,C,C,No,No,No,C,C/D,C/D,C/D,C,C/D,C,C,C,No,C,C,C,No,C,No,No,No,C/D,C,C,C,C,No,C,C,C,No,No,C,No,C,C,C,C,No,C,C,C,No,C,C,C,No,No,C/D,No,C,C,C,C,C,C/D,C/D,C,C,C,No,No,No,C,No,No,No,No,No,C,No,C,C,No,No,C,C,No,No,No,No,No,C,C,C,C,No,C,C,C,No,C,C,C,C,C,C,C,No,No,No,No,No,No,No,No,C,C,C,C,C,No,C,No,C,No,No,C,C,C,C/D,No,No,No,C/D,No,No,No,No,C/D,C/D,C/D,C/D,No,No,No,No,No,No,No,No,No,C,No,No,No,C,C/D,C,C,C,C/D,C,C/D,C,No,C,C,C,C,C,C,C,C,C,C,No,C,C,C,No,C,C,C,C,C,No,C,C,No,C,C,C,No,C,No,No,No,No,No,No,C,C,No,No,C,No,C,No,No,No,C,C,C,No,C,No,No,No,C,C,C,C,C,No,No,C,No,No,C,C,No,C,No,No,No,C,No,No,No,No,No,C,C,No,No,No,C,C/D,C/D,C,C,C/D,C/D,C,C,No,C/D,No,No,C/D,No,C/D,C,C,C,C,C,No,No,C/D,C,No,C,C,No,C/D,No,No,C/D,C,C,C,C,C,C,C,C,C,No,No,No,No,No,C,No,No,No,No,No,C/D,No,No,No,No,No,C,C,C,C,C,C,C,C,C,C,C,C/D,C,C,C,C,No,No,C/D,C,BL01UK01IT077,UKIT077,715,23.83333333,2021,gb
R_3EpdUFi9qrgekR6,Male,University degree or equivalent,University degree or equivalent,40,60,0,NA,Italian;40;,English;60;,,90,10,0,NA,Italian,NA,10,8,NA,NA,I always (or almost always) speak Italian to my child,Italian,NA,10,8,NA,NA,I always (or almost always) speak Italian to my child,First,NA,1,13,Always (or almost always) English,2,C,C/D,C/D,C/D,C/D,C/D,C/D,C/D,C/D,C,C,C/D,C,C/D,C/D,C,C,C,No,C,C,C,C,C,C,C,C,No,C,C,C,C,C,C,C,C,C,No,C,C,C,C,No,C,C,C,C,C/D,C/D,C/D,No,No,No,C/D,No,C,C/D,C,C,C,No,C,C,C/D,C/D,C,C/D,C/D,C/D,C,C/D,C,C,C,C/D,C/D,No,C/D,C,C/D,C/D,C/D,C,C,C/D,C/D,C/D,C/D,C,C/D,C/D,C,C/D,C/D,C/D,C,C,C,No,C,No,C,C,C,C,C,C,C,No,C,C,C,C,C,C,C,C,C,C,C,C,C,No,C,C,C,C,C,C,C,C,C,C,C,C,C,C,No,C,C,C,C,C,C,No,C,C,C,C,C,C,C,No,C,C/D,C,No,C,C,No,C,C,C,C,C,C,C,No,No,No,No,No,No,C,C,No,No,C,C,No,C,C,C,C,C,C,C,No,No,No,No,No,C/D,C,C,No,C,C,No,C,No,No,No,No,No,No,C/D,C,C,C,C,C,No,No,C,No,No,C,No,No,C,C,C,No,No,No,C/D,No,No,No,No,C/D,C/D,C/D,C/D,No,No,No,No,No,No,C,C/D,C/D,No,No,No,No,No,C/D,C/D,C/D,C,C,C,C/D,C,C,C,C,C/D,No,No,C,C,No,C,No,No,C,No,C,No,C,C,C,C,C,C,C,C,C,C,C,No,No,C,C,C,No,C,C,C,C,C,C,C,C,No,C,No,C,No,C,C,C,No,No,C,C,No,No,C,C,C,No,No,No,C,No,No,No,C,No,No,No,No,C,No,No,No,No,No,No,C,C,No,No,No,No,No,No,C/D,No,No,C,No,No,No,No,No,No,C,No,C/D,C/D,No,No,No,No,No,No,C,No,No,No,No,No,C,No,No,C,No,C,C,C,C,C,C,C,No,No,No,No,No,No,No,No,No,No,No,No,No,No,No,No,No,No,No,No,No,No,C,No,No,No,No,No,C/D,C/D,C/D,C,C,C,C,C,C,C,BL01UK01IT078,UKIT078,773,25.76666667,2021,gb
R_1nPgtJxzFeu3LKf,Male,University degree or equivalent,University degree or equivalent,30,70,0,NA,Italian;30;,English;70;,,90,10,0,NA,Italian,NA,10,8,NA,NA,I always (or almost always) speak Italian to my child,English,NA,NA,10,NA,NA,I always (or almost always) speak English to my child,Second,NA,2,NA,NA,3,C/D,C/D,C/D,C/D,C/D,C/D,C/D,C/D,C/D,C/D,C/D,C/D,No,C/D,C/D,C,C/D,C/D,C,C,C,C/D,C/D,C,C,C/D,C,C/D,C/D,No,C/D,No,C,C,C,C/D,C,No,C/D,C/D,C/D,C/D,C,C/D,C/D,C/D,C/D,C/D,C/D,C/D,No,C/D,C/D,C/D,C/D,C/D,C/D,C/D,C/D,C/D,C/D,C/D,C/D,C/D,C/D,C/D,C/D,C/D,C/D,No,C/D,C/D,C/D,No,C/D,C,No,C/D,C/D,C/D,No,C/D,C/D,C/D,C/D,C/D,C/D,C/D,C/D,C/D,C/D,C/D,C/D,C/D,C/D,C/D,C/D,C/D,C/D,C/D,C,C,C,C,C,C/D,C/D,C/D,C/D,C,C,C/D,C/D,C/D,C,C,C,C/D,No,C/D,C/D,No,No,C/D,No,C,C/D,C/D,No,C/D,C/D,C/D,C/D,C/D,C/D,C/D,C/D,C,C/D,C,C/D,No,No,C,No,C,C/D,C/D,No,C/D,C/D,No,No,C,C/D,C/D,C/D,C/D,C/D,C,C,C/D,C/D,C/D,C/D,C/D,C/D,No,C/D,C,C,C,C/D,C/D,C/D,C/D,C/D,C/D,C/D,C/D,C/D,C/D,C/D,C/D,C,C,C,C,C,C,C,C/D,C/D,C/D,C/D,C/D,C/D,C,C,C,C,C/D,C/D,C,No,C,C,C/D,C/D,C/D,C/D,C/D,No,No,C,C/D,No,No,C,C/D,C/D,C/D,C/D,C/D,No,C/D,C/D,C,No,C,C,C/D,C/D,C/D,C/D,C/D,C/D,C,C,C,C,C/D,C,No,C/D,C/D,C/D,C/D,C,C/D,No,C/D,C/D,C,No,C/D,C/D,C,C,C,C/D,C,C/D,C/D,C/D,C/D,C/D,C/D,C/D,C/D,C,C/D,C,C/D,C/D,C,C/D,C/D,C,C,C,C,C,C/D,C,C,C/D,C/D,C/D,C/D,C/D,C,C,C/D,C/D,C,C/D,C/D,C,C/D,C,C,C/D,C/D,C/D,C/D,C,C,C,C,C,C,C,C/D,C/D,C/D,C,C/D,C/D,C,C/D,C,C/D,C,C/D,C,C,C,C,C,C,C,C/D,C/D,C/D,C/D,No,C/D,C,C/D,C/D,C/D,C/D,C/D,C/D,C/D,C/D,C,No,C/D,C,C,C/D,C,C/D,C/D,No,C,C/D,C,No,C/D,C/D,C/D,C/D,C/D,C/D,C,C/D,C/D,C/D,C/D,C/D,C,C,No,C,C,No,C/D,No,C,No,C/D,No,No,C,C/D,C,C/D,C/D,C/D,C/D,C/D,C/D,C,C/D,C/D,C,No,C/D,C,C/D,C,C/D,C,C/D,C/D,C/D,No,C/D,C,C,C/D,C,No,C/D,C/D,BL01UK01IT079,UKIT079,904,30.13333333,2021,gb
R_RObV51rtPX9frxf,Male,University degree or equivalent,University degree or equivalent,30,70,0,NA,Italian;30;,English;70;,,50,50,0,NA,English,NA,6,10,NA,NA,I always (or almost always) speak English to my child,Italian,NA,10,9,NA,NA,I always (or almost always) speak Italian to my child,First,NA,1,9,Always (or almost always) English,1,No,C,No,C,No,No,No,C,C,C,No,C/D,No,C,No,No,C,No,No,No,No,C,C,No,No,C,C,No,C,No,C,No,No,No,C,No,C,No,No,C,C,No,No,C,No,No,C,No,No,C,No,No,No,No,No,No,No,No,No,No,No,C,No,C,No,No,C,No,C,No,C,No,No,No,No,No,No,No,No,C/D,No,No,No,C,C,No,No,No,No,No,No,No,No,No,No,No,No,No,No,No,No,No,No,No,No,C,No,No,No,No,No,No,No,C,No,No,No,No,No,No,No,No,No,No,No,No,C,C,No,No,No,No,No,No,C,No,No,No,No,No,No,No,No,No,No,No,No,C,No,C,No,No,No,No,No,No,No,C,C,No,No,C,No,No,No,C,No,No,No,No,No,No,No,No,No,No,No,No,No,No,No,No,No,No,No,No,No,No,No,No,No,No,No,No,No,No,No,No,No,No,No,C,No,No,No,No,No,No,No,No,No,No,No,No,No,No,No,No,No,No,C,No,No,No,No,No,No,No,No,No,No,C/D,C,C,C,No,No,No,No,No,No,No,C,C,No,No,C,C,No,C/D,No,C,C,C,No,C,No,No,No,No,C,No,No,No,C,No,No,No,No,No,No,C,No,C,No,No,No,No,No,No,No,No,C,No,No,No,No,No,No,No,No,No,No,No,C,No,No,No,No,No,No,No,No,No,No,C,No,No,No,No,No,C,No,No,No,No,No,No,C,No,C,No,No,No,No,C,No,No,No,No,No,No,No,No,No,No,No,No,No,C,C,C,C,No,C,No,No,No,No,No,No,No,No,No,No,No,No,No,No,No,No,No,No,No,No,No,C,No,C,No,C,No,No,No,No,No,C,No,No,No,No,No,No,C,No,No,No,No,No,No,C,C,No,No,No,No,C,No,No,No,No,No,C,No,No,No,No,No,C,C,C,No,C/D,No,No,No,No,C,BL01UK01IT080,UKIT080,411,13.7,2021,gb
R_OMO7sLS0O1MOM7L,Other,University degree or equivalent,University degree or equivalent,30,70,0,NA,Italian;30;,English;70;,,75,25,0,NA,Italian,NA,10,9,NA,NA,I regularly speak both Italian and English to my child,Italian,NA,10,7,NA,NA,I regularly speak both Italian and English to my child,First,NA,1,8,Always (or almost always) English,1,C,C/D,C/D,C/D,C,C/D,C/D,C/D,C/D,C/D,C/D,C/D,No,C/D,C/D,No,C/D,C/D,No,No,No,C/D,C/D,C/D,C/D,C/D,C/D,C/D,C/D,C/D,C/D,No,C/D,C/D,C/D,C/D,C,No,C/D,C,C,C,No,C,No,C/D,C/D,C,C,C/D,No,C,C/D,No,No,C,C,C/D,No,C,C,C,C,C,C,C,C/D,C,C/D,C,C/D,C/D,C/D,No,C/D,C/D,C,C/D,C/D,C/D,C,C/D,C/D,C/D,C/D,C,No,No,C/D,C/D,C/D,C,C/D,C/D,C/D,C/D,C,C/D,C/D,C,C,C/D,C/D,C,C,C/D,C/D,C/D,C/D,C,C/D,C/D,C/D,C/D,C,C,C/D,C/D,C,C/D,C/D,C,C/D,C/D,No,No,C/D,C/D,C,C/D,C/D,C/D,No,C/D,C/D,No,C/D,C,C/D,C,No,C/D,C/D,C/D,No,C/D,C/D,C/D,C,C/D,C,No,No,C/D,C,C,C,C/D,No,No,No,C/D,No,C/D,No,C/D,C/D,No,C/D,No,No,No,C/D,C/D,C/D,C/D,C,C,No,No,C/D,No,C/D,No,No,No,C/D,C/D,No,C/D,No,C/D,C/D,C/D,C/D,C/D,C,C,No,C/D,C/D,No,C/D,C/D,C,C,C,C/D,C,C/D,C,C/D,No,No,C/D,C,No,C,C,No,C,C/D,C/D,C/D,No,C/D,C/D,C,C,No,No,C/D,C/D,C/D,C/D,No,No,No,No,No,No,C/D,C/D,C/D,No,C/D,C/D,C/D,C,C/D,C,C,C,C/D,No,C/D,C,C/D,C,C,C/D,C,C,No,C,C,No,C/D,No,C,No,C/D,C,C/D,C/D,C/D,C,C/D,C,C/D,C,C,C,C,C,C,C/D,C/D,C,No,No,C/D,No,C/D,C/D,C,C/D,C/D,C,C,C,No,C,C/D,C/D,C/D,C,C,C,C/D,C/D,No,C/D,C,C,C,No,C/D,C/D,No,No,No,C/D,C,C,No,C,No,C,C,C,C,No,C/D,No,No,No,No,No,No,No,No,C/D,No,C/D,C/D,No,No,No,C/D,No,No,C/D,No,C/D,C/D,C,C,C/D,C/D,C,C/D,C/D,C/D,C,C/D,No,C,C/D,No,No,C/D,C/D,No,No,No,No,No,No,C/D,C,No,C,C,C,C,C,C,C/D,No,C/D,C/D,C/D,C/D,C/D,C/D,C/D,C/D,C,No,C/D,C,C/D,No,No,C/D,C/D,C/D,C/D,No,C/D,C/D,C/D,C/D,No,No,C/D,No,BL01UK01IT081,UKIT081,854,28.46666667,2021,gb
R_pLRRWd8tIIH0dzj,Female,University degree or equivalent,NA,70,30,0,NA,Italian;70;,English;30;,,70,30,0,NA,Italian,NA,10,6,NA,NA,I regularly speak a mix of Italian / English / other languages to my child,NA,NA,NA,NA,NA,NA,NA,First,NA,1,12,Always (or almost always) English,1,C,No,No,No,No,No,C,No,No,No,C,No,No,C,No,No,No,No,No,No,No,No,No,No,No,No,C,No,No,No,No,No,No,C,No,No,No,No,No,No,No,No,No,No,No,No,No,No,No,No,No,No,No,No,No,No,No,C,No,No,C,No,No,No,No,No,No,No,No,No,No,No,No,No,No,No,No,No,No,No,No,No,No,No,No,No,No,No,No,No,No,No,No,No,No,No,No,No,No,No,No,No,No,No,No,No,No,No,No,No,No,No,No,No,No,No,No,No,No,No,No,No,No,No,No,No,No,No,No,No,No,No,No,No,C,No,No,No,No,No,No,No,No,No,No,No,No,No,No,No,No,No,No,No,No,No,No,C,No,No,C,No,No,No,No,No,No,No,No,No,No,No,No,No,No,No,No,No,No,No,No,No,No,No,No,No,No,No,No,No,No,No,No,No,No,No,No,No,No,No,No,No,No,No,No,No,No,No,No,No,No,No,No,No,No,No,No,No,No,No,No,No,No,No,No,No,No,No,No,No,No,No,No,No,No,No,No,No,No,No,No,No,No,No,No,No,C,C,No,C,No,C/D,C,No,No,No,No,No,No,No,No,No,No,No,C,No,No,No,No,C,No,No,No,C,No,No,No,No,No,No,No,No,No,No,No,No,No,No,No,No,No,No,No,No,No,No,No,No,No,No,No,No,No,No,No,No,No,No,No,No,No,C,No,No,No,No,No,No,No,No,No,No,No,No,No,No,No,No,No,No,No,No,No,No,No,C,No,No,No,No,C,No,No,No,No,No,No,No,No,No,No,No,No,No,No,No,No,No,No,No,No,No,No,No,No,No,No,No,No,No,No,No,No,No,No,No,No,No,No,No,No,No,No,No,No,No,No,No,No,No,No,No,No,No,No,No,No,No,C,C,No,No,No,No,No,No,No,No,No,No,No,No,No,No,No,No,No,No,BL01UK01IT082,UKIT082,381,12.7,2021,gb
R_25u86emOS1ge0U1,Female,University degree or equivalent,Left school at 18 with A-Levels or equivalent,30,70,0,NA,Italian;30;,English;70;,,50,50,0,NA,English,NA,7,10,NA,NA,I regularly speak a mix of Italian / English / other languages to my child,Italian,NA,10,8,NA,NA,I always (or almost always) speak Italian to my child,First,NA,1,NA,NA,NA,No,C/D,C/D,C/D,C,C,C/D,C/D,C/D,C/D,C/D,C/D,C,C/D,C/D,C/D,C/D,C/D,C,C,C,C/D,C/D,C/D,C/D,C/D,C/D,C/D,C/D,C,C/D,C,C/D,C/D,C/D,C/D,C/D,C/D,C/D,C/D,C/D,C,C,C/D,C/D,C/D,C,C/D,C,C,No,C/D,No,No,No,No,C/D,C,C,No,C,C/D,C,C/D,C/D,C/D,C/D,C/D,C/D,No,C/D,C/D,No,C,C/D,C,C,C,C/D,C/D,No,C/D,C/D,C,C/D,C,C/D,C/D,C/D,C/D,No,C/D,C/D,C,C,C/D,C/D,C/D,C/D,C,C,C,C,C,C,C/D,C/D,C/D,C/D,No,C,C/D,C/D,C/D,C/D,No,No,C/D,C,C/D,C/D,C,No,C/D,C/D,No,No,C,C,C,C/D,C/D,No,C/D,C,No,No,No,C/D,C,C,C,C/D,C,No,C,C/D,C/D,No,C,C,No,No,C/D,C,No,C,C/D,C/D,C,C/D,C/D,No,C,No,C/D,C/D,C/D,C/D,No,No,C/D,No,C/D,C/D,C/D,No,No,C/D,No,C/D,C,C/D,C,C,C,C,C/D,No,C/D,C,C,No,C,C/D,C,C,C,C,C/D,C/D,C,C/D,No,No,No,C,No,No,C,C/D,C/D,No,No,C,C,No,No,C/D,C,C,C,C,No,No,C/D,No,No,No,No,No,C/D,C/D,C/D,C/D,C,No,No,No,No,No,C/D,C/D,C/D,C/D,C/D,C/D,C/D,C,C/D,C,No,C,C/D,C,C/D,C,No,C,C/D,C/D,C,C,C/D,C,C,No,C/D,C,C/D,C,C/D,No,C,C/D,C,C,C,C/D,C/D,No,C,C/D,C,No,No,C,C,C,C,C,C,No,C/D,C,C,C,C/D,No,C,C,No,No,C,C/D,C/D,C,No,No,No,C,No,C/D,No,C,C/D,No,C,C/D,No,No,C,C,C,C,No,C,C/D,C,C,C,No,No,C,C,C,C/D,No,No,C/D,C/D,C/D,C/D,C/D,C/D,C/D,C,C,No,C,No,No,C/D,No,C/D,C/D,C,C,C/D,C,No,C/D,C/D,C/D,No,C/D,C/D,No,No,No,No,C/D,C/D,C,C,C,C,C,C,C/D,C/D,C/D,C,C/D,C,C,No,C,C,No,C/D,C/D,C/D,C,C,C,C/D,C,No,No,C/D,C/D,C/D,C/D,C,No,C/D,C/D,C/D,No,C/D,C,C,C/D,No,C,C/D,C,BL01UK01IT083,UKIT083,899,29.96666667,2021,gb
R_2c1PtVTz1MNHXG2,Male,University degree or equivalent,University degree or equivalent,35,65,0,NA,Italian;35;,English;65;,,40,60,0,NA,Italian,NA,10,8,NA,NA,I always (or almost always) speak Italian to my child,English,NA,1,10,NA,NA,I always (or almost always) speak English to my child,First,NA,1,12,Always (or almost always) English,2,C,C,C/D,C,C,C/D,C,C/D,C/D,C/D,C/D,C/D,C,C,C/D,C/D,C/D,C/D,No,C/D,No,C/D,C/D,C/D,C/D,C/D,C/D,C/D,C/D,No,C/D,C,C/D,C,C/D,C/D,C/D,No,C/D,C/D,C/D,C/D,C/D,C/D,C,C/D,C/D,No,C,C,No,C/D,C/D,C/D,C,C/D,C/D,C/D,C,C,C/D,C/D,C/D,C/D,C/D,C,No,C/D,C/D,No,C/D,No,C/D,C/D,C/D,C,No,C/D,C/D,C/D,No,No,C/D,C,C/D,No,C/D,C/D,C/D,C/D,C/D,No,No,C/D,C/D,C/D,C/D,C/D,C/D,C/D,No,No,C/D,C/D,C/D,C/D,C/D,C/D,C/D,C/D,C/D,C/D,C/D,C/D,C/D,No,C/D,C/D,No,C/D,C/D,No,No,No,No,C,C,C/D,C/D,C,C/D,C/D,C/D,No,C/D,No,C/D,C/D,C/D,C/D,C,C/D,C/D,C/D,C/D,C/D,C/D,C/D,No,C/D,C/D,No,No,No,C/D,C/D,C/D,C/D,C/D,C/D,C/D,C/D,C/D,C/D,C/D,C/D,C/D,C/D,C/D,C/D,C/D,C/D,No,C/D,C/D,C/D,C/D,C/D,C/D,C,C/D,C/D,C/D,C,C/D,C/D,C/D,C/D,No,No,No,C/D,C/D,C/D,C/D,C/D,No,No,C/D,C/D,No,C,C/D,C/D,C/D,C,C/D,No,C/D,C,C/D,C/D,No,No,No,C/D,No,C/D,No,C,C/D,C,C/D,C/D,No,C/D,C/D,No,C,No,C,C/D,C/D,C/D,C,No,C,C,C,C,C,C,C,C,C/D,No,C/D,C,C/D,C/D,C/D,C,C/D,C/D,C/D,C/D,C,C,C/D,C/D,C/D,C/D,C/D,C,No,C/D,C/D,C/D,C/D,C/D,No,C/D,No,C,C,C/D,C,C/D,C/D,C/D,C/D,C,C/D,C/D,No,C,C/D,C/D,No,C,C/D,C/D,No,C/D,C,No,No,C/D,C,C/D,C,C,No,C/D,C/D,C/D,C,C,No,C/D,C/D,C/D,C/D,C/D,C/D,C/D,C/D,C/D,C/D,No,C,No,C/D,C,C,No,C,C/D,C/D,C/D,C/D,C,C,C/D,C/D,C/D,C,No,No,C,C/D,C/D,C/D,C/D,C/D,C/D,C,C/D,C,C,C/D,C,C/D,C/D,No,C/D,C/D,C/D,C/D,C/D,No,C/D,C/D,C/D,No,C/D,C/D,C/D,C,C,C/D,C/D,C/D,No,C/D,No,C,C/D,C,C/D,C,C,No,C,C,No,C/D,C,C/D,No,C,C,C/D,No,C/D,C,C/D,C,C,C,C,C,C/D,C,C,C/D,C/D,C/D,C/D,No,C/D,C,C/D,C/D,No,No,No,C,BL01UK01IT084,UKIT084,1135,37.83333333,2021,gb
R_2Cqrhmmujw9BxEd,Male,University degree or equivalent,University degree or equivalent,30,70,0,NA,Italian;30;,English;70;,,60,40,0,NA,English,NA,9,10,7,French,I always (or almost always) speak English to my child,Italian,NA,10,9,4,Spanish,I always (or almost always) speak Italian to my child,First,NA,1,11,Always (or almost always) English,3,C/D,C,C/D,C/D,C,C,C/D,C/D,C/D,C/D,C/D,C/D,No,C/D,C/D,No,C/D,C/D,No,C,C,C/D,C/D,C/D,C/D,C/D,C/D,C/D,C/D,C/D,C/D,C,C/D,C/D,C/D,C/D,C/D,C,C/D,C/D,C/D,C/D,No,C/D,C/D,C/D,C/D,C/D,C/D,C/D,No,C/D,C/D,C/D,C/D,C/D,C/D,C,C/D,C,C/D,C/D,C,C/D,C/D,C/D,C/D,C/D,C/D,C,C/D,C/D,C/D,C/D,C/D,C/D,C/D,C/D,C/D,C/D,C,C/D,C/D,C/D,C/D,C/D,C/D,C/D,C/D,C/D,C/D,C/D,C,C/D,C/D,C/D,C/D,C/D,C/D,C/D,C,C/D,C/D,C/D,C/D,C/D,C/D,C/D,C/D,C/D,C/D,C/D,C/D,C/D,C/D,No,C/D,C/D,C/D,C/D,C,C,C/D,C/D,C/D,C/D,C/D,C/D,C,C/D,C/D,C/D,C/D,C/D,C/D,No,C/D,C/D,C/D,C/D,C/D,C/D,C/D,C/D,C/D,C,C/D,C/D,C/D,C/D,C/D,C,C/D,C/D,C/D,C/D,C,No,C/D,C/D,C/D,C/D,No,C/D,C/D,C/D,C/D,C/D,C/D,C/D,C/D,C/D,C/D,C/D,C/D,C/D,C/D,C/D,C/D,C/D,C,C/D,C/D,C/D,C/D,C/D,C/D,C/D,No,C/D,C/D,C/D,C,C/D,C/D,C/D,C/D,C,C/D,C/D,C/D,C/D,C/D,C/D,C/D,C,C/D,C,C/D,C,C/D,C/D,C,C,C/D,C/D,No,C/D,C/D,C/D,C/D,C,C/D,C/D,No,C/D,C/D,C/D,C/D,C/D,No,C/D,C/D,C/D,C/D,C/D,C,C/D,C/D,C/D,C/D,C/D,C/D,C/D,C/D,C/D,C/D,C/D,C/D,C/D,C/D,C,C/D,C/D,C/D,C/D,C/D,C,C/D,C/D,C/D,C/D,C/D,C/D,C/D,C/D,C,C/D,C/D,C/D,C,C/D,C/D,C/D,C/D,C/D,C/D,C/D,C/D,C/D,C/D,C/D,C/D,C,C,C/D,C/D,C/D,C/D,C/D,C/D,C/D,C,C/D,C/D,C/D,C/D,C/D,C/D,C/D,C/D,C,C/D,C/D,C/D,C/D,C/D,C/D,C/D,C/D,C/D,C/D,C/D,C/D,C/D,C/D,C/D,C/D,C/D,C/D,C/D,C/D,C/D,C/D,C/D,C/D,C,C/D,C/D,C/D,No,C/D,C/D,C/D,C/D,C/D,C/D,C,C,C/D,C/D,C/D,C/D,C/D,C/D,C/D,C/D,C/D,No,C/D,C/D,C,C/D,C/D,C/D,C/D,C/D,C/D,C/D,C/D,No,C/D,C/D,C/D,C/D,C/D,C/D,C/D,C/D,C/D,C/D,C/D,C/D,C/D,C/D,C/D,C/D,C/D,C/D,C/D,C/D,C/D,C/D,C/D,C/D,C/D,C/D,C/D,C/D,C/D,C/D,C/D,C/D,C/D,C/D,C/D,C/D,C/D,C/D,C,C/D,C/D,C/D,C/D,C/D,C/D,C/D,C/D,C/D,C/D,C/D,C/D,C/D,C/D,C,C/D,C/D,C/D,BL01UK01IT085,UKIT085,1080,36,2021,gb
R_7aLG8LC3GoYDxux,Female,University degree or equivalent,University degree or equivalent,30,70,0,NA,Italian;30;,English;70;,,30,70,0,NA,Italian,NA,10,6,NA,NA,I regularly speak both Italian and English to my child,English,NA,2,10,NA,NA,I always (or almost always) speak English to my child,Second,NA,2,NA,NA,6,No,C,C,C,C,C,C,C,C,C,C,C,No,C/D,C/D,C/D,C/D,C/D,C/D,C/D,C/D,C,C/D,C/D,C,C,C/D,C/D,C,No,No,No,C/D,No,No,C/D,C,C,No,C,No,No,No,No,No,No,No,No,C/D,C,C/D,C,C,C/D,C/D,C/D,C/D,C/D,C/D,C/D,C/D,C/D,C/D,C/D,C/D,C,C,C/D,C,C,C,C/D,C,C,C,C,C,C/D,C,C,C/D,No,C,C,C,C/D,C/D,C/D,C,C,C,C,C,C,C/D,C,C/D,C/D,C,C,C/D,C,C,C/D,C/D,C,C,C/D,C,C,C/D,C,No,C,C/D,No,No,No,No,No,No,No,No,No,No,No,No,No,No,No,No,No,No,No,No,C/D,C,No,C,C,C/D,C/D,C,C/D,C/D,C/D,C,C,C/D,C/D,C/D,C/D,C/D,C/D,C,C,C,No,No,No,No,C,No,C,C,No,No,No,C,No,No,No,No,No,No,No,No,No,C,No,C,No,C,No,No,C/D,C/D,C/D,C/D,C,C/D,C,C/D,C/D,C/D,C/D,C/D,C/D,C/D,C/D,C/D,C/D,C/D,C/D,C,No,C/D,C/D,C/D,No,C/D,No,No,C/D,No,No,No,No,No,No,No,No,C/D,No,No,No,No,C,C,C,C/D,C,C,C,C,C,C,C/D,C/D,C/D,C/D,C/D,C/D,C/D,No,C,C,C,C,C,C/D,C/D,C/D,C,C/D,C,C,C/D,C/D,C,C,C/D,C,C,No,C/D,C/D,C/D,C/D,C/D,C/D,C,C,C/D,No,No,No,No,No,C,No,C/D,No,No,No,No,No,No,No,No,C,C/D,C/D,C,C,C/D,C/D,C/D,C/D,No,No,No,No,No,No,No,No,No,C/D,No,No,C/D,C,C,C/D,C/D,C/D,No,No,No,No,No,No,No,No,No,No,No,No,No,No,No,No,C,No,No,No,No,No,No,No,C,C,No,C/D,C/D,No,No,No,C/D,No,No,No,No,No,No,No,No,No,C,No,No,C,No,No,No,No,No,No,No,No,C,No,No,C,C,C,C,C,No,C/D,C/D,C/D,C/D,C/D,C/D,C,No,C,C,C,C,C,C,C,C,C,C,No,C,C/D,C/D,C/D,C,C,C/D,C/D,C,C,No,C/D,C/D,C,C,C,C/D,C,C,BL01UK01IT086,UKIT086,549,18.3,2021,gb
R_2CxfxgxZfVPhZJK,Male,University degree or equivalent,University degree or equivalent,50,45,5,Spanish ,Italian;50;,English;45;,Spanish;5;,80,20,0,NA,Italian,NA,10,9,5,German,I always (or almost always) speak Italian to my child,Italian,NA,10,9,5,French,I always (or almost always) speak Italian to my child,First,NA,1,9,Always (or almost always) English,3,C/D,C/D,C/D,C/D,C/D,C/D,C/D,C/D,C/D,C/D,C/D,C/D,No,C,No,No,C/D,C/D,No,C/D,No,C/D,C/D,C/D,C/D,C/D,C/D,C,C/D,C/D,C/D,C,C,C/D,C/D,C/D,C,C,No,C,C/D,C/D,No,C/D,C,C,C/D,C/D,C/D,C/D,C,C/D,C/D,C/D,C/D,C/D,C/D,C,C/D,C/D,C,C/D,C,C/D,C/D,C/D,C/D,C/D,C/D,No,No,No,C/D,C,C/D,C,No,C/D,No,C/D,No,C/D,C/D,C/D,C/D,No,C/D,C/D,C/D,C/D,C,C,No,No,C/D,C/D,C/D,C/D,C/D,C,No,No,C/D,C,C,C/D,C/D,C/D,C/D,C,C/D,C/D,C/D,C/D,C,C/D,C/D,C/D,C/D,C/D,C/D,No,No,C/D,C,C/D,C/D,C/D,C,C/D,C/D,C/D,C,C/D,C/D,C/D,C/D,C,C/D,C/D,C/D,C/D,C/D,C/D,C,C/D,C/D,C/D,No,No,C,No,C,C/D,C/D,C/D,C/D,C/D,C/D,C,C/D,C/D,No,C,C,C/D,C,C/D,C/D,C/D,C,C,C,C/D,C/D,C/D,C,C/D,C/D,C/D,C/D,C/D,C/D,C,C/D,C/D,C/D,C/D,No,C/D,C,C/D,No,C/D,C/D,C/D,C,C,C,C,C/D,C,C/D,C,C/D,C,C/D,C,C,C/D,C/D,C/D,C,C/D,C/D,C,C,C,C,C,C,C,C/D,C,C,C/D,C/D,C,No,C,No,C/D,C/D,C/D,C/D,C,C,No,No,C,C,No,C/D,C/D,C,C/D,C/D,C/D,C,C/D,C/D,C/D,C/D,C/D,C,C/D,C,C,C,C/D,C/D,C,C,C/D,C,C,No,No,C,C,No,C/D,No,C/D,C/D,C/D,C/D,C/D,C,C,C,C,C/D,C/D,No,C,C/D,C,No,C/D,C,C,No,C/D,C/D,C,C/D,C/D,C,C/D,C,No,No,C,C/D,C/D,C,C/D,C,No,C/D,C,C/D,C,C,C/D,No,C,C/D,C/D,C/D,C,C/D,C,C/D,No,C,C,C,C,C,C,C,C/D,No,C,C,No,No,C,C/D,C,C/D,C,C/D,C,No,No,No,No,C,No,C,No,C/D,C,No,No,C,No,No,No,C/D,C,No,C/D,C/D,No,C/D,No,No,C/D,No,C,C,C,C/D,C,C,C,C,C,C,C,C,C,C,C,C/D,C,C,C,C,C/D,C/D,No,C,C,C/D,C,C,C,C/D,C/D,C/D,No,C/D,C/D,C/D,C,C/D,C,C/D,C,C,No,C,No,BL01UK01IT087,UKIT087,745,24.83333333,2021,gb
R_3lVWQip5Tv8akwE,Female,University degree or equivalent,University degree or equivalent,30,70,0,NA,Italian;30;,English;70;,,40,60,0,NA,English,NA,2,10,NA,NA,I always (or almost always) speak English to my child,Bilingual Italian and English,NA,9,10,NA,NA,I always (or almost always) speak Italian to my child,First,NA,1,12,Both Italian and English regularly,0,No,C,No,No,No,No,No,No,No,No,C,No,No,C,No,No,C,C,No,C,No,No,No,No,No,C,No,No,No,No,No,No,No,C,No,C,No,No,No,No,No,No,No,C,No,No,No,No,No,No,No,No,No,No,No,No,No,C,No,No,No,C,No,No,No,No,No,No,C,No,C,No,No,No,No,No,No,No,No,No,No,No,No,No,No,No,C,No,No,No,No,No,No,No,C,No,No,No,C,No,No,No,C,No,No,No,No,C,No,No,No,No,No,No,No,No,No,No,No,No,No,No,No,No,No,No,C,C,No,C,No,C,No,No,No,No,No,No,No,No,No,No,No,No,No,No,No,No,No,No,No,No,No,No,No,No,No,No,No,No,No,C,No,No,No,C,C,No,No,No,No,No,No,No,No,No,No,No,No,No,No,No,No,No,No,No,No,No,No,No,No,No,No,No,No,No,No,No,No,No,No,No,No,No,No,No,No,No,No,No,No,No,No,No,No,No,No,No,No,No,No,No,No,No,No,C,C,No,No,No,No,C,C,C,C,No,No,No,No,No,No,No,No,C,No,No,No,No,No,C,No,No,No,C,No,C,No,No,No,No,C,No,No,No,No,No,No,No,No,No,No,No,No,No,No,No,No,No,No,No,No,No,No,No,No,No,No,No,No,No,No,No,No,No,No,No,No,No,No,No,No,No,No,No,No,No,No,No,No,No,No,No,No,No,No,No,No,No,No,No,No,No,No,No,No,No,No,No,No,No,No,No,No,No,No,No,No,No,No,No,No,C,No,No,C,No,No,No,No,No,No,No,No,C,No,No,No,No,No,No,No,No,No,No,No,No,No,No,No,No,No,No,No,No,No,No,No,No,No,No,No,No,No,No,No,No,No,No,No,No,No,No,No,No,No,No,No,No,No,No,No,No,C,No,No,No,No,No,C,No,No,No,C,No,No,No,No,No,BL01UK01IT088,UKIT088,422,14.06666667,2021,gb
R_1eznWyi8jLqFnqh,Male,University degree or equivalent,University degree or equivalent,50,50,0,NA,Italian;50;,English;50;,,80,20,0,NA,Italian,NA,10,10,0,NA,I always (or almost always) speak Italian to my child,English,NA,8,10,NA,NA,I regularly speak both Italian and English to my child,First,NA,1,24,Always (or almost always) English,3,C/D,C/D,C/D,C/D,C,C/D,C/D,C/D,C/D,C/D,C/D,C/D,C,C,C/D,C,C/D,C,C,C,C,C/D,C/D,C,C/D,No,C/D,C,C/D,C,C,C/D,C/D,C,C/D,C/D,C/D,C,C,C/D,C,C,C,C,C,C/D,C/D,C,C,C/D,No,C/D,C/D,C,C,C/D,C/D,C,C,C/D,C,C,C,C/D,C,C/D,C/D,C/D,C/D,No,C/D,C,C/D,No,C/D,C,C/D,C/D,C/D,C/D,C,C/D,C/D,C,C/D,C/D,C,C/D,C/D,No,C,C/D,C/D,C/D,C/D,C/D,C,C/D,C/D,C/D,C,C,C,C/D,C,C/D,C/D,C/D,C/D,C/D,C,C,C,C,C,C,C/D,C/D,C,C/D,C,No,C,C,C,C,C,C/D,C,C,C/D,C/D,C,C/D,C,C/D,C/D,C,C/D,C/D,No,C/D,C,C/D,C/D,C,C/D,C/D,No,C,C,No,C,C/D,C/D,C,C/D,C/D,C/D,C,C/D,C/D,C,C,C/D,C/D,C/D,C,C/D,C,C,C/D,C,C/D,C/D,C/D,C,C/D,C,C/D,C/D,C/D,C/D,C/D,C,C,C/D,C,No,C,C,C/D,C/D,C,C/D,C/D,C,C,C/D,C/D,C,C,C/D,C,No,C,C/D,C,C,C,C,C,C,C,C/D,C,C,No,No,No,C/D,C/D,C/D,C,C,C/D,C/D,C,C,C,C,C/D,C/D,C/D,C/D,C,C,C,C,C,C,C,C/D,C/D,C,No,C/D,C/D,C,C/D,C/D,C/D,C,C/D,C,C/D,No,No,C,C,C/D,No,C,C,C,C,No,C,C,C,No,C/D,C,C,C,C/D,No,C,C,C,C,C,C/D,C,No,C,C,C,No,C,C,C,C,C/D,C,C,C,C,No,C,C,No,No,C,C,C,No,No,No,C,C,C,C,C,C,C,C,C/D,C,No,C,C,C,No,C,No,C,C,C,C,C,No,C,C,C,C,C,C,C,C,C,C,C/D,C,C/D,C,C,No,No,No,C,No,C,C,C/D,C/D,No,C,C/D,C/D,No,C/D,C/D,C/D,No,C/D,C,C,C/D,No,C/D,C/D,C/D,No,C,No,C/D,C,No,C,No,No,C,C/D,No,C,C,No,No,No,No,No,C/D,No,C,No,No,C/D,No,No,C,C,C/D,C,C,No,C,C,C/D,No,C,No,No,C,No,No,C/D,C,BL01UK01IT089,UKIT089,948,31.6,2021,gb
R_33C6cSU7Kmw58EG,Female,University degree or equivalent,Left school at 18 with A-Levels or equivalent,70,30,0,NA,Italian;70;,English;30;,,98,2,0,NA,Italian,NA,10,7,NA,NA,I always (or almost always) speak Italian to my child,Other(s),Twi,10,8,10,Twi,I always (or almost always) speak Italian to my child,First,NA,1,12,Always (or almost always) English,0,C/D,C,C,C,C,C,C/D,C,C/D,C/D,C,C/D,C,C,C,No,C,C,No,C,C,C,C,C,C,C,C,C,C,C,C,No,No,C,C,C,C,No,C,C,C,C,No,C,No,C,C,C,C,C,No,C,C,No,No,C,C,C,C,No,C,C,No,C/D,C,C,C,No,C/D,No,C/D,No,C,No,C,No,C,No,C,C,C,C,C,No,C,C,C,C,C,No,C,No,No,C,C,C,C,C,C,C,No,C,No,No,No,No,C,C,C,No,C,C,C,C,No,C,No,C,No,C,No,No,No,C,No,No,C,C,No,C,C,C,C,No,C,No,C,No,C,No,C,C,C,C,No,C,C,C,C,C,C,No,C,C,C,No,No,C,C,No,C,C,No,No,No,C,C,C,No,No,C,No,C,C,No,No,No,C,C,C,C,No,No,No,No,C,C,C,No,No,C,C,No,C,C,No,C,C,No,C,No,No,No,No,No,No,No,No,C,C,No,C,C,No,C,C,No,C,No,C,C,No,C,No,No,C,C,No,No,C,C,C/D,C/D,C/D,C/D,No,No,No,No,No,No,No,No,No,C,C/D,C,C,C,C/D,C,C/D,C,C,C,C/D,C,C,C,C,C,C,C,C/D,C,No,C,C,No,C,C,C,C,C,C,C,C,C,C,C,No,C,C,C,No,No,C,C,No,No,C,C,No,C,C,No,No,C,C,C,C,No,No,C,C,C,C,C,No,C,No,C,C,C,C,C,No,No,C,No,No,No,C,No,C,C,C,C,No,No,No,No,No,C,C,C,No,No,No,C,C,No,No,No,C,C,No,No,No,No,No,No,C,No,C,No,No,C,C,No,No,C,No,No,No,C,C,C,No,No,No,No,No,C,C,C,C,C,No,C,C,C,C,C,C,C,C,C,C,C,C/D,C/D,C,C,C,C,C,C,C,C,C,C,C,C,C,C,C,C,C/D,C/D,C,No,No,C,No,No,C,C,BL01UK01IT090,UKIT090,604,20.13333333,2021,gb
R_1dmj4ygPS7LdUY2,Female,University degree or equivalent,University degree or equivalent,30,70,0,NA,Italian;30;,English;70;,,60,40,0,NA,Italian,NA,10,8,NA,NA,I regularly speak both Italian and English to my child,Other(s),Hokkien and English ,5,10,10,Hokkien ,I regularly speak a mix of Italian / English / other languages to my child,First,NA,1,17,Always (or almost always) English,4,C/D,C/D,C/D,C/D,C,C/D,C/D,C/D,C/D,C/D,C/D,C/D,C,C/D,C/D,C/D,C/D,C/D,C,C/D,C/D,C/D,C/D,C/D,C/D,C/D,C/D,C/D,C/D,C/D,C/D,C,C/D,C,C/D,C/D,C/D,C/D,C/D,C/D,C/D,C/D,C,C/D,C/D,C/D,C/D,C/D,C/D,C/D,No,C/D,C/D,C/D,C,C/D,C/D,C/D,C/D,C/D,C/D,C/D,C/D,C/D,C/D,C,C/D,C/D,C/D,C,C/D,C,C/D,C/D,C/D,C/D,C/D,C/D,C/D,C/D,C,C/D,C/D,C/D,C/D,C/D,C/D,C/D,C/D,C/D,C/D,C/D,C,C/D,C/D,C/D,C/D,C/D,C/D,C/D,C/D,C/D,C/D,C/D,C,C/D,C/D,C/D,C/D,C/D,C,C/D,C/D,C/D,C/D,C/D,C/D,C/D,C,C/D,C,C,C/D,C/D,C,C/D,C/D,C/D,C,C/D,C/D,C/D,C/D,C/D,C/D,C/D,C/D,C,C/D,C/D,C,C/D,C/D,C/D,C,C/D,C/D,C/D,C,C,C/D,C,C/D,C/D,C/D,C,C,C/D,C/D,C,C/D,C/D,No,C/D,C/D,C/D,C/D,C/D,C/D,C,C/D,C,C/D,C/D,C/D,C,C/D,C/D,C/D,C/D,C/D,C/D,C/D,C,C,C/D,C/D,C/D,C,C/D,C/D,C/D,C,C/D,C/D,C/D,C/D,C/D,C,C/D,C/D,C,C/D,C,C/D,C/D,C,C/D,C/D,C/D,C/D,C/D,C,C,C/D,C/D,C/D,C/D,C/D,C/D,C/D,C/D,C/D,C/D,C/D,C/D,C/D,C/D,C/D,C/D,C/D,C/D,C/D,C/D,C/D,C/D,C,C,C,C/D,C/D,C,C/D,C/D,C,C/D,C/D,C/D,C/D,C/D,C/D,C,C/D,C/D,C/D,C/D,C/D,C,C/D,C,C/D,C/D,C/D,C/D,C/D,C,C,C/D,C/D,C/D,C,C/D,C/D,C,C/D,C/D,C,C/D,C/D,C/D,C/D,C/D,C/D,C,C,C,C/D,C/D,C/D,C,C/D,C/D,C,C/D,C/D,C,C/D,C/D,C,C/D,C,C,C,C/D,C/D,C/D,C,C,C,C/D,C,C/D,C/D,No,C/D,C/D,C,C/D,C/D,C,C/D,C,C,C/D,C/D,C,C,C/D,C,C,C/D,C,C/D,C/D,C,C/D,C/D,C,C,C/D,C/D,C/D,C/D,C/D,C/D,C/D,C,C/D,C,C/D,C/D,C,C/D,C/D,C/D,C/D,C/D,C/D,C/D,C/D,C,C/D,C/D,C/D,C/D,C/D,C/D,No,C/D,C,C/D,C/D,C,C/D,C,C,C,C/D,C,C,C,C/D,C/D,C/D,C,C,C,C,C/D,C,C/D,C/D,C/D,C,C/D,C,C/D,C/D,C/D,C/D,C/D,C/D,C/D,C/D,C/D,C/D,C,C,C/D,C,C/D,C,C/D,C/D,C,C,C/D,C/D,BL01UK01IT091,UKIT091,857,28.56666667,2021,gb
R_2zdAk8ecijgN47a,Male,University degree or equivalent,Left school at 16 with GCSE or equivalent,60,35,5,Albanian,Italian;60;,English;35;,Albanian;5;,70,25,5,Albanian ,Italian,NA,10,7,NA,NA,I always (or almost always) speak Italian to my child,Other(s),Albanian,9,8,10,Albanian ,I regularly speak a mix of Italian / English / other languages to my child,Second,NA,2,NA,NA,2,C/D,C/D,C/D,C/D,No,C/D,C/D,C/D,C/D,C/D,C/D,C/D,C,C,C/D,C,C/D,C/D,No,No,No,C,C,C/D,C,C/D,C,C,C/D,C/D,C/D,No,C,C/D,C/D,C/D,C/D,No,C,C/D,C/D,No,No,C,C,C/D,C,C/D,C,C/D,No,C/D,C,C,C/D,C,C/D,No,C,C,C,C,C,C/D,C,C,C/D,C,C,C/D,C,C,C,C,C,C,C,C,C,C,No,C/D,C,C/D,C,No,C/D,C,C,C/D,No,No,No,C/D,C/D,C,C,C,C,C,C,C,C,No,C,C,C,C,C,C,C,C,C,C,C/D,C,No,C,C,C,C,No,No,No,C,C,C,C,C,C,C,C,No,No,C,C,C,C,C,C,C,C,C,C,C,C,C,C,C,C,C,No,No,C,C/D,C,No,C/D,C,C,No,C,No,C,No,C,No,C,C,C,No,C,No,No,No,No,No,C,C,No,C,No,C,No,C,C,C,C,No,C,C,C,No,C,C,No,C,C,C,C,C,No,C,No,No,No,C,C,C,C,No,C,No,No,C,C,C,No,No,C,C,No,C,No,No,No,C,No,C,No,No,C/D,C/D,C/D,C/D,C,No,No,No,No,C,C,C,C,C,C,C,C,C,C/D,C,C/D,C,C,C,C/D,C,C/D,C/D,C,C/D,C,C,C/D,C,C,C,C,C,C,C,C,C,C,C,C,C,C,C,C,C,C,C,C,C,No,C,C,C,C,C,C,No,C/D,C,C,No,C,No,C,C,No,No,C,C,C,C,C,C,No,No,C,C,C,C,C,C,C,C,C,No,No,C,C,C,No,C,No,No,No,No,No,No,C/D,C/D,C,C,C,C,C,C,C,C/D,C,C/D,C/D,No,C,No,No,C,No,C,No,No,No,No,No,No,No,No,No,No,No,No,C,No,C,C,No,No,No,No,C/D,C/D,C,C,C,No,No,No,No,No,No,No,No,C,No,C,No,No,No,C,C,C,C,C,C,No,No,C,No,C,C,C/D,No,C,C,C,C,C,C,C,C,No,No,C,No,BL01UK01IT092,UKIT092,806,26.86666667,2021,gb
R_6QKyhMZ96zK77oZ,Male,University degree or equivalent,Left school at 18 with A-Levels or equivalent,65,35,0,NA,Italian;65;,English;35;,,95,5,0,NA,Italian,NA,10,9,NA,NA,I always (or almost always) speak Italian to my child,Italian,NA,10,7,0,NA,I always (or almost always) speak Italian to my child,First,NA,1,9,Always (or almost always) English,1,C/D,C,C,C,C,C,C,C,C,C,C,No,No,No,No,No,C,No,No,C,C,C,C,No,C,C,C/D,C/D,No,No,C,C,No,C,C,No,No,C/D,No,No,C,C,No,C,No,C,C,No,C,C,No,No,No,No,C,C,C,No,No,No,C,C,C,C,No,C,C,No,C,No,C,No,No,No,C,No,No,No,No,C,No,C,C,C,C,No,No,No,No,No,C,No,No,No,C,C,C,No,C,C,No,C,No,No,No,C,C,C,C,No,No,No,C,No,No,C,No,C,No,C,C,No,No,No,C,C,No,C,No,C,C,C,No,No,C,C,C,C,C,C,C,C,C,C,No,C,C,C,No,C,C,No,C,No,C,No,No,C,C,C,No,No,No,No,No,No,C,No,No,C,No,No,No,No,No,No,No,C/D,C,No,C,No,No,No,No,C,C,C,No,No,C,C,C,C,C,C,No,No,No,C,C,No,C,No,No,No,No,C,C,No,No,C,No,No,No,No,No,C,No,No,No,No,No,No,No,C,C,No,No,C,C,C/D,C,C,C/D,No,No,No,No,No,No,No,C,C,C,C,C,C,No,C,No,C,C,C,C,C/D,C,No,No,C,C,C,C,C,C,C,No,C,No,C,No,C,C,C,C,C,C,No,C,C/D,C,C,C,No,No,No,C,C,C,No,C,No,No,C,C,No,C,C,No,C,C/D,No,C,C,C,C,No,C,No,C,No,C,C,C,C,C,No,C,No,C/D,No,C,C,C,C,No,C,C,No,C,No,No,C,No,No,No,C,No,C,C,C,C,C,No,C,C,No,No,No,No,C,No,C,No,No,C,No,No,C,No,No,No,C,C,No,No,No,No,C,No,C,No,No,No,C,C,C,No,No,No,No,No,No,No,No,No,C,C/D,C,No,C,No,C,C,C,C,C,C,C,C,No,No,C,No,C,No,C,C,C,No,C,No,No,No,No,No,No,No,BL01UK01IT093,UKIT093,489,16.3,2021,gb
R_3DihlHqfoIlpZz3,Female,University degree or equivalent,University degree or equivalent,30,70,0,NA,Italian;30;,English;70;,,50,50,0,NA,Italian,NA,10,9,NA,NA,I always (or almost always) speak Italian to my child,English,NA,3,10,10,NA,I always (or almost always) speak English to my child,First,NA,1,11,Always (or almost always) English,1,C,C/D,C/D,C,C,C/D,C/D,C/D,C/D,C/D,C/D,C/D,No,No,No,No,C,No,No,No,No,C,C,No,No,No,No,No,C,No,C,No,No,No,C,C,C,No,No,No,No,C,No,No,C,No,No,No,No,No,No,No,No,No,No,No,No,No,No,No,No,No,No,No,No,No,C/D,No,C/D,No,C/D,No,No,No,C,No,No,No,No,No,No,No,No,No,C/D,No,C,No,C,No,No,C/D,No,C,No,C,No,C,C,No,No,No,No,No,No,No,C,C,C,No,C,C,C,C,No,No,C,C,No,No,No,No,No,No,No,No,No,No,No,No,No,C/D,No,No,No,No,No,No,No,No,No,No,No,No,No,No,No,No,No,No,No,No,No,No,No,No,No,C/D,No,C,C,No,No,No,No,C,No,No,No,No,No,No,No,No,No,No,No,No,No,No,No,No,No,No,No,No,No,No,No,No,No,No,No,No,No,No,No,No,No,No,No,No,No,No,No,No,No,No,No,No,No,No,No,No,No,No,No,No,No,No,No,No,No,No,No,No,No,No,No,No,No,C/D,C/D,C/D,No,No,No,No,No,No,No,No,C/D,No,No,No,No,No,No,C/D,No,No,No,C,No,No,No,No,No,No,No,No,No,C,C,No,No,No,No,No,No,No,No,No,No,No,No,No,No,No,No,No,No,No,No,No,No,No,No,No,No,No,No,No,No,No,No,No,No,No,No,No,No,No,No,No,No,No,No,No,No,No,No,No,No,C,No,No,No,No,No,No,No,No,No,No,No,No,No,No,No,No,No,No,No,No,No,No,No,No,No,No,C/D,No,No,No,No,No,No,No,No,No,No,No,No,No,No,No,No,No,No,No,No,No,No,No,No,No,No,No,No,No,No,No,No,No,No,No,No,No,No,No,No,No,No,No,C,No,No,No,No,No,C,No,No,No,No,No,C,No,No,No,C/D,No,No,No,No,No,C/D,C,No,No,No,No,No,No,No,No,BL01UK01IT094,UKIT094,566,18.86666667,2021,gb
R_27lYGmlUZ2zYgXf,Female,University degree or equivalent,University degree or equivalent,40,60,0,NA,Italian;40;,English;60;,,50,50,0,NA,Italian,NA,10,9,NA,NA,I regularly speak a mix of Italian / English / other languages to my child,English,NA,1,10,NA,NA,I always (or almost always) speak English to my child,First,NA,1,11,Always (or almost always) English,2,C,No,C,No,No,No,No,No,C,No,C,C,No,No,No,No,No,No,No,No,No,No,No,No,No,No,No,No,No,No,No,No,No,No,No,No,No,No,No,No,No,No,No,No,No,No,No,No,No,No,No,No,No,No,No,C,No,No,No,No,No,C,No,No,No,No,C,No,C,No,C,No,No,No,No,No,No,No,C,No,No,No,No,No,C,No,No,No,No,No,No,No,C,No,No,No,No,No,No,No,No,No,No,No,No,No,No,No,No,No,No,No,No,No,No,No,No,No,No,No,No,No,No,No,C,No,C,C,No,No,C,C,No,No,C,C,No,No,No,No,No,No,No,No,No,No,No,No,No,No,No,No,No,No,No,No,No,C,No,No,No,No,No,No,No,No,No,No,No,No,No,No,No,No,No,No,No,No,No,No,No,No,No,No,No,No,No,No,No,No,No,No,C,No,No,No,No,No,No,C,C,No,No,No,No,No,No,No,No,No,No,C,No,No,No,No,No,No,No,No,No,No,C,No,No,No,No,No,C,No,No,C/D,C,C,C,No,No,No,No,No,No,No,No,No,C,No,No,No,No,C,C,C,No,C,No,C,No,No,No,No,C,No,No,C,No,No,No,No,No,No,No,No,No,No,No,No,No,No,No,No,No,No,No,No,No,No,No,No,No,No,No,No,No,No,No,No,No,C,No,No,No,No,No,No,No,No,No,No,No,No,No,C,C,No,No,No,No,No,No,No,No,No,No,No,No,No,No,No,No,No,No,No,No,No,No,No,No,No,No,No,C,No,No,No,No,No,No,No,No,No,No,No,No,No,No,No,No,No,No,No,No,No,No,No,No,No,No,No,No,No,No,No,No,No,No,No,No,No,No,No,No,No,No,No,No,No,No,No,C,No,No,No,C,No,No,C,C,C,No,No,No,No,No,No,No,No,No,No,No,C,C,No,No,No,No,No,C,No,BL01UK01IT095,UKIT095,701,23.36666667,2021,gb
R_3HqvSixEo3Lecqz,Male,University degree or equivalent,Left school at 18 with A-Levels or equivalent,75,25,0,NA,Italian;75;,English;25;,,95,5,0,NA,Italian,NA,10,8,7,Spanish,I always (or almost always) speak Italian to my child,Italian,NA,10,7,0,NA,I always (or almost always) speak Italian to my child,Third,NA,3,NA,NA,1,C,C,C,C,No,C,C,C,C,C/D,C,C/D,No,No,No,No,C,No,No,No,No,No,No,No,C,C,No,No,C,C,C,C,C,C,No,No,No,No,No,No,C,No,No,No,No,C,No,C,C,C,No,No,C,No,No,C,C,No,No,No,C,C,C,C,C,No,C/D,No,C,No,C/D,No,C,No,C,No,No,C,C,C,No,C/D,C/D,C/D,C/D,C,No,No,C/D,C,C,No,C,C,No,No,No,C,C,C,No,C,C,No,No,No,C,C,C,No,No,C,C,C,No,No,No,No,No,No,No,No,No,No,No,No,No,C,No,No,No,C,No,No,C,C,C/D,No,C,C,No,C,C,C,No,No,C,C,C,C,C,No,No,C,C,C,C,C/D,No,C,C,C,No,No,No,No,C,C,C,No,No,No,No,C,C,No,No,C,C,No,C,No,C,No,C,C,C,No,No,No,C,C,No,C,C,No,No,No,No,C,No,No,No,No,No,No,No,No,C,No,No,C,No,No,No,No,No,C,C,C,No,C,C,No,No,C,C,C,C,No,No,No,C/D,C/D,C/D,No,No,No,No,No,No,No,No,No,C,C,C,C,C,C,C,C,C,C,No,C/D,No,No,C,No,C/D,C,No,C,C/D,C,No,No,C,C,No,C,No,C,C,C,C,C,C,No,C,C,C,C,C,No,C,C,No,C,C,No,No,C,No,C,No,C,C,No,No,C,C,No,C,C,No,C,No,C,No,No,No,C,C,No,No,C,No,No,No,No,C,C,C,No,No,C,No,C,C,No,C,No,No,C,No,C,No,No,C,C,C/D,C,C,No,No,No,No,No,No,No,No,No,No,C,No,No,C,No,No,C,C,No,No,No,No,No,No,No,C,C,C,C,C,No,C,No,No,No,No,No,No,No,No,No,No,No,No,No,No,No,No,No,No,No,No,No,No,No,C,No,No,No,C,No,No,No,C,No,No,No,No,No,No,No,No,No,BL01UK01IT096,UKIT096,503,16.76666667,2021,gb
R_1rPRylFqli49Fzt,Female,University degree or equivalent,Left school at 18 with A-Levels or equivalent,50,50,0,NA,Italian;50;,English;50;,,90,10,0,NA,Italian,NA,10,7,NA,NA,I always (or almost always) speak Italian to my child,Italian,NA,10,8,NA,NA,I always (or almost always) speak Italian to my child,First,NA,1,16,Always (or almost always) English,NA,No,C/D,No,C/D,No,C/D,No,C/D,No,No,C/D,C/D,No,No,No,No,C,No,No,C,No,C/D,No,No,C,No,C,No,C,C,C,No,No,C,C,C/D,C,No,C,C,C,C,No,C,C,C,C,C/D,No,C/D,No,C/D,C/D,C,No,C/D,C/D,C,No,C,C,C/D,C,C/D,C,No,C/D,C/D,C/D,No,C,No,No,No,No,No,No,C,No,C/D,No,No,C/D,C,C/D,No,No,C,No,C,No,No,No,C/D,C/D,C/D,C/D,C,C,No,No,No,No,C,No,C,No,C/D,No,C,No,C/D,No,C,No,No,No,C/D,No,No,No,No,No,C/D,C/D,No,C/D,No,No,No,No,C/D,No,No,No,No,No,No,No,No,No,No,No,No,No,No,C/D,No,No,C,No,No,C,C,C,No,No,C/D,C/D,C,C,C/D,No,No,No,C/D,C,No,C/D,No,No,No,No,No,No,C,C/D,C/D,C/D,No,C/D,C/D,C/D,No,No,No,No,No,No,No,No,No,C/D,No,No,C/D,No,No,No,No,No,No,C/D,No,No,No,No,No,No,C,C,C,No,No,No,C,C,C,No,No,C,C,C,No,No,No,C/D,No,No,No,No,C/D,No,C/D,C/D,No,No,No,No,No,No,No,C/D,C/D,C,C,C/D,C,C,C/D,C,C,C,No,No,C/D,No,C,C,No,C/D,No,No,C,C,C,C,No,No,No,No,C,No,C,C,C,C,C,C,C,No,No,No,No,No,No,C,C,No,C,No,C/D,No,C/D,No,C,No,C,No,C,No,No,No,C,C,C,No,C,No,C,C,No,C/D,No,C,C,No,C/D,C,No,No,C,C,No,C,No,No,No,No,No,No,No,No,No,C/D,No,No,No,No,C,No,No,C/D,No,No,C/D,No,No,No,No,No,No,No,No,C/D,No,No,No,C/D,No,No,No,C/D,C/D,C,No,No,No,C,No,No,C/D,No,No,No,No,No,No,No,No,No,No,No,No,No,No,No,No,No,No,No,No,No,No,No,No,No,No,No,No,C,No,C/D,No,No,No,C,No,C/D,No,No,No,No,No,No,No,No,No,BL01UK01IT097,UKIT097,704,23.46666667,2021,gb
R_RPIL0qN3xYVdr6F,Male,University degree or equivalent,University degree or equivalent,40,60,0,NA,Italian;40;,English;60;,,80,20,0,NA,Italian,NA,10,8,0,NA,I regularly speak both Italian and English to my child,Italian,NA,10,9,0,NA,I always (or almost always) speak Italian to my child,First,NA,1,13,Always (or almost always) English,1,C/D,C/D,C/D,C/D,C/D,C/D,C/D,C/D,C/D,C/D,C/D,C/D,No,No,C,No,No,No,No,No,No,C/D,C/D,C/D,No,C,C,No,C,C,C,C,C,C,C,C,C,C,C,C/D,C,C,C,No,C,C,C,No,No,C,No,C/D,C,C,C,C/D,C,No,No,No,C,C,C,C,C,C,C/D,No,C/D,C,C,C,C/D,C,C,C/D,C,C,C,C/D,C,C/D,C/D,No,C/D,C,C,C,C/D,C,C,C,C/D,C/D,C,C,C,C,C/D,C,No,C,C,C,C,C,C/D,C/D,C,No,C/D,C,C/D,C,No,No,No,C,C,C,C/D,No,No,No,C/D,C,C,C,C,C,C/D,C,C,C,No,No,C,C,C,C,C,C,C,C,C,C,C,C,C,No,C,No,No,C,C/D,No,C,C/D,C,C,C,C/D,C,C,C,C,C,C,C,No,C,No,No,C,C,No,No,C,No,No,C,C,C,C,No,C,C,C,No,No,No,No,No,C,No,No,C/D,C,C,No,C,C,No,No,No,No,C,C,C/D,C,C,C,No,No,C/D,C,C/D,C,No,C,C,No,C,C,No,C,C/D,No,No,No,No,C/D,C/D,No,C/D,No,No,No,No,No,No,No,No,No,No,No,C,C,No,C/D,C/D,No,C,C/D,C/D,C/D,C,C,C,C,C/D,C,C,C,C,C/D,No,C,C,C,C,C/D,C,C,C,C,C,C,C,C,No,No,No,No,No,No,C,C,C,No,C,C,No,C,No,C,C,C,No,C,No,No,No,C,C,C,No,C,No,C,C,C,C,No,C,C,No,No,C,No,No,C,C,C,No,No,C,No,No,No,No,No,No,No,No,No,No,No,No,C,No,C,C,C,C,C,C,C,C,C,C,C,C,No,C,C,No,No,C,C,No,No,C,C,C,C,C,C,C,C,No,C,C,C,C/D,C,C/D,No,C,C,C,C,C,C/D,C,C,C,No,No,No,No,No,No,No,No,No,No,No,C,No,No,No,No,C/D,C/D,C,C/D,C,C,C,C,C,No,No,No,No,No,No,BL01UK01IT098,UKIT098,898,29.93333333,2021,gb
R_2SDGtEwdZAwpVfV,Male,University degree or equivalent,University degree or equivalent,80,20,0,NA,Italian;80;,English;20;,,100,0,0,NA,Italian,NA,10,8,8,Dutch,I always (or almost always) speak Italian to my child,Italian,NA,10,8,NA,NA,I always (or almost always) speak Italian to my child,Third,NA,3,27,Always (or almost always) English,3,C/D,C/D,C/D,C/D,C/D,C/D,C/D,C/D,C/D,C/D,C/D,C/D,No,C,C/D,C/D,C/D,C/D,C,C/D,C,C/D,C/D,C/D,C,C/D,C,No,C/D,C/D,C/D,C/D,C,C/D,C/D,C,C,No,C,C/D,C/D,C/D,C,C,C/D,C/D,C/D,C/D,C/D,C/D,No,C/D,C/D,C/D,C/D,C/D,C/D,No,No,C/D,C/D,C/D,C/D,C/D,C/D,C,C/D,C/D,C/D,C,C/D,C,C/D,C/D,C/D,C/D,C,C/D,C/D,C/D,C,C/D,C/D,C/D,C/D,C/D,C,C/D,C/D,No,C/D,No,No,C/D,C/D,C/D,C/D,C/D,C/D,C/D,C,C/D,C/D,C/D,C/D,C/D,C/D,C/D,C/D,C,C,C/D,C/D,C/D,C,C/D,No,C/D,No,C/D,No,C,No,C/D,No,C/D,C/D,C/D,C,C/D,C/D,C/D,C/D,C/D,C,No,C/D,C/D,C/D,C,No,C,C,C,No,C/D,C/D,No,No,C/D,C/D,No,No,C/D,No,No,No,C/D,C/D,C/D,C/D,C/D,No,C/D,C/D,C/D,C,C,C/D,C/D,C/D,C,C/D,C/D,C/D,C/D,C/D,C/D,C/D,C/D,C/D,C/D,C/D,No,C,No,C/D,C/D,C,C/D,C/D,C,C/D,C/D,C/D,C/D,C/D,C/D,C,C/D,C,C,C/D,C,C,No,No,C,C/D,No,C/D,C/D,No,No,C,C,No,C/D,No,C,C/D,C/D,C/D,C,C/D,C/D,C/D,C,C,C,No,C/D,C/D,C/D,C/D,C,No,C,C,No,No,C,C/D,C/D,C/D,C/D,C/D,C,C/D,C/D,C/D,C/D,C/D,C/D,C/D,C/D,C/D,C/D,C,C/D,C/D,C/D,C/D,C/D,C,C,C,C,C,C/D,C,C/D,C/D,C/D,C,C/D,C,C/D,C,C/D,C,C,C,C/D,C,C,C,C/D,C/D,C,C/D,C,C,C/D,C/D,C/D,C/D,C,C,C/D,C,C,C/D,C/D,C/D,C/D,C,C/D,C,C,C,C/D,C/D,C/D,C,C/D,C,C,C/D,C,C/D,C/D,C,C,C/D,C,C,C,C/D,C,C,C,C/D,C/D,C,No,C,No,No,C,C/D,C/D,C/D,C/D,C/D,C/D,C,C,No,C,C,No,C/D,No,C/D,C,No,C,C/D,C,No,C/D,C/D,C/D,C,C/D,C/D,C,C,No,C/D,C,C/D,C,C/D,C,C,C,C,C,No,C,C,C/D,C,No,C,C/D,C/D,C/D,C/D,C/D,C/D,C/D,C/D,C,C/D,C/D,C,C,C,C,C/D,C/D,C/D,C/D,C/D,C/D,C/D,C,C/D,C,C/D,C/D,C,No,C/D,C,BL01UK01IT099,UKIT099,877,29.23333333,2021,gb
R_1BRzjQSuu34I78a,Male,University degree or equivalent,University degree or equivalent,40,60,0,NA,Italian;40;,English;60;,,50,50,0,NA,Italian,NA,10,9,NA,NA,I always (or almost always) speak Italian to my child,English,NA,3,10,0,NA,I always (or almost always) speak English to my child,Second,NA,2,24,Always (or almost always) English,2,C,C/D,C/D,C/D,C/D,C/D,C/D,C/D,C/D,C/D,C/D,C/D,C,C,C/D,C,C/D,C,No,C,C,C/D,C/D,C,C,C,C,C/D,C,C,C/D,C,C,C,C,C,C,C,C,C,C,C,No,C,C/D,C,C,C/D,C/D,C,C,C,C/D,C/D,C/D,C,C,C,C,C,C,C/D,C,C,C,C,C/D,C,C,No,C,C,C,C,C,C,C,C,C,C,C,C/D,C,C/D,C/D,C,C,C,C/D,C/D,C/D,C/D,C/D,C/D,C,C,C,C,C,C,C,C,C,No,C,C,C,C,C,C,C,C,C,C,No,No,C,C/D,C,C,C,C,No,C,C/D,No,C,C,C,C,C/D,C,C,C,C,C/D,C,C,C,C,C,C,C,C,C,C,C,C,C,C,C,No,C,C,C,C,C,C/D,C,C,C,C/D,No,C,C,C/D,C,C,C/D,C,C,C,C,C/D,C,No,C,C,C,C,C/D,C,C/D,C/D,C,C,C,C,No,C,C,C/D,C/D,C,C,C,C,C,C,C,C,No,C,C,C,C,C,C,C,C,C,C,No,C,C,C,C,C,C,C,C,C,C,C,No,C,C,C,C,No,C,C/D,C/D,C/D,C/D,No,C,C,C,C,C,No,C/D,C/D,C,C,C,C,C,C/D,C,C/D,C,C/D,C,C/D,C,C,C/D,C,C/D,C,C,C/D,C,C,C,C,C,C,C,C,No,C,C,C,C,C,C,C,C,C,C,C,C,No,C,C,C,C,C,C,C,C,C,C,C,C,C,C,C,C,C,C,C,C,C,C,No,C,No,C,C,C,C,C,C,C,C,No,C,C,C,C,C,C,C,C,C,C,C,C,C,C,C,C,C,C,C,C,C,C,C/D,C/D,C,C/D,No,No,No,C,C/D,C,C,C,C/D,C,C,C,C,C,No,No,C,C,C,C,C,C,C,C,C,C,C,C,C,C,C,C,C,C,C,C,C,C/D,C,C,C,No,C,No,C,C,C/D,C,C,C,C/D,C,No,No,C,C,C,C,C,C,C,C,C,No,C,No,C,C/D,C,C,C,C,BL01UK01IT100,UKIT100,967,32.23333333,2021,gb
R_3256sb5Zo57agJG,Male,University degree or equivalent,University degree or equivalent,80,20,0,NA,Italian;80;,English;20;,,90,10,0,NA,Italian,NA,9,5,NA,NA,I always (or almost always) speak Italian to my child,Bilingual Italian and English,NA,3,10,NA,NA,I regularly speak both Italian and English to my child,First,NA,1,13,Always (or almost always) English,5,C/D,C/D,No,C/D,No,C,C/D,C/D,C/D,C/D,No,C/D,No,C,No,No,C/D,C,No,No,No,C,C,No,C/D,C,C,No,C,No,C,No,C,No,No,C,No,No,C,C,No,No,No,No,C,No,C,C/D,C,C/D,No,No,C/D,C,C/D,C/D,C/D,C,No,No,C,C/D,No,C/D,C/D,C,C/D,C,C/D,No,C/D,No,C,C/D,C/D,C/D,C/D,C/D,C,C/D,C,C/D,C/D,C/D,C/D,No,C,No,C/D,No,C/D,No,C/D,C/D,C/D,C/D,No,C/D,C/D,C/D,C,C,C,C,C,C,C/D,C/D,C,No,C/D,C,C,C/D,No,C/D,No,C,No,C,No,No,No,C/D,No,No,C/D,C/D,No,C/D,C/D,C/D,No,No,C/D,No,No,No,No,No,No,C/D,C,No,No,No,C/D,C/D,No,C,C,No,C,C,C,No,No,C/D,C,C/D,C/D,C/D,No,C/D,No,C/D,C,No,C/D,C,No,No,No,C,C,C,C,C/D,C,No,C/D,No,C,No,C,C,C/D,C,No,C,C,C,C/D,C,C/D,C,C,C,C,C/D,C,C,C/D,No,No,No,No,No,No,C,C,C/D,No,No,No,C,No,C,No,C,C,C,C,No,No,C/D,C/D,No,No,No,No,C/D,C/D,C/D,C/D,No,No,No,No,No,No,No,C/D,C/D,C,C/D,C/D,No,No,C/D,C,C/D,C/D,C/D,C,C/D,C,C,C,C/D,C/D,No,C/D,C/D,C,C/D,No,C/D,No,C/D,C/D,C/D,No,C/D,C/D,C/D,C/D,C/D,C,C,No,No,C/D,C,No,No,C,C/D,No,No,No,C,No,C/D,No,C/D,C/D,C,No,C,C,No,C,C,C,C,C,No,No,No,No,C,C,C,C,C,No,C,C/D,No,No,No,C/D,C,C/D,No,No,C,C,C,No,C,C,No,C/D,C,C,No,C,C,C/D,C/D,C/D,C/D,C/D,C/D,No,C,No,No,No,C/D,No,No,C/D,C/D,No,No,C,No,No,No,C/D,C/D,No,C/D,No,No,C,No,No,C/D,No,No,C,No,C,No,C,No,No,No,No,C,No,No,No,No,No,No,No,No,C/D,C/D,C/D,No,C,No,No,No,No,No,C/D,No,C/D,No,C,C,C/D,C,C/D,No,C,No,No,No,C/D,No,BL01UK01IT101,UKIT101,695,23.16666667,2021,gb
R_9mM5wwEAPSY0dHj,Male,University degree or equivalent,University degree or equivalent,15,85,0,NA,Italian;15;,English;85;,,25,75,0,NA,Italian,NA,10,9,NA,NA,I regularly speak both Italian and English to my child,English,NA,1,10,NA,NA,I always (or almost always) speak English to my child,First,NA,1,NA,NA,0,No,No,No,No,No,No,No,No,No,No,No,No,No,No,No,No,No,No,No,No,No,No,No,No,No,No,No,No,No,No,No,No,No,No,No,No,No,No,No,No,No,No,No,No,No,No,No,No,No,No,No,No,No,No,No,No,No,No,No,No,No,No,No,No,No,No,No,No,No,No,No,No,No,No,No,No,No,No,No,No,No,No,No,No,No,No,No,No,No,No,No,No,No,No,No,No,No,No,No,No,No,No,No,No,No,No,No,No,No,No,No,No,No,No,No,No,No,No,No,No,No,No,No,No,No,No,No,No,No,No,No,No,No,No,No,No,No,No,No,No,No,No,No,No,No,No,No,No,No,No,No,No,No,No,No,No,No,No,No,No,No,No,No,No,No,No,No,No,No,No,No,No,No,No,No,No,No,No,No,No,No,No,No,No,No,No,No,No,No,No,No,No,No,No,No,No,No,No,No,No,No,No,No,No,No,No,No,No,No,No,No,No,No,No,No,No,No,No,No,No,No,No,No,No,No,No,No,No,No,No,No,No,No,No,No,No,No,No,No,No,No,No,No,No,No,No,No,No,No,No,No,No,No,No,No,No,No,No,No,No,No,No,No,No,No,No,No,No,No,No,No,No,No,No,No,No,No,No,No,No,No,No,No,No,No,No,No,No,No,No,No,No,No,No,No,No,No,No,No,No,No,No,No,No,No,No,No,No,No,No,No,No,No,No,No,No,No,No,No,No,No,No,No,No,No,No,No,No,No,No,No,No,No,No,No,No,No,No,No,No,No,No,No,No,No,No,No,No,No,No,No,No,No,No,No,No,No,No,No,No,No,No,No,No,No,No,No,No,No,No,No,No,No,No,No,No,No,No,No,No,No,No,No,No,No,No,No,No,No,No,No,No,No,No,No,No,No,No,No,No,No,No,No,No,No,No,No,No,No,No,No,No,No,No,No,No,No,No,BL01UK01IT102,UKIT102,626,20.86666667,2021,gb
R_1LopFyeMIYmd2rs,Male,University degree or equivalent,University degree or equivalent,30,70,0,NA,Italian;30;,English;70;,,40,60,0,NA,Italian,NA,10,8,4,Spanish,I regularly speak both Italian and English to my child,Italian,NA,10,8,4,Spanish,I regularly speak both Italian and English to my child,Second,NA,2,10,Always (or almost always) English,1,No,C/D,C/D,C/D,No,C,C,C/D,C/D,C/D,C,C/D,No,C,No,No,C,C,No,C,No,C,C,No,C,C,C,C,C,C,C,C,C,C,C,C,No,No,C,C,C,C,No,C,C,C,C,C,No,C,No,C,C,C,C,C,C,C,C,No,C,C,C,C,C,No,C,C,C/D,No,C,No,No,No,C,No,No,No,C,C,No,No,No,No,No,No,No,No,No,No,No,No,No,No,No,C,No,C,C,No,No,No,No,No,No,No,No,C,No,No,C,No,No,No,No,No,No,No,No,C,No,No,No,No,No,No,No,C,No,No,C,No,No,No,C,No,No,No,No,No,No,C,No,C,No,No,C,No,No,No,No,No,No,C,C,No,No,C,C,No,No,C,No,No,No,C,C,No,C,No,No,No,No,C,No,No,No,No,No,No,No,No,No,No,No,No,C,No,No,No,No,No,C,No,C,C,C,C,C,C,No,No,C,No,No,No,C,No,No,No,No,No,No,C,No,No,No,C,No,C,No,No,C,No,No,C,C,No,C,No,No,C/D,C,C,C/D,No,No,No,No,No,No,No,No,C,No,No,C,C,No,C,No,No,C,C,C,C/D,No,No,No,C,C,No,No,C,C,No,No,No,No,No,No,No,No,No,No,C,No,No,C,No,No,No,No,C,No,No,C,C,C,C,C,C,No,C,C,No,C,No,No,No,No,No,No,C,No,C,No,C,No,C,No,No,C,No,No,C,No,No,C,No,No,No,No,No,No,No,No,No,No,No,No,No,No,No,No,No,No,No,No,No,No,No,No,No,No,No,No,No,No,No,No,No,No,No,No,No,No,No,No,No,No,No,No,No,No,No,No,No,C,No,No,No,C,C,C,No,C,No,No,C,No,No,No,No,No,No,No,No,C,No,No,No,No,No,No,No,No,No,No,No,C,No,No,No,No,No,No,No,No,No,C,No,No,No,No,No,C,C,BL01UK01IT103,UKIT103,552,18.4,2021,gb
R_2dTsO3QXHVJRGwZ,Male,University degree or equivalent,University degree or equivalent,50,40,10,French,Italian;50;,English;40;,French;10;,80,10,10,French,Italian,NA,10,8,5,French,I always (or almost always) speak Italian to my child,Other(s),French,3,8,10,French,I regularly speak a mix of Italian / English / other languages to my child,First,NA,1,12,Always (or almost always) English,8,C,C,No,No,No,No,No,No,No,No,No,No,No,No,No,No,No,No,No,No,No,No,No,No,No,No,No,No,No,No,No,No,No,No,No,No,No,No,No,No,No,No,No,No,No,No,No,C,C,C,No,No,No,C,No,C,No,No,No,No,C,C,No,C,C,C,C/D,C,C,C,C,No,No,C,No,No,No,C,C,C,No,C,C,C,C,No,No,No,No,No,No,No,No,No,No,No,C,No,No,No,No,No,No,No,No,C,C,No,No,No,No,No,C,No,No,No,No,C,No,C,C,No,No,No,No,C,C,C,No,C,No,No,No,No,C,No,C,C,C,C,No,C,No,C,No,C,C,C,No,No,No,No,C,C,No,C,No,C,No,C,C,C,No,No,No,No,No,C,No,No,No,No,No,No,No,No,C,C,C,No,C,C,No,No,No,No,C,C,No,No,C,No,No,No,C,No,C,No,No,No,C,No,C,No,No,No,No,No,C,No,No,C,No,No,No,C,C,C,No,C,No,C,C,No,C,No,C,No,No,C,No,C/D,C/D,C,C/D,C,No,No,No,No,No,No,C,C,C,No,C,C,C,C,C,C,C,No,C,C,C,C,C,No,C,No,No,C,C,No,C,No,No,C,No,C,No,C,No,C,C,No,C,C,C,C,No,C,No,No,No,C,C,C,No,C,C,No,No,No,No,C,No,C,No,No,C,No,No,C,No,No,No,No,C,No,No,C,No,No,No,No,No,No,No,No,C,No,No,No,No,No,No,No,No,No,C,No,No,C,No,C,No,No,No,No,No,No,No,No,No,No,No,No,No,No,No,No,No,No,No,No,No,No,No,No,No,No,No,No,No,No,C,No,No,No,No,C/D,C/D,No,C,No,No,C,No,No,No,No,No,No,C,No,No,No,No,No,C,No,No,No,No,No,No,No,No,No,C,No,No,No,C,No,No,C,C,No,No,No,No,No,No,No,BL01UK01IT104,UKIT104,474,15.8,2021,gb
R_1q4VtW2HkRPLWix,Female,University degree or equivalent,Left school at 16 with GCSE or equivalent,65,25,10,Sicilian slang,Italian;65;,English;25;,Sicilian;10;,70,20,10,Sicilian slang,Italian,NA,10,8,10,NA,I always (or almost always) speak Italian to my child,Italian,NA,10,5,10,NA,I always (or almost always) speak Italian to my child,First,NA,1,30,Always (or almost always) English,1,C/D,C/D,C/D,C/D,C/D,C/D,C/D,C/D,C/D,C/D,C/D,C/D,No,C,No,No,C,C,No,C,No,C,C,No,C,C,No,No,C,C,C,No,No,C,C,C/D,C,C/D,No,C,C,No,No,No,No,No,C,No,No,C,No,No,No,No,No,C,No,C,No,No,C,C,C,C,C,C,C/D,C,C/D,C,C,No,C,C,C,C,C,C,C,C/D,C,C/D,C,C/D,C/D,C,C/D,C,C/D,C/D,C,C,No,C,C,C/D,C/D,C/D,C,C/D,C,C/D,C/D,C,C,C,C/D,C/D,C/D,C,C/D,C/D,C/D,C/D,C,C,C,C,C,C,C,C,C,C,C,C,C,C,C,C,C,C/D,C,C,C,No,No,C,C,C,C,C,C,C,No,C,C,C,No,C,C,C,C,C,C,C,C,C/D,C,C,C,C/D,C,C,C,C,C,No,C,C,C,C,C,C,C,C,C,C,C,C,C/D,C/D,C,No,C,C,C/D,C,C,C,C,C,C/D,C,C,C,C,C,C,C,C,C,C,C,C,C,C,C,C,C,C,C/D,C,C,C,C,C,C,C,C,C,C,C,C,No,C,C,C,No,No,No,C/D,C/D,C,C/D,No,No,No,No,No,No,C,C/D,C/D,C,C,C,C,C,C/D,C,C/D,C,C/D,C,C/D,C,C,C,C,C/D,C,C,C/D,C,C,No,C,C,C,C,C,C,C,C,C,C,C,C,C,C,C,C,C,No,No,C,C,C,C,C,C,C,C,C,C,C,C,No,C,No,No,C,C,C,C,C,No,No,C,No,C,C,C,C,C,C,C,C,No,No,C,C,C,C,C,C,C,No,C,C,No,C,No,C,C,C,No,No,C,C,C,C/D,C,C,C,C,C,No,No,C,No,C,No,C/D,C,No,No,C,C,No,C,C/D,No,No,C,No,No,No,No,No,C/D,C,C,C,C,C,C/D,C,C,C,C,C,C/D,C,C,C,No,C,C,C,C,C,C,C,C,C,C,No,No,C,C,C,No,C,C,C,C,C,C,C,C,C/D,C,C,C,C/D,C,BL01UK01IT105,UKIT105,1008,33.6,2021,gb
R_1jf8wVzmmEvYpK6,Male,University degree or equivalent,University degree or equivalent,45,54,1,Spanish,Italian;45;,English;54;,Spanish;1;,95,4,1,NA,Italian,NA,10,8,6,Spanish,I always (or almost always) speak Italian to my child,Italian,NA,10,9,5,Spanish ,I always (or almost always) speak Italian to my child,First,NA,1,9,Always (or almost always) English,4,No,C/D,C/D,C/D,C/D,C/D,C/D,C/D,C/D,C/D,C/D,C/D,C,C/D,C/D,C/D,C/D,C/D,C,C/D,C/D,C/D,C/D,C/D,C/D,C/D,C/D,C/D,C/D,No,C/D,C,C/D,C/D,C/D,C/D,C/D,No,C/D,C/D,C/D,C/D,C,C/D,C,C,C/D,C/D,C/D,C/D,No,C/D,C/D,C/D,C/D,C/D,C/D,C,C/D,C,C/D,C/D,C/D,C/D,C,C/D,C/D,C/D,C/D,C,C/D,C/D,C/D,C/D,C/D,C/D,C/D,C/D,C/D,C/D,C/D,No,C/D,C/D,C/D,C,C/D,C,C/D,C/D,C/D,C/D,No,C/D,C/D,C/D,C/D,C/D,C/D,C/D,C/D,C/D,C/D,C/D,C/D,C,C/D,C/D,C/D,C,C/D,C/D,C/D,C/D,C/D,C/D,C/D,C,C/D,C/D,C/D,C,C/D,C/D,C/D,C/D,C/D,C/D,C/D,C/D,C/D,C/D,C/D,C,C/D,No,C/D,C/D,C/D,C/D,C,C/D,C/D,C/D,C/D,C/D,C/D,C/D,C/D,C/D,C/D,No,C/D,C/D,C/D,C/D,C/D,C/D,C/D,C/D,C/D,C/D,C/D,C/D,C/D,C/D,C/D,C/D,C/D,C/D,C,C,No,C/D,C/D,C/D,C/D,C/D,C/D,C,C/D,C/D,C/D,C,C/D,C/D,C/D,C/D,No,C/D,C/D,C/D,C,C/D,C/D,C/D,C/D,C/D,C/D,C/D,C/D,C,C/D,C,C,C,C/D,C/D,C/D,C/D,C/D,C/D,C,C,C/D,C/D,No,C/D,C,C/D,C/D,C/D,C/D,C/D,No,C/D,C/D,C/D,C/D,C/D,C/D,C/D,C/D,C/D,C/D,C/D,C/D,C,C,C/D,C/D,C/D,C/D,C/D,C,C/D,C/D,C/D,C,C/D,C/D,C/D,C/D,C/D,C,C/D,C/D,C/D,C/D,C/D,C/D,C/D,C/D,C/D,C,C/D,C,C/D,C,C/D,C,C/D,C/D,C/D,C/D,C/D,C/D,C/D,C/D,C/D,C,C/D,C/D,C,C,C/D,C/D,C/D,C/D,C/D,C/D,C,C,C/D,C/D,C/D,C/D,C/D,C,C/D,C/D,C/D,C/D,C/D,C/D,C/D,C/D,C/D,C/D,C,C/D,C/D,C/D,C/D,C/D,C/D,C,C/D,C/D,C,C/D,C/D,C/D,C/D,C/D,C,C,C,C/D,C/D,C/D,C,C/D,C/D,C/D,C,C/D,C,C,C/D,C/D,C/D,C/D,C/D,C/D,C/D,C/D,C/D,C,C/D,C/D,C,C/D,C,C/D,C/D,C/D,C/D,C/D,C/D,C,C/D,C/D,C/D,C/D,C/D,C/D,C,C,C,C/D,C/D,C/D,C/D,C/D,C/D,C/D,C/D,C/D,C/D,C/D,C/D,C/D,C/D,C/D,C,C/D,C/D,C/D,C/D,C/D,C/D,C/D,C,C/D,C/D,C/D,C/D,C/D,C/D,C/D,C,C/D,C/D,C/D,C/D,C/D,C/D,C/D,C/D,C/D,C/D,C/D,C/D,C,C,C/D,C/D,BL01UK01IT106,UKIT106,882,29.4,2021,gb
R_3fZ76Pmw62Qox9V,Male,University degree or equivalent,University degree or equivalent,50,50,0,NA,Italian;50;,English;50;,,100,0,0,NA,Italian,NA,10,10,NA,NA,I always (or almost always) speak Italian to my child,Italian,NA,10,8,NA,NA,I always (or almost always) speak Italian to my child,First,NA,1,14,Always (or almost always) English,3,C,C/D,C/D,C/D,C,C,C/D,C/D,C/D,C,C/D,C/D,C,C,C/D,C,C/D,C/D,C,C/D,No,C,C,C,C/D,C/D,C,C/D,C/D,C,C/D,C/D,C,C/D,C/D,C/D,C/D,No,No,C/D,C/D,No,No,C/D,C,C,C,C,C/D,C/D,No,C,C,C,C,C,C,No,C/D,C,C,C,C,C/D,C,C,C/D,C/D,C/D,C/D,C,No,No,No,C,C/D,No,C/D,C,C,No,C/D,C,C/D,C,No,C/D,No,C/D,C,C/D,No,C/D,No,C/D,C,C,C,C/D,C/D,C,C,C,C/D,C,C,C/D,C,C/D,C,C,C,C/D,C/D,No,C,No,C,No,No,C,C,No,C,No,C,C,C,C,C,C,C,No,No,C,C,C,C,C,C,C,C,C,C,No,C,C,C/D,No,No,C,C,C,C,C,C,No,C/D,C/D,No,C,C,No,C/D,No,C,C,C,C,No,No,No,No,C,C,C,C,C,C,No,C,No,C,No,C,C,C,C,No,C,C,C,No,C,C,C,C,C,No,C,C,C,C,No,No,No,C/D,C,C,No,No,C,No,No,C,C,No,No,No,C,C,C,C,C,No,C/D,C/D,No,No,No,No,C/D,C/D,C/D,C/D,C,C,No,No,No,No,No,C/D,C/D,No,C/D,C,C,No,C/D,C,C/D,C,C,C,C/D,C,C,C,C,C/D,No,C,C/D,C/D,C/D,C,C,No,C,C,C,No,C/D,C,C,C,C,C,C,C,No,C,No,No,No,C,C,C,No,C,C,C,C/D,No,No,C,C,No,C,No,No,No,C,C,C/D,No,C,No,C,No,No,C,C,C,C,No,C,C,No,C,C,C,C,C,No,No,C,C,No,No,No,No,No,C,C,No,C,C,C,C,C,C/D,No,C/D,No,No,C,No,C,C/D,No,No,No,C/D,C,C,C,No,No,No,No,C/D,C,No,No,C,No,C/D,No,No,C/D,No,C,C,No,C,C,No,C,No,No,C,C,C,C,C,C,C,No,C,No,C,C,No,C,No,No,No,No,C,No,C,No,C,No,C,C,No,No,C,No,No,C/D,No,No,C/D,C,BL01UK01IT107,UKIT107,590,19.66666667,2022,gb
R_2PtJH95PjdRCayj,Male,University degree or equivalent,University degree or equivalent,50,50,0,NA,Italian;50;,English;50;,,90,10,0,NA,Italian,NA,10,7,NA,NA,I always (or almost always) speak Italian to my child,Italian,NA,10,9,NA,NA,I always (or almost always) speak Italian to my child,First,NA,1,12,Always (or almost always) English,2,C,C,C,No,No,C/D,No,No,No,C/D,No,C/D,C,C,No,No,C,No,No,No,No,No,No,No,No,No,No,No,C,C,C,C,C,C,C,C,C,No,C,C,C,C,No,No,C,C,C,C,C,C,No,C,C,C,C,C,C,C,No,C,C,C,C,C,C,C,C,C,C/D,C,C/D,C,C/D,C,C,C,C,C,C,C/D,C,C,C,C,C/D,C,C,C,C/D,C,C,No,C,C/D,C,C,C,C,C,C,No,C,C,No,C,No,No,C,C,No,C,No,C,C,C,No,No,C,No,C,C,C,No,C,No,C,No,C,C,No,C,C,C,C,C,C,C,C,C,C,C,C,C,C,No,C,C,C,C,C,C,C,C,C,C/D,C,No,C,C,C,C,C,No,C,C,C,C,C,No,C,C,No,No,C,C,C,No,C,C,C,C,C,C,No,C,C,C,C,No,C,C,C,C/D,C,C,C,C,C,C,C,C,No,C/D,C,C,No,No,No,No,C,C,C,No,No,No,No,No,No,No,No,C,No,C,C,No,C,No,C,No,No,No,C/D,C/D,C/D,C/D,No,No,No,No,No,No,No,No,No,C,C/D,C,C,C,C,C,C,C,C,C,C/D,C,C,C,C,C/D,C,C,C/D,C,No,C,C,No,C,C,C,C,C,C,C,C,C,C,C,C,C,C,C,C,C,C,C,C,C,C,C,C,C,C,C,C,C,No,C,C,C,C,C,C,C,C,C,C,C,C,No,C,C,C,C,No,C,C,C,C,C,C,C,No,C,No,C,C,C,C,C,C,C,C,C,C,C,C,C,C,No,C,C,C,C,No,No,No,No,C,C,C,C,C,C,No,C,C,C,No,C,C,C,C,C,C,C,C,No,No,C,No,No,C,C,C,C,No,C,No,C,C,C,C,C,C,C,C,No,C,C,C,No,No,C,C,C,C,C,C,C,C/D,C,C/D,C,C,C,C,C,C,C,C,C,C,C,C,C,BL01UK01IT108,UKIT108,759,25.3,2022,gb
R_1Cg8QUagMRBctzH,Female,Left school at 18 with A-Levels or equivalent,University degree or equivalent,90,0,10,NA,Italian;90;,English;0;,Other;10;,90,10,0,NA,Italian,NA,10,8,NA,NA,I always (or almost always) speak Italian to my child,Italian,NA,10,8,8,Spanish,I always (or almost always) speak Italian to my child,Second,NA,2,NA,NA,4,C/D,C,C,C/D,No,No,C/D,C,C,C/D,C,C/D,No,C,C,No,C,No,No,C,C,No,No,No,C,C,No,No,No,C,C,C,No,No,C,C,C,C,No,No,No,No,No,No,No,No,No,No,No,C,No,No,No,No,No,C,C,C,C,C,C,C,C,C,C,C,C/D,C,C,No,C,No,No,No,No,No,No,No,No,C,No,No,C,C,C,No,No,No,No,No,No,No,No,No,No,C,C,C,C,No,No,C,C,No,C,No,C,No,No,No,No,C,C,No,No,No,No,No,No,No,No,No,No,No,No,No,No,C,No,C,C,No,No,No,C,No,C,C,No,C,C,C,C,C,No,C,C,C,No,C,C,No,C,C,C,C,No,C,No,No,No,C,No,C,No,C,No,No,No,No,No,No,No,No,No,No,No,No,No,No,No,No,No,No,C,No,C,C,No,C,C,C,C,C,C,No,No,C,No,C,No,No,No,No,No,No,No,No,No,No,No,No,No,No,No,No,No,No,No,No,C,C,C/D,No,No,C,C,No,C/D,No,No,C/D,C/D,C/D,C/D,No,No,No,No,No,No,No,C,C,C,C,C,C,C,C/D,C,C/D,C,C/D,C,C/D,C/D,C,C,C/D,C,C/D,C,C/D,C,C,C,No,No,C,No,No,No,C,C,C,C,No,C,No,No,C,No,No,No,No,C,No,No,No,No,No,No,C,No,No,No,No,No,No,No,No,No,No,No,No,No,No,No,No,No,No,C,No,No,C,No,No,No,No,No,No,No,No,No,No,No,No,No,No,No,No,No,No,C,C,No,C/D,C,C,C,C,No,C,C,C,C,No,No,No,C,No,No,No,No,C,No,C,C,C,No,No,No,No,C,C,C,C,C,No,C,No,C,C,C,No,C,C,C,C,C,C,C,C,C,C,C,C,C,C,C,C,C,C,C,C,C,C,C,C,C,C,C/D,C,C,C/D,C,C,C,No,No,No,C,C,No,No,No,No,BL01UK01IT109,UKIT109,384,12.8,2022,gb
R_31zq8QmmawXhwRE,Male,University degree or equivalent,University degree or equivalent,50,50,0,NA,Italian;50;,English;50;,,60,40,0,NA,Italian,NA,10,8,NA,NA,I regularly speak both Italian and English to my child,Italian,NA,10,7,NA,NA,I always (or almost always) speak Italian to my child,Second,NA,2,15,Always (or almost always) English,3,C/D,C/D,C,C/D,No,C/D,C/D,C/D,C/D,C/D,C/D,C/D,No,No,No,No,C,C,No,No,No,No,C,No,C,No,No,No,C,C,C,No,C,No,C,C,No,No,No,No,No,No,No,No,C,C,No,C/D,No,C,No,C,C/D,C,C/D,C,C,No,No,No,C,C,No,C/D,C,C,C/D,No,C/D,No,C/D,No,No,C/D,C,No,C,C,C,C/D,C,No,No,C/D,C/D,C,C,C,C/D,C,C/D,No,No,C,C,C/D,C,C,C,C,C,C,C,No,No,No,C,C/D,C,C,C,C,C,C,No,C,No,C,No,C,C,No,No,C/D,No,No,C/D,C,C,C,C,C,No,No,C,No,C,No,C,C,No,C/D,C,C/D,No,No,C/D,C,C,C,C,No,C,C,C,C,No,No,C,C/D,C,C,No,C,C,C,C,No,C,C,No,C,No,C,C,C,No,C,C,No,C,No,C,No,No,No,C,C,No,No,No,C,C/D,C,C/D,C,No,No,No,C/D,No,No,C/D,No,No,No,No,No,No,No,No,C,No,No,C,No,No,No,No,No,No,C/D,C,No,No,C,C,No,C,C,C,C/D,C/D,C,C/D,C,No,No,No,No,No,No,C/D,No,C,C/D,C,C,C,C/D,C,C/D,C,C,C,C/D,C,C,C,C,C/D,C,C,C/D,C,C,No,C,C,C,No,C,C,C/D,C,C,C,C,No,C,No,C,No,No,No,No,No,C,No,C,No,No,No,C,C,C,C,C,No,C,No,No,No,C,No,C,No,No,No,No,No,No,C,C,C,C,No,C,C,No,No,No,C,No,No,No,C,C,No,C,No,C,No,No,C,C,No,No,No,C,C/D,C,C,C,C,C,No,No,No,No,No,No,C,No,C,C,No,No,C,No,No,No,C,C,C,C,C,C,No,No,No,C,C,No,C,C,C,C/D,C,No,No,No,No,C,No,No,No,No,C,C,C,C,C,C,C,C,C,C,No,C,C,No,C/D,C,C,C,C,C,C,No,C,C,C/D,C/D,No,No,C,C/D,BL01UK01IT110,UKIT110,635,21.16666667,2022,gb
R_1hJPSabEo8q2aqq,Female,University degree or equivalent,University degree or equivalent,20,80,0,NA,Italian;20;,English;80;,,20,80,0,NA,Italian,NA,10,8,NA,NA,I regularly speak both Italian and English to my child,English,NA,3,10,NA,NA,I always (or almost always) speak English to my child,Third,NA,3,NA,NA,NA,No,C/D,C/D,C/D,C,No,No,C/D,C/D,No,C,C/D,No,No,No,No,C,C,No,No,No,C,C,No,No,C,C,No,C,C,C,No,No,No,No,No,No,No,No,No,No,No,No,No,No,No,No,No,No,No,No,No,C,No,No,C,No,C,No,No,C,C,No,C,C,No,C/D,C,C/D,No,No,No,No,No,No,No,No,No,C,C,No,C,C,No,C/D,No,No,No,C/D,No,No,No,No,No,No,C,C,C,C,C,C,C,C,C,C,C,C,C,C,No,C,C,C,C,No,No,C,C,No,C,No,No,No,No,C,No,C,No,No,No,No,C,No,No,C,No,C,No,No,No,No,No,No,No,No,No,No,C,No,No,No,No,No,No,No,No,No,C,No,No,No,C,No,No,No,C,C,C,C,No,No,No,No,No,No,No,No,C,No,No,C,No,C,No,No,No,C,No,No,No,No,No,C/D,No,C,No,No,No,No,C,No,No,C,No,No,No,No,No,No,No,No,No,No,No,No,No,No,No,No,No,C,No,C,No,No,C,No,C,No,No,No,C/D,C/D,C/D,C/D,No,No,No,No,No,No,No,No,No,C,No,C,No,No,C/D,C,No,No,No,No,No,No,No,No,No,No,No,No,C,C,No,No,No,No,C,No,C,No,C,No,C,No,No,C,No,C,C,C,No,No,No,C,No,No,No,No,No,No,C,No,No,No,C,No,No,C,No,No,C,No,C,No,No,No,No,No,No,No,C,C,C,No,C,C,No,No,No,C,C,C,No,No,No,No,No,No,No,C,No,No,No,No,No,No,No,No,No,No,No,C,C,No,No,No,No,No,No,C,No,C,C,No,No,C/D,No,No,No,C,C,No,No,No,No,No,No,No,No,No,No,C,No,C,No,No,No,No,No,No,No,No,No,No,No,C,No,No,No,C,No,No,No,No,No,No,No,No,No,No,No,No,No,No,No,No,No,No,No,No,No,No,No,No,No,BL01UK01IT111,UKIT111,1022,34.06666667,2022,gb
R_2zNt1feF5LFeXa0,Female,Left school at 18 with A-Levels or equivalent,Left school at 16 with GCSE or equivalent,60,40,0,NA,Italian;60;,English;40;,,100,0,0,NA,Italian,NA,10,8,NA,NA,I always (or almost always) speak Italian to my child,Italian,NA,10,6,NA,NA,I always (or almost always) speak Italian to my child,Second,NA,2,9,Always (or almost always) English,3,No,No,No,No,No,No,No,No,No,No,No,No,No,No,No,No,No,No,No,No,No,No,No,No,No,No,No,No,No,No,No,No,No,No,No,No,No,No,No,No,No,No,No,No,No,No,No,No,No,No,No,No,No,No,No,No,No,No,No,No,No,C,No,No,No,No,No,C,C,C,C,No,No,No,No,No,No,No,No,No,No,No,No,C,No,No,No,No,C,No,No,No,C,No,No,No,No,No,No,No,No,No,No,No,No,No,C,No,No,No,No,No,No,No,No,No,No,No,No,No,No,No,No,No,No,No,No,C,No,No,C,No,No,No,No,No,No,No,No,No,No,No,No,No,No,No,No,No,No,C,C,No,C,No,C,C,No,No,No,No,No,No,No,No,No,No,No,No,No,No,No,No,No,No,No,No,No,No,No,No,No,No,No,No,No,No,No,No,No,No,No,No,No,No,No,No,No,No,No,No,No,No,No,No,No,No,No,No,No,No,No,No,No,No,No,No,No,No,No,No,No,No,No,No,No,No,No,No,No,No,No,C/D,C,C,C/D,No,No,No,No,No,No,C,C,C,No,No,C,C,C,C,C,C,C,C,C,C,C,C,C,C,C,No,No,No,No,No,No,No,No,No,No,No,No,C,C,C,No,C,C,No,No,No,No,C,No,No,No,No,No,No,No,No,No,No,No,No,No,No,No,No,No,No,No,No,No,C,No,C,No,No,No,No,C,No,No,No,No,No,No,No,No,No,No,No,No,No,No,No,No,No,No,No,No,No,C,C,No,C,C,No,C,No,No,No,No,No,No,No,C,No,C,No,No,C,No,No,No,No,No,No,No,No,No,No,No,C,C,No,C,No,No,No,No,No,No,No,No,No,No,No,No,No,No,No,No,No,No,No,No,No,No,No,C,No,No,No,No,No,No,No,No,No,No,No,No,No,No,No,No,No,No,No,No,No,No,No,No,No,BL01UK01IT112,UKIT112,377,12.56666667,2022,gb
R_31dBe7o9ct9Zop3,Female,University degree or equivalent,University degree or equivalent,90,10,0,NA,Italian;90;,English;10;,,90,10,0,NA,Italian,NA,10,8,8,Spanish,I always (or almost always) speak Italian to my child,Italian,NA,10,8,7,Spanish,I always (or almost always) speak Italian to my child,First,NA,1,6,Always (or almost always) Italian,,C/D,C/D,C/D,C/D,C/D,C/D,C/D,C/D,C/D,C/D,C/D,C/D,C/D,C/D,C/D,C/D,C/D,C/D,C/D,C/D,C/D,C/D,C/D,C/D,C/D,C/D,C/D,C/D,C/D,C/D,C/D,C/D,C/D,C/D,C/D,C/D,C/D,C/D,C/D,C/D,C/D,C/D,C/D,C/D,C/D,C/D,C/D,C/D,C/D,C/D,C/D,C/D,C/D,C/D,C/D,C/D,C/D,C/D,C/D,C/D,C/D,C/D,C/D,C/D,C/D,C/D,C/D,C/D,C/D,No,C/D,No,C/D,C/D,C/D,No,C/D,C/D,C/D,C/D,C/D,C/D,C/D,C/D,C/D,C/D,C/D,C/D,C/D,C/D,C/D,C/D,C/D,C/D,C/D,C/D,C/D,C/D,C/D,C/D,C/D,C/D,C/D,C/D,C/D,C/D,C/D,C/D,C/D,C/D,C/D,C/D,C/D,C/D,C/D,C/D,C/D,C/D,C/D,C/D,C/D,C/D,C/D,C/D,C/D,C/D,C/D,C/D,C/D,C/D,C/D,C/D,C/D,C/D,C/D,C/D,C/D,C/D,C/D,C/D,C/D,C/D,C/D,C/D,C/D,C/D,C/D,C/D,C/D,C/D,C/D,C/D,C/D,C/D,C/D,C/D,C/D,C/D,C/D,C/D,C/D,C/D,No,C/D,C/D,C/D,C/D,C/D,C/D,C/D,C/D,No,C/D,C/D,C/D,C/D,C/D,C/D,C/D,C/D,C/D,C/D,C/D,C/D,C/D,C/D,C/D,C/D,No,C/D,C/D,C/D,C/D,C/D,C/D,C/D,C/D,C/D,C/D,C/D,C/D,C/D,C/D,C/D,C/D,No,C/D,No,C/D,C/D,C/D,C/D,C/D,No,C/D,C/D,C/D,C/D,C/D,C/D,C/D,C/D,C/D,C/D,C/D,C/D,C/D,C/D,C/D,C/D,C/D,C/D,C/D,C/D,C/D,C/D,C/D,C,C,C/D,C/D,C/D,C/D,C/D,C/D,C/D,C/D,C/D,C/D,C/D,C/D,C/D,C/D,C/D,C/D,C/D,C/D,C/D,C/D,C/D,C/D,C/D,C/D,C/D,C/D,C/D,C,C/D,C/D,C/D,C/D,C/D,C/D,C/D,C/D,C/D,C/D,C/D,C/D,C/D,C/D,C/D,C/D,C/D,C/D,C/D,C/D,C/D,C/D,C/D,C/D,C/D,C/D,C/D,C/D,C/D,C/D,C/D,C/D,C/D,C/D,C/D,C/D,C/D,C/D,C/D,C/D,C/D,C/D,C/D,C/D,C/D,C/D,C/D,C/D,C/D,C/D,C/D,C/D,C/D,C/D,C/D,C/D,C/D,C/D,C/D,C/D,C/D,C/D,C/D,C/D,C/D,C/D,C/D,C/D,C/D,C/D,C/D,C/D,C/D,C/D,C/D,C/D,C/D,C/D,C/D,C,C/D,C/D,C/D,C/D,C,C/D,C/D,C/D,C/D,C/D,C/D,C/D,C/D,No,C/D,C/D,C/D,C/D,C/D,C/D,C/D,C/D,C/D,C/D,C/D,C/D,C/D,C/D,C/D,C/D,C,C/D,C/D,C/D,C/D,C/D,C/D,C/D,C/D,C/D,C/D,C/D,C/D,C/D,C/D,C/D,C/D,C/D,C/D,C/D,C/D,C/D,C/D,C/D,C/D,C/D,C/D,C/D,C/D,C/D,C/D,C/D,C/D,C/D,C/D,C/D,C/D,C/D,C,C/D,C/D,BL01UK02IT014,UKIT014,937,31.23333333,2020,gb
R_2PjK3ekUz2wuKJK,Female,University degree or equivalent,University degree or equivalent,30,60,10,Swedish,Italian;30;,English;60;,Swedish;10;,35,65,0,Swedish,Italian,NA,10,9,6,German ,I regularly speak both Italian and English to my child,English,NA,6,10,NA,NA,I always (or almost always) speak English to my child,First,NA,1,13,A regular mix of Italian / English / other languages,,No,No,No,No,No,No,No,No,C,No,C/D,No,No,No,No,No,No,No,No,No,No,C,No,No,No,No,No,No,No,No,No,No,No,C,No,No,No,No,No,No,No,No,No,No,No,No,No,No,No,No,No,No,No,No,No,No,No,No,No,No,C,C,No,C,No,No,No,No,No,No,No,No,No,No,No,No,No,No,No,No,No,No,No,No,No,No,No,No,No,No,No,No,No,No,No,C,No,No,No,No,No,No,No,No,No,No,No,C/D,C,No,C,No,C,No,No,No,No,No,No,C,No,No,No,No,No,No,No,C,No,No,No,C,No,No,No,No,No,No,No,No,No,No,No,No,No,No,No,No,No,No,No,No,No,No,No,No,No,No,No,No,No,No,No,No,No,No,No,No,No,No,No,No,No,No,No,No,No,No,No,No,No,No,No,No,No,No,No,No,No,No,No,No,No,No,No,No,No,No,No,No,No,No,No,No,No,No,No,No,No,No,No,No,No,No,No,No,No,No,No,No,No,No,No,No,No,No,No,No,No,No,No,C,C,C,C,No,No,No,No,No,No,No,No,No,C,No,C,No,No,C,No,C,No,No,No,C,No,No,No,No,No,No,No,No,No,No,No,C,No,No,No,No,No,No,No,C,No,No,No,No,No,No,C,No,No,No,No,C,No,No,No,No,No,No,No,No,No,No,No,No,No,No,No,No,No,No,No,No,No,No,No,No,No,C,No,No,No,No,No,No,No,No,No,No,No,No,No,No,No,No,No,No,No,No,No,No,No,No,No,No,No,No,No,No,No,No,No,No,No,No,No,No,No,No,No,No,No,No,No,No,No,No,No,No,No,No,No,No,No,No,No,No,No,C,No,No,C,No,No,No,No,No,No,No,No,No,No,No,No,No,No,No,No,No,No,No,No,No,No,No,No,No,No,No,No,No,No,No,No,No,No,No,No,No,No,No,No,No,BL01UK02IT037,UKIT037,427,14.23333333,2020,gb
R_1r3sXwFSc1ylbN2,Female,University degree or equivalent,University degree or equivalent,90,10,0,NA,Italian;90;,English;10;,,100,0,0,NA,Italian,NA,10,7,9,NA,I always (or almost always) speak Italian to my child,Italian,NA,10,7,NA,NA,I always (or almost always) speak Italian to my child,First,NA,1,21,Always (or almost always) English,,C,C/D,C/D,C/D,C,C/D,C/D,C/D,C/D,C/D,C/D,C/D,No,No,C/D,C,C/D,C,No,C/D,No,C,C/D,C/D,No,C/D,C/D,C/D,C/D,C/D,C/D,C/D,C/D,C/D,C/D,C,C,No,C,C/D,C/D,C/D,No,C/D,C,C,C/D,C,C/D,C/D,No,No,No,C/D,No,C/D,C/D,C/D,No,C,C,C,C/D,C/D,C,No,C/D,C,C,No,C,No,C/D,No,C,No,No,C,No,No,No,C,No,C/D,C,C,C,C,C,C,No,No,No,C/D,No,C,C,C,C/D,C,No,C,C,C,No,No,C,C,C,C,C,C,C,C,No,C,No,C,No,C,C,No,No,C,No,No,C,C,No,C,C,C/D,No,No,C,No,No,No,No,No,No,C,No,No,No,No,C,No,No,C/D,No,No,C,No,No,C,No,C/D,C,C,C/D,C/D,No,C,No,C,C/D,No,No,No,No,No,C,C/D,C/D,No,No,C/D,No,C,C,No,C,No,No,No,No,C,No,No,No,No,No,C,C,No,No,No,No,C,No,No,C,No,No,No,C,No,No,C,C,C,No,No,C,No,C,C,No,No,C,No,C/D,No,No,C/D,C/D,No,No,No,No,C/D,C/D,C/D,C/D,No,No,No,No,No,No,No,No,No,C,C/D,No,No,No,C/D,No,C/D,C/D,C/D,C,C/D,C,No,No,No,C/D,C,C,C/D,C,No,No,No,C,C,No,C,No,C,C,C,No,C,C/D,C,No,C,C,No,No,No,C,No,C,No,No,No,C,C/D,C,No,No,C,No,C,No,No,No,C,No,C/D,No,No,No,No,No,C,C,C,C,C,C,No,C,No,No,No,C,No,C,No,No,No,No,No,No,No,C,C,C/D,C/D,No,C/D,C/D,C,No,C,C/D,No,C,No,No,No,No,No,C,No,No,No,No,C,No,No,C,No,No,C,No,C/D,No,C,No,No,C,No,No,C/D,No,C,C,C,C,No,No,No,No,No,No,No,No,No,No,No,No,No,No,No,No,C,No,No,C,No,C,C,C,No,C,No,C/D,No,C,No,No,C/D,C,No,C,No,No,No,No,C/D,BL01UK02IT021,UKIT021,628,20.93333333,2020,gb
R_votUqsVaWIoqvu1,Female,University degree or equivalent,Left school at 16 with GCSE or equivalent,100,0,0,NA,Italian;100;,English;0;,,100,0,0,NA,Italian,NA,10,6,NA,NA,I always (or almost always) speak Italian to my child,Italian,NA,10,7,NA,NA,I always (or almost always) speak Italian to my child,Third,NA,3,NA,NA,,C/D,No,C/D,C/D,C,C,No,C/D,No,C/D,C/D,C/D,No,C,C,C/D,C,C,No,C,No,C,C,C,No,C,C,No,C,C,C,No,No,C,C,C,No,No,No,C,C,No,No,C,No,No,C,C,No,C,No,No,No,No,No,C,C,C,No,No,No,C,No,C/D,No,No,C/D,C/D,C/D,No,C/D,No,C,No,No,No,No,C,No,C,No,C,No,C/D,C/D,No,C,No,C,No,No,No,No,No,C,No,No,No,No,No,No,No,No,No,No,No,C,No,No,No,No,No,C,C,No,C,No,C,No,C,No,C,No,C,No,No,No,C/D,No,C,C,C,No,No,C,No,C,C,No,C,No,C,No,C,No,No,No,C,No,C,No,No,No,C,C,No,C,C,No,C,C,C,No,No,No,No,C,No,No,No,No,No,No,C,No,No,No,No,No,No,No,No,No,No,No,No,No,C,No,No,No,No,C/D,No,C,No,No,No,No,C,No,No,No,No,No,No,No,No,No,No,No,No,No,No,No,No,No,No,No,No,C,No,C,No,No,No,C,No,No,No,No,C/D,C/D,C/D,No,No,No,No,No,No,No,C,C/D,No,C,C,C/D,C,C,No,C,C/D,C,C/D,C,No,C,No,C,C,No,C,No,C,C,No,No,No,No,C,C,No,No,No,C,C,C,C,C,C,No,C,No,C,No,No,No,C,No,No,No,No,No,C,No,No,No,C,No,No,No,No,C,No,C,No,No,No,No,No,No,No,No,No,No,No,No,No,No,No,No,No,C,No,C,No,No,No,No,No,No,No,No,C,No,No,No,C,No,C,C,C,No,No,C/D,No,No,No,No,No,No,No,No,No,No,C,No,No,C,No,No,C,No,C,No,C,No,No,C,No,No,No,C,No,No,No,No,No,No,C,No,No,No,No,No,No,C,C,No,C,C,C,C,C,C,C,C,C,No,No,C,C,No,No,No,C,C,C,C,No,C,No,No,No,No,No,No,No,BL01UK02IT001,UKIT001,443,14.76666667,2020,gb
R_3PbgsteDy2ZKcFL,Female,University degree or equivalent,University degree or equivalent,60,40,0,NA,Italian;60;,English;40;,,90,10,0,NA,Italian,NA,10,9,NA,NA,I always (or almost always) speak Italian to my child,Italian,NA,10,8,NA,NA,I always (or almost always) speak Italian to my child,First,NA,1,13,Always (or almost always) English,,C/D,C/D,C/D,No,C/D,C/D,C/D,C/D,No,C/D,C/D,C/D,C,C,C/D,C/D,C/D,C/D,No,C,C,C/D,C/D,C/D,C/D,C/D,C/D,C/D,C/D,C/D,C/D,C/D,C/D,C/D,C/D,C/D,C,No,C/D,C/D,C/D,C,C,C/D,C/D,C/D,C/D,C/D,C/D,C/D,No,C/D,C,C/D,No,C/D,C/D,C/D,C,C/D,C,C/D,C,C/D,C/D,C/D,C/D,C,C/D,C,C/D,No,No,No,C/D,C/D,No,C/D,C/D,C/D,No,C/D,C/D,C/D,C/D,C/D,C/D,C/D,C/D,C,C/D,No,C/D,C/D,C/D,C/D,C/D,C/D,C,C,C,C,C/D,C,C,C,C/D,C/D,C/D,C/D,C/D,No,C/D,C/D,C,C/D,C/D,C/D,C/D,C/D,C/D,C/D,C,C/D,C/D,C/D,C/D,C/D,C/D,C/D,C,C/D,C,C,C/D,No,No,No,C/D,C/D,C/D,C/D,C/D,No,No,C,C/D,C/D,No,C/D,C/D,No,C,C/D,C/D,No,No,C/D,C/D,C/D,C,C/D,No,C/D,No,C/D,C,No,C,C,C,No,No,C,C/D,C/D,No,C,C/D,No,C/D,C,C/D,No,No,C/D,C/D,C/D,No,C,C,C/D,No,C,C/D,C/D,C,C,No,C/D,C/D,No,C/D,No,No,No,C/D,C/D,C,C,C,C/D,No,No,C,C,C,No,No,C,C,C/D,C/D,No,C,C/D,C/D,C/D,No,No,C/D,C/D,No,C/D,C/D,C,No,No,No,C,C,C,C/D,C/D,C/D,C/D,C/D,C/D,C,C/D,C/D,C/D,C/D,C/D,C/D,No,C/D,No,C,C,C,C,C/D,C/D,C,C/D,C/D,No,C,C/D,C/D,C,C,C,C/D,C/D,C/D,C/D,C/D,C/D,C/D,C,C,C/D,C/D,C,No,C,C/D,No,C,C/D,C,C/D,C/D,C/D,C/D,C/D,C,C/D,C,No,No,C/D,C/D,C/D,C/D,C,C,C,C,No,C/D,C,C,C,C/D,C,C,C,C,C/D,C,C/D,C,C,C,C,C,C,C,No,C,C/D,C/D,C/D,C/D,C/D,C/D,C/D,C/D,C/D,C/D,C,C/D,C/D,C,C,No,No,No,C,C,C,C/D,C/D,C,C/D,C/D,C,C,C,C/D,C/D,C,C,C/D,C/D,C/D,C/D,C,C/D,C,C,C/D,No,C/D,C/D,C,C/D,No,C,C,C,C,C,C,No,C,C,C,C/D,C/D,C,C,C,C/D,C,C/D,C,C,C,C/D,C/D,C/D,No,C,C,C/D,C,C/D,No,C/D,C/D,No,C,C/D,C/D,BL01UK02IT018,UKIT018,810,27,2020,gb
R_1HjZGO88t0ZjfO8,Female,University degree or equivalent,University degree or equivalent,75,25,0,NA,Italian;75;,English;25;,,90,10,0,NA,Bilingual Italian and English,NA,10,10,NA,NA,I regularly speak both Italian and English to my child,Italian,NA,10,7,NA,NA,I always (or almost always) speak Italian to my child,First,NA,1,NA,NA,,No,C,C,No,No,No,No,C,C,No,C,C,No,No,No,No,C,No,No,No,No,C,No,No,No,C,C,C,C,No,C,No,No,No,C,No,No,No,No,No,No,No,No,No,C,No,No,No,No,C,No,No,No,No,No,No,No,No,No,No,No,C,No,C,No,No,No,No,C,No,C,No,No,No,No,No,No,No,No,C,No,No,No,C,No,No,No,No,No,No,No,No,No,No,No,No,No,No,No,No,C,No,No,No,No,No,C,No,No,No,No,No,C,No,No,No,No,C,No,No,No,No,No,No,No,No,No,C,No,No,No,No,No,No,No,No,No,No,No,No,No,No,No,No,No,No,No,No,No,No,No,No,No,No,No,No,No,No,No,No,No,No,No,No,No,No,No,No,No,No,No,No,No,C,No,No,No,No,No,No,No,No,No,No,No,No,C,No,No,No,No,No,C,No,No,No,No,No,No,C,No,No,No,No,No,No,No,No,No,No,No,No,No,No,No,No,No,No,No,No,C,No,No,No,No,No,No,No,No,No,No,C,No,No,C,No,No,No,No,No,No,No,No,No,No,No,C,C,No,No,No,No,No,No,No,C,No,No,No,No,C,No,No,No,No,No,No,No,No,No,No,No,No,No,No,No,No,No,No,No,No,No,No,No,No,No,C,No,No,No,No,No,No,No,No,C,C,C,No,No,No,No,No,No,C,No,No,No,No,No,No,No,No,No,No,No,No,No,No,No,No,No,No,No,No,No,No,No,No,No,No,No,No,No,No,No,No,No,No,No,No,No,No,No,No,No,No,No,No,No,No,No,No,No,No,No,No,No,No,No,No,No,No,No,No,No,No,No,No,No,No,No,No,No,No,No,No,No,No,No,No,No,No,No,No,No,No,No,No,No,No,No,No,No,No,No,No,No,No,No,No,No,C,No,No,No,No,No,C,No,No,No,No,No,No,No,No,No,BL01UK02IT008,UKIT008,695,23.16666667,2020,gb
R_2tmaK1lNEWUHPmD,Female,University degree or equivalent,Left school at 18 with A-Levels or equivalent,70,30,0,NA,Italian;70;,English;30;,,100,0,0,NA,Italian,NA,10,8,0,NA,I always (or almost always) speak Italian to my child,Italian,NA,10,6,NA,NA,I always (or almost always) speak Italian to my child,Second,NA,2,22,Always (or almost always) English,,C/D,C/D,C/D,C/D,No,C/D,C/D,C/D,C/D,C/D,C/D,C/D,No,No,C/D,C/D,C/D,C/D,No,C/D,No,C,C/D,C/D,No,C/D,C,C,C,C/D,C/D,C/D,C,C,C/D,C/D,C,No,C,C/D,C/D,C,No,C/D,C/D,No,C/D,C/D,C/D,C/D,No,C,C/D,C/D,C/D,C/D,C/D,C/D,C/D,C,C/D,C/D,C,C/D,C/D,C/D,C/D,C,C/D,No,C/D,No,No,No,C/D,C/D,No,C/D,C/D,C/D,C/D,C/D,C/D,C,C/D,C/D,No,No,C/D,No,No,No,No,C/D,C/D,C/D,C,C/D,C/D,C/D,C/D,C,C/D,C,C/D,C/D,C/D,C/D,C/D,C,No,C/D,C/D,C/D,C/D,C/D,No,C/D,No,C/D,C/D,No,No,No,C/D,No,C/D,C/D,C,C,C/D,C/D,No,C/D,C/D,C/D,C/D,No,C,C,C,C/D,C,C,No,C,C/D,C/D,No,C/D,C/D,No,C/D,C/D,C/D,C/D,C,C/D,C/D,C/D,C/D,C/D,No,C/D,No,C/D,C/D,No,No,C/D,C,No,C/D,C/D,C/D,C/D,C/D,C/D,C/D,C/D,C/D,No,C/D,No,C,C/D,C/D,C/D,No,C,No,C,C/D,C,C/D,C,C,No,C,C/D,No,No,C/D,No,C/D,No,C/D,No,C,C,C,C/D,No,C/D,No,C/D,No,C/D,No,No,C,C,C/D,No,No,C/D,C/D,C/D,C/D,No,C/D,C/D,C/D,C/D,C/D,C,No,No,No,C/D,C/D,C/D,C/D,C/D,No,C/D,C/D,C/D,C,C/D,C,C/D,C/D,C/D,C/D,C/D,C,C,C,C/D,C/D,C,C,C/D,C,C,C,C,C,C/D,C,C/D,No,C,C/D,C/D,C/D,C/D,C/D,C/D,C,C,C/D,C,No,No,C/D,C,C,C,C,C/D,C,C/D,C/D,C/D,C/D,C/D,No,No,No,No,No,C/D,C,C/D,C/D,No,No,C,No,No,C/D,C/D,C/D,C/D,C,C/D,C/D,No,C,C/D,C/D,C,C/D,C,C,C/D,C/D,No,C,No,C,C,C,C,C,C/D,No,C/D,C/D,C/D,C/D,C/D,C/D,C,No,No,No,No,C,No,C,C,No,C/D,No,No,C/D,No,No,C/D,No,C,C,C/D,C/D,No,C,No,C/D,No,C/D,No,No,No,C/D,No,No,No,No,No,No,No,No,No,No,C/D,No,No,C/D,C/D,C/D,C,C/D,No,C,C,C/D,No,C/D,C,C/D,C,C,C,C/D,C/D,C/D,No,C/D,No,No,C/D,No,No,No,No,BL01UK02IT028,UKIT028,731,24.36666667,2020,gb
R_2ztKLNOPTEUNvtu,Female,University degree or equivalent,University degree or equivalent,70,30,0,NA,Italian;70;,English;30;,,70,30,0,NA,Italian,NA,10,10,NA,NA,I always (or almost always) speak Italian to my child,Italian,NA,10,10,NA,NA,I always (or almost always) speak Italian to my child,First,NA,1,9,Always (or almost always) English,,C/D,C/D,C/D,C/D,C,C/D,No,C/D,C,C/D,C,C/D,C,C,C,C,C,C,C,C,C,C,C,C,C,C,C,C,C,C,C,C,C,C,C,C,C,C,C,C,C,C,C,C,C,C,C,C,C,C,C,C,C,C,C,C,C,C,C,C,C,C,C,C,C,C,C,C,C,C,C,C,C,C,C,C,C,C,C,C,C,C,C,C,C,C,C,C,C,C,C,No,C,C,C,C,C,C,C,C,C,C,C,C,C,C,C,C,C,C,C,C,C,C,C,C,C,C,C,C,C,C,C,C,C,C,C,C,C,C,C,C,C,C,C,C,C,C,C,C,C,C,C,C,No,C,C,C,C,C,C,No,C,C,C,C,No,C,C,C,C,C,C,C,C,C,C,C,C,C,C,C,C,C,C,C,C,C,C,C,C,C,C,C,C,C,C,C,C,C,C,C,C,C,C,C,C,C,C,C,C,C,C,C,C,No,C,C,C,C,C,C,No,C,C,C,C,C,No,C,C,C,C,C,C,C,C,C,No,No,C,C/D,C/D,C/D,C/D,C,C,C,C,C,C,No,C,No,C,C,C,C,C,C/D,C,C/D,C,C,C,C/D,C,C,C,C,C/D,C,C,C/D,C,C,C,C,C,C,C,C,C,C,C,C,C,C,C,C,C,C,C,C,C,C,C,C,C,C,C,C,C,C,C,C,C,C,C,C,C,C,C,C,C,C,C,C,C,C,C,C,C,C,C,C,C,C,C,C,C,C,C,C,C,C,C,C,C,C,C,C,C,C,C,C,C,C,C,C,C,C,No,C,C,C,C,C,No,No,C,No,C,C,No,C,No,No,C,C,No,C,No,C,C,C,C,C,C,C,C,No,C,C,C/D,C,C/D,C,C,C,No,No,No,No,No,No,C,C,C,C,C,C,C,C,C,C,C,C,C,C,C,C,C,C,C,C,C,C,C,C,C,C,C/D,C,C,C,C,C,BL01UK02IT020,UKIT020,629,20.96666667,2020,gb
R_1IABierqKqBiVGz,Male,University degree or equivalent,Left school at 18 with A-Levels or equivalent,30,70,0,NA,Italian;30;,English;70;,,50,50,0,NA,Italian,NA,10,7,NA,NA,I always (or almost always) speak Italian to my child,English,NA,4,10,NA,NA,I regularly speak both Italian and English to my child,First,NA,1,NA,NA,,C,C/D,C/D,C/D,C/D,C/D,C/D,C/D,C/D,C,C/D,C/D,C,C,C,C,C,C,No,C,C,C,C,C/D,C,C,C,C,C,C,C,C,C,C,C,C,C,C,C,C,C,C,C,C,C,C,C,C,C,C,No,C,C,No,No,C,C,C,C,C,C,C,C,C,C,C,C,C,C/D,No,C,No,C,C,C,No,C,C,C,C,C,C,C,C,C,C,C,C,C,C,No,No,No,C,C,C,C,C,C,C,C,C,C,C,C,C,C,C,C,C,C,C,C,C,C,C,No,C,No,C,No,No,C,C,C,C,C,C,No,C,C,C,C,No,C,No,C,C,C,C,No,C,C,C,C,C,C,C,No,C,C,No,C,C,No,C,C,C,C,C,C,C,No,C,No,C,C,C,C,C,No,No,No,C,C,C,C,C,No,C,C,C,No,C,C,No,C,C,No,C,No,C,No,C,C,C,C,No,No,C,C,C,C,C,C,No,No,No,No,C,C,C,No,No,C,C,No,C,No,C,C,C,C,C,No,C,C,No,No,No,No,C/D,C/D,C/D,C/D,No,No,C,C,C,C,No,No,No,C,C,C,C,C,C/D,C,C/D,C,No,No,C/D,C,No,C,No,C/D,C,C,C,C,C,No,C,C,C,C,C,C,C,C,C,C,C,C,C,C,C,C,C,C,No,No,C,C,No,No,No,No,C,C,C,C,C,C,C,C,C,C,C,C,C,C,C,No,C,C,C,C,C,C,C,C,C,C,C,C,C,C,C,C,C,C,C,C,C,C,No,C,C,C,No,C,No,No,C,C,C,C,C,C,C,C,No,No,C,C,No,C,C,C,C,No,C,C,C,No,C,C,C,C,C,C,C,C,No,No,C,C,C,C,C,C,No,No,C,C,C,C,C,C,C,C,No,C,C,C,C,C,C,C,C,C,C,C,C,C,C,C,C,C,C,C,C,C,C,C,C,C,C,C,No,C,C,BL01UK02IT016,UKIT016,464,15.46666667,2020,gb
R_33vvQrX30RK2c3K,Male,Left school at 18 with A-Levels or equivalent,Left school at 18 with A-Levels or equivalent,40,60,0,NA,Italian;40;,English;60;,,50,50,0,NA,Italian,NA,10,7,0,NA,I always (or almost always) speak Italian to my child,English,NA,3,10,NA,NA,I always (or almost always) speak English to my child,Second,NA,2,NA,NA,,C/D,C/D,C/D,C/D,No,C/D,C/D,C/D,C/D,C/D,C/D,C/D,No,No,No,No,C/D,C/D,No,No,No,No,C/D,No,C/D,C/D,No,No,No,C/D,C/D,No,No,C/D,C/D,C/D,No,No,No,C/D,C/D,No,No,No,C/D,No,C/D,No,C/D,C/D,No,No,No,No,C/D,No,C/D,No,C/D,No,No,No,No,C/D,No,No,C/D,C,C/D,C/D,C,No,No,No,No,No,No,No,C,C/D,No,C,No,C/D,C,No,No,No,No,No,C/D,No,No,No,No,C,No,No,No,No,No,No,No,No,No,No,No,C/D,C,No,No,No,No,No,No,No,No,No,No,No,No,No,No,No,No,No,No,C,No,No,No,C/D,No,No,No,No,No,No,No,No,No,No,No,No,No,No,No,No,No,No,No,No,No,No,No,No,C/D,C/D,No,No,C/D,No,No,No,No,C/D,No,No,No,No,No,No,No,No,No,No,No,C/D,No,No,No,No,C/D,No,No,No,No,No,No,No,C/D,No,No,No,No,No,No,No,No,No,No,No,No,No,No,No,No,No,No,No,No,No,No,No,No,No,No,No,No,C,C,No,C,No,No,C,C/D,No,No,No,No,C/D,C/D,C/D,C/D,No,No,No,No,No,No,C,C/D,No,No,No,C/D,No,No,C,No,C/D,C/D,No,No,C/D,No,No,No,No,C/D,No,No,C/D,C,No,No,No,No,No,C,C,No,C/D,No,C,No,No,No,No,No,No,C,No,No,No,No,No,No,No,No,C,No,C,No,No,No,C,No,C,No,No,No,C,No,C,No,No,No,No,No,No,No,No,No,C,No,No,C,No,No,No,C,No,C,No,No,No,No,No,No,No,No,No,C/D,No,No,No,No,No,No,No,C/D,No,No,C/D,No,No,No,No,No,No,No,No,No,No,No,No,No,No,No,No,No,No,No,No,No,No,C/D,No,No,No,No,C/D,No,No,C/D,No,No,No,No,No,No,No,No,No,No,No,No,No,No,No,No,No,No,No,No,No,No,No,No,No,C/D,No,No,No,No,No,No,No,No,No,No,No,No,No,No,No,BL01UK02IT025,UKIT025,653,21.76666667,2020,gb
R_2f6yy78CBqQ5M6g,Female,University degree or equivalent,University degree or equivalent,75,25,0,NA,Italian;75;,English;25;,,95,5,0,NA,Italian,NA,10,9,8,Portuguese,I always (or almost always) speak Italian to my child,Italian,NA,10,8,8,French,I always (or almost always) speak Italian to my child,Second,NA,2,13,Always (or almost always) English,,C/D,C/D,No,No,No,No,No,C/D,C/D,No,No,No,No,No,No,No,No,C/D,No,No,No,C/D,C/D,No,C/D,C/D,No,No,No,No,C/D,No,No,No,C/D,C/D,No,No,No,No,C,No,No,C/D,No,No,C/D,No,No,C/D,No,No,No,No,No,C/D,C/D,C/D,No,No,C,C/D,No,C/D,C/D,C/D,C/D,C/D,C/D,No,C/D,C/D,C/D,No,C/D,C,No,C/D,C/D,C/D,No,C/D,C/D,No,C/D,C,C,C,C/D,C,C/D,C,C/D,C/D,C,C/D,C/D,C/D,C/D,C/D,C,C/D,C/D,C,No,No,C/D,C/D,C/D,C,C/D,C/D,C/D,C/D,C/D,C/D,No,C/D,No,No,No,No,No,C/D,No,No,C/D,C/D,C,C/D,C/D,C/D,C,C/D,C/D,No,C/D,C,C/D,C/D,No,C/D,C/D,C,No,No,C/D,C/D,No,No,C/D,No,C/D,C/D,C/D,C/D,No,C/D,C/D,No,No,C/D,No,No,No,C/D,C/D,No,No,No,No,No,No,C/D,C/D,No,No,C/D,No,No,No,No,C/D,No,C/D,C,C/D,C,No,No,No,C,C,C/D,C,C,C,C,C,C/D,C/D,No,No,No,No,No,No,No,C,C,C,C,C,No,C/D,No,No,No,No,C,C/D,C/D,C/D,No,No,C/D,C/D,No,No,No,No,C/D,C/D,C/D,C/D,No,No,No,No,No,No,No,No,No,No,No,No,No,C,C/D,C/D,C/D,C/D,C/D,C,C/D,C,No,C/D,C,C/D,No,C/D,C/D,C/D,C/D,No,No,No,C,No,C/D,No,C/D,No,No,No,C/D,C/D,No,No,No,C/D,C,No,No,C/D,C/D,C,No,No,C,No,C/D,C/D,No,C,C/D,C,C/D,No,No,No,C/D,C/D,No,C/D,C,No,C,No,C/D,C/D,No,C/D,C,C,C/D,C,No,C,No,C,C,C,No,No,C,C/D,No,No,No,No,No,C/D,No,No,No,No,C/D,No,No,C/D,C/D,No,C/D,No,No,No,No,No,No,C/D,No,C/D,C/D,No,C,C/D,No,No,C/D,C/D,C/D,No,C/D,No,C,No,No,No,C/D,No,No,No,No,No,No,No,No,C,No,No,No,No,No,C,C/D,C/D,No,C/D,C/D,C/D,C/D,C/D,No,No,No,No,No,No,No,No,No,C/D,No,No,No,No,C/D,C/D,No,C,C,No,C,C/D,C,BL01UK02IT010,UKIT010,650,21.66666667,2020,gb
R_2EfTmuSx4EvPhwB,Male,University degree or equivalent,University degree or equivalent,50,50,0,NA,Italian;50;,English;50;,,50,50,0,NA,Italian,NA,10,8,NA,NA,I always (or almost always) speak Italian to my child,English,NA,5,10,NA,NA,I always (or almost always) speak English to my child,First,NA,1,NA,NA,,No,C/D,C,C,C/D,C,C,C,C/D,No,C/D,C/D,No,C,No,C,C/D,No,No,C,No,No,C,C,No,C,No,C,C,C,C,C/D,No,C,C,C,No,No,No,No,C,C,No,No,No,No,C,C,C,C,No,No,No,No,No,C,C,No,No,No,C,C,No,C,No,C,C,No,C/D,No,C,No,No,No,No,No,No,No,C,C,No,C/D,C,C,C,C,No,No,C,C,No,No,No,C,No,C,C,C,C,No,C,No,No,No,No,C,C,C,C,No,C,C,C,C,No,No,C,C,No,C,C,No,No,C,No,No,No,C,No,No,C,C/D,No,No,C,No,No,C,C,C,No,No,C,C,No,No,C,C,No,C,C,No,No,No,C,No,No,No,C,No,No,C,No,No,No,C,No,No,No,No,No,No,No,No,C,No,No,No,No,No,No,No,No,No,No,No,C,C,No,C,No,C,C/D,No,No,No,No,No,No,No,No,No,C,No,No,No,No,No,No,No,No,No,No,No,No,C,No,No,No,C,No,No,C,C,No,C,C,No,No,No,No,C/D,C/D,No,C/D,No,No,No,No,No,No,No,No,No,C,No,C,C,C,C,C,C,C,C,No,No,C,C,C,No,No,No,C,No,C,C,No,No,No,C,C,C,No,C/D,C,C,C,No,C,No,C,C,C,C,No,No,C,C,C,No,No,C,No,C,C,C,C,C,No,C,No,No,No,C,C,C,C,No,No,C,No,C,C,C,C,C,No,C,C,No,No,No,C,C,C,No,C,No,No,No,C,No,C,No,C,No,No,C,No,C,No,No,C,No,C,C,No,No,No,No,No,No,No,No,C,No,No,No,No,No,No,C,C,No,No,C,C,No,C,No,No,C,No,No,C,No,C,No,No,No,No,No,No,No,No,No,C,No,No,No,No,No,No,No,No,No,No,No,No,No,C,No,C,No,C,No,C,C,No,No,No,No,No,C,No,No,No,No,BL01UK02IT012,UKIT012,601,20.03333333,2020,gb
R_1DZ7NK96r9BecUZ,Female,University degree or equivalent,University degree or equivalent,15,85,0,NA,Italian;15;,English;85;,,40,60,0,NA,English,NA,3,10,0,NA,I always (or almost always) speak English to my child,Italian,NA,10,0,NA,NA,I always (or almost always) speak Italian to my child,First,NA,1,8,Always (or almost always) English,,C,C,C,C,C,C,C,C,C,C,C,C,No,C,C,C,C,C,No,No,No,C,C,C,C,C,C,C,C,C,C,No,C,C,C,C,C,C,C,C,C,No,No,No,C,C,C,C,C,C,No,C,C,C,C,C,C,No,No,No,No,C,No,C,C,C,C,C,C,C,C,No,C,C,C,C,C,C,C,C,No,C,C,C,C,C,C,C,C,C,C,C,C,C,C,C,C,C,C,C,C,C,C,C,C,C,C,C,C,C,C,C,C,C,C,No,C,C,No,C,No,No,No,C,No,No,No,C,C,No,C,C,No,C,C,No,C,No,C,No,No,No,No,C,No,No,No,No,C,C,C,No,No,No,C,No,C,C,C,C,C,C,No,C,No,C,C,No,C,No,No,No,No,No,C,C,No,C,C,No,C,C,C,C,C,No,C,C,No,C,C,C,No,No,C,C,C,No,No,C,No,No,C,No,No,No,No,No,No,No,C,C,No,No,C,No,No,No,No,No,C,No,C,No,No,C,C,No,No,No,No,C,No,C,C,No,No,No,No,No,No,No,No,No,C,No,C/D,C,C,C/D,C,C,C,C/D,C,C/D,C,C/D,C,C,C/D,C,C,No,No,No,No,C,No,C,No,C,C,C,C,C,No,C,C,C,No,No,No,No,No,No,C,No,No,No,C,C,No,No,C,C,No,C,No,C,No,No,No,C,C,C,C,No,No,No,No,C,C,C,C,C,No,No,No,No,No,No,No,No,No,No,No,No,No,C,No,No,C,No,No,C,No,C,C,No,C,C,C,C,C,C,C,C,No,No,C,No,No,No,C,C,No,No,C,No,No,No,C,C,No,No,No,No,No,No,No,C,No,C,C,No,C,C,C,C,No,C,No,C,No,C,C,C,C,No,C,No,C,C,C,No,C,C,C,C,C,C,C,C,C,No,C,C,C,C,C,No,C,C,No,No,C,No,BL01UK02IT027,UKIT027,913,30.43333333,2020,gb
R_2vZ0uBrTD0BIDk7,Female,University degree or equivalent,Left school at 16 with GCSE or equivalent,20,80,0,NA,Italian;20;,English;80;,,30,70,0,NA,Other(s),French,10,10,8,French,I regularly speak both Italian and English to my child,English,NA,NA,10,NA,NA,I always (or almost always) speak English to my child,First,NA,1,24,Always (or almost always) English,,C,C,C,C,No,C,C/D,C/D,C/D,C/D,C/D,C/D,No,C,No,C,C,C,No,C,No,C,C,C,No,C,C,No,C,C,C,No,C,C,C,C,C,No,C,C,C,C,No,C,C,C,C,C,C,C,No,C,C,C,C,C,C,C,C,No,C,C,C,C,C,C,C,C,C,No,C,No,C,No,C,C,No,C,C,C,No,C,C,C/D,C/D,C,C,C,C/D,C,No,No,C/D,C,C,C,C,C,C,C,C,C,C,C,C,C,C,C/D,C,C,C,C,C,C,No,C,No,C,No,C,C,No,No,C,No,No,C,C,No,C,C,C,C,C,C,C,C,C,C,C,No,C,C,C,No,C,C,C,No,No,C,No,C,C,C,C,C,C,C,C,C,C,No,C,No,C,C,C,C,No,No,No,No,C,C,C,C,C,C,No,C,C,C,No,C,C,C,C,No,C,No,C,C,No,C,C,C,C,No,C,C,No,C,No,No,No,No,No,No,No,C,C,No,C,C,C,No,No,No,C,C,No,C,No,No,C,C,C,No,C,No,C/D,C/D,C/D,C/D,No,No,No,No,No,No,No,C/D,No,C,C,C,C,C,C,C,C,C,C,C,C,C,C,C,C,C,No,C,C,C,C,No,C,C,C,No,C,No,C,C,C,C,C,C,C,C,C,C,C,No,No,C,C,C,No,C,C,No,C,C,No,C,C,C,C,No,No,C,C,C,C,C,C,No,C,C,C,C,C,C,C,C,C,C,No,C,No,C,C,C,No,C,C,No,C,No,No,C,C,C,No,C,No,No,C,C,C,C,C,C/D,C,No,No,No,No,C,No,C,No,C,C,No,No,C,No,No,No,C,No,No,C,C,C,C,No,C,C,C,C,C,C,C,C,C,No,C,No,C,C,No,No,C,No,C,No,No,No,C,C,C,No,C,C,C,No,C,C,C,C,C,No,C,C,C,C,C,C,C,C,No,C,C,C,BL01UK02IT003,UKIT003,759,25.3,2020,gb
R_3JKq0fZTmHmJXmc,Female,University degree or equivalent,Left school at 18 with A-Levels or equivalent,30,70,0,NA,Italian;30;,English;70;,,50,50,0,NA,Italian,NA,10,8,0,NA,I always (or almost always) speak Italian to my child,English,NA,1,10,NA,NA,I always (or almost always) speak English to my child,First,NA,1,23,Always (or almost always) English,,C,C,C/D,C/D,C,C/D,C/D,C/D,C/D,C/D,C/D,C/D,No,No,No,No,C,No,No,No,No,C,C,No,C,C,No,No,C,C,No,No,No,No,C,C,No,No,No,No,No,C,No,C,C,C,C,No,C,C,No,No,C,No,No,C,C,C,No,No,No,C,C,C,No,No,C/D,No,C/D,No,C/D,No,C/D,No,C,C,No,No,No,C/D,No,C/D,C,C/D,C/D,No,No,No,C/D,No,C/D,No,C/D,C,No,C/D,No,C,C,No,No,C,C,No,No,C,C,C/D,C,No,No,C,C,C,No,No,No,C,No,No,C,No,No,No,No,No,No,C,No,No,C,C,No,No,C,No,C,No,C,No,No,C,No,No,No,No,C,C,No,C,C,No,C,C,C/D,No,No,C/D,C,C,No,C/D,No,No,No,C,No,No,No,No,No,No,No,C,No,No,No,No,No,No,No,No,No,No,No,C,C,No,No,No,No,C,C/D,C,C,C,No,No,No,C,C/D,No,C,No,No,No,No,No,No,No,No,C,No,No,No,No,No,No,No,No,No,No,C,No,No,C,C/D,No,No,No,No,C/D,C/D,C/D,No,No,No,No,No,C,C,No,No,No,C,No,C,No,C,C/D,C,C/D,C,C,No,C/D,C,C,No,No,C/D,No,No,C/D,No,No,No,C,No,C,No,No,No,C,C,C,No,No,C,No,No,No,No,C/D,No,No,No,C,C,No,C,C,No,C,C,No,C,C,No,C,No,No,No,C,C,C,C,No,No,No,No,C,C,No,C,C,No,No,C/D,No,No,No,C,C,C,No,No,No,No,No,No,No,C,No,No,No,No,No,No,No,No,C,No,No,C,C,C,No,No,No,No,No,C,No,No,No,No,No,C,No,No,No,No,No,No,No,No,No,C,No,No,No,No,C/D,C,No,C,No,No,No,No,No,No,No,No,No,No,No,No,No,No,No,C,C,C,No,C,No,No,No,No,No,C/D,No,C,No,No,C,C/D,No,C/D,No,No,No,No,No,C,C,BL01UK02IT030,UKIT030,767,25.56666667,2020,gb
R_1NzxE58WggvmBpQ,Female,University degree or equivalent,University degree or equivalent,60,40,0,NA,Italian;60;,English;40;,,95,5,0,NA,Italian,NA,10,8,6,German,I always (or almost always) speak Italian to my child,Italian,NA,10,7,5,French,I always (or almost always) speak Italian to my child,Second,NA,2,8,Always (or almost always) English,,C/D,C/D,C/D,C/D,No,No,No,C/D,C/D,C/D,C,C/D,No,No,C,No,C/D,C/D,No,C/D,No,C/D,C/D,C,C,C/D,No,No,No,C/D,C/D,No,C,C,C,C/D,No,No,No,C/D,No,C/D,No,No,C/D,C,C,C/D,C,C/D,No,C/D,C/D,C,No,C/D,C,C/D,No,C,C,C/D,C,C/D,C/D,C,C/D,C,C/D,No,C/D,No,C/D,C/D,C/D,C/D,No,C/D,C,C,C,C/D,C/D,C/D,C/D,No,C/D,C,C/D,C/D,C/D,No,No,C/D,No,C/D,C,C/D,C,C/D,C,C,C,C,C,C,C/D,C/D,C/D,C,C/D,C/D,C/D,C/D,C/D,C/D,C/D,C/D,C/D,C/D,C/D,C,C,C,No,C/D,C/D,C/D,C,C/D,C/D,C/D,No,C,C/D,No,C/D,C,C/D,C,C/D,C/D,C,C,No,No,C/D,C/D,C,C/D,C/D,No,No,C/D,No,C,No,C/D,C,C/D,C/D,C/D,No,C/D,C/D,C/D,C/D,C/D,C/D,No,C,No,C,No,C/D,C,C,C/D,C/D,C,C/D,C,C/D,No,C,No,C/D,C/D,No,C/D,No,C/D,No,C/D,C/D,C/D,C/D,C/D,C/D,C/D,No,C,C/D,No,No,No,C/D,No,C,C,No,C/D,No,No,C/D,C,No,No,No,C/D,C/D,C,C/D,C/D,C,C,C/D,C,No,No,C/D,C/D,C/D,C/D,C/D,C,No,No,No,C/D,C/D,C,C/D,C/D,C,C/D,C/D,C/D,C,C/D,C/D,C/D,C/D,C/D,C/D,C/D,C,C,C,C/D,C/D,C,C/D,C/D,C,C/D,C,C/D,No,C/D,No,C/D,C,C,C/D,C/D,C/D,C/D,C,C,C,C,C/D,C,No,No,C,C,C,No,C,C/D,C,C,C,C,C/D,C/D,No,C,C,No,C,C,C/D,C/D,C/D,C,C,C/D,No,C/D,C/D,C,C,C,C,C/D,C/D,No,No,C/D,C,C,C/D,C,C,C/D,C/D,C,C,C,C,C,C,C,C/D,C,C,C/D,C/D,C,C/D,C/D,C/D,C/D,No,No,No,C/D,C,No,C/D,C,C/D,C/D,C,C/D,C/D,C,No,C/D,C/D,C/D,C,C/D,C,No,C,No,C,C/D,C/D,No,No,No,No,No,No,C,No,C,No,No,No,No,C/D,No,C/D,No,C/D,No,C/D,C/D,No,No,No,No,C,No,C/D,C/D,C/D,No,C/D,C/D,C/D,C/D,No,C/D,C,C,C/D,C/D,No,No,C/D,C/D,BL01UK02IT009,UKIT009,767,25.56666667,2020,gb
R_8D5BpacV3XFezst,Female,NA,NA,40,60,0,NA,Italian;40;,English;60;,,50,50,0,NA,Italian,NA,10,7,NA,NA,I always (or almost always) speak Italian to my child,Other(s),Latvian,10,9,NA,NA,I always (or almost always) speak English to my child,First,NA,1,19,Always (or almost always) English,,C/D,C/D,C/D,C/D,C/D,C/D,C/D,C/D,C/D,C/D,C/D,C/D,No,C/D,C/D,C,C/D,C/D,C,C,C/D,C/D,C,C,C,C/D,C/D,C/D,C/D,C,C/D,C,C,C,C,C/D,C,No,C/D,C/D,C,C/D,No,C,C/D,C/D,C,C,C,C/D,No,C,C/D,C,C,C,C,C,C,C,C,C,C,C/D,C,C/D,C/D,C/D,C/D,No,C,No,C,C,C,C,No,C/D,C,C/D,No,C/D,C/D,C/D,C/D,C,C/D,C/D,C/D,C/D,C/D,No,No,C/D,C/D,C/D,C,C/D,C/D,C,C,C/D,C,C,C,C,C/D,C/D,C/D,C,C,C/D,C/D,C/D,C,C,C/D,C,C,C/D,C,C,C,C,C,C,C,C/D,C,C,C,C/D,C,C,C/D,C/D,C,C,C,C,No,C,C,C,No,C,C/D,C/D,C,C/D,C,No,No,C,C,C,C,C/D,C/D,C,C,C/D,No,C,C,C/D,C,C,C/D,C,C,C/D,C,C/D,C/D,C,C,C,C,C,C/D,C,C,C,C,C,C,C,No,C,C,C,C,C/D,C/D,C,C,C,C,C/D,C,C,C/D,C,C,C,No,C,C,C,C,C/D,No,No,C,C,C,C,C,C,C,C,C/D,C,C,C,C/D,C/D,C,C,C,C/D,C/D,C/D,C,No,No,C,C,C,C,C,C/D,C/D,C/D,C/D,C/D,C/D,C,C/D,C,C/D,C/D,C/D,C,C/D,C,C,C,C/D,C/D,C,C,C/D,C,C,C,C,C,C,C,C/D,C,C/D,C/D,C/D,C/D,C,C,C,C,C,C,C,C,C,C/D,C,C,C,C,C,C,C/D,C,C/D,C/D,C/D,C,C/D,C,C,C,C/D,C/D,C/D,C,C,C,C,C,C/D,C/D,C/D,C/D,C,C,C/D,C/D,C,C,C,C,C,C,C,No,C,C/D,C,C,C,C,C,C,C,C,C,C,C/D,C/D,C/D,C/D,C/D,C/D,C/D,C,C,C,C,C,C,C/D,C,C/D,C/D,C,C/D,C/D,C,No,C,C/D,C/D,C,C/D,C/D,C,C,C,C,C/D,C,C,C,C,C,C/D,C,C/D,C,C,C,C,C,C,C,C,C,C,C,C,C/D,C,C,C,C/D,C/D,C,C,C,C,C/D,C,C/D,C,C,C,C/D,C/D,C,No,C,C,No,C,C,No,BL01UK02IT034,UKIT034,822,27.4,2020,gb
R_1dmhEXsVTWcvHrw,Male,University degree or equivalent,Left school at 18 with A-Levels or equivalent,30,70,0,NA,Italian;30;,English;70;,,50,50,0,NA,Italian,NA,10,8,NA,NA,I regularly speak both Italian and English to my child,English,NA,4,10,NA,NA,I regularly speak both Italian and English to my child,First,NA,1,12,Always (or almost always) English,,C,C/D,C/D,C/D,C,C/D,C/D,C/D,C/D,C/D,C/D,C,C,C,C,C,C,C,No,C,C,C,C/D,C,C/D,C,C,C,C,C,C,C,C,C,C,C,C,No,C,C,C,C/D,No,C,C,C,C,C/D,C/D,C/D,No,C,C,C/D,C,C,C/D,No,No,C/D,C,C/D,C/D,C,C,C,C/D,C/D,C/D,No,C/D,C,C/D,C,C,No,C/D,C/D,C/D,C/D,C,C/D,C,No,C/D,C,C,C/D,C/D,C,No,C,C/D,C/D,C,C/D,C,C,C/D,C/D,C,C/D,C,C,C/D,C,C,C/D,C/D,C/D,C/D,C/D,C/D,C/D,No,No,C/D,C,No,C/D,C,No,No,C,C/D,C/D,C,C/D,C/D,C/D,C/D,C/D,C/D,No,C,No,No,C,C,C,C,C/D,C/D,C/D,No,No,C/D,C/D,No,C,C/D,C,C,C,C,No,C,C/D,C/D,C/D,C,C/D,No,C,C,C/D,C/D,No,C,No,No,C,No,C,C/D,C,C/D,C,No,C,C,C,C,No,C,C/D,C,C,No,No,C,C,C/D,C,C/D,C/D,C,C,C,C,No,C/D,C/D,No,No,No,C,No,C,No,C,C,No,No,C,C,No,No,No,C/D,C,C,C,No,No,C/D,C/D,No,No,No,No,C/D,C/D,C/D,C/D,C,C,C,C,C/D,C/D,No,C/D,C/D,C/D,C,C/D,C/D,C,C/D,C,C/D,C/D,C/D,No,C/D,No,No,C,C,C,No,C,C,No,C,No,C,No,C,No,C/D,C,C,C,C,C,C,C,C,C,C,C/D,C/D,C,No,C,C,C,C,C,C,C/D,C,C,No,C/D,C,No,C,No,No,C,C,C,C,C,C,C,C,No,C,C,C,C,C,No,C,C,No,No,No,C,C,C,C,No,C,C,C,C,No,C,C,No,C,C,C,No,C,C,C,C/D,No,C,C,No,No,No,C,C,No,C,C,C/D,C/D,No,C,C/D,C,No,C,C/D,C,No,C/D,C,No,C/D,No,No,C/D,C,C,C,C,C,C,C,C,C,No,No,No,C,No,C,C,C,C,C,C,C/D,C,C,C,C,C,C,C,C,C,C,C,C,C,C,C,C,C,C/D,C,C,C,No,No,No,No,BL01UK02IT038,UKIT038,765,25.5,2020,gb
R_yDgaO3qnYyZkzTz,Female,University degree or equivalent,University degree or equivalent,30,70,0,NA,Italian;30;,English;70;,,60,40,0,NA,Italian,NA,10,7,6,Spanish,I always (or almost always) speak Italian to my child,English,NA,1,10,NA,NA,I always (or almost always) speak English to my child,Second,NA,2,4,Always (or almost always) English,,No,C/D,C/D,C/D,C/D,C/D,C/D,C/D,C/D,C/D,C/D,C/D,No,No,C,C,C,No,No,No,No,C,C,C,C,C,C,C,C,C,C,C,C,C,C,C,No,No,C,C,C,C,No,C,C,C,C,C,C,C,No,C,C,C,C,C,C,C,No,No,No,C,C,C,No,C,C/D,C,C/D,No,C,No,No,No,No,No,No,No,No,C,No,C,C,C,C,No,No,C,No,C,No,No,No,No,No,C,C,C,No,C,No,No,No,No,No,No,C,C,C,C/D,C,C,C,C,No,No,No,C,No,C,No,No,C,C,No,C,C,C,No,C,C,C,C,No,C,No,No,No,C,C,C/D,C,C,C,No,No,C,C,C,C,C,No,No,C,No,C,No,C/D,C,C,No,No,No,C,No,C,C,No,No,No,No,No,No,No,C,No,C,No,No,No,C,No,No,No,C,C,C,C,No,C,No,C,C/D,C,C,C,No,No,No,C,No,No,No,No,C,No,No,No,C,C,C,C,No,No,No,C,No,C,No,C,C,No,C,No,No,C,C,No,No,No,No,C/D,C/D,C/D,C/D,No,No,No,No,No,No,C,No,No,C,C,C/D,C,C,C/D,C,C/D,C,C/D,No,C/D,C,No,C,C,C,C,No,C/D,C,No,No,No,No,C,C,C,No,C,C,C,C,C,C,C,No,C,No,No,No,No,C,No,No,No,No,C,C,C,No,No,No,No,No,C,No,No,No,No,C,C,No,No,No,No,No,No,C,No,C,C,No,No,No,No,No,No,C,No,C,No,No,No,No,No,No,No,No,No,C,No,No,No,C,C,C,C,No,No,C,C,No,No,No,C,No,No,C,No,No,No,No,C,No,No,No,C,No,No,No,C,C,C,C,No,No,No,C,No,C,No,C,No,No,No,No,No,No,No,No,No,C,No,C,No,No,No,C,No,C,C,No,C,C,C,C,No,C/D,C,C,No,C,C,C/D,No,C/D,No,C/D,C,No,No,No,No,BL01UK02IT040,UKIT040,564,18.8,2020,gb
R_1IxRJUcksOMNb6h,Male,University degree or equivalent,University degree or equivalent,40,60,0,NA,Italian;40;,English;60;,,60,40,0,NA,Bilingual Italian and English,NA,10,10,NA,NA,I always (or almost always) speak Italian to my child,English,NA,1,10,NA,NA,I always (or almost always) speak English to my child,First,NA,1,16,Always (or almost always) English,,C/D,C/D,C/D,C/D,C/D,C/D,C/D,C/D,C/D,C/D,C/D,C/D,C/D,C/D,C/D,C/D,C/D,C/D,C,C/D,C/D,C/D,C/D,C/D,C,C/D,C/D,C/D,C/D,C/D,C/D,C/D,C/D,C/D,C/D,C/D,C/D,No,C/D,C/D,C/D,C/D,C/D,C/D,C/D,C/D,C/D,C/D,C/D,C/D,C/D,C/D,C/D,C/D,C/D,C/D,C/D,No,C,C,C/D,C/D,C/D,C/D,C/D,No,C/D,C/D,C/D,C/D,C/D,C/D,No,C/D,C/D,C,C/D,C/D,C/D,C/D,C/D,C/D,C/D,C/D,C/D,C/D,C/D,C/D,C/D,C/D,C/D,C/D,C,C/D,C/D,C/D,C/D,C/D,C/D,C/D,C/D,C/D,C/D,C/D,C/D,C/D,C/D,C/D,C/D,C/D,C/D,C/D,C/D,C/D,C/D,No,C/D,C/D,No,C/D,C/D,No,C/D,C/D,No,C/D,C/D,C/D,C/D,No,C,C/D,C/D,C,C/D,C,C/D,C/D,C/D,C/D,No,C/D,C/D,C/D,No,C/D,C/D,C/D,C,No,C/D,C/D,No,C/D,C/D,No,C/D,C/D,C/D,C/D,C/D,C,C/D,C/D,C/D,C/D,C/D,C/D,C/D,C/D,C/D,C/D,No,C/D,C/D,C/D,C/D,C/D,C/D,C,C/D,C/D,No,No,C/D,C/D,C/D,C/D,No,C,C/D,No,C/D,C/D,C/D,C/D,C/D,No,No,C/D,C/D,C/D,C/D,C/D,C/D,C/D,C/D,C/D,C/D,C,C/D,C/D,C,No,C/D,C/D,No,C/D,C,C/D,C/D,C/D,C/D,C,No,C/D,No,C/D,C/D,C/D,No,C/D,C/D,C/D,C/D,C/D,C/D,No,No,C/D,C/D,C/D,C/D,C/D,C/D,C/D,C/D,C,C/D,C/D,C/D,No,C/D,C/D,No,C/D,C/D,No,C/D,C/D,C/D,C,C/D,C/D,C/D,C,No,C,C/D,C/D,C/D,C/D,C/D,C/D,C/D,C/D,C/D,C/D,C/D,C/D,C/D,C/D,C/D,C,C/D,C/D,C/D,C/D,C/D,C/D,C/D,C/D,No,C/D,C/D,C/D,C/D,C/D,No,C/D,C/D,C,C/D,C/D,C/D,C/D,C/D,C,C,C,C/D,C/D,C/D,C/D,C/D,C/D,No,C/D,C/D,No,C,C,C/D,C/D,C/D,C/D,C/D,C/D,C/D,C/D,C/D,C,C/D,C/D,C/D,C/D,C/D,No,No,No,C/D,C/D,C/D,C/D,C/D,C/D,No,C/D,C,No,C/D,No,C/D,C/D,C/D,C/D,C,C,C/D,C/D,No,C/D,C/D,C/D,C/D,C/D,C/D,C/D,C/D,No,C/D,C/D,C,C/D,C,C,C/D,C/D,C/D,C/D,C/D,C,C,C,C/D,C,C,C/D,C/D,C/D,C,C,C,C/D,C/D,C/D,C/D,C/D,C/D,C/D,C/D,C/D,C/D,C/D,C/D,C,C/D,C/D,C/D,C/D,C/D,C/D,C/D,C/D,No,C,C/D,C/D,BL01UK02IT043,UKIT043,828,27.6,2020,gb
R_2aFdqF8eGWWVwcL,Female,University degree or equivalent,University degree or equivalent,70,30,0,NA,Italian;70;,English;30;,,100,0,0,NA,Italian,NA,10,7,9,NA,I always (or almost always) speak Italian to my child,Italian,NA,10,7,NA,NA,I always (or almost always) speak Italian to my child,First,NA,1,20,Always (or almost always) English,,C,C/D,C/D,C/D,C/D,C/D,C/D,C/D,C/D,C/D,C/D,C/D,No,C/D,C/D,C/D,C/D,C/D,No,C/D,C,C/D,C/D,C,C,C/D,C/D,C/D,C/D,C/D,C/D,C/D,C/D,C/D,C/D,C/D,C/D,No,C,C/D,C/D,C/D,No,C/D,C/D,C,C/D,C/D,C,C/D,No,C,C,C,C,C/D,C/D,C/D,C/D,C/D,C,C,C/D,C/D,C,C,C/D,C,C/D,C/D,C,No,C/D,C,C,C,No,C,C,C/D,No,C,No,C/D,C/D,C,C/D,C/D,C/D,C,No,No,No,C/D,C/D,C,C,C,C/D,C,C,C,C,C,C,C,C,C,C,C,C,C,C,C,C,C,No,C,No,C,C,No,No,C,C,C,C,C,No,C,C,C/D,No,C,C,C,C,C,C,C,C,C,C,C,No,No,C,C,C,C,No,No,C,C,C,C,No,C/D,C,C,C/D,C/D,No,C,No,C/D,C/D,No,C,C,No,No,C/D,C/D,C,No,No,C/D,C,C/D,C/D,C,C/D,No,No,C/D,No,C,No,No,No,No,C,C,C,C,C,C,No,C,C,No,C,No,C,No,No,No,C,C,C,C,No,No,C,C,C,No,No,No,C/D,No,No,No,No,C/D,C/D,No,No,No,C,C/D,C/D,C/D,C/D,No,No,No,No,No,No,No,C,C,C,C/D,No,C,C/D,C/D,C,C/D,C/D,C/D,C,C/D,No,C/D,C/D,No,C,C,C,C/D,C,C,No,No,C,C,No,C,C,C,C,C/D,No,C,C/D,C,No,C,C,C,No,No,C,C,C,No,C,C,C,C,C,No,C,C,No,C/D,No,No,No,C,C,C,C,C,No,C,C,C,C,No,C,C,C,C/D,C,No,No,C,C,C,No,No,No,No,No,No,No,No,C,C,C/D,C/D,No,C/D,C/D,C/D,C,C,C/D,C/D,C,C/D,No,No,No,No,C,No,C,No,C/D,C/D,No,C,C/D,No,No,C,C/D,C,No,C,C,No,C,No,No,C/D,No,No,C,No,C,No,No,C,No,No,No,No,No,No,C,No,No,No,C/D,No,No,No,No,No,No,No,C,No,C,No,C,No,C/D,No,C,C,C,C/D,C/D,No,C,C/D,No,C,C,C/D,BL01UK03IT021,UKIT021,725,24.16666667,2021,gb
R_1jq9lTg95aDVGE5,Female,University degree or equivalent,University degree or equivalent,70,30,0,NA,Italian;70;,English;30;,,90,10,0,NA,Bilingual Italian and English,NA,10,10,NA,NA,I regularly speak both Italian and English to my child,Italian,NA,10,7,NA,NA,I always (or almost always) speak Italian to my child,First,NA,1,24,Always (or almost always) English,,No,No,C,No,No,C,No,C,C,No,C,No,No,No,No,No,C,No,No,No,No,C,No,No,C,C,No,C,C,No,No,No,No,No,No,No,No,No,No,No,No,No,No,No,No,No,No,No,No,No,No,No,No,No,No,No,No,No,No,No,No,C,No,C,No,No,C,No,C,No,C,No,No,No,No,No,No,C,No,C,No,No,No,C,C,C,No,C,C,No,No,No,C,No,No,No,No,No,No,No,No,No,No,No,No,No,No,C,No,No,No,No,C,No,No,No,No,C,No,C,No,No,No,No,No,No,No,C,No,No,No,C,No,No,No,No,No,No,No,No,No,No,No,No,No,No,No,No,No,No,No,No,No,No,C,No,No,C,No,No,No,No,No,No,No,No,No,No,No,No,No,No,No,C,No,No,No,No,No,No,No,No,No,No,No,No,No,No,No,No,No,No,C,No,No,No,No,No,No,No,No,No,No,No,No,No,No,No,No,No,No,No,No,No,No,No,No,No,No,No,C,No,No,No,No,No,No,No,No,No,No,C,C,No,C,No,No,No,No,No,No,No,No,No,No,No,No,C,No,No,No,No,C,No,No,No,No,No,No,No,C,No,No,C,No,No,No,No,No,No,No,No,No,No,C,No,No,No,C,No,No,No,No,No,No,No,No,No,No,No,No,No,No,No,No,C,No,No,No,No,No,No,No,No,No,No,No,No,No,No,No,No,No,No,No,No,No,No,No,No,No,No,No,No,No,No,No,No,No,No,No,No,No,No,No,No,No,No,No,No,No,No,No,No,No,C,No,No,No,No,No,No,No,No,No,No,No,No,No,No,No,No,No,No,No,No,No,No,No,No,No,No,No,No,No,No,No,No,No,No,No,No,No,No,No,No,C,No,No,No,No,No,No,No,No,No,No,No,C,No,No,No,No,No,No,No,No,No,No,No,No,No,No,No,No,No,No,No,BL01UK03IT008,UKIT008,792,26.4,2021,gb
R_21bI2PsAioxKy72,Male,University degree or equivalent,Left school at 18 with A-Levels or equivalent,40,60,0,NA,Italian;40;,English;60;,,50,50,0,NA,Italian,NA,10,7,NA,NA,I always (or almost always) speak Italian to my child,English,NA,4,10,NA,NA,I regularly speak both Italian and English to my child,First,NA,1,NA,NA,,C/D,C/D,C/D,C/D,C/D,C,C/D,C/D,C/D,C/D,C/D,C/D,C,C,C,C,C,C,C,C,C,C,C,C,C,C,C,C,C,C,C,C,C,C,C,C,C,C,C,C,C,C,C,C/D,C,C,C,C,C,C,No,C,C,C,C,C,C,No,C,C,C,C,C,C,C,C,C/D,C,C/D,No,C,No,No,C,C,No,No,C,C,C,C,No,No,No,No,No,No,No,No,No,No,No,No,No,No,C,C,C,C,C,C,C,C,C,C,C,C,C,C,C,C,C,C,C,C,C,C,C,C,C,C,C,C,C,C,C,C,C,C,C,C,C,C,C,C,No,C,C,C,C,No,C,C,C,No,C,C,C,C,C,C,C,C,No,C,C,C,C/D,C,C,C,C,No,C,C,C,C,C,C,C,C,C,C,C,C,C,C,C,No,No,C,C,C,C,C,C,C,C,No,C,C,C,C,C,C,C,C,C,C,C,C,C,C,C,No,No,C,C,C,C,C,C,No,C,C,C,No,C,No,C,C,No,C,C,No,C,C,No,No,C,No,C/D,C/D,C/D,C/D,C,No,C,C,C,C,No,No,No,C,C/D,C,C,C,C/D,C,No,C,C/D,C,C/D,C,No,C,C,C/D,C,C,C,C,C,No,C,C,C,C,C,C,C,C,C,C,C,C,C,C,C,C,C,C,C,C,C,C,C,C,C,C,C,C,C,C,C,C,C,C,C,C,C,C,C,C,C,C,C,C,C,C,C,C,C,C,C,C,C,C,C,C,C,C,C,C,C,C,C,C,C,C,C,C,C,No,No,No,C,C,C,C,C,C,C,C,C,No,No,C,No,C,C,C,C,No,C,C,C,No,C,No,No,C,C,C,C,C,C,C,C,No,C,C,No,C,No,C,C,No,C,C,C,C,C,C,No,C,C,C,No,C,No,No,No,C,C,No,No,C,C,C/D,C,C,C,C,C,C/D,C,C,C,C,C,C,C,C,C,BL01UK03IT016,UKIT016,560,18.66666667,2021,gb
R_3NIex9PXsIDv7yg,Female,University degree or equivalent,University degree or equivalent,50,50,0,NA,Italian;50;,English;50;,,50,50,0,NA,Italian,NA,10,10,NA,NA,I always (or almost always) speak Italian to my child,Italian,NA,10,10,NA,NA,I always (or almost always) speak Italian to my child,First,NA,1,8,Always (or almost always) English,,C/D,C/D,C/D,C/D,C/D,C/D,C/D,C/D,C/D,C/D,C/D,C/D,C,C,C,C,C,C,C,C,C,C,C,C,C,C,C,C,C,C,C/D,C,C,C,C,C,C,No,C,C,C,C,C,C,C,C,C,C,C,C,C,C,C,C,C,C,C,C,C,C,C,C,C,C,C,C,C/D,C,C,C,C,No,C,C,C,C,C,C,C,C,C,C,C,C,C,C,C,C,C,C,No,No,C,C,C,C,C,C,C,C,C,C,C,C,C,C,C,C,C,C,C,C,C,C,C,C,C,C,C,C,C,C,C,C,C,C,C,C,C,C,C,C,C,C,C,C,C,C,C,C,C,C,C,C,C,C,C,C,C,C,C,No,C,C,C,C,C,C/D,C,C,C,C,C,C,No,C,C,C,C,C,C,No,C,C,C,No,C,C,No,C,C,C,C,C,C,C,C,C,C,C,C,C,No,C,C,C,C,C,C,C,C,C,C,No,No,No,No,No,No,C,C,C,No,C,C,C,C,C,No,C,C,C,C,No,C,C,C,No,No,No,No,C/D,C/D,C/D,C/D,C,No,C,C,No,No,No,No,No,C,C/D,C,C,C,C/D,C,C/D,C,C/D,C,C/D,C,C,C,C,C/D,C,C,C/D,C,No,C,No,C,C,C,C,C,C,C,C,C,C,C,C,C,C,C,C,C,C,C,C,C,C,C,C,No,C,C,C,C,C,No,C,C,C,C,C,C,C,C,No,No,C,C,C,C,C,C,C,C,C,C,No,C,C,C,C,C,No,C,No,No,C,C,C,C,No,C,C,C,C,C,C,C,C,C,No,C,C,No,C,No,No,No,No,No,No,C,C,C,No,C,No,No,C,C,C,C,C,C,C,C,C,No,C,C,C,C,No,C,No,No,C,No,No,C,C,C,No,No,C,C,C,C,C,No,C/D,No,No,No,No,C/D,C,C,C,C,C,C,C,C,C,C,C,C,C/D,C,C,No,No,No,No,BL01UK03IT020,UKIT020,726,24.2,2021,gb
R_ykxvXa1kumINtJv,Male,University degree or equivalent,Left school at 18 with A-Levels or equivalent,30,70,0,NA,Italian;30;,English;70;,,50,50,0,NA,Italian,NA,10,8,NA,NA,I regularly speak both Italian and English to my child,English,NA,4,10,NA,NA,I regularly speak both Italian and English to my child,First,NA,1,12,Always (or almost always) English,,C,C/D,C/D,C/D,C,C/D,C/D,C/D,C/D,C/D,C/D,C/D,C,C,C,C,C/D,C,C,C,C,C,C/D,C,C/D,C/D,C/D,C/D,C/D,C,C/D,C/D,C,C/D,C,C/D,C/D,No,C/D,C/D,C/D,C/D,No,C,C/D,C/D,C/D,C/D,C/D,C/D,C/D,C/D,C/D,C/D,C/D,C/D,C/D,C,No,C/D,C,C/D,C/D,C/D,C/D,C,C/D,C/D,C/D,C,C/D,C/D,C/D,No,C/D,No,C/D,C/D,C/D,C/D,No,C/D,No,C,C/D,No,C/D,C,C/D,C,No,C,C/D,C/D,C/D,C/D,C/D,C/D,C/D,C/D,No,C/D,C/D,C,C/D,C/D,C/D,C/D,C/D,C/D,C/D,C/D,C/D,C/D,C/D,C,C/D,C/D,C,C/D,C/D,C,C,C,C/D,C,C/D,C/D,C,C/D,C/D,C/D,C/D,C,C/D,C/D,C/D,C/D,C/D,C/D,No,C/D,C/D,C/D,C/D,No,C/D,C/D,C/D,C/D,C/D,No,C,C/D,C/D,C,C,C/D,C/D,C/D,C/D,C/D,No,C/D,C/D,C/D,C/D,C/D,C/D,C/D,C/D,C/D,C,C/D,C/D,No,C,C/D,C/D,C,C/D,C/D,C/D,No,C,C,C/D,C/D,No,C,No,C,C/D,C,C/D,C/D,C/D,No,C,C/D,No,C,C/D,C/D,No,No,C,No,C/D,No,C,C,C,No,No,C/D,No,No,No,C/D,C/D,C/D,C/D,C,C,C/D,C/D,No,No,C,No,C/D,C/D,C/D,C/D,C,No,C,C,C/D,C/D,No,C/D,C/D,C/D,C/D,C/D,C,C/D,C,C,C/D,C/D,C/D,No,No,C/D,C,C,C/D,C/D,No,C,C,C,C,C,C/D,C,C/D,C,C/D,C/D,C/D,C,C/D,C,C,C,C,C,C,C,C/D,No,C,C,C/D,C/D,C,C,C/D,C/D,C/D,C/D,C,C,C/D,C,C,C,C,C,C,C,C/D,C,C,C,C,C,C,C,C,C,C,C,C,C,C,No,No,No,C,C/D,No,C,C/D,C/D,No,No,No,C,C,C,C,C,C,No,C/D,C,C,C/D,C/D,C/D,C/D,No,No,No,C,C,No,C/D,No,C/D,C/D,No,C,C/D,C,No,C,C/D,C/D,No,C/D,C/D,No,C/D,C/D,No,C/D,C,C,C,C,C/D,C,C,C/D,C,C,C,C,C,C,C,C,C,C,C,C,C,C,C,C,C,C,C,C,C,C,C,C,C,C,C,C,C,C,C/D,C,C/D,C/D,C,C,C,C,BL01UK03IT038,UKIT038,840,28,2021,gb
R_1j94rF1eJxhTCay,Female,University degree or equivalent,University degree or equivalent,30,45,25,Swedish,Italian;30;,English;45;,Swedish;25;,40,60,0,NA,Italian,NA,10,9,6,German ,I regularly speak both Italian and English to my child,English,NA,6,10,NA,NA,I always (or almost always) speak English to my child,First,NA,1,13,A regular mix of Italian / English / other languages,,No,No,C,No,No,No,C/D,C/D,C/D,No,C,C/D,No,No,No,No,C,C,No,No,No,No,No,No,No,C,C,No,C,No,C,No,No,C,No,C,No,No,No,No,C,No,No,No,No,No,No,No,No,No,No,No,No,No,No,C,No,No,No,No,No,C,No,C,No,No,C,No,C,No,No,No,No,No,No,No,No,No,No,No,No,C,No,No,No,No,No,No,No,No,No,No,No,No,No,C,No,C,C,C,No,No,No,No,No,C,C,C/D,C,No,C,No,C,C,No,No,No,C,No,C,No,No,No,C,No,No,No,C,No,No,No,C,C,No,C,No,No,No,C,C,No,No,No,C,No,No,No,No,No,No,No,No,No,No,No,No,No,No,No,C,No,No,No,No,No,No,No,No,No,No,No,No,No,No,No,No,No,No,No,No,No,No,No,No,No,No,No,C,No,No,No,C,No,No,No,No,No,No,No,No,No,No,No,No,No,No,No,No,No,No,No,No,No,No,No,No,No,No,No,No,C,No,No,No,No,No,No,No,No,No,No,C/D,C/D,C/D,C/D,No,No,No,No,No,No,No,No,No,C,No,No,No,No,C,No,C,C,C,C,C/D,C,No,No,No,No,No,No,C/D,No,No,No,No,No,No,No,No,No,No,C,C,No,No,No,No,No,No,No,No,No,No,No,C,No,No,No,No,No,No,No,No,No,No,No,No,No,No,No,C,No,C,C,No,No,No,No,No,No,C,C,No,No,No,No,No,No,No,C,No,No,No,No,No,No,No,No,No,C,No,No,No,No,No,No,No,No,No,No,No,No,C,No,No,No,No,No,No,No,No,No,No,No,No,No,No,No,No,No,No,No,No,No,No,C,No,No,No,C,C,No,No,C,No,No,No,No,No,No,No,No,No,No,No,No,No,No,No,No,No,No,No,No,No,No,No,No,No,No,No,No,No,No,C,No,No,No,No,C,No,No,No,No,No,BL01UK03IT037,UKIT037,525,17.5,2021,gb
R_R38rKR9OKh2kq4N,Female,University degree or equivalent,Left school at 18 with A-Levels or equivalent,70,30,0,NA,Italian;70;,English;30;,,100,0,0,NA,Italian,NA,10,8,0,NA,I always (or almost always) speak Italian to my child,Italian,NA,10,6,NA,NA,I always (or almost always) speak Italian to my child,Second,NA,2,23,Always (or almost always) English,,C/D,C/D,C/D,C/D,No,C/D,C/D,C/D,C/D,C/D,C/D,C/D,No,C/D,C/D,C/D,C/D,C/D,No,C/D,C,C/D,C/D,C,C/D,C/D,C/D,C,C/D,C/D,C/D,C/D,C/D,C/D,C/D,C/D,C/D,No,C/D,C/D,C/D,C/D,No,C/D,C/D,C,C/D,C/D,C/D,C/D,No,C/D,C/D,C/D,C/D,C/D,C/D,C/D,C/D,C/D,C/D,C/D,C,C/D,C/D,C,C/D,C/D,C/D,C,C/D,C,C,C/D,C/D,C/D,C/D,C/D,C/D,C/D,C/D,C/D,C/D,C/D,C/D,C/D,C/D,C,C/D,C,C,No,No,C/D,C,C/D,C/D,C/D,C/D,C/D,C/D,C/D,C/D,C/D,C,C/D,C/D,C/D,C/D,C/D,C/D,C/D,C/D,C/D,C/D,C/D,No,C/D,C,C/D,C/D,C,C,C,C/D,C/D,C/D,C/D,C,C/D,C/D,C/D,C/D,C/D,C/D,C/D,C/D,C,C/D,C,C,C/D,C/D,C/D,No,C,C/D,C/D,C,C/D,C/D,C,C/D,C/D,C/D,C/D,C/D,C/D,C/D,C/D,C/D,C/D,No,C/D,C/D,C/D,C/D,C/D,C/D,C/D,C/D,C/D,C/D,C/D,C/D,C/D,C/D,C/D,C/D,C/D,C/D,C/D,C/D,No,C,C/D,C/D,C/D,No,C/D,C,C/D,C/D,C/D,C/D,C/D,C,C,C,C/D,No,No,C/D,C,C/D,No,C/D,C/D,No,C/D,C,C/D,No,C/D,C/D,C/D,No,C/D,No,C/D,C/D,C/D,C/D,C,No,C/D,C,C/D,C/D,C/D,C/D,C/D,C/D,C/D,C/D,C/D,C,No,No,C,C,C,C,C/D,C,C/D,C/D,C,C,C/D,C,C/D,C/D,No,C/D,C/D,C/D,C/D,C,C/D,C/D,C/D,C/D,C/D,C/D,C/D,C,C/D,C/D,C/D,No,C/D,C,C/D,C/D,C/D,C/D,C/D,C/D,C/D,C,C/D,C/D,C,C,No,C/D,C/D,C/D,C/D,C/D,C/D,C,C/D,C/D,C,C/D,C/D,No,C/D,C/D,No,C,C/D,C/D,C/D,C/D,C,C,C/D,C,C/D,C/D,C/D,C/D,C/D,C,C/D,C/D,C/D,C/D,C/D,No,C/D,C,C/D,C/D,C/D,C/D,No,C/D,C,C/D,C/D,C/D,C,C/D,C,No,C/D,C/D,C/D,C/D,C,C/D,No,C,C,No,C,C,No,C/D,C,C/D,C/D,C,C,C/D,C,No,C/D,C/D,C/D,C,C/D,C/D,No,C/D,No,C,C/D,C,C/D,C,C/D,C/D,C,No,No,No,C,C,C,C,No,C,C/D,C/D,C,C/D,C/D,C/D,C/D,C/D,C/D,C/D,C/D,No,No,C/D,C,C/D,C,C,C/D,C/D,C/D,C/D,C,C/D,No,C/D,C/D,No,No,C/D,C/D,BL01UK03IT028,UKIT028,830,27.66666667,2021,gb
R_zfn0iQhhYtAzyoh,Female,University degree or equivalent,Left school at 16 with GCSE or equivalent,80,20,0,NA,Italian;80;,English;20;,,100,0,0,NA,Italian,NA,10,6,NA,NA,I always (or almost always) speak Italian to my child,Italian,NA,10,7,NA,NA,I always (or almost always) speak Italian to my child,Third,NA,3,NA,NA,,No,C/D,C/D,C/D,No,C/D,C/D,C/D,C/D,C/D,C/D,C/D,No,C,C,C,C,C,No,C,No,C,C,C,C,C/D,C,C,C,No,C,C,C,C,C,C,C,No,C,C,C,C,C,No,C,C,C,No,C,C,No,C,No,No,No,C,C,C,C,No,C,C,C,C/D,C,C/D,C/D,C/D,C/D,No,No,No,C,No,C/D,No,No,C,C,C/D,C,C/D,C,C/D,C/D,No,No,No,C/D,C/D,C,No,C,C,C/D,C,C,C,C,C,No,C,C,C,No,No,C,C,C,C,C,C,C,C,C,C,No,C/D,No,C,No,No,No,C,No,No,C,C,No,C,C,C/D,C,No,C,C,C,C,C,C,No,C,C,C,No,C,C,C,C,C,C,No,C,C,C,No,C,No,C,C,C,C,No,C/D,No,C/D,C,No,C/D,No,No,C,No,C,No,C,No,C,No,No,C,No,C,No,C,C,C/D,C,No,C,C,No,C/D,C/D,C,C,No,C,C,C/D,No,No,C,No,No,No,C/D,C,C,No,No,C,No,No,C,C,No,C,No,C,C,No,C,No,No,C,C/D,No,No,No,No,C/D,C/D,C,C/D,No,No,No,No,C,C,C,C/D,C/D,C,No,C,C,C,C/D,C/D,C/D,C,C/D,C/D,No,C,No,C,C/D,C,C,C,C/D,No,No,C,C,No,C,C,C,C,C,C,C,C,C,C,No,C,C,C,C,No,No,C,C,C,No,C,C,No,C,C,C,C,C,No,C,No,No,C,C,C,C,C,No,C,No,C,C,C,C,C,C,No,C,C,No,C,No,C,C,C,No,No,C,No,No,No,No,No,C,No,No,No,No,No,C,C/D,C,No,C,C,C,No,No,No,No,C,No,C,C,C/D,No,No,No,C,No,No,C,No,C/D,No,C,No,No,No,No,No,No,C,C,C,C,C,C,C,No,No,No,No,No,No,No,C,C,No,No,C,C/D,C,C/D,C,C,No,C,No,No,No,C,C,No,No,No,C,C,No,No,No,No,No,No,No,No,No,C,BL01UK03IT001,UKIT001,543,18.1,2021,gb
R_9KWv7dJgBQoEIA9,Male,University degree or equivalent,University degree or equivalent,40,60,0,NA,Italian;40;,English;60;,,40,60,0,NA,Italian,NA,10,8,NA,NA,I always (or almost always) speak Italian to my child,English,NA,5,10,NA,NA,I always (or almost always) speak English to my child,First,NA,1,NA,NA,,No,C/D,C/D,C/D,No,C,No,No,C/D,C/D,C/D,C/D,No,C,C,No,C,C,No,C,No,C,C/D,C,No,C,C,C,C,C,C/D,C,No,C,C,C,No,No,No,C,C,C,No,No,C,No,C,C,C,C,No,C,C,No,No,No,C,C,C,C,No,C,C,C,C,C/D,C,C,C/D,No,C,No,No,No,C,No,C,No,C,C,No,C,C,No,C,C,No,No,No,No,No,No,No,C,No,C,No,C,C,No,No,C,No,No,No,C,No,C/D,C,No,C,No,C,C,No,No,C,C,No,C,C,No,No,No,No,C,No,C,No,No,No,C/D,No,No,C,No,No,No,No,C,No,C,C,C,No,No,C,C,No,C,C,No,C,C,C,No,No,C,C,No,No,No,No,No,No,C,No,No,C,No,No,No,No,No,C,No,No,No,No,No,No,No,No,No,No,C,No,No,No,No,No,No,C,No,C,No,C,No,No,C,No,C,C,No,No,No,C,No,No,No,No,C,No,No,No,No,No,No,No,No,C,No,C,C,No,No,C,No,No,No,No,C/D,C/D,No,C/D,No,No,No,No,No,No,No,No,No,C/D,No,No,No,No,C,C,C,C,C,No,C/D,No,No,No,No,No,No,C,No,C,C,No,C,No,C,C,C,No,C,No,C,C,C,C,No,C,C,C,No,C,No,C,C,C,C,No,C,No,C,C,C,C,C,No,C,No,No,C,C,C,C,C,No,No,C,No,No,C,C,C,C,No,No,C,No,No,C,C,No,C,No,No,No,No,No,C,No,C,No,C,No,No,No,No,No,No,No,C/D,No,C,No,No,No,No,No,No,No,No,No,C,No,No,No,No,No,No,C,C,No,No,No,No,No,C,No,No,C,No,C,No,No,No,No,No,No,No,C,No,C,No,No,No,No,No,No,No,No,No,C,C,No,No,C,No,No,No,No,No,No,C,No,No,No,No,No,C,No,No,C,No,No,No,No,BL01UK03IT012,UKIT012,706,23.53333333,2021,gb
R_b2fNYzSjoRbsJoZ,Female,University degree or equivalent,Left school at 18 with A-Levels or equivalent,25,75,0,NA,Italian;25;,English;75;,,30,70,0,NA,Italian,NA,10,8,0,NA,I always (or almost always) speak Italian to my child,English,NA,1,10,NA,NA,I always (or almost always) speak English to my child,First,NA,1,24,Always (or almost always) English,,C,C/D,C/D,C/D,C,C/D,C/D,C/D,C/D,C/D,C/D,C/D,No,No,No,No,C/D,C,No,C,No,C/D,C/D,No,C/D,C/D,C,No,No,C,C,No,C/D,C,C,C,No,No,C,C,C,No,No,C,C,C,C,C,C,C/D,No,No,C,No,No,C,C,C/D,No,No,C/D,C/D,C,C,No,C,C/D,C/D,C/D,No,C/D,No,C/D,No,C/D,C,No,C/D,No,C/D,No,C/D,C,C/D,C/D,No,No,No,C/D,No,C/D,No,C/D,C,C,C/D,No,C/D,C,No,No,C,No,No,No,C,C/D,C/D,C/D,No,No,C,C,C,C,No,No,C/D,No,C,C,No,No,No,No,No,No,C,No,No,C/D,C/D,No,C,C,No,No,No,No,No,No,C,C,C/D,No,No,C,C,No,No,C,No,No,C,C/D,No,No,C/D,C/D,C,No,C/D,No,No,No,C,C,No,No,No,No,No,No,C,C,No,No,C,No,No,No,No,C,No,No,C,C,C,No,C,No,C,C/D,No,C,C,No,No,No,C,C/D,No,C/D,No,No,No,No,No,No,No,No,No,No,No,No,No,No,No,No,No,No,No,C,No,No,C,C/D,No,No,No,No,C/D,C/D,C/D,C,No,No,No,No,C,No,No,No,No,C/D,No,C,C,C,C/D,C,C/D,C,C/D,No,C/D,No,C,No,No,C/D,No,No,No,C,C,No,C/D,No,C/D,No,C,No,C/D,C,C,C,C,No,No,No,C,C,C/D,No,No,No,No,C,No,No,C,No,C,No,No,C,C,No,C,No,No,No,C,C,C,C,No,No,No,No,No,No,No,C,No,No,C/D,C/D,No,No,No,C,No,No,C,No,No,No,No,No,No,C,No,No,No,No,No,No,No,C,No,C/D,C/D,C/D,C/D,C,No,No,No,No,No,C,No,C,No,No,No,C,No,No,No,C,No,No,C,No,No,C/D,No,No,C,No,No,No,No,C/D,No,No,No,No,No,No,No,No,No,C,No,No,No,No,No,C,C,C/D,No,No,No,No,No,No,No,C/D,No,C,No,No,No,C/D,No,C/D,No,No,No,No,No,No,No,BL01UK03IT030,UKIT030,866,28.86666667,2021,gb
R_1pRw69HvyULfH22,Female,NA,NA,60,40,0,NA,Italian;60;,English;40;,,50,50,0,NA,Italian,NA,10,7,NA,NA,I always (or almost always) speak Italian to my child,Other(s),Latvian,10,9,NA,NA,I always (or almost always) speak English to my child,First,NA,1,20,Always (or almost always) English,,C/D,C/D,C/D,C/D,C,C,C/D,C/D,C/D,C/D,C/D,C/D,No,C/D,C/D,C,C/D,C/D,C,C,C,C/D,C,C,C,C/D,C,C/D,C/D,C,C/D,C,C,C,C/D,C/D,C/D,No,C/D,C/D,C/D,C/D,No,C,C/D,C,C,C/D,C/D,C/D,No,C/D,C/D,C,C,C,C/D,C/D,C,C,C,C/D,C,C/D,C,C/D,C/D,C/D,C/D,No,C/D,No,C/D,No,C/D,C/D,No,C/D,C,C/D,C,C/D,C/D,C/D,C/D,C/D,C/D,C,C/D,C/D,C/D,C,C,C/D,C/D,C/D,C/D,C/D,C/D,C,C,C,C,C,C,C,C/D,C/D,C/D,C,C,C,C/D,C/D,C,C,C/D,C,C,C,C,C,C,C,No,C,C,C/D,C,C,C/D,C/D,C,C,C/D,C/D,C,C,C,C,No,C,C,C,No,C,C/D,C/D,C,C,C,No,No,C,C,C,C,C/D,C/D,C/D,C,C/D,No,C,C,C,C,C,C,C,C,C,No,C/D,C,C,C,C,C,No,C/D,C,C,C,C/D,C,C/D,C/D,No,C,C,C,C/D,C/D,C/D,C/D,C,C,C,C,C,C,C/D,No,C/D,C,C,C,C,No,C,C/D,No,No,C,C,No,No,C,C,C,C,C/D,C,C,C,C/D,C/D,C,No,C,C/D,C/D,C/D,C/D,C,C,C,C,C,C,C,C/D,C/D,C/D,C/D,C/D,C,C,C/D,C,C/D,C/D,C/D,C,C/D,C,No,C,C,C/D,C,C,C/D,C,C/D,C,C,C,C,C,C/D,No,C,C,C,C,C,C,C,C,C,C,C,No,C,C/D,C,C,C,C,C,C,C,C,C,C,C,C,C,C,C,C,C,C,C/D,C,C,C,C,C,C/D,C/D,C,C,C,C,C,C/D,No,C,C,C,C,C,C,C,C,C/D,C,C,C,C,C,C,C,C,C,C,C/D,C/D,C/D,C/D,C/D,C/D,C,C,C,No,C,C,C,C/D,C,C/D,C/D,C,C,C/D,C,No,C,C/D,C/D,C,C/D,C,C,C,C,C,C/D,C,C,C,C,C,C/D,C,C,No,C,C,C/D,No,C,C,C,C/D,C,C,C,C/D,C,C,C,C,C,C,C,C,C,C/D,C/D,C/D,C,C,C,C,C/D,C,C,C,C,C,C,C,C,BL01UK03IT034,UKIT034,918,30.6,2021,gb
R_1gG5fWMnYMySe7z,Male,University degree or equivalent,University degree or equivalent,40,60,0,NA,Italian;40;,English;60;,,40,60,0,NA,Bilingual Italian and English,NA,10,10,NA,NA,I always (or almost always) speak Italian to my child,English,NA,1,10,NA,NA,I always (or almost always) speak English to my child,First,NA,1,17,Always (or almost always) English,,C/D,C/D,C/D,C/D,C/D,C/D,C,C/D,C/D,C/D,C/D,C/D,C/D,C/D,C/D,C/D,C/D,C/D,C,C/D,C/D,C/D,C/D,C/D,C/D,C/D,C/D,C/D,C/D,C/D,C/D,C/D,C/D,C/D,C/D,C/D,C/D,C,C/D,C/D,C/D,C/D,C/D,C/D,C/D,C/D,C/D,C/D,C/D,C/D,No,C/D,C/D,C/D,C/D,C/D,C/D,C,C/D,C,C/D,C/D,C/D,C/D,C/D,C,C/D,C,C/D,No,C/D,C/D,C/D,C/D,C/D,C,C/D,C/D,C/D,C/D,C/D,C/D,C/D,C/D,C/D,C/D,C/D,C/D,C/D,C/D,C/D,C/D,No,C/D,C/D,C/D,C/D,C/D,C/D,C/D,C/D,C/D,C/D,C/D,C/D,C/D,C,C/D,C/D,C/D,C/D,C/D,C/D,C/D,C/D,No,C/D,C/D,C,C/D,C/D,C,C/D,C/D,No,C/D,C/D,C/D,C,C/D,C/D,C/D,C/D,C,C/D,C/D,C,C/D,C/D,C/D,No,C/D,C/D,C/D,C/D,C/D,C/D,C/D,C,C/D,C/D,No,No,C/D,C/D,C/D,C/D,C/D,C/D,C/D,C/D,C/D,C/D,C/D,C/D,C/D,C/D,C/D,C/D,C/D,C/D,C/D,C/D,C/D,C/D,C,C/D,C/D,C/D,C/D,C/D,C/D,C/D,C/D,C/D,C/D,C/D,C/D,No,C/D,C/D,C/D,No,C/D,C/D,C/D,C/D,C/D,C/D,C/D,C/D,C/D,C/D,C/D,C/D,C/D,C/D,C,C/D,C/D,C/D,C/D,No,C/D,C/D,C/D,No,C/D,C/D,C/D,C/D,C/D,C/D,C,No,C/D,No,C/D,C/D,C/D,No,C/D,C/D,C/D,C/D,C/D,C/D,No,No,C/D,C/D,C/D,C/D,C/D,C/D,C/D,C,C,C/D,C/D,C/D,C,C/D,C/D,C,C/D,C/D,No,C/D,C/D,C/D,C/D,C/D,C/D,C/D,C/D,C,C/D,C,C/D,C,C/D,C/D,C/D,C/D,C/D,C/D,C/D,C/D,C/D,C/D,C/D,C/D,No,C,C,C/D,C/D,C/D,C,C/D,C/D,C,C/D,C/D,C/D,C,C/D,C/D,C/D,C/D,C,C/D,C/D,C/D,C/D,C/D,No,C/D,C/D,C,C/D,C/D,C/D,C/D,C/D,No,C/D,C/D,No,C,C,C/D,No,C/D,C,C/D,C/D,C/D,C/D,C/D,No,C/D,C/D,C/D,C/D,C/D,C,C,C/D,C/D,C/D,C/D,C/D,C/D,C/D,No,C/D,No,C/D,C/D,C/D,C/D,C,C/D,C/D,C/D,C/D,C/D,C/D,No,C/D,C/D,C/D,C/D,C/D,C/D,C/D,C/D,C/D,C/D,C/D,C,C/D,C/D,C,C/D,C/D,C/D,C/D,C,C/D,C/D,C/D,C,No,C,C/D,C/D,No,C/D,C/D,C/D,C/D,C/D,No,C/D,No,C/D,C,C/D,C/D,C/D,C/D,C/D,C,C/D,C/D,C/D,C/D,C/D,C,C/D,C/D,No,No,C/D,C/D,BL01UK03IT043,UKIT043,886,29.53333333,2021,gb
R_2rqkZhptJp4j3wY,Female,University degree or equivalent,University degree or equivalent,30,70,0,NA,Italian;30;,English;70;,,50,50,0,NA,Italian,NA,10,9,7,Spanish,I always (or almost always) speak Italian to my child,English,NA,4,10,NA,NA,I always (or almost always) speak English to my child,First,NA,1,12,Always (or almost always) English,,C,C/D,C/D,C/D,C,C/D,C/D,C/D,C/D,C/D,C/D,C/D,C,C,C,C,C,C,No,C,C,C,C,C,C,C,C,C/D,C,C,C,C,C,C,C,C,C,No,C,C,C,C,No,C,C,C,C,C,C,C,No,C,C,C,C,C,C,C,C,No,C,C,C,C,C,C,C/D,No,C/D,No,C/D,C,C,C,C/D,C,C,C,C,C,No,C,C,C/D,C/D,C,C,C/D,C,C/D,C,C,C/D,C,C,C,C,C,C,C,C,C,C,C,C,C,C,C,C,C,C,C/D,C/D,C,C,C,No,C,No,C,C,No,No,C,C/D,C,C,C/D,No,C,C,C,No,C,C,No,C,C,C,C,C,C,C,C,No,C,C,C,C,C,C,No,C,C,C,C,C,C/D,C,C,C,C,No,C,No,C,C,C,C,No,C,C,No,No,C,C,C,C,C,No,C,C,C,No,C,C,C,C,No,C,No,C,C,C,C,C,C,C,C,C,C,C,C,No,C,No,C,No,C,C,No,C,No,C,C,C,No,No,No,C,C,C,C,C,No,C,C,No,C,C,C,C/D,C/D,No,No,C,No,No,No,C,C,C,C/D,No,C,C,C/D,C,C,C/D,C,C/D,C,C/D,C,C/D,C,No,C,C,C/D,C,C/D,C,C,C,No,C,No,C,No,C,No,C,C,C,C,C,C,C,C,C,C,C,No,No,C,C,C,No,C,C,No,C,C,C,C,C,No,C,No,No,No,C,C,C,No,No,No,C,C,C,C,C,C,C,No,C,C,C,C,C,C,C,C,C,No,C,C,C,C,C,C,C,C,C,C,C,No,C,C,C,C/D,C,C,C,No,No,No,No,C,No,C,No,C,C,C,No,C,No,No,C,C,C,No,C,C,No,C,No,C,C,No,C/D,C,C,C,No,C,C,C,C,C,C,C,C,C/D,C,C/D,C,C/D,C,C,C,C,C,C,C,C,No,C,C,C/D,C,C/D,C,C,C,C,C,C,C,C,C,No,C,C,C,BL01UK03IT041,UKIT041,844,28.13333333,2021,gb
R_1PaVLeJkWEEEEwM,Female,University degree or equivalent,University degree or equivalent,40,60,0,NA,Italian;40;,English;60;,,70,30,0,NA,Italian,NA,10,7,6,Spanish,I always (or almost always) speak Italian to my child,English,NA,1,10,NA,NA,I always (or almost always) speak English to my child,Second,NA,2,3,Always (or almost always) English,,C/D,C/D,C/D,C/D,C/D,C/D,C/D,C/D,C/D,C/D,C/D,C/D,No,No,C,C,C,C,No,C,No,C,C,C,C,C,C,C,C,C,C,C,C,C,C,C,C,C,C,C,No,C/D,No,C,C,C,C,C,C/D,C,No,C,C,C,C,C,C,C,No,C,C,C,C,C,No,C,C/D,C,C/D,No,C,No,C,C,C,No,No,C,C,C,No,C,C,No,C/D,C,C,C,C/D,C,No,No,No,No,C/D,C,No,C,C,C,C,C,C,C,C,C,C,C,C,C,C,C,C,No,No,No,No,C,No,C,No,No,C,C,No,C,C,C,No,C,C,C,No,C,C,No,C/D,No,C,C,C,C,C,C,No,C,C,C,No,C,No,No,No,C,No,C,No,C/D,C,C,No,C,No,C,No,C,C,No,C,C,No,C,No,C,C,No,C,No,No,No,C,No,C,No,No,C,C,C,No,C,C,C,C/D,C,C,C,No,No,No,C,No,No,C,No,C,No,C,No,C,No,C,C,No,C,C,C,No,C,No,C,C,No,C,C,No,C,C/D,C,No,No,No,C/D,No,C/D,C/D,C,No,C,C,C,C,C,No,C,No,C/D,C,C,No,C/D,C,C/D,C,C,No,C/D,C,No,C,No,C,C,No,C/D,No,No,No,No,No,C,No,C,No,C,C,C,C,C,C,C,No,C,C,No,No,No,C,No,C,No,No,C,No,C,No,No,C,No,No,C,No,No,No,C,C,C,C,No,No,C,No,C,C,C,C,C,No,C,C,No,No,C,C,C,C,No,No,No,No,No,No,No,C,C,C,C,C,No,No,C,No,C,No,No,C,C,No,No,No,No,No,No,C,No,No,C,No,No,C,No,No,No,No,C/D,No,C,C,C,C/D,No,No,No,No,C,C,No,C,No,No,No,No,No,No,C,No,No,C,No,C,No,No,No,C,C,C,No,No,No,C,C,C,C,C/D,No,C,No,C,C,C,No,C,C,C,C,No,No,C,C,BL01UK03IT040,UKIT040,639,21.3,2021,gb
R_zTl5z2bXSssBvZn,Male,University degree or equivalent,Left school at 18 with A-Levels or equivalent,30,70,0,NA,Italian;30;,English;70;,,50,50,0,NA,Other(s),Bilingual Sardinian and Italian,10,NA,10,Sardinian,I regularly speak both Italian and English to my child,English,NA,NA,10,NA,NA,I always (or almost always) speak English to my child,First,NA,1,11,Always (or almost always) English,,C,C/D,C/D,C/D,C/D,C/D,C/D,C/D,C/D,C/D,C/D,C/D,C,C,C/D,C,C/D,C,C,C,No,C,C,C,C,C,C,C,C,C,C,C,C,C/D,C,C,C,C,C,C,C/D,C,C,C,C,C,C,C,C,C,C,C,C/D,C,C/D,C,C/D,C,C,C,C,C/D,C,C/D,No,C,C/D,C,C/D,C,C,C,C/D,C,C,C,C,C,C/D,C/D,No,C/D,C,C,C/D,C,C,C,C/D,C,C/D,No,C,C/D,C/D,C,C,C,C,C,C,C,C,C,C,C,C/D,C,C,C,C,C,C,C/D,C,C,C,C,No,C,C,C,C,C,C,C,C,C,No,C,C,C,C/D,No,C,C,C,C,C,C,C,C,C,C,No,C,C,C,No,C,C,No,C,C,No,No,C,C/D,C/D,C,C,C/D,No,C,No,C,C,C,C,No,No,C,C,C,C,No,No,No,No,No,C,No,C/D,No,C,C/D,C/D,C/D,C,C,C,C,No,C,C,C,C,C,C,C,C,C,C,C,C,No,C,C,C,C,C,C,No,No,C,C,C,C/D,C,C,C,C,C,C,No,C,C/D,No,No,No,No,C/D,C/D,C/D,C/D,C,No,No,No,No,No,No,C,C,C,C,C,C,C,C,C,C,C,C/D,C,C/D,C,C,C,C,C,C,C,C,C,C,C,C,C,C,C,C,C,C,C,C,C,C,C,C,C,C,C,C,C,No,C,C,C,C,C,C,No,C,C,C,C,C,C,C,No,C,No,C,C,C,C,C,C,C,C,C,C,C,C,C,C,C,C,No,C,No,C,C,C,C,C,C,C,C,C,C,C,C,C,C,C,No,No,C,C,C,C,No,C,C,No,No,No,C/D,No,No,C,No,No,C,No,No,C,No,No,C,No,C,No,C,No,No,C,No,No,No,C,C,C,C,C,No,No,C,No,No,No,No,No,No,C,C,C,C,C,No,C,C,C,C,C,C,No,No,No,No,C/D,No,C,No,C,C,C,C,C,C,C,C,No,No,C,No,BL01UK03IT039,UKIT039,793,26.43333333,2021,gb
R_sjmD5cs6ClwPBHH,Female,University degree or equivalent,Left school at 16 with GCSE or equivalent,10,90,0,NA,Italian;10;,English;90;,,30,70,0,NA,Other(s),French,10,10,8,French,I regularly speak both Italian and English to my child,English,NA,NA,10,NA,NA,I always (or almost always) speak English to my child,First,NA,1,24,Always (or almost always) English,,C,C,C,C/D,No,C/D,C/D,C/D,C/D,C/D,No,C/D,No,C,No,No,C,C,No,C,No,C,C/D,No,C/D,C/D,C,No,C,C,C,No,C,No,No,C,C,No,No,C,C,C,No,C,C,C,C,C,C,C,No,C,C,C,C,C,C,No,No,No,No,C,No,C,No,No,C,No,C/D,No,C,No,No,No,C,No,No,C,No,C,No,C,C,C/D,C/D,No,C,C,C/D,No,No,No,C/D,C,C,C,C,C,C,C,No,C,No,No,No,C,C,C,C,C,C,C,C,C,No,No,No,C,No,C,No,No,No,C,No,C,C,C,C,C,C,C,C,C,C,No,C,C,C,No,No,C,C,C,C,C,C,C,No,C,C,No,No,C,C,C,No,C,C,No,C,C,No,C,No,C,C,No,C,No,No,C,No,C,C,C,C,C,No,No,C,C,C,No,No,No,C,C,No,No,No,C,C,C,C,C,No,No,No,C,No,No,C,No,No,No,No,No,No,No,C,C,No,No,C,No,No,No,No,C,No,No,C,C,No,C,C,C,No,No,No,C/D,C/D,C/D,C/D,C,No,No,No,No,No,No,C/D,No,C,C/D,C/D,C/D,C,C/D,C,C/D,C,C/D,C,C/D,C,C,C,C,C/D,C,C,C/D,C,No,No,No,C,No,No,C,No,C,C,C,C,C,C,C,No,C,C,C,No,No,C,C,C,No,No,No,No,C,No,No,No,C,No,C,No,No,No,C,C,C,No,No,No,No,No,C,C,No,No,C,C,C,C,No,C,No,C,No,No,C,C,C,No,No,No,No,No,C,No,No,No,No,No,No,C,C,No,No,No,C,No,C,No,No,No,No,C,No,No,C,No,No,C,No,No,No,No,No,No,C,C,C,C,No,No,No,No,C,No,C,C,C,No,C,C,C,C,C,C,C,C,No,No,No,No,No,C,No,No,No,C,No,C,No,C,C,C,No,C,No,C,C,C,No,C,No,C,C,No,No,C,No,BL01UK03IT003,UKIT003,890,29.66666667,2021,gb
R_OfZd2jRYtzmJf1v,Male,University degree or equivalent,Left school at 18 with A-Levels or equivalent,40,60,0,NA,Italian;40;,English;60;,,50,50,0,NA,Italian,NA,10,7,NA,NA,I always (or almost always) speak Italian to my child,English,NA,4,10,NA,NA,I regularly speak both Italian and English to my child,First,NA,1,NA,NA,,C/D,C/D,C/D,C/D,C/D,C/D,C/D,C/D,C/D,C/D,C/D,C/D,C,C,C/D,C,C,C,No,C,C,C,C,C,C,C,C,C,C,C,C,C,C,C,C,C,C,No,C,C,C,C,C,C/D,C,C/D,C,C/D,C,C,No,C,C,C,C,C,C/D,No,No,No,No,No,No,No,No,No,C/D,C/D,C/D,C,C/D,No,No,C,C,C,No,No,C,C/D,C,C,C,C/D,C/D,No,C,C,C,C,C,No,C,C/D,C,C,C,C,C,C,C,C,C,C,C,C,C,C,C,C,C,C,C,C,C,C,C,C,C,C,C,C,C,C,C,C,C,C,C,C,C,C,C,C,C,No,C,C,C,C,No,C,C,C,No,C,C,C,C,C,C,C,C,C,C,C,C,C/D,C,C/D,C,C,No,C,No,C,C,C,C,No,No,C,No,C,C,C,C,C,No,C,C,C,C,C,C,C,C,C,No,C,C,C,No,C,C/D,C,C,No,No,C,C,C,C,No,No,No,No,C,C,C,C,C,No,No,C,No,No,C,No,C,C,C,C,C,No,C,C,C,No,C,No,C/D,C/D,C/D,C/D,C,No,C,C,C,C,No,No,No,C,C/D,C/D,C/D,C,C/D,C,C/D,C,C/D,C,C/D,C,No,C,C/D,C/D,C,C,C/D,C,C,No,C,C,C,C,C,C,C,C,C,C,C,C,C,C,C,C,C,C,C,C,C,C,C,C,C,C,C,C,C,C,C,C,C,C,C,C,C,C,C,C,C,C,C,C,C,C,C,C,C,C,C,C,C,C,C,C,C,C,C,C,C,C,C,C,C,C,C,C,C,C,C,C,C,C,C,C/D,C,C,C,C,C,No,C,C,No,C,No,C/D,C/D,No,C,C/D,C,No,C,C/D,C,C,C,C,C,C/D,C,C,C/D,C,C,C,C,C,No,No,C,C,C,C,C,C,C,C,C,C/D,C,C/D,C/D,C/D,C/D,C/D,C,C/D,C/D,No,No,C/D,C,C/D,C/D,C/D,No,C,C,C/D,C,C/D,C,C/D,C/D,C,No,C/D,C/D,BL01UK04IT016,UKIT016,626,20.86666667,2021,gb
R_2vc5EEXoivsoz2f,Male,University degree or equivalent,University degree or equivalent,40,60,0,NA,Italian;40;,English;60;,,50,50,0,NA,Italian,NA,10,8,NA,NA,I always (or almost always) speak Italian to my child,English,NA,5,10,NA,NA,I always (or almost always) speak English to my child,First,NA,1,26,Always (or almost always) English,,No,C/D,C/D,C/D,C/D,C/D,No,C,C/D,C/D,C/D,C/D,No,No,No,No,C,No,No,C,No,C,C,C,No,C,C,C,C,C,C,C,No,No,C,C,No,No,No,C,C,No,No,No,C,No,No,C,No,C,No,No,No,No,No,No,No,No,No,No,No,C,C,C/D,C,No,C,C,C/D,No,C,No,No,No,C,No,No,No,C,C,No,C,C,No,C,No,No,No,C/D,No,No,No,No,C,No,C,C,C,C,No,No,C,No,No,No,C,C,C,C,No,C,No,C,C,No,No,No,C,No,C,C,No,No,No,No,No,No,C,No,No,C,C/D,No,No,C,C,No,No,No,C,No,C,C,C,No,C,C,C,No,C,C,No,No,C,C,No,No,C,C,C,C,C,No,No,No,C,No,C,C,No,No,No,No,C/D,C,No,No,No,No,No,C,No,C,No,No,No,No,No,No,No,No,No,C,No,C,No,No,No,No,No,No,C,No,No,No,No,C,No,No,No,No,No,No,No,No,No,No,No,No,No,C,No,C,C,No,No,No,No,No,No,No,C/D,C/D,No,C/D,No,No,No,No,No,No,No,No,No,C,No,No,No,No,C,No,C,C,No,No,C/D,No,C,No,No,No,No,No,No,C,C,No,C,No,C,No,C,No,C,C,C,C,C,C,No,C,C,C,C,No,No,C,C,C,No,No,C,No,C,No,No,No,C,No,C,No,No,No,C,C,C,No,No,No,C,No,C,No,C,C,C,No,No,C,No,No,No,C,No,C,No,C,C,No,No,C,No,No,No,C,No,No,No,No,No,C,No,C/D,No,C,No,No,No,No,No,No,No,No,No,C,No,No,No,No,No,No,No,No,No,No,No,No,No,C,No,No,No,No,C,No,No,C,No,No,No,No,No,No,No,No,No,No,No,No,No,No,No,No,C/D,No,No,No,No,No,No,No,No,No,No,C/D,No,No,No,No,No,C,No,C,C,No,No,No,C,BL01UK03IT012,UKIT012,763,25.43333333,2021,gb
R_1fkZ5ShQFsKD9Iw,Female,University degree or equivalent,University degree or equivalent,30,70,0,NA,Italian;30;,English;70;,,70,30,0,NA,Italian,NA,10,7,6,Spanish,I always (or almost always) speak Italian to my child,English,NA,1,10,NA,NA,I always (or almost always) speak English to my child,Second,NA,2,3,Always (or almost always) English,,C/D,C/D,C/D,C/D,C/D,C/D,C/D,C/D,C/D,C/D,C/D,C/D,C,C,C,No,C,C,No,C,No,C,C,C,No,C,C,C,C,C,C,C,C,C,C,C,C,No,C,C,C,C/D,No,C,C,C,C,C,C,C,No,C/D,C/D,C/D,C,C,C,C,C,C,C,C,C,C,C,C,C/D,C/D,C/D,No,C,C/D,C,C,C,C,C,C,C,C/D,C,C,C,C,C/D,C,C,C,C/D,C,No,No,No,C,C/D,C/D,C,C,C,C,C,C,C,C,C,C,C/D,C/D,C/D,C,C,C/D,C,C,No,No,No,C,No,C/D,No,No,C,C/D,No,C,C,C,No,C,C,C,C,C,C,No,C,C,C,C,C,C,C,C,No,C,C,C,C,C,C,No,No,C,No,C,No,C/D,C,C,C,C,No,C,No,C,C,No,C/D,No,No,C,C,C,C,No,C,C,C,C,C,No,C,No,C,C,C,C,No,C,C,C,C/D,C,C,C,C,C,C,C,C,C,C,No,C/D,C,C,C,C,C,C,C,No,C,C,C,No,C,No,C/D,C,C,C,No,No,C,C/D,C,No,No,No,C/D,C/D,C/D,C/D,C,No,C,C,C,C,C,No,No,C,C/D,C/D,C,No,C/D,C,C/D,C,C/D,No,C/D,C,C,No,C,C,C,No,C,C,No,No,C,No,C/D,C,C,No,C,C,C,C,C,C,C,No,C,C,C,C,No,C,C,No,No,No,C,No,C,No,C,C,C,No,C,No,C,No,C,C,C,No,C,No,C,C,C/D,C,No,C,C,No,C/D,C,No,C,C,C,C,C,C,C,No,No,C,No,No,C,C,C,No,C,No,No,C,C,C,C,No,C,C,No,C,No,C,No,No,C,No,C,C,No,C,C,C,No,C,C,C,No,C,C,No,C,No,C,C,C,C,C,No,C,No,No,C,No,No,C,C,C,No,C,No,No,No,No,No,C,C,C,No,No,C,No,No,C/D,No,C/D,C,C,C,C,C,C,C,C,No,C,C,No,No,C,C,BL01UK04IT040,UKIT040,704,23.46666667,2021,gb
R_UGZJhNoxXSWVV97,Female,University degree or equivalent,University degree or equivalent,10,60,30,Swedish,Italian;10;,English;60;,Swedish;30;,25,75,0,NA,Italian,NA,10,9,6,German ,I regularly speak both Italian and English to my child,English,NA,6,10,NA,NA,I always (or almost always) speak English to my child,First,NA,1,13,A regular mix of Italian / English / other languages,,No,No,C/D,No,C/D,No,No,C/D,C/D,No,C,C/D,No,C,C,No,C,C,No,No,No,C,C,No,C,C,C,No,C,No,C,No,C,C,C,C,No,No,C,C,C,No,No,No,C,C,C,No,No,No,No,No,No,No,No,No,No,No,No,No,C,C,No,C,No,No,C/D,No,C/D,No,No,No,C,No,No,No,No,No,No,C/D,No,C,C,No,C/D,No,C/D,C,C/D,No,No,No,C/D,No,C,C,C,C,C,No,No,C,C,No,No,C,C,C/D,C,No,C,C,C,C,No,No,C,C,No,C,No,No,No,No,No,No,C,C,No,C,C,C,C,C,C,No,No,No,C,C,No,C,C,C,No,No,C,C,C,No,C,No,No,C,C,No,No,C/D,No,C,No,C/D,No,No,No,No,No,C,C,No,No,No,No,No,No,No,No,C,C,No,No,No,C,No,No,No,C,C,No,No,No,C,No,C,C,No,C,No,No,C,No,No,No,No,No,No,No,No,C,C,No,C,No,No,No,C,No,No,No,No,C,No,C,No,No,No,No,No,No,No,C,C/D,C/D,C/D,C/D,No,No,No,No,No,No,No,No,No,C,No,C,No,C,C,C,C,C,C,No,C/D,No,No,No,No,C/D,No,C,C/D,C,No,No,C,No,C,No,C,No,C,C,C,No,No,No,C,C,C,C,No,No,No,No,C/D,No,No,No,C,No,C,No,No,No,C,No,C,No,No,No,C,C,C,C,No,No,No,No,No,No,No,C,C,No,No,No,No,No,No,C,No,No,No,No,No,No,No,No,No,No,No,No,No,No,No,No,No,No,No,No,No,No,C,No,No,No,No,No,No,No,No,No,No,No,No,No,No,No,C,No,No,No,C,No,No,C,No,No,No,No,C,No,No,C,No,No,No,No,No,No,No,No,No,No,No,No,No,No,No,No,No,No,No,No,No,No,No,C,No,No,No,No,No,No,C,No,No,No,No,No,No,No,No,No,C,BL01UK04IT037,UKIT037,621,20.7,2021,gb
R_3MEf92DPDtKKaeI,Female,University degree or equivalent,University degree or equivalent,60,40,0,NA,Italian;60;,English;40;,,70,30,0,NA,Italian,NA,10,8,NA,NA,I regularly speak both Italian and English to my child,Italian,NA,10,8,NA,NA,I regularly speak both Italian and English to my child,First,NA,1,12,Always (or almost always) English,,C/D,C/D,C/D,C/D,C/D,C/D,C/D,C/D,C/D,C/D,C/D,C/D,C,C,C,C/D,C/D,C/D,C,C,C,C,C/D,C,C,C/D,C/D,C/D,C,C,C/D,No,C,C/D,C/D,C/D,C/D,C/D,C,C,C/D,C/D,C,C,C/D,C,C/D,C/D,C/D,C/D,No,C,C,No,No,C,C/D,C,No,No,C,C/D,C,C/D,C,C/D,C/D,C/D,C/D,C,C,No,No,C,C/D,C/D,No,C/D,No,C/D,C,C/D,C/D,C/D,C/D,No,C/D,C/D,C/D,C/D,C,No,C/D,C/D,C/D,C/D,C,C/D,C/D,C/D,No,C/D,C/D,C,C,C,C/D,C/D,C/D,C/D,C/D,C/D,C/D,C/D,C/D,C,No,C/D,No,C/D,C/D,C,C,No,C/D,No,C/D,C/D,No,C/D,C/D,C/D,C,C/D,C/D,No,No,No,C,C,No,C/D,C,C/D,No,C,C/D,C/D,No,C,C/D,No,C/D,C,C,C,No,C/D,C/D,C/D,C,C/D,No,C/D,No,C/D,C,No,C/D,No,No,C/D,No,C/D,C,C,C/D,C/D,No,No,C/D,No,C/D,No,C,C,C,C/D,No,C,C,No,C/D,C,C/D,C/D,C/D,C,C,C/D,C/D,C/D,C/D,No,No,No,C,No,No,No,C,C,No,No,C,C,No,No,No,C,C/D,No,C,C,No,C/D,C/D,No,No,No,No,C/D,C/D,C/D,C/D,No,No,No,No,No,No,No,C/D,C/D,C,C,C,C,C,C/D,C/D,C/D,C/D,C/D,C,C/D,No,No,No,C/D,C/D,C,C,C/D,C,No,No,C/D,No,C/D,C,C/D,No,C,C,C,C,C/D,C,C,C,C,C,No,No,No,C,No,C,C,C,C,C,C/D,No,No,C/D,C,No,C,C,C,No,C,C/D,C,C,No,No,No,No,No,C,No,C,C,No,C,C,C,No,C,C,C,C,C,C,No,No,No,No,No,C,C,C,No,C,No,No,C/D,No,C,C/D,C,No,C,No,No,No,No,C,No,C,No,C/D,C,No,No,C,No,No,C,C/D,C,No,C,No,No,C,No,No,C/D,No,C/D,C,C,C/D,No,No,C,C,No,No,No,No,No,C,No,C/D,No,No,No,C,No,No,No,C,No,No,No,C,No,C,C,C/D,No,C,C,No,No,C,No,C,No,No,No,C,C/D,BL01UK02IT051,UKIT051,604,20.13333333,2021,gb
R_2RUsTGHSlMnppZp,Female,University degree or equivalent,Left school at 18 with A-Levels or equivalent,70,30,0,NA,Italian;70;,English;30;,,100,0,0,NA,Italian,NA,10,8,0,NA,I always (or almost always) speak Italian to my child,Italian,NA,10,6,NA,NA,I always (or almost always) speak Italian to my child,Second,NA,2,23,Always (or almost always) English,,C/D,C/D,C/D,C/D,C/D,C/D,C/D,C/D,C/D,C/D,C/D,C/D,No,C/D,C/D,C/D,C/D,C/D,No,C/D,No,C/D,C/D,C/D,C,C/D,C/D,C/D,C/D,C/D,C/D,C/D,C/D,C/D,C/D,C/D,C/D,No,C/D,C/D,C/D,C/D,No,C/D,C/D,C/D,C/D,C/D,C/D,C/D,No,C/D,C/D,C/D,C/D,C/D,C/D,C/D,C/D,C/D,C/D,C/D,C/D,C/D,C/D,C/D,C/D,C/D,C/D,C,C/D,C/D,C/D,C/D,C/D,C/D,C/D,C/D,C/D,C/D,C/D,C/D,C/D,C/D,C/D,C/D,C/D,C/D,C/D,C/D,C/D,No,C,C/D,C/D,C/D,C/D,C/D,C/D,C/D,C/D,C/D,C/D,C/D,C/D,C/D,C/D,C/D,C/D,C/D,C/D,C/D,C/D,C/D,C/D,C/D,C/D,C/D,C/D,C/D,C/D,No,C/D,C/D,C/D,C/D,C/D,C/D,C/D,C/D,C/D,C/D,C/D,C/D,C/D,C/D,C/D,C/D,C/D,C/D,C/D,C/D,C/D,C/D,No,C/D,C/D,C/D,C/D,C/D,C/D,C,C/D,C/D,C/D,C/D,C/D,C/D,C/D,C/D,C/D,C/D,No,C/D,C/D,C/D,C/D,C/D,C/D,C/D,C/D,C/D,C/D,C/D,C/D,C/D,C/D,C/D,C/D,C/D,C/D,C/D,C/D,No,C,C/D,C/D,C/D,No,C/D,C/D,C/D,C/D,C/D,C/D,C/D,C/D,C,C/D,C/D,C/D,C,C/D,No,C/D,No,C/D,C/D,C/D,C/D,C/D,C/D,No,C/D,C/D,C/D,C,C/D,C/D,C/D,C/D,C/D,C/D,C/D,C/D,C/D,C/D,C/D,C/D,C/D,C/D,C/D,C/D,C/D,C/D,C/D,C/D,C/D,C/D,C/D,C/D,C,C,C/D,C/D,C/D,C/D,C/D,C/D,C/D,C/D,C/D,C/D,C/D,C/D,C/D,C/D,C/D,C/D,C/D,C/D,C,C/D,C/D,C/D,C/D,C/D,C/D,C/D,C/D,C/D,C/D,C/D,C/D,C/D,C/D,C/D,C/D,C/D,C/D,C/D,C/D,C/D,C,C,C,C/D,C/D,C/D,C/D,C/D,C/D,C/D,C/D,C/D,C/D,C/D,C/D,C/D,C/D,C/D,No,C/D,C/D,C/D,C/D,C/D,C/D,No,C/D,C/D,C/D,C/D,C/D,C/D,C/D,C,C/D,C/D,C/D,C/D,C/D,C/D,C/D,C/D,C,C,C/D,C/D,C/D,C/D,C,C/D,C/D,No,C,C/D,C,No,No,C/D,C/D,C/D,C/D,C/D,C/D,No,C,No,C/D,C/D,No,C/D,C,C/D,C/D,C,C/D,C/D,C/D,No,C/D,C/D,C/D,C,C/D,C/D,C/D,C/D,C/D,C/D,C/D,C/D,C/D,C,C/D,C/D,C/D,C,C/D,C/D,C/D,C/D,C/D,C/D,C/D,C/D,C,C/D,No,C,C,C/D,C,C/D,C,C/D,C/D,C,C,C/D,C/D,C/D,C/D,C/D,C/D,C/D,C/D,C/D,C/D,C/D,C/D,C/D,C/D,No,C,C/D,C/D,BL01UK04IT028,UKIT028,926,30.86666667,2021,gb
R_yklLdYw43BhTzPj,Female,University degree or equivalent,University degree or equivalent,50,50,0,NA,Italian;50;,English;50;,,70,30,0,NA,Italian,NA,10,8,NA,NA,I regularly speak both Italian and English to my child,Italian,NA,10,8,NA,NA,I regularly speak both Italian and English to my child,First,NA,1,12,Always (or almost always) English,,C,C/D,C/D,C/D,C/D,C/D,C/D,C/D,C/D,C/D,C/D,C/D,C,C/D,No,C/D,C/D,C/D,C,C/D,C,C/D,C,C/D,C/D,C/D,C/D,C,C,C,C/D,No,C/D,C/D,C/D,C/D,C,C/D,C,C,C/D,C/D,No,C,C,C,C,C/D,C/D,C/D,No,No,C,No,No,C,C/D,C/D,No,No,No,C/D,No,C/D,C/D,C/D,C/D,C/D,C/D,No,C/D,No,No,C,C/D,C/D,No,C/D,C,C/D,C,C/D,C/D,C/D,C/D,No,C/D,C/D,C/D,C/D,No,No,C/D,C/D,C/D,C/D,C/D,C/D,C/D,C/D,C,C/D,C/D,C,C,C/D,C/D,C/D,C/D,C,C/D,C/D,C/D,C/D,C/D,C,C,C/D,No,C/D,C/D,No,No,No,C/D,No,C/D,C,No,C/D,C/D,C/D,C,C/D,C,No,No,No,C/D,C,No,C/D,C,C,No,C,C/D,C/D,No,No,C/D,No,C/D,C,C,C,No,C/D,C/D,C/D,C,C/D,No,C/D,No,C/D,C/D,C,C/D,No,No,C/D,No,C/D,C/D,No,C,No,C,No,C/D,No,C/D,No,C,C,C,C/D,No,C/D,C,No,C/D,C/D,C/D,C/D,C/D,C,No,C/D,C/D,C/D,C/D,No,No,No,C,No,No,No,C/D,C/D,No,No,C/D,No,No,No,No,C,C/D,No,C/D,No,No,C,C/D,No,No,No,C,C/D,C/D,C/D,C/D,C,No,C,C,No,No,No,C/D,C/D,C,C/D,C,C,No,C/D,C/D,C/D,C/D,C/D,C,C/D,C,C,C,C/D,C/D,C/D,C/D,C/D,C,No,No,C/D,No,C/D,C,C/D,C/D,C/D,C,C,C,C/D,C,C,No,C,C/D,No,No,No,C,C,C,C,C,C,No,C/D,No,No,C/D,C/D,C,C,No,No,No,C,C/D,C/D,No,No,No,No,No,C,C,No,C,C,No,C,C,No,No,C/D,C/D,C,C,C,C,No,No,C,No,No,C,No,C,C,C/D,C,No,C/D,No,No,C/D,C,No,C,C/D,No,No,No,C,No,C,No,C/D,C,No,No,C,C,No,C,C/D,C,C,C,No,No,C/D,No,No,C/D,C,C/D,No,No,C/D,No,No,C,No,No,No,No,No,No,C,No,C/D,No,No,No,C,C,C,C,C,C,No,No,C,No,C/D,C,C/D,No,C,C,C,C/D,C/D,No,C/D,C/D,No,No,C/D,C/D,BL01UK02IT051,UKIT051,607,20.23333333,2021,gb
R_3polvZDqISDbJc1,Female,University degree or equivalent,University degree or equivalent,70,30,0,NA,Italian;70;,English;30;,,90,10,0,NA,Italian,NA,10,7,9,NA,I always (or almost always) speak Italian to my child,Italian,NA,10,7,NA,NA,I always (or almost always) speak Italian to my child,First,NA,1,20,Always (or almost always) English,,C/D,C/D,C/D,C/D,C/D,C/D,C/D,C/D,C/D,C/D,C/D,C/D,C,C,C/D,C/D,C/D,C/D,No,C/D,C,C/D,C/D,C/D,C,C/D,C/D,C/D,C/D,C/D,C/D,C/D,C/D,C/D,C/D,C/D,C/D,No,C/D,C/D,C/D,C/D,No,C/D,C/D,C/D,C/D,C/D,C/D,C/D,No,C/D,C/D,C,C/D,C/D,C/D,C/D,C/D,C/D,C,C/D,C/D,C/D,C,C,C/D,C/D,C/D,C,C/D,No,C/D,C/D,C/D,No,No,C/D,C/D,C/D,No,C/D,C/D,C/D,C/D,C/D,C/D,C/D,C/D,C/D,No,No,No,C/D,C/D,C/D,C,C/D,C/D,C,C,C/D,C,C/D,C,C,C/D,C/D,C/D,C,C/D,C/D,C/D,C/D,C,C/D,C,C,C,C/D,C/D,No,No,C/D,C,C,C/D,C/D,C,C/D,C/D,C/D,No,C,C,No,C,C,C/D,C,C,C,C,No,No,C/D,C/D,C/D,No,C/D,C/D,No,C,C/D,C,C/D,No,C/D,No,C,C/D,C,No,C/D,No,C/D,C,C,C/D,C/D,C,C/D,C/D,C/D,C/D,C,C/D,C/D,C,C/D,C/D,C,C/D,C/D,C/D,C,C,C/D,No,C,No,C/D,C,C/D,C/D,C/D,C/D,C,C,C/D,C,C,C/D,No,C,No,C,C/D,C,C,C,C,No,No,C,C,C,C,No,C,C,C,C,C,No,C,C/D,C,No,No,C,C/D,C/D,C/D,C/D,No,No,No,No,C,C,No,C,C,C/D,C/D,C/D,C,C/D,C/D,C,C/D,C/D,C/D,C,C/D,C/D,C/D,No,C,C/D,C/D,C/D,C/D,C,C,No,C/D,C/D,C/D,No,C/D,C/D,C,C,C/D,No,C/D,C/D,C,C,C,C,C,No,C/D,C/D,C/D,C,No,C,C/D,No,C/D,C/D,C,C,C,No,C,No,No,No,C/D,C/D,C/D,C/D,No,No,C,C/D,C/D,C/D,C,C/D,C,C,C/D,C,No,No,C,C/D,No,No,C,C/D,No,No,C,No,No,C,C/D,C,C,C,C,C,C/D,C/D,C/D,C/D,C/D,C/D,C/D,No,No,No,No,C,C/D,C/D,No,C/D,C/D,C,C,C/D,C,No,C,C/D,C/D,No,C/D,C,C,C,No,C,C/D,C/D,C,C,C,C,C,No,No,C,No,C,C,C,C,C,No,C,C,C,C/D,C/D,C/D,C/D,C/D,C/D,C/D,C/D,C,C,C,C/D,No,C/D,C,C/D,C/D,C/D,C/D,C/D,C/D,C,C,No,No,C/D,C/D,BL01UK04IT021,UKIT021,845,28.16666667,2021,gb
R_29biouNgCmP6CT1,Female,University degree or equivalent,University degree or equivalent,50,50,0,NA,Italian;50;,English;50;,,50,50,0,NA,Italian,NA,10,10,NA,NA,I always (or almost always) speak Italian to my child,Italian,NA,10,10,NA,NA,I always (or almost always) speak Italian to my child,First,NA,1,9,Always (or almost always) English,,C/D,C/D,C/D,C/D,C,C/D,C/D,C/D,C/D,C/D,C/D,C/D,No,C,C/D,No,C/D,C/D,No,C,No,C/D,C/D,C,C,C/D,C/D,C/D,C/D,C,C/D,C,C/D,C,C,C/D,C/D,No,No,C,C/D,C/D,No,C,C/D,C/D,C/D,C/D,C/D,C,No,C/D,C/D,C,C,C,C/D,C/D,No,C,C/D,C/D,C,C/D,C/D,C,C/D,C/D,C/D,No,C/D,C,C/D,No,C/D,C,No,C/D,C/D,C/D,No,C/D,C/D,C/D,C/D,C/D,C/D,C/D,C/D,No,No,C/D,C,No,C/D,C/D,C,C/D,C/D,C/D,C,C,C/D,C,No,C/D,C/D,C/D,C/D,C/D,C/D,No,C/D,C/D,C/D,C/D,No,C/D,C/D,C/D,C,C,C,C/D,No,No,C/D,C/D,No,C/D,No,C/D,No,C/D,C/D,C,No,C,C,C,C/D,C/D,C/D,C/D,No,C,C/D,C,No,C,C,No,No,C/D,C/D,C,C,C/D,C,C,C/D,C/D,No,C/D,No,C/D,C/D,C,C/D,C,No,C/D,No,C/D,No,C,C,C/D,No,C,C/D,C/D,C/D,C,C,C,C/D,C/D,No,C,No,C,No,C/D,C/D,C/D,C/D,No,C,C/D,C,C,C/D,No,C/D,No,C/D,No,C,C,C/D,C/D,No,C/D,No,C/D,No,C,No,C,C,C,C/D,C,C,C,C/D,C,No,C,No,C/D,C/D,C/D,C/D,No,No,No,No,C,C,No,No,No,C,C,C,C,No,C/D,C/D,C/D,C,C,No,C/D,C,No,No,C,C/D,C,C,C/D,C/D,C,No,No,C,C,No,C,C,C/D,C/D,C/D,No,C,C,C,C,C,C,No,No,No,C,C,No,C,C,C,No,C/D,C,C,C/D,No,No,C,C,No,No,C,No,C,C,No,No,No,No,C/D,C,C,C,C,C,C/D,C,No,C,C,C,C,C,No,No,No,C,No,No,No,C,C,No,No,C,No,No,C,C,No,C,C,C,C,No,No,No,No,No,No,C,No,C/D,C/D,No,C,C/D,C,No,C/D,C/D,C/D,No,C/D,C,No,C/D,No,C,C/D,C,C,C,No,C/D,No,No,C,C,C,C,No,C,No,C,No,C,C,C,C,C,C/D,C/D,No,C/D,No,No,No,C/D,C,C/D,No,C/D,No,C,C/D,C/D,C,C,No,C,C,No,No,C,C,BL01UK04IT020,UKIT020,847,28.23333333,2021,gb
R_3GBq8NLK30q7w62,Male,University degree or equivalent,Left school at 18 with A-Levels or equivalent,40,60,0,NA,Italian;40;,English;60;,,50,50,0,NA,Italian,NA,10,7,NA,NA,I always (or almost always) speak Italian to my child,English,NA,4,10,NA,NA,I regularly speak both Italian and English to my child,First,NA,1,NA,NA,,C/D,C/D,C/D,C/D,C/D,C/D,C/D,C/D,C/D,C/D,C/D,C/D,C,C/D,C/D,C/D,C/D,C/D,No,C,C,C/D,C,C,C,C/D,C,C/D,C/D,C,C,C,C/D,C,C,C/D,C,No,C/D,C/D,C/D,C/D,C/D,C/D,C/D,C/D,C/D,C,C,C,No,C,C/D,C/D,C/D,C/D,C/D,C,No,C,C,C,C,C,C,C,C/D,C/D,C/D,C,C/D,C/D,C,C,C,C,C,C,C,C,C/D,C,C/D,C/D,C/D,C,C,C,C,C,C,C/D,C/D,C/D,C,C,C,C,C,C,C,C,C,C,C,C,C,C,C,C,C,C,C,C,C/D,C,C,C,C,C,C,C,C,C,C,C,C/D,C,C,C,C,C,C,No,C,No,C,C,C,C,No,C,C,C/D,No,C,C,C,C,C,C,No,No,C,C,C,C,C/D,C,C/D,C,C,No,C,No,C/D,C,C,C/D,No,No,C,C,C/D,C,No,C,C,No,C,C,No,C,C,C,No,C,C,No,C,C,C,No,C,C/D,C,C,C,C,C,C,C,C,C,No,No,C,C,C,C,C,C,No,No,C,C/D,No,C,C,C/D,C,C,C,No,No,C,C,C,No,C,C,C,C,C,C,C/D,No,C,C,C/D,C,C/D,No,No,C/D,C/D,C/D,C/D,C,C/D,C,C,C,C/D,C,C/D,C/D,C,C,C,C/D,C/D,C,C,C,C,C,C,C,C/D,C,C/D,C,C,C,C,C,C,C,C,C,C,C/D,C,C,C,C,C,C,C,C,C,C,C,C,C,C/D,C,C,C,C,No,C,C,C,C,C,C,C,C,No,C,C,C,C,C,C,C,C,C,No,C,C,C,C,C,C,C,C,C,C,C,C,C,C,C,C,No,No,No,C,C,C/D,C,C,C,C,C,No,No,C/D,C,C,C,C/D,C/D,No,C,C,C,No,C,C/D,C,C,C/D,C,C,C/D,C/D,C,C/D,C,C,C,C,C,C,C,C,C,C,C,C,C,C,C,C,C/D,C/D,C,C,C/D,C/D,C,C/D,C/D,C/D,No,No,C/D,C,C/D,C,C/D,C,C,C,C/D,C/D,C/D,C,C/D,C/D,No,No,C/D,C/D,BL01UK05IT016,UKIT016,689,22.96666667,2021,gb
R_3ergg0EjWD8VwuU,Male,University degree or equivalent,Left school at 18 with A-Levels or equivalent,50,50,0,NA,Italian;50;,English;50;,,90,10,0,NA,Italian,NA,10,7,NA,NA,I always (or almost always) speak Italian to my child,Italian,NA,10,6,NA,NA,I always (or almost always) speak Italian to my child,First,NA,1,11,Always (or almost always) English,,No,C/D,C/D,C/D,No,C/D,C/D,C/D,C/D,C/D,C/D,C/D,No,No,C/D,No,C,C,No,C,No,C/D,C,C,C,C,C,C,C/D,C,C,C,C,C,C,C,No,No,No,C,C,C,No,C,No,No,C,C/D,C/D,C,No,C,C/D,C,C,C,C,C,C,No,C,C,No,C/D,C,C,C,C,C/D,No,C,No,No,No,No,No,No,C,No,C,No,C,C,C,C,No,C,No,C,No,No,No,No,No,No,C,No,C,No,C,No,No,No,No,No,No,No,C,No,No,No,No,C,No,No,C,No,C,No,C,No,No,No,No,No,No,No,C,No,No,C,C,C,No,C,No,No,No,C,No,C,C,C,No,No,No,C,C,No,No,No,No,No,No,C,No,No,C,C,No,No,No,No,No,No,C,No,No,No,No,No,No,No,C,No,No,No,No,C,No,No,No,C,No,C,C,C,C,No,No,No,C,C,No,C,C,C,No,No,C,No,No,C/D,No,No,No,C,No,C,C,No,No,No,C,No,No,No,No,No,No,C,No,C,C,No,C,C,No,No,No,C,C/D,C/D,C/D,C/D,No,No,No,No,C,C,No,C,C,No,No,C,C,No,C,No,C/D,C,C,No,C/D,C,No,No,No,C/D,No,No,C/D,C,No,C,No,No,No,C,C,No,C,C,C,C,C/D,No,C,No,C,C,No,No,No,C,C,No,C,C,C,No,C,No,No,C,C,No,C,No,No,No,C,C,C,C,No,No,No,No,C,C,No,C,C,No,No,C,No,No,C,C,C,C,No,No,No,No,No,No,No,C,No,C,C,No,No,No,C,C,C,C/D,No,C,No,No,No,No,No,No,No,No,No,C,C,No,No,C,No,No,C,No,No,No,C,No,No,C,No,No,C,No,No,No,No,No,No,No,No,No,No,No,No,No,No,C,No,C,No,No,No,No,No,No,No,C,No,No,No,C,No,C/D,No,No,No,C,C,C,No,No,No,No,No,No,No,No,C,BL01UK02IT054,UKIT054,617,20.56666667,2021,gb
R_3r3b1B91kBTIwiF,Male,University degree or equivalent,University degree or equivalent,20,80,0,NA,Italian;20;,English;80;,,40,60,0,NA,Italian,NA,10,9,8,Spanish ,I always (or almost always) speak Italian to my child,English,NA,3,10,NA,NA,I always (or almost always) speak English to my child,First,NA,1,14,Always (or almost always) English,,No,No,C/D,No,No,C/D,C/D,C/D,C/D,C/D,C/D,C/D,No,No,C,C,C,C,No,C,No,C,C,C,C,C,C,C,C,C,C/D,No,C,C,No,C,C/D,No,No,C,C,C,No,C,C,C,C,No,C/D,No,No,C,C,No,No,No,C,No,No,No,No,C,No,C,No,No,C/D,No,No,No,C,C,C/D,No,C/D,No,No,C,C/D,C/D,No,No,No,No,C/D,No,No,No,No,No,No,C/D,C/D,No,C,C/D,C,No,C,No,No,No,No,No,No,C,C,C,C,No,C,C,C,C,No,C,C,C,No,No,C,No,No,No,No,No,No,C,No,No,C,C,No,No,C,No,C,No,C,No,No,No,No,No,No,No,C,No,No,No,No,No,No,C,No,No,No,C,C,No,C,C,No,No,No,C,C,No,C/D,No,No,C,No,C/D,C,C,No,C,No,No,C,No,C,No,No,No,No,No,No,No,No,C,No,No,C,C,C,No,No,No,C,No,C,No,No,No,No,No,No,No,No,No,No,No,No,No,No,C,No,No,C,No,C,No,No,C,C,No,No,No,No,C/D,C/D,No,C/D,No,No,No,No,No,No,No,C/D,C/D,C,No,C,C,C,C/D,C,C/D,C,No,C,C/D,C,No,C,C,C/D,C,C,C/D,No,No,C,No,No,C/D,No,C,No,C,C,No,No,No,No,No,No,No,No,No,No,No,No,No,No,No,C,No,No,C,No,No,No,No,No,C,No,No,No,C,C,C,No,No,No,No,No,C,No,No,No,No,No,No,C,No,No,No,C,No,C,No,No,No,No,No,No,No,No,No,No,No,No,No,No,No,No,No,C/D,No,C,No,No,No,No,No,C,No,C,No,C/D,C,No,No,C/D,No,No,No,No,No,No,No,C,C,C,No,C,C/D,No,C,No,C,C,C,No,No,No,No,No,No,No,No,No,No,No,No,No,No,No,No,No,No,No,No,No,No,No,No,No,No,C,No,No,No,No,No,C,No,C,C,No,No,C,C/D,BL01UK02IT052,UKIT052,678,22.6,2021,gb
R_eQGyA9FpyynMsq5,Male,University degree or equivalent,University degree or equivalent,35,65,0,NA,Italian;35;,English;65;,,40,60,0,NA,Italian,NA,10,8,NA,NA,I always (or almost always) speak Italian to my child,English,NA,5,10,NA,NA,I always (or almost always) speak English to my child,First,NA,1,26,Always (or almost always) English,,C/D,C/D,C/D,No,No,No,No,No,C/D,No,C,No,No,No,No,No,C,No,No,C,No,No,C,No,No,C,No,C,C,C,C,No,C,C,C,C,No,No,No,No,No,No,No,No,No,No,No,C,C,C,No,No,No,No,No,C,C,No,C,No,No,C,No,C,No,C,C/D,C,C/D,No,C,No,No,No,C,No,No,No,No,No,No,No,C,No,C,No,C,No,C/D,No,No,No,No,No,C/D,C,No,C,C,No,No,No,No,No,No,No,No,C,C,No,C,No,C,No,No,No,No,C,No,C,C,No,No,No,No,No,No,C,No,No,No,C/D,C,No,C,No,No,No,No,No,No,C,C,No,No,No,No,C,No,No,No,No,No,No,C,C,No,C/D,No,C,No,C,No,No,No,C,No,No,C,No,No,No,No,No,No,No,No,C,No,No,No,No,No,No,No,No,No,No,No,No,No,No,C,No,No,No,No,No,No,No,No,No,No,No,No,No,No,No,No,No,No,No,No,No,No,No,No,No,No,No,C,No,No,No,No,No,No,No,No,No,No,C/D,C/D,No,C/D,No,No,No,No,No,No,No,No,No,C,No,No,No,No,C,No,No,C,No,No,C/D,No,No,No,No,C,No,No,No,C,C,No,C,No,C,No,C/D,C,C,C,C,C,C,C,No,C,No,C,No,No,No,C,C,No,C,No,C,No,C,No,C,No,C,No,C,No,No,No,C,C,C,No,No,No,No,No,No,No,No,C,C,No,No,C,No,No,No,C,No,C,No,No,No,No,No,No,No,C,No,No,No,No,No,No,No,No,No,C/D,No,C,No,No,No,No,No,No,No,No,No,C,No,No,No,No,No,No,No,No,No,No,No,No,No,C,No,No,No,No,No,No,No,No,No,No,No,No,No,No,No,No,No,C,No,No,No,C,No,No,No,No,No,No,No,No,No,No,No,No,No,No,No,No,No,No,C/D,No,No,No,C,No,No,No,No,BL01UK04IT012,UKIT012,837,27.9,2021,gb
R_yPDTD6r1J0oyAE1,Male,University degree or equivalent,University degree or equivalent,66,34,0,NA,Italian;66;,English;34;,,100,0,0,NA,Italian,NA,10,7,NA,NA,I always (or almost always) speak Italian to my child,Italian,NA,10,7,NA,NA,I always (or almost always) speak Italian to my child,First,NA,1,10,Always (or almost always) English,,C,C/D,C/D,C/D,C,C/D,C,C/D,C/D,C/D,C,C/D,No,C,C,C,C,C,No,C,No,C,No,C,No,C,C,C,C,C,C,C,C,C,C,C/D,No,No,C,C,C,C,No,C,C,C,C,C/D,C,C/D,No,C,C/D,C/D,C/D,C,C,C,C,C,C,C,C,C/D,C,C,C/D,C,C,No,C/D,No,C,No,C,No,C,C,C,C/D,C,C,C,C/D,C/D,C,C/D,C,C/D,C,No,No,C/D,C/D,C,C/D,C,C,C,C,C,C,C/D,No,No,No,C/D,C/D,C/D,No,C,C/D,C/D,C/D,C,C,No,C,No,C,No,C,No,C,C,C,C,C,C,C,C,C/D,C,No,C,No,C,C,C,C,No,C,C,C,No,C,C,C,No,C,C,No,C,C,C,No,No,C/D,C,C,C,C,No,C,No,C,C,C,No,No,No,No,C,C,C,C,No,C,No,C,C,No,C/D,No,C,C,C,C,No,C,C,C,No,No,C,C,C,No,C,C,C,No,C/D,No,No,No,No,No,C/D,No,C,C,No,No,No,No,No,C,No,C/D,C,C,C,No,No,No,C/D,No,No,No,No,C/D,C/D,C/D,C/D,No,No,No,No,No,No,No,C/D,C/D,C,C/D,C,C,No,C/D,C,C/D,C,C/D,No,C/D,C,C,C,C,C/D,C,C,C,C,No,No,C,No,C,C,C,No,C,C,C,C,C,C,C,No,C,No,C,No,No,No,C,C,No,No,No,No,C,No,No,No,C,No,No,No,No,No,No,C,C,No,C,No,C,C,No,C,No,No,C,No,C,C,No,C,No,No,No,No,No,No,No,No,No,No,No,No,C,C,No,No,No,No,C,C,C,C/D,C,C,C,C,C,No,No,C,No,C,No,C/D,No,C,C,No,No,No,C,C,C,No,C,C,No,No,No,No,C/D,No,C,C,No,C,No,No,No,No,No,No,No,No,No,No,C,C,No,No,No,No,No,No,No,C,No,No,No,C,C,C,No,C,C,C,C,C,C,C,C,C,No,No,No,C,C,BL01UK02IT056,UKIT056,570,19,2021,gb
R_wT7zx0cNbMoDgzL,Female,University degree or equivalent,University degree or equivalent,50,50,0,NA,Italian;50;,English;50;,,70,30,0,NA,Italian,NA,10,8,NA,NA,I regularly speak both Italian and English to my child,Italian,NA,10,8,NA,NA,I regularly speak both Italian and English to my child,First,NA,1,12,Always (or almost always) English,,C/D,C/D,C/D,C/D,C/D,C/D,C/D,C/D,C/D,C/D,C/D,C/D,C,C,C/D,C/D,C/D,C/D,C,C/D,C,C/D,C/D,C,C/D,C/D,C/D,C,C/D,C/D,C/D,C,C/D,C/D,C/D,C/D,C/D,C/D,C/D,C/D,C/D,C/D,C,C/D,C/D,C/D,C/D,C/D,C/D,C/D,No,C,C/D,C/D,C/D,C/D,C/D,C/D,C,No,C/D,C/D,C/D,C/D,C,C/D,C/D,C/D,C/D,C/D,C/D,C,No,C/D,C/D,C/D,C/D,C/D,C/D,C/D,C/D,C/D,C/D,C/D,C/D,C/D,C/D,C/D,C/D,C/D,C/D,C,C/D,C/D,C/D,C/D,C/D,C/D,C/D,C/D,C/D,C/D,C/D,C/D,C/D,C,C/D,C/D,C/D,C,C/D,C/D,C/D,C/D,C/D,C/D,No,C/D,C,C/D,C,C,No,C,C/D,No,C/D,C/D,C,C/D,C/D,C/D,C,C/D,C/D,C,C,C/D,C/D,C,No,C/D,C,C,No,C,C/D,C/D,No,C,C/D,No,C/D,C/D,C/D,C,No,C/D,C/D,C,C/D,C/D,No,C/D,No,C/D,C/D,C,C,No,No,C/D,No,C/D,C/D,C,C/D,C/D,C,No,C/D,C,C/D,No,C,C,C/D,C/D,No,C,C,C,C/D,C,C/D,C/D,C/D,C,No,C/D,C/D,C/D,C/D,No,No,No,C,No,C,C,C/D,C/D,No,C,C/D,C/D,C,C,No,C/D,C/D,No,C/D,C,No,C,C/D,No,No,No,C,C/D,C/D,C/D,C/D,C/D,No,C,C,C/D,C,No,C/D,C/D,C,C/D,C/D,No,C/D,C/D,C/D,C/D,C/D,C/D,C/D,C/D,C,C,C/D,C/D,C/D,C/D,C/D,C/D,C/D,C,No,C/D,No,C/D,C,C/D,C/D,C/D,C/D,C/D,C,C/D,C/D,C,No,C/D,C/D,C,C,No,C/D,No,C,C,C,C/D,No,C/D,C,C,C,C,C,C,C,No,No,C/D,C/D,C/D,No,No,No,C,C,C/D,C/D,C,C,C/D,C,C,C/D,No,No,C/D,C/D,No,C,C,C,No,No,C,C,No,C,C/D,C/D,C/D,C/D,C/D,C/D,C/D,C/D,No,C/D,C,C/D,C/D,C/D,No,C,No,C/D,No,C/D,No,C/D,C/D,No,No,C/D,No,No,C/D,C/D,C/D,C,C/D,C,C,C/D,No,C,C/D,C,C/D,C,C,C,C,C,C,C,C,C,C,C,No,C,No,C,No,No,No,C,C,C,No,C/D,C,C,No,C,C,C/D,C,C/D,No,C,C,C,No,C/D,No,C/D,C,No,No,C,C/D,BL01UK03IT051,UKIT051,669,22.3,2021,gb
R_12clgx2RBVlhJMA,Male,University degree or equivalent,Left school at 18 with A-Levels or equivalent,30,70,0,NA,Italian;30;,English;70;,,50,50,0,NA,Other(s),Bilingual Sardinian and Italian,10,NA,10,Sardinian,I regularly speak both Italian and English to my child,English,NA,NA,10,NA,NA,I always (or almost always) speak English to my child,First,NA,1,11,Always (or almost always) English,,C/D,C/D,C/D,C/D,C,C/D,C/D,C/D,C/D,C/D,C/D,C/D,C,C/D,C/D,C,C/D,C/D,C,C,No,C/D,C/D,C,C,C/D,C,C/D,C/D,C,C/D,C,C/D,C,C/D,C/D,C/D,No,C/D,C/D,C/D,C/D,C/D,C/D,C/D,C/D,C,C/D,C/D,C/D,No,C/D,C/D,C,C/D,C,C/D,No,C/D,No,C,C/D,C,C/D,C,C,C/D,C,C/D,No,C,C/D,C/D,No,C,C,C,C/D,C/D,C/D,No,C/D,C/D,C,C/D,No,C/D,C,C/D,C,C/D,No,C/D,C/D,C/D,C/D,C/D,C/D,C/D,C,C,C,C/D,C,C,C/D,C/D,C/D,C/D,C/D,C/D,C/D,C/D,C/D,C/D,No,No,C,No,C,C,C,No,C,C,C,C,C/D,C,C/D,C,C/D,C,C/D,C/D,C/D,C/D,C,C,C,C/D,C,C,C,No,C,C/D,C/D,C,C,C/D,No,C,C/D,C/D,C,C,C/D,C/D,C/D,C,C/D,No,C/D,No,C/D,C,C/D,C/D,C,C,C/D,C/D,C/D,C/D,C,C/D,C,No,C,C/D,C/D,C/D,No,C/D,C/D,C/D,C/D,C,C,C,C/D,No,C,C/D,C/D,C,C,C,C,C,C,C/D,No,C/D,No,C,C,C,C,C,C/D,No,No,C/D,C,C,C/D,No,C,C,C,C/D,C,No,C,C,C/D,No,C,C,C/D,C/D,C/D,C/D,C,No,No,No,C,C,No,C/D,C/D,C/D,C/D,C/D,C/D,C/D,C/D,C,C/D,C/D,C/D,C,C/D,C,No,C,C,C/D,C,C,C,C,C,C,C,C,C/D,C,C/D,No,C/D,C/D,C/D,C,C,C,C,No,C,C,C,No,No,C,C/D,No,No,No,C,No,No,C,C,C,C,No,C/D,C,No,No,C,C,C,C,No,No,No,C,No,C,C,C,C/D,C,C/D,C,No,C,No,C,C,C,C,C,No,C,C,C,No,C,C,C,C,C,C,C,C,C,C,C/D,C/D,C/D,C/D,C,No,C/D,No,C,No,C,C,C/D,C,C,C,C,C,C,C,C/D,C/D,C,C/D,C,C,C,C,C,C/D,C,No,No,C/D,C/D,No,No,C,C,C,C,C,C,C,C,C,C,C,C/D,C,C,C,C/D,No,C,No,No,No,No,No,C/D,No,No,No,No,No,No,No,C,C,C,C,C,C,C,C,BL01UK04IT039,UKIT039,940,31.33333333,2021,gb
R_Zl8F06MQVTobHSF,Female,University degree or equivalent,University degree or equivalent,40,60,0,NA,Italian;40;,English;60;,,90,10,0,NA,Italian,NA,10,9,NA,NA,I always (or almost always) speak Italian to my child,Italian,NA,10,8,NA,NA,I always (or almost always) speak Italian to my child,First,NA,1,14,Always (or almost always) English,,C,C/D,C/D,C/D,No,C/D,No,C/D,C/D,C/D,C/D,C/D,C,No,C,C,C,C,C,C,No,C/D,C,C,No,C,C/D,C,C,C/D,C,C,C/D,C,C,C,C/D,No,C,C,C,C,No,No,C,C,C,C/D,C/D,C,No,C/D,C,C,C,C,C,C,C,C,C,C,No,C,C,C,C/D,C/D,C/D,No,C/D,No,No,No,C/D,C/D,No,No,No,C/D,No,C/D,C,C/D,No,No,No,No,C,No,No,No,C,No,No,C,No,C,No,C,C,C,C/D,No,No,C,C,C,No,C/D,No,C/D,C/D,C,C,C,No,C/D,No,C,No,C,No,No,No,No,C,C,C,C,No,C,C,No,C,No,C,C,No,No,No,C,C,C,No,C,C,C,No,C,C,No,C,No,No,C,C,C/D,C/D,C,C/D,C,No,C,No,C,C,No,C,No,No,C,C,C,C,No,C,C,No,C,C,No,C,No,C,C,C,C,No,C,C,C,C/D,No,C,C,C,C,No,No,C,C,C,No,C,No,C,C,C,C,C,C,No,C,C,C,No,C,No,No,C,C/D,C,No,No,C/D,C/D,No,No,No,No,C/D,C/D,C/D,C/D,No,No,No,No,No,C/D,No,C/D,C/D,C,No,No,No,C,C,C,C,C,C,C,C/D,C,C/D,C,C/D,C,No,No,C,C,No,C,C,No,C,C,C,No,C,C,C,No,C,C,C,No,C,C,C,No,No,C,C,C,C,C,C,C,C,No,C,C,C,No,C,No,No,No,C,C,C,C,C,No,C,No,C/D,C,C,No,C,C,No,C,No,C,C,C,C,C,No,C,C,No,C,No,C,C,No,No,No,No,No,No,C,No,C,C/D,No,No,No,No,No,No,No,No,No,No,No,No,No,No,C,No,No,No,C,No,No,No,C,No,C,C,No,C,No,No,C,C,No,C,No,No,No,No,No,No,No,No,No,C,No,No,No,No,No,No,C,C,No,No,No,No,No,No,C,C/D,No,No,No,C,C,C,No,No,No,No,No,No,No,No,No,BL01UK02IT065,UKIT065,780,26,2021,gb
R_0dlbKUDVrdjrxVD,Male,University degree or equivalent,Left school at 18 with A-Levels or equivalent,50,50,0,NA,Italian;50;,English;50;,,50,50,0,NA,Italian,NA,10,7,NA,NA,I always (or almost always) speak Italian to my child,English,NA,4,10,NA,NA,I regularly speak both Italian and English to my child,First,NA,1,NA,NA,,C/D,C/D,C/D,C/D,C/D,C/D,C,C/D,C/D,C/D,C/D,C/D,No,C/D,C/D,C/D,C/D,C/D,No,No,C,C/D,C/D,C/D,C/D,C/D,C/D,C,C/D,No,C/D,C,C/D,C,C/D,C/D,C/D,C,C/D,C/D,C/D,C/D,C,C/D,C/D,C/D,C/D,C/D,C/D,C/D,No,C/D,C/D,C/D,C/D,C/D,C/D,C,C,C/D,C,C,C,C/D,C/D,C/D,C/D,C,C/D,C,C/D,No,C,C,C/D,C,C,C,C/D,C/D,C/D,C/D,C/D,C/D,C/D,No,C/D,C/D,C/D,C/D,C,C,C,C/D,C,C/D,C,C,C,C,C,C,C,C,C,C,C/D,C/D,C/D,C/D,C/D,C,C,C/D,C/D,No,C,C/D,C,C/D,C,C,C/D,C,C,C,C/D,No,C,C,C/D,C/D,C/D,C,C,No,C,C,C,C,No,C,C,C,No,C,C/D,C/D,C,C,C,No,C,C,C,C,C/D,C,C,C,C,C/D,No,C,C,C/D,C/D,C,C/D,No,C,C,C,C/D,C/D,C/D,C/D,C/D,C/D,C,C/D,C/D,C,C/D,C,No,C,C/D,No,C,C,C,No,C,C/D,C/D,C,C,C,C/D,C/D,No,C,C,C,C,C,C,C,C,C,C,C/D,C/D,C,C,No,C/D,C,C,C,C,C/D,C,No,C/D,No,C,No,C,C,C/D,C/D,C/D,C/D,C/D,No,C,C,C,C,No,C,C,C,C/D,C/D,C/D,C,C/D,C,C/D,C,C/D,C,C/D,C/D,No,C,C/D,C/D,C,C,C/D,C,C,C,C/D,C,C/D,C,C/D,C/D,C/D,C,C/D,C/D,C/D,C/D,C,C,C,C/D,C/D,C,C,C/D,C,C,C,C,C/D,C,C,C/D,C,C/D,C/D,C,C,C,No,C,C/D,C/D,C/D,C,C,No,C,C,No,C,C,C,C/D,C/D,C,C,C,No,C,C,C,C,C,C,C,C,C,C,No,C,C/D,C,No,C,No,No,C,C/D,C/D,C/D,C/D,C/D,C/D,C,C,No,No,C,No,C,C/D,C/D,C/D,No,C,C/D,C/D,No,C/D,C/D,C,C/D,C/D,C/D,C,C/D,No,C,No,C,No,No,C,C,No,C,C,C,C,C/D,C/D,C,C,C,C,C/D,C,C/D,C/D,C/D,C,C,C,C,C/D,C,C,C/D,C,C/D,C/D,C,C,C,C,C/D,C,C/D,C,C/D,C/D,C,C,C/D,C,BL01UK06IT016,UKIT016,750,25,2021,gb
R_3G24EsFyKrZhhyh,Female,University degree or equivalent,University degree or equivalent,20,80,0,NA,Italian;20;,English;80;,,30,70,0,NA,Italian,NA,10,9,6,German ,I regularly speak both Italian and English to my child,English,NA,6,10,NA,NA,I always (or almost always) speak English to my child,First,NA,1,13,Always (or almost always) English,,No,No,C/D,No,C/D,No,No,C/D,C/D,No,No,C/D,No,C,C,C,C,C,No,No,No,C,C,C,C,C,C,No,C,C,C,No,No,C,C,C,No,No,C,C,C,No,No,No,C,No,C,C,C,C,No,C,C,No,No,C,C,C,No,No,C,C,No,C,No,C/D,C/D,C,C/D,No,C,No,C/D,No,C,No,No,C,No,C/D,No,C,C,No,C/D,No,C,C,C/D,No,No,C,C/D,No,C,C,C,C,C,C,C,C,C,C,C,C,C/D,C,C,No,C,C,C,C,C,No,C,C,No,C,No,No,No,C,C/D,No,C,C,No,C,C,C,No,No,C,No,C,No,C,No,No,C,C,C,No,No,C,C,C,C,C,No,No,C,No,No,No,C,C,C,No,C/D,No,No,No,C/D,C,No,C,No,No,No,No,No,No,No,No,C,C,No,C/D,No,C,No,No,C,C,C,No,No,No,C,No,No,C,C,C,No,No,C,No,No,C,No,No,No,C,No,No,No,C,C,No,C,C,No,No,No,No,No,C,C,C,No,No,C,No,C,No,No,No,C/D,C/D,C/D,C/D,No,No,No,No,No,No,No,No,No,C,No,C/D,C,C,C/D,C,C,C,C/D,No,C/D,C,No,C,C/D,C,No,C,No,C,C,No,C,No,C,No,C,C,C,C,C,C,C,No,C,C,C,C,No,No,C,C,C,No,No,C,C,No,C/D,C,No,C,No,No,C,No,No,No,C,C,C,C,C,No,C,No,No,C,C,C,C,No,No,No,No,No,C,C,C,C,No,No,No,No,No,No,No,C,No,No,No,No,No,No,C,C,C,C/D,No,C,C,No,No,No,No,No,No,No,No,C/D,C,No,No,C,No,No,C,C,No,No,C,C,No,No,No,No,C/D,C,C,No,No,C,No,No,No,C/D,No,No,No,No,No,C,No,C,No,C,C,C,C,C,No,C,C,No,No,C,C,No,C,No,No,C,C,No,C/D,C,No,C,C,No,No,C/D,C,BL01UK05IT037,UKIT037,721,24.03333333,2021,gb
R_3KxQ2Lzpmznudl3,Female,Left school at 18 with A-Levels or equivalent,Left school at 18 with A-Levels or equivalent,60,40,0,NA,Italian;60;,English;40;,,90,10,0,NA,Italian,NA,10,8,9,Portuguese,I always (or almost always) speak Italian to my child,Italian,NA,10,8,NA,NA,I regularly speak a mix of Italian / English / other languages to my child,Second,NA,2,12,Always (or almost always) English,,C/D,C/D,C/D,C/D,No,No,C/D,C/D,C/D,C/D,C/D,C/D,No,No,C,C,C,C,No,C,No,C/D,C,C,C,C,C,C,C,C,C/D,C,C,C,C,C,No,No,C,C,C,No,No,C,C,C,C,C,C,C,No,C,C,C,C,C,C,C,C,C,C,C,C,C,C,C,C/D,No,C/D,No,C/D,No,No,No,C,No,No,C,C,C/D,No,C,C,C/D,C/D,C,No,C,C/D,No,C/D,No,No,C,C,C,C,C,C,C,C,C,C,C,C,No,C,C,C,No,C,C,C/D,C,No,C,No,C,No,C,C,No,C,No,No,No,C,C,No,No,C,C,C,No,C,No,C,No,C,No,C,C,C,No,No,C,C/D,C,C,C,C,No,No,C,C,C,C,C/D,C,C,C,C,No,No,No,C,C,No,C,No,No,No,No,No,C,No,C,No,No,No,C,C,No,No,No,C,C,C,No,No,C,C,No,C,C,C,C,C,No,C,C,No,C/D,No,C,No,No,No,C,C,C,C,No,No,C,C,C,No,No,C,C,No,C,C,No,C,C,C,C,No,No,C/D,C/D,C/D,C/D,No,No,No,No,No,No,No,No,No,C,C/D,C,C,No,C/D,No,C/D,C,C/D,C,C/D,C,C,C,No,C/D,C,C,C/D,C,No,No,C,No,C,C,C,No,C,C,C,C,C,C,C,C,C,C,C,No,No,C,C,C,C,C,C,No,C,C,No,No,C,No,C,No,No,C,C,No,C,C,C,C,C,No,C,C,C,C,C,No,No,C,No,C,No,C,C,C,No,No,C,No,No,C,No,C,No,C,C,C,C,C,C,C,C,C/D,No,C/D,C,C,No,No,No,C,No,C,No,C,C,No,No,C,No,No,No,C,No,No,C,C,C,C,No,No,C,No,C,C,C,C,C,No,C,No,No,No,No,No,No,C,C,C,No,C,C,C,C,C,C,C,C,No,No,C,C,C/D,C,C/D,No,C,C,C/D,No,C,C,C,C/D,No,No,C,C,BL01UK02IT069,UKIT069,639,21.3,2021,gb
R_2t3AXo97nE2tSFm,Male,University degree or equivalent,Left school at 16 with GCSE or equivalent,49,49,2,German,Italian;49;,English;49;,German;2;,49,49,2,German,Italian,NA,10,9,8,"Spanish,french,german",I always (or almost always) speak Italian to my child,English,NA,NA,10,NA,NA,I always (or almost always) speak English to my child,First,NA,1,18,Always (or almost always) English,,C,C,No,C/D,No,C,C/D,C,C,C/D,No,No,No,C,No,C,C,C,No,C,C,No,No,No,C,C,No,C,C,C,C,C,C,C,C,C,No,No,No,C,C,No,No,No,No,C,C,C,No,C,No,No,No,No,No,C,C,No,No,C,C,C,C,C,C,C,No,No,C,No,C,No,No,No,No,C,No,C,C,C,No,C,C,C/D,C,C,C,C,C,No,No,No,No,No,No,C,C,C,C,C,No,C,C,C,C,C,C,C,C,No,C,C,C,C,No,C,C,C,C,C,No,No,No,C,C,No,No,C,C,C,C,C,No,No,C,No,C,No,C,No,No,C,C,C,No,No,C,C,No,No,C,No,C,C,C,C,No,C,C,C,No,C,No,C,No,No,No,No,No,C,C,No,No,C,C,No,No,No,C,No,No,No,No,No,C,C,C,C,No,C,No,C,C,C,C,C,C,C,No,C,C,No,C,No,C,No,C,No,C,No,C,C,No,No,No,C,No,No,No,No,C,C,C,C,C,C,C,No,No,No,C,C/D,C/D,C,C/D,C,No,No,No,No,No,No,C,C,C,C,C,C,C,C,C,C,C,C,C,C,C,C,C,C,C,No,No,C,C,No,No,C,No,C,No,C,C,C,C,C,C,C,C,C,No,C,C,C,C,No,C,C,C,No,C,C,C,C,C,C,C,C,No,C,No,No,C,C,C,C,No,No,No,No,No,C,C,No,C,C,No,C,No,No,No,No,C,C,C,C,C,C,C,No,No,No,C,C,C,C,C,C,C,C,C,C,C,C,C,C,No,No,No,C,C,No,C,C,C,C,No,C,C,C,No,C,C,C,C,C,C,No,C,No,C,C,C,No,No,No,No,No,No,No,No,No,No,No,No,No,No,C,C,C,C,C,C,C,C,C,C,C,No,No,C,C,C,C,C,No,C,C,C,No,C,No,C,C,No,No,C,No,BL01UK03IT047,UKIT047,648,21.6,2021,gb
R_xtq8Zbb3FROfMNb,Female,University degree or equivalent,University degree or equivalent,50,50,0,NA,Italian;50;,English;50;,,100,0,0,NA,Italian,NA,10,10,NA,NA,I always (or almost always) speak Italian to my child,Italian,NA,10,10,NA,NA,I always (or almost always) speak Italian to my child,First,NA,1,10,Always (or almost always) English,,C/D,C/D,C/D,C/D,C/D,C/D,C/D,C/D,C/D,C/D,C/D,C/D,C/D,C/D,C/D,C/D,C/D,C/D,C/D,C/D,C/D,C/D,C/D,C/D,C/D,C/D,C/D,C/D,C/D,C/D,C/D,C/D,C/D,C/D,C/D,C/D,C/D,C/D,C/D,C/D,C/D,C/D,C/D,C/D,C/D,C/D,C/D,C/D,C/D,C/D,C,C/D,C/D,C/D,C/D,C/D,C/D,C/D,C/D,C/D,C/D,C/D,C/D,C/D,C/D,C/D,C/D,C/D,C/D,C/D,C/D,C/D,C/D,C/D,C/D,C/D,C/D,C/D,C/D,C/D,C/D,C/D,C/D,C/D,C/D,C/D,C/D,C/D,C/D,C/D,C/D,C/D,C/D,C/D,C/D,C/D,C/D,C/D,C/D,C/D,C/D,C/D,C/D,C/D,C/D,C/D,C/D,C/D,C/D,C/D,C/D,C/D,C/D,C/D,C/D,C/D,C/D,C/D,C/D,C/D,C/D,C/D,C/D,C/D,C/D,C/D,C/D,C/D,C/D,C/D,C/D,C/D,C/D,C/D,C/D,C/D,C/D,C/D,C/D,C/D,C/D,C/D,C/D,C/D,C/D,C/D,C/D,C/D,C/D,C/D,C/D,C/D,C/D,C/D,C/D,C/D,C/D,C/D,C/D,C/D,C/D,C/D,C/D,C/D,C/D,C/D,C/D,C/D,C/D,C/D,C/D,C/D,C/D,C/D,C/D,C/D,C/D,C/D,C/D,C/D,C/D,C/D,C/D,C/D,C/D,C/D,C/D,C/D,C/D,C/D,C/D,C/D,No,C/D,C/D,C/D,C/D,C/D,C/D,C/D,C/D,C/D,C/D,C/D,C/D,C/D,C/D,C/D,C/D,C/D,C/D,C/D,C/D,C/D,C/D,C/D,C,C/D,C/D,C/D,C/D,C/D,C/D,C/D,C/D,C/D,C/D,C/D,C/D,C/D,C/D,C/D,C/D,C/D,C/D,C/D,C/D,C/D,C/D,C/D,C/D,C,C,C,C/D,C/D,C/D,C/D,C/D,C/D,C/D,C/D,C/D,C/D,C/D,C/D,C/D,C/D,C/D,C/D,C/D,C/D,C/D,C/D,C/D,C/D,C/D,C/D,C/D,C/D,C/D,C/D,C/D,C/D,C/D,C/D,C/D,C/D,C/D,C/D,C/D,C/D,C/D,C/D,C/D,C/D,C/D,C/D,C/D,C/D,C/D,C/D,C/D,C/D,C/D,C/D,C/D,C/D,C/D,C/D,C/D,C/D,C/D,C/D,C/D,C/D,C/D,C/D,C/D,C/D,C/D,C/D,C/D,C/D,C/D,C/D,C/D,C/D,C/D,C/D,C/D,C/D,C/D,C/D,C/D,C/D,C/D,C/D,C/D,C/D,C/D,C/D,C/D,C/D,C/D,C/D,C/D,C/D,C/D,C/D,C/D,C/D,C/D,C/D,C/D,C/D,C/D,C/D,C/D,C/D,C/D,C/D,C/D,C/D,C/D,C/D,C/D,C/D,C/D,C/D,C/D,C/D,C/D,C/D,C/D,C/D,C/D,C/D,C/D,C/D,C/D,C/D,C/D,C/D,C/D,C/D,C/D,C,C/D,C/D,C,C/D,C/D,C/D,C/D,C,C,C/D,C/D,C/D,C/D,C/D,C/D,C/D,C/D,C/D,C/D,C/D,C/D,C/D,C/D,C/D,C/D,C/D,C/D,C/D,C/D,C/D,C/D,C/D,C/D,C/D,C/D,C/D,C/D,C/D,C/D,C/D,BL01UK05IT020,UKIT020,946,31.53333333,2021,gb
R_1ODJJBUawok7ArC,Male,University degree or equivalent,University degree or equivalent,40,60,0,NA,Italian;40;,English;60;,,60,40,0,NA,Italian,NA,10,9,NA,NA,I always (or almost always) speak Italian to my child,English,NA,6,10,NA,NA,I always (or almost always) speak English to my child,First,NA,1,12,Always (or almost always) English,,No,C,C,No,No,C,No,C,No,No,C,No,No,No,No,No,C,C,No,No,No,No,No,No,No,C,No,No,No,No,No,No,No,No,C,No,No,No,No,No,No,No,No,No,No,No,No,No,No,No,No,No,No,No,No,C,No,No,No,No,No,C,C,C,No,No,No,No,No,No,No,No,No,No,No,No,No,No,No,C,No,No,C,C,No,No,No,No,No,No,No,No,No,No,No,No,No,No,No,No,No,No,No,No,No,No,No,No,No,No,C,C,No,No,No,No,No,No,No,No,No,No,No,C,No,No,No,C,No,No,C,C,No,No,C,No,No,No,No,No,No,No,C,No,No,No,No,No,No,No,No,No,No,No,No,No,No,C,No,No,No,C,No,No,No,No,No,No,No,No,No,No,No,No,No,No,No,No,No,No,No,No,No,No,No,No,No,No,No,No,No,No,C,No,No,No,No,No,No,No,No,No,No,No,No,No,No,No,No,No,No,No,No,No,No,No,No,No,No,No,No,No,No,No,No,No,No,No,No,No,No,C,C,C,No,No,No,No,No,No,No,No,C,C,No,No,C,No,No,C,No,No,C,C,No,C,C,No,No,No,C,C,No,No,No,No,No,No,No,No,No,No,No,C,No,No,No,No,No,No,No,No,No,No,No,No,No,No,No,No,No,No,No,No,No,No,No,No,No,No,No,No,No,No,No,C,No,No,No,No,No,No,No,No,No,No,No,No,No,No,No,No,No,No,No,No,No,No,No,No,No,No,No,No,No,No,No,No,No,No,C,C,No,No,No,No,No,No,No,No,No,No,No,No,No,No,No,No,No,No,No,No,No,No,No,No,No,No,No,No,No,No,No,No,No,No,No,No,No,No,No,No,No,No,No,No,C,C,No,No,No,No,No,No,No,No,No,No,No,No,No,No,No,No,No,No,No,No,No,No,No,No,No,No,No,No,No,No,BL01UK02IT075,UKIT075,456,15.2,2021,gb
R_26new5yHI6JHMDf,Female,University degree or equivalent,University degree or equivalent,50,50,0,NA,Italian;50;,English;50;,,60,40,0,NA,Italian,NA,10,8,NA,NA,I regularly speak both Italian and English to my child,Italian,NA,10,8,NA,NA,I regularly speak both Italian and English to my child,First,NA,1,12,Always (or almost always) English,,C/D,C/D,C/D,C/D,C/D,C/D,C/D,C/D,C/D,C/D,C/D,C/D,C,C/D,C/D,C/D,C/D,C/D,C/D,C/D,C,C/D,C/D,C/D,C/D,C/D,C/D,C/D,C/D,C/D,C/D,C,C/D,C/D,C/D,C/D,C/D,C/D,C/D,C/D,C/D,C/D,C,C/D,C/D,C/D,C/D,C/D,C/D,C/D,No,C,C/D,C/D,C/D,C/D,C/D,C,C/D,No,C/D,C/D,No,C/D,C/D,C/D,C/D,C/D,C/D,C/D,C/D,C,C/D,C/D,C/D,C/D,C,C/D,C/D,C/D,C/D,C/D,C/D,C/D,C/D,C/D,C/D,C/D,C/D,C/D,C/D,No,C/D,C/D,C/D,C/D,C/D,C/D,C/D,C/D,C/D,C/D,C/D,C/D,C/D,C,C/D,C/D,C/D,C,C/D,C/D,C/D,C/D,C/D,C/D,C,C/D,No,C/D,C,No,C/D,C/D,C/D,C,C/D,C/D,C/D,C/D,C/D,C/D,C/D,C/D,C/D,C/D,C,C,C/D,C,No,C/D,C,C,No,C,C/D,C/D,No,C/D,C/D,No,C/D,C/D,C/D,C,No,C/D,C/D,C/D,C/D,C/D,C,C/D,No,C/D,C/D,C/D,C/D,No,C,C/D,C/D,C/D,C/D,C/D,C/D,C/D,C/D,C/D,C/D,C/D,C/D,C,C,C,C/D,C/D,No,C,C,C,C/D,No,C/D,C/D,C/D,C,No,C/D,C/D,C,C/D,No,No,No,C,No,C/D,No,No,No,No,No,C/D,C/D,No,C,No,C/D,C/D,C,C/D,C,No,C,C/D,No,No,C,C,C/D,C/D,C/D,C/D,C/D,No,C/D,C/D,C/D,No,No,C/D,C/D,C,C,C/D,C/D,C/D,C/D,C/D,C/D,C/D,C/D,C,C/D,C/D,C,C/D,C/D,C/D,C/D,C/D,C/D,C/D,C,No,C/D,No,C/D,C,C/D,C/D,C/D,C/D,C/D,C/D,C/D,C/D,C,No,C,C,No,No,No,C,No,C/D,C,C,C,No,C/D,C/D,C,C,C/D,No,C/D,C,No,No,C/D,C/D,C/D,C,No,C,No,C,C/D,C/D,C,No,C/D,C,C/D,C/D,C,C,C/D,C/D,C,C/D,C/D,C,C,No,No,No,No,C/D,C,C,C,C/D,C,C,C/D,C/D,C/D,C/D,C,C/D,C/D,C/D,No,No,No,C/D,No,C/D,No,C/D,C/D,No,C,C/D,C/D,No,C/D,C/D,No,C,C/D,C,C,C/D,C,C/D,C/D,C/D,C/D,C/D,No,C/D,C,C,C,C/D,C,C,C,C,No,C/D,No,C/D,No,No,C,C,C/D,C/D,No,C/D,C/D,C,C,C/D,C/D,C/D,C/D,C/D,C,C/D,C/D,No,C/D,C/D,C/D,C/D,C/D,No,No,C/D,C/D,BL01UK04IT051,UKIT051,740,24.66666667,2021,gb
R_2Ebe3t8RQisk7Ui,Male,University degree or equivalent,University degree or equivalent,100,0,0,NA,Italian;100;,English;0;,,100,0,0,NA,Italian,NA,10,7,NA,NA,I always (or almost always) speak Italian to my child,Italian,NA,10,7,NA,NA,I always (or almost always) speak Italian to my child,First,NA,1,11,Always (or almost always) English,,C/D,C/D,C/D,C/D,C/D,C/D,C/D,C/D,C/D,C/D,C/D,C/D,C,C,C,C,C/D,C,No,C,C,C,C,C,C,C/D,C,No,C,C,C/D,C,C/D,C,C/D,C/D,C,C,C,C,C,C,C,C,C,C,C,C/D,C/D,C/D,No,C/D,C/D,C/D,C/D,C/D,C/D,C/D,C,C,C,C/D,C/D,C/D,C,C,C/D,C,C/D,C,C/D,No,C/D,C/D,C/D,No,C,C/D,C/D,C/D,C,C/D,No,No,No,No,No,No,No,No,No,No,No,No,No,C,C,C,C,C,C,C/D,C/D,C,C,C,C/D,C/D,C/D,C,C/D,C/D,C/D,C/D,C,C,No,C/D,C,C,No,No,No,C/D,C,C/D,C/D,C,C/D,C/D,C/D,C/D,C/D,C,C/D,No,C,C,C,C,No,C/D,C,C,No,C,C/D,C,C,C/D,C,No,C,C,No,C,No,C/D,C,C,C,C/D,C,C/D,C,C,C,C,C/D,C,C,No,C,C/D,C/D,C,C,C/D,No,C,C/D,C/D,C/D,No,C,No,C,C,No,No,C,C,No,No,C,C,No,No,No,C,C/D,C,C/D,No,No,No,No,No,C,No,C,C,C,C,C,C,No,C,No,C/D,No,C,C,C/D,C/D,C/D,C,No,No,C,C,C/D,C/D,C/D,C/D,C,No,C,C,C,C,No,C/D,C/D,C,C/D,C/D,C/D,C,C/D,C,C/D,C/D,C/D,C,C/D,C/D,C/D,C,C,C/D,C,C/D,C,C,C,No,No,C,C/D,No,C/D,C,C,C,C,C,C,C,C,C,C,C/D,C,C,No,C,C,C,C,C,C,No,C,C,C,C,C,No,C,No,No,No,C,C,C,C,C,No,No,C,C,C,C,C,No,No,C,C,C,C,C,C,C,C,C,C,C,C,C,No,C,C,C,C,C,C,C,C,C,C/D,C/D,C/D,C/D,C/D,C/D,No,No,C,C,C,No,C/D,C,C/D,C/D,C,C,C/D,C,C,C,C/D,C,C,C/D,C,C,C/D,C,C,C/D,C,C,C,No,C,No,No,C,No,No,No,C,C,No,C,C/D,C/D,C,C,C,C,C/D,C/D,C,C,C,No,No,C,No,C,No,C,No,C,C,C,No,No,No,No,No,No,No,No,No,BL01UK03IT056,UKIT056,645,21.5,2021,gb
R_216f1kA32VX74cW,Male,University degree or equivalent,University degree or equivalent,35,65,0,NA,Italian;35;,English;65;,,60,40,0,NA,Italian,NA,10,8,NA,NA,I always (or almost always) speak Italian to my child,English,NA,5,10,NA,NA,I always (or almost always) speak English to my child,First,NA,1,26,Always (or almost always) English,,C,C,C/D,C,C,C,C,C,C/D,No,C/D,C,No,C,No,No,C,No,No,No,No,No,C,C,No,C,No,No,No,C,C,C,C,C,C,C,No,No,No,No,C,C,No,C,No,No,C,C,C,C,No,No,No,No,No,C,C,No,C,No,C,C,No,C/D,C,C,C/D,C,C/D,No,C,No,No,No,C,C,No,No,C,C,No,C,C,No,C,C,No,No,No,No,No,No,No,C,C,C,No,C,C,No,No,C,No,No,No,No,C,C,C,No,C,No,C,C,No,No,No,C,No,C,No,No,No,No,No,No,No,C,No,No,C,C,No,No,C,No,No,No,No,No,No,C,C,C,No,No,C,C,No,C,No,No,No,No,No,No,No,C/D,C,No,C,C,No,No,No,C,No,No,No,No,No,No,No,C,C,No,No,C,No,No,No,No,C,No,No,No,C,No,No,No,No,No,No,No,C,C,No,No,No,C,No,C,No,No,No,No,C,C,No,No,No,C,No,C,C,C,No,No,No,C,C,No,No,No,No,No,No,No,No,No,C,C/D,C/D,No,C/D,No,No,No,No,No,No,No,No,No,C,No,No,No,No,C,C,No,C,C,C,No,C,No,No,No,No,No,No,No,C,No,No,C,No,C,No,C/D,No,C,C,C,C,C,C,No,No,C,C,No,No,No,C,C,No,No,No,C,No,C,No,No,No,C,No,C,No,No,No,No,C,C,No,No,No,C,C,C,C,C,C,C,No,No,C,No,No,No,C,No,C,No,No,No,No,C,No,No,C,No,C,No,No,No,No,C,C,No,C/D,No,C,No,No,No,No,No,No,No,No,No,C,No,No,No,No,No,No,No,C,No,No,No,No,No,C,No,No,C,No,C,No,No,C,No,No,No,No,No,No,No,No,No,C,No,No,No,No,No,No,C,C,No,No,C,No,No,No,C,No,No,C,No,C,C,C,No,C,No,C,C,No,No,No,No,BL01UK05IT012,UKIT012,944,31.46666667,2021,gb
R_3LbVdieYawoiSdw,Male,University degree or equivalent,University degree or equivalent,50,50,0,NA,Italian;50;,English;50;,,80,20,0,NA,Italian,NA,10,8,5,Spanish,I always (or almost always) speak Italian to my child,Italian,NA,10,8,NA,NA,I always (or almost always) speak Italian to my child,Other,Twins,1,12,Always (or almost always) English,,C/D,C/D,C/D,C/D,C/D,C/D,C/D,C/D,C/D,C/D,C/D,C/D,C,C/D,C/D,C/D,C/D,C/D,C,C/D,No,C/D,C/D,No,C,C/D,C/D,C/D,C/D,C/D,C/D,C,C/D,No,C/D,C/D,C/D,No,C/D,C/D,C/D,C/D,C/D,C/D,C/D,C/D,C/D,C/D,C/D,C/D,No,C/D,C/D,C/D,C/D,C/D,C/D,C,C,C,C,C/D,C,C/D,C,C/D,C/D,C/D,C/D,C,C/D,C/D,C/D,C,C,No,C/D,C/D,C/D,C/D,C/D,C/D,C/D,C/D,C/D,C/D,C/D,C/D,C/D,C/D,C/D,C/D,C/D,C/D,C/D,C/D,C/D,C/D,C/D,C/D,C/D,C/D,C/D,C/D,C/D,C/D,C/D,C/D,C/D,C/D,C/D,C/D,C/D,C/D,C/D,C,C,C/D,No,C/D,C/D,C,C,C/D,C/D,C,C/D,C/D,C/D,C/D,C/D,C/D,C/D,C/D,C/D,No,C,C,C,C,C,C/D,C,C,C,C,C/D,C/D,C,C,C,C,C/D,C/D,C/D,C,No,C/D,C/D,C/D,C,C/D,C/D,C/D,C,C/D,C/D,C/D,C/D,C,C/D,C/D,C,C/D,C/D,C,C/D,C/D,C/D,C/D,C/D,C/D,C/D,C/D,C,C,C/D,C/D,C,C/D,C/D,C/D,C/D,C/D,C/D,C/D,C,C,C,C/D,C/D,C/D,C/D,No,C/D,No,C/D,No,C/D,No,No,C,No,C,C,C,C,C/D,No,C/D,C/D,C/D,C/D,C/D,No,C/D,C/D,C/D,C/D,C/D,No,C/D,C/D,C/D,C/D,C/D,C,C/D,C/D,C/D,C/D,No,C/D,C/D,C/D,C,C/D,C/D,C/D,C/D,C/D,C,C/D,C/D,C/D,C/D,C/D,C/D,C/D,C/D,C/D,C,C,C/D,C,C,C,C,C,C,C,C/D,C/D,C,C,C/D,C,C,C/D,C/D,C/D,C/D,C/D,C,C,C,C/D,C/D,C/D,C,C,C,C,C,C,C,C,C,C,C,C/D,C,C,C,C/D,C/D,C/D,C,C,C,C,C,C/D,C,C,C/D,C,C,C,C,C,C,C,C,C,C,C,C,C,C,C,C,C,C,C,C,C,C,C,C,C/D,C/D,C/D,C/D,C/D,C/D,C/D,C/D,C,C,C/D,No,C/D,C/D,C/D,C/D,C/D,No,C,C,No,C,C/D,C/D,C/D,C/D,C/D,C/D,C/D,C,C,C/D,C,C,C,C,C/D,C/D,C,C,C,C,C,C,C,C,C,C,C/D,C,C/D,C/D,C/D,C/D,C/D,C,C,C,C/D,C/D,C/D,C/D,C/D,C/D,C/D,C,C,C,C,C/D,C/D,C,C/D,C/D,No,No,C/D,C/D,BL01UK04IT053,UKIT053,812,27.06666667,2021,gb
R_1odL97MB8tN0SVJ,Male,University degree or equivalent,University degree or equivalent,60,40,0,NA,Italian;60;,English;40;,,90,10,0,NA,Italian,NA,10,8,7,French ,I regularly speak both Italian and English to my child,Italian,NA,10,8,5,German and French ,I always (or almost always) speak Italian to my child,First,NA,1,16,Always (or almost always) English,,C,No,C,C,No,C,C,C,C,No,C,C,No,No,No,No,C,C,No,No,C,No,No,No,C,C,No,C,C,No,C,No,C,C,No,C,No,No,No,No,C,No,No,No,No,No,C,C,C,C,No,No,No,No,No,C,C,No,No,No,No,C,C,C,C,No,C,C,C,No,C,No,No,No,C,No,No,No,No,C,No,C,C,C,C,No,No,C,No,No,No,No,No,No,No,C,No,C,C,No,No,C,No,No,No,No,C,C,C,No,C,No,C,C,No,No,No,C,No,C,C,No,No,No,No,No,No,C,No,No,No,C,No,No,C,No,No,No,No,No,No,No,No,No,No,No,No,No,No,No,No,No,No,No,No,No,No,C,C,No,No,No,No,No,No,C,No,No,No,No,No,No,No,No,No,No,No,No,No,No,No,No,No,No,No,No,No,No,No,No,No,C,C,No,C,No,C,No,No,No,No,No,C,No,No,No,No,No,No,No,No,No,No,No,No,No,No,No,No,No,C,No,C,No,No,No,C,No,No,No,No,C/D,C/D,C,C/D,No,No,No,No,No,No,No,No,No,No,No,No,No,No,C,No,C,C,C,C,C,C,No,No,No,C,No,No,No,No,No,No,No,No,No,No,No,No,C,No,C,No,No,No,No,No,No,No,No,No,No,No,C,No,No,No,No,No,C,No,No,No,No,No,No,No,No,No,C,No,No,No,No,No,No,No,No,No,No,C,No,No,No,No,No,No,No,C,No,No,No,No,No,No,No,C,No,No,No,No,No,No,No,No,No,No,No,No,No,C,No,No,No,No,No,No,No,No,No,No,No,No,No,No,No,No,No,No,No,No,No,No,No,No,No,No,No,No,No,No,No,C,No,No,No,No,No,No,No,No,No,No,No,No,No,No,No,No,No,No,No,No,No,No,No,No,No,C,No,No,No,No,No,No,No,C,No,No,No,No,No,No,No,BL01UK02IT071,UKIT071,566,18.86666667,2021,gb
R_25tkeFqfzk639IN,Female,University degree or equivalent,University degree or equivalent,50,50,0,NA,Italian;50;,English;50;,,80,20,0,NA,Italian,NA,10,9,NA,NA,I always (or almost always) speak Italian to my child,Italian,NA,10,7,NA,NA,I always (or almost always) speak Italian to my child,First,NA,1,13,Always (or almost always) English,,C/D,C/D,No,No,No,No,C/D,C/D,C/D,No,No,C/D,No,C/D,C/D,No,C/D,C/D,No,No,No,C/D,C/D,C/D,No,C/D,C/D,C/D,C/D,C/D,C/D,No,C/D,C,C,C,C,No,C/D,C/D,C/D,C/D,No,C/D,C/D,C,C/D,C/D,C/D,C/D,No,C/D,C/D,C/D,C/D,C/D,C/D,C/D,No,No,C,C/D,C,C/D,C,C/D,C/D,C/D,C/D,No,C/D,C/D,C/D,No,C/D,C/D,No,C/D,C/D,C/D,C,C/D,C/D,C/D,C/D,C/D,C,C,C/D,C/D,No,No,No,C/D,C/D,C/D,C/D,C/D,C/D,C/D,No,C/D,C/D,C/D,C/D,C/D,C/D,C/D,C/D,C/D,C/D,C/D,C/D,C/D,No,No,C,C/D,No,C/D,C,C,No,C/D,C/D,C,C/D,C/D,No,C/D,C/D,C/D,No,No,C/D,No,C,C/D,C,C,C,C/D,C,C,No,No,C/D,C,No,C,C/D,No,C/D,C/D,C/D,No,C,C/D,C/D,C/D,C,C/D,No,No,No,C,C,No,C/D,C/D,No,No,No,C,C/D,C,No,C,C,C,C/D,C/D,C/D,No,C/D,C/D,C/D,C/D,No,C/D,C/D,C/D,C/D,No,C/D,C/D,C/D,C/D,C,C/D,C/D,No,C/D,No,C/D,No,No,No,C,C,C/D,C/D,C,No,C/D,C/D,C,No,No,C/D,C/D,C/D,C/D,C,No,C,C/D,C/D,No,No,No,C/D,C/D,C/D,C/D,No,No,No,No,C/D,C/D,No,C/D,No,C/D,C/D,C/D,C/D,C,C/D,C/D,C,C/D,C/D,C,C/D,C/D,No,C,C/D,C/D,C,C/D,C/D,C,C,No,C,No,C/D,C,C,No,C,C,C,No,C/D,C,C,C,C,C/D,C/D,C,No,C/D,No,No,C,C,C,C,C,C,C,C,C,No,C,C/D,No,No,C/D,C,C/D,No,C/D,No,C,C,C,C/D,C,C/D,C/D,No,No,C,No,No,C,C,C,C,C,C,C,C,C,C,No,C,No,C,C,C/D,No,No,C/D,C/D,C/D,C/D,C/D,C/D,C/D,No,No,No,C/D,No,No,C/D,No,C/D,C/D,C/D,C/D,C/D,C,No,C/D,C/D,C/D,No,C/D,C/D,No,C/D,No,No,C/D,No,C,C,No,C/D,No,C,C/D,C/D,C,C,C,C/D,C,C/D,No,C,No,C,C,C/D,No,No,No,C,C,No,C,C,C,C,C,C,C,C,C,C,No,C/D,C/D,C/D,C/D,No,No,C/D,C,BL01UK02IT077,UKIT077,855,28.5,2021,gb
R_2bZT1Q2KQpzTIbh,Male,University degree or equivalent,University degree or equivalent,60,40,0,NA,Italian;60;,English;40;,,100,0,0,NA,Italian,NA,10,7,NA,NA,I always (or almost always) speak Italian to my child,Italian,NA,10,7,NA,NA,I always (or almost always) speak Italian to my child,First,NA,1,11,Always (or almost always) English,,C/D,C/D,C/D,C/D,C/D,C/D,C/D,C/D,C/D,C/D,C/D,C/D,C,C/D,C/D,C,C/D,C/D,C,C/D,C,C/D,C,C/D,C/D,C/D,C/D,C/D,C/D,C/D,C/D,C/D,C/D,C/D,C/D,C/D,C,C,C/D,C/D,C/D,C,C,C/D,C/D,C/D,C,C/D,C/D,C/D,C,C/D,C/D,C/D,C/D,C/D,C/D,C,C,C/D,C/D,C/D,C,C/D,C,C/D,C/D,C/D,C/D,C/D,C/D,No,C/D,C/D,C/D,No,C/D,C/D,C/D,C/D,C/D,C/D,C/D,C/D,C/D,C/D,C/D,C/D,C/D,C/D,C/D,C/D,C/D,C/D,C,C/D,C/D,C/D,C/D,C/D,C/D,C/D,C/D,C,C,C,C/D,C/D,C/D,No,C/D,C/D,C/D,C/D,No,C/D,C/D,C/D,C/D,C/D,C/D,C,C,C/D,C/D,C/D,C/D,C/D,C/D,C/D,C/D,C/D,C/D,C/D,C/D,No,C/D,C,C/D,C,C,C/D,C/D,C/D,C,C,C/D,C/D,C/D,C/D,C/D,C,C/D,C/D,C/D,C,No,C/D,C,C/D,C,C/D,No,C/D,C,C,C,C/D,C/D,C/D,C/D,C,C,C/D,C/D,C,C,C,C,C,C/D,C,C/D,C/D,C,C,C/D,C/D,No,C,C,C/D,No,C,C/D,C/D,C,C,C,C/D,C/D,C/D,C/D,No,C/D,No,C,C,C/D,No,C,C/D,C/D,C,C,C,No,No,C/D,C/D,C,C,C/D,C,C,C/D,C/D,C/D,No,C,C,C/D,C/D,C/D,C/D,C/D,C,C,C,C,C,No,C/D,C/D,C,C/D,C/D,C/D,C/D,C/D,C,C/D,C/D,C/D,C,C/D,C,C,C/D,C/D,C/D,C,C/D,C/D,C/D,C,C,C,C,C/D,C,C/D,C/D,C/D,C/D,C/D,C/D,C/D,C,C/D,C/D,C,C/D,C/D,C,C,C/D,C/D,C/D,C,C,C,C,C/D,C/D,C,C/D,C/D,C,C/D,C,No,C/D,C/D,C/D,C/D,C/D,C,C,C/D,C,C/D,C/D,C,C,C,C,C/D,C/D,C,C,C,C/D,C,C/D,C,C,C,C/D,C,C,C,C,C,C/D,C,C/D,C,C,C/D,C/D,C/D,C/D,C/D,C/D,C/D,C,C,C,C,C,C,C/D,C,C/D,C/D,C/D,C,C/D,C,C,C/D,C/D,C/D,C,C/D,C,C,C/D,C/D,C/D,C/D,C/D,C/D,C,C,C/D,C,C,C,C/D,C,C,C/D,C,C,C,C,C/D,C,C,C,C/D,C/D,C/D,C,C,C,C,C,C,C,C/D,C,C/D,C,C/D,C/D,C/D,C/D,C/D,C/D,C/D,C/D,C,C,C/D,C/D,BL01UK04IT056,UKIT056,723,24.1,2021,gb
R_3lE28Set7auWzkC,Female,University degree or equivalent,University degree or equivalent,40,60,0,NA,Italian;40;,English;60;,,60,40,0,NA,Italian,NA,10,9,NA,NA,I always (or almost always) speak Italian to my child,English,NA,5,10,NA,NA,I always (or almost always) speak English to my child,First,NA,1,15,Always (or almost always) English,,No,C/D,C,C,C,C/D,C/D,C/D,C/D,C/D,C/D,C/D,No,C,C/D,C,C/D,C/D,No,C,C,C/D,C/D,C,C,C/D,C,C/D,C,C,C/D,C/D,C/D,C/D,C,C/D,C,No,C/D,C/D,C,C/D,No,C,C/D,C,C/D,No,C/D,C,No,C/D,C/D,C/D,C,C,C/D,C,No,No,No,C/D,No,C/D,C,C/D,No,No,C/D,No,C/D,C/D,C/D,C,C,C,C,C,C/D,C/D,C/D,No,C/D,C/D,C/D,C/D,C,C,C/D,C/D,C,C/D,C,C/D,C/D,C/D,C/D,C/D,C/D,C,C,C/D,C/D,C,No,C,C/D,C/D,C/D,No,C,C/D,C/D,C/D,C,C,No,C,C,C,C,No,No,C,C,C,C/D,C,No,C,C,C/D,C,C,C,No,C,No,C,C,C,C,C/D,C,C,C,C,C/D,C,C/D,C,No,C,C/D,C/D,C,C,C/D,C,C,C,C/D,C,C,No,C/D,C,No,C,No,C,No,C,C/D,C,C,No,C,C,C,C,C,C/D,C,No,C,C,No,No,C,C,C,C/D,No,C/D,No,C,C,No,C,C/D,No,C,No,No,No,No,No,C,No,C,C/D,No,No,No,C,No,No,No,C,C,No,C,C/D,No,C,C,No,No,No,C/D,C/D,C/D,C/D,C/D,No,No,No,No,No,No,No,C,C,No,C/D,C,C,C/D,C,No,No,C,C/D,C,C/D,C/D,C,C,C/D,C/D,C,C/D,C/D,C,C,C,C/D,C,C/D,No,C,C/D,C,C,C/D,C,C/D,C,C,No,No,C/D,C,C,No,C,C,C,C/D,No,C,No,C/D,C/D,C,C,C,C/D,C,C,No,No,C/D,C/D,No,C,C,C,C,C,C,C,C,C,C,No,C,C,C,C,C,C,C,C/D,No,No,C,C,No,C,No,C/D,C,No,No,No,No,No,No,No,C/D,C/D,C/D,C,C/D,C,C/D,No,No,C,No,C/D,No,C/D,C/D,No,No,C/D,C,No,C,C/D,C/D,No,C/D,C,C,C,No,C,C/D,C,C/D,C,C,C,C,C,C/D,C,C,C,C,C,C,C,No,C,No,C/D,C/D,C,No,No,No,No,No,C/D,No,C/D,C,C/D,C/D,C/D,No,C,C,C,C/D,C/D,C,No,C/D,No,C/D,C/D,No,BL01UK04IT055,UKIT055,876,29.2,2021,gb
R_3qIGeUGi7smol4I,Male,University degree or equivalent,Left school at 18 with A-Levels or equivalent,50,50,0,NA,Italian;50;,English;50;,,70,30,0,NA,Italian,NA,10,7,NA,NA,I always (or almost always) speak Italian to my child,English,NA,4,10,NA,NA,I regularly speak both Italian and English to my child,First,NA,1,28,Always (or almost always) English,,C/D,C/D,C/D,C/D,C/D,C/D,C/D,C/D,C/D,C/D,C/D,C/D,C,C/D,C/D,C/D,C/D,C/D,C,C/D,C,C/D,C/D,C,C/D,C/D,C,C/D,C/D,C/D,C/D,C/D,C/D,C/D,C/D,C/D,C/D,C,C/D,C/D,C/D,C/D,C,C/D,C/D,C/D,C/D,C/D,C/D,C/D,No,C/D,C/D,C/D,C/D,C/D,C/D,C,C,C,C,C/D,C,C/D,C/D,C/D,C/D,C/D,C/D,C,C/D,No,C/D,C/D,C/D,C,C/D,C/D,C/D,C/D,C/D,C/D,C/D,No,C/D,C/D,C/D,C/D,C/D,C/D,C/D,C,C,C/D,C/D,C/D,C/D,C/D,C/D,C/D,C,C/D,C/D,C/D,C,C/D,C/D,C/D,C/D,C,C/D,C/D,C/D,C/D,C/D,C,C,C/D,C,C/D,C/D,C,C/D,C/D,C/D,C/D,C/D,C/D,C/D,C/D,C/D,C/D,C,C,C/D,C,C/D,C/D,C/D,C,C,C/D,C/D,C/D,No,C,C/D,C/D,C,C/D,C/D,C,C/D,C/D,C/D,C,C,C/D,C/D,C/D,C/D,C/D,C,C/D,C/D,C/D,C/D,C/D,C/D,C/D,C/D,C/D,C,C/D,C/D,C,C/D,C/D,C/D,C,C/D,C,C/D,C/D,C,C,C/D,C/D,C,C/D,C,C/D,C,C,C/D,C/D,C/D,C,C,C/D,C/D,C,C/D,No,C/D,C,C,C/D,C,C,C,C/D,C/D,C,C/D,C/D,C,C,C/D,C,C,C,C/D,No,C,C/D,C,C/D,C,C/D,C,C/D,C/D,C/D,C/D,C/D,C,C/D,C/D,C/D,C/D,C,C/D,C/D,C/D,C/D,C/D,C/D,C/D,C/D,C/D,C/D,C/D,C/D,C,C/D,C/D,C,C/D,C/D,C/D,C/D,C/D,C/D,C,C/D,C,C/D,C/D,C/D,C,C/D,C/D,C/D,C/D,C/D,C/D,C/D,C/D,C/D,C/D,No,C/D,C,C/D,C/D,C/D,C/D,C/D,C,C/D,C/D,C,C/D,C/D,C/D,C/D,C/D,C,C/D,C/D,C,C/D,C/D,C/D,C/D,C/D,C,No,C/D,C,C/D,No,C/D,C/D,C/D,C,C/D,C/D,C,C,C/D,C/D,C/D,C/D,C,C,C/D,C/D,C,C/D,C,C/D,C/D,C/D,No,C,No,No,C/D,C/D,C/D,C/D,C/D,C/D,C/D,C/D,C/D,No,C/D,C/D,C,C/D,C/D,C/D,C/D,C/D,C/D,C/D,C/D,No,C/D,C/D,C/D,C,C/D,C/D,C,C/D,C/D,C/D,C/D,C/D,C/D,No,C/D,C/D,C/D,C/D,C/D,C/D,C/D,C/D,C/D,C/D,C/D,C/D,C,C/D,C,C/D,C/D,C/D,C/D,C/D,C,C/D,C/D,C/D,C,C/D,C/D,C/D,C/D,C/D,C/D,C/D,C/D,C/D,C/D,C/D,C/D,C/D,C/D,C/D,C,C/D,C/D,BL01UK07IT016,UKIT016,877,29.23333333,2021,gb
R_rcOvftZqMY9k63L,Female,University degree or equivalent,University degree or equivalent,40,60,0,NA,Italian;40;,English;60;,,90,10,0,NA,Italian,NA,10,9,NA,NA,I always (or almost always) speak Italian to my child,Italian,NA,10,8,NA,NA,I always (or almost always) speak Italian to my child,First,NA,1,15,Always (or almost always) English,,No,C/D,C/D,C/D,No,C/D,No,C/D,C/D,C/D,C/D,C/D,No,C,C/D,No,C,C,No,C,No,C/D,C,C,C,C/D,C/D,C,C,C/D,C/D,C,C/D,No,C,C,C,No,C/D,C,C,C,No,No,C,C,C,C/D,C,C,No,C/D,C,C,C,C/D,C/D,C,C,C,C,C/D,C,C/D,No,C/D,C/D,C,C/D,No,C/D,No,No,No,C,C,No,No,No,C/D,No,C,C/D,C,C,No,No,No,C/D,No,C/D,C/D,C/D,C,C,C,C,C,C,C,C,C/D,C,No,C,C,No,C,C/D,C/D,C,C/D,C/D,C,C,C,C,C/D,No,C,No,C,No,C,No,C,C/D,C,No,C,C/D,C,C,C,C,C/D,C,C,C,No,No,C,C,C,No,C,C/D,C,C,C/D,C/D,No,No,C,C,C,C,C/D,C,C/D,C/D,C,No,C,No,C,C,No,C/D,C,No,C/D,C,C/D,C,C,C,C,No,C,C,C,C,No,C,No,C/D,C/D,No,C/D,C,C,C/D,C/D,C,C,C,C,C/D,C,No,No,C/D,No,No,No,No,C,No,C,C/D,No,No,No,C,C,No,C,No,No,C,C/D,C,No,No,No,C/D,No,No,No,No,C/D,C/D,C/D,C/D,No,No,No,No,No,No,No,C/D,C/D,C,No,C/D,C,C,C/D,C,No,C,C,C,C/D,C,C,C,C/D,C,No,No,C,C,C,No,C,No,C,C,C/D,C,C,C,C,No,C,C,C,C,C,C/D,C,C,No,C,C,C,C,C,C,C,C,C,C,C/D,C/D,No,C,No,No,C,No,C,C/D,C,C,C,C,No,No,C,C,C,C,No,C,C,No,C,C/D,C,C,C,C,No,C,C,C,No,No,No,C,C,No,C,C,No,C,No,No,C/D,C,C,C,No,No,C,No,No,No,C,C,C/D,C,No,No,C,C,C,C,C/D,C/D,No,C,No,No,C,No,No,C/D,C,C,No,No,C,No,No,C,No,No,No,No,No,No,C,No,C,No,No,No,No,No,C/D,No,No,No,No,No,C,C,C/D,C,C,No,C,C,C/D,No,C/D,No,C,C,No,No,No,C,BL01UK03IT065,UKIT065,919,30.63333333,2021,gb
R_2akUCj91Mt2DPCZ,Female,Left school at 18 with A-Levels or equivalent,Left school at 18 with A-Levels or equivalent,55,40,5,NA,Italian;55;,English;40;,Other;5;,85,10,5,NA,Italian,NA,10,8,9,Portuguese,I always (or almost always) speak Italian to my child,Italian,NA,10,8,NA,NA,I regularly speak a mix of Italian / English / other languages to my child,Second,NA,2,12,Always (or almost always) English,,C/D,C/D,C/D,C/D,No,C/D,C/D,C/D,C/D,C/D,C/D,C/D,No,C,C,No,C/D,C/D,No,C,C,C,C,C,No,C/D,C,C,C,C,C/D,No,C,No,C,C,C,No,C,C,C,C,No,C,C,C,C,C/D,C/D,C/D,No,C/D,C/D,C/D,C/D,C/D,C,C,C/D,C,C,C/D,C,C/D,C,C,C/D,C,C/D,No,C/D,C,C/D,C/D,C,C,C,C/D,C/D,C/D,C,C/D,C/D,C/D,C/D,C/D,C,C,C/D,C/D,C/D,C,C,C,C/D,C/D,C,C/D,C/D,C,C,C,C/D,C,C,C,C/D,C,C/D,C,C,C,C/D,C/D,C,C,C,C/D,C,C,C,C,C,C,C,C,C,C/D,No,C,C/D,C,C,C,C/D,C/D,C/D,C,C,C,C,C,C,C,C,C,C/D,C/D,C,C,C/D,No,C,C,C,C,C,C/D,C/D,C/D,C,C/D,No,C,No,C,C,C,C/D,C/D,C,No,No,C,C,No,C,C,C/D,No,C/D,C,C,No,C,C,C,C,No,C,C,No,No,C,C,C,C,C,C,C,C,C,C/D,No,C,C,No,No,C,No,C,C,No,No,C,C,C,No,No,C,C,C,C/D,C,No,C,C/D,C,C,C,C,C/D,C/D,C/D,C/D,No,No,No,No,No,No,C,No,No,C,C/D,C/D,C/D,C/D,C/D,C/D,C/D,C/D,C/D,C,C/D,C,C,C,C/D,C/D,C,C,C/D,C,C,C,C/D,No,C/D,C,C/D,C,C,C,C/D,C,C,C,C,C,C,C,C,C,No,C/D,C,C,C,C,C,No,C,C,C,C/D,C,No,C,No,No,C,C,C,C,C,No,No,C,C,C,C,C,C,C/D,No,C,C,No,No,C,C/D,C,C,No,No,C,No,C,C,C,C,No,C,C,C,C,C,C/D,C/D,C/D,C/D,C,C/D,C/D,C,C,No,C/D,C,No,C/D,C,C/D,C/D,No,C,C/D,C,No,C,C/D,C,C,C,C,C,C/D,No,C,C/D,C,C,C,C,C,No,No,C,No,C,No,C,No,No,C/D,C,C/D,No,C,C,C/D,No,C/D,C,C,C,No,No,C,C,C/D,C,C/D,C,C,C,C/D,C,C,No,C,C,No,No,C,C,BL01UK03IT069,UKIT069,771,25.7,2021,gb
R_3qL4n1NuJtt8NTD,Male,University degree or equivalent,Left school at 18 with A-Levels or equivalent,50,50,0,NA,Italian;50;,English;50;,,70,30,0,NA,Italian,NA,10,7,NA,NA,I always (or almost always) speak Italian to my child,English,NA,4,10,NA,NA,I regularly speak both Italian and English to my child,First,NA,1,27,Always (or almost always) English,,C/D,C/D,C/D,C/D,C/D,C/D,C/D,C/D,C/D,C/D,C/D,C/D,C/D,C/D,C/D,C/D,C/D,C/D,C/D,C/D,C/D,C/D,C/D,C/D,C/D,C/D,C/D,C/D,C/D,C/D,C/D,C/D,C/D,C/D,C/D,C/D,C/D,C/D,C/D,C/D,C/D,C/D,C/D,C/D,C/D,C/D,C/D,C/D,C/D,C/D,C/D,C/D,C/D,C/D,C/D,C/D,C/D,C/D,C/D,C/D,C/D,C/D,C,C/D,C/D,C/D,C/D,C/D,C/D,C/D,C/D,C/D,C/D,C/D,C/D,C/D,C/D,C/D,C/D,C/D,C/D,C/D,C/D,C/D,C/D,C/D,C/D,C/D,C/D,C/D,C/D,C/D,C/D,C/D,C/D,C/D,C/D,C/D,C/D,C/D,C/D,C/D,C/D,C/D,C/D,C/D,C/D,C/D,C/D,C/D,C/D,C/D,C/D,C/D,C/D,C/D,C/D,C/D,C/D,C/D,C/D,C/D,C/D,C/D,C/D,C/D,C/D,C/D,C/D,C/D,C/D,C/D,C/D,C/D,C/D,C/D,C/D,C/D,C/D,C/D,C,C/D,C/D,C/D,C/D,C/D,C/D,C/D,C/D,C/D,C/D,C/D,C/D,C/D,C/D,C/D,C/D,C/D,C/D,C/D,C/D,C/D,C,C/D,C/D,C/D,C/D,C/D,C/D,C/D,C/D,C/D,C,C/D,C/D,C,C/D,C/D,C/D,C,C/D,C/D,C/D,C/D,C/D,C,C/D,C/D,C,C/D,C/D,C/D,C,C/D,C/D,C/D,C/D,C/D,C/D,C/D,C/D,C/D,C/D,C/D,C/D,C/D,C/D,C/D,C/D,C/D,C/D,C/D,C,C/D,C/D,C/D,C,C/D,C/D,C/D,C/D,C/D,C/D,C/D,C,C/D,C/D,C/D,C/D,C/D,C/D,C/D,C/D,C/D,C/D,C/D,C,C/D,C/D,C/D,C/D,C/D,C/D,C/D,C/D,C/D,C/D,C/D,C/D,C/D,C/D,C/D,C/D,C/D,C/D,C/D,C/D,C/D,C/D,C/D,C/D,C/D,C/D,C/D,C/D,C/D,C,C/D,C/D,C/D,C,C/D,C/D,C/D,C/D,C/D,C/D,C/D,C/D,C/D,C/D,C/D,C/D,C/D,C/D,C/D,C/D,C/D,C/D,C/D,C/D,C/D,C,C/D,C/D,C/D,C/D,C/D,C,C/D,C/D,C/D,C/D,C/D,C/D,C/D,C/D,C/D,C/D,C/D,C/D,C/D,C/D,C/D,C/D,C/D,C/D,C/D,C/D,C/D,C/D,C/D,C/D,C/D,C/D,C/D,C/D,C/D,C/D,C/D,C/D,C/D,C/D,C/D,C/D,C/D,C/D,C/D,C,C/D,C/D,C/D,C/D,C/D,C/D,C/D,C/D,C/D,C,C/D,C/D,C,C/D,C/D,C/D,C/D,C/D,C/D,C/D,C/D,C,C/D,C/D,C/D,C/D,C/D,C/D,C/D,C/D,C/D,C/D,C/D,C/D,C/D,C/D,C/D,C/D,C/D,C/D,C/D,C/D,C/D,C/D,C/D,C/D,C/D,C/D,C/D,C/D,C/D,C/D,C/D,C/D,C/D,C/D,C/D,C/D,C/D,C/D,C/D,C/D,C/D,C/D,C/D,C/D,C/D,C/D,C/D,C/D,C/D,C/D,C/D,C/D,C/D,C/D,C/D,C/D,C/D,BL01UK07IT016,UKIT016,930,31,2022,gb