study_id,sex,form,study,binder,date filled,age_mos,age_days,completedby,marked words doesn't say,baabaa,choochoo,cockddld,grr,meow,moo,ouch,quackqck,uhoh,vroom,woofwoof,yumyum,alligatr,animal,ant,bear,bee,bird,bug,bunny,buttrfly,cat,chicken1,cow,deer,dog,donkey,duck,elephant,fish1,frog,giraffe,goose,hen,horse,kitty,lamb,lion,monkey,moose,mouse,owl,penguin,pig,pony,puppy,rooster,sheep,squirrel,teddyber,tiger,turkey,turtle,wolf,zebra,airplane,bicycle,boat,bus,car,firetrck,helicptr,motrcycl,sled,stroller,tractor,train,tricycle,truck,ball,balloon,bat,block,book,bubbles,chalk,crayon,doll,game,glue,pen,pencil,playdogh,present,puzzle,story,toy,apple,applesac,banana,beans,bread,butter,cake,candy,carrots,cereal,cheerios,cheese,chicken2,chocolat,coffee,coke,cookie,corn,cracker,donut,drink1,egg,fish2,food,frnchfrs,grapes,greenbns,gum,hamburgr,ice,icecream,jello,jelly,juice,lollipop,meat,melon,milk,muffin,noodles,nuts,orange1,pancake,pentbttr,peas,pickle,pizza,popcorn,popsicle,potato,potatchp,pretzel,pudding,pumpkin,raisin,salt,sandwich,sauce,soda,soup,spaghett,strwbrry,toast,tuna,vanilla,vitamins,water1,yogurt,beads,belt,bib,boots,button,coat,diaper,dress,gloves,hat,jacket,jeans,mittens,necklace,pajamas,pants,scarf,shirt,shoe,shorts,slipper,sneaker,snowsuit,sock,sweater,tights,undrpnts,zipper,ankle,arm,bllybttn,buttocks,cheek,chin,ear,eye,face,feet,finger,hair,hand,head,knee,leg,lips,mouth,nose,owie,penis,shoulder,tooth,toe,tongue,tummy,vagina,basket,blanket,bottle,box,bowl,broom,brush,bucket,camera,can1,clock,comb,cup,dish,fork,garbage,glass,glasses,hammer,jar,keys,knife,lamp,light,medicine,money,mop,nail,napkin,paper,penny,picture,pillow,plant,plate,purse,radio,scissors,soap,spoon,tape,telephon,tissue,tothbrsh,towel,trash,tray,vacuum,walker,watch1,basement,bathroom,bathtub,bed,bedroom,bench,chair,closet,couch,crib,door,drawer,dryer,garage,highchar,kitchen,livingrm,oven,playpen,porch,potty,refrigerator,rockingchair,room,shower,sink,sofa,stairs,stove,table,tv,washingmachine,window,backyard,cloud,flag,flower,garden,grass,hose,ladder,lawnmowr,moon,pool,rain,rock,roof,sandbox,shovel,sidewalk,sky,slide1,snow,snowman,sprinklr,star,stick,stone,street,sun,swing1,tree,water2,wind,beach,camping,church,circus,country,downtown,farm,gasstation,home,house,movie,outside,park,party,picnic,playgrnd,school,store,woods,work1,yard,zoo,aunt,baby,babysttr,babysittername,boy,brother,child,clown,cowboy,daddy,doctor,fireman,friend,girl,grandma,grandpa,lady,mailman,man,mommy,nurse,childname,people,person,petname,police,sister,teacher,uncle,bath,breakfst,bye,callnphn,dinner,givemefv,gonnagty,gopotty,hi,hello,lunch,nap,nghtnght,no,patycak,peekaboo,please,shh,shopping,snack,sobig,thankyou,thslttlp,turnarnd,yes,bite,blow,break,bring,build,bump,buy,carry,catch,chase,clap,clean1,climb,close,cook,cover,cry,cut,dance,draw,drink2,drive,drop,dry1,dump,eat,fall,feed,find,finish,fit,fix,get,give,go,hate,have,hear,help,hide,hit,hold,hug,hurry,jump,kick,kiss,knock,lick,like,listen,look,love,make,open,paint,pick,play,pour,pretend,pull,push,put,read,ride,rip,run,say,see,shake,share,show,sing,sit,skate,sleep,slide2,smile,spill,splash,stand,stay,stop,sweep,swim,swing2,take,talk,taste,tear,think,throw,tickle,touch,wait,wake,walk,wash,watch2,wipe,wish,work2,write,allgone,asleep,awake,bad,better,big,black,blue,broken,brown,careful,clean2,cold,cute,dark,dirty,dry2,empty,fast,fine,first,full,gentle,good,green,happy,hard,heavy,high,hot,hungry,hurt,last,little,long,loud,mad,naughty,new,nice,noisy,old,orange2,poor,pretty,quiet,red,sad,scared,sick,sleepy,slow,soft,sticky,stuck,thirsty,tiny,tired,wet,white,windy,yellow,yucky,after,before,day,later,morning,night,now,time,today,tomorrow,tonight,yesterdy,he,her,hers,him,his,i,it,me,mine,my,myself,our,she,that,their,them,these,they,this,those,us,we,you,your,yourself,how,what,when,where,which,who,why,about,above,around,atprep,away,back,behind,beside,byprep,down,for,here,inside,into,nextto,of,off,on,ontopof,out,over,there,toprep,underprep,upprep,withprep,a,allquant,alot,an,another,any,each,every,more,much,notquant,none,other,same,some,the,too,am,are,be,can2,could,did,do,does,dont,gonna,gotta,hafta,is,lemme,need,try,wanna,was,were,will,would,andconn,because,but,ifconn,soconn,thenconn,usepastB1,usefutB2,usemissB3,usecmplB4,usepossB5,spluralA1,spossessA2,ingA3,edA4,children,feet,men,mice,teeth,ate,blew,bought,broke,came,drank,drove,fell,flew,got,had,heard,held,lost,made,ran,sat,saw,took,went,blockses,childrns,childs,feets,foots,mans,mens,mices,mouses,shoeses,sockses,teeths,toeses,tooths,ated,blewed,blowed,bringed,buyed,breaked,broked,camed,comed,doed,dranked,drinked,eated,falled,flied,getted,goed,gotted,haved,heared,holded,losed,losted,maked,ranned,runned,seed,satted,sitted,taked,wented,combine,complex1,complex2,complex3,complex4,complex5,complex6,complex7,complex8,complex9,complex10,complex11,complex12,complex13,complex14,complex15,complex16,complex17,complex18,complex19,complex20,complex21,complex22,complex23,complex24,complex25,complex26,complex27,complex28,complex29,complex30,complex31,complex32,complex33,complex34,complex35,complex36,complex37,id,sex/gender,prod,complex,id,hispanic,border,ethnicity,white,momed,prod,prodptile,complex,complexptile
11003,F,english_ws,totlot3,totlot3_22m_1_2.pdf,2013-04-01,21,,"Mother, Father",,1,1,1,1,,1,1,1,1,1,1,1,,1,1,1,1,1,1,1,1,1,1,1,,1,1,1,,1,1,,1,,1,1,,,1,,1,,,1,1,1,,1,1,,1,,1,,1,1,1,,,1,,,,,,,1,,1,1,1,,1,1,1,1,,1,1,,,,1,,1,,,1,1,1,1,,,1,,,,,1,1,1,,,1,,1,,1,1,,1,,1,,,,,1,,1,1,,,,1,,,,1,1,,1,,1,1,,,,1,,,1,,,,,1,,,1,,,,1,1,,,1,,,,1,1,,1,1,,,,,1,,1,1,,,,,1,,,,,,1,1,1,1,,1,1,,1,,,1,1,1,,,,1,1,,,,1,,,,,,1,,,,,,,,,,,,1,1,,,,,,,,,,1,,,1,,,,,,,,,,,1,,,1,,,,,,,,,,1,1,,,1,,1,1,,,,1,1,1,,,,,,,,1,,,,,,,1,,,,,,,,,,,,1,1,,,,,,,,,,,,,,,,1,1,1,1,,,,,,,,,,1,,,1,1,,,,1,,,1,,,,1,,1,,,,,,1,,,,1,,,,,,1,,,,,,,1,,,1,1,1,1,,,,,1,1,,1,1,1,,1,1,1,,1,,1,,,1,,,1,,,,,1,,,,1,1,,1,,1,,1,,1,,,,,1,,,,,,,,,1,,,,1,1,,,1,1,1,1,1,1,,,1,,1,,1,1,,1,,,,,,1,,,1,,1,,,,1,1,,1,1,,,,1,,1,1,1,1,,1,,,,1,,,,,1,1,,,,1,,1,1,,,,,,1,1,1,,1,1,,,1,,,1,1,,,,,1,1,,,,1,1,1,,,,,,,1,,,,1,,1,,1,,,,,,1,,,1,,,1,1,,1,1,,,,,,,,,,1,,,,,,,,1,,1,1,1,,,,,,,,,,,,,1,,,,1,,,,,,,,,,,,,,,1,,1,,,,,,,,1,,1,,,1,,,,,,1,,,,1,,,,,,,,,,,,,,,1,,1,,,,,,,,,,,,,,,,,,,o,o,o,o,o,o,o,o,n,,1,,,1,,,,,,,,,,,,,,,,,,,,,,,,,,,,,,,,,,,,,,,,,,,,,,,,,,,,,,,,,,,,,,,,,,s,2,2,1,1,1,2,2,2,1,1,1,1,2,2,1,1,1,1,1,1,1,1,1,1,1,1,1,1,1,1,1,2,1,1,2,1,2,11003,F,236,10,11003,0,2,A/W,0 Non-White,16,235,57,10,90
11009,F,english_ws,totlot3,totlot3_22m_1_2.pdf,2013-04-14,22,,NA,,1,1,1,1,1,1,1,1,1,1,1,1,1,1,1,1,1,1,1,1,1,1,1,1,1,1,1,1,1,1,1,1,1,,1,1,1,1,1,,1,1,1,1,1,1,1,1,1,1,1,1,1,,1,1,1,1,1,1,1,1,,,1,1,1,,1,1,1,1,1,1,1,1,1,1,1,,1,1,1,,1,1,1,1,1,1,,1,1,1,1,1,1,,1,1,1,,,1,1,1,,1,1,1,1,1,1,1,,,,1,,,1,1,,,1,,1,,1,1,1,1,,1,1,,1,,,,1,,,1,,,,1,1,,,,,1,1,,1,1,1,1,1,1,1,1,1,1,1,,1,1,1,,1,1,1,1,,,1,1,1,1,1,,1,1,1,1,1,1,1,1,1,1,1,1,1,1,1,1,1,1,1,,1,1,1,1,1,,,1,1,1,,1,1,,,,1,1,1,,1,1,1,,,,1,1,,1,,1,,,1,1,,1,1,,1,,,1,1,1,1,1,,1,1,1,,1,,,,1,1,1,,,1,1,1,1,1,1,,1,1,,,1,,,1,,,,,1,1,,,1,1,,1,,1,,1,,1,1,,,1,1,1,1,,1,,1,,,,,,1,,,1,1,1,1,1,1,,,1,,,,1,,1,1,,1,1,,,,,1,,1,,,1,1,1,1,1,1,,,,1,1,,,,1,1,,,,1,,1,1,,1,1,1,1,,1,,1,1,,1,1,,1,1,1,1,1,1,,1,1,1,,1,,1,1,1,1,1,1,,,,,,,,,1,1,,,1,,1,1,1,,1,1,,,,1,,,,,,,,,,,,1,1,1,1,1,1,,1,1,1,1,,,1,1,1,,1,1,,1,,,,,,1,1,,1,,1,,1,,1,,,1,1,1,,,,,1,,1,1,,,,,,,,1,,,1,1,1,,,,,1,1,1,,,1,,1,1,,,1,,1,,,,1,,,,,,,,,,,1,1,,,,1,,1,,,,,1,,,,,1,,,1,,1,,,,1,,,,,,,1,1,,,,,,,,,,,,,,,,,,1,1,1,1,,,,,1,,,,,,,,1,1,,,,1,,1,,,1,,,,,,,1,,,1,,,,,,,,,,,,,,1,1,,1,,,,,,,,1,,,,,,,1,1,1,,,,,1,1,,,,,,,,,,1,,,,,,,,,,,s,n,s,s,s,o,o,o,n,,1,,,1,,,,1,,,,1,,,,,,,,,,,,,,,,1,,,,,,,,,1,,,,,,,,,,,,,,,,,,,,,,,,,,,,,,,,,o,2,2,1,2,2,2,2,2,2,1,1,1,1,2,2,1,2,1,1,1,2,1,1,1,1,1,1,1,1,1,1,2,1,1,1,1,1,11009,F,359,13,11009,0,2,W,1 White,18,361,72,13,87
11011,M,english_ws,totlot3,totlot3_22m_1_2.pdf,2013-03-17,21,,Mother,,1,1,,1,1,1,,1,1,,1,,,,,,,,,,,,,,,,,1,,,,,,,,1,,,,,1,,,1,,1,,,,,,,,,,,,1,1,1,,,,,,1,,,,1,,,,1,,,,,,,,,,,,,,1,,1,,,,,,,,,1,,,,,1,,1,,,,,,,,,,,,,,,,,1,1,1,,,,,,,1,,,,,,,,,,,,,,,,,,,,,,1,,,,1,,,,1,,,,,1,,,,1,,1,1,,,,,,,,,,,1,,,,,1,1,,,1,1,1,,1,,,1,1,,,,1,,,1,,,,,,1,1,,,,,1,,1,,,,,,,,1,,,,,,,,,,,,1,,1,,,,,1,,1,,,,,,1,,,,,,1,,,1,,,,,,,,,,,,,,1,,,,,,,,,,1,,,,,,,,1,,,,,,,1,,,,,,,,,,1,,,,,,,,,,,,,,,,,1,,,,,,,,,,,,,,,,,,,,,,,1,,,,,,,,,,1,,,,,,,,,,1,,1,,,,,,1,,,1,,1,,1,,,,1,,1,,,1,,,,,,,,,,,,,,1,,,,,,,,,,,,,,,,,,,,,1,,,,,,,,1,,,1,,1,,,,,,,1,,,,,,,,,1,,,,,,,,,,1,,,,,,,1,,,,,,,,,,,,1,,,,,,,,,,,1,,,,,1,,1,,,,,,,,,,,,,,,1,,,,,,,,,,,,,,,,,,,,,,,,,,,,,,,,,,,,,,,,,,,,,,,,,,,,,,,,,,,,,,,,,,1,,,,,,,,,,,,,,,,,,,,,,,,,,,,1,,,,,,,1,1,,,,,,,1,,,,,,,,,,,,,,,,,,,,,,,,,,,,,,,,,,,,,,,,,,,,,,n,s,o,o,n,n,n,n,n,,,,,,,,,,,,,,,,,,,,,,,,,,,,,,,,,,,,,,,,,,,,,,,,,,,,,,,,,,,,,,,,,,,,,,,s,1,1,1,1,1,1,1,1,1,1,1,1,1,1,1,1,1,1,1,1,1,1,1,1,1,1,1,1,1,1,1,1,1,1,1,1,1,11011,M,94,0,11011,0,1,W,1 White,16,94,37,0,60
11014,M,english_ws,totlot3,totlot3_22m_1_2.pdf,2013-04-09,21,,Mother,,1,1,,,1,1,1,1,1,1,1,1,1,1,,1,1,1,,,1,1,,1,,1,,1,1,1,1,1,,,1,,,1,1,1,1,,,1,,1,,1,1,,1,1,1,,1,1,1,1,1,1,1,1,,,1,1,1,,1,1,,,1,1,1,,,,,,,,,,1,,1,1,1,1,,1,,1,,,,1,1,,1,1,1,1,,1,,1,1,,,1,,,,,,1,,,1,,,,1,,,,,1,,,,1,,,,,,,,,,1,,,,,1,,,,1,1,1,,,1,,1,,1,,1,1,,,,,1,1,,1,1,,,,,1,,,,1,,,1,1,1,,1,1,,1,,1,1,1,1,,,1,1,1,1,,1,1,1,1,,1,1,,1,1,,1,,,,1,1,1,,,,,1,1,,1,,,1,1,1,,,,,,1,1,,,,,,,1,,1,,1,1,1,,,,,,1,,1,,,1,,,,1,,,,,,,,,,1,,,1,1,,,,,,1,,1,,1,,1,,1,,,,1,,1,1,1,,,,1,1,,,,1,1,,,1,1,1,1,,,,,,,,,,,1,,1,1,,,,,,,1,,1,1,1,,,1,,,,,1,,,,1,1,1,,,,1,,1,,,1,,,,1,1,1,1,1,,,,1,1,,,1,1,1,,1,1,,,,,1,,,1,1,1,,,,,,1,,,,1,,,,,,,1,,1,1,,,,1,,1,,,,1,,,1,,,,,,,,1,,,1,1,1,,,,,1,,1,,,1,,,,1,,1,,,,,,1,,,,1,,,1,,,,,,1,,,1,,,,,,,1,1,,,,,1,,,,,1,,,1,1,1,,,1,,1,1,1,,,1,,,,,,,,1,1,,,,,1,1,,,,,,,,,1,,,,,,1,1,,,,,,,,,,,,,,,,,,,,,,1,,,,1,,,,,,,,,,,1,1,,,,,,,,,,,,,,,,,,,,,,,,,,,,,,,,1,,,,,,,,1,,,,,,,,,,,,,,,,,1,,,,,,,1,,,,,,,,,,,,,,,,,1,1,,,,,,,,,,,s,o,s,o,o,n,o,n,n,,1,,,1,,,,1,,,,,,,,,,,,,,,,,,,,,,,,,,,,,,,,,,,,,,,,,,,,,,,,,,,,,,,,,,,,,,s,2,2,1,1,1,1,1,2,1,1,1,1,1,1,1,1,1,1,1,1,1,1,1,1,1,1,1,1,1,1,1,1,1,1,1,1,1,11014,M,236,3,11014,0,1,A/W,0 Non-White,16,236,71,3,85
11035,M,english_ws,totlot3,totlot3_22m_1_2.pdf,2013-05-18,23,,NA,,1,1,,1,,1,1,1,1,,1,1,,1,,1,1,1,,1,,1,1,1,,1,1,1,1,1,1,1,,,1,1,,,1,,,,,1,,1,,1,1,,,1,1,,1,1,1,1,1,1,1,1,1,,1,1,1,,1,1,1,,1,1,1,,,1,,,1,1,,,,,1,1,,1,1,1,,1,,1,1,1,1,1,,1,,1,,1,,1,1,,1,1,1,1,,1,1,1,,,1,,1,,1,1,1,,1,1,1,,,1,,,,,,,,,,1,,,,1,1,,,,,1,1,,,1,1,1,1,1,,,1,1,,,1,1,1,,1,1,,1,,,1,,,,,,1,1,1,1,,1,1,1,1,1,1,1,1,1,1,,1,1,,1,,1,,1,,,1,1,1,,1,1,1,1,,,,,1,1,1,1,,1,,,1,1,,1,,,,,,1,,1,,,1,,,,1,1,1,,,1,1,1,,,,,,1,1,1,1,,1,,1,1,1,,1,1,1,1,,,,,1,1,,1,1,1,,1,,1,,1,1,,,,1,,1,,1,,,1,1,1,,,,,,1,,,,,,1,1,,1,1,1,1,,,,,,,,,1,1,,1,1,,,1,1,1,,,,,1,1,,1,1,,1,,,1,,1,1,1,1,1,,1,1,1,,1,1,1,,1,,1,1,1,1,1,,1,1,1,1,1,1,1,1,1,1,,,1,,,1,,1,,1,1,,,,1,,1,,,,,1,1,1,1,1,,1,,1,,1,1,,,,1,,1,,,,1,,1,1,,1,,1,,,1,1,,1,,1,1,,1,,,1,,1,1,,1,,,,,,1,1,,1,1,1,1,,,,1,,1,1,,,1,,,,1,1,1,1,,,,,,,,,1,1,,,,,,,1,1,1,,,1,,,1,,,,1,1,1,1,,1,1,,,,1,1,,,,1,,1,,1,,,,,,,1,,,,,,,,,,1,,,,,,1,1,,,1,,,,,,,,,,,,,,,,,,,,,,1,1,,1,1,,,,1,,1,1,,1,1,,,1,,,,1,,1,,1,,,,1,1,1,,,,1,1,,1,1,,,,1,,,1,1,1,1,,1,,1,1,1,,1,,,1,1,,1,1,1,,1,1,1,,,,,,,,,,,,,,,,,1,,,,,1,,,,,1,o,o,o,s,o,s,s,o,n,,,,,,,,,,,,,,,,,,,,,,,,,,,,,,,,,,,,,,,,,,,,,,,,,,,,,,,,,,,,,,,,,,,,,,,o,2,2,1,2,2,1,2,2,,1,1,1,2,2,2,1,1,1,2,2,1,2,2,1,2,1,1,1,1,1,1,2,2,1,2,1,1,11035,M,333,17,11035,0,1,W,1 White,16,334,73,16,91
11036,M,english_ws,totlot3,totlot3_22m_1_2.pdf,2013-04-13,21,,Father,,1,1,,1,1,1,1,1,1,1,1,,1,1,,1,1,1,,1,1,1,1,1,,1,1,1,1,1,1,1,,,1,1,,1,1,1,1,1,1,1,,1,1,1,,1,1,1,,,,1,1,1,1,1,1,1,1,,1,1,1,,1,1,1,1,1,1,1,,1,,1,,1,,1,1,1,1,1,1,,1,1,1,1,,,1,1,1,1,1,1,1,,1,1,1,1,1,1,1,1,,1,,,,1,1,,,1,,,1,1,1,1,,1,1,1,1,,1,,,1,,,,,1,,,1,,1,1,1,1,,1,,1,1,,1,1,1,1,1,1,,,1,1,1,1,1,1,1,1,1,1,1,,,,1,1,,,1,1,1,1,1,1,1,1,1,1,1,1,1,1,1,1,1,1,1,1,1,1,1,1,1,1,1,,1,1,1,1,1,,1,1,1,,1,,1,,1,1,1,1,1,,1,1,1,1,1,,,1,1,1,,1,1,1,1,,,,1,1,,1,,1,1,,,1,,1,,1,1,1,,,1,1,1,1,1,,,,1,1,,1,,,1,1,,1,1,1,,1,,1,1,,1,,1,,1,,1,,1,1,1,1,1,1,,1,1,,1,1,1,,1,1,1,,,1,1,1,1,1,1,,1,,,1,1,1,1,1,,1,1,,,1,1,1,,1,,1,1,1,,,1,,,1,,1,1,1,1,1,1,1,1,,1,1,,1,1,,,1,,1,1,1,1,1,1,1,1,1,1,1,1,1,1,1,1,,1,1,1,1,1,1,1,,1,1,1,1,1,1,1,1,,1,1,1,1,1,1,1,1,1,1,1,1,1,1,1,,1,,1,1,,1,1,1,1,1,,1,,1,,1,1,,1,1,1,1,1,1,1,1,1,,,1,1,1,1,,1,,,,,1,1,1,,1,1,1,1,1,1,1,1,,1,1,1,1,1,1,1,1,,1,1,1,1,1,,1,1,,1,1,1,1,1,1,1,,1,,1,1,1,,,1,,,1,,1,1,1,1,1,1,,1,1,,,1,1,,,1,1,1,1,1,1,1,,1,,1,,1,,1,1,,,,1,1,,,,,1,,1,,1,,,1,1,,1,1,,,,1,,1,1,1,,1,1,,,,,,,,,1,,1,,,1,,1,,,,,1,,,,1,,,,,,,,,,,,1,1,,1,1,,,1,1,,1,,,,1,,,1,1,1,1,1,1,1,1,1,,,1,,,,1,1,1,,1,,,1,1,,1,,,,,,,,,,,1,1,,,,,,,,1,,,,1,,o,o,o,o,o,s,o,o,n,1,1,1,,1,1,,,1,,,,1,,1,,,,1,1,,,1,,1,,,,,,1,,,,,,,,,,,,,,,,,,,,,,1,,,,,,,,,,,,,,,,,,o,1,1,2,2,2,2,1,2,2,1,1,1,2,1,1,1,1,1,2,2,2,1,2,2,1,1,1,2,1,2,2,1,1,1,2,2,1,11036,NA,447,17,11036,0,1,A,0 Non-White,16,447,94,17,95
11037,M,english_ws,totlot3,totlot3_22m_1_2.pdf,2013-03-21,21,,Mother,,1,1,1,1,1,1,1,1,1,,1,1,,,1,1,1,1,1,1,1,1,1,1,,1,,1,1,1,,,1,,1,1,,1,1,1,1,1,,1,,1,1,1,,1,1,1,1,,1,1,1,1,1,1,1,1,1,,1,1,1,1,1,1,1,1,1,1,1,,1,,,,1,,1,1,1,1,,1,1,1,1,1,,1,,1,1,1,1,1,,1,,1,1,1,,,1,1,,,1,,,1,,,,,,,,,1,,1,1,1,1,1,1,1,1,,,1,,1,,1,,,,,,1,1,1,1,,,,1,1,1,,1,1,1,1,1,,1,1,1,,1,,1,1,,1,1,,1,,,1,,,,1,,1,1,1,,,1,1,,1,1,1,1,1,1,1,,,1,1,1,,1,1,1,1,,,,1,1,1,1,1,1,,,1,1,1,,1,1,,1,1,,1,1,,1,,,1,,,1,,1,,,1,1,1,1,1,1,1,1,1,1,1,1,,1,,1,,,1,1,,,1,,1,,1,1,1,1,,1,,,,,1,,1,,1,1,,1,,1,,,1,1,1,,1,1,1,1,1,,1,,,1,,,1,,1,1,,,,1,1,,,1,1,1,1,1,,,,,,,1,,1,1,,1,1,1,,,1,1,,1,1,,,1,,1,1,,,,,1,1,,,,1,1,,1,,1,,1,,,1,,1,1,1,1,1,1,1,,,1,1,1,,,1,1,1,,1,1,1,1,1,,1,1,1,1,1,1,1,,,1,,1,1,,1,1,1,1,1,,1,1,,,1,1,1,,1,1,,,,,,,,,1,,,,1,,1,,1,,1,1,1,1,,,,,,,1,1,1,1,1,,1,1,,1,1,,1,1,1,1,1,1,1,1,,1,1,,,,1,,1,1,,1,,,,,,1,1,1,1,1,1,1,,,,1,,1,1,1,,1,1,1,1,1,,,1,1,,1,1,,1,1,,,,,1,1,1,1,1,1,1,1,1,,1,,1,,,,1,,,1,,,,1,,,,,1,,,,,,,1,1,1,1,1,,1,,1,,1,1,1,,,,,,,,,,1,1,1,1,1,,,,1,,,1,,1,,,,1,,,,,,1,,,1,,,1,,1,1,,,,1,,1,1,,,,1,1,,1,,1,,,1,1,1,,,,1,,,,1,,,,1,,,1,1,,,,,,,1,,1,,,,1,1,1,,,,,,,,,,,,,o,o,o,s,o,s,n,s,n,,1,,,1,,,,,,,,1,,,,,,,,,,,,,,,,,,,,,,,,,,,,,,,,,,,,,,,,,,,,,,,,,,,,,,,,,,o,1,2,1,2,1,1,1,2,1,1,1,1,2,1,1,1,1,1,1,1,1,1,1,1,1,1,1,1,1,1,1,1,1,1,1,1,1,11037,NA,381,4,11037,0,2,W,1 White,18,380,90,4,87
11070,F,english_ws,totlot3,totlot3_22m_1_2.pdf,NA,22,,"Mother ,Father",,1,1,,,1,1,,1,1,1,1,1,,,,1,1,1,,1,1,1,1,1,,1,,1,1,1,1,1,1,1,1,1,1,1,1,1,1,1,,1,,1,,1,,1,1,,1,,1,1,,,1,1,,,,,1,1,1,1,1,1,1,,1,1,,1,,,,,1,,,,,,,1,,1,,1,,1,,1,,1,1,,1,,1,1,1,1,,,,,1,,1,,,,,1,,,,,,1,1,,,,,,1,1,,,1,,,,,,1,1,,,,,1,,1,1,,,,1,1,,1,1,1,1,1,1,1,,1,1,,,1,1,1,,1,1,,1,,,1,,,,1,,1,1,,,1,1,1,,1,1,1,1,1,,1,,,1,,,,1,1,,1,,,1,1,,,1,1,,,,1,1,1,,,,,1,,,,,,1,,,,,,1,,1,1,,,,,,1,,,,,1,1,,,,,1,,1,1,1,,,1,,1,,1,,,,,1,,,,,1,1,1,,,,,1,,1,1,,,1,,,1,,1,1,,,1,,1,1,,,1,,1,1,1,,,1,,,,1,1,1,1,1,,,1,,,,,,1,,,1,1,,,1,,1,,1,,,,1,,,,,,,,1,,,1,,1,1,,,,1,,1,,,1,,,,,1,,1,,1,,,1,1,,,1,,1,,1,1,,,,,,,,1,,1,,,,1,,,,1,1,,,,,1,1,,1,1,1,,,1,,1,1,,,1,,1,,,1,,,,1,,,1,1,,1,,1,,,,1,,1,,1,,,1,,,,,1,1,,,,,,,1,,1,1,,1,1,,,1,,,1,1,,1,,,,,,1,,,,,1,1,,,,,,1,,,,,1,1,1,,1,,1,1,,,1,1,1,,,,,,,1,,1,,,1,,,,1,,,,,1,,,,1,,,,1,,,,,1,,,,,,,1,1,1,1,1,,,,,,,1,,,,,,,,,,,,,,,,,,,,,,,,,,,,1,,,,,,,,,1,,,,,,,,,,,,,1,,,,1,,,,,,,1,1,,1,,1,,1,,,,1,,,,,,1,1,1,,,,,,,,,1,,1,1,,,,,1,,,,,1,,,,,,s,n,o,s,s,s,s,s,n,,1,,,1,,,,,,,,,,,1,,,,,,,1,,,,,,,,,,,,,,,,,,,,,,,,,,,,,,,,,,,,,,,,,,,,,,,,o,2,1,2,2,2,1,1,2,2,1,1,2,1,1,1,2,1,1,1,1,1,1,1,1,2,1,1,1,1,2,2,1,1,2,1,2,1,11070,NA,264,13,11070,0,1,W,1 White,18,265,54,13,87
11200,F,english_ws,totlot3,totlot3_22m_1_2.pdf,2013-04-16,22,,NA,,1,1,1,1,1,1,1,1,1,1,1,1,1,1,,1,1,1,1,1,1,1,1,,,1,,1,1,1,1,1,,,1,1,1,1,1,,1,,,1,1,1,,1,,1,1,,1,,1,1,1,1,1,1,1,1,1,,1,,1,,1,1,1,,1,1,1,,1,1,,,,,1,,1,1,1,1,1,1,,1,1,1,1,1,1,1,1,1,1,,,1,,1,,1,1,1,1,,1,,,,,1,,,1,1,,1,1,1,,,1,1,1,,,1,1,1,,,1,,1,,,,,,,,1,,,,,1,1,,,,1,1,1,1,1,,1,,,,1,1,1,,1,1,,,,,1,,,1,,,1,1,1,,,1,1,1,1,1,1,1,1,,1,1,1,1,1,,,1,1,1,1,,1,1,1,1,1,,1,1,,,,,1,,1,1,1,1,,,1,,,1,,1,,,1,1,,1,1,,,,,1,,,,1,1,1,,1,,1,,,,1,1,1,,,1,,,,1,,,,,,,,,,1,1,,,,,,1,,1,1,,1,,1,,1,,1,,,,,,,1,,,1,,,1,,1,,1,1,,,,1,1,1,,,,,,,,,,,1,1,1,1,,,,,1,,,,,,1,,,,,,,,1,,,,,1,1,,1,,1,,1,,,,,,,,1,,1,,1,1,,1,1,1,,1,1,1,,1,1,1,,,1,1,,,1,1,1,,,,,,,,,1,,,1,,,,,1,1,1,,,,,1,1,,,,,,1,,1,,1,,1,,,1,1,,1,,1,1,,,,1,,1,1,1,,1,,,,,,1,,,,,1,,,,1,1,,1,1,,,1,1,,1,,1,1,,,1,,,,1,,1,,,,1,,,,,1,1,,,,1,,,,,,1,1,1,,1,,,,,,,,,,1,,1,,1,1,,,,,,,,,1,,,,,1,,,,,,,,1,1,,1,,,1,,,,1,,,,,,1,,,,,,,,,,,,1,,1,1,1,,,,1,,,,,,,,,1,,,,1,,,,,,,,,,,,,,,1,,1,1,,,,1,1,,1,,,,,1,,1,,,,,,,,1,,,,,,,1,,,,,,,,,,,,,,,,1,,,,,,,1,,,,,,s,o,o,o,o,o,s,s,s,,1,,,1,,,,,,,,1,,,,,,,,,,,,,,,,,,,,,,,,,,,,,,,,,,,,,,,,,,,,,,,,,,,,,,,,,,o,2,2,2,1,1,1,2,2,2,1,1,1,2,2,1,1,1,1,1,2,1,1,1,1,1,1,1,1,1,1,1,1,1,1,1,1,1,11200,F,286,9,11200,0,3,W,1 White,16,288,58,9,80
11327,M,english_ws,totlot3,totlot3_22m_1_2.pdf,2013-05-19,21,,Father,,1,1,,1,,1,,,1,1,,1,,,,1,1,1,1,,,1,,1,,1,,1,,,,,,,1,1,,,,,,,,1,,,,,,,,,1,,,,1,,1,1,,1,,,,,,,1,1,,,,1,1,,,,1,,,,,,,,,1,,,,,,1,1,,,,1,,,,,1,,1,,,1,,,,,,,,1,,,,1,,1,,1,,,,1,,,,,,,1,,,,,,,,,,,,,1,,,,,,,,,,,,,,,,,,,,,,,,,1,,,,,,,,,,,,,1,,,,,,,,,,,,,,,1,,,,,,,,,,,1,,,,1,,,,,,1,,,,,,,,1,,,,,,,,,,,,,,,,,,,1,,,,,,,,,,,,,,,,,,,,,1,,,,,,,,,,1,,,,,,,,,,,,,,,,,,,,,,1,,,,,,,,,,,,,1,,,,,,1,,,,,,,,,,,1,,,,,,,,,,,,,,,1,,1,,,,,,1,,,,,,,,,,1,,,,,1,,,,,,,1,,,,,,1,,,,,1,,,,1,,,,,,,,1,,,,,1,,1,,,,,,,,,,1,,1,,1,,1,1,1,,,,,,,,,1,,,,,,,,1,,1,,,,,,,,,,1,,,,1,,,,,,,,,,,,,,,,,,,,,,,,1,,,,,,,,,,,,,,,,,,,,,,,,,,1,,1,,,,,1,,,,1,,,,,,,,,,,,,1,1,,,1,,,,,,,,,1,,,,1,,,,,,,,1,,,,,,,,,,,,,,,,,,,,,,,,,,,,1,1,,,,,1,,,,,,,,,,,,,,,,,,,,,,,,,,,,,,,,,,,,,,,,,,,,,,,,,,,,,1,,,,,,,,,,,,,,,,,,,,,,,,1,,,,,,,,,,,,s,o,o,s,n,n,n,n,n,,,,,,,,,,,,,,,,,,,,,,,,,,,,,,,,,,,,,,,,,,,,,,,,,,,,,,,,,,,,,,,,,,,,,,,s,1,1,1,1,1,1,1,1,1,1,1,1,1,1,1,1,1,1,1,1,1,1,1,1,1,1,1,1,1,1,1,1,1,1,1,1,1,11327,M,95,0,11327,0,1,A/W,0 Non-White,17,95,38,0,60
11417,M,english_ws,totlot3,totlot3_22m_1_2.pdf,2013-07-10,21,,Mother,,1,1,,1,1,1,1,1,1,1,1,1,,,,,,,,,,,,,,1,,1,,,,,,,,1,,1,,,,,,,,,,,,,,,,,,,,,1,,,,,,,,1,,,1,1,,,1,1,,,,,,,,,,,,,,,1,,,,,,,,,,,,,,,,1,,,,,,,,,,,,,,,,,,,1,,1,,,,,,,,,,,,,,,,,,,,,,,,,,,1,,,,,,,,,,,1,,,,,,,,,1,,,,,,,,,,,1,,,,,1,1,,,,1,1,,,1,,1,,,,,1,,,,,,,,,,,,,,,,,,,,,,,,,,,,,,,,,,,,,,,,,,,,,,,,,,,,,,,,,,,,,,,,,,,,,,,,,,,,,,,,,,,,,,,,,,,,,,,,,,,,,,,,,,,,,,,,,,,,,,,,,,,,,,,,,,,,,,,,,,,,,,1,,,,,,,,1,,,,,1,,,,,1,,1,,,,,,,,1,,1,,,,,1,1,1,,,,1,,1,1,1,,,,1,,,1,,,,,,,,,,,,,,,,,,,,,,,,,,,,,,,,,,,1,,,,,,,,1,,,,,,,,,,,,,,,,,,,,,,,,,,,,,,,,,,,,,,,,,,,,,,,,,,,,,,,,,,,,,1,,,,,,,,,,,,,,,1,,,,,,,,,,,,,,,,,,,,,,,,,,,,,,,,,,,,,,,,,,,,,,,1,,,,,,,,,,,,,,,,,,,,,1,,,,,,,,,,,,,,,,,,,,,,,,,,,,,,,,,,,,,,,,,,,,,,,,,,,,,,,,,,1,,,,,,,,,,,,,,,,,,,,,,,,,,,,,,,,,,,,s,s,s,o,o,n,n,n,n,,,,,,,,,,,,,,,,,,,,,,,,,,,,,,,,,,,,,,,,,,,,,,,,,,,,,,,,,,,,,,,,,,,,,,,s,1,1,1,1,1,1,1,1,1,1,1,1,1,1,1,1,1,1,1,1,1,1,1,1,1,1,1,1,1,1,1,1,1,1,1,1,1,11417,M,59,0,11417,0,2,A/W,0 Non-White,17,59,22,10,92
11611,M,english_ws,totlot3,totlot3_22m_1_2.pdf,2013-05-22,22,677,Mother,,1,1,,1,1,1,,1,1,1,1,1,,,,,,,,,,,,,,1,,1,,,,,,,,1,,,,,,,,,,,,,,,,,,,,,,,1,1,,,,,,,,,,1,,,,,,,,,,,,,,,,,,,,1,,,,,,,,,,,,,,1,,1,,,,,,,,,,,,,,,,,,,,,,,,,,1,,,1,,,,,,,,,,,,,,1,,,,,,,,,,,,,,,,,,,,,,,,,1,,,,,,,,,,,,,,,,,,,,,,,,,,,,,,,,,,,,,,1,,,,,1,,,,,,,,,,,,,,,,,,,,,,,,,,,,,,,,,,,,,,,,,,,,,,,,,,,,,,,,,,,,,,,,,,,,,,,,,,1,,,,,,,,,,,,,,,,,,,,,,,,,,,,,,,,,,,,,,,,,,,,,,,,,,,,,,,,,,,,,,,,,1,,,,,1,1,,,,1,,,,,,,1,,,1,,1,,,,,,1,,,,1,1,,,1,1,,,,1,,,,,,,,,,,,,,,,,,,,,,,,,,,,,,,,,,,,,,,,,,,,,,,,,,,,,,,,,,,,,,,,,,,,,,1,,,,,,,,,,,,,,,,,,,,,,,,,,1,,,,,,,,,,,1,,,,,,,,,,,1,,,,,,,,,,,,,,,,,,,,,,,,,,,,,,,,,,,,,,,,,,,,,,,,,,,,,,,,,,,,,,,,,,,,,,,,,,,,,,,,,,,,,,,,,,,,,,,,,,,,,,,,,1,,,,,,,,,,,,,,,,,,,,,,,,,,,,,,,,,,,,,,,,,,,,,,,,,,,,,,,,,,,,,n,n,o,o,s,n,n,n,n,,,,,1,,,,,,,,,,,,,,,,,,,1,,,,,,,,,,,,,,,,,,,,,,,,,,,,,,,,,,,,,,,,,,,,,,,n,,,,,,,,,,,,,,,,,,,,,,,,,,,,,,,,,,,,,,11611,M,44,0,11611,0,2,W,1 White,14,46,12,0,55
11655,M,english_ws,totlot3,totlot3_22m_1_2.pdf,2013-04-30,21,,Mother,,1,1,1,,1,1,1,1,1,1,1,1,,1,,1,1,1,1,1,1,1,1,1,,1,,1,1,1,1,1,1,,1,1,,1,1,,1,1,1,1,,,,,1,,,,,,,1,1,1,1,1,1,1,1,,1,1,1,,1,1,1,1,1,1,1,1,1,1,,,,,1,,1,,1,1,,1,,1,1,1,1,1,,1,1,1,1,1,,1,,1,1,1,1,1,1,1,,,,1,1,1,,1,1,1,,,1,,1,1,1,1,1,1,1,1,1,1,1,1,,,1,1,,,,1,,,1,1,,,,1,1,,,1,1,1,,1,,,1,,,,1,,,,,1,,,,,1,,,,,,,1,1,,1,1,1,,1,,1,1,1,,,,1,1,1,1,,1,1,1,1,,,1,,1,1,1,1,1,,,1,1,1,,1,,,1,,,1,,,1,,1,,,,1,1,,,,,,,,1,1,1,1,,1,,,,1,,1,,,,1,,,1,,,,1,,,,,,,,,,1,,,,,,,,,,1,,1,1,,,1,,,,,,1,1,1,1,,,1,,,1,,,,1,,,,,1,1,1,1,,,,,,,,,1,,,1,1,,,,1,,,1,1,,,1,,,,1,,,,1,1,1,,,1,1,,1,,1,,,,,1,,,,,1,1,1,,1,,1,1,1,1,,1,1,1,,1,1,,,,,1,,,1,,1,,,,,,1,,,,,,1,,,,,,,1,1,,,,1,,,1,,,,,,1,,,,,,,,,,1,1,,,,,,1,,,1,,,,,,,,,1,,,1,,,,,,,,,,,,,,,,,,1,1,,,,,,,1,,,,1,,1,,,,,,,,,,,,,,,,,1,,,,,,1,,,,,1,,1,,1,1,1,,1,,,,,,,,,,,,,,,1,,,,,,,,,,,,1,,1,,,,,,,,,,,,,,,,,,,,1,1,1,,,,,,1,,,,,1,,,,,,,,,,,,,,,,,,,,,,,1,,1,1,,,,1,1,,,,,,1,1,,,,,,,,,,1,,,,,,,,,,,,,,,,,,,,,1,,,,,,,,,,,,,,,s,s,o,o,o,o,s,o,n,,,,,1,,,,,,,,,,,,,,,,,,,,,,,,,,,,,,,,,,,,,,,,,,,,,,,,,,,,,,,,,,,,,,,,,,s,2,1,2,2,1,1,,,,1,1,1,1,,1,1,1,1,1,,1,1,1,,,,1,,,1,,,,,,,1,11655,M,249,3,11655,0,3,W,1 White,18,249,73,3,85
11743,M,english_ws,totlot3,totlot3_22m_1_2.pdf,2013-03-14,22,,NA,,1,1,,1,1,1,1,1,1,,,,,,,,,,,,,1,,1,,1,,1,,,1,,,,,,,,1,,,1,,,,,,,,,,,,,,,,1,,,,,,,,,,,,1,1,1,,1,1,,,,,,,,,,,,,,,1,,,,,,,,,,,,,,,,,,,1,,,,,,,,,,,,,,,,1,,,,,1,,,,,,,,,,,,,,,,,,,,,,,,1,,,,,1,,,,,,,,,,,,,,,,,,,,,,,,,,,,,,,,,,,,,,,,,,,,,,,,,,,,,,,,,,,,,,,,,,,,,,,,,,,,,,,,,,,,,,,,,,,,,,,,,,,,,,,,,,,,,,,,,,,,,,,,,,,,,,,,,,,,,,,,,,,,,,,,1,,,,,,,,,,1,,,,,,,,,,,,,,,,,,,,,,,,,,,,,,,,,,,,,,,,,,,1,,,,,1,,,,,1,,,,,,,,,,,,,,,,,,,,,,,1,,,,,,,,,,,,,,,,,,,,,,,,,,,,,,,,,,,,,,,,,,,,,,,,,,,,,,,,,,,,,,,,,,,,,,,,,,,,,,,,,,,,,,,,,,,,,,,,,,,,,,,,,,,,,,,,,,,,,,,,,1,1,,1,,,1,,,,,,,,,,,,1,,,,,1,,,,,,,,,,,,,,,,,1,,,,,,,,,,,,,,,1,,,,,,,,,,,,,,,,,,,,,,,,,,,,,,,,,,,,,,,,,,,,,,,,,,,,,,,,,,,,,,,,,,,,,,1,,,,,,,,,,1,,,,,,,,,,,,,,,,,,,,,,,,,,,,,,,,,,,,s,n,s,o,s,n,n,n,n,,,,,,,,,,,,,,,,,,,,,,,,,,,,,,,,,,,,,,,,,,,,,,,,,,,,,,,,,,,,,,,,,,,,,,,n,,,,,,,,,,,,,,,,,,,,,,,,,,,,,,,,,,,,,,11743,M,43,0,11743,0,2,W,1 White,18,43,11,0,55
12095,M,english_ws,totlot3,totlot3_22m_1_2.pdf,2014-02-10,23,,Mother,,1,1,,1,1,1,1,1,1,1,1,1,,,,1,,1,,,,1,,1,,1,,1,,1,,,,,1,,,1,1,,,,,1,,,,1,,,,,1,,,1,,1,1,1,1,,,,,,1,,,1,1,1,1,1,1,,,,,,,,,,1,,1,1,,1,,,,1,,,,1,1,1,,,,1,,1,,,1,1,,,1,,,,,1,,,,,,,1,,,,,,1,,,1,1,,,1,,,,,,,,,,1,,,,,,1,1,,,,,,1,,,,1,,,1,,1,1,,,1,,,,,1,,,,,,,1,,,,1,1,1,1,,1,1,,1,,,1,1,1,1,,,,,1,,,,1,1,1,,1,,,,,,1,,,1,,,,,,,,1,,,,,,1,,,,,,,,1,1,,1,,,,,1,,,,1,,,1,1,,,1,,,,1,,,,,,,,,,,,,,,,,,,,,,,,,,,,,,,,1,,1,,,,,,,,,,,1,,,,1,,,1,,,,,,,,,,1,1,,1,1,,,,1,,,,,,,1,,,1,,,,,1,,1,,,1,1,,,,1,,1,,,,,,1,,1,,1,,,,,,1,,,1,1,1,1,1,1,1,,1,,1,1,1,1,,1,,,,,,,,,1,1,,,,,1,1,1,,,,,,,1,1,,,1,,,,1,1,,,1,1,,,1,1,,1,1,1,1,1,1,,1,,,1,,,1,,,1,1,1,1,,,1,,,,,,1,1,,1,1,,,,1,,1,,1,,,,,,,1,,,1,1,1,1,1,1,,,,1,1,1,,,1,1,1,,,,1,1,,,1,,1,1,,,1,,,1,1,,,,1,,,,1,,1,1,,,,,,1,,,,1,1,,,,1,1,1,,,,,1,,,1,,,,,,,,,,,,,,,,,,,,,1,1,1,,,,,,,,,,,,,,,,,1,,,,,,,,,,,,,,,1,,1,,,,,1,1,,,,1,,,1,,,,,,,,,,1,,1,,,,,,,,,,,,,,,,,,,,,,,,,,,,,,,,,,n,n,o,o,o,n,n,n,n,,,,,,,,,,,,,,,,,,,,,,,,,,,,,,,,,,,,,,,,,,,,,,,,,,,,,,,,,,,,,,,,,,,,,,,s,,,1,,,,1,,,,,,,,,,,,1,,,,,,,,,1,1,1,,,,,,,,12095,M,210,0,12095,1,3,HI_PI,0 Non-White,18,210,51,0,40
12297,F,english_ws,totlot3,totlot3_22m_1_2.pdf,2014-02-22,22,,Mother,,1,1,1,1,1,1,1,1,1,1,1,1,1,1,1,1,1,1,1,1,1,1,1,1,,1,,1,1,1,1,1,,,1,1,,1,1,,1,1,1,1,,1,,1,1,1,1,,1,,1,1,1,1,1,1,1,1,1,,1,1,1,,1,1,1,,1,1,1,1,,1,1,,1,1,,,1,1,1,1,,1,1,1,1,1,1,1,1,,1,,1,,,1,,1,1,,1,,1,1,1,,1,,1,1,,,1,1,,,1,,1,,1,1,,1,1,1,1,1,1,1,,,,,,,,1,1,1,1,1,,,,1,1,,,,1,1,1,1,1,1,1,1,,,1,1,1,,1,1,,,,1,1,,,,,,1,1,1,1,1,1,1,,1,1,1,1,1,,1,1,1,1,1,,,1,1,1,1,1,,1,1,1,1,,,1,,,,,1,1,1,1,1,,,,,,,,1,1,,,,1,,,1,,1,,,1,,1,,1,,1,1,,,1,,,,1,1,1,,,1,,,,1,,,,,,,,,,1,1,,,,,,1,,1,,,1,1,1,1,1,,,,,,1,1,1,1,,,,,1,,1,,,1,1,,,1,1,1,1,1,,,,,,,,,1,,1,,,,,,,1,,,,,,1,,,,1,,,,1,1,,,,1,1,,,,1,,1,,,1,,1,,,1,,1,,,1,1,,1,1,,,1,1,,1,1,1,,1,1,1,,,1,1,,1,,,,1,,,,,1,,,1,,1,,1,1,,,,,,1,,,,,,,,1,,,,1,1,,,,,,1,1,1,,,,,,,,1,1,,1,,,,1,,1,,,1,,,,,,,1,,1,,,,1,,,1,,1,1,,,,,,,,,,,1,,,,,,,1,,1,,,1,1,1,1,1,,1,1,,1,1,,,1,,,,,,1,1,,,,1,1,,,1,,1,,,,,,,1,,1,,1,,,,,,1,,,,,,1,1,,1,,,,,,,,1,,,,,,,,,,,1,,1,1,,,,,,,,,,,,,,,,,,,,1,,,,,,,,,,,,,,,1,,,,,1,1,,,,,,,,,,,,,,,,,1,,,,,,1,,,,,,,,,1,,,,,,,,,,1,,,,,,,,,,,o,o,o,o,o,n,o,o,n,,,,,1,,,,1,,,,,,,,,,,,,,,,,,,,,,,,,,,,,,,,,,,,,,,,,,,,,,,,,,,,,,,,,,,,,,o,1,2,2,2,1,2,1,2,2,2,2,1,2,2,1,1,1,1,2,1,1,1,1,1,1,1,1,1,1,1,1,2,1,1,1,1,1,12297,F,289,12,12297,0,5,W,1 White,17,299,61,12,85
12312,,english_ws,totlot3,totlot3_22m_1_2.pdf,2014-04-28,,,Mother,,1,1,1,,1,1,1,1,1,1,1,1,,,1,1,1,1,,1,1,1,1,1,,1,,1,1,1,1,1,,,1,1,,1,1,,,1,1,1,1,1,1,1,1,1,1,1,1,,1,1,1,1,1,1,1,1,,,1,,1,,1,1,1,,,1,1,,1,1,,,1,1,,1,,,1,1,,1,1,1,,1,1,1,1,1,1,1,1,1,,1,1,1,1,1,1,1,1,1,1,1,,1,,1,,,1,1,1,1,1,,1,,1,1,1,1,,1,,,1,1,,,1,1,,1,1,,1,1,1,,,,1,1,1,,1,,,,,1,1,1,1,1,,1,1,1,1,,1,1,,1,,,1,1,,1,,,,1,1,1,1,1,1,1,1,1,1,1,1,1,,,1,1,1,,,1,1,1,1,1,,1,1,1,1,1,1,1,1,,1,,1,,1,1,1,1,,,1,1,1,1,1,1,,,,1,,1,1,,1,1,1,,1,1,,1,1,1,1,1,,1,,1,,1,1,1,1,,1,,1,,1,1,,,1,1,,,,,1,1,1,1,1,,1,1,,1,1,1,1,1,,1,1,,1,,,,1,,1,,,,,,1,1,,,,1,,1,,1,1,1,1,,,,1,,,,,,1,1,,1,1,,,,1,1,,1,,,1,1,,1,1,,,,,1,,,,1,1,1,,1,,1,,1,1,,1,,1,,,1,,1,1,,1,1,1,1,1,,1,1,1,,1,1,1,,1,1,1,1,,1,1,1,1,1,,,,1,1,,1,1,,1,1,,1,1,1,1,1,1,,,,1,1,1,1,1,,1,1,1,1,,1,,1,,1,1,1,1,1,,1,1,,1,,1,1,,1,,1,1,,,1,1,1,1,1,1,1,,1,1,1,1,1,1,,1,1,,,,,1,1,,,1,,1,,,,1,1,,1,,1,1,1,1,,1,1,1,,1,1,,1,1,1,1,,1,1,1,,1,1,,,,,,,,1,1,1,,1,1,1,,1,,1,,,,1,,1,,,1,,1,1,,,,,,,,,,,,,1,,,1,1,,,,,,1,,,,,,,,1,,1,,,,,1,,,,,1,,,1,,1,,,,1,,,,1,,1,,1,,,,,,,1,,,,1,,,1,,,,,,,,,,,,1,,,1,,,,,,,1,,,,1,,,,,,,,,,,,,1,,,,,,,,1,,,,,1,1,,,,,o,o,o,o,o,s,n,s,n,,1,,,1,,,,,,,,,,,,,,,,,,,,,,,,,,,,,,,,,,,,,,,,,,,,,,,,,,,,,,,,,,,,,,,,,,,,,1,,,1,,,,,,,,,,1,,,,,,,1,,,,,1,,1,,1,,,,,1,12312,NA,378,0,,,,,,,,,,
12316,F,english_ws,totlot3,totlot3_22m_1_2.pdf,2014-03-14,23,,"Mother, Father, Grandparents",,1,,,,1,1,1,1,,,1,,1,1,,1,1,1,1,1,1,1,1,1,,1,1,1,1,1,1,1,,,1,1,1,1,1,1,1,1,1,1,,1,,1,1,1,1,,1,,,1,1,1,1,1,1,,,,1,,1,,1,1,1,,1,1,1,,1,1,,1,1,1,1,1,1,1,1,1,1,1,,1,1,1,,1,1,1,1,1,1,,,1,,1,,1,1,1,1,1,1,1,,,1,1,,1,1,,,,1,1,1,,1,1,,1,,1,,,,,,,1,1,,1,1,1,,1,1,1,,,1,1,1,1,,1,1,,1,1,1,,1,1,,,1,1,1,,1,1,,1,,,1,1,,,,,1,1,1,1,1,1,1,1,1,1,1,1,1,1,1,,1,1,1,,,1,1,1,1,,1,1,1,1,1,1,1,,1,1,1,,1,1,1,1,,1,,1,1,1,,1,1,1,,,1,1,,1,1,1,1,1,,,1,1,1,1,1,1,1,1,1,1,,1,,1,1,1,1,,1,1,1,,1,1,,1,1,1,,1,,,1,1,1,1,1,1,,1,1,1,1,,1,1,,,1,1,,,,,,1,1,1,,1,,,,1,,1,,,,,1,1,1,1,1,,1,,,,,,1,,1,1,,1,1,,1,,1,,,1,,1,1,1,,,,,,1,,1,1,,1,,1,1,,,,1,,1,,,1,,,1,1,1,1,1,1,1,,1,1,1,,1,1,1,1,1,1,1,,,1,,1,1,1,1,1,,1,,1,,1,1,1,1,1,1,1,1,1,,1,,1,1,1,1,1,,1,1,1,1,1,,,1,1,1,1,,1,,1,1,1,1,1,,1,,1,,,1,,1,,1,1,1,,1,,,,1,1,,1,,1,,1,,1,,1,1,,1,1,,,1,,,1,1,1,1,,,,,,1,,1,,1,1,1,1,1,,,,1,1,1,,1,1,1,1,1,1,,1,1,1,,1,1,,,,,,1,,1,1,,1,1,1,1,,1,,,1,,,1,,,1,1,1,,,1,1,,1,,,1,1,,,,1,1,1,,1,,1,,,1,1,1,,,,,,,,,,1,,1,1,1,,1,,,,1,,1,,,1,,,,1,1,,,1,,1,,1,,,,,1,,,1,,,1,1,1,1,,,,1,1,,1,1,1,1,1,1,1,,,,,,1,,,1,,,,1,,1,1,1,,1,,1,,1,1,,,,,,1,,1,1,1,,,1,,1,1,,,,1,o,s,o,o,o,o,o,o,n,,1,,,1,,,,,,,,1,,1,,1,,,1,,,1,,1,,,,,,,,,,,,,,,,,,,,,,,,,,,,,,,,,,,,,,,,,,,,,,o,2,2,2,2,2,2,2,2,2,1,1,1,2,2,1,1,1,1,1,2,1,1,1,1,1,1,1,1,2,1,1,2,2,1,1,2,2,12316,F,414,17,12316,0,1,W,1 White,18,414,73,17,85
12390,M,english_ws,totlot3,totlot3_22m_1_2.pdf,2014-03-29,23,700,Mother,,,1,,,,1,,,1,1,1,1,,,,,,,,,,,,,,,,,,,,,,,,,,,,,,,,,,,,,,,,,,,,,,,,1,,,1,,,,,,,,,,,,,,,,,,,,,,,,,,,,,,,,,,,,,,,,,,,,,,,,,,,,,,,,,,,,,,,,,,,,,,,,,,,,,,,,,,,,,,,,,,,,,,,,,,,,,,,,,,,,,,,,,,,,,,,,,,,,,,,,,,,,,,,,,,,,,,,,,,,,,,,,,,,,,,,,,,,,,,,,,,,,,,,,,,,,,,,,,,,,,,,,,,,,,,,,,,,,,,,,,,,,,,,,,,,,,,,,,,,,,,,,,,,,,,,,,,,,,,,,,,,,,,,,,,,,,,,,,,,,,,,,,,,,,,,,,,,,1,1,,,,,,,,,,,,,1,,,,,,,,,,,,,,,,,1,,,,,,1,,,,,1,,,,,,,,,,,1,,,,,,,,,,,,,,,,,,,,,,,,,,,,,,,,,,,1,,,,,,,,,,,,,,,,,,,,,,,,,,,,,,,,,,,,,,,,,,,,,,,,,,,,,,,,,,,,,,,,,,,,,,,,,,,,,,,,,,,,,,,,,,,,,,,,,,,,,,,,,,,,,,,,,,,,,,,,,,,,,,,,,,,,,,,,,,,,,,,,,,,,,,,,,,,,,,,,,,,,,,,,,,,,,,,,,,,,,,,,,,,,,,,,,,,,,,,,,,,,,,,,,,,,,,,,,,,,,,,,,,,,,,,,,,,,,,,,,,,,,,n,n,s,s,o,n,n,n,n,,,,,,,,,,,,,,,,,,,,,,,,,,,,,,,,,,,,,,,,,,,,,,,,,,,,,,,,,,,,,,,,,,,,,,,n,,,,,,,,,,,,,,,,,,,,,,,,,,,,,,,,,,,,,,12390,M,16,0,12390,0,1,W,1 White,18,16,0,0,40
12398,F,english_ws,totlot3,totlot3_22m_1_2.pdf,2014-01-07,21,,Mother,,1,1,1,,1,1,1,1,1,,1,1,1,1,,1,1,1,1,1,,1,1,1,,1,,1,1,1,1,1,,1,1,1,,1,1,1,1,1,,1,,1,,1,,1,1,,1,,,1,1,1,1,1,1,1,,,1,1,1,,1,1,1,1,1,1,1,1,1,1,,,,1,,1,1,1,1,1,1,1,1,1,1,1,1,1,1,1,1,1,1,1,,1,,1,1,1,1,1,,,1,,,,,1,,,1,,,1,1,,1,1,1,1,1,,,1,,,1,,1,,1,1,,1,,,1,,1,1,,,1,1,1,,,1,1,1,,1,1,1,1,1,,,1,1,1,1,1,1,,1,,,1,1,1,,1,,1,1,1,1,1,1,1,1,1,1,1,1,1,1,1,1,1,1,1,1,,1,1,1,1,,,1,,1,1,,1,,,,,,1,,1,,,1,,,1,1,,1,1,1,,1,1,1,,,1,,1,1,,1,,1,1,1,,1,1,1,,1,,,,1,1,1,1,,1,,1,,1,,,,1,,,,,,1,,1,,1,1,,,,1,1,,1,,,,1,,,,,,1,,,1,,,1,,,1,,,,1,1,,,,1,1,1,,,,1,,,,,,1,,,1,1,,,,,1,,1,,,1,1,,,,1,,,,1,,,1,,1,1,,,,1,,1,,,1,,,1,1,1,,1,,1,,,,1,,1,1,,1,,1,1,1,,1,,1,1,,,1,,1,,,,,,1,,1,,1,1,,,1,,1,1,,,1,,,1,1,,,,,,1,,1,,,,1,,,1,1,,1,1,1,1,1,1,,,,,1,1,,1,,,1,1,,1,,,1,,1,,,1,,1,,1,1,,,,,,,,1,1,,,,,,1,1,,,,,1,,,,,,1,1,,1,,1,1,1,1,,,,1,1,,1,,,,,,,1,1,1,,,1,,1,,1,,,,1,,,,,,,1,,1,,1,,,,1,,,,1,1,,,1,,,,1,,,,,,,1,,,,,,,,,,,,1,1,1,,,,,1,,,,,1,,,,1,,,,,,1,,,1,,,,,,,,,,1,,,1,,,,,1,,,1,1,,,1,,,,,,,,,,1,1,,,,,,,1,,1,,,,,,,,,,,,,,,,,,,,,,,,,,s,o,o,o,o,s,s,s,n,1,1,,,1,,,,,,,,1,,,,,,,,,,,,,,,,,,,,,,,,,,,,,,,,,,,,,,,,,,,,,,,,,,,,,,,,,,o,2,2,1,2,1,1,2,2,1,1,1,1,1,1,1,1,1,1,1,1,1,1,1,1,1,1,1,1,1,1,1,1,1,1,1,1,1,12398,F,317,5,12398,0,2,W,1 White,16,317,73,5,80
12409,F,english_ws,totlot3,totlot3_22m_1_2.pdf,2013-12-04,21,,Mother,,1,1,,1,1,1,1,1,1,1,1,1,1,1,,1,1,1,1,1,1,1,1,1,,1,,1,1,1,1,1,1,,1,1,1,1,1,1,1,1,1,1,1,1,,1,1,1,1,1,1,1,1,1,1,1,1,1,1,,1,,1,1,1,,1,1,1,,1,1,1,1,1,1,,,1,1,1,,1,1,1,1,1,1,1,1,,1,1,1,1,1,1,1,,,,1,1,1,1,1,1,1,1,1,1,1,,1,1,1,,,1,,1,1,1,,1,1,1,1,,1,,1,1,1,1,1,,,,,1,1,,,1,1,1,,,,,1,1,1,1,1,1,1,,1,1,1,1,1,,,1,1,1,,1,1,,,,,1,1,,,1,1,1,1,1,1,1,1,1,,1,1,1,1,1,1,1,1,1,1,1,,1,1,1,1,1,,1,1,1,1,1,,1,1,1,,1,1,1,,1,,1,1,,,1,1,1,1,,1,,,,1,,,1,1,1,1,,,1,1,,1,1,1,1,1,1,1,,,,1,,1,1,,1,1,1,1,1,1,,,1,1,,1,,,1,,1,,1,1,1,1,1,1,1,,1,,,,1,1,1,1,1,,1,,1,1,,,1,,,1,,,,1,1,,1,1,1,1,1,,,,,,,,,,1,1,,1,1,,,1,,1,,1,,1,,1,,,,,,,,1,1,,1,,1,1,,,,1,,1,,,1,,,,1,1,1,1,1,1,1,,1,1,1,1,1,1,1,,1,1,1,1,1,,1,,,1,1,,1,1,,,,1,,,1,1,1,1,1,,1,1,1,1,1,,,,,1,1,,1,1,,,1,,1,,1,,1,1,1,1,1,,1,1,1,,,,,1,,,1,,,1,,,1,1,1,,,,1,,,,,1,1,1,,1,,,,1,,,,,,,,,,,,1,1,,,,1,1,,,,,,1,1,1,,,,1,1,1,,1,1,1,,,1,1,1,,,,,1,1,1,1,1,1,,1,,1,,,,,,,,1,,,1,,1,,1,1,1,,1,,1,,1,1,,1,1,1,,1,1,,,,,,1,,,,,,,,,,,,1,,,1,1,,,,1,,,1,,1,1,,,1,,,,1,,1,1,1,1,,,,,,1,,,,1,,,1,,,,1,1,,1,,1,,,1,,,1,,,,,,,1,,,1,,,1,,1,,1,,,,,1,,1,,,,,,,1,1,,,,,,1,,,,,s,s,s,o,o,o,s,s,n,1,1,,,1,,,,1,1,,,1,1,,,,,,,,,,1,,,,,1,,,,,,1,,,,,,,,,,1,,,,,,,,,,,,,,,,,,,,,,,,,,o,2,2,2,2,1,2,1,2,2,1,1,1,2,1,1,1,1,1,1,2,2,,1,1,1,2,1,1,1,1,1,2,1,2,1,1,1,12409,F,386,13,12409,0,1,W,1 White,16,387,84,13,92
12417,M,english_ws,totlot3,totlot3_22m_1_2.pdf,2013-12-11,22,669,Mother,,,1,,1,,1,1,,1,1,1,,,,,,,,,,,,,,,1,,,,,,,,,,,,,,,,,,,,,,,1,,,,,,,,,,,,,,,,,,,,,,,,,,,,,,,,,,,,,,,,,1,,,,,,,,,,,,,,,,,,,,,,,,,,,,,,,,,,,,,,,,,,,,,,,,,,,,,,,,,,,,,,,,,,,,,,,,,,,,,,,,,,,,1,,,,,,,,,,,,1,,,,,,,,,,,,,,,,,,,,,,,,,,,,,,,,,,,,,,,,,,,,,,,,,,,,,,,,,,,,,,,,,,,,,,,,,,,,,,,,,,,,,,,,,,,,,,,,,,,,,,,,,,,,,,,,,,,,,,,,,,,,,,,,,,,,,,,,,,,,,,,,,,,,,,,,,,,,,,,,,,1,,,,1,,,,1,,,,,,,,,,1,,,,,,,,,,,1,,,,,,,1,,,,,1,,,,1,,,,1,,,,,,,,,,,,,,,,,,,,,,,,,,,,,,,,,,,,,,,,,,,,,,,,,,,,,,,,,,,,,,,,,,,,,,,,,,,,,,,,,,,,,,,,,,,,,,,,,,,,,,,,,,,,,,,,,,,,,,,,,,,,,,,,,,,,,,,,1,,,,,,,,,,,,,,,,,,,,,,,,,,,,,,,,,,,,,,,,,,,,,,,,,,,,,,1,1,,,,,,,,,,,,,,,,,1,,1,,,,,,,,,,,,,,,,,,,,,,,,,,,,,,,,,,,,,,,,,,,,,,,,,,,,,,,,,,,,,,,,,,,,,,,,,,n,n,n,o,n,s,n,n,n,,,,,,,,,,,,,,,,,,,,,,,,,,,,,,,,,,,,,,,,,,,,,,,,,,,,,,,,,,,,,,,,,,,,,,,n,,,,,,,,,,,,,,,,,,,,,,,,,,,,,,,,,,,,,,12417,M,26,0,12417,0,1,W,1 White,16,26,7,0,55
12520,F,english_ws,totlot3,totlot3_22m_1_2.pdf,2014-09-04,22,,"Mother, Father",,1,1,,1,1,1,1,1,1,1,1,1,,,,1,1,1,,1,,1,,1,,1,,1,,1,,,,,,1,1,1,,,,,,1,,1,,,,1,,,,,,1,1,,,1,,,,,1,,,,1,1,1,,1,1,1,,,1,,,,,,,,,,1,1,1,,1,1,,,,,,1,,,1,,,,,,,,,,,1,,,,1,,,,,,,,1,,,,,,,,,1,,,,1,1,,,,,,,,,,1,1,,,,1,1,,,1,1,,1,1,,,1,1,,,,,1,,1,1,,,,,1,,,,,,,1,,,,1,1,,,,,,,1,,,,1,1,,,1,1,,,,,1,1,1,1,1,1,,,,,,1,,,,,,,,1,,,,,,,,,,,,,,,,,,1,1,,,,1,,,,,,,,,1,1,1,,,,,,1,,,,,,,,,,1,,,,,,,,,,,,,,,,,,,,,,,,,1,,,,,,1,,,,,,,,,,,1,,,,,,,,,,,,,1,,,,,,,,,,,,1,,,,,,,,1,,,,,1,,,,,1,,1,,,1,,,,,1,,1,,,,,,1,,,,1,1,,1,1,1,,,,1,,,1,,,,,,,,,,,,,,,,,,,,,,,,,,,,,,,,,,,,,,,,,,,,,,1,,,,,,,,,1,,,,,,,,,,,,,,,,,,,1,,,,,,,,,,,,,,,,,,,,,,,,,,,,,,1,,,,,,,1,,1,,,,,,1,,,,,,,,,1,,,,,1,,,,,,,,,,,,,1,,,,1,,,,,,,,,,,,,,,1,1,,,,,,,,,,,,,,1,,,,,,,1,1,,,,1,,,,,,,,,,,,,,,,,,,,,,,,,,,,1,,,,,,,,,,,,1,,,1,,,,,,,,,,1,,,,,,,,,,,,,,,,,,,,,,,,,,,,,,,,,,,,n,n,s,o,o,n,n,n,n,,,,,1,,,,,,,,,,,,,,,,,,,,,,,,,,,,,,,,,,,,,,,,,,,,,,,,,,,,,,,,,,,,,,,,,,s,1,2,1,1,1,1,1,1,1,1,1,1,1,1,1,1,1,1,1,1,1,1,1,1,1,1,1,1,1,1,1,1,1,1,1,1,1,12520,F,129,1,12520,0,1,W,1 White,18,129,27,1,55
12547,F,english_ws,totlot3,totlot3_22m_1_2.pdf,2014-05-02,21,,"Mother, Father",,1,1,1,1,1,1,1,1,1,1,1,1,1,1,,1,1,1,,1,1,1,1,1,1,1,,1,1,1,1,1,1,,1,1,1,1,1,,,,1,1,,1,,1,1,1,1,,1,,1,1,1,1,1,1,1,1,1,,1,1,1,1,1,1,1,,1,1,1,,1,1,,,,,1,,1,,1,1,,1,,1,1,1,,,1,,1,1,,,,1,,1,,1,1,,1,,1,,,,1,,,,1,,,,1,1,1,,1,,,1,,1,1,,,,,,,,,,,,,,1,1,,,,1,1,,1,1,1,1,1,1,1,,1,1,,,1,1,1,,1,1,1,1,,,1,1,,,1,1,1,1,1,1,1,1,1,1,1,1,1,1,1,1,1,1,1,1,1,,,1,1,1,1,1,1,1,1,1,1,,1,1,,,,1,1,,1,,,1,1,,1,,,1,1,,,,,1,,,,1,1,1,,,1,1,1,1,,1,1,,,,,,,1,1,1,,,1,,,1,1,,,,1,,,,,,1,,,,1,,,1,,1,,,1,,1,,1,1,1,,,,1,1,1,1,1,,,,1,1,,,,1,,,,,1,1,1,1,,,,,,,,,1,1,,1,1,,,,1,,,,,,1,1,,,,,,,,1,,,1,,1,1,,,,1,,1,,,1,,,,,1,,1,1,1,1,,1,1,,,,1,1,,1,1,1,,,,1,,,1,,1,1,,,1,,,,,1,1,,1,1,,,,,1,1,,,1,,1,,,,,,1,1,,1,,,,1,1,,,1,,1,1,1,1,,,,,1,,1,,,1,1,,,,,1,,,1,,,,1,,1,1,,1,1,,,1,,,1,,1,1,,,,,,,1,,,,,1,,,,1,,1,1,,,,1,1,1,1,1,,1,1,,,,1,,1,,,,1,,1,,,,,1,,,,,,,,,,,1,,1,,,,1,,,,,1,,1,,,,,1,,1,1,,,,,1,,,,,,,,,,,,,,1,1,1,1,1,,,,,,,,,1,,,,1,,,,,,,,,,,,,,,,,,,1,,,1,,,,1,1,,1,,,,1,1,,,1,,,,,,,1,,,,1,,,,,,,,,,1,1,,,,,,,,,,,,,,,,,,,,,s,n,o,o,s,s,o,n,n,,1,,,1,,,,,,,,,,,,,,,,,,,,,,,,,,,,,,,,,,,,,,,,,,,,,,,,,,,,,,,,,,,,,,,,,,s,2,2,2,2,1,1,1,2,2,1,1,1,1,1,1,1,1,1,1,1,1,1,1,1,1,1,1,1,1,1,1,1,1,1,1,1,1,12547,F,300,6,12547,0,1,W,1 White,16,295,70,6,82
12608,F,english_ws,totlot3,totlot3_22m_1_2.pdf,2014-05-22,21,,Mother,,1,1,1,1,1,1,1,1,1,1,1,1,1,1,,1,,1,,1,1,1,1,1,,1,1,1,1,1,1,1,1,,1,1,1,1,1,1,1,1,1,1,,1,,1,1,1,1,,1,1,,1,1,1,1,1,1,1,1,,1,,1,1,1,1,1,,1,1,1,1,1,1,1,,1,1,,,1,1,1,1,,1,1,1,1,1,1,1,1,1,1,1,1,1,,1,1,1,,1,1,,1,,1,1,,,1,1,,1,1,,1,1,1,1,1,1,1,1,1,1,1,,1,,1,,1,,1,1,1,,,1,1,,1,1,,,1,1,1,,1,1,1,1,,1,1,,1,1,1,1,1,1,1,,1,1,,,1,,1,,,1,1,,1,1,1,,1,1,1,1,1,1,1,1,,1,1,1,1,1,1,,,1,1,1,1,1,,1,1,1,1,,1,,,,,,1,,1,1,,1,,,1,1,1,1,1,,,,1,1,,1,1,1,1,1,,,1,1,,1,1,1,1,1,,1,,,,1,1,1,1,1,1,1,1,1,1,1,,1,,1,,,,,1,,1,1,1,,,1,,1,,,1,1,1,1,1,,1,,,,1,1,,1,,,,,,1,,,,1,1,,,1,1,1,1,1,,,,,,,,,1,1,,1,1,1,,1,1,1,,1,1,1,,1,,1,1,,1,,,1,1,,,1,1,1,,,,1,,1,1,1,1,,,,,1,1,1,1,1,,1,1,1,1,1,1,1,1,1,1,1,,,1,,1,1,1,1,1,,1,,,1,1,1,,1,1,1,1,1,1,,1,,1,1,1,1,,1,1,1,1,1,1,1,,1,1,1,1,,1,1,1,1,1,1,1,,1,,1,,,1,,,1,,1,1,,1,1,,1,1,1,1,1,,1,1,1,,,,1,1,,1,1,,,1,,1,1,,,1,,,,,,1,1,,1,1,1,1,,1,,1,1,1,1,1,1,,1,1,1,1,1,1,1,1,1,1,1,1,1,1,,1,,1,1,1,1,,1,1,1,,1,,,,1,,,1,1,,1,1,,1,,1,1,,1,1,,1,1,1,1,1,1,1,1,1,1,1,1,,,,,1,1,,,,,1,,1,,,1,,,1,,1,,1,1,1,,,,1,1,,,,1,,,,1,,1,,1,1,,,,,1,1,1,,1,1,1,1,1,,1,,1,1,,1,1,1,,1,1,1,1,1,1,1,,,1,,1,,1,,1,,1,1,1,,1,,,,1,1,,1,,,,1,,1,1,1,1,,,,,,,,,1,o,s,o,o,o,o,o,o,n,,,,1,1,,,,1,,,,1,,,,1,,1,,,,,,,,,,,,,,,,,,,,,,,,,,,,,,,,,,,,,,,,,,,,,,,,,,,,o,2,1,1,2,1,1,2,2,2,1,1,1,2,2,1,1,1,1,2,2,2,2,2,1,1,2,1,1,1,2,1,2,1,1,1,2,1,12608,F,445,16,12608,0,1,W,1 White,16,445,90,16,93
12612,F,english_ws,totlot3,totlot3_22m_1_2.pdf,2014-06-15,23,,Mother,,,1,,1,1,1,1,1,1,1,1,1,,1,1,1,1,1,1,1,1,1,1,1,,1,1,1,1,1,1,1,,,1,1,,1,1,,1,1,1,1,,1,1,1,1,1,,1,1,,,1,1,1,1,1,1,1,,,1,,1,,1,1,1,,1,1,1,1,1,1,1,,1,,,1,,,1,1,1,1,1,1,1,1,1,1,1,1,1,1,1,,,1,1,1,,1,1,1,1,1,1,,1,1,1,1,,,1,,1,1,1,,1,1,1,,1,,,1,1,,1,1,1,,,1,1,,1,1,1,1,1,1,,,,1,1,,,,1,1,,1,1,,1,1,,,1,1,1,,1,1,,,,,1,1,,,,,1,1,1,1,1,1,1,,1,1,1,1,1,1,1,,1,1,1,,1,1,1,,1,,1,1,1,1,1,,,,1,,1,,1,1,1,1,1,1,1,,1,,,1,1,1,,,1,1,,1,1,1,1,1,,1,1,1,,,,1,1,1,,,,,,,1,1,1,,1,,1,1,1,,,,,1,,,,,1,,,1,1,,,1,,1,1,,,,,,1,,1,,,,,1,1,1,,,,,,1,,,,1,,,,,1,1,1,1,,,1,,,,,,1,1,1,1,1,,,,1,1,,1,,,,1,,,1,1,,,,1,,,1,1,1,1,1,,1,1,,1,1,,1,,1,,1,1,1,1,1,1,,1,1,1,1,1,1,1,1,,1,1,1,,1,,1,,,1,1,1,1,,,,,1,1,,1,1,,,1,1,1,,1,1,1,1,1,,,1,1,,1,1,,1,1,,1,,1,,1,1,1,1,1,,1,1,1,1,,1,,1,1,,1,,,1,1,,1,1,,1,1,,1,,1,1,1,,,1,,1,1,,1,1,,,1,1,1,1,,,,,,1,1,1,,,1,1,,1,,1,1,1,1,1,,1,1,,1,1,,,1,1,1,,1,,1,,,,,1,1,1,1,,1,,1,1,1,,1,,1,,,,1,,,1,1,,,1,1,1,,1,,1,1,1,1,,1,1,,1,1,1,,,,1,1,1,,1,,1,,,,,,,,1,,1,1,1,,,,,,,,,,,,,1,,,,,,1,,,,,,,,,,,,,,,1,,,,,,1,,1,,1,,,1,,,,,,,,,,1,,,,,,,,1,,,,,,,,,,,,,,,,,,,,,,,,,,,,s,o,o,o,o,s,s,o,n,,1,,,1,,,,1,,,,1,,,,,,,,,,,,,,,,1,,,,1,,,,,,,,,1,,,,,,,,,,,1,,,,,,,,,,,,,,,,,,o,1,,1,2,1,1,1,2,2,1,1,1,2,2,1,1,1,1,1,2,1,1,1,1,1,1,1,1,2,1,1,1,1,1,1,1,1,12612,F,368,7,12612,1,1,W,1 White,16,366,64,8,74
12683,F,english_ws,totlot3,totlot3_22m_1_2.pdf,2014-08-25,21,,Mother,,1,1,1,1,1,1,1,1,1,1,1,,1,1,1,1,1,1,1,1,1,1,1,1,1,1,,1,,1,1,1,1,1,1,1,1,1,1,1,1,1,1,1,1,1,,1,1,1,1,1,1,,1,1,1,1,1,1,1,1,1,,1,,1,1,1,1,1,1,1,1,1,1,1,1,,,,1,1,,1,1,1,1,1,1,,1,1,1,,1,1,1,1,1,1,1,,1,1,1,,,,1,,,,,,,1,1,,,1,,,,1,,1,1,,1,,,,1,,,,,,,,1,,1,,,,,,,,,1,1,1,1,,1,1,1,1,1,1,1,1,1,,1,1,1,1,,1,1,1,1,,,1,,,1,,,1,1,1,1,1,1,1,1,1,1,1,1,1,1,1,1,1,1,1,,1,1,1,1,1,1,,1,1,1,1,1,1,,,,1,,1,1,1,1,1,1,,,1,1,1,1,1,1,,,,1,1,1,1,1,1,1,,1,1,1,1,1,1,1,1,1,1,1,,1,,1,1,1,1,,1,,1,1,1,1,1,1,1,1,1,,,,1,1,,1,1,1,1,1,1,1,1,1,1,1,1,1,1,1,1,,1,1,1,1,1,1,,1,1,1,,1,1,1,1,1,1,1,1,1,1,1,1,1,1,1,,,,,,,1,1,,1,1,,,,1,1,,,,,,1,,1,1,,1,,,1,,,,1,1,1,,1,1,1,1,1,,,1,,1,1,1,1,1,1,1,1,1,1,1,1,1,1,1,1,1,,1,1,1,1,1,1,1,,1,1,1,1,1,1,1,,,1,1,1,1,1,1,1,1,,1,1,1,1,1,1,1,1,,1,1,1,1,,,1,1,1,1,,1,1,1,1,1,1,1,1,1,1,1,1,,1,1,1,1,,1,1,,1,,,,1,,1,,,1,1,1,1,1,1,1,1,,1,1,1,1,1,1,1,1,1,1,1,1,1,,,,1,1,1,1,1,1,1,1,1,,,,1,1,1,,,1,1,1,1,1,1,1,1,1,1,1,1,,1,,,,1,,,,,,1,1,1,1,,1,,,1,,,,,,1,,,,1,1,1,1,1,1,1,1,1,,,1,1,1,1,1,1,,,,,,1,1,,,,,,,,,,,1,1,1,,,,,,1,,,,,1,,,,1,1,,,1,,1,,,,,,,,,1,,,,1,,1,1,,,,,1,,,,,1,,,,1,,,,1,,,,1,,1,,,,,,,,,,,,1,1,,1,,,,,,1,,,,,,,,,,,,,s,n,s,o,o,s,s,s,n,1,1,,,1,1,1,,1,1,,,1,,1,,1,,1,1,1,,,1,,1,1,,1,,,,,1,,1,,,,1,,1,1,,1,1,,,,,,,,,,,,,,,,,,,1,,,,,,o,2,1,2,2,1,1,1,,2,1,1,1,2,2,1,2,2,,,2,1,2,1,2,1,1,1,1,1,1,1,1,2,1,,1,1,12683,F,435,12,12683,0,3,W,1 White,18,434,89,12,91
12717,M,english_ws,totlot3,totlot3_22m_1_2.pdf,2014-04-16,22,,Mother,,1,1,1,1,1,1,1,1,1,1,1,1,,,1,1,,,1,,,1,,1,,1,,1,1,1,,,,,,,,,1,,,,,,,,,,1,,1,,,,,1,1,1,,1,,,,,,,1,,1,1,1,1,1,1,1,1,,1,,,1,,,,,,,1,,1,,1,,1,1,1,,,,1,,1,1,,,1,,,1,,,,,,1,,,,,,1,,,,1,,,,,,,,1,,1,,,,,,,,,,,,,,,,,,,1,,,,,1,,,1,,,,1,,,1,,1,,,1,1,,,,1,,,,,,,,,,,1,1,,,,,,,,,,,,1,1,,1,,,,,,,1,,,,,,,1,1,,1,,1,1,,,,,1,,,1,,,1,,,,,,,,,,,,1,,,1,,,,,,,,,,,,,,,,,,1,,,,,,,,,,,1,,,1,,,,,,,,,,1,,,1,,,,,,1,,1,,,,,,,,,,,1,,,,,,,1,,,,,,,,,,1,,,1,1,,,,,,,,,,1,1,,1,,1,,,,1,,,,,1,1,,1,1,1,,,,,1,,,,,1,,1,1,,1,,1,1,,,,1,1,,,1,1,,,,1,,,1,,1,,,,,,,,,,,,,,,1,1,,,,,,,,,,,,,,,1,,1,,,,,,1,,,,1,1,,,,,,,,,,,,,,,,,,,,,,,,,,,,,,1,,,,,,,,,1,,,,,,,,,,,,,,,,,,,1,1,,,,,,,,,,,,,,,,,,,,,,,,,,,,1,,,,,,,,,,,,,,,,,1,,1,,,,,,,,,,,,,1,,,,,,,1,,,,,,,,,,,,,,1,1,,,,,,,,,,,,,,,,,,,,,,,,,,,,,,,,,,,,,,,,,,,,,,,,,,,,,,,,,,,,,,,,,,,,,,,,,,,,,,,,,,,,,,,,,,,,,,n,n,s,o,o,n,n,n,n,,,,,,,,,,,,,,,,,,,,,,,,,,,,,,,,,,,,,,,,,,,,,,,,,,,,,,,,,,,,,,,,,,,,,,,s,,,,,,,,,,,,,,,1,,,,,,1,,1,,,,,,,,,,,,,,,12717,M,134,0,12717,1,2,W,1 White,16,136,42,0,55
12724,M,english_ws,totlot3,totlot3_22m_1_2.pdf,2014-04-08,22,,Mother,,1,1,,1,,1,1,,1,1,1,1,,,1,1,1,1,1,,,,,,,1,,,,,1,,,,,,,,,,,,,1,,,,,,,,,,1,,,,1,1,1,,,,,,,1,,1,1,1,1,1,1,,,,1,,1,1,,,,,,1,1,,1,,1,,,,1,,,1,1,,,,,,,,1,1,,1,,1,,,,,,,,,,,,1,,,,,,,1,,,,,,,,,,,,,,,,,,,,,,1,,,,,,,,1,,,,,,,,,1,,,1,,,,,1,,,,,,1,,,,,1,1,,1,,,1,,,,,1,1,1,,,1,1,,1,,,1,1,1,1,,1,,,1,,1,1,,1,,,,,,1,,,,,,,,,,,,,1,,,,,1,1,,,,,,,,,,,,,,1,,,1,,,1,,,,,,,,,,,1,,,,,,,,1,,,,,,1,,,,1,,,,1,,,,,,,,,,,,,,,,,1,,1,1,,,,,,,,,,,,,1,,,,,,,,,,,,,,,,,,,,1,,,,,,,,,,1,,,,,1,,1,,1,1,,1,,,,,,1,,,,1,1,,1,,,,,,1,,,,,,,,,,1,,,,1,,,,,,,,,,,,,,,1,,,,,,1,1,,1,,,,,,,,1,,1,,1,,,,,,,,,,,1,,,,,,,,,1,,1,,,,,,,,,,,,,,1,,,,1,,,,,,,,,,,,,,,,,,,,1,,1,,1,,,,,,,,,,,,,,,,,,,,,,1,,,,,,,,,,,,,,,,,,,,,,,,,,,,,,,,,1,,,,,,,1,,,,,,,,,,,1,1,1,,1,,,,1,,,,,1,,,,,,,1,1,,1,,1,1,,,,,,,,,1,,,1,,,,,,,,1,,,1,,1,1,,1,1,,,,,,1,,,,,,,1,,,,,,,1,1,,1,,,,1,,,,,1,,,,1,,,,,,s,s,o,o,o,n,o,n,n,,1,,,1,,,,,,,,,,1,,,,,,,,,,1,,,,1,,,,,,,,1,1,,,,,,,,,,,,,,,,,,1,,,,,,,,,,,,,,,o,1,2,1,2,2,1,2,1,2,1,1,2,2,2,2,1,1,1,1,2,1,2,2,1,1,1,1,2,1,2,2,1,1,1,1,1,1,12724,M,144,15,12724,0,2,W/B,0 Non-White,18,143,44,15,93
12737,F,english_ws,totlot3,totlot3_22m_1_2.pdf,2012-09-04,22,,Mother,,1,1,1,1,1,1,1,1,1,1,1,1,1,1,,1,1,1,1,1,1,1,1,1,1,1,1,1,1,1,1,1,1,,1,1,,1,1,1,1,1,1,1,1,1,1,1,1,1,1,,1,1,1,1,1,1,1,1,1,1,1,1,1,1,1,1,1,1,1,1,1,1,1,,1,1,1,,1,,1,1,1,1,1,1,1,1,1,1,1,1,1,1,1,1,1,1,,,,1,1,1,1,1,1,1,1,1,1,1,,1,,,1,,1,,1,1,1,1,1,,1,1,1,1,1,1,,,1,1,,,1,1,,1,1,,1,1,1,1,1,,,1,1,,,1,1,1,1,1,1,1,1,1,,1,1,1,1,,1,1,,1,1,,1,1,,1,1,,1,1,1,,1,1,1,1,1,1,1,1,1,,1,1,1,1,1,,1,1,,1,1,,1,1,1,1,1,1,1,1,1,,1,1,1,1,1,1,,1,,,1,,,1,1,1,1,,1,1,,1,1,,1,1,,,1,1,,1,1,1,1,1,,1,,1,,1,1,1,1,,1,1,1,1,1,1,,1,1,1,1,,,,1,1,,,1,1,,1,,1,1,1,1,1,1,,1,1,1,,1,,1,1,1,1,,1,1,1,1,1,1,1,,1,1,1,1,1,1,1,1,,1,,1,1,,,1,,1,1,1,1,1,1,,1,,1,,,1,1,,1,,1,,,,,1,1,,,1,,1,1,,,,1,,1,1,,1,,,,,1,1,1,1,1,,,1,1,1,1,1,1,1,1,1,1,1,1,1,1,1,1,,1,,,1,1,,,,1,,,1,1,1,,1,1,1,,1,1,1,1,1,,1,1,1,,1,,,1,1,,1,,1,1,1,,1,,1,,1,1,1,,,1,1,1,1,1,1,,1,1,1,,,1,1,1,1,,1,1,1,1,1,1,1,1,,1,1,1,,1,,1,1,1,1,1,1,1,,,,1,1,1,1,1,1,1,,1,,,,1,1,1,1,1,1,1,1,1,1,1,1,1,,,1,,1,1,,1,1,1,1,1,1,,1,1,1,1,1,,1,1,1,,,1,1,,,1,,1,,1,1,,,1,,,,1,1,,1,1,1,,1,1,1,,,1,1,1,1,,1,1,1,,,1,,,1,1,1,1,1,1,,1,1,1,,,1,1,1,1,,1,1,,,,1,,1,,,,,,1,1,1,1,,1,,1,,1,1,,1,,1,1,,1,1,1,1,,1,1,1,1,1,,1,,,,,1,,1,1,,1,1,1,,,,,1,,1,1,,1,,,1,,,1,1,,,,,1,,,,,,o,o,o,o,o,o,o,s,s,,1,,,1,1,,,1,,,,1,,,,,,,,,,1,,1,,,,,,,,,1,,1,,,,,,,,,,,,,,,1,1,,,,,,,,,,,,,1,,,,1,,o,2,2,1,1,1,1,2,2,1,1,1,1,2,1,1,1,1,1,2,2,2,1,2,1,1,1,1,1,2,1,1,2,2,1,1,1,1,12737,F,478,12,12737,0,1,W,1 White,18,477,89,12,85
12828,M,english_ws,totlot3,totlot3_22m_3.pdf,2005-02-24,22,,Mother,,1,1,1,,1,1,,1,1,1,1,,1,1,,,,1,1,,1,1,1,1,,1,,1,1,1,1,,,,1,1,,,1,,1,1,,1,,1,,,,,,1,1,,1,1,1,1,1,1,1,1,1,,1,1,1,,1,1,1,,1,1,1,1,1,,,,,,,,,,1,1,,1,,,,,,,1,,1,1,,1,,1,,1,,1,1,,1,,1,,,,,1,,,,,,,1,,1,,,,1,,,,,,,,,,,1,,,,,,,,,,,,1,1,,,,1,1,,1,,,1,,1,,,1,1,,1,1,1,,,,1,,,,1,,1,1,,,,1,1,1,1,1,,1,,1,1,,1,1,,,,1,1,1,1,,,1,1,1,,,,,,,,,1,,1,1,,1,,,1,,,1,,1,,,,,,1,,,,1,,,1,1,,1,,,,,,,,1,,1,1,1,1,,1,,,,1,,,,,,,,,,,,,,,,,,,1,,,1,,,,1,,,,1,,1,1,1,1,,,1,,,1,,,,1,,,,1,,1,1,1,,,,,,,,,1,1,,1,,,1,1,,,,1,,,,1,,,1,,,,,1,,1,,,1,1,,1,1,1,,1,1,,1,,,,1,1,,1,,,,,,1,1,,1,,1,,,1,1,1,,,1,,,,1,,,,,,,,,,,,,,,,1,,,1,1,,,,,,1,,,,,1,,,,,,,1,,,,1,,,1,1,,,,,,1,,,,,,,,,,,,,,1,,,,,,,,,1,,,,,,,,,,,,,,,,,1,,,,1,,,1,,,,1,,,,,1,1,1,1,1,1,,1,,,,,,,,,,,,1,,,,,1,,,,,,,,,1,,,,,,,,1,1,,,1,,,,,,,,,1,,1,1,,,,,,,,,,,,,,,,,,,,,,1,,,,,,,,,,,,,,,,,,,,,,,,,,,,,,,,1,,,1,,,,1,,,1,,,,,,,,,,,,,,,1,,,,,,,,,,,,,,,,,,,,,,,,,,,,,,,,,,,,o,s,o,o,o,s,s,o,n,,,,,,,,,,,,,,,,,,,,,,,,,,,,,,,,,,,,,,,,,,,,,,,,,,,,,,,,,,,,,,,,,,,,,,,o,2,1,2,2,,,1,,1,,,1,2,,1,1,,1,1,,1,,1,,,1,1,,1,1,,,,,,,1,12828,M,204,4,12828,0,1,W,1 White,17,203,57,4,84
12830,M,english_ws,totlot3,totlot3_22m_3.pdf,2015-03-05,23,701,NA,,1,1,,1,1,1,,1,1,,1,1,,,,,,,,,,,,,,1,,,,,,,,,,,,,,,,,,,,1,,,,1,,,,,,,,,,1,,,,,,,,,,1,,,,,1,,,,,,,,,,,,,1,,,,,,,,,,,1,,,,,,,,,,,,,,,,1,,1,,,,1,,,,,,,,,,,,,,,,,1,,,,,,,,,,,,,,,,,1,,,,,,,,,,,,,,,,,,,1,,,,,1,,,,,,,,,,,,1,,,,,,,,,,,1,,,,,,,,,,,,,1,,,,,,1,,,,,,,,,,1,,,,,,,,,,,,,,,,,,,1,,,,,,,,,,,,,,,,,,,,,,,,,,,,,,,,,,,,,,,,,,,,,,,,,,,,,1,,,,,,,,,,,,,1,,,,,,,,,,,,,,,,,,,,1,,,,,,,,,,,,1,,,,,,,,1,,,,,1,1,,,,1,,,,,,,,,,,,1,,,,,,1,1,,,1,1,,1,,,,1,,,,,,,,,,,,,,,,,,,,,,,,,,,,1,,,,,,,,,,,,1,,,,,,,,,,,,,,,,,,,,,,,,,,1,,,,,,,,,,,,,1,,,,,,,,,1,,,,,,,,,,,,1,,,,,,,,,,,,,,,,1,,,,,1,,,,,,,,,,,,,,,,,1,,,,,,,,,,,,,,,,,,,,,,,,,1,,,,,,,1,,,,,,,,,,,,,,,,,,,,,1,,,,,,,,,,,,,,,,,,,,,,,,,,,,,,,,,,1,,,,,,,1,1,,1,,,,,1,,,,,,,,,,1,,,,,,,,,,,,,,,,,1,,,,,,,,,,,,,,,,,,,,n,s,o,s,s,n,n,n,,,,,,,,,,,,,,,,,,,,,,,,,,,,,,,,,,,,,,,,,,,,,,,,,,,,,,,,,,,,,,,,,,,,,,,n,,,,,,,,,,,,,,,,,,,,,,,,,,,,,,,,,,,,,,12830,M,64,0,12830,0,1,A/W,0 Non-White,17,65,14,0,40
12840,F,english_ws,totlot3,totlot3_22m_1_2.pdf,2014-06-23,23,,Mother,,,,,1,1,1,1,,1,1,,1,,,,1,1,1,,,,1,1,,,1,,1,,1,1,,,,,1,,,,,,1,,1,,,,,,,,1,1,,,,,,,1,,,,,,,,,1,1,,,,1,1,,,,,,,,,,,,,1,,1,,,,,,,,,1,1,,,,1,,1,,,,,,,,,,,,1,,,,,,,,,,,,,,,,,,,,,,,,,,,,,,,,,,,,,,,,,1,,,,,,1,1,,,,,,,1,1,,,,,1,,,,,,1,,,1,1,1,1,,1,,,1,,1,,,1,1,1,,,1,1,,,,,,,,,,,,,,,,,,,,,,,,1,,,1,,,,,,,,,,,,,,,,1,,1,1,,1,,,,,,,,,1,,,1,,,,1,,,,,,,,,,,,,,,,,,,,,,,,,,1,,,,,,,1,,1,,,,,,,,,,1,,,,,,1,,,,,,,,,,,,1,,1,1,,,,,,,,,,,1,,,,,,,,1,,,,,1,1,,,,1,,1,,,1,,,,,,,1,,,,,,1,,,,1,1,,1,1,,,,,,,,,1,,1,,,,,1,,,,,,,,,1,,,,,,,,,1,1,,,,,1,1,,1,,,,,,1,,,,,,,,,,,,,,,,,1,,,,,,1,1,,,,1,,1,,,1,,1,,,,,,,1,,,,,,,,,,,,,,,,,,,,,1,1,,,,,,,,,,,1,1,,1,,,,,,,,,,,,,,1,,,,,,1,,,,,,,,,,,,,,,,1,,,1,,,,1,,,,,,,,,1,1,,,,,,,,,,,,,,1,1,,,,,,,,,,,,,,,,,,,,,,,1,,,,,,,,,,1,,,,,,,,,,1,,,,,1,,,,,,,,,,,,,,,,,,,,,,,,,,,,,,,,1,,,,,,,,,,,,,,s,n,s,o,o,n,o,n,n,,1,,,1,,,,1,,,,,,,,,,,,,,,,,,,,,,,,,,,,,,,,,,,,,,,,,,,,,,,,,,,,,,,,,,,,,,o,1,1,2,1,1,1,1,1,2,1,1,1,1,2,1,1,1,1,1,1,1,1,1,1,1,1,1,1,1,1,1,2,1,1,1,1,1,12840,F,119,4,12840,0,1,A/W,0 Non-White,16,119,20,4,60
12878,F,english_ws,totlot3,totlot3_22m_3.pdf,2015-02-13,21,,Mother,,1,1,1,1,1,1,,1,1,1,1,1,1,1,,1,1,1,1,1,,1,1,1,,1,,1,1,1,1,1,,1,1,1,,1,1,,,1,1,1,,1,,,1,1,1,1,1,,1,1,1,1,1,1,,1,,,1,,1,,1,1,1,,1,1,1,,1,1,1,,1,,1,,1,1,1,1,,1,1,1,,1,1,1,1,1,1,1,1,,,1,,1,1,1,1,1,1,1,1,,,1,,,,1,1,1,1,,1,1,1,1,1,1,1,1,,1,1,,1,1,1,,1,1,,1,1,,1,,1,1,,,,1,1,,,1,1,1,,1,1,,1,1,,1,1,1,1,1,1,1,,1,1,,1,,1,1,1,,1,1,1,1,1,1,1,1,1,1,1,1,1,,1,1,1,1,1,,,1,1,,1,,1,1,,1,1,,1,,1,1,1,1,1,1,1,1,,1,,1,1,,,1,1,1,,,,1,,1,1,,1,1,,1,1,1,1,1,,1,1,1,,,,1,,1,1,1,1,,1,1,1,1,1,1,1,,1,1,1,1,,,1,1,1,1,1,1,,1,,1,1,1,1,,1,,1,,1,,1,,1,,1,1,,,,,1,1,1,,,1,1,,,1,1,1,1,,1,1,1,,,,1,1,1,,1,1,1,1,1,1,1,1,,1,,1,,1,,,1,1,,,,1,1,,1,,1,,,,1,1,,1,,,,,1,1,,1,1,1,,1,,1,1,1,,1,1,,1,1,1,,,1,1,,1,,,1,,1,1,1,1,,,1,,1,1,1,1,,1,1,,1,,,1,1,,1,,1,1,1,1,,1,1,1,1,1,,1,1,1,,,1,1,1,1,,1,,,1,,1,1,1,1,1,1,1,,,1,,1,1,1,,1,1,1,,,1,,1,,1,1,,1,,1,,1,1,1,1,,1,1,1,,,1,1,,1,1,1,1,1,,1,,1,1,1,,1,1,,1,1,1,,1,1,,1,1,1,1,1,,1,,1,1,1,1,1,1,1,1,,,,1,1,1,1,1,1,1,1,,1,,1,,1,1,1,1,1,1,,1,,1,,1,1,,,1,1,,,1,1,1,1,1,,1,,,,,1,,1,,,1,1,1,1,1,,,,,,,,,,,1,1,,,,1,,1,,1,,,,,,1,1,,,,1,,1,1,,,,1,1,,1,,1,1,1,1,1,,1,,,,,,,1,,,,,1,,,1,1,,,1,,,1,1,,,,,,1,,1,1,,,,,1,,,,,,o,o,o,o,o,o,s,s,n,,1,,,1,1,,,,,,,1,,1,,,,,,1,,1,,,,,,,,,,,,,,,,,,,,,,,1,,,,,,,,,,,,,,,,,,,,,,,,,o,2,2,1,2,2,1,1,2,1,1,1,1,2,,1,2,1,1,2,2,2,1,1,1,,1,1,1,1,1,1,1,1,1,1,1,,12878,F,429,10,12878,0,3,W,1 White,16,430,88,11,91
12959,F,english_ws,totlot3,totlot3_22m_1_2.pdf,2014-05-20,23,,Mother,,1,1,1,1,1,1,1,1,1,1,1,1,1,1,1,1,1,1,1,1,1,1,1,1,1,1,1,1,1,1,1,1,1,1,1,1,1,1,1,1,1,1,1,1,,1,1,1,1,1,1,1,1,1,1,1,1,1,1,1,1,1,1,,1,1,1,1,1,1,1,1,1,1,1,1,1,1,1,1,1,1,1,1,1,1,1,1,1,1,1,1,1,1,1,1,1,1,1,1,1,1,1,1,1,1,1,1,1,1,1,1,1,1,1,1,1,1,,,1,,1,1,1,1,1,1,1,1,,1,1,1,1,1,1,,,,1,1,1,1,1,,1,1,1,1,1,,1,1,1,1,1,1,1,1,1,1,1,1,1,1,1,1,1,1,1,1,1,1,1,1,1,1,1,1,1,1,1,1,1,1,1,1,1,1,1,1,1,1,1,1,1,1,1,1,1,1,1,,1,1,1,1,1,1,,,,,,,,,,,,,,,,,,,,,,,,,,,,,,,,,,,,,,,,,,,,,,,,,,,,,,,,,,,,,,,,,,,,,,,,,,,,,,,,,,,,,,,,,,,,,,,,,,,,,,,,,,,,,,,,,,,1,1,,1,1,1,1,,1,1,,1,1,1,1,1,1,1,1,1,1,1,1,1,1,1,1,1,1,1,1,1,1,1,1,1,1,1,1,1,1,1,1,1,1,1,1,1,1,1,1,1,1,1,1,1,1,1,1,1,1,1,1,1,1,1,1,1,1,1,1,1,1,1,1,1,1,1,1,1,1,1,1,1,1,1,1,1,1,1,1,1,1,1,1,1,1,1,1,1,1,1,1,1,1,1,1,1,1,1,1,1,1,1,1,1,1,1,1,1,1,1,1,1,1,1,1,1,1,1,1,1,1,1,1,1,1,1,1,1,1,1,1,1,1,1,1,1,1,1,1,1,1,1,1,1,1,1,1,1,1,1,1,1,1,1,1,1,1,1,1,1,1,1,1,1,1,1,1,1,1,1,1,1,1,1,1,1,1,1,1,1,1,1,1,1,1,1,1,1,1,1,1,1,1,1,1,1,1,1,1,1,1,1,1,1,1,1,1,1,1,1,1,1,1,1,1,1,1,1,1,1,1,1,1,1,1,1,1,1,1,1,,,1,,1,1,1,,1,1,1,,1,1,1,1,1,1,1,1,1,1,,,1,1,,1,1,1,1,1,,,1,1,,1,1,1,1,1,1,1,1,1,,1,1,1,1,1,1,1,1,1,1,1,1,1,1,1,1,1,,1,1,1,1,1,1,1,1,1,1,1,1,,1,,1,1,,1,1,1,1,1,1,1,1,1,1,1,1,1,1,1,1,1,1,1,1,1,1,1,1,1,1,,,,,1,o,s,o,o,n,o,o,s,s,1,1,,1,1,1,,,1,,1,,1,,,1,,,,,,,,,1,,1,,1,,,,,,,,,,,,,,,,,1,,,,,,,,,,,,,,,,,,,,,,,1,,o,2,2,1,2,2,2,2,2,1,2,1,1,2,2,2,2,2,1,1,2,2,2,1,1,2,1,1,1,1,2,2,2,2,1,2,2,1,12959,F,531,23,12959,0,1,W,1 White,16,594,96,23,91
12971,F,english_ws,totlot3,totlot3_22m_3.pdf,2015-04-14,21,,Mother,,1,1,1,1,1,1,1,1,1,1,1,1,1,1,1,1,1,1,1,1,1,1,1,1,1,1,1,1,1,1,1,,,,1,1,1,1,1,,,1,,1,,1,1,1,1,1,1,1,1,1,,1,1,1,1,1,,,1,,1,1,1,1,1,1,1,1,1,1,1,1,1,1,,,,,1,,1,1,1,1,1,1,1,1,,,1,1,1,1,1,1,,1,,1,1,1,,1,1,1,1,1,1,1,,,1,1,,,1,,1,,1,1,1,,1,1,,1,,1,1,,,1,,,,1,,,1,,1,1,1,1,,,,1,1,,,1,1,1,1,1,1,,1,1,1,,1,1,1,,1,1,1,,,,1,,,1,1,,1,1,1,1,1,1,1,1,1,1,1,1,1,1,1,1,1,1,1,,1,1,1,1,1,1,1,1,1,1,1,1,1,1,1,1,1,,1,1,1,1,1,1,1,,1,1,1,1,,1,1,,1,1,1,1,1,1,1,1,1,1,1,1,1,1,1,1,1,1,,1,,1,,1,1,1,1,,1,1,1,1,1,1,,1,1,1,1,1,,,1,1,,1,1,1,1,1,1,1,1,1,1,1,1,1,1,,1,,1,,1,1,1,1,,,1,,1,1,,1,,1,1,1,1,1,1,1,1,1,1,,1,,,,1,1,1,1,,1,1,1,,1,1,1,,1,1,,,1,,1,1,,,,,1,1,,,1,1,1,1,,1,1,,1,,,1,,,,,1,1,1,,1,1,1,1,1,1,1,1,1,1,1,1,1,1,1,1,1,1,1,1,1,1,1,,1,1,1,,,1,,1,1,,,1,,,,,,1,,,,,1,,,,,,1,,1,1,,,,,,1,,1,1,1,1,1,,,,,1,,,1,,,,1,,,,,1,,,,,1,,1,,,,,,,1,,,,,1,1,,,,,,,,,,,,1,1,,1,,,,,1,,,1,,1,,1,,,,1,1,,,1,,1,,,,,1,,,1,,,,1,1,1,,1,,,,,,,,,,,,,1,1,,,1,,,,1,1,,,1,,1,,1,1,1,,1,1,,,,,,,,,,,,,,,1,,,,,,,,,,,1,,,,1,,,,,,,,,,,,,,1,,,,,1,,1,1,,,,1,1,,,,,,1,1,,,,,,,,,,1,,,,,,1,,,,,,,,,,,,,,,,,,,,,,,,,,,,,,n,s,s,o,o,n,s,n,n,,1,,,1,,,,,,,,,,,,,,,,,,,,,,,,,,,,,,,,,,,,,,,,,,,,,,,,,,,,,,,,,,,,,,,,,,o,1,1,1,2,1,1,1,2,1,1,1,1,1,1,1,1,1,1,1,1,1,1,1,1,1,1,1,1,1,1,1,1,1,1,1,1,,12971,F,373,2,12971,0,1,W,1 White,16,371,82,2,73
12973,M,english_ws,totlot3,totlot3_22m_3.pdf,2015-02-16,20,,Mother,,,,,,,,,,,,,,,,,,,,,,,,,,,,,,,,,,,,,,,,,,,,,,,,,,,,,,,,,,,,,,,,,,,,,,,1,,,,,,,,,,,,,,,,,,,,,,,,,,,,,,,,,,,,,,,,,,,,,,,,,,,,,,,,,,,,,,,,,,,,,,,,,,,,,,,,,,,,,,,,,,,,,,,,,,,,,,,,,,,,,,,,,,,,,,,,,,,,,,,,,,,,,,,,,,,,,,,,,,,,,,,,,,,,,,,,,,,,,,,,,,,,,,,,,,,,,,,,,,,,,,,,,,,,,,,,,,,,,,,,,,,,,,,,,,,,,,,,,,,,,,,,,,,,,,,,,,,,,,,,,,,,,,,,,,,,,,,,,,,,,,,,,,,,,,,,,,,,,,,,,,,,,,,,,,,,,,,,,,,,,,,,,,,,,,,,,,,,,,,,,,,,,,,,,,,,,,,,,,,,,,,,,,,,,,,,,,,,,,,,,,,,,,,,,,,,,,,,,,,,,,,,,,,,,,,,,,,,,,,,,,,,,,,,,,,,,,,,,,,,,,,,,,,,,,,,,,,,,,,,,,,,,,,,,,,,,,,,,,,,,,,,,,,,,,,,,,,,,,,,,,,,,,,,,,,,,,,,,,,,,,,,,,,,,,,,,,,,,,,,,,,,,,,,,,,,,,,,,,,,,,,,,,,,,,,,,,,,,1,,,,,,,,,,,,,,,,,,,,,,,,,,,,,,,,,,,,,,,,,,,,,,n,n,n,o,n,n,n,n,n,,,,,,,,,,,,,,,,,,,,,,,,,,,,,,,,,,,,,,,,,,,,,,,,,,,,,,,,,,,,,,,,,,,,,,,n,,,,,,,,,,,,,,,,,,,,,,,,,,,,,,,,,,,,,,12973,M,2,0,12973,0,1,W,1 White,18,2,0,0,70
13044,F,english_ws,totlot3,totlot3_22m_3.pdf,2014-12-17,21,,Mother,,1,1,,1,1,1,1,1,1,1,1,1,1,,,1,,1,,1,1,1,1,1,,1,,1,1,1,1,1,,,1,1,,1,1,,,1,1,1,,1,,1,,,1,,1,1,1,1,1,,1,1,1,1,1,,1,,1,,1,1,1,,1,1,,,1,1,,,,,,,1,,1,1,,1,1,1,,1,1,1,1,,1,1,1,,,1,1,1,1,1,1,1,1,1,1,1,,,1,1,,,1,,1,,1,,1,,1,1,,,,1,1,,,,,,1,,,,,,,1,,,,,,1,1,,,,1,1,,1,1,,1,1,,,1,1,1,,1,1,,1,,,1,1,1,,1,,1,1,1,,1,1,1,,1,1,1,1,,1,,1,,1,1,,,1,1,1,1,1,1,1,1,1,1,,1,1,1,,1,,1,,1,1,,1,,,1,1,,1,,,,,1,1,,1,1,1,1,1,,,1,1,,1,1,1,1,1,,,,,,1,1,1,,,1,,,1,1,1,,1,,1,,1,,,1,,,,,,,1,,1,1,,,1,,,1,,1,,,1,1,,1,1,,,,,,1,,,,1,1,,,1,1,1,1,,,,,,,,,,1,1,1,1,,,,1,1,1,,,1,,1,1,,,,,,,,1,,,,,1,1,,,,,,1,,,1,,,,1,1,1,1,,1,1,1,1,1,1,,1,1,1,,1,1,1,1,,,1,,,1,1,1,1,,,1,,,1,,1,,1,1,,,,,1,,1,,1,,,1,1,,1,,,1,1,1,1,,,,1,1,1,,1,,1,,1,1,,,,1,1,,1,,,1,,,,1,,1,,1,1,,1,,,,,1,,1,1,,1,1,,,1,,,1,,,,,,1,1,,,,1,,1,,,,,1,,,1,,,1,1,1,,,,,,1,1,1,,,,,,1,,,1,,,,1,1,1,,,,1,,,,,,,1,,,,,,,,1,,1,,1,,,,1,,,,1,,,,,,,,,,,,,,,,,,,,1,,,,,,1,,,,,1,,,,,,,,,,1,,,,,,,,,,,,,1,,1,1,,,,1,1,,,,1,,,1,,,1,,,,,,,1,,1,,,,,,1,,1,,,,,,,1,,,,,,,,1,,,,,,,,,,,n,s,s,o,o,o,s,o,n,,,,,1,,,,1,,,,1,,,,,,,,,,,,,,,,,,,,,,,,,,,,,,,,,,,,,,,,,,,,,,,,,,,,,,,,,,s,1,1,1,1,1,1,1,1,1,1,1,1,1,1,1,1,1,1,1,1,1,1,1,1,1,1,1,1,1,1,1,1,1,1,1,1,1,13044,F,302,0,13044,0,2,W,1 White,16,305,71,0,50
13061,F,english_ws,totlot3,totlot3_22m_1_2.pdf,NA,20,,Mother,,,1,,1,1,1,1,,,1,1,,,,,,,,,,,,,,,1,,,,,,,,,,,,,,,,,,,,,,,,,,,,,,,,,,,,,,,,,,,,,,,,,,,,,,,,,,,,,,,,,,,,,,,,,,,,,,,,,,,,,,,,,,,,,,,1,,,,,,,,,,,,,,,,,,,,,,,,,,,,,,,,,,,,,,,,,,,,,,,,,,,,,1,,,,,,,,,,,,,,,,,,,,,,,,,,,,,,,,,,,,,,,,,,,,,,,,,,,,,,,,,,,,,,,,,,,,,,,,,,,,,,,,,,,,,,,,,,,,,,,,,,,,,,,,,,,,,,,,,,,,,,,,,,,,,,,,,,,,,,,,,,,,,,,,,,,,,,,,,,,,,,,,,,,,,,,,,,,,,,1,,,,,,,,1,,,,,1,1,,,,1,,,,,,,,,,,,,,,,,,,,,,,,,,1,,,,,1,,,,,,,,,,,,,,,,,,,,,,,,,,,,,,,,,,,,1,1,,,1,,,,,,,,,,,,,,,,,,,,,,,,,,,,,,,,,,,,,,,,,,,,,,,,,,,,,,,,,,,,,,,,,,,,,,,,,,,,,,,,,,,,,,,,,,,,,,,,,,,,,,,,,,,,,,,,,,,,,,,,,,,,,,,,,,,,,,,,,,,,,,,,,,,,,,,,,,,1,,,,,,,,,,,,,,,,,,,,,,,,,,,,,,,,,,,,,,,,1,,,,,,,,,,,,,,,,,,,,,,,,,,,,,,,,,,,,,,,,,,,,,,,,,n,n,o,o,o,n,s,n,n,,,,,,,,,,,,,,,,,,,,,,,,,,,,,,,,,,,,,,,,,,,,,,,,,,,,,,,,,,,,,,,,,,,,,,,n,,,,,,,,,,,,,,,,,,,,,,,,,,,,,,,,,,,,,,13061,F,22,0,13061,0,1,A/W,0 Non-White,16,22,6,0,60
13069,M,english_ws,totlot3,totlot3_22m_3.pdf,2015-01-23,22,,Father,,,1,,,1,1,1,1,,1,1,,,,,1,1,1,1,,,,,,,1,,,1,1,1,,,,1,1,,1,1,,,,,,,,,,,1,,,,,,1,1,,1,1,,,1,,,,1,,1,1,,,,1,,,,1,1,,,,,,,,1,1,,1,,,,1,1,,1,,1,1,,,,1,,1,,,,1,,,,,,,,1,,,1,,,,1,,,,1,,,,,1,,,,1,,,,,,,,1,1,,,,,,,1,,,1,,,,,1,,,1,,,,,1,,,,1,,,,,1,,,,,1,1,1,1,1,,1,1,,1,1,1,,,1,,,1,1,1,1,,1,,,1,,,1,,,,,1,,,,,,1,,,1,,1,,,,,,1,,,,,,1,,,1,,,,,,1,,,,,,,1,,,,,,1,,,,,1,,,,1,,,,,,,,,,,,,,1,,,,,,1,,,,1,,1,,1,,,,1,,1,,,,,,1,,,,,1,,,,1,,1,1,,,,,,,,,,1,1,,1,1,,,,,,,,,,,1,,1,,,,,,1,,,,,1,,,,,1,,1,,,,,1,,,1,,1,1,,1,1,,1,,,1,1,1,,,,1,,,,,,,1,1,1,,,,,,,,,,,,,,,,,1,,,,,,,,1,,,,,,,,1,,,,,,,,,,,,1,,,,,,,,1,,,1,,,,,,,,,,,1,,,,,1,,,,,,,,,,,,,,,,,,,,,,,,,,,,,,,,,1,,1,,1,,,,,1,,,1,,,,,,,1,,,,,,,1,1,,,,,,,,,,,,1,,,,1,,,,,,,,,1,,,,,,1,1,,,,,,1,1,,,,,,,,,,,1,,1,1,1,,,,,,,,,,,,,1,,,1,1,,,,,1,,,,,,1,,,1,1,,1,,,,,1,1,,,,1,,,,,,,,,,,,,,,,,,,,,,,,,,,,,,1,,1,,,,,,1,,,,,,,,,,,s,s,s,s,s,o,s,n,n,,1,,,1,,,,,,,,,,,,,,,,,,,,,,,,1,1,,,,,1,1,1,,,1,,,,,,,,,1,,,,,,,1,,,,,,,,,,,,,,,s,2,2,2,1,1,1,2,2,2,1,1,1,1,2,1,1,1,1,1,2,1,1,1,1,,1,1,1,1,1,1,1,1,1,1,,1,13069,M,164,8,13069,0,1,B/W,0 Non-White,13,165,49,8,88
13073,M,english_ws,totlot3,totlot3_22m_1_2.pdf,2014-11-04,21,,Mother,,1,,,,1,1,1,1,,1,,,,,,,1,1,1,1,,,,,,,,,,,1,,,,,,,,,,1,,,,,1,,,,,,,,,,,,,,1,,,,,,,,,1,1,1,,,1,1,,,,,,,,,,,,,1,,,,,,,,,,,1,,,,,1,,,,,1,,,,,,,,,,,,,,,,1,,,,,,,,,1,,,,,,,,,,,,,,,,,,,,,,,,,1,,,,,,1,,,,,,,,,,,,,,,,,,,,,,,,,,1,,,,,,,1,,,,1,1,1,,,,,,,,,,,1,,,,,,1,,1,,,,,,,,,,,1,,,,,,,,,,,,,,,,,,,,1,,,,,,,,,,,,,,,,,,,,,,,,,,,1,,,,,,,,,,,,,,,,,,,,,,1,1,,1,,,,,,,,,,,,,,,,,,,1,,,,,,,,1,,,,1,,,,,,,,,,,1,,,1,1,,,,1,,,,1,1,1,,,,1,,,,,,,1,,1,,,,,,1,1,,1,1,,,,1,1,1,1,1,,,,1,1,1,,,,,,,,,,1,,,,,,,,,,,,,,,,,1,,,,,,,,,1,,,,,,,,1,,,,1,1,,,,,,,,,,,,,,,,,,,1,,,,,,,1,,,,,,,,,,,1,,,,,,,,,,,,1,,,,,1,,1,,,,,,,1,,,,,,,,,,,,,,,,,,,,,,,,,,,,,,,,,,,,,,,,,,,,,,,,,,,,,,1,,,,,,,,,,,,,,,,,,,,,1,1,1,,,,,,,,,,,,,,,,,1,,,,,1,,,,,,,,,,,,,,,,,1,1,,,,,,,,,,,,,,,,,1,,,,,,,,,,,,,,,,,,,,,,,,,,,,,,,,,,,,o,o,o,o,o,n,o,n,n,,,,,1,,,,,,,,,,,,,,,,,,,,,,,,,,,,,,,,,,,,,,,,,,,,,,,,,,,,,,,,,,,,,,,,,,o,1,1,1,1,1,1,1,2,1,1,1,1,1,1,1,1,1,1,1,1,1,1,1,1,1,1,1,1,1,1,1,1,1,1,1,1,1,13073,M,88,1,13073,0,2,A,0 Non-White,16,88,35,1,80
13081,F,english_ws,totlot3,totlot3_22m_3.pdf,2014-12-10,23,,Mother,,1,1,1,1,1,1,1,1,1,1,1,1,1,1,,1,1,1,1,1,1,1,1,1,1,1,1,1,1,1,1,1,1,,1,1,1,1,1,,1,1,1,1,1,1,1,1,1,1,1,1,1,1,1,1,1,1,1,1,1,1,,,1,,1,,1,1,1,,1,1,1,1,1,1,1,1,1,1,1,1,1,1,1,1,1,1,1,1,1,1,1,1,1,1,1,1,,1,,1,1,1,,1,1,1,1,1,1,1,,1,1,1,1,1,1,1,1,,1,1,1,,1,1,1,1,1,1,1,,1,1,1,1,1,1,,,,,1,1,1,1,,,,1,1,,,1,1,1,1,1,1,,1,1,1,1,1,1,1,1,1,1,1,,1,,1,1,1,,1,,1,1,1,1,1,1,1,1,1,1,1,1,1,1,1,1,1,1,1,,1,1,1,1,1,,1,1,1,,1,1,1,1,1,,,1,1,1,1,1,,1,,,1,,,1,1,,,,1,1,1,1,1,1,1,1,,,1,1,1,1,1,1,1,1,,,,,,1,1,1,1,,1,1,1,1,1,1,1,1,1,1,1,1,,,1,1,1,1,1,1,1,1,1,1,1,1,1,1,1,1,1,1,1,,,,1,1,1,1,,1,1,1,1,1,1,1,,1,1,,1,1,1,1,1,1,1,,,,,,1,1,1,1,,1,1,1,1,1,1,1,,1,1,1,1,1,,,1,,1,,,1,1,1,1,1,1,1,1,,1,,,1,1,1,1,,1,1,1,1,1,1,1,1,1,1,1,1,1,1,1,1,1,1,1,1,1,1,1,1,1,1,1,1,1,1,1,1,1,,,1,1,1,1,1,1,1,1,1,1,1,1,1,1,1,1,1,1,1,1,1,1,1,1,1,1,1,1,,1,1,1,1,1,1,1,1,1,1,1,1,1,1,1,1,1,1,1,1,1,1,1,1,,,1,1,1,,1,1,1,1,1,1,1,1,,1,1,1,1,1,1,1,1,1,1,1,1,1,1,,1,1,1,1,1,1,1,1,1,1,1,1,1,1,1,1,1,1,1,1,1,1,1,1,1,1,1,1,1,1,1,1,1,1,1,1,1,1,1,1,1,1,1,1,1,1,1,1,1,1,,1,1,1,1,1,,1,1,1,1,1,1,1,1,1,1,1,1,,1,1,1,1,1,1,,,1,,1,1,1,1,1,1,1,,1,1,1,1,1,1,1,1,1,1,,1,1,1,,,,,,,,,1,1,,1,1,1,1,,1,1,1,,1,1,1,1,1,,1,1,1,1,1,1,1,,1,1,1,1,,1,1,1,1,1,1,1,1,1,1,1,,,1,,1,1,1,1,1,1,1,1,,,1,1,1,1,,,1,1,1,1,1,1,1,1,,,,,1,1,,,,,o,o,o,o,o,o,s,o,s,1,1,1,,1,1,1,,1,1,1,,,,1,,,1,1,1,1,1,1,1,1,1,1,1,1,1,,1,,,1,1,1,1,1,,,,1,,,,,,,,1,,1,,,,,,,,,,,,,,,,,,o,2,2,1,2,2,1,2,,1,2,2,1,2,2,2,2,2,1,2,2,2,2,1,2,2,2,1,2,2,2,2,2,2,2,2,2,2,13081,F,561,29,13081,0,2,A/W,0 Non-White,18,560,93,29,95
13094,M,english_ws,totlot3,totlot3_22m_1_2.pdf,2014-12-16,22,,NA,,,,,1,,,1,,1,,,,,,,1,,,,,,,,,,,1,,,,,,,,,,,,,,,,,,,,,,,,,,,,,1,,,1,1,,,,,,,1,,,1,,,,1,,,,,,,,,,,,,,1,,1,,,,,,,1,1,1,,,,,,,,,,,,1,,,,,,,,,,1,,,,,,,,,,,,,1,,,,,,,,,,,,,,,1,,,,,1,,,,,,,,,,,,1,,,,,1,,,1,,,,,,,,,,,1,,1,,,1,1,,,1,1,1,,,,1,1,1,1,,,,,,,,,1,,,,1,,,,,,1,1,,1,1,,,,,1,,,1,,,,,1,,,,,,1,,,,,,,1,,,,,,,,,,1,,1,,,1,,,,,,,,,,,,,,1,,,,1,,,,,,1,,,,,,,,,,,,,,,1,,,,,,,,,,,,,,,,,1,,,,,,,,,,1,1,,1,1,,,,1,1,,,,,1,1,,,,1,,,,1,,,,,1,,,,,1,,,,,,,,,,,,1,,,,1,,1,1,,,,1,,,1,,,,,1,,,1,,1,,,,,,,,,,,,,,,,,1,,,,,,,,,,,,,,,,1,,,,1,,,,1,,,,,,,,,,,,,,,,,,,,,,,,,,,,,,,,,,,,,,,,,,,,,,,,,,,,,,,,,,,,,1,,,,,,,,,,,,,,,,,,,,,,,,,,,,,,1,1,,,,,,,,,,,1,,,,,,,,,,,,,,,,1,,,,,,,,,,1,,,,,,,,,,,,,,,,,,,,,,,,,,,,,,,,,,,,,,1,,,,,1,,,,,,,,,,,,1,,,,,,,,,,,,,,,,,,,,,,,,,,,,,,,,,,,1,,,,,,1,,,,,,,,,,,,,n,n,n,s,s,n,n,n,n,,,,,1,,,,,,1,,,,,,,,,,,,,,,,,,,,,,,,,,,,,,,,,,,,,,,,,,,,,,,,,,,,,,,,,,,,s,1,1,1,1,1,1,1,1,1,1,1,1,1,1,1,1,1,1,1,1,1,1,1,1,1,1,1,1,1,1,1,1,1,1,1,1,1,13094,M,90,0,13094,1,3,B/W,0 Non-White,18,90,28,0,55
13096,M,english_ws,totlot3,totlot3_22m_1_2.pdf,2014-11-16,21,654,Mother,,,,,1,,,,,1,1,,1,,,,,,,,,,,,,,,,,,,,,,,,,,,,,,,,,,,,,,,,,,,,,,,,,,,,,,,,,,1,,,,,,,,,,,,,,,,,,,,1,,,,,,,,,,,,,,,,,,,,,,,,,,,,,,,,,,,,,,,,,,,,,,,,,,,,,,,,,,,,,,,,,,,,,,,,,,,,,,,,,,,,,,,,,,,,,,,,,,,,,1,,,,,,,,,,,,,,,,,,,,,,,,,,,,,,,,,,,,,,,,,,,,,,,,,,,,,,,,,,,,,,,,,,,,,,,,,,,,,,,,,,,,,,,,,,,,,,,,,,,,,,,,,,,,,,,,,,,,,,,,,,,,,,,,,,,,,,,,,,,,,,,,,,,,,,,,,,,,,1,,,,,,,,1,,,,,,,,,,,,,,,,,,,,,,1,,,,,,,1,,,,1,,,,,,,,1,,,1,,,,,,,,,,,,,,,,,,,,,,,,,,,,,,,,,,,1,,,,,,,,,,,,,,,,,,,,,,,,,,,,,,,,,,,,,,,,,,,,,,,,,,,,,,,,,,,,,,,,,,,,,,,,,,,,,,,,,,,,,,,,,,,,,,,,,,,,,,,,,,,,,,,,,,,,,,,,,,,,,,,,,,,1,,,,,,,,,,,,,,,,,,,,,1,,,,,,,,,,,,,,1,,,,,,,,,,,,,,,,,,,,,,,,,,,,,,,,,,,,,,,,,,,,1,,,,,,,,,,,,,,,,,,,,,,,,,,,,,,,,,,,,n,n,n,s,n,n,n,n,n,,,,,,,,,,,,,,,,,,,,,,,,,,,,,,,,,,,,,,,,,,,,,,,,,,,,,,,,,,,,,,,,,,,,,,,n,,,,,,,,,,,,,,,,,,,,,,,,,,,,,,,,,,,,,,13096,M,19,0,13096,0,1,W,1 White,12,19,6,0,60
13128,F,english_ws,totlot3,totlot3_22m_1_2.pdf,2014-10-17,21,,NA,,,,,,1,,1,1,1,,1,1,,,,1,,1,,1,1,1,,,,1,,1,,1,,,,,,1,,,1,,,,,,,,,,1,,,,,,,1,1,,,1,,,,,1,,1,,,1,1,,,1,1,1,,,,,,1,,,,,,1,,1,,1,,1,,,,,1,1,1,,,1,,1,,,1,,1,,,,,,1,,,,1,,,,1,,1,,,,,,,1,,,,,,,,,,,,,,1,1,,,,,1,1,,,1,,,1,1,,,1,1,,,,,1,,1,1,,,1,,1,,,,,,,1,1,1,1,1,1,,1,1,1,1,1,1,,,1,1,,,,1,1,,1,1,,1,1,,1,,,,,,,,,,1,,,,,,1,,,,1,,,,,,,,,,,,,,,1,,,,,,,,,,,,1,1,1,1,,1,,,,,,,,1,1,,,,,1,1,,,1,,,,,,,,,1,,,1,,,,,,1,,,1,,,,,1,,,,,,,,,,1,1,1,,,,,,,,,,1,,,1,,,,,,,,,,,,1,,,,,,,,1,,,,,1,1,,,,1,,1,,,1,,,,,1,1,1,,,1,1,1,1,1,,1,1,1,,1,1,,,,,1,,,1,1,,,1,,,,,,,,,,,,,,,,,1,,,,,,,,,,,,1,1,1,,,,,,,1,1,,,,1,,,,,,1,,,,,,,,,,,,,,,,,,,,,,,,,,,,,,,,,,,,,,,,,,,,1,1,,,,,,1,1,,1,,,,,,,,,,,,,,,,,,,1,1,,,,,,1,,,,,,,,,,,,,,,,,,,,,1,,,,,,,,,,,,1,,,,,,,,,,,,,,,,,,,,,1,,,,,,,,,,,,,,,,,,,,,,,,,,,,,,,,,1,,,1,,,,1,,,,,,,,1,,,,,,,,,,1,,,,,,,,,,,,,,,,,,,,,,,,,,,,,,,,,,,,s,n,s,s,o,n,n,n,n,,1,,,1,,,,,,,,,,,,,,,,,,,,,,,,,,,,,,,,,,,,,,,,,,,,,,,,,,,,,,,,,,,,,,,,,,s,1,1,1,1,1,1,1,1,1,1,1,1,1,1,1,1,1,1,1,1,1,1,1,1,1,1,1,1,1,1,1,1,1,1,1,1,1,13128,F,151,0,13128,0,1,W,1 White,18,151,38,0,50
13131,M,english_ws,totlot3,totlot3_22m_1_2.pdf,2014-11-28,20,,Mother,,,,,,,,1,,1,1,,1,,,,,,1,,,,,,,,1,,1,,1,,,,,,,,,,,,,,,,,,,,,,,,,,,,,1,1,,,,,,,,,1,1,1,,,1,1,,,,,,,,,,,,,1,,1,,,,,,,,,1,,,,,,,,,,,,,,,,,,,,,,1,,,,,,,,,,,,,,,,,,,,,,,,,,,,,,,,,,,,,,,,,1,,,1,,,,,,,,,1,,,,,1,,,,,,,,,,,,1,,1,,1,1,,,,,,,,,,,1,,1,,,,,,,,,,,,,,,,,,,,,,,,,,,,,,,,,,,,,,,,,1,,,,1,,1,,,,,,,,,,,,,,,,,,,,,,,,,,,,,,,,,,,,,,,,,,,,,,,,,,,,,,,,,,,,,,,,,,1,,,,,,,,,,,,,,,,,,,,,,,,,,,,,,1,,,,1,,,,,,,,,,1,,,,,,,,,,1,,1,,,,,,1,1,,,,1,,,,1,,,1,1,,,1,,,,,,,,,,,,1,,,,,,,,,,,,,,1,,,,,,,,,1,,,,,,,,,,1,,,,,,,,,,,,,,,,,,,,,,,,,,,,,,,,,,,,,,,,,,,,,,,,,,,,,,,,,,,,,,,,,,,,,,,,,,,,,,,,,,,,,,,,1,,,,,,,,,,,,,,,,,,,,,,,,,,,,,,,,,,,,,,,,,,,,,,,,,,,,,,,,,,,,,,,,1,,,,,,,,,,,,,,,,,,,,,,,,,,,,,,1,,,,,,,,,,,,,,,,,,,,,,,,,,,,,,,,,,,,,,,,,,,,,,,,,,,,,,n,o,o,o,o,s,s,n,n,,1,,,1,,,,,,,,,,,,,,,,,,,,,,,,,1,,,,,,,,,,,,,,,,,,,,,,,,,,,,,,,,,,,,,,,,,n,2,1,1,1,1,1,1,2,1,1,1,1,1,1,1,1,1,1,1,1,1,1,1,1,1,1,1,1,1,1,1,1,1,1,1,1,1,13131,M,52,2,13131,0,2,W,1 White,14,52,25,0,70
13142,F,english_ws,totlot3,totlot3_22m_3.pdf,2015-01-14,21,,"Mother, Father",,1,1,,,,1,1,1,1,1,1,1,,1,,1,1,1,,1,,,,1,,,,1,,,,1,,,1,1,,,,,,1,,,,1,,1,,,,1,1,,,1,1,1,,1,,,,,1,,1,,1,1,1,,1,1,1,,,1,,1,,1,1,,1,1,1,1,,1,1,1,,1,1,,1,,1,,,1,,1,,1,,,1,,,,1,,1,,1,,,1,1,1,,,1,,1,,,,,1,,1,1,,,1,,,,,,,,,1,,,1,,,,1,,1,,1,1,,,1,1,,1,1,,1,,,1,,1,1,,,,,1,,1,1,1,,1,1,1,1,1,1,1,,1,,1,1,1,1,1,,1,1,1,,,1,1,1,1,,,1,1,,1,,1,,,,,,1,,1,,,,,,1,,,1,,1,,,,1,,,1,,1,1,,,1,1,1,1,1,,1,1,,,,,,,,1,,,1,,,1,1,,,,,1,,,,,1,,,1,1,1,,1,,1,1,,,,,,,,,,,,1,,,1,,,1,,,1,,,,1,,,,1,1,1,1,,,,,,,,,,1,1,,,,,,,1,,,,,,1,1,,1,1,1,,,,,,,,,1,1,,,,1,,1,1,,1,,,,1,1,,1,1,1,,,1,1,1,,1,1,1,,1,1,1,,1,,,,,,1,,,,,,,,,,,1,,,,,1,1,,1,,1,,1,,1,,,,,,,,,1,,,,1,1,,1,1,,1,,,,,,,1,,,1,1,,1,,,,,,1,,1,,,1,1,1,,,1,,,1,,,,,,1,,,,,,,,,,,1,,,1,1,,1,,,,1,,1,,1,1,,1,1,,,1,1,,1,1,1,,,,,,,,1,1,,1,,1,,,,,,,,,,,,,,,,,1,1,,,,,,,,,1,1,1,1,,,,,,,,1,1,,1,,,,,,,,,,1,,,1,1,,,,1,,,,,1,,,,,,,,1,,1,,1,,,,,,,,,,,1,,1,,,,,1,1,,1,,,,,1,,1,,,,,,,,1,,,,,,,,,,,,,,,1,,,,,,,,,1,,,,,,,,,,,,o,o,o,o,o,o,o,n,n,,1,,,1,1,,,1,,,,1,,,,,,,,,,,,,,,,,,,,,,,,,,,,,,,,,,,,,,,,,,,,,,,,,,,,,,,,,,o,2,2,2,1,1,1,1,2,1,1,1,1,1,1,1,1,1,1,1,1,1,1,1,1,,1,1,1,1,1,1,1,1,1,1,1,,13142,F,247,4,13142,1,2,A/W,0 Non-White,17,248,60,4,78
13151,F,english_ws,totlot3,totlot3_22m_1_2.pdf,2014-11-28,21,,Mother,,,,,1,1,1,,1,1,1,1,1,,1,,1,1,1,,,1,1,,1,,1,,1,1,1,,,,,1,,,1,1,,,,,,1,1,,,,1,1,,,,,1,1,1,1,1,1,,1,,1,,,,1,1,1,,1,1,,,1,1,,,1,1,1,1,1,1,1,1,1,1,1,,,,,,,,,,,,,,,1,,1,1,,1,,1,,,,,1,,,1,,,,,,,1,,,1,,,,,,,,,,,,,,,,,,1,,,,,,1,,,1,1,1,1,1,1,1,1,1,,1,1,1,1,1,1,1,1,1,,,1,1,1,1,1,,1,1,1,1,1,1,1,1,1,1,1,1,1,,1,1,1,1,,,1,1,1,1,1,1,,1,1,1,1,1,1,,1,,1,1,1,,1,1,1,1,,,1,,1,1,,,,,,,1,1,,1,1,1,,,,1,,1,1,1,,,,,,1,,1,1,1,1,,1,,,,1,,,,1,1,,,1,,1,1,,,1,,,1,,1,1,1,,1,,1,1,1,,,,,1,1,,1,,,,,,1,,,,1,,,,,1,,1,,1,,,,,,,,1,,,,1,,,,,,,,,1,1,1,,,1,,,,,1,,,,1,1,1,1,,1,1,,1,,,1,,,,1,1,1,1,1,1,1,1,1,1,1,1,1,1,1,,1,,1,,1,1,1,,1,1,1,1,,1,,,,,,1,1,1,1,1,,,1,,1,1,1,1,,,,1,1,1,1,1,,,,1,1,,,1,1,1,,,1,1,1,1,1,1,,1,1,1,1,,1,,1,1,,1,,1,,1,1,,1,1,1,1,,,1,1,,1,1,1,,1,1,1,1,,1,1,1,1,,,1,1,1,1,,,1,1,1,1,,,1,1,1,,1,,1,1,1,,1,,1,1,,,1,,,,,1,,1,,1,1,,,,1,1,,,,,1,,,,,,,1,,,1,1,,,,1,,1,,,1,,,,1,,1,1,,,,,,,,1,,,,,1,1,1,1,1,1,,1,,1,,,1,1,1,1,1,,,,1,,1,1,,1,1,,,,,1,,,1,,,,1,1,,1,,,,,1,,,,,,,,,,,,,,,,,,,,,,,,,,,,,,,,1,,1,1,1,1,,1,,,,,1,1,,,,,,,,,,,s,o,o,o,o,n,n,n,n,,,,,,,,,,,,,,,,,,,,,,,,,,,,,,,,,,,,,,,,,,,,,,,,,,,,,,,,,,,,,,,,,,,,,,,n,,,,,,,,,,,,,,,,,,,,,,,,,,,,,,,,,,,,,,13151,F,326,0,13151,0,1,W,1 White,16,327,75,0,50
13191,F,english_ws,totlot3,totlot3_22m_3.pdf,2015-01-19,21,666,Mother,,,,,1,1,1,,1,1,,1,,,,,,,1,,,,,,,,1,,,,1,,,,,1,,,1,,,,,,,,,,,,,,,,,,,,,,,,,,,,,,,,1,1,,,,1,,,,,,,,,,,,,1,,,,,,,,,,,,,,,,,,,,,,,,,,,,,,,,,,,,,,,,,,,,,,,,,,,,,,,,,,,,,,,,,,1,1,,,,1,,,1,,,1,,,,,,,,,,,,,,,,,,,,,,1,,,1,1,,,,,,,,,,,1,,,,,,,,1,,,,,,,,,,,,,,,,1,,,,,,,,,,,,,,,,,,,,,,,,,,,,,,,,,,,,,,,,,,,,,,,,,,,,,,,,,,,,,,,,,,,,,,,,,,,,,,,,,,,,,,,,,,1,,,,,,,1,,,,,,,,,,,,,,,,,,,,,,,,,1,,,,,,,,,,,,,,1,,,,1,,1,,,,,,,,,,1,,,,,,1,,,,,1,,,,,,,,,,,1,,,,,,,,,,,,,,,,,,1,,,,,,,1,,,,,,,,,,,,,,,,,,1,,,,,,,,,,,,,,,,,,,,,,,,,,,,,,,,,,,,,,,,,,,,,,,,,,,,,,,,,1,,,,1,,,,,,,,,,,,,,,,,,,,,,,,,,,,,,,,,,,,,,,,,,,,,,,,,,,,,,,,,,,,,1,,,,,,,,,,,,,,,,,,,,,,,,,,,,,,,,,,,,,,,,,,,,,,,,,,,,,,,,,,,,,,,,,,,,,,1,,,,,,,,,,1,,,,,,,,,,,,,,,,,,,,,,,,,,,,,,,,,,,,n,n,o,o,o,n,n,n,n,,,,,,,,,,,,,,,,,,,,,,,,,,,,,,,,,,,,,,,,,,,,,,,,,,,,,,,,,,,,,,,,,,,,,,,n,,,,,,,,,,,,,,,,,,,,,,,,,,,,,,,,,,,,,,13191,F,44,0,13191,0,2,W,1 White,18,44,10,0,50
13293,F,english_ws,totlot3,totlot3_22m_3.pdf,NA,23,,Mother,,1,1,1,,1,1,1,1,1,,1,1,,1,,1,1,1,1,1,1,1,1,1,1,1,,1,1,1,1,1,,,1,1,1,1,1,,,1,1,1,,1,1,1,1,1,,,1,,1,1,1,1,1,1,1,1,,,1,,1,,1,1,1,1,,1,1,1,,1,1,,1,,,,,1,1,1,1,1,1,1,,1,1,1,1,1,1,1,1,1,,1,1,1,1,1,1,1,1,1,1,1,,1,,1,,,1,,,1,1,,1,,1,1,1,1,,1,,1,,1,1,,,,,1,,,1,1,1,1,,,,1,1,,1,1,1,1,1,1,1,1,1,1,,,1,1,1,1,1,1,1,,,,1,,,,1,1,1,1,1,1,1,1,1,1,1,1,1,1,1,1,1,1,1,1,1,,1,1,1,1,1,1,1,1,1,1,1,1,1,1,1,,1,1,1,1,1,1,1,1,,,1,1,,1,1,1,,,1,1,,1,1,1,1,1,,1,1,1,,1,,1,1,1,,1,,1,,1,1,1,1,1,1,1,1,1,1,1,,,1,1,1,,,,1,1,,1,1,1,1,1,,1,1,,1,1,1,,1,,1,,1,,1,1,1,1,,1,1,,,1,,,,,1,,1,1,1,1,1,1,,1,1,,,,,1,1,1,1,1,1,1,,1,,1,,1,1,,1,1,,1,1,,1,,,1,1,,1,1,1,1,1,,1,1,,1,1,,,,,,,1,1,1,1,1,1,1,1,1,1,1,1,1,1,1,1,1,1,1,1,1,1,1,1,,1,1,1,1,1,1,,1,1,1,1,1,1,1,1,,1,,1,1,1,1,1,1,,1,1,1,1,1,1,1,1,1,1,,1,1,1,1,1,1,1,1,,,,,,,1,1,1,1,1,,1,1,1,1,1,1,1,1,1,,1,1,1,1,1,1,1,1,,1,1,1,1,1,,1,1,,,,1,1,1,,1,1,1,1,,,,,,,,,,1,1,1,1,1,1,,,,,,,,,,,1,1,,1,1,1,1,,,,,,,,,,1,1,1,1,1,,,,,,,,,,,,1,1,,1,1,1,1,,,,,1,,1,1,1,1,1,1,,1,1,,1,,,,1,,,,,1,,,,,,,,,,,,,1,,,,1,1,,1,1,1,1,,1,1,,,,,1,,,,,1,,1,1,,,,1,1,1,1,,1,,,,,,,1,,,,,,1,1,1,,1,,1,,1,,,,,,1,1,,1,,,,,,1,1,1,,,,,,,,,,,o,o,o,o,o,s,n,o,,,1,1,,,,,,1,1,1,,,,,,,,,,,,,,,,,,,,,,,,,,,,,,,,,,,,,,,,,,,,,,,,,,,,,,,,,,,,o,2,1,1,2,1,2,2,2,1,1,1,1,2,1,1,1,1,1,2,2,1,1,1,1,1,,1,1,2,2,2,2,1,1,2,,,13293,F,429,13,13293,1,1,A/W,0 Non-White,18,483,84,0,30
13304,F,english_ws,totlot3,totlot3_22m_3.pdf,2015-04-19,23,,"Mother, Father, Nanny",,1,,1,1,1,1,,1,1,,1,1,,,,,,1,,1,,1,,,,1,,1,,,,,,,,1,,,,,,1,,,,1,,,,,,,1,,,,,,1,1,,,,,,,,,1,1,1,,,1,1,,,1,,,,,,,,,,1,,1,,,1,,1,,,,,,1,,,1,,,,,,,,,,,,,,,,,,,,,,,,,,,1,,,,,,,,,,,,,,,,,,,,,,,1,,,,,,1,,,,,1,,,,,,,,,1,,,,,1,,,,,,,,1,,,,1,,1,,,,1,,,,,,,,,1,1,,,,,,,,,,,,,,,,,,,1,,,,,,,,,,,,,,,,,,,,,,,1,1,,,,,,,,,,,,,,,,,,,,,1,,,,,,,,,,1,,,,,,,,,,,,,1,,,,,,,,,1,,,,,,,,,1,,,,1,,,,,,1,1,,,,,,,,,,,,,1,,,,,,,,,,,,1,,,1,,,,,1,,,,,,,,,,1,,,,,,,,,,,,1,,,,,1,1,1,,,1,1,,,1,1,,,,,,,1,,,,,,,,,,,,,,,1,,,,,,,,,,,1,,,,,,,,,,,,,1,,,,,,,,1,,,,,,,,1,,,,,,,,,,,,,,,,,,,,,,1,,,,,,,,,,,,,,,,,,,,,,,,,,,1,,,,,,,1,,,,,,1,,,,,,,,,,,,1,,,,1,,,,,,,,,,,,,,,,,,,,,,,,,,,,,,,,,,,,,,,,,,,,,,,,,,,,,,1,,,,,1,,,1,,1,,,,1,,,,1,,1,,,,,1,,,,,,,,1,,,,,,,1,,,1,,,,,1,,,,,,,,,,,,,,,,,,,,,,,,,,,,,,,,,,,,,,,,,,,,,,n,n,n,o,o,s,s,n,n,,1,,,1,,,,,,,,,,,,,,,,,,,,,,,,,,,,,,,,,,,,,,,,,,,,,,,,,,,,,,,,,,,,,,,,,,s,2,2,1,1,1,1,1,2,1,1,1,1,1,2,1,1,1,1,1,1,1,1,1,1,1,1,1,1,1,1,1,1,1,1,1,1,,13304,F,92,4,13304,0,1,W,1 White,18,92,15,4,60
13326,M,english_ws,totlot3,totlot3_22m_3.pdf,2015-04-23,21,661,"Mother, Father",,1,,,,1,1,,1,,1,1,1,,,,1,,,,,,,,,,,,,,,,,,,,,,,,,,,,,,,,,,,,,,,,,1,1,1,,,,,,,,,,,1,1,,1,1,1,,,,,,,,,,,,,,,1,,1,,,,,,,1,,,,,,,,,,1,,,,,,,,,,,,,,,,,,,,,,,,,,,,,,,,,,,,,,,,,,,,,1,,,,,,,,1,,,1,,,,,,,,,,,,,,,,,,,,,1,,,,1,1,,,,1,,,,,,,,,,,,,,,,,,,1,,,,,,,,,,,,,,,,,,,,,,,,,,,,,,,,,,,,1,,,,,,,,,,,,,,,,,,,,,,,,,,,,,,,,,,,,,,,,,,,,,,,,,,,,,1,,,1,,,,,,,,,,,,,,,,,1,,,,,,,,,,,,,,,,,,,,,,,,,,,,,,,,,1,,,,,,,,,,1,,,,,,,1,,,1,,1,,,,,,,1,,,,,,,,1,,,,,,,1,,,,,,,,,,,,,,,,,,,,,,,,,,,,,,,,,,,,,,,,,,,,,,,,,,,,,,,,,,,,,,,,,,,,,,,,,,,,,,,,,,,,,,,,,,,,,,,,,,,,,,,,,,,,,,1,1,,1,,,,,,,,,,,,,,,,,,,,1,,,,,,,,,,,,,,,,,,,,,,,,,,,,,,1,,1,,,,,,,,,,,,,,,,,,,,,,,,,,,,,,,,,,,,,,,,,,,,,,,,,,,,,,,,,,,,,,,,,,,,,,,,,,,,,,,,,,,,,,,,,,,,,,,,,,,,,,,,,,,,,,,,,,,,n,s,o,o,o,n,n,n,n,,,,,,,,,,,,,,,,,,,,,,,,,,,,,,,,,,,,,,,,,,,,,,,,,,,,,,,,,,,,,,,,,,,,,,,n,,,,,,,,,,,,,,,,,,,,,,,,,,,,,,,,,,,,,,13326,M,46,0,13326,0,2,A/W,0 Non-White,18,47,17,0,60
13332,M,english_ws,totlot3,totlot3_22m_3.pdf,2015-04-23,21,,Mother,,1,1,,1,1,,1,1,1,1,,,,,1,,1,1,,,,,1,1,,1,,1,,1,,,1,,,,,,1,,,,,1,,1,,,,,,,,,,1,,,1,1,1,,1,,,1,1,,1,1,,1,,1,1,,,,,,,,,,,,,1,,1,,,,,,,,,1,,,1,,,,1,,,1,,,,1,,,,1,,,,1,,,,1,,,,1,,,,,1,,,,,,,,,,,,,,,1,,,,,1,1,,,,1,1,,,,,1,,1,,,1,,,1,1,,,,,1,,,,,,1,,1,,,,1,1,1,,1,1,1,1,,,,1,1,,,1,,,,,1,,,1,1,1,1,,,,,,1,,1,1,,,1,,,1,,1,,,,,,,,,,,1,,,,1,1,,1,,1,,,,,,,,,1,1,,,1,,,,1,,,,1,,,,,,1,,,,,,,1,,,,,,,,,1,,,,,,1,1,1,1,,1,,,1,,,,,1,,,,1,,1,1,1,,,,,,,,,1,1,,1,1,,,,1,,,,,,1,1,,,,,,,,1,,,1,,1,1,,,,1,,1,1,,1,,,,1,1,1,1,,,,,1,1,,,1,1,1,,,1,1,,1,,1,,,,,1,,,1,1,,,,1,1,,1,,,,1,,,,,,,,,,1,,,,,1,,,1,,,,1,,,,,,,,,,,,,,1,,1,,,1,,,,1,,1,,,1,,1,,,,,,,1,,,,1,,,1,1,1,,,,,,,1,,,,,,1,,,,1,,1,,,,,,,1,1,,,1,,,1,,,,,,,,,,,1,,,1,,,,,,,,,,,,,,1,,,,,,,,1,,,,,,,,1,,1,1,,,,,,,1,,,,,,,,,,,,,,1,,,,,,1,,,,,1,,,,,,,,1,,1,,,,,,,,,,,,,,,,1,,,,1,1,,1,,1,1,,1,,1,,,,,,,,1,,,,,,,,,1,,,,,,,,,,,,,,,,,,,,,,,,,,,o,s,o,o,o,n,s,o,n,,1,,,1,,,,,,,,1,,,,,,,,,,,,,,,,1,,,,1,,,,,,,,,,,,,,,,,,,,,,,,,,,1,1,,,,,,,,,,o,1,2,2,2,1,1,1,1,2,1,1,1,2,1,1,1,1,1,1,1,1,1,1,1,1,1,1,1,1,1,1,2,1,1,1,1,,13332,M,184,6,13332,0,1,W,1 White,16,184,61,6,89
13346,M,english_ws,totlot3,totlot3_22m_3.pdf,2015-05-30,22,,Mother,,,,,,,1,1,,1,,1,,,1,,,1,,,,,,,1,,1,,1,,1,,,,,1,,,,1,,,,,1,,,,,,,,1,,,,,1,1,1,1,,,,,,,,,1,1,1,1,1,1,1,,,,,,,,,,,,1,1,,1,,,,1,,1,,,1,,,,,1,,1,,,1,,,,,,,,,,,,1,,,,1,,,,,,,,,1,,,,,,,,1,,,1,,,,,,,,,1,,,,,,,,,,,1,,,,,,,,,1,,,,,1,,,1,,,,1,1,,,1,1,,,,1,,,1,,,,1,1,,,1,1,,,,,,,1,,,,,,,,,,,,,,,,,1,,,,,,,,,1,,,,,,,,,1,,,,,,,,,,,1,,,1,,,,1,,,,,,,,,,,,,,1,,,,,,,,,,,,,,,,,,,,,,1,,,1,,,,,,,,,,1,,,,,1,,1,,1,,,,,,,,,1,,1,,,,,,,,,,,,1,,,1,,,,,1,,,,,1,1,,1,1,1,,,1,1,,,,1,1,1,,1,,,1,1,1,1,,,1,1,1,,1,1,1,,,,1,,,1,,,,,,,,,,,,,,,1,,,,,,,,,,,1,,,,,,,,,1,,,,1,,,,1,,,,1,,,,,,,,,,,1,,,,1,,1,,,,,,,,,,,,,,,,,,,,,,1,,,,,,,,,1,,1,1,1,,,,,,,,,,1,1,1,,,,,1,,,,,,,,,,,,,,,,,1,,,,,,,,,,,,,,,,,1,,,,,,,1,1,,,,1,,,1,1,,,,,,,1,,,,,,,,,,,,,,1,,,,,,,,,,,,,,1,,,,,,,,,,,,,,1,1,,,,,,,,,,,1,1,,1,,,,,1,,,,,,,,,,1,,,,,,,,1,,,,,,,,,,,,,,,,,,,,,,,,,,,,o,n,s,s,o,n,n,n,n,,,1,,1,,,,,,,,,,,,,,,,,,,,,,,,,,,,,,,,,,,,,,,,,,,,,,,,,,,,,,,,,,,,,,,,,,n,,,,,,,,,,,,,,,,,,,,,,,,,,,,,,,,,,,,,,13346,M,132,0,13346,0,1,W,1 White,18,132,41,0,55
13503,M,english_ws,totlot3,totlot3_22m_3.pdf,2015-09-10,21,,Mother,,1,1,1,1,1,1,1,1,1,1,1,1,1,1,,1,1,1,,1,1,1,1,1,,1,,1,1,1,1,1,1,,1,1,1,1,1,,1,1,1,1,,1,,1,1,,1,,1,,1,1,1,1,1,1,1,1,1,,1,1,1,,1,1,1,,1,1,1,,,1,,,1,,,,1,,1,1,,1,1,1,1,1,,1,1,1,1,1,,1,,1,1,1,,1,1,1,1,,1,,,,1,1,,1,1,,,1,1,1,1,1,1,1,1,1,,1,1,1,1,1,1,,1,1,1,1,1,,,,1,1,,,1,1,1,1,1,1,,1,,1,,1,1,1,,,1,1,1,,1,1,1,,,,1,,,,1,,1,1,1,,,1,1,1,1,1,1,1,1,1,1,,1,1,1,1,,1,1,,1,,1,1,1,1,1,1,1,1,,,1,,1,1,1,1,,1,1,,1,1,,1,,,,1,1,1,,,,,1,,,1,1,1,,1,1,1,1,1,,1,,1,,1,1,1,1,,1,1,1,1,1,1,,1,1,1,1,1,,,1,1,1,1,1,1,,1,1,1,,1,1,,1,,1,,1,1,1,1,1,1,1,1,,1,1,1,1,1,,,,1,1,,1,1,1,1,1,1,1,,,,,,1,,1,1,,1,1,1,,1,,1,,1,,,1,1,,,1,,1,,,1,,,1,1,1,1,1,,1,1,,1,1,1,1,,,,1,1,1,1,1,1,,1,1,1,,1,1,1,1,,1,1,1,,1,,1,,1,1,1,1,1,1,1,1,,1,,,1,1,1,1,1,,1,1,1,1,1,1,,1,1,1,1,,1,,,1,1,1,1,,1,1,1,1,1,1,1,1,1,1,1,1,,1,,,1,,1,1,,1,1,,,1,1,1,1,,1,,1,1,1,,1,1,,1,1,,1,1,1,1,1,1,1,1,,,,,,1,1,1,1,,1,1,,1,,1,,1,1,,,,1,1,1,1,1,1,1,1,,,1,1,1,1,,1,1,1,,1,1,,1,1,1,,1,,1,,1,,,,,1,,1,,,,1,1,,,1,1,1,1,,1,1,1,1,1,1,1,1,,,,1,1,,1,,,,,,,,,,,1,1,,1,,1,1,,1,,,,,1,,,,1,,,,1,,1,,,,,,,,,1,,,,1,,1,1,,,1,1,1,,1,1,1,1,1,1,,1,1,1,,1,,,,1,,,,,1,1,,1,,,,,,1,1,,,1,,,,,,1,1,,,,,,,,,1,,o,s,o,o,o,o,n,o,n,1,1,,,1,,,,,,,,,,,,,,,,,,,,,,,,,,,,,,,,,,,,,,,,,,,,,,,,,,,,,,,,,,,,,,,,,,o,2,2,1,2,1,1,1,2,1,1,1,1,2,1,1,1,1,1,2,1,1,1,1,1,1,1,1,1,1,1,1,1,1,1,1,1,,13503,M,431,6,13503,0,1,W,1 White,18,431,93,6,89
13604,M,english_ws,totlot3,totlot3_22m_3.pdf,2015-08-28,24,,Mother,,1,1,,,1,1,,,1,1,1,,,1,,1,1,1,,1,,1,1,1,,1,,1,1,1,,1,1,,1,,,,,,1,1,,1,,1,,,,1,,,,,,1,,,,1,1,1,,,,,,,1,1,1,,1,1,1,,,,,,,,1,,1,,1,1,1,1,,,,,,,,,1,,,,,1,,1,,1,,,,,,,,,,,,,1,,,,1,,,,,,,,,,,,,,1,,,,,,,,,,,1,,,1,1,1,,,,,,,1,,,,,,,,1,1,,1,1,1,,,,1,,,,,,,1,1,,,,1,,,,,1,1,,,,1,1,1,,,,,,1,,,1,1,,,,,,,,,,,,,,,,,,,,,,,,,,,,,,,,,,,,,,,,,,,1,,,,,,,,1,,,1,,,,,,,1,1,,,,,,,,,,,,,,,,,,,1,,,1,,,,,,,1,,1,,1,,,1,,,,,,,,,,,1,,,,,,,,,,,1,,,,1,,,,1,,,,,,,1,,,,,,,,1,,,,,1,,,,,1,,1,,,1,,,,,1,,1,1,,,,,1,1,,,1,1,,1,1,1,,,,1,,,1,,,,,,,,,,,,,,,,,1,,,,1,,,,,1,,,,,,,,,,,1,,1,1,1,,1,,,,1,,,,,1,1,,,,,1,,,,1,,,,,1,,,,1,,,1,,1,,,,,,,,,,,,,,,,1,,,,,1,,,,,,,1,,,1,,,,,,,,,,,,,,,,,,,,,,1,,,,,1,,,,,,,,,,,,,,,,,,,,,,,1,,,,,,,,1,,,,,,,1,,,,,,,,,,,,,,1,,,,,,,,,,,,,,,,,,,1,,1,,,,,,,,,,,,,1,,1,,,,,,,,,,,,,,,1,,,,,,,,,,,,,,,1,,,,,,,1,,,,,,,,,,,,,,,,,,,,,,s,o,o,o,o,o,o,s,n,,1,,,1,,,,,,,,,,,,,,,,,,,,,1,,,1,,,,1,,,,,,,,,,,,1,,,,,,,,,,,,,,,,,,,,,,,,,,o,2,2,1,1,1,1,2,1,1,1,1,1,1,1,1,1,1,1,1,1,1,1,1,1,1,,1,1,1,1,1,1,1,1,1,1,,13604,M,139,3,13604,0,2,W,1 White,16,139,27,4,65
13628,M,english_ws,totlot3,totlot3_22m_3.pdf,2015-10-30,24,,Mother,,1,1,,1,1,1,1,1,1,1,1,1,1,1,,1,,1,1,1,,1,1,1,,1,,1,1,1,1,,,,1,1,1,1,1,,,,,1,,,,1,1,1,,,1,,1,1,1,1,1,1,1,1,1,,1,1,1,,1,1,1,,1,1,1,1,1,1,,,,1,1,1,1,1,1,1,,,,,,1,,1,,1,1,,1,,,1,,1,,,1,,,1,1,,,,,,,,,,,,1,,,,,1,,,,1,,,,1,1,,,,,,,,,,1,,,,,,,,,,,1,,,,,1,,,,,,,,,1,,,,,1,,,,1,,1,1,,,,1,1,,,,1,,1,1,,,1,1,,,1,1,1,1,,,,1,,1,,,,,,,,,,,,,,,,,1,,,,,,,,,,,,,,,,,,,,,1,,1,,,,,,,,,,,,,,,,,,,,,,,,,,,,,1,,,,,,,,,,,,1,,1,,,,,,1,,,1,,,,,,,,,,1,,,,,,1,,,,,,,,,,,,,,,,,,,,,,,,,,1,,,,,,,,1,,,,,,1,,,,,,,,,1,,,,,,,1,,,,,,1,,,,,1,,,,,,,,1,,,,,,,,,,,,,,,1,,1,,,1,,,,,,,,,,,,,,,,,,,,,,1,,,,1,,,,,,,1,,,,,1,,,1,,,,,,,,,,,,,,,,,,,,,,,,,,,,,,,,,,1,,,,,1,,,,,,,,,,,,,1,1,,1,,,1,,,,,,,,,,,,,,,,,1,,,,,,,,,,,,,1,,,,1,,,,,,,,1,,,,,1,,1,1,,,,,,,,,,,,,,,,,,,,,,,,,,,,,,,,,,,,,,,,,,,,1,,,,,,,,,,,,,,,,,,,,,,,,,,,,,,,,,,,,,,,,,,,,,,,,,,,,,,,,,,,,,,,,,,,,,,,n,n,s,s,n,n,n,n,n,,,,,1,,,,,,,,,,,,,,,,,,,,,,,,,,,,,,,,,,,,,,,,,,,,,,,,,,,,,,,,,,,,,,,,,,n,,,,,,,,,,,,,,,,,,,,,,,,,,,,,,,,,,,,,,13628,M,139,0,13628,1,1,W,1 White,12,138,27,0,35
13648,F,english_ws,totlot3,totlot3_22m_3.pdf,2005-07-29,21,,Mother,,1,1,1,1,1,1,1,1,1,,1,1,,1,1,1,1,1,1,1,1,1,1,1,1,1,,1,1,1,1,1,1,1,1,1,1,1,1,,1,1,,1,,1,1,1,1,1,1,1,1,,1,1,1,1,1,1,,,1,,1,1,1,,1,1,1,1,1,1,1,1,1,1,1,,1,,,1,,1,1,1,1,1,1,1,,1,1,1,1,1,1,1,1,1,,1,1,1,1,1,1,1,1,1,1,1,1,1,1,1,,1,1,1,1,,1,,1,1,1,,1,,1,1,1,1,1,1,,,1,1,,,,,1,1,1,1,,,,1,,,,1,1,1,1,1,1,1,1,1,1,,1,1,1,,1,1,1,,1,1,1,,,1,1,,1,1,1,1,1,1,1,1,1,1,1,1,1,1,1,1,1,1,1,,1,1,1,1,1,1,1,1,1,1,1,1,1,1,,1,,1,1,,1,1,1,1,,,1,1,1,1,1,1,,1,1,1,1,1,1,,1,1,,,1,1,,1,,1,1,1,,1,,,,1,1,1,1,,1,1,1,1,1,1,,,1,1,1,1,1,,1,1,,,1,1,,1,,1,1,,1,,1,,1,,1,,,,1,1,1,1,,1,1,,,1,,,,1,,,,,1,1,1,,1,,1,,,,,,1,1,1,1,1,1,,,1,1,,1,,1,1,1,,,1,,1,,,1,,,1,1,1,1,,,,1,,1,1,,1,,1,,1,1,1,1,1,1,1,1,1,1,1,1,,1,1,1,1,1,1,1,1,1,1,,,1,1,1,1,1,,,,1,1,,1,,,1,,,1,,1,,,1,1,,,,1,,,,,,1,1,1,,1,,1,,1,1,1,,1,1,1,,,,,1,1,,1,,,1,,,,1,,,,,1,,1,1,1,,1,1,,1,1,,,1,1,,1,1,1,1,,1,,,,1,,1,,,1,1,1,,,,,1,,,,,1,,1,1,,1,,1,1,1,,,,1,,,,1,1,,,,1,,1,1,,,1,,,,1,,1,,,1,,1,,,1,1,,1,,,,,1,,1,1,,,,,,,,,1,,,,,,,,1,,,1,,,,1,1,,,,1,,,,,,1,,,,1,,,,,,1,,,,,,,,,1,,,,1,,,,,,,1,1,,,,,,,1,,,,1,,,,,,1,,,,,,,1,,,1,,,,,1,,,,,,,,,,,,,,,1,,,,,,s,o,o,o,o,s,o,o,s,1,,,,,1,,,1,,,,1,,,,,,,,,1,,,,,1,,,,,,,,,,,,,,,,,,,,,,,,,,,,,,,,,,,,,,,,,,,,o,2,2,1,2,1,1,1,2,1,1,1,1,1,1,1,1,1,1,1,2,1,1,1,1,1,,1,1,1,1,1,1,1,1,1,1,,13648,F,385,5,13648,0,1,W,1 White,16,383,83,5,80
13679,,english_ws,totlot3,totlot3_22m_3.pdf,2015-02-02,,,Father,,1,1,,1,1,1,,,1,1,1,1,,,,1,,1,1,1,1,1,1,1,,1,,1,,1,1,1,,,,,,,1,,1,,1,1,,,,,1,,1,1,,,1,,1,,1,1,1,,1,,,1,1,,1,1,1,,1,1,1,,1,,,,1,1,,,,,,1,1,1,1,1,1,1,,,,1,1,,,1,,,,1,,1,1,1,1,,1,1,,,1,1,,,1,,1,,1,,1,,1,,,1,,1,,,1,,1,,1,,,,1,1,,,1,,,,,1,1,,1,1,1,1,,1,,1,1,1,,,,1,,,,1,,1,,,1,,,,1,1,1,1,1,,1,1,1,,1,,1,1,1,1,,,1,1,,1,,1,1,1,1,,,1,1,1,1,,1,,,,,1,1,,1,1,,1,1,,1,,,1,,,,,,,,,1,,,,,,,1,,,1,1,1,1,,1,,1,,1,,1,,,1,,,,1,,,,,,,1,,,,,,,,,,1,,,1,1,,,1,1,1,,1,,,,1,1,,1,,,,1,1,,,,,1,1,,,,,1,1,1,,,,,,,,,1,,,1,,,,,,,,,,,,1,,,,,,,,1,,,,1,1,1,,,,1,,1,1,,,,,,,,1,,1,1,,,,1,1,,,,,,,1,,,,1,1,1,1,,,1,1,,,,,,,,1,1,1,1,,,,,,,1,1,,,,1,1,,1,,,1,1,1,,,,,,1,,,1,,1,,,,,,,,,,1,,,,,,1,1,,1,,,1,,1,,,,,1,,1,,,,,,,,,1,,,,,,,,1,1,,,,,,1,,,,1,,,,,1,1,1,1,1,,1,1,,1,1,,1,1,,,1,,1,1,,,1,1,1,1,,,1,,1,,,,1,,,1,,1,,1,1,,,1,,1,1,1,,,1,1,1,1,1,,,,,,1,,,,,,,,,,,,,,,,,,,,,,,,,,,,,,,,,,,,,,,,,,,,,,,,,1,,,1,,,,,,,1,,1,,1,,,,,,,1,,,,1,,,,,,,,1,,,,,,,1,,,,,,,,,1,,,,,,,,,,,,o,s,s,o,o,s,o,s,n,,,,,,,,,,,,,,,,,,,,,,,,,,,,,,,,,,,,,,,,,,,,,,,,,,,,,,,,,,,,,,,,,,,,,,,o,2,1,2,2,1,1,2,1,1,1,1,1,2,1,1,1,1,1,2,1,1,1,1,1,,1,1,1,1,1,1,1,1,1,1,1,,13679,M,250,6,,,,,,,,,,
911343,M,english_ws,totlot3,totlot3_22m_3.pdf,2015-07-16,21,,Mother,,1,1,,1,,,1,,,1,,1,,,,,,,,,,,1,,,1,,,,,1,,,,,,,,,,,,,,,1,,,,,,,,,,1,,1,,1,,,,,,,,,1,1,,,,1,,,,,,,,,,,,,,,,1,,,,,,,,1,1,,,,,,,,,,,,,,,,,,,,,,,,,,,,,,,,,,,,,,,,,,,,,1,,,,,,,,,,1,,,,,,1,,1,,,,,,,,,,,,,,,,,,,,,,,1,1,,,,,1,,,,,,,,,,,1,1,,,,,,,,,,,,,,,,,,,,1,,1,,,,,,1,,,,,,1,,,,,,,,,,,,,,,,,,,,,1,,,,,,,,,,,,,,,,,,,,,,,,,,,,,,,,,,,,,,,,,,,,,,,,,,,,,,,,,,,,,,,,,1,,,,,,,,,,,,,,,,,,,,,,,,1,1,,,,,,,,,,,,,1,,,,,,,,,,,,,,,,,1,,,,,,1,,,,1,1,,1,,1,,,,,,,1,,,,,,1,,,,,,,,,,,,,,,,,,,,,,,,,,1,1,,1,,,,1,,,,1,,,,1,,,,,,,,1,,,,,,,,,,,,,,1,,,,,,,,,,,,,1,,1,,,,,,,,,,,,,,,,,,,,1,,,,,,,,1,,,,,,,,,,,,,,,,,,,,,,,1,,,,,,,,,,,,,,,,,,,,,,,1,,,,,,,,,,,,,,,,,,,,,,,,,,,1,1,,,,,,1,,,,,1,,,,,,,,,,,,,,,,,,,,,,,,,,,,,,1,,,1,1,,,,1,,1,,,,,,,,1,,,,,1,,,,,,1,,,,1,,1,,,,,1,,,,,,,,,,,,,,n,s,s,s,o,s,,n,s,,,,,,,,,,,,,1,,1,,,,1,,,,,,,,,,,,,,,,,,,,,,,,,,,,,,,,,,,,,,,,,,,,,,,,,,,,s,,,1,,,,1,,,,,,,2,1,1,,,,,1,,,1,,,,1,,,,,1,,,,,911343,M,74,1,911343,0,1,A/W,0 Non-White,12,75,30,1,80
911401,M,english_ws,totlot3,totlot3_22m_3.pdf,2015-07-31,21,,Mother,,,1,,1,1,1,1,1,1,1,1,1,,,,,,1,1,,,1,,,,1,,1,,1,,,,,,1,,,,,,,,1,,,,,1,,,,,,,,,1,1,1,,,,,,,,,1,1,1,,,1,1,,,,,,,,,,,,,1,,1,,,,,,,,,1,,,,,1,,,,,,,,,,,,,,,,,,1,,,1,,1,,,,,,,,1,,,,,,,,,,,,,,,,,,1,1,,,,,1,,,1,,,,,,,,,,,,1,,,,,1,,,,,,,,,,,,,,,,,,1,,,,,,1,,,,,,,,,,1,1,,,,,,,,,1,,,,,,,,,,,,,,,,,,,,,,,,,,,,,,,,,,,,,,,,1,1,,,,,,,,,,,,,,,,,,,,,,,,,,,1,,,,,,1,,,,,,,1,,1,,,,,,,,,,,,,,,,,1,,,,,,,,,,,,,,1,,,,,,,,,,,1,,,,,,,,1,,,,,1,1,,,,1,,,,,,,,,,1,,1,,,,1,,1,1,,1,1,1,,1,1,1,,,,1,,,1,,,,,,,,,1,1,1,,,,,,,,,1,,,,,,,,,,,,,,1,1,,,,1,,1,,1,,,1,1,,,,,,,,,,,,,,,,,,,,,,,,,,,1,,1,,,,1,,,,,,,1,,,,,,,,,1,,,,,,,,1,,1,,,,,,,,,,,,,1,,,,,,,,,,,,,,1,,,,,,,,,,,,,,,,,,,,,,,,,,,,,,,,,1,,,,,,,,,,,,,,,,,,,,,1,,,,,,,,,,,,,,,,,,,,,,,,,,,,,,,,,1,,,,,,,,,,,,,,,1,,,,,,,,,,1,,,,,,,,,,,,,,,,,,,,,,,,,1,,,,,,,,,,,n,n,o,o,o,n,s,n,n,,,,,,,,,,,,,,,,,,,,,,,,,,,,,,,,,,,,,,,,,,,,,,,,,,,,,,,,,,,,,,,,,,,,,,,s,1,1,1,1,1,1,1,2,2,1,1,1,2,2,1,1,1,1,1,1,1,1,1,2,1,,1,1,1,1,1,1,1,1,1,1,,911401,M,98,5,911401,0,2,A/W,0 Non-White,16,98,39,5,88
911429,M,english_ws,totlot3,totlot3_22m_3.pdf,2015-07-09,21,,"Mother, Father",,1,1,,,1,1,,1,1,1,1,,,,,1,,1,,1,,1,1,1,1,1,,1,1,1,,1,,,1,,,,1,,,,1,1,,1,,1,1,,1,,1,,,1,,1,1,1,1,1,,,1,1,1,,1,1,1,,1,1,1,1,1,,,,,,1,,,,,1,,1,1,1,,1,,,1,1,1,1,,1,,1,,1,,,1,1,1,,1,,,1,,1,,,,,1,,1,,,,1,1,,1,,1,,,,,,,,1,,1,,,,,1,,,,,1,1,,,1,,1,1,1,,,1,,1,,,,1,,1,1,1,1,,,1,,,,1,,,1,,1,,1,1,1,1,,1,,,,,,,1,,1,,1,1,,1,,,1,1,,1,,1,,,,,,1,,1,,,1,1,,1,,,1,,,,,,1,,,1,,1,,,,,1,,1,,,1,,,1,,,,,,,,,1,,,,1,,,,,,,,,,,,,,1,,,,,,1,,,,,,1,,,,,,1,,,,,,,,,1,,,,1,,,,,,1,1,1,,,,,,,,,1,,,1,,,,,,,,1,,,,1,,1,,,,,,1,,,,,1,1,,,,1,,1,,,,,,,,1,,1,,,,,,1,1,1,,1,1,,,1,1,,1,,1,,,,,,,,,,,,,,,,,1,,,,,,,,,,1,,1,,,,,,1,,,1,,,,1,,,,,,1,1,,,,,,,1,,1,,,,,,,,,1,,,,,1,,,,,1,,,,,,,,,,,,,,,,,,,,,,,1,1,,,,1,,1,1,1,,,1,1,1,,1,,,1,,,1,1,,,,,,,,1,1,,,1,1,,,,,,,,,,,,,1,,,,1,1,,,,,,,,,,,1,1,1,1,,,,,,,,,,,,,,,,,,,,,,,,,,,,,,,,,,,,,,,,,,,,,,,,,,,,,,,1,,,,,,,,,,,,,,,1,,,,,,,,,,1,,,,1,,,,,,,,,,,,,,,,,,,,,,,,,,,,,,,,n,n,s,s,s,n,n,n,n,,1,,,1,,,,,,,,,,,,,,,,,,,,,,,,,,,,,,,,,,,,,,,,,,,,,,,,,,,,,,,,,,,,,,,,,,s,2,2,1,1,1,1,1,2,1,1,1,1,1,1,1,1,1,1,1,1,1,1,1,1,1,1,1,1,1,1,1,1,1,1,1,1,1,911429,M,191,3,911429,0,1,W,1 White,16,191,62,3,85
11003,F,english_ws,totlot3,totlot3_25m_1_2.pdf,2013-07-11,25,,"Mother, Father",,1,1,1,1,1,1,1,1,1,1,1,1,,1,1,1,1,1,,1,1,1,1,1,,1,,1,1,1,1,1,,,1,1,,1,1,,1,1,1,1,1,1,,1,1,1,1,,1,,,1,1,1,1,1,1,1,,,1,,1,1,1,1,1,,1,1,1,1,1,1,1,1,1,1,1,1,1,1,1,1,1,1,1,1,1,1,1,1,1,,1,1,1,1,,1,,1,1,1,,,1,1,1,,,1,,1,1,,,,,,1,1,,,1,1,,,1,1,1,,,,1,,,1,,,,,1,,1,,1,,,1,1,,,,1,,,1,1,,1,,,,1,1,1,,1,1,,,,,1,1,,1,,1,1,1,1,1,,1,1,1,1,1,1,1,1,1,1,,1,1,1,1,,1,1,,1,1,,1,,,,,1,,,,,,,,1,1,,1,,,1,,,,1,1,,,,1,,,1,1,,,,,,,,,1,,,,,,,,,1,,1,1,,1,,1,1,1,,,,,,,,,,1,1,,,1,,,1,,1,1,,,1,,,1,,,,,,1,1,,1,,,,,,1,,,,,,,,1,1,1,1,,,,,,,,1,,,,,1,1,1,,,1,,,1,,,,1,,,,,,,,1,1,,1,,1,,,,,1,,1,1,1,,,1,1,,1,1,1,1,,,1,1,1,1,,1,1,1,,1,1,1,,1,1,1,1,1,1,1,,,,,,,1,,,,1,1,1,1,,1,,1,1,1,,,,1,1,1,1,,,,1,,,1,,1,1,1,1,1,1,1,1,1,1,1,1,,1,1,,1,1,1,1,,1,,,,1,1,1,,,1,,1,,1,,1,1,,1,,,,,1,,1,,1,1,,,,,,1,1,,,1,1,1,,1,,1,,1,,1,,1,1,1,1,1,1,,,1,,,1,,,1,,,,,1,1,1,,,,,1,1,,1,,,,,,,,,,,,,1,1,1,,1,,,,,1,,1,1,,,,1,1,,,,,,1,,,1,,,,,,,,1,,1,1,1,1,,,,,,,,,,,1,1,,,,,,1,,,1,,,,,,,,,,1,,,,,,,,1,,,,1,,,,1,,1,,,1,,,,1,,,,,,,1,,,,,,,1,,,,,,,,1,1,,1,,,,,,,1,,1,,o,o,o,o,o,o,o,o,o,1,1,,,1,1,,,,,,,1,,,,,,1,1,,,,,,,,,1,,,,,1,,1,,,1,1,1,,,1,,1,,,,,,1,1,,,,,,,1,,,1,,,,,,,,o,1,2,1,2,1,1,1,2,2,1,1,1,2,2,1,1,1,1,2,2,2,1,2,2,2,1,1,1,1,2,2,2,1,2,2,1,2,11003,F,322,18,11003,0,2,A/W,Non-White,16,324,39,18,72
11009,F,english_ws,totlot3,totlot3_25m_1_2.pdf,2013-06-18,24,,NA,1,1,1,1,1,1,1,1,1,1,1,1,1,1,1,1,1,1,1,1,1,1,1,1,1,1,1,1,1,1,1,1,1,1,1,1,1,1,1,1,1,1,1,1,1,1,1,1,1,1,1,1,1,1,1,1,1,1,1,1,1,1,1,1,1,1,1,1,1,1,1,1,1,1,1,1,1,1,1,1,1,1,1,1,1,1,1,1,1,1,1,,1,1,1,1,1,1,1,1,1,1,,,1,1,1,,1,1,1,1,1,1,1,,1,1,1,,,1,1,,,1,,,,1,1,1,1,,1,1,,,,,,1,1,,1,,,,1,1,,,,1,1,1,1,1,1,1,1,1,1,1,,1,1,,,1,1,1,,1,1,1,,,,1,1,1,,1,,1,1,1,1,1,1,1,1,1,1,1,1,1,1,1,1,,1,1,,,1,1,1,1,,,1,1,1,1,1,1,,1,,1,1,1,,1,1,1,1,,,1,1,1,1,1,1,,,1,1,,1,1,1,1,,,1,1,1,1,1,1,1,1,1,,1,,,,1,1,1,1,,,1,,1,1,1,,,,1,,1,,,1,,,,1,1,,,,,1,,1,,,,1,,1,1,1,1,1,1,1,1,,1,1,,,1,1,1,1,1,1,,1,1,1,1,1,1,1,,1,,,,1,,1,1,,1,1,,,,1,1,,1,,,1,1,,1,1,,,,,1,1,,,1,1,1,,,,1,,1,1,,,,1,1,,1,,1,1,,1,1,,1,1,,1,1,1,1,1,1,1,,1,1,1,1,1,1,1,1,1,,,1,,1,1,1,1,1,1,1,1,,1,1,1,,1,1,1,,,1,1,,,,,,,,1,,1,1,1,1,1,,1,,1,1,1,1,1,1,,1,1,,1,1,,1,,,1,1,,1,1,,1,1,1,1,1,,1,,,1,1,1,1,1,,,1,1,1,1,1,1,1,1,1,1,1,1,1,1,1,1,1,1,,,1,1,1,1,,,1,,1,1,1,1,1,1,1,1,1,1,1,1,,,1,1,1,1,1,1,1,,1,1,1,,1,1,1,1,,,1,,,,,1,1,1,1,1,1,1,1,1,1,1,1,1,1,1,,1,1,1,,,,,,,,,,,,,,,,,,1,1,1,1,1,,,,1,,,,,,,,,,,,,1,,1,,,,,,,1,,,,,,1,,1,1,,,,,1,1,,1,1,,1,1,,,,,,,,,,,,,,,,,,,1,1,,1,,,,,1,1,,,,,1,,,,,,,1,,,,,,s,s,o,s,o,o,o,o,n,,1,,,1,,,,1,,,,1,,,,,,,,,,,,,,,,1,1,,,,,,,1,,,,,,,,,,,,,,,,,,,,,,,,,,,,,,,,,,o,2,2,2,2,2,2,2,2,2,2,2,1,2,2,1,1,2,2,2,2,2,1,2,2,1,2,1,2,2,2,2,2,2,1,,2,1,11009,F,436,28,11009,0,2,W,White,18,434,68,28,91
11011,M,english_ws,totlot3,totlot3_25m_1_2.pdf,2013-06-16,24,,Mother,,1,1,1,1,1,1,1,1,1,1,1,1,,1,,1,1,1,,1,1,1,1,1,1,1,1,1,1,1,1,1,1,1,1,1,1,1,1,,1,1,,1,,1,,1,1,,1,1,1,,1,1,,1,1,1,1,1,1,,1,1,1,,1,1,1,,1,1,1,,1,,,,,,,1,,,1,1,1,1,,1,1,,,1,,1,1,1,1,1,,1,,1,,1,1,,1,,1,,,1,,1,,1,,,1,,1,,1,,1,1,1,1,1,1,1,,,,1,,,1,,1,,,,1,1,1,,,,1,1,,,1,1,1,1,1,,,1,,1,,,1,1,,1,1,1,,,,1,,,,1,,1,1,1,1,1,1,1,1,1,1,1,1,1,1,1,1,1,1,1,1,1,1,1,,1,,1,1,1,1,1,1,1,1,,,,,1,,1,1,,,1,,1,1,,1,,,,1,,1,,1,1,,1,1,,,1,1,,1,1,1,1,,,1,,,,1,1,1,1,,1,1,1,1,1,1,1,1,,1,,1,,,,1,,1,,1,,1,,1,1,1,1,1,1,,1,,1,1,,1,1,1,,1,,,1,1,,1,,,1,1,,,,1,1,1,1,1,1,,,,,,,,1,,,1,1,,,1,1,1,,1,1,,1,1,,,,,,,,1,,1,,,1,1,,,,1,,1,1,,,,,1,1,1,1,1,1,1,,,,1,,1,1,,1,,1,1,1,1,1,1,1,,1,,,,,,,,,1,1,,1,1,1,1,1,,,,1,,1,1,,,1,1,1,,,,,1,1,,1,,1,1,1,,1,,1,,1,1,1,1,,,,,1,,1,,,1,,,1,1,1,1,,,1,1,,1,1,,,1,,1,,,,,1,1,1,1,1,1,,1,,,,1,1,,1,1,1,,,1,,,,1,1,,,,1,1,1,,1,,1,1,1,,1,,1,1,,,,,1,1,1,,1,1,1,1,1,,1,,,,,1,1,1,,1,,,,1,1,,,1,1,,,1,1,,,1,1,1,1,1,,,,1,,,1,,,,,,,,,,,,,,,,,1,,1,,,,,1,,,,,,,,,,1,,,,,,1,1,,1,,,1,1,,1,1,,,,1,1,1,,,,1,,1,,,1,,,1,,,,1,,1,,1,,1,,,,,,,,,,,,,,,,,,,1,,,,,1,,,,,,o,o,o,o,o,s,n,s,n,,1,,,1,1,,,,,,,,,,,,,,,,,,,1,,,,,,,,,,,,,,,,,,,,,,,,,,,,,,,,,,,,,,,,,,,,,,o,2,2,1,2,1,1,1,2,1,1,1,1,2,1,1,1,1,1,1,1,2,1,1,1,1,1,1,1,1,1,1,,1,1,1,1,1,11011,M,360,6,11011,0,1,W,White,16,359,70,0,35
11014,M,english_ws,totlot3,totlot3_25m_1_2.pdf,2013-06-11,24,,Mother,,1,1,,,1,1,1,1,1,1,1,1,1,1,1,1,1,1,,1,1,1,,1,,1,,1,1,1,1,1,1,,1,,,1,1,1,1,,1,1,,1,1,1,1,,1,1,1,,1,1,1,1,1,1,1,1,1,,1,1,1,,1,1,1,,1,1,1,,1,1,,,,,,1,1,,1,1,1,1,,1,,1,,,1,1,1,,1,1,1,1,1,,1,1,1,1,,1,,,,,,1,,,1,1,,,1,,1,,1,1,,,,1,,,,,,,,,,1,,,,1,1,,,,,1,1,,1,1,,1,,1,,1,1,,,,,1,1,,1,1,1,,,,1,,,,1,,,1,,1,,1,1,,1,,1,1,1,1,,,1,1,1,1,,1,,1,1,,1,1,,1,,,1,1,,,1,,1,,1,,,1,1,,1,1,,1,,1,,1,,1,,1,1,,1,,1,1,1,1,,1,,1,1,1,,1,,1,,1,1,1,1,,1,,1,,1,,,,,,,,,,,1,1,1,1,1,,1,,1,1,,1,,1,,1,,1,,,,1,,1,1,,,,,1,1,,,,1,,,,1,1,1,1,,1,,,,,,,,,1,1,1,1,,,,,1,,1,,1,1,1,,,1,,,,,1,,,,1,1,1,,,,1,,1,,,1,,,,1,1,1,1,1,,1,1,1,1,,,1,1,1,1,1,1,1,,,,1,,,1,1,,,,1,,,1,,,1,1,1,1,,,1,,,,1,1,,,,1,1,,1,1,,1,1,1,1,,,,1,1,1,1,1,,1,1,1,1,,1,,1,1,,1,,,1,,,,1,1,1,1,,1,,,1,1,1,,1,,1,1,,,1,,,,,1,,,,,,,1,1,1,,,,1,,,,,,1,,,,1,,,,1,,1,1,1,,,1,,1,1,,,,,,1,,,,,1,1,,,,,,,,,,,,,,,1,1,,,,,,,,,,,,,,,,1,,,,,1,1,,,,1,,1,,,,,,1,,,,,,,,,,,,,,,,,,,,,,,,,,,,,,,1,1,,,,1,,,1,,,,1,1,,,,,,,1,,,,,,,,,,1,,,,,,,,,,,,,,,,,,1,,,,1,,,,,,,,,,,,,,o,s,o,o,o,s,n,s,s,,1,,,1,1,,,1,,,,1,,1,,,,,,,,,,1,,,,,,,,,,,,,,,,,,,,,1,,,,,,,,,,,,,,,,,,,,,,,,,o,2,2,2,2,2,2,1,1,2,2,1,1,2,2,1,1,1,1,1,2,2,2,1,1,1,1,1,1,2,2,,2,2,2,2,1,1,11014,M,297,19,11014,0,1,A/W,Non-White,16,299,59,20,91
11035,M,english_ws,totlot3,totlot3_25m_1_2.pdf,2013-07-12,25,,Mother,,,1,1,1,,1,1,,1,1,1,1,,1,,1,1,1,,1,,1,1,1,,1,,1,1,1,1,1,,,1,1,,,1,,,,,1,,1,,,1,1,,,,,1,1,1,1,1,1,1,1,1,,1,1,1,,1,1,1,,,1,1,,,1,,,1,1,,,,,1,1,,1,,1,,1,,1,1,1,1,1,,1,,1,,1,,1,,,1,1,1,1,,,1,1,,,,,1,,1,1,1,,1,1,1,,,,,,,,,,,1,1,,1,,1,1,1,,1,,1,1,1,,,1,1,1,1,1,,,1,1,,,1,1,1,,1,1,1,1,,,,1,,,1,,1,1,1,1,1,1,1,1,1,1,1,1,1,1,1,1,1,1,1,1,1,1,1,1,1,1,1,1,1,1,1,1,1,1,,,,,1,1,1,1,1,1,1,,1,1,,1,1,1,,,,1,,1,,,1,,,,,1,1,1,,1,1,1,,,,,,1,1,1,1,,1,,1,1,1,,1,1,1,1,1,,,,1,1,,1,,1,,1,,1,,1,1,,,,1,,,,1,,,1,1,1,,,1,,,1,,,,,,,1,,1,1,1,,,,,,,,,,1,1,,1,1,,,1,1,1,,,,,,1,1,1,1,1,1,,1,1,,1,1,1,1,1,,1,1,1,,1,1,1,,,1,1,,1,1,1,1,1,1,1,1,1,1,1,1,1,1,,1,1,,1,1,1,1,,,1,1,1,1,1,,1,1,1,,,1,1,,1,1,,1,,1,,1,1,1,,,1,,,,,,1,,,,,1,,1,,,,1,,1,,1,,,,,,1,,1,1,,1,1,1,,,,1,1,,1,1,,,,,,1,,1,1,,,1,,,1,1,1,1,1,1,,,1,1,,1,1,1,1,1,,,,,,1,1,1,,,1,,,1,,1,1,1,,1,,,,1,,,,1,1,1,,,1,,1,1,1,,1,1,1,,,1,,,,,,,,1,1,1,,,1,,,1,1,,,1,,1,1,1,,,,,,,1,,1,,,1,1,,,,,1,1,,1,1,,1,1,1,,,1,,1,1,,,1,,,,1,,1,,,,,,,,,,1,,,1,,1,1,,,,1,1,1,,1,1,,,,,1,1,1,,,,,1,1,,,,1,,1,1,,1,1,1,1,,1,,,1,1,,,1,,1,1,1,,,,,1,1,,,,1,s,n,o,o,s,o,s,s,s,,1,1,,1,1,,1,1,1,,,1,,1,,,,,,,,,,,,,,1,,1,1,,,1,,,,,,,,,,,,,,,,,,,,,,,,,,,,,,,,,,,,o,2,2,2,2,2,2,2,2,2,1,1,2,2,2,2,2,2,2,2,2,1,2,2,2,2,2,1,2,2,2,2,2,1,1,2,2,2,11035,M,368,31,11035,0,1,W,White,16,367,62,29,94
11036,M,english_ws,totlot3,totlot3_25m_1_2.pdf,2013-06-28,24,,Mother,,1,1,1,1,1,1,1,1,1,1,1,1,1,1,1,1,1,1,1,1,1,1,1,1,1,1,1,1,1,1,1,1,,,1,1,1,1,1,,1,1,1,1,,1,1,1,1,1,1,1,1,1,1,1,1,1,1,1,1,1,1,,1,1,1,1,1,1,1,1,1,1,1,1,1,1,1,,1,,1,1,1,1,1,1,1,1,1,1,1,,1,1,1,1,1,1,1,1,1,1,1,1,,1,1,1,1,,1,1,1,,1,1,,,1,,1,1,1,1,1,1,1,1,1,1,1,1,1,1,1,1,,,1,1,1,1,1,,1,1,1,1,1,1,1,1,1,,1,1,1,1,1,1,1,1,1,1,1,1,1,1,1,1,1,1,1,1,1,1,1,1,1,1,1,,1,1,1,1,1,1,1,1,1,1,1,1,1,1,1,1,1,1,1,1,1,1,1,1,1,,1,1,1,1,1,1,1,1,1,,1,1,1,1,1,1,1,1,,,1,1,1,1,1,1,,1,1,1,,1,1,1,1,1,1,1,1,1,1,1,1,1,1,1,1,1,1,1,1,1,1,1,1,1,1,1,1,1,1,1,1,1,1,1,1,1,1,1,1,1,1,1,1,1,1,1,1,1,1,1,1,,1,1,1,1,1,1,1,1,1,1,1,1,1,,1,1,1,1,1,1,1,1,1,1,1,1,1,1,1,1,1,,1,,,1,1,1,1,1,1,1,1,1,1,1,1,1,,1,1,1,1,1,,,1,,1,,,1,1,1,1,1,1,1,1,1,1,1,,1,1,1,1,1,1,1,1,1,1,1,1,1,1,1,1,1,1,1,1,1,1,1,1,1,1,1,1,1,1,1,1,1,1,1,1,1,1,1,1,1,1,1,1,1,1,1,1,1,1,1,1,1,1,1,1,1,1,1,1,1,1,1,1,1,1,1,1,1,,1,1,1,1,1,1,1,1,1,1,1,1,1,1,1,1,1,1,1,1,1,1,1,1,1,1,1,1,,1,1,1,1,1,1,1,1,1,1,1,1,1,1,1,1,1,1,1,1,1,1,1,1,1,1,1,1,1,1,1,1,1,1,,1,1,1,1,1,1,1,1,,,1,,1,1,1,1,1,1,1,1,1,,1,1,1,1,,1,1,1,1,1,1,1,1,1,1,1,1,,1,1,1,1,,,,1,,1,1,,1,1,1,,1,,,1,1,,1,,1,1,,1,1,1,1,1,1,1,1,1,1,1,1,1,1,1,1,,1,1,,1,,,1,,1,1,,1,,,,1,1,,,,,,,,,,,1,1,1,,1,,,1,1,1,1,,1,,1,1,,1,1,1,1,1,1,1,1,1,,,1,,,,1,,1,,1,1,1,1,1,,,,1,,1,1,,1,1,,1,,1,,,,,,,,1,,,,,,o,o,o,o,o,o,o,o,s,,1,,,1,,,,,,,,1,,1,,1,,1,,1,1,,,,,,,,,,,,,,,,,,,,,,,,,,,,,,,,,,,,,,,,,,,,,,,,,o,2,2,2,2,2,2,2,,2,,,2,2,2,2,2,2,2,2,2,2,2,2,,2,1,1,2,1,2,2,,,1,,2,1,11036,M,572,25,11036,0,1,A,Non-White,16,570,95,26,94
11037,M,english_ws,totlot3,totlot3_25m_1_2.pdf,2013-06-09,23,,Mother,,1,1,1,1,1,1,1,1,1,1,1,1,1,,1,1,1,1,1,1,1,1,1,1,1,1,1,1,1,1,1,1,1,,1,1,1,1,1,1,1,1,1,1,,1,1,1,1,1,1,,1,1,1,1,1,1,1,1,1,1,1,,1,1,1,,1,1,1,1,1,1,1,,,1,,1,1,,1,,1,1,1,1,1,1,1,1,1,1,1,1,1,1,1,1,,1,,1,1,1,,1,1,1,1,1,1,,,1,1,1,,1,,,,,1,1,1,1,1,,1,1,,1,,,1,,1,,1,1,,1,1,,1,,1,1,,,1,1,1,1,,1,1,1,1,1,1,1,1,,,1,,1,1,,1,1,1,1,,,1,,,,1,,1,1,1,1,1,1,1,1,1,1,1,1,1,1,1,,1,1,1,,,1,1,,,1,,1,1,1,1,1,1,,1,,1,1,1,,1,1,,1,1,,1,1,1,1,,,,1,,1,,1,1,1,1,1,1,1,1,1,1,1,1,1,1,1,,1,,1,,1,1,1,1,,1,1,1,1,1,,1,1,,1,1,1,,1,1,1,1,1,1,1,,1,,1,,,1,1,1,1,1,1,1,1,1,,1,,1,1,1,,1,,1,1,1,1,1,1,1,1,1,1,1,1,1,,,,,,,,1,1,1,1,,1,1,1,1,1,1,1,,1,1,1,,1,,1,1,1,,,,1,1,,,1,1,1,,1,1,1,,1,1,,1,,1,1,,1,1,1,1,1,1,1,1,1,1,1,1,1,1,1,1,1,1,1,1,,1,1,1,1,1,1,1,,,1,,,1,,1,,,1,1,,1,1,1,,1,1,1,,1,1,1,,1,1,,1,1,1,1,,1,1,1,1,1,1,1,,1,1,1,,1,,,1,,,1,1,,1,1,,1,,1,1,1,1,1,1,1,1,1,1,1,1,,1,1,,,1,,,,1,1,1,1,,1,,,1,1,1,,1,1,1,1,1,,1,1,,,,1,,,,,,,,,,1,,,,1,,1,1,1,1,,,,,,,,,,1,,1,,1,1,1,1,1,1,,1,1,,,,1,1,,,,,,,1,,,,1,,,1,1,1,,,,1,,1,1,1,1,1,1,1,1,1,,,,,,,1,1,1,1,,,,,,1,1,,1,1,1,,1,,1,,1,1,,,,,,,1,,,,,,1,1,,,,,,,,,,,,,,1,1,,,1,1,1,1,,1,,,1,,,,1,,,1,1,,1,,1,1,1,,,1,1,,,1,1,1,,1,1,1,1,1,o,s,o,o,o,s,s,s,s,,1,,,1,,,,1,1,1,,1,,,,1,,,,1,,,,1,,,,1,1,,,,,1,,,,,,,,,,,,,,,,,,,,,,,,,,,,,,,,,,,,o,1,2,2,2,1,1,2,2,1,1,1,1,2,1,1,1,1,2,2,1,2,1,2,1,1,1,1,1,2,2,1,,1,1,1,1,1,11037,M,449,12,11037,0,2,W,White,18,475,90,12,89
11070,F,english_ws,totlot3,totlot3_25m_1_2.pdf,2013-06-20,24,,Father,,1,1,1,1,1,1,1,1,1,1,1,1,,1,,1,1,1,1,1,1,1,1,1,1,1,,1,1,1,1,1,1,1,1,1,1,1,1,1,1,1,1,1,1,1,1,1,1,1,1,1,1,1,1,1,1,1,1,1,1,,1,,1,1,1,1,1,1,1,1,1,1,1,1,1,1,1,,1,1,,1,1,1,1,1,1,1,1,1,1,1,,1,1,1,1,,1,1,1,1,1,1,1,1,1,,1,,1,1,,,1,1,,,1,1,,,1,,,1,,,1,1,,,,,1,1,,,,1,,,,1,,,1,1,,,,1,1,,,1,1,1,1,1,1,,1,1,1,1,1,1,1,,1,1,,,,,1,1,1,,1,,,1,1,1,1,1,1,1,1,1,1,1,1,1,1,1,1,1,1,,,1,1,1,1,,,1,1,1,1,1,1,1,,,,,1,1,1,,1,,,,,1,,,,,,,,1,,1,1,,1,,,,,1,,,,1,1,,,,,,,1,1,1,1,,1,,1,,1,,,,1,,,,,,1,1,,1,,1,1,1,1,1,1,,,1,1,,1,,1,1,,,1,,1,1,,1,1,1,1,1,1,,,,1,,1,,1,,1,,1,,1,1,,,,,1,1,,1,1,1,1,1,1,1,1,1,1,1,1,1,,,1,,1,,,1,,,,1,1,1,,,,1,,1,,,1,,,,1,1,1,1,,1,,1,1,1,1,1,1,,1,,1,1,1,1,1,,1,,1,1,,1,,1,,1,,1,1,1,1,,1,1,1,1,1,,1,1,1,1,,1,,1,1,1,1,1,,1,1,1,1,,1,,1,,,1,1,1,1,,1,,,1,1,1,1,,1,1,,1,1,,1,1,1,1,1,,1,1,1,,1,1,1,1,,1,1,,1,1,,,1,1,1,1,,1,1,,,1,1,,1,,1,1,,1,,1,,1,1,1,1,1,1,1,1,1,1,,1,1,1,,1,1,1,1,,,1,1,1,1,,1,1,1,1,,1,,1,,1,,1,1,1,1,,1,,1,1,1,1,,1,1,1,,,1,1,,1,1,1,1,1,1,,,1,,1,1,1,,,,,,1,,,,,1,1,1,,1,,,1,1,1,,,1,,,,,1,1,,,,,,,1,1,,,,,1,1,1,,,1,1,1,1,1,1,1,1,1,1,1,1,1,1,1,1,1,1,1,1,,1,1,,,1,,1,,,1,,1,,1,1,,1,,1,,1,1,1,,1,1,,,,,,,,,1,1,,,,1,n,n,o,o,s,s,n,s,n,,1,,1,1,1,,,1,,1,,1,,1,,,,,,1,1,,,1,,,,,,,,1,,,,1,,,,,1,,,,1,,,,,,,1,,,,,,,,,1,,,,,,,,,o,2,2,2,1,1,2,2,2,2,2,2,1,2,1,2,1,2,2,1,2,1,1,,1,2,2,1,1,1,2,,,2,1,2,2,1,11070,F,437,20,11070,0,1,W,White,18,436,68,19,80
11136,M,english_ws,totlot3,totlot3_25m_1_2.pdf,2013-07-01,24,,NA,,1,1,1,1,,1,1,,1,1,1,1,1,,1,1,1,1,1,1,,1,1,1,,1,,1,,1,1,1,,,1,1,1,,,,1,1,,1,,,,1,,,1,,1,1,,1,1,1,1,1,1,1,1,,,1,1,,1,1,1,,1,1,1,1,1,,,,,,1,1,1,,,1,,,1,1,,1,,,,,1,1,1,,,,,,,,1,1,1,,1,,,,1,,,,1,,,,1,,,,1,1,,1,1,1,,,,,1,,,,,,1,,,,1,1,,,,1,,,,,1,,,,,,1,,1,,,1,,,1,1,1,,1,,1,,,,1,,1,1,,1,1,1,1,1,1,,1,1,1,1,1,,1,1,1,,,1,1,,1,,,,,,1,,1,,,,,,1,,1,,1,1,,,1,,,,,,1,,,,,,,1,,,,,1,1,,1,,,,1,,1,,1,,,,,,,,,,,,,,,,,,,,,,,,,,,1,,,,,,,,,,,,,1,,1,,1,1,1,,,1,,,,,,,1,,1,,1,,1,,,,,,,,,,,,,,,,,,,,,,,,,,,,,,,,,,,,,,,,,,,,,,,,,,,,,,,,,,,,,,,,,,,,,,,,,,,,,,,,,,,,,,,,,,,,,,,,,,,,,,,,,,,,,,,,,,,,,,,,,,,,,,,,,,,,,,,,,,,,,,,,,,,,,,,,,,,,,,,,,,,,,,,,,,,,,,,,,,,,,,1,1,,1,,1,1,1,1,,1,,1,,1,1,,,1,,,,1,1,1,1,,,,1,,,,1,,,,,,1,,,1,,,,1,1,,,1,1,1,,1,,1,,,,,1,,,,,,,,,,,,,,,,,,,,,,,,,,,,,,,,,,,,,,,,,,,,,,,,,,,,,,,,,,,,,,,,,,,,,,,,,,,,,,,,,,,,,,,,,,,,,,,,,,,,,,,,,,,,,,1,,,,1,,s,o,o,o,o,n,n,n,n,,,,,,,,,,,,,,,,,,,,,,,,,,,,,,,,,,,,,,,,,,,,,,,,,,,,,,,,,,,,,,,,,,,,,,,o,1,1,1,1,1,1,1,1,1,1,1,1,1,1,1,1,1,1,1,1,1,1,1,1,1,1,1,1,1,1,1,1,1,1,1,1,1,11136,M,515,0,11136,0,1,W,White,18,515,90,12,84
11141,F,english_ws,totlot3,totlot3_25m_1_2.pdf,2013-07-15,24,,Mother,,1,1,,1,1,1,1,1,1,1,1,1,1,,,1,,1,1,1,1,1,1,1,1,1,,1,1,1,1,1,,1,1,1,,1,1,1,1,1,1,1,1,1,,1,1,1,,,1,1,,1,1,1,1,1,1,1,1,,1,1,1,1,1,1,1,,1,1,1,,1,1,1,,1,,,1,1,1,1,1,1,1,1,1,,1,,1,1,1,1,1,,1,,1,,1,,1,1,1,1,1,1,1,,,,1,1,,,,,,1,1,1,,,1,1,1,,,,1,,,,,1,1,,,,,,,1,1,,,,,1,,,1,,,,1,1,,1,1,1,,1,1,1,,1,1,,,,,1,,,,1,,1,1,1,,,1,1,,1,1,1,1,1,1,,,1,1,,,1,1,1,1,1,,,1,1,1,,1,1,,1,,,1,1,,1,,,1,,,1,,,1,,,,,1,,,1,1,,1,1,,,1,1,,1,,1,,,,,,,,1,1,1,,,1,,,1,1,,,,1,1,,,,,1,,,,1,1,,,,,1,,,1,,,1,,,,,,1,1,,,,1,,,,1,1,,,1,,,,,1,1,1,,1,,,,,,,,1,1,,1,1,,,,,1,,,1,1,1,1,,1,1,,,,,1,,,,1,1,1,1,,,1,,1,1,,1,,,,,1,1,1,,1,1,,1,1,,1,1,1,1,1,1,1,1,,1,,,1,1,1,1,1,,1,,1,,1,,,,,,,,,1,,,,1,,,,,1,,,,,,,1,,1,,,,1,,,,,,,,,,,,,,,,1,,,,,,,,1,,,,,,1,,,1,,,,1,,,,,,,,,1,1,,,,,,,,,,,1,,,,,,,,,,,,,,,,,,,,,,,,,,,,,,,1,1,,,,,1,1,,1,,,,,,,,,,,,1,,,,,1,,,,,,,,,,,,,,,,,,1,1,,,,,,,,,,,,,,1,,1,,,,,,,,,,,,,,,,1,,,,,,,,,,1,,,,,,,,,,,,,,,,,1,,,,,,,,,,,,,1,,,,1,,1,,,,,,,,,1,,,,,,,,,1,1,,,,,,,,,,,s,s,o,s,s,s,s,s,n,,1,,,1,,,,,,,,,,,,,,,,,,,,,,,,,,,,,,,,,,,,,,,,,,,,,,,,,,,,,,,,,,,,,,,,,,o,2,2,1,2,1,1,1,2,1,1,1,1,2,1,1,1,1,1,1,1,1,2,1,1,1,1,1,1,1,1,1,2,1,1,1,1,1,11141,F,259,7,11141,0,1,W,White,18,261,37,6,58
11200,F,english_ws,totlot3,totlot3_25m_1_2.pdf,2013-07-10,25,,Mother,,1,1,1,1,1,1,1,1,1,1,1,1,1,1,1,1,1,1,1,1,1,1,1,1,,1,1,1,1,1,1,1,,,1,1,1,1,1,,1,1,1,1,,1,1,1,1,,1,1,1,,1,1,1,1,1,1,1,1,,,1,,1,,1,1,1,,1,1,1,1,1,1,1,,1,1,1,1,1,1,1,1,1,1,,1,1,1,1,1,1,1,1,1,1,,,1,,1,1,1,1,1,1,,1,,1,,,1,,,1,1,,1,1,,,,1,1,1,,,1,1,1,,1,1,,1,,,1,,1,,,1,,,,,1,1,,,,1,,1,1,1,,1,,,,1,1,1,,1,1,,,,,1,,,1,,,1,1,1,,,1,1,1,1,1,1,1,1,,1,,1,1,1,,,1,1,1,1,,1,1,1,1,1,1,1,1,1,,1,,1,,1,1,,1,1,,1,1,,1,,1,,,1,1,,1,1,,1,,,1,1,1,,1,1,1,1,1,,1,,,,1,1,1,,,1,1,1,1,1,,,1,1,1,1,,,,1,1,,1,,1,,1,,1,1,,1,1,1,1,1,,1,1,1,,1,1,1,1,,,1,1,1,1,,1,1,1,1,,1,1,1,1,1,,1,1,,,,,,,1,1,1,1,1,1,,1,,1,,,,1,1,1,,,,1,,,,1,1,,1,,1,1,,1,,1,,1,,,,,1,,1,1,1,1,,1,1,1,1,1,1,1,1,1,,1,1,1,,,,1,1,,,,,1,1,,1,1,,1,1,,1,1,1,1,,,,1,1,1,1,1,1,1,1,1,1,,1,,,1,1,1,1,,1,,1,,1,1,1,1,1,1,1,1,1,1,,1,1,1,1,1,1,1,1,,,1,1,1,,,1,,1,,,,1,1,,,1,,1,1,1,,1,,1,1,,,1,,,1,1,1,,1,1,1,1,,1,,,1,,,1,,1,,1,1,,,1,1,1,,1,1,1,1,,,,,1,1,1,1,1,1,1,1,1,,1,,1,,,,1,,,1,,1,1,1,1,1,,,,1,1,1,,,1,1,,,1,1,,,,1,1,1,,,,,,,1,1,,,,1,1,1,1,1,,,1,1,,,1,,1,,,,1,,,1,1,,1,,,1,,,,1,,,,,,1,1,1,1,,,1,1,1,,1,1,1,1,1,1,1,1,1,,,,,,,1,,,,,,,1,,1,1,1,1,,,1,1,1,1,,,1,1,1,,,,,,,1,,1,,1,,s,o,o,o,o,o,o,s,s,,1,,,1,,,,1,,,,1,,1,,,,1,,,,1,,,,,,,,,,,,,,,,,,,1,,,,,,,,,,,,,,1,,,,,,,,,,,,,,,o,2,2,2,2,1,2,2,2,2,2,1,1,2,2,1,1,1,1,1,2,2,1,1,2,2,1,1,1,1,1,,2,1,1,1,1,1,11200,F,421,16,11200,0,3,W,White,16,423,56,17,71
11327,M,english_ws,totlot3,totlot3_25m_1_2.pdf,2013-08-12,24,,"Mother, Grandparents",,1,1,1,1,,1,,,1,1,,,,,,1,1,1,1,1,1,1,1,1,,1,,1,,1,1,1,,,1,,,,,,,1,,1,,1,,1,1,,,,1,,,1,1,1,1,1,,1,,,1,1,1,,1,1,1,,1,1,1,1,1,,1,1,,,1,,,,,1,,,1,1,1,,1,,,1,1,,,,,,,1,,1,1,1,,1,1,,,,1,1,,,1,1,1,,1,,1,,1,,,1,,,,,,1,,,,,,,,,,,,1,,,,1,,,,,,1,,1,,,1,,1,,,,,,1,1,,,,,1,,,,1,,,1,1,,,1,1,,1,,,,,,,,,1,1,,,,1,,,,,,,,,,1,,,,1,,1,,,1,,,1,,,,,1,,,,1,,1,,,,,,,,,,,1,1,,,,,,,,,,,,1,,,,,,,,,,,,,,,,,1,,,,,,,,,,1,,1,,1,,1,,,,1,,1,,1,1,,,1,,,1,,,,1,,,,1,1,1,1,1,,,,,,,1,,1,,,,1,,,,,,,,1,,,1,,,,,,,,1,,,,,1,,,,,1,,,,,1,,,,,,,1,,1,,,,1,,,,1,1,,,,1,,,,,,,1,,,1,,,1,,,,,,,1,,,,,,,1,,1,1,1,1,1,,,,,,,,,1,,,1,1,1,,1,,,1,,,,,,,,,,1,1,,1,1,,,,,1,,1,1,,,,,,,1,,1,1,,,1,,,1,1,,1,,,,,,,,,,,,,,,,,,,,,,1,,1,1,1,,,1,1,,,1,1,1,,,,,,,1,1,,,,1,,1,,,,,,,,,,,1,,,,1,1,,,,,,,,,1,,1,,,1,,,,,,,,,,,,,,,,,,,,,,1,,,,,,,,,,,,,,,,,,,,,,,,,,,,,,1,,,1,,,,,,,,1,,,,,,,1,,,,,,,,,,1,,,,1,1,,,1,,,,,,,,,,,,,,,,,,,,,,,,,,,,s,s,o,o,o,n,n,n,n,,,,,,,,,1,,,,,,,,,,,,,,,,,,,,,,,,,,,,,,,,,,,,,,,,,,,,,,,,,,,,,,,,,,,,,,s,1,1,1,1,1,1,1,1,1,1,1,1,1,1,1,1,1,1,1,1,1,1,1,1,1,1,1,1,1,1,1,,1,1,1,1,1,11327,M,190,0,11327,0,1,A/W,Non-White,17,190,39,0,35
11417,M,english_ws,totlot3,totlot3_25m_1_2.pdf,2013-09-20,24,,Mother,,1,1,,1,1,1,1,1,1,1,1,1,,,1,1,1,,,,,,1,,,1,,1,,1,,,,,,1,,1,1,1,,1,,,,,,,1,,,,,,,1,1,1,1,1,1,,,,,,1,,,1,1,,,1,1,,,,,,,,,,,,,1,,,,,,1,,,1,,,,,1,,1,,,,1,,,,,1,,,,,,,,,,,,1,,1,,1,1,,,,,,,,,,,,,,,,,1,,,,,,,1,,,,,,,,1,,,,,,,,,1,,,1,1,,,,1,,,,,,1,1,1,,1,1,1,,1,1,1,1,1,1,1,,1,1,1,,,,,,1,,,,1,,,,,,,,,1,1,,,,,,,,1,,,,,1,,,,,1,,,,,,,,,,,,,1,,,,,,,,,,1,,,,,,,1,,,,,,,,,,1,,,,,,,,,,1,,,,,,1,,,,,,1,,1,,,,,,,,,,,,,,,,,1,,,,,,,,,,,1,,,,,,,,,,,,,,,,,,,1,,,,1,,,,,1,,,,,1,,1,,,,,,,,1,,,,,1,,1,1,,,,,1,,1,1,1,,,,1,,,1,,,,,,,,,,,1,,,,,,,,,,1,,,,,1,1,,,,,,,,1,,1,,,,,,1,,1,,1,,,,,,,,,,,,,,,,,1,,,1,,,,,,,,,,,,,,,,,,,,,,,,,1,,,,,1,1,,,,,,1,,,,,1,,,,,,,,,,,1,1,,,,,,,,1,,,,,,,,,,,,,,,,,,,,,,,,,,,,,,,1,,1,,,,,,,,,,,,,,,,,,,,,,,,,1,1,,,,,,,,,,,,,,,,,,,,,,,,,,,,,,,,1,,,,,,,,,,,,1,,,1,,,,,,,,,,,,,,,,,,,,,,,,,,,,,,,,,,,,,,,,,,,,,,o,o,o,o,o,s,s,s,n,,,,,,,,,,,,,,,,,,,,,,,,,,,,,,,,,,,,,,,,,,,,,,,,,,,,,,,,,,,,,,,,,,,,,,,o,2,2,1,1,,,1,,,,,1,1,,1,,,1,,,1,,1,,,,,,,1,,,,,,,,11417,M,127,2,11417,0,2,A/W,Non-White,17,127,24,2,55
11655,M,english_ws,totlot3,totlot3_25m_1_2.pdf,2013-07-23,24,,NA,,1,1,1,,1,1,1,1,1,1,1,1,,,,1,1,1,1,1,1,1,,1,,1,,1,1,1,,,,1,1,,,,1,,,,,1,,,,,,,,,1,,,1,1,1,1,1,1,1,1,,1,1,1,,1,1,1,1,1,1,1,,,1,,,1,,,,1,1,1,1,,1,,1,1,1,1,1,1,1,1,1,1,1,,1,1,1,1,1,1,,1,1,1,,,1,,1,1,,1,1,1,1,1,1,1,1,1,1,,,1,1,1,1,,1,1,,1,1,1,1,,1,,,1,1,,,,1,1,,,,1,1,,1,,,1,1,,,1,1,1,,1,1,,,,,1,,,1,1,,1,1,1,1,1,1,1,1,1,1,1,1,1,1,1,1,1,1,1,1,1,1,1,1,1,1,1,1,1,,1,,1,1,,,1,,1,,1,1,,1,1,,1,1,,1,,1,,,,1,1,,1,,1,1,1,1,1,1,1,1,,1,1,1,,1,,1,,1,,,,,1,,1,1,1,,,1,,,,,,,1,,,,1,,,1,,1,1,,,,,,1,,1,1,1,,1,1,1,1,,,1,,,1,,,,1,,,,1,1,1,1,1,1,,,,,,,,1,,,1,1,1,,1,1,1,,1,1,,1,1,,,1,1,,,,1,1,1,,,1,1,,1,,1,,1,,,1,,,,1,1,1,1,,1,1,1,1,1,1,1,1,1,1,1,1,1,,,,,1,,,,1,1,1,,1,1,1,1,,1,1,1,1,1,,,,1,1,1,1,1,,,,1,1,,1,1,,,1,1,1,,,,1,1,,,1,,1,1,1,,,,,1,1,1,1,,,1,,,1,,,1,1,,1,,,,,,,1,,1,1,,,1,,,,,1,1,,,,,,1,1,,,,1,1,,,,1,,1,1,,1,,1,,1,1,,,,1,1,1,1,,,1,1,1,,,1,,1,,1,1,1,1,1,,,,1,,,,,1,,,,,1,,1,,,,,,,1,,,,1,,1,,1,,,,,,1,,,,,,,,,,,,1,1,1,1,,,,,1,,,,,1,,,,1,,,,1,,1,,,,,,,,,,,,,1,,,1,,,1,1,,,1,1,1,,1,1,,1,,,,,,,,1,,,,,,,,,,,,,,,1,,,,,,,,,,1,,,,,1,,,,,,s,n,o,o,s,s,s,o,n,,,,,1,,,,,,,,1,,,,,,,,,,,,,,,,,,,,,,,,,,,,,,,,,,,,,,,,,,,,,,,,,,,,,,,,,,o,2,1,1,2,1,2,1,,1,1,1,1,1,1,1,1,,1,1,,1,1,1,,,,1,1,,1,,,1,1,,,1,11655,M,342,3,11655,0,3,W,White,18,340,66,3,60
11743,M,english_ws,totlot3,totlot3_25m_1_2.pdf,2013-04-30,24,750,"Mother, Father",,1,,,1,1,1,,1,1,1,,,,,,,1,,,,1,1,,,,,,1,,,,,,,,1,,,,,,1,,,,,,,,,,,,,,,,1,,1,,,,,,,1,,1,1,1,1,,1,1,,,1,,,,,,,,,,1,,1,,,,,,,,,1,,,,,,,,,,1,,,,,,,,,,,,,,,,1,,,,,,,,,,,,,,,,,,,,,,,,,,,,,1,,,,,1,,,,,,1,,,,,,,,,,,,,,1,,,,,,,,,,,,1,,,,,,,,,,,1,1,,,,,,,,,,,,,,,,,,1,,,,,,,,,,,,1,,,,,,,,,,,,,,,,,,,,,,,,,,,,,,,1,,,,,,,,,,,,,,,,,,,,,,,,,,,,,,,,1,1,,,,,,1,,,1,,,,,,1,1,,,1,1,,,,,1,,,,,,,,,,,,,,1,1,,,,,,,,,,,,,,,,,,,1,,,,,1,,,,,1,,,,,,,1,,,,,1,,,,,,1,,,,1,1,,,1,,,1,,,,,1,,,,,,,,,,,,,,,,,,,,,,,,,,1,,,,,,,,,,,,,,,,,,,,,,,,,,,,,,,,,,,,,,,,,,,,,,,,,,,,,,,,,,,,,,,,,,,,,,,,,,,,,,,,,,,,1,1,,1,,,1,,,,,,,,,,,,1,,,,,1,,,,,,,,,,1,,,,,,,1,,,,,,,,1,,,,,,,1,1,,,,,,,,,,,,,,,,,,,,,,,,,,,,,1,,,,,,,,,,,,,,,,,,,,,,,,,1,,,,,,,,,,,,,,,1,,,,,,,,,,1,,,,,,,,,,,,,,,,,,,,,,,,,,,,,,,,,,,,s,s,o,o,s,n,n,n,n,,,,,,,,,,,,,,,,,,,,,,,,,,,,,,,,,,,,,,,,,,,,,,,,,,,,,,,,,,,,,,,,,,,,,,,s,1,1,1,1,1,1,1,1,1,1,1,1,1,1,1,1,1,1,1,1,1,1,1,1,1,1,1,1,1,1,1,1,1,1,1,1,1,11743,M,76,0,11743,0,2,W,White,18,75,13,0,35
12095,M,english_ws,totlot3,totlot3_25m_1_2.pdf,2014-05-05,26,,Mother,,1,1,1,1,1,1,1,1,1,1,1,1,,,,1,1,1,,1,1,1,1,1,,1,,1,,1,1,,,,,1,,1,1,,1,1,1,1,,,,1,,1,1,,1,,,1,,1,1,1,1,,1,,,,1,,1,1,1,1,1,1,1,,,,,,1,,1,,1,,1,1,,1,,1,,1,1,,,1,1,1,,,,1,,1,1,,1,1,,1,,,,,,1,,,1,,,,1,1,,,,1,,,,1,1,,,1,,,,,,,,,,,,1,,,,1,,,,,,,1,1,,,1,1,,,,1,1,,1,1,1,,,,1,,,,,,,1,,1,,1,1,,1,,1,1,1,1,,,1,1,1,1,,,,1,1,,,1,,1,1,,1,,1,,,,1,1,,1,,,,,,,,,,1,,,,,,,,,,,,,1,1,1,1,,1,,1,,,,,,1,1,1,1,,1,,1,1,,1,,1,,1,,,,,,1,,,,,,1,,1,1,,1,,1,,1,1,1,,1,,1,1,1,1,1,,1,,1,1,,,,1,1,,,1,1,1,1,1,1,,1,,,,1,1,1,1,,1,1,1,,,1,1,,,,,1,1,,,1,1,,,,1,,1,,1,1,1,,,1,1,,1,,,,,1,1,1,1,1,1,,1,,,,1,,1,1,1,1,1,1,1,1,1,1,,1,1,1,1,1,1,1,1,1,1,,1,1,1,1,1,1,1,1,,1,1,1,1,1,1,1,1,,1,1,1,1,,1,,1,1,1,,,,1,,1,1,1,,1,,1,1,,1,,1,1,,1,,,1,1,,1,1,,1,,,1,,1,1,,,1,,,,1,,,1,,,1,,1,1,,,,,,1,,,1,,1,1,,,,,,1,1,1,,,1,1,1,,,,1,1,,,1,1,1,1,,,1,,1,1,1,,1,1,1,,1,,1,,1,1,,,1,,1,1,,,,1,1,,,1,1,1,1,,,,1,1,1,,1,1,,,,,,1,,,,,,,,,,,,,,1,1,1,,,,,,,,,,,,,,,,,1,,,,,,,,1,,1,,,,,,,,1,,,,1,1,,1,,,,,,,,,,,,,,,,,1,1,,,,,,,,,,,,,,1,,,,,,,,,,,,,,,,,,,n,n,s,s,o,,,,,,,,,,,,,,,,,,,,,,,,,,,,,,,,,,,,,,,,,,,,,,,,,,,,,,,,,,,,,,,,,,,,,,,,,,,,,,,,,,,,,,,,,,,,,,,,,,,,,,,,,,,,,,,,,12095,M,307,0,12095,1,3,HI_PI,Non-White,18,316,46,0,20
12297,F,english_ws,totlot3,totlot3_25m_1_2.pdf,2014-04-07,24,,Mother,,1,1,1,1,1,1,1,1,1,1,1,1,1,1,1,1,1,1,1,1,1,1,1,1,1,1,,1,1,1,1,1,,,1,1,,1,1,,1,1,1,1,,,,1,1,1,1,,1,,1,1,1,1,1,1,1,1,1,,1,1,1,,1,1,1,,,1,1,1,,1,,,1,,,,,1,1,1,,1,1,1,1,1,1,1,1,,1,,1,,,1,1,1,1,,1,,1,1,1,,1,,1,1,,,1,1,,,1,,1,1,1,1,,1,1,1,1,1,1,,,,,,1,,,1,1,1,1,1,,,1,1,1,,,,1,1,,1,1,1,1,1,,1,1,1,1,,1,1,1,,,1,1,,,,,1,1,1,1,1,1,1,1,1,1,1,1,1,1,1,1,1,1,1,1,,1,1,1,1,1,1,1,1,1,1,1,,1,,1,,1,,1,,1,1,1,1,,,1,1,,1,1,1,,,1,1,,,1,,1,1,,1,1,1,1,1,1,1,1,,,1,,,,1,1,1,1,,1,1,1,,1,,,,,1,,,,,1,1,,,1,1,,1,,1,,,1,,1,1,1,,1,,,,1,1,1,1,,,,,1,1,1,1,,1,1,,,1,1,1,1,1,1,,,,,,,,1,,1,1,1,,,1,,1,,,,,,1,,,1,1,,,,1,1,,,,1,1,,,,1,,1,,,1,,1,,,1,1,1,,1,,1,1,1,1,1,1,1,1,,1,1,1,1,1,1,1,,1,1,1,1,1,,,,1,1,1,,1,1,1,1,1,,1,,1,1,1,1,,,,1,1,,,,,,,1,1,,1,1,1,,,1,1,1,1,1,1,,1,,,1,1,,1,1,,1,,,1,1,,1,1,,1,,1,,,,,1,,1,,,,1,,,1,,1,1,,,,,,,,1,1,,,1,,1,,,,1,1,1,,,1,1,1,1,1,,1,1,1,,1,1,1,1,,,,1,,1,1,,1,,1,,,,1,,1,1,,,,,,1,,1,,1,1,1,,,,1,1,1,,,1,1,1,,1,1,,,,1,,,1,,,,,,,,,,,1,,1,1,,,,,,,,,,,,,,1,,,,,,,,,,,,,,,,,,,1,,1,1,,,,1,1,,,,1,,,,,,,,,,,,,,,,,,,,,,,,,,,,1,,,,,,,,,,1,,,,,,,,,,,o,o,o,o,o,s,o,o,n,,1,,,1,,,1,1,,,,,,,,,,,,,,,,,,,,,,,,,,,,,,,,,,,,,,,,,,,,,,,,,,,,,,,,,,,,,,o,2,2,2,2,1,1,1,2,1,1,1,1,1,1,1,1,1,1,1,1,1,1,1,1,1,1,1,1,1,1,1,1,1,1,1,1,1,12297,F,359,5,12297,0,5,W,White,17,361,53,5,55
12316,F,english_ws,totlot3,totlot3_25m_1_2.pdf,2014-05-26,25,,"Mother, Father, Grandparents",,1,1,,,1,1,1,1,1,,1,,1,1,1,1,1,1,1,1,1,1,1,1,,1,1,1,1,1,1,1,1,,1,1,1,1,1,1,1,1,1,1,1,1,,1,1,1,1,,1,,1,1,1,1,1,1,1,1,,,1,,1,1,1,1,1,,1,1,1,1,1,1,1,1,1,1,1,1,1,1,1,1,1,1,1,1,1,1,,1,1,1,1,1,1,,,1,,1,,1,1,1,1,1,1,1,,,1,1,,1,1,,,,1,1,1,1,1,1,1,1,,1,,,,1,1,,1,1,,1,1,1,,1,1,1,,1,1,1,1,1,1,1,1,1,1,1,1,,1,1,1,,1,1,1,,1,1,1,1,,,1,1,,1,1,,1,1,1,1,1,1,1,1,1,1,1,1,1,1,1,,1,1,1,,1,1,1,1,1,,1,1,1,1,1,1,1,1,1,,1,1,1,1,1,1,1,1,,1,1,1,1,1,1,1,,,1,1,,1,1,1,1,1,,1,1,1,1,1,1,1,1,1,1,1,,1,,1,1,1,1,1,1,1,1,1,1,1,,1,1,1,1,1,,1,1,1,1,1,1,1,,1,1,1,1,,1,1,1,,1,1,1,1,,,,1,1,1,,1,1,,,1,,1,1,,,,1,1,1,1,1,1,1,,1,,,,1,1,1,1,,1,1,1,1,,1,1,,,1,1,1,1,,,1,,,1,,1,1,,1,1,1,1,,1,,1,,1,1,,1,,1,1,1,1,1,1,1,1,,1,1,1,,1,1,1,1,1,1,1,1,,1,,1,1,1,1,1,1,1,1,1,,1,1,1,1,1,1,1,1,1,1,1,1,1,1,1,1,1,1,1,1,1,1,1,,1,1,1,1,1,1,1,1,1,1,1,1,1,,1,1,1,1,,1,,1,1,1,1,1,1,1,,,1,1,1,1,1,1,1,,1,1,1,1,1,1,,1,1,,1,1,1,1,1,1,1,1,1,1,,,,1,1,1,,1,1,1,1,1,,1,1,1,1,1,1,1,1,1,1,1,1,,1,1,1,1,1,1,,1,1,,1,1,,1,1,,1,1,1,1,1,1,1,,1,,,1,,,1,1,1,,1,1,1,1,1,,,1,1,1,1,1,1,1,1,1,1,,1,1,,1,1,1,1,,1,1,,,,1,,1,,1,1,1,1,1,,,,1,,1,,1,1,,,,1,1,,,1,,1,,1,,,,,1,1,1,1,,1,1,1,1,1,,,,1,1,1,1,1,1,1,1,1,1,,,1,,,1,,,1,,1,,1,,1,1,1,,1,,1,,1,1,,1,1,,,1,,1,1,1,1,,1,,1,1,,,1,1,o,o,o,o,o,o,o,o,s,,1,1,,1,1,,,1,,,,1,,1,1,1,,,1,,1,1,,1,,,,,,,,,,,,,,,,,,1,,,,,1,,,,,,,,,,,,,,,,,,,,,,,o,2,2,2,2,2,2,2,2,2,2,2,2,2,2,2,2,2,2,2,2,2,2,2,2,,2,,2,2,2,2,2,2,2,2,2,2,12316,F,516,35,12316,0,1,W,White,18,517,77,36,99
12390,M,english_ws,totlot3,totlot3_25m_1_2.pdf,2014-04-21,23,723,Mother,,,1,,,1,1,,,1,1,1,,,,,,,,,,,1,,,,1,,,,,,,,,,1,,,,,,,,,,,,,,,,,,,,,,,,1,,,1,,,1,1,,,1,,,,,1,,,,,,,,,,,,,,,,,,,,,,,,,,,,,,,,,,,,,,,,,,,,,,,,,,,,,,,,,,,,,,,,,,,,,,,,,,,,,,,,,,,,,,,,,,,,,,,,,,,,,,,,,,,,,,,1,,,,,,,,,,,,,,,,,,,,,,,,,,,,,,,,,,,,,,,,,,,,,,,,,,,,,,,,,,,,,,,,,,,,,,,,,,,,,,,,,,,,,,,,,,,,,,,,,,,,,,,,,,,,,,,,,,,,,,,,,,,,,,,,,,,,,,,,,,,,,,,,,,,,,,,,,,,,,,,,,1,,,,,,,,,1,,,,,,,,,,1,,,,,,,,,,,,,,,,,,1,,,,,1,,,,,,,,,,,,,,,,,,,,,,,,,,,,,,,,,,,,,,,,,,,,,,,,,,,,,,,,,,,,,,,,,,,,,,,,,,,,,,,,,,,,,,,,,,,,,,,,,,,,,,,,,,,,,,,,,,,,,,,,,,,,,,,,,,,,,,,,,,,,,,,,,,,,,,,,,,,,,,,,,,,,,,,,,,,,,,,,,,,,,,,,,,,,,,,,,,,,,,,,,,,,,,,,,,,,,,,,,,,,,,,,,,,,,,,,,,,,,,,,,,,,,,,,,,,,,,,,,,,,,,,,,,,,,,,,,,,,,,,,,,,,,,,,,,,,n,n,o,o,o,n,n,n,n,,,,,,,,,,,,,,,,,,,,,,,,,,,,,,,,,,,,,,,,,,,,,,,,,,,,,,,,,,,,,,,,,,,,,,,,,,,,,,,,,,,,,,,,,,,,,,,,,,,,,,,,,,,,,12390,M,21,0,12390,0,1,W,White,18,21,0,0,40
12398,F,english_ws,totlot3,totlot3_25m_1_2.pdf,2014-03-19,23,,"Mother, Father",,1,1,1,,1,1,1,1,1,,1,1,,1,,1,,1,,1,1,1,1,1,,1,,1,1,1,1,,,1,1,,,1,1,,1,1,1,,,1,,1,1,1,,,,,,1,1,1,,1,1,1,,,1,1,1,,1,1,1,,1,1,1,1,1,,1,1,,1,,1,1,1,1,1,,1,1,1,1,1,,1,1,,1,,,1,,1,1,1,,1,1,1,,1,,,,,1,1,,,1,1,,,1,,,1,1,1,1,,,1,,,,,1,,,1,1,1,,,1,,1,1,1,,1,1,1,,,,1,1,1,1,1,1,1,1,1,1,1,1,1,,1,1,,1,,,1,1,1,1,1,,1,1,1,1,1,1,1,1,1,1,1,1,1,1,1,1,1,1,1,1,1,1,1,1,1,,1,1,1,1,1,1,1,1,1,,,1,1,,1,1,1,1,1,,1,1,1,1,1,,1,1,,,1,1,1,1,1,1,,1,1,1,1,1,1,1,1,1,,1,,,,1,1,1,1,,1,1,1,1,1,1,,1,1,1,1,1,,,1,1,1,1,1,1,1,,1,1,1,1,1,1,1,1,1,1,1,1,1,,1,,1,1,1,1,1,1,,1,1,1,1,1,1,1,1,1,1,1,1,,,,1,,,,1,,1,1,,,1,,,1,,1,,1,1,,1,1,,,1,1,,,,1,1,1,,,1,1,,,,1,,1,,,1,,,,1,1,1,1,1,1,,1,1,1,1,1,1,1,1,1,1,1,1,,1,,1,1,,1,1,1,,,1,1,,1,,,1,,,1,1,,,1,1,1,1,,1,,,1,1,,1,1,,,1,,1,,,,1,1,1,1,1,,1,,1,1,1,1,,1,1,,1,1,,1,,,,1,,1,1,,1,,1,,1,1,1,1,,1,1,,,1,,,,1,1,1,,,,,,1,1,,,,1,,,1,,1,,1,1,1,1,,1,,,1,,,1,1,1,,1,,,1,,,,1,1,,,1,1,,1,,,,,,1,,,,,,,,,,,,,,,1,,,1,1,,,1,1,,,,1,,,,1,,,1,,,,,,,,,,,1,,1,1,,,,,1,,,1,,1,,,,,,,,,,,,,1,,,,,,,,,,1,,,1,,,,1,,,1,,,,,1,,,,,,,,,,1,1,,,,,,,1,,,,,,,1,,,,,,,,,,,,,,,,,,,,,o,o,o,o,o,s,s,o,n,1,,,,1,,,,,,1,,1,,,,,,,,1,1,,,,,,,,,,,,,1,,,,,,,,,,,,,,,,,,,,,,,,,,,,,,,,,,,,o,2,2,1,2,2,1,1,2,1,1,1,1,2,1,1,1,2,1,2,2,1,1,1,2,1,1,1,1,1,1,2,2,1,1,1,1,1,12398,F,373,12,12398,0,2,W,White,16,375,65,12,78
12409,F,english_ws,totlot3,totlot3_25m_1_2.pdf,2014-02-24,24,,Mother,,1,1,,1,1,1,1,1,1,1,1,1,1,1,,1,1,1,1,1,1,1,1,1,1,1,,1,1,1,1,1,,,1,1,1,1,1,1,1,1,1,1,1,1,,1,1,1,1,1,1,1,1,1,1,1,1,1,1,1,1,,1,1,1,1,1,1,1,,1,1,1,1,1,1,,,1,1,1,1,1,1,1,1,1,1,1,1,,1,1,1,1,1,1,1,1,,,1,1,1,1,1,1,1,1,1,1,1,,1,1,1,,,1,1,1,1,1,,1,,1,1,1,1,1,1,1,1,1,1,1,,1,,1,1,1,,1,1,1,,,,,1,1,1,1,1,1,1,1,1,1,1,1,1,1,1,1,1,1,1,1,1,,1,,,1,1,,1,1,1,1,1,1,1,1,1,1,1,1,1,1,1,1,1,1,1,1,1,1,,1,1,1,1,1,1,1,1,1,1,1,1,1,1,1,,1,1,1,1,1,,1,1,1,,1,1,1,1,1,1,,1,1,1,,1,1,1,1,1,,1,1,1,,1,1,1,1,1,1,1,1,1,,1,1,1,1,1,1,1,1,1,1,1,1,1,1,1,,1,,,1,1,1,,1,1,1,1,1,1,1,1,1,1,1,1,1,1,1,1,1,1,1,1,1,1,,1,1,1,1,1,,1,1,1,1,1,1,1,1,1,1,,1,,,,,,1,,1,1,,1,1,1,,1,1,1,,1,1,1,1,1,,,1,1,,1,,1,1,1,1,1,1,1,,,,1,,1,1,,1,,1,,1,1,1,1,1,1,1,1,1,1,1,1,1,1,1,1,1,1,1,1,1,,1,1,1,1,1,,1,1,,1,,1,1,,1,1,1,1,1,,1,1,1,1,1,1,,1,,1,1,1,1,1,,1,1,1,1,,1,1,1,1,1,1,1,,1,1,1,,1,,,1,1,1,1,,,1,1,1,1,1,1,1,1,,1,,1,1,1,1,1,1,,1,1,,,1,1,1,1,1,1,1,1,1,,,,1,1,,,,1,1,,1,,,1,1,1,1,1,1,1,1,1,1,1,1,1,1,,1,1,1,1,1,1,,,1,1,1,1,1,1,1,1,1,1,,1,,1,1,,,1,1,,1,,1,,1,1,1,1,1,,1,,1,1,1,1,1,1,,1,1,1,,,1,1,1,1,,,,,,,,,,,1,,1,1,,,,,1,,,1,,1,1,,,1,,,,1,,1,1,1,1,,1,1,,1,1,1,,1,1,,1,,,,,1,1,1,1,,1,,1,1,1,,1,,,,,,,1,,,1,,,1,1,1,1,1,,,,1,1,,1,1,,,,,,1,1,,,,,1,1,,,,,o,o,o,o,o,o,o,o,s,1,1,,1,1,,,,1,1,,,1,1,1,,,,1,,1,,,1,1,,,,1,1,,,,1,1,,1,,1,,,,1,,1,,,,,,,,1,,,,1,,,,,,1,,,,,,,,o,2,2,1,2,2,2,2,2,1,2,2,2,2,1,1,1,1,1,2,2,2,2,2,1,1,1,1,2,2,1,1,2,2,2,1,1,2,12409,F,508,22,12409,0,1,W,White,16,509,83,22,84
12417,M,english_ws,totlot3,totlot3_25m_1_2.pdf,2014-02-15,24,735,Mother,,,1,,1,,1,1,,1,1,1,1,,,,,,,,,,,,,,1,,,,1,,,,,,,,,,,,,,,,,,,1,,,,,,,,,,,1,,,,,,,,,,1,,,,1,,,,,,,,,,,,,,1,,1,,,,,,,,,,,,,,,,,,,,,,,,,,,,,,,,,,,,,,,,,,,,,,,,,,,,,,,,,,,,,,,,,,,,,,,,,,,1,,,,,,,,,1,,,,,,,,,,,,1,1,,,,1,,,,1,,,,,,,,,,,,,1,,,,,,,,,,,,,,,,,,,,,,,,,,,,,,,,,,,,,,,,,,,,,,,,,,,,,,,,,,,,,,,,,,,,,,,,,,,,,,,,,,,,,,,,,,,,,,,,,,,,,,,,,,,,,,,,,,,,,,,,,,,,,,,,,,,,,,,,,,,1,1,,,,1,,,,1,,,,,1,1,,,,1,,,,,,,,,,,,1,,,,,,1,1,,,,1,,,,1,,,,1,,,,,,,,,,,,,,,,,,,,,,,,,,,,,,,,,,,,,,,,,,,,,,,,,,,,,,,,,,,,,,,,,,,1,,,,,,,,,,,,,,,,,,,1,,,,,,,,,,,,,,,,,,,,,,,,,,,,,,,,,,,,,,,,,,,,,,,,,,1,,,,,,,,,,,,,,,,,,,,,,,,,,,,,,,,,,,,,,,,,,,,,,,,,,,,,,1,1,,,,1,,,,,1,,,,,,,,,,1,,,,,,,,,,,,,,,,,,,,,,,1,,,,,1,,,,,,,,,,,,,,,,,,,,,,,,,,,,,,,,,,,,,,,,,,,,,,n,n,o,o,,n,n,n,n,,1,,,,,,,,,,,,,,,,,,,,,,,,,,,,,,,,,,,,,,,,,,,,,,,,,,,,,,,,,,,,,,,,,,,,,s,,,1,,,,,,,,,,,,,,1,,,,,,,,,,,,,,,,,,,,,12417,M,46,0,12417,0,1,W,White,16,46,7,0,35
12520,F,english_ws,totlot3,totlot3_25m_1_2.pdf,2014-10-28,23,,NA,,1,1,,1,1,1,1,1,1,1,1,1,1,,1,1,1,1,1,1,,1,1,1,,1,1,1,1,1,1,1,1,,1,1,,1,1,,,,,1,1,1,,1,1,1,1,,1,,1,,,,,,,,,,,,,,,,,,,,,,,,,,,,,,,,,1,1,1,,1,1,,,1,,1,1,,1,1,,1,,1,,1,1,,,1,1,,,,1,,,1,,,,,1,,1,1,1,1,1,,,1,,,,1,1,,,,,,,,,1,1,1,,,,1,1,,,1,1,1,1,1,,1,1,1,,,,1,1,,1,1,1,1,,,1,,,,,,1,1,1,,,1,1,1,1,1,1,1,1,1,,,,1,1,,,1,1,,,,,1,1,1,,1,1,,,,,,1,,1,,,,,,1,1,,1,,,,,1,,,,1,,,,,,1,1,,,1,1,1,1,,,,,,,1,1,,,1,,1,,1,,,,,,,,,,1,,,,,,,,,1,,,,1,,,,,1,,,,,,,1,,,,,,,,,,,,,,1,1,1,1,,,,,,,,,,1,1,,1,1,1,,1,1,,,,1,,,1,,,,,,,,1,,,,,1,,,,,1,,1,,,1,,,1,,1,1,1,1,1,1,1,1,1,1,1,1,1,1,1,1,1,1,,1,,,,1,1,1,1,,1,,,,,,,1,1,,1,,,,,,,,,,,,1,,,,,,,,1,1,,,,,,,1,,,,,,,,,,,1,,1,,,1,,,,,1,,,,,,,,,,,1,,,,,,1,,,1,,1,1,1,,,,,,,,,,,,,,,1,,1,,,,,,1,1,,1,,1,,,,1,,,,,,,1,,1,1,,,,1,1,,,,,,,,,,,,1,,,,1,,,,,,,,,1,,,,1,,1,1,,,,,,,,,,,,,,,,,,,,1,1,,,,,1,,,,1,,,,,,,,,1,,,,,,,,,,,,,,,1,,1,,,,,1,1,,1,,1,,,1,,,,,,,,,,1,,,,,,,,,,,,,,,,,,,,,,1,,,,,,,,1,,,,,,o,o,o,o,o,s,s,n,n,,1,,,1,1,,,,,,,,,,,,,,,,,,,,,,,,,,,,,,,,,,,,,,,,,,,,,,,,,,,,,,,,,,,,,,,,,o,1,1,1,1,1,1,1,1,1,1,1,1,1,1,1,1,1,1,1,1,1,1,1,1,1,1,1,1,1,1,1,1,1,1,1,1,1,12520,F,226,0,12520,0,1,W,White,18,232,39,0,30
12547,F,english_ws,totlot3,totlot3_25m_1_2.pdf,2014-08-06,24,,"Mother, Father",,1,1,1,1,1,1,1,1,1,1,1,1,1,1,,1,1,1,1,1,1,1,1,1,1,1,,1,1,1,1,1,1,,1,1,1,1,1,,,1,1,1,1,1,,1,1,1,1,,1,,1,1,1,1,1,1,1,1,1,1,1,,1,1,1,1,1,,1,1,1,1,1,1,,,1,,1,1,1,1,1,1,1,1,1,1,1,1,,1,1,,1,1,1,1,,1,1,1,1,1,1,,1,1,1,1,,1,1,1,,,1,,,1,1,1,1,1,1,1,1,1,,1,1,,,,,,,1,1,,,,,1,1,1,,,,1,1,1,1,1,1,1,1,1,1,1,1,1,1,,1,1,1,,1,1,1,1,,,1,1,1,,1,1,1,1,1,1,1,1,1,1,1,1,1,1,1,1,1,1,1,1,1,,1,1,1,1,1,1,1,1,1,1,1,,1,1,,,,1,1,1,1,1,1,1,1,,1,1,1,1,1,,,,1,1,,1,1,,1,,,,1,1,1,1,1,1,1,1,,1,,,,1,1,1,1,1,1,1,1,1,1,1,,,1,1,,1,,,1,,1,1,1,1,,1,,1,,,1,1,1,,1,1,1,1,,1,1,1,1,1,,1,1,,1,1,,,1,1,,,1,1,1,1,1,1,,,,,,,,,1,1,,1,1,1,,1,1,1,,1,1,1,1,1,,1,,,,,,1,1,,1,,1,1,,,,1,,1,,,1,,,1,1,1,1,1,1,1,1,1,1,1,1,1,1,1,1,1,1,1,1,1,1,1,1,,1,1,1,1,1,,1,1,,1,,1,1,1,1,1,1,,1,1,1,1,1,1,1,1,,1,1,,1,1,1,1,1,1,1,,1,,1,1,1,1,1,,1,1,1,1,,1,,,1,1,1,1,,1,1,,,1,,1,1,,1,,1,1,1,,1,1,,1,1,1,,1,1,1,1,1,1,1,,1,,,,,1,1,,,1,1,,1,,,1,1,1,,,1,1,1,1,1,1,1,1,1,1,,1,1,1,1,,,,1,,1,1,,,1,1,,1,,1,,1,,1,,,1,,1,,1,1,1,1,,,1,,1,1,1,,,1,1,1,1,1,1,1,,,1,1,1,1,,,1,1,,,,,,,1,1,1,1,1,,,,1,,,,,1,,,,1,1,,,,,1,,,,,,1,,,,,,,1,,1,1,,,,1,1,,1,1,,,1,1,,,,,,,,,,1,,,,,,,,,,,,,,1,1,,,,,,,,,,,,,,,,,,,,,o,o,o,o,o,s,n,o,n,,1,,,1,,,,,,,,,,,,,,,,,,,,,,,,,,,,,,,,,,,,,,,,,,,,,,,,,,,,,,,,,,,,,,,,,,o,2,2,1,2,1,1,1,2,1,1,1,1,1,1,1,1,1,1,1,1,1,1,1,1,1,1,1,1,1,1,1,1,1,1,1,1,1,12547,F,438,4,12547,0,1,W,White,16,437,69,5,55
12608,F,english_ws,totlot3,totlot3_25m_1_2.pdf,2014-08-24,24,,Mother,,1,1,1,,1,1,1,1,1,1,1,1,1,1,1,1,1,1,1,1,1,1,1,1,,1,,1,1,1,1,1,,,1,1,1,1,1,1,1,1,1,1,1,1,1,1,1,1,,,1,1,1,1,1,1,1,1,1,1,1,,1,1,1,1,1,1,1,1,1,1,1,1,1,1,1,1,1,1,1,1,1,1,1,1,,1,1,1,1,1,1,1,1,1,1,1,1,1,,1,1,1,,1,1,1,1,1,1,1,,1,1,1,,1,1,,1,,1,,1,1,1,1,1,1,1,1,1,,1,,1,,1,1,1,1,1,1,1,,1,1,,,1,1,1,1,1,1,1,1,,1,1,1,1,1,1,,1,1,1,1,1,1,1,1,1,1,1,,1,1,1,1,1,1,1,1,1,1,1,1,1,1,1,1,1,1,1,1,1,1,,,1,1,1,1,1,1,,1,1,1,1,1,1,1,1,1,,1,1,,1,1,1,1,1,,1,1,,1,1,,,,1,1,,1,1,1,1,1,,1,1,1,1,1,1,1,1,1,,1,,1,,1,,1,1,1,1,1,1,1,1,1,1,,1,1,1,1,,1,1,1,1,1,1,1,,1,1,1,,1,1,1,1,1,1,1,1,,,,1,1,1,1,1,,1,1,1,1,,1,1,1,1,,1,1,1,1,1,1,,1,,,,,1,,1,1,,1,1,1,1,,1,1,,1,1,1,1,1,,1,1,,1,,,1,1,,1,1,1,1,1,,1,1,,1,1,1,1,1,,1,1,1,1,1,1,1,,1,1,1,1,1,1,1,1,1,1,1,,1,1,,1,1,1,1,1,1,1,1,1,,1,1,,1,1,1,1,1,1,,1,1,1,1,1,,,,,1,1,1,1,,,,1,1,1,,1,1,1,1,1,1,1,,1,1,1,,,1,,1,1,1,1,1,,1,1,,1,1,1,1,1,,1,1,1,1,1,,1,1,,1,1,,1,1,1,1,1,1,1,1,1,1,1,1,,1,1,1,1,1,1,1,1,1,,1,1,1,1,1,1,,1,1,1,1,1,1,1,1,1,1,1,1,1,1,,1,1,1,1,1,1,1,1,1,1,1,1,,1,,1,1,,1,1,,1,1,,1,1,1,1,1,1,1,,1,1,,1,,1,1,1,1,1,1,1,1,1,,1,1,1,,,,,1,1,1,1,1,1,1,1,1,1,1,1,1,1,1,1,,1,1,1,1,,1,1,1,,,1,,1,,1,1,,,,1,1,1,1,,1,1,1,1,1,,1,1,1,1,1,1,,1,1,1,1,1,1,1,1,1,1,1,,,,,1,,1,1,1,1,,,1,,1,,1,1,1,1,1,,1,1,,1,1,1,1,,1,,1,1,,,1,1,o,o,o,o,o,o,o,o,o,,1,,1,1,1,1,,1,,,,1,1,1,,,,,,,,,,1,,,,,,,,,,,,,,,,,1,,,,,,,,,,1,,,,,,,,,,,,,,,,,,,o,2,2,2,2,2,2,2,2,2,2,2,1,2,1,1,1,2,2,2,2,2,2,2,1,2,2,1,1,2,2,2,1,2,1,1,1,2,12608,F,544,26,12608,0,1,W,White,16,548,89,26,89
12612,F,english_ws,totlot3,totlot3_25m_1_2.pdf,2014-08-01,24,,Mother,,1,1,,1,1,1,1,1,1,1,1,1,1,1,1,1,1,1,1,1,1,1,1,1,,1,,1,1,1,1,1,1,,1,1,1,1,1,,1,1,1,1,,1,,1,1,1,,,1,,,1,1,1,1,1,1,1,,,1,,1,,1,1,1,,1,1,1,1,1,1,1,,1,1,,1,1,1,1,1,1,1,1,1,1,1,1,1,1,1,1,1,,,,1,1,1,,1,1,1,1,1,1,,1,1,1,1,,,1,,1,,1,,1,1,1,1,1,1,,1,1,1,,1,1,,,1,1,1,1,1,1,1,1,1,,,,1,1,,1,,1,1,1,1,1,1,,1,1,,,1,1,1,,1,1,1,1,,,1,1,,,,1,1,1,1,1,1,1,,1,1,1,1,1,1,1,1,1,1,1,,1,1,1,1,1,1,1,1,1,1,1,1,1,1,1,,1,1,1,1,1,1,1,1,1,,1,,,1,1,1,,,1,1,1,1,1,1,1,1,,1,1,1,1,1,,1,1,1,,1,,,,1,1,1,1,,1,1,1,1,1,1,,1,,1,1,,,,1,1,1,1,1,1,,1,,1,1,,1,,1,1,1,,1,,,,1,1,1,1,1,,,,,1,1,1,,1,1,,,1,1,1,1,1,,,1,,,,,,1,1,1,1,1,,,,1,1,,,,,1,1,,,1,1,,,,1,1,,1,1,1,1,1,,1,1,,1,1,,1,,1,,1,1,1,1,1,1,1,1,1,1,1,1,1,1,1,,1,1,1,,1,,,,1,1,1,1,1,,1,1,,1,1,,1,1,,1,1,1,1,,1,1,1,1,1,1,1,1,1,1,1,1,1,1,1,1,1,,1,1,1,,1,1,1,,1,1,1,1,1,1,,1,1,,1,,,1,1,,,1,,1,1,1,1,,1,1,1,,1,1,,1,1,,1,1,,,1,1,1,1,,,,,,1,1,1,1,,1,1,1,1,,1,,1,1,1,,,1,,1,1,,,1,1,1,1,1,,1,1,,,,,1,1,1,1,1,1,1,1,1,,1,,1,,,,1,1,,1,,1,1,1,1,1,,1,,1,1,1,1,1,1,1,,1,1,1,,,1,1,1,1,1,,1,1,,,1,1,1,,1,1,1,1,1,1,1,,1,1,,,,1,1,,,,1,1,,,1,,1,,,,,,,,,,1,,,1,1,1,1,1,,,1,1,,1,,,,1,1,,1,,1,,,,,,1,,,,,,1,1,1,1,1,,1,,,1,,,1,,1,,,1,,,,,,,,,,,,,o,o,o,o,o,o,s,o,o,,1,,,1,1,,,1,,,,1,,,,,,1,1,,,,,,,,,1,,,,,,,,1,,,,,1,1,,,,,,,,1,1,1,,,,,,,,,,,,,,,,1,,o,2,2,2,2,1,1,2,2,2,2,1,1,2,2,1,1,1,1,2,2,2,1,1,2,2,1,1,1,1,2,2,2,1,1,1,2,1,12612,F,455,19,12612,1,1,W,White,16,457,73,19,80
12683,F,english_ws,totlot3,totlot3_25m_1_2.pdf,2014-10-27,24,,Mother,,1,1,1,1,1,1,1,1,1,1,1,,1,,1,1,1,1,1,1,1,1,1,1,1,1,,1,1,1,1,1,1,1,1,1,1,1,1,1,1,1,1,1,1,1,1,1,1,1,1,1,1,1,1,1,1,1,1,1,1,1,1,,1,1,1,1,1,1,1,1,1,1,1,1,1,1,1,1,1,1,1,,1,1,1,1,1,1,1,1,1,1,1,1,1,1,1,1,1,1,,1,1,1,1,1,1,1,1,,1,,,,1,1,,1,1,1,1,1,1,1,1,1,1,1,1,1,1,1,1,,,,,,1,1,1,1,1,,1,1,1,1,1,1,1,1,1,1,1,1,1,1,1,1,1,1,1,1,1,,1,1,1,,1,1,1,1,1,,1,1,1,1,1,1,1,1,1,1,1,1,1,1,1,1,1,1,1,1,1,1,1,1,1,,1,1,1,1,1,1,1,1,1,1,1,1,1,1,1,1,1,1,1,1,1,1,1,1,1,1,1,1,1,1,1,1,1,1,1,1,1,1,1,1,1,1,,1,1,1,1,1,1,1,1,1,1,1,1,1,,1,1,1,1,1,1,1,1,1,1,1,1,1,1,1,1,1,,,1,1,,1,1,1,1,1,1,1,1,1,1,1,1,1,1,1,1,,1,1,1,1,1,1,1,1,1,1,1,1,1,1,1,1,1,1,1,1,1,1,1,1,1,1,,,,1,1,1,1,1,1,1,1,1,1,1,1,1,1,,,1,1,1,,1,1,1,1,,,1,1,1,1,1,1,1,1,1,1,1,1,1,1,1,1,1,1,1,1,1,1,1,1,1,1,1,1,1,1,1,1,1,1,1,1,1,1,1,1,1,1,1,1,1,1,1,1,1,1,1,1,1,1,1,1,1,1,1,1,1,1,1,1,1,1,1,1,1,1,1,1,1,1,1,1,1,1,1,1,,1,1,1,1,1,1,1,,1,1,1,1,1,1,1,1,1,1,1,1,1,1,1,1,1,1,1,1,1,1,1,1,1,1,1,1,1,1,1,1,1,1,1,1,1,1,1,1,1,1,1,1,1,1,1,1,1,1,1,1,1,1,1,1,1,1,1,1,1,1,1,1,1,1,1,1,1,1,1,1,,1,1,1,1,1,1,1,1,1,1,1,1,1,1,1,1,1,1,1,1,1,1,1,,1,1,1,1,1,,1,1,1,1,1,1,1,1,1,1,1,1,1,1,1,1,1,1,1,,,,,,,1,,1,,,,,1,,1,,1,1,1,1,1,,,,1,,,,,,,,,,1,,,1,,1,,1,,,,,,1,1,,,,1,,,,,,,,,1,1,1,,1,1,1,,,,1,,,,,,1,,1,,,,1,,1,1,1,,1,1,,1,,1,,,,,,1,1,1,,,,,1,,,,,,s,s,s,o,o,s,o,o,n,1,1,,,1,1,1,,1,,,,1,,,,,,1,,,,,1,,,,,,,,,,,,,,,,,,,,,1,,,,,,,,,,,,,,,,,,,,,,,,,,o,2,2,2,2,2,2,2,2,2,2,2,2,2,2,2,2,2,2,2,2,2,2,2,2,,2,1,1,1,2,2,1,1,1,1,1,,12683,F,564,27,12683,0,3,W,White,18,562,91,29,92
12717,M,english_ws,totlot3,totlot3_25m_1_2.pdf,2014-06-29,25,,Mother,,1,1,,1,1,1,1,1,1,1,1,1,,,1,1,1,1,1,1,1,1,1,1,,1,,1,1,,1,,,,,,,,1,,,,,1,,,,1,1,,,,,,,1,1,1,1,1,1,,,,,,1,,1,1,1,1,1,1,1,1,,,,,1,,1,,,,,1,,1,,,,,1,,,,1,1,,1,,1,,,,,1,1,,,,,1,,1,,,,1,1,,,,,1,,,1,,,1,1,1,1,,,,,,,,,,,,,,,,,,1,,,,,,,,,,,,,,,1,,,,,1,,,,,,,,,,,,,1,,,,1,,,,,,,,,,,,1,1,,,,,,,,1,,,,,,,,,,,1,,1,,,,,,1,,,,,,,,,,,,,,,,,1,1,1,1,,,,,,,,,,,,,1,,,,,,,,,,,,,,,,,1,,,,,,,,,,,,,1,,,1,,,,,,1,1,1,1,,,,,1,1,,,,1,1,,,1,1,1,1,1,,,,,,,,,1,,,,,,,,,,,,,,,1,,1,,,,,,1,,,,,1,1,,,,1,,1,,,1,,,,,1,,1,1,1,,,1,1,,,1,1,1,,,1,1,,,,,,,1,1,1,1,,,1,,1,1,,,1,,1,,1,1,1,,,,,,1,,,,,,,,,,,,,,,,,,,,,,,,,,,,,,,1,,,,,,,,,,,,,,,,,,,,,,,,,,,,,,1,,,,,,,,,,,,,,,,,,,1,1,,,,1,1,1,1,1,,,,,,,,,,,,,,,1,,,,1,1,,,,1,,,1,,,1,,,,,,,1,,,,,,,1,1,,,,1,,,1,1,,,,,,1,1,,,,,,1,,,,,1,1,1,1,1,,,,,,,,,1,,,,1,,,,,,1,,,1,,,,1,1,,,,,1,,1,,,,,1,1,,1,1,1,,,1,,1,,,,,,,,1,,,,,,,1,,,,,,,,1,,,,,,,,,,,,,,,,,,,,,s,n,s,s,s,n,n,n,n,,,,,,1,,,1,,,,1,,,,,,,,,,,,,,,,,,,,,,,,,,,,,,,,,,,,,,,,,,,,,,,,,,,,,,,,,,o,,,2,,,,1,,,,1,1,,1,1,,1,,1,,1,1,1,1,,,1,,,1,,,,,,,,12717,M,177,1,12717,1,2,W,White,16,190,31,1,35
12724,M,english_ws,totlot3,totlot3_25m_1_2.pdf,2014-03-27,25,,Mother,,1,1,1,1,1,1,1,1,1,1,1,1,,1,,1,1,1,1,1,,1,,1,,1,1,1,,,1,,,,1,1,,,1,1,1,,,,,,,,,,1,1,,1,,1,,1,,1,,,,,1,,1,,1,1,1,1,1,1,,,,1,1,1,1,,,,,,1,1,,1,,1,,,,1,,1,,1,,,,,,1,,1,1,,1,,1,,,,1,1,,,1,,,,1,,,,1,,,1,,,,,,,,1,,,,,,,1,,,1,,,,1,1,,,,1,1,1,1,,,1,1,,,,1,,,1,1,,,,,1,,,,1,,1,,1,1,1,1,1,1,1,1,,1,,1,1,,1,1,1,,,1,1,1,1,,,1,,1,,,1,,,,,,1,,1,,,,,,1,,,,,,1,1,,1,1,,1,,,,,,1,1,,,,1,,,,,,1,,1,,1,,,1,,,,1,,,,,,,1,,,1,,,1,1,,,,1,,,,1,,1,,1,,,,,,1,1,1,,,,1,,1,,1,,,1,,,1,1,,1,1,1,1,,1,,,,,,1,1,1,1,1,,,,1,1,,1,,1,1,1,,,1,,,,,1,,,,1,,,,,,1,,1,,,1,,1,,1,1,,1,1,,,,,1,1,,1,1,1,,1,1,,,,,1,,,1,1,1,,1,,,1,,,,1,,,,1,,,,,,1,,,,,1,,,,,,,1,,1,,1,,,1,,1,,,,,1,,,,,1,,,1,,,1,,,,,1,,,,,,1,,,,,1,,1,,,,,,1,,,,,1,,,,,,,,,,1,,,,,,,1,,,1,,1,,,,1,,,1,,1,,,,,,,1,,1,,1,,,,1,,1,,,1,,,,1,,,,1,,1,,,1,,,,1,1,,,,,,1,,,,1,,,1,,,,1,,,,1,,1,,,,,1,1,1,,1,,,,1,1,,,,1,1,,1,,,,,1,,1,,1,1,,,,1,,1,,,,1,,1,,,,,1,1,,1,,,1,,1,1,1,,,,,,,,1,1,1,,,,1,1,1,,,1,,,1,1,,1,,,,1,,,,1,1,,,,,,,,,,n,s,o,o,o,o,o,n,n,,1,,,1,1,,,,1,,,1,,1,,,,,,,1,1,,,,,,1,1,,,,,1,,1,1,1,,,,,,,,,,1,,,1,,,,,,,,,,,,,1,,,1,,,o,1,1,2,1,1,1,2,1,2,1,1,1,1,2,1,1,1,1,1,2,1,2,1,1,1,1,1,1,1,1,1,1,1,1,1,1,,12724,M,257,6,12724,0,2,W/B,Non-White,18,258,44,6,60
12737,F,english_ws,totlot3,totlot3_25m_1_2.pdf,2019-07-17,25,,Mother,,1,1,1,1,1,1,1,1,1,1,1,1,1,1,1,1,1,1,1,1,1,1,1,1,1,1,1,1,1,1,1,1,1,1,1,1,1,1,1,1,1,1,1,1,1,1,1,1,1,1,1,,1,1,1,1,1,1,1,1,1,1,1,,1,1,1,1,1,1,1,1,1,1,1,1,1,1,1,,,,1,1,1,1,1,1,1,1,1,1,1,1,1,1,1,1,1,1,1,1,,1,1,1,1,1,1,1,1,1,1,1,,1,,1,1,1,1,,1,1,1,1,1,1,1,1,1,1,1,1,,,1,1,,,,1,,1,1,,1,1,1,1,,,,1,1,1,1,1,1,1,1,1,1,1,1,1,1,1,1,1,1,1,1,1,1,1,1,1,1,1,1,1,1,,1,1,1,1,1,1,1,1,1,1,1,1,1,1,1,,1,1,1,,1,1,1,1,1,1,1,1,1,1,1,1,1,1,1,1,1,1,1,1,1,1,1,1,1,1,1,1,1,1,1,,1,1,1,1,,1,1,1,1,1,,1,1,1,1,1,1,1,1,1,,1,,1,,1,1,1,1,1,1,1,1,1,1,1,1,1,1,1,1,1,,,1,1,1,1,1,1,1,1,1,1,1,1,1,1,1,1,1,1,1,1,1,1,1,1,1,1,1,1,1,1,1,1,1,1,1,1,1,1,1,1,1,1,1,1,1,,1,1,1,1,1,1,1,1,,1,1,1,1,1,,1,1,1,1,1,1,1,1,1,1,1,1,,,1,1,1,1,1,1,1,1,,1,1,1,1,1,1,1,,,,1,1,1,1,1,1,1,1,1,1,1,1,1,1,1,1,1,1,1,1,1,1,1,1,1,1,1,1,,1,1,1,1,1,1,1,1,1,1,1,1,1,1,1,1,1,1,1,1,1,1,1,1,1,1,1,1,1,1,1,1,1,1,1,1,1,1,1,1,1,1,1,1,1,1,1,1,1,1,1,1,1,1,1,1,1,1,1,1,1,1,1,1,1,1,1,1,1,1,1,,1,1,1,1,1,1,1,1,1,1,1,1,1,1,1,1,1,1,1,1,1,1,1,1,1,1,1,1,1,1,1,1,1,1,1,1,1,1,1,1,1,1,1,1,1,1,1,,1,1,1,1,1,1,1,1,1,1,1,1,,1,1,1,1,1,1,1,1,,1,,1,1,1,1,1,1,1,1,1,1,1,1,1,1,1,1,1,1,1,1,1,1,1,1,1,1,,1,1,1,1,1,1,1,1,1,1,1,1,1,1,,,1,1,1,1,1,1,1,1,1,,1,,,,1,1,1,,1,1,1,1,1,1,1,1,1,1,1,1,1,1,1,1,1,1,1,1,1,1,1,1,1,1,1,1,1,1,,,1,1,1,1,1,1,1,1,1,,1,1,1,1,1,1,1,,1,1,1,1,1,1,1,1,1,1,1,1,1,1,1,,1,1,1,1,1,1,o,o,o,o,o,o,o,o,s,1,1,1,,1,1,,,1,,1,,1,,1,1,1,,1,1,1,1,1,,1,,1,,1,1,1,1,,,,,1,,,,,,,,,,,,,,,,,,,,,,,,,,,,,,,1,1,,o,2,2,2,2,2,1,2,2,2,2,2,2,2,2,2,1,2,2,2,2,2,2,2,2,2,2,1,2,2,2,2,2,2,1,2,2,2,12737,F,622,33,12737,0,1,W,White,18,619,94,32,92
12840,F,english_ws,totlot3,totlot3_25m_1_2.pdf,2014-08-05,24,,Mother,,1,1,1,1,1,1,1,,1,1,1,1,,,,,1,1,1,1,1,1,1,1,,1,,1,,1,1,,,,,1,,,,,,1,,1,,1,,,1,,,1,1,,,,1,1,,1,,,,,,,,,,1,1,,1,1,1,,,1,,,,,,,,1,,1,,1,,,,,,,,,1,1,,,,1,,,,,1,,1,,,,,,,1,,,1,,,,,,,,,,,,,,,,,,,,,,,,,,,,,1,,,,1,,,,,1,,,1,,,1,1,,,,1,1,,1,1,,,,,1,,,,,,1,1,,,1,1,1,,,,,,1,1,,,,1,1,,,1,1,,,,,,,,,,1,,,,,,1,,1,,,,,,1,1,1,1,,,,,,,,,1,,,,,,1,1,,1,1,1,1,1,,,,,,,1,1,,,1,,,,,,,,,1,,,,,1,,,1,,,,,,1,,,,,,,1,,,,,,1,1,,,,,,,,1,,,,1,,,,1,1,1,1,,,,,,,,,,1,1,,,1,,,,,1,,,,1,,1,,,,,,,,1,,,,,1,1,,,,1,,1,,,1,,,,,1,,1,1,,,1,,1,,,1,1,1,,1,,1,,,,,,,,1,,,,,,,1,,,1,,,,1,,1,,1,,,,,,,1,1,,,,,,,,,,,,1,,1,,,,,1,1,,,1,,,,,1,,,1,,1,,,,1,1,,1,,1,,,,,1,,1,,,,,,,1,,,,1,,,,,,,,,,,1,,,,,,1,1,,,,1,,,,,,,,1,,1,,,,,,,,1,,1,,,,1,1,,,,,1,,,,,,,1,,,,,1,,,1,1,1,,1,,,1,1,,,,1,,,,,,1,1,,,,,,,,,,,1,,1,1,1,,,,1,,,,,1,,,,,,,,1,,,,,1,,,,,,,,,,1,,1,,,,,,,,,,,,,1,,,,,,,,,,,,,,,,,,,,,,,,,1,,1,,,,,1,1,,,,,,,1,,,,,,s,s,n,o,o,s,o,n,n,,1,,,1,1,,,,,,,,,,,,,,,,,,,,,,,,,,,,,,,,,,,,,,,,,,,,,,,,,,,,,,,,,,,,,,,,,s,1,,2,1,1,1,1,2,2,1,1,1,1,1,1,1,1,1,1,1,1,1,1,1,1,1,1,1,1,1,1,1,1,1,1,1,1,12840,F,186,3,12840,0,1,A/W,Non-White,16,191,26,3,45
12959,F,english_ws,totlot3,totlot3_25m_1_2.pdf,2014-09-29,27,,Mother,,1,1,1,1,1,1,1,1,1,1,1,1,1,1,1,1,1,1,1,1,1,1,1,1,1,1,1,1,1,1,1,1,1,1,1,1,1,1,1,1,1,1,1,1,1,1,1,1,1,1,1,1,1,1,1,1,1,1,1,1,1,1,1,,1,1,1,1,1,1,1,1,1,1,1,1,1,1,1,,1,,,1,1,1,1,1,,1,1,1,1,1,,1,,,1,1,1,1,1,1,1,1,,,1,1,1,1,1,1,,,1,1,,,,,1,1,1,,,,,,,1,1,1,1,1,1,1,1,1,1,1,1,1,1,1,1,,,,1,1,1,1,1,1,1,1,1,1,1,1,1,1,1,1,1,1,1,1,1,1,1,1,1,1,1,1,1,1,1,1,1,1,1,1,1,1,1,1,1,1,1,1,1,1,1,1,1,1,1,1,1,1,1,1,1,1,1,1,1,1,1,1,1,1,1,1,1,1,1,1,1,1,1,1,1,1,1,1,1,1,1,1,1,1,1,1,1,1,1,1,1,1,1,1,1,1,1,1,1,1,1,1,1,1,1,1,1,1,1,1,1,1,1,1,1,1,1,1,1,1,1,1,1,1,1,1,1,1,1,1,1,1,1,1,1,1,1,1,1,1,1,1,1,1,1,1,1,1,1,,1,1,1,1,1,1,1,,,1,1,1,1,1,1,1,1,1,1,1,1,1,1,1,,,,,1,1,1,1,,1,1,1,1,1,1,1,1,1,1,1,1,1,1,1,1,1,1,1,1,1,1,1,1,1,1,1,1,1,1,1,1,1,1,1,1,1,1,1,1,1,1,1,1,1,1,1,1,1,1,1,1,1,1,1,1,1,1,1,1,1,1,1,1,1,1,1,1,1,1,1,1,1,1,1,1,1,1,1,1,1,1,1,1,1,1,1,1,1,1,1,1,1,1,1,1,1,1,1,1,1,1,1,1,1,1,1,1,1,1,1,1,1,1,1,1,1,1,1,1,1,1,1,1,1,1,1,1,1,1,1,1,1,1,1,1,1,1,1,1,1,1,1,1,1,1,1,1,1,1,1,1,1,1,1,1,1,1,1,1,1,1,1,1,1,1,1,1,1,1,1,1,1,1,1,1,1,1,1,1,1,1,1,1,1,1,1,1,1,1,1,1,1,1,1,1,1,1,1,1,1,1,1,1,1,1,1,1,1,1,1,1,1,1,1,1,1,1,1,1,1,1,1,1,1,1,1,1,1,1,1,1,,,1,1,1,,,1,1,,1,1,1,,,,1,1,1,1,1,,1,1,,,1,1,,,,,,1,1,,1,1,1,1,,1,1,,1,1,1,,1,1,1,1,1,1,1,1,1,,,1,1,,,,1,1,,,1,1,1,1,,1,1,,1,1,1,1,1,,1,,,,1,1,,,,,1,1,1,1,1,,1,1,1,1,1,,,,,1,1,1,1,1,1,o,o,o,o,o,o,s,o,s,,1,1,1,1,1,,,1,,,,1,,1,,,,1,,,1,,,1,,,,1,,,,1,,1,,,,,,,,,,,,,,,,,,,,,,,,,,,,,,,,,,1,,o,2,,2,2,2,2,2,,1,1,1,1,2,2,2,2,2,1,2,2,2,2,1,2,2,2,1,1,1,2,2,2,2,1,1,1,1,12959,F,605,22,12959,0,1,W,White,16,603,85,21,55
13044,F,english_ws,totlot3,totlot3_25m_1_2.pdf,2015-03-09,24,,Mother,,1,1,1,1,1,1,1,1,1,1,1,1,1,1,,1,1,1,,1,1,1,1,1,,1,1,1,1,1,1,1,,,1,1,1,1,1,,1,1,1,1,1,1,1,1,1,1,1,1,1,1,1,1,1,1,1,1,1,1,1,,1,1,1,1,1,1,1,1,1,1,1,,1,1,,,,,,1,1,1,1,1,,1,1,1,1,1,1,1,1,,1,1,1,,,1,1,1,1,1,1,1,1,1,1,1,,,1,1,,1,1,1,,,1,,1,1,1,1,1,1,,1,1,1,1,1,,,1,,,1,1,,1,1,1,1,,,1,1,1,,,1,1,1,1,1,1,1,1,1,,,1,1,1,,1,1,1,1,1,,1,1,1,1,1,,1,1,1,1,1,1,1,1,1,1,1,1,1,1,1,1,1,1,1,1,,1,1,1,1,1,1,1,1,1,1,1,1,1,1,1,1,1,1,,1,1,,1,,,1,,,1,1,,,,1,1,,1,1,1,1,1,,1,1,1,,1,1,1,1,1,,1,,1,,1,1,1,1,1,1,1,1,1,1,1,1,1,1,1,1,1,,,1,1,,1,1,1,1,,1,1,1,1,1,1,1,1,1,,1,,,1,1,,1,1,,,,1,1,1,,1,,1,1,,1,1,1,1,1,,1,,1,,,,1,1,1,1,1,1,1,1,,1,1,1,,1,1,,1,1,,,1,1,,,,1,1,,,1,1,1,,,,1,,1,,,1,,1,1,1,1,1,1,1,1,1,1,1,1,1,1,1,1,1,,1,1,1,1,1,,1,1,1,1,1,1,1,1,1,1,,,1,1,1,1,1,1,1,,1,,1,1,1,,1,1,1,1,1,1,1,,1,1,1,1,1,,1,1,1,1,1,1,1,1,1,1,1,1,1,1,1,1,1,1,1,1,1,1,,,1,1,1,1,1,,1,1,1,1,1,1,1,1,,1,1,1,1,1,1,1,1,1,1,1,1,1,1,1,1,1,1,1,1,1,1,1,1,1,,,,1,1,1,1,1,1,,,1,,,1,1,,1,1,1,1,1,,,,1,,,1,,1,,1,1,1,,1,,1,,,,,,,,,,1,,1,,,1,1,,,1,1,,1,1,,,,1,,,,,,,,,,,,,,,,,,,,1,1,1,,,,1,,,,,1,,,,1,,,,,,,,,,,,,,1,,,,,1,,1,1,,,,1,1,,1,,1,,,1,,,,,,,,,,1,,1,,,,,,1,,,,,,1,1,,1,,,,,,,,1,,,,,,,,,,,s,n,o,o,o,o,o,s,n,,1,,,1,,,,,,,,1,,,,,,,,,,,,,,,,,,,,,,,,,,,,,,,,,,,,,,,,,,,,,,,,,,,,,,,,,,o,2,2,2,2,1,1,2,2,2,2,1,1,1,2,2,1,1,2,1,2,1,1,1,2,1,1,1,1,1,1,1,1,2,1,1,1,1,13044,F,450,14,13044,0,2,W,White,16,450,71,14,74
13061,F,english_ws,totlot3,totlot3_25m_1_2.pdf,2014-03-05,24,,Mother,,1,1,1,1,1,1,1,1,,1,1,,1,1,1,1,1,1,1,,,1,,1,,1,,1,1,1,1,1,,,1,1,,1,1,,1,1,,1,,,,,1,,1,1,1,1,,,,1,1,,,,,,1,,1,,1,1,1,,1,1,1,1,,1,,,1,,1,,1,,1,1,,1,1,1,1,1,1,1,1,,1,1,1,,,1,1,1,,,1,1,1,1,1,,,,1,1,,,1,,,,1,1,,,1,,,,1,1,,1,,1,1,,,,1,,,,1,,1,1,,,1,1,1,1,,,,1,1,1,,,,,1,,,1,1,,1,1,,,,,1,,,,,,1,1,,1,1,1,1,1,1,,1,1,1,,1,1,1,1,,,,1,1,1,1,1,,1,,,,1,1,1,1,,1,,1,,1,,1,,,,1,,,1,1,1,,,,,1,,1,,1,,,,1,1,,1,,1,1,,,1,,,,1,,1,1,,1,,,,1,,,,,1,,,,,1,1,1,,,,,,,1,1,,,,,,1,,1,,,,1,1,1,1,,1,,,1,1,1,,,,1,,1,1,1,1,1,1,1,,,,,,,,1,1,1,1,1,,1,1,1,1,,1,,,,1,,,1,,1,,,1,1,,1,1,1,1,,,,1,,,,,1,,,,1,1,,1,,,1,,,1,1,,1,,1,,,1,1,,,,1,,,,1,1,1,,1,,,,1,,,1,1,1,1,,,1,,1,1,,,1,,1,1,,,1,1,1,1,1,1,,1,,1,,1,1,1,,,,,,,1,,1,1,,1,1,,1,,,,1,1,1,1,,,,,1,1,,,,,1,1,,,1,,1,1,,1,1,,,,,,,1,1,1,,,1,,,,1,,1,,,,,1,1,1,1,1,,,1,,,1,1,1,,,,,1,,1,,1,1,1,1,,,,,,,,,,,,,1,,,,1,1,,1,,,,,,1,,1,1,1,,1,,,,,,,,1,,,,,,,1,,,1,1,1,1,1,1,,,,1,,,,1,1,,,1,1,,,,1,,,,,,,,,,,,,,,,,1,,,,,1,1,,,,1,,,,,,,,,,,,,1,,,1,,,,1,,1,,,,,,,,1,,,,,1,,,,,,,,,,,,,,o,o,o,o,o,s,s,s,n,,1,,,1,,,,,,,,,,,,,,,,,,,,,,,,,,,,,,,,,,,,,,,,,,,,,,,,,,,,,,,,,,,,,,,,,,s,1,1,1,1,1,1,2,2,1,1,1,1,1,1,1,1,1,1,1,1,1,1,1,1,1,1,1,1,1,1,1,1,1,1,1,1,1,13061,F,303,2,13061,0,1,A/W,Non-White,16,305,44,3,45
13073,M,english_ws,totlot3,totlot3_25m_1_2.pdf,2015-01-29,24,,NA,,1,1,1,1,1,1,1,1,1,1,1,1,,,1,1,1,1,1,,,1,,1,1,1,,1,,,1,1,,,,,,1,1,,,1,1,1,1,,,,,1,,,,,,1,,1,1,1,1,,,,,,1,,1,1,1,1,,1,1,,,,,,,,,,,,,1,,1,,1,1,1,,,,,1,,,1,,1,1,1,,,1,1,,,1,,,,1,,,,,,,,1,,,1,1,,1,1,,1,1,,,,,,,,,,,,,,,,,,,,,1,,,1,,,1,,,1,,,,,,1,,,,,,,,,,,,,,,,,,,1,1,,,,1,,,,,,,1,1,,,,,,,,,,,,,,,,,,1,,1,,,,,,,,,,,1,,,,,,,,,,,,,,,,,,,,,,,,,,,,,,,,,1,,,,1,,,,,,,,,,1,,,,,,,,,,,,,,,,,,,,,,1,1,,,,,,,,,,,,1,,,,,,1,1,,,,,,,,,,1,,,,1,,,,,,,1,,,1,1,,1,,1,,,,1,1,,,,1,1,,,,1,,,1,,,,,,,,,1,,1,,1,1,1,1,,1,,1,,1,1,1,,,1,1,,,,,,,,,,,,1,,,,,,,,,,,,,,,,,,,,,,,,,,1,,,,1,,,,1,,1,1,1,,,,,,,1,1,,,,,,,,,,,,1,,,,,,,,,,,,,,,,,,,,,,,,,,,,,,1,,,,,,,1,,,,,1,,1,,,,,1,,,,,,,,,,,1,1,1,,,,1,,,,,,,,,,,,,1,,,,1,,,,,,,,,,,,,,,1,,,,,,1,1,,,,,,,,,,,,,,1,1,1,,,,,,,,,,,,,1,,,,1,,,,,1,,,,,,,,,,1,,,,,,,,,,,,,,,,,,,,,,,,,1,,,,,,,,,,,,,,,,,,,,,,,,,,,,,,,,,,,,o,o,o,o,o,n,n,n,n,,,,,,,,,,,,,,,,,,,,,,,,,,,,,,,,,,,,,,,,,,,,,,,,,,,,,,,,,,,,,,,,,,,,,,,o,1,1,1,1,1,1,1,2,1,1,1,1,1,1,1,1,1,1,1,1,1,1,1,1,,,,,,,1,,,,,,,13073,M,143,1,13073,0,2,A,Non-White,16,161,32,1,45
13081,F,english_ws,totlot3,totlot3_25m_1_2.pdf,2015-02-18,25,,Mother,,1,1,1,1,1,1,1,1,1,1,1,1,1,1,,1,1,1,1,1,1,1,1,1,,1,1,1,1,1,1,1,,,1,1,1,1,1,,1,1,1,1,,,1,1,1,1,1,1,1,,1,1,1,1,1,1,1,1,,,1,1,1,1,1,1,1,,1,1,1,,1,1,1,,1,1,1,1,1,1,1,1,1,1,1,1,,1,1,1,1,1,1,1,1,1,,1,1,1,,1,1,1,1,1,1,1,,,,1,1,,1,1,1,1,1,1,1,,1,1,,1,1,1,1,1,,,1,,1,1,,,,,1,1,1,1,,1,,,1,1,,1,1,1,1,1,1,,1,1,1,,1,1,1,,1,1,1,,1,,1,1,1,1,1,,1,1,1,1,1,1,1,1,1,1,1,1,1,1,1,1,1,1,1,,1,1,1,1,1,,1,1,1,1,1,1,1,1,,,1,1,1,1,1,1,1,1,,,1,,1,1,1,1,,,1,1,,1,1,1,1,1,,,1,1,,1,1,1,1,1,,,,,,1,1,1,1,,1,1,1,1,1,1,1,1,1,1,1,,,,1,1,,1,1,1,1,1,,1,1,1,1,1,1,,1,1,1,,,,1,1,1,1,1,1,1,1,1,1,,1,,1,,1,,1,1,1,1,1,1,1,,,,,1,1,1,1,,1,1,1,1,1,1,1,,1,1,,1,1,,,1,,1,,,1,1,,1,1,1,1,1,,1,1,,1,1,1,1,,1,1,1,1,1,1,1,1,1,1,1,1,1,1,1,1,1,1,1,1,1,1,1,1,1,1,1,1,1,1,,1,1,,,1,1,1,1,1,1,1,1,,1,,1,1,1,,1,,,1,1,,,1,,,,1,1,,1,1,1,1,1,1,1,,1,1,1,,,,1,1,1,,1,1,1,1,,1,1,1,,1,1,,1,1,1,,1,,1,1,,1,1,1,1,1,1,,,1,1,1,1,1,,,,1,1,1,1,1,1,1,,1,1,1,1,1,1,1,1,,1,1,1,1,1,1,1,1,1,,1,1,1,1,,1,1,1,1,1,1,1,1,1,1,1,1,1,1,1,1,,1,1,1,1,1,1,,1,,1,1,1,1,1,,1,1,1,1,,1,1,1,1,1,1,1,,1,1,1,1,1,,1,1,,1,,,1,,1,1,,1,1,1,,1,1,,,,,1,,,,1,,1,,1,1,,1,1,1,1,,1,,,,1,1,1,,,,1,1,,1,,,,1,,1,1,,1,,,1,1,1,,,,,1,1,,,,,1,1,,,1,1,,1,,1,1,,1,,1,1,,1,1,,1,,,,,1,1,,,,,s,o,o,o,o,o,o,o,s,,1,1,1,1,,,,,1,,,,,,,,,,,,,,,,,,,,,,,,,,,,,,,,,,,,,1,,,1,1,,,,,1,,,,,,,,,,,,,,1,,2,2,2,2,2,1,2,2,2,2,2,2,2,2,2,2,1,1,2,2,2,2,2,2,1,2,1,1,1,1,2,2,2,2,2,2,2,13081,F,497,29,13081,0,2,A/W,Non-White,18,496,72,28,85
13094,M,english_ws,totlot3,totlot3_25m_1_2.pdf,2015-03-08,24,,Mother,,,,,1,,,1,,1,1,,1,,,,1,,1,,1,1,1,,1,,1,,,,,,1,,,1,,,1,,,,,1,,,,,,,1,,,,,,1,1,1,1,1,1,1,1,,1,,1,,1,1,1,1,1,1,1,,,1,,,,,,,,,1,1,,1,,,,1,1,1,1,1,,1,1,,,,1,,1,1,1,,,1,1,,,,1,1,,,1,,1,,1,,,,1,1,,,,1,1,,,,,,,,,,,,1,,1,,,,,,1,,,,,,,1,,,,1,,,,1,1,,1,1,1,,,,1,,,,,,1,,1,,,1,1,,1,,1,1,1,,,,1,1,1,,,,1,,1,,,,1,,1,,1,,,,,,1,,1,1,,,,,1,1,,,,,1,1,1,1,,,,,,,,,,1,,,,1,,,,,,,,1,,1,1,,,,,,,,,,,1,,1,,,,,,,1,,,,,1,1,,,,,,,,,,,,,,,1,,,,1,,,,,,,,,,1,1,1,1,,,,,,,,,,1,1,,1,1,,,1,1,1,,1,,,1,,,,,1,,,,1,,,,,1,,,,,1,,,,,1,,1,,,,1,1,,,1,1,1,,1,,1,1,1,,,1,,,,,1,,,,1,,,,,,,,,,,,1,,,,,,1,,1,,,,,,,,,,,,,1,,,1,,1,1,1,1,1,,,,1,,,,,,1,,,,,1,,,,,,,,,1,,,,,,,,,1,,,,,,,,,,,,,,,,,,,1,,1,,,,1,,,,,,1,,,,,1,,1,,,,,1,,,,,,,,,,,,,,,1,,,,,,,,,1,,,1,,,,,1,,,,,,,,,,,,,,,1,,,1,,1,,,,,,,,,,,,,,,,,,,,,,,,,,,,,,,,,,,,,,,,,,,,,,,,,1,,1,,,,,1,1,,1,,1,,,,,,,,,,,,,,,,,,,,,,,,,,,,,,,,,,,,,,,,,,,,,,,,,n,s,o,s,s,s,n,n,n,,,,,1,,,,1,,,,,,,,,,,,,,,,,,,,,,,,,,,,,,,,,,,,,,,,,,,,,,,,,,,,,,,,,,,,,,s,1,1,1,,1,1,1,1,1,1,1,1,1,1,1,1,1,1,1,1,1,1,1,1,1,1,1,1,1,1,1,1,1,1,1,1,1,13094,M,174,0,13094,1,3,B/W,Non-White,18,174,35,0,35
13096,M,english_ws,totlot3,totlot3_25m_1_2.pdf,2015-02-02,24,,Mother,,,,,1,,,1,,1,,,1,,,,,,,,,,,,,,1,,,,1,,,,,,,,,,,,,,,,,,,,,,,,,,,,,,,,,,,,,1,,1,1,,,,1,,,,,,,,,,,,,,,,1,,,,,,,,,,,,,,,,,,,,,,,,,,,,,,,,,,,1,,,,,,,,,1,,,,,,,,,,,,,,,,,,,,,,,,,,,,,,,,,,,,,,,,1,,,,,,,,,,,,,,,,,1,,,,,,,,,,,,,,,,,,,,,,,,,,,,,,,,,,,,,,,,,,,,,,,,,,,,,,,,,,,,,,,,,,,,,,,,,,,,,,,,,,,,,,,,,,,,,,,,,,,,,,,,,,,,,,,,,,,,,,,,,,,,,,,,,,,,,,,,,,,,,,,,,,,,,,,,,,,,,,,,,,,,,1,,,,,,1,,,,,,,,,,,,,,,,1,,,,,,1,1,,,1,1,,,1,,,,,1,,,1,,,,,,,,,,,,,,,,,,,,,,,,,,,,,,,,,,,,,,,1,,,,,,,,,,,,,,,,,,,,,,,,,,,,,,,,,,,,,,,,,,,,,,,,,,,,,,,,,,,,,,,,,,,,,,,,,,,,,,,,,,,,,,,,,,,,,,1,,,,,,,,,,,,,,,,,,,,,,,,,,,,,,,,,,,,,,,,,,,,,,,,,,,,,,1,,,,,,,,,,,,,,,,,,,,,,,,,,,,,,,,,,,,,,,,,,,,,,,,,,,,,,,,,,1,,,,,,,,,,,,,,,,,,,,,,,,,,,,,,,,,,,,n,n,n,o,n,n,n,n,n,,,,,,,,,,,,,,,,,,,,,,,,,,,,,,,,,,,,,,,,,,,,,,,,,,,,,,,,,,,,,,,,,,,,,,,n,,,,,,,,,,,,,,,,,,,,,,,,,,,,,,,,,,,,,,13096,M,29,0,13096,0,1,W,White,12,29,0,0,35
13128,F,english_ws,totlot3,totlot3_25m_1_2.pdf,2015-01-14,24,,Mother,,1,1,,1,1,1,1,1,1,1,1,1,,1,,1,,1,,1,,1,1,1,1,1,,1,1,1,1,,,,1,1,,1,1,,,,,1,1,,,1,,1,,,1,,,1,1,,1,1,,,,,1,,1,,1,1,1,,1,1,1,,1,1,,,1,,,,,,,1,,1,,1,,,,1,,,1,1,1,1,,1,,1,,1,1,1,1,,1,,,,1,1,,,1,,,,1,,,,1,,,,,1,,,,,,,,,,,,,,1,1,,,,,1,1,,,1,1,,1,1,,,1,1,,,,1,1,,1,1,,,,,1,,,,1,1,1,1,1,1,1,1,1,1,1,1,1,1,1,1,1,,1,1,1,,,1,1,1,1,1,1,1,1,,1,1,1,,,,,,1,,1,1,,1,,,1,1,,,1,,,,1,1,,,1,,,,,,,1,,1,,1,,,,,,1,,1,,1,1,,1,,,1,,,,,,,,,,,1,,,,1,,,,,,,,,,1,,1,,1,,,,1,,,1,,,,,1,1,1,,,,,,,1,,1,1,,,,,,,,,,1,1,,1,1,,,,,,,1,,,,1,,,1,,,,1,,,1,,1,1,,,,,1,,1,,,1,,,,1,1,1,1,,1,1,,1,1,1,1,1,1,1,,1,1,1,,1,,1,,,1,1,,,,,,,1,,,,,,,,,,,1,,,,,,,,,,,,,,1,,1,,,,,,,,1,,,,1,,,,,,1,,1,,,,,,,,,,,,,,,,,,,1,,1,,,,,,,1,,,,,,,,,,,,1,,1,1,,1,,,,1,,,,1,,,,,,,,,,,1,,,,,,,1,1,,,,1,,1,1,1,,,,,,,,,,,,,,,,,,,1,,,,,,,,,,,,1,,,,,1,1,,,,,,,,,,,,,,,1,1,,,,,,,,,,,,,,,,,,,,,,,,,,,,,,,,1,,,,,,,1,1,,1,,,,,1,,,,,,,,,,1,,,,,,,,,,,,,,,,,,,,,,,,,,,,,,,,,,,,s,n,s,o,o,s,s,n,n,,1,,,,,,,,,,,,,,,,,,,,,,,,,,,,,,,,,,,,,,,,,,,,,,,,,,,,,,,,,,,,,,,,,,,,,o,1,1,1,1,1,1,1,1,1,1,1,1,1,1,1,1,1,1,1,1,1,1,1,1,1,1,1,1,1,1,1,1,1,1,1,1,,13128,F,217,0,13128,0,1,W,White,18,217,30,0,20
13131,M,english_ws,totlot3,totlot3_25m_1_2.pdf,2015-04-06,24,,Mother,,,1,,1,1,1,1,1,1,1,1,1,,,,,1,1,1,1,,1,1,1,,1,,1,1,1,,1,,,1,1,,,1,1,1,1,,1,,1,,1,1,,,,,,,1,1,1,1,1,1,,,,,,1,,1,1,1,,1,1,1,,1,,,,,,,1,,1,1,1,,1,,1,,,,,,1,1,1,,,,1,1,1,1,1,1,1,1,,1,,1,,,1,,,1,1,,,1,1,1,,1,1,,,1,1,1,1,,1,1,,,1,,,,,1,1,1,,,,1,1,1,,,,1,1,1,1,,,1,1,,1,,1,1,,1,1,,,,,1,,,,,,1,,1,,,1,1,,1,1,1,1,1,,1,,1,1,1,1,,1,,,1,,,1,1,1,1,1,,1,,,,,1,,1,1,1,1,,,1,1,,1,1,,,,,,,1,1,1,1,,,,,1,,1,1,1,1,1,,1,,,,,1,1,,,,,1,,1,,,,,1,,,,,1,,,,,,,,,,,,,,,,1,,,,,,1,,1,,,,1,,1,1,1,1,,,1,,,,1,1,1,1,,,,,,,,,1,,,1,1,,,,,1,,,,,,1,,,1,1,,,,1,,1,1,,1,1,,,1,1,,1,,,,,,,,1,1,1,,1,1,1,1,1,1,,1,1,1,,1,1,1,,1,1,1,,,1,1,,,,,,,,1,,,1,,1,1,,1,1,,1,1,1,1,,,,,,,,,1,,,1,,,1,1,1,1,1,1,1,1,1,1,,1,,,1,1,,1,,,1,,,,1,,,1,,1,,1,1,,,,,,,1,,,,,,1,1,1,1,,,,,,,1,1,,,1,1,,1,,,1,1,1,1,1,,1,,1,1,,,1,,,,,,,1,,,,,,,,,,,1,,,,,,,,,,1,,,,,,,,,,,,,,1,,,,,,,,,1,,,,,,1,,,,,,,,,,,,,,,1,,,,,,,,,,,,,,,,,,,,,,,,,,,,,,,,,1,,,,,,,,1,,,,,,,1,,,,,,,,,,1,,,,,,,,,,,,,,,,,1,,,,,,,,,,,,,,,,,,,o,s,o,o,o,s,o,s,n,,,,,1,,,,,,,,1,,,,,,,,,,,,,,,,,,,,,,,,1,,,,,,,,,,,,,,,,,,,,,,,,,,,,,,,,,,s,2,2,1,1,1,1,2,2,1,1,1,1,1,1,1,1,1,1,1,1,1,1,1,1,1,1,1,1,1,1,1,1,1,1,1,1,,13131,M,257,4,13131,0,2,W,White,14,262,52,4,65
13142,F,english_ws,totlot3,totlot3_25m_1_2.pdf,2015-03-12,23,,Mother,,1,1,,1,1,1,1,1,1,1,1,,,1,,1,1,1,1,1,1,1,1,1,,1,,1,,1,1,1,,,1,1,,,1,,1,1,,1,,1,,1,,1,,1,,1,,1,1,1,1,1,,,,,1,1,1,,1,1,1,,1,1,1,,,1,1,1,,1,1,,1,1,1,1,,1,1,1,1,1,1,1,1,1,1,1,,1,,1,1,1,,,1,,1,,1,,1,,1,1,,1,,,1,,1,,1,,,,1,1,,1,1,1,,1,,,,1,,,1,,1,1,1,,,,,1,,1,,1,1,1,,1,1,,1,1,,,,1,1,,1,1,,,,,1,,1,1,1,,1,1,1,1,,1,1,1,1,1,1,1,1,1,1,,1,1,1,,,1,1,1,1,1,,1,1,1,1,,1,,,,1,,1,,1,,,,,,1,,,1,,1,,,,1,,1,1,,1,1,,,1,1,1,,1,1,,1,,,,,,,1,1,,,1,,,1,1,,,,,,,,,,1,,,1,1,1,,1,,1,1,,1,,,,1,,,,,,1,,1,1,,,,,,1,1,,,1,,,,1,1,1,,1,1,,,,,,1,,1,1,1,1,1,1,1,,1,1,,1,1,,1,1,,1,1,1,,,,1,,,,,1,1,,,,1,,1,1,,1,,,1,1,1,,1,,1,,,1,1,,,1,1,1,,1,1,1,1,1,,1,,1,1,1,1,1,1,1,1,1,,,,1,1,,,1,,1,,,1,,1,,1,,1,1,,1,,1,1,,,1,,1,,1,,1,1,1,,1,,1,,,,,1,,1,1,1,,1,,,,1,,1,1,1,1,,,,1,,,1,,,,,,,,,1,,1,1,1,,,,,,,,1,1,1,1,,1,,1,1,1,,1,,,1,1,1,1,,,1,1,,1,1,1,,,,,,,,1,1,,1,,1,,1,,1,,1,,,1,,,,,,,,1,1,,,1,,1,,1,,1,1,1,1,1,1,,,,,,,,,,,,,,,,,,,1,,1,1,1,,,,,,,1,,1,,,,,,,,1,,,,1,,,,,,1,,,,1,1,,1,1,,,,1,1,,,,1,,,,1,,,,,,,,,1,,,,,,,,,1,,,,,,1,,,,,,,,,1,,,,,,1,,,,,,o,o,o,o,o,s,s,s,n,,1,,,1,1,,,,,,,,,,,,,,,,,,,,,,,,,,,,,,,,,,,,,,,,,,,,,,,,,,,,,,,,,,,,,,,,,o,2,1,2,2,2,1,1,,1,1,1,1,2,1,1,1,1,1,1,1,1,1,1,1,1,1,1,1,2,1,1,1,1,1,1,1,1,13142,F,325,6,13142,1,2,A/W,Non-White,17,323,56,6,70
13151,F,english_ws,totlot3,totlot3_25m_1_2.pdf,2015-03-08,24,,Mother,,1,1,1,1,1,1,1,1,1,1,1,1,1,1,1,1,1,1,1,1,1,1,1,1,,1,,1,1,1,1,1,,,1,1,,1,1,,,,1,1,1,1,,,1,1,1,,1,,1,1,1,1,1,1,1,1,1,,1,,1,1,1,1,1,,1,1,1,,1,1,1,,1,1,1,1,1,1,1,1,,1,1,,,1,1,1,,,,,1,1,,1,,1,,1,1,,1,,1,,,,,1,,,1,,,,,,,1,1,,1,,,,1,1,,,,,1,,,,,,1,,1,,,,1,1,1,,1,1,1,1,1,1,1,1,1,1,,1,1,1,1,,1,1,1,1,,,1,1,1,1,1,,1,1,1,1,1,1,1,1,1,1,1,1,1,1,1,1,1,1,1,,1,1,1,1,1,1,,1,,1,1,,1,,1,,1,1,1,1,1,1,1,1,,,1,,1,1,,1,,,1,1,1,1,1,1,1,1,,,1,1,,1,1,1,1,1,,,,1,,1,1,1,1,,1,,,,1,,,1,1,1,1,1,,,1,1,,,1,1,1,1,,1,1,1,1,1,,1,1,1,1,,,,1,1,1,1,1,1,1,,1,,1,,,1,1,,,1,1,,1,,1,,1,,,,,,1,1,1,1,1,1,,1,,1,,1,1,,1,1,,,1,,1,,1,1,1,1,1,1,1,1,1,1,1,1,,1,1,,1,,,,1,1,1,1,1,1,1,1,1,1,1,1,1,1,1,1,1,1,1,1,1,1,1,1,1,1,1,1,,1,1,1,1,1,,1,1,1,1,1,1,,1,,1,1,1,1,,,,,1,1,1,,,,1,1,1,,1,1,1,1,1,1,1,,1,1,1,1,1,1,1,1,1,1,1,1,1,1,,,1,,1,1,1,,1,1,,1,,1,1,1,,1,1,1,1,1,,,1,,1,1,1,1,1,,1,,1,,,,1,,1,1,,1,,1,1,1,1,,1,1,1,1,1,,1,1,1,1,1,,,,,,,1,1,1,1,,1,,1,1,,,,,,,1,,1,1,,1,,1,1,1,1,1,,1,,1,,,1,,1,,1,,1,1,,,,,,,,,,1,,1,1,,,,,,1,1,,,,,,1,,,,,,,,1,1,,,1,1,,,,,,,1,,,1,1,1,1,1,1,,,,,1,,1,1,1,,,,,,,,1,,,,,,,,1,,,,,,,1,,,,,,,,,,,1,,,,1,1,1,1,,,,,,,,,,,o,o,o,o,o,o,o,s,s,1,1,,,1,1,1,,1,,,1,1,1,,,,1,,,1,,,,1,,,,,,1,,,,,,,,,,,1,,,,,,,,,,,,,1,,,,,1,,,,,,,,,,,o,2,1,2,2,2,1,2,1,2,1,2,1,2,2,1,1,1,1,1,2,1,1,1,1,,1,1,1,1,2,1,2,1,1,1,1,,13151,F,413,12,13151,0,1,W,White,16,413,64,13,73
13191,F,english_ws,totlot3,totlot3_25m_1_2.pdf,2015-03-18,23,,Mother,,1,1,,1,1,1,1,1,1,1,1,1,,1,,1,1,1,1,1,1,1,1,1,1,1,,1,1,1,1,1,,,1,,,1,1,,,1,,1,,,,1,1,,,,1,,1,1,1,1,1,1,,,,,1,,1,,1,1,1,,1,1,1,1,,,1,,,,1,,,1,1,1,,1,,,1,1,1,1,1,,1,1,1,1,,1,,1,,1,1,1,1,,,1,1,,,1,,,1,,,,,,1,,1,,,,,1,1,,,,,,,,1,,,,1,,,,,,,1,1,,,,1,,,1,,,1,1,,,,,1,,1,1,,,,,1,,,,,,1,1,1,,,1,1,,1,1,1,1,,1,1,,1,1,1,1,1,,,,1,1,,1,,,1,1,1,,,,,,,,1,1,,1,,,,1,,,,,,,,1,,,1,,1,1,,1,1,1,,1,1,1,1,1,,,,,,1,1,1,,,1,,1,,,,,,,,,,,,1,,,,1,,,,,1,,,1,1,,,1,,1,,,,1,,,,,1,1,,,1,,,,1,,,1,1,1,1,1,,,,,,,,,,1,,,1,1,,,,1,,,1,,,,1,,1,,,,,,1,,,,,1,1,,,,1,,1,,,1,,,1,,1,1,1,1,1,,,1,1,1,1,1,,1,,1,1,1,1,1,1,1,,1,,1,1,1,,1,,,1,,,1,1,,,,,,1,,1,1,,,1,1,1,1,1,,,,1,1,,1,,,,1,,1,1,1,,1,1,1,,,,,1,,,1,1,,1,,,1,1,,1,1,,1,,1,,,,1,,,1,1,,,,,1,1,1,1,1,1,,,,,1,,1,,,1,1,,1,,1,,1,1,,,,1,1,1,1,1,,1,1,,1,1,1,,1,,,1,1,,1,,1,1,1,1,1,1,,,,,,,,,,,1,,,,1,,,,,,,,,,,,1,1,,1,,,,,,,,,,,,,,,,,,,,,,1,1,,,,,,,,,1,,,,1,,,,,,,,,,,,,,,,,,,1,,1,1,,,,,1,,1,,1,1,,1,,,1,,,,,,,1,,,,1,,,,,,,,,,,1,1,,1,,,,,,,,,,,,1,,,,,,o,o,o,o,o,s,o,s,s,,1,,,1,,,,1,,,,1,,,,,,,,,,,,,,,,,,,,,,,,,,,,,,,,,,,,,,,,,,,,,,,,,,,,,,,,,,o,2,1,1,1,1,1,1,1,1,1,1,1,1,1,1,1,1,1,1,1,1,1,1,1,,1,1,1,1,1,1,1,1,1,1,1,,13191,F,281,1,13191,0,2,W,White,18,281,48,1,40