childcode,Gender,Bi-Ling,tokens,Agedays,Agemonths,1_baa_baa,2_choo_choo,3_cockadoodledoo,4_grr,5_meow,6_moo,7_ouch,8_quack,9_uh_oh,10_vroom,11_woof,12_yum,13_animal,14_bear,15_bee,16_bird,17_bunny_rabbit,18_butterfly,19_cat,20_chicken,21_cow,22_deer,23_dog,24_donkey,25_duck,26_elephant,27_fish,28_frog,29_giraffe,30_goose,31_horse,32_kitten,33_lamb,34_lion,35_monkey,36_mouse,37_owl,38_penguin,39_pig,40_pony,41_puppy,42_sheep,43_spider,44_squirrel,45_tiger,46_turkey,47_turtle,48_aeroplane_plane,49_bicycle_bike,50_boat,51_lorry_truck,52_motor-bike,53_bus,54_car,55_fire_engine,56_pushchair_buggy,57_train,58_ball,59_balloon,60_block_brick,61_book,62_bubble,63_doll,64_pen,65_teddy_bear,66_toy,67_apple,68_banana,69_biscuit,70_bread,71_butter,72_cake,73_carrot,74_cereal,75_cheese,76_chicken,77_chips,78_coffee,79_drink,80_egg,81_fish,82_food,83_ice_cream,84_jam,85_juice,86_meat,87_milk,88_orange,89_pasta_spaghetti,90_peas,91_pizza,92_sweets,93_tea,94_toast,95_water,96_arm,97_belly_button_tummy_button,98_cheek,99_ear,100_eye,101_face,102_finger,103_foot,104_tongue,105_tooth,106_hair,107_hand,108_head,109_knee,110_leg,111_nail,112_nose,113_toe,114_tummy,115_mouth,116_bib,117_boots,118_button,119_coat,120_dress,121_glasses_specs,122_hat,123_jacket,124_jeans,125_jumper_sweater,126_nappy,127_necklace,128_pyjamas,129_shirt,130_shoe,131_shorts,132_sock,133_trousers,134_zip,135_bath_bathtub,136_bathroom,137_bed,138_bedroom,139_chair,140_cooker_stove_oven,141_cot,142_door,143_drawer,144_garage,145_high_chair,146_kitchen,147_living_room,148_play_pen,149_potty,150_refrigerator_fridge,151_rocking_chair,152_settee_sofa,153_sink,154_stairs,155_table,156_TV_television,157_window,158_beach,159_bucket,160_church,161_flower,162_garden,163_house,164_moon,165_sky,166_slide,167_snow,168_spade,169_star,170_stone,171_sun,172_outside,173_park,174_party,175_pool,176_rain,177_school,178_shop,179_swing,180_tree,181_wall,182_water,183_work,184_zoo,185_bin,186_blanket,187_bottle,188_bowl,189_box,190_broom,191_brush,192_clock,193_comb,194_cup,195_dish,196_dummy,197_fork,198_glass,199_hammer,200_hoover_vacuum,201_jug,202_key,203_lamp,204_light,205_medicine,206_money,207_mug,208_paper,209_penny,210_picture,211_pillow,212_plant,213_plate,214_purse,215_radio,216_rubbish,217_scissors,218_soap,219_spoon,220_telephone,221_toothbrush,222_towel,223_watch,224_aunt,225_baby,226_boy,227_brother,228_child,229_daddy,230_doctor,231_friend,232_person,233_policeman,234_sister,235_girl,236_grandma,237_grandpa,238_lady,239_man,240_mummy,241_nanny,242_people,243_teacher,244_uncle,245_bath,246_breakfast,247_bye_bye,248_dinner,249_don't,250_hello,251_hi,252_lunch,253_nap,254_night_night,255_no,256_pat-a-cake,257_peekaboo,258_please,259_shh_hush_shush,260_tea,261_thank_you,262_wait,263_want_to,264_yes,265_bite,266_blow,267_break,268_bring,269_bump,270_call,271_carry,272_catch,273_clean,274_cry,275_cuddle,276_cut,277_dance,278_draw,279_drink,280_drive,281_drop,282_eat,283_fall,284_feed,285_find,286_finish,287_get,288_give,289_go,290_have,291_hear,292_help,293_hit,294_hug,295_hurry,296_jump,297_kick,298_kiss,299_know,300_like,301_look,302_love,303_make,304_open,305_play,306_pull,307_push,308_put,309_read,310_ride,311_run,312_say,313_scratch,314_see,315_show,316_shut_close,317_sing,318_sleep,319_smile,320_splash,321_stop,322_swim,323_swing,324_take,325_tell,326_throw,327_tickle,328_walk,329_wash,330_watch,331_wipe,332_write,333_all_gone,334_asleep,335_bad,336_big,337_blue,338_broken,339_careful,340_clean,341_cold,342_dark,343_dirty,344_dry,345_empty,346_fast,347_fine,348_gentle,349_good,350_green,351_happy,352_hard,353_hot,354_hungry,355_hurt,356_little,357_nasty,358_naughty,359_nice,360_old,361_pretty,362_red,363_sad,364_scared,365_sick,366_sleepy,367_soft,368_thirsty,369_tired,370_wet,371_yellow,372_how,373_what,374_when,375_where,376_who,377_why,378_day,379_later,380_morning,381_night,382_now,383_today,384_tomorrow,385_tonight,386_her,387_his,388_I,389_it,390_me,391_mine,392_my,393_that,394_this,395_you,396_your,397_away,398_back,399_down,400_in,401_inside,402_off,403_on,404_out,405_there,406_under,407_up,408_all,409_again,410_another,411_more,412_none,413_not,414_other,415_same,416_some,417_chase,418_smell,totU,totS
1,Female,0,7,339,11.1,0,0,0,0,0,0,0,0,0,0,0,1,0,0,0,0,0,0,0,0,0,0,0,0,0,0,0,0,0,0,0,0,0,0,0,0,0,0,0,0,0,0,0,0,0,0,0,0,0,0,0,0,0,0,0,0,0,0,0,0,1,0,0,0,1,0,0,0,1,0,0,0,0,0,0,0,0,0,0,0,0,0,0,0,0,0,0,0,0,0,0,0,0,0,0,0,0,0,0,0,0,0,0,0,0,1,0,1,0,0,0,0,0,0,0,0,0,0,0,0,0,0,0,0,0,0,0,0,0,0,0,0,0,0,0,0,0,0,0,0,0,0,0,0,0,0,0,0,0,0,0,0,0,0,0,0,0,0,0,0,0,0,0,0,0,0,0,0,0,0,0,0,0,0,0,0,0,0,0,0,0,0,0,0,0,0,0,0,0,0,1,0,0,0,0,0,0,0,0,0,0,0,0,0,1,0,0,0,0,0,0,0,0,0,0,0,0,0,1,0,0,0,0,0,0,0,0,0,2,0,0,0,0,0,0,0,0,0,0,2,0,0,0,0,0,0,0,0,0,1,0,0,0,1,0,0,0,0,0,0,0,0,0,0,0,0,0,0,0,0,0,0,0,0,0,0,0,0,0,0,0,0,0,0,0,0,0,1,0,0,0,0,0,0,0,0,0,1,0,0,0,0,0,0,0,0,0,0,0,0,0,0,0,0,0,0,0,0,0,0,0,0,0,0,0,0,0,0,0,0,0,0,0,0,0,0,0,0,0,0,0,0,0,0,0,0,0,0,0,0,0,0,0,0,0,0,0,0,0,0,0,0,0,0,0,0,0,0,0,0,0,0,0,0,0,0,0,0,0,0,0,0,0,0,0,0,0,0,0,0,0,0,0,0,0,0,0,0,0,0,0,0,0,0,0,0,0,0,0,0,0,0,0,0,0,0,0,0,15,2
1,Female,0,7,480,15.8,0,0,0,0,0,0,0,0,1,0,0,1,0,0,0,0,0,0,1,0,0,0,0,0,0,0,0,0,0,0,0,0,0,0,0,0,0,0,0,0,0,0,0,0,0,0,0,0,0,0,0,0,1,1,0,1,0,0,0,0,1,0,0,0,1,0,0,0,2,0,0,1,0,0,0,0,0,0,1,0,0,0,0,0,0,0,1,0,0,0,0,0,0,1,0,0,1,0,1,0,0,0,1,0,0,1,0,1,0,0,0,1,0,1,1,0,0,0,0,0,0,0,0,0,0,0,1,0,0,1,0,0,0,0,0,0,1,0,1,0,0,0,0,0,0,0,0,0,0,0,0,0,0,0,0,1,0,0,0,0,0,0,0,0,0,0,0,0,0,0,0,0,1,0,0,0,0,0,0,0,0,0,0,0,0,0,0,0,0,0,1,0,0,1,0,2,0,0,0,0,0,0,0,0,1,0,0,0,0,0,0,0,0,0,0,0,0,0,1,1,0,0,0,0,2,0,0,0,2,0,0,0,0,0,0,0,0,0,0,2,0,0,0,0,0,0,2,0,0,2,0,0,0,1,0,0,1,0,0,0,2,0,0,2,0,0,0,0,0,0,0,0,0,0,1,0,1,0,0,0,0,0,0,0,0,0,0,1,0,0,0,0,0,0,0,0,0,1,0,0,0,0,0,0,0,0,0,0,0,0,0,0,0,0,0,0,1,1,0,0,1,0,0,0,0,0,0,1,0,0,0,0,1,0,0,0,0,0,1,0,0,0,0,0,0,0,0,1,0,0,0,0,0,0,0,0,0,0,0,0,0,0,0,0,0,0,0,1,1,0,0,0,0,0,0,0,0,0,0,0,0,0,0,0,0,0,0,0,0,0,0,0,0,0,0,0,0,0,0,0,0,0,0,0,0,0,0,0,1,0,0,0,0,0,0,0,0,0,56,9
1,Female,0,7,544,17.9,0,0,0,0,0,0,2,0,2,0,0,2,0,0,0,0,0,0,2,0,0,0,2,0,1,0,0,0,0,0,0,0,0,0,1,0,0,0,0,0,0,0,0,0,0,0,0,0,1,0,0,0,1,1,0,1,0,2,1,0,1,2,1,1,1,0,1,1,2,1,0,1,0,0,0,0,0,0,1,0,1,1,0,0,0,0,1,0,1,0,0,0,1,1,1,1,1,0,2,2,1,1,1,0,1,1,1,1,0,0,0,1,1,1,1,0,0,0,1,0,0,1,0,0,1,1,1,1,0,1,0,1,0,0,1,0,1,1,1,0,1,0,0,0,0,1,0,0,0,0,0,0,0,0,1,1,0,0,0,0,1,0,1,0,1,1,0,0,0,0,0,1,1,0,0,0,0,0,0,0,0,1,0,0,0,1,1,1,0,0,1,0,0,1,0,2,0,0,0,0,0,0,0,0,1,0,0,1,0,0,1,0,0,0,0,0,0,0,1,1,1,0,0,0,2,0,0,0,2,0,0,0,0,0,0,0,0,0,0,2,0,0,0,0,1,1,2,0,0,2,2,0,1,1,2,0,2,0,1,1,2,1,0,2,0,1,0,0,0,0,1,0,0,0,1,0,1,1,0,0,0,1,0,0,0,0,0,1,0,0,0,0,0,1,0,0,0,1,0,0,1,0,0,1,1,0,0,0,1,0,0,0,0,0,0,0,1,1,0,0,1,0,0,0,0,0,2,1,1,0,0,0,1,1,0,0,0,0,1,0,0,0,0,0,0,0,0,1,0,0,0,0,0,0,0,0,0,0,0,0,0,0,0,0,0,1,0,1,1,0,0,0,0,0,0,0,0,0,0,0,0,0,0,0,0,0,0,0,0,1,1,0,0,0,0,0,0,0,0,0,1,0,0,0,0,0,0,0,1,0,2,0,0,0,0,0,0,0,129,23
1,Female,0,7,635,20.9,2,2,0,2,2,2,2,2,2,2,2,2,0,2,2,2,1,1,2,1,1,0,2,0,2,1,2,0,1,0,0,1,0,1,1,1,2,0,2,0,1,1,2,1,1,0,0,1,1,2,0,1,1,1,0,1,1,2,1,0,2,2,1,2,1,1,2,2,2,2,0,2,1,1,2,0,2,1,1,0,2,2,0,0,2,0,1,1,1,2,0,0,2,1,1,2,1,1,2,2,1,1,1,1,1,2,2,1,2,1,0,2,2,1,2,2,1,1,1,1,1,2,1,1,1,2,1,1,0,2,0,2,1,1,1,0,1,1,1,1,1,1,0,0,1,1,1,0,1,1,0,1,1,2,1,1,1,2,1,0,2,1,2,2,2,1,0,0,2,0,1,1,2,0,2,1,0,2,1,2,1,1,2,0,1,1,1,1,1,0,1,0,0,2,0,2,0,0,0,0,0,1,0,1,1,0,0,1,0,1,1,0,0,0,0,0,0,1,1,1,1,1,0,0,2,2,0,0,2,0,0,1,0,0,2,1,1,1,0,2,2,2,0,0,1,1,2,0,0,2,2,0,1,2,2,0,2,2,2,2,2,1,0,2,0,1,0,1,0,0,2,0,0,1,2,0,1,1,1,0,0,1,0,1,0,1,0,1,2,1,0,0,1,1,1,1,1,1,0,1,1,0,0,1,1,2,1,0,1,1,1,0,1,2,0,0,1,1,1,1,2,1,0,0,0,1,2,1,1,0,1,0,2,1,0,1,1,0,1,1,1,0,2,0,0,0,0,1,1,0,2,0,2,1,1,0,0,1,2,0,1,0,1,0,0,1,1,1,1,2,2,0,0,0,0,0,0,0,0,0,2,0,0,0,0,0,0,0,0,2,2,2,0,0,0,0,2,0,0,0,1,1,0,2,2,0,0,0,1,0,2,0,0,0,0,0,0,0,268,106
1,Female,0,7,663,21.8,2,2,0,2,2,2,2,2,2,2,2,2,0,2,2,2,2,2,2,1,1,0,2,0,2,1,2,1,1,0,0,1,0,1,1,1,2,0,2,0,1,2,2,1,1,0,0,1,2,2,1,1,1,1,0,2,1,2,1,0,2,2,1,2,1,2,2,2,2,2,1,2,1,1,2,0,2,1,1,0,2,2,0,0,2,0,1,1,1,2,0,0,2,2,1,2,1,2,2,2,1,1,2,1,2,2,2,2,2,1,0,2,2,1,2,2,2,2,2,1,1,2,1,1,1,2,1,1,0,2,0,2,1,1,2,1,2,1,2,1,1,2,0,0,2,1,1,0,1,1,0,1,1,2,1,1,1,2,1,0,2,1,2,2,2,1,0,0,2,0,2,1,2,0,2,1,0,2,1,2,1,1,2,0,1,1,1,1,2,0,1,2,0,2,0,2,2,1,0,0,0,1,0,2,1,0,0,1,0,1,1,0,1,0,0,0,0,1,1,1,2,1,2,0,2,2,0,0,2,0,0,1,0,0,2,1,1,1,2,2,2,2,0,0,1,2,2,0,0,2,2,2,1,2,2,0,2,2,2,2,2,1,0,2,1,1,0,1,0,0,2,0,1,1,2,0,1,1,1,0,0,1,0,1,0,1,0,1,2,1,0,0,1,1,1,2,1,2,0,1,1,0,0,1,1,2,2,0,1,1,1,1,1,2,1,1,1,1,1,1,2,1,0,0,0,1,2,2,1,1,1,1,2,1,0,1,1,0,1,1,1,0,2,0,0,0,0,1,1,1,2,0,2,1,1,0,0,1,2,0,1,1,1,1,0,1,1,1,1,2,2,0,0,0,0,2,0,0,0,0,2,0,0,0,0,0,0,0,0,2,2,2,0,0,0,0,2,2,0,0,1,1,0,2,2,0,0,0,1,0,2,0,0,0,0,0,0,0,291,141
1,Female,0,7,755,24.8,2,2,0,2,2,2,2,2,2,2,2,2,0,2,2,2,2,2,2,1,2,1,2,0,2,2,2,2,2,0,2,2,0,2,2,2,2,1,2,0,2,2,2,1,2,0,1,1,2,2,2,1,2,2,1,2,2,2,2,0,2,2,2,2,2,2,2,2,2,2,2,2,2,1,2,1,2,2,2,2,2,2,0,1,2,0,2,2,2,2,0,0,2,2,2,2,2,2,2,2,2,2,2,2,2,2,2,2,2,2,0,2,2,2,2,2,2,2,2,2,2,2,1,2,2,2,1,2,1,2,1,2,2,2,2,2,2,2,2,2,2,2,1,0,2,2,2,0,2,1,0,2,2,2,2,2,2,2,2,2,2,2,2,2,2,2,0,0,2,2,2,2,2,2,2,2,0,2,2,2,2,2,2,2,2,2,2,2,2,0,2,2,0,2,0,2,2,2,0,2,0,2,0,2,1,2,0,2,2,2,1,0,1,0,1,1,1,2,2,2,2,2,2,0,2,2,0,1,2,0,1,1,0,0,2,2,2,2,2,2,2,2,0,0,2,2,2,1,0,2,2,2,2,2,2,0,2,2,2,2,2,2,0,2,1,2,2,1,0,1,2,1,2,2,2,1,2,2,1,0,1,2,2,2,2,1,2,2,2,2,0,2,2,2,2,2,1,2,0,2,2,1,1,2,2,2,2,2,2,2,2,1,2,2,1,2,2,2,1,2,2,2,2,2,0,2,2,2,2,1,2,1,2,2,2,2,2,2,2,2,2,2,2,2,0,2,0,2,2,2,2,0,2,2,2,2,0,1,2,0,2,2,2,1,1,2,1,1,2,2,2,0,0,0,2,2,0,2,2,0,2,2,0,0,0,0,0,2,0,2,2,2,0,0,2,2,2,2,2,0,2,2,2,2,2,1,2,1,2,2,2,0,2,2,0,0,1,1,353,301
1,Female,0,7,774,25.4,2,2,0,2,2,2,2,2,2,2,2,2,0,2,2,2,2,2,2,2,2,1,2,0,2,2,2,2,2,0,2,2,0,2,2,2,2,1,2,2,2,2,2,1,2,0,1,1,2,2,2,1,2,2,1,2,2,2,2,1,2,2,2,2,2,2,2,2,2,2,2,2,2,1,2,2,2,2,2,2,2,2,0,1,2,0,2,2,2,2,0,0,2,2,2,2,2,2,2,2,2,2,2,2,2,2,2,2,2,2,0,2,2,2,2,2,2,2,2,2,2,2,1,2,2,2,1,2,1,2,1,2,2,2,2,2,2,2,2,2,2,2,1,0,2,2,2,0,2,1,0,2,2,2,2,2,2,2,2,2,2,2,2,2,2,2,0,0,2,2,2,2,2,2,2,2,0,2,2,2,2,2,2,2,2,2,2,2,2,0,2,2,0,2,2,2,2,2,0,2,0,2,1,2,1,2,1,2,2,2,1,1,1,1,1,1,1,2,2,2,2,2,2,0,2,2,0,1,2,0,1,1,0,0,2,2,2,2,2,2,2,2,0,0,2,2,2,1,0,2,2,2,2,2,2,0,2,2,2,2,2,2,0,2,1,2,2,1,2,1,2,1,2,2,2,1,2,2,2,0,1,2,2,2,2,2,2,2,2,2,0,2,2,2,2,2,1,2,0,2,2,2,1,2,2,2,2,2,2,2,2,1,2,2,1,2,2,2,1,2,2,2,2,2,0,2,2,2,2,1,2,1,2,2,2,2,2,2,2,2,2,2,2,2,0,2,0,2,2,2,2,0,2,2,2,2,0,1,2,0,2,2,2,2,2,2,1,1,2,2,2,0,0,0,2,2,0,2,2,1,2,2,0,0,0,0,0,2,0,2,2,2,0,0,2,2,2,2,2,1,2,2,2,2,2,1,2,2,2,2,2,0,2,2,0,0,1,1,363,312
4,Male,0,2,487,16,1,0,0,0,1,0,0,0,2,0,0,0,0,0,0,0,0,0,0,1,1,0,1,0,1,0,0,1,0,0,0,0,0,0,0,0,0,0,0,0,0,0,0,0,0,0,1,0,0,0,0,0,0,0,0,0,0,1,0,0,1,1,0,0,0,0,0,2,0,0,0,0,0,0,0,0,0,0,1,0,0,0,0,0,0,0,1,0,0,0,0,0,0,0,1,0,0,0,1,1,0,1,0,0,1,0,0,1,0,0,0,1,0,0,1,1,0,0,1,0,1,0,0,0,0,1,0,0,0,0,0,0,0,0,1,0,0,0,0,0,0,0,0,0,0,0,0,0,0,0,0,0,0,0,0,1,0,0,0,0,0,0,0,0,1,0,0,0,0,0,0,0,0,0,0,0,0,0,0,1,0,1,0,0,0,0,1,0,0,1,1,0,1,0,0,1,0,0,0,0,0,0,0,0,0,0,0,0,0,0,0,0,1,0,0,0,0,0,0,1,1,0,0,0,0,0,0,0,1,0,0,0,0,0,0,1,1,0,0,1,1,0,0,0,1,1,2,0,0,1,2,0,0,1,0,0,1,0,1,1,1,1,0,0,0,0,0,0,0,0,0,0,0,0,1,0,0,0,1,0,0,0,1,0,0,0,0,0,0,0,0,0,0,1,0,0,0,0,0,0,1,1,0,0,0,0,0,0,1,0,0,0,0,0,0,0,0,1,0,1,1,0,1,0,0,1,0,0,0,0,0,0,1,0,0,0,0,0,1,0,0,0,1,0,1,0,0,0,0,0,0,0,1,0,0,0,0,1,0,0,0,0,0,0,0,0,0,0,0,0,0,0,0,0,0,0,0,0,0,0,0,0,0,0,0,0,0,0,0,0,0,0,1,0,0,0,1,0,0,1,0,1,0,0,0,0,0,0,0,0,1,0,0,0,0,0,0,0,79,4
4,Male,0,2,538,17.7,1,0,0,0,1,1,0,1,2,0,0,0,0,0,0,0,0,0,1,1,1,0,1,0,1,0,1,1,1,0,0,0,0,1,0,0,0,0,0,0,0,0,1,0,0,0,1,0,0,1,0,0,0,1,0,0,0,1,0,0,1,1,0,0,0,0,0,2,0,0,0,0,0,0,0,0,0,0,1,0,0,0,0,0,0,0,1,0,0,1,0,0,0,1,1,0,0,0,1,1,0,1,0,0,1,1,0,1,1,0,0,1,0,0,1,1,0,0,1,0,1,0,0,0,0,1,0,1,0,0,0,0,1,0,1,0,0,0,0,0,0,0,0,0,0,0,0,0,0,1,0,0,0,1,0,1,0,0,0,0,0,0,0,0,1,0,0,0,1,0,0,0,0,0,0,0,0,0,0,1,0,1,1,0,0,0,1,1,0,1,1,0,1,0,0,1,1,0,0,1,0,0,0,0,1,0,0,0,0,1,0,0,1,0,0,0,0,0,1,1,1,0,1,0,0,0,0,0,1,0,0,0,0,0,0,1,1,0,0,1,1,0,0,0,1,1,2,0,1,1,2,0,0,1,1,0,1,0,1,1,1,1,0,0,0,0,0,0,0,0,0,0,0,0,1,0,0,0,1,0,0,1,1,0,0,0,0,0,0,0,0,0,0,1,0,0,0,0,0,0,1,1,0,0,0,0,0,0,1,0,1,0,0,0,0,0,1,1,0,1,1,0,1,0,0,1,1,0,1,1,0,0,1,0,0,0,0,0,1,0,0,0,1,0,1,0,0,0,0,0,0,0,1,0,0,0,0,1,0,0,0,0,0,0,0,0,0,0,1,0,0,0,0,0,0,0,0,0,0,0,0,0,0,0,0,0,0,0,0,0,0,0,1,0,0,0,1,0,0,1,0,1,0,0,1,0,0,0,0,0,1,0,0,0,0,0,0,0,115,4
6,Female,0,5,272,8.9,1,0,0,0,0,0,0,1,0,0,1,0,0,0,0,0,0,0,0,0,0,0,0,0,0,0,0,0,0,0,0,0,0,0,0,0,0,0,0,0,0,0,0,0,0,0,0,0,0,0,0,0,0,0,0,0,0,0,0,0,0,0,0,0,0,0,0,0,0,0,0,0,0,0,0,0,0,0,0,0,0,0,0,0,1,0,1,0,0,0,0,0,0,0,1,0,0,0,0,0,0,0,0,0,0,0,0,0,0,0,0,0,0,0,0,0,0,0,0,0,0,0,0,0,0,0,0,0,0,0,0,0,0,0,0,0,0,0,0,0,0,0,0,0,0,0,0,0,0,0,0,0,0,0,0,0,0,0,0,0,1,0,0,1,0,0,0,0,1,0,1,0,0,0,0,1,0,0,0,0,0,1,0,0,0,0,0,0,0,0,0,0,0,1,0,0,0,0,0,0,0,0,0,0,0,0,0,0,0,0,0,0,0,0,0,0,0,0,0,0,0,0,0,0,0,0,0,0,1,0,0,0,0,0,0,0,0,0,0,1,0,0,0,0,0,0,1,0,1,1,1,0,0,1,1,1,1,0,1,0,0,0,0,0,0,0,0,0,0,0,0,0,0,0,0,0,0,0,0,0,0,0,0,0,0,0,0,0,0,0,0,0,0,0,0,0,0,0,0,0,0,0,0,0,0,0,0,0,0,0,0,0,0,0,0,0,0,0,0,0,0,0,0,0,0,0,0,0,0,0,0,0,0,0,0,0,0,0,0,0,0,0,0,0,0,0,0,0,0,0,0,0,0,0,0,0,0,0,0,0,0,0,0,0,0,0,0,0,0,0,0,0,0,0,0,0,0,0,0,0,0,0,0,0,0,0,0,0,0,0,0,0,0,0,0,0,0,0,0,0,0,0,0,0,0,0,0,0,0,0,0,0,0,0,0,0,0,0,24,0
6,Female,0,5,607,20,1,2,1,1,1,2,1,1,2,2,1,2,1,1,1,1,1,1,1,1,1,0,1,1,1,1,2,1,1,0,1,1,1,1,1,1,1,1,1,0,1,1,1,1,1,0,0,1,1,1,1,0,1,1,0,1,1,1,1,1,1,1,1,1,1,1,1,2,1,1,0,1,1,1,2,1,1,0,1,1,2,1,1,1,2,1,1,1,1,1,1,0,1,1,1,1,1,1,1,1,1,1,1,1,2,1,1,1,1,1,0,1,1,1,1,1,1,0,1,1,1,1,1,0,1,1,0,1,0,2,0,1,1,1,1,1,1,1,1,1,1,1,1,0,1,1,1,0,0,1,0,1,1,1,1,1,1,0,1,0,1,1,1,1,1,1,0,0,1,1,1,1,1,0,0,1,0,0,1,1,1,1,0,0,1,0,2,1,1,1,1,1,1,1,0,0,1,1,0,1,0,1,1,1,0,0,0,1,0,1,1,1,1,1,1,0,0,0,1,1,1,1,0,0,0,0,0,0,1,0,0,0,0,0,0,0,0,0,0,1,0,0,0,0,1,1,2,1,1,1,1,1,1,1,1,1,2,1,1,1,2,1,1,2,0,1,1,1,0,1,1,1,1,0,1,0,1,0,0,0,0,0,0,0,0,0,1,1,1,0,0,1,1,1,0,0,1,1,0,0,1,0,0,1,1,1,1,1,1,1,1,0,0,1,1,1,1,1,1,1,1,1,1,0,1,0,0,1,1,0,1,0,1,1,0,0,1,1,1,1,1,0,1,0,1,1,0,1,1,0,1,0,1,1,0,0,0,1,0,0,0,0,0,0,0,1,0,1,1,1,1,0,1,0,1,0,0,0,0,0,0,1,0,0,0,0,0,0,0,0,1,0,0,0,1,1,0,0,1,1,1,1,1,1,0,1,1,0,1,0,1,0,1,0,0,0,0,0,280,17
6,Female,0,5,614,20.2,2,2,1,2,2,2,2,2,2,2,2,2,1,2,2,2,1,1,2,1,2,0,2,1,2,1,2,1,1,0,1,1,1,1,1,1,2,1,2,0,1,1,1,1,1,0,1,1,2,2,1,0,2,2,0,1,1,2,1,1,2,1,1,1,1,1,2,2,1,1,0,2,1,1,2,1,1,0,1,1,2,1,1,1,2,1,2,1,1,2,1,0,1,1,1,1,1,2,1,1,1,1,1,1,2,2,1,1,1,1,1,1,1,1,1,1,1,2,1,1,1,1,1,0,1,1,0,1,0,2,0,2,1,1,1,1,1,1,1,1,1,2,1,0,1,1,1,0,1,1,0,1,1,1,1,1,1,1,1,1,1,1,2,1,1,1,0,1,1,1,1,1,1,0,1,1,0,0,1,2,2,1,0,1,1,1,2,1,1,1,1,1,1,1,1,0,1,1,0,1,0,1,1,1,0,0,1,1,0,1,1,1,1,1,1,0,0,1,1,1,1,1,1,0,1,0,0,0,2,0,1,0,1,0,1,1,1,1,1,1,0,0,0,0,1,1,2,1,1,2,1,1,1,1,2,1,2,2,2,1,2,1,1,2,1,1,2,1,2,1,1,1,1,1,1,0,1,1,1,0,0,1,0,1,0,0,1,1,1,0,0,1,1,1,0,2,2,1,0,1,1,0,0,1,1,1,1,1,1,1,1,1,0,1,1,1,1,1,1,1,1,1,1,0,1,1,1,1,1,1,1,0,1,1,0,0,1,1,1,1,2,0,1,0,1,1,0,1,1,0,1,0,2,1,0,0,0,1,0,0,0,1,0,0,0,1,0,1,1,1,1,0,1,0,1,0,0,0,0,0,1,1,0,0,0,0,0,0,0,0,1,0,0,0,1,1,0,0,1,1,1,1,1,1,0,1,1,0,1,0,2,0,1,0,0,0,0,0,317,62
6,Female,0,5,627,20.6,2,2,1,2,2,2,2,2,2,2,2,2,1,2,2,2,1,2,2,1,2,0,2,2,2,1,2,2,1,0,1,1,1,1,2,1,2,1,2,1,1,1,1,1,1,0,1,2,2,2,2,0,2,2,1,1,1,2,1,1,2,2,1,1,1,1,2,2,1,1,2,2,1,1,2,1,1,1,1,1,2,1,1,1,2,1,2,1,2,2,1,0,2,1,1,2,2,2,1,1,1,1,1,1,2,2,1,1,2,1,1,1,1,1,1,1,1,2,1,1,1,2,1,0,1,1,0,1,1,2,1,2,1,1,1,1,2,1,2,1,1,2,1,0,1,1,1,1,2,1,0,1,1,1,1,1,1,1,2,2,1,1,2,1,1,1,0,1,2,1,1,1,1,0,1,1,0,0,1,2,2,1,0,1,1,1,2,2,1,1,1,1,1,1,1,1,1,1,0,1,0,1,1,1,0,0,1,1,0,1,1,1,1,1,1,0,0,1,1,1,1,1,1,0,1,0,0,0,2,0,1,0,1,0,1,1,1,1,1,1,0,0,0,0,1,1,2,1,1,2,1,1,1,1,2,1,2,2,2,2,2,1,1,2,1,1,2,1,2,1,1,1,1,1,1,0,1,1,1,0,0,1,0,1,0,0,1,1,1,0,1,1,1,1,1,2,2,1,0,1,1,0,0,1,1,1,1,1,1,1,1,1,0,1,1,1,1,1,1,1,1,1,1,0,1,1,1,1,1,1,1,0,2,1,0,0,1,1,1,1,2,0,1,0,1,1,0,1,1,1,1,0,2,1,0,0,0,1,0,0,0,1,0,0,1,1,0,1,1,1,1,0,1,0,1,0,0,0,1,0,1,1,0,0,0,0,0,0,0,1,1,1,1,1,1,1,0,1,1,1,1,1,1,2,0,1,1,0,1,0,2,1,1,0,0,0,1,1,338,86
6,Female,0,5,815,26.8,2,2,1,2,2,2,2,2,2,2,2,2,2,2,2,2,2,2,2,2,2,2,2,2,2,2,2,2,2,0,2,2,2,2,2,2,2,2,2,2,2,2,2,2,2,2,2,2,2,2,2,2,2,2,2,2,2,2,2,2,2,2,2,2,2,2,2,2,2,2,2,2,2,2,2,2,2,2,2,2,2,2,2,2,2,2,2,2,2,2,2,2,2,2,2,2,2,2,2,2,2,2,2,2,2,2,2,2,2,2,2,2,2,2,2,2,2,2,2,2,2,2,2,2,2,2,2,2,2,2,2,2,2,2,2,2,2,2,2,2,2,2,2,2,2,2,2,2,2,2,0,2,2,2,2,2,2,2,2,2,2,2,2,2,2,2,2,2,2,2,2,2,2,2,2,2,2,2,2,2,2,2,2,2,2,2,2,2,2,2,2,2,2,2,2,2,2,2,2,2,1,2,2,2,2,2,2,2,2,2,2,2,2,2,2,2,2,2,2,2,2,2,2,2,2,2,2,2,2,2,2,2,2,2,2,2,2,2,2,2,2,2,2,2,2,2,2,2,2,2,2,2,2,2,2,2,2,2,2,2,2,2,2,2,2,2,2,2,2,2,2,2,2,2,2,2,2,2,2,2,2,2,2,2,2,2,2,2,2,2,2,2,2,2,2,2,2,2,1,2,2,2,2,2,2,2,2,2,2,2,2,2,2,2,2,2,2,2,2,2,2,2,2,2,2,2,2,2,2,2,2,2,2,2,2,2,2,2,2,2,2,2,2,2,2,2,2,2,2,2,2,2,2,2,2,2,2,2,2,2,2,2,2,2,2,2,2,2,2,2,2,2,2,1,2,1,2,2,2,2,2,2,2,1,1,1,1,1,1,2,2,2,1,1,2,1,1,2,2,2,1,2,2,2,1,2,2,2,2,1,2,2,2,1,2,1,2,2,416,396
9,Male,0,4,314,10.3,0,0,0,0,0,0,0,0,0,0,0,0,0,0,0,0,0,0,0,0,0,0,0,0,0,0,0,0,0,0,0,0,0,0,0,0,0,0,0,0,0,0,0,0,0,0,0,0,0,0,0,0,0,1,0,0,0,1,1,0,1,0,0,0,0,0,0,0,0,0,0,0,0,0,0,0,0,0,0,0,0,0,0,0,0,0,0,0,0,0,0,0,0,0,0,0,0,0,0,0,0,0,0,0,0,0,0,0,0,0,0,0,0,0,0,0,0,0,0,0,0,0,0,0,0,0,0,0,0,0,0,0,0,0,0,0,0,0,0,0,0,0,0,0,0,0,0,0,0,0,0,0,0,0,0,0,0,0,0,0,0,0,0,0,0,0,0,0,0,0,0,0,0,0,0,0,0,0,0,0,0,0,0,0,0,0,0,0,0,0,0,0,0,0,0,0,0,0,0,0,0,0,0,0,0,0,0,0,0,0,0,0,0,0,0,0,0,0,0,0,1,0,0,0,0,0,1,0,1,0,0,0,0,0,0,0,0,0,0,1,0,0,0,0,0,0,0,0,0,1,0,0,0,0,0,0,1,0,1,0,0,0,0,0,0,0,0,0,0,0,0,0,0,0,0,0,0,0,1,0,0,0,0,1,0,0,0,0,0,0,0,0,0,0,0,0,0,0,0,0,0,0,0,1,0,0,0,0,0,0,0,0,0,0,0,1,0,0,1,0,0,0,0,0,0,0,0,0,0,0,0,0,1,0,0,0,0,0,0,0,0,0,0,0,0,0,0,0,0,0,0,0,0,0,0,0,0,0,0,0,0,0,0,0,0,0,0,0,0,0,0,0,0,0,0,0,0,0,0,0,0,0,0,0,0,0,0,0,0,0,0,0,0,0,0,0,0,0,0,0,0,0,0,0,0,0,0,0,0,0,0,0,0,0,0,0,0,0,17,0
9,Male,0,4,548,18,0,1,0,0,1,0,0,1,0,1,0,0,0,2,0,1,0,0,1,0,1,0,1,0,1,0,1,0,0,0,0,0,0,0,1,0,0,0,0,0,0,1,1,0,0,0,0,1,1,1,0,0,1,1,1,1,1,1,1,0,1,0,0,0,0,0,1,1,1,1,1,1,1,0,1,1,0,0,1,1,0,1,1,0,0,0,1,0,1,0,0,0,1,1,0,0,0,0,1,1,0,1,1,0,0,1,1,0,0,0,0,1,1,1,0,0,0,0,1,0,1,1,0,0,0,2,0,0,0,0,0,0,0,0,1,1,1,1,1,1,1,1,1,1,1,1,1,0,1,1,0,1,1,1,1,1,1,0,0,0,1,1,1,0,0,0,0,0,0,0,0,1,1,0,0,1,0,0,0,2,0,1,0,0,1,1,0,1,0,0,1,0,0,1,0,0,1,0,0,1,0,0,0,0,0,0,0,0,0,0,0,0,1,0,0,0,0,0,1,1,1,1,0,0,0,1,1,0,1,0,0,0,0,0,0,0,0,0,0,2,0,0,0,0,1,1,2,1,1,1,0,1,0,1,1,0,1,0,1,0,0,1,0,1,0,0,0,0,0,0,1,0,0,0,1,0,1,0,1,0,0,1,0,1,0,1,0,0,1,0,0,0,0,1,0,1,0,1,0,0,1,0,0,1,1,1,1,0,1,0,0,0,0,0,0,1,1,1,1,0,1,0,1,0,0,0,1,1,1,0,0,0,1,0,0,0,0,0,0,0,0,0,0,0,0,0,0,0,0,0,1,0,0,1,0,0,0,0,0,0,0,0,0,0,0,0,0,1,0,0,0,0,0,0,0,0,0,0,0,0,0,0,0,0,0,0,0,0,0,0,0,0,0,0,0,0,0,0,1,0,1,1,1,0,0,0,0,0,0,0,0,1,0,0,0,0,0,0,148,5
9,Male,0,4,584,19.2,0,1,0,0,1,0,1,1,0,1,0,0,1,2,0,1,1,0,1,0,1,0,1,0,2,0,1,0,0,0,0,0,1,0,1,0,0,0,0,0,0,1,1,0,0,0,0,1,1,1,0,0,2,2,1,1,2,1,1,0,1,0,0,0,0,0,1,1,1,1,1,1,1,0,1,1,0,0,1,1,1,1,1,0,0,0,1,0,1,1,0,0,1,1,0,0,0,0,1,1,0,1,1,0,0,1,1,0,0,0,0,1,1,1,0,0,0,0,1,0,1,1,0,0,0,2,0,0,0,1,0,0,0,0,1,1,1,1,1,1,1,1,1,1,1,1,1,0,1,1,0,1,1,1,1,1,1,0,0,0,1,1,1,0,0,0,0,0,0,0,0,1,1,0,0,1,0,0,0,2,0,1,0,0,1,1,0,1,0,0,1,0,0,1,0,0,1,0,0,1,0,0,0,0,0,0,0,0,0,0,0,0,1,0,0,0,0,0,1,1,1,1,0,0,0,1,1,0,1,0,0,0,0,0,0,1,1,0,0,2,0,0,0,0,1,1,2,1,1,1,0,1,0,1,1,0,1,0,1,0,0,1,0,1,0,0,0,0,0,0,1,0,0,0,1,0,1,0,1,0,0,1,0,1,0,1,0,0,1,0,0,0,0,1,0,1,0,1,0,0,1,0,0,1,1,1,1,0,1,0,0,0,0,0,0,1,1,1,1,0,1,0,1,0,0,0,1,1,1,0,0,0,1,0,0,0,0,0,0,0,0,0,0,0,0,0,0,1,1,0,1,0,2,1,0,0,0,0,0,0,0,0,0,0,0,0,0,1,0,1,0,0,2,0,0,0,0,0,0,0,0,0,0,0,0,0,0,0,0,0,0,0,0,0,0,0,0,0,1,0,1,1,1,0,0,0,0,0,0,0,0,1,0,0,0,0,0,0,162,11
9,Male,0,4,767,25.2,2,2,0,0,2,2,2,2,2,2,1,0,2,2,2,2,1,2,2,1,2,0,2,0,2,2,2,2,2,0,1,0,0,2,2,2,2,0,2,0,0,2,1,2,2,0,1,1,2,2,2,2,2,1,1,1,2,1,2,0,2,2,0,0,0,2,1,2,2,2,1,2,1,0,2,1,0,0,2,1,2,1,1,0,2,0,1,1,1,1,0,0,1,1,2,1,1,1,2,2,2,2,1,1,2,2,2,2,2,1,0,2,2,2,2,0,0,0,1,0,1,2,1,0,0,2,0,1,0,2,0,2,1,0,2,1,2,1,2,1,1,2,1,1,1,1,1,0,1,1,0,1,1,1,1,2,1,0,0,0,2,1,1,2,1,0,0,0,1,0,2,2,2,0,0,2,0,1,2,2,2,1,0,2,2,1,1,1,2,0,1,1,0,1,0,0,1,0,0,1,0,0,0,2,1,0,0,0,0,0,1,1,1,0,0,1,0,1,2,1,1,1,0,0,2,2,1,0,2,0,0,0,0,0,1,1,1,0,2,2,0,1,0,0,1,1,2,1,1,2,1,1,0,2,2,0,1,2,1,0,2,1,0,2,0,0,0,1,0,0,2,0,0,0,1,0,1,0,2,0,1,1,1,1,1,1,1,1,1,1,0,0,0,1,0,1,0,2,0,0,1,1,0,2,1,1,1,1,1,0,1,0,0,0,0,1,1,2,1,1,1,0,1,0,0,0,1,1,1,1,0,0,2,2,0,2,2,1,0,0,2,2,0,0,1,0,0,1,1,2,1,0,2,1,1,0,0,0,1,0,0,2,0,1,0,1,0,1,0,2,2,0,2,1,1,1,2,1,1,1,2,1,1,1,1,0,0,0,0,0,2,2,0,0,0,0,2,2,1,1,2,2,2,0,0,1,1,2,2,0,2,1,2,0,0,0,0,1,274,126
10,Male,0,3,486,16,2,2,1,2,1,2,1,2,2,2,2,1,1,2,1,2,1,1,2,2,2,0,2,1,2,1,1,1,2,0,1,1,0,1,1,1,1,1,2,1,1,1,1,0,1,0,2,1,1,1,1,1,2,2,0,0,1,2,1,1,2,1,1,1,2,1,1,2,1,1,1,1,0,0,2,1,1,1,2,1,1,1,1,1,1,0,2,1,1,1,0,0,2,1,2,1,1,0,1,1,1,1,1,1,2,1,1,1,1,1,0,1,1,1,1,0,0,0,1,0,2,1,0,0,1,1,0,1,0,1,0,1,1,0,1,1,1,1,1,1,1,1,1,1,0,1,1,1,1,0,0,1,0,1,1,1,1,1,1,0,2,1,1,2,1,1,1,1,1,1,1,1,1,0,1,1,0,0,1,1,0,2,0,1,1,1,1,1,1,1,1,1,0,1,1,0,1,1,0,2,0,2,1,1,1,0,1,1,0,0,1,1,1,0,1,1,1,1,1,1,2,1,0,0,2,0,0,0,2,0,0,0,1,1,0,2,2,0,0,2,2,0,0,1,1,2,1,1,1,2,1,1,1,2,2,0,2,2,1,2,1,1,1,1,1,1,1,1,1,1,1,1,2,1,1,1,1,1,2,1,1,1,1,1,1,1,1,1,1,1,1,2,1,0,0,1,0,2,0,1,2,1,0,1,1,1,1,0,1,1,1,1,0,1,1,1,1,1,1,1,0,1,1,1,0,1,0,1,1,1,1,0,1,1,1,0,0,1,1,1,1,1,1,0,0,0,0,1,1,0,1,0,1,1,1,0,0,1,0,0,1,0,0,0,0,1,0,1,1,1,0,0,0,0,1,1,0,1,0,0,0,0,0,0,0,0,0,0,0,0,2,0,0,0,0,0,0,0,0,0,0,1,1,1,0,1,1,0,0,0,2,0,0,0,0,0,0,0,296,57
10,Male,0,3,551,18.1,2,2,1,2,1,2,1,2,2,2,2,1,1,2,1,2,1,1,2,2,2,0,2,1,2,1,1,1,2,0,1,1,0,1,1,1,1,1,2,1,1,1,1,0,1,0,2,1,1,1,1,1,2,2,1,0,1,2,1,1,2,1,1,1,2,1,1,2,1,1,1,1,0,1,2,1,1,1,2,1,1,1,1,1,1,0,2,1,1,1,0,0,2,1,2,1,1,0,1,1,1,1,1,1,2,1,1,1,1,1,0,1,1,1,1,1,0,0,1,0,2,1,0,0,1,1,0,1,0,1,0,1,1,0,1,1,1,1,1,1,0,1,1,1,0,1,1,1,1,1,0,1,0,1,1,1,1,1,1,0,2,1,1,2,1,1,1,1,1,1,1,1,1,0,1,1,0,1,1,1,0,2,0,1,1,1,1,1,1,1,1,1,0,1,1,0,1,1,0,2,0,2,0,1,1,0,1,1,0,1,1,1,1,0,0,1,1,1,1,1,2,1,0,0,2,0,0,0,2,0,0,0,1,1,0,2,2,0,0,2,2,0,0,1,1,2,2,1,1,2,1,1,1,2,2,0,2,2,1,2,1,1,1,1,1,1,1,1,1,1,1,1,2,1,1,1,1,1,2,1,1,1,1,1,1,1,1,1,1,1,1,2,1,0,0,1,0,2,0,1,2,1,0,2,1,1,1,0,1,1,1,1,0,1,1,1,1,1,1,1,1,1,1,1,0,1,2,1,1,1,1,0,1,1,1,0,0,1,1,1,1,1,1,0,0,0,0,1,1,0,1,0,1,1,1,0,0,1,0,0,1,0,0,0,0,1,0,1,1,1,0,0,0,0,1,1,0,1,0,1,1,0,0,0,0,0,0,0,0,0,2,0,0,0,1,0,0,0,1,1,0,1,1,1,0,1,1,0,1,0,2,0,0,0,0,0,0,0,307,60
10,Male,0,3,649,21.3,2,2,1,2,2,2,2,2,2,2,2,2,2,2,2,2,2,1,2,2,2,0,2,2,2,1,2,2,2,0,2,1,2,2,1,2,2,1,2,2,1,2,2,1,1,1,2,2,2,2,1,2,2,2,1,1,2,2,2,1,2,2,2,1,2,1,2,2,2,1,2,2,2,1,2,2,2,1,2,2,2,1,1,1,2,1,2,2,1,1,1,2,2,2,2,2,2,2,2,2,2,2,2,2,2,2,2,2,2,2,1,2,2,2,2,2,2,2,2,1,2,2,1,1,1,2,1,2,0,2,1,2,1,1,2,2,1,1,2,2,1,2,1,1,1,1,1,1,2,1,0,1,1,2,1,1,1,2,1,1,2,1,1,2,2,2,2,1,2,1,2,2,2,1,1,1,1,1,1,2,2,2,2,1,1,1,2,1,1,2,2,2,0,2,1,0,2,2,1,2,1,2,1,2,1,1,1,2,0,1,1,1,1,0,1,1,1,1,2,2,2,2,1,1,2,2,0,1,2,2,1,1,1,1,2,2,2,2,2,2,2,2,1,1,2,2,2,2,1,2,2,1,1,2,2,0,2,2,2,2,2,2,1,2,2,1,1,1,1,1,2,1,2,2,2,2,2,1,2,1,1,2,1,1,1,1,1,1,1,1,1,2,1,2,1,2,1,2,0,1,2,2,1,2,2,2,2,0,2,1,1,1,1,1,1,2,2,2,1,1,2,1,1,1,1,1,2,2,1,1,2,0,1,2,1,0,2,2,1,2,2,2,2,1,1,1,1,1,1,1,1,0,2,1,1,1,1,1,2,0,1,1,0,0,0,1,0,1,1,1,0,0,0,0,1,1,0,1,0,1,1,0,0,0,0,0,0,0,0,0,2,0,0,0,1,0,0,0,1,1,0,1,1,1,0,1,1,0,1,0,2,0,0,0,0,0,0,0,366,197
11,Male,0,4,441,14.5,0,0,0,0,0,0,0,0,0,0,0,0,0,0,0,0,0,0,0,0,0,0,2,0,0,0,0,0,0,0,0,0,0,0,0,0,0,0,0,0,0,0,0,0,0,0,0,0,0,0,0,0,0,0,0,0,0,0,0,0,0,0,0,0,0,0,0,0,0,0,0,0,0,0,0,0,0,0,0,0,0,0,0,0,0,0,0,0,0,0,0,0,0,0,0,0,0,0,0,1,0,0,0,0,0,0,0,0,0,0,0,1,0,0,1,0,0,0,0,0,0,0,0,0,0,0,0,0,0,0,0,0,0,0,0,0,0,0,0,0,0,0,0,0,0,0,0,0,0,0,0,0,0,0,0,0,0,0,0,0,0,0,0,0,0,0,0,0,0,0,0,0,0,0,0,0,0,0,0,0,0,0,0,0,0,0,0,0,0,0,0,0,0,0,0,0,0,0,0,0,0,0,0,0,0,0,0,0,0,0,0,0,0,0,0,0,0,0,0,0,0,0,0,0,0,0,0,0,0,0,0,0,0,0,0,0,0,0,0,0,0,0,0,0,0,0,0,0,0,0,0,0,0,0,0,0,0,0,0,0,0,0,0,0,0,0,0,0,0,0,0,0,0,0,0,0,0,0,0,0,0,0,0,0,0,0,0,0,0,0,0,0,0,0,0,0,0,0,0,0,0,0,0,0,0,0,0,0,0,0,0,0,0,0,0,0,0,0,0,0,0,0,0,0,0,0,0,0,0,0,0,0,0,0,0,0,0,0,0,0,0,0,0,0,0,0,0,0,0,0,0,0,0,0,0,0,0,0,0,0,0,0,0,0,0,0,0,0,0,0,0,0,0,0,0,0,0,0,0,0,0,0,0,0,0,0,0,0,0,0,0,0,0,0,0,0,0,0,0,0,0,0,0,0,0,0,0,0,0,0,0,0,0,0,0,0,0,0,4,1
11,Male,0,4,533,17.5,0,2,0,0,0,0,2,0,0,0,2,1,0,0,0,0,0,0,1,0,0,0,2,0,0,0,0,0,0,0,0,0,0,0,0,0,0,0,0,0,0,0,0,0,0,0,0,0,0,0,0,0,1,1,0,0,1,0,0,0,0,0,0,0,0,0,0,0,0,0,0,0,0,0,0,0,0,0,0,0,0,0,0,0,2,0,0,0,0,0,0,0,0,0,0,0,0,0,2,1,0,0,0,0,0,0,0,0,0,0,0,1,0,1,1,0,0,0,0,0,0,0,0,0,0,1,0,0,0,2,0,0,0,0,2,0,1,0,0,0,0,1,0,0,0,0,0,0,0,0,0,0,0,0,0,0,0,0,0,0,0,0,0,0,0,0,0,0,0,0,0,0,0,0,0,0,0,0,0,0,0,0,0,0,0,0,0,0,0,0,0,0,0,1,0,1,0,0,0,0,0,2,0,0,0,0,0,1,0,0,0,0,0,0,0,0,0,0,0,0,1,0,0,0,0,0,0,0,2,0,0,0,0,0,0,0,0,0,0,2,1,0,0,0,2,0,1,0,0,1,2,0,1,1,2,0,1,0,2,0,1,0,0,2,0,0,0,0,0,0,0,0,0,0,0,0,0,0,0,0,0,0,0,0,0,0,0,0,0,0,0,0,0,0,0,0,0,1,0,0,0,0,0,0,0,0,0,0,0,0,0,0,0,0,0,0,0,0,0,0,0,0,0,0,0,0,0,0,0,0,0,0,2,0,0,0,0,0,0,0,0,0,2,0,0,0,0,0,0,0,0,0,1,0,0,0,0,0,0,0,0,0,0,0,0,0,0,0,0,0,0,0,0,0,1,0,0,0,0,1,0,0,0,0,0,0,0,0,0,0,0,0,0,0,0,0,0,0,1,0,0,0,0,1,1,0,0,0,0,0,1,0,0,0,0,0,0,0,49,18
11,Male,0,4,588,19.3,0,2,0,0,1,0,2,0,0,0,2,1,0,0,0,0,0,0,2,0,0,0,2,0,0,0,0,0,0,0,0,0,0,0,0,0,0,0,1,0,0,0,0,0,0,0,0,0,2,0,0,0,1,1,0,1,1,2,0,0,2,0,0,0,0,0,0,2,0,0,0,0,0,0,0,0,0,0,0,0,0,0,0,0,2,0,1,0,0,0,0,0,0,2,0,0,0,0,2,2,0,0,0,0,0,0,0,0,0,0,0,2,2,1,1,0,0,0,1,0,0,0,0,0,0,1,0,0,0,2,0,1,1,0,2,0,1,0,1,0,1,1,0,0,0,0,0,0,0,0,0,0,0,0,0,0,0,0,0,0,0,0,0,0,0,0,0,0,0,0,0,0,0,0,0,0,0,0,0,0,0,1,0,0,0,0,1,0,0,0,0,0,0,1,0,2,0,0,0,0,0,2,0,0,0,0,0,1,0,0,0,0,0,0,0,1,0,0,0,1,2,0,0,0,2,0,0,0,2,0,0,0,0,0,0,2,0,0,0,2,2,0,0,0,2,0,2,0,0,2,2,0,1,2,2,0,2,0,2,2,2,0,0,2,0,0,0,0,0,0,0,0,1,0,1,0,0,0,0,0,0,0,0,0,0,1,0,0,0,0,0,0,0,0,0,0,0,1,0,0,0,0,0,0,0,0,0,0,0,0,0,0,0,0,0,0,0,1,0,1,1,0,0,0,0,0,0,0,0,0,0,0,2,0,0,0,0,0,0,0,0,0,2,0,0,0,0,0,0,0,0,0,1,0,0,0,0,0,0,0,0,0,0,0,0,0,0,0,0,0,0,0,0,0,2,0,0,0,0,1,0,0,0,0,0,0,0,0,1,0,0,0,0,0,0,0,0,0,1,0,0,2,1,1,1,0,0,0,0,0,1,0,0,0,0,0,0,0,80,40
11,Male,0,4,623,20.5,0,2,0,0,1,0,2,2,0,0,2,1,0,0,0,0,0,0,2,0,0,0,2,0,0,0,0,0,0,0,0,0,0,0,0,0,0,0,1,0,0,0,0,0,0,0,0,0,2,0,0,1,1,2,0,1,2,2,0,0,2,0,0,0,0,0,0,2,2,0,0,0,0,0,0,0,0,0,0,0,0,0,0,0,2,0,1,0,0,0,0,0,2,2,0,0,0,0,2,2,0,1,1,0,1,1,0,0,0,0,0,2,2,1,1,0,2,0,1,0,1,1,0,0,0,2,0,0,0,2,0,1,1,0,2,0,1,0,1,0,1,1,1,0,0,1,0,0,1,0,0,0,0,1,0,0,0,0,0,0,0,0,0,0,0,0,0,0,0,0,0,0,0,0,0,0,0,0,0,0,0,1,0,0,2,0,1,0,0,0,0,0,0,1,0,2,2,0,0,0,0,2,0,0,0,0,0,1,0,0,0,0,0,0,0,1,0,0,2,1,2,2,0,0,2,0,0,0,2,0,0,0,0,0,0,2,0,0,0,2,2,0,0,0,2,2,2,0,1,2,2,1,1,2,2,0,2,1,2,2,2,1,0,2,0,0,0,0,0,0,0,0,1,0,1,0,0,0,0,0,0,0,0,0,0,1,0,0,0,0,0,0,0,0,0,0,0,1,0,0,0,0,0,1,0,0,1,0,0,0,0,0,0,0,0,1,0,1,0,1,1,0,0,0,0,0,0,0,0,0,0,0,2,0,0,0,0,0,0,2,0,0,2,0,0,0,0,0,0,0,0,0,1,0,0,0,0,0,0,0,0,0,0,0,0,0,0,0,0,2,0,0,0,0,2,0,0,0,0,1,0,0,0,0,0,0,0,0,1,0,0,0,0,0,0,0,0,0,2,0,0,2,1,1,1,0,0,0,0,0,1,0,0,0,0,0,0,0,109,55
13,Male,0,5,546,17.9,0,1,0,2,2,0,0,0,1,2,2,2,1,0,0,1,1,0,2,1,0,0,2,0,0,1,1,1,1,0,0,1,0,1,1,0,0,0,1,0,0,1,1,0,1,0,0,1,0,1,1,1,2,2,0,0,1,2,1,0,2,1,1,1,1,1,2,2,2,0,0,1,1,1,2,1,2,0,1,1,0,1,1,1,2,1,1,1,1,2,2,2,0,1,0,1,0,1,1,2,1,1,1,1,0,1,1,1,0,1,0,1,1,1,1,0,0,1,2,2,1,2,1,1,0,2,0,1,0,1,0,1,1,0,2,1,2,1,1,1,1,2,1,0,1,1,1,0,1,1,0,1,0,1,2,1,1,0,0,0,1,1,0,2,0,1,0,0,1,1,1,1,1,0,0,1,1,1,2,1,1,1,0,0,2,1,2,1,1,1,1,0,0,1,0,0,1,0,0,1,0,0,1,1,1,0,0,0,0,0,1,0,0,1,0,2,0,0,2,1,1,1,0,0,2,0,1,0,1,0,0,0,0,1,0,1,1,0,0,1,2,0,0,0,1,2,2,1,1,2,0,1,1,2,2,0,1,2,0,1,1,0,0,2,1,2,0,1,0,0,0,0,1,0,2,0,2,0,0,0,0,1,1,1,0,0,1,1,1,0,0,0,1,0,0,2,0,2,0,0,1,0,0,1,1,0,0,1,1,0,1,1,0,0,0,1,1,1,1,1,1,0,1,0,0,1,1,1,1,0,0,0,2,0,0,1,0,0,1,0,0,0,1,0,0,0,0,1,1,0,0,0,0,0,1,1,0,1,1,0,0,0,0,0,0,1,0,1,1,0,0,0,0,0,0,0,0,0,0,1,1,0,0,0,0,1,1,0,0,0,2,0,0,0,0,0,1,0,2,0,0,1,0,1,0,1,0,0,0,0,1,0,0,0,0,0,0,0,225,52
13,Male,0,5,626,20.6,2,2,0,2,2,2,2,2,2,2,2,2,1,0,2,2,2,0,2,1,2,0,2,0,2,2,2,2,1,0,2,1,0,1,2,0,0,2,1,0,0,1,2,0,2,0,2,1,0,1,2,2,2,2,2,0,2,2,2,2,2,2,2,1,2,1,2,2,2,2,0,2,2,2,2,2,2,0,2,2,0,1,1,1,2,1,2,2,1,2,2,2,2,1,2,1,0,2,2,2,2,2,1,1,0,2,2,2,0,2,2,2,2,2,2,0,0,2,2,2,2,2,2,1,2,2,0,2,0,2,0,2,2,0,2,1,2,1,2,1,1,2,1,0,1,2,1,0,2,1,2,2,2,2,2,2,2,0,0,0,2,2,0,2,2,2,0,0,2,2,2,2,2,1,1,2,2,2,2,2,2,1,0,0,2,2,2,2,2,1,1,2,0,2,0,0,1,0,0,1,0,1,1,2,2,2,0,1,1,2,2,0,1,1,0,2,0,0,2,2,1,1,0,0,2,1,1,0,2,2,1,1,0,2,1,1,1,0,0,2,2,0,0,2,2,2,2,2,2,2,1,2,1,2,2,0,2,2,2,2,2,1,1,2,2,2,0,1,0,0,0,0,1,1,2,0,2,0,2,0,1,2,1,1,1,1,1,1,1,1,0,1,1,1,2,2,2,2,0,1,2,2,0,2,1,1,0,1,1,2,2,1,0,0,0,2,2,2,1,2,2,0,1,1,0,1,1,1,1,0,1,0,2,2,0,2,2,1,1,1,2,1,2,1,1,2,0,1,2,2,1,1,2,1,1,1,1,2,2,1,1,2,2,1,1,1,1,1,1,2,1,1,2,0,0,0,0,0,1,2,2,0,0,0,0,1,1,1,0,1,2,2,0,0,1,0,1,0,2,0,1,2,2,1,0,1,2,0,2,0,2,0,0,0,0,0,0,1,316,198
13,Male,0,5,716,23.5,2,2,0,2,2,2,2,2,2,2,2,2,1,0,2,2,2,2,2,2,2,0,2,0,2,2,2,2,1,0,2,1,0,1,2,2,2,2,2,0,0,2,2,0,2,0,2,2,0,2,2,2,2,2,2,0,2,2,2,2,2,2,2,1,2,2,2,2,2,2,0,2,2,2,2,2,2,0,2,2,0,2,2,2,2,2,2,2,1,2,2,2,2,2,2,2,0,2,2,2,2,2,2,1,1,2,2,2,1,2,2,2,2,2,2,0,2,2,2,2,2,2,2,1,2,2,1,2,0,2,2,2,2,2,2,1,2,2,2,2,1,2,1,0,1,2,1,0,2,1,2,2,2,2,2,2,2,2,2,0,2,2,2,2,2,2,0,2,2,2,2,2,2,2,2,2,2,2,2,2,2,2,0,0,2,2,2,2,2,2,2,2,0,2,0,0,2,2,2,2,2,2,2,2,2,2,0,2,2,2,2,2,2,1,0,2,0,0,2,2,2,2,2,0,2,1,2,1,2,2,1,1,2,2,2,1,1,1,1,2,2,2,2,2,2,2,2,2,2,2,2,2,2,2,2,0,2,2,2,2,2,2,2,2,2,2,2,2,2,0,2,0,2,2,2,2,2,1,2,2,2,2,1,2,2,2,2,2,2,2,0,2,2,2,2,2,2,2,1,2,2,2,1,2,2,2,2,1,1,2,2,1,2,1,1,2,2,2,1,2,2,1,2,2,1,2,2,2,2,2,2,0,2,2,2,2,2,2,2,0,2,2,2,1,2,2,0,1,2,2,1,1,2,2,2,2,2,2,2,1,1,2,2,1,1,2,1,1,1,2,2,1,2,0,0,1,0,1,2,2,2,1,1,1,1,1,1,1,0,2,2,2,1,2,2,2,1,2,2,2,1,2,2,2,2,1,2,2,2,1,2,2,2,0,0,0,2,2,372,308
13,Male,0,5,820,27,2,2,0,2,2,2,2,2,2,2,2,2,2,2,2,2,2,2,2,2,2,0,2,2,2,2,2,2,2,0,2,2,2,2,2,2,2,2,2,2,2,2,2,0,2,0,2,2,2,2,2,2,2,2,2,0,2,2,2,2,2,2,2,2,2,2,2,2,2,2,2,2,2,2,2,2,2,2,2,2,2,2,2,2,2,2,2,2,2,2,2,2,2,2,2,2,0,2,2,2,2,2,2,2,2,2,2,2,2,2,2,2,2,2,2,0,2,2,2,2,2,2,2,2,2,2,1,2,2,2,2,2,2,2,2,2,2,2,2,2,2,2,1,0,1,2,2,0,2,1,2,2,2,2,2,2,2,2,2,2,2,2,2,2,2,2,2,2,2,2,2,2,2,2,2,2,2,2,2,2,2,2,0,2,2,2,2,2,2,2,2,2,2,2,0,2,2,2,2,2,2,2,2,2,2,2,0,2,2,2,2,2,2,2,0,2,2,2,2,2,2,2,2,2,2,2,2,2,2,2,2,2,2,2,2,2,2,2,2,2,2,2,2,2,2,2,2,2,2,2,2,2,2,2,2,2,2,2,2,2,2,2,2,2,2,2,2,2,2,2,2,2,2,2,2,2,2,2,2,2,2,2,2,2,2,2,2,2,2,2,2,2,2,2,2,2,2,2,2,2,2,2,2,2,2,2,2,2,2,2,2,2,2,2,2,2,2,2,2,2,2,2,2,2,2,2,2,2,2,2,2,2,2,2,2,2,2,2,2,2,2,2,2,2,2,2,2,2,2,2,2,2,2,2,2,2,2,2,2,2,2,2,2,2,2,2,2,2,2,2,2,2,2,2,2,2,2,2,2,2,2,2,2,2,2,2,2,2,2,2,2,2,2,2,2,2,2,2,2,2,2,2,2,2,2,2,2,2,2,2,2,2,2,2,2,2,2,2,404,400
13,Male,0,5,869,28.6,2,2,0,2,2,2,2,2,2,2,2,2,2,2,2,2,2,2,2,2,2,0,2,2,2,2,2,2,2,0,2,2,2,2,2,2,2,2,2,2,2,2,2,2,2,2,2,2,2,2,2,2,2,2,2,0,2,2,2,2,2,2,2,2,2,2,2,2,2,2,2,2,2,2,2,2,2,2,2,2,2,2,2,2,2,2,2,2,2,2,2,2,2,2,2,2,2,2,2,2,2,2,2,2,2,2,2,2,2,2,2,2,2,2,2,0,2,2,2,2,2,2,2,2,2,2,2,2,2,2,2,2,2,2,2,2,2,2,2,2,2,2,1,0,1,2,2,0,2,2,2,2,2,2,2,2,2,2,2,2,2,2,2,2,2,2,2,2,2,2,2,2,2,2,2,2,2,2,2,2,2,2,2,2,2,2,2,2,2,2,2,2,2,2,0,2,2,2,2,2,2,2,2,2,2,2,0,2,2,2,2,2,2,2,0,2,2,2,2,2,2,2,2,2,2,2,2,2,2,2,2,2,2,2,2,2,2,2,2,2,2,2,2,2,2,2,2,2,2,2,2,2,2,2,2,2,2,2,2,2,2,2,2,2,2,2,2,2,2,2,2,2,2,2,2,2,2,2,2,2,2,2,2,2,2,2,2,2,2,2,2,2,2,2,2,2,2,2,2,2,2,2,2,2,2,2,2,2,2,2,2,2,2,2,2,2,2,2,2,2,2,2,2,2,2,2,2,2,2,2,2,2,2,2,2,2,2,2,2,2,2,2,2,2,2,2,2,2,2,2,2,2,2,2,2,2,2,2,2,2,2,2,2,2,2,2,2,2,2,2,2,2,2,2,2,2,2,2,2,2,2,2,2,2,2,2,2,2,2,2,2,2,2,2,2,2,2,2,2,2,2,2,2,2,2,2,2,2,2,2,2,2,2,2,2,2,2,2,408,406
13,Male,0,2,515,16.9,2,2,2,0,0,2,0,2,0,2,0,1,0,0,0,1,0,0,2,1,2,0,2,0,2,0,1,1,0,0,1,1,0,1,1,1,0,0,1,0,1,2,1,0,0,0,1,1,1,1,1,1,1,2,1,0,1,2,2,0,1,2,0,1,1,1,1,2,1,1,1,1,1,1,2,1,0,0,1,1,1,1,0,1,2,0,2,1,1,1,0,0,0,1,1,0,1,0,1,1,1,1,1,1,1,1,1,1,0,1,0,1,0,1,2,1,1,0,0,0,1,1,1,0,1,1,0,1,0,2,0,1,1,0,1,0,1,0,1,1,0,1,1,0,1,1,1,0,0,0,0,0,0,1,0,1,1,0,0,0,0,0,1,2,0,0,0,0,1,0,1,1,1,0,1,1,0,0,0,1,0,1,0,1,1,0,1,1,0,0,0,1,1,1,1,0,1,0,0,0,0,1,1,1,0,0,1,1,0,1,0,0,1,0,0,1,0,1,1,1,1,1,1,0,1,1,1,0,2,0,0,0,0,0,0,1,1,0,0,2,0,0,0,1,0,1,2,1,1,2,0,1,1,1,2,0,1,1,1,1,1,1,0,2,1,1,1,0,1,0,1,1,1,1,2,1,1,1,1,0,1,1,1,1,0,1,1,1,1,1,0,1,0,1,0,1,1,1,0,1,1,1,0,1,1,1,1,0,1,1,1,1,0,0,0,1,1,1,1,0,1,1,0,0,1,1,1,1,1,1,1,0,1,1,1,1,0,1,1,1,1,2,1,1,0,0,0,0,1,0,1,0,1,1,0,1,0,0,1,0,0,0,0,0,0,0,1,1,1,1,0,0,0,0,1,1,0,1,0,0,1,0,0,0,0,0,0,0,0,0,0,0,1,0,1,0,0,0,0,0,0,1,1,0,0,1,0,0,1,1,0,0,0,0,0,0,0,0,241,30
13,Male,0,2,639,21,2,2,2,1,2,2,1,2,1,2,2,1,1,2,1,2,2,1,2,1,2,0,2,0,2,1,1,2,1,1,1,1,1,2,2,1,1,1,2,1,1,2,1,1,1,0,1,2,2,2,1,2,2,2,1,1,2,2,2,0,2,2,1,1,2,2,2,2,2,2,2,2,1,2,2,2,1,0,2,2,2,1,1,1,2,0,2,2,2,1,1,0,1,2,2,1,2,1,2,2,2,2,1,1,1,2,2,2,1,2,0,2,1,2,2,1,1,1,2,0,2,2,1,1,2,2,1,1,1,2,1,2,2,1,2,1,2,1,2,2,1,2,1,0,1,1,1,0,2,1,1,1,1,2,2,2,1,1,1,1,2,1,2,2,1,1,2,1,2,1,2,1,1,1,1,1,0,1,0,2,1,2,1,2,1,1,1,1,1,0,1,2,2,2,2,0,2,1,0,1,0,2,1,1,0,1,1,1,1,1,1,1,1,1,0,1,1,1,2,2,2,1,1,0,2,1,1,1,2,1,1,0,1,0,1,2,1,0,1,2,0,0,1,1,2,2,2,1,1,2,1,1,1,2,2,1,2,2,2,2,2,1,1,2,1,1,1,0,2,1,1,1,1,2,2,1,1,1,2,1,1,2,1,1,0,1,1,1,1,1,1,1,1,2,1,1,1,2,1,1,1,2,1,1,2,1,1,1,2,1,1,1,0,1,1,1,1,2,1,1,2,2,1,1,1,1,2,2,1,1,1,0,1,1,1,1,2,1,1,1,2,2,2,1,1,1,0,2,1,0,1,1,2,1,1,1,0,1,1,1,0,2,1,0,1,1,1,2,2,2,1,1,1,1,1,1,0,1,1,1,2,0,1,0,0,0,0,1,0,1,2,1,1,0,1,0,1,1,2,1,0,1,1,1,0,1,1,1,2,1,2,0,0,1,1,1,2,1,371,145
16,Male,0,5,518,17,0,0,0,0,0,0,0,1,2,0,0,0,0,0,0,0,0,0,1,0,0,0,0,0,0,0,0,0,0,0,0,0,0,0,0,0,0,0,0,0,0,0,0,0,0,0,0,0,0,0,0,0,0,0,0,0,0,0,0,0,1,1,0,0,0,0,0,1,0,0,0,0,0,0,0,0,0,0,0,0,0,0,0,0,0,0,0,0,0,0,0,0,0,0,0,0,0,0,0,0,0,0,0,0,0,0,0,1,0,0,0,0,0,1,0,0,0,0,0,0,0,0,0,0,0,1,0,0,0,0,0,0,0,0,1,0,0,0,0,0,0,0,0,0,0,0,0,0,0,0,0,0,0,0,0,0,1,0,0,0,0,0,0,0,0,0,0,0,0,0,0,0,0,0,0,0,0,0,0,0,0,0,0,0,0,0,1,0,0,0,0,0,0,0,0,0,0,0,0,0,0,0,0,0,1,0,0,0,0,0,0,0,0,0,0,0,0,0,1,0,1,0,0,0,0,0,0,0,1,0,0,0,0,0,0,0,0,0,0,1,1,0,0,0,1,0,1,0,0,1,0,0,0,1,0,0,1,0,1,0,0,0,0,0,0,0,0,0,0,0,0,0,0,0,1,0,0,0,1,0,0,0,0,0,0,0,0,0,0,0,0,0,0,0,0,0,0,1,0,0,0,0,0,0,0,0,0,0,0,0,0,0,0,0,0,1,0,0,0,0,0,0,0,0,0,0,0,0,0,0,0,0,1,0,0,0,0,0,0,0,0,0,0,0,0,0,0,0,0,0,0,0,0,0,0,0,0,1,0,0,0,0,0,0,0,0,0,0,0,0,0,0,0,0,0,0,0,0,0,0,0,0,0,0,0,0,0,0,0,0,0,0,0,0,0,0,0,0,0,0,0,0,0,0,0,0,0,0,0,0,0,0,0,0,0,0,0,0,30,1
16,Male,0,5,604,19.9,0,0,0,0,0,0,0,1,2,0,0,0,0,0,0,0,0,0,2,0,0,0,1,0,0,0,0,0,0,0,0,1,0,0,0,0,0,0,0,0,0,0,0,0,0,0,0,0,0,0,0,0,0,1,0,1,0,1,0,0,1,1,0,0,0,1,0,1,1,0,0,0,0,0,0,0,0,0,1,0,0,0,0,0,1,0,1,0,0,0,0,0,0,0,0,0,0,0,0,0,0,0,0,0,0,0,0,1,0,0,0,0,0,1,0,0,0,0,1,0,0,0,0,1,0,1,0,1,0,0,0,0,1,0,1,0,0,0,0,0,0,0,0,0,0,0,0,0,0,0,0,0,0,0,0,0,1,0,0,0,0,0,0,0,0,0,0,0,0,0,0,0,0,0,0,0,0,0,0,0,0,0,0,0,0,0,1,0,0,0,0,0,0,0,0,0,0,0,0,0,0,0,0,0,1,0,0,0,0,0,0,0,0,0,0,0,0,0,1,0,1,0,0,0,0,0,0,0,1,0,0,0,0,0,0,1,2,0,0,1,1,0,0,0,1,0,2,0,0,1,0,0,0,1,0,0,1,0,1,0,0,0,0,0,0,0,0,0,0,0,0,0,0,0,1,0,0,0,1,0,0,0,0,0,0,0,0,0,0,0,0,0,0,0,0,0,0,1,0,0,0,0,0,0,0,0,0,0,1,0,0,0,0,0,0,1,0,0,0,0,1,0,0,0,0,0,0,0,0,0,0,0,1,1,0,0,0,0,0,0,0,0,0,0,1,0,0,0,0,0,0,0,0,0,0,0,0,1,0,0,0,0,0,0,0,0,0,0,0,0,0,0,0,0,0,0,0,0,0,0,0,0,0,0,0,0,0,0,0,0,0,0,0,0,0,0,0,0,0,0,0,0,0,0,0,0,0,0,0,0,0,0,0,0,0,0,0,0,50,4
16,Male,0,5,644,21.2,0,0,0,0,0,0,0,1,2,0,1,0,0,0,0,0,0,0,2,0,0,0,1,0,0,0,0,0,0,0,0,1,0,0,1,0,0,0,0,0,1,0,0,0,0,0,0,0,0,0,0,0,0,1,0,1,0,1,2,0,1,2,0,0,0,1,1,1,1,0,0,0,0,0,0,0,0,0,1,0,0,1,0,0,2,0,1,0,0,0,0,0,0,0,0,0,0,0,0,0,0,0,0,0,0,0,0,1,0,0,0,1,0,1,0,1,0,0,1,0,0,0,0,1,0,1,0,1,0,0,0,0,1,0,1,0,1,0,0,0,0,0,0,0,0,0,0,0,0,0,0,0,0,0,0,0,1,0,0,0,0,0,0,0,0,0,0,0,0,0,0,0,0,0,0,0,0,0,0,0,0,0,0,0,0,0,1,0,0,0,0,0,0,0,0,0,0,0,0,0,0,0,0,0,1,0,0,0,0,0,0,0,0,0,0,0,0,0,1,0,1,0,0,0,1,0,0,0,1,0,0,0,0,0,0,1,2,0,0,1,2,0,0,0,1,0,2,0,0,1,0,0,0,1,0,0,1,0,1,0,0,0,0,0,0,0,0,0,0,0,0,0,0,0,1,0,0,0,1,0,0,0,0,0,0,0,0,0,0,0,0,0,0,0,0,0,0,1,0,0,0,0,0,0,0,0,0,0,1,0,0,0,0,0,0,1,0,0,0,0,1,0,0,0,0,0,0,0,0,0,0,0,1,1,0,0,0,0,0,0,0,0,0,0,1,0,0,0,0,0,0,0,0,0,0,0,0,1,0,0,0,0,0,0,0,0,0,0,0,0,0,0,0,0,0,0,0,0,0,0,0,0,0,0,0,0,0,0,0,0,0,0,0,0,0,0,0,0,0,0,0,0,0,0,0,0,0,0,0,0,0,0,0,0,0,0,0,0,60,8
16,Male,0,5,708,23.3,0,2,0,0,0,0,0,2,2,0,1,0,0,0,2,0,2,0,2,0,0,0,2,0,2,0,2,0,0,0,0,1,0,0,1,0,0,0,0,0,1,0,0,0,0,0,1,0,0,0,0,0,0,1,0,1,0,1,2,0,1,2,0,0,0,1,1,2,2,0,0,0,0,0,0,0,0,0,1,0,1,1,0,0,2,0,1,0,0,0,0,0,0,0,0,0,0,0,0,0,0,0,0,0,0,0,0,1,1,0,0,1,0,1,0,1,0,0,1,0,0,0,0,1,0,1,0,1,0,2,0,0,1,0,1,0,1,0,0,0,0,2,0,0,0,0,0,0,0,0,0,0,0,0,0,1,1,0,0,0,0,0,0,0,0,0,0,0,0,0,0,0,0,0,0,0,0,0,0,0,0,0,0,0,0,0,1,0,0,0,0,0,0,0,0,0,0,0,0,0,0,0,0,0,1,0,0,0,0,0,0,0,0,0,0,0,0,0,1,0,1,0,0,0,2,0,0,0,2,0,0,0,0,0,0,1,2,0,0,2,2,0,0,0,1,0,2,0,0,1,2,0,0,2,0,0,1,0,2,0,0,2,0,0,0,0,0,0,0,0,0,0,0,0,1,0,0,0,1,0,0,0,0,0,0,0,0,0,0,0,0,0,0,0,0,0,0,1,0,0,0,0,0,0,0,0,0,0,1,0,0,0,0,0,0,1,0,0,0,0,1,0,0,0,0,0,0,0,0,0,0,0,2,1,0,0,0,0,0,0,0,0,0,0,1,0,0,0,0,0,0,0,0,0,0,0,0,1,0,0,0,0,0,0,0,0,0,0,0,0,0,0,0,0,0,0,0,0,0,0,0,0,0,0,0,0,0,0,0,2,2,0,0,0,0,0,0,0,0,0,0,0,0,0,0,0,0,0,0,0,2,0,0,0,0,0,0,0,76,30
16,Male,0,5,814,26.8,2,2,0,0,2,2,0,2,2,0,2,0,0,0,2,0,2,0,2,1,2,0,2,0,2,0,2,0,2,0,2,1,0,2,1,0,0,0,2,0,1,2,2,0,2,0,2,2,0,2,0,0,0,2,0,1,2,1,2,0,2,2,0,0,2,1,2,2,2,0,0,2,2,0,0,0,0,0,1,0,1,1,0,0,2,0,2,0,0,0,2,0,2,0,2,0,0,0,1,1,1,1,2,0,0,2,0,1,1,1,0,1,2,2,2,1,2,0,2,0,1,2,0,1,1,2,0,1,1,2,0,2,1,0,1,0,1,0,1,0,1,2,1,1,1,1,1,1,1,1,0,1,0,1,1,2,1,0,1,0,0,0,0,2,0,1,0,0,2,0,1,0,1,0,1,2,0,1,1,2,0,2,0,0,2,0,2,0,0,0,0,2,0,1,1,0,1,0,0,1,0,1,0,2,1,0,0,0,0,0,0,0,0,0,0,0,0,0,1,2,1,1,1,1,2,0,0,0,2,0,0,0,0,0,0,2,2,0,0,2,2,0,0,0,1,1,2,1,0,2,2,0,0,2,2,0,2,2,2,0,2,2,0,1,0,0,0,0,0,0,0,0,0,0,1,0,0,2,1,0,0,1,0,0,0,0,0,0,0,0,0,0,0,0,0,0,0,1,0,0,1,0,0,0,1,0,0,1,1,0,0,0,0,0,0,1,1,1,0,1,1,1,0,0,0,0,0,1,0,0,0,0,2,1,0,0,2,0,0,0,0,1,0,0,1,0,0,0,0,0,0,0,0,0,0,0,0,1,0,0,0,2,0,0,0,0,0,0,0,0,2,0,0,0,0,0,0,0,0,0,0,0,0,0,0,0,0,0,0,2,2,0,0,0,0,0,0,0,0,0,0,0,2,0,0,0,0,0,0,0,2,0,0,0,0,0,0,0,170,88
17,Male,0,2,477,15.7,0,1,0,1,0,0,0,0,2,1,0,1,0,0,0,0,0,1,1,0,0,0,1,0,0,0,0,0,0,0,0,0,0,0,0,0,0,0,0,0,0,0,0,0,0,0,0,0,0,0,0,0,0,0,0,1,0,0,0,1,0,0,0,0,0,0,0,2,0,0,0,0,0,0,0,0,0,0,0,0,0,0,0,0,0,0,0,0,0,0,0,0,0,0,0,0,0,0,0,0,0,0,0,0,0,0,0,0,0,0,0,0,0,0,0,0,0,0,0,0,0,0,0,0,0,1,0,0,0,0,0,0,0,0,1,0,1,0,0,0,0,0,0,0,0,0,0,0,0,0,0,0,0,0,0,0,0,0,0,0,0,0,0,0,0,0,0,0,0,0,0,0,0,0,0,0,0,0,0,0,0,0,0,0,0,0,1,0,0,0,0,0,0,0,0,0,0,0,0,0,0,0,0,0,0,0,0,0,0,0,0,0,0,0,0,0,0,0,0,0,1,0,0,1,0,0,1,0,0,0,0,0,0,0,0,2,2,0,0,2,0,0,0,0,0,0,1,0,0,1,0,0,0,0,0,1,1,0,0,0,0,0,0,0,0,0,0,0,0,0,0,0,0,0,1,0,0,0,0,0,0,0,0,0,0,0,0,0,0,0,0,0,0,0,0,0,0,1,0,0,0,0,0,0,0,0,0,0,0,0,0,0,0,0,0,0,0,0,0,0,0,0,0,0,0,0,0,0,0,0,0,0,0,0,0,0,0,0,0,0,0,0,0,0,0,0,0,0,0,0,0,0,0,0,0,0,0,0,0,0,0,0,0,0,0,0,0,0,0,0,0,0,0,0,0,0,0,0,0,0,0,0,0,0,0,0,0,0,0,0,0,0,0,0,0,0,0,0,0,0,0,0,0,0,0,0,0,0,0,0,0,0,0,0,0,0,0,0,27,5
17,Male,0,2,554,18.2,1,1,0,1,1,1,2,1,2,1,1,1,0,0,0,1,0,1,1,1,1,0,1,0,1,0,0,0,2,0,0,0,0,1,1,0,0,0,1,0,1,1,1,1,1,0,1,1,1,1,1,1,1,1,1,1,1,1,1,1,1,1,1,1,1,1,1,2,1,1,1,1,0,1,1,1,1,0,1,1,1,1,1,1,1,1,1,1,1,1,1,1,1,1,1,1,1,1,1,1,1,1,1,1,1,1,1,1,0,1,0,1,1,1,1,0,1,1,1,0,1,1,1,1,1,1,0,1,1,1,1,1,1,1,1,1,1,1,1,1,1,1,0,0,1,1,1,0,0,1,0,1,1,1,1,1,1,0,0,0,1,1,1,0,1,0,0,0,0,1,1,1,1,0,0,1,1,1,0,1,0,1,0,0,1,1,1,1,1,0,1,1,0,1,0,0,1,1,1,1,0,1,0,1,1,1,0,1,1,0,1,0,1,1,0,1,0,1,1,1,1,1,0,1,1,1,1,0,0,0,1,1,0,0,1,2,2,0,0,2,2,0,0,1,1,1,1,0,0,1,1,1,1,1,2,1,1,1,1,1,2,1,1,1,1,1,0,1,1,0,0,1,0,1,1,0,1,1,1,0,1,1,0,1,0,0,1,1,1,0,0,1,1,1,1,0,0,1,0,0,1,1,0,1,1,1,1,0,0,0,0,0,0,1,0,0,0,1,1,1,1,0,0,0,0,1,1,1,0,0,1,0,1,0,0,0,0,0,1,0,0,0,0,0,1,0,0,0,0,0,1,0,0,1,0,0,0,0,0,0,0,0,1,0,0,0,0,0,0,1,0,0,0,0,0,0,0,0,0,1,0,0,0,0,0,0,0,0,0,0,1,0,0,0,0,0,0,0,0,0,0,0,0,0,0,0,0,0,1,0,1,0,0,0,0,0,0,0,243,10
20,Male,0,3,363,11.9,0,1,0,1,0,0,0,1,1,0,0,0,0,0,0,0,0,0,0,0,0,0,0,0,0,0,0,0,0,0,0,0,0,0,0,0,0,0,0,0,0,0,0,0,0,0,0,0,0,0,0,0,0,1,0,1,0,1,0,0,0,0,0,0,1,1,0,0,1,0,0,0,0,0,0,0,0,0,1,0,0,1,0,0,0,0,1,0,0,0,0,0,1,0,0,0,0,0,0,0,0,0,0,0,0,0,0,0,0,0,0,0,0,0,0,0,0,0,1,0,1,0,0,0,0,1,0,0,0,1,0,1,0,0,1,0,0,0,0,0,0,1,0,0,1,0,0,0,0,0,0,0,0,0,0,0,0,0,0,0,0,0,0,0,0,0,0,0,0,0,0,0,1,0,0,0,0,0,0,0,0,1,0,0,0,1,1,0,0,0,0,0,0,0,0,0,0,0,0,0,0,0,0,0,0,0,0,0,0,0,0,0,0,0,0,0,0,0,0,1,1,0,0,0,0,0,0,0,1,0,0,0,0,1,0,0,0,0,0,1,0,0,0,0,1,0,1,0,0,0,1,0,0,0,1,0,1,0,0,1,0,0,0,0,0,0,0,0,0,0,0,0,0,0,1,0,1,0,0,0,0,1,0,0,0,0,0,0,0,0,0,0,0,0,0,0,0,0,0,0,0,0,0,0,0,0,0,0,0,0,0,0,0,0,0,0,0,0,1,0,0,1,0,0,0,0,0,0,0,0,0,0,1,0,0,0,0,0,1,0,0,0,1,0,0,0,0,0,0,0,0,0,0,0,0,0,0,0,0,0,0,0,0,0,0,0,0,0,0,0,0,0,0,0,0,0,0,0,0,0,0,0,0,0,0,0,0,0,0,0,0,0,0,0,0,0,0,0,0,0,0,0,0,0,0,0,0,0,0,0,1,0,0,0,0,0,1,0,47,0
20,Male,0,3,474,15.6,0,1,0,1,0,1,0,1,1,0,1,0,0,0,0,0,0,0,2,0,1,0,1,1,2,0,0,0,0,0,0,0,0,1,0,0,0,0,0,0,0,0,0,0,0,0,0,0,0,0,1,0,0,1,1,1,0,2,0,0,1,1,0,0,1,1,1,0,1,0,0,0,1,0,0,0,0,1,1,0,0,1,1,0,0,0,1,0,1,1,1,0,1,1,1,0,1,0,0,0,0,0,1,0,0,0,0,0,0,0,0,1,0,1,0,0,0,0,1,0,1,0,0,0,0,1,0,1,0,1,0,1,0,0,1,0,1,0,1,0,1,1,0,0,1,1,0,0,0,0,0,0,0,1,0,0,0,1,0,0,0,0,0,0,0,1,0,0,0,0,0,0,1,0,0,0,0,0,1,1,0,1,0,0,1,1,1,0,0,0,1,0,0,1,0,1,1,0,0,1,0,0,0,0,0,0,0,0,0,0,1,0,0,0,0,0,0,0,1,1,1,1,0,0,0,0,0,0,1,0,0,0,0,1,0,0,0,0,0,1,0,0,0,0,1,1,1,0,0,1,1,0,1,1,1,0,1,0,0,1,0,0,0,0,0,0,0,0,0,0,0,0,0,0,1,0,1,0,1,0,0,1,0,0,0,0,0,0,0,0,0,0,0,1,0,0,0,0,0,0,0,0,0,0,0,0,0,0,0,0,0,0,0,0,0,0,0,1,1,0,0,1,0,0,0,0,0,0,0,0,0,0,1,0,0,0,0,0,1,0,0,0,1,0,0,0,0,1,0,0,0,0,0,0,0,0,0,0,0,0,0,0,0,0,0,1,0,1,0,0,0,0,0,0,0,0,0,0,0,0,0,0,0,0,0,0,0,0,0,0,0,0,0,0,0,0,0,0,0,0,0,0,0,0,0,0,0,0,0,0,1,0,0,0,0,0,1,0,101,3
20,Male,0,3,631,20.7,2,2,0,1,1,2,1,2,2,0,1,0,0,0,0,1,1,0,2,1,1,0,1,1,2,1,2,1,1,0,0,1,0,1,1,0,0,2,2,0,1,1,0,0,1,0,1,1,1,2,1,0,1,2,1,1,2,2,2,0,2,2,1,1,1,2,2,1,1,0,0,2,1,1,2,0,0,1,2,2,1,1,1,0,2,0,1,0,2,1,1,2,2,1,1,0,1,0,1,1,1,0,1,0,1,1,2,1,1,0,0,1,2,1,1,0,0,0,1,0,1,2,0,0,1,1,0,1,0,2,0,2,1,0,1,0,1,1,1,0,1,1,1,1,1,1,0,0,0,1,0,1,0,1,1,1,1,1,0,0,0,0,1,1,2,1,0,0,0,1,1,1,1,0,0,1,1,0,2,1,0,1,1,1,1,1,1,1,0,0,1,0,0,2,0,2,1,0,0,1,0,1,0,2,0,0,0,0,0,1,1,0,1,1,0,1,0,0,1,1,1,1,0,0,2,0,0,0,1,0,1,1,0,1,0,1,1,0,1,1,0,0,0,0,2,2,1,0,0,2,1,0,2,2,2,0,1,1,0,2,1,2,0,2,0,1,0,0,0,1,0,1,0,1,1,0,1,0,1,0,0,1,0,0,1,0,0,0,1,0,0,1,0,1,0,0,0,1,0,0,1,0,0,1,1,1,2,0,0,0,0,0,0,0,0,1,2,1,1,0,2,1,2,0,0,0,1,1,0,0,0,0,1,0,1,0,0,0,1,0,1,0,1,1,1,0,0,1,0,0,0,0,0,1,0,0,0,1,0,0,0,0,0,0,0,1,0,1,1,2,0,0,0,0,0,0,0,0,0,0,0,2,0,0,0,0,0,0,0,0,2,0,0,0,1,0,1,0,1,0,0,1,1,0,0,0,0,0,2,0,1,0,0,0,0,0,1,0,218,55
23,Female,0,3,468,15.4,0,0,0,0,0,1,0,0,1,0,0,1,0,0,0,1,2,0,2,0,1,0,1,0,1,1,1,0,1,0,0,0,0,1,1,0,0,0,1,0,0,1,0,0,1,0,0,0,0,0,0,0,1,2,1,0,0,1,1,0,1,0,0,0,2,0,1,2,0,0,0,0,1,1,0,0,0,0,0,0,2,1,0,0,2,0,0,0,0,0,0,0,1,0,0,1,0,0,1,1,0,0,1,0,0,2,1,1,1,1,0,2,1,1,1,2,0,0,1,2,1,1,0,0,0,1,0,0,0,0,0,2,2,0,1,0,1,0,1,0,0,0,0,0,0,0,0,0,0,0,0,0,0,1,0,1,0,0,0,1,2,0,0,1,0,0,0,0,0,0,0,0,0,0,0,0,0,1,0,2,0,0,0,0,0,0,0,0,0,0,0,0,0,0,0,0,1,0,0,0,0,2,0,2,1,0,0,0,0,0,0,0,0,0,0,0,0,0,2,1,0,0,0,0,0,0,0,0,2,0,0,0,0,0,0,0,0,0,0,2,0,0,0,0,1,0,1,1,0,1,1,1,0,1,1,0,0,0,0,1,1,0,0,2,0,0,0,0,0,0,0,0,0,0,2,0,0,0,0,0,0,0,0,0,0,1,0,0,0,0,0,0,0,0,0,0,0,2,0,0,1,0,0,0,0,0,0,0,0,0,0,0,0,0,0,1,0,0,0,2,0,0,0,0,0,0,1,1,0,0,0,0,0,0,0,0,0,0,0,0,0,0,0,0,0,0,0,0,0,0,0,0,0,0,0,0,0,0,0,0,0,0,0,0,0,0,0,0,0,0,0,0,0,0,1,0,0,0,0,0,0,0,0,0,0,0,0,0,0,0,0,0,2,2,0,0,0,0,0,1,0,1,1,0,0,0,0,0,2,0,1,0,0,0,0,0,0,0,98,27
23,Female,0,3,490,16.1,0,1,0,0,0,1,0,1,1,0,0,1,0,0,0,1,2,0,2,0,1,0,1,0,1,1,1,0,1,0,0,0,0,1,1,1,0,0,1,0,0,1,0,0,1,0,0,0,0,0,0,0,1,2,1,0,1,1,2,1,1,2,1,0,2,0,1,2,0,0,0,0,1,1,0,0,0,0,0,0,2,1,0,0,2,0,0,0,0,0,0,0,1,0,0,1,0,0,1,1,0,1,1,0,0,2,1,1,1,1,0,2,1,1,1,2,0,0,1,2,1,1,0,0,0,1,0,0,0,2,0,2,2,0,1,1,1,1,1,0,0,0,0,0,0,1,0,0,1,0,0,0,0,2,0,1,0,0,0,1,2,0,0,2,0,0,0,0,2,0,0,0,1,0,0,0,0,1,0,2,0,0,0,0,0,0,0,0,0,0,0,0,0,0,0,0,1,0,0,0,0,2,0,2,1,0,0,0,0,0,0,0,0,0,0,0,0,0,2,1,2,0,0,0,2,0,0,0,2,1,0,0,0,0,0,0,0,0,0,2,0,0,0,0,1,0,1,1,0,1,1,1,0,1,1,0,0,2,2,1,1,1,0,2,0,0,0,0,0,0,0,0,0,0,2,0,1,0,0,0,0,0,0,0,0,1,0,0,0,0,0,0,1,0,0,0,0,2,0,0,1,0,0,0,0,0,0,0,1,0,0,0,0,0,0,1,1,1,0,2,0,1,0,0,0,0,1,1,0,0,1,0,0,0,0,0,0,0,0,0,0,0,0,0,0,0,0,0,1,0,0,0,0,0,0,0,0,0,0,0,0,0,0,0,0,0,0,0,0,0,0,0,0,0,1,0,0,0,0,0,0,0,0,0,0,0,0,0,0,0,0,0,2,2,0,0,0,0,0,1,0,1,1,0,2,0,0,0,2,0,1,0,0,0,0,0,0,0,128,38
23,Female,0,3,589,19.4,1,2,0,2,2,2,2,2,2,2,2,1,0,0,2,2,2,2,2,2,1,0,2,0,2,2,2,1,2,0,0,0,0,2,1,1,1,0,2,0,0,1,0,2,2,0,1,1,1,1,2,2,2,2,1,2,2,2,2,2,2,2,2,0,2,1,2,2,2,1,0,1,1,1,2,2,2,0,1,2,2,2,2,0,2,0,0,2,2,0,0,2,1,2,2,2,1,1,2,2,0,1,1,1,2,2,1,1,1,1,0,2,2,1,2,2,1,0,2,2,1,2,0,0,1,2,2,1,0,2,1,2,2,0,2,1,2,1,2,1,1,2,1,0,2,1,0,0,2,0,0,1,0,2,2,1,0,1,2,2,2,1,2,2,1,2,0,2,2,1,1,1,2,0,1,2,0,1,1,2,0,1,0,0,2,0,1,2,2,0,0,2,0,2,0,1,1,0,0,2,0,2,0,2,2,1,0,1,0,0,0,1,1,2,0,1,0,0,2,2,2,2,0,0,2,0,0,0,2,2,0,0,0,0,0,0,0,0,2,2,2,2,0,0,2,2,2,2,0,2,2,1,1,1,2,0,0,2,2,2,2,1,0,2,0,0,0,0,2,0,2,0,0,0,2,0,1,0,0,0,1,1,0,0,0,1,1,1,1,0,0,2,2,2,0,0,1,2,0,1,1,0,0,2,2,1,1,1,1,0,0,1,2,0,1,2,1,1,0,2,1,1,1,0,0,2,1,2,0,0,1,0,2,1,0,0,0,0,0,0,2,0,1,0,1,1,0,1,1,1,0,0,2,0,2,0,0,0,0,0,0,0,0,0,0,0,0,0,0,0,0,0,0,0,1,0,0,0,0,0,0,0,1,0,0,0,0,2,0,2,0,2,2,2,2,0,0,0,0,1,1,2,1,1,2,0,0,0,2,0,2,0,0,0,0,0,0,0,251,150
26,Male,0,5,600,19.7,1,1,1,1,2,1,1,1,2,2,2,1,0,0,1,1,1,1,1,1,1,0,1,0,1,1,1,1,1,0,1,1,1,1,1,1,1,0,1,0,1,1,1,1,1,0,1,1,1,1,1,1,1,1,1,1,1,2,2,0,1,2,0,1,1,1,1,1,1,1,0,1,1,1,1,1,0,0,1,1,1,1,1,0,1,0,1,1,1,1,1,0,1,1,1,1,1,1,1,1,1,1,1,1,1,1,1,1,1,1,0,1,1,1,1,1,1,1,1,1,1,1,1,0,1,1,1,1,0,1,0,1,1,0,1,1,1,1,1,1,1,1,1,1,1,1,1,0,0,1,0,1,1,1,1,1,1,1,1,0,1,1,1,1,1,1,0,1,1,1,1,1,1,0,1,1,1,1,1,1,1,1,1,1,1,1,1,1,1,0,1,0,0,1,1,0,1,1,1,1,0,1,0,1,0,1,1,1,0,1,1,1,1,0,0,1,1,1,1,1,1,1,0,1,1,1,1,1,1,1,1,1,0,0,1,1,1,1,1,1,0,1,0,1,1,1,1,1,1,1,1,1,1,1,1,0,1,1,1,1,1,1,1,1,1,1,1,1,1,0,1,1,1,1,1,1,1,1,1,1,1,1,1,1,1,1,1,1,1,1,1,1,1,1,1,1,1,1,1,1,1,1,1,1,1,1,1,1,1,1,1,1,1,1,1,1,1,1,1,1,1,1,1,1,1,1,1,1,1,0,1,1,1,1,0,1,0,1,1,1,1,1,1,1,1,1,0,1,1,0,1,1,1,1,1,1,0,0,1,0,0,0,0,0,0,0,1,1,1,1,0,0,0,0,1,1,0,0,0,0,1,1,0,0,0,0,0,0,0,0,1,0,1,0,0,0,0,1,1,1,1,1,1,1,1,1,1,1,1,1,1,1,1,0,0,0,1,1,336,7
26,Male,0,5,636,20.9,2,1,2,2,2,2,2,2,2,2,2,1,0,0,1,2,1,1,1,1,1,0,2,0,1,1,1,1,1,0,1,1,1,1,1,1,1,0,1,0,1,1,1,1,1,0,1,1,1,1,1,1,1,1,1,1,1,2,2,0,1,2,0,1,1,1,2,1,2,1,1,1,1,1,1,1,0,0,1,1,1,1,1,0,1,0,2,1,1,1,1,0,1,1,1,1,1,1,1,1,1,1,1,1,1,1,1,1,1,1,0,1,1,1,1,1,1,1,1,1,1,1,1,0,1,1,1,1,0,1,0,1,1,0,1,1,1,1,1,1,1,1,1,1,1,1,1,0,0,1,0,1,1,1,1,1,1,1,1,0,1,1,1,1,1,1,0,1,1,1,1,1,1,0,1,1,1,1,1,1,1,1,1,1,1,1,1,1,1,0,1,1,1,1,1,0,1,1,1,1,0,1,0,1,0,1,1,1,1,1,1,1,1,0,1,1,1,1,1,1,1,1,0,1,1,1,1,1,1,1,1,1,1,0,1,1,1,1,1,1,0,1,0,1,1,1,1,1,1,1,1,1,1,1,1,0,1,1,1,1,1,1,1,1,1,1,1,1,1,0,1,1,1,1,1,1,1,1,1,1,1,1,1,1,1,1,1,1,1,1,1,1,1,1,1,1,1,1,1,1,1,1,1,1,1,1,1,1,1,1,1,1,1,1,1,1,1,1,1,1,1,1,1,1,1,1,1,1,1,0,1,1,1,1,0,1,0,1,1,1,1,1,1,1,1,1,0,1,1,0,1,1,1,1,1,1,0,1,1,0,0,0,1,0,0,1,1,1,1,1,0,0,1,0,1,1,0,0,0,0,1,1,0,0,0,0,0,0,0,0,1,0,1,0,0,0,0,1,1,1,1,1,1,1,1,1,1,1,1,1,1,1,1,0,0,0,1,1,346,18
26,Male,0,5,716,23.5,2,2,2,2,2,2,2,2,2,2,2,2,0,1,2,2,2,1,2,1,1,0,2,0,1,1,1,1,1,1,1,1,1,1,1,2,2,1,1,0,1,1,2,1,1,1,1,1,1,1,2,2,1,2,1,1,1,2,2,1,2,2,0,1,2,1,2,2,2,1,1,2,1,1,2,1,0,0,2,1,1,1,1,0,1,0,2,1,1,1,1,0,1,1,2,1,1,1,2,2,1,1,1,1,1,1,1,1,1,1,1,1,1,1,1,1,1,1,1,1,1,1,1,0,1,1,1,1,0,1,1,1,1,0,1,1,1,1,1,1,1,1,1,1,1,1,1,0,0,1,0,1,1,1,1,1,1,1,1,0,1,1,1,1,1,1,0,1,1,1,1,1,1,0,1,1,1,1,1,1,1,2,1,1,2,1,1,1,1,0,1,1,1,1,1,0,1,1,1,1,0,1,0,1,0,1,1,1,1,1,1,1,1,0,1,1,1,1,2,1,1,1,1,1,1,1,1,1,1,1,1,1,1,0,1,1,1,1,1,1,0,1,0,1,1,2,2,1,1,1,2,1,1,2,2,1,2,2,2,2,2,1,1,2,1,1,1,1,1,0,1,1,1,1,2,1,1,1,1,1,1,1,1,1,1,1,1,1,1,1,1,1,1,1,1,1,1,1,1,1,1,1,1,1,1,1,1,1,1,1,2,1,1,1,1,1,1,1,1,1,1,1,1,1,1,1,1,1,1,1,1,1,1,1,0,1,0,1,1,1,1,1,1,1,1,1,0,1,1,0,1,1,1,1,1,1,1,1,1,0,0,0,1,0,0,1,1,1,1,1,0,0,1,0,1,1,0,0,1,0,1,1,0,0,0,0,1,2,0,1,2,1,1,1,1,1,0,1,1,1,1,1,1,1,1,1,1,1,1,1,1,1,1,0,0,0,1,1,365,56
26,Male,0,5,761,25,2,2,2,2,2,2,2,2,2,2,2,2,0,1,2,2,2,1,2,1,2,1,2,0,2,1,1,2,1,1,2,1,1,2,1,2,2,1,2,0,2,2,2,1,2,1,1,2,2,2,2,2,2,2,1,1,2,2,2,1,2,2,0,1,2,1,2,2,2,2,2,2,2,1,2,1,0,0,2,2,2,2,1,0,2,0,2,2,1,2,1,0,2,1,2,2,2,2,2,2,1,2,2,2,1,2,2,1,2,2,1,2,2,2,2,1,2,1,2,1,1,2,1,1,1,2,1,1,0,2,1,2,1,0,1,1,1,1,1,1,2,2,1,1,1,1,1,0,0,1,0,2,1,2,1,2,1,1,1,0,1,1,1,2,1,1,0,1,2,2,2,1,2,0,1,2,1,1,1,1,1,2,2,1,2,2,2,1,1,0,1,2,1,2,1,0,1,1,1,1,0,1,0,2,0,2,1,1,1,2,1,1,1,0,1,1,1,1,2,2,1,1,2,1,2,2,2,1,2,1,1,1,1,0,1,2,1,1,2,2,1,1,0,1,2,2,2,1,1,2,2,1,2,2,2,1,2,2,2,2,2,2,1,2,2,1,1,1,1,0,1,1,2,2,2,2,1,1,1,1,1,1,1,1,1,1,1,1,2,1,1,1,2,1,1,2,1,2,1,1,2,2,1,1,2,1,1,1,1,1,2,1,1,1,1,1,1,2,1,1,1,1,1,1,1,1,1,2,1,1,1,1,1,1,0,1,2,1,1,1,2,2,1,1,1,1,0,1,1,1,1,1,2,1,1,1,1,1,1,0,0,1,1,0,1,1,1,1,1,1,2,1,1,0,1,1,2,0,1,2,1,1,0,0,0,0,1,2,0,2,2,1,1,1,1,1,0,1,1,1,1,1,2,1,1,1,2,1,1,1,2,1,1,0,0,0,1,1,376,156
26,Male,0,5,825,27.1,2,2,2,2,2,2,2,2,2,2,2,2,0,2,2,2,2,2,2,2,2,1,2,1,2,2,2,2,1,1,2,2,2,2,2,2,2,2,2,1,2,2,2,2,2,1,2,2,2,2,2,2,2,2,1,1,2,2,2,1,2,2,2,2,2,2,2,2,2,2,2,2,2,2,2,2,0,2,2,2,2,2,1,0,2,0,2,2,1,2,1,2,2,2,2,2,2,2,2,2,2,2,2,2,2,2,2,2,2,2,2,2,2,2,2,2,2,2,2,2,2,2,2,2,2,2,1,2,0,2,1,2,2,1,2,1,2,2,2,1,2,2,1,2,2,2,1,0,0,2,0,2,1,2,2,2,2,2,2,0,2,2,2,2,2,2,2,2,2,2,2,2,2,2,2,2,1,2,2,2,1,2,2,1,2,2,2,2,1,1,2,2,2,2,1,0,2,2,2,1,0,2,1,2,0,2,1,2,2,2,1,1,1,0,1,2,2,2,2,2,1,2,2,2,2,2,2,1,2,1,2,1,2,0,1,2,1,2,2,2,1,2,0,2,2,2,2,1,1,2,2,2,2,2,2,1,2,2,2,2,2,2,1,2,2,2,2,1,2,0,2,2,2,2,2,2,2,1,2,1,1,1,1,1,2,2,1,1,2,2,1,2,2,1,1,2,2,2,1,1,2,2,1,2,2,2,2,1,1,1,2,1,1,1,1,1,2,2,1,2,2,2,2,1,1,1,2,2,1,2,1,1,2,2,0,2,2,2,2,2,2,2,2,1,1,2,0,1,1,2,2,2,2,1,1,2,1,1,1,0,0,2,1,2,1,2,2,1,2,2,2,1,1,0,1,1,2,0,2,2,2,1,0,0,0,0,2,2,0,2,2,2,1,2,1,1,2,2,2,2,2,2,2,2,2,1,2,1,2,1,2,1,1,0,0,0,1,1,388,287
32,Female,0,2,601,19.8,2,0,0,2,1,2,1,1,2,0,1,2,1,2,2,2,2,2,2,2,1,0,2,0,2,1,2,2,1,0,2,0,0,1,1,0,0,0,1,1,1,1,0,0,1,0,1,2,2,2,2,2,2,2,1,1,1,2,2,2,2,2,2,2,2,2,2,2,1,1,2,2,1,1,2,2,1,2,1,1,2,1,1,1,2,1,2,0,2,2,0,1,1,2,1,1,1,1,1,2,1,1,1,1,2,2,1,1,2,1,1,2,1,1,1,2,2,1,1,1,1,2,0,1,1,1,0,1,1,2,1,2,1,1,2,1,2,1,2,1,1,2,0,1,1,1,1,1,1,1,1,1,1,1,1,1,1,2,1,0,2,1,2,0,2,2,0,1,1,0,1,1,1,0,0,1,1,1,1,2,0,0,1,0,2,1,2,0,1,0,1,1,0,2,1,2,2,1,0,2,0,2,1,1,1,1,1,1,0,1,1,1,1,1,1,1,1,0,2,2,1,1,1,0,2,1,1,1,2,1,0,0,0,0,1,1,1,1,1,2,0,0,0,1,2,1,2,1,1,2,2,1,1,2,2,0,1,2,2,2,2,1,1,2,1,1,1,1,0,1,1,1,1,1,1,0,1,1,1,1,1,1,1,1,1,1,1,1,2,1,1,1,1,0,0,1,1,1,1,1,1,1,1,1,1,0,1,1,1,0,1,1,1,1,1,1,1,1,1,1,1,1,1,0,1,1,1,1,1,1,1,1,1,1,1,1,2,1,1,1,1,1,2,1,1,1,1,1,1,1,1,1,2,1,1,1,0,2,1,1,2,1,0,0,0,1,1,1,1,1,1,1,1,1,1,1,2,1,1,1,2,1,1,1,1,1,1,1,1,2,2,2,1,2,2,1,2,2,1,1,1,2,1,1,2,1,1,1,2,1,2,1,1,1,1,1,0,0,361,108
32,Female,0,2,712,23.4,2,2,0,2,1,2,1,1,2,2,1,2,1,2,2,2,2,2,2,2,2,1,2,1,2,1,2,2,1,0,2,0,0,1,2,0,0,1,2,2,2,1,2,0,1,0,2,2,2,2,2,2,2,2,1,2,2,2,2,2,2,2,2,2,2,2,2,2,2,2,2,2,2,1,2,2,2,2,2,2,2,2,2,2,2,1,2,2,2,2,1,1,2,2,2,2,2,2,2,2,2,2,2,1,2,2,2,2,2,2,1,2,2,2,2,2,2,2,2,1,1,2,1,1,1,2,1,1,1,2,1,2,1,2,2,1,2,1,2,1,2,2,1,1,1,1,1,1,1,1,1,2,1,2,1,2,1,2,1,0,2,1,2,1,2,2,1,1,2,1,2,2,2,1,0,2,1,2,1,2,1,2,1,1,2,1,2,2,2,1,1,1,0,2,1,2,2,1,1,2,0,2,1,2,1,2,1,1,1,1,2,1,2,1,1,1,1,1,2,2,1,1,1,1,2,2,1,1,2,1,1,1,0,1,2,1,1,1,1,2,0,1,1,1,2,1,2,1,1,2,2,1,1,2,2,0,2,2,2,2,2,2,1,2,1,1,2,1,0,1,1,1,1,1,1,1,1,1,1,2,1,1,1,1,1,1,2,1,2,2,1,1,1,1,1,2,1,2,1,1,2,1,1,2,2,1,1,1,1,1,1,1,1,2,1,2,2,1,1,1,1,1,1,1,1,1,1,2,1,1,1,1,2,1,1,2,2,2,1,1,2,1,2,1,1,1,1,1,2,2,1,1,2,1,1,1,0,2,1,1,2,2,1,1,1,1,1,1,1,2,2,2,1,1,2,1,2,1,2,1,2,1,1,1,1,1,1,1,1,2,2,2,1,2,2,1,2,2,2,1,1,2,2,2,2,1,1,2,2,1,2,1,1,1,1,1,0,1,400,198
33,Female,0,2,441,14.5,1,1,0,1,1,1,0,1,1,0,1,1,0,0,0,1,1,0,1,1,1,0,1,0,1,1,1,0,0,0,1,0,0,0,1,1,0,0,1,0,0,1,0,0,1,0,0,0,0,0,0,0,0,1,0,1,0,1,1,1,0,0,0,0,0,0,0,0,0,0,0,0,0,0,0,0,0,0,0,0,0,0,0,0,0,0,0,0,0,0,0,0,0,0,0,0,0,0,0,0,0,0,0,0,0,0,0,0,0,0,0,0,0,0,0,0,0,0,0,0,0,0,0,0,0,0,0,0,0,0,0,0,0,0,0,0,0,0,0,0,0,0,0,0,0,0,0,0,0,0,0,0,0,0,0,0,0,0,0,0,0,0,0,0,0,0,0,0,0,0,0,0,0,0,0,0,0,0,0,0,0,0,0,0,0,0,0,0,0,0,0,0,0,0,0,0,0,0,0,0,0,0,0,0,0,0,0,0,0,0,0,0,0,0,0,0,0,0,0,0,0,0,0,0,0,0,0,0,0,0,0,0,0,0,0,0,0,0,0,0,0,0,0,0,0,0,0,0,0,0,0,0,0,0,0,0,0,0,0,0,0,0,0,0,0,0,0,0,0,0,0,0,0,0,0,0,0,0,0,0,0,0,0,0,0,0,0,0,0,0,0,0,0,0,0,0,0,0,0,0,0,0,0,0,0,0,0,0,0,0,0,0,0,0,0,0,0,0,0,0,0,0,0,0,0,0,0,0,0,0,0,0,0,0,0,0,0,0,0,0,0,0,0,0,0,0,0,0,0,0,0,0,0,0,0,0,0,0,0,0,0,0,0,0,0,0,0,0,0,0,0,0,0,0,0,0,0,0,0,0,0,0,0,0,0,0,0,0,0,0,0,0,0,0,0,0,0,0,0,0,0,0,0,0,0,0,0,0,0,0,0,0,0,0,0,0,0,0,29,0
33,Female,0,2,487,16,1,1,0,1,1,1,1,1,1,0,2,1,1,0,1,1,1,1,1,1,1,0,1,0,2,1,1,1,1,0,1,1,0,1,1,1,0,0,1,0,1,1,1,0,1,0,0,0,0,1,0,0,1,1,0,1,0,1,1,1,1,1,1,1,1,1,1,1,1,1,1,1,1,0,1,0,0,0,1,0,1,1,0,0,1,1,1,0,1,1,1,0,1,1,1,1,0,1,1,1,1,1,1,1,1,1,1,1,1,1,0,1,1,1,1,1,1,1,1,1,1,1,1,1,1,1,1,1,0,1,0,1,1,1,1,1,1,1,1,0,1,1,0,0,1,1,1,0,0,0,1,1,0,1,1,1,1,1,0,0,1,1,1,0,1,1,0,0,1,1,1,1,1,1,1,1,0,1,1,1,1,1,0,0,1,1,1,1,1,0,1,1,0,1,1,1,1,0,0,1,0,1,0,0,1,1,0,0,0,1,1,1,1,1,0,1,0,0,1,1,1,1,1,0,1,1,0,0,1,0,1,1,0,0,1,1,1,1,1,2,1,0,0,1,1,1,2,1,1,2,1,1,1,1,1,0,1,1,1,1,1,1,1,1,1,1,0,0,1,0,1,1,1,1,1,0,1,1,1,1,0,0,0,0,0,0,0,0,0,0,0,0,0,0,0,0,0,0,0,0,1,1,0,0,1,1,1,1,1,1,1,1,1,1,1,1,1,1,1,1,1,1,1,1,1,1,1,1,1,1,1,0,1,1,0,1,0,1,1,1,1,1,1,1,1,1,0,1,1,1,1,0,1,1,1,1,0,1,1,0,0,1,1,0,0,1,0,1,1,1,1,1,1,0,1,1,0,1,1,1,1,1,1,1,1,1,1,0,1,0,1,1,1,1,1,1,1,1,1,1,1,1,1,1,2,1,1,1,1,1,1,1,1,0,1,1,1,0,306,6
36,Female,0,2,591,19.4,2,0,0,0,2,1,2,2,2,0,2,2,0,1,0,0,0,1,2,0,1,0,2,0,1,0,0,0,0,0,0,0,0,0,0,0,0,0,1,0,0,0,0,0,0,0,0,0,0,0,0,0,1,1,0,1,0,0,0,0,2,0,2,0,0,0,0,2,0,0,0,0,0,0,2,0,2,0,2,0,2,2,0,0,2,0,2,0,1,0,1,2,2,2,1,1,1,1,1,2,2,1,1,1,2,2,2,2,1,1,0,2,1,1,1,1,1,0,2,1,0,2,0,0,0,1,0,2,0,2,0,1,1,0,2,1,2,1,1,0,1,0,0,0,1,1,1,1,1,1,1,1,1,1,1,1,1,0,0,0,1,1,1,0,0,1,0,0,0,0,1,1,1,1,0,0,1,1,1,1,0,0,2,0,2,1,1,0,0,0,1,0,1,1,0,2,0,0,0,1,0,2,0,0,1,0,0,0,0,0,1,0,1,0,0,1,0,0,2,0,1,0,0,1,1,1,1,1,1,1,1,0,0,0,0,2,1,1,1,2,2,0,0,0,2,1,2,1,1,1,2,1,1,2,2,1,1,2,2,1,2,1,1,2,1,1,0,1,2,0,1,1,1,1,1,0,2,1,2,1,1,1,1,1,1,1,1,1,1,0,1,1,1,1,1,1,0,2,0,1,1,0,0,1,1,1,1,1,1,0,1,0,0,0,0,1,1,1,1,2,1,1,1,0,0,1,1,1,1,1,1,0,2,1,1,0,0,1,0,1,1,1,1,1,0,0,0,1,1,0,0,0,1,1,1,0,1,1,1,0,0,0,0,0,0,0,0,0,0,0,0,0,0,0,0,0,0,0,0,1,1,0,0,0,0,0,0,0,0,0,0,0,0,0,0,0,0,0,0,0,1,1,1,1,0,1,0,0,1,0,0,0,0,0,0,0,1,1,223,58
36,Female,0,2,645,21.2,2,2,0,0,2,1,2,2,2,0,2,2,0,1,2,1,0,1,2,0,1,0,2,0,2,0,0,0,1,0,0,1,0,0,1,0,0,0,2,0,0,0,0,0,0,0,0,1,0,0,0,1,2,2,0,1,2,2,0,0,2,0,2,0,1,2,1,2,1,0,0,0,0,1,2,0,2,0,2,0,2,2,0,0,2,0,2,0,1,0,1,2,2,2,1,2,1,1,2,2,2,1,2,1,2,2,2,2,1,1,0,2,1,1,1,1,1,0,2,1,0,2,0,0,0,1,0,2,0,2,0,1,1,0,2,1,2,1,1,0,2,0,0,0,1,1,1,1,2,1,1,1,2,1,1,1,1,0,0,0,1,1,1,0,0,1,0,0,0,0,1,1,1,1,0,0,1,2,1,2,0,0,2,0,2,1,1,0,2,0,1,0,1,2,0,2,0,0,0,1,0,2,0,1,1,0,0,1,0,0,1,0,1,1,0,1,0,1,2,1,1,1,0,1,1,1,1,1,1,1,1,0,0,0,0,2,2,1,1,2,2,0,0,0,2,1,2,1,1,1,2,1,1,2,2,1,2,2,2,2,2,1,1,2,1,2,0,1,2,0,1,1,1,1,1,0,2,1,2,1,1,1,1,1,1,1,1,1,2,0,1,2,1,1,1,2,0,2,0,1,2,2,0,1,1,1,1,1,1,0,1,0,0,1,1,1,2,2,1,2,2,1,1,0,0,1,1,2,1,1,1,0,2,1,1,0,0,1,1,1,2,1,1,1,0,0,0,1,1,0,1,0,1,1,1,0,1,1,1,0,0,0,1,0,0,1,1,1,1,2,0,0,1,0,0,0,0,0,0,1,1,0,0,0,0,0,0,0,0,0,0,0,0,0,0,0,0,0,2,1,1,2,2,1,0,1,1,0,1,0,0,0,0,0,0,0,1,1,260,95
43,Female,0,2,463,15.2,0,0,0,0,0,0,0,1,0,2,0,0,0,0,0,0,1,0,2,0,0,0,0,0,1,0,0,0,0,0,0,0,0,0,0,0,0,0,0,0,0,0,0,0,0,0,0,0,0,0,0,0,0,1,0,0,0,0,0,0,0,1,0,0,1,0,0,2,0,0,0,0,0,0,0,0,0,0,0,1,0,0,0,0,1,0,1,0,0,0,0,0,0,0,0,0,1,0,0,0,0,0,0,0,0,0,0,1,0,0,0,0,0,0,0,0,0,0,0,0,0,0,0,0,0,1,0,0,0,1,0,0,0,1,2,0,0,0,0,0,0,0,0,0,0,0,0,0,0,0,0,0,0,0,0,0,0,0,0,0,0,0,0,0,0,0,0,0,0,0,0,0,0,0,0,0,0,0,0,0,0,0,0,0,1,0,0,0,1,0,1,0,0,0,0,0,0,0,0,0,0,0,0,0,0,0,0,0,0,0,0,0,0,0,0,0,0,0,0,0,0,0,0,0,0,0,0,0,0,0,0,0,0,0,0,0,0,0,0,2,2,0,0,0,2,0,1,0,0,0,2,0,0,2,0,0,1,0,0,0,2,0,0,0,0,1,0,0,0,0,0,0,0,0,1,0,0,0,1,0,0,1,0,0,0,0,0,0,0,0,0,0,0,0,0,0,0,1,0,0,0,0,0,0,1,0,0,0,0,0,0,0,0,0,0,0,0,0,0,0,0,0,0,0,0,0,0,0,0,0,0,0,1,0,0,0,0,0,0,0,0,0,0,0,0,0,0,1,0,0,0,0,0,0,0,0,0,0,0,0,0,0,0,0,0,0,0,0,0,0,0,0,0,0,0,0,0,0,0,0,1,0,0,0,0,0,0,0,0,0,0,0,0,0,0,0,0,0,0,0,0,0,0,0,0,0,0,0,0,0,0,0,0,0,0,0,0,0,38,10
43,Female,0,2,502,16.5,0,0,0,0,1,0,0,1,0,2,0,0,0,2,0,0,1,0,2,0,0,0,1,0,1,0,0,0,0,0,0,1,0,0,0,0,0,0,0,0,0,0,0,0,0,0,0,0,0,0,0,0,0,1,0,0,0,1,0,0,1,1,1,0,1,0,1,2,1,0,0,1,0,0,0,0,0,0,0,1,0,0,0,0,1,0,1,0,0,1,0,0,0,0,0,0,1,0,0,0,0,0,1,0,0,1,0,1,0,0,0,0,0,1,0,0,0,0,0,1,0,0,0,0,0,1,0,0,0,1,0,0,0,1,2,1,0,0,0,0,0,1,0,0,0,0,0,0,1,0,0,0,0,0,0,0,0,0,0,0,0,0,0,0,0,0,0,0,0,0,0,1,1,0,0,0,1,0,1,0,0,0,0,0,1,0,1,0,1,1,1,0,0,0,0,1,1,0,0,1,0,0,0,0,0,0,0,0,0,0,0,0,0,0,0,0,0,0,1,0,1,0,0,0,0,0,1,0,2,0,0,0,0,1,0,0,0,0,0,2,2,0,0,0,2,0,2,0,0,0,2,0,1,2,1,1,1,1,0,0,2,0,0,1,0,1,0,0,0,0,0,0,0,0,1,0,0,0,1,0,0,1,1,0,0,0,1,1,1,0,0,0,0,1,0,0,0,1,0,0,1,1,0,0,1,0,0,1,0,1,0,0,0,0,0,0,0,0,0,0,0,0,0,0,0,0,0,0,0,0,0,0,1,0,0,0,0,0,0,0,0,0,0,0,0,0,0,1,0,0,0,0,0,0,0,0,0,0,0,0,1,0,0,0,0,0,0,0,0,0,0,0,0,0,0,0,0,0,0,0,1,0,0,0,0,0,0,0,0,0,1,1,0,0,0,0,0,0,0,1,1,1,1,0,0,1,0,0,1,0,0,0,0,0,0,0,0,0,93,13
48,Female,0,5,324,10.7,0,0,0,2,0,0,1,2,0,0,0,0,0,0,0,0,0,0,1,0,0,0,2,0,2,0,2,0,0,0,0,0,0,1,0,0,0,0,0,0,0,0,0,0,1,0,0,0,0,0,0,0,0,0,0,0,0,0,0,0,0,0,0,0,2,0,0,0,0,0,0,0,0,0,0,0,0,0,1,0,0,1,0,0,0,0,1,0,0,0,0,0,0,0,1,0,0,0,1,0,0,0,0,0,0,0,0,0,0,0,0,1,0,0,0,0,0,0,0,0,0,0,0,0,0,0,0,0,0,0,0,0,0,0,0,0,0,0,0,0,0,0,0,0,0,0,0,0,0,0,0,0,0,0,0,0,0,0,0,0,0,0,0,0,0,0,0,0,0,0,0,0,0,0,0,0,0,0,0,0,0,1,0,0,0,0,0,0,0,0,0,0,0,0,0,1,0,0,0,0,0,0,0,0,0,0,0,0,0,0,0,0,0,0,0,0,0,0,0,0,0,0,0,0,2,0,0,0,2,0,0,0,0,0,0,0,0,0,0,2,0,0,0,0,0,0,2,0,0,1,0,0,0,0,2,0,1,0,0,0,0,0,0,1,0,0,0,0,0,0,0,0,0,0,0,0,1,0,1,0,0,1,0,0,0,0,0,0,0,0,0,0,0,0,0,0,0,0,0,0,1,0,0,0,0,0,0,0,0,0,0,0,0,0,0,0,0,1,0,1,0,0,0,0,0,0,0,0,0,0,0,0,1,0,0,0,0,0,1,0,0,0,1,0,0,0,0,1,0,0,0,0,0,0,0,0,0,1,0,0,0,0,0,0,0,0,0,0,0,0,0,0,0,0,0,0,0,0,0,0,0,0,0,0,0,0,0,0,0,0,0,0,0,0,1,0,0,0,0,0,0,0,0,0,0,0,0,0,1,0,1,0,0,0,0,0,0,0,39,11
48,Female,0,5,525,17.3,2,0,0,2,2,2,2,2,2,0,2,0,0,2,2,2,2,2,2,2,2,2,2,2,2,2,2,2,2,0,2,0,0,2,2,2,2,2,2,0,0,2,2,0,2,0,0,0,0,2,0,2,0,2,0,1,2,2,2,0,2,2,2,1,2,2,2,2,2,1,0,2,2,0,2,0,2,0,2,2,2,2,0,0,2,0,2,2,0,2,0,0,2,0,2,2,1,2,2,2,1,1,2,2,2,2,2,2,2,2,0,2,2,2,1,2,2,2,2,2,2,2,0,0,2,2,2,2,0,2,0,2,2,2,1,0,1,1,2,0,2,2,0,0,2,2,0,0,2,2,2,0,0,2,1,2,2,0,0,0,2,1,1,0,0,2,0,0,0,0,0,2,1,0,0,1,0,0,2,2,0,2,0,0,1,2,1,2,1,0,1,0,0,2,0,2,0,0,0,0,0,2,0,2,0,0,0,0,0,2,1,2,1,0,0,1,0,0,0,2,1,2,0,0,2,1,0,1,2,0,0,0,0,0,1,1,2,0,0,2,0,0,0,0,1,2,2,1,1,2,2,1,1,2,2,1,2,1,2,2,2,1,1,2,0,1,0,1,2,0,0,2,2,0,2,0,2,2,2,0,2,2,1,1,1,2,0,1,2,0,1,2,0,2,1,1,2,2,0,1,1,0,0,2,1,2,2,1,2,0,1,0,2,1,1,2,2,2,0,1,2,1,2,0,0,2,0,1,1,0,2,1,2,2,1,1,2,0,1,1,2,2,2,1,1,1,0,1,2,2,2,0,2,1,0,0,0,2,2,0,2,2,1,0,0,2,0,1,1,2,2,0,1,0,2,0,0,0,1,0,2,2,0,0,0,0,0,0,2,0,0,0,0,0,1,0,0,2,2,2,2,2,2,2,2,0,2,2,2,0,2,1,1,0,0,0,0,0,268,194
48,Female,0,5,617,20.3,2,0,0,2,2,2,2,2,2,0,2,0,2,2,2,2,2,2,2,2,2,2,2,2,2,2,2,2,2,0,2,0,0,2,2,2,2,2,2,0,0,2,2,2,2,0,2,0,0,2,0,2,2,2,0,2,2,2,2,0,2,2,2,2,2,2,2,2,2,2,2,2,2,2,2,2,2,2,2,2,2,2,0,0,2,0,2,2,2,2,2,2,2,2,2,2,1,2,2,2,2,2,2,2,2,2,2,2,2,2,2,2,2,2,2,2,2,2,2,2,2,2,2,2,2,2,2,2,2,2,2,2,2,2,2,2,2,2,2,0,2,2,1,0,2,2,1,0,2,2,2,1,0,2,2,2,2,2,0,2,2,2,2,0,0,2,0,0,2,2,0,2,2,0,0,2,0,0,2,2,0,2,0,2,2,2,2,2,1,0,2,2,0,2,0,2,0,0,0,0,2,2,0,2,0,0,0,2,0,2,1,2,1,0,0,1,0,2,1,2,2,2,0,0,2,2,0,1,2,0,0,0,0,0,2,2,2,0,0,2,0,0,0,0,2,2,2,1,1,2,2,2,2,2,2,1,2,2,2,2,2,1,1,2,2,1,1,1,2,1,1,2,2,0,2,0,2,2,2,1,2,2,2,2,1,2,0,1,2,1,1,2,0,2,2,2,2,2,0,1,1,1,0,2,1,2,2,1,2,0,1,1,2,1,1,2,2,2,0,1,2,1,2,0,0,2,2,2,2,0,2,2,2,2,1,2,2,1,2,2,2,2,2,1,2,1,0,1,2,2,2,0,2,1,1,1,0,2,2,0,2,2,1,0,0,2,0,2,2,2,2,0,1,0,2,0,0,0,1,0,2,2,1,1,0,0,0,1,2,2,0,1,2,1,2,1,2,2,2,2,2,2,2,2,2,0,2,2,2,1,2,1,1,0,0,0,0,0,321,265
48,Female,0,5,681,22.4,2,0,0,2,2,2,2,2,2,0,2,2,2,2,2,2,2,2,2,2,2,2,2,2,2,2,2,2,2,2,2,2,2,2,2,2,2,2,2,2,2,2,2,2,2,0,2,0,2,2,0,2,2,2,0,2,2,2,2,2,2,2,2,2,2,2,2,2,2,2,2,2,2,2,2,2,2,2,2,2,2,2,2,2,2,0,2,2,2,2,2,2,2,2,2,2,1,2,2,2,2,2,2,2,2,2,2,2,2,2,2,2,2,2,2,2,2,2,2,2,2,2,2,2,2,2,2,2,2,2,2,2,2,2,2,2,2,2,2,0,2,2,1,0,2,2,1,0,2,2,2,2,0,2,2,2,2,2,0,2,2,2,2,2,0,2,0,0,2,2,0,2,2,0,0,2,0,2,2,2,0,2,0,2,2,2,2,2,2,0,2,2,0,2,0,2,2,0,0,0,2,2,0,2,0,0,0,2,0,2,2,2,2,0,0,1,0,2,2,2,2,2,2,0,2,2,0,1,2,0,2,0,0,0,2,2,2,0,0,2,0,0,0,0,2,2,2,2,1,2,2,2,2,2,2,1,2,2,2,2,2,1,1,2,2,1,1,1,2,2,1,2,2,1,2,0,2,2,2,1,2,2,2,2,2,2,2,1,2,2,1,2,0,2,2,2,2,2,0,1,2,1,1,2,2,2,2,1,2,0,2,1,2,2,1,2,2,2,1,2,2,1,2,2,1,2,2,2,2,2,2,2,2,2,1,2,2,1,2,2,2,2,2,2,2,1,2,1,2,2,2,0,2,1,1,2,0,2,2,0,2,2,1,1,0,2,0,2,2,2,2,0,1,0,2,0,0,1,2,0,2,2,1,1,0,0,0,1,2,2,0,1,2,1,2,1,2,2,2,2,2,2,2,2,2,1,2,2,2,2,2,1,1,0,0,2,0,1,349,303
48,Female,0,5,819,26.9,2,2,2,2,2,2,2,2,2,2,2,2,2,2,2,2,2,2,2,2,2,2,2,2,2,2,2,2,2,2,2,2,2,2,2,2,2,2,2,2,2,2,2,2,2,0,2,2,2,2,2,2,2,2,2,2,2,2,2,2,2,2,2,2,2,2,2,2,2,2,2,2,2,2,2,2,2,2,2,2,2,2,2,2,2,0,2,2,2,2,2,2,2,2,2,2,2,2,2,2,2,2,2,2,2,2,2,2,2,2,2,2,2,2,2,2,2,2,2,2,2,2,2,2,2,2,2,2,2,2,2,2,2,2,2,2,2,2,2,2,2,2,2,0,2,2,1,0,2,2,2,2,0,2,2,2,2,2,0,2,2,2,2,2,1,2,0,0,2,2,2,2,2,0,0,2,0,2,2,2,1,2,1,2,2,2,2,2,2,0,2,2,2,2,0,2,2,2,1,0,2,2,0,2,0,2,0,2,2,2,2,2,2,1,0,1,2,2,2,2,2,2,2,2,2,2,0,1,2,0,2,0,0,0,2,2,2,0,2,2,0,0,0,2,2,2,2,2,1,2,2,2,2,2,2,1,2,2,2,2,2,2,2,2,2,2,2,1,2,2,2,2,2,2,2,2,2,2,2,2,2,2,2,2,2,2,2,1,2,2,1,2,2,2,2,2,2,2,2,2,2,1,2,2,2,2,2,2,2,2,2,1,2,2,2,2,2,2,2,2,2,2,2,2,1,2,2,2,2,2,2,2,2,2,1,2,2,2,2,2,2,2,2,2,2,1,2,1,2,2,2,2,2,2,2,2,0,2,2,2,2,2,1,2,1,2,1,2,2,2,2,1,2,0,2,1,0,1,2,2,2,2,1,1,1,1,1,2,2,2,2,2,2,2,2,2,2,2,2,2,2,2,2,2,2,2,2,2,2,2,2,1,2,1,1,2,1,2,388,354
49,Female,0,2,327,10.7,0,0,0,0,0,0,0,0,1,0,0,0,0,0,0,0,0,0,0,0,0,0,0,0,0,0,0,0,0,0,0,0,0,0,0,0,0,0,0,0,0,0,0,0,0,0,0,0,0,0,0,0,0,0,0,0,0,0,0,0,0,0,0,0,0,0,0,0,0,0,0,0,0,0,0,0,0,0,0,0,0,0,0,0,0,0,0,0,0,0,0,0,0,0,0,0,0,0,0,0,0,0,0,0,0,0,0,0,0,0,0,0,0,0,0,0,0,0,0,0,0,0,0,0,0,0,0,0,0,0,0,0,0,0,1,0,0,0,0,0,0,0,0,0,0,0,0,0,0,0,0,0,0,0,0,0,0,0,0,0,0,0,0,0,0,0,0,0,0,0,0,0,0,0,0,0,0,0,0,0,0,0,0,0,0,0,1,0,0,0,0,0,0,0,0,0,0,0,0,0,0,0,0,0,0,0,0,0,0,0,0,0,0,0,0,0,0,0,0,0,1,0,0,0,0,0,0,0,1,0,0,0,0,0,0,0,0,0,0,1,1,0,0,0,0,0,1,0,0,1,1,0,0,0,0,0,0,0,0,0,0,0,0,0,0,0,0,0,0,0,0,0,0,0,0,0,0,0,0,0,0,0,0,0,0,0,0,0,0,0,0,0,0,0,0,0,0,0,0,0,0,0,0,0,0,0,0,0,0,0,0,0,0,0,0,0,0,1,0,0,1,0,0,0,0,0,0,0,0,0,0,0,0,0,0,0,0,0,0,0,0,0,0,0,0,0,0,0,0,0,0,0,0,0,0,0,0,1,0,0,0,0,0,0,0,0,0,0,0,0,0,0,0,0,0,0,0,0,0,0,0,0,0,0,0,0,0,0,0,0,0,0,0,0,0,0,0,0,0,0,0,0,0,0,0,0,0,0,0,0,0,0,0,0,0,0,0,0,13,0
49,Female,0,2,704,23.1,2,2,0,0,2,2,2,2,2,2,2,2,1,1,2,2,2,2,2,0,2,0,2,1,2,1,2,2,2,0,0,0,0,2,2,0,2,0,2,0,0,2,2,0,2,0,0,0,2,2,0,2,2,2,0,2,2,2,2,1,2,2,2,2,2,2,2,2,2,1,1,2,2,2,2,0,2,2,2,2,2,1,0,2,2,0,2,0,2,2,0,0,1,2,2,2,0,2,2,2,2,2,2,1,2,2,2,2,2,2,2,2,2,2,2,2,2,2,2,1,2,2,2,0,1,2,1,2,0,2,1,2,2,2,2,1,2,1,2,1,1,2,1,2,2,2,1,0,2,0,0,2,0,2,2,2,2,1,1,0,2,2,2,2,2,2,0,1,1,2,2,1,2,1,0,2,0,0,2,2,0,2,2,0,2,2,2,1,2,1,1,1,1,1,0,2,2,2,2,2,2,2,0,2,2,1,1,1,0,1,1,2,1,1,0,1,0,1,2,2,2,2,2,0,2,0,0,1,1,0,0,0,0,0,0,2,2,0,2,2,2,0,0,0,2,2,2,2,2,2,2,2,2,2,2,0,2,2,0,2,2,1,0,1,1,2,1,0,1,1,0,2,2,2,2,0,2,0,0,0,1,2,1,1,2,2,2,1,1,0,0,2,0,2,1,0,1,2,0,2,1,2,0,1,1,2,2,0,2,2,2,0,0,0,0,2,2,2,2,2,2,0,2,0,0,2,2,2,2,0,1,0,2,2,1,2,0,2,2,2,2,2,2,2,2,2,0,0,0,0,2,0,2,1,0,0,0,2,0,0,2,0,0,0,0,1,1,1,1,2,0,0,0,0,1,0,0,0,2,0,1,0,1,1,1,0,0,0,0,0,2,0,0,0,0,0,0,0,2,0,0,2,2,0,0,2,2,2,2,0,2,0,0,0,0,0,0,0,289,218
50,Female,0,2,375,12.3,1,0,0,2,1,1,0,2,0,0,1,1,0,0,0,1,1,0,1,0,1,0,2,0,2,0,2,0,0,0,1,0,0,1,1,0,0,0,1,0,0,0,0,0,0,0,0,0,0,0,0,0,2,2,0,0,0,2,2,0,1,2,2,0,1,1,0,1,1,1,0,0,0,0,1,0,0,0,1,0,0,1,0,0,0,0,1,0,0,0,0,0,0,0,1,0,0,0,0,1,0,1,0,0,0,1,1,0,0,0,0,1,0,0,1,0,0,0,0,0,0,1,0,0,0,1,0,0,0,1,0,0,0,0,1,1,1,1,1,0,0,1,0,0,1,1,0,0,0,0,0,0,0,0,0,1,1,0,0,0,1,0,1,0,0,0,0,0,0,0,0,0,1,0,0,0,0,0,1,0,0,1,0,0,0,0,1,0,0,0,1,0,0,1,0,0,0,0,0,1,0,1,0,0,0,0,0,0,0,0,0,0,0,0,0,0,0,0,1,1,1,0,0,0,2,0,0,0,2,0,0,0,0,0,0,1,2,0,0,2,0,0,0,0,1,1,2,0,0,1,2,1,1,1,2,0,2,0,1,0,0,0,0,0,0,0,0,0,0,0,0,0,0,0,0,0,0,0,0,0,0,1,0,0,0,1,0,0,0,0,0,0,0,0,0,0,0,1,0,0,1,0,0,0,0,0,0,0,1,0,0,0,0,0,0,0,0,1,0,1,0,0,0,0,0,0,0,0,0,0,0,0,0,0,0,0,0,0,0,0,0,0,0,0,0,0,0,0,0,0,0,0,0,0,0,0,0,0,0,0,0,0,0,0,0,0,0,0,0,0,0,0,0,0,0,0,0,0,0,0,0,0,0,0,0,0,0,0,0,0,0,0,0,0,0,0,0,0,0,0,0,0,0,0,0,0,0,0,0,0,0,0,0,0,0,0,0,0,90,19
50,Female,0,2,514,16.9,2,2,0,2,2,2,0,2,2,2,2,2,1,1,1,1,1,0,2,1,1,0,2,1,2,1,2,1,1,1,1,0,0,1,1,1,1,0,1,1,0,1,0,0,1,0,1,1,1,1,0,1,2,2,0,1,1,2,2,1,2,2,2,0,1,1,1,2,2,1,0,1,0,1,1,0,1,0,2,1,2,1,1,0,0,0,2,0,1,1,1,0,0,1,1,1,1,1,1,2,0,1,1,1,1,1,1,1,0,1,0,2,1,1,1,0,1,1,1,1,0,1,0,0,1,1,1,1,0,2,0,1,1,1,1,1,1,1,1,1,1,1,1,0,1,1,1,0,1,1,0,1,0,1,1,1,1,1,1,0,1,1,1,1,1,1,0,1,1,1,1,1,1,0,1,1,0,1,1,1,0,1,0,1,1,1,1,1,0,0,1,1,0,1,0,1,1,1,0,1,0,1,0,1,0,0,0,1,0,0,0,0,0,1,0,1,0,1,1,1,1,1,1,0,2,0,0,0,2,0,0,0,0,0,0,2,2,1,0,2,1,0,0,0,1,1,2,0,0,2,2,1,1,1,2,0,2,0,2,0,1,0,0,2,0,1,0,0,0,0,1,1,1,1,1,0,1,1,1,1,0,1,0,0,0,1,0,0,1,0,1,0,1,1,0,1,1,1,0,0,2,1,0,1,1,0,0,0,1,0,1,0,0,0,0,1,1,1,1,2,1,1,1,0,0,1,1,1,1,1,0,0,1,1,0,0,0,0,0,0,0,0,0,0,0,0,0,1,1,0,0,0,1,1,0,0,0,1,0,0,1,0,0,0,0,1,0,1,1,0,0,0,0,0,1,0,0,0,0,0,1,0,0,0,0,0,0,0,0,2,0,0,0,0,0,0,0,0,0,0,0,0,0,0,0,0,0,0,1,0,2,0,0,0,0,0,0,1,238,45
51,Female,0,3,378,12.4,2,0,0,0,0,0,0,0,0,0,0,0,0,0,0,1,0,0,0,0,0,0,0,0,0,0,0,0,0,0,0,0,0,0,0,0,0,0,0,0,0,0,0,0,0,0,0,0,0,0,0,0,0,1,0,0,0,1,1,0,1,0,0,0,0,0,0,0,0,0,0,0,0,0,0,0,0,0,1,0,0,0,0,0,0,0,0,0,0,0,0,0,0,0,1,0,0,0,0,0,0,0,0,0,0,0,0,0,0,0,0,0,0,0,0,0,0,0,1,0,0,1,0,0,0,1,0,0,0,1,0,0,0,0,1,0,0,0,0,0,0,1,1,0,0,0,0,0,0,0,0,0,0,0,0,0,0,0,0,0,0,0,0,0,0,0,0,0,0,0,0,1,0,0,0,0,0,0,0,0,0,0,0,0,0,0,0,0,0,0,0,0,0,0,0,0,0,0,0,0,0,0,0,0,0,0,0,0,0,0,0,0,0,0,0,0,0,0,0,0,1,0,0,0,0,0,0,0,1,0,0,0,0,0,0,0,0,0,0,1,0,0,0,0,1,0,1,0,1,1,0,0,0,0,1,0,2,0,1,0,0,0,0,1,0,0,0,0,0,0,1,0,0,0,1,0,0,0,0,0,0,1,0,0,0,0,1,1,1,0,0,0,0,1,0,0,0,0,0,0,0,0,0,1,0,0,0,0,0,0,0,0,0,0,0,0,0,0,0,1,0,0,0,0,0,1,0,0,1,0,0,0,0,0,0,0,0,0,0,0,0,0,0,0,0,0,0,0,0,0,0,0,0,0,0,0,0,0,0,0,0,0,0,0,0,0,0,0,0,0,0,0,0,0,0,0,0,0,0,0,0,0,0,0,0,0,0,0,0,0,0,0,0,0,0,0,0,0,0,0,0,0,0,0,0,0,1,0,0,0,0,0,0,0,0,0,0,0,39,2
51,Female,0,3,478,15.7,2,0,0,0,0,0,1,0,2,0,0,0,0,0,0,1,0,0,0,1,0,0,0,0,0,0,1,0,0,0,0,0,0,0,0,0,0,0,0,0,0,0,0,0,0,0,0,0,0,0,0,0,0,1,0,1,0,1,1,0,1,0,0,0,0,1,0,0,0,0,0,0,0,0,0,1,0,0,1,0,0,0,0,0,0,0,1,0,0,0,0,0,0,0,1,1,1,0,1,1,1,1,1,0,0,1,1,1,0,0,0,1,1,0,1,1,1,0,1,0,0,1,1,0,0,1,0,0,0,1,0,1,0,0,1,0,1,0,0,0,0,1,1,0,1,0,0,0,0,0,0,0,0,1,0,0,0,0,0,0,0,0,0,0,0,1,0,0,0,0,0,1,0,0,1,0,0,0,1,0,0,1,0,0,0,0,0,0,1,0,0,0,0,0,0,0,0,0,0,0,0,0,0,0,0,0,0,0,0,0,0,0,0,0,0,0,0,0,0,1,1,0,0,0,2,0,0,0,1,0,0,0,0,0,0,0,0,0,0,1,0,0,0,0,1,0,1,0,1,1,2,0,0,0,2,0,2,0,1,0,0,1,0,1,1,0,0,0,0,0,1,0,1,0,1,0,0,0,1,0,0,1,0,0,0,0,1,1,1,0,0,0,0,1,0,0,0,1,0,0,1,0,0,1,0,0,0,1,0,0,0,0,0,0,0,0,0,0,0,1,1,0,0,0,0,1,1,0,1,0,0,0,1,0,0,0,0,0,0,0,0,0,0,0,0,0,0,1,1,0,0,0,1,0,0,0,0,0,0,0,0,0,0,0,0,0,0,0,0,0,0,0,0,0,0,0,0,0,0,0,0,0,0,0,0,0,0,0,0,0,0,0,0,0,0,0,1,0,0,1,0,0,0,0,0,0,1,0,0,0,0,0,0,0,0,0,0,0,90,6
51,Female,0,3,539,17.7,2,0,0,0,0,0,1,1,2,2,1,2,1,0,1,1,1,1,1,1,0,0,1,1,2,1,2,1,1,0,1,0,0,1,1,0,0,0,0,0,0,0,0,0,1,0,0,1,0,0,0,0,0,1,0,1,1,2,1,1,2,2,2,1,1,1,0,1,1,0,0,0,0,0,2,1,1,0,1,0,2,1,0,0,1,0,1,0,0,0,0,0,0,0,1,1,1,0,1,1,1,1,1,1,2,1,1,1,0,0,0,1,1,0,1,1,1,0,1,0,0,1,1,0,0,1,0,0,0,1,0,1,0,0,1,1,1,1,1,1,0,1,1,0,1,1,1,0,1,1,0,0,1,1,1,1,1,0,0,0,0,1,1,0,0,1,0,0,0,0,0,1,1,0,1,0,0,1,1,1,0,1,0,0,1,1,0,1,1,0,1,0,0,1,0,0,1,0,0,0,0,0,0,0,0,1,0,1,0,0,1,0,1,0,0,0,0,0,0,1,1,1,0,0,2,0,0,0,1,0,1,0,0,0,0,1,1,0,0,2,0,0,0,0,2,0,2,0,1,2,2,0,1,1,2,0,2,2,1,0,2,1,0,1,1,1,0,1,1,0,1,1,1,0,1,0,1,0,1,0,0,1,0,0,1,0,1,1,1,0,0,1,0,1,1,1,1,2,0,0,1,0,0,1,1,0,0,1,1,0,1,0,0,0,0,1,1,1,0,1,1,1,1,0,0,1,1,0,1,0,0,0,2,0,1,0,2,0,1,1,1,0,1,0,1,0,0,1,1,0,0,0,1,0,0,0,0,1,1,0,0,0,0,0,0,1,1,0,1,1,0,0,1,0,1,0,0,0,0,0,0,0,0,0,0,0,0,0,0,0,0,0,0,0,0,0,1,0,1,1,0,0,0,0,0,1,1,0,1,0,1,0,0,0,0,0,1,0,198,26
53,Female,0,4,282,9.3,0,0,0,0,0,0,0,0,0,0,0,0,0,0,0,0,0,0,0,0,0,0,0,0,0,0,0,0,0,0,0,0,0,0,0,0,0,0,0,0,0,0,0,0,0,0,0,0,0,0,0,0,0,0,0,0,0,0,0,0,0,0,0,0,0,0,0,0,0,0,0,0,0,0,0,0,0,0,0,0,0,1,0,0,0,0,1,0,0,0,0,0,0,0,0,0,0,0,0,0,0,0,0,0,0,0,0,0,0,0,0,0,0,0,0,0,0,0,0,0,0,0,0,0,0,0,0,0,0,0,0,0,0,0,0,0,0,0,0,0,0,0,0,0,0,0,0,0,0,0,0,0,0,0,0,0,0,0,0,0,0,0,0,0,0,0,0,0,0,0,0,0,0,0,0,0,0,0,0,0,0,0,0,0,0,0,0,0,0,0,0,0,0,0,0,0,0,0,0,0,0,0,0,0,0,0,0,0,0,0,0,0,0,0,0,0,0,0,0,0,0,0,0,0,0,0,0,0,1,0,0,0,0,0,0,0,0,0,0,1,0,0,0,0,0,0,1,0,0,1,0,0,0,1,1,0,0,0,0,0,0,0,0,0,0,0,0,0,0,0,0,0,0,0,0,0,0,0,0,0,0,0,0,0,0,0,0,0,0,0,0,0,0,0,0,0,0,0,0,0,0,0,0,0,0,0,0,0,0,0,0,0,0,0,0,0,0,0,0,0,0,0,0,0,0,0,0,0,0,0,0,0,0,0,0,0,0,0,0,0,0,0,0,0,0,0,0,0,1,0,0,0,0,0,0,0,0,0,0,0,0,0,0,0,0,0,0,0,0,0,0,0,0,0,0,0,0,0,0,0,0,0,0,0,0,0,0,0,0,0,0,0,0,0,0,0,0,0,0,0,0,0,0,0,0,0,0,0,0,0,0,0,0,0,0,0,0,0,9,0
53,Female,0,4,630,20.7,2,2,2,2,2,2,2,2,2,0,2,2,2,2,2,2,2,2,2,2,2,0,2,2,2,2,2,2,2,0,2,0,0,2,2,2,2,2,2,2,0,2,2,0,2,0,2,2,2,2,2,2,2,2,2,2,2,2,2,1,2,2,2,0,2,2,2,2,2,1,1,2,2,1,2,2,2,0,1,2,2,2,2,2,2,1,2,1,2,2,2,2,2,2,2,2,2,0,2,2,1,2,2,1,2,2,2,2,2,2,0,2,2,2,2,2,2,2,2,2,1,2,0,0,1,2,0,2,0,2,0,2,1,0,2,2,2,2,2,2,1,2,0,2,0,2,2,0,2,2,1,2,1,2,2,2,1,2,2,0,2,2,2,1,1,2,0,2,2,2,2,2,2,1,2,1,2,2,2,2,1,2,2,0,2,2,2,1,2,1,2,0,0,2,1,0,1,1,1,2,2,1,0,0,2,2,0,2,1,2,1,1,1,1,0,1,1,2,2,2,2,2,0,2,2,2,2,1,2,1,1,2,1,1,2,0,0,2,1,2,2,2,1,2,2,2,2,2,1,2,0,2,1,2,2,0,2,2,2,2,2,2,1,2,1,2,2,1,2,2,2,2,2,1,2,1,2,2,2,2,2,2,1,2,2,2,2,2,2,2,1,2,2,2,1,2,2,2,1,2,2,2,2,2,2,2,2,1,2,2,2,1,2,2,2,2,2,2,1,2,2,2,2,2,1,2,2,2,2,2,2,1,2,2,1,2,2,2,2,2,1,1,2,2,1,2,2,2,2,2,2,2,2,2,2,2,0,2,2,1,2,2,2,0,1,1,1,2,2,2,2,0,2,0,1,1,2,2,1,2,2,2,0,0,0,1,1,0,0,2,0,1,2,2,1,0,2,2,2,2,1,2,2,1,2,1,2,1,2,2,2,2,2,1,1,2,2,2,371,292
53,Female,0,4,632,20.8,2,2,2,2,2,2,1,2,2,1,2,2,2,0,2,1,2,2,2,2,2,0,2,2,2,2,2,2,2,0,2,0,0,2,2,2,2,2,2,2,0,2,2,0,2,0,2,2,2,2,2,2,2,2,2,2,2,2,2,1,2,2,2,1,2,2,2,2,2,1,1,2,2,1,2,2,2,0,1,2,2,2,2,2,2,1,2,1,2,2,2,2,2,2,2,2,2,1,2,2,1,2,2,1,2,2,2,2,2,2,0,2,2,2,2,2,2,2,2,2,1,2,0,0,1,2,0,2,0,2,0,2,1,0,2,2,2,2,2,2,1,2,0,2,0,2,2,0,2,2,1,2,1,2,2,2,1,2,2,0,2,2,2,1,1,2,0,2,2,2,2,2,2,1,2,1,2,2,2,2,1,2,2,0,2,2,2,1,2,1,2,0,0,2,1,0,1,1,1,2,2,1,0,0,2,2,0,2,1,2,1,1,1,1,0,1,1,2,2,2,2,2,0,2,2,2,2,1,2,1,1,2,1,1,2,0,0,2,1,2,2,2,1,2,2,2,2,2,1,2,0,2,1,2,2,0,2,2,2,2,2,2,1,2,1,2,2,1,2,2,2,2,2,1,2,1,2,2,2,2,2,2,1,2,2,2,2,2,2,2,1,2,2,2,1,2,2,2,1,2,2,2,2,2,2,2,2,1,2,2,2,1,2,2,2,2,2,2,1,2,2,2,2,2,1,2,2,2,2,2,2,1,2,2,1,2,2,2,2,2,1,1,2,2,1,2,2,2,2,2,2,2,2,2,2,2,0,2,2,1,2,2,2,0,1,1,1,2,2,2,2,0,2,0,1,1,2,2,1,2,2,2,0,0,0,1,1,0,0,2,0,1,2,2,1,0,2,2,2,2,1,2,2,1,2,1,2,1,2,2,2,2,2,1,1,2,2,2,373,289
53,Female,0,4,804,26.4,2,2,2,2,2,2,2,2,2,2,2,2,2,2,2,2,2,2,2,2,2,2,2,2,2,2,2,2,2,1,2,2,1,2,2,2,2,2,2,2,2,2,2,2,2,2,2,2,2,2,2,2,2,2,2,2,2,2,2,2,2,2,2,2,2,2,2,2,2,2,2,2,2,2,2,2,2,2,2,2,2,2,2,2,2,2,2,2,2,2,2,2,2,2,2,2,2,2,2,2,2,2,2,2,2,2,2,2,2,2,2,2,2,2,2,2,2,2,2,2,2,2,1,1,2,2,2,2,2,2,2,2,2,2,2,2,2,2,2,2,2,2,2,2,0,2,2,0,2,2,2,2,2,2,2,2,2,2,2,0,2,2,2,2,2,2,2,2,2,2,2,2,2,2,2,2,2,2,2,2,2,2,2,2,2,2,2,2,2,2,2,2,1,2,2,0,2,2,2,2,2,2,0,2,2,2,2,2,2,2,2,1,2,2,2,2,2,2,2,2,2,2,0,2,2,2,2,2,2,2,2,2,2,2,2,1,1,2,2,2,2,2,2,2,2,2,2,2,2,2,2,2,2,2,2,2,2,2,2,2,2,2,2,2,2,2,2,2,2,2,2,2,2,2,2,2,2,2,2,2,2,2,2,2,2,2,2,2,2,2,2,2,2,2,2,2,2,2,2,2,2,2,2,2,2,2,2,2,2,2,2,2,2,2,2,2,2,2,2,2,2,2,2,2,2,2,2,2,2,2,2,2,2,2,2,2,2,2,2,2,2,2,2,2,2,2,2,2,2,2,2,2,2,2,2,2,2,2,2,2,2,2,2,2,2,2,2,2,2,2,2,2,2,2,2,2,2,2,2,2,2,2,2,1,1,2,2,2,2,2,2,2,2,2,2,2,2,2,2,2,2,2,2,2,2,2,2,2,2,2,2,2,2,2,2,2,2,2,412,402
55,Female,0,4,262,8.6,2,0,0,0,0,0,0,0,0,0,0,0,0,0,0,0,0,0,0,0,0,0,0,0,0,0,0,0,0,0,0,0,0,0,0,0,0,0,0,0,0,0,0,0,0,0,0,0,0,0,0,0,0,0,0,0,0,0,0,0,0,0,0,0,0,0,0,0,0,0,0,0,0,0,0,0,0,0,0,0,0,0,0,0,0,0,0,0,0,0,0,0,0,0,0,0,0,0,0,0,0,0,0,0,0,0,0,0,0,0,0,0,0,0,0,0,0,0,0,0,0,0,0,0,0,0,0,0,0,0,0,0,0,0,0,0,0,0,0,0,0,0,0,0,0,0,0,0,0,0,0,0,0,0,0,0,0,0,0,0,0,0,0,0,0,0,0,0,0,0,0,0,0,0,0,0,0,0,0,0,0,0,0,0,0,0,0,0,0,0,0,0,0,0,0,0,0,0,0,0,0,0,0,0,0,0,0,0,0,0,0,0,0,0,0,0,0,0,0,0,0,0,0,0,0,0,0,0,2,0,0,0,0,1,0,1,0,0,0,2,1,0,0,0,1,0,0,1,0,0,0,0,0,0,0,0,1,0,0,0,0,0,0,0,0,0,0,0,0,0,0,0,0,0,0,0,0,0,0,0,0,0,0,0,0,0,0,0,0,0,0,0,0,0,0,0,0,0,0,0,0,0,0,0,0,0,0,0,0,0,0,0,0,0,0,0,0,0,0,0,0,0,0,0,0,0,0,0,0,0,0,0,0,0,0,0,0,0,0,0,0,0,0,0,0,0,0,0,0,0,0,0,0,0,0,0,0,0,0,0,0,0,0,0,0,0,0,0,0,0,0,0,0,0,0,0,0,0,0,0,0,0,0,0,0,0,0,0,0,0,0,0,0,0,0,0,0,0,0,0,0,0,0,0,0,0,0,0,0,0,0,0,0,0,0,0,0,0,8,3
55,Female,0,4,525,17.3,2,2,0,2,1,2,2,1,2,2,2,2,1,1,0,1,1,1,2,1,2,0,2,0,0,1,1,1,1,0,1,0,0,2,2,0,0,1,1,0,0,2,0,0,2,0,0,0,1,0,0,0,0,2,0,1,2,2,0,1,1,1,1,0,0,0,0,0,0,0,0,0,0,0,1,0,0,0,2,0,0,2,0,0,0,0,0,0,0,0,0,0,0,2,1,0,0,0,0,0,1,1,1,0,0,0,0,1,0,0,0,0,0,0,0,1,0,0,0,0,0,0,0,0,0,1,0,0,0,0,0,0,0,0,1,1,0,0,0,0,0,1,0,0,1,0,0,0,0,0,0,0,0,0,0,0,1,0,0,0,1,0,0,0,0,1,0,0,0,0,0,0,0,0,0,0,0,0,0,0,0,1,0,0,0,0,0,0,0,0,0,0,0,0,0,0,0,0,0,0,0,0,0,0,0,0,0,0,0,0,0,0,0,0,0,0,0,0,0,0,0,0,0,0,0,0,0,0,2,0,0,0,0,1,0,2,0,0,0,2,1,0,0,0,1,0,2,1,1,2,2,0,0,0,2,0,1,0,0,0,2,0,0,0,0,0,0,0,0,0,0,0,0,0,1,0,1,0,0,0,0,0,0,0,0,0,0,0,0,0,0,0,0,0,0,0,0,2,0,0,0,0,0,0,0,0,0,0,1,0,0,0,0,0,0,0,0,0,0,0,0,0,0,1,0,1,1,0,1,0,1,0,1,0,0,0,0,0,0,0,0,0,0,0,0,0,0,0,0,0,0,0,0,0,0,0,0,0,0,0,2,0,0,0,0,0,0,0,0,0,2,0,0,0,0,0,0,0,0,0,0,0,0,0,0,0,0,0,0,0,0,0,0,0,0,0,0,0,0,0,0,0,0,0,0,0,0,0,0,0,0,0,0,0,0,0,0,0,85,33
55,Female,0,4,555,18.2,2,2,0,2,2,2,2,2,2,2,2,2,2,2,2,2,2,2,2,2,2,0,2,2,2,2,2,2,2,0,2,0,0,2,2,2,2,1,2,2,0,2,2,0,2,0,2,2,2,2,2,0,2,2,2,2,2,2,2,2,2,2,2,2,2,2,2,2,2,2,2,2,2,0,2,2,2,0,2,0,2,2,2,2,2,2,2,2,1,2,0,2,2,2,2,2,2,2,2,2,1,1,2,0,2,2,2,1,2,2,1,2,2,2,2,2,2,2,2,2,0,2,1,1,1,1,1,2,1,2,1,2,2,2,2,2,2,1,2,1,2,2,0,2,2,2,1,0,0,2,0,1,1,2,2,2,2,2,1,0,2,2,2,2,2,2,0,1,2,2,1,1,2,2,2,2,1,1,2,2,0,2,0,2,1,1,2,2,2,1,2,2,1,2,2,0,2,1,0,2,2,2,1,2,1,0,0,0,0,0,0,0,0,2,0,0,0,2,2,2,2,2,2,2,2,2,0,1,2,0,0,0,0,1,1,2,2,2,2,2,2,0,0,1,2,2,2,2,2,2,2,2,2,2,2,2,2,2,2,2,2,0,0,2,2,2,0,1,2,1,0,1,1,1,2,2,1,1,2,1,1,2,1,0,0,1,1,1,2,1,1,1,1,2,1,2,0,2,0,0,1,2,0,1,1,1,1,1,1,2,0,0,0,0,1,1,2,2,1,2,2,2,2,1,1,1,1,2,2,2,2,2,1,0,0,0,0,0,0,2,0,0,2,0,2,0,0,0,0,0,0,0,0,0,2,0,0,0,2,0,2,0,1,1,0,2,0,1,1,0,2,0,0,0,0,0,0,0,0,0,1,0,0,0,0,1,0,0,0,0,0,0,2,2,0,0,0,0,2,0,1,2,2,2,2,1,2,0,2,0,2,0,0,0,0,0,0,2,303,227
55,Female,0,4,634,20.8,2,2,2,2,2,2,2,2,2,2,2,2,2,2,2,2,2,2,2,2,2,2,2,2,2,2,2,2,2,0,2,0,2,2,2,2,2,2,2,2,2,2,2,2,2,0,2,2,2,2,2,2,2,2,2,2,2,2,2,2,2,2,2,2,2,2,2,2,2,2,2,2,2,2,2,2,2,2,2,2,2,2,2,2,2,2,2,2,2,2,2,2,2,2,2,2,2,2,2,2,2,2,2,0,2,2,2,2,2,2,2,2,2,2,2,2,2,2,2,2,2,2,2,2,2,2,2,2,2,2,2,2,2,2,2,2,2,2,2,2,2,2,2,2,2,2,2,2,2,2,2,2,2,2,2,2,2,2,2,0,2,2,2,2,2,2,0,2,2,2,2,2,2,2,2,2,2,2,2,2,2,2,2,2,2,2,2,2,2,2,2,2,2,2,2,2,2,2,2,2,2,2,2,2,2,2,2,2,2,2,2,2,2,2,2,2,2,2,2,2,2,2,2,2,2,2,0,2,2,2,2,2,2,2,2,2,2,2,2,2,2,2,2,2,2,2,2,2,2,2,2,2,2,2,2,2,2,2,2,2,2,2,2,2,2,2,2,0,2,0,2,0,2,2,2,2,2,2,2,2,2,2,2,2,2,2,2,2,2,2,2,2,2,2,2,2,2,2,0,2,2,2,0,2,2,2,2,0,2,2,2,1,0,2,0,2,2,2,2,2,2,2,2,0,0,2,2,2,2,2,2,2,2,2,2,2,2,2,2,2,2,2,2,2,2,2,2,1,1,2,2,0,2,2,2,2,0,2,2,0,2,2,2,1,2,2,2,2,2,2,2,0,0,0,0,0,0,0,2,2,2,0,0,0,0,0,0,2,0,2,2,2,0,2,2,0,2,2,2,2,0,2,2,2,2,2,2,2,2,2,2,2,2,0,2,2,0,2,379,375
56,Female,0,3,261,8.6,0,0,0,0,0,0,0,0,0,0,0,0,0,0,0,0,0,0,0,0,0,0,0,0,0,0,0,0,0,0,0,0,0,0,0,0,0,0,0,0,0,0,0,0,0,0,0,0,0,0,0,0,0,0,0,0,0,0,0,0,0,0,0,0,0,0,0,0,0,0,0,0,0,0,0,0,0,0,0,0,0,0,0,0,0,0,0,0,0,0,0,0,0,0,0,0,0,0,0,0,0,0,0,0,0,0,0,0,0,0,0,0,0,0,0,0,0,0,0,0,0,0,0,0,0,0,0,0,0,0,0,0,0,0,0,0,0,0,0,0,0,0,0,0,0,0,0,0,0,0,0,0,0,0,0,0,0,0,0,0,0,0,0,0,0,0,0,0,0,0,0,0,0,0,0,0,0,0,0,0,0,0,0,0,0,0,0,0,0,0,0,0,0,0,0,0,0,0,0,0,0,0,0,0,0,0,0,0,0,0,0,0,0,0,0,0,0,0,0,0,0,0,0,0,0,0,0,0,0,0,0,0,0,0,0,0,0,0,0,1,0,0,0,0,0,0,0,0,0,0,0,0,0,0,0,0,1,0,0,0,0,0,0,0,0,0,0,0,0,0,0,0,0,0,0,0,0,0,0,0,0,0,0,0,0,0,0,0,0,0,0,0,0,0,0,0,0,0,0,0,0,0,0,0,0,0,0,0,0,0,0,0,0,0,0,0,0,0,0,0,0,0,0,0,0,0,0,0,0,0,0,0,0,0,0,0,0,0,0,0,0,0,0,0,0,0,0,0,0,0,0,0,0,0,0,0,0,0,0,0,0,0,0,0,0,0,0,0,0,0,0,0,0,0,0,0,0,0,0,0,0,0,0,0,0,0,0,0,0,0,0,0,0,0,0,0,0,0,0,0,0,0,0,0,0,0,0,0,0,0,0,0,0,0,0,0,0,0,2,0
56,Female,0,3,533,17.5,1,1,0,0,1,1,0,1,0,0,1,0,0,0,0,0,0,0,1,0,1,0,1,0,0,0,0,0,0,0,1,0,0,0,0,0,0,0,0,0,0,1,0,0,0,0,0,0,0,0,0,0,0,1,0,0,0,0,1,1,1,0,1,1,1,1,1,1,1,1,0,1,0,0,1,0,0,0,1,0,0,1,0,0,0,0,0,0,1,0,0,0,0,0,0,0,1,0,1,0,0,0,1,0,1,1,0,0,1,0,0,1,0,1,0,0,0,0,0,0,0,0,1,0,0,1,0,0,0,1,0,0,0,0,0,1,1,1,1,0,0,0,0,0,0,1,1,0,0,0,0,1,0,0,0,0,1,0,0,0,1,0,0,0,0,0,0,1,0,0,0,0,0,0,0,0,0,0,0,0,1,0,0,0,0,0,1,1,1,0,0,0,0,0,0,0,0,0,0,0,0,0,0,0,0,0,0,0,0,0,0,0,0,0,0,0,1,0,1,1,1,0,1,0,0,0,0,0,1,0,0,0,0,1,0,1,1,0,0,1,0,0,0,0,1,1,1,0,0,1,1,0,1,0,1,0,1,0,0,0,0,1,0,0,0,0,0,1,0,0,0,0,0,0,1,0,0,0,1,0,1,0,0,0,0,0,0,0,0,0,0,0,0,0,0,0,0,1,0,0,0,0,0,1,0,0,0,0,0,0,0,0,0,0,0,1,0,0,0,1,1,0,0,0,0,0,0,0,0,0,0,0,1,0,0,0,0,0,0,0,0,0,0,0,0,0,0,0,0,0,0,0,0,0,0,0,0,0,0,0,0,0,0,0,0,0,0,0,0,0,0,0,0,0,0,0,0,0,0,0,0,0,0,0,0,0,0,0,0,0,0,0,0,0,0,0,0,0,0,0,1,0,0,0,0,0,0,0,0,0,0,0,0,0,0,0,0,0,83,0
56,Female,0,3,652,21.4,2,1,0,0,1,2,2,2,2,1,1,2,1,2,2,1,1,1,1,1,1,0,1,0,2,1,2,0,1,0,1,0,0,1,2,0,0,0,1,0,0,1,0,0,1,0,0,1,1,1,1,0,1,2,0,1,0,2,2,1,2,2,1,1,1,1,1,2,1,1,1,2,1,0,2,0,1,0,2,1,2,1,1,0,2,0,2,0,1,2,0,0,2,0,0,2,1,0,2,2,1,1,1,1,1,1,1,2,1,1,0,2,1,1,1,1,2,1,2,1,1,2,1,1,1,1,0,1,0,2,0,1,1,0,1,1,1,1,1,1,0,2,0,0,0,1,1,0,0,0,0,1,1,1,1,1,1,0,0,0,1,1,1,1,0,0,0,1,0,0,1,1,1,0,0,0,0,0,0,0,1,1,0,0,1,0,1,1,1,0,0,0,0,1,0,0,1,0,0,1,0,2,0,0,0,0,0,1,0,0,0,0,0,0,0,1,1,0,1,1,1,0,1,0,2,0,0,0,2,0,0,0,0,1,0,1,1,1,1,2,0,0,0,0,1,1,2,0,1,2,2,1,1,0,2,1,2,2,1,2,2,1,1,2,1,0,0,1,0,0,1,1,0,0,2,0,1,1,1,0,1,0,0,0,0,1,1,1,1,1,0,0,1,0,0,0,0,1,0,1,1,0,0,1,1,0,0,1,0,0,0,0,0,0,0,1,0,1,0,1,1,1,0,0,0,0,1,0,1,0,1,0,2,0,1,0,0,0,1,0,2,0,0,0,0,0,0,1,1,0,0,0,2,0,0,0,0,0,0,0,0,0,0,0,0,1,0,0,0,0,0,0,0,0,0,0,0,0,0,0,0,0,0,0,0,0,0,0,0,2,1,0,0,0,0,0,0,0,0,0,1,1,1,1,0,1,1,0,1,0,2,0,0,0,1,0,0,0,212,54
57,Male,0,2,471,15.5,2,1,0,2,2,0,2,2,2,0,2,1,1,0,0,1,1,2,1,1,1,0,2,1,2,1,1,0,0,0,0,0,0,1,1,0,0,0,1,0,0,1,0,0,0,0,0,0,1,1,1,1,1,1,0,1,1,2,2,0,2,1,1,0,1,1,1,2,2,1,1,1,1,1,0,0,0,0,2,0,1,1,0,0,1,0,1,1,1,0,0,0,0,1,1,1,1,0,1,1,0,0,1,1,1,2,1,2,0,1,0,1,1,1,1,0,0,0,1,0,1,2,1,0,1,1,1,1,1,1,0,1,1,0,1,1,1,1,1,1,1,1,0,0,1,1,1,0,1,0,0,0,0,1,0,1,1,0,0,0,1,1,1,0,1,1,0,0,1,0,1,1,0,0,1,0,0,1,1,1,0,1,0,0,1,1,2,1,0,1,1,1,0,0,0,0,0,0,0,1,0,1,0,1,0,0,0,0,0,1,0,0,0,0,0,0,0,0,1,1,1,1,0,0,1,0,1,0,2,0,0,0,0,0,0,2,2,0,0,2,0,0,0,0,1,2,1,1,1,1,1,1,1,1,2,0,2,1,1,1,2,1,0,1,0,1,0,1,0,0,0,0,1,1,1,0,0,0,2,0,1,2,1,0,1,0,1,0,1,0,0,1,1,1,0,1,0,1,0,1,1,0,0,1,1,1,0,1,1,1,1,1,0,1,1,1,0,1,1,1,1,1,1,1,0,1,1,1,1,1,1,0,1,1,0,0,0,0,0,1,1,0,1,0,0,0,0,1,1,0,1,0,0,1,0,0,0,0,0,0,0,0,1,1,0,0,0,1,1,1,0,1,1,1,1,1,0,0,0,0,0,0,0,0,0,0,0,1,0,1,1,0,0,0,1,0,0,0,1,0,0,0,0,1,1,1,0,0,1,1,1,0,0,0,0,0,0,1,225,30
57,Male,0,2,627,20.6,2,2,0,2,2,1,2,2,2,2,2,2,1,2,2,2,2,2,2,1,1,0,2,1,2,1,1,1,1,0,2,0,0,1,1,1,2,1,1,0,0,1,0,0,2,0,1,2,2,2,1,1,2,2,1,1,2,2,2,1,2,2,1,0,2,2,2,2,2,1,1,2,1,1,2,1,1,0,2,1,1,2,1,2,2,0,2,2,2,0,1,2,1,1,1,1,2,1,1,1,1,1,1,1,1,2,1,2,1,1,0,1,1,1,1,0,2,0,1,0,1,2,1,0,1,1,1,1,1,2,0,2,1,0,2,1,1,1,1,1,1,1,1,0,1,1,1,0,2,1,0,1,0,1,0,1,1,0,0,0,2,1,1,1,1,1,0,0,2,0,2,1,2,1,1,1,2,1,1,1,1,1,2,1,2,1,2,2,1,1,1,1,0,2,0,0,2,0,0,1,0,1,0,1,1,1,0,0,0,1,0,0,2,0,0,1,1,0,2,2,1,1,0,0,1,0,1,0,2,0,0,0,0,0,0,2,2,0,2,2,0,2,0,0,2,2,2,1,1,2,2,1,2,2,2,0,2,2,1,2,2,1,1,2,1,1,1,1,2,0,2,0,2,2,2,0,1,0,2,0,1,2,1,1,1,1,1,1,2,1,1,1,1,1,0,1,0,2,0,1,2,1,1,1,2,1,1,1,1,1,1,1,0,1,1,1,1,2,2,1,2,2,1,1,0,1,1,2,1,1,1,0,1,1,0,0,0,1,1,2,2,0,1,1,2,0,0,1,1,0,1,0,2,1,0,0,0,0,0,0,0,0,1,1,0,1,0,1,1,2,0,1,2,1,2,1,2,1,0,0,0,2,0,0,0,0,0,1,0,2,2,1,0,0,1,0,0,0,2,0,0,1,1,2,1,1,2,0,2,1,1,0,0,0,0,0,1,1,304,119
59,Male,0,2,327,10.7,0,0,0,0,0,0,0,0,0,0,0,1,0,1,0,0,0,0,0,0,0,0,0,0,0,0,1,0,0,0,0,0,0,0,0,1,0,0,0,0,0,0,0,0,0,0,0,0,0,0,0,0,0,0,0,0,0,0,0,0,0,0,0,0,0,1,0,0,0,0,0,0,0,0,0,0,0,0,0,0,0,0,0,0,0,0,0,0,0,0,0,0,0,0,0,0,0,0,0,0,0,0,0,0,0,0,0,0,0,0,0,0,0,0,0,0,0,0,0,0,0,0,0,0,0,1,0,0,0,1,0,0,0,0,1,0,0,0,0,0,0,0,0,0,0,0,0,0,0,0,0,0,0,0,0,0,0,0,0,0,0,0,0,0,0,0,0,0,0,0,0,0,0,0,0,0,0,0,0,0,0,0,0,0,0,0,0,0,0,0,0,0,0,0,0,0,0,0,0,0,0,0,0,0,0,0,0,0,0,0,0,0,0,0,0,0,0,0,0,0,0,0,0,0,0,0,0,0,1,0,0,0,0,0,0,0,0,0,0,1,0,0,0,0,0,0,1,1,0,1,1,0,0,0,1,0,0,0,0,0,1,0,0,1,0,0,0,0,0,0,0,0,0,0,0,0,0,0,0,0,0,0,0,0,0,0,0,0,0,0,0,0,0,1,0,0,1,0,0,0,0,0,0,0,0,0,0,0,0,0,0,0,0,0,0,0,0,1,0,0,0,1,0,0,0,0,1,0,0,0,0,0,0,0,0,0,0,0,0,0,0,0,0,0,0,0,0,0,0,0,0,0,0,0,0,0,0,0,0,0,0,0,0,0,0,0,0,0,1,0,0,0,0,0,0,0,0,0,0,0,0,0,0,0,0,0,0,0,0,0,0,0,0,0,0,0,0,0,0,0,0,0,0,0,0,0,0,0,1,0,0,0,0,0,0,0,0,0,24,0
59,Male,0,2,540,17.8,2,2,0,0,2,2,0,2,2,1,2,2,0,1,0,0,0,0,2,0,1,0,1,0,1,0,1,0,0,0,0,0,0,0,0,1,0,0,0,0,1,0,0,0,0,0,0,0,0,0,0,0,0,1,1,1,0,1,0,0,1,0,0,0,0,1,1,2,0,1,0,1,0,0,2,1,0,0,1,0,0,1,0,0,0,0,2,0,0,0,0,0,0,1,0,0,0,0,1,1,0,0,1,0,0,0,0,1,1,0,0,1,1,0,1,0,0,0,1,0,0,1,0,0,0,1,0,0,0,2,0,1,1,0,1,0,1,0,1,0,0,1,0,0,0,1,1,0,0,0,0,0,0,0,0,0,0,0,0,0,0,0,0,0,0,0,0,0,0,0,0,0,0,0,0,0,0,0,0,0,0,0,0,0,0,0,1,0,0,0,0,0,0,0,0,0,0,0,0,0,0,0,0,0,0,0,0,0,0,0,0,0,0,0,0,0,0,0,0,0,0,0,0,0,2,0,0,0,2,0,0,0,0,0,0,2,0,0,0,2,0,0,0,0,0,0,2,1,0,2,2,1,0,1,2,0,2,2,1,0,2,1,0,1,0,0,0,0,0,0,0,0,0,0,2,0,1,0,1,0,0,1,0,0,0,0,1,1,2,0,0,0,0,1,0,0,1,1,0,0,0,1,0,0,0,0,0,0,0,0,0,0,0,0,0,1,0,1,0,0,0,1,0,0,0,1,1,1,0,0,0,0,2,0,0,0,0,0,1,0,0,0,1,0,0,0,0,0,0,0,0,0,0,0,0,0,0,1,0,0,0,0,0,0,0,0,0,0,1,0,0,0,0,0,1,1,0,0,0,0,0,0,0,0,0,0,0,0,0,0,1,0,0,0,0,0,0,0,0,0,0,0,0,0,0,0,0,0,1,0,0,0,0,0,0,0,0,0,97,27
61,Male,0,2,578,19,2,2,0,2,2,2,2,2,2,2,2,2,0,2,2,2,2,1,2,0,2,0,2,1,2,1,1,1,2,0,0,0,1,2,2,0,1,1,1,2,0,1,1,1,2,0,0,2,1,2,2,0,2,2,1,1,2,2,2,2,2,2,0,2,1,2,1,2,2,1,0,2,1,1,2,0,0,0,1,0,1,1,0,1,2,0,1,1,1,1,0,0,2,2,2,1,1,0,1,1,2,1,1,1,1,2,2,1,1,0,0,1,2,1,1,1,2,0,2,0,0,2,2,0,1,2,0,1,0,2,0,2,2,0,2,1,2,1,2,0,2,2,0,0,1,1,1,0,0,0,0,1,0,2,1,1,1,0,2,0,2,1,1,0,0,1,0,1,2,0,1,1,2,0,1,1,0,0,1,2,0,1,0,0,2,1,2,1,2,0,1,2,1,2,0,2,2,1,0,1,0,0,0,2,0,0,0,2,0,1,0,0,1,0,0,1,0,0,1,1,1,1,0,0,2,2,0,0,2,0,0,0,0,0,0,2,2,0,2,2,2,0,0,0,2,1,2,2,1,2,2,1,2,1,2,0,1,1,2,2,2,1,0,1,1,1,1,1,0,0,1,1,1,1,1,0,0,1,2,0,0,2,2,1,1,2,1,1,1,0,0,0,0,0,0,2,1,1,0,1,1,0,0,1,1,1,1,1,1,0,1,0,0,0,0,1,1,1,1,1,1,1,1,0,0,1,1,1,2,0,1,0,2,0,0,0,1,1,1,1,1,1,2,1,1,0,0,1,1,0,0,0,2,1,1,0,0,1,1,0,1,1,0,0,0,1,1,0,1,1,0,0,1,0,2,0,0,0,1,0,1,0,0,0,0,0,0,0,0,0,0,0,0,0,0,0,0,1,2,1,1,0,0,0,2,1,1,0,1,0,2,0,0,0,0,0,0,0,259,108
61,Male,0,2,726,23.9,2,2,0,2,2,2,2,2,2,2,2,2,2,2,2,2,2,2,2,2,2,0,2,2,2,2,2,2,2,2,2,0,1,2,2,2,2,2,2,2,0,1,1,1,2,1,2,2,2,2,2,2,2,2,2,2,2,2,2,2,2,2,2,2,2,2,2,2,2,2,0,2,2,2,2,2,0,0,2,1,2,1,2,2,2,0,2,2,2,2,0,0,2,2,2,2,2,2,2,2,2,2,2,2,2,2,2,2,2,2,0,2,2,2,2,2,2,1,2,0,2,2,2,1,1,2,0,1,0,2,1,2,2,2,2,2,2,2,2,0,2,2,0,0,1,2,2,0,2,1,0,1,1,2,2,2,2,2,2,0,2,2,2,2,1,2,0,2,2,2,2,2,2,0,2,2,0,1,1,2,1,1,1,2,2,2,2,2,2,1,2,2,1,2,0,2,2,2,2,2,2,2,0,2,2,0,0,2,0,1,1,0,1,0,0,2,1,2,2,2,2,2,2,0,2,2,0,0,2,2,1,0,0,0,0,2,2,0,2,2,2,1,0,0,2,1,2,2,1,2,2,1,2,2,2,0,1,2,2,2,2,2,1,1,1,1,1,1,1,0,1,1,2,1,2,1,1,2,2,1,1,2,2,1,1,2,1,2,2,1,1,2,1,0,1,2,2,2,1,2,2,1,1,2,2,1,2,1,2,1,2,1,1,1,1,2,1,2,1,2,2,1,2,1,1,1,1,2,2,1,1,1,2,2,1,2,2,2,1,2,2,2,2,2,2,2,0,1,2,2,0,0,2,1,2,2,1,1,1,0,2,2,1,1,1,1,2,1,2,2,2,1,1,0,2,1,0,0,1,1,2,2,1,1,0,1,1,1,2,2,2,2,2,1,1,1,0,2,2,1,2,2,0,2,2,1,2,2,2,0,2,2,1,0,2,1,1,1,362,256
62,Male,0,3,378,12.4,2,1,0,1,1,1,1,2,1,1,1,2,1,1,0,1,0,1,1,1,1,0,1,0,2,1,1,1,1,0,1,0,0,1,1,0,1,1,1,0,1,1,1,0,1,0,1,0,0,1,0,0,1,1,0,0,0,1,1,1,1,1,0,0,0,1,1,1,1,1,0,0,0,0,1,0,0,0,2,0,1,1,0,0,0,0,2,0,0,0,0,0,0,1,1,0,0,0,1,1,1,1,1,0,1,1,1,1,1,1,0,1,0,1,1,0,0,0,0,0,0,1,0,0,0,1,0,0,0,0,0,0,0,0,1,0,1,0,0,1,0,1,0,0,0,0,0,0,0,0,0,0,0,1,0,0,0,0,0,0,0,0,0,0,0,0,0,0,1,0,0,0,0,0,0,0,0,0,0,0,0,1,0,0,0,1,1,0,0,0,0,0,0,0,0,2,0,0,0,1,0,0,0,0,1,0,0,0,0,0,0,0,0,0,0,0,0,0,0,2,1,0,0,0,1,0,0,0,2,0,0,0,0,0,0,2,2,0,0,2,0,0,0,0,1,1,2,1,1,2,2,1,0,1,2,0,2,1,1,1,2,0,0,2,1,1,0,0,0,0,0,1,0,0,1,0,1,0,2,0,0,2,0,0,0,0,0,0,0,0,0,0,0,0,0,0,0,1,0,0,1,0,0,0,1,0,0,0,0,0,0,0,0,0,0,0,1,0,1,0,1,1,1,0,0,1,0,0,0,0,1,0,2,0,1,0,0,0,1,1,1,0,0,0,0,0,0,1,1,0,1,0,1,0,0,0,1,1,1,0,0,0,0,0,0,0,0,0,0,0,0,0,0,0,0,0,0,0,0,0,0,0,0,0,0,0,0,0,0,0,2,0,0,0,0,0,0,0,1,0,0,0,0,0,0,0,2,0,0,0,0,0,0,0,0,0,0,0,138,24
62,Male,0,3,468,15.4,2,2,0,2,1,1,1,2,2,1,1,2,1,1,0,1,0,1,1,1,1,0,1,0,2,1,1,1,1,0,1,0,0,1,1,0,1,1,1,0,1,1,1,0,1,0,1,0,0,1,0,0,1,1,1,1,1,1,1,1,1,1,0,0,1,1,1,1,1,1,0,0,0,0,1,0,0,0,1,1,1,1,0,0,2,0,2,1,0,0,0,0,0,1,1,0,1,1,1,1,1,1,1,1,1,1,1,1,1,1,0,1,0,1,1,0,0,0,1,0,1,1,0,0,0,1,0,1,0,1,0,1,0,0,1,0,1,1,1,1,1,1,1,0,1,1,0,0,1,0,0,0,1,1,1,1,1,0,0,0,0,0,0,0,0,0,0,0,1,0,1,0,1,1,0,1,0,0,1,0,0,1,0,0,1,1,1,1,1,1,1,0,1,1,0,2,0,0,0,1,0,0,0,0,1,0,0,0,0,0,0,0,0,0,0,0,0,0,0,2,1,0,0,1,1,0,0,0,2,0,0,0,0,0,0,2,2,0,0,2,0,0,0,1,1,1,2,1,1,2,2,1,0,1,2,0,2,2,1,1,2,1,0,2,1,1,0,0,0,1,1,1,1,0,1,0,1,0,2,0,0,2,0,0,0,1,1,1,1,0,0,0,0,1,0,1,0,1,0,1,1,0,0,2,1,0,0,0,1,0,1,0,0,0,0,2,1,1,1,1,1,1,1,0,0,1,1,0,1,1,1,0,2,0,1,0,0,0,1,1,1,0,1,0,0,0,0,1,1,0,1,0,1,0,0,0,1,1,1,0,0,0,0,0,0,1,0,1,1,1,0,0,0,0,0,0,0,0,0,1,1,0,0,0,0,0,0,0,0,0,2,0,0,2,0,0,1,0,1,1,1,1,0,1,1,0,2,0,0,0,1,0,0,0,0,0,0,0,213,31
62,Male,0,3,526,17.3,2,2,0,2,2,1,2,2,2,1,1,2,1,1,0,1,1,1,2,1,1,0,2,0,2,1,2,1,1,0,1,0,0,1,1,1,1,1,1,0,1,1,1,1,1,0,1,1,1,1,1,0,1,2,1,1,1,2,2,1,1,2,1,0,1,1,1,2,2,1,1,1,0,0,1,1,1,0,2,1,2,1,1,1,2,0,2,1,0,1,1,0,0,2,1,1,1,1,1,1,1,1,1,1,1,1,1,1,1,1,0,1,1,1,1,0,0,0,1,0,1,1,0,0,1,1,0,1,0,1,0,1,1,0,1,1,1,1,1,1,1,1,1,0,1,1,1,0,1,1,0,1,1,1,1,1,1,1,1,0,1,1,1,1,1,1,0,0,1,0,1,1,1,1,0,1,0,0,1,1,0,1,0,0,1,1,1,1,1,1,1,0,1,1,0,2,1,0,1,1,0,0,0,1,1,0,0,0,1,0,1,1,1,0,0,1,1,1,1,2,2,1,1,1,1,0,0,0,2,0,2,0,0,1,1,2,2,0,0,2,0,0,0,1,1,1,2,1,1,2,2,1,0,1,2,0,2,2,1,1,2,1,0,2,1,1,0,1,0,1,1,1,1,1,1,0,1,1,2,0,1,2,1,0,1,1,1,1,1,0,0,1,1,1,0,1,1,1,0,1,1,1,0,2,1,1,1,1,1,0,1,0,0,2,0,2,1,1,1,1,1,1,1,0,1,1,1,1,1,1,1,0,2,0,1,0,0,0,1,1,1,0,1,1,1,0,1,1,1,0,1,1,1,1,0,0,1,1,1,0,0,0,1,0,0,1,1,1,1,1,0,0,1,1,1,0,0,0,1,1,1,1,0,0,0,0,0,0,0,0,2,1,1,2,0,0,1,1,1,1,1,1,1,1,1,1,2,0,1,0,2,0,0,0,0,0,0,0,296,49
63,Male,0,2,530,17.4,0,2,0,2,0,2,2,0,2,0,1,0,0,2,2,2,2,0,2,0,2,0,2,0,1,1,2,1,2,0,2,0,0,2,1,1,0,0,2,0,0,0,2,0,2,0,2,2,2,2,0,1,2,2,0,1,2,2,2,0,2,1,2,2,0,0,2,2,2,2,0,2,0,0,2,0,0,0,0,0,2,0,0,0,0,0,2,2,2,2,0,0,0,2,0,0,0,0,1,2,0,0,1,0,2,2,1,1,0,0,0,2,2,2,2,2,2,2,2,0,0,2,0,0,0,1,0,2,0,2,0,2,2,0,2,0,2,1,2,0,0,2,0,0,1,1,1,0,0,0,0,0,0,1,0,0,2,0,0,0,0,2,1,2,0,0,0,0,2,0,0,2,1,0,0,0,0,1,0,2,0,2,0,0,1,0,0,2,0,0,0,2,0,2,0,0,0,0,0,0,0,0,0,2,0,0,0,1,0,0,0,0,0,0,0,0,0,0,0,1,2,0,0,0,2,0,2,0,2,0,0,0,0,0,2,2,2,2,2,2,0,0,0,0,2,2,2,2,0,2,0,0,0,2,2,0,2,0,0,0,0,1,0,2,0,0,0,0,0,0,0,2,0,0,1,0,1,0,1,0,0,1,0,0,0,0,0,1,1,0,0,0,0,2,0,2,2,1,0,0,2,0,0,1,1,0,0,0,1,0,0,1,0,0,0,1,0,0,0,1,1,0,1,0,0,1,1,1,0,0,0,0,1,0,0,0,0,0,1,1,1,0,1,0,0,0,0,1,1,0,2,0,2,0,0,0,0,0,0,0,2,0,0,0,0,0,0,0,0,1,0,0,1,0,1,0,0,0,0,0,0,0,0,0,0,0,0,0,0,0,0,0,0,0,1,0,0,0,1,0,0,2,2,2,0,0,2,0,2,0,2,0,0,0,0,0,0,0,163,107
63,Male,0,2,656,21.6,2,2,1,2,1,2,2,2,2,1,1,1,1,2,2,2,2,2,2,2,2,1,2,2,2,2,2,2,2,0,2,1,0,2,2,2,2,2,2,0,2,2,2,2,2,0,2,2,2,2,2,2,2,2,2,2,2,2,2,0,2,1,2,2,1,1,2,2,2,2,2,2,2,0,2,0,2,2,2,2,2,1,2,0,2,0,2,2,2,2,2,0,2,2,2,2,2,2,2,2,2,2,2,1,2,2,2,2,2,2,0,2,2,2,2,2,2,2,2,0,2,2,0,0,2,2,0,2,2,2,2,2,2,2,2,2,2,1,2,2,2,2,2,0,1,2,1,0,2,2,2,2,2,2,2,2,2,2,2,0,2,2,1,2,2,2,0,0,2,2,2,2,2,0,0,2,2,2,2,2,2,2,0,2,2,2,2,2,2,0,2,2,0,2,0,0,2,0,0,2,0,0,0,2,0,2,0,2,0,2,2,0,2,0,0,2,0,0,2,1,2,1,1,0,2,2,2,0,2,0,0,0,2,2,2,2,2,2,2,2,2,2,0,0,2,2,2,2,1,2,0,1,1,2,2,0,2,2,2,2,2,2,1,2,2,2,2,1,2,2,2,2,2,2,2,0,2,2,2,2,2,2,2,2,2,0,2,1,2,2,2,0,2,2,1,2,2,2,1,2,2,2,2,2,2,2,2,2,2,0,2,1,0,2,0,2,0,2,1,1,2,2,2,0,1,1,1,1,2,2,2,0,2,2,0,2,2,2,2,2,2,2,2,0,2,2,0,2,2,2,2,0,2,1,2,2,0,1,0,2,2,2,1,0,0,0,0,0,2,2,2,0,2,0,2,1,0,0,1,0,2,0,0,0,0,0,0,0,0,2,0,0,1,1,1,0,0,1,1,2,2,2,2,2,2,2,2,0,2,2,2,0,0,0,2,2,2,2,328,283
64,Male,0,2,364,12,0,2,0,0,1,0,0,1,0,2,0,0,0,0,0,0,0,0,2,0,0,0,0,0,0,0,0,0,1,0,0,0,1,0,0,0,0,0,0,0,0,0,0,0,0,0,0,1,0,0,0,1,0,2,0,1,1,2,1,0,1,0,0,0,0,0,0,2,1,0,0,0,0,0,2,0,0,0,1,0,0,0,0,0,0,0,1,0,0,0,0,0,0,0,0,0,0,0,1,0,0,0,0,1,0,0,0,0,0,0,0,1,0,0,1,0,0,0,0,0,0,1,0,0,0,0,0,0,0,0,0,0,0,0,1,0,0,0,0,0,0,0,0,0,1,0,0,0,0,0,0,0,0,0,0,0,0,0,0,0,0,0,0,0,0,0,0,0,0,0,0,0,0,0,0,0,0,0,0,0,0,0,0,0,0,0,1,0,0,0,0,0,0,0,0,0,0,0,0,0,0,0,0,0,0,0,0,0,0,0,0,0,0,0,0,0,0,0,0,0,1,0,0,0,0,0,1,0,2,0,0,0,0,0,0,0,2,0,0,0,0,0,0,0,1,0,2,0,0,0,2,0,1,2,2,0,0,0,0,0,0,0,0,1,0,0,0,0,0,0,0,0,0,0,1,0,0,0,0,0,0,1,0,0,0,0,0,0,2,0,0,0,0,0,0,0,0,0,0,0,0,0,0,0,0,0,0,0,0,0,0,0,0,0,0,0,0,0,0,1,0,0,0,0,0,0,0,0,0,0,0,0,1,0,0,0,0,0,0,0,0,0,0,0,0,0,0,0,0,0,0,0,0,0,0,0,0,0,0,0,0,0,0,0,0,0,0,0,1,0,0,0,0,0,0,0,0,0,0,0,0,0,0,0,0,0,0,0,0,0,0,0,0,0,0,0,0,0,0,0,0,0,0,0,0,0,0,0,0,0,0,0,0,0,0,0,0,0,45,14
64,Male,0,2,505,16.6,2,2,2,2,2,2,2,2,2,2,2,2,2,2,0,2,2,2,2,2,2,0,2,0,2,0,2,2,2,2,2,0,2,2,2,2,0,2,2,0,0,2,0,2,2,0,2,2,2,2,2,2,2,2,1,2,2,2,1,1,0,0,0,0,0,2,2,2,2,1,0,2,2,1,2,2,2,0,2,2,2,1,0,0,0,1,2,2,2,2,0,0,2,2,2,2,0,0,2,0,0,1,2,0,0,2,1,2,0,0,0,2,0,1,2,2,2,0,2,0,0,2,0,0,2,2,0,0,0,2,0,2,0,2,2,0,2,0,2,0,2,2,2,0,1,0,0,0,0,0,0,2,0,2,0,2,0,2,0,2,0,0,2,2,2,2,0,0,2,0,0,0,1,0,0,1,1,0,2,2,0,2,0,0,0,0,0,2,0,0,0,2,0,2,0,0,2,0,0,1,0,2,0,0,2,0,0,2,0,0,0,0,0,0,0,0,0,0,0,0,0,1,0,1,2,0,2,0,2,0,0,0,0,0,0,2,2,0,0,2,2,0,0,1,2,2,2,0,1,2,2,1,2,2,2,0,2,0,2,2,2,1,0,2,1,1,0,1,0,0,0,1,0,0,2,0,1,0,2,0,0,2,1,0,0,2,0,0,1,0,0,1,0,0,1,0,0,0,0,0,0,0,0,0,0,0,0,0,0,0,1,1,0,0,0,2,1,2,0,1,0,0,0,0,0,0,2,1,0,0,0,0,2,1,0,0,0,0,1,0,0,0,0,0,0,0,0,1,0,0,1,0,0,2,0,0,0,0,0,0,0,0,0,0,0,0,1,1,1,0,0,0,0,0,0,0,0,0,0,1,1,0,0,0,0,0,0,0,0,0,0,0,0,0,0,0,0,0,0,1,0,0,0,2,0,0,0,0,2,0,0,0,0,0,0,0,0,0,184,139
67,Male,0,4,548,18,1,2,0,1,1,2,2,2,2,1,2,2,1,1,1,1,1,0,1,1,1,0,2,1,1,1,1,0,0,0,1,0,0,1,0,1,0,0,1,0,0,1,0,0,1,0,0,1,1,2,1,1,1,2,0,0,2,2,2,0,2,2,1,1,1,0,1,2,1,1,0,1,0,0,1,0,1,0,1,0,0,1,1,0,1,0,1,0,1,0,0,1,0,1,1,1,0,1,1,2,1,1,1,1,0,1,1,1,0,1,0,1,0,1,1,0,0,0,1,0,1,1,0,0,0,2,0,1,0,1,1,1,1,0,1,0,1,1,1,1,1,1,0,0,1,1,1,0,0,0,0,0,0,1,1,1,1,1,1,1,1,1,1,0,0,1,0,1,0,1,0,1,1,0,1,1,1,1,1,1,0,1,0,0,1,0,1,0,0,0,1,1,0,1,1,1,0,0,0,1,0,1,0,0,1,1,0,0,0,1,0,1,1,1,1,0,1,0,1,1,1,1,1,0,2,0,0,0,2,0,0,0,0,1,0,0,0,1,0,2,2,0,0,1,1,1,2,1,0,2,0,1,0,2,2,1,1,1,1,1,2,0,0,1,1,1,0,0,0,0,0,0,0,1,1,0,1,0,1,0,0,1,1,1,0,0,0,1,1,0,1,1,1,1,0,1,1,1,0,1,1,1,0,0,1,0,0,0,1,0,1,0,0,1,0,1,1,1,1,1,0,1,1,0,0,1,1,1,1,0,1,0,1,1,0,0,0,1,1,1,0,0,1,0,1,0,0,0,1,0,0,0,0,1,1,1,0,1,1,0,0,0,1,0,1,1,0,0,1,1,0,0,0,0,0,0,0,0,0,1,0,0,0,0,0,0,0,0,0,0,1,0,0,0,0,0,0,0,1,1,1,0,0,1,0,0,0,0,1,0,0,1,0,0,0,0,1,0,225,27
67,Male,0,4,632,20.8,1,2,0,1,1,2,2,2,2,2,2,2,1,1,1,2,1,0,2,1,1,0,2,1,2,1,1,0,0,0,2,0,0,1,0,1,0,0,1,0,0,1,0,0,1,0,0,2,1,2,1,1,1,2,0,0,2,2,2,0,2,2,1,1,1,0,1,2,2,1,0,1,0,2,1,0,2,0,1,0,0,1,1,0,2,0,2,0,1,0,0,2,0,1,1,1,0,1,1,2,1,1,1,1,0,1,1,1,0,1,0,1,0,1,1,0,0,0,1,0,1,1,0,0,0,2,0,1,0,1,1,1,1,0,1,0,1,1,1,1,1,1,0,0,1,1,1,0,0,0,0,0,0,1,1,2,1,1,1,1,1,1,1,0,0,1,0,1,0,1,0,1,2,0,1,1,1,1,1,1,0,1,0,0,1,0,1,0,0,0,1,1,0,1,1,1,0,0,0,2,0,1,0,0,1,1,0,0,0,1,0,1,1,1,1,0,1,0,1,1,1,1,1,0,2,0,0,0,2,0,0,0,0,1,0,0,0,1,2,2,2,0,0,1,1,2,2,1,0,2,0,1,0,2,2,1,1,2,1,1,2,0,0,1,1,1,0,0,0,0,0,0,0,1,1,0,1,0,1,0,0,1,1,1,0,0,0,1,1,0,1,1,1,1,0,1,1,1,0,1,1,1,0,0,1,0,0,0,1,0,1,0,0,1,0,1,1,2,1,1,0,1,1,0,0,1,1,1,1,0,1,0,1,1,0,0,0,1,1,1,0,0,1,0,1,0,0,0,1,0,0,0,0,1,1,1,0,1,2,0,0,0,1,0,1,1,0,0,1,1,0,0,0,0,0,0,0,0,0,1,0,0,0,0,0,0,0,0,0,0,2,0,0,0,0,0,0,0,1,1,1,0,0,1,0,0,0,0,1,0,0,1,0,0,0,0,1,0,227,48
67,Male,0,4,745,24.5,1,2,0,2,1,2,2,2,2,2,2,2,1,2,1,2,1,0,2,1,1,0,2,1,2,1,1,1,0,0,2,0,0,1,1,2,0,0,1,0,0,1,0,0,1,0,0,2,2,2,2,1,2,2,2,2,2,2,2,0,2,2,1,2,2,2,2,2,2,2,0,2,0,2,2,0,2,0,2,0,0,1,1,2,2,0,2,0,1,0,2,2,2,2,1,1,0,1,1,2,1,1,1,1,1,1,1,1,2,2,0,2,2,2,1,0,2,1,1,0,2,2,1,0,1,2,0,1,1,2,1,1,1,1,2,2,2,2,2,1,2,2,0,0,1,1,1,0,2,1,0,1,1,1,1,2,1,1,1,1,2,1,1,2,1,1,1,1,2,1,1,1,2,1,1,2,1,2,1,1,0,1,0,0,2,1,2,1,1,1,2,1,1,2,1,2,1,1,1,2,0,1,0,1,1,2,1,1,2,1,1,1,1,2,1,2,1,1,1,2,1,1,2,2,2,1,1,0,2,0,0,0,1,1,0,2,2,1,2,2,2,0,0,2,2,2,2,1,1,2,2,1,1,2,2,2,2,2,2,2,2,2,0,2,1,1,0,1,1,1,0,0,1,1,2,0,2,1,1,1,1,2,1,1,1,1,2,1,2,1,1,2,1,1,2,1,1,2,1,1,1,1,0,1,2,0,1,0,1,0,1,0,0,1,0,1,1,2,1,1,0,2,1,0,0,1,1,1,1,0,1,0,1,1,0,0,0,1,1,1,2,1,1,1,1,1,0,1,1,1,1,1,2,1,1,2,0,1,2,1,0,1,1,0,1,1,1,1,1,1,1,0,0,0,0,1,0,0,1,1,1,1,0,0,0,1,1,1,1,0,2,1,0,0,0,0,0,0,1,1,1,0,0,1,0,0,0,0,2,0,0,1,0,0,0,0,1,0,318,127
67,Male,0,4,807,26.5,1,2,0,2,2,2,2,2,2,2,2,2,1,2,1,2,2,0,2,1,2,0,2,1,2,1,2,1,0,0,2,0,0,1,2,2,0,0,1,0,0,1,0,0,2,0,0,2,2,2,2,2,2,2,2,2,2,2,2,0,2,2,1,2,2,2,2,2,2,2,0,2,0,2,2,0,2,2,2,2,2,1,1,2,2,1,2,0,1,0,2,2,2,2,1,1,0,1,2,2,1,1,2,1,1,1,1,1,2,2,0,2,2,2,1,0,2,1,2,0,2,2,1,0,1,2,0,2,1,2,1,2,1,1,2,2,2,2,2,1,2,2,0,0,1,1,1,0,2,1,0,1,1,2,2,2,1,1,1,2,2,1,1,2,2,1,1,1,2,1,1,1,2,1,1,2,2,2,1,1,0,1,0,0,2,1,2,1,1,1,2,1,1,2,1,2,2,1,1,2,0,1,0,1,1,2,1,1,2,1,1,1,1,2,1,2,1,1,1,2,1,1,2,2,2,1,1,0,2,0,0,0,1,1,1,2,2,2,2,2,2,0,0,2,2,2,2,1,1,2,2,1,1,2,2,2,2,2,2,2,2,2,0,2,1,1,0,1,1,1,0,0,1,1,2,0,2,1,1,1,1,2,1,1,1,1,2,1,2,1,1,2,1,1,2,1,1,2,1,1,1,2,0,1,2,0,1,0,1,0,1,0,0,1,0,1,1,2,1,1,0,2,1,0,0,1,1,1,1,0,1,0,1,1,0,0,0,1,1,1,2,2,1,1,1,1,0,1,1,1,1,1,2,1,1,2,0,1,2,1,0,1,1,0,1,1,1,1,1,1,1,0,0,0,0,1,0,0,1,1,1,1,0,0,0,1,1,1,1,0,2,1,0,0,0,0,0,0,1,1,1,0,0,1,0,0,0,0,2,0,0,1,0,0,0,0,1,0,323,151
68,Male,0,NA,599,19.7,0,1,0,2,1,2,1,1,1,1,1,1,0,0,0,1,1,1,1,1,1,0,1,1,2,1,2,0,1,0,1,0,0,0,0,0,0,0,0,0,1,1,0,0,0,0,0,1,0,1,1,1,1,2,1,0,2,2,0,0,2,0,0,1,1,1,1,1,1,1,0,1,0,0,0,1,1,0,1,0,2,0,0,0,2,0,1,1,1,1,1,1,0,0,1,0,0,0,0,0,1,1,1,0,0,0,1,1,0,0,0,1,0,0,0,0,1,0,0,0,1,0,0,0,0,1,0,0,0,1,1,1,0,0,0,0,0,0,1,0,1,1,0,0,0,0,0,0,0,0,0,0,0,0,0,0,0,0,0,0,0,0,0,0,0,1,0,0,0,0,0,0,0,0,0,0,0,0,0,0,0,1,0,0,1,1,1,0,0,0,0,1,0,1,0,0,0,0,0,1,0,1,0,0,0,1,0,0,0,0,0,0,0,1,0,0,0,0,1,1,1,0,0,0,0,0,0,0,1,0,1,0,0,0,0,1,1,0,0,2,1,0,0,0,1,0,2,1,1,0,1,0,1,1,1,0,0,1,1,1,1,1,0,1,0,0,0,1,0,1,1,0,1,0,1,0,0,1,1,0,0,1,0,0,0,0,1,1,1,0,0,1,1,1,0,1,0,1,0,0,1,0,0,1,1,1,0,0,0,0,0,0,0,0,0,1,0,1,0,1,1,1,1,0,0,0,1,1,1,1,1,0,1,1,1,1,1,0,0,1,0,0,1,0,1,0,0,1,1,0,1,0,1,1,0,0,0,1,0,0,0,0,0,0,0,1,0,1,1,1,0,0,1,0,1,0,0,0,0,0,0,1,0,0,0,0,0,0,0,0,0,0,0,0,0,0,1,0,0,0,0,1,1,0,0,1,1,0,1,1,1,0,0,0,0,0,0,1,164,12
68,Male,0,2,641,21.1,0,1,0,2,1,2,1,1,1,1,1,1,0,0,0,1,1,1,1,1,1,0,1,1,2,1,2,0,1,0,1,0,0,0,0,0,0,0,0,0,1,1,0,0,0,0,0,1,0,1,1,1,1,2,1,0,2,2,0,0,2,0,0,1,1,1,1,1,1,1,0,1,0,0,0,1,1,0,1,0,2,0,0,0,2,0,1,1,1,1,1,1,0,0,1,0,0,0,0,0,1,1,1,0,0,0,1,1,0,0,0,1,0,0,0,0,1,0,0,0,1,0,0,0,0,1,0,0,0,1,1,1,0,0,0,0,0,0,1,0,1,1,0,0,0,0,0,0,0,0,0,0,0,0,0,0,0,0,0,0,0,0,0,0,0,1,0,0,0,0,0,0,0,0,0,0,0,0,0,0,0,1,0,0,1,1,1,0,0,0,0,1,0,1,0,0,0,0,0,1,0,1,0,0,0,1,0,0,0,0,0,0,0,1,0,0,0,0,1,1,1,0,0,0,0,0,0,0,1,0,1,0,0,0,0,1,1,0,0,2,1,0,0,0,1,0,2,1,1,0,1,0,1,1,1,0,0,1,1,1,1,1,0,1,0,0,0,1,0,1,1,0,1,0,1,0,0,1,1,0,0,1,0,0,0,0,1,1,1,0,0,1,1,1,0,1,0,1,0,0,1,0,0,1,1,1,0,0,0,0,0,0,0,0,0,1,0,1,0,1,1,1,1,0,0,0,1,1,1,1,1,0,1,1,1,1,1,0,0,1,0,0,1,0,1,0,0,1,1,0,1,0,1,1,0,0,0,1,0,0,0,0,0,0,0,1,0,1,1,1,0,0,1,0,1,0,0,0,0,0,0,1,0,0,0,0,0,0,0,0,0,0,0,0,0,0,1,0,0,0,0,1,1,0,0,1,1,0,1,1,1,0,0,0,0,0,0,1,164,12
73,Female,0,3,298,9.8,1,0,0,1,1,1,0,1,0,0,1,1,0,0,0,0,1,0,0,0,0,0,1,0,1,0,0,0,0,0,0,0,0,0,0,0,0,0,0,0,0,0,0,0,0,0,0,0,0,0,0,0,0,0,0,0,0,0,0,0,0,0,0,0,0,0,0,0,0,0,0,0,0,0,0,0,0,0,0,0,0,0,0,0,0,0,0,0,0,0,0,0,0,0,0,0,0,0,0,0,0,0,0,0,0,0,0,0,0,0,0,0,0,0,0,0,0,0,0,0,0,0,0,0,0,0,0,0,0,0,0,0,0,0,0,0,0,0,0,0,0,0,0,0,0,0,0,0,0,0,0,0,0,0,0,0,0,0,0,0,0,0,0,0,0,0,0,0,0,0,0,0,0,0,0,0,0,0,0,0,0,0,0,0,0,0,0,0,0,0,0,0,0,0,0,0,0,0,0,0,0,0,0,0,0,0,0,0,0,0,0,0,0,0,0,0,0,0,0,0,0,0,0,0,0,0,0,0,2,0,0,0,0,0,0,0,0,0,0,1,0,0,0,0,0,0,1,0,0,1,1,0,0,0,1,0,1,1,1,0,1,0,0,1,0,0,0,0,0,0,0,0,0,0,0,0,0,0,0,0,0,0,0,0,0,0,0,0,0,0,0,0,0,0,0,0,0,1,0,0,0,0,0,0,0,0,0,0,0,0,0,0,0,0,0,0,0,0,0,1,0,0,0,0,0,0,1,0,0,0,0,0,0,0,0,0,0,0,0,0,0,0,0,0,0,0,0,0,0,0,0,0,0,0,0,0,0,0,0,0,0,0,0,0,0,0,0,0,0,0,0,0,0,0,0,0,0,0,0,0,0,0,0,0,0,0,0,0,0,0,0,0,0,0,0,0,0,0,0,0,0,0,0,0,0,0,0,0,0,0,0,0,0,0,0,0,0,0,24,1
73,Female,0,3,439,14.4,1,2,1,2,1,2,1,1,1,2,1,1,1,1,1,1,1,1,1,1,1,0,1,1,1,1,1,1,1,0,1,0,0,1,1,1,1,0,1,1,0,1,0,0,0,0,0,0,0,1,0,0,1,2,1,1,1,1,1,1,1,1,0,0,0,0,1,2,1,1,0,0,0,1,1,0,0,0,1,0,1,1,0,0,0,0,2,0,0,0,0,0,0,0,1,1,1,0,1,1,0,1,1,0,1,1,1,1,0,0,0,1,1,1,1,0,0,0,0,0,0,1,0,0,0,1,0,1,0,1,0,1,0,0,1,0,1,0,0,0,0,0,0,0,0,0,0,0,0,0,0,0,0,0,0,0,0,0,0,0,0,0,0,0,0,0,0,0,0,0,0,0,0,0,0,0,0,0,0,0,0,1,0,0,0,0,1,0,0,0,0,0,0,1,0,0,0,0,0,0,0,0,0,0,0,0,0,0,0,0,0,0,0,0,0,0,0,0,0,1,1,0,0,0,2,0,0,0,2,0,0,0,0,0,0,2,2,0,0,2,1,0,0,0,1,1,1,1,0,1,2,1,1,1,1,0,1,1,1,0,1,0,0,1,0,0,0,1,1,0,0,0,0,0,0,0,0,0,1,0,1,1,0,0,0,0,0,0,0,0,0,0,0,0,0,0,0,1,0,0,0,0,0,0,0,0,0,0,0,0,0,1,0,0,0,1,1,1,1,1,1,1,1,0,0,0,1,0,0,0,0,0,0,0,0,0,0,0,0,0,0,0,0,0,0,0,0,0,0,0,0,0,0,0,0,0,0,0,0,0,0,0,0,0,0,0,0,0,0,0,0,0,0,0,1,0,0,0,0,0,0,0,0,0,0,0,0,0,0,0,0,0,0,0,0,0,0,0,0,0,0,0,0,0,0,0,0,0,0,0,0,0,0,0,0,0,0,0,122,13
73,Female,0,3,476,15.6,1,2,1,2,2,2,1,1,2,2,1,2,1,1,1,1,2,1,1,1,1,0,2,1,2,1,1,1,1,0,1,1,0,1,1,1,1,1,1,1,0,1,1,1,1,0,0,1,1,1,1,0,1,2,1,1,1,2,2,1,2,2,0,0,1,0,1,2,1,1,0,1,0,1,1,0,0,0,1,1,1,1,0,0,0,0,2,1,0,0,0,0,2,1,1,1,1,0,1,1,0,1,1,1,1,1,1,1,0,0,0,1,1,1,1,0,0,0,1,0,1,1,0,0,0,1,0,1,0,2,0,1,0,0,1,1,1,1,0,0,1,2,0,0,1,1,0,0,0,0,0,0,0,0,0,0,0,0,0,0,0,0,1,0,0,0,0,0,0,0,0,1,1,0,0,0,0,0,0,0,0,1,0,0,0,0,1,1,0,0,0,0,0,1,0,0,0,0,0,0,0,0,0,1,0,0,0,0,0,0,0,0,1,0,0,0,0,0,0,1,1,1,0,0,2,0,0,0,2,0,0,0,0,0,0,2,2,0,0,2,2,0,0,0,1,1,1,1,0,1,2,1,1,1,2,1,2,1,2,2,1,1,0,1,1,1,0,1,1,0,0,0,0,1,1,0,1,1,1,0,1,1,0,0,0,0,0,0,0,0,1,0,0,0,0,0,1,1,0,0,1,1,0,0,0,1,1,0,0,0,0,1,0,0,0,1,1,1,1,1,1,1,1,0,0,1,1,1,1,0,1,0,1,1,0,0,0,0,0,1,0,0,1,0,0,0,0,0,0,0,0,0,1,1,0,0,0,0,0,0,1,0,0,0,0,0,1,1,1,1,0,0,0,0,1,0,0,0,0,1,1,0,0,0,0,0,0,0,0,0,0,0,0,0,0,0,0,0,0,0,0,1,1,0,0,1,1,0,0,0,0,0,0,0,0,0,0,0,188,31
77,Female,0,2,602,19.8,2,2,1,2,2,2,2,2,2,2,2,2,2,2,2,2,2,2,2,2,2,0,2,2,2,2,2,2,2,0,2,2,1,2,2,2,2,2,2,0,2,2,2,2,2,0,2,2,2,2,2,1,2,2,2,1,2,2,2,1,2,2,2,2,2,2,2,2,2,2,2,2,2,2,2,2,2,0,2,2,2,1,2,2,2,1,2,2,2,2,0,0,2,2,2,2,2,2,2,2,2,2,2,1,2,2,2,2,2,2,2,2,2,2,2,2,2,2,2,2,2,2,2,0,2,2,2,2,0,2,0,2,2,1,2,2,2,1,2,1,1,2,1,0,1,2,1,0,2,1,0,1,1,2,2,2,2,2,2,0,2,2,2,2,1,2,1,1,2,2,2,2,2,0,1,2,0,2,2,2,2,2,2,1,2,2,2,2,2,0,2,2,1,2,1,0,2,1,0,1,2,2,0,2,2,2,1,2,0,2,2,2,2,1,2,0,0,0,2,1,2,2,0,0,2,2,0,2,2,0,0,2,0,0,2,2,2,2,2,2,0,2,0,0,2,2,2,0,1,2,0,2,1,2,2,0,2,2,2,2,2,1,0,2,1,1,2,1,2,1,1,0,2,2,2,1,1,2,2,1,1,1,2,0,1,1,1,1,1,1,0,1,1,1,0,2,2,2,0,1,2,1,1,2,1,1,1,1,2,1,1,1,1,1,1,1,2,2,2,2,1,2,2,1,0,1,1,2,2,1,1,1,2,1,1,2,0,2,0,2,2,2,2,0,2,1,0,2,2,0,1,0,2,1,1,2,0,1,1,0,1,0,2,1,1,2,1,1,1,2,0,0,0,0,0,0,0,0,0,0,1,0,0,0,0,0,0,0,0,0,2,0,0,0,0,0,0,2,2,0,2,2,2,2,0,1,2,0,2,0,2,0,0,0,0,0,2,1,331,241
77,Female,0,2,698,22.9,2,2,2,2,2,2,2,2,2,2,2,2,2,2,2,2,2,2,2,2,2,2,2,2,2,2,2,2,2,2,2,2,2,2,2,2,2,2,2,1,2,2,2,2,2,0,2,2,2,2,2,2,2,2,2,1,2,2,2,2,2,2,2,2,2,2,2,2,2,2,2,2,2,2,2,2,2,0,2,2,2,2,2,2,2,1,2,2,2,2,0,0,2,2,2,2,2,2,2,2,2,2,2,2,2,2,2,2,2,2,2,2,2,2,2,2,2,2,2,2,2,2,2,0,2,2,2,2,0,2,0,2,2,2,2,2,2,2,2,2,1,2,1,1,1,2,1,0,2,1,0,2,1,2,2,2,2,2,2,0,2,2,2,2,2,2,2,2,2,2,2,2,2,2,1,2,1,2,2,2,2,2,2,1,2,2,2,2,2,0,2,2,1,2,1,0,2,1,0,2,2,2,1,2,2,2,1,2,0,2,2,2,2,1,2,2,1,2,2,2,2,2,1,2,2,2,0,2,2,2,1,2,0,0,2,2,2,2,2,2,0,2,0,2,2,2,2,0,1,2,0,2,1,2,2,0,2,2,2,2,2,2,0,2,2,1,2,1,2,1,2,1,2,2,2,1,2,2,2,2,2,2,2,0,2,2,2,1,1,2,0,2,2,1,0,2,2,2,0,2,2,1,2,2,2,1,1,1,2,2,2,1,1,1,2,2,2,2,2,2,2,2,2,1,0,1,2,2,2,2,1,2,2,2,2,2,2,2,0,2,2,2,2,2,2,2,0,2,2,2,2,0,2,2,2,2,0,2,2,0,1,2,2,2,2,2,2,1,1,2,1,1,2,0,0,1,1,0,2,1,2,1,0,0,0,0,0,1,1,0,2,2,0,0,0,0,0,2,2,2,2,2,2,2,0,2,2,0,2,0,2,0,0,0,0,0,2,1,363,309
79,Female,0,2,482,15.8,1,0,0,0,2,2,0,2,2,0,2,2,0,0,0,0,0,0,0,0,0,0,0,0,0,0,0,0,0,0,0,0,0,0,0,0,0,0,0,0,0,0,0,0,0,0,0,0,0,0,0,0,0,0,0,0,0,0,0,0,1,0,1,0,0,0,0,1,0,0,0,0,0,0,1,0,0,0,0,0,1,0,0,0,1,0,1,0,0,0,0,0,0,0,0,0,0,0,1,1,0,0,0,0,0,0,0,0,0,0,0,1,0,0,1,0,0,0,0,0,0,0,0,0,0,0,0,0,0,0,0,0,0,0,0,0,0,0,0,0,0,0,0,0,0,0,0,0,0,0,0,0,0,0,0,0,0,0,0,0,0,0,0,0,0,0,0,0,0,0,0,0,0,0,0,0,0,0,0,0,0,0,0,0,0,0,0,0,0,0,0,0,0,0,0,0,0,0,0,0,0,0,0,0,0,0,0,0,0,0,0,0,0,0,0,0,0,0,0,0,0,0,0,0,0,0,0,0,0,0,0,0,0,0,0,0,0,0,0,0,0,0,0,0,0,0,0,0,0,0,0,0,0,0,0,0,0,0,0,0,0,0,0,0,0,0,0,0,0,0,0,0,0,0,0,0,0,0,0,0,0,0,0,0,0,0,0,0,0,0,0,0,0,0,0,0,0,0,0,0,0,0,0,0,0,0,0,0,0,0,0,0,0,0,0,0,0,0,0,0,0,0,0,0,0,0,0,0,0,0,0,0,0,0,0,0,0,0,0,0,0,0,0,0,0,0,0,0,0,0,0,0,0,0,0,0,0,0,0,0,0,0,0,0,0,0,0,0,0,0,0,0,0,0,0,0,0,0,0,0,0,0,0,0,0,0,0,0,0,0,0,0,0,0,0,0,0,0,0,0,0,0,0,0,0,0,0,0,0,0,0,0,0,0,0,0,0,0,18,6
79,Female,0,2,805,26.5,2,2,0,2,2,2,0,2,2,0,2,2,2,2,2,2,2,2,2,2,2,1,2,2,2,2,2,2,2,1,2,1,1,2,2,2,2,2,2,1,2,2,2,2,2,1,1,2,2,2,2,2,2,2,2,2,2,0,0,0,2,2,2,2,2,2,2,2,2,2,2,2,2,2,2,2,2,0,2,2,2,1,2,2,2,2,2,2,2,2,2,2,2,2,2,2,2,2,2,2,2,2,2,2,2,2,2,2,2,2,2,2,2,2,1,1,2,2,2,2,2,2,2,0,1,2,2,2,0,2,0,2,2,0,2,2,2,2,2,2,0,2,0,0,2,2,0,0,2,0,0,1,2,2,2,2,2,2,2,2,2,2,2,2,2,2,2,2,2,2,2,2,2,2,2,2,2,2,2,2,0,2,2,2,2,2,2,2,2,2,2,2,0,2,0,0,2,2,2,2,2,2,0,2,2,2,0,2,2,2,2,2,2,2,2,2,2,2,2,2,2,2,1,2,2,2,0,0,2,0,0,0,2,0,2,2,2,2,2,2,2,2,0,2,2,2,2,2,2,2,2,2,2,2,2,2,2,2,2,2,2,2,2,2,2,2,2,2,2,2,2,2,2,2,2,2,2,2,2,2,2,2,2,2,2,2,2,2,2,2,2,2,2,1,2,2,2,2,0,2,2,2,2,2,2,2,2,2,2,2,2,1,2,2,2,2,2,2,2,2,2,2,2,2,1,1,2,2,2,2,2,2,2,2,2,2,2,2,2,2,2,1,2,2,2,2,0,1,2,2,2,0,2,2,2,2,0,2,2,0,2,2,2,2,2,2,0,0,0,2,2,0,2,0,2,0,2,2,2,2,2,2,0,0,0,0,0,2,2,2,2,2,2,2,2,0,2,2,2,2,0,2,2,2,2,2,2,2,2,2,2,0,2,2,0,0,2,2,366,347
83,Male,0,2,284,9.3,1,0,0,1,1,1,0,1,0,0,1,1,0,0,0,0,0,0,1,0,0,0,1,0,1,0,0,0,0,0,0,0,0,0,0,0,0,0,0,0,0,0,0,0,0,0,0,0,0,0,0,0,0,0,0,1,0,0,0,0,0,1,0,0,0,1,1,1,0,0,0,0,0,0,0,0,0,0,1,0,0,1,0,0,0,0,0,0,0,0,0,0,0,1,1,0,0,0,1,1,0,0,0,0,0,0,0,1,1,0,0,1,1,0,1,1,0,0,1,0,0,0,0,0,0,1,0,1,0,0,0,0,1,0,1,0,1,0,0,0,1,1,0,0,1,0,0,0,0,0,0,0,0,1,0,1,1,0,0,0,0,1,0,0,1,0,0,0,1,0,0,1,1,0,0,0,0,0,0,0,0,1,1,0,0,1,1,0,0,0,0,0,0,0,0,0,0,0,0,0,0,1,0,1,0,0,0,0,0,0,0,0,0,0,0,0,0,0,0,1,1,1,0,0,1,1,0,0,1,0,0,0,0,0,0,0,0,0,0,1,0,0,0,0,1,1,1,1,0,1,1,1,1,0,1,0,1,1,0,0,1,0,0,1,0,0,0,0,0,0,0,0,1,1,1,0,0,0,1,0,0,1,0,0,0,0,0,0,0,0,0,0,0,0,0,1,0,1,0,0,0,1,0,0,0,0,0,0,0,0,0,0,0,0,0,0,1,1,1,1,0,1,0,0,0,0,1,1,1,0,1,0,0,0,0,0,0,0,0,0,1,0,0,0,0,0,0,1,1,0,1,0,1,1,0,0,0,0,0,0,0,0,0,0,0,1,0,0,0,0,0,0,1,0,0,0,0,0,0,0,0,0,0,0,0,0,0,0,0,0,0,0,0,0,0,0,0,0,0,0,0,0,0,0,0,0,1,0,1,0,1,0,0,0,0,0,0,0,98,0
83,Male,0,2,754,24.8,2,2,2,2,2,2,2,2,2,2,2,2,2,2,2,2,2,2,2,2,2,2,2,2,2,2,2,2,2,2,2,1,2,2,2,2,2,2,2,1,2,2,2,2,2,1,2,2,2,2,2,2,2,2,2,1,2,2,2,2,2,2,2,1,2,2,2,2,2,2,2,2,2,1,2,2,2,2,2,2,2,2,2,2,2,1,2,2,1,2,2,2,1,2,2,2,1,2,2,2,2,2,2,2,2,2,2,2,2,2,1,2,2,2,2,2,2,2,2,2,2,2,2,1,2,2,1,2,2,2,1,2,2,2,2,2,2,2,2,2,2,2,2,1,2,2,2,1,2,1,2,2,2,2,2,2,2,1,2,0,2,2,2,2,2,2,1,1,2,2,2,2,2,2,2,2,1,2,2,2,2,2,2,2,2,2,2,2,2,1,2,2,1,2,1,1,2,1,2,2,0,2,1,2,1,1,1,2,0,2,1,1,1,0,0,2,2,2,2,2,2,2,1,2,2,2,2,2,2,1,2,1,1,2,2,2,2,2,2,2,2,1,1,2,2,2,2,2,2,2,2,2,2,2,2,0,2,2,2,1,2,2,2,2,2,2,1,2,2,1,1,1,2,2,2,2,2,2,2,2,2,2,2,2,2,2,2,2,2,2,2,2,2,2,2,2,2,2,2,2,2,2,2,2,2,2,2,2,2,2,2,2,2,2,2,2,2,2,2,2,2,2,2,2,2,2,2,2,2,1,2,2,2,2,2,2,2,2,1,2,2,2,2,2,2,2,1,2,2,2,2,2,2,2,2,2,1,2,1,1,2,2,2,1,1,2,1,1,1,1,2,2,2,1,2,2,2,2,2,2,2,2,2,2,2,1,1,2,2,2,2,2,2,2,2,2,2,2,2,2,2,2,2,2,2,2,2,2,2,2,2,2,2,1,1,2,2,2,412,351
84,Male,0,6,454,14.9,1,1,0,0,0,2,1,2,1,0,1,0,0,0,0,2,0,0,1,0,1,0,2,0,2,0,1,0,0,0,1,0,0,0,0,0,0,0,1,0,0,0,0,0,0,0,0,0,1,1,0,1,1,2,0,0,0,1,1,1,2,0,0,0,1,0,0,1,1,0,0,1,0,0,1,0,0,0,0,0,0,0,0,0,0,0,1,0,0,0,0,0,0,0,2,0,0,0,0,0,0,0,1,0,0,0,0,0,0,0,0,1,1,1,0,0,0,0,0,0,0,0,0,0,0,1,0,0,0,1,0,2,0,0,1,0,0,0,0,0,0,1,0,0,0,0,0,0,0,0,0,0,0,0,0,1,1,0,0,0,0,1,1,0,0,0,0,0,0,0,0,0,0,0,0,0,0,0,0,0,0,2,0,0,0,0,0,0,0,0,0,0,0,0,0,0,0,0,0,0,0,0,0,1,0,0,0,0,0,0,0,0,0,0,0,0,0,0,0,0,0,0,0,0,1,0,1,0,2,0,0,0,0,0,0,1,1,0,0,2,0,0,0,0,1,0,2,1,0,2,1,1,0,1,1,0,2,0,1,0,2,1,0,1,0,0,0,0,0,0,0,0,0,0,1,0,0,0,1,0,1,1,0,0,0,1,0,0,0,0,0,0,0,0,0,0,0,0,0,0,0,0,0,1,1,0,0,0,1,0,0,0,0,0,0,1,0,1,1,1,0,1,0,0,0,0,1,1,0,0,0,0,2,0,0,0,0,0,1,0,0,0,0,0,0,0,0,1,0,0,0,0,0,0,0,0,0,0,0,0,0,0,0,0,0,0,0,0,0,0,0,0,0,0,0,0,0,0,0,0,0,0,0,0,0,0,0,0,0,0,2,0,0,0,0,0,0,0,0,0,0,0,0,0,0,0,0,0,2,0,1,0,0,0,0,0,0,0,86,19
84,Male,0,6,537,17.7,1,1,0,1,1,2,1,2,2,0,1,0,0,0,1,2,2,0,1,0,2,0,2,0,2,1,1,2,1,0,1,0,0,0,1,0,1,1,1,0,0,1,0,0,0,0,0,1,1,2,0,1,1,2,1,1,1,2,1,1,2,0,0,0,1,1,2,1,1,0,0,1,0,0,1,0,0,0,0,0,2,1,1,0,1,0,1,0,0,1,0,0,0,1,2,0,0,0,1,1,0,0,1,0,1,1,0,1,0,1,0,1,1,1,0,1,0,0,1,0,0,1,0,0,0,1,0,0,0,2,0,2,1,1,1,1,1,1,1,1,1,1,0,0,1,1,0,0,0,0,0,0,0,1,0,1,1,0,0,0,2,1,1,1,0,0,0,0,1,0,0,1,1,0,0,1,0,1,1,1,0,2,0,0,0,0,0,1,1,0,0,1,0,1,1,0,0,0,0,0,0,1,0,1,0,0,1,1,0,0,0,0,1,0,0,0,0,0,1,1,0,0,0,0,1,0,1,0,2,0,0,0,0,0,0,1,1,1,1,2,0,0,0,0,1,0,2,1,1,2,1,1,1,1,1,0,2,1,1,0,2,1,0,1,0,0,0,1,1,0,0,0,0,1,1,0,0,1,1,0,1,1,0,0,0,1,0,1,1,1,0,0,0,1,0,0,0,1,0,0,0,0,0,1,1,0,0,0,1,0,1,1,0,0,0,1,0,1,1,1,1,1,1,0,0,1,1,1,0,0,1,0,2,1,0,0,0,1,1,0,0,0,0,0,1,0,0,1,0,0,0,0,1,1,0,0,0,0,0,0,0,0,0,0,0,1,0,1,1,0,2,0,0,0,1,0,0,0,0,0,1,0,0,0,0,0,0,0,0,0,2,0,0,0,1,0,0,0,0,0,0,0,0,0,0,0,0,0,2,0,1,0,0,0,0,0,0,0,181,30
84,Male,0,6,546,17.9,1,1,0,1,1,2,1,2,2,0,1,0,0,0,1,2,2,1,1,0,2,1,2,0,2,1,1,2,1,0,1,0,0,1,1,1,1,1,1,0,0,1,1,0,0,0,0,1,2,2,0,1,2,2,1,1,1,2,1,1,2,2,0,0,1,1,2,1,1,0,0,1,0,0,1,0,0,0,1,1,2,1,1,0,1,0,1,0,0,1,0,0,0,1,2,0,1,0,1,1,1,1,1,0,1,1,1,1,0,1,0,1,1,1,1,1,0,0,1,0,0,1,0,0,0,1,0,0,0,2,0,2,1,1,1,1,1,1,1,1,1,1,0,0,1,1,0,0,0,0,0,1,0,1,1,1,1,1,0,0,2,1,1,1,0,1,0,0,1,0,0,1,1,0,1,1,0,1,1,1,0,2,0,0,1,0,0,1,1,0,0,1,0,1,1,0,0,0,0,0,0,1,0,1,1,0,1,1,0,0,0,0,1,0,0,1,0,0,1,1,1,1,0,0,1,1,1,0,2,0,0,0,0,0,0,1,1,1,1,2,0,0,0,0,1,0,2,1,1,2,2,1,1,1,2,0,2,1,1,0,2,1,0,1,0,1,1,1,1,0,0,0,0,1,1,0,0,1,1,0,1,1,0,0,0,1,0,1,1,1,0,0,1,1,0,0,1,1,0,0,0,0,0,1,1,0,0,0,1,0,1,1,0,0,1,1,1,1,1,1,1,1,1,1,0,1,1,1,1,0,1,0,2,1,0,0,0,1,1,0,0,0,1,0,1,0,0,1,0,0,1,0,1,1,0,0,0,0,0,0,0,0,0,0,0,1,1,1,1,0,2,0,0,0,1,0,0,0,1,0,1,0,0,0,0,0,0,0,0,1,2,0,0,0,1,0,0,0,1,0,0,0,0,0,0,0,1,0,2,0,2,0,0,0,0,0,0,0,220,36
84,Male,0,6,599,19.7,2,2,0,1,1,2,1,2,2,1,1,0,1,1,1,2,2,1,1,1,2,1,2,0,2,1,2,2,1,0,1,0,0,1,1,1,1,1,1,0,0,1,1,0,0,0,1,1,2,2,1,2,2,2,1,1,1,2,1,1,2,2,0,2,1,1,2,2,1,0,1,1,1,0,1,0,1,0,1,1,2,1,1,0,2,0,1,0,1,1,0,0,0,1,2,1,1,1,1,1,1,1,1,1,1,2,1,2,1,1,0,2,1,1,1,1,0,0,1,0,0,1,0,0,0,1,1,0,0,2,1,2,1,1,1,1,1,1,1,1,1,1,0,0,1,1,0,0,0,0,0,1,0,1,1,1,1,1,0,0,2,1,1,1,1,1,0,0,1,0,0,1,1,0,1,1,0,1,1,1,1,2,0,0,1,1,0,1,1,0,0,1,0,1,2,0,1,1,0,1,0,1,0,1,1,0,1,1,0,1,0,0,1,0,1,1,1,0,1,1,1,1,0,0,2,1,1,0,2,0,0,0,0,0,1,1,1,1,1,2,0,0,0,0,1,1,2,1,1,2,2,1,1,1,2,0,2,1,1,0,2,1,1,1,0,1,1,1,1,0,1,0,0,1,1,0,1,1,1,0,1,1,1,0,1,1,1,1,1,1,0,1,1,1,0,0,1,1,0,0,2,0,0,1,1,0,0,1,1,0,1,1,0,1,1,1,1,1,1,1,2,1,1,1,0,1,1,1,1,0,1,0,2,1,0,0,0,1,1,0,1,1,1,0,1,0,0,1,0,0,1,0,2,1,0,0,0,0,0,0,0,0,0,0,0,1,1,1,1,2,2,0,0,0,1,1,0,0,1,0,1,0,0,0,0,0,0,0,0,1,2,1,0,0,1,0,0,0,2,0,0,0,0,0,0,0,1,0,2,0,2,0,0,0,0,0,0,0,263,53
84,Male,0,6,614,20.2,2,2,0,1,1,2,1,2,2,1,1,0,1,1,1,2,2,1,1,1,2,1,2,0,2,1,2,2,1,0,1,0,0,1,1,1,1,1,1,0,0,1,1,0,0,0,1,1,2,2,1,2,2,2,1,1,1,2,1,1,2,2,0,2,1,1,2,2,1,0,1,1,1,0,1,0,1,0,1,1,2,1,1,0,2,0,1,0,1,1,0,0,0,1,2,1,1,1,1,1,1,1,1,1,1,2,1,2,1,1,0,2,1,1,1,1,0,0,1,0,0,1,0,0,0,1,1,0,0,2,1,2,1,1,1,1,1,1,1,1,1,1,0,0,1,1,0,0,0,0,0,1,0,1,1,1,1,1,0,0,2,1,1,1,1,1,0,0,1,0,0,1,1,0,1,1,0,1,1,1,1,2,0,0,1,1,0,1,1,0,0,1,0,1,2,0,1,1,0,1,0,1,0,1,1,0,1,1,0,1,0,0,1,0,1,1,1,0,1,1,1,1,0,0,2,1,1,0,2,0,0,0,0,0,1,1,1,1,1,2,0,0,0,0,1,1,2,1,1,2,2,1,1,1,2,0,2,1,1,0,2,1,1,1,0,1,1,1,1,0,1,0,0,1,1,0,1,1,1,0,1,1,1,0,1,1,1,1,1,1,0,1,1,1,0,0,1,1,0,0,2,0,0,1,1,0,0,1,1,0,1,1,0,1,1,1,1,1,1,1,2,1,1,1,0,1,1,1,1,0,1,0,2,1,0,0,0,1,1,0,1,1,1,0,1,0,0,1,0,0,1,0,2,1,0,0,0,0,0,0,0,0,0,0,0,1,1,1,1,2,2,0,0,0,1,1,0,0,1,0,1,0,0,0,0,0,0,0,0,1,2,1,0,0,1,0,0,0,2,0,0,0,0,0,0,0,1,0,2,0,2,0,0,0,0,0,0,0,263,53
84,Male,0,6,712,23.4,2,2,0,2,1,2,1,2,2,2,2,2,1,1,1,2,2,1,1,1,2,1,2,1,2,1,2,2,2,0,1,0,0,2,1,1,2,2,2,0,1,2,1,1,1,0,1,1,2,2,2,2,2,2,2,1,2,2,1,1,2,2,1,2,2,1,2,2,2,1,1,2,1,0,2,1,1,0,1,1,2,1,1,0,2,0,2,1,1,1,0,0,1,2,2,2,1,1,2,2,1,1,2,1,1,2,1,2,2,1,0,2,2,1,1,1,0,1,1,0,1,2,1,0,1,1,1,1,0,2,1,2,1,1,1,1,1,1,1,1,1,2,0,0,1,1,0,0,1,0,0,1,1,1,1,1,1,1,1,2,2,1,2,2,1,1,0,0,1,1,2,1,1,0,1,2,1,1,1,2,1,2,0,0,1,1,1,2,1,0,1,1,0,1,2,0,1,1,0,1,1,1,0,1,1,1,1,1,0,1,0,0,1,0,1,1,1,0,1,1,1,1,1,0,2,1,1,1,2,0,0,0,0,0,2,2,2,1,2,2,0,0,0,0,2,1,2,2,1,2,2,1,1,2,2,0,2,1,1,1,2,1,1,2,1,1,1,1,1,0,1,0,0,1,1,0,1,1,1,1,1,1,1,0,1,1,1,1,1,1,1,1,1,1,1,0,1,2,0,1,2,0,1,1,1,0,0,1,1,0,1,1,0,1,1,1,1,1,1,2,2,1,1,1,0,1,1,1,1,1,1,0,2,1,0,0,2,1,1,0,1,2,1,1,1,1,0,1,1,1,1,0,2,1,0,0,0,0,0,0,0,2,0,1,0,1,1,1,1,2,2,0,0,0,1,1,0,1,1,0,2,0,0,0,0,0,0,1,1,1,2,2,2,0,1,1,0,0,2,1,0,1,1,1,2,0,1,2,2,0,2,0,0,0,0,0,0,1,318,105
85,Male,0,5,531,17.5,2,2,0,0,2,0,1,1,1,0,0,1,0,1,0,1,1,1,1,1,1,0,1,0,1,1,1,1,1,0,1,0,0,1,1,1,1,0,1,0,0,1,1,0,1,0,0,1,1,1,1,0,1,1,1,1,1,1,1,1,1,0,0,0,1,1,1,1,1,1,0,0,1,1,1,0,1,0,1,1,0,1,1,1,0,0,1,1,1,1,0,1,0,1,1,1,0,0,0,1,1,1,1,0,1,1,1,0,0,1,0,1,0,1,1,1,0,0,1,0,0,1,0,0,1,1,0,1,0,1,0,1,1,0,1,1,1,1,1,0,0,1,0,0,0,1,0,0,0,1,0,1,0,1,1,1,1,0,1,0,1,0,1,1,1,1,0,0,0,0,0,1,1,0,0,1,0,0,0,1,1,1,0,0,1,0,0,0,1,0,1,0,0,1,0,0,0,0,0,0,0,0,0,1,0,0,0,0,0,1,1,1,1,0,0,1,0,0,1,0,1,0,0,0,0,0,1,0,1,0,0,1,0,0,0,1,1,0,0,1,0,0,0,0,1,1,1,1,1,1,0,1,0,1,1,0,1,0,0,0,0,0,0,1,0,0,0,0,1,0,0,0,0,0,1,0,1,0,1,0,0,1,0,0,1,0,0,1,0,0,0,0,0,0,0,0,0,1,0,0,0,0,0,1,1,0,0,0,0,0,0,0,0,0,0,0,0,1,0,1,0,0,0,0,0,0,0,1,0,0,0,0,1,0,0,0,0,0,0,0,0,0,1,0,0,0,0,0,0,0,0,0,1,1,0,0,0,0,0,0,0,0,0,0,0,1,0,1,1,0,0,0,0,0,0,0,0,0,0,0,0,0,0,0,0,0,0,0,0,0,0,0,0,0,0,0,0,0,0,1,0,0,1,1,0,1,0,0,0,0,2,0,0,0,0,0,0,0,164,4
85,Male,0,5,635,20.9,2,2,0,2,2,2,1,1,2,2,1,1,1,1,1,1,1,1,1,1,1,1,1,0,1,1,1,1,1,0,1,0,0,1,1,1,1,1,1,1,0,1,1,1,1,0,0,1,1,1,1,1,1,1,1,1,1,1,1,1,1,1,0,0,1,1,1,1,1,1,0,1,1,1,1,1,1,0,1,1,1,1,1,1,1,0,1,1,1,1,0,1,0,1,1,1,0,0,1,1,1,1,1,0,1,1,1,1,1,1,1,1,1,1,1,1,0,0,1,0,1,1,0,0,1,1,0,1,0,1,1,1,1,0,1,1,1,1,1,1,0,1,0,1,0,1,0,0,0,1,0,1,1,1,1,1,1,1,1,0,1,1,1,1,1,1,0,0,1,1,1,1,1,0,0,1,1,1,1,1,1,1,0,0,1,1,1,2,1,1,1,0,0,1,0,0,1,0,0,0,0,0,0,1,0,0,0,1,0,1,1,1,1,0,0,1,0,0,2,1,1,1,0,0,1,1,1,0,2,0,0,1,0,0,1,1,1,0,1,2,2,1,0,0,1,1,1,1,1,1,0,1,1,1,1,0,1,0,1,0,1,1,0,1,1,1,1,1,1,0,1,0,1,0,1,0,1,1,1,0,1,1,0,0,1,0,1,1,1,0,1,0,1,1,0,1,0,1,0,0,1,0,0,1,1,0,0,1,0,1,1,1,0,1,1,1,0,1,0,1,1,0,0,0,0,0,1,1,1,0,0,0,1,1,0,0,0,1,0,0,1,0,1,0,1,0,0,0,0,0,0,0,1,1,0,0,0,1,0,0,0,0,0,0,0,1,0,1,1,1,0,0,0,0,0,0,0,0,0,0,0,0,0,0,0,0,0,0,0,0,0,0,0,0,0,0,0,0,1,1,1,0,1,1,2,1,1,0,1,1,2,0,0,0,0,0,0,0,253,14
85,Male,0,5,678,22.3,2,2,0,2,2,2,1,1,2,2,1,1,1,1,1,1,1,1,1,1,1,1,1,0,1,1,1,1,1,0,1,0,0,1,1,1,1,1,1,1,0,1,1,1,1,0,0,1,1,1,1,1,1,1,1,1,1,1,1,1,1,1,0,0,1,1,1,1,1,1,0,1,1,1,1,1,1,0,1,1,1,1,1,1,1,0,1,1,1,1,0,1,0,1,1,1,0,0,1,1,1,1,1,0,1,1,1,1,1,1,1,1,1,1,1,1,0,0,1,0,1,1,0,0,1,1,0,1,0,1,1,1,1,0,1,1,1,1,1,1,0,1,0,1,0,1,0,0,0,1,0,1,1,1,1,1,1,1,1,0,1,1,1,1,1,1,0,0,1,1,1,1,1,0,0,1,1,1,1,1,1,1,0,0,1,1,1,2,1,1,1,0,0,1,0,0,1,0,0,0,0,0,0,1,0,0,0,1,0,1,1,1,1,0,0,1,0,0,2,1,1,1,0,0,1,1,1,0,2,0,0,1,0,0,1,1,1,0,1,2,2,1,0,0,1,1,1,1,1,1,0,1,1,1,1,0,1,0,1,0,1,1,0,1,1,1,1,1,1,0,1,0,1,0,1,0,1,1,1,0,1,1,0,0,1,0,1,1,1,0,1,0,1,1,0,1,0,1,0,0,1,0,0,1,1,0,0,1,0,1,1,1,0,1,1,1,0,1,0,1,1,0,0,0,0,0,1,1,1,0,0,0,1,1,0,0,0,1,0,0,1,0,1,0,1,0,0,0,0,0,0,0,1,1,0,0,0,1,0,0,0,0,0,0,0,0,0,0,0,0,0,0,0,0,0,0,0,0,0,0,0,0,0,0,0,0,0,0,0,0,0,0,0,0,0,0,0,0,0,0,0,0,0,0,0,0,0,0,0,0,0,0,0,0,0,0,0,0,238,12
85,Male,0,5,712,23.4,2,2,1,2,2,2,1,2,2,2,2,1,1,2,2,1,1,2,1,1,1,1,1,1,2,1,1,1,1,1,1,1,1,1,1,1,2,1,1,1,0,1,1,1,1,0,1,1,1,1,1,1,1,1,1,1,1,2,2,1,1,1,0,0,1,1,1,1,1,1,0,1,1,1,1,1,1,0,1,1,1,1,1,1,1,0,1,1,1,1,1,1,0,1,1,1,1,0,1,1,1,1,1,0,1,1,1,1,1,1,1,1,1,1,1,1,0,0,1,0,1,1,0,0,1,1,0,1,1,1,1,1,1,1,1,1,1,1,1,1,0,2,1,1,1,1,0,0,0,1,0,1,1,1,1,1,1,1,1,0,1,1,1,1,1,1,0,1,1,2,1,1,1,0,0,1,1,1,1,1,1,1,0,0,1,1,1,2,1,1,1,0,0,1,0,0,1,0,0,0,0,0,0,1,0,0,0,1,0,1,1,1,1,0,1,1,0,1,2,1,1,1,1,0,1,1,2,0,2,0,0,1,0,0,1,2,1,0,1,2,2,1,0,0,1,1,2,1,1,1,0,1,1,1,2,0,1,2,1,0,1,1,0,1,1,1,1,1,1,0,1,0,1,0,1,0,1,1,1,1,1,1,0,1,1,0,1,1,1,0,1,0,1,1,0,1,1,1,0,0,1,0,1,1,1,0,0,1,0,1,1,1,0,1,1,1,0,1,1,1,1,0,1,0,0,1,1,1,1,1,1,0,1,1,0,0,0,1,0,0,1,0,1,0,1,0,0,0,0,0,0,0,1,1,0,0,0,1,0,0,0,0,0,0,0,1,0,1,1,1,0,0,0,0,0,0,0,0,0,0,0,0,0,0,0,0,1,0,0,0,0,0,0,0,0,0,0,1,2,2,1,1,1,1,2,1,1,0,1,1,2,0,0,0,0,0,0,0,282,32
85,Male,0,5,810,26.6,2,2,2,2,2,2,2,2,2,2,2,1,1,2,2,1,1,2,1,1,1,1,2,2,2,1,1,1,1,1,1,1,1,1,1,1,2,1,1,1,0,1,1,1,1,0,1,1,2,1,1,1,1,2,1,1,1,2,2,1,1,1,1,2,1,1,1,1,1,1,1,1,1,1,2,1,1,0,1,1,1,1,1,1,1,0,2,1,1,2,1,1,0,1,1,2,1,1,2,2,1,1,1,1,1,1,1,1,1,1,1,1,1,1,1,1,1,1,1,0,1,2,0,0,1,1,0,1,1,1,1,1,1,1,1,1,1,1,1,1,0,2,1,1,1,1,0,0,0,1,0,1,1,1,1,1,1,1,1,0,1,1,1,2,1,1,0,1,2,2,1,1,2,1,1,1,2,1,1,1,1,1,1,1,1,1,1,2,1,1,1,1,0,1,0,0,1,0,1,0,1,2,1,1,1,1,1,1,0,1,1,1,1,0,1,1,1,1,2,1,1,1,1,0,2,1,2,1,2,0,0,1,1,1,1,2,1,1,1,2,2,1,1,0,1,1,2,1,1,2,1,1,1,1,2,1,1,2,1,0,2,1,1,2,1,1,1,1,1,1,1,1,1,1,1,1,1,1,1,1,1,1,1,1,1,1,1,1,1,1,1,1,1,1,1,1,1,1,0,1,1,1,1,1,1,1,1,1,1,1,1,1,1,1,1,1,1,1,1,1,1,1,1,1,1,1,1,1,1,1,1,1,1,1,0,1,2,1,0,1,1,1,1,1,1,1,0,0,1,2,1,0,1,1,1,1,0,1,1,1,0,1,1,0,1,1,1,1,1,1,1,0,0,0,0,0,0,2,1,1,1,1,1,1,1,1,1,1,1,2,2,2,1,1,1,1,1,2,2,2,1,1,2,1,2,1,1,1,2,1,2,1,1,0,1,0,1,1,373,64
86,Male,0,4,190,6.2,0,0,0,2,0,0,0,0,1,0,0,1,0,0,0,0,0,0,1,0,0,0,1,0,0,0,0,0,1,0,0,0,0,0,1,0,0,0,0,0,0,0,0,0,0,0,0,0,0,0,0,1,0,1,1,1,1,1,0,0,0,0,0,0,0,1,0,0,0,0,0,0,0,0,0,0,0,0,0,0,0,1,0,0,0,0,1,0,0,0,0,0,0,0,0,0,0,0,0,0,1,0,1,0,0,0,1,0,0,0,0,0,0,1,1,0,0,0,0,0,0,0,0,0,0,1,0,0,0,0,0,0,0,0,1,0,1,1,0,0,0,0,0,0,0,0,0,0,0,0,0,0,0,0,0,0,0,0,0,0,0,0,0,0,0,0,0,0,0,0,0,0,0,0,0,0,0,0,0,0,0,0,0,0,0,0,0,0,0,0,0,0,0,0,0,0,0,0,0,0,0,0,0,0,0,0,0,0,0,0,0,0,0,0,0,0,0,0,0,0,0,0,0,0,1,0,1,0,1,0,0,0,0,0,0,1,0,0,0,1,1,0,0,0,1,0,0,0,0,1,1,1,0,1,0,0,1,1,0,0,1,0,0,1,0,0,0,0,0,0,0,0,0,0,1,0,0,0,0,0,0,1,0,0,0,0,0,0,0,0,0,0,0,0,0,0,0,1,0,0,0,0,0,0,0,0,0,0,0,0,0,0,0,0,0,0,0,0,1,0,0,1,0,0,0,0,0,0,0,0,0,0,1,0,0,0,0,0,0,0,0,0,0,0,0,0,0,0,0,0,0,0,0,0,0,0,0,0,0,0,0,0,0,0,0,1,0,0,0,0,0,0,0,0,0,0,0,0,0,0,0,0,0,0,0,0,0,0,0,0,0,0,0,0,0,0,0,0,0,0,0,0,0,0,0,0,0,0,0,0,0,0,0,0,0,0,0,0,47,1
86,Male,0,4,261,8.6,0,1,0,2,0,1,1,0,1,0,1,1,0,0,0,1,0,0,1,0,1,0,1,0,1,0,0,0,1,0,0,0,0,0,1,0,0,0,1,0,0,0,0,0,0,0,0,1,0,0,0,1,0,1,1,1,1,1,0,0,1,0,0,0,0,1,0,0,1,0,0,0,0,0,0,0,0,0,0,0,0,1,0,0,1,0,1,0,0,0,0,0,1,0,0,0,0,0,0,0,1,1,1,0,1,1,1,1,0,1,0,0,0,1,1,0,0,0,0,0,0,0,0,0,0,1,0,0,0,0,0,0,0,0,1,0,1,1,0,0,0,0,0,0,1,0,0,0,0,0,0,0,0,0,0,1,0,0,0,0,0,0,0,1,0,0,0,0,0,0,0,0,0,0,0,0,0,0,0,0,0,0,0,0,0,0,1,0,0,0,0,0,0,0,0,0,0,0,0,0,0,0,0,0,0,0,0,0,0,0,0,0,0,0,0,0,0,0,1,0,1,0,0,0,1,0,1,0,1,0,0,0,0,0,0,1,0,0,0,1,1,0,0,0,1,1,1,0,0,1,1,1,0,1,1,0,1,1,0,1,1,0,0,1,0,0,0,0,0,0,0,0,0,0,1,0,0,0,0,0,0,1,0,0,0,0,0,0,0,0,0,0,0,0,0,0,0,1,0,0,0,0,0,0,1,0,0,0,0,0,0,0,0,0,0,0,0,0,1,1,0,1,0,0,0,0,0,0,0,0,0,0,1,0,0,0,0,0,0,0,0,0,0,0,0,0,0,0,0,0,0,0,0,0,0,0,0,0,0,0,0,0,0,0,0,1,0,0,0,0,0,0,0,0,0,0,0,0,0,0,0,0,0,0,0,0,0,0,0,1,0,0,0,0,0,0,0,0,0,0,0,0,0,0,0,0,0,0,0,0,0,0,0,0,0,0,0,0,78,1
86,Male,0,4,443,14.6,0,2,0,2,1,1,1,2,2,0,2,1,1,2,0,1,1,0,1,1,1,0,1,0,2,1,1,1,1,0,1,1,0,1,1,1,1,1,1,0,0,1,0,0,1,0,0,1,1,2,1,1,2,2,1,1,1,1,1,1,2,1,0,1,2,2,1,1,1,1,1,1,1,1,1,1,0,0,2,1,1,1,0,1,2,0,1,0,0,0,0,0,1,1,0,1,1,1,1,1,1,1,1,1,1,1,1,1,1,1,0,1,1,1,1,1,0,1,1,0,1,1,1,1,1,1,0,1,1,1,1,1,1,1,2,1,1,1,1,1,1,1,1,0,1,1,1,0,0,1,0,1,0,1,1,1,0,0,0,0,0,1,1,1,1,0,0,0,0,0,0,1,0,0,0,0,1,0,0,0,0,1,0,0,0,1,1,0,0,0,0,0,0,1,1,0,0,0,0,2,0,1,0,2,0,0,0,0,0,1,0,0,1,0,0,0,0,1,1,1,1,1,0,0,1,0,1,0,1,0,0,0,0,0,0,1,1,0,0,1,1,0,0,0,1,1,1,0,0,1,1,1,0,1,2,1,1,1,0,1,1,0,1,1,0,0,0,0,0,0,0,1,0,0,1,0,1,0,1,0,1,1,0,0,0,0,0,1,0,0,0,0,0,1,0,0,0,1,0,0,0,0,0,0,1,1,1,0,1,0,0,0,0,0,0,0,1,1,1,1,1,1,0,0,0,1,0,0,1,0,0,0,1,0,0,0,0,0,1,0,0,0,0,0,0,0,0,1,0,0,0,0,0,0,0,0,0,0,0,0,0,0,0,0,0,1,0,1,1,1,0,0,1,0,1,1,0,0,0,0,0,0,0,0,0,0,0,0,0,1,0,0,0,0,0,0,0,0,0,0,0,0,1,0,0,0,0,0,0,0,0,0,0,0,0,0,0,0,197,19
86,Male,0,4,527,17.3,0,2,0,2,1,2,1,2,2,0,2,1,1,2,0,1,1,0,1,1,1,0,2,0,2,1,1,1,1,0,1,1,0,1,1,1,1,1,1,0,0,1,0,1,1,0,0,1,1,2,2,1,2,2,1,1,2,2,1,1,2,1,0,1,2,2,1,1,2,1,1,1,1,1,1,1,0,0,2,1,1,1,1,1,2,0,1,0,0,0,0,0,1,1,0,1,1,1,1,1,1,1,1,1,1,1,1,1,1,1,0,2,1,1,1,1,0,1,1,0,1,1,1,1,1,1,0,1,1,1,1,1,1,1,2,1,1,1,1,1,1,2,1,0,1,1,1,0,0,1,0,1,0,1,1,1,0,0,1,0,1,1,1,1,1,0,0,0,1,0,0,1,0,0,0,0,1,0,0,0,0,1,0,0,0,1,1,1,0,0,0,0,0,1,1,0,0,0,0,2,0,1,0,2,0,0,0,0,0,1,1,0,1,0,0,0,0,1,1,1,1,1,0,0,1,0,1,0,2,0,0,0,0,0,0,1,1,0,0,2,1,0,0,0,1,1,1,0,0,2,2,1,0,2,2,1,1,2,0,1,2,0,1,1,0,0,0,0,0,0,0,1,0,0,1,0,1,0,1,0,1,1,0,0,0,0,0,1,0,0,0,0,0,1,0,0,0,1,0,0,0,0,0,1,1,1,1,0,1,0,1,0,0,0,0,0,1,1,1,1,1,1,0,0,0,1,0,1,1,0,0,0,1,0,0,0,0,0,1,0,1,0,0,0,1,0,0,1,1,0,0,0,1,1,0,0,0,0,0,0,0,0,0,0,0,1,0,1,1,1,0,0,1,0,1,1,0,0,0,0,1,0,0,0,0,0,0,0,0,1,1,0,2,0,1,0,0,0,1,0,0,0,1,0,2,1,2,1,0,0,1,0,0,0,0,0,0,0,222,37
87,Female,0,3,586,19.3,2,2,0,0,1,2,1,2,2,0,1,2,0,2,2,1,2,0,2,2,1,0,2,0,2,1,2,1,1,0,1,0,0,1,1,0,0,0,2,0,1,1,1,0,0,0,2,0,1,2,0,0,2,2,0,2,2,2,0,0,2,2,2,1,1,0,1,2,1,0,0,1,0,1,2,0,0,0,2,2,0,2,1,0,2,0,2,0,0,1,0,0,0,1,2,1,0,0,1,1,1,1,1,1,1,2,1,1,2,1,0,2,1,2,1,0,0,0,0,0,1,2,0,1,1,2,1,1,0,2,1,2,0,1,2,1,2,1,2,0,1,2,0,0,0,2,0,0,2,0,0,1,1,1,1,1,1,2,2,0,1,2,1,0,0,2,0,1,2,2,0,1,2,0,2,1,0,1,1,1,0,2,0,0,1,1,2,2,2,1,1,0,0,2,0,1,1,0,0,0,0,2,0,0,1,0,0,2,0,2,0,0,1,0,0,0,0,0,2,1,1,0,0,0,2,0,0,0,2,0,0,0,0,0,0,2,2,0,0,2,2,0,0,0,2,1,2,2,0,2,2,0,1,0,2,0,2,2,1,2,2,0,0,2,0,1,0,0,1,0,1,1,0,0,1,0,1,2,2,1,0,2,1,2,0,1,1,1,1,0,0,1,1,2,0,2,2,1,0,0,2,0,0,2,1,2,1,0,1,0,1,1,0,1,0,1,0,1,0,2,2,0,2,0,0,1,1,2,1,0,1,0,2,0,0,0,0,0,1,1,1,0,2,0,0,0,0,1,0,2,0,0,2,1,0,0,0,0,0,0,0,0,0,0,0,0,0,1,1,2,0,0,1,0,2,0,0,0,0,0,0,0,0,0,0,0,0,0,0,2,0,0,2,0,0,0,0,0,2,1,0,0,0,0,2,0,2,0,1,0,2,0,0,0,0,0,0,0,218,107
87,Female,0,3,636,20.9,2,2,0,0,1,2,2,2,2,0,2,2,0,2,2,2,2,1,2,2,1,0,2,0,2,1,2,2,1,0,2,1,0,1,2,1,1,0,2,0,2,1,1,0,1,0,2,0,2,2,1,0,2,2,0,2,2,2,0,1,2,2,2,2,2,1,2,2,2,0,0,2,0,1,2,0,0,0,2,2,0,2,2,0,2,0,2,0,0,2,0,0,2,2,2,2,1,1,1,2,1,2,1,1,2,2,1,2,2,2,1,2,2,2,1,2,2,0,2,1,1,2,0,1,2,2,1,1,0,2,1,2,1,1,2,1,2,1,2,1,2,2,0,0,1,2,1,0,2,1,0,1,1,2,2,1,1,2,2,0,1,2,1,0,0,2,0,2,2,2,0,1,2,0,2,2,0,2,2,2,0,2,1,0,2,1,2,2,2,1,1,0,0,2,0,2,2,0,0,1,0,2,0,0,1,1,1,2,2,2,0,0,2,1,0,1,0,0,2,2,1,2,0,0,2,0,0,0,2,0,0,0,0,0,0,2,2,0,0,2,2,0,0,0,2,1,2,2,1,2,2,1,1,2,2,0,2,2,2,2,2,1,0,2,0,2,0,0,2,0,2,1,1,1,1,0,2,2,2,1,0,2,1,2,0,2,1,1,2,0,1,2,1,2,1,2,2,2,0,0,2,0,0,2,2,2,1,0,1,1,1,1,0,1,1,2,1,1,0,2,2,0,2,0,0,1,1,2,1,0,1,0,2,0,0,2,2,0,1,1,2,0,2,0,0,0,0,1,0,2,0,1,2,1,2,0,0,0,0,0,0,2,0,2,0,0,0,1,1,2,0,0,1,0,2,0,0,0,0,0,0,0,0,0,0,0,0,1,0,2,1,1,2,0,1,0,0,0,2,1,0,0,0,1,2,1,2,0,2,0,2,0,0,0,0,0,0,1,270,169
87,Female,0,3,709,23.3,2,2,0,2,1,2,2,2,2,0,2,2,2,2,2,2,2,1,2,2,2,2,2,2,2,2,2,2,2,0,2,2,0,2,2,2,2,2,2,0,2,2,2,0,2,0,2,2,2,2,2,2,2,2,2,2,2,2,2,2,2,2,2,2,2,2,2,2,2,1,0,2,2,2,2,0,2,2,2,2,0,2,2,0,2,0,2,2,0,2,0,2,2,2,2,2,2,2,2,2,1,2,2,2,2,2,2,2,2,2,2,2,2,2,2,2,2,2,2,2,2,2,0,1,2,2,2,2,0,2,1,2,2,2,2,2,2,2,2,2,2,2,1,0,2,2,2,0,2,2,0,2,2,2,2,2,2,2,2,0,2,2,2,2,2,2,2,2,2,2,2,2,2,2,2,2,2,2,2,2,0,2,1,0,2,1,2,2,2,1,2,2,1,2,0,2,2,2,2,2,2,2,0,2,1,2,2,2,2,2,2,1,2,2,1,2,1,2,2,2,2,2,1,0,2,2,0,0,2,0,2,0,0,0,2,2,2,2,2,2,2,2,0,0,2,2,2,2,1,2,2,2,2,2,2,0,2,2,2,2,2,2,0,2,2,2,2,1,2,1,2,2,2,2,2,2,2,2,2,2,2,2,2,2,2,2,2,2,2,1,2,2,2,2,2,2,2,2,0,2,2,1,1,2,2,2,1,1,1,1,1,1,0,2,2,2,2,2,2,2,2,2,2,0,0,2,2,2,2,0,2,2,2,2,0,2,2,2,2,2,2,2,2,0,1,0,0,2,0,2,2,2,2,2,2,2,0,2,2,0,0,2,2,2,0,2,2,2,2,2,2,0,2,0,2,2,0,2,2,0,2,2,0,0,0,0,0,2,2,2,2,2,2,2,2,2,0,2,2,2,2,2,2,2,2,2,2,2,2,2,2,0,0,0,0,0,0,2,353,324
88,Male,0,3,564,18.5,0,0,0,2,0,2,0,2,0,0,0,0,0,1,0,0,0,0,2,0,0,0,0,0,0,0,2,0,0,0,0,0,0,0,0,0,0,0,1,0,0,0,0,0,0,0,0,0,0,0,0,0,0,1,0,1,0,1,0,1,1,2,0,0,1,1,0,1,0,0,0,0,0,0,0,0,0,0,1,0,0,0,0,0,0,0,0,0,0,0,0,0,0,1,0,1,0,0,0,0,0,0,0,0,0,0,0,1,0,0,0,0,0,0,0,0,0,0,1,0,0,0,0,0,0,1,0,1,0,0,0,0,1,0,1,0,0,0,0,0,0,1,0,0,0,0,0,0,0,0,0,0,0,1,0,0,0,0,0,0,0,0,0,0,0,0,0,0,0,0,0,0,1,0,0,0,0,0,1,2,0,0,0,0,0,0,0,0,0,0,0,0,0,0,0,0,0,0,0,0,0,0,0,0,0,0,0,0,0,0,0,0,0,1,0,0,0,0,0,0,1,0,0,0,1,0,1,0,1,0,0,0,0,0,0,0,0,0,0,1,1,0,0,0,1,1,1,1,0,1,0,1,0,0,0,0,0,0,1,0,0,0,0,1,0,0,0,0,0,0,0,0,0,0,0,0,0,0,1,0,0,0,0,0,0,0,0,0,0,0,0,0,0,0,0,0,0,0,0,0,0,0,0,0,0,0,0,0,1,0,0,0,0,0,1,1,0,0,0,1,0,0,1,0,0,0,0,1,0,0,0,0,1,0,0,0,0,0,0,0,0,0,0,0,0,0,0,0,0,0,0,0,0,0,0,0,0,0,0,0,0,0,0,0,0,0,0,0,0,0,0,0,0,0,0,0,0,0,0,0,0,0,0,0,0,0,0,0,0,0,0,0,0,0,0,0,0,0,0,0,1,0,0,0,0,0,0,0,0,1,1,0,0,0,0,0,0,0,55,7
88,Male,0,3,706,23.2,1,2,0,2,1,2,0,2,2,1,1,0,0,1,0,0,0,0,2,0,1,0,1,0,1,0,2,0,0,0,1,0,0,0,0,0,0,0,1,0,0,0,0,0,0,0,0,0,0,0,0,0,0,2,0,1,1,1,0,1,1,2,0,0,1,1,0,1,1,0,0,1,0,0,0,0,0,0,1,0,0,1,0,0,0,0,1,0,0,0,0,0,0,1,1,1,1,0,1,1,0,1,1,1,1,1,1,1,1,1,0,1,1,1,1,1,0,1,1,0,0,2,0,0,1,1,0,1,0,2,0,1,1,0,1,0,0,1,1,0,1,1,0,0,0,0,0,0,0,0,0,0,0,1,1,0,1,0,0,0,0,0,1,1,1,1,0,0,1,1,0,1,1,0,0,0,0,0,1,2,0,1,0,0,1,0,1,1,1,0,0,0,0,0,0,0,0,0,0,0,0,0,0,1,0,0,0,0,0,0,0,0,0,1,0,0,0,0,0,0,1,0,0,0,2,0,1,0,1,0,0,0,0,0,0,0,0,0,0,1,2,0,0,0,1,1,2,1,0,1,0,1,0,0,0,0,0,0,2,0,1,1,0,1,0,0,0,0,0,0,1,0,0,0,1,0,0,1,1,0,0,0,0,0,0,0,0,0,0,0,0,0,0,1,0,0,0,0,0,0,1,0,0,0,0,0,0,0,1,0,0,0,0,0,1,1,1,1,1,1,1,0,1,0,0,0,1,1,1,0,0,0,1,0,0,0,0,0,0,0,0,0,0,0,0,0,0,0,0,0,0,0,0,0,0,0,0,0,0,0,0,0,0,0,0,0,0,0,0,0,0,0,0,0,0,0,0,0,0,0,0,0,0,0,0,0,0,0,0,0,0,0,2,2,1,1,0,0,0,1,1,0,0,0,2,0,0,0,1,1,1,0,0,0,0,0,1,0,132,19
88,Male,0,3,766,25.2,1,2,2,2,2,2,0,2,2,1,2,0,0,1,2,0,0,0,2,0,1,0,1,0,1,0,2,0,0,0,1,0,0,0,0,0,0,0,1,0,0,0,0,0,0,0,0,0,0,0,0,1,2,2,0,1,1,1,0,1,1,2,0,0,1,1,2,1,1,0,0,1,0,0,0,0,0,0,2,0,0,1,0,0,0,0,1,0,0,0,0,0,1,1,2,1,1,0,1,1,1,1,1,1,1,1,1,1,1,1,0,1,1,1,1,1,1,1,1,0,0,2,1,0,1,1,0,1,0,2,0,2,1,0,1,0,0,1,1,0,1,2,0,0,0,0,0,0,1,0,0,0,0,1,1,0,1,0,0,0,0,2,1,1,1,1,0,0,2,1,0,1,1,0,0,1,0,1,1,2,2,2,0,0,2,0,1,1,1,0,2,0,0,1,0,0,1,0,0,0,0,1,0,2,0,0,0,0,0,0,0,0,1,1,0,0,0,2,1,1,1,0,0,0,2,0,1,0,2,0,0,0,0,0,0,0,0,0,0,2,2,0,0,0,1,1,2,1,0,1,0,1,1,0,2,0,0,2,2,0,1,1,1,1,1,1,0,1,0,0,1,0,0,1,1,0,0,1,1,1,1,1,1,1,1,1,0,1,1,0,1,1,0,1,0,0,0,1,0,1,1,0,0,1,1,0,2,1,1,0,1,1,0,1,1,1,1,1,1,1,2,0,1,1,1,1,1,2,1,0,1,0,1,0,0,0,0,0,0,0,0,0,0,0,0,1,0,1,0,0,0,0,1,0,0,0,0,0,0,0,0,0,0,0,0,0,0,0,0,1,2,0,2,0,1,1,0,0,0,0,0,0,0,0,0,0,0,0,1,0,0,0,2,2,1,1,0,1,2,1,1,1,0,0,2,0,2,0,1,1,1,0,0,0,0,0,1,0,199,48
89,Female,0,4,486,16,2,2,1,1,2,2,1,2,2,2,2,1,1,1,1,1,1,1,1,1,1,0,1,1,1,1,1,1,1,0,1,0,1,1,1,1,1,1,1,1,0,1,1,0,1,0,1,1,1,1,1,1,1,2,1,1,1,1,1,0,1,1,1,1,1,1,1,1,1,1,1,1,1,1,1,1,1,0,1,1,1,1,1,1,1,1,1,1,1,1,1,0,0,1,1,0,0,1,1,1,1,1,1,1,1,1,1,1,1,1,1,1,1,1,1,1,1,1,1,1,1,1,0,1,1,1,0,1,0,1,0,1,1,1,1,1,1,1,1,1,1,1,0,0,1,1,1,0,1,1,1,1,1,1,1,1,1,0,1,0,2,2,1,1,1,1,0,1,1,1,1,1,1,0,0,0,1,1,1,1,0,1,0,1,1,1,1,1,1,1,1,1,1,1,1,0,1,0,1,1,0,1,0,1,1,0,1,1,0,1,1,0,1,0,0,1,1,1,1,1,1,1,1,0,2,1,1,0,2,0,0,1,1,0,1,2,2,0,0,2,0,1,0,0,1,1,2,1,1,1,0,1,1,2,1,1,1,1,0,0,2,0,0,1,1,1,0,0,0,0,1,0,0,0,1,0,1,1,1,1,1,1,1,0,1,0,1,1,0,0,1,1,0,1,0,1,1,1,0,0,1,0,0,1,1,1,1,0,0,0,1,0,0,0,0,1,1,1,0,0,1,0,1,0,0,1,1,1,1,0,1,0,1,1,0,0,0,0,0,1,0,0,1,0,1,0,0,0,0,0,0,0,0,1,0,0,0,0,0,0,0,0,0,0,0,0,0,0,0,0,1,0,0,0,0,0,0,0,0,0,0,0,0,0,0,0,0,0,0,0,0,0,0,0,0,0,0,0,0,0,0,1,1,0,0,1,1,0,1,0,1,0,0,0,0,0,0,0,262,19
89,Female,0,4,628,20.6,2,2,2,2,2,2,2,2,2,2,2,2,1,1,2,2,2,2,2,2,2,2,2,2,2,2,2,2,2,2,2,2,2,2,2,2,2,2,2,2,2,2,2,2,2,0,2,1,2,2,2,2,2,2,2,2,2,2,2,0,2,2,2,2,2,2,2,2,2,2,2,2,2,2,2,2,2,0,2,2,1,2,2,2,2,2,2,2,2,2,2,2,2,2,2,2,2,2,2,2,2,2,2,2,2,2,2,2,2,2,2,2,2,2,2,2,2,2,2,1,2,2,0,2,2,2,1,2,0,2,2,2,2,2,2,1,2,1,2,2,2,2,2,2,2,2,1,0,2,2,1,2,1,2,2,2,2,2,2,0,2,2,2,2,2,2,1,2,2,2,2,2,2,2,1,2,2,2,2,2,2,2,2,2,2,2,2,2,2,2,2,2,2,2,2,0,2,0,2,2,1,2,0,2,2,2,2,2,2,2,1,2,2,1,1,2,2,2,2,2,2,2,2,2,2,2,2,1,2,1,1,1,1,1,1,2,2,2,2,2,1,1,0,1,2,1,2,1,1,2,0,2,1,2,2,1,2,2,1,0,2,1,1,2,2,2,1,1,2,1,2,2,1,2,2,1,2,2,2,2,2,2,2,2,1,2,1,1,2,1,2,2,2,2,2,2,2,2,1,2,2,2,1,2,2,2,2,1,2,2,2,1,2,2,1,2,2,2,2,2,2,2,2,1,1,2,2,2,2,2,2,2,2,2,2,2,2,2,1,2,2,2,2,2,2,2,1,1,2,2,1,1,2,2,2,2,1,1,2,1,1,2,1,2,1,1,1,1,2,2,2,1,1,1,1,1,1,1,1,2,2,2,1,1,1,1,1,2,1,2,2,2,2,2,1,1,1,1,1,2,1,2,2,2,2,1,1,2,2,1,2,1,2,1,1,1,1,2,405,312
89,Female,0,4,699,23,2,2,2,2,2,2,2,2,2,2,2,2,2,2,2,2,2,2,2,2,2,2,2,2,2,2,2,2,2,2,2,2,2,2,2,2,2,2,2,2,2,2,2,2,2,2,2,2,2,2,2,2,2,2,2,2,2,2,2,2,2,2,2,2,2,2,2,2,2,2,2,2,2,2,2,2,2,2,2,2,2,2,2,2,2,2,2,2,2,2,2,2,2,2,2,2,2,2,2,2,2,2,2,2,2,2,2,2,2,2,2,2,2,2,2,2,2,2,2,2,2,2,2,2,2,2,2,2,2,2,2,2,2,2,2,2,2,2,2,2,2,2,2,2,2,2,2,0,2,2,2,2,2,2,2,2,2,2,2,2,2,2,2,2,2,2,2,2,2,2,2,2,2,2,2,2,2,2,2,2,2,2,2,2,2,2,2,2,2,2,2,2,2,2,2,0,2,2,2,2,2,2,2,2,2,2,2,2,2,2,2,2,2,2,2,2,2,2,2,2,2,2,2,2,2,2,2,2,2,2,2,2,2,2,2,2,2,2,2,2,2,2,2,2,2,2,2,2,2,2,0,2,2,2,2,2,2,2,2,2,2,2,2,2,2,2,2,2,2,2,2,2,2,2,2,2,2,2,2,2,2,2,2,2,2,2,2,2,2,2,2,2,2,2,2,2,2,2,2,2,2,2,2,2,2,2,2,2,2,2,2,2,2,2,2,2,2,2,2,2,2,2,2,2,2,2,2,2,2,2,2,2,2,2,2,2,2,2,2,2,2,2,2,2,2,2,2,2,2,2,2,2,2,2,2,2,1,2,2,2,2,2,2,2,2,2,2,1,2,2,2,1,2,2,2,2,2,2,1,2,2,2,2,1,1,2,2,2,2,2,2,2,2,2,2,2,2,2,2,2,2,2,2,2,2,2,2,2,2,2,2,2,2,2,2,2,2,2,415,409
89,Female,0,4,747,24.6,2,2,2,2,2,2,2,2,2,2,2,2,2,2,2,2,2,2,2,2,2,2,2,2,2,2,2,2,2,2,2,2,2,2,2,2,2,2,2,2,2,2,2,2,2,2,2,2,2,2,2,2,2,2,2,2,2,2,2,2,2,2,2,2,2,2,2,2,2,2,2,2,2,2,2,2,2,2,2,2,2,2,2,2,2,2,2,2,2,2,2,2,2,2,2,2,2,2,2,2,2,2,2,2,2,2,2,2,2,2,2,2,2,2,2,2,2,2,2,2,2,2,2,2,2,2,2,2,2,2,2,2,2,2,2,2,2,2,2,2,2,2,2,2,2,2,2,0,2,2,2,2,2,2,2,2,2,2,2,2,2,2,2,2,2,2,2,2,2,2,2,2,2,2,2,2,2,2,2,2,2,2,2,2,2,2,2,2,2,2,2,2,2,2,2,2,2,2,2,2,2,2,2,2,2,2,2,2,2,2,2,2,2,2,2,2,2,2,2,2,2,2,2,2,2,2,2,2,2,2,2,2,2,2,2,2,2,2,2,2,2,2,2,2,2,2,2,2,2,2,2,2,2,2,2,2,2,2,2,2,2,2,2,2,2,2,2,2,2,2,2,2,2,2,2,2,2,2,2,2,2,2,2,2,2,2,2,2,2,2,2,2,2,2,2,2,2,2,2,2,2,2,2,2,2,2,2,2,2,2,2,2,2,2,2,2,2,2,2,2,2,2,2,2,2,2,2,2,2,2,2,2,2,2,2,2,2,2,2,2,2,2,2,2,2,2,2,2,2,2,2,2,2,2,2,2,2,2,2,2,2,2,2,2,2,2,2,2,2,2,2,2,2,2,2,2,2,2,2,2,2,2,2,2,2,2,2,2,2,2,2,2,2,2,2,2,2,2,2,2,2,2,2,2,2,2,2,2,2,2,2,2,2,2,2,2,2,2,417,417
91,Female,0,6,326,10.7,0,0,0,0,0,0,0,0,0,0,0,0,0,0,0,0,0,0,0,0,0,0,0,0,0,0,0,0,0,0,0,0,0,0,0,0,0,0,0,0,0,0,0,0,0,0,0,0,0,0,0,0,0,0,0,1,1,1,0,0,0,0,0,0,0,0,0,0,0,0,0,0,0,0,0,0,0,0,0,0,0,0,0,0,0,0,0,0,0,0,0,0,0,0,0,0,0,0,0,0,0,0,0,0,0,0,0,0,0,0,0,0,0,0,0,0,0,0,0,0,0,0,0,0,0,0,0,0,0,0,0,0,0,0,0,0,0,0,0,0,0,0,0,0,0,0,0,0,0,0,0,0,0,0,0,0,0,0,0,0,0,0,0,0,0,0,0,0,0,0,0,0,0,0,0,0,0,0,0,0,0,0,0,0,0,0,0,0,0,0,0,0,0,0,0,0,0,0,0,0,0,0,0,0,0,0,0,0,0,0,0,0,0,0,0,0,0,0,0,0,0,0,0,0,1,0,0,0,1,0,0,0,0,0,0,1,1,0,0,1,1,0,0,0,0,0,1,0,0,0,1,0,0,0,1,0,0,0,0,0,2,0,0,0,0,0,0,0,0,0,0,0,0,0,1,0,0,0,0,0,0,0,0,0,0,0,0,0,0,0,0,0,0,0,0,1,1,1,0,0,0,0,0,0,0,0,0,0,0,0,0,0,0,0,0,0,0,0,0,1,0,0,0,0,0,0,0,0,0,0,0,0,0,0,0,0,0,0,0,0,0,0,0,0,0,0,0,0,0,0,0,0,0,0,0,0,0,0,0,0,0,0,0,0,0,0,0,0,0,0,0,0,0,0,0,0,0,0,0,0,0,0,0,0,0,0,0,0,0,0,0,0,0,0,0,0,0,0,0,0,0,0,0,0,0,0,0,0,0,0,0,0,0,0,0,0,0,0,18,1
91,Female,0,6,495,16.3,0,0,0,0,0,0,0,0,0,0,1,0,0,0,0,0,0,0,1,0,0,0,1,0,0,0,0,0,0,0,0,0,0,0,0,0,0,0,0,0,0,0,0,0,0,0,0,0,1,0,0,0,0,1,0,1,0,1,1,0,1,0,0,0,0,1,0,1,1,0,0,0,0,0,0,0,0,0,1,0,0,0,0,0,1,0,1,0,0,0,0,0,0,0,1,0,1,0,0,0,0,0,1,1,0,1,0,1,0,1,0,0,0,1,0,0,0,0,1,0,0,1,0,0,0,1,0,0,0,1,0,1,0,0,0,0,1,0,1,0,0,1,0,0,1,0,0,0,0,0,0,0,0,0,1,1,0,0,0,0,0,1,0,0,0,0,0,0,0,0,0,0,0,0,0,0,0,0,0,0,0,1,0,0,1,0,1,0,0,0,0,0,0,0,0,1,0,0,0,0,0,0,0,0,0,0,0,0,0,0,0,0,0,0,0,1,0,0,1,1,1,0,0,0,1,0,0,0,1,0,0,0,0,0,0,1,1,0,0,1,1,0,0,0,0,1,1,0,0,2,1,0,0,1,1,0,0,1,0,0,1,1,0,1,0,0,0,1,0,0,0,1,0,0,1,0,1,0,0,0,0,0,0,0,1,0,0,0,0,0,0,0,0,0,0,1,1,1,0,0,1,1,0,1,1,0,0,0,0,0,0,0,0,0,0,0,0,1,0,1,0,0,0,0,0,0,0,0,0,0,0,0,1,0,0,0,0,0,0,0,0,0,1,0,0,0,0,0,0,0,0,0,0,0,0,0,0,0,1,0,0,0,0,0,0,0,0,0,0,0,0,0,0,0,0,0,0,0,0,0,0,0,0,0,0,0,0,0,0,0,0,0,0,0,0,0,0,0,0,0,0,0,0,0,0,0,0,0,0,0,1,0,0,0,0,0,0,0,77,1
91,Female,0,6,549,18,0,0,0,0,1,0,0,0,1,0,1,0,0,0,0,0,1,0,1,0,1,0,1,0,0,0,1,1,0,0,0,0,0,0,0,0,0,0,0,0,0,0,1,0,0,0,0,0,1,0,0,0,0,1,0,1,1,1,1,0,1,1,0,0,1,1,1,1,1,1,0,0,0,1,1,0,0,0,1,0,1,1,0,0,1,0,1,0,1,0,0,0,1,1,1,0,1,0,0,0,0,0,1,1,0,1,0,1,0,1,0,1,0,1,0,0,0,1,1,0,0,1,0,0,1,1,0,0,0,1,0,1,1,0,0,0,1,1,1,0,1,1,0,0,1,1,0,0,0,0,0,1,0,1,1,1,0,0,1,0,0,1,0,0,0,1,0,0,1,1,0,1,0,0,1,0,0,0,0,0,0,1,0,0,1,0,1,0,0,0,0,0,0,0,0,1,0,0,0,0,0,0,0,0,0,0,0,0,0,0,0,0,0,0,0,1,0,0,1,1,1,0,0,0,1,0,1,0,1,0,0,0,0,0,0,1,1,0,0,1,1,0,0,0,1,1,1,0,0,2,1,0,0,1,1,0,1,2,0,1,2,1,0,1,0,0,0,1,0,0,0,1,0,0,1,0,1,0,0,0,0,1,0,0,1,1,1,0,1,0,0,0,0,1,0,1,1,1,0,0,1,1,0,1,1,0,0,0,0,0,1,0,0,0,0,0,0,1,0,1,1,1,0,0,0,0,1,1,0,0,0,0,1,0,0,0,0,0,0,0,0,0,1,0,0,0,0,1,0,0,0,0,1,0,0,0,0,0,1,0,0,0,0,0,0,0,0,0,0,0,0,0,0,0,0,0,0,0,0,0,0,0,0,0,0,0,0,0,0,0,0,0,0,0,0,0,0,0,1,0,0,0,0,0,0,0,0,0,0,0,1,0,0,0,0,0,0,0,128,3
91,Female,0,6,597,19.6,1,0,0,0,1,0,0,0,2,0,2,0,0,2,0,0,1,0,2,0,1,0,1,0,1,0,2,1,0,0,0,0,1,0,0,0,0,0,1,0,0,0,1,0,0,0,0,0,1,0,0,0,1,1,0,1,1,2,1,0,1,1,0,0,2,1,1,1,1,1,0,0,0,1,1,0,0,0,1,0,2,1,0,0,2,0,1,0,1,0,0,0,2,1,1,1,1,0,1,1,0,1,1,1,0,1,1,1,1,1,0,1,1,1,0,0,1,1,1,0,0,1,0,0,1,1,0,0,0,1,0,1,1,2,1,0,1,1,1,0,1,1,0,0,1,1,0,0,1,0,0,1,0,1,1,1,0,0,1,0,0,1,1,0,1,1,0,0,1,1,0,1,0,0,1,0,0,0,1,0,0,1,0,0,1,0,1,0,0,0,0,0,0,1,0,1,0,0,0,0,0,0,0,0,0,0,0,0,0,0,0,0,0,1,0,1,0,0,1,1,1,0,0,0,1,0,1,0,2,0,0,0,0,0,0,1,1,0,0,2,1,0,0,0,1,1,1,1,1,2,1,0,0,1,1,0,1,2,2,2,2,1,0,1,0,1,0,1,0,0,0,1,1,0,1,0,1,0,1,0,0,2,0,0,1,1,1,0,1,0,0,0,0,1,0,2,1,1,0,0,1,1,0,1,1,0,0,0,0,0,1,0,0,0,0,0,1,1,1,1,1,1,0,0,0,0,1,1,1,0,0,0,1,0,0,0,0,0,0,1,0,0,1,0,0,0,0,1,0,0,0,0,2,0,0,0,0,0,1,0,0,1,0,0,0,0,0,0,0,0,0,0,0,0,0,0,0,0,0,0,0,0,0,0,0,0,0,0,0,0,0,0,0,0,0,0,0,0,1,0,0,0,0,0,0,0,0,0,0,0,1,0,0,0,0,0,0,0,161,21
91,Female,0,6,664,21.8,1,1,0,0,1,0,1,0,2,1,2,1,0,2,0,2,1,0,2,0,1,0,2,0,2,0,2,1,0,0,0,0,1,0,0,0,0,0,1,0,0,0,2,0,0,0,0,0,2,1,0,1,1,1,0,1,1,2,1,0,2,1,2,2,2,2,2,2,2,1,0,0,0,1,1,0,0,0,2,0,2,1,0,0,2,0,1,0,1,0,0,0,2,1,1,1,1,1,1,1,1,1,1,1,1,1,2,1,1,1,0,2,1,2,1,0,1,1,1,0,0,2,0,0,1,1,0,0,0,2,0,2,1,2,1,0,1,1,1,0,1,1,0,0,1,1,0,0,1,0,0,1,0,1,1,2,0,0,1,0,0,1,1,0,1,1,0,0,2,1,0,2,0,0,1,0,0,0,1,2,0,1,0,0,1,0,1,0,0,0,0,0,1,1,0,1,0,0,0,1,0,2,0,2,0,0,0,1,0,0,0,0,0,1,0,1,0,0,1,1,1,0,0,1,1,0,1,0,2,0,0,0,0,0,0,1,1,0,0,2,2,0,0,1,1,1,2,1,1,2,2,1,0,2,2,0,1,2,2,2,2,2,0,1,0,1,0,1,0,0,0,1,1,0,1,0,1,0,1,0,0,2,0,0,1,1,2,0,1,0,0,2,1,1,0,2,1,1,0,0,2,1,0,1,1,1,1,1,0,0,1,0,0,0,0,1,1,2,1,1,2,1,0,0,0,1,1,1,1,0,0,0,1,0,0,0,0,2,1,1,1,0,1,1,1,2,0,1,0,0,0,0,2,0,0,0,0,0,2,0,0,1,0,0,0,0,0,0,0,0,0,0,0,0,0,0,0,0,0,0,2,0,0,0,0,0,0,0,0,0,2,0,0,0,0,0,0,0,1,1,1,0,1,0,0,0,2,0,0,0,1,0,0,0,0,0,0,0,202,63
91,Female,0,NA,712,23.4,2,2,0,2,2,2,1,2,2,1,2,1,0,2,2,2,1,0,2,0,1,0,2,0,2,0,2,1,0,0,0,0,1,0,1,0,0,0,1,0,0,0,2,0,0,0,0,2,2,2,0,1,1,2,0,1,1,2,1,0,2,2,2,2,2,2,2,2,2,1,0,1,0,1,2,0,1,0,2,0,2,1,0,0,2,0,1,0,1,0,0,1,2,0,1,1,1,1,1,2,1,1,1,1,1,1,2,1,1,1,0,2,1,2,1,0,2,1,1,0,0,2,0,0,1,1,0,0,0,2,0,2,1,2,1,0,1,1,1,0,1,2,0,0,1,1,0,0,1,0,0,1,0,1,1,2,0,0,1,0,0,1,1,0,1,1,0,0,2,1,0,2,0,0,1,2,0,0,1,2,0,1,0,0,2,1,1,0,0,0,1,0,1,1,0,1,0,0,0,1,0,2,0,2,0,0,0,2,0,0,0,0,0,0,0,1,0,0,1,1,1,0,0,1,1,0,1,0,2,0,0,0,0,0,0,1,1,0,0,2,2,0,0,1,1,1,2,1,1,2,2,1,0,2,2,0,2,2,2,2,2,2,0,2,0,1,0,1,0,0,0,1,1,0,1,0,1,0,1,0,0,2,0,0,1,1,2,0,1,0,0,2,1,1,0,2,1,1,0,0,2,1,0,1,1,1,1,1,0,0,1,0,2,0,0,1,1,2,1,2,2,1,0,0,0,1,1,1,1,0,2,0,1,2,0,0,0,2,1,1,2,0,1,1,1,2,0,1,0,0,0,0,2,0,0,0,0,0,2,0,0,1,0,0,0,0,0,0,0,0,0,0,0,0,0,0,0,0,0,0,2,0,0,0,0,0,0,0,0,0,2,0,0,0,0,0,0,0,1,1,1,0,1,1,0,1,2,0,2,0,2,0,0,0,0,0,0,0,218,90
95,Male,0,2,445,14.6,0,0,0,0,0,0,0,0,0,0,0,0,0,0,0,0,0,0,0,0,0,0,0,0,0,0,0,0,0,0,0,0,0,0,0,0,0,0,0,0,0,0,0,0,0,0,0,0,0,0,0,0,0,0,0,0,0,0,0,0,0,0,0,0,0,0,0,0,0,0,0,0,0,0,0,0,0,0,0,0,0,0,0,0,0,0,0,0,0,0,0,0,0,0,0,0,0,0,0,0,0,0,0,0,0,0,0,1,0,0,0,1,0,0,0,0,0,0,0,0,0,0,0,0,0,0,0,0,0,0,0,0,0,0,0,0,0,0,0,0,0,0,0,0,0,0,0,0,0,0,0,0,0,0,0,0,0,0,0,0,0,0,0,0,0,0,0,0,0,0,0,0,0,0,0,0,0,0,0,0,0,0,0,0,0,0,0,0,0,0,0,0,0,0,0,0,0,0,0,0,0,0,0,0,0,0,0,0,0,0,0,0,0,0,0,0,0,0,0,0,0,0,0,0,0,0,0,0,1,0,0,0,0,0,0,0,0,0,0,1,0,0,0,0,0,0,0,0,0,1,0,0,0,0,1,0,0,0,0,0,0,0,0,1,0,0,0,0,0,0,0,0,0,0,0,0,0,0,0,0,0,0,0,0,0,0,0,0,0,0,0,0,0,0,0,0,0,0,0,0,0,0,0,0,0,0,0,0,0,0,0,0,0,0,0,0,0,1,0,0,1,0,0,0,0,0,0,0,0,0,0,0,1,0,0,0,0,0,0,0,0,0,0,0,1,0,0,0,0,0,0,0,0,0,0,0,0,0,0,0,0,0,0,0,0,0,0,0,0,0,0,0,0,0,0,0,0,0,0,0,0,0,0,0,0,0,0,0,0,0,0,0,0,0,0,0,0,0,0,0,0,0,0,0,0,0,0,0,0,0,0,0,0,0,0,0,0,0,11,0
95,Male,0,2,552,18.1,2,2,0,2,2,2,0,1,1,0,1,0,0,1,0,0,0,0,1,0,1,0,1,0,2,0,0,0,0,0,0,0,0,0,0,0,0,0,0,0,0,1,0,0,0,0,0,0,0,0,0,0,0,2,0,0,0,0,0,0,2,2,0,0,1,1,1,2,1,1,0,0,0,0,2,0,0,0,2,0,0,0,0,0,0,0,0,0,0,0,0,0,0,1,1,0,0,0,1,1,0,0,1,0,0,0,0,1,0,0,0,1,0,0,1,0,0,0,0,0,0,2,0,0,0,1,0,0,0,2,0,1,0,0,2,0,0,0,0,0,1,0,0,0,0,0,0,0,1,0,0,0,0,1,0,0,0,0,0,0,0,0,0,0,0,0,0,0,0,0,0,0,0,0,0,0,0,0,0,0,0,1,0,0,1,0,0,2,0,0,0,0,0,0,0,1,0,0,0,0,0,0,0,0,0,0,0,0,0,0,0,0,0,0,0,0,0,0,1,1,1,0,0,0,0,0,0,0,2,0,0,0,0,0,0,0,0,0,0,2,2,0,0,0,2,1,2,0,0,2,0,1,0,1,2,0,0,1,1,0,1,0,0,1,0,0,0,0,0,0,0,0,0,0,0,0,0,0,2,0,0,0,0,0,0,0,0,0,0,0,0,0,0,0,0,0,0,1,0,0,0,0,0,0,1,0,1,0,0,0,0,0,0,0,0,0,0,1,0,0,1,1,0,0,0,0,1,1,0,0,0,0,1,0,0,0,0,0,0,0,0,0,0,0,1,0,0,0,0,0,0,0,0,0,0,0,0,1,0,0,0,0,0,0,0,0,0,0,0,0,0,0,0,0,0,0,0,0,0,0,0,0,0,0,0,0,0,0,0,0,0,0,0,0,0,0,0,0,0,0,0,0,0,0,0,0,0,0,1,0,2,0,0,0,0,0,0,0,76,25
101,Male,0,6,486,16,0,0,0,0,0,0,0,0,2,0,0,2,0,0,0,2,0,0,0,0,1,0,2,0,1,1,1,1,1,0,2,0,0,2,2,0,0,0,1,0,0,1,0,0,0,0,1,0,0,0,1,0,1,2,0,1,1,0,1,0,1,1,1,0,2,0,1,1,1,0,0,1,1,0,0,0,0,2,0,0,1,1,1,1,2,0,0,0,1,1,0,0,2,1,2,0,0,0,0,0,1,1,1,0,0,1,1,1,0,0,0,1,0,0,0,0,1,0,1,0,0,1,1,1,0,1,0,0,0,2,0,1,1,0,1,1,1,1,0,0,1,2,0,0,1,1,1,1,0,1,0,1,0,1,1,1,1,0,1,0,1,0,0,0,0,0,0,0,0,0,0,1,1,0,0,0,0,0,0,0,0,1,0,0,1,0,1,0,0,0,0,0,0,1,0,1,1,0,0,0,0,1,0,2,0,0,0,1,0,1,0,1,0,0,0,0,0,0,1,0,1,0,0,0,0,0,0,0,0,0,0,0,0,0,0,1,2,0,0,2,2,0,0,0,1,1,1,2,0,1,2,1,1,1,1,0,1,0,2,1,2,1,0,1,0,0,0,0,0,0,0,0,0,0,1,0,1,0,1,0,0,1,1,0,1,0,1,1,0,0,0,0,1,1,0,1,0,1,0,0,0,1,0,0,0,0,0,0,0,0,0,1,0,0,0,0,0,1,1,1,1,1,0,0,0,0,2,1,0,0,0,0,2,0,0,0,0,0,1,0,0,0,1,0,0,0,0,1,1,0,0,0,0,1,1,0,0,1,0,0,0,1,0,0,0,0,0,1,0,0,0,0,0,0,0,0,0,0,0,0,1,0,0,0,0,0,0,0,0,0,0,0,0,0,0,0,0,0,0,0,0,0,0,0,0,0,0,0,2,0,2,0,0,0,0,0,0,0,145,27
101,Male,0,6,520,17.1,1,2,0,2,0,1,0,2,2,0,1,2,0,0,0,2,0,1,1,1,1,0,2,0,1,1,1,1,1,0,2,0,0,2,2,0,0,0,1,0,0,1,0,0,0,0,2,0,1,1,1,1,1,2,0,1,1,2,1,1,1,1,1,0,2,0,1,1,1,0,0,1,1,0,0,1,0,2,1,0,1,1,1,2,2,0,1,1,1,1,0,0,2,1,2,1,0,1,1,0,1,1,1,0,2,1,1,1,0,1,0,1,1,0,0,0,1,0,1,0,0,1,1,1,0,1,1,1,0,2,0,1,1,0,2,1,1,1,0,1,1,2,0,0,1,1,1,1,0,1,0,1,0,1,1,1,1,0,1,0,1,0,0,0,0,0,0,0,0,1,0,1,1,0,0,0,0,1,1,2,0,1,0,0,1,1,1,2,0,0,0,0,0,1,0,1,1,0,0,1,0,1,2,2,0,0,1,1,0,1,0,1,1,0,0,2,0,0,1,1,1,0,0,0,1,0,0,0,2,0,0,0,0,0,0,1,2,0,0,2,2,0,0,0,2,1,1,2,0,2,2,1,1,1,1,0,1,0,2,2,2,1,0,1,0,0,0,1,0,0,1,0,0,0,1,0,1,0,1,0,1,1,1,1,1,0,1,1,0,0,0,1,1,1,0,1,0,1,0,0,1,1,0,1,0,0,0,1,0,0,1,1,0,0,0,1,0,1,1,1,1,1,1,0,0,0,2,1,0,0,0,0,2,0,0,0,1,0,1,0,0,0,1,0,1,0,0,1,1,1,0,0,2,1,1,0,0,1,1,0,0,1,0,0,0,0,0,1,1,0,0,0,0,0,1,0,0,0,0,0,1,0,0,0,0,0,0,0,0,0,0,0,0,0,0,0,0,0,0,0,0,0,0,0,1,1,0,0,2,0,2,1,0,0,0,0,0,0,207,44
101,Male,0,6,610,20.1,2,2,0,2,2,2,2,2,2,2,2,2,0,2,2,2,2,2,2,2,2,0,2,0,2,2,2,2,2,1,2,0,1,2,2,1,1,2,2,0,2,2,1,0,2,0,2,2,2,2,2,2,2,2,2,2,2,2,2,2,2,2,1,2,2,2,2,2,2,1,1,2,2,1,2,2,2,2,2,1,2,2,2,2,2,1,1,2,2,2,2,2,2,2,2,2,1,2,2,2,1,2,2,1,2,2,2,2,2,2,0,2,2,2,2,2,2,2,2,1,2,2,1,2,1,2,2,2,2,2,2,2,2,0,2,2,2,2,2,2,2,2,2,0,2,2,2,1,2,1,0,2,1,2,2,2,1,2,2,0,2,1,2,1,2,2,1,2,2,1,2,2,2,0,2,1,0,2,2,2,2,2,2,2,2,2,2,2,2,1,2,2,1,2,0,1,2,1,1,2,0,2,2,2,1,2,1,1,0,2,2,1,2,1,1,2,0,2,2,2,2,1,2,1,2,2,0,1,2,2,1,2,0,0,2,2,2,2,2,2,2,2,0,2,2,2,2,2,2,2,2,2,2,2,2,0,2,2,2,2,2,2,0,2,1,2,0,1,0,0,1,0,1,1,2,0,2,1,2,1,2,1,2,1,1,0,1,1,2,0,0,2,1,1,0,2,2,1,0,0,2,1,0,2,1,2,1,1,2,1,1,1,0,2,1,2,2,2,2,2,2,1,2,0,0,1,2,2,1,2,1,0,2,2,0,0,2,1,2,0,1,1,2,0,2,0,0,2,1,2,0,0,2,2,1,0,0,2,1,0,0,1,1,0,1,2,0,2,1,1,2,0,2,0,1,0,0,0,0,2,2,0,0,0,0,0,0,2,0,2,0,0,0,0,2,0,0,0,2,2,2,0,2,2,2,1,0,0,2,0,2,2,0,0,0,0,0,0,333,251
101,Male,0,6,704,23.1,2,2,1,2,2,2,2,2,2,2,2,2,2,2,2,2,2,2,2,2,2,2,2,2,2,2,2,2,2,2,2,2,2,2,2,2,2,2,2,2,2,2,2,2,2,0,2,2,2,2,2,2,2,2,2,2,2,2,2,2,2,2,2,2,2,2,2,2,2,2,2,2,2,2,2,2,2,2,2,2,2,2,2,2,2,1,2,2,2,2,2,2,2,2,2,2,2,2,2,2,2,2,2,2,2,2,2,2,2,2,1,2,2,2,2,2,2,2,2,2,2,2,2,2,2,2,2,2,2,2,2,2,2,1,2,2,2,2,2,2,2,2,2,0,2,2,2,1,2,2,0,2,2,2,2,2,2,2,2,0,2,2,2,2,2,2,2,2,2,2,2,2,2,2,2,2,0,2,2,2,2,2,2,2,2,2,2,2,2,1,2,2,1,2,0,2,2,2,2,2,2,2,2,2,2,2,1,2,2,2,2,1,2,1,2,2,0,2,2,2,2,2,2,1,2,2,0,1,2,2,2,2,2,0,2,2,2,2,2,2,2,2,0,2,2,2,2,2,2,2,2,2,2,2,2,0,2,2,2,2,2,2,1,2,2,2,2,1,2,2,1,2,2,2,2,0,2,2,2,2,2,2,2,2,2,2,1,1,2,0,1,2,2,2,1,2,2,2,0,2,2,2,0,2,2,2,2,1,2,1,2,1,0,2,2,2,2,2,2,2,2,2,2,0,0,2,2,2,2,2,2,0,2,2,0,2,2,2,2,2,2,1,2,2,2,0,0,2,2,2,1,0,2,2,2,1,0,2,2,0,2,2,1,1,1,2,1,2,2,2,2,0,2,0,2,1,0,0,2,2,2,0,0,0,0,0,0,2,2,2,2,2,2,2,2,2,2,2,2,2,2,2,2,2,2,1,2,2,2,2,2,2,1,1,0,0,2,1,381,347
101,Male,0,6,722,23.7,2,2,2,2,2,2,2,2,2,2,2,2,2,2,2,2,2,2,2,2,2,2,2,2,2,2,2,2,2,2,2,2,2,2,2,2,2,2,2,2,2,2,2,2,2,2,2,2,2,2,2,2,2,2,2,2,2,2,2,2,2,2,2,2,2,2,2,2,2,2,2,2,2,2,2,2,2,2,2,2,2,2,2,2,2,2,2,2,2,2,2,2,2,2,2,2,2,2,2,2,2,2,2,2,2,2,2,2,2,2,2,2,2,2,2,2,2,2,2,2,2,2,2,2,2,2,2,2,2,2,2,2,2,2,2,2,2,2,2,2,2,2,2,2,2,2,2,1,2,2,2,2,2,2,2,2,2,2,2,2,2,2,2,2,2,2,2,2,2,2,2,2,2,2,2,2,0,2,2,2,2,2,2,2,2,2,2,2,2,1,2,2,2,2,2,2,2,2,2,2,2,2,2,2,2,2,1,2,2,2,2,2,2,1,2,2,0,2,2,2,2,2,2,2,2,2,0,2,2,2,2,2,2,0,2,2,2,2,2,2,2,2,0,2,2,2,2,2,2,2,2,2,2,2,2,0,2,2,2,2,2,2,2,2,2,2,2,2,2,2,2,2,2,2,2,0,2,2,2,2,2,2,2,2,2,2,2,2,2,2,2,2,2,2,2,2,2,2,2,2,2,2,2,2,2,2,2,2,2,2,2,2,0,2,2,2,2,2,2,2,2,2,2,2,0,2,2,2,2,2,2,0,2,2,0,2,2,2,2,2,2,2,2,2,2,2,2,2,2,2,2,0,2,2,2,2,0,2,2,0,2,2,2,2,2,2,2,2,2,2,2,0,2,0,2,2,2,2,2,2,2,0,2,2,2,0,0,2,2,2,2,2,2,2,2,2,2,2,2,2,2,2,2,2,2,1,2,2,2,2,2,2,2,2,0,2,2,2,398,393
101,Male,0,6,743,24.4,2,2,2,2,2,2,2,2,2,2,2,2,2,2,2,2,2,2,2,2,2,2,2,2,2,2,2,2,2,2,2,2,2,2,2,2,2,2,2,2,2,2,2,2,2,2,2,2,2,2,2,2,2,2,2,2,2,2,2,2,2,2,2,2,2,2,2,2,2,2,2,2,2,2,2,2,2,2,2,2,2,2,2,2,2,2,2,2,2,2,2,2,2,2,2,2,2,2,2,2,2,2,2,2,2,2,2,2,2,2,2,2,2,2,2,2,2,2,2,2,2,2,2,2,2,2,2,2,2,2,2,2,2,2,2,2,2,2,2,2,2,2,2,2,2,2,2,1,2,2,2,2,2,2,2,2,2,2,2,2,2,2,2,2,2,2,2,2,2,2,2,2,2,2,2,2,2,2,2,2,2,2,2,2,2,2,2,2,2,2,2,2,2,2,2,2,2,2,2,2,2,2,2,2,2,2,2,2,2,2,2,2,2,2,2,2,2,2,2,2,2,2,2,2,2,2,2,2,2,2,2,2,2,0,2,2,2,2,2,2,2,2,2,2,2,2,2,2,2,2,2,2,2,2,2,0,2,2,2,2,2,2,2,2,2,2,2,2,2,2,2,2,2,2,2,2,2,2,2,2,2,2,2,2,2,2,2,2,2,2,2,2,2,2,2,2,2,2,2,2,2,2,2,2,2,2,2,2,2,2,2,2,2,2,2,2,2,2,2,2,2,2,2,2,2,2,2,2,2,2,2,2,2,2,2,2,2,2,2,2,2,2,2,2,2,2,2,2,2,2,2,2,2,2,2,2,0,2,2,0,2,2,2,2,2,2,2,2,2,2,2,2,2,2,2,2,2,2,2,2,2,2,2,2,2,0,0,2,2,2,2,2,2,2,2,2,2,2,2,2,2,2,2,2,2,1,2,2,2,2,2,2,2,2,2,2,2,2,412,410
102,Male,0,2,532,17.5,0,2,0,0,0,0,2,2,2,2,2,2,0,0,0,0,0,0,2,0,0,0,2,0,2,0,2,0,0,0,2,0,0,2,2,0,0,2,2,0,0,0,1,0,0,0,0,1,0,1,0,0,1,2,0,0,2,2,1,1,1,2,0,1,1,1,2,2,1,0,0,0,1,0,2,1,1,0,1,0,2,1,0,0,2,0,1,0,0,1,1,1,1,1,1,1,0,0,1,1,0,1,1,1,1,1,1,1,0,1,0,1,0,1,1,1,0,1,1,0,1,2,0,1,0,1,0,1,0,2,0,2,1,0,2,0,0,0,1,1,0,1,1,0,0,0,0,0,1,1,0,0,0,1,0,1,0,0,0,0,0,0,1,0,0,1,0,0,1,0,0,1,1,0,0,0,0,1,0,0,0,1,0,0,1,1,1,0,1,0,1,0,0,2,0,2,1,0,0,0,0,2,0,1,0,1,0,1,0,0,0,0,0,1,0,0,0,0,1,1,1,0,1,0,1,0,0,0,2,0,1,0,0,0,0,2,1,0,0,2,2,0,0,0,2,1,2,0,0,2,0,0,0,1,2,0,1,0,0,0,2,0,0,1,0,1,0,0,0,0,0,0,0,0,1,0,1,1,1,0,1,1,0,0,0,1,1,0,1,0,0,0,0,0,0,0,1,1,0,1,1,1,0,1,0,0,0,1,0,0,0,1,0,0,0,1,1,0,1,1,1,1,0,0,0,0,1,1,0,0,0,0,2,0,0,0,0,0,1,0,0,0,1,0,0,0,0,0,1,0,0,0,2,0,0,0,0,0,0,0,0,0,0,0,0,0,0,0,1,0,0,0,0,0,0,0,0,0,0,0,0,0,0,0,0,0,0,0,0,0,0,0,0,0,0,0,0,0,0,0,0,0,0,0,0,0,0,0,1,0,2,0,0,0,0,0,0,0,156,44
102,Male,0,2,611,20.1,2,2,0,2,2,2,2,2,2,2,2,2,0,2,0,2,1,1,2,1,2,0,2,0,2,0,2,0,0,0,2,0,0,2,2,1,1,2,2,0,0,2,1,0,0,0,2,1,0,1,0,0,1,2,0,1,2,2,1,1,1,2,1,1,1,1,2,2,1,1,0,0,1,0,2,1,1,0,1,0,2,2,0,0,2,0,2,0,0,1,1,1,1,1,1,1,0,0,1,1,0,1,1,1,1,1,1,1,0,1,0,2,1,1,1,1,0,1,2,0,1,2,0,1,0,1,0,1,0,2,0,2,1,0,2,0,1,0,1,1,0,2,1,0,0,0,0,0,1,1,0,1,0,1,0,1,0,0,0,0,2,1,1,0,0,1,0,0,1,1,0,1,1,1,1,0,0,1,0,1,0,1,1,1,1,1,1,2,1,0,1,0,0,2,0,2,1,0,0,1,0,2,0,1,0,1,0,1,0,0,0,0,0,1,0,0,0,0,1,1,1,0,1,0,1,0,0,0,2,0,1,0,0,0,0,2,1,0,0,2,2,0,0,0,2,1,2,1,0,2,0,0,0,1,2,0,2,2,0,2,2,0,0,2,0,1,0,0,0,0,0,0,1,0,1,0,1,1,1,0,1,1,0,0,1,1,1,1,1,1,0,0,1,1,0,0,1,1,0,1,1,1,0,1,1,1,1,1,0,0,1,1,0,0,0,1,1,1,1,1,1,1,0,0,0,1,1,1,1,1,0,0,2,0,0,0,0,0,1,0,0,0,1,0,0,0,0,1,1,0,1,0,2,1,0,0,0,0,0,0,1,0,1,0,0,0,0,0,1,0,0,0,1,0,1,1,0,0,0,0,0,0,0,0,0,0,0,0,0,0,0,0,0,0,1,0,0,0,0,1,0,0,0,0,0,0,0,0,1,0,2,0,0,0,0,0,0,0,213,64
103,Male,0,4,309,10.2,0,0,0,0,0,0,0,2,0,0,0,0,0,0,0,0,0,0,2,0,0,0,0,0,0,0,0,0,0,0,0,0,0,0,0,0,0,0,0,0,0,0,0,0,0,0,0,0,0,0,0,0,0,0,0,0,0,0,0,0,1,0,0,0,0,0,0,0,0,0,0,0,0,0,0,0,0,0,1,0,0,1,0,0,0,0,1,0,0,0,0,0,0,0,0,0,0,0,0,0,0,0,0,0,0,0,0,0,0,0,0,0,0,0,0,0,0,0,0,0,0,0,0,0,0,0,0,0,0,0,0,0,0,0,0,0,0,0,0,0,0,0,0,0,0,0,0,0,0,0,0,0,0,0,0,0,0,0,0,0,0,0,0,0,0,0,0,0,0,0,0,0,0,0,0,0,0,0,0,0,0,0,0,0,0,0,0,0,0,0,0,0,0,0,0,0,0,0,0,0,0,0,0,0,0,0,0,0,0,0,0,0,0,0,0,0,0,0,0,0,0,0,0,0,0,0,0,0,2,0,0,0,0,0,0,0,0,0,0,2,0,0,0,0,1,1,0,1,0,1,2,0,1,0,0,0,0,0,0,0,0,0,0,1,0,0,0,0,0,0,0,0,0,0,0,0,0,0,1,0,0,1,0,0,0,0,0,0,0,0,0,0,0,0,0,0,0,0,0,0,0,0,0,0,0,0,0,0,0,0,0,0,0,0,0,0,0,0,0,0,0,0,0,0,0,0,0,0,0,0,0,0,1,0,0,0,0,0,0,0,0,0,0,0,0,0,0,0,0,0,0,0,0,0,0,0,0,0,0,0,0,0,0,0,0,0,0,0,1,0,0,0,0,0,0,0,0,0,0,0,0,0,0,0,0,0,0,0,0,0,0,0,0,0,0,0,0,0,0,0,0,0,0,0,0,0,0,0,0,0,0,0,0,0,0,0,0,0,19,5
103,Male,0,4,479,15.7,1,0,0,2,1,2,1,2,2,2,0,2,1,1,1,1,2,1,2,1,1,0,2,1,2,1,1,1,1,1,2,0,0,1,1,0,1,1,1,0,0,1,1,1,1,0,2,0,1,1,1,0,1,1,1,0,1,1,1,0,1,0,0,0,0,1,1,2,1,1,0,0,0,0,1,1,0,0,1,1,1,1,1,0,1,0,1,0,0,1,1,0,0,0,1,0,1,0,1,1,0,0,1,0,0,0,1,1,0,0,0,1,1,1,1,1,0,0,0,0,0,0,0,0,0,1,0,0,0,1,0,1,0,0,2,1,1,1,1,1,0,1,0,0,1,1,1,0,2,1,0,0,0,0,0,0,0,0,0,0,1,0,0,0,0,0,0,0,2,0,1,0,0,0,0,0,0,0,0,0,0,1,0,0,0,1,1,1,1,0,0,0,0,0,0,0,0,0,0,0,0,0,0,0,0,0,0,0,0,0,0,0,0,0,0,0,1,0,0,1,1,0,0,0,0,0,0,0,2,0,0,0,0,0,0,0,0,0,0,2,0,0,0,0,2,1,2,1,1,2,2,1,1,0,2,1,2,1,1,0,1,0,0,2,1,0,1,0,0,0,0,0,1,0,0,0,0,0,1,0,1,1,0,1,1,1,1,1,1,1,1,1,1,1,0,0,0,1,0,1,1,0,0,1,0,1,1,1,1,1,0,0,0,0,0,1,1,1,1,1,2,1,1,1,0,1,1,1,1,0,1,0,1,1,0,0,0,1,1,1,0,0,0,0,0,0,0,0,0,0,0,0,0,0,0,0,0,0,0,0,0,0,0,0,0,1,0,1,1,0,0,0,1,1,1,1,1,0,0,0,0,0,0,0,0,0,0,0,0,1,0,0,0,0,0,0,0,0,0,0,0,0,0,0,0,1,1,1,1,1,1,1,1,0,0,0,0,0,181,26
103,Male,0,4,567,18.6,1,2,0,2,2,2,1,2,2,2,0,2,1,1,1,2,2,1,2,2,1,0,2,1,2,1,1,1,1,1,2,0,0,1,1,0,1,1,1,0,1,1,1,1,1,0,2,2,1,1,1,1,1,1,1,1,1,1,1,1,2,1,0,1,1,1,1,2,1,1,0,1,1,1,1,1,0,0,1,1,1,1,1,0,1,0,1,1,1,1,1,0,0,1,1,1,1,1,1,1,1,1,1,0,0,1,1,1,1,1,0,1,1,1,1,1,2,0,2,0,0,2,2,0,0,2,0,1,1,2,0,1,1,1,2,1,1,1,1,1,1,1,1,0,1,1,1,0,2,1,0,0,0,1,1,0,0,0,0,0,2,0,1,0,0,0,0,0,2,0,1,0,1,0,0,0,0,0,0,0,0,1,0,0,1,1,1,1,1,1,1,1,1,1,1,0,1,1,1,0,0,0,1,1,0,0,0,1,0,1,1,0,1,0,0,1,1,0,0,1,1,0,0,0,2,0,0,0,2,0,0,0,0,0,0,2,2,0,0,2,0,0,0,0,2,1,2,1,1,2,2,1,1,0,2,1,2,1,1,0,1,1,0,2,1,1,1,0,0,1,1,0,1,1,1,0,0,1,1,0,1,1,1,1,1,1,1,1,1,1,1,1,1,1,0,2,0,1,0,1,1,0,0,1,1,1,1,1,1,1,1,0,1,0,1,1,1,1,1,1,2,1,1,1,1,1,1,1,1,0,1,0,1,1,1,0,0,1,1,1,0,0,2,0,0,0,0,1,1,0,0,0,2,1,0,0,0,0,1,0,0,0,0,0,0,1,0,1,1,2,0,0,1,1,1,1,1,0,0,0,1,0,0,0,0,0,0,1,0,1,1,1,1,0,1,0,0,0,0,0,0,2,2,2,1,1,2,1,1,1,1,1,1,0,0,0,0,1,270,50
103,Male,0,4,717,23.6,1,2,0,2,2,2,2,2,2,2,2,2,2,1,2,2,2,1,2,2,2,2,2,1,2,2,2,2,1,1,2,0,0,2,2,1,2,2,2,0,1,2,1,1,2,0,2,2,2,2,2,2,2,2,2,2,2,2,2,2,2,2,2,1,2,2,2,2,2,2,2,2,2,2,2,2,2,0,2,2,2,2,2,2,2,1,2,2,2,2,2,1,2,2,2,2,2,2,2,2,1,1,2,1,2,2,2,2,2,1,0,2,2,2,2,2,2,2,2,0,1,2,2,1,2,2,1,2,2,2,1,2,2,2,2,2,2,1,2,2,1,2,2,2,2,2,1,0,2,1,0,1,1,2,2,2,2,1,1,0,2,1,1,2,1,2,1,0,2,1,1,2,2,1,1,1,1,2,2,2,1,1,2,1,2,2,2,2,2,1,1,2,1,2,1,0,2,2,2,2,0,2,2,2,2,1,0,2,0,2,2,0,2,0,0,2,1,2,2,2,2,2,2,0,2,2,1,1,2,0,1,0,1,2,2,2,2,1,2,2,2,2,0,0,2,2,2,1,1,2,2,1,2,2,2,1,2,2,2,2,2,2,2,2,2,2,2,2,1,1,1,1,2,2,2,2,2,2,2,1,1,2,2,2,1,2,2,1,2,1,2,2,2,2,1,2,2,2,2,2,2,2,2,2,2,2,2,2,2,2,2,1,1,2,1,2,2,2,1,2,2,1,2,1,1,2,2,2,2,2,2,1,2,2,2,2,2,2,1,2,2,1,2,2,1,1,1,2,2,2,2,1,2,1,2,2,0,1,2,0,1,2,2,0,1,1,1,1,2,2,2,1,2,1,2,1,1,1,1,1,2,2,1,1,0,1,1,1,2,2,2,2,2,2,2,1,2,2,2,2,2,2,2,2,2,1,2,2,2,1,2,1,2,2,1,2,1,2,390,284
104,Male,0,6,320,10.5,2,0,0,0,0,0,0,0,0,0,0,0,0,0,0,0,0,0,0,0,0,0,0,0,0,0,0,0,0,0,0,0,0,0,0,0,0,0,0,0,0,0,0,0,0,0,0,0,0,0,0,0,0,0,0,0,0,0,0,0,0,0,0,0,0,0,0,0,0,0,0,0,0,0,0,0,0,0,0,0,0,0,0,0,0,0,1,0,0,0,0,0,0,0,0,0,0,0,0,0,0,0,0,0,0,0,0,0,0,0,0,0,0,0,0,0,0,0,0,0,0,0,0,0,0,1,0,0,0,0,0,0,0,0,0,0,0,0,0,0,0,0,0,0,0,0,0,0,0,0,0,0,0,0,0,0,0,0,0,0,0,0,0,0,0,0,0,0,0,0,0,0,0,0,0,0,0,0,0,0,0,0,0,0,0,0,0,0,0,0,0,0,0,0,0,0,0,0,0,0,0,0,0,0,0,0,0,0,0,0,0,0,0,0,0,0,0,0,0,0,0,0,0,0,1,0,0,0,1,0,0,0,0,1,0,0,1,0,0,1,1,0,0,1,0,0,1,0,0,0,1,0,0,0,1,0,0,0,1,0,0,0,0,1,0,0,0,0,0,0,0,0,0,0,0,0,0,0,0,0,0,0,0,0,0,0,0,0,0,0,0,0,0,0,0,0,0,1,0,0,0,0,0,0,0,0,0,0,0,0,0,0,0,0,0,0,0,0,0,0,0,0,0,0,0,0,0,0,0,0,0,0,1,0,0,0,0,0,0,0,0,0,0,0,0,0,0,0,0,0,0,0,0,0,0,0,0,1,0,0,0,0,0,0,0,1,0,0,0,0,0,0,0,0,0,0,0,0,0,0,0,0,0,0,0,0,0,0,0,0,0,0,0,0,0,0,0,0,0,0,0,0,0,0,0,0,0,0,0,0,0,0,0,0,0,0,0,0,19,1
104,Male,0,6,489,16.1,2,0,0,0,0,0,0,0,1,1,0,0,0,0,0,0,0,0,0,0,0,0,1,0,0,0,0,0,0,0,0,0,0,0,0,0,0,0,0,0,0,0,0,0,0,0,0,0,0,0,0,0,0,0,0,1,0,0,0,0,1,0,0,0,0,1,0,1,1,0,0,0,0,1,1,0,0,0,0,0,0,0,0,0,0,0,1,0,0,0,0,0,0,0,0,0,0,0,0,0,0,0,0,0,0,0,0,0,0,0,0,0,0,0,0,0,0,0,1,0,1,0,1,0,0,1,0,1,0,0,0,0,0,0,1,0,0,0,0,1,0,0,0,0,1,0,0,0,0,0,0,0,0,0,0,1,0,0,0,0,0,0,0,0,0,0,0,0,0,0,0,0,0,0,0,0,0,0,0,0,0,0,0,0,0,0,0,0,0,0,0,0,0,0,0,0,0,0,0,0,0,0,0,0,0,0,0,0,0,0,0,0,0,0,0,0,0,0,1,0,0,0,0,0,1,0,0,0,1,0,0,0,0,1,0,0,1,0,0,1,1,0,0,1,0,0,2,0,0,0,1,0,1,1,1,0,1,0,1,0,0,0,0,1,0,0,0,0,0,0,0,0,0,0,1,0,0,0,0,0,0,0,0,0,0,0,0,0,0,0,0,0,0,0,0,0,0,1,0,0,0,0,0,1,1,0,0,0,0,0,0,0,0,0,0,0,0,0,0,0,0,0,0,0,0,0,0,0,0,0,0,0,1,0,0,0,0,0,0,0,0,0,0,0,0,0,0,0,0,0,0,0,0,1,0,0,0,1,0,0,0,0,0,0,0,1,0,0,0,0,0,0,0,0,0,0,0,0,0,0,0,0,0,0,0,0,0,0,0,1,1,1,0,0,0,0,0,0,0,0,0,0,0,0,0,0,0,0,0,0,0,0,0,0,0,0,0,0,48,2
104,Male,0,6,535,17.6,2,0,0,0,0,0,0,0,1,1,0,0,0,0,0,0,0,0,0,0,0,0,1,0,0,0,0,0,0,0,0,0,0,0,1,0,0,0,0,0,0,0,0,0,0,0,0,0,0,0,0,0,1,0,0,1,0,0,0,0,1,0,0,0,0,1,1,1,1,0,0,0,0,1,1,0,0,0,0,0,0,0,0,0,0,0,1,0,0,0,0,0,1,1,0,0,0,0,0,0,0,0,0,0,0,1,0,0,0,0,0,0,0,0,0,0,0,0,1,0,1,0,1,0,0,1,0,1,0,1,0,0,0,0,1,0,0,0,0,1,1,0,0,0,1,0,0,0,0,0,0,0,0,0,0,1,0,0,0,0,0,0,0,0,0,0,0,0,0,0,0,0,1,0,0,0,0,0,0,0,0,0,0,0,1,0,0,0,0,0,0,0,0,1,0,0,1,0,0,0,0,0,0,0,0,0,0,0,0,0,0,0,0,0,0,0,0,0,1,0,0,0,0,0,1,0,0,0,2,0,0,0,0,1,0,0,1,0,0,1,1,0,0,1,0,0,2,0,0,0,1,0,1,1,1,0,1,0,1,0,0,0,0,1,0,0,0,0,0,0,0,0,0,0,1,0,0,0,0,0,0,0,0,0,0,0,0,0,0,0,0,0,0,0,0,0,0,1,0,0,0,0,0,1,1,0,0,0,0,0,0,0,0,0,0,1,0,0,0,0,0,1,0,0,0,0,0,0,0,0,0,0,1,0,0,0,0,0,0,0,0,0,0,0,0,0,0,0,0,0,0,0,0,1,0,0,0,1,0,0,0,0,0,0,0,1,0,0,1,0,0,0,0,0,0,0,0,0,0,0,1,0,0,0,0,0,0,0,0,1,1,1,0,0,0,0,0,0,0,0,0,0,0,0,0,0,0,0,0,0,0,0,0,0,0,0,0,0,64,3
104,Male,0,6,591,19.4,2,0,0,0,0,0,0,0,2,1,0,0,0,0,0,0,0,0,0,0,0,0,2,0,0,0,0,0,0,0,0,0,0,0,1,0,0,0,0,0,0,0,0,0,0,0,0,0,0,0,0,0,1,0,0,1,0,2,0,0,1,0,0,0,0,1,1,2,1,1,0,1,0,1,1,0,0,0,1,0,0,2,0,0,1,0,1,0,0,0,0,0,1,1,0,0,0,0,0,0,0,0,0,0,0,1,0,1,0,0,0,0,0,0,0,0,1,0,1,0,1,0,1,0,0,1,0,1,0,1,0,0,0,0,1,0,0,1,0,1,1,1,0,0,1,0,0,0,0,0,0,0,0,0,0,1,0,0,0,0,0,0,0,0,0,0,0,0,0,0,0,0,1,0,0,0,0,0,0,0,0,0,0,0,1,0,1,1,0,0,0,0,0,1,0,0,1,0,0,0,0,0,0,0,1,1,0,0,0,0,0,0,0,0,0,0,0,0,1,1,0,0,0,0,1,0,0,0,2,0,0,0,0,1,1,1,1,1,1,2,1,0,0,1,0,0,2,1,0,0,1,1,1,1,1,0,1,0,1,0,2,0,0,1,0,0,0,0,0,0,0,0,0,0,1,0,0,0,0,0,0,0,0,0,0,0,0,0,0,0,0,0,0,1,0,0,0,1,0,0,0,0,0,1,2,0,0,0,0,0,0,0,0,0,0,1,0,1,1,0,0,1,0,0,0,0,0,0,0,0,0,0,2,0,0,0,0,0,0,0,0,0,1,1,0,0,0,0,0,0,0,0,0,1,0,0,0,1,0,0,0,0,1,0,0,1,0,0,1,0,0,0,0,0,0,0,0,0,0,0,1,0,0,0,0,0,0,0,0,2,1,1,0,0,0,0,0,0,0,0,0,0,0,1,0,0,0,0,0,0,0,0,0,0,0,0,0,0,93,13
104,Male,0,6,591,19.4,2,0,0,0,0,0,0,0,2,1,0,0,0,0,0,0,0,0,0,0,0,0,2,0,0,0,0,0,0,0,0,0,0,0,1,0,0,0,0,0,0,0,0,0,0,0,0,0,0,0,0,0,1,0,0,1,0,0,0,0,1,0,0,0,0,1,1,2,1,1,0,1,0,1,1,0,0,0,1,0,0,2,0,0,1,0,1,0,0,0,0,0,1,1,0,0,0,0,0,0,0,0,0,0,0,1,0,1,0,0,0,0,0,0,0,0,1,0,1,0,1,0,1,0,0,1,0,1,0,1,0,0,0,0,1,0,0,1,0,1,1,1,0,0,1,0,0,0,0,0,0,0,0,0,0,1,0,0,0,0,0,0,0,0,0,0,0,0,0,0,0,0,1,0,0,0,0,0,0,0,0,0,0,0,1,0,1,1,0,0,0,0,0,1,0,0,1,0,0,0,0,0,0,0,1,1,0,0,0,0,0,0,0,0,0,0,0,0,1,1,0,0,0,0,1,0,0,0,2,0,0,0,0,1,1,1,1,1,1,2,1,0,0,1,0,0,2,1,0,0,1,1,1,1,1,0,1,0,1,0,2,0,0,1,0,0,0,0,0,0,0,0,0,0,1,0,0,0,0,0,0,0,0,0,0,0,0,0,0,0,0,0,0,1,0,0,0,1,0,0,0,0,0,1,2,0,0,0,0,0,0,0,0,0,0,1,0,1,1,0,0,1,0,0,0,0,0,0,0,0,0,0,2,0,0,0,0,0,0,0,0,0,1,1,0,0,0,0,0,0,0,0,0,1,0,0,0,1,0,0,0,0,1,0,0,1,0,0,1,0,0,0,0,0,0,0,0,0,0,0,1,0,0,0,0,0,0,0,0,2,1,1,0,0,0,0,0,0,0,0,0,0,0,1,0,0,0,0,0,0,0,0,0,0,0,0,0,0,92,12
104,Male,0,6,687,22.6,2,2,0,2,2,0,0,0,2,1,0,2,0,0,0,2,0,0,2,0,0,0,2,0,2,0,0,0,0,0,0,0,0,0,1,0,0,0,1,0,0,0,0,0,0,0,0,0,0,0,0,0,1,1,0,1,0,2,1,0,2,0,0,0,0,1,2,2,1,1,0,1,0,1,1,0,0,0,1,0,0,2,0,0,2,0,1,0,0,0,0,1,1,1,0,0,0,0,1,1,1,1,1,0,0,1,1,1,0,0,0,1,0,1,0,0,1,0,1,0,1,0,1,0,0,1,0,1,0,1,0,2,0,0,1,0,1,1,1,1,1,1,0,0,1,1,1,0,0,0,0,1,0,0,0,2,1,0,0,0,0,0,0,0,0,0,0,0,2,0,0,0,1,0,0,1,0,0,0,0,0,0,0,0,1,1,1,1,0,0,0,0,0,1,0,0,1,0,0,1,0,2,0,0,1,1,0,0,0,0,0,0,0,1,0,0,0,0,2,1,1,0,0,0,1,1,0,1,2,0,0,0,0,1,1,1,1,1,1,2,1,0,0,1,1,1,2,1,0,0,1,1,1,1,2,0,1,2,1,1,2,0,0,1,0,0,0,0,1,0,1,0,0,1,1,0,1,0,0,0,0,1,0,1,0,0,0,0,0,0,0,0,0,1,0,0,0,1,0,0,0,2,0,1,2,0,0,0,0,0,0,0,0,0,0,1,0,1,1,0,0,1,0,0,0,0,0,0,0,0,0,0,2,0,1,0,0,0,0,0,0,0,1,1,0,0,0,0,0,0,0,0,0,1,0,1,0,1,0,0,0,0,1,0,0,1,0,0,1,0,0,0,0,0,1,0,0,0,0,0,1,0,0,0,0,0,0,0,0,2,1,1,0,0,0,0,0,0,0,0,0,1,1,1,0,0,0,0,0,0,0,0,0,0,0,0,0,0,144,31
104,Male,0,6,715,23.5,2,2,0,2,2,0,0,2,2,1,0,2,0,0,0,2,0,0,2,0,0,0,2,0,2,0,0,0,0,0,0,0,0,0,1,0,0,0,1,0,0,0,0,0,0,0,0,0,0,0,0,0,1,1,0,1,0,2,2,0,2,0,0,0,0,1,2,2,2,1,0,2,0,1,1,0,0,0,1,1,0,2,0,0,2,0,1,0,1,0,1,1,1,1,1,0,1,0,1,1,1,1,1,0,0,1,1,1,0,1,0,1,0,1,1,0,1,0,1,0,1,0,1,0,0,1,0,1,0,1,0,2,0,0,1,0,2,1,2,1,1,2,1,0,1,1,1,0,0,1,0,1,0,0,0,2,1,0,0,0,0,0,1,0,0,0,0,0,2,0,0,0,1,0,0,1,0,1,0,0,1,1,0,0,1,1,1,1,0,0,0,2,0,1,1,0,2,0,0,1,0,2,0,1,1,1,1,1,1,0,0,0,1,1,0,0,0,0,2,1,1,0,0,0,1,1,1,1,2,0,0,0,0,1,1,1,1,1,1,2,1,0,0,1,1,1,2,1,0,1,1,1,1,1,2,0,2,2,1,1,2,0,0,1,0,0,0,0,1,0,1,0,0,1,1,0,1,0,0,0,0,1,0,1,0,1,0,1,1,0,0,0,0,1,0,1,0,1,0,0,0,2,0,1,2,0,1,0,0,0,0,0,0,0,0,1,0,1,1,0,1,1,0,0,0,0,1,2,0,0,0,0,2,1,1,0,1,1,0,1,1,0,1,1,0,0,0,0,0,0,1,0,1,1,0,1,0,1,0,0,0,0,1,0,0,1,0,1,1,1,0,0,0,0,1,0,0,2,0,1,1,0,1,0,0,1,1,1,0,2,1,1,0,0,1,0,1,0,0,0,0,1,1,1,0,0,2,1,1,0,0,0,0,0,0,0,0,0,195,44
105,Male,0,3,460,15.1,0,0,0,1,1,2,1,1,0,2,0,0,1,0,0,1,0,0,2,0,0,0,1,0,0,1,0,0,0,0,0,0,0,1,1,0,1,0,0,0,0,0,0,0,0,0,0,1,0,1,1,0,1,1,0,1,1,1,1,1,2,1,1,1,1,1,1,1,1,0,0,0,0,1,1,0,0,0,1,0,0,1,0,0,0,0,1,0,0,1,0,0,0,2,1,0,0,1,1,1,1,1,1,0,0,1,1,1,0,0,0,1,0,0,1,0,0,1,0,0,0,1,1,0,0,1,0,1,0,1,0,1,1,0,1,0,1,1,1,1,1,1,1,0,1,0,0,0,0,1,0,0,0,1,0,1,0,0,0,0,0,1,1,1,0,0,0,0,1,0,1,1,0,0,0,1,0,0,0,0,0,1,0,0,0,0,1,1,1,1,1,0,0,0,0,0,0,0,0,0,0,1,0,1,1,0,0,1,0,1,0,0,0,0,0,0,0,0,1,1,1,1,0,0,1,0,0,0,0,0,0,0,0,0,0,1,0,0,0,2,0,0,0,0,1,1,2,1,1,1,1,1,1,1,1,1,1,1,1,0,1,0,0,0,0,0,0,0,0,0,1,0,0,0,1,0,1,1,1,0,0,0,0,0,1,0,0,0,0,0,0,0,1,0,0,0,0,1,0,0,1,0,0,0,1,0,0,0,0,0,0,0,0,0,0,0,1,1,1,1,0,0,0,1,0,1,1,1,1,0,1,1,1,0,0,0,0,1,1,1,0,0,0,0,1,0,0,0,0,0,0,0,1,0,0,0,0,1,0,0,0,0,0,0,0,0,0,0,0,1,0,0,0,0,1,0,0,0,0,0,0,0,0,0,0,0,0,0,0,0,0,0,0,0,0,0,0,0,0,0,1,1,1,1,0,1,1,0,1,0,1,0,0,0,0,0,0,0,151,7
105,Male,0,3,539,17.7,0,0,0,1,2,2,1,1,1,2,2,0,1,0,0,1,0,1,2,0,1,0,2,0,1,1,1,1,1,0,1,0,0,1,1,0,1,0,1,0,0,1,0,0,1,0,1,1,0,1,1,0,1,1,0,1,1,2,1,1,2,2,1,1,1,1,1,1,1,1,0,1,1,1,1,0,1,0,1,0,2,1,0,0,0,0,1,0,0,1,0,0,0,2,1,1,1,1,1,1,1,1,1,1,1,1,1,1,1,1,0,1,1,1,1,0,1,1,1,0,1,1,1,1,1,1,0,1,0,1,0,1,1,1,2,1,1,1,1,1,1,1,1,0,1,1,1,0,0,1,0,1,1,1,1,1,1,1,0,0,1,1,1,1,1,0,0,0,1,1,1,1,0,0,0,1,0,1,0,1,0,1,0,1,1,1,1,1,1,1,1,0,1,1,1,0,1,1,0,1,0,1,0,1,1,0,0,1,1,1,1,0,1,0,1,1,0,0,2,1,1,1,0,0,1,0,0,1,1,0,0,1,0,0,0,1,0,0,0,2,2,0,0,0,1,1,2,1,1,1,1,1,1,1,1,1,1,2,2,0,1,0,0,2,1,0,0,1,0,0,1,1,1,0,1,0,1,1,1,0,1,1,0,1,1,1,0,1,1,0,0,0,1,0,0,0,0,1,0,0,1,1,0,1,1,1,1,1,1,0,1,1,0,1,1,1,1,1,1,1,1,0,1,1,0,1,1,1,1,0,1,1,1,1,1,1,0,1,1,1,1,0,1,0,1,1,0,1,0,0,0,0,1,1,0,0,0,1,0,0,0,0,0,0,0,1,0,1,1,1,0,0,0,0,1,1,0,0,0,0,0,0,0,0,0,0,0,0,1,0,0,0,0,0,1,0,1,0,1,1,1,1,1,1,1,1,1,0,1,1,1,0,0,0,0,0,1,0,258,19
105,Male,0,3,623,20.5,0,1,0,1,2,2,1,1,1,2,2,0,1,0,1,2,0,1,2,1,1,0,2,0,1,1,2,1,1,0,1,0,0,1,1,0,1,0,1,0,0,1,0,1,1,0,1,1,0,1,1,0,2,1,0,1,1,2,1,1,2,2,1,1,1,1,1,1,1,1,0,1,1,1,1,0,1,0,1,0,2,1,0,0,0,0,1,1,0,1,0,0,1,2,1,1,1,1,1,1,1,1,1,1,1,1,1,1,1,1,0,1,1,1,1,1,1,1,1,0,1,1,1,1,1,1,0,1,1,1,1,1,1,1,2,1,1,1,2,1,1,1,1,0,1,1,1,0,1,1,0,1,1,1,1,1,1,1,1,0,1,1,1,1,1,1,0,1,1,1,1,1,0,0,0,1,0,1,1,1,0,1,0,1,1,1,1,1,1,1,1,0,1,1,1,0,1,1,1,1,1,1,0,1,1,0,0,1,1,1,1,0,1,0,1,1,0,0,2,1,1,1,1,0,1,0,0,1,1,0,0,1,0,0,0,1,0,0,2,2,2,1,0,0,1,1,2,1,1,1,1,1,1,1,1,1,1,2,2,1,1,1,0,2,1,0,0,1,0,0,1,1,1,1,1,0,1,1,1,1,1,1,0,1,1,1,1,1,1,0,0,0,1,0,0,0,0,1,0,0,1,1,0,1,1,1,1,1,1,0,1,1,0,1,1,1,1,1,1,1,1,0,1,1,0,1,1,1,1,0,1,1,1,1,1,1,0,1,1,1,1,0,1,1,1,1,0,1,1,0,1,0,1,1,0,0,0,1,0,0,0,0,0,0,0,1,1,1,1,1,0,0,0,0,1,1,0,0,0,0,0,0,0,0,0,0,0,0,1,0,0,0,0,0,1,0,1,0,1,1,1,1,1,1,1,1,1,0,1,1,1,0,0,0,0,0,1,0,286,24
106,Female,0,4,492,16.2,0,0,0,0,1,0,0,1,1,0,0,0,0,0,0,2,0,1,0,0,0,0,1,0,0,1,0,1,0,0,1,1,0,0,0,0,0,0,1,0,1,0,0,0,0,0,0,0,0,0,0,0,1,0,0,1,0,1,0,0,0,1,1,0,1,1,0,2,1,1,0,0,1,1,0,0,0,0,1,0,0,0,0,0,1,0,1,0,0,0,0,0,1,0,0,0,0,0,0,1,0,0,0,0,1,1,1,0,0,0,0,1,0,0,0,0,0,0,1,0,0,0,0,0,0,1,0,0,0,2,0,1,0,0,1,1,1,0,1,0,0,0,0,1,1,1,0,0,0,0,0,0,0,1,0,0,0,0,0,0,0,1,0,0,0,0,0,0,0,0,0,1,0,0,0,0,0,0,0,0,0,1,0,0,1,0,1,0,0,0,0,0,0,1,0,1,0,0,0,0,0,0,0,0,0,0,0,0,0,0,0,0,0,0,0,0,0,0,1,0,1,0,0,0,1,0,0,0,1,0,0,0,0,0,0,1,0,0,0,1,0,0,0,0,0,0,1,1,0,1,0,0,0,1,0,0,1,0,0,0,2,0,0,0,0,0,0,0,0,0,0,0,0,0,1,0,0,0,0,0,0,0,0,0,0,0,0,0,0,0,0,0,0,0,0,0,0,1,0,0,0,0,0,0,0,0,0,0,0,0,0,0,0,0,0,1,0,0,0,1,0,1,0,0,0,0,0,0,0,0,0,0,1,0,0,0,0,0,0,0,0,0,1,0,0,0,0,0,0,0,0,0,1,0,0,0,0,0,0,0,0,0,0,0,0,0,0,0,0,0,0,0,0,0,0,0,0,0,0,0,0,0,0,0,0,0,0,0,0,0,0,0,0,0,0,0,0,0,0,0,0,0,0,0,0,0,1,0,0,0,0,0,0,0,0,0,0,0,73,4
106,Female,0,4,531,17.5,0,0,0,0,1,0,0,1,1,0,0,0,0,0,0,2,0,1,0,0,1,0,2,0,0,1,1,1,0,0,1,1,0,0,0,0,0,0,1,0,1,0,0,0,0,0,0,0,1,0,0,0,1,2,0,1,0,2,1,0,1,1,1,0,1,1,0,2,1,1,0,0,1,1,0,0,0,0,1,0,1,1,0,0,2,0,1,0,0,0,0,0,1,1,0,0,0,0,1,1,0,1,1,0,1,1,1,0,0,1,0,1,1,0,1,1,0,0,2,0,0,0,0,0,0,1,0,1,0,2,0,1,0,0,1,1,1,0,1,0,1,1,1,1,1,1,0,0,0,0,0,0,0,1,1,0,0,0,0,0,1,1,0,0,0,0,0,0,0,0,0,1,0,0,0,0,0,0,1,0,0,1,0,0,1,1,1,1,0,0,1,0,0,1,0,1,0,0,0,0,0,0,0,0,0,0,0,0,0,0,0,0,0,0,0,0,0,0,1,0,1,1,0,0,1,0,0,0,1,0,0,0,0,0,0,1,0,0,0,1,1,0,0,0,0,0,1,2,0,1,1,0,0,1,1,0,1,0,0,0,2,0,0,0,0,0,0,0,0,0,0,0,0,0,1,0,0,0,0,0,0,0,0,0,0,0,0,0,0,0,0,0,0,0,0,1,0,1,0,0,0,0,0,0,0,0,0,0,0,0,0,0,0,0,0,1,0,0,0,1,0,1,0,0,0,0,1,0,0,0,0,0,1,0,0,0,0,0,0,0,0,0,1,0,0,0,0,0,0,0,0,0,1,0,0,0,0,0,0,0,0,0,0,0,0,0,0,0,0,0,0,0,0,0,0,0,0,0,0,0,0,0,0,0,0,0,0,0,0,0,0,0,0,0,0,0,0,0,0,0,0,0,0,0,0,0,1,0,0,0,0,0,0,0,0,0,0,0,105,10
106,Female,0,4,556,18.3,0,0,0,0,1,0,0,1,1,0,0,0,0,0,0,2,0,1,0,0,1,0,2,0,0,1,1,1,0,0,1,1,0,0,0,0,0,0,1,0,1,0,0,0,0,0,0,0,1,0,0,0,1,2,0,1,0,2,1,0,1,1,1,0,1,1,0,2,1,1,0,0,1,1,0,0,0,0,1,0,1,1,0,0,2,0,1,0,0,0,0,0,1,1,0,0,0,0,1,1,0,1,1,0,1,1,1,0,1,1,0,1,1,1,1,1,0,2,2,0,0,0,0,0,0,1,0,1,0,2,0,1,0,0,1,1,1,0,1,0,1,1,1,1,1,1,0,0,0,0,0,0,0,1,1,1,1,0,0,0,1,1,0,0,0,0,0,0,0,0,0,1,0,0,0,0,0,0,1,0,0,1,0,0,1,1,1,1,0,0,1,0,0,1,0,1,0,0,0,0,0,0,0,1,1,0,0,0,0,0,0,0,0,0,0,0,0,0,1,0,1,1,0,0,1,0,0,0,1,0,0,0,0,0,0,1,0,0,0,1,1,0,0,0,1,1,1,2,0,1,1,1,0,1,1,0,1,1,0,0,2,0,0,0,0,0,0,0,0,0,0,0,1,0,1,0,0,0,1,0,0,0,0,0,0,0,0,0,0,0,0,0,0,1,0,1,0,1,0,0,1,1,0,0,1,0,0,0,0,0,0,0,0,1,0,1,0,0,0,1,0,1,0,0,0,0,1,0,0,0,0,0,1,0,0,0,0,0,0,1,0,0,1,0,1,0,0,0,0,0,0,0,1,0,0,0,0,0,0,0,0,0,0,0,0,0,0,0,0,0,0,0,0,0,0,0,0,0,0,0,0,0,0,0,0,0,0,0,0,0,0,0,0,0,0,0,0,0,0,0,1,0,1,0,0,0,1,0,0,0,0,0,0,0,0,0,0,0,127,11
106,Female,0,4,720,23.7,1,1,0,2,1,1,2,1,2,0,0,0,0,0,0,2,0,2,2,0,1,0,2,0,0,1,1,1,0,0,1,1,0,0,0,0,0,0,2,0,1,2,2,0,0,0,0,0,2,0,0,2,1,2,0,1,0,2,1,0,2,2,2,0,2,1,2,2,1,1,0,0,1,1,2,0,0,0,1,0,1,1,0,0,2,0,2,2,0,0,0,0,2,2,0,0,1,0,2,2,2,2,2,0,1,2,2,0,2,2,0,2,1,2,2,1,0,2,2,0,0,0,0,0,1,1,0,1,0,2,0,1,0,0,2,1,1,1,1,0,1,2,1,1,1,1,0,0,1,0,0,0,0,1,1,1,1,0,0,0,2,1,0,2,0,0,0,0,2,1,1,1,1,0,0,0,1,0,1,0,0,1,1,0,2,1,1,1,0,1,1,0,0,1,0,2,0,0,0,1,0,0,0,1,1,2,0,0,0,1,1,0,0,0,0,0,0,0,1,1,1,1,0,0,1,0,0,0,2,1,0,0,0,0,0,1,0,0,0,2,2,0,0,0,1,1,1,2,0,1,2,1,0,2,2,0,1,1,0,2,2,1,0,2,0,0,0,0,0,0,0,0,1,0,2,0,1,1,1,0,0,1,0,0,1,0,1,1,1,0,0,0,0,1,0,1,0,1,0,0,1,1,0,1,1,0,0,0,1,1,0,0,0,1,0,1,0,1,0,1,1,1,0,0,0,1,1,1,1,0,1,0,1,0,0,0,0,0,0,1,2,0,1,0,1,0,0,0,0,0,0,0,1,0,0,0,0,0,0,0,0,0,0,0,0,0,0,0,0,0,2,0,0,0,0,0,0,0,0,0,0,0,0,0,0,0,0,0,0,0,0,0,0,0,0,0,0,0,0,0,1,0,1,0,0,1,1,0,0,0,0,0,0,0,0,0,0,1,181,62
109,Male,0,2,375,12.3,1,1,0,1,0,0,0,0,2,2,1,1,0,0,0,0,0,0,0,0,0,0,1,0,0,0,0,0,0,0,0,0,0,0,0,0,0,0,0,0,0,0,0,0,0,0,0,0,0,0,0,0,0,1,0,0,0,1,1,0,1,2,0,0,0,0,1,2,0,0,0,0,0,0,1,0,0,0,0,0,0,1,0,0,0,0,1,0,0,1,0,0,0,0,1,0,0,0,0,0,0,0,0,0,0,0,0,0,0,0,0,0,1,1,0,0,0,0,0,0,0,0,0,0,0,1,0,0,0,0,0,0,0,0,1,0,0,0,0,0,0,0,0,0,0,0,0,0,0,0,0,0,0,0,0,0,0,0,0,0,0,0,0,0,0,0,0,0,0,0,0,0,0,0,0,0,0,0,0,0,0,1,0,0,0,0,0,0,0,0,0,0,0,0,0,0,0,0,0,0,0,0,0,0,1,0,0,0,0,0,0,0,0,0,0,0,0,0,1,0,0,0,0,0,0,0,0,0,0,0,1,0,0,0,0,0,0,0,0,2,0,0,0,0,1,0,1,0,1,1,1,0,0,1,2,0,1,0,0,0,2,0,0,2,0,0,0,0,0,0,0,0,0,0,1,0,0,0,0,0,0,0,0,0,0,0,0,0,0,0,0,0,0,0,0,0,0,1,0,0,0,0,0,1,0,1,0,0,0,0,0,0,0,0,0,0,0,0,1,1,0,1,1,0,0,0,0,1,0,0,0,0,1,0,0,0,0,0,0,0,0,0,0,0,0,0,0,0,0,0,0,0,0,0,0,0,0,0,0,0,0,0,0,0,0,0,0,0,0,0,0,0,0,0,0,0,0,0,0,0,0,0,0,0,0,0,0,0,0,0,0,0,0,0,0,0,0,0,0,0,0,0,0,0,0,0,0,0,0,0,0,0,0,0,0,0,0,0,49,8
109,Male,0,2,555,18.2,2,2,0,1,2,2,1,0,2,2,1,1,0,0,0,1,1,0,1,1,1,0,1,0,1,1,2,0,0,0,1,0,0,0,1,0,1,0,0,0,0,1,0,0,0,0,0,2,0,1,1,1,0,1,1,0,1,2,1,0,1,2,0,0,0,0,1,2,0,0,0,0,0,0,1,0,0,0,1,0,2,1,1,0,0,0,2,0,0,2,0,0,0,0,1,0,0,0,0,0,0,0,0,0,0,0,0,0,0,0,0,0,1,1,1,0,0,0,0,0,0,1,0,0,1,1,0,1,0,2,0,1,1,0,1,1,1,1,1,0,0,0,0,0,1,0,0,0,1,0,0,0,0,1,0,1,0,0,0,0,0,1,1,0,0,1,0,0,0,0,0,0,0,0,0,0,0,0,1,0,0,1,0,0,0,0,1,0,0,0,0,0,0,0,0,0,0,0,0,0,0,0,0,0,1,0,0,0,0,0,0,0,0,0,0,0,0,0,1,0,1,0,0,0,2,1,0,0,2,0,1,0,0,0,1,1,1,0,0,2,0,0,0,0,1,1,1,1,1,1,2,0,0,1,2,0,1,2,2,0,1,0,0,2,0,0,0,0,0,0,0,0,0,0,1,0,1,0,0,0,0,0,0,0,0,0,0,0,0,0,0,0,0,0,0,0,0,1,0,0,0,0,0,1,0,1,1,0,1,0,0,0,0,0,0,0,0,0,1,1,0,1,1,0,0,0,1,1,1,0,0,0,2,0,0,0,0,0,1,0,0,0,0,0,0,0,0,0,0,0,0,0,0,0,0,0,0,0,0,0,0,0,0,0,0,0,0,0,0,0,0,0,0,0,0,0,0,0,0,0,0,0,0,0,0,0,0,0,0,0,0,0,0,0,0,0,0,0,0,0,0,0,0,0,0,0,0,0,1,0,2,0,0,0,0,0,0,0,112,25
111,Female,0,3,545,17.9,2,2,1,2,2,2,1,2,2,1,2,2,1,2,1,1,1,1,2,1,1,0,2,1,2,1,2,1,1,0,1,0,0,1,1,1,1,0,1,0,0,1,1,0,1,0,2,0,1,1,0,0,1,2,0,1,2,2,2,0,1,2,1,1,2,1,1,2,1,1,0,1,1,1,1,0,1,0,1,0,2,1,0,0,0,0,1,1,1,2,0,0,0,1,1,1,0,0,0,1,1,0,0,0,0,1,1,1,1,0,0,1,1,2,1,1,1,0,1,0,1,1,1,1,0,1,0,0,0,1,0,0,0,0,1,1,1,1,1,1,1,1,0,0,1,1,0,0,0,1,0,1,1,2,1,1,1,0,0,0,0,0,0,2,0,1,0,0,2,0,0,1,1,0,0,0,0,0,1,1,0,1,1,0,1,1,1,1,0,0,2,0,0,1,0,2,1,0,0,1,0,1,0,0,1,0,0,1,0,0,1,0,0,0,0,0,0,0,1,1,1,1,0,0,2,0,0,0,2,0,0,0,0,0,0,1,1,0,0,2,1,0,0,0,2,1,2,2,0,2,2,1,1,1,2,0,2,0,2,0,2,0,0,1,0,1,0,0,0,1,1,0,1,1,1,0,0,1,1,0,0,1,0,0,0,0,0,0,2,0,0,0,0,1,0,1,0,1,0,0,0,0,0,1,1,0,0,0,1,1,0,0,0,0,0,1,0,1,0,2,0,0,0,0,0,1,2,1,2,1,1,0,2,1,0,0,0,0,0,1,1,1,0,0,0,0,0,0,0,0,0,0,1,1,0,0,0,0,0,0,0,0,0,1,0,0,1,1,0,0,0,0,0,0,2,0,0,0,0,0,1,0,0,0,0,0,0,0,0,0,0,0,0,0,0,0,0,0,0,0,1,1,1,0,0,0,0,0,0,0,2,0,0,0,0,0,0,0,195,49
111,Female,0,3,747,24.6,2,2,2,2,2,2,2,2,2,2,2,2,2,2,2,2,2,2,2,2,2,0,2,1,2,2,2,2,2,0,2,2,0,2,2,2,2,2,1,2,0,2,2,0,2,0,2,2,2,2,0,0,2,2,0,2,2,2,2,0,2,2,2,2,2,2,2,2,2,1,0,2,2,2,2,2,2,0,2,2,2,2,2,2,2,1,2,2,2,2,2,2,2,2,2,2,2,2,2,2,2,2,2,0,2,2,2,2,2,2,2,2,2,2,2,1,2,0,2,1,2,2,1,1,1,2,1,1,1,2,1,1,1,1,2,1,2,2,2,1,2,2,0,1,2,2,0,0,2,2,0,2,1,2,2,2,2,2,2,0,2,2,2,2,2,2,0,2,2,0,2,2,2,2,2,1,2,2,2,2,0,2,2,0,2,2,2,2,2,0,2,2,0,2,0,2,2,0,0,1,1,2,0,2,1,2,0,2,1,1,1,1,1,1,1,2,0,1,1,1,2,1,1,1,2,2,0,0,2,1,1,1,0,0,2,2,2,2,2,2,2,0,0,1,2,2,2,2,1,2,2,2,2,2,2,0,2,2,2,2,2,0,0,2,1,2,1,0,0,1,1,2,2,2,2,0,2,2,2,2,0,1,0,0,0,0,0,0,2,0,0,0,0,1,0,1,0,1,0,0,2,1,0,2,2,1,1,1,2,1,2,1,2,1,2,1,1,2,2,2,2,2,2,1,1,2,2,2,2,2,2,0,2,1,1,1,1,2,2,2,2,2,2,2,2,2,2,2,2,2,2,0,2,2,2,2,0,2,2,1,2,2,1,1,1,2,1,2,2,2,2,1,2,1,2,0,0,0,0,2,2,2,0,0,0,0,0,0,0,2,2,2,2,2,2,2,0,0,2,0,1,1,1,0,0,0,0,0,0,0,2,0,0,0,0,0,0,0,328,253
111,Female,0,3,817,26.9,2,2,2,2,2,2,2,2,2,2,2,2,2,2,2,2,2,2,2,2,2,0,2,1,2,2,2,2,2,1,2,2,2,2,2,2,2,2,2,2,2,2,2,2,2,1,2,2,2,2,1,1,2,2,2,2,2,2,2,2,2,2,2,2,2,2,2,2,2,2,1,2,2,2,2,2,2,1,2,2,2,2,2,2,2,1,2,2,2,2,2,2,2,2,2,2,2,2,2,2,2,2,2,1,2,2,2,2,2,2,2,2,2,2,2,2,2,2,2,2,2,2,2,2,2,2,2,2,1,2,2,2,2,2,2,2,2,2,2,2,2,2,2,2,2,2,1,0,2,2,0,2,1,2,2,2,2,2,2,0,2,2,2,2,2,2,1,2,2,2,2,2,2,2,2,2,2,2,2,2,2,2,2,1,2,2,2,2,2,0,2,2,2,2,2,2,2,2,2,2,2,2,2,2,2,2,2,2,2,2,2,2,2,2,1,2,2,2,2,2,2,2,2,2,2,2,2,2,2,2,2,2,2,2,2,2,2,2,2,2,2,2,2,2,2,2,2,2,1,2,2,2,2,2,2,0,2,2,2,2,2,2,2,2,2,2,2,1,2,2,2,2,2,2,2,1,2,2,2,2,2,2,2,1,2,2,2,2,2,2,2,2,2,2,2,2,2,2,2,2,2,2,2,2,2,2,2,2,2,2,2,2,2,2,2,2,2,2,2,2,2,2,2,2,2,2,2,2,2,2,2,2,2,2,2,2,2,2,2,2,2,2,2,2,2,2,2,2,2,2,2,2,2,2,2,2,0,2,2,1,2,2,2,2,2,2,2,2,2,2,2,2,2,1,2,2,1,1,1,2,2,2,0,0,0,0,0,2,2,2,2,2,2,2,2,2,1,2,2,2,2,2,2,1,2,2,2,1,2,1,2,2,1,0,2,0,1,2,404,374
112,Male,0,2,653,21.5,0,2,2,2,2,0,2,2,2,0,2,0,0,0,2,2,0,0,0,0,2,0,2,0,2,0,0,0,0,0,0,0,0,1,0,0,0,0,1,0,0,0,1,0,0,0,0,2,2,2,2,2,2,2,1,1,1,1,0,1,1,1,0,1,2,0,2,2,1,0,0,2,2,2,2,0,1,0,1,0,0,0,0,0,2,0,0,0,0,2,0,0,0,2,2,0,2,0,0,0,0,1,1,0,1,1,0,1,0,0,0,2,0,2,0,0,0,1,1,0,1,1,1,1,1,2,0,1,0,2,0,1,0,0,1,0,0,0,2,1,1,2,2,0,1,0,0,0,0,1,0,1,0,1,1,0,0,1,0,0,0,1,1,1,1,0,0,1,2,0,0,0,1,0,0,1,0,0,0,0,0,2,0,0,0,1,0,0,0,1,1,0,0,1,1,0,0,1,0,1,0,2,0,2,0,0,0,0,0,0,0,0,0,0,0,1,0,1,1,1,2,1,0,0,2,0,0,0,2,0,0,0,0,0,0,2,2,0,0,1,0,0,0,0,2,0,2,0,0,2,2,0,0,2,2,0,0,2,2,2,2,0,0,1,1,0,0,0,1,0,1,0,1,1,2,0,0,1,1,0,0,1,0,0,0,0,1,0,0,0,0,0,0,0,0,1,0,2,0,0,0,0,0,0,1,0,0,0,0,0,0,0,0,0,0,0,0,1,0,0,0,0,0,0,0,0,0,0,0,0,0,0,2,0,0,0,0,1,1,0,0,0,2,0,0,0,0,1,0,0,0,0,0,1,0,0,0,0,0,0,0,0,0,0,0,0,0,0,1,1,0,0,0,0,0,0,0,0,0,0,1,0,0,0,0,0,0,0,0,0,0,0,0,0,0,0,0,0,0,0,0,1,1,0,2,0,0,0,0,0,2,0,0,0,0,0,0,0,143,64
112,Male,0,2,672,22.1,0,2,2,2,2,0,2,2,2,0,2,0,0,0,2,2,0,0,0,0,2,0,2,0,2,0,0,0,0,0,0,0,0,1,0,0,0,0,1,0,0,0,1,0,0,0,0,2,2,2,2,2,2,2,1,1,1,1,0,1,1,1,0,1,2,0,2,2,1,0,0,2,2,2,2,0,1,0,1,0,0,0,0,0,2,0,0,0,0,2,0,0,0,2,2,0,2,0,0,0,0,1,1,0,1,1,0,1,0,0,0,2,0,2,0,0,0,1,1,0,1,1,1,1,1,2,0,1,0,2,0,1,0,0,1,0,0,0,2,1,1,2,2,0,1,0,0,0,0,1,0,1,0,1,1,0,0,1,0,0,0,1,1,1,1,0,0,1,2,0,0,0,1,0,0,1,0,0,0,0,0,2,0,0,0,1,0,0,0,1,1,0,0,1,1,0,0,1,0,1,0,2,0,2,0,0,0,0,0,0,0,0,0,0,0,1,0,1,1,1,2,1,0,0,2,0,0,0,2,0,0,0,0,0,0,2,2,0,0,1,0,0,0,0,2,0,2,0,0,2,2,0,0,2,2,0,0,2,2,2,2,0,0,1,1,0,0,0,1,0,1,0,1,1,2,0,0,1,1,0,0,1,0,0,0,0,1,0,0,0,0,0,0,0,0,1,0,2,0,0,0,0,0,0,1,0,0,0,0,0,0,0,0,0,0,0,0,1,0,0,0,0,0,0,0,0,0,0,0,0,0,0,2,0,0,0,0,1,1,0,0,0,2,0,0,0,0,1,0,0,0,0,0,1,0,0,0,0,0,0,0,0,0,0,0,0,0,0,1,1,0,0,0,0,0,0,0,0,0,0,1,0,0,0,0,0,0,0,0,0,0,0,0,0,0,0,0,0,0,0,0,1,1,0,2,0,0,0,0,0,2,0,0,0,0,0,0,0,143,64
114,Male,0,6,435,14.3,1,1,0,0,0,1,0,1,0,0,1,0,0,1,0,0,0,0,0,0,0,0,1,0,0,0,1,0,0,0,0,0,0,1,1,1,0,0,0,0,0,1,0,0,0,0,0,0,0,0,0,0,0,1,1,0,1,2,2,0,2,0,0,0,0,1,0,2,1,0,0,1,0,0,1,0,1,0,1,0,0,0,0,0,0,0,1,0,0,0,0,0,0,1,1,0,0,0,0,0,0,0,0,0,0,0,0,0,0,0,0,1,0,0,0,0,0,0,0,0,0,1,0,0,0,0,0,0,0,2,0,0,0,0,1,0,1,0,0,0,0,0,0,0,0,0,0,0,0,0,0,0,0,0,0,0,0,0,0,1,0,0,0,0,0,0,0,0,1,0,0,1,1,0,0,0,0,0,0,0,0,0,0,0,0,0,1,0,0,0,0,0,0,0,0,0,0,0,0,0,0,0,0,0,0,0,0,0,0,0,0,0,0,0,0,0,0,0,0,0,1,0,0,0,2,0,0,0,2,0,0,0,0,0,0,0,1,0,0,2,0,0,0,0,1,0,2,0,0,2,0,0,0,1,1,0,2,0,1,0,1,0,0,0,0,0,0,0,0,0,0,0,0,0,0,0,0,0,1,0,0,0,0,0,0,0,0,0,0,0,0,0,0,0,0,0,0,0,0,0,2,0,0,0,1,0,0,0,0,0,0,0,0,0,0,0,0,0,0,0,0,1,0,0,0,0,2,0,0,0,0,0,1,0,0,0,0,0,1,0,0,0,0,0,0,0,0,1,0,0,0,0,0,0,0,0,0,0,0,0,0,0,0,0,0,0,0,0,0,0,0,0,0,0,0,0,0,0,0,0,0,0,0,0,0,0,0,0,0,0,0,0,0,0,0,0,0,0,0,0,0,0,0,0,0,0,0,0,0,0,0,0,0,0,0,0,0,0,59,13
114,Male,0,6,493,16.2,1,2,0,2,0,1,2,2,2,0,1,2,0,1,1,1,1,0,2,1,1,0,2,0,2,0,1,1,0,0,0,0,0,1,1,1,0,0,0,0,0,1,0,0,1,0,0,0,0,0,0,0,1,1,1,1,1,2,2,1,2,2,1,1,1,1,2,2,1,1,0,1,1,0,2,0,1,0,1,0,0,1,1,0,1,0,1,0,0,1,0,0,0,1,1,1,0,0,0,1,1,1,1,1,0,1,1,1,0,1,0,1,0,1,1,1,0,0,1,0,1,1,0,0,0,1,0,1,0,2,0,1,1,0,1,1,1,1,1,0,1,1,1,0,1,0,0,0,0,0,0,1,1,1,1,1,1,0,0,1,0,0,1,0,0,0,0,0,1,0,0,1,1,0,1,0,0,0,1,0,0,1,0,0,0,1,1,1,0,1,1,0,0,0,1,0,0,0,0,1,0,1,0,1,1,0,0,1,0,0,0,0,0,0,0,0,0,1,1,1,1,1,0,0,2,1,0,0,2,0,1,0,0,0,0,0,1,0,0,2,0,0,0,0,1,1,2,0,0,2,1,1,1,1,2,0,2,1,1,1,2,0,0,1,0,0,0,0,0,0,0,2,1,1,1,0,1,1,1,0,1,1,0,0,0,1,1,1,0,0,0,0,0,1,0,1,0,1,0,0,2,1,0,0,1,0,0,0,0,1,1,1,0,0,0,1,1,1,1,1,1,1,1,0,0,1,2,1,1,0,0,0,1,1,0,0,0,0,1,0,0,1,1,0,0,0,0,1,1,0,1,0,0,0,0,0,0,0,0,0,0,0,0,0,0,0,0,0,1,1,0,0,0,0,0,0,0,0,0,0,1,0,0,0,0,0,0,1,0,0,0,0,0,0,1,0,0,0,0,0,0,0,0,0,0,0,0,0,1,0,2,0,0,0,0,0,0,0,185,29
114,Male,0,6,581,19.1,2,2,0,2,2,2,2,2,2,2,2,2,0,2,1,2,1,1,2,1,1,0,2,0,2,0,2,1,0,0,1,0,1,1,1,1,0,0,2,0,0,1,1,0,1,0,1,1,0,0,0,0,2,2,1,1,1,2,2,1,2,2,1,1,1,1,2,2,1,1,0,2,1,0,2,2,1,0,1,0,2,1,1,0,2,0,2,0,1,2,0,0,0,1,1,1,1,0,1,1,1,1,1,1,0,1,1,1,0,1,0,1,0,1,1,1,0,0,1,0,1,2,0,0,0,1,0,1,0,2,1,1,1,0,1,1,1,1,2,0,1,2,1,0,1,1,0,0,0,0,0,1,1,1,1,1,1,0,0,1,0,0,1,0,0,0,0,0,2,0,0,1,2,0,1,0,0,0,1,1,0,1,0,0,0,1,1,1,0,1,1,0,0,2,1,0,1,0,0,1,0,2,0,1,1,0,0,1,0,0,1,0,0,0,0,0,0,1,1,1,1,1,0,0,2,1,0,0,2,0,1,0,0,0,0,0,1,0,0,2,1,0,0,0,2,1,2,0,0,2,1,1,1,2,2,0,2,2,1,1,2,0,0,2,0,0,0,0,0,0,0,2,1,1,2,0,1,1,1,0,1,1,0,0,0,1,1,1,0,0,0,0,0,1,0,1,0,1,0,1,2,1,0,0,1,0,0,1,0,1,1,1,0,0,0,1,1,1,1,1,1,1,1,0,0,1,2,1,1,0,0,0,1,1,0,0,0,0,1,0,0,1,1,0,0,0,0,1,1,0,1,0,2,0,0,0,0,0,0,0,0,0,0,0,0,0,0,0,1,1,0,0,0,0,1,0,0,0,0,0,1,0,0,0,0,0,0,1,0,0,0,0,0,0,1,0,0,0,0,0,0,0,0,0,0,0,0,0,1,0,2,0,0,0,0,0,0,0,210,59
114,Male,0,6,591,19.4,2,2,0,2,2,2,2,2,2,2,2,2,0,2,1,2,1,1,2,1,1,0,2,1,2,0,2,1,2,0,1,0,1,1,1,1,0,0,2,0,0,2,1,0,1,0,1,1,0,0,1,0,2,2,1,1,1,2,2,1,2,2,1,1,2,1,2,2,2,1,0,2,1,0,2,2,2,0,2,0,2,2,1,0,2,0,2,0,1,2,0,0,0,2,1,1,1,0,1,1,1,1,1,1,0,1,1,1,0,1,0,1,0,1,1,1,0,0,1,0,1,2,1,1,1,1,0,1,1,2,1,1,1,0,2,1,2,1,2,0,1,2,1,0,1,1,0,0,0,0,0,1,1,1,1,1,1,0,0,1,0,0,1,0,0,2,0,0,2,0,0,1,2,0,1,1,0,0,1,1,0,1,0,0,0,1,1,1,0,1,1,0,0,2,1,0,1,0,0,1,0,2,0,2,1,0,0,1,0,1,1,0,0,0,0,0,0,1,2,1,1,1,0,0,2,1,0,0,2,0,1,0,0,0,0,0,1,1,1,2,1,0,0,0,2,1,2,0,0,2,1,1,1,2,2,0,2,2,2,2,2,0,0,2,0,0,0,0,0,0,0,2,1,1,2,0,1,1,1,0,1,1,0,0,0,1,1,1,0,0,0,0,0,1,0,1,0,1,0,1,2,1,0,0,1,0,0,1,0,1,1,1,0,0,0,1,1,1,1,1,1,1,1,0,0,1,2,1,2,0,0,0,1,1,0,0,0,0,1,0,0,1,1,0,0,0,0,1,1,0,1,0,2,0,0,0,0,0,0,0,0,0,0,0,0,1,0,1,1,1,0,0,0,0,1,0,0,0,0,0,1,0,0,0,0,0,0,1,0,0,1,0,0,0,1,0,0,0,0,0,0,0,0,0,0,0,0,0,1,0,2,0,0,0,0,0,0,0,225,75
114,Male,0,6,626,20.6,2,2,0,2,2,2,2,2,2,2,2,2,1,2,1,2,1,1,2,1,2,0,2,1,2,1,2,2,2,0,2,0,1,1,2,1,0,0,2,0,0,2,2,0,2,0,1,1,0,2,1,0,2,2,2,1,2,2,2,1,2,2,1,2,2,2,2,2,2,2,0,2,1,0,2,2,2,0,2,0,2,2,2,0,2,0,2,1,1,2,0,0,2,2,2,1,1,0,1,1,1,1,2,1,2,2,1,2,0,1,0,1,2,1,1,1,2,0,2,0,1,2,1,1,1,2,0,1,1,2,1,2,2,0,2,1,2,1,2,0,1,2,1,0,1,1,0,0,0,0,0,1,1,1,1,1,1,0,0,1,2,0,1,0,0,2,0,0,2,0,0,1,2,0,1,1,0,0,1,1,0,1,0,0,1,1,1,1,1,1,1,0,0,2,1,0,1,0,0,1,0,2,0,2,1,0,0,1,0,1,2,0,0,0,0,1,0,1,2,2,2,1,0,0,2,1,0,0,2,0,1,0,0,0,0,0,2,1,1,2,2,0,0,0,2,1,2,1,1,2,1,1,1,2,2,0,2,2,2,2,2,1,1,2,1,0,0,0,1,0,0,2,1,1,2,0,1,1,2,0,1,1,0,0,0,1,1,1,0,0,0,0,0,1,0,1,0,2,0,1,2,1,0,0,2,0,0,1,0,1,1,1,0,0,1,1,1,1,1,1,1,1,1,0,0,1,2,1,2,0,0,0,2,1,0,0,0,0,2,0,0,1,1,0,1,0,0,1,1,0,2,0,2,0,0,0,0,2,0,0,0,0,0,0,0,1,0,1,1,1,2,0,0,0,1,1,0,0,0,0,1,0,0,0,0,0,0,1,0,0,1,0,0,0,1,0,0,0,2,0,0,0,0,0,0,0,1,0,2,0,2,0,0,0,0,0,0,0,250,116
114,Male,0,6,730,24,2,2,2,2,2,2,2,2,2,2,2,2,2,2,1,2,2,2,2,2,2,0,2,2,2,2,2,2,2,2,2,0,2,2,2,2,2,0,2,0,0,2,2,0,2,0,2,2,2,2,2,2,2,2,2,2,2,2,2,2,0,0,0,0,0,0,0,0,0,0,0,0,0,0,0,0,0,0,0,0,0,0,0,0,0,0,0,0,0,0,0,0,0,0,0,0,0,0,0,0,0,0,0,0,0,0,0,0,0,0,0,0,0,0,0,0,0,0,0,0,0,0,0,0,0,0,0,0,0,0,0,0,0,0,0,0,0,0,0,0,0,0,0,0,0,0,0,0,0,0,0,0,0,0,0,0,0,0,0,0,0,0,0,0,0,0,0,0,0,0,0,0,0,0,0,0,0,0,0,0,0,0,0,0,0,0,0,0,0,0,0,0,0,0,0,0,0,0,0,0,0,0,0,0,0,0,0,0,0,0,0,0,0,0,0,0,0,0,0,0,0,0,0,0,0,0,0,0,0,0,0,0,0,0,0,0,0,0,0,0,0,0,0,0,0,0,0,0,0,0,0,0,0,0,0,0,0,0,0,0,0,0,0,0,0,0,0,0,0,0,0,0,0,0,0,0,0,0,0,0,0,0,0,0,0,0,0,0,0,0,0,0,0,0,0,0,0,0,0,0,0,0,0,0,0,0,0,0,0,0,0,0,0,0,0,0,0,0,0,0,0,0,0,0,0,0,0,0,0,0,0,0,0,0,0,0,0,0,0,0,0,0,0,0,0,0,0,0,0,0,0,0,0,0,0,0,0,0,0,0,0,0,0,0,0,0,0,0,0,0,0,0,0,0,0,0,0,0,0,0,0,0,0,0,0,0,0,0,0,0,0,0,0,0,0,0,0,0,0,0,0,0,0,0,0,0,0,0,0,0,0,0,0,0,0,0,0,0,53,52
116,Male,0,4,492,16.2,2,2,0,0,0,2,0,2,0,2,2,2,0,2,1,1,1,1,1,1,1,0,1,0,1,1,1,1,1,0,1,0,0,1,1,1,1,1,1,0,0,1,1,1,0,0,1,1,1,1,1,1,1,2,0,0,1,1,0,0,1,0,2,0,1,0,1,1,1,0,0,1,0,0,1,1,0,0,1,0,2,1,0,0,0,0,1,1,0,0,1,0,0,1,0,1,1,0,2,1,1,1,1,1,1,1,1,1,1,1,0,1,2,1,1,1,0,0,0,0,0,1,0,1,0,1,0,0,0,1,0,1,1,2,1,1,0,1,2,2,0,1,0,0,1,1,1,0,1,0,0,1,0,1,1,1,0,1,0,0,1,0,1,0,1,1,0,0,0,1,1,1,1,0,0,1,0,0,1,1,0,0,0,0,1,0,0,1,1,1,0,1,1,0,0,0,1,0,1,1,0,2,0,1,0,0,0,0,0,1,0,0,0,0,0,1,2,0,0,1,1,1,0,0,1,0,0,0,2,0,0,0,0,0,1,0,2,0,0,2,0,0,0,0,1,1,1,1,1,1,1,1,1,1,2,0,2,0,0,0,0,1,0,1,0,0,0,1,0,0,0,0,1,0,1,0,1,0,1,0,0,1,0,0,0,0,1,1,1,0,0,0,1,0,0,2,1,1,0,0,1,0,0,1,0,1,1,1,1,0,1,0,0,0,1,1,0,1,0,0,1,1,1,0,0,0,0,0,0,1,0,0,2,0,0,0,0,0,1,1,0,0,0,0,0,0,0,1,0,0,0,0,0,1,0,0,0,0,0,0,0,0,0,0,0,0,0,0,0,0,0,0,0,0,1,0,0,0,0,0,0,0,0,0,0,0,0,0,0,0,0,0,0,0,1,1,0,0,1,1,1,1,1,1,1,1,2,0,2,0,1,0,0,0,0,0,0,0,191,27
116,Male,0,4,562,18.5,2,2,0,0,2,2,2,2,0,2,2,2,0,2,1,2,2,1,2,1,1,2,1,0,2,1,2,2,1,0,1,0,0,1,1,2,2,1,1,0,0,1,1,1,1,0,2,1,2,2,1,1,2,2,1,0,1,2,2,0,2,2,2,2,1,0,2,2,2,2,2,2,1,0,2,1,2,0,2,2,2,2,0,0,0,0,1,2,2,2,1,0,0,2,1,2,1,2,2,2,1,1,1,2,2,2,2,1,2,2,2,2,2,1,1,1,0,1,1,0,1,2,1,1,1,1,0,0,1,2,0,1,2,2,2,1,2,1,2,2,0,2,2,0,1,1,1,0,1,0,0,1,0,2,1,1,0,1,2,0,2,0,1,2,1,2,0,1,1,2,1,2,1,0,1,2,0,0,1,2,1,1,1,2,2,1,1,2,1,2,1,2,1,2,0,0,2,0,2,1,1,2,0,1,0,2,2,0,0,1,0,1,1,0,0,1,2,0,2,2,1,1,1,0,2,0,0,0,2,0,1,1,0,0,2,2,2,0,2,2,0,0,0,0,2,1,2,1,1,2,2,1,1,2,2,0,2,0,2,0,0,1,0,2,0,0,0,1,0,0,1,0,2,0,1,0,2,0,2,0,1,1,1,0,1,0,1,1,2,0,1,2,1,1,1,2,2,1,0,0,1,0,0,2,0,2,1,1,1,0,1,0,0,1,1,2,1,1,1,1,2,2,1,0,0,1,1,1,0,1,1,0,2,1,0,0,0,0,1,2,2,2,1,0,1,0,0,1,0,0,0,0,1,1,0,0,0,0,0,0,0,0,0,0,0,1,2,1,1,1,0,0,1,0,1,1,0,0,0,0,0,0,0,0,0,0,0,0,0,0,1,0,0,0,1,1,1,0,1,1,1,1,1,1,2,1,2,0,2,0,1,0,0,0,0,0,0,1,274,128
116,Male,0,4,746,24.5,2,2,2,2,2,2,2,2,2,2,2,2,1,2,1,2,2,2,2,2,2,2,2,2,2,2,2,2,2,2,2,1,1,2,2,2,2,2,2,2,2,2,2,2,2,1,2,2,2,2,2,2,2,2,2,2,2,2,2,1,2,2,2,2,2,2,2,2,2,2,2,2,2,2,2,2,2,0,2,2,2,2,2,2,2,1,2,2,2,2,2,0,2,2,2,2,2,2,2,2,2,2,2,2,2,2,2,2,2,2,2,2,2,2,2,2,2,2,2,2,2,2,2,2,2,2,2,2,2,2,2,2,2,2,2,2,2,2,2,2,2,2,2,0,2,2,2,0,2,2,0,2,2,2,2,2,2,2,2,0,2,2,2,2,2,2,2,2,2,2,2,2,2,2,2,2,2,2,2,2,2,2,2,2,2,2,2,2,2,2,2,2,2,2,0,0,2,2,2,2,2,2,1,2,2,2,2,2,0,2,2,2,2,2,1,2,2,2,2,2,2,2,2,0,2,2,2,0,2,2,2,2,2,2,2,2,2,2,2,2,0,2,0,2,2,2,2,2,2,2,2,2,2,2,2,0,2,2,2,2,2,2,1,2,1,2,2,2,2,2,2,0,2,2,2,2,2,2,2,2,2,2,2,1,1,1,2,1,2,2,2,2,2,2,1,2,2,2,1,2,2,2,2,2,2,2,2,2,2,2,2,2,2,2,2,2,2,2,1,2,2,2,2,1,1,2,2,2,2,2,2,2,2,2,1,2,2,2,2,2,2,2,2,1,1,2,1,2,1,2,2,1,2,2,2,2,0,1,2,2,2,2,2,2,2,2,2,2,2,2,2,2,2,1,2,1,1,2,2,0,2,2,0,2,0,0,0,0,2,2,2,2,2,2,1,1,1,2,2,2,2,2,2,1,2,2,2,0,2,2,2,1,2,0,2,2,2,1,393,358
116,Male,0,4,1038,34.1,2,2,2,2,2,2,2,2,2,2,2,2,2,2,2,2,2,2,2,2,2,2,2,2,2,2,2,2,2,2,2,1,1,2,2,2,2,2,2,2,2,2,2,2,2,2,2,2,2,2,2,2,2,2,2,2,2,2,2,2,2,2,2,2,2,2,2,2,2,2,2,2,2,2,2,2,2,0,2,2,2,2,2,2,2,2,2,2,2,2,2,2,2,2,2,2,2,2,2,2,2,2,2,2,2,2,2,2,2,2,2,2,2,2,2,2,2,2,2,2,2,2,2,2,2,2,2,2,2,2,2,2,2,2,2,2,2,2,2,2,2,2,2,2,2,2,2,0,2,2,0,2,2,2,2,2,2,2,2,0,2,2,2,2,2,2,2,2,2,2,2,2,2,2,2,2,2,2,2,2,2,2,2,2,2,2,2,2,2,2,2,2,2,2,0,0,2,2,2,2,2,2,2,2,2,2,2,2,0,2,2,2,2,2,2,2,2,2,2,2,2,2,2,2,2,2,2,0,2,2,2,2,2,2,2,2,2,2,2,2,0,2,2,2,2,2,2,2,2,2,2,2,2,2,2,2,2,2,2,2,2,2,2,2,2,2,2,2,2,2,2,2,2,2,2,2,2,2,2,2,2,2,2,2,2,2,2,2,2,2,2,2,2,2,2,2,2,2,2,2,2,2,2,2,2,2,2,2,2,2,2,2,2,2,2,2,2,2,2,2,2,2,2,2,2,2,2,2,2,2,2,2,2,2,2,2,2,2,2,2,2,2,2,2,2,2,2,2,2,2,2,2,2,2,2,2,2,2,2,2,2,2,2,2,2,2,2,2,2,2,2,2,2,2,2,2,1,2,2,2,2,2,2,2,2,2,2,2,2,2,2,2,2,2,2,2,2,2,2,2,2,2,2,2,2,2,2,2,2,2,2,2,2,2,2,2,2,2,406,406
117,Male,0,7,317,10.4,0,0,0,0,0,0,0,0,0,0,0,0,0,0,0,0,0,0,0,0,0,0,0,0,1,0,0,0,0,0,0,0,0,0,0,0,0,0,0,0,0,0,0,0,0,0,0,0,0,0,0,0,0,0,0,0,0,0,0,0,0,0,0,0,0,0,0,0,0,0,0,0,0,0,0,0,0,0,0,0,0,1,0,0,0,0,1,0,0,0,0,0,0,0,1,0,0,0,0,0,0,0,0,0,0,0,0,0,0,0,0,0,0,0,0,0,0,0,0,0,0,0,0,0,0,1,0,0,0,0,0,0,0,0,1,0,1,0,0,0,0,0,0,0,0,0,0,0,0,0,0,0,0,0,0,0,0,0,0,0,0,0,0,0,0,0,0,0,0,0,0,0,0,0,0,0,0,0,0,0,0,1,0,0,0,0,0,0,0,0,0,0,0,0,0,1,0,0,0,0,0,0,0,0,0,0,0,0,0,0,0,0,0,0,0,0,0,0,0,0,0,0,0,0,0,0,0,0,1,0,0,0,0,0,0,0,0,0,0,1,0,0,0,0,1,0,1,0,0,1,0,0,0,0,0,0,0,0,1,0,0,0,0,0,0,0,0,0,0,0,0,0,0,0,0,0,0,0,0,0,0,0,0,0,0,0,0,0,0,0,0,0,0,0,0,0,0,0,0,0,0,0,0,0,0,0,0,0,0,0,0,0,0,0,0,0,0,0,0,0,0,0,0,0,0,0,0,0,0,0,0,0,1,0,0,0,0,0,0,0,0,0,0,0,0,0,0,0,0,0,0,0,0,0,0,0,0,0,0,0,0,0,0,0,0,0,0,0,0,0,0,0,0,0,1,0,0,0,0,0,0,0,0,0,0,0,0,0,0,0,0,0,0,0,0,0,0,0,0,0,0,0,0,0,0,0,0,0,0,0,0,0,0,0,0,0,0,0,17,0
117,Male,0,7,489,16.1,0,0,0,0,1,0,0,2,1,0,1,0,0,1,0,1,0,0,1,0,0,0,2,0,2,0,0,1,0,0,0,0,0,0,0,0,0,0,0,0,0,0,0,0,0,0,0,0,0,0,0,0,0,1,0,0,0,1,0,1,1,0,0,0,0,0,0,1,0,0,0,0,0,0,0,0,0,0,1,0,0,1,0,0,0,0,1,0,0,0,0,0,0,0,1,0,0,0,0,0,0,0,0,0,0,0,0,0,0,0,0,1,0,0,1,0,0,0,0,0,0,0,0,0,0,1,0,0,0,0,0,0,0,0,1,0,1,0,0,0,0,0,0,0,0,0,0,0,0,0,0,0,0,0,0,0,0,0,0,0,0,0,0,0,0,0,0,0,0,0,0,0,0,0,0,0,0,0,0,0,0,1,0,0,0,0,0,0,0,0,0,0,0,0,0,2,0,0,0,0,0,0,0,0,1,0,0,0,0,0,0,0,0,0,0,0,0,0,0,0,0,0,0,0,0,0,0,0,2,0,0,0,0,0,0,0,0,0,0,2,0,0,0,0,1,0,1,0,0,1,0,0,0,0,1,0,0,0,1,0,0,0,0,0,0,0,0,0,0,0,0,0,0,0,0,0,0,0,0,0,0,1,0,0,0,0,0,0,0,0,0,0,0,0,0,0,0,1,0,0,0,0,0,0,0,0,0,0,0,0,0,0,0,0,0,0,0,0,0,1,0,0,0,0,0,0,0,0,0,0,0,0,1,0,0,0,0,0,0,1,1,0,0,0,0,0,0,0,0,0,0,0,0,0,0,0,0,0,0,0,0,0,0,0,0,0,0,0,0,0,0,0,0,0,1,0,0,0,0,0,0,0,0,0,0,0,0,0,0,0,0,0,2,0,0,0,0,0,1,0,0,0,0,0,0,0,1,0,0,0,1,0,0,0,0,0,0,0,45,7
117,Male,0,7,545,17.9,0,0,0,0,1,0,1,2,2,2,1,0,0,2,0,1,0,0,1,1,0,0,2,0,2,0,0,1,0,0,0,0,0,0,0,0,0,0,0,0,0,0,0,0,0,0,0,0,0,1,0,1,1,1,0,0,0,1,0,1,2,0,0,0,0,0,0,1,0,0,0,0,0,0,0,0,0,0,1,0,0,1,0,0,0,0,1,0,0,0,0,0,0,0,1,0,0,0,1,0,0,0,1,0,0,0,0,1,0,0,0,1,0,1,1,0,0,0,0,0,0,1,0,0,0,1,0,0,0,1,0,0,0,0,1,0,1,0,0,0,0,1,0,0,0,0,0,0,0,0,0,0,0,0,0,0,0,0,0,0,0,0,0,0,0,0,0,0,0,0,0,0,0,0,0,0,0,0,0,0,0,1,0,0,0,0,0,0,0,0,0,0,0,0,0,2,0,0,0,0,0,0,0,0,1,0,0,0,0,0,0,0,0,0,0,0,0,0,0,1,1,0,0,0,0,0,0,0,2,0,0,0,0,0,0,0,0,0,0,2,0,0,0,0,1,1,1,1,0,1,2,0,0,0,1,0,1,1,1,0,1,0,0,0,0,0,0,0,0,0,0,0,1,0,1,0,0,0,1,0,0,1,0,0,0,0,0,1,0,0,0,0,0,0,0,0,0,1,0,0,0,0,0,1,0,0,0,0,0,0,0,0,0,0,0,1,0,1,0,1,0,0,0,0,0,0,0,0,0,0,0,0,1,0,0,0,0,0,0,1,1,0,0,0,0,0,0,0,0,0,0,0,0,0,0,0,0,0,0,0,0,0,0,0,0,1,0,0,0,0,0,0,0,0,1,0,0,0,0,0,0,0,0,0,0,0,0,0,0,0,0,0,2,0,0,0,0,0,1,0,0,0,0,0,0,0,1,0,0,0,2,0,0,0,0,0,0,0,74,13
117,Male,0,7,589,19.4,0,0,0,0,1,0,1,2,2,2,2,2,0,2,0,1,0,0,1,1,0,0,2,0,2,0,0,1,0,0,0,0,0,1,1,0,0,0,0,0,0,0,0,0,0,0,0,0,0,1,0,1,1,2,0,0,0,2,2,1,2,0,0,0,0,0,0,2,0,0,0,0,0,0,2,0,0,0,1,0,0,2,0,0,0,0,2,0,0,0,0,0,0,0,1,0,0,0,1,0,0,0,1,0,1,1,0,1,0,0,0,1,0,1,1,1,0,0,0,0,1,1,0,0,0,1,0,1,0,2,0,0,0,0,1,0,1,0,1,0,0,1,0,0,1,0,0,0,0,0,0,0,0,0,0,0,0,0,0,0,1,0,0,0,0,0,0,0,0,0,0,0,0,0,0,0,0,0,0,0,0,1,0,0,0,0,1,2,0,0,0,0,0,0,0,2,0,0,0,0,0,2,0,0,1,0,0,0,0,0,0,0,0,0,0,0,0,0,2,1,1,0,0,0,0,0,0,0,2,0,0,0,0,0,0,0,0,0,0,2,0,0,0,0,1,1,2,1,0,1,2,1,1,1,2,0,1,1,1,0,2,0,0,2,0,0,0,0,0,0,0,0,1,0,1,0,0,0,1,0,0,1,0,0,0,0,1,1,0,0,0,0,0,0,0,1,0,1,0,0,1,0,0,1,0,0,0,0,0,0,0,0,0,0,0,1,0,1,0,1,0,0,0,0,0,0,1,0,0,0,0,0,2,0,0,0,0,0,0,1,1,0,0,0,0,0,0,0,0,0,0,0,0,1,1,0,0,0,0,0,0,0,0,0,0,1,0,0,0,0,0,0,1,0,1,0,0,0,0,0,0,0,0,0,0,0,0,0,0,0,0,0,2,0,0,0,0,0,1,0,0,0,0,0,0,0,1,0,1,0,2,0,0,0,0,0,0,0,103,31
117,Male,0,7,627,20.6,2,0,0,0,1,2,1,2,2,2,2,2,0,2,0,2,0,0,2,1,1,0,2,0,2,0,1,1,0,0,0,0,0,1,1,1,0,0,1,0,0,1,0,0,0,0,2,0,2,1,0,1,1,2,1,0,0,2,2,1,2,2,0,1,1,0,2,2,0,1,0,2,0,0,2,0,0,0,1,2,0,2,0,0,1,0,2,0,0,1,0,0,0,2,1,0,0,0,1,1,0,0,1,0,1,1,1,1,1,0,0,1,1,1,1,2,0,1,1,0,1,1,0,0,0,2,0,1,0,2,0,1,0,0,1,0,1,0,1,0,1,1,0,0,1,0,1,0,0,0,0,1,0,0,0,0,0,0,0,0,1,0,0,0,0,1,0,0,0,0,0,0,1,0,0,0,0,0,0,0,0,1,1,0,2,0,1,2,0,0,1,0,0,0,0,2,2,0,0,0,0,2,0,0,1,0,0,2,0,0,0,0,0,0,0,0,0,0,2,1,1,2,0,0,2,0,0,0,2,0,0,0,0,0,0,2,1,0,2,2,2,0,0,0,1,1,2,1,0,1,2,1,1,1,2,0,1,2,1,0,2,0,0,2,2,0,0,1,1,0,0,0,1,0,1,0,0,0,1,0,0,1,0,0,0,0,1,1,2,0,0,1,0,0,0,1,0,1,0,0,1,0,0,1,0,0,0,0,1,0,0,1,0,0,1,1,1,1,1,1,0,0,0,0,0,1,1,1,1,0,0,0,2,1,0,0,0,0,0,1,1,0,1,0,0,0,0,1,0,0,0,0,1,1,1,0,0,0,0,0,0,0,0,0,0,1,0,0,0,0,0,0,1,0,1,0,0,0,0,0,0,0,0,0,0,0,0,0,0,0,0,0,2,0,0,0,0,0,1,0,0,0,0,0,0,0,1,0,1,0,2,0,0,0,0,0,0,0,163,55
117,Male,0,7,641,21.1,2,0,0,0,2,2,1,2,2,2,2,2,1,2,1,2,1,1,2,1,1,0,2,0,2,1,1,1,1,0,1,0,0,1,1,1,0,1,1,0,0,1,1,0,0,0,2,0,2,1,1,1,1,2,1,1,0,2,2,1,2,2,0,2,1,0,2,2,2,1,2,2,0,0,2,0,0,0,1,2,2,2,0,0,2,0,2,0,0,1,0,0,2,2,1,0,0,0,1,2,1,1,1,0,1,1,1,1,1,1,0,2,1,1,1,2,0,1,1,0,1,1,0,1,0,2,0,1,0,2,0,1,1,0,1,0,2,1,1,0,1,2,0,0,1,0,1,0,0,0,0,1,0,1,1,0,1,0,0,0,1,0,0,0,0,1,0,0,0,0,0,0,1,0,0,0,0,0,0,0,0,1,1,1,2,0,2,2,0,0,1,0,0,0,0,2,2,0,0,0,0,2,0,1,1,0,0,2,0,0,0,0,0,0,0,1,0,0,2,1,1,2,0,0,2,0,0,0,2,0,0,0,0,0,0,2,1,0,2,2,2,0,0,0,1,1,2,1,0,2,2,1,1,1,2,0,1,2,1,1,2,0,0,2,2,0,0,1,1,0,0,0,1,0,2,0,0,0,1,0,0,1,1,0,0,0,1,1,2,0,0,1,0,0,0,2,0,1,0,0,1,0,0,1,0,0,0,0,1,0,0,1,0,1,1,1,1,1,1,1,0,0,0,0,0,1,1,1,1,0,1,0,2,1,0,0,0,0,0,1,1,1,1,0,0,0,0,1,0,0,1,0,1,1,1,0,0,0,1,0,0,0,1,0,0,1,0,0,1,0,0,0,1,0,1,0,0,0,0,0,0,0,0,0,0,0,0,0,0,0,0,0,2,0,0,0,0,0,1,0,0,0,0,0,0,0,1,0,1,0,2,0,0,0,0,0,0,0,199,70
117,Male,0,7,750,24.7,2,1,0,1,2,2,2,2,2,2,2,2,2,2,2,2,2,2,2,1,2,0,2,0,2,2,2,2,2,0,2,0,0,2,2,2,0,2,2,0,2,2,1,2,2,0,2,2,2,2,2,2,2,2,2,1,0,2,2,1,2,2,0,2,2,2,2,2,2,2,2,2,0,2,2,0,2,0,2,2,2,2,1,0,2,0,2,2,2,2,0,2,2,2,2,2,1,1,2,2,2,2,2,1,1,2,2,2,2,2,0,2,2,2,2,2,2,2,2,0,2,2,2,2,2,2,2,2,0,2,0,2,2,0,2,2,2,2,2,2,2,2,1,2,1,2,2,0,2,1,0,2,2,2,2,2,2,0,0,0,2,2,2,2,0,1,0,0,2,0,0,0,1,0,0,2,0,2,0,1,2,2,2,2,2,2,2,2,2,0,2,2,0,2,0,2,2,0,0,2,0,2,0,2,2,0,0,2,0,2,2,0,0,2,0,2,2,2,2,2,2,2,2,0,2,2,0,0,2,2,2,0,0,0,2,2,2,2,2,2,2,2,0,0,2,2,2,2,2,2,2,2,1,2,2,0,2,2,2,2,2,0,0,2,2,2,2,1,2,0,0,1,1,1,2,1,1,2,2,2,2,2,2,0,1,0,1,1,2,0,0,2,1,0,0,2,1,2,0,2,2,2,0,2,2,0,0,0,1,0,1,1,1,1,1,2,1,2,1,2,2,0,0,0,0,2,2,2,2,2,2,0,2,2,0,2,2,2,2,1,2,2,2,0,1,1,0,2,0,2,1,0,2,1,1,2,0,2,1,0,1,2,2,0,0,2,2,0,2,2,2,0,1,0,1,0,0,2,0,0,2,0,0,0,0,0,0,0,0,0,2,2,2,2,2,0,2,2,2,0,0,2,2,2,0,0,2,0,2,0,2,0,0,2,0,0,0,0,300,253
119,Female,0,3,498,16.4,2,1,0,1,1,1,2,1,2,2,2,1,1,1,1,1,1,1,2,0,1,0,2,0,1,0,1,0,1,0,1,0,0,0,0,0,0,0,1,0,0,0,1,0,0,0,0,0,0,1,0,0,0,2,0,1,0,2,1,1,1,1,2,1,1,1,1,2,1,1,1,1,1,1,2,1,1,1,1,1,1,1,1,1,1,0,1,1,1,1,0,0,1,1,1,1,0,0,1,1,1,1,1,1,1,1,1,1,1,1,0,1,1,1,1,1,0,0,2,1,1,1,0,0,0,1,1,1,0,2,0,1,1,1,2,1,1,1,1,1,1,1,0,0,1,1,1,0,1,1,0,1,1,1,1,1,1,0,0,0,1,1,1,0,0,1,0,0,0,1,0,1,1,0,0,0,0,0,0,0,1,1,0,0,1,1,0,1,1,1,1,1,0,1,1,0,1,0,0,1,0,1,1,1,1,0,0,0,0,1,1,0,0,0,0,1,0,0,1,1,1,1,0,0,2,0,0,1,2,0,0,0,0,1,0,0,0,0,0,1,2,0,0,0,2,1,2,1,1,1,2,1,1,0,1,0,2,2,2,1,1,1,0,2,1,1,0,1,0,0,0,1,0,1,1,1,1,1,1,0,1,1,1,1,1,0,1,1,1,0,0,1,0,1,1,0,0,0,0,0,1,2,0,2,1,1,1,0,1,0,1,0,0,0,1,1,1,1,1,1,1,0,0,0,0,1,1,1,1,1,1,0,1,1,0,0,0,1,1,1,0,0,1,0,1,0,0,1,1,0,1,0,1,1,1,0,0,0,1,0,1,0,0,0,0,1,0,1,1,1,0,0,0,0,1,1,0,0,1,1,1,1,0,0,0,0,0,0,0,0,0,0,0,0,0,0,0,0,1,1,0,1,1,1,0,0,1,1,1,0,1,0,0,0,0,0,1,1,244,27
119,Female,0,3,534,17.6,2,2,0,2,2,2,2,1,2,2,2,2,1,2,2,2,1,1,2,0,1,1,2,1,2,1,2,2,1,2,1,1,0,1,1,0,2,0,2,0,1,1,1,1,1,0,1,1,1,1,0,0,1,2,0,1,0,2,1,1,2,1,2,2,2,2,2,2,2,1,1,1,1,1,2,1,1,1,1,1,2,2,1,1,2,1,2,1,1,2,0,1,2,1,1,1,1,2,1,2,1,1,2,1,1,1,2,2,1,1,1,2,2,1,1,2,2,0,2,1,1,1,1,1,1,1,1,1,0,2,0,1,1,1,2,1,2,1,2,1,2,2,0,0,1,1,1,0,2,1,0,1,1,2,2,1,1,0,0,1,1,1,1,0,1,1,0,0,2,1,1,1,1,0,0,1,1,1,0,1,1,1,1,1,1,1,1,1,1,1,1,1,0,2,1,1,1,1,0,1,0,1,1,1,1,1,0,1,1,1,1,0,1,1,1,1,1,1,1,1,1,1,1,0,2,0,0,1,2,1,1,0,0,1,0,1,1,0,0,1,2,0,0,0,2,1,2,1,1,1,2,1,1,0,1,0,2,2,2,1,1,1,0,2,1,1,0,1,0,0,0,1,0,1,1,1,1,1,1,0,1,1,1,1,1,0,1,1,1,0,0,1,0,1,1,0,0,0,0,0,1,2,0,2,1,1,1,1,1,0,1,1,0,1,1,1,1,1,1,1,1,0,1,1,1,1,1,1,1,1,1,1,1,1,1,1,0,1,1,1,1,1,1,1,1,1,0,1,1,0,1,1,1,1,1,1,1,1,1,0,1,0,1,0,1,1,1,1,1,1,0,0,1,0,1,1,0,0,1,1,1,1,0,0,0,0,0,0,0,0,0,0,0,0,0,0,0,0,1,1,0,1,1,1,0,0,1,1,1,0,1,0,0,0,0,0,1,1,317,71
119,Female,0,3,778,25.6,2,2,0,2,2,2,2,2,2,2,2,2,2,2,2,2,2,2,2,2,2,2,2,2,2,2,2,2,2,2,2,2,2,2,2,2,2,2,2,2,2,2,2,2,2,2,2,2,2,2,2,2,2,2,2,2,2,2,2,2,2,2,2,2,2,2,2,2,2,2,2,2,2,2,2,2,2,2,2,2,2,2,2,2,2,2,2,2,2,2,2,2,2,2,2,2,2,2,2,2,2,2,2,2,2,2,2,2,2,2,2,2,2,2,2,2,2,2,2,2,2,2,2,2,2,2,2,2,2,2,2,2,2,2,2,2,2,2,2,2,2,2,2,2,2,2,2,0,2,2,0,2,2,2,2,2,2,2,2,2,2,2,2,2,2,2,2,2,2,2,2,2,2,2,2,2,2,2,2,2,2,2,2,2,2,2,2,2,2,2,2,2,2,2,2,2,2,2,2,2,2,2,2,2,2,2,2,2,2,2,2,2,2,2,2,2,2,2,2,2,2,2,2,2,2,2,2,2,2,2,2,2,2,2,2,2,2,2,2,2,2,2,2,2,2,2,2,2,2,2,2,2,2,2,2,2,2,2,2,2,2,2,2,2,2,2,2,2,2,2,2,2,2,2,2,2,2,2,2,2,2,2,2,2,2,2,2,2,2,2,2,2,2,2,2,2,2,2,2,2,2,2,2,2,2,2,2,2,2,2,2,2,2,2,2,2,2,2,2,2,2,2,2,2,2,2,2,2,2,2,2,2,2,2,2,2,0,2,2,2,2,2,2,2,2,2,2,2,2,0,2,2,2,2,2,2,2,2,2,2,2,0,2,2,2,2,2,2,2,2,0,2,2,2,2,2,0,2,2,2,2,2,2,2,2,2,2,2,2,2,2,2,2,2,2,2,2,2,2,2,2,2,2,2,2,2,2,2,2,2,2,2,2,2,2,2,2,2,410,410
123,Female,0,4,461,15.2,0,0,0,0,0,0,0,0,0,0,0,2,0,0,0,0,0,0,1,1,0,0,1,0,0,0,1,0,0,0,0,0,0,0,0,0,0,0,0,0,0,0,0,0,0,0,0,0,0,1,0,0,1,1,0,1,1,2,1,0,2,1,1,0,1,1,1,2,1,1,0,1,1,0,1,0,0,0,1,1,1,1,1,0,2,0,2,1,0,1,0,0,0,0,0,0,0,0,0,0,0,0,1,0,0,1,1,0,0,0,0,0,0,0,1,0,0,0,1,1,0,1,0,0,0,1,1,0,0,2,0,1,0,0,1,1,1,1,1,1,0,1,0,0,1,1,1,0,0,0,0,1,0,1,1,0,0,0,0,1,1,1,1,0,0,1,0,0,0,0,0,1,1,0,0,0,0,0,0,1,0,1,0,0,0,1,1,1,0,0,0,0,0,0,0,0,0,0,0,0,0,1,0,0,0,0,0,0,0,0,0,0,0,0,0,0,0,0,0,0,1,0,0,0,0,0,0,0,2,0,0,0,0,0,0,0,0,0,0,2,2,0,0,0,1,1,0,0,0,1,0,0,0,0,1,0,0,0,0,0,0,0,0,1,0,0,0,1,0,0,0,0,0,0,0,0,1,0,1,0,1,1,0,0,0,0,0,1,1,0,0,0,0,0,0,0,1,0,0,0,1,0,0,0,0,0,0,0,0,0,0,0,0,0,0,0,0,0,0,1,0,1,0,0,0,0,0,0,0,0,0,0,1,0,0,0,0,0,1,0,0,0,0,0,0,0,0,1,0,0,0,0,0,0,0,0,0,0,0,0,0,0,0,0,0,0,0,0,0,0,0,0,0,0,1,0,0,0,0,0,0,0,0,0,0,0,0,0,0,0,0,0,0,0,0,0,0,0,0,0,0,0,0,0,0,0,0,0,0,0,0,0,0,0,0,0,0,0,94,10
123,Female,0,4,483,15.9,0,0,0,0,0,0,0,0,0,0,1,1,0,0,0,1,0,1,1,1,1,0,1,0,1,0,2,0,0,0,1,0,0,0,0,0,0,0,0,0,0,1,0,0,0,0,0,0,0,1,0,0,1,1,0,1,1,2,1,0,2,1,1,0,1,1,1,2,1,1,0,1,1,0,1,0,0,0,1,1,1,1,1,0,2,0,2,1,0,1,0,0,0,0,0,0,0,0,1,1,1,1,1,1,0,1,1,1,0,0,0,0,0,1,1,0,1,0,1,1,0,1,0,0,0,1,1,0,0,2,0,1,0,0,1,1,1,1,1,1,0,1,0,0,1,1,1,0,0,0,0,1,0,1,1,1,0,0,0,1,1,1,1,0,0,1,0,0,0,0,0,1,1,0,0,0,0,0,1,1,0,1,0,0,1,1,1,1,0,0,0,0,0,1,0,0,0,0,0,1,0,1,0,1,0,0,0,0,0,0,0,1,0,1,0,0,0,0,0,1,1,0,0,0,1,0,0,0,2,0,0,0,0,0,0,0,0,0,0,2,2,0,0,0,1,1,0,0,0,1,0,0,0,0,1,0,1,0,0,0,1,0,0,1,0,1,0,1,0,0,0,0,0,0,0,0,1,0,1,0,1,1,0,0,0,0,0,1,1,0,0,0,0,0,0,0,1,1,0,0,1,0,0,0,0,0,0,0,0,0,0,0,0,0,0,1,0,0,0,1,0,1,0,0,0,0,1,1,0,0,0,0,1,0,0,0,0,0,1,0,0,0,0,0,0,0,0,1,0,0,0,0,0,0,0,0,0,0,0,0,0,0,0,0,0,0,0,0,0,0,0,0,0,0,1,0,0,0,0,0,0,0,0,0,0,0,0,0,0,0,0,0,0,0,0,0,0,0,0,0,0,1,1,0,0,0,0,0,0,0,0,0,0,0,0,0,0,0,128,10
123,Female,0,4,553,18.2,1,2,1,2,1,1,2,2,2,1,2,2,1,2,1,1,1,1,2,1,2,0,1,0,2,1,2,1,1,0,1,1,0,0,1,0,0,1,1,0,1,1,1,0,0,0,1,1,1,1,0,0,1,1,0,1,1,2,1,0,2,2,1,1,2,1,2,2,1,1,0,1,1,1,1,0,1,0,1,1,2,1,1,1,2,0,2,1,1,1,0,0,0,1,1,1,1,1,1,1,1,1,1,1,2,1,1,1,1,1,0,1,1,1,1,1,1,0,2,1,1,1,1,1,1,2,1,1,1,2,0,1,1,0,1,1,1,1,1,1,0,1,0,0,1,1,1,0,0,0,0,1,1,1,1,1,1,0,1,1,1,1,1,1,0,1,0,0,1,0,1,1,1,0,1,1,0,0,1,1,0,1,0,0,1,1,1,1,1,0,1,0,0,1,0,0,1,0,0,1,0,1,0,1,0,0,0,1,0,0,1,1,1,1,0,0,0,1,1,1,1,1,0,0,1,0,1,0,2,0,0,1,0,0,0,1,0,0,0,2,2,1,0,0,1,1,2,1,1,1,2,1,1,1,1,0,2,1,2,0,2,1,1,1,0,1,0,1,1,0,0,0,1,0,1,0,1,0,1,0,1,1,0,0,1,0,0,1,1,0,0,0,0,1,0,1,1,1,0,1,1,0,0,1,1,0,0,0,0,0,0,1,0,0,0,1,0,1,1,1,0,1,1,0,0,0,1,1,0,0,0,0,1,0,0,0,0,0,1,0,0,0,2,0,0,0,0,1,0,0,1,0,0,1,0,0,0,1,0,0,1,0,0,0,0,0,0,0,0,1,0,0,0,0,1,1,0,0,0,0,0,0,0,0,0,0,0,0,0,1,0,0,0,0,0,0,0,0,1,0,0,1,1,1,0,0,0,0,0,0,0,0,0,0,0,0,0,0,232,34
123,Female,0,4,601,19.8,2,2,2,2,2,2,2,2,2,1,2,2,1,2,2,2,1,2,2,2,2,0,2,0,2,1,2,2,1,0,2,1,0,1,1,1,0,1,1,1,1,1,1,0,0,0,2,2,2,1,0,1,1,2,0,1,1,2,2,1,2,2,2,1,2,1,2,2,2,1,0,1,1,1,1,1,1,0,1,1,2,1,1,1,2,0,2,2,2,1,0,0,1,1,1,1,1,1,1,1,1,1,2,1,2,2,1,1,1,1,0,2,1,1,1,1,2,0,2,1,1,1,1,1,1,2,1,1,1,2,0,1,2,0,2,1,1,1,1,1,0,1,0,0,1,1,1,0,0,0,0,1,1,1,1,2,1,0,2,1,2,1,2,1,1,1,0,2,1,0,2,1,2,0,1,1,0,0,2,2,1,1,0,0,1,1,1,2,1,0,1,0,0,2,0,0,1,0,0,1,0,1,0,1,0,0,0,1,0,0,1,1,1,1,0,0,1,1,1,1,1,1,0,0,1,2,1,0,2,0,0,1,0,0,2,1,0,1,1,2,2,1,0,0,2,1,2,1,1,2,2,1,1,1,2,0,2,1,2,0,2,1,1,2,0,1,0,1,1,1,1,1,1,1,1,0,1,1,1,0,1,1,1,1,1,1,1,1,1,0,0,2,0,1,0,1,1,2,0,1,1,1,0,1,1,0,0,0,1,0,0,1,0,1,0,1,1,1,1,1,1,1,1,1,0,0,1,1,1,1,1,0,1,1,0,0,1,1,1,1,0,2,2,0,0,0,0,1,0,1,1,0,2,1,0,1,0,1,1,0,1,1,0,0,0,1,0,1,1,1,2,0,0,0,1,1,0,0,1,0,1,0,0,0,0,0,0,0,0,1,2,0,0,0,0,0,0,0,1,0,0,1,1,1,0,1,1,1,0,0,2,1,0,0,0,0,0,1,289,84
125,Female,0,2,527,17.3,0,0,0,0,2,2,0,0,2,0,0,2,0,0,0,0,0,0,1,0,1,0,2,0,1,0,2,0,0,0,0,0,0,0,0,0,0,0,0,0,0,0,0,0,0,0,0,0,0,1,0,0,0,2,0,1,0,1,0,0,1,2,1,1,1,1,1,1,1,0,0,0,0,1,1,0,0,0,1,0,2,1,0,0,0,0,1,0,0,0,0,0,0,0,1,0,1,0,0,0,0,1,1,0,0,1,1,1,0,1,0,0,0,1,0,1,0,0,0,0,0,1,1,0,0,1,0,0,0,1,1,0,0,0,0,1,1,0,0,0,1,1,1,0,1,1,0,0,0,0,0,0,0,0,1,1,0,0,0,0,0,0,0,0,0,0,0,0,0,0,0,0,0,0,0,0,0,0,0,0,0,1,0,0,0,0,0,1,0,0,0,0,0,0,0,1,0,0,0,1,0,0,0,0,1,0,0,0,0,0,0,0,0,0,0,1,0,0,0,1,1,1,0,0,1,0,0,0,2,0,0,0,0,0,0,1,1,0,0,1,1,0,0,0,1,1,1,1,0,0,0,1,0,1,0,0,1,0,0,0,0,1,0,0,0,0,0,0,0,0,0,0,0,0,0,0,0,0,0,0,0,1,0,1,0,1,0,0,0,0,0,0,0,0,0,0,0,1,0,0,1,0,0,0,1,0,1,0,0,0,0,0,0,0,0,0,0,0,0,0,0,0,0,0,0,1,0,1,0,0,0,0,0,0,0,0,0,0,0,0,0,0,0,0,0,0,0,1,0,0,0,0,0,0,0,0,0,0,0,0,0,0,0,0,0,0,0,0,0,0,0,0,0,0,0,0,0,0,0,0,0,0,0,0,0,0,0,0,0,0,0,0,0,0,0,0,0,0,0,0,0,0,0,0,0,0,0,0,0,0,0,0,0,0,0,0,0,0,85,10
125,Female,0,2,549,18,0,0,0,0,1,1,0,0,2,0,0,2,0,0,0,0,0,0,2,0,1,0,2,0,1,0,2,0,0,0,0,0,0,0,0,0,0,0,0,0,0,0,0,0,0,0,0,0,0,1,0,0,0,2,0,1,0,1,1,1,1,2,1,0,1,1,1,1,1,1,1,0,0,1,1,0,1,0,1,0,2,1,0,1,2,0,1,0,0,0,0,0,0,1,1,1,1,0,0,0,0,1,1,0,1,1,1,1,0,1,0,0,1,1,1,1,0,0,1,0,0,1,1,0,0,1,0,1,0,1,1,1,0,0,1,1,1,0,1,0,1,1,1,0,1,1,1,0,1,0,0,1,1,1,1,1,1,0,0,0,0,0,0,0,0,0,0,0,0,0,0,0,0,0,0,0,0,0,0,0,0,1,0,0,1,1,0,1,0,0,1,0,0,0,0,1,0,0,0,1,0,0,0,0,1,0,0,0,0,1,0,0,0,0,0,1,0,0,1,1,1,1,0,0,1,0,0,0,2,0,0,0,0,1,0,1,1,0,0,2,1,0,0,0,1,1,1,1,0,0,2,1,1,1,2,0,1,1,0,1,1,1,0,1,1,0,0,1,0,0,1,0,1,1,1,0,1,0,1,0,0,1,1,1,0,1,1,1,0,0,0,1,0,1,0,0,0,1,0,0,1,0,0,0,1,0,1,0,0,0,0,0,0,0,0,0,0,0,0,1,1,0,0,0,0,1,1,1,1,0,1,0,1,0,0,1,0,0,1,1,0,0,1,1,0,0,0,1,1,0,0,0,0,1,0,0,0,0,1,0,1,0,0,0,0,0,1,1,1,0,0,0,0,0,0,0,0,0,0,0,0,0,0,0,0,0,0,0,0,0,0,0,0,0,0,0,0,0,0,0,0,0,0,0,0,0,0,0,0,0,0,0,0,0,0,0,0,0,151,13
127,Female,0,3,263,8.6,2,0,0,0,0,0,0,0,0,0,0,0,0,0,0,0,0,0,0,0,0,0,0,0,0,0,0,0,0,0,0,0,0,0,0,0,0,0,0,0,0,0,0,0,0,0,0,0,0,0,0,0,0,0,0,0,0,0,0,0,0,0,0,0,0,0,0,0,0,0,0,0,0,0,0,0,0,0,0,0,0,0,0,0,0,0,0,0,0,0,0,0,0,0,0,0,0,0,0,0,0,0,0,0,0,0,0,0,0,0,0,0,0,0,0,0,0,0,0,0,0,0,0,0,0,0,0,0,0,0,0,0,0,0,0,0,0,0,0,0,0,0,0,0,0,0,0,0,0,0,0,0,0,0,0,0,0,0,0,0,0,0,0,0,0,0,0,0,0,0,0,0,0,0,0,0,0,0,0,0,0,0,0,0,0,0,0,0,0,0,0,0,0,0,0,0,0,0,0,0,0,0,0,0,0,0,0,0,0,0,0,0,0,0,0,0,0,0,0,0,0,0,0,0,0,0,0,0,0,0,0,0,0,0,0,0,0,0,0,0,0,0,0,0,0,0,0,0,0,0,0,0,0,0,0,0,0,0,0,0,0,0,0,0,0,0,0,0,0,0,0,0,0,0,0,0,0,0,0,0,0,0,0,0,0,0,0,0,0,0,0,0,0,0,0,0,0,0,0,0,0,0,0,0,0,0,0,0,0,0,0,0,0,0,0,0,0,0,0,0,0,0,0,0,0,0,0,0,0,0,0,0,0,0,0,0,0,0,0,0,0,0,0,0,0,0,0,0,0,0,0,0,0,0,0,0,0,0,0,0,0,0,0,0,0,0,0,0,0,0,0,0,0,0,0,0,0,0,0,0,0,0,0,0,0,0,0,0,0,0,0,0,0,0,0,0,0,0,0,0,0,0,0,0,0,0,0,0,0,0,0,0,0,0,0,0,0,0,0,1
127,Female,0,3,602,19.8,2,0,0,0,2,2,1,1,2,2,1,0,0,2,1,1,1,1,2,0,1,0,2,0,2,1,0,0,0,0,0,0,0,1,0,0,1,1,2,0,0,1,0,0,0,0,2,0,0,1,0,0,0,2,0,1,0,2,0,0,1,1,0,0,0,1,1,1,2,1,0,0,1,0,2,0,0,0,0,1,0,1,0,0,0,0,1,0,0,0,0,0,1,2,1,1,1,0,1,1,0,1,1,1,1,1,1,1,0,0,1,1,1,1,0,2,0,0,1,0,1,1,0,0,0,1,0,1,0,2,0,1,0,0,1,0,1,0,1,0,1,1,0,0,1,1,0,0,1,1,0,0,0,2,1,1,0,2,1,0,0,1,0,0,0,1,0,0,0,0,0,1,2,0,0,1,0,0,0,1,0,1,0,0,1,0,0,0,0,0,1,0,0,0,0,0,0,0,0,0,0,2,0,0,1,0,0,0,0,0,0,0,0,0,0,0,0,0,1,1,1,0,0,0,0,0,0,0,2,0,0,0,0,0,0,1,1,0,0,1,0,0,0,0,1,1,1,1,1,2,0,1,1,1,2,0,1,2,0,1,2,1,1,2,0,1,0,1,0,0,1,0,1,0,1,0,1,0,1,0,0,1,0,0,1,0,1,1,0,0,0,1,0,0,0,1,0,1,0,1,1,0,0,1,1,0,0,0,0,0,0,1,0,1,1,1,0,1,0,1,1,0,0,0,0,1,0,0,1,0,1,0,1,0,0,0,0,0,1,0,1,0,0,0,0,0,0,1,1,0,0,0,0,1,1,0,0,0,0,0,0,0,0,0,0,0,0,0,0,0,0,0,0,0,1,0,0,0,1,0,0,0,0,0,0,0,0,0,0,0,0,0,0,0,0,0,0,0,1,0,0,1,1,0,0,1,0,0,2,0,0,0,0,0,0,0,0,0,157,29
127,Female,0,3,813,26.7,2,2,0,2,2,2,1,2,2,2,2,1,1,2,2,2,2,2,2,2,2,0,2,1,2,2,2,2,2,1,1,0,0,2,1,1,2,2,2,1,0,2,0,1,1,0,2,2,2,2,2,2,2,2,1,2,2,2,2,1,2,2,2,0,2,2,2,2,2,2,2,2,2,0,2,2,0,0,1,2,2,1,1,0,2,0,2,2,1,2,1,0,2,2,2,1,1,1,2,2,1,1,1,1,2,2,2,2,2,1,1,2,2,1,1,2,2,0,2,2,1,2,0,0,2,2,0,2,0,2,0,2,0,1,2,1,2,1,1,1,1,2,1,0,1,2,2,0,1,2,0,0,0,2,1,1,1,2,1,0,1,2,2,2,2,2,1,1,2,1,1,2,2,0,0,2,0,2,2,2,0,2,2,0,1,0,1,2,1,0,1,0,0,1,0,0,2,1,0,1,0,2,0,2,1,0,2,0,0,1,1,0,2,0,0,1,0,1,2,2,1,0,2,2,2,2,0,0,2,0,2,0,0,0,2,2,2,2,2,2,0,0,0,2,2,2,2,2,1,2,0,2,2,2,2,0,1,2,1,1,2,2,2,2,0,1,0,1,0,1,2,0,1,0,2,0,1,2,2,1,0,1,1,0,1,1,1,1,0,2,0,2,2,1,1,2,1,2,0,2,2,0,2,2,2,0,1,0,2,0,2,1,0,1,1,1,2,2,0,2,1,1,1,0,0,1,0,2,2,2,1,0,2,0,0,2,1,0,1,2,1,2,0,1,0,0,0,1,1,1,2,0,2,1,1,0,0,1,0,0,0,1,2,1,2,0,0,1,1,2,1,0,0,0,1,1,0,2,2,2,2,2,0,0,0,0,0,0,1,2,2,0,2,2,0,0,2,2,2,2,0,2,2,0,2,1,1,0,2,0,2,0,0,0,0,0,0,0,298,188
132,Female,0,2,529,17.4,2,0,2,2,2,2,0,2,2,2,2,2,2,2,2,2,2,1,2,1,2,2,2,2,2,1,2,2,2,1,2,2,1,2,2,2,2,2,2,0,2,2,2,2,2,1,2,0,2,2,0,0,0,2,0,1,2,2,2,2,2,2,1,2,2,0,2,2,2,2,0,2,2,0,2,0,0,0,2,2,2,1,1,0,0,0,2,2,2,2,0,0,2,2,2,2,2,2,2,2,1,2,2,1,2,2,2,2,2,2,0,2,2,2,2,2,2,2,2,2,2,2,0,2,2,1,2,2,2,2,0,2,2,2,2,1,2,1,2,1,2,2,0,0,0,2,1,0,0,1,0,1,2,2,2,0,2,2,0,0,2,0,2,2,0,0,0,0,2,0,2,2,0,0,0,2,0,0,0,2,0,2,2,0,2,2,1,2,2,0,2,2,0,2,0,0,2,0,0,0,2,2,2,2,2,0,0,2,0,0,0,2,1,0,0,0,0,0,2,2,1,2,2,0,2,2,0,1,2,0,0,0,0,0,2,0,0,2,2,2,0,2,2,0,2,2,2,2,0,2,0,2,2,2,2,0,2,2,2,2,0,0,2,2,2,0,0,1,2,0,0,0,2,1,2,2,2,0,2,0,2,2,2,0,1,1,1,1,1,1,0,1,0,2,0,2,0,2,0,0,2,0,0,1,2,0,0,0,2,2,0,0,0,1,0,0,0,2,0,0,1,0,0,0,0,0,1,2,2,2,2,0,2,2,0,1,2,0,1,2,2,1,1,1,1,0,0,2,0,2,2,0,2,1,0,0,0,0,2,0,2,2,2,0,0,2,0,1,2,2,2,0,0,0,0,0,0,0,0,0,0,0,0,0,0,0,0,0,0,0,0,0,0,0,0,0,0,2,2,1,0,2,2,2,0,0,2,0,2,1,2,0,0,1,0,0,0,0,257,210
132,Female,0,2,558,18.3,2,0,2,2,2,2,0,2,2,2,2,2,2,2,2,2,2,1,2,2,2,2,2,2,2,1,2,2,2,2,2,2,2,2,2,2,2,2,2,0,2,2,2,2,2,2,2,2,2,2,0,0,2,2,0,1,2,2,2,2,2,2,2,2,2,2,2,2,2,2,0,2,2,0,2,0,0,0,2,2,2,2,1,2,0,0,2,2,2,2,0,0,2,2,2,2,2,2,2,2,2,2,2,1,2,2,2,2,2,2,0,2,2,2,2,2,2,2,2,2,2,2,2,2,2,2,2,2,2,2,0,2,2,2,2,2,2,2,2,1,2,2,0,0,2,2,1,0,0,2,0,2,2,2,2,0,2,2,0,0,2,2,2,2,2,0,2,0,2,0,2,2,2,0,0,2,0,2,2,2,0,2,2,0,2,2,2,2,2,0,2,2,0,2,0,0,2,0,0,1,2,2,2,2,2,0,0,2,0,2,0,2,2,0,0,2,0,0,2,2,2,2,2,0,2,2,2,1,2,0,0,0,0,2,2,0,0,2,2,2,0,2,2,0,2,2,2,2,2,2,2,2,2,2,2,0,2,2,2,2,0,0,2,2,2,0,0,1,2,0,2,0,2,2,2,2,2,0,2,0,2,2,2,1,1,2,1,1,2,1,0,2,0,2,0,2,2,2,0,2,2,0,0,2,2,0,0,2,2,2,0,0,2,1,0,2,1,2,2,2,1,0,2,0,0,2,1,2,2,2,2,0,2,2,0,1,2,0,2,2,2,2,2,2,2,2,0,2,2,2,2,0,2,2,0,2,0,0,2,0,2,2,2,0,0,2,2,2,2,2,2,0,0,0,0,0,0,0,2,0,0,0,0,0,0,0,0,0,0,0,0,0,0,0,0,0,0,2,2,2,0,2,2,2,0,0,2,0,2,1,2,0,2,1,0,0,2,0,295,273
133,Male,0,4,493,16.2,2,2,1,2,1,1,1,1,2,2,1,2,1,0,1,1,1,0,1,0,1,0,2,0,1,0,1,0,1,0,0,1,1,1,1,0,0,0,2,0,0,0,0,0,1,0,0,0,0,1,0,0,1,1,1,1,1,2,1,0,1,2,1,0,1,1,1,1,1,0,0,1,1,0,1,1,1,0,1,0,1,1,1,1,1,0,1,1,0,1,1,1,0,1,1,1,1,0,1,1,0,1,1,0,1,1,1,1,1,1,0,1,0,1,1,1,0,0,1,0,0,1,1,0,1,1,1,0,0,1,0,1,1,0,1,1,1,1,1,0,0,1,0,0,1,0,0,0,0,0,0,1,0,1,1,0,0,0,0,0,0,0,0,0,0,0,0,0,1,0,0,0,0,0,0,0,0,0,0,0,0,1,1,0,1,1,1,0,0,1,1,1,0,1,0,0,1,0,1,0,0,1,0,1,0,0,0,0,1,1,0,0,0,0,0,0,0,0,1,1,1,1,0,0,1,0,0,0,2,0,0,0,0,1,0,0,2,0,0,2,2,0,0,0,0,1,2,1,0,2,2,2,0,2,2,1,1,2,1,1,2,0,0,1,0,1,0,0,0,0,1,2,0,0,1,0,1,1,1,0,1,1,0,0,0,0,1,1,1,0,0,0,1,1,0,0,0,1,0,0,1,1,0,1,1,1,1,1,0,0,0,0,0,1,0,0,0,0,0,0,1,0,0,0,0,1,1,1,1,0,0,0,1,0,0,0,0,0,1,0,0,0,0,0,0,0,0,0,1,0,0,0,0,1,0,0,0,0,0,0,0,0,0,0,0,0,0,0,0,0,0,0,0,0,0,0,0,0,0,1,1,0,0,0,0,0,0,0,0,0,0,0,0,0,1,0,0,0,0,0,0,1,1,0,0,0,1,0,0,0,0,0,0,0,0,0,0,0,176,23
133,Male,0,4,531,17.5,2,2,1,2,1,1,1,1,2,2,1,2,1,0,1,1,1,0,1,0,1,0,2,0,1,0,1,0,1,0,0,1,1,1,1,0,0,0,2,0,0,0,0,0,1,0,0,0,0,1,0,0,1,1,1,1,1,2,1,0,1,2,1,0,1,1,1,1,1,0,0,1,1,0,1,1,1,0,1,0,1,1,1,1,1,0,1,1,0,1,1,1,0,1,1,1,1,0,1,1,0,1,1,0,1,1,1,1,1,1,0,1,0,1,1,1,0,0,1,0,0,1,1,0,1,1,1,0,0,1,0,1,1,0,1,1,1,1,1,0,0,1,0,0,1,0,0,0,0,0,0,1,0,1,1,0,0,0,0,0,0,0,0,0,0,0,0,0,1,0,0,0,0,0,0,0,0,0,0,0,0,1,1,0,1,1,1,0,0,1,1,1,0,1,0,0,1,0,1,0,0,1,0,1,0,0,0,0,1,1,0,0,0,0,0,0,0,0,1,1,1,1,0,0,1,0,0,0,2,0,0,0,0,1,0,0,2,0,0,2,2,0,0,0,0,1,2,1,0,2,2,2,0,2,2,1,1,2,1,1,2,0,0,1,0,1,0,0,0,0,1,2,0,0,1,0,1,1,1,0,1,1,0,0,0,0,1,1,1,0,0,0,1,1,0,0,0,1,0,0,1,1,0,1,1,1,1,1,0,0,0,0,0,1,0,0,0,0,0,0,1,0,0,0,0,1,1,1,1,0,0,0,1,0,0,0,0,0,1,0,0,0,0,0,0,0,0,0,1,0,0,0,0,1,0,0,0,0,0,0,0,0,0,0,0,0,0,0,0,0,0,0,0,0,0,0,0,0,0,1,1,0,0,0,0,0,0,0,0,0,0,0,0,0,1,0,0,0,0,0,0,1,1,0,0,0,1,0,0,0,0,0,0,0,0,0,0,0,176,23
133,Male,0,4,545,17.9,2,2,1,2,1,1,1,1,2,2,1,2,1,0,1,1,1,0,1,0,1,0,2,0,1,0,1,0,1,0,0,1,1,1,1,0,0,0,2,0,0,0,0,0,1,0,0,0,0,1,0,0,1,2,1,1,1,2,1,0,1,2,1,0,1,1,1,1,1,0,0,1,1,0,1,1,1,0,1,0,1,1,1,1,1,0,1,1,0,1,1,1,0,1,1,1,1,0,1,1,1,1,1,0,1,1,1,1,1,1,0,1,1,1,1,1,0,0,1,0,0,1,1,0,1,1,1,1,0,1,0,1,1,0,1,1,1,1,1,0,0,1,0,1,1,1,0,0,0,0,0,1,0,1,1,1,1,0,0,0,0,0,0,0,0,0,0,0,1,0,0,1,0,0,0,0,1,1,0,0,0,1,1,0,1,1,1,1,0,1,1,1,0,1,0,0,1,0,1,0,0,1,0,1,0,0,0,0,1,1,0,0,0,0,0,1,0,0,1,1,1,1,0,0,1,0,0,0,2,0,0,0,0,1,0,0,2,0,0,2,2,0,0,0,0,1,2,1,0,2,2,2,0,2,2,1,1,2,2,1,2,0,0,1,1,1,0,0,0,0,1,2,0,0,1,0,1,1,1,0,1,1,0,0,0,1,1,1,1,0,0,1,1,1,0,1,0,1,0,0,1,1,0,1,1,1,1,1,0,1,1,0,0,1,0,0,1,1,1,1,1,0,0,0,0,1,1,1,1,0,0,0,1,1,0,0,0,0,1,0,0,0,1,0,0,0,0,0,1,0,0,0,0,1,0,0,0,0,0,0,0,0,0,0,0,0,0,0,0,0,0,0,0,0,0,0,0,0,0,1,1,0,0,0,0,0,0,0,0,0,0,0,0,0,1,0,0,0,0,0,0,1,1,1,0,0,1,0,0,0,0,0,0,0,0,0,0,0,201,25
133,Male,0,4,824,27.1,2,2,1,2,2,1,1,2,2,2,2,2,1,2,1,1,1,1,1,1,1,1,2,1,1,1,1,1,1,0,1,1,1,1,1,1,1,1,2,1,1,1,1,0,1,1,2,1,1,1,1,0,2,2,1,1,1,2,1,0,2,2,1,1,1,1,1,2,1,1,1,1,1,1,1,1,1,1,1,1,2,1,1,1,1,1,1,1,1,1,1,1,1,1,2,1,1,1,1,2,1,2,1,1,1,1,1,1,1,1,1,1,1,1,1,1,2,1,2,1,1,1,1,1,1,1,1,1,1,2,1,2,1,1,2,1,2,1,1,1,1,1,1,1,1,1,1,0,2,1,1,1,1,1,1,1,1,1,1,1,1,2,1,2,1,1,1,1,1,1,1,1,1,1,1,1,1,1,1,2,2,1,1,1,1,1,2,2,1,1,1,1,1,1,1,1,1,1,1,1,1,1,1,1,1,1,1,1,1,1,1,1,1,1,1,1,1,1,2,1,1,1,1,1,1,1,1,1,2,1,1,1,1,1,1,1,2,1,1,2,2,1,1,1,2,1,2,1,1,2,2,2,1,2,2,1,2,2,2,1,2,1,1,1,1,1,1,1,2,1,1,2,1,1,1,1,1,1,1,1,1,1,1,1,1,1,1,1,1,1,1,1,1,1,1,1,2,1,1,1,2,1,1,1,1,2,1,1,1,1,1,1,1,1,1,1,1,1,1,2,1,1,1,1,1,1,1,1,1,1,1,1,2,1,1,1,1,1,1,1,1,1,1,1,1,1,1,1,1,1,1,1,2,1,2,1,1,1,1,1,1,1,1,1,1,1,1,1,1,1,1,1,1,1,1,1,1,1,1,1,2,1,1,1,1,1,1,2,1,2,2,1,1,1,1,1,1,1,1,1,1,1,1,1,1,1,1,1,1,1,2,1,1,1,1,1,1,1,413,66
134,Male,0,2,280,9.2,0,0,0,0,0,0,0,1,0,0,0,0,0,0,0,0,0,0,0,0,0,0,1,0,1,0,1,0,0,0,0,0,0,0,1,0,0,0,1,0,0,0,0,0,0,0,0,0,0,0,0,0,0,0,0,0,0,0,0,0,0,0,0,0,0,0,0,1,1,0,0,0,0,0,0,0,0,0,1,0,0,0,0,0,0,0,1,0,0,0,0,0,0,0,1,0,0,0,0,0,0,0,0,0,0,0,0,0,0,0,0,0,0,0,0,0,0,0,0,0,0,0,0,0,0,0,0,0,0,0,0,0,0,0,1,0,0,0,0,0,1,0,0,0,0,0,0,0,0,0,0,0,0,0,0,0,0,0,0,0,0,0,0,0,0,0,0,0,1,0,0,0,0,0,0,0,0,0,1,0,0,1,0,0,0,0,1,0,0,0,0,0,0,1,0,1,0,0,0,0,0,0,0,0,0,0,0,0,0,0,0,0,0,0,0,0,0,0,0,0,0,0,0,0,0,0,0,0,2,0,0,0,0,0,0,1,1,0,0,2,1,0,0,0,1,0,2,0,0,0,2,0,1,1,0,0,1,1,0,0,2,0,0,0,0,0,0,0,0,0,0,0,0,0,1,0,1,0,1,0,0,0,0,0,0,0,0,0,0,0,0,0,0,0,0,0,1,0,0,0,0,0,0,0,0,0,0,0,0,0,0,0,0,0,0,0,0,0,0,1,0,1,1,0,0,0,0,0,0,0,0,0,0,0,0,0,0,0,0,0,0,0,0,0,0,0,0,0,0,0,0,0,0,0,0,0,0,0,0,0,0,0,0,0,0,1,0,0,0,0,0,0,0,0,0,0,0,0,0,0,0,0,0,0,0,0,0,0,0,0,0,0,0,0,0,0,0,0,0,0,0,0,0,0,0,0,0,0,0,0,0,0,0,0,0,0,0,0,40,5
134,Male,0,2,615,20.2,2,2,0,0,2,2,2,2,2,2,2,2,0,2,0,2,2,0,2,0,2,0,2,0,2,0,2,1,2,0,0,0,0,2,2,2,0,0,2,0,0,2,2,0,2,0,1,2,2,2,2,2,2,2,2,2,2,2,2,2,2,2,2,1,2,2,2,2,2,2,0,2,2,1,2,0,2,1,2,2,2,2,0,2,2,1,2,2,2,1,2,2,2,2,2,2,2,1,2,2,1,2,2,1,1,1,2,2,1,1,0,2,1,1,1,2,2,1,2,1,1,2,0,2,2,2,0,2,0,2,1,2,1,1,1,2,2,2,2,1,2,2,1,1,2,2,0,0,2,2,0,2,1,2,2,2,1,2,2,0,2,2,2,2,1,2,2,1,2,1,1,1,2,0,2,2,0,2,2,2,1,2,2,0,1,0,2,2,2,0,2,2,0,2,0,2,2,0,0,2,0,2,0,2,0,0,0,0,0,0,0,0,1,1,1,1,0,0,2,2,2,0,1,0,2,0,0,0,2,1,0,0,0,0,2,2,2,0,2,2,2,0,0,0,2,1,2,1,0,2,2,1,2,2,2,0,2,2,2,2,2,1,2,2,2,2,0,0,1,1,0,1,1,2,2,0,1,1,2,1,0,1,0,0,1,1,1,0,1,0,1,0,0,2,0,2,2,2,0,1,1,0,0,2,1,0,1,0,0,0,1,0,0,0,0,2,0,1,2,2,2,2,2,0,0,1,1,1,1,2,1,0,2,1,0,0,0,0,0,1,2,0,2,0,0,0,0,1,0,0,1,0,2,0,0,0,0,0,0,0,0,0,1,0,0,1,0,0,0,1,0,0,0,0,0,0,0,0,0,0,0,0,0,0,0,0,0,0,0,2,0,0,0,0,0,0,0,0,0,0,0,0,0,0,0,0,0,0,2,0,2,0,0,0,0,0,0,0,252,176
139,Female,0,4,526,17.3,2,1,1,1,1,1,1,1,1,0,1,1,1,1,1,1,1,1,1,1,1,0,1,0,1,1,1,1,1,0,1,0,0,1,1,1,0,1,1,0,0,1,1,0,1,0,0,1,0,1,0,1,1,1,0,0,0,1,1,0,1,1,0,1,1,1,0,1,1,1,1,0,1,0,1,0,0,0,1,1,1,1,1,0,0,0,1,0,1,1,0,0,0,1,1,1,1,0,1,1,1,1,1,1,1,1,1,1,1,1,0,1,1,1,1,0,0,1,1,0,0,1,0,1,0,1,1,0,0,1,0,1,1,1,1,1,1,1,1,1,1,1,1,0,0,1,0,0,0,1,0,1,0,1,0,0,1,1,1,0,1,1,1,1,0,1,0,1,1,1,1,1,1,0,1,1,0,1,1,1,1,1,1,1,1,1,1,0,1,0,1,1,0,1,0,1,1,1,0,1,0,1,1,1,1,0,0,1,1,1,0,0,0,0,0,1,0,0,1,1,1,1,0,0,1,0,0,0,1,0,0,1,0,0,0,1,1,1,1,1,1,0,0,0,0,1,1,1,1,1,1,1,0,1,1,1,1,1,1,0,1,1,0,1,1,1,0,1,0,0,1,0,1,0,1,0,1,1,1,0,0,1,1,0,1,1,1,1,1,0,1,0,0,1,0,1,0,1,0,0,1,1,0,1,1,1,1,1,1,0,1,1,0,1,0,1,0,1,1,1,1,1,1,1,0,1,0,1,1,1,1,0,1,1,0,0,0,0,1,1,1,0,1,0,0,1,0,0,0,0,1,0,1,1,0,1,0,0,0,0,1,0,0,0,0,0,1,1,1,1,0,0,0,0,1,0,0,0,0,0,1,0,0,0,0,0,0,0,0,0,0,0,0,0,0,0,0,1,1,0,1,0,0,1,0,0,1,0,1,0,1,0,0,0,0,0,0,1,245,1
139,Female,0,4,552,18.1,2,1,1,1,1,1,1,1,1,0,1,1,1,1,1,1,1,1,1,1,1,0,1,0,1,1,1,1,1,0,1,0,0,1,1,1,0,1,1,0,0,1,1,1,1,0,0,1,0,1,1,1,1,1,1,1,1,1,1,0,1,1,1,1,1,1,1,1,1,1,1,1,1,0,1,1,1,1,1,1,1,1,1,0,1,0,1,0,1,1,1,0,1,1,1,1,1,1,1,1,1,1,1,1,1,1,1,1,1,1,1,1,1,1,1,1,1,1,1,1,1,1,1,1,1,1,1,0,0,1,1,1,1,1,1,1,1,1,1,1,1,1,1,0,1,1,0,0,1,1,0,1,0,1,1,1,1,1,1,0,1,1,1,1,1,1,0,1,1,1,1,1,1,1,1,1,0,1,1,1,1,1,1,1,1,1,1,1,1,0,1,1,1,1,0,1,1,1,0,1,1,1,1,1,1,0,1,1,1,1,0,1,1,0,1,1,1,0,1,1,1,1,0,0,1,1,0,0,1,0,0,1,0,0,0,1,1,1,1,1,1,0,0,0,1,1,1,1,1,1,1,1,1,1,1,1,1,1,1,0,1,1,0,1,1,1,0,1,0,1,1,0,1,1,1,0,1,1,1,1,1,1,1,0,1,1,1,1,1,0,1,1,0,1,0,1,0,1,0,1,1,1,0,1,1,1,1,1,1,0,1,1,0,1,0,1,0,1,1,1,1,1,1,1,0,1,0,1,1,1,1,0,1,1,0,0,0,0,1,1,1,0,1,0,0,1,0,0,1,0,1,0,1,1,0,1,0,0,1,0,1,0,1,0,0,1,1,1,1,1,0,0,0,0,1,0,0,0,0,0,1,0,0,0,0,0,0,0,0,0,0,0,0,0,1,0,0,1,1,0,1,1,1,1,0,1,1,0,1,0,1,0,0,0,0,0,0,1,299,1
139,Female,0,4,601,19.8,2,1,1,1,1,1,1,1,1,0,1,1,1,1,1,1,1,1,1,1,1,1,1,1,1,1,1,1,1,1,1,1,1,1,1,1,1,1,1,1,1,1,1,1,1,1,1,1,1,1,1,1,1,1,1,1,1,1,1,1,1,1,1,1,1,1,1,1,1,1,1,1,1,1,1,1,1,1,1,1,1,1,1,1,1,1,1,1,1,1,1,1,1,1,1,1,1,1,1,1,1,1,1,1,1,1,1,1,1,1,1,1,1,1,1,1,1,1,1,1,1,1,1,1,1,1,1,1,1,1,1,1,1,1,1,1,1,1,1,1,1,1,1,1,1,1,1,0,1,1,1,1,1,1,1,1,1,1,1,1,1,1,1,1,1,1,1,1,1,1,1,1,1,1,1,1,1,1,1,1,1,1,1,1,1,1,1,1,1,1,1,1,1,1,1,1,1,1,0,1,1,1,1,1,1,0,1,1,1,1,1,1,1,1,1,1,1,1,1,1,1,1,1,0,1,1,0,1,1,0,1,1,0,0,1,1,1,1,1,1,1,1,0,1,1,1,1,1,1,1,1,1,1,1,1,1,1,1,1,1,1,1,1,1,1,1,1,1,0,1,1,1,1,1,1,1,1,1,1,1,1,1,1,1,1,1,1,1,1,1,1,1,1,1,1,1,1,1,1,1,1,1,1,1,1,1,1,1,1,1,1,1,1,1,1,1,1,1,1,1,1,1,1,1,1,1,1,1,1,1,1,1,1,1,1,1,1,1,1,1,1,1,1,1,1,1,1,1,1,1,1,1,1,1,1,1,1,1,1,1,1,1,1,1,1,1,1,1,1,1,1,1,1,1,1,1,1,1,1,1,1,1,1,1,1,1,1,1,1,1,1,1,1,1,1,1,1,1,1,1,1,1,1,1,1,1,1,1,1,1,1,1,1,1,1,1,1,1,407,1
139,Female,0,4,729,24,2,1,1,1,1,1,2,2,2,2,1,2,1,1,2,2,1,1,2,1,1,1,2,1,2,1,2,2,1,1,2,1,1,1,2,2,1,1,2,1,1,1,1,1,1,1,2,1,1,2,1,2,1,2,1,1,1,2,1,1,2,2,2,2,1,2,2,1,2,1,1,2,1,1,2,1,1,1,2,2,2,1,1,1,2,1,2,1,2,2,1,1,2,2,1,2,1,1,2,1,2,1,2,1,2,1,1,2,2,1,1,2,2,1,2,2,1,1,1,1,1,2,1,2,1,1,2,1,1,2,1,1,1,1,1,1,2,1,2,1,1,2,1,1,1,1,1,0,2,1,1,1,1,2,1,1,1,2,1,1,1,1,1,1,1,1,1,1,2,2,1,1,2,1,1,1,1,2,1,2,1,1,2,1,2,2,1,1,2,1,1,2,1,2,1,2,2,1,0,1,1,2,1,2,1,2,1,1,1,1,1,1,1,1,1,1,1,1,1,1,1,1,1,1,2,2,1,1,2,1,2,1,1,1,2,1,1,2,2,2,2,1,0,1,1,1,2,2,1,1,1,1,1,1,1,1,1,2,2,2,1,1,1,1,1,1,1,1,1,1,1,1,1,1,1,1,1,1,1,1,1,1,1,1,1,1,1,1,1,1,1,1,1,1,1,2,1,1,1,1,2,1,1,1,1,2,2,1,1,1,1,1,1,2,1,1,1,1,1,1,2,1,1,1,1,1,1,2,1,1,2,1,2,1,1,2,1,2,1,2,2,1,2,1,1,1,1,1,2,1,1,1,2,1,1,2,1,1,2,1,1,2,1,1,2,1,2,1,1,1,2,1,1,1,2,1,1,1,1,1,1,2,1,1,1,1,1,1,1,2,2,1,1,2,2,1,1,2,2,2,2,2,2,1,2,1,2,1,2,1,2,2,1,1,1,1,1,1,415,130
140,Female,0,4,364,12,2,0,0,0,0,0,0,2,2,0,2,0,0,0,0,0,1,0,0,0,0,0,0,0,0,0,0,0,0,0,0,0,0,0,0,0,0,0,0,1,0,0,0,0,0,0,0,0,0,0,0,0,0,1,0,0,0,0,1,0,1,0,0,0,0,0,0,1,0,0,0,1,0,0,0,0,0,0,0,0,0,1,0,0,1,0,1,0,0,0,0,0,0,1,0,1,0,1,1,1,1,1,1,0,0,1,1,1,0,1,0,1,0,0,1,0,0,0,0,0,1,0,0,0,0,1,1,1,0,0,0,0,0,0,1,0,1,0,0,0,1,1,0,0,1,0,1,0,0,0,0,0,0,0,0,0,0,0,0,0,1,0,0,1,1,0,0,0,0,0,0,1,1,0,0,0,0,1,0,0,0,1,0,0,0,0,1,1,0,0,1,0,0,0,0,0,0,0,0,0,0,0,0,0,0,0,0,0,0,0,0,0,0,0,0,0,0,0,0,1,0,0,0,0,0,0,0,0,2,0,0,0,0,0,0,1,1,0,0,2,2,0,0,0,1,0,2,0,0,2,1,0,0,1,2,0,0,1,0,0,2,0,0,1,0,0,0,0,0,0,0,0,0,0,2,0,0,0,0,0,1,0,0,0,0,0,0,0,1,0,0,0,0,1,0,0,0,1,0,0,1,1,0,0,1,0,0,0,0,0,0,0,0,0,0,1,0,1,1,1,0,0,0,0,0,0,0,1,0,0,1,0,1,0,0,1,0,0,0,1,0,0,0,0,0,0,0,1,0,0,0,0,0,1,0,0,0,0,0,0,0,0,0,0,0,0,0,0,0,1,0,0,0,0,0,0,0,0,0,0,0,0,0,0,0,0,0,0,0,0,0,0,0,0,0,0,0,0,1,0,0,0,0,0,0,0,0,0,0,0,0,0,0,0,0,0,0,0,84,12
140,Female,0,4,448,14.7,2,0,0,2,0,1,2,2,2,0,2,0,0,0,0,0,1,0,0,0,1,0,2,0,2,1,0,0,1,0,1,0,0,1,1,0,0,0,0,1,0,0,0,0,0,0,0,0,0,0,0,0,0,1,0,0,0,0,1,0,1,1,1,0,0,1,0,1,1,0,0,1,0,1,1,0,0,0,0,0,0,1,1,0,1,0,1,0,1,1,1,1,0,1,0,1,1,1,1,1,1,1,1,0,1,1,1,1,0,1,0,1,0,0,1,0,0,0,0,0,1,0,0,0,0,1,1,1,0,1,0,0,0,0,1,0,1,1,0,0,1,1,0,0,1,1,1,0,0,0,0,1,0,1,0,1,0,0,0,0,1,1,1,1,1,0,0,0,0,0,0,1,1,0,0,0,0,1,1,0,0,1,0,1,0,1,1,1,0,0,1,0,0,0,0,0,0,0,1,1,0,0,0,1,1,0,0,0,0,1,0,0,1,0,0,0,0,0,0,1,1,0,0,1,2,0,0,0,2,0,0,0,0,0,0,2,1,0,0,2,2,0,0,1,1,0,2,1,0,2,1,0,0,1,2,1,1,1,2,1,2,1,0,2,1,1,0,1,0,0,1,0,1,1,2,0,0,0,0,0,1,1,0,0,1,0,0,1,1,1,1,0,1,1,0,0,1,1,0,0,1,1,0,0,1,0,0,0,0,0,0,0,0,0,0,1,0,1,1,1,1,0,1,0,0,0,0,1,0,1,1,0,1,0,0,1,0,0,1,1,1,0,1,0,0,0,0,1,0,0,1,0,1,1,0,0,0,1,0,0,1,1,0,0,0,1,1,1,1,1,0,0,0,0,1,1,0,1,0,0,1,0,0,1,1,0,0,0,0,1,1,0,0,0,0,0,0,0,1,0,1,0,0,1,0,0,1,0,1,0,0,0,0,0,0,0,0,0,175,20
140,Female,0,4,554,18.2,2,0,0,2,1,2,2,2,2,2,2,2,0,0,0,0,2,0,2,0,1,0,2,0,2,1,2,0,1,0,1,0,0,1,1,0,0,1,2,1,1,0,0,0,1,0,0,0,1,2,1,1,1,1,0,1,0,2,1,0,1,1,1,0,2,1,1,2,1,0,0,1,0,1,1,1,1,0,2,0,2,1,1,0,1,0,1,1,1,1,1,1,0,1,0,1,1,1,1,1,1,1,1,0,1,1,1,1,1,1,0,1,1,1,1,0,0,0,1,0,1,0,0,0,0,1,1,1,0,2,0,2,1,0,2,0,1,1,1,1,1,1,0,0,1,1,1,0,0,1,0,1,1,1,0,1,1,0,0,0,1,1,1,1,1,1,0,0,1,1,1,1,1,0,0,1,0,1,1,1,1,1,0,1,1,1,1,1,0,0,1,0,0,1,0,0,0,0,1,1,1,1,0,1,1,0,0,1,1,1,0,0,1,0,0,0,0,0,1,1,1,1,0,1,2,0,0,0,2,0,0,0,0,0,0,2,1,0,0,2,2,0,0,1,1,1,2,1,1,2,2,1,1,1,2,1,1,1,2,2,2,1,0,2,1,1,1,1,1,1,1,0,1,1,2,0,0,0,1,0,1,2,0,0,1,0,1,1,1,1,1,1,1,1,0,1,1,2,0,0,1,1,1,1,1,0,1,0,1,1,1,0,1,0,1,1,0,1,1,1,2,1,1,0,0,1,2,1,1,1,1,0,2,1,1,1,0,1,1,1,1,0,1,1,1,1,0,1,1,0,1,0,1,1,0,2,0,1,1,0,1,1,1,0,0,1,1,1,1,2,0,0,0,0,1,1,0,1,0,0,1,0,0,1,1,0,0,0,0,1,2,0,1,0,1,0,1,2,1,0,1,1,1,1,0,1,1,0,1,0,2,0,0,1,0,0,0,1,267,48
140,Female,0,4,617,20.3,2,1,1,2,2,2,2,2,2,2,2,2,2,1,1,2,2,0,2,1,1,0,2,1,2,1,2,0,1,0,1,1,1,1,1,0,2,1,2,2,1,1,1,1,1,1,2,1,1,2,1,1,2,2,1,1,1,2,1,1,2,1,1,0,2,1,2,2,1,1,0,1,1,1,2,1,1,0,2,1,2,1,1,0,1,0,1,1,1,2,1,1,0,1,1,1,1,1,2,2,1,1,2,0,1,2,1,1,1,2,0,1,2,1,2,0,2,1,2,1,1,2,0,0,1,2,1,1,1,2,1,2,1,1,2,1,2,1,2,1,2,2,1,0,1,1,1,0,0,1,0,2,1,2,1,2,1,1,1,0,2,1,1,1,2,1,1,0,2,1,1,1,1,0,1,1,0,2,1,2,2,1,1,2,2,1,2,2,1,1,1,2,0,2,0,0,1,0,1,1,2,2,1,1,1,1,0,1,1,1,2,1,1,0,0,0,0,1,2,1,1,1,0,1,2,1,0,0,2,0,0,0,0,0,1,2,1,1,1,2,2,0,0,1,2,1,2,1,2,2,2,1,2,1,2,1,2,1,2,2,2,1,1,2,1,2,1,1,1,1,1,0,1,1,2,1,1,1,1,0,1,2,1,1,1,0,1,2,1,1,1,1,1,1,0,1,1,2,0,1,2,1,1,1,1,1,1,0,1,1,1,1,1,2,1,2,1,2,1,1,2,1,1,0,0,1,2,1,1,1,1,0,2,1,2,1,2,1,1,1,1,0,2,1,2,1,0,1,1,2,1,1,1,1,0,2,1,1,1,1,1,2,2,1,1,1,1,1,1,2,2,0,0,0,1,1,2,1,1,1,1,1,0,1,1,0,0,1,0,2,2,1,1,0,1,0,1,2,1,1,1,2,1,1,0,1,1,1,1,0,2,2,1,1,1,0,1,1,351,116
141,Female,0,2,786,25.8,2,2,2,2,2,2,2,2,2,2,2,2,2,2,2,2,2,2,2,2,2,2,2,2,2,2,2,2,2,2,2,2,2,2,2,2,2,2,2,2,2,2,2,2,2,2,2,2,2,2,2,2,2,2,2,2,2,2,2,2,2,2,2,2,2,2,2,2,2,2,2,2,2,2,2,2,2,2,2,2,2,2,2,2,2,2,2,2,2,2,2,2,2,2,2,2,2,2,2,2,2,2,2,2,2,2,2,2,2,2,2,2,2,2,2,2,2,2,2,2,2,2,2,2,2,2,2,2,2,2,2,2,2,2,2,2,2,0,2,2,2,2,2,2,2,2,2,2,2,0,0,2,2,2,2,2,2,2,2,2,2,2,2,2,2,2,2,2,2,2,2,2,2,2,2,2,2,2,2,2,2,2,2,2,2,2,2,2,2,2,2,2,2,2,2,2,2,0,2,2,2,2,2,2,2,2,2,2,2,2,2,2,2,2,2,2,2,2,2,2,2,2,2,2,2,2,2,2,2,2,2,2,2,2,2,2,2,2,2,2,2,2,2,2,2,2,2,2,2,2,2,2,2,2,2,2,2,2,2,2,2,2,2,2,2,2,2,2,2,2,2,2,2,2,2,2,2,2,2,2,2,2,2,2,2,2,2,2,2,2,2,2,2,2,2,2,2,2,2,2,2,2,2,2,2,2,2,2,2,2,2,2,2,2,2,2,2,2,2,2,2,2,2,2,2,2,2,2,2,2,2,2,2,2,2,2,2,2,2,2,2,2,2,2,2,2,2,2,2,2,2,2,2,2,2,2,2,2,2,2,2,2,2,2,2,2,2,2,2,2,2,2,2,2,2,2,2,2,2,2,2,2,2,2,2,2,2,2,2,2,2,2,2,2,2,2,2,2,2,2,2,2,2,2,2,2,2,2,2,2,2,2,2,2,2,2,2,2,414,414
141,Female,0,2,799,26.3,2,2,2,2,2,2,2,2,2,2,2,2,2,2,2,2,2,2,2,2,2,2,2,2,2,2,2,2,2,2,2,2,2,2,2,2,2,2,2,2,2,2,2,2,2,2,2,2,2,2,2,2,2,2,2,2,2,2,2,2,2,2,2,2,2,2,2,2,2,2,2,2,2,2,2,2,2,2,2,2,2,2,2,2,2,2,2,2,2,2,2,2,2,2,2,2,2,2,2,2,2,2,2,2,2,2,2,2,2,2,2,2,2,2,2,2,2,2,2,2,2,2,2,2,2,2,2,2,2,2,2,2,2,2,2,2,2,0,2,2,2,2,2,2,2,2,2,2,2,0,0,2,2,2,2,2,2,2,2,2,2,2,2,2,2,2,2,2,2,2,2,2,2,2,2,2,2,2,2,2,2,2,2,2,2,2,2,2,2,2,2,2,2,2,2,2,2,2,2,2,2,2,2,2,2,2,2,2,2,2,2,2,2,2,2,2,2,2,2,2,2,2,2,2,2,2,2,2,2,2,2,2,2,2,2,2,2,2,2,2,2,2,2,2,2,2,2,2,2,2,2,2,2,2,2,2,2,2,2,2,2,2,2,2,2,2,2,2,2,2,2,2,2,2,2,2,2,2,2,2,2,2,2,2,2,2,2,2,2,2,2,2,2,2,2,2,2,2,2,2,2,2,2,2,2,2,2,2,2,2,2,2,2,2,2,2,2,2,2,2,2,2,2,2,2,2,2,2,2,2,2,2,2,2,2,2,2,2,2,2,2,2,2,2,2,2,2,2,2,2,2,2,2,2,2,2,2,2,2,2,2,2,2,2,2,2,2,2,2,2,2,2,2,2,2,2,2,2,2,2,2,2,2,2,2,2,2,2,2,2,2,2,2,2,2,2,2,2,2,2,2,2,2,2,2,2,2,2,2,2,2,2,2,2,2,2,2,2,415,415
142,Male,0,2,453,14.9,2,0,0,0,0,2,0,0,2,0,1,0,0,0,0,0,0,0,1,0,0,0,0,0,1,0,1,0,0,0,0,0,0,0,0,0,0,0,0,0,1,0,0,0,0,0,0,1,0,0,0,0,1,1,0,0,1,1,0,0,0,1,0,0,0,0,0,2,0,0,0,0,0,0,0,0,0,0,1,0,0,0,0,0,0,0,1,0,0,0,0,0,0,0,1,0,0,0,0,0,0,0,1,0,0,0,0,0,0,0,0,1,0,1,0,0,0,0,0,0,1,0,0,0,0,1,1,1,0,1,0,1,1,0,1,0,1,0,1,0,0,0,0,0,0,0,0,0,0,0,0,0,0,0,0,1,0,0,0,0,0,0,0,0,0,0,0,0,0,0,0,0,0,0,0,0,0,0,0,0,0,0,0,0,0,0,1,0,0,0,0,0,0,0,0,1,1,0,0,0,0,1,0,0,0,0,0,0,0,0,0,0,0,0,0,0,0,0,1,1,1,0,0,0,1,0,0,0,1,0,0,0,0,0,0,1,1,0,0,1,1,0,0,0,1,1,1,0,1,2,2,0,1,1,1,0,1,0,0,0,1,1,0,1,0,0,0,0,0,0,1,0,0,0,0,0,0,0,0,1,0,0,0,0,0,0,1,1,1,0,0,0,0,1,0,1,0,1,0,0,0,1,0,1,1,1,1,0,1,0,1,0,0,0,0,1,1,0,0,0,1,1,0,0,0,1,0,1,1,0,0,0,1,0,0,0,0,1,0,0,0,0,1,0,1,0,0,0,1,0,1,0,0,0,0,0,1,1,0,0,0,0,0,0,0,1,0,1,1,1,0,0,2,0,0,0,0,0,0,1,1,0,0,0,0,0,0,0,0,1,1,0,0,0,0,0,0,0,0,0,0,1,0,0,1,1,0,0,0,0,1,0,0,0,0,0,0,0,101,7
142,Male,0,2,530,17.4,2,0,0,2,0,2,1,2,2,2,1,2,0,1,0,0,1,0,1,0,1,0,1,0,1,0,1,0,0,0,0,0,0,0,0,0,0,0,0,0,1,0,0,0,0,0,0,1,0,0,0,0,1,1,1,1,1,1,0,0,1,1,0,0,1,1,0,2,1,0,0,0,0,1,0,0,0,0,1,0,0,1,0,0,1,0,1,0,0,0,0,0,0,0,1,0,1,0,0,0,0,0,1,0,1,0,0,1,0,1,0,1,1,1,0,1,0,0,1,0,1,1,0,0,0,1,1,1,0,1,0,1,1,0,1,0,1,0,1,0,0,1,1,0,1,0,0,0,0,0,0,1,0,1,1,1,0,0,0,0,0,0,0,0,0,0,0,0,0,0,0,0,0,0,0,0,0,0,0,0,0,1,0,0,0,1,1,0,0,0,1,0,0,0,0,1,1,0,0,1,0,1,0,1,0,0,0,0,0,1,1,1,1,0,0,1,0,1,1,1,1,1,0,0,1,0,0,0,1,0,0,0,0,0,0,1,1,0,0,1,2,0,0,0,1,1,1,1,1,2,2,1,1,1,2,0,1,0,0,0,2,1,0,1,0,0,0,0,1,0,1,0,0,0,1,0,1,0,1,1,1,1,0,0,0,0,1,1,1,0,0,0,0,1,0,1,0,1,0,0,1,1,0,1,1,1,1,0,1,0,1,1,0,0,0,1,1,1,0,1,1,1,0,0,0,1,1,1,1,0,0,0,1,0,0,0,0,1,0,0,0,0,1,0,1,0,0,1,1,0,1,0,0,0,0,0,1,1,0,0,0,0,0,0,0,1,0,1,1,1,0,0,0,0,0,0,0,0,0,1,1,0,0,0,0,0,0,0,0,1,1,0,2,0,0,0,1,0,0,0,0,1,0,0,2,1,0,0,0,0,1,0,0,0,0,0,0,0,160,15
143,Male,0,2,364,12,2,0,0,0,0,0,1,1,1,0,0,1,0,0,0,1,1,0,0,0,0,0,1,0,1,0,1,0,1,0,0,0,0,0,0,1,1,0,1,0,0,1,0,0,0,0,0,0,0,1,0,0,0,1,0,1,1,1,0,0,1,1,0,0,1,1,0,1,1,0,0,1,0,0,0,0,1,0,1,0,0,1,0,0,0,0,1,0,0,1,1,0,0,1,1,0,0,0,0,0,0,0,0,0,0,0,0,0,0,0,0,0,0,1,0,1,0,0,0,0,1,0,0,0,0,1,1,1,0,0,0,1,0,0,1,1,1,1,0,0,0,0,0,0,1,1,1,0,0,0,0,1,0,0,0,1,0,0,0,0,0,0,0,0,0,0,0,0,0,0,0,0,0,0,0,0,0,0,0,1,0,1,0,0,0,0,1,0,0,0,0,0,0,0,0,0,0,0,0,0,0,0,0,0,0,0,0,0,0,0,0,0,0,0,1,0,0,0,0,1,1,0,0,0,0,0,0,0,2,0,0,0,0,0,0,0,0,0,0,2,0,0,0,0,1,0,1,0,1,1,0,0,0,0,1,1,1,1,0,0,1,0,0,1,0,0,0,0,0,0,0,0,0,0,1,0,0,0,0,0,0,0,0,0,0,0,0,0,0,0,0,0,0,0,0,0,0,1,0,0,0,0,0,0,0,0,0,0,0,0,0,0,0,0,0,0,0,0,0,0,0,0,0,0,0,0,0,0,0,0,0,0,0,0,0,0,0,0,0,0,0,0,0,0,0,0,0,0,0,0,0,0,0,0,0,0,0,0,0,0,0,0,0,0,0,1,0,0,0,0,0,0,0,0,1,0,0,0,0,0,0,0,0,0,0,0,0,0,0,0,0,0,0,0,0,0,0,0,0,0,0,0,0,0,0,0,0,0,0,0,1,1,0,0,0,0,0,0,75,3
143,Male,0,2,466,15.3,2,0,0,0,0,1,1,1,1,0,1,1,1,1,1,1,1,0,2,0,1,0,2,0,1,0,1,0,1,0,1,0,0,1,0,1,1,0,1,0,1,1,0,0,0,0,0,0,0,1,0,0,0,1,1,1,1,1,1,1,1,1,0,0,1,1,0,1,1,0,0,1,0,0,0,0,1,1,1,0,0,1,0,1,1,0,1,0,1,1,1,0,0,1,1,0,1,0,0,0,0,0,1,0,0,0,0,1,0,0,0,1,0,1,0,1,0,0,0,0,1,1,0,0,0,1,1,1,0,1,0,1,1,0,1,1,1,1,0,0,0,0,0,0,1,1,1,0,0,0,0,1,0,1,0,1,0,0,0,0,1,0,0,0,0,0,0,0,0,0,0,1,0,0,0,0,0,0,0,1,0,1,0,0,0,0,1,0,0,0,0,0,0,1,0,0,0,0,0,0,0,0,0,0,1,0,0,0,0,0,0,1,0,0,1,0,0,0,1,1,1,0,0,0,0,1,0,0,2,0,0,0,0,0,0,0,0,0,0,2,0,0,0,0,1,1,1,0,1,1,0,1,0,1,1,1,1,1,1,0,1,1,0,1,0,0,0,0,0,0,1,0,0,0,1,0,0,0,0,0,0,1,0,0,1,0,1,0,0,0,0,0,0,1,0,0,0,1,0,0,1,0,0,0,1,0,0,0,1,0,0,0,0,0,0,1,0,1,0,1,1,0,0,0,0,0,0,1,0,0,0,0,1,1,0,0,0,0,0,0,0,0,1,0,1,0,0,0,1,0,0,0,0,0,0,0,0,0,0,0,0,0,1,0,0,1,0,0,0,0,0,0,0,0,1,0,1,0,1,0,0,0,0,0,0,0,0,0,0,2,1,0,0,0,0,0,2,0,0,0,0,0,0,0,0,0,0,0,1,0,1,1,0,0,0,0,0,0,137,7
145,Male,0,2,561,18.4,1,0,0,0,2,2,1,1,2,2,1,2,1,0,0,1,0,0,1,1,1,0,2,0,2,0,1,0,0,1,1,0,0,0,0,1,1,0,0,1,0,1,0,0,0,0,0,0,1,0,0,0,0,1,0,1,0,1,1,0,1,1,0,1,1,1,1,1,1,1,0,1,1,1,0,1,1,0,1,0,1,1,0,0,1,0,1,0,0,1,0,0,0,1,1,0,1,0,1,1,0,0,1,0,0,1,0,1,0,0,0,1,1,1,1,1,0,0,1,0,0,1,0,0,1,1,0,1,0,1,0,1,1,0,1,1,1,1,1,0,0,1,1,0,1,1,0,0,0,1,0,1,0,0,1,1,1,0,1,0,0,0,1,1,0,1,0,0,1,0,0,0,0,0,1,0,0,0,0,0,0,1,0,0,1,1,1,1,1,1,1,0,0,1,1,0,1,0,0,1,0,1,0,1,1,0,0,1,0,0,0,0,1,0,0,1,0,0,1,1,1,1,0,1,0,0,0,0,2,0,0,0,0,0,0,1,1,0,0,1,1,0,0,1,1,1,1,1,0,1,1,1,0,1,1,0,0,0,0,0,0,0,0,0,0,0,0,1,0,0,1,1,1,0,1,0,0,1,1,1,0,1,0,1,1,0,1,0,0,0,0,1,0,1,0,1,1,1,0,1,2,0,0,0,1,1,0,0,1,1,0,0,0,0,0,1,0,1,0,1,0,1,0,0,0,1,1,1,1,1,1,0,1,0,0,0,0,0,0,1,0,1,1,0,1,0,0,1,0,0,0,0,0,1,1,0,0,1,0,0,0,0,0,0,0,1,0,1,1,1,0,0,0,0,0,0,0,0,0,0,0,0,0,0,0,0,0,0,0,2,1,0,0,0,0,0,0,0,1,0,0,2,2,1,2,1,2,0,0,0,1,0,0,0,0,0,0,0,183,14
145,Male,0,2,657,21.6,2,1,1,2,2,2,2,1,2,2,1,2,1,2,1,1,1,0,1,1,1,0,2,1,2,1,1,1,1,1,1,0,1,1,1,1,2,1,1,1,0,1,0,0,0,0,1,1,1,0,1,1,0,2,0,1,1,2,1,0,2,2,0,1,1,1,1,2,1,1,1,1,1,1,1,1,1,1,1,1,1,1,1,1,1,1,1,0,1,2,1,1,1,1,1,1,1,1,1,2,1,1,1,1,1,1,1,1,1,1,0,1,1,1,1,1,1,1,1,0,1,1,1,1,1,2,1,1,1,2,0,1,1,1,2,1,1,1,1,1,1,2,1,0,1,1,1,0,1,1,0,1,1,1,1,1,1,0,1,0,1,1,1,2,1,1,0,0,2,1,1,1,0,0,1,1,0,1,1,1,1,1,1,0,2,1,1,1,1,1,1,2,1,1,1,0,1,1,0,1,0,1,0,1,1,1,0,1,0,1,1,1,1,1,1,1,0,1,1,1,1,1,0,1,1,0,0,0,2,0,0,1,0,0,0,1,1,1,1,2,2,0,0,1,2,1,1,1,1,1,1,1,1,1,2,0,1,2,1,0,1,1,1,2,1,1,0,1,0,0,1,1,1,1,1,0,1,1,1,1,1,1,1,1,1,1,2,1,2,1,0,1,1,1,0,1,1,1,0,1,2,0,0,1,1,1,0,1,1,1,1,0,0,1,1,1,1,1,1,1,1,1,1,1,1,1,2,1,1,1,1,1,1,1,0,0,0,0,1,1,2,2,1,0,1,0,0,1,1,0,0,0,2,1,1,0,0,1,0,0,0,0,0,0,0,1,0,1,1,1,0,0,1,0,1,1,0,0,1,0,1,1,0,0,0,0,0,0,0,2,1,0,1,1,0,0,1,1,1,1,1,2,2,2,2,1,2,0,1,0,2,0,0,0,0,0,0,1,314,48
146,Male,0,2,635,20.9,1,2,0,0,2,1,0,0,2,2,0,0,1,0,1,1,1,1,2,0,1,0,1,0,1,1,1,1,1,0,1,0,0,1,1,1,0,1,1,0,0,1,1,0,0,0,0,0,0,1,1,0,1,1,1,0,1,1,1,0,1,1,0,0,1,1,1,1,1,1,0,0,1,0,1,0,0,0,1,1,0,0,1,1,2,0,1,0,1,1,0,1,0,1,1,1,1,0,1,1,1,1,1,1,1,1,1,1,1,1,0,1,1,1,1,1,1,1,1,0,1,1,0,1,1,1,1,1,0,1,0,1,1,1,1,1,1,1,1,1,1,1,1,0,1,1,0,0,0,1,0,1,1,1,1,1,1,0,0,0,1,1,1,0,0,1,0,0,1,1,1,1,1,1,0,1,0,1,1,1,0,1,1,0,1,1,1,1,1,0,1,1,1,1,1,0,1,0,0,1,0,1,0,1,1,1,0,0,0,0,0,1,1,0,0,0,0,0,1,1,1,1,0,0,1,0,0,0,2,0,0,0,0,0,0,0,2,0,0,2,1,0,0,0,1,1,1,1,0,1,1,1,0,1,2,0,1,1,0,1,1,1,1,2,1,1,1,1,1,0,1,0,1,0,1,0,1,1,1,1,0,1,1,0,1,0,0,1,1,0,0,1,0,0,0,1,0,1,0,0,1,0,0,1,1,1,1,1,1,1,1,1,0,1,0,1,1,1,1,1,0,1,1,0,0,1,1,1,1,0,1,0,1,1,0,0,0,1,1,0,1,0,1,0,0,0,0,1,1,1,0,0,1,1,0,0,0,1,1,0,0,0,0,0,0,0,0,1,1,0,0,0,1,0,1,1,0,0,0,0,0,0,0,0,0,0,0,0,0,2,0,0,0,0,1,1,0,1,0,1,1,0,1,0,2,1,0,0,1,0,1,0,0,0,1,0,0,0,239,13
146,Male,0,2,728,23.9,1,2,0,0,2,2,1,2,2,2,2,1,1,0,1,1,1,1,2,1,1,0,1,1,1,1,1,1,1,0,1,0,0,1,1,1,1,1,1,1,0,1,1,1,1,0,1,1,1,1,1,1,1,1,1,1,1,1,1,1,1,1,1,1,1,1,1,1,1,1,1,1,1,1,1,1,1,1,1,1,1,1,1,1,2,0,1,1,1,1,0,1,2,1,1,1,1,1,1,2,1,1,1,1,1,1,1,1,2,1,1,1,1,1,1,1,1,1,1,0,1,1,1,1,1,1,1,1,0,1,0,1,1,1,1,1,1,1,1,1,1,1,1,1,1,1,1,0,1,1,0,1,1,1,1,1,1,1,1,0,1,1,1,2,1,1,1,0,1,1,1,1,1,1,1,1,1,1,1,1,1,1,1,1,1,1,1,1,1,0,1,1,1,1,1,0,1,1,1,1,0,1,1,1,1,1,1,1,1,1,1,1,1,1,0,0,1,1,2,1,1,1,1,1,1,0,1,0,2,0,0,0,1,0,0,1,2,1,1,2,2,1,0,0,1,1,2,1,1,1,2,1,0,1,2,0,1,1,1,2,2,1,1,2,1,1,1,1,1,1,1,1,1,1,1,1,1,1,1,1,1,1,1,1,1,1,1,1,1,1,1,1,1,0,1,1,1,1,1,1,1,1,1,1,1,1,1,1,1,1,1,1,0,1,1,1,1,1,1,1,1,1,1,1,1,1,1,1,1,1,1,1,1,1,1,1,2,1,1,1,1,1,1,1,1,1,2,1,1,1,1,1,1,1,1,1,1,1,1,1,1,1,1,1,0,1,1,1,1,1,1,1,1,1,1,1,1,1,1,1,2,1,1,0,0,0,0,0,0,2,2,1,2,2,1,1,1,1,1,1,1,1,1,1,2,1,1,1,1,1,1,1,1,1,1,1,1,1,375,32
148,Female,0,4,548,18,1,1,0,1,1,1,0,1,1,1,1,1,0,0,1,1,1,1,1,1,1,0,1,0,1,1,1,1,0,0,1,0,0,1,1,0,0,0,1,0,0,0,1,0,1,0,1,1,0,0,0,0,1,1,1,1,1,1,1,0,1,1,0,0,1,1,1,1,1,0,0,0,0,0,1,1,0,0,0,0,1,1,1,0,1,0,1,0,0,1,0,0,1,1,1,1,0,0,0,0,1,1,1,1,1,1,1,1,0,0,0,1,1,1,1,1,0,0,0,0,0,1,0,0,0,1,0,0,0,1,0,1,0,1,1,1,0,0,0,0,1,0,0,0,0,1,1,0,0,0,0,0,0,1,0,1,0,0,0,0,1,0,0,0,0,0,0,0,1,0,1,1,0,0,0,0,0,0,0,1,0,0,0,0,0,0,0,0,0,0,0,0,0,0,0,0,1,0,0,0,0,0,0,0,0,0,0,0,0,0,0,0,0,0,0,0,0,0,0,1,0,0,0,0,0,0,0,0,0,0,0,0,0,0,0,0,0,0,0,2,1,0,0,0,1,1,2,1,1,1,1,1,1,1,2,0,0,0,0,0,1,0,0,1,0,1,0,0,0,0,1,0,1,0,1,0,0,0,0,0,0,0,0,0,0,0,0,0,0,0,0,0,0,0,0,0,0,0,0,0,1,0,0,0,0,1,0,0,1,0,0,0,0,0,0,1,0,0,0,0,0,1,1,0,0,0,2,0,1,1,0,0,0,1,0,0,0,0,0,0,0,0,0,0,0,0,0,0,0,0,0,0,0,0,0,0,0,0,0,0,0,0,0,0,0,1,0,1,0,0,0,0,0,0,1,0,0,0,0,0,1,0,0,0,0,0,0,0,0,0,0,0,0,0,0,0,0,0,0,0,0,1,0,0,1,0,0,0,1,0,0,0,0,0,0,0,0,0,124,4
148,Female,0,4,636,20.9,2,2,0,2,2,2,0,2,2,1,2,2,2,2,2,1,1,1,2,1,2,0,1,0,2,1,2,1,0,0,1,0,0,1,1,0,1,1,2,0,0,2,1,0,1,0,1,1,1,1,0,1,2,2,1,1,1,2,2,0,2,2,1,0,1,1,2,2,2,1,0,2,0,0,2,1,0,0,1,0,2,1,1,0,2,0,1,0,0,2,0,0,1,2,2,1,1,0,2,2,1,1,1,1,1,2,1,2,0,0,1,2,2,1,1,1,0,2,1,0,0,2,0,0,1,1,0,0,0,2,0,1,0,1,1,1,1,1,2,1,1,1,0,0,1,1,1,0,0,0,0,1,0,2,1,1,1,0,0,0,1,0,1,1,0,1,0,0,2,0,1,1,2,0,0,0,0,1,1,1,0,2,0,0,1,1,1,0,1,0,1,1,0,1,0,0,2,0,0,2,0,2,0,1,1,1,0,0,1,1,0,0,1,1,0,1,0,0,1,1,1,0,1,0,2,1,0,0,2,1,0,0,0,0,1,2,2,0,0,2,2,0,0,0,1,1,2,2,1,2,1,1,1,1,2,1,1,2,2,1,2,1,1,1,0,1,0,1,0,1,1,1,1,1,2,0,1,1,1,0,1,1,0,1,1,1,1,1,1,1,1,1,0,0,1,1,0,1,0,1,1,0,1,1,1,1,1,1,1,1,0,0,0,0,0,1,1,1,0,1,1,1,1,1,1,1,2,2,1,1,0,0,1,1,0,1,2,0,1,1,2,2,1,0,1,0,0,1,1,2,1,0,1,0,0,0,0,0,0,0,0,2,0,0,0,1,0,1,1,0,1,0,0,0,1,0,0,0,0,1,2,0,0,0,0,0,0,1,0,0,2,0,0,0,1,0,0,0,0,0,0,1,0,0,2,0,0,0,2,0,2,0,0,0,0,0,0,0,251,77
148,Female,0,4,721,23.7,2,2,2,2,2,2,0,2,2,1,2,2,2,2,2,2,2,2,2,2,2,0,2,0,2,2,2,2,2,0,2,0,2,2,2,2,2,2,2,0,0,2,2,2,2,0,2,2,2,2,2,2,2,2,2,2,2,2,2,0,2,2,2,0,2,1,2,2,2,1,2,2,2,1,2,2,2,0,2,1,2,1,2,0,2,0,2,0,2,2,0,0,1,2,2,2,2,2,2,2,1,2,1,1,1,2,2,2,2,1,1,2,2,2,2,2,0,2,2,2,2,2,0,0,2,2,2,2,0,2,2,2,2,2,2,1,2,2,2,1,1,2,0,2,2,2,2,0,2,1,0,2,0,2,1,2,2,2,2,0,2,2,2,2,1,2,1,1,2,2,2,2,2,1,2,2,0,2,2,2,1,2,1,1,2,1,1,0,1,0,2,2,1,2,1,0,2,0,0,2,0,2,0,1,1,1,0,0,2,2,1,0,1,1,0,1,1,1,1,2,2,1,1,1,2,1,0,0,2,1,1,0,0,0,1,2,2,2,2,2,2,2,0,1,2,1,2,2,1,2,2,2,1,2,2,2,2,2,2,1,2,1,1,2,1,1,2,1,2,1,1,2,1,1,2,0,2,1,2,1,1,2,1,1,1,1,2,1,1,1,1,1,0,0,1,1,2,1,0,1,1,1,1,2,2,1,1,1,2,1,1,1,0,1,1,1,2,2,1,2,1,2,2,1,1,1,2,2,2,2,1,0,2,2,0,2,2,2,2,2,2,2,2,1,1,0,0,1,2,2,1,0,2,1,1,1,0,1,1,0,1,2,1,0,0,2,1,2,2,1,1,0,0,0,1,1,0,0,0,2,2,0,0,0,0,0,0,1,0,2,2,0,2,0,1,0,0,0,0,2,1,1,1,2,2,0,2,0,2,0,2,0,0,0,0,0,0,1,333,216
148,Female,0,4,848,27.9,2,2,2,2,2,2,2,2,2,1,2,2,2,2,2,2,2,2,2,2,2,2,2,2,2,2,2,2,2,1,2,1,2,2,2,2,2,2,2,2,1,2,2,2,2,1,2,2,2,2,2,2,2,2,2,2,2,2,2,2,2,2,2,2,2,2,2,2,2,2,2,2,2,2,2,2,2,1,2,1,2,2,2,2,2,0,2,2,2,2,2,1,2,2,2,2,2,2,2,2,2,2,2,2,2,2,2,2,2,2,2,2,2,2,2,2,2,2,2,2,2,2,2,2,2,2,2,2,2,2,2,2,2,2,2,2,2,2,2,2,2,2,2,2,2,2,2,0,2,1,0,2,1,2,2,2,2,2,2,2,2,2,2,2,2,2,2,2,2,2,2,2,2,2,2,2,2,2,2,2,2,2,2,2,2,2,2,2,2,0,2,2,2,2,1,2,2,0,2,2,0,2,0,2,2,2,0,2,2,2,2,2,2,2,0,2,1,2,2,2,2,2,2,2,2,2,2,0,2,2,2,2,2,2,2,2,2,2,2,2,2,2,1,1,2,2,2,2,2,2,2,2,2,2,2,2,2,2,2,2,2,1,2,2,1,2,2,1,2,2,2,2,2,2,2,1,2,2,2,2,2,2,2,2,2,2,2,1,2,2,1,2,0,2,1,2,2,2,0,2,2,2,1,2,2,1,1,2,2,1,2,1,0,2,2,2,2,2,1,2,2,2,2,1,1,2,2,2,2,2,2,1,2,2,1,2,2,2,2,2,2,2,2,2,1,1,0,1,2,2,2,2,2,1,2,1,0,2,1,0,1,2,2,2,0,2,2,2,2,2,2,0,2,0,2,2,2,0,2,2,2,0,0,0,0,0,0,1,2,2,2,2,2,2,1,0,2,0,0,2,1,2,2,2,2,2,2,2,2,0,2,0,2,0,0,0,0,2,383,342
149,Female,0,2,667,21.9,1,1,1,2,1,1,1,1,1,1,2,2,1,1,1,1,1,1,1,1,1,0,1,1,1,1,1,1,1,0,1,0,0,1,1,0,1,0,1,0,0,1,1,1,1,0,0,1,1,1,0,1,1,1,0,1,1,1,1,0,1,1,1,1,1,1,1,1,1,1,1,1,1,0,1,1,1,1,1,1,1,1,2,0,1,0,1,1,1,0,1,0,1,1,1,1,1,1,1,1,1,1,1,1,1,1,1,1,1,1,1,1,1,1,1,1,1,1,1,1,0,0,0,0,0,0,0,0,0,0,0,0,0,0,0,0,0,0,0,0,0,0,0,0,0,0,0,0,0,0,0,0,0,0,0,0,0,0,0,0,0,0,0,0,0,0,0,0,0,0,0,0,0,0,0,0,0,0,0,0,0,1,1,0,1,1,1,1,1,0,1,1,1,1,1,1,1,1,0,1,0,1,0,1,1,1,0,1,0,1,1,1,1,0,0,1,1,1,1,1,1,1,1,1,1,0,1,0,2,0,0,0,0,0,0,1,1,0,0,2,2,0,0,0,1,1,2,1,1,2,1,1,1,2,2,0,1,1,1,1,2,1,1,1,1,0,1,1,1,1,1,1,1,1,1,0,1,1,1,1,1,1,1,1,1,1,1,1,1,1,1,1,1,1,0,1,1,1,1,1,1,1,1,1,1,1,1,1,1,1,1,1,1,1,1,1,1,1,1,1,1,1,1,1,1,1,1,1,1,1,1,1,1,1,0,1,1,1,1,1,1,1,1,1,1,1,0,1,1,1,1,0,1,1,1,1,0,1,1,0,1,1,1,0,0,0,1,0,1,1,1,0,1,1,1,1,0,0,1,1,1,1,0,0,0,0,0,0,0,1,1,1,1,0,1,0,1,1,1,1,1,1,1,1,1,1,1,0,1,1,1,1,0,0,0,0,0,1,286,12
149,Female,0,2,808,26.6,2,2,1,2,1,2,2,1,2,2,2,2,1,1,2,2,2,1,2,1,2,1,2,1,2,1,2,1,1,0,2,1,0,1,1,1,1,1,1,0,1,1,2,1,1,0,0,2,2,2,2,1,2,2,1,1,2,2,2,1,2,2,2,1,1,1,2,2,2,2,1,2,1,1,2,2,1,1,2,2,1,1,2,1,2,1,2,2,2,2,1,1,2,2,2,2,2,2,2,2,2,2,2,2,2,2,2,2,2,2,2,2,2,2,2,2,2,2,2,2,2,2,1,2,1,2,1,2,1,2,1,2,1,1,2,1,2,1,2,1,1,2,1,1,1,2,1,0,1,1,0,1,2,2,2,1,1,1,2,1,1,1,2,2,1,2,1,1,1,2,2,1,2,1,1,1,2,2,1,1,1,2,2,1,2,1,2,1,1,0,2,1,1,1,2,2,2,1,1,1,1,2,1,2,1,2,1,1,2,1,1,1,1,1,1,1,1,1,2,2,1,1,2,1,2,1,1,1,2,1,1,0,1,0,1,1,1,1,2,2,2,1,0,1,2,1,2,2,1,2,2,1,1,2,2,1,1,2,2,2,2,1,1,2,1,1,1,1,1,1,1,2,2,1,1,1,1,1,1,1,1,1,2,1,1,1,1,1,1,1,1,1,1,1,1,2,1,2,1,1,2,1,1,1,1,2,2,1,1,1,1,1,1,1,1,1,1,2,1,2,1,2,1,1,1,1,2,1,1,1,1,1,2,1,1,2,2,1,1,2,1,1,1,1,1,1,0,1,2,1,2,1,2,1,1,1,0,1,1,0,1,2,1,1,1,1,1,1,1,2,2,1,2,1,1,1,2,1,1,2,2,1,1,0,1,1,1,2,1,2,2,1,1,0,2,0,1,2,1,1,1,1,1,1,1,1,1,0,2,1,2,2,0,0,0,0,0,1,395,164
157,Male,0,2,435,14.3,2,0,0,2,2,1,2,1,1,1,1,1,0,0,0,0,0,0,2,0,0,0,1,0,1,0,0,0,0,0,0,0,0,0,0,0,0,0,0,0,0,0,0,0,0,0,0,0,1,0,0,0,0,1,0,0,0,0,1,0,2,1,0,0,2,1,1,2,1,0,0,0,0,0,1,0,0,0,2,0,0,1,1,0,0,0,2,0,0,0,0,0,0,0,0,0,1,0,0,0,0,1,0,0,1,1,1,1,1,0,0,1,1,1,1,1,0,0,0,0,0,0,0,0,0,2,0,0,0,1,0,1,1,0,0,1,0,1,1,0,0,1,0,0,0,0,0,0,0,1,0,1,0,1,0,0,0,0,0,0,0,0,0,0,0,1,0,0,0,0,0,1,1,0,0,0,0,0,0,0,0,0,0,0,1,0,0,1,0,0,1,0,0,0,0,0,0,0,0,0,0,0,0,0,0,0,0,0,0,0,0,0,0,0,0,0,0,0,2,0,1,0,0,0,0,0,0,0,2,0,0,0,0,0,0,0,0,0,0,2,2,0,0,0,0,0,2,1,0,0,2,1,1,0,1,0,0,0,1,0,0,1,0,2,1,0,0,0,0,0,0,0,0,0,1,0,0,0,2,0,0,1,0,0,0,0,0,1,1,0,0,0,0,0,0,0,0,1,0,0,0,1,0,1,1,0,0,0,0,0,0,0,0,0,0,1,0,0,0,0,1,0,0,0,0,0,1,1,0,0,2,0,1,0,0,0,0,0,1,1,0,0,1,0,0,0,0,1,1,0,0,0,1,0,0,0,0,0,0,0,0,0,0,0,0,0,0,0,0,1,0,0,0,0,0,0,0,0,0,0,0,0,0,0,0,0,0,0,0,0,1,0,0,0,0,0,0,0,0,0,0,0,0,0,0,0,0,0,0,0,1,0,0,0,0,0,0,0,96,20
157,Male,0,2,632,20.8,2,2,0,2,2,2,2,1,2,2,2,2,0,2,2,1,1,0,2,0,0,0,1,0,2,0,0,0,0,0,0,0,0,1,0,0,0,1,1,0,0,1,1,0,1,0,0,1,1,1,0,0,1,2,1,1,1,2,1,1,2,2,0,2,2,1,2,2,2,0,0,2,0,0,1,0,0,0,2,0,0,1,1,0,0,0,2,0,1,1,0,1,0,2,1,1,2,0,1,1,1,1,1,0,2,2,1,1,1,0,1,2,2,2,2,2,2,0,2,0,1,2,0,0,1,2,0,1,0,2,0,2,1,0,2,1,1,1,2,0,0,2,0,0,1,1,1,0,2,1,0,1,0,2,1,1,1,0,1,0,0,1,1,0,0,1,1,0,1,0,1,1,2,0,0,0,1,0,0,1,0,2,0,0,1,2,2,1,1,0,1,1,0,1,0,2,1,1,0,1,0,2,0,1,1,0,0,1,0,0,0,0,0,0,0,1,0,1,2,2,1,1,0,0,0,0,1,0,2,0,0,0,0,0,0,0,0,0,2,2,2,0,0,0,1,1,2,1,0,2,2,1,1,0,2,0,0,2,2,0,2,1,0,2,1,1,0,0,0,0,1,0,1,1,1,0,0,1,2,0,1,1,1,0,1,0,1,1,1,0,1,1,0,1,0,0,0,1,0,0,1,1,1,1,1,0,1,1,0,0,0,0,0,0,0,1,0,0,1,0,1,0,1,0,0,0,1,1,1,0,2,0,2,0,1,0,0,1,1,1,0,1,1,1,1,0,0,1,1,0,0,0,1,1,1,0,0,1,1,0,0,0,0,0,0,0,1,1,1,1,0,0,0,0,1,0,0,0,1,0,0,1,0,0,0,0,0,0,0,2,2,0,0,0,0,0,0,0,2,1,0,2,1,2,2,1,2,0,1,0,2,0,0,0,0,0,0,0,220,77
158,Female,0,2,563,18.5,2,0,0,2,2,2,0,1,2,0,2,2,0,0,2,1,1,1,1,1,1,0,2,0,2,1,1,1,1,0,1,0,0,1,0,0,2,0,2,0,0,2,0,0,0,0,0,0,2,1,1,2,2,2,0,1,0,2,1,0,1,0,2,0,1,1,1,1,1,1,1,1,0,1,2,1,1,0,1,1,1,1,1,0,2,2,1,1,1,1,1,0,1,1,1,1,1,0,1,1,1,1,2,0,0,1,1,1,1,1,1,1,2,1,1,0,0,0,1,1,0,2,0,0,1,1,1,1,0,2,0,0,0,0,2,0,1,1,1,1,1,1,1,0,1,1,1,0,1,1,0,1,0,1,1,1,1,1,0,0,2,1,0,0,0,1,0,0,0,0,1,1,2,0,0,0,0,0,0,0,0,1,2,0,0,0,1,0,0,0,0,0,0,0,0,2,0,0,0,2,0,1,0,0,1,0,0,0,0,0,0,0,0,0,0,0,0,0,0,1,1,0,1,1,2,0,1,0,0,1,0,0,0,1,0,1,0,1,0,0,0,0,0,1,0,1,0,1,2,1,1,1,0,1,1,1,0,1,1,0,2,1,0,2,0,0,1,0,0,0,1,0,0,1,1,0,1,0,0,0,1,1,1,0,0,0,1,0,0,0,0,0,0,1,1,2,0,0,0,0,1,0,1,1,1,0,0,0,0,0,0,0,1,1,1,1,0,1,1,0,1,0,0,1,0,1,0,0,0,0,0,0,0,0,0,0,2,1,1,0,1,0,0,0,0,1,0,1,1,0,1,0,1,1,0,0,0,2,0,0,2,2,0,1,0,0,0,0,0,0,2,0,0,0,0,0,0,0,0,0,1,1,0,0,0,0,0,0,0,2,0,0,0,0,0,0,1,1,1,1,1,1,1,0,0,0,0,0,0,0,0,0,0,0,0,0,0,0,196,43
158,Female,0,2,598,19.7,2,0,0,2,2,2,2,1,2,2,2,2,0,1,2,1,1,1,1,1,1,0,2,0,2,1,1,1,1,0,1,0,0,1,1,1,2,0,2,0,0,2,0,0,0,0,0,0,2,1,1,2,2,2,0,1,0,2,1,0,0,0,0,0,0,0,0,0,0,0,0,0,0,0,0,0,0,0,0,0,0,0,0,0,0,0,0,0,0,0,0,0,0,0,0,0,0,0,0,0,0,0,0,0,0,0,0,0,0,0,0,0,0,0,0,0,0,0,0,0,0,0,0,0,0,0,0,0,0,0,0,0,0,0,0,0,0,0,0,0,0,0,0,0,0,0,0,0,0,0,0,0,0,0,0,0,0,0,0,0,0,0,0,0,0,0,0,0,0,0,0,0,0,0,0,0,0,0,0,0,0,0,0,0,0,0,0,0,0,0,0,0,0,0,0,0,0,0,0,0,0,0,0,0,0,0,0,0,0,0,0,0,0,0,0,0,0,0,0,0,0,0,0,0,0,0,0,0,0,0,0,0,0,0,0,0,0,0,0,0,0,0,0,0,0,0,0,0,0,0,0,0,0,0,0,0,0,0,0,0,0,0,0,0,0,0,0,0,0,0,0,0,0,0,0,0,0,0,0,0,0,0,0,0,0,0,0,0,0,0,0,0,0,0,0,0,0,0,0,0,0,0,0,0,0,0,0,0,0,0,0,0,0,0,0,0,0,0,0,0,0,0,0,0,0,0,0,0,0,0,0,0,0,0,0,0,0,0,0,0,0,0,0,0,0,0,0,0,0,0,0,0,0,0,0,0,0,0,0,0,0,0,0,0,0,0,0,0,0,0,0,0,0,0,0,0,0,0,0,0,0,0,0,0,0,0,0,0,0,0,0,0,0,0,0,0,0,0,0,0,0,0,0,0,0,0,0,0,0,0,0,0,0,0,0,0,0,0,40,20
160,Female,0,4,351,11.5,0,0,0,0,0,0,0,0,0,0,0,0,0,0,1,1,1,0,1,0,0,0,1,0,1,0,2,0,0,0,0,0,0,0,0,0,0,0,0,0,1,1,0,0,0,0,0,0,0,0,0,0,0,0,0,0,0,1,1,0,1,1,0,0,0,0,0,0,0,0,0,0,0,0,0,0,0,0,0,0,1,0,0,0,0,0,0,0,0,0,0,0,0,0,0,0,0,0,0,0,0,0,1,0,0,0,0,0,0,0,0,0,1,0,0,0,0,0,0,0,1,0,0,0,0,0,0,0,0,0,0,0,0,0,1,0,0,0,0,0,0,0,0,0,0,0,0,0,0,0,0,0,0,0,0,0,0,0,0,0,1,0,0,0,0,0,0,0,0,0,0,0,0,0,0,0,0,0,0,0,0,0,0,0,0,0,0,0,0,0,0,0,0,0,0,0,0,0,0,0,0,0,0,0,0,0,1,0,0,0,0,0,0,0,0,0,0,0,0,0,1,0,0,0,1,0,0,0,0,0,0,0,0,0,0,0,0,0,0,0,0,0,0,0,0,0,1,0,0,1,0,0,0,1,1,0,0,0,0,0,0,0,0,0,0,0,0,0,0,0,0,0,0,0,1,0,0,0,0,0,0,0,0,0,0,0,0,0,0,0,0,0,0,0,0,0,0,0,0,0,0,0,0,0,0,0,0,0,1,0,0,0,0,0,0,0,0,0,0,1,0,0,0,0,0,0,0,0,0,0,0,0,0,0,0,0,0,0,0,0,0,0,0,0,0,0,0,0,0,0,0,0,0,0,0,0,0,0,0,0,0,0,0,0,0,0,0,0,0,0,0,0,0,0,1,0,0,0,0,0,0,0,0,0,0,0,0,0,0,0,0,0,0,0,0,0,0,0,0,0,0,0,0,0,0,0,0,0,0,0,0,0,0,0,0,0,0,0,30,1
160,Female,0,4,485,15.9,0,0,0,0,0,1,0,0,0,0,0,0,0,0,1,1,1,0,1,0,0,0,1,0,1,0,2,0,0,0,0,0,0,0,0,0,0,0,0,0,1,1,0,0,0,0,0,0,0,0,0,0,0,0,0,0,0,1,1,0,1,1,1,0,0,0,0,0,0,0,0,0,0,0,0,0,0,0,0,0,1,0,0,0,0,0,0,0,0,0,0,0,0,0,0,0,0,0,0,0,0,0,1,0,0,0,0,0,0,0,0,0,1,0,0,0,0,0,0,0,1,0,0,0,0,0,0,0,0,0,0,0,0,0,1,0,0,0,0,0,0,0,0,0,0,0,0,0,0,0,0,0,0,0,0,0,0,0,0,0,1,0,0,0,0,0,0,0,0,0,0,0,0,0,0,0,0,0,0,0,0,0,0,0,0,0,0,0,0,0,0,0,0,0,0,0,0,0,0,0,0,0,0,0,0,0,1,0,0,0,0,0,0,0,0,0,0,0,0,0,1,0,0,0,1,0,0,0,0,0,0,0,0,0,0,1,1,0,0,0,0,0,0,0,0,0,1,0,0,1,0,0,0,1,1,0,0,0,0,0,0,0,0,0,0,0,0,0,0,0,0,0,0,0,1,0,1,0,0,0,0,0,0,0,0,0,1,0,0,0,0,0,0,0,0,0,0,1,0,0,0,0,0,0,0,0,0,0,1,0,0,0,0,0,0,0,1,0,0,1,0,0,0,0,0,0,0,0,0,0,0,0,0,0,0,0,0,0,0,0,0,0,0,0,0,0,0,0,0,0,0,0,1,0,0,0,0,0,0,0,0,0,0,0,0,0,0,0,0,0,0,0,0,0,1,0,0,0,0,0,0,0,0,0,0,0,0,0,0,0,0,0,0,0,0,0,0,0,1,0,0,0,0,0,0,0,0,0,0,0,0,0,0,0,0,0,0,0,40,1
160,Female,0,4,495,16.3,2,1,2,0,2,2,0,1,2,0,0,2,0,0,1,1,1,1,1,1,1,0,1,0,1,0,1,1,0,0,1,0,0,0,0,0,1,0,1,0,1,1,1,0,0,0,0,0,1,1,0,1,1,2,0,0,1,1,1,1,1,2,1,1,1,1,1,2,1,1,0,0,1,0,2,1,1,0,1,1,1,1,1,0,0,0,0,0,0,1,0,0,0,0,1,0,1,1,1,1,1,1,1,0,1,1,1,1,1,0,0,2,1,0,1,0,0,0,0,1,1,1,0,0,0,1,0,0,0,1,0,1,0,0,1,1,1,1,1,1,0,2,1,0,1,1,1,0,1,1,0,1,1,1,1,1,1,0,1,0,1,1,1,0,0,0,0,0,0,0,0,1,1,0,1,0,0,0,1,1,0,1,0,0,1,1,0,1,1,0,1,0,0,1,0,0,1,1,0,1,0,1,0,1,0,0,1,1,1,1,0,1,1,0,0,0,0,0,1,1,1,1,0,0,1,0,0,0,2,0,0,0,0,0,0,1,1,0,0,2,0,0,0,0,1,0,2,0,1,1,0,1,0,1,1,0,1,0,0,0,0,1,0,2,1,0,0,0,2,0,0,0,0,0,1,0,1,0,1,0,0,1,0,0,0,0,1,1,0,0,1,1,0,1,0,1,0,1,0,0,1,0,0,1,0,0,0,0,1,0,1,1,0,0,1,1,1,0,0,1,1,1,1,0,0,0,1,1,1,0,1,0,1,0,0,0,1,0,0,0,0,0,0,0,0,0,0,1,0,0,0,0,1,0,0,0,0,0,0,0,1,0,0,0,0,0,0,0,0,0,0,0,0,0,1,0,0,0,0,0,0,0,0,0,0,0,0,0,0,0,0,0,0,0,0,0,0,0,1,0,1,0,0,1,2,0,0,0,1,0,2,0,0,0,0,0,0,1,183,19
160,Female,0,4,537,17.7,2,2,2,1,2,2,2,1,2,1,1,2,1,1,1,1,1,1,1,1,1,1,2,1,1,1,2,1,0,1,1,1,1,1,1,1,1,1,1,1,1,1,1,1,1,0,1,1,1,1,1,1,2,2,0,1,1,2,1,1,2,2,1,1,1,1,1,2,1,1,1,1,1,0,2,1,1,0,1,1,1,1,1,0,0,0,1,1,2,1,1,0,2,1,1,2,1,1,1,2,1,1,1,1,1,1,1,1,1,1,1,2,2,1,1,0,2,0,1,1,1,1,0,0,0,1,1,0,1,1,0,1,1,0,1,1,1,1,1,1,0,2,1,0,1,1,1,0,1,1,0,1,1,1,1,1,1,1,1,0,1,1,1,2,1,1,0,1,1,1,1,1,1,0,1,0,0,1,1,1,0,1,1,0,2,1,0,1,1,0,1,1,0,1,0,0,1,1,0,1,0,1,0,1,0,1,1,1,1,1,1,1,1,1,1,1,0,1,1,1,1,1,1,1,1,2,0,0,2,0,0,1,0,0,1,1,1,1,1,2,0,1,0,0,1,0,2,1,1,2,1,1,0,1,1,0,1,1,0,2,1,1,0,2,1,1,1,1,2,0,1,0,1,0,1,0,1,1,1,0,1,1,1,0,1,0,1,1,1,0,1,1,0,1,0,1,1,1,0,0,1,0,0,1,1,1,1,1,1,1,1,1,0,1,1,1,1,0,1,1,1,1,1,0,0,1,1,1,1,0,1,0,1,0,0,0,1,1,0,1,1,0,0,0,0,0,0,1,0,0,0,0,1,0,1,1,0,0,0,0,1,0,0,0,0,0,0,0,0,1,0,0,0,0,1,1,0,0,0,0,0,0,0,0,0,0,0,0,0,2,2,0,0,0,1,1,1,1,1,1,1,0,0,1,2,0,0,0,1,0,2,0,0,0,0,0,0,1,287,39
161,Female,0,4,511,16.8,2,0,2,2,2,2,1,2,2,2,2,2,0,0,1,1,1,0,1,0,0,0,1,0,0,0,0,0,0,0,1,0,0,1,0,1,0,0,1,0,0,0,0,0,0,0,0,0,0,0,0,0,0,0,0,0,0,1,0,0,0,1,0,0,2,0,0,2,1,0,0,0,0,0,0,0,0,0,1,0,0,0,0,0,0,0,0,0,0,0,0,0,0,0,0,0,0,0,0,1,0,0,0,0,0,0,0,0,0,0,0,1,0,0,0,0,0,0,0,0,0,0,0,0,0,0,0,0,0,0,0,1,0,0,0,0,0,0,0,0,0,0,0,0,0,0,0,0,0,0,0,0,0,0,0,0,0,0,0,0,0,0,0,0,0,0,0,0,1,0,0,0,0,0,0,0,0,0,1,0,0,0,0,0,0,0,0,0,0,0,0,2,0,0,0,0,0,0,0,0,0,0,0,1,0,0,0,0,0,0,0,0,0,0,0,0,0,0,0,0,0,0,0,0,2,0,0,0,2,0,0,0,0,0,0,0,0,0,0,1,0,0,0,0,0,0,2,0,0,2,0,0,0,0,2,0,2,0,0,0,2,0,0,2,0,0,0,0,0,0,0,0,0,0,0,0,0,0,0,0,0,0,0,0,0,0,0,0,0,0,0,0,0,0,0,0,0,1,0,0,2,0,0,0,0,0,0,0,0,0,0,0,0,0,0,0,0,0,0,0,0,0,0,0,0,0,2,0,0,0,0,0,0,0,0,0,0,0,0,0,0,0,0,0,0,0,0,0,1,0,0,0,2,0,0,0,0,0,0,0,0,0,0,0,0,0,0,0,0,0,0,0,2,0,0,0,0,0,0,0,0,0,0,0,0,0,0,0,0,0,0,0,0,0,0,0,0,0,0,0,0,0,0,0,0,0,0,0,0,0,0,0,0,0,0,0,0,0,48,25
161,Female,0,4,544,17.9,2,0,2,2,2,2,1,2,2,2,2,2,0,0,2,1,1,0,2,0,1,0,2,0,1,0,0,0,0,0,1,0,0,1,1,1,0,0,1,0,0,1,1,0,0,0,0,0,0,0,0,0,0,0,0,0,0,1,0,0,0,1,0,0,2,0,0,2,1,0,0,1,0,0,1,0,0,0,1,0,0,0,0,0,0,0,0,0,0,1,0,0,0,0,0,0,1,0,0,1,0,0,0,0,0,0,0,0,1,0,0,1,0,1,0,0,0,0,0,0,0,0,0,0,0,0,0,0,0,0,0,1,0,0,0,0,0,0,0,0,0,1,0,0,0,0,0,0,0,0,0,0,0,0,0,0,0,0,0,0,0,0,0,0,0,0,0,0,1,0,0,0,0,0,0,0,0,0,1,0,0,0,0,0,0,0,0,0,0,0,0,2,0,0,0,0,0,0,0,0,0,0,0,2,0,0,0,0,0,0,0,0,0,0,0,0,0,0,0,1,0,0,0,0,2,0,0,0,2,0,0,0,0,0,0,0,0,0,0,2,0,0,0,0,0,0,2,0,0,2,0,0,0,2,2,0,2,0,0,0,2,0,0,2,0,0,0,0,0,0,0,2,0,0,1,0,0,0,0,0,0,0,0,0,0,0,0,0,0,0,0,0,0,0,0,0,0,1,0,0,2,0,0,0,0,0,0,0,0,0,0,0,0,0,0,0,0,0,0,0,0,0,1,0,0,0,2,0,0,0,0,0,0,0,0,0,0,0,0,0,0,0,0,0,0,0,0,0,1,0,0,0,2,0,0,0,0,0,0,0,0,0,0,0,0,0,0,0,1,0,0,0,2,0,0,0,0,0,0,0,0,0,0,0,0,0,0,0,0,0,0,0,0,0,0,0,0,0,0,0,0,0,0,0,0,0,0,0,0,0,0,0,0,0,0,0,0,0,66,32
161,Female,0,4,676,22.2,2,2,2,2,2,2,2,2,2,2,2,2,0,2,2,2,2,1,2,1,2,0,2,1,1,1,2,2,1,0,1,0,0,1,1,1,2,1,1,0,0,1,2,0,1,0,1,1,1,2,0,0,0,2,0,1,1,2,2,0,2,2,2,1,2,0,2,2,1,0,1,2,1,1,1,1,2,0,2,2,2,0,1,0,0,0,2,2,1,2,0,0,2,2,0,1,1,0,2,2,0,1,2,0,2,2,2,2,2,1,0,2,2,1,2,0,2,2,2,2,1,2,0,0,0,1,1,1,0,2,0,2,0,2,1,1,2,0,2,1,1,2,1,0,1,1,0,0,0,0,0,1,0,2,0,1,1,0,0,0,2,0,0,2,2,1,1,0,2,2,2,2,1,0,0,2,0,0,2,2,1,0,0,0,2,2,0,1,2,0,0,2,0,2,0,0,0,0,0,0,0,2,0,2,0,1,0,0,0,0,0,0,0,0,0,0,0,0,2,1,2,0,1,0,2,0,0,0,2,0,0,0,0,0,0,2,2,0,0,2,2,0,0,0,1,2,2,0,0,2,2,1,1,2,2,0,2,0,2,2,2,0,0,2,0,1,0,0,2,0,0,2,0,1,1,0,0,1,2,0,0,0,0,0,0,2,0,0,0,0,0,0,0,0,0,0,0,1,0,0,2,0,0,1,0,1,1,0,0,0,2,0,0,2,0,0,1,1,1,0,1,1,1,0,0,0,2,1,1,0,0,0,2,1,0,0,0,1,1,0,1,0,1,0,0,0,0,2,1,0,0,0,2,1,0,0,0,0,2,0,0,0,0,0,0,0,0,0,1,2,0,0,2,0,2,0,0,0,0,0,2,0,0,0,0,0,0,0,0,0,0,0,0,0,2,0,0,0,0,0,0,0,0,0,0,0,0,0,0,0,1,0,0,0,0,0,0,0,202,119
161,Female,0,4,735,24.2,2,2,2,2,2,2,2,2,2,2,2,2,1,2,2,2,2,2,2,2,2,0,2,2,2,2,2,2,2,1,2,1,1,2,2,2,2,2,2,0,1,2,2,0,1,0,1,2,1,2,0,0,1,2,0,2,2,2,2,0,2,2,2,1,2,1,2,2,2,0,1,2,1,1,2,2,2,0,2,2,2,0,2,0,0,0,2,2,2,2,0,0,2,2,1,2,1,2,2,2,1,2,2,2,2,2,2,2,2,2,1,2,2,1,2,0,2,2,2,2,1,2,0,1,0,1,1,1,0,2,1,2,2,2,2,1,2,0,2,1,2,2,1,0,2,1,1,0,1,0,0,1,0,2,2,2,2,1,0,0,2,1,2,2,2,2,1,0,2,2,2,2,1,0,0,2,0,0,2,2,1,1,0,0,2,2,1,2,2,0,0,2,0,2,0,0,2,0,0,0,0,2,0,2,0,1,0,1,0,0,0,0,1,0,0,0,1,0,2,1,2,0,1,0,2,2,0,0,2,0,0,0,0,0,0,2,2,0,0,2,2,0,0,0,2,2,2,0,0,2,2,2,1,2,2,0,2,1,2,2,2,0,0,2,0,1,1,0,2,0,0,2,0,1,2,0,0,1,2,0,0,0,0,0,0,2,0,0,0,0,0,0,1,0,0,0,0,1,0,0,2,0,0,2,0,2,2,0,0,0,2,0,1,2,0,2,1,2,1,2,1,1,2,0,0,1,2,2,1,0,0,0,2,2,0,0,2,1,1,1,1,1,1,1,0,0,0,2,1,0,0,0,2,1,0,0,0,0,2,0,2,2,0,0,0,0,0,0,1,2,0,0,2,0,2,0,0,0,0,0,2,0,0,0,0,0,0,0,0,0,0,0,0,0,2,0,0,0,0,0,0,0,0,2,0,0,2,2,0,0,1,0,0,0,0,0,2,0,247,176
163,Male,0,4,663,21.8,2,2,2,2,2,2,2,2,2,2,2,2,2,2,2,2,2,2,2,2,2,0,1,1,2,1,2,2,2,1,1,1,2,2,2,1,2,2,1,1,1,2,2,1,1,1,2,2,1,2,2,1,2,2,1,1,2,2,2,1,2,2,2,2,2,1,2,2,2,1,1,2,1,2,2,1,2,0,2,2,2,2,2,0,2,0,2,2,2,2,1,1,2,2,2,2,1,2,2,2,2,2,2,2,2,2,2,2,2,2,1,2,2,2,2,1,1,2,2,1,2,2,1,2,2,2,1,2,1,2,2,2,2,1,2,1,2,2,2,1,1,2,2,1,2,2,2,1,2,1,1,1,2,2,2,2,2,2,2,0,2,2,2,2,2,2,1,1,2,2,2,2,2,2,1,2,0,2,2,2,1,2,1,2,2,1,1,2,2,1,2,2,2,2,1,1,2,1,1,1,1,2,1,2,2,2,1,1,1,1,1,1,2,1,1,1,1,1,2,2,2,2,2,2,2,2,0,1,2,2,2,1,1,0,2,2,2,2,2,2,2,1,0,1,2,2,2,2,2,2,2,2,2,2,2,2,2,2,2,2,2,2,1,2,2,1,2,1,2,1,2,2,2,2,2,1,1,2,2,1,1,2,2,1,2,1,2,1,2,1,2,2,2,1,1,2,2,2,1,2,2,2,1,2,2,2,2,1,2,1,2,2,2,2,2,2,2,2,1,2,2,2,2,2,1,2,2,2,2,2,2,1,2,2,1,2,2,1,2,2,2,2,2,1,1,2,1,2,1,2,2,2,2,2,2,2,0,1,2,2,1,2,1,0,0,2,2,1,1,2,2,1,1,0,1,1,1,2,2,1,2,2,1,2,1,2,1,1,2,2,2,1,2,2,2,2,2,2,2,2,1,1,2,2,2,2,2,2,2,2,2,1,2,2,2,2,2,1,405,285
163,Male,0,4,699,23,2,2,2,2,2,2,2,2,2,2,2,2,2,2,2,2,2,2,2,2,2,1,2,2,2,2,2,2,2,1,2,1,2,2,2,2,2,2,1,1,1,2,2,2,2,2,2,2,2,2,2,2,2,2,1,1,2,2,2,2,2,2,2,2,2,2,2,2,2,2,1,2,1,2,2,2,2,1,2,2,2,2,2,0,2,0,2,2,2,2,1,1,2,2,2,2,2,2,2,2,2,2,2,2,2,2,2,2,2,2,2,2,2,2,2,2,2,2,2,1,2,2,1,2,2,2,1,2,1,2,2,2,2,2,2,2,2,2,2,1,1,2,2,1,2,2,2,1,2,1,1,2,2,2,2,2,2,2,2,2,2,2,2,2,2,2,1,2,2,2,2,2,2,2,2,2,1,2,2,2,2,2,2,2,2,2,2,2,2,1,2,2,2,2,1,1,2,1,2,1,1,2,1,2,2,2,1,2,2,2,2,1,2,1,1,2,1,1,2,2,2,2,2,2,2,2,0,1,2,2,2,1,1,0,2,2,2,2,2,2,2,2,0,1,2,2,2,2,2,2,2,2,2,2,2,2,2,2,2,2,2,2,2,2,2,2,2,1,2,1,2,2,2,2,2,2,2,2,2,2,2,2,2,2,2,2,2,2,2,1,2,2,2,1,2,2,2,2,1,2,2,2,2,2,2,2,2,2,2,2,2,2,2,2,2,2,2,2,2,2,2,2,2,2,1,2,2,2,2,2,2,1,2,2,1,2,2,2,2,2,2,2,2,1,1,2,1,2,2,2,2,2,2,2,2,2,0,2,2,2,1,2,2,0,0,2,2,1,2,2,2,1,1,1,1,1,1,2,2,2,2,2,2,2,2,2,1,1,2,2,2,1,2,2,2,2,2,2,2,2,2,2,2,2,2,2,2,2,2,2,2,1,2,2,2,2,2,1,410,344
163,Male,0,4,730,24,2,2,2,2,2,2,2,2,2,2,2,2,2,2,2,2,2,2,2,2,2,1,2,2,2,2,2,2,2,1,2,1,2,2,2,2,2,2,2,1,1,2,2,2,2,2,2,2,2,2,2,2,2,2,2,2,2,2,2,2,2,2,2,2,2,2,2,2,2,2,2,2,2,2,2,2,2,1,2,2,2,2,2,0,2,0,2,2,2,2,2,1,2,2,2,2,2,2,2,2,2,2,2,2,2,2,2,2,2,2,2,2,2,2,2,2,2,2,2,1,2,2,1,2,2,2,2,2,1,2,2,2,2,2,2,2,2,2,2,2,1,2,2,2,2,2,2,1,2,2,1,2,2,2,2,2,2,2,2,2,2,2,2,2,2,2,2,2,2,2,2,2,2,2,2,2,2,2,2,2,2,2,2,2,2,2,2,2,2,1,2,2,2,2,1,1,2,1,2,2,1,2,1,2,2,2,1,2,2,2,2,1,2,1,1,2,1,2,2,2,2,2,2,2,2,2,0,1,2,2,2,1,1,0,2,2,2,2,2,2,2,2,0,1,2,2,2,2,2,2,2,2,2,2,2,2,2,2,2,2,2,2,2,2,2,2,2,1,2,1,2,2,2,2,2,2,2,2,2,2,2,2,2,2,2,2,2,2,2,2,2,2,2,1,2,2,2,2,1,2,2,2,2,2,2,2,2,2,2,2,2,2,2,2,2,2,2,2,2,2,2,2,2,2,2,2,2,2,2,2,2,2,2,2,1,2,2,2,2,2,2,2,2,1,1,2,2,2,2,2,2,2,2,2,2,2,0,2,2,2,1,2,2,0,0,2,2,1,2,2,2,1,2,1,2,1,1,2,2,2,2,2,2,2,2,2,1,1,2,2,2,2,2,2,2,2,2,2,2,2,2,2,2,2,2,2,2,2,2,2,2,1,2,2,2,2,2,2,410,366
163,Male,0,4,744,24.5,2,2,2,2,2,2,2,2,2,2,2,2,2,2,2,2,2,2,2,2,2,1,2,2,2,2,2,2,2,1,2,1,2,2,2,2,2,2,2,1,1,2,2,2,2,2,2,2,2,2,2,2,2,2,2,2,2,2,2,2,2,2,2,2,2,2,2,2,2,2,2,2,2,2,2,2,2,1,2,2,2,2,2,0,2,0,2,2,2,2,2,1,2,2,2,2,2,2,2,2,2,2,2,2,2,2,2,2,2,2,2,2,2,2,2,2,2,2,2,1,2,2,1,2,2,2,2,2,1,2,2,2,2,2,2,2,2,2,2,2,1,2,2,2,2,2,2,1,2,2,1,2,2,2,2,2,2,2,2,2,2,2,2,2,2,2,2,2,2,2,2,2,2,2,2,2,2,2,2,2,2,2,2,2,2,2,2,2,2,1,2,2,2,2,1,1,2,1,2,2,1,2,1,2,2,2,1,2,2,2,2,1,2,1,1,2,2,2,2,2,2,2,2,2,2,2,0,1,2,2,2,1,1,0,2,2,2,2,2,2,2,2,0,2,2,2,2,2,2,2,2,2,2,2,2,2,2,2,2,2,2,2,2,2,2,2,2,1,2,1,2,2,2,2,2,2,2,2,2,2,2,2,2,2,2,2,2,2,2,2,2,2,2,1,2,2,2,2,1,2,2,2,2,2,2,2,2,2,2,2,2,2,2,2,2,2,2,2,2,2,2,2,2,2,2,2,2,2,2,2,2,2,2,2,1,2,2,2,2,2,2,2,2,1,1,2,2,2,2,2,2,2,2,2,2,2,0,2,2,2,2,2,2,0,0,2,2,1,2,2,2,1,2,1,2,1,1,2,2,2,2,2,2,2,2,2,1,1,2,2,2,2,2,2,2,2,2,2,2,2,2,2,2,2,2,2,2,2,2,2,2,1,2,2,2,2,2,2,410,369
164,Male,0,2,707,23.2,2,2,1,2,2,2,2,2,2,2,2,2,1,1,1,2,2,2,2,2,2,1,2,1,2,1,2,1,2,1,2,1,1,2,2,1,2,2,2,1,1,2,2,0,1,0,0,1,0,2,2,0,2,2,0,2,2,2,2,2,2,2,1,1,2,1,2,2,2,1,1,2,1,1,2,1,1,0,2,1,0,2,1,1,2,1,2,2,1,1,1,1,2,2,2,2,1,1,2,2,0,2,2,2,2,2,2,2,2,2,2,2,2,2,2,1,2,0,2,0,1,2,2,1,2,2,1,1,2,2,1,1,1,0,2,2,2,2,2,1,1,2,1,0,0,2,1,0,2,0,0,1,0,2,1,2,1,0,0,0,0,1,2,0,1,2,0,0,2,0,1,2,1,1,2,1,0,2,1,1,0,2,2,0,2,1,2,2,1,1,1,0,0,2,0,0,2,0,0,1,0,2,0,2,0,0,0,2,0,2,0,0,2,0,0,2,0,2,2,2,2,1,0,0,2,1,1,0,2,0,1,0,0,0,1,2,2,1,1,2,0,0,0,0,2,2,2,2,1,2,2,2,1,2,2,1,1,2,2,2,2,1,2,2,1,1,0,1,0,1,1,0,0,2,2,0,1,1,2,1,1,2,1,1,1,2,1,1,2,1,1,1,0,1,0,2,1,2,1,2,2,2,1,2,2,1,1,0,1,1,1,1,0,1,1,2,1,2,2,2,2,2,1,1,1,1,2,2,2,0,0,0,2,2,1,1,2,2,1,1,2,1,2,1,1,1,0,1,1,0,1,0,2,1,1,0,1,1,0,0,0,0,0,0,1,1,0,1,1,1,2,1,1,0,0,1,2,1,0,2,1,0,0,0,0,0,0,1,0,2,2,2,0,0,0,0,0,0,0,0,0,1,0,2,0,1,1,0,0,0,2,0,0,0,0,0,1,1,309,169
164,Male,0,2,751,24.7,2,2,1,2,2,2,2,2,2,2,2,2,2,1,1,2,2,2,2,2,2,1,2,1,2,2,2,1,2,1,2,1,1,2,2,2,2,2,2,1,1,2,2,0,1,0,0,1,2,2,2,2,2,2,0,2,2,2,2,2,2,2,1,1,2,1,2,2,2,1,1,2,1,2,2,2,2,0,2,1,2,2,2,1,2,1,2,2,2,1,1,1,2,2,2,2,1,1,2,2,1,2,2,2,2,2,2,2,2,2,2,2,2,2,2,1,2,0,2,0,2,2,2,1,2,2,1,1,2,2,1,1,1,1,2,2,2,2,2,1,1,2,1,0,1,2,1,0,2,0,0,1,0,2,1,2,1,0,0,0,2,1,2,0,1,2,1,0,2,2,1,2,1,1,2,1,0,2,1,1,0,2,2,0,2,2,2,2,1,1,1,0,1,2,0,2,2,0,0,2,0,2,0,2,0,0,0,2,0,2,0,0,2,0,0,2,1,2,2,2,2,1,0,0,2,1,1,0,2,0,1,0,0,0,1,2,2,1,1,2,0,2,0,0,2,2,2,2,2,2,2,2,1,2,2,1,1,2,2,2,2,2,2,2,1,1,0,1,0,1,1,2,1,2,2,0,2,2,2,1,2,2,1,1,1,2,1,1,2,1,1,1,0,1,0,2,1,2,1,2,2,2,1,2,2,1,1,2,2,1,2,1,0,2,1,2,2,2,2,2,2,2,1,1,1,2,2,2,2,1,0,0,2,2,1,2,2,2,1,1,2,1,2,1,1,1,0,1,1,0,1,0,2,1,1,1,1,1,1,0,0,1,1,0,1,1,0,1,1,2,2,1,2,0,2,1,2,1,2,2,1,0,0,0,0,0,0,1,0,2,2,2,0,0,1,0,0,0,2,0,2,1,0,2,0,1,1,0,2,0,2,0,0,0,0,0,1,1,336,207
165,Male,0,2,501,16.5,2,2,0,2,0,2,0,2,2,2,2,0,0,0,0,0,0,0,2,0,1,0,0,0,1,1,0,0,0,0,0,0,0,1,1,0,0,0,0,0,0,0,0,0,0,0,0,0,0,0,0,0,0,0,0,0,0,1,0,0,1,0,0,0,2,0,0,1,0,0,0,0,0,0,0,0,0,0,0,0,0,0,0,0,0,0,0,0,0,0,0,0,0,0,0,0,0,0,0,0,0,0,1,0,0,0,0,0,0,0,0,2,0,0,0,1,0,0,0,0,0,0,0,0,0,1,0,0,0,2,0,1,0,0,1,0,0,0,0,0,0,0,0,0,0,0,0,0,0,0,0,0,0,0,0,0,0,0,0,0,0,0,0,0,0,0,0,0,0,0,0,0,0,0,0,0,0,0,0,0,0,0,0,0,0,1,0,0,0,0,0,0,0,0,0,0,0,0,0,0,0,0,0,0,0,0,0,0,0,0,0,0,0,0,0,0,0,0,0,1,1,0,0,0,2,0,0,0,2,0,0,0,0,0,0,0,0,0,0,2,0,0,0,0,1,0,2,0,1,2,2,0,0,1,1,1,2,0,2,0,1,1,0,1,0,0,0,0,0,0,0,0,0,0,0,0,0,0,0,0,0,0,0,0,0,0,0,1,0,0,0,0,0,0,0,0,0,1,0,0,0,0,0,0,0,0,0,0,0,0,0,0,0,0,0,0,0,0,0,0,0,0,0,0,0,0,0,0,0,0,0,0,0,0,0,0,0,0,0,0,0,0,0,0,0,0,0,0,0,0,0,0,0,0,0,0,0,0,0,0,0,0,0,0,0,0,0,0,0,0,0,0,0,0,0,0,0,0,0,0,0,0,0,0,0,0,0,0,0,0,0,0,0,0,0,0,0,0,0,0,0,0,0,0,0,0,0,0,0,0,0,0,0,0,0,0,0,0,46,20
165,Male,0,2,608,20,2,2,1,2,2,2,2,2,2,2,2,2,0,1,1,1,1,2,2,1,2,0,2,1,1,2,1,1,2,0,1,0,0,1,1,1,2,0,2,0,0,1,1,1,1,0,0,0,0,2,2,1,2,2,0,1,2,2,2,0,1,1,0,0,2,0,2,2,1,1,0,1,1,0,1,0,1,0,1,0,0,1,1,0,0,0,1,0,1,0,0,0,0,1,1,1,0,0,2,1,0,1,1,1,2,1,1,1,1,0,0,2,1,1,1,1,0,0,1,0,0,0,0,0,0,1,1,1,0,2,0,2,0,0,2,0,1,0,1,0,0,1,0,0,1,1,0,0,1,0,0,0,0,1,0,1,1,0,0,0,1,0,0,1,0,0,0,0,2,0,1,0,0,0,0,1,0,0,0,1,0,1,0,0,2,1,1,1,1,0,1,1,0,0,0,0,1,0,0,1,0,1,0,1,1,0,0,0,0,0,1,0,0,1,0,0,0,0,0,1,1,0,1,0,2,1,0,0,2,0,0,0,0,0,1,1,1,0,0,2,0,0,0,0,2,1,2,0,1,2,2,0,1,1,2,1,2,1,2,0,2,1,0,1,1,0,0,0,0,0,0,0,0,1,1,0,1,0,1,0,0,1,0,0,0,0,1,1,0,0,0,0,0,0,0,0,0,1,0,0,1,0,0,1,1,1,1,1,0,0,1,0,0,0,0,1,0,1,0,0,1,0,0,0,0,1,1,1,1,0,0,0,2,1,1,1,0,0,1,0,0,0,1,0,0,0,0,1,1,0,0,0,2,0,0,0,0,0,0,0,0,0,0,0,0,0,1,0,0,0,0,0,0,0,0,0,0,0,0,0,0,0,0,0,0,0,0,0,0,0,0,0,0,0,0,0,0,0,0,0,0,0,0,0,0,0,0,0,0,0,0,0,0,0,0,0,0,0,176,50
167,Female,0,3,355,11.7,0,0,0,2,0,0,0,1,1,0,0,0,0,2,0,0,0,0,0,0,0,0,1,0,0,0,0,0,0,0,0,0,0,0,0,0,0,0,1,0,0,0,0,0,0,0,0,0,0,0,0,0,0,1,0,1,0,1,0,0,1,0,1,0,2,0,0,1,1,0,0,0,0,0,0,0,0,0,0,0,0,0,0,0,0,0,1,0,0,0,0,0,0,0,1,1,0,0,1,1,0,1,1,1,0,1,1,0,0,0,0,1,0,1,0,0,0,0,0,0,1,0,0,0,0,1,0,0,0,1,0,0,0,0,1,0,0,0,0,0,0,0,0,0,0,0,0,0,0,0,0,0,0,0,0,0,0,0,0,0,0,0,0,0,0,0,0,0,0,0,0,0,0,0,0,0,0,0,0,0,0,1,0,0,0,1,1,0,0,0,0,1,0,0,0,1,0,0,0,0,0,0,0,0,0,0,0,0,0,0,0,0,0,0,0,0,0,0,0,1,1,0,0,0,2,0,0,0,2,0,0,0,0,0,0,2,0,0,0,2,2,0,0,0,1,0,1,0,1,1,2,1,1,1,2,1,1,0,1,1,2,1,0,2,0,0,0,1,0,0,0,0,0,0,1,0,1,0,1,0,0,1,0,1,0,0,1,1,0,0,0,0,0,0,0,0,0,1,0,0,1,0,0,1,0,0,0,0,0,0,0,0,0,0,0,0,0,0,1,1,1,0,0,0,0,0,0,0,0,0,0,0,0,0,0,0,0,0,1,0,0,0,0,0,0,0,0,1,0,0,0,0,0,0,0,0,0,0,0,0,0,0,0,0,0,0,0,0,0,0,0,0,0,0,1,0,0,0,0,0,1,0,0,0,0,0,0,0,0,0,0,0,0,0,0,0,0,0,0,0,0,0,0,0,0,0,0,0,0,0,0,0,0,0,0,0,0,0,76,12
167,Female,0,3,480,15.8,2,2,0,2,2,1,1,1,2,0,2,0,1,1,0,1,1,0,2,0,1,0,2,0,1,1,2,1,1,0,1,0,0,1,1,0,0,0,1,0,0,1,1,0,1,0,0,0,0,0,0,0,1,2,0,1,0,2,2,0,2,2,1,1,2,0,0,2,2,0,0,0,0,0,1,0,0,0,1,0,2,0,0,0,2,0,1,0,0,0,0,1,2,1,1,1,1,1,2,2,1,1,1,1,1,1,1,1,0,1,0,2,1,1,1,1,0,0,1,1,1,2,0,0,1,1,1,1,0,1,0,1,0,0,2,1,2,1,1,1,1,1,0,0,1,1,0,0,1,1,0,1,0,2,0,1,1,0,0,0,1,1,1,0,0,1,0,0,0,0,0,0,1,0,1,1,0,1,0,0,0,1,0,0,2,1,1,1,0,1,1,2,1,1,0,2,0,0,0,1,0,0,0,1,0,0,1,1,1,1,1,0,1,0,0,1,0,1,0,1,1,0,1,0,2,0,0,0,2,0,1,0,0,0,0,2,2,0,0,2,2,0,0,1,2,1,2,1,1,2,2,1,1,1,2,1,1,2,2,2,2,1,0,2,1,1,0,1,0,0,0,1,1,0,2,0,1,0,1,0,0,1,1,1,1,0,1,1,0,0,1,1,0,1,0,1,1,1,0,0,1,1,0,1,1,0,0,0,1,0,1,0,0,0,1,1,0,1,1,2,1,1,0,0,0,0,2,1,1,1,0,1,2,1,0,0,0,0,1,1,1,0,1,0,1,0,0,1,1,0,0,0,0,0,0,0,0,0,0,0,1,0,1,0,1,1,0,0,1,0,0,0,0,0,1,0,0,0,0,0,1,1,0,0,0,0,0,0,0,0,2,0,0,0,0,0,0,0,1,0,0,0,1,0,0,0,0,0,0,0,0,0,0,0,0,0,0,1,212,51
167,Female,0,3,532,17.5,2,2,0,2,2,2,1,2,2,0,2,0,1,2,0,1,1,0,2,1,1,0,2,0,1,1,2,1,1,0,1,0,0,1,1,0,0,0,1,0,0,1,1,0,1,0,0,0,0,0,0,0,1,2,0,1,0,2,2,0,2,2,1,1,2,0,0,2,2,0,0,0,0,0,1,0,0,0,1,1,2,1,1,0,2,0,1,0,0,0,0,2,2,1,1,1,1,1,2,2,1,1,1,1,2,1,1,1,1,1,0,2,2,1,1,1,0,0,1,1,1,2,0,0,1,1,1,1,0,2,0,2,0,0,2,1,2,1,1,1,1,2,0,1,1,1,0,0,1,1,0,1,1,2,1,2,1,0,1,0,1,1,1,0,1,1,0,0,1,0,0,0,1,0,1,1,0,1,0,0,0,1,0,0,2,1,1,1,1,1,1,1,1,1,0,2,0,0,0,1,0,1,0,1,0,1,1,1,1,1,1,0,1,1,0,1,0,1,1,1,1,1,1,0,2,0,0,0,2,0,1,0,0,0,0,2,2,2,0,2,2,0,0,1,2,1,2,2,1,2,2,1,1,1,2,1,1,2,2,2,2,1,0,2,1,1,0,1,0,0,1,2,1,1,2,0,1,0,1,0,0,1,1,1,1,0,1,1,2,0,1,1,0,1,0,1,1,1,0,0,1,1,0,1,1,0,0,0,1,1,1,0,0,0,1,1,1,1,1,2,1,1,0,0,0,0,2,1,1,1,1,1,2,1,0,0,0,0,1,1,1,0,1,0,1,0,0,1,1,0,0,0,2,0,1,0,0,1,0,0,1,0,1,0,1,1,0,0,1,1,0,0,1,0,1,0,0,0,1,0,1,1,0,0,0,0,0,0,0,2,2,0,0,0,0,0,0,1,1,0,1,0,1,0,0,0,1,0,2,0,0,0,0,0,0,0,1,1,248,67
168,Female,0,3,383,12.6,0,0,0,0,0,0,0,0,0,0,1,0,0,0,0,2,0,0,0,0,0,0,2,0,0,0,1,0,0,0,0,0,0,0,0,0,0,0,0,0,0,0,0,0,0,0,0,0,0,0,0,0,0,0,0,0,0,2,0,0,0,0,0,0,0,0,0,0,0,0,0,0,0,0,0,0,0,0,0,0,0,0,0,0,0,0,0,0,0,0,0,0,0,0,0,0,0,0,0,0,0,0,0,0,0,0,0,0,0,0,0,0,0,0,0,0,0,0,0,0,0,0,0,0,0,0,0,0,0,0,0,0,0,0,0,0,0,0,0,0,0,0,0,0,0,0,0,0,0,0,0,0,0,0,0,0,0,0,0,0,0,0,0,0,0,0,0,0,0,0,0,0,0,0,0,0,0,0,0,0,0,0,0,0,0,0,0,0,0,0,0,0,0,0,0,0,0,0,0,0,0,0,0,0,0,0,0,0,0,0,0,0,0,0,0,0,0,0,0,0,0,0,0,0,2,0,0,0,2,0,0,0,0,0,0,0,0,0,0,2,0,0,0,0,0,0,0,0,0,0,2,0,0,0,1,0,1,0,0,0,0,0,0,1,0,0,0,0,0,0,0,0,0,0,0,0,0,0,0,0,0,0,0,0,0,0,0,0,0,0,0,0,0,0,0,0,0,0,0,0,0,0,0,0,0,0,0,0,0,0,0,0,0,0,0,0,0,0,0,0,0,0,0,0,0,0,0,0,0,0,0,0,0,0,0,0,0,0,0,0,0,0,0,0,0,0,0,0,0,0,0,0,0,0,0,0,0,0,0,0,0,0,0,0,0,0,0,0,0,0,0,0,0,0,0,0,0,0,0,0,0,0,0,0,0,0,0,0,0,0,0,0,0,0,0,0,0,0,0,0,0,0,0,0,0,0,0,0,0,0,0,0,0,0,0,0,0,0,12,7
168,Female,0,3,445,14.6,0,0,0,1,1,2,1,1,0,0,1,2,0,0,0,2,0,0,2,0,2,0,2,2,2,0,1,2,0,0,2,0,0,0,0,1,2,0,2,0,0,1,0,0,0,0,0,0,2,2,2,0,2,2,0,2,0,2,0,0,2,2,0,2,2,0,2,0,0,0,0,0,0,0,2,0,0,0,2,0,0,0,0,0,0,0,2,0,0,0,0,0,1,2,0,0,0,2,2,2,0,2,2,1,2,0,2,2,1,1,0,2,2,2,2,0,1,2,1,0,0,2,0,0,0,1,0,0,0,2,0,2,0,0,2,0,0,0,0,0,0,0,0,0,1,0,0,0,0,0,0,0,0,2,0,0,0,0,0,0,0,0,0,0,0,0,0,0,0,0,0,0,2,0,0,0,0,0,2,0,0,0,0,0,0,0,2,0,0,0,0,0,0,2,0,0,0,0,0,0,0,2,0,0,0,0,2,0,0,0,0,0,0,0,0,0,0,0,0,0,0,0,0,0,2,0,0,0,2,0,0,0,0,0,0,0,2,0,0,2,0,0,0,0,0,0,2,0,0,0,2,0,1,0,2,0,2,0,0,0,0,0,0,2,0,0,0,0,0,0,0,0,0,0,2,0,2,0,1,0,0,0,0,0,0,0,0,0,0,0,0,0,0,2,0,0,0,0,0,0,0,0,0,0,0,0,0,0,0,0,0,0,0,0,0,0,0,0,0,0,0,0,0,0,0,0,0,2,0,0,0,0,0,0,0,0,0,0,0,0,0,0,0,0,0,0,0,0,0,0,0,0,2,0,0,0,0,0,0,0,0,0,0,0,0,0,0,0,0,0,0,0,0,0,0,0,0,0,0,0,0,0,0,0,0,0,0,0,0,0,0,0,0,0,0,0,0,0,2,0,0,0,0,0,0,0,2,0,0,0,0,0,0,0,0,0,0,0,86,68
168,Female,0,3,529,17.4,2,0,2,2,2,2,2,2,2,0,2,2,2,2,2,2,2,2,2,0,2,2,2,2,2,2,2,2,2,2,2,0,0,2,2,2,2,2,2,0,0,2,0,2,2,0,2,0,2,2,2,2,2,2,0,2,2,2,2,2,2,2,0,2,2,2,2,2,2,2,0,2,2,2,2,0,0,2,2,2,0,2,0,0,0,2,2,2,2,2,0,0,2,2,2,2,2,2,2,2,2,2,2,2,2,2,2,2,2,2,0,2,2,2,2,0,2,2,2,0,2,2,2,2,2,2,2,0,0,2,0,2,2,2,2,2,2,2,2,2,2,2,2,0,2,2,0,0,2,2,0,2,2,2,2,0,2,0,0,0,2,0,0,0,2,2,0,0,0,2,2,2,2,0,0,2,0,2,2,2,2,2,2,2,2,2,2,2,0,2,0,0,0,2,0,0,2,2,0,0,0,2,0,2,2,0,2,2,2,2,0,0,2,0,0,1,0,0,2,2,2,2,0,2,2,0,0,0,2,0,0,0,0,0,0,2,2,0,0,2,0,0,0,0,2,2,2,2,2,2,2,2,2,2,2,0,2,2,1,2,2,2,2,2,2,0,0,0,2,0,0,2,0,0,2,0,2,2,2,0,0,0,0,0,0,0,0,0,0,0,0,0,0,2,0,0,0,0,0,0,2,1,0,2,0,0,0,0,2,0,2,2,0,0,2,2,1,2,0,2,2,1,2,1,0,2,2,2,2,0,0,0,2,2,0,2,0,0,0,0,2,0,2,0,2,0,0,2,2,0,2,0,2,2,0,0,0,0,2,0,2,0,2,0,0,2,0,0,2,0,0,0,2,0,2,2,0,0,0,0,0,0,0,0,0,0,0,0,2,2,2,0,0,0,0,0,0,0,2,0,2,0,0,2,0,0,2,0,2,0,2,2,0,0,0,0,0,0,242,236
173,Male,0,5,282,9.3,0,0,0,0,0,0,0,0,0,0,0,0,0,0,0,0,0,0,0,0,0,0,0,0,0,1,0,0,0,0,0,0,0,0,1,0,0,0,0,0,0,0,0,0,0,0,0,0,0,0,0,0,0,1,0,0,0,1,0,0,1,1,0,0,0,0,0,0,1,1,0,1,0,0,1,0,0,0,1,1,1,0,0,0,0,0,1,0,0,0,0,0,0,0,0,0,0,1,1,1,0,0,0,0,0,0,1,1,0,0,0,1,0,1,1,0,0,0,0,0,0,0,0,0,0,1,0,0,0,0,0,0,0,0,1,0,0,0,0,0,0,0,0,0,0,0,0,0,0,0,0,0,0,0,0,0,0,0,0,0,0,0,0,0,0,0,0,0,0,0,0,0,0,0,0,0,0,0,0,0,0,0,0,0,0,0,0,0,1,0,1,0,0,1,0,0,0,0,0,1,0,0,0,0,0,0,0,0,0,0,0,0,0,0,0,0,0,0,0,0,1,1,0,0,0,0,0,0,1,0,0,0,0,1,0,1,1,0,0,1,1,0,0,0,1,1,1,1,0,1,0,1,0,1,0,0,1,0,1,0,1,0,0,0,0,0,0,0,0,0,0,1,0,0,0,0,0,0,0,0,0,1,0,0,0,0,0,0,0,0,0,0,0,0,0,0,0,0,0,0,1,0,0,0,0,0,0,0,0,0,0,0,0,0,0,0,0,1,0,0,0,1,0,0,0,0,1,0,0,0,0,0,0,0,0,0,0,0,0,0,0,0,0,0,0,0,0,0,0,0,0,0,0,0,0,0,0,0,0,0,0,0,0,0,0,0,0,0,0,0,0,0,0,0,1,1,0,0,0,0,0,0,0,0,0,0,0,0,0,0,0,0,0,0,0,0,0,0,0,0,0,0,0,0,0,0,1,0,0,0,0,0,0,0,0,0,0,0,55,0
173,Male,0,5,524,17.2,2,1,2,2,2,2,1,2,0,1,2,2,0,2,2,1,1,1,2,0,1,1,2,1,2,1,2,1,1,0,1,0,0,1,1,1,1,2,2,0,1,1,1,1,1,0,0,1,1,1,1,0,1,2,1,1,1,2,2,1,2,2,2,1,1,1,2,2,2,1,1,1,1,0,1,1,1,1,1,1,1,1,2,1,1,1,1,1,1,1,1,0,1,1,1,1,0,1,1,1,1,1,1,1,1,1,1,1,2,1,1,1,1,1,1,1,1,1,1,1,1,1,0,1,1,1,0,1,1,1,1,1,0,0,1,1,1,1,1,1,1,1,1,1,1,1,1,0,1,1,1,1,1,1,1,1,1,1,1,0,1,1,1,1,1,1,0,1,1,1,1,1,1,0,2,1,1,1,2,2,1,1,1,0,1,1,1,1,1,1,1,1,1,1,1,0,1,1,1,1,1,2,1,1,1,1,1,1,1,1,1,1,1,0,1,1,1,1,1,1,2,1,1,1,2,1,1,1,1,1,1,1,1,1,1,2,2,1,1,2,2,1,1,2,2,1,2,1,1,1,1,1,1,1,2,1,2,2,2,2,1,1,1,1,1,1,1,1,1,1,1,1,1,1,1,1,1,1,1,1,1,1,1,1,1,1,1,1,1,1,1,1,1,1,1,1,1,1,1,1,1,1,1,1,1,1,1,1,1,1,1,1,1,1,1,1,1,1,1,2,1,1,1,1,1,1,1,1,2,1,1,1,2,1,1,1,0,1,1,1,1,1,1,1,1,1,1,1,1,0,1,1,1,1,1,0,0,1,1,0,0,0,1,0,0,0,1,1,1,1,0,0,0,0,1,1,0,0,0,0,1,0,0,0,0,0,0,0,1,1,0,1,0,0,0,0,0,0,0,0,1,0,1,0,0,1,1,1,2,1,2,0,0,0,0,0,0,0,350,50
173,Male,0,5,629,20.7,2,2,2,2,2,2,2,2,2,1,2,2,1,2,2,2,2,2,2,2,2,2,2,2,2,2,2,2,2,2,2,1,1,2,2,2,2,2,2,1,2,2,2,2,2,1,2,2,2,2,2,2,2,2,2,2,2,2,2,2,2,2,2,1,2,2,2,2,2,2,2,2,2,1,2,2,2,1,1,2,2,1,2,2,2,2,2,2,2,2,1,0,2,2,2,2,1,2,2,2,1,2,2,2,2,2,2,2,2,2,2,2,2,2,2,2,2,2,2,2,1,2,1,1,2,2,2,2,1,2,1,2,1,1,2,1,2,1,2,1,2,2,1,1,1,2,1,0,1,1,1,2,1,2,1,2,2,1,2,1,2,2,2,2,2,2,2,2,2,2,1,2,2,1,2,2,1,2,2,2,2,2,1,2,1,1,2,1,2,1,2,2,1,2,1,0,2,1,1,2,2,2,1,2,2,1,1,2,2,1,2,1,1,0,2,1,1,1,2,2,2,2,2,2,2,2,1,1,2,1,1,1,1,2,1,2,2,2,2,2,2,1,1,2,2,2,2,2,1,2,2,2,2,2,2,1,2,2,2,2,2,2,1,2,1,2,1,1,2,1,1,2,1,1,2,1,2,2,2,1,2,2,2,1,1,1,2,1,1,1,1,2,1,1,1,2,2,2,1,1,2,2,1,2,2,2,2,1,2,2,1,1,1,1,1,1,1,2,1,2,2,1,1,2,1,2,2,1,2,2,1,1,2,1,1,1,0,1,1,1,2,1,1,1,1,1,1,1,1,0,1,1,2,1,1,1,0,1,1,0,0,0,1,0,1,1,1,1,1,2,0,1,1,1,2,1,1,1,0,0,2,1,0,0,0,0,0,1,1,1,1,1,1,1,1,1,1,1,1,1,1,2,2,2,1,2,2,1,2,1,2,1,1,1,1,1,2,1,399,237
173,Male,0,5,728,23.9,2,2,2,2,2,2,2,2,2,2,2,2,2,2,2,2,2,2,2,2,2,2,2,2,2,2,2,2,2,2,2,2,2,2,2,2,2,2,2,2,2,2,2,2,2,1,2,2,2,2,2,2,2,2,2,2,2,2,2,2,2,2,2,2,2,2,2,2,2,2,2,2,2,2,2,2,2,2,2,2,2,2,2,2,2,2,2,2,2,2,2,1,2,2,2,2,2,2,2,2,2,2,2,2,2,2,2,2,2,2,2,2,2,2,2,2,2,2,2,2,2,2,2,2,2,2,2,2,2,2,1,2,2,1,2,2,2,2,2,2,2,2,2,2,2,2,2,0,2,2,1,2,2,2,2,2,2,2,2,1,2,2,2,2,2,2,2,2,2,2,2,2,2,2,2,2,2,2,2,2,2,2,2,2,2,2,2,2,2,2,2,2,2,2,2,1,2,2,2,2,2,2,2,2,2,2,2,2,2,2,2,2,2,2,2,2,2,2,2,2,2,2,2,2,2,2,2,2,2,2,2,2,2,2,2,2,2,2,2,2,2,2,2,2,2,2,2,2,2,2,2,2,2,2,2,2,2,2,2,2,2,2,2,2,2,2,2,2,2,2,2,2,2,2,2,2,2,2,2,2,2,2,2,2,2,2,2,2,2,2,2,2,2,2,2,2,2,2,2,2,2,2,2,2,2,2,2,2,2,2,2,2,2,2,2,2,2,2,2,2,2,2,2,2,2,2,2,2,2,2,2,2,2,2,1,2,2,1,2,2,2,2,2,2,2,2,2,2,2,2,2,2,2,2,2,1,1,2,2,1,1,2,2,2,2,2,2,2,2,2,2,2,2,2,2,2,2,2,2,2,2,2,1,0,0,2,2,2,2,2,2,2,2,2,2,2,2,2,2,2,2,2,2,2,2,2,2,2,2,2,2,2,2,2,2,2,2,2,415,401
173,Male,0,5,753,24.8,2,2,2,2,2,2,2,2,2,2,2,2,2,2,2,2,2,2,2,2,2,2,2,2,2,2,2,2,2,2,2,2,2,2,2,2,2,2,2,2,2,2,2,2,2,2,2,2,2,2,2,2,2,2,2,2,2,2,2,2,2,2,2,2,2,2,2,2,2,2,2,2,2,2,2,2,2,2,2,2,2,2,2,2,2,2,2,2,2,2,2,2,2,2,2,2,2,2,2,2,2,2,2,2,2,2,2,2,2,2,2,2,2,2,2,2,2,2,2,2,2,2,2,2,2,2,2,2,2,2,2,2,2,2,2,2,2,2,2,2,2,2,2,2,2,2,2,0,2,2,1,2,2,2,2,2,2,2,2,1,2,2,2,2,2,2,2,2,2,2,2,2,2,2,2,2,2,2,2,2,2,2,2,2,2,2,2,2,2,2,2,2,2,2,2,2,2,2,2,2,2,2,2,2,2,2,2,2,2,2,2,2,2,2,2,2,2,2,2,2,2,2,2,2,2,2,2,2,2,2,2,2,2,2,2,2,2,2,2,2,2,2,2,2,2,2,2,2,2,2,2,2,2,2,2,2,2,2,2,2,2,2,2,2,2,2,2,2,2,2,2,2,2,2,2,2,2,2,2,2,2,2,2,2,2,2,2,2,2,2,2,2,2,2,2,2,2,2,2,2,2,2,2,2,2,2,2,2,2,2,2,2,2,2,2,2,2,2,2,2,2,2,2,2,2,2,2,2,2,2,2,2,2,2,2,2,2,2,2,2,2,2,2,2,2,2,2,2,2,2,2,2,2,2,2,2,1,2,2,2,2,2,2,2,2,2,2,2,2,2,2,2,2,2,2,2,2,2,2,2,2,2,1,1,1,2,2,2,2,2,2,2,2,2,2,2,2,2,2,2,2,2,2,2,2,2,2,2,2,2,2,2,2,2,2,2,2,2,417,411
175,Male,1,2,526,17.3,2,2,0,2,0,0,0,0,2,1,0,2,0,0,0,0,0,0,0,0,0,0,1,0,1,0,0,0,1,0,0,0,0,1,0,0,1,0,0,0,0,0,0,0,0,0,0,0,0,2,0,0,0,0,0,0,0,2,0,0,1,0,0,0,0,0,0,1,1,0,0,0,0,0,0,0,0,0,0,0,0,0,0,0,0,0,1,0,0,0,0,0,0,1,1,1,0,0,0,0,0,0,1,0,0,0,0,1,0,0,0,1,0,0,0,0,0,0,0,0,0,0,0,0,0,0,0,1,0,0,0,1,0,0,1,0,1,0,0,0,0,1,0,0,0,0,0,0,0,0,0,0,0,0,0,0,0,0,0,0,1,0,0,0,0,0,0,0,0,0,0,0,1,0,0,0,0,0,0,0,0,1,0,0,0,0,1,0,0,0,1,0,0,0,0,0,0,0,0,0,0,0,1,0,0,0,0,0,0,0,0,1,0,0,0,0,0,0,0,0,0,0,0,0,0,0,0,0,1,0,0,0,0,0,0,0,0,0,0,1,0,0,0,0,1,1,2,1,1,1,2,1,0,1,2,0,1,1,1,0,1,0,0,1,0,0,0,0,0,0,0,0,0,0,1,0,0,0,1,0,1,0,1,0,0,0,0,1,0,0,0,0,0,1,0,0,0,1,0,0,1,0,0,1,0,0,0,0,1,0,0,0,0,0,0,1,0,0,0,1,0,0,1,0,0,1,1,0,0,0,0,0,1,0,0,0,0,0,0,0,0,0,0,0,0,0,0,0,1,0,0,0,0,0,0,0,0,0,0,0,0,0,0,0,0,0,1,0,0,0,0,0,0,0,0,0,0,0,0,0,0,0,0,0,0,0,0,0,0,0,0,0,0,0,0,0,0,0,0,0,0,0,0,0,0,0,0,0,0,0,0,0,0,0,0,0,0,0,70,10
175,Male,1,2,819,26.9,2,2,0,2,2,2,0,2,2,1,2,2,0,2,2,1,2,2,2,1,2,0,2,1,2,2,2,2,2,0,2,0,0,2,2,2,2,2,1,0,0,1,2,0,2,0,2,2,2,2,2,2,2,2,2,2,2,2,1,0,2,2,0,2,1,2,2,2,2,1,0,2,1,0,1,1,1,1,1,2,2,0,2,2,2,0,1,2,2,2,0,0,2,2,2,2,1,1,2,2,2,2,2,1,2,2,2,1,2,1,1,1,1,2,2,0,2,1,2,1,2,2,1,1,2,2,1,2,0,2,0,2,2,1,2,1,2,1,1,1,1,1,1,1,1,2,1,0,2,1,0,1,1,2,2,2,2,1,1,1,2,1,2,2,2,1,1,0,2,2,2,2,1,1,0,2,1,1,1,2,0,1,2,1,1,1,1,1,0,0,1,2,1,1,0,0,2,1,2,2,0,2,1,2,1,0,0,1,0,2,2,2,0,0,0,1,1,0,2,1,1,1,1,0,2,2,0,0,2,1,1,0,0,0,1,1,1,1,1,1,0,0,1,0,1,1,2,2,2,2,2,1,1,2,2,0,2,2,1,1,2,1,2,2,1,1,1,1,2,1,2,2,2,2,2,0,1,2,1,2,2,2,2,0,2,1,2,1,2,1,1,0,1,1,0,2,2,2,0,2,1,1,0,2,2,0,0,0,1,0,2,0,2,0,0,2,2,1,1,1,1,1,1,0,0,1,1,2,1,0,1,0,2,2,0,2,0,2,1,2,2,2,2,0,0,2,0,1,1,1,0,0,0,1,0,1,0,2,2,0,1,0,1,0,0,1,1,0,2,2,0,0,0,0,0,0,2,0,2,1,1,0,0,0,0,0,0,0,0,0,2,0,2,2,2,0,1,1,1,0,2,2,2,0,0,2,1,0,0,0,1,0,0,1,1,0,0,1,309,174
179,Female,1,2,545,17.9,2,2,1,0,2,2,0,2,1,2,2,1,0,2,2,1,1,1,1,1,1,0,1,0,1,1,2,1,1,0,1,0,0,1,1,1,1,1,1,0,0,1,1,1,1,0,0,0,0,0,0,0,0,1,1,1,1,2,1,0,2,1,1,0,2,0,1,2,1,1,0,1,0,0,0,0,0,0,1,0,2,1,0,0,1,0,1,0,0,2,0,0,0,1,1,1,0,0,2,2,0,0,1,0,0,1,1,1,1,0,0,2,1,1,2,1,1,0,1,0,0,1,1,0,0,1,0,0,0,2,0,1,0,0,1,0,1,0,1,0,1,1,0,0,0,0,0,0,0,0,0,0,0,0,0,0,0,0,0,0,1,0,0,0,0,0,0,0,2,0,0,0,0,0,0,1,0,0,1,0,0,1,0,0,0,1,0,0,0,0,0,0,0,1,0,0,0,0,0,0,0,1,0,1,0,0,0,0,0,0,0,0,0,0,0,0,0,0,0,0,1,0,0,0,2,0,0,0,1,0,0,0,0,0,0,2,1,0,0,1,0,0,0,0,1,1,2,1,1,2,1,0,1,1,2,0,2,0,2,0,0,1,0,1,0,0,0,0,0,0,1,0,0,0,1,0,1,0,1,0,0,1,0,0,0,0,0,1,0,0,0,0,0,1,0,0,0,1,0,0,1,0,0,1,0,0,0,1,0,0,0,0,0,0,0,1,0,1,0,1,0,0,1,0,0,1,0,1,0,0,0,0,2,0,0,0,0,0,0,0,0,0,0,0,0,0,0,0,0,0,0,0,2,0,0,0,0,0,0,0,0,0,0,0,0,0,0,0,0,0,0,0,0,0,0,0,0,0,0,0,0,0,0,0,0,0,0,0,0,0,0,0,0,0,0,0,0,0,0,0,1,0,0,0,0,0,0,0,0,0,1,0,0,0,0,0,0,0,133,31
179,Female,1,2,650,21.4,2,2,1,0,2,2,0,2,2,2,2,1,0,2,2,1,2,2,2,1,2,0,2,0,1,1,2,1,1,0,1,0,0,1,1,1,2,1,2,0,0,2,1,1,1,0,1,1,2,2,1,1,1,2,1,2,2,2,1,0,2,2,1,0,2,0,2,2,1,1,0,2,2,2,2,0,0,0,1,2,2,1,0,0,2,0,1,0,2,2,0,0,2,1,2,2,1,0,2,2,1,0,2,0,1,2,2,1,2,1,0,2,2,1,2,2,2,0,1,1,0,2,2,0,0,2,0,1,0,2,0,2,2,0,2,1,2,1,2,0,1,2,0,0,1,1,0,0,1,0,0,1,0,2,1,0,1,0,0,0,1,1,1,2,0,2,0,0,2,2,2,1,1,0,0,1,0,0,2,1,0,1,1,0,0,2,1,1,1,0,0,0,0,1,0,0,2,0,0,0,0,2,0,1,0,0,0,0,0,0,0,0,1,0,0,1,0,0,2,0,1,1,0,0,2,2,0,0,2,0,0,0,0,0,0,2,1,0,0,2,0,0,0,0,1,2,2,2,1,2,1,1,1,1,2,0,2,2,2,2,1,1,0,1,0,0,0,0,0,0,1,0,0,0,2,1,1,0,1,0,0,1,0,0,1,1,0,1,0,0,0,0,0,1,0,0,2,1,0,0,1,0,0,1,0,0,0,1,1,0,0,0,0,0,0,1,1,1,0,1,0,1,1,0,0,1,0,1,1,0,0,0,2,0,0,0,0,0,1,0,2,0,1,0,0,0,0,1,0,0,0,0,2,0,0,0,0,0,0,0,0,0,0,0,0,1,0,0,1,2,0,0,1,0,1,0,0,0,0,0,0,0,0,0,0,0,0,0,0,0,0,0,0,0,0,0,0,0,1,0,1,2,2,0,0,0,1,0,2,0,2,0,0,0,0,0,0,0,207,98
180,Male,0,1,369,12.1,2,1,0,2,0,0,0,0,1,0,0,0,0,0,0,0,0,0,1,0,0,0,1,0,0,0,0,0,0,0,0,0,0,1,0,0,0,0,1,0,0,0,0,0,0,0,0,0,1,0,0,0,0,1,0,1,0,0,0,0,1,1,1,0,1,0,0,1,0,1,0,1,0,1,1,0,0,0,1,0,0,1,0,0,0,0,1,0,0,0,0,0,0,1,1,0,0,0,0,0,0,1,0,0,0,0,0,0,0,0,0,1,0,0,0,0,0,0,0,0,0,0,0,0,0,1,0,0,0,1,0,0,0,0,1,0,1,1,1,0,1,1,0,0,1,1,0,0,1,0,0,0,0,1,0,0,0,0,0,0,0,0,0,0,0,0,0,0,0,0,0,0,0,0,0,0,0,0,0,0,0,1,0,0,0,0,0,0,0,0,0,0,0,0,0,0,0,0,0,0,0,0,0,0,0,0,0,0,0,0,0,0,0,0,0,0,0,0,0,0,0,0,0,0,1,1,0,0,2,0,0,0,0,0,0,1,1,0,0,1,0,0,0,0,1,1,1,1,1,1,1,1,1,1,1,1,2,1,0,0,1,1,0,1,0,0,0,0,0,0,0,0,0,0,1,0,1,0,1,0,0,1,0,0,0,1,1,1,0,0,0,0,0,0,0,1,0,0,0,1,1,0,0,1,1,0,0,0,0,0,0,0,0,0,0,0,0,0,1,0,1,0,0,0,0,0,1,0,0,0,0,0,1,0,0,0,0,0,1,0,0,0,0,0,0,0,0,1,1,0,1,0,0,1,0,0,0,1,0,0,0,0,0,0,0,0,0,1,0,0,0,0,0,0,0,0,0,0,0,0,0,0,0,0,0,0,0,0,0,0,0,0,0,0,0,0,0,0,0,0,0,0,0,0,0,0,0,0,0,0,1,0,0,0,0,0,0,0,87,4
180,Male,0,1,735,24.2,2,0,0,2,2,2,2,2,2,1,2,1,0,2,2,1,2,1,2,2,1,0,1,0,2,1,1,1,1,1,1,0,0,1,1,1,2,1,0,0,0,1,1,1,1,0,2,2,1,2,2,0,2,2,0,0,1,2,2,0,2,2,0,1,2,0,2,2,1,1,0,1,1,0,0,1,0,0,1,1,1,1,1,0,2,0,2,0,0,0,0,0,2,1,1,1,0,0,2,2,1,1,1,1,1,1,1,1,2,1,1,2,2,1,1,2,0,0,0,0,0,1,0,0,1,1,0,1,0,2,0,2,1,0,2,0,1,0,1,1,1,2,1,0,0,1,0,0,0,1,0,0,0,2,1,0,1,1,2,0,1,1,1,2,1,0,0,1,0,1,1,0,0,0,0,1,0,0,0,1,1,1,0,0,0,0,0,1,0,0,0,2,0,1,0,0,0,0,0,1,0,1,0,1,0,0,0,0,0,0,0,0,0,0,1,0,0,1,1,1,1,0,1,0,2,0,1,0,2,0,0,0,0,0,0,1,0,0,1,2,0,0,0,0,1,1,2,0,2,2,0,0,1,2,2,0,0,1,1,2,2,0,0,2,0,1,0,1,2,1,0,0,0,0,2,0,1,1,1,1,0,1,0,0,1,0,1,1,1,0,0,0,0,0,0,1,0,1,1,0,1,0,0,1,0,0,0,1,1,0,0,0,0,0,0,1,1,1,0,1,1,1,0,0,0,1,0,0,1,0,0,0,1,1,0,1,1,0,0,0,0,0,0,0,1,0,0,1,0,0,0,0,1,1,1,0,0,0,0,0,0,0,0,0,0,0,0,1,1,1,0,0,1,0,1,1,0,0,0,0,0,0,1,1,0,0,1,1,1,0,0,0,1,0,1,1,0,0,2,0,1,1,1,1,1,1,2,1,0,0,2,1,1,0,0,0,0,0,213,61
182,NA,0,1,712,23.4,2,2,0,2,0,2,0,2,2,2,0,2,0,2,0,2,0,0,1,0,1,0,1,0,1,0,0,0,0,0,0,0,0,0,1,1,1,1,1,1,0,1,0,0,0,0,0,0,1,0,1,1,2,2,2,1,1,2,2,0,1,2,0,1,1,1,1,1,1,1,1,1,1,1,1,1,1,0,1,1,0,1,1,1,2,1,2,1,1,1,1,1,0,1,1,0,1,1,1,1,1,1,1,1,1,1,1,1,1,1,0,1,1,2,1,1,1,1,1,1,0,1,1,1,1,1,0,1,1,1,0,1,0,0,1,1,1,1,1,0,0,0,0,0,1,1,0,0,0,1,0,0,0,1,0,1,0,0,0,0,1,0,0,1,1,0,0,0,1,0,1,1,1,0,0,1,1,0,0,0,1,1,0,0,1,1,1,0,0,0,0,0,0,0,0,0,1,0,0,1,0,0,0,0,1,0,0,0,1,1,0,0,0,0,0,1,0,1,1,1,1,1,0,0,1,1,1,0,2,0,0,0,0,0,0,2,2,0,0,2,2,0,0,0,1,1,2,0,1,1,2,1,0,2,2,0,2,1,2,0,2,1,1,1,0,1,0,1,0,0,1,1,0,1,1,0,0,1,1,0,0,1,1,0,1,0,1,1,1,0,0,0,0,1,1,2,0,1,0,1,1,1,0,1,1,2,1,0,1,1,1,0,0,0,0,1,1,0,1,2,1,0,0,0,0,1,1,1,1,0,1,0,2,0,1,0,0,0,1,0,1,1,1,1,1,1,0,1,1,0,1,0,1,1,0,0,0,1,1,0,0,0,1,0,0,1,0,1,1,1,0,0,1,1,1,1,0,0,0,0,2,0,0,0,0,0,0,0,1,1,1,1,1,1,1,0,1,0,0,1,0,1,1,0,1,1,1,1,1,1,2,0,1,1,1,1,1,1,241,37
182,NA,0,1,627,20.6,2,1,2,0,2,2,1,1,2,2,2,0,1,1,1,2,1,0,2,2,1,0,2,0,2,1,2,1,1,0,2,0,0,1,1,0,0,0,1,0,1,1,1,0,0,0,0,1,1,2,1,0,1,1,0,1,1,2,2,0,2,2,1,1,1,1,1,2,1,1,0,2,1,0,2,2,1,0,2,2,2,0,1,0,2,0,2,1,2,2,0,1,2,2,1,1,1,1,2,2,1,1,1,1,2,1,1,1,1,1,0,1,2,1,1,1,2,1,1,1,1,2,0,0,0,1,0,1,0,2,0,2,1,1,2,1,1,0,1,1,0,2,1,0,1,1,0,0,1,0,0,1,1,1,1,1,1,0,1,0,2,1,0,0,0,1,0,0,0,0,0,0,0,0,0,2,0,0,0,2,0,1,0,0,2,1,1,2,1,0,1,0,0,1,0,0,1,1,0,1,0,2,0,0,0,0,0,1,0,0,0,1,1,0,0,0,0,1,2,1,1,2,1,0,2,0,0,0,2,0,0,0,0,0,0,1,1,0,0,2,0,0,0,0,2,1,2,2,1,1,2,1,1,2,1,1,1,2,0,2,2,1,0,2,0,0,1,0,0,0,1,0,1,0,1,0,1,1,1,0,1,2,1,1,1,0,1,1,1,0,0,1,0,0,0,1,0,1,0,0,1,0,0,0,1,1,1,1,1,0,0,0,0,0,0,1,0,2,1,1,0,2,0,0,0,1,2,1,1,1,2,0,2,0,0,0,0,2,1,1,1,0,1,0,1,0,0,1,0,0,0,0,2,1,0,0,0,1,1,0,2,0,0,0,0,0,1,1,0,2,0,0,0,0,0,0,0,0,0,0,1,0,0,0,0,0,0,0,0,2,1,0,0,0,0,0,0,0,0,0,0,1,1,0,1,0,1,0,2,0,0,0,0,0,0,0,1,1,228,74
183,Female,0,2,603,19.8,2,1,1,2,2,2,1,2,2,2,2,2,1,1,1,2,2,1,2,1,1,0,2,1,2,1,1,1,1,1,1,1,1,1,2,1,2,1,1,1,1,1,1,2,1,0,1,2,2,2,2,1,2,2,1,2,2,2,2,0,2,2,2,2,1,2,2,2,2,2,2,2,2,2,2,1,2,0,2,1,1,1,2,2,2,1,2,1,2,2,1,1,2,2,2,1,1,2,2,2,1,1,2,1,1,2,1,1,2,1,1,2,2,2,2,2,2,2,2,2,2,2,1,1,1,2,2,1,1,2,1,2,1,2,2,1,1,1,2,1,1,2,2,1,2,1,1,0,2,1,1,1,1,2,1,2,2,2,2,0,2,1,1,2,2,1,1,1,2,2,2,1,1,0,1,1,1,1,1,2,1,2,1,2,2,1,2,2,1,0,2,2,1,2,1,0,2,2,0,2,1,2,1,1,1,1,0,1,1,1,1,1,1,2,1,2,1,1,2,2,2,1,2,2,2,1,0,1,2,1,1,1,0,0,1,2,2,1,1,2,2,1,0,0,2,2,2,2,1,2,2,2,1,2,2,2,2,2,2,2,2,2,1,2,2,2,1,1,2,1,1,1,1,1,2,1,2,1,2,1,1,1,1,1,1,1,1,1,1,1,1,1,1,1,1,1,1,2,1,1,1,1,1,2,1,2,2,1,1,1,1,1,1,1,1,2,1,1,1,2,1,1,1,1,1,1,2,2,2,2,1,1,1,1,1,2,2,1,1,1,1,1,2,1,1,1,0,0,1,0,1,0,1,1,0,0,0,0,0,0,0,0,0,0,1,1,0,1,1,0,0,0,0,0,0,0,0,0,2,0,0,0,0,1,0,0,0,0,0,2,0,0,0,0,0,0,0,2,2,2,1,2,0,2,0,0,2,2,0,0,2,1,0,0,0,0,0,1,352,163
183,Female,0,2,796,26.2,2,2,2,2,2,2,1,2,2,2,2,2,2,2,2,2,2,2,2,2,2,2,2,2,2,2,2,2,2,2,2,2,2,2,2,2,2,2,2,2,2,2,2,2,2,2,2,2,2,2,2,2,2,2,2,2,2,2,2,2,2,2,2,2,2,2,2,2,2,2,2,2,2,2,2,2,2,2,2,2,2,2,2,2,2,2,2,2,2,2,2,2,2,2,2,2,2,2,2,2,2,2,2,2,2,2,2,2,2,2,2,2,2,2,2,2,2,2,2,2,2,2,2,2,2,2,2,2,1,2,2,2,2,2,2,2,2,2,2,2,2,2,2,2,2,2,2,2,2,2,2,2,2,2,2,2,2,2,2,2,2,2,2,2,2,2,2,2,2,2,2,2,2,2,2,2,2,2,2,2,2,2,2,2,2,2,2,2,2,2,2,2,2,2,2,2,2,2,2,2,2,2,2,2,2,2,2,2,2,2,2,2,2,2,2,2,2,2,2,2,2,2,2,2,2,2,2,2,2,2,2,2,2,2,2,2,2,2,2,2,2,2,2,2,2,2,2,2,2,2,2,2,2,2,2,2,2,2,2,2,2,2,2,2,2,2,2,2,2,2,2,2,2,2,2,2,2,2,2,2,2,2,2,2,2,2,2,2,2,2,2,2,2,2,2,2,2,2,2,2,2,2,2,2,2,2,2,2,2,2,2,2,2,2,2,2,2,2,2,2,2,2,2,2,2,2,2,2,2,2,2,2,2,2,2,2,2,2,2,2,2,2,2,2,2,2,2,2,2,2,2,2,2,2,2,2,2,2,2,2,2,2,2,2,2,2,2,2,2,2,2,2,2,2,2,2,2,2,2,2,2,2,2,2,2,2,2,2,2,2,2,2,2,2,2,2,2,2,2,2,2,2,2,2,2,2,2,2,2,2,2,2,2,2,2,2,2,2,418,416
189,Female,0,2,601,19.8,2,2,2,0,2,2,0,2,2,0,2,0,0,0,1,1,2,1,2,1,2,0,2,2,2,1,2,1,0,0,0,0,0,0,2,2,2,0,2,2,2,2,0,0,1,0,1,1,0,2,2,1,2,2,1,1,2,2,2,1,2,2,0,0,2,0,2,2,2,1,0,0,0,0,1,1,0,0,2,0,2,0,0,0,0,0,2,1,1,2,0,0,2,2,0,2,0,2,2,2,0,1,0,1,1,1,1,1,1,1,0,2,2,2,2,2,2,2,1,1,1,2,0,1,0,2,2,1,0,2,0,2,1,2,2,1,1,1,2,0,1,2,0,0,1,1,1,0,0,0,0,1,0,2,2,1,2,0,0,0,2,0,2,2,0,2,0,0,0,2,2,2,2,0,0,2,0,0,2,2,2,0,1,0,2,0,0,2,2,0,2,2,0,1,0,1,2,0,0,2,0,2,0,2,2,2,0,2,0,0,2,0,2,0,0,0,0,0,2,2,2,1,0,0,2,1,0,1,1,0,0,0,0,0,1,1,0,1,1,1,2,0,0,0,2,1,2,1,0,2,0,1,1,2,2,0,2,2,2,2,2,2,0,2,0,1,0,0,0,0,2,2,1,1,1,0,1,0,2,0,0,1,0,0,1,1,0,1,0,0,1,1,0,0,0,1,0,1,0,0,1,0,0,1,2,2,2,1,1,0,0,1,0,2,1,1,1,1,0,0,0,1,2,0,0,1,0,2,1,0,1,0,2,1,0,0,0,1,2,0,2,2,0,0,0,0,0,2,0,0,0,0,2,0,0,0,0,2,0,0,0,0,0,0,0,1,2,0,1,2,0,0,0,0,0,1,0,0,0,0,2,0,1,1,1,0,0,0,0,0,2,0,0,0,0,0,0,0,0,0,1,2,2,0,0,1,1,0,2,2,2,0,0,0,0,0,0,1,225,132
189,Female,0,2,753,24.8,2,2,2,0,2,2,2,2,2,2,2,1,2,1,2,1,2,2,2,2,2,0,2,2,2,2,2,2,1,2,2,0,0,1,2,2,2,1,2,2,2,2,2,2,2,0,2,2,2,2,2,2,2,2,2,2,2,2,2,1,2,2,2,2,2,1,2,2,2,1,2,2,2,1,1,1,2,1,2,2,2,2,0,2,2,2,2,2,2,2,1,0,2,2,2,2,2,2,2,2,1,2,2,2,2,2,2,2,2,2,2,2,2,2,2,2,2,2,2,1,2,2,1,2,2,2,2,2,1,2,2,2,2,2,2,2,2,2,2,0,2,2,1,0,2,2,2,0,2,0,0,1,1,2,2,1,2,2,2,1,2,1,2,2,0,2,0,2,2,2,2,2,2,0,1,2,1,1,2,2,2,2,2,0,2,2,2,2,2,0,2,2,0,2,0,2,2,0,2,2,0,2,0,2,2,0,0,2,0,1,2,2,2,0,0,1,2,2,2,2,2,1,2,0,2,2,0,1,2,0,0,0,0,0,2,2,2,2,2,2,2,1,0,0,2,2,2,2,2,2,2,2,2,2,2,2,2,2,2,2,2,2,0,2,2,1,1,1,2,0,2,2,2,2,2,0,2,2,2,2,1,2,2,1,1,1,2,1,2,2,2,2,2,2,2,2,2,2,0,2,2,2,2,2,2,2,2,1,2,2,2,1,1,2,2,2,2,2,2,2,1,2,2,1,1,2,2,2,2,2,2,1,2,1,0,0,0,2,2,2,2,2,2,2,0,2,0,2,1,0,2,0,2,1,2,0,0,2,2,0,2,0,2,0,0,1,2,2,2,2,0,0,0,0,2,1,0,0,2,2,2,0,1,1,1,0,0,0,0,2,2,2,2,0,0,0,0,2,2,2,1,2,2,2,2,1,2,0,2,2,2,0,0,0,0,2,0,2,342,287
190,Female,0,2,457,15,2,1,0,1,1,1,1,2,1,0,1,1,0,0,0,2,0,0,1,0,1,0,1,0,1,1,1,0,0,0,1,0,0,1,1,1,2,1,1,0,0,1,1,0,0,0,0,0,0,1,0,0,0,1,0,1,0,1,0,1,1,1,1,0,1,1,1,1,1,1,1,1,0,1,1,1,0,0,1,0,0,1,0,1,0,0,1,1,0,0,0,0,1,1,1,0,1,0,1,1,1,1,1,1,1,1,1,1,0,1,0,1,0,1,1,0,0,0,1,0,1,1,0,0,0,1,0,1,0,1,0,1,1,1,1,1,1,1,1,0,1,1,1,0,1,1,1,0,0,1,0,1,0,1,1,1,1,0,0,0,0,0,0,1,0,1,0,0,1,0,0,1,0,0,0,0,0,1,0,1,1,1,0,0,1,1,1,1,1,1,0,0,0,1,0,0,0,0,0,1,0,0,1,1,1,1,1,1,0,1,0,0,0,1,1,0,0,0,1,1,1,1,1,0,1,0,1,0,1,0,0,0,0,0,0,1,1,0,0,1,1,0,0,0,1,1,1,1,1,2,1,1,1,1,2,0,1,1,0,1,2,1,0,2,0,0,0,0,0,0,1,0,1,1,1,0,1,1,1,0,1,1,1,1,1,0,1,1,1,1,1,1,1,1,1,0,0,1,1,1,2,0,1,1,1,1,1,1,1,0,1,1,0,1,1,1,1,1,1,1,1,1,1,1,1,1,1,1,1,0,1,0,1,1,0,1,0,1,1,1,1,1,1,1,1,1,0,1,1,0,1,1,1,0,0,1,0,1,1,0,1,0,0,0,0,1,1,0,1,1,0,0,0,0,0,0,0,0,0,1,1,1,0,0,0,0,0,0,0,0,1,0,0,0,1,0,1,1,1,1,1,1,1,1,1,1,0,0,2,0,2,0,0,0,0,0,0,1,242,11
190,Female,0,2,526,17.3,2,2,0,1,1,2,1,2,1,0,1,2,0,2,0,2,2,0,1,1,1,0,2,0,2,1,2,0,0,0,1,1,0,1,1,2,2,1,1,0,0,1,1,0,0,0,0,0,0,1,0,0,0,2,0,1,0,2,2,1,2,2,1,0,2,1,1,2,1,1,1,1,1,1,1,1,0,0,1,1,2,1,1,1,0,0,1,1,0,2,0,0,1,1,1,1,1,0,1,1,1,1,1,1,1,1,1,1,1,1,0,1,0,1,1,0,0,1,1,1,1,1,0,0,0,1,0,1,0,1,0,1,1,1,1,1,1,1,1,0,1,2,1,0,1,1,1,0,2,1,0,1,0,1,1,1,1,0,0,0,2,0,1,2,0,1,0,0,1,0,0,1,1,0,0,1,0,1,1,1,1,1,0,1,1,1,1,1,1,1,1,1,0,1,0,0,0,0,0,1,0,1,1,1,1,1,1,1,0,1,0,0,0,1,1,0,0,0,1,1,1,1,1,0,2,0,1,0,2,0,0,0,0,0,0,2,2,0,0,2,2,0,0,0,1,1,2,1,1,2,1,1,1,2,2,0,1,2,2,1,2,1,0,2,0,0,0,0,0,0,1,0,1,1,1,0,1,1,1,0,2,1,1,1,1,0,1,1,1,1,1,1,1,1,1,1,0,1,0,1,2,0,1,1,1,1,1,1,1,0,1,1,0,1,1,1,1,1,1,1,1,1,1,1,1,1,1,1,1,1,1,0,2,1,0,1,2,1,1,1,1,1,1,1,1,1,0,1,1,2,1,1,2,0,0,1,0,1,2,0,1,0,0,0,0,1,1,1,1,1,0,0,0,0,0,0,0,0,0,1,1,1,0,0,0,0,0,0,0,0,1,0,0,0,1,0,1,1,1,1,1,1,1,1,1,1,0,0,2,1,2,0,0,0,0,0,0,1,272,49
193,Male,0,2,633,20.8,0,0,0,0,0,0,0,0,0,0,0,0,0,0,0,0,0,0,0,0,0,0,1,0,0,0,0,0,0,0,0,0,0,0,0,0,0,0,1,0,0,0,0,0,0,0,0,0,0,0,0,0,0,0,0,0,0,0,0,0,0,0,0,0,0,0,0,1,2,0,0,0,0,0,0,0,0,0,1,0,0,0,0,0,0,0,1,0,0,0,0,0,0,0,0,0,0,0,0,0,0,0,0,0,0,0,1,0,0,0,0,0,0,0,0,0,0,0,0,0,0,0,0,0,0,1,0,0,0,0,0,1,0,0,1,0,0,0,0,0,0,0,0,0,0,0,0,0,0,0,0,0,0,0,0,1,0,0,0,0,0,0,0,0,0,0,0,0,0,0,0,0,0,0,0,0,0,0,0,0,0,0,0,0,0,0,1,0,0,0,0,0,0,0,0,1,0,0,0,0,0,0,0,0,0,0,0,0,0,0,0,0,0,0,0,0,0,0,0,0,0,0,0,0,0,0,0,0,2,0,0,0,0,0,0,0,0,0,0,2,0,0,0,0,0,0,2,1,0,1,0,0,0,2,1,0,0,0,0,0,2,0,0,0,0,0,0,0,0,0,0,0,0,0,0,0,0,0,0,0,0,0,0,0,0,0,0,0,0,0,0,0,0,0,0,0,0,1,0,0,0,0,0,0,0,0,0,0,0,0,0,0,0,0,0,0,0,0,0,0,0,0,0,0,0,0,0,0,0,0,0,0,0,0,0,0,0,0,0,0,0,0,0,0,0,0,0,0,0,0,0,0,0,0,0,0,0,0,0,0,0,0,0,0,0,0,0,0,0,0,0,0,0,0,0,0,0,0,0,0,0,0,0,0,0,0,0,0,0,0,0,0,0,0,0,0,0,0,0,0,0,0,0,0,0,0,0,0,0,0,0,0,0,0,0,0,0,0,22,6
193,Male,0,2,811,26.7,0,0,0,0,0,0,0,0,0,2,0,2,2,0,0,2,0,0,1,0,0,0,2,0,0,0,2,0,2,0,2,0,0,0,0,0,0,0,2,0,0,0,0,0,0,0,0,2,1,0,0,0,2,2,0,1,2,2,0,0,1,0,0,0,0,2,2,2,2,0,0,0,0,2,0,0,0,0,2,0,2,0,0,0,2,0,1,1,0,1,0,2,2,2,0,1,1,1,2,2,0,1,2,1,1,2,2,2,0,1,0,2,0,2,2,1,1,1,2,0,0,1,0,0,1,2,0,1,0,2,0,2,2,1,1,1,1,1,2,0,1,2,0,0,0,1,1,0,0,0,0,0,0,2,1,2,1,0,0,0,0,1,1,0,0,0,0,0,2,0,1,0,0,0,0,1,1,0,0,2,0,1,0,0,2,1,1,2,0,0,1,1,0,1,0,1,0,0,0,2,0,2,0,2,0,0,0,0,0,0,0,0,1,0,0,1,0,0,1,0,2,0,0,0,2,2,0,0,2,0,0,0,0,0,2,0,0,0,0,2,2,0,0,0,2,2,2,2,0,2,2,1,0,2,2,0,2,2,2,2,2,1,0,2,0,0,0,0,0,0,1,0,0,0,2,0,0,0,2,0,0,0,0,0,0,0,0,0,0,0,0,0,0,0,0,0,0,2,0,0,1,0,0,2,2,0,0,0,0,0,1,0,0,0,0,1,0,1,0,0,1,0,0,0,0,0,2,1,0,0,0,0,2,0,0,0,0,1,1,0,0,0,2,0,2,0,0,0,1,0,0,0,1,2,0,0,0,0,0,0,0,0,0,0,0,0,0,1,1,0,0,0,0,0,1,0,0,0,0,0,0,0,0,0,0,0,0,0,0,2,2,0,0,0,1,0,0,0,0,0,0,0,0,0,0,0,0,0,0,0,2,0,0,0,0,0,0,0,146,84
195,Male,0,5,488,16,0,1,0,0,1,1,1,2,2,2,0,2,0,0,0,1,0,0,2,0,1,0,2,0,2,0,1,0,0,0,0,0,0,0,0,0,0,0,0,0,0,0,0,0,0,0,0,0,0,0,1,0,1,2,0,2,2,1,1,1,1,0,0,0,2,1,1,1,1,1,0,0,1,1,1,0,1,0,1,0,0,0,0,0,0,0,0,0,1,0,1,0,0,0,1,1,1,1,2,2,1,1,1,1,1,2,1,1,0,1,0,1,0,1,1,1,1,0,0,0,0,0,0,0,0,1,0,0,0,1,0,0,0,0,2,0,1,0,1,0,0,1,0,0,0,1,1,0,0,0,0,1,0,2,0,1,0,0,0,0,0,0,1,0,0,1,0,0,0,0,0,1,1,0,1,0,0,0,1,1,0,1,0,0,1,0,0,1,0,0,1,0,0,0,0,2,0,0,0,1,0,1,0,0,0,0,0,0,0,0,0,0,0,0,0,0,0,0,0,1,1,1,0,2,0,0,0,0,2,0,0,0,0,0,0,0,0,0,0,2,2,0,0,0,1,1,2,0,2,0,2,0,1,2,2,0,0,2,0,1,2,0,0,2,0,0,0,0,0,0,0,0,0,0,1,0,1,1,1,0,0,0,0,0,0,0,0,0,0,0,0,0,0,1,0,0,0,1,0,0,0,1,0,0,1,1,1,0,0,0,0,0,0,1,1,1,0,0,1,0,0,1,0,0,0,1,0,1,0,0,1,0,2,0,1,0,0,0,0,0,0,0,0,0,1,0,0,0,0,0,0,0,1,0,0,0,0,0,0,0,0,0,0,0,0,0,0,0,0,0,0,0,2,0,0,2,0,0,0,0,0,0,0,0,0,0,0,0,0,0,0,0,2,2,0,0,0,0,2,0,1,0,0,0,0,1,2,0,0,0,0,0,0,0,0,0,0,0,130,36
195,Male,0,5,536,17.6,2,2,0,0,1,1,1,2,2,2,0,2,0,0,0,1,0,0,2,0,1,0,2,0,2,0,1,0,0,0,0,0,0,0,0,0,0,0,0,0,0,0,0,0,0,0,0,0,0,0,1,0,2,2,1,2,2,2,1,1,2,1,1,1,2,1,1,1,1,1,0,0,1,1,2,0,1,0,1,0,0,0,0,0,2,0,1,0,1,0,1,0,1,1,1,1,1,2,2,2,1,1,1,1,1,2,1,2,0,1,0,1,1,1,1,1,1,0,1,0,1,1,1,1,1,1,0,1,0,1,0,1,1,0,2,0,2,1,1,1,0,1,0,0,1,1,1,0,1,0,0,1,0,2,1,1,0,0,0,0,1,1,1,0,0,1,0,0,0,0,0,2,1,0,1,1,0,0,1,1,0,1,0,0,1,1,1,1,1,0,1,0,1,1,0,2,1,0,0,1,0,1,0,0,0,0,0,0,0,0,0,0,0,1,0,0,0,0,0,1,1,1,0,2,2,0,0,0,2,0,0,0,0,0,0,0,0,0,0,2,2,0,0,1,1,1,2,1,2,2,2,0,1,2,2,0,2,2,0,1,2,0,0,2,0,0,0,1,0,0,0,0,0,0,1,0,1,1,1,0,0,1,0,0,0,0,1,0,1,0,0,0,0,1,0,1,0,1,0,0,0,1,0,1,1,1,1,1,1,0,0,0,0,1,1,1,1,1,1,1,1,1,1,0,0,1,1,1,1,0,1,0,2,0,1,0,0,0,0,1,0,0,2,0,1,0,0,0,0,0,2,0,1,1,0,0,0,1,1,0,1,0,0,0,0,1,0,1,1,0,0,0,2,0,0,2,0,0,0,0,0,0,0,0,0,0,0,0,0,0,2,0,2,2,0,0,0,0,2,0,1,0,0,2,0,1,2,0,2,0,0,0,0,0,0,0,0,0,197,55
195,Male,0,5,608,20,2,2,0,2,2,2,2,2,2,2,2,1,1,0,1,1,1,1,2,2,1,0,2,1,2,1,2,1,1,0,1,1,1,1,1,0,0,1,1,0,1,0,0,0,1,0,0,1,0,0,2,1,2,2,1,2,2,2,2,1,2,2,1,1,2,1,1,2,2,1,0,1,1,1,2,2,1,0,1,0,2,1,1,0,2,0,2,1,1,1,1,1,1,1,1,1,1,2,2,2,2,1,1,1,1,2,1,2,0,1,0,2,1,2,2,1,1,0,2,0,1,1,1,1,1,1,0,1,0,2,0,2,1,0,2,1,2,1,1,1,0,1,0,0,1,2,1,0,1,1,0,1,1,2,1,1,0,0,0,0,1,1,1,0,1,1,0,0,0,0,0,2,1,0,1,1,0,1,1,1,0,1,0,0,1,1,1,1,1,0,1,0,1,2,0,2,1,0,1,1,0,1,0,0,0,1,0,1,1,0,1,0,1,1,1,0,0,0,0,1,1,1,0,2,2,0,0,0,2,0,0,0,0,0,0,0,0,0,0,2,2,0,0,1,1,1,2,1,2,2,2,0,1,2,2,1,2,2,2,1,2,2,2,2,0,1,0,1,0,0,0,1,0,0,1,0,1,1,2,0,1,1,1,1,1,2,2,0,2,1,1,1,1,2,2,2,1,1,0,0,2,1,0,1,1,1,1,1,1,0,1,1,0,1,1,1,1,1,1,2,2,2,1,1,1,1,2,1,1,0,1,0,2,1,1,0,0,2,1,1,2,0,2,0,2,0,0,1,2,0,2,0,1,1,0,0,0,1,1,0,1,0,0,0,1,1,1,1,1,1,0,0,2,0,2,2,2,0,1,0,0,0,0,0,0,0,0,0,0,0,2,1,2,2,0,0,0,0,2,0,1,0,0,2,0,1,2,0,2,0,2,1,0,0,0,0,0,2,277,101
195,Male,0,5,629,20.7,2,2,0,2,2,2,2,2,2,2,2,2,1,0,1,2,1,1,2,2,2,0,2,1,2,1,2,2,2,0,1,1,1,1,1,0,0,1,1,0,1,1,1,0,1,0,1,1,0,1,2,1,2,2,1,2,2,2,2,1,2,2,1,1,2,1,2,2,2,1,0,1,1,1,2,2,1,0,2,1,2,1,1,0,2,0,2,1,2,1,1,1,2,1,1,1,1,2,2,2,2,1,1,1,1,2,1,2,0,1,1,2,1,2,2,1,1,1,2,0,1,1,1,1,1,1,0,1,0,2,1,2,1,1,2,1,2,1,1,1,1,1,0,0,1,2,1,0,1,1,0,1,1,2,1,1,1,0,1,0,1,1,1,0,1,1,0,1,0,1,0,2,1,0,1,1,0,1,1,2,0,1,1,0,1,1,1,1,1,0,1,0,1,2,0,2,1,0,1,1,0,1,0,0,0,1,0,1,1,1,1,0,1,1,1,0,0,0,1,1,2,1,0,2,2,0,0,0,2,0,0,0,0,0,0,0,0,0,0,2,2,0,0,1,1,1,2,2,2,2,2,1,1,2,2,1,2,2,2,2,2,2,2,2,0,1,0,1,0,0,0,1,0,0,1,0,1,1,2,0,1,1,1,1,1,2,2,0,2,1,1,1,1,2,2,2,1,1,0,0,2,1,0,1,1,1,1,1,1,0,1,1,0,2,1,2,1,1,1,2,2,2,1,1,1,1,2,1,1,0,1,0,2,1,1,0,0,2,1,1,2,0,2,0,2,0,0,1,2,0,2,0,2,1,1,0,0,1,1,0,1,2,0,0,1,1,1,1,1,1,0,0,2,0,2,2,2,0,1,1,1,0,0,0,0,0,0,2,0,0,2,1,2,2,0,0,0,0,2,0,1,1,1,2,1,1,2,2,2,0,2,1,0,0,0,0,0,2,304,120
195,Male,0,5,704,23.1,2,2,0,2,2,2,2,2,2,2,2,2,1,0,2,2,1,2,2,2,2,0,2,1,2,1,2,2,2,0,2,1,1,2,2,0,1,1,2,0,2,2,2,1,2,0,1,2,0,2,2,1,2,2,1,2,2,2,2,1,2,2,1,1,2,1,2,2,2,2,0,2,2,1,2,2,1,1,2,2,2,2,1,1,2,1,2,2,2,2,1,1,2,2,2,2,1,2,2,2,2,1,2,2,1,2,2,2,2,2,1,2,2,2,2,1,2,1,2,1,1,2,1,1,1,2,0,2,0,2,1,2,2,1,2,1,2,2,2,1,1,2,1,0,1,2,1,0,1,1,0,2,1,2,2,1,1,2,2,0,2,1,1,2,2,2,2,1,2,1,1,2,2,1,1,1,0,2,2,2,0,2,2,0,2,2,2,2,2,1,2,2,1,2,0,2,2,0,1,2,0,1,0,2,1,1,1,2,1,2,2,1,2,1,1,2,1,1,2,2,2,1,2,2,2,0,0,0,2,0,1,0,0,0,0,0,0,0,0,2,2,0,0,1,2,2,2,2,2,2,2,2,2,2,2,2,2,2,2,2,2,2,2,2,1,1,1,1,1,0,1,1,1,2,2,1,1,1,2,1,1,2,1,1,1,2,2,1,2,1,1,1,1,2,2,2,1,1,0,0,2,1,0,2,2,2,2,1,2,2,1,1,0,2,1,2,1,2,1,2,2,2,2,1,1,1,2,2,1,1,1,1,2,2,1,2,2,2,2,2,2,2,2,1,2,1,0,1,2,2,2,1,2,1,2,1,1,1,1,0,1,2,1,1,1,1,1,1,1,2,2,0,2,0,2,2,2,0,2,1,2,1,1,1,1,0,0,2,2,0,2,2,2,2,1,0,1,2,2,2,2,2,2,2,1,2,2,2,2,0,2,2,0,0,0,0,1,2,363,227
196,Female,0,3,290,9.5,0,0,0,2,0,0,0,0,0,0,0,0,0,0,0,0,0,0,0,0,0,0,0,0,0,0,0,0,0,0,0,0,0,0,0,0,0,0,0,0,0,0,0,0,0,0,0,0,0,0,0,0,0,0,0,0,0,0,0,0,0,0,0,0,0,0,0,0,0,0,0,0,0,0,0,0,0,0,0,0,0,0,0,0,0,0,0,0,0,0,0,0,0,0,0,0,0,0,0,0,0,0,0,0,0,0,0,0,0,0,0,0,0,0,0,0,0,0,0,0,0,0,0,0,0,0,0,0,0,0,0,0,0,0,0,0,0,0,0,0,0,0,0,0,0,0,0,0,0,0,0,0,0,0,0,0,0,0,0,0,0,0,0,0,0,0,0,0,0,0,0,0,0,0,0,0,0,0,0,0,0,0,0,0,0,0,0,0,0,0,0,0,0,0,0,0,0,0,0,0,0,0,0,0,0,0,0,0,0,0,0,0,0,0,0,0,0,0,0,0,0,0,0,0,0,0,0,0,2,0,0,0,0,2,0,2,0,0,0,2,0,0,0,0,1,1,0,0,0,0,0,0,0,0,0,0,0,0,0,0,0,0,0,0,0,0,0,0,0,0,0,0,0,0,0,0,0,0,0,0,0,0,0,0,0,0,0,0,0,0,0,0,0,0,0,0,0,0,0,0,0,0,0,0,0,0,0,0,0,0,0,0,0,0,0,0,0,0,0,0,0,0,0,0,0,0,0,0,0,0,0,0,0,0,0,0,0,0,0,0,0,0,0,0,0,0,0,0,0,0,0,0,0,0,0,0,0,0,0,0,0,0,0,0,0,0,0,0,0,0,0,0,0,0,0,0,0,0,0,0,0,0,0,0,0,0,0,0,0,0,0,0,0,0,0,0,0,0,0,0,0,0,0,0,0,0,0,0,1,0,0,0,0,0,0,0,0,0,7,5
196,Female,0,3,603,19.8,0,0,0,2,1,1,1,2,2,0,1,1,0,0,0,0,1,0,2,0,0,0,2,0,2,0,2,0,0,0,0,0,0,0,0,0,0,0,1,0,0,0,0,0,0,0,0,0,1,0,0,0,0,1,0,1,0,1,1,1,1,1,1,1,1,0,0,1,1,0,0,1,0,0,0,0,1,0,0,1,0,0,1,0,0,0,1,0,1,0,0,1,0,0,0,0,1,0,1,1,0,1,1,0,1,0,1,1,1,1,0,1,1,1,1,0,0,0,0,0,0,0,1,0,1,0,0,1,0,1,0,1,1,0,1,1,1,1,1,1,1,1,0,0,1,1,1,0,0,0,0,1,0,0,0,1,0,1,1,0,0,1,1,0,0,1,0,0,0,1,0,0,1,0,0,0,0,0,0,0,0,0,0,0,0,0,1,1,0,0,0,0,1,0,0,0,0,0,0,1,0,1,0,0,1,0,0,1,0,0,1,0,0,0,0,0,0,0,1,0,1,1,0,0,1,0,0,0,2,0,1,0,0,1,0,2,0,0,0,2,0,0,0,0,1,1,1,1,1,2,0,1,0,1,2,0,0,1,2,1,1,0,1,2,0,0,0,0,1,0,0,0,0,0,1,0,1,1,1,0,0,1,0,0,0,1,0,0,0,0,1,0,0,1,0,0,0,1,0,0,0,1,0,0,1,0,1,0,0,0,0,0,0,0,0,0,1,1,1,0,1,1,0,0,0,0,0,1,0,0,0,0,1,1,0,0,0,0,0,0,1,0,0,0,0,0,0,0,0,0,0,0,1,1,2,0,0,0,0,0,0,0,0,0,0,0,0,1,1,0,0,0,0,0,0,1,0,0,0,0,0,1,0,0,0,0,0,0,0,0,1,0,0,0,0,0,1,0,0,0,0,1,1,0,0,0,0,0,1,0,1,0,0,0,1,0,1,0,142,15
196,Female,0,3,736,24.2,2,2,2,2,2,2,2,2,2,0,2,2,2,2,2,2,2,2,2,2,2,0,2,0,2,1,2,1,1,0,2,1,0,2,2,2,1,2,2,1,2,2,2,2,2,1,2,2,2,2,1,2,2,2,1,2,2,2,2,2,2,2,2,2,2,2,2,2,2,1,1,2,1,1,2,0,1,1,2,1,2,1,1,0,2,0,1,1,1,1,0,1,2,2,2,2,2,1,2,2,2,2,2,2,2,2,2,2,2,2,1,2,2,2,2,0,2,1,2,2,1,2,2,1,1,2,2,1,1,2,1,2,2,1,2,1,2,2,2,1,1,1,1,1,2,2,2,1,1,0,0,1,1,1,2,2,1,2,1,0,2,1,1,2,1,2,0,0,1,1,2,2,2,2,2,2,2,1,2,2,1,2,1,1,2,2,2,1,1,1,2,2,2,2,1,0,1,1,0,1,1,1,1,2,2,1,1,2,1,2,1,1,1,0,0,1,1,1,2,2,2,1,2,0,2,2,0,1,2,0,1,1,0,2,2,2,2,2,2,2,0,2,1,0,2,2,2,2,1,2,2,2,1,1,2,0,1,1,2,2,1,0,1,2,1,1,0,1,1,1,1,1,0,1,2,0,1,1,2,0,0,1,0,0,1,1,1,1,1,1,1,2,1,1,0,2,1,1,0,2,2,1,0,1,2,1,1,1,2,1,1,1,0,1,1,1,1,1,1,1,1,1,2,1,1,1,2,1,1,2,0,1,2,2,2,1,1,0,1,0,2,1,1,1,1,1,0,1,1,1,1,1,2,1,2,1,0,0,1,0,0,2,1,1,1,1,1,1,1,2,2,0,0,0,1,1,1,0,1,0,1,1,0,0,0,1,1,2,0,2,1,2,0,0,0,0,1,0,1,1,0,1,1,1,1,1,0,0,2,2,2,0,0,0,1,0,1,1,350,177
197,Female,0,2,538,17.7,2,0,0,0,1,1,0,1,2,1,1,0,0,0,0,2,1,1,1,0,1,0,1,0,1,1,1,1,0,1,0,0,1,1,1,1,0,0,1,0,0,1,1,0,1,0,1,1,1,0,0,0,1,1,0,0,1,2,0,0,2,2,1,0,1,1,2,2,0,0,0,0,1,1,1,1,0,0,1,1,1,1,0,0,0,0,2,2,0,1,0,0,1,1,1,1,1,1,2,2,1,1,1,0,1,2,1,1,1,0,0,1,1,1,1,0,0,1,1,1,1,2,0,0,1,2,0,1,0,2,0,1,0,0,1,0,1,1,0,0,1,0,0,0,1,0,0,0,0,0,0,1,0,1,0,0,0,0,0,0,0,0,0,0,0,1,0,0,1,0,0,1,0,0,0,0,0,0,0,1,0,1,0,0,0,0,1,1,0,0,0,0,1,1,0,0,0,0,0,0,0,1,0,1,0,0,0,0,0,0,0,0,0,1,0,0,0,0,0,1,1,0,0,0,2,0,0,0,2,0,0,0,0,0,0,2,2,0,0,2,0,0,0,0,1,1,2,1,0,2,2,1,1,1,1,0,2,2,2,0,2,0,0,2,0,0,0,0,0,0,0,0,0,1,1,0,0,0,1,0,0,1,0,0,0,1,1,0,1,0,0,0,0,1,0,1,0,1,0,0,1,0,0,0,1,0,0,0,1,0,0,1,0,0,0,1,1,1,1,0,1,0,0,0,0,1,0,1,1,0,0,0,0,0,0,0,0,0,0,0,0,0,0,0,0,0,0,0,1,0,2,0,0,0,0,0,0,0,0,0,0,0,1,0,0,0,0,0,1,1,0,0,0,0,0,0,0,0,1,1,1,0,0,0,0,0,0,0,0,0,0,0,1,0,1,1,0,1,1,0,0,1,1,0,0,0,2,0,1,0,2,0,0,0,0,0,0,0,162,32
197,Female,0,2,539,17.7,2,0,0,0,1,1,0,1,2,1,1,0,0,0,0,2,1,1,1,0,1,0,1,0,1,1,1,1,0,1,0,0,1,1,1,1,0,0,1,0,0,1,1,0,1,0,1,1,1,0,0,0,1,1,0,0,1,2,0,0,2,2,1,0,1,1,2,2,0,0,0,0,1,1,1,1,0,0,1,1,1,1,0,0,0,0,2,2,0,1,0,0,1,1,1,1,1,1,2,2,1,1,1,0,1,2,1,1,1,0,0,1,1,1,1,0,0,1,1,1,1,2,0,0,1,2,0,1,0,2,0,1,0,0,1,0,1,1,0,0,1,0,0,0,1,0,0,0,0,0,0,1,0,1,0,0,0,0,0,0,0,0,0,0,0,1,0,0,1,0,0,1,0,0,0,0,0,0,0,1,0,1,0,0,0,0,1,1,0,0,0,0,1,1,0,0,0,0,0,0,0,1,0,1,0,0,0,0,0,0,0,0,0,1,0,0,0,0,0,1,1,0,0,0,2,0,0,0,2,0,0,0,0,0,0,2,2,0,0,2,0,0,0,0,1,1,2,1,0,2,2,1,1,1,1,0,2,2,2,0,2,0,0,2,0,0,0,0,0,0,0,0,0,1,1,0,0,0,1,0,0,1,0,0,0,1,1,0,1,0,0,0,0,1,0,1,0,1,0,0,1,0,0,0,1,0,0,0,1,0,0,1,0,0,0,1,1,1,1,0,1,0,0,0,0,1,0,1,1,0,0,0,0,0,0,0,0,0,0,0,0,0,0,0,0,0,0,0,1,0,2,0,0,0,0,0,0,0,0,0,0,0,1,0,0,0,0,0,1,1,0,0,0,0,0,0,0,0,1,1,1,0,0,0,0,0,0,0,0,0,0,0,1,0,1,1,0,1,1,0,0,1,1,0,0,0,2,0,1,0,2,0,0,0,0,0,0,0,162,32
198,Female,0,2,821,27,2,2,2,2,2,2,2,2,2,2,2,2,2,2,2,2,2,2,2,2,2,2,2,2,2,2,2,2,2,2,2,2,2,2,2,2,2,2,2,2,2,2,2,2,2,2,2,2,2,2,2,2,2,2,2,2,2,2,2,2,2,2,2,2,2,2,2,2,2,2,2,2,2,2,2,2,2,2,2,2,2,2,2,2,2,2,2,2,2,2,2,2,2,2,2,2,2,2,2,2,2,2,2,2,2,2,2,2,2,2,2,2,2,2,2,2,2,2,2,2,2,2,2,2,2,2,2,2,2,2,2,2,2,2,2,2,2,2,2,2,2,2,2,2,2,2,2,2,2,0,1,2,2,2,2,2,2,2,2,2,2,2,2,2,2,2,2,2,2,2,2,2,2,2,2,2,2,2,2,2,2,2,2,2,2,2,2,2,2,2,2,2,1,2,1,2,2,2,2,2,2,2,1,2,2,2,2,2,2,2,2,2,2,2,2,2,2,2,2,2,2,2,2,0,2,2,2,1,2,2,2,2,1,2,2,2,1,2,2,2,2,2,2,1,2,2,2,2,2,2,2,2,2,2,2,2,2,2,2,2,2,2,2,2,2,2,2,2,2,2,2,2,2,2,2,1,2,2,2,2,2,2,2,2,2,2,2,2,2,2,2,2,2,1,0,2,2,2,2,2,2,2,2,2,2,2,2,2,2,2,2,2,2,2,2,2,2,2,2,2,2,2,2,2,1,2,2,2,2,2,2,2,2,2,1,2,2,2,2,2,2,2,2,2,2,2,1,2,2,2,2,2,2,2,2,2,1,2,2,0,2,2,2,2,2,2,2,2,2,2,2,1,2,1,2,2,2,2,2,2,2,2,2,2,2,2,2,2,2,2,2,2,2,2,2,2,2,2,2,2,2,2,2,2,2,2,2,2,2,2,2,2,2,1,2,2,2,2,414,397
198,Female,0,2,877,28.8,2,2,2,2,2,2,2,2,2,2,2,2,2,2,2,2,2,2,2,2,2,2,2,2,2,2,2,2,2,2,2,2,2,2,2,2,2,2,2,2,2,2,2,2,2,2,2,2,2,2,2,2,2,2,2,2,2,2,2,2,2,2,2,2,2,2,2,2,2,2,2,2,2,2,2,2,2,2,2,2,2,2,2,2,2,2,2,2,2,2,2,2,2,2,2,2,2,2,2,2,2,2,2,2,2,2,2,2,2,2,2,2,2,2,2,2,2,2,2,2,2,2,2,2,2,2,2,2,2,2,2,2,2,2,2,2,2,2,2,2,2,2,2,2,2,2,2,2,2,0,1,2,2,2,2,2,2,2,2,2,2,2,2,2,2,2,2,2,2,2,2,2,2,2,2,2,2,2,2,2,2,2,2,2,2,2,2,2,2,2,2,2,1,2,1,2,2,2,2,2,2,2,1,2,2,2,2,2,2,2,2,2,2,2,2,2,2,2,2,2,2,2,2,0,2,2,2,1,2,2,2,2,1,2,2,2,1,2,2,2,2,2,2,1,2,2,2,2,2,2,2,2,2,2,2,2,2,2,2,2,2,2,2,2,2,2,2,2,2,2,2,2,2,2,2,1,2,2,2,2,2,2,2,2,2,2,2,2,2,2,2,2,2,1,0,2,2,2,2,2,0,0,0,0,0,0,0,0,0,0,0,0,0,0,0,0,0,0,0,0,0,0,0,0,0,0,0,0,0,0,0,0,0,0,0,0,0,0,0,0,0,0,0,0,0,0,0,0,0,0,0,0,0,0,0,0,0,0,0,0,0,0,0,0,0,0,0,0,0,0,0,0,0,0,0,0,0,0,0,0,0,0,0,0,0,0,0,0,0,0,0,0,0,0,0,0,0,0,0,0,0,0,0,0,0,0,0,0,0,0,0,0,0,0,0,0,0,0,297,287
199,Female,0,4,267,8.8,0,0,0,0,0,0,0,0,0,0,0,0,0,0,0,0,0,0,0,0,0,0,0,0,0,0,0,0,0,0,0,0,0,0,0,0,0,0,0,0,0,0,0,0,0,0,0,0,0,0,0,0,0,0,0,0,0,0,0,0,0,0,0,0,0,0,0,0,0,0,0,0,0,0,0,0,0,0,0,0,0,0,0,0,0,0,0,0,0,0,0,0,0,0,0,0,0,0,0,0,0,0,0,0,0,0,0,0,0,0,0,0,0,0,0,0,0,0,0,0,0,0,0,0,0,0,0,0,0,0,0,0,0,0,0,0,0,0,0,0,0,0,0,0,0,0,0,0,0,0,0,0,0,0,0,0,0,0,0,0,0,0,0,0,0,0,0,0,0,0,0,0,0,0,0,0,0,0,0,0,0,0,0,0,0,0,0,0,0,0,0,0,0,0,0,0,0,0,0,0,0,0,0,0,0,0,0,0,0,0,0,0,0,0,0,0,0,0,0,0,0,0,0,0,0,0,0,0,1,0,0,0,0,0,0,0,0,0,0,1,0,0,0,0,0,0,0,0,0,0,0,0,0,0,0,0,0,0,0,0,0,0,0,0,0,0,0,0,0,0,0,0,0,0,0,0,0,0,0,0,0,0,0,0,0,0,0,0,0,0,0,0,0,0,0,0,0,0,0,0,0,0,0,0,0,0,0,0,0,0,0,0,0,0,0,0,0,0,0,0,0,0,0,0,0,0,0,0,0,0,0,0,0,0,0,0,0,0,0,0,0,0,0,0,0,0,0,0,0,0,0,0,0,0,0,0,0,0,0,0,0,0,0,0,0,0,0,0,0,0,0,0,0,0,0,0,0,0,0,0,0,0,0,0,0,0,0,0,0,0,0,0,0,0,0,0,0,0,0,0,0,0,0,0,0,0,0,0,0,0,0,0,0,0,0,0,0,0,2,0
199,Female,0,4,484,15.9,2,0,0,2,0,2,0,2,2,2,2,0,0,0,0,2,0,0,1,2,1,0,1,0,2,0,2,0,0,0,0,0,0,0,1,0,0,0,1,0,0,1,0,0,0,0,0,0,0,1,0,0,0,1,0,1,1,2,2,0,2,2,1,0,2,0,2,2,2,1,0,2,0,0,2,2,1,0,1,0,2,1,1,0,0,0,2,0,0,0,0,0,0,2,2,0,0,0,0,0,0,0,1,0,2,1,0,1,0,0,0,0,0,1,0,1,0,0,1,0,1,1,0,0,0,1,0,0,0,2,0,1,0,0,2,1,1,1,1,1,1,1,0,0,1,0,0,0,0,0,0,0,0,1,0,1,0,0,0,0,2,1,1,0,0,1,0,0,0,1,0,1,0,0,0,0,0,0,1,0,0,2,0,0,1,0,1,0,0,0,1,0,0,1,0,0,1,0,0,0,0,2,0,0,0,0,0,0,0,0,1,0,1,0,0,0,0,0,1,1,1,0,0,0,2,0,2,0,2,0,0,0,0,0,0,2,2,0,0,2,0,0,0,0,2,2,2,0,0,0,0,0,0,2,2,0,2,0,2,0,1,0,0,2,0,1,0,0,0,0,0,0,0,0,1,0,0,0,1,0,0,1,0,0,0,0,0,0,0,0,0,0,0,1,0,0,0,1,0,0,0,0,0,0,0,0,0,0,0,0,0,0,0,0,0,0,0,1,0,0,0,0,0,0,0,0,0,0,0,0,0,0,0,0,0,0,0,0,0,0,0,0,0,0,0,0,0,0,0,0,0,0,0,1,0,0,0,0,0,0,0,0,0,0,0,0,0,0,1,0,0,0,0,0,0,0,0,0,0,0,0,0,0,0,0,0,0,0,0,0,0,0,0,0,0,0,0,0,0,0,0,0,0,0,0,0,0,0,0,0,0,0,0,0,0,0,0,0,108,46
199,Female,0,4,530,17.4,2,0,0,2,0,2,0,2,2,2,2,0,0,0,0,2,0,0,1,2,1,0,1,0,2,0,2,0,0,0,0,0,0,0,1,0,0,0,1,0,0,1,0,0,0,0,0,0,0,1,0,0,0,1,0,1,1,2,2,0,2,2,1,0,2,0,2,2,2,1,0,2,0,0,2,2,1,0,1,0,2,1,1,0,0,0,2,0,0,0,0,0,0,2,2,0,0,0,0,0,0,0,1,0,2,1,0,1,0,0,0,0,0,1,0,1,0,0,1,0,1,1,0,0,0,1,0,0,0,2,0,1,0,0,2,1,1,1,1,1,1,1,0,0,1,0,0,0,0,0,0,0,0,1,0,1,0,0,0,0,2,1,1,0,0,1,0,0,0,1,0,1,0,0,0,0,0,0,1,0,0,2,0,0,1,0,1,0,0,0,1,0,0,1,0,0,1,0,0,0,0,2,0,0,0,0,0,0,0,0,1,0,1,0,0,0,0,0,1,1,1,0,0,0,2,0,2,0,2,0,0,0,0,0,0,2,2,0,0,2,0,0,0,0,2,2,2,0,0,0,0,0,1,2,2,0,2,0,2,0,1,0,0,2,0,1,0,0,0,0,0,0,0,0,1,0,1,0,1,0,0,1,0,0,0,0,0,0,0,0,0,0,0,1,0,0,0,1,0,0,0,0,0,0,0,0,0,0,0,0,0,0,0,0,0,0,0,1,0,0,0,0,0,0,0,0,0,1,0,0,1,0,0,0,0,0,0,0,0,0,0,0,0,0,0,0,0,0,0,0,0,0,1,1,0,0,0,0,0,0,0,0,0,0,0,0,0,0,1,0,0,0,0,0,0,0,0,0,0,0,0,0,0,0,0,0,0,0,0,0,0,0,0,0,0,0,0,0,0,0,0,0,0,0,0,0,0,0,0,0,1,0,0,0,0,0,0,0,114,46
199,Female,0,4,625,20.5,2,2,0,2,2,2,2,2,2,2,2,2,2,0,2,2,2,2,2,2,2,0,2,0,2,2,2,2,2,0,2,0,0,2,2,2,2,2,2,0,0,1,2,1,2,0,2,2,2,2,1,0,2,2,0,2,2,2,2,2,2,2,2,0,2,2,2,2,2,2,0,2,2,0,2,2,2,2,2,2,2,2,2,2,0,2,2,2,2,2,2,0,0,2,2,2,1,1,2,2,1,1,2,0,2,2,1,2,2,2,0,2,2,1,2,2,2,0,2,2,2,2,0,0,0,2,0,1,0,2,0,2,2,0,2,1,2,1,2,2,2,2,0,1,1,2,0,0,2,1,0,1,0,1,1,2,1,2,1,0,2,1,2,0,0,2,0,1,2,2,2,1,0,2,2,2,2,2,2,2,0,2,0,0,2,0,1,2,0,0,1,0,0,2,0,0,2,2,0,1,0,2,0,1,0,0,0,2,0,1,1,0,1,0,0,2,0,2,2,2,2,1,0,0,2,0,2,0,2,0,0,0,0,0,0,2,2,0,0,2,0,0,0,0,2,2,2,2,0,2,0,2,1,2,2,0,2,2,2,0,2,0,0,2,0,1,0,1,0,0,1,0,1,1,2,0,2,1,2,0,0,2,0,0,0,1,1,1,0,0,0,2,1,2,0,1,0,2,0,0,0,0,0,0,2,0,1,0,1,0,2,0,0,0,0,1,1,1,1,2,0,2,2,1,0,1,0,1,1,0,1,1,2,1,0,0,2,0,0,1,2,2,2,1,0,0,0,2,0,0,0,0,2,1,2,0,0,0,0,0,0,0,0,0,0,1,0,0,1,0,0,0,0,0,0,0,0,0,0,0,0,0,0,0,0,0,0,0,0,0,0,0,0,0,0,0,0,0,0,0,0,0,0,0,0,0,2,0,2,0,2,0,0,0,0,0,0,0,235,174
200,Female,0,2,560,18.4,1,2,0,2,1,1,1,2,1,1,1,1,0,1,1,1,1,1,2,1,1,0,1,1,2,1,1,0,0,0,1,0,0,1,1,0,0,0,2,0,0,1,2,0,0,0,0,0,0,0,0,0,0,1,0,0,1,2,2,1,1,2,1,1,2,1,1,2,1,1,0,0,0,1,0,1,1,0,2,1,1,2,0,0,2,0,2,1,1,2,0,0,2,1,1,0,0,1,1,1,1,1,1,0,0,1,1,1,0,0,0,1,1,1,1,1,2,0,2,1,1,2,1,0,0,1,0,1,0,2,0,1,1,0,1,0,1,0,2,0,1,1,0,0,0,1,0,0,0,0,0,0,0,2,0,1,0,0,0,0,0,0,0,0,0,0,0,0,0,0,0,1,0,0,0,1,2,1,0,0,0,1,1,0,1,1,1,1,1,0,1,1,0,2,0,0,0,0,0,0,0,2,0,1,1,0,0,0,0,1,0,0,0,0,0,0,0,0,0,1,1,1,0,0,2,0,0,0,2,0,0,0,0,0,0,0,0,0,0,2,2,0,0,0,1,1,2,2,1,2,2,1,1,2,2,1,1,1,1,1,1,0,0,2,1,1,0,1,0,0,0,0,1,1,1,0,1,0,1,0,0,1,0,1,1,0,1,1,1,0,0,0,1,1,0,0,1,1,0,1,1,1,0,1,1,0,0,0,0,0,0,1,0,0,1,1,1,1,1,1,1,0,0,0,0,0,1,1,1,1,1,0,1,1,0,0,0,0,1,0,0,0,0,0,0,0,0,1,1,0,1,0,1,1,1,1,0,1,1,0,0,0,0,0,0,1,1,1,1,1,0,0,1,0,1,1,0,0,0,0,0,0,0,0,0,0,0,0,0,1,1,1,2,2,1,1,1,1,1,1,1,1,1,1,2,0,1,0,1,1,1,1,0,0,0,2,0,1,215,42
200,Female,0,2,908,29.8,2,2,2,2,2,2,2,2,2,2,2,2,2,2,2,2,2,2,2,2,2,0,2,2,2,2,2,2,2,0,2,0,0,2,2,2,2,0,2,2,0,2,2,0,2,0,2,2,0,2,0,0,2,2,0,2,2,2,2,2,2,2,2,2,2,2,2,2,2,2,2,2,2,2,2,2,2,2,2,2,2,2,2,2,2,2,2,2,2,2,2,2,2,2,2,2,2,2,2,2,2,2,2,2,2,2,2,2,2,2,2,2,2,2,2,2,2,2,2,2,2,2,2,2,2,2,2,2,2,2,2,2,2,2,2,2,2,2,2,2,2,2,2,0,2,2,0,0,2,2,0,2,2,2,2,2,2,2,2,0,2,2,2,2,2,2,0,0,2,2,2,2,2,2,2,2,2,2,2,2,2,2,2,0,2,2,2,2,2,0,2,2,2,2,2,0,2,0,0,0,0,2,1,2,2,2,0,2,2,2,2,2,2,2,2,2,2,2,2,2,2,2,0,0,2,0,0,0,2,2,2,0,0,0,0,2,0,0,0,2,2,0,0,0,2,2,2,2,2,2,2,2,2,2,2,2,2,2,2,2,2,1,2,2,2,2,2,2,2,2,2,2,2,2,2,2,2,2,2,2,2,2,2,2,2,2,2,2,2,2,2,2,2,2,2,2,2,2,0,2,2,2,2,2,2,2,2,2,2,2,2,2,2,2,2,2,2,2,2,2,2,2,2,2,2,2,2,2,2,2,2,2,2,2,2,2,2,2,2,2,2,2,2,2,2,2,2,2,2,2,2,2,2,2,2,2,0,2,2,2,0,2,2,2,2,2,2,2,2,2,2,2,2,0,2,2,0,0,2,2,2,2,2,0,0,0,0,0,2,2,2,2,2,2,2,2,2,2,2,2,2,2,2,2,2,0,2,2,2,2,2,2,2,2,2,2,2,2,364,362
201,Female,0,4,284,9.3,0,0,0,0,0,0,0,0,0,0,0,0,0,0,0,0,0,0,0,0,0,0,0,0,0,0,0,0,0,0,0,0,0,0,0,0,0,0,0,0,0,0,0,0,0,0,0,0,0,0,0,0,0,0,0,0,0,0,0,0,0,0,0,0,0,0,0,0,0,0,0,0,0,0,0,0,0,0,0,0,0,0,0,0,0,0,0,0,0,0,0,0,0,0,0,0,0,0,0,0,0,0,0,0,0,0,0,0,0,0,0,0,0,0,0,0,0,0,0,0,0,0,0,0,0,0,0,0,0,0,0,0,0,0,0,0,0,0,0,0,0,0,0,0,0,0,0,0,0,0,0,0,0,0,0,0,0,0,0,0,0,0,0,0,0,0,0,0,0,0,0,0,0,0,0,0,0,0,0,0,0,0,0,0,0,0,0,0,0,0,0,0,0,0,0,0,0,0,0,0,0,0,0,0,0,0,0,0,0,0,0,0,0,0,0,0,0,0,0,0,0,0,0,0,0,0,0,0,0,0,0,0,0,0,0,0,0,0,0,0,0,0,0,0,0,0,0,0,0,1,1,0,0,0,0,0,0,0,0,0,0,0,0,0,0,0,0,0,0,0,0,0,0,0,0,0,0,0,0,0,0,0,0,0,0,0,0,0,0,0,0,0,0,0,0,0,0,0,0,0,0,0,0,0,0,0,0,0,0,0,0,0,0,0,0,0,0,0,0,0,0,0,0,0,0,0,0,0,0,0,0,0,0,0,0,0,0,0,0,0,0,0,0,0,0,0,0,0,0,0,0,0,0,0,0,0,0,0,0,0,0,0,0,0,0,0,0,0,0,0,0,0,0,0,0,0,0,0,0,0,0,0,0,0,0,0,0,0,0,0,0,0,0,0,0,0,0,0,0,0,0,0,0,0,0,0,0,0,0,0,0,0,0,0,0,0,0,0,2,0
201,Female,0,4,523,17.2,1,2,0,0,2,1,2,1,2,0,2,2,0,0,0,1,0,0,2,0,1,0,2,0,1,1,2,0,0,0,0,0,0,1,1,0,0,0,0,0,0,0,0,0,0,0,0,0,0,0,0,0,1,2,0,0,0,2,1,0,2,2,1,0,2,1,0,2,2,0,0,0,0,0,0,0,0,0,1,0,2,1,0,0,2,0,0,0,0,0,0,0,0,0,0,1,0,1,1,1,0,0,2,0,2,2,2,2,0,1,0,2,0,2,2,0,0,0,1,0,0,0,1,0,0,2,0,2,0,2,0,2,1,0,2,0,2,0,1,0,0,1,0,0,0,0,0,0,0,0,0,1,0,2,0,1,0,0,0,0,0,1,0,0,0,2,0,0,0,0,0,2,2,0,0,0,0,0,1,0,0,0,0,0,0,0,0,0,0,0,0,0,0,0,0,2,0,0,0,0,0,2,0,0,0,0,0,0,0,0,0,0,0,0,0,0,0,0,0,1,1,0,0,2,2,0,0,0,2,0,0,0,0,0,0,2,2,0,0,2,2,0,0,2,2,1,2,1,0,2,2,0,0,2,2,0,2,0,2,0,2,0,0,2,1,1,0,0,1,0,0,0,0,0,2,0,2,0,0,0,0,1,0,0,0,0,0,0,0,0,0,2,0,0,0,0,0,0,0,0,1,2,0,0,0,0,0,0,1,0,1,0,0,0,0,0,1,0,1,0,0,0,1,0,0,0,0,2,0,0,0,0,2,0,0,0,0,0,0,0,1,0,1,0,1,0,0,0,0,0,0,0,2,1,0,0,0,0,0,0,0,0,0,0,0,1,0,0,1,1,0,0,0,0,0,0,0,0,0,1,1,0,0,0,0,0,0,0,0,0,2,0,0,0,0,0,0,2,0,0,0,2,2,0,0,0,0,0,2,0,2,0,0,0,0,0,0,0,121,69
201,Female,0,4,582,19.1,1,2,0,0,2,1,2,2,2,0,2,2,0,0,0,2,0,0,2,0,1,0,2,0,2,2,2,1,0,0,0,0,0,1,1,0,0,0,2,0,0,0,1,0,0,0,0,0,0,2,0,0,2,2,0,2,0,2,2,0,2,2,1,1,2,2,2,2,2,0,0,2,0,0,0,0,2,0,2,0,2,1,2,1,2,0,1,2,0,0,2,0,2,2,0,1,0,1,1,2,1,2,2,0,2,2,2,2,0,1,0,2,2,2,2,0,2,0,2,0,1,2,1,0,2,2,0,2,0,2,0,2,2,0,2,0,2,0,2,0,1,2,0,0,0,0,0,0,2,0,0,1,0,2,2,1,0,0,0,0,2,2,0,0,0,2,0,0,0,0,0,2,2,0,0,2,0,1,1,2,0,0,2,0,0,2,0,0,0,0,1,0,0,1,0,2,1,0,0,0,0,2,0,2,1,0,0,1,0,0,0,0,1,0,0,0,0,0,2,2,2,0,0,2,2,0,0,0,2,0,2,0,0,0,0,2,2,0,0,2,2,0,0,2,2,2,2,2,0,2,2,2,0,2,2,0,2,2,2,2,2,2,0,2,2,2,0,1,2,0,2,2,0,2,2,0,2,2,2,0,1,2,0,0,1,2,1,1,1,0,0,2,1,2,0,1,0,2,0,0,2,2,0,1,2,0,0,1,1,0,1,1,0,0,1,1,1,1,1,2,2,0,1,0,0,0,2,2,0,0,0,0,2,2,0,0,0,2,1,0,2,0,1,0,1,0,0,2,0,0,0,0,2,1,0,0,0,0,2,0,0,0,0,0,0,1,0,0,1,2,0,0,0,0,0,0,0,0,1,2,2,0,0,0,0,0,0,0,0,0,2,0,0,0,0,0,0,2,0,0,0,2,2,0,0,0,0,0,2,0,2,0,0,0,0,0,0,0,198,142
201,Female,0,4,754,24.8,1,2,0,2,2,2,2,2,2,0,2,2,2,1,1,2,2,2,2,2,2,0,2,0,2,2,2,2,2,0,2,0,0,2,2,2,0,2,2,0,0,2,2,2,2,0,2,2,2,2,0,2,2,2,0,2,2,2,2,0,2,2,2,2,2,2,2,2,2,2,0,2,2,2,2,2,2,2,2,2,2,2,2,1,2,0,2,2,2,2,2,2,2,2,2,2,2,2,2,2,2,2,2,2,2,2,2,2,2,2,1,2,2,2,2,0,2,1,2,2,2,2,2,1,2,2,1,2,2,2,2,2,2,1,2,0,2,2,2,1,1,2,0,0,2,2,1,0,2,1,0,2,0,2,2,2,2,2,2,0,2,2,2,0,2,2,2,2,2,0,2,2,2,2,2,2,0,2,2,2,0,2,2,2,2,2,2,2,2,1,1,0,2,2,0,2,2,0,0,2,0,2,0,2,2,2,0,2,0,2,2,2,2,2,0,2,0,0,2,2,2,2,2,2,2,2,0,0,2,2,2,2,0,0,2,2,2,2,2,2,2,2,0,2,2,2,2,2,2,2,2,2,0,2,2,0,2,2,2,2,2,2,2,2,2,2,2,2,2,2,2,2,2,2,2,0,2,2,2,2,2,2,2,0,2,2,2,2,2,2,0,2,1,2,2,2,2,2,0,2,2,2,2,2,2,2,2,2,2,2,2,1,0,0,1,2,2,2,2,2,2,2,2,2,0,0,2,2,0,2,2,2,2,2,0,2,1,2,2,2,2,0,2,0,2,0,2,2,2,1,2,2,2,2,2,2,1,1,2,0,2,1,2,2,2,2,1,2,2,2,1,0,2,0,2,2,2,1,1,2,2,2,0,0,0,2,2,2,2,2,2,2,2,2,2,2,2,2,2,2,2,2,2,2,2,0,2,0,2,0,2,0,2,0,2,2,0,2,347,320
202,Female,0,4,378,12.4,0,0,0,0,1,1,1,1,1,0,1,2,0,0,0,1,0,0,1,0,0,0,0,0,1,0,0,0,0,0,0,0,0,0,1,0,0,0,0,0,0,0,0,0,0,0,0,0,0,0,0,0,0,0,0,0,0,0,1,0,1,0,0,0,0,1,0,2,0,0,0,0,0,0,0,0,0,0,1,0,0,0,0,0,0,0,1,0,0,0,0,0,0,0,1,0,0,0,0,0,0,0,0,0,0,0,0,0,0,0,0,0,0,0,0,0,0,0,0,0,0,1,0,0,0,1,0,0,0,0,0,0,0,0,1,0,1,0,0,0,0,0,0,0,0,0,0,0,0,0,0,0,0,0,0,1,0,0,0,0,0,0,0,1,0,0,0,0,0,0,0,0,0,0,0,0,0,0,0,0,0,1,0,0,0,1,0,0,0,0,1,0,0,0,0,1,0,0,0,0,0,0,0,1,0,0,0,0,0,0,0,0,0,0,0,0,0,0,0,0,0,0,0,0,0,0,0,0,1,0,0,0,0,0,0,1,1,0,0,1,0,0,0,0,1,1,1,0,0,1,1,0,0,1,1,0,1,0,1,1,1,1,0,1,0,1,0,0,0,0,0,0,0,0,1,0,1,0,1,0,1,1,0,0,0,0,1,1,1,0,1,0,0,1,1,0,0,1,0,0,1,0,0,0,1,1,1,0,1,0,0,1,0,1,0,1,0,0,1,1,1,1,0,0,0,1,1,1,0,1,1,0,1,1,0,0,0,0,1,0,0,0,0,0,0,0,0,0,1,0,0,0,0,0,0,0,0,0,0,0,0,0,1,0,0,1,0,0,0,0,0,0,1,0,1,0,0,0,0,0,0,0,0,0,0,0,0,0,0,0,0,0,0,0,0,0,0,0,0,0,0,0,0,0,1,0,0,0,0,0,0,0,0,0,0,0,0,0,85,2
202,Female,0,4,491,16.1,2,2,0,0,1,2,1,2,2,0,1,2,0,0,2,2,1,1,2,0,2,0,2,0,2,0,2,1,1,0,1,0,1,0,2,1,1,0,1,0,0,2,2,0,2,0,1,0,2,2,0,0,2,2,0,0,2,2,2,0,2,2,2,0,1,2,2,2,0,2,0,2,0,0,2,0,0,0,2,0,2,2,0,0,2,0,2,0,0,2,0,0,2,2,2,1,1,0,2,2,0,1,2,0,2,1,1,1,2,1,0,2,1,1,1,0,2,1,2,1,1,1,0,0,2,1,0,1,0,2,1,2,1,0,2,1,1,1,2,0,0,1,0,0,2,1,1,0,0,0,0,1,0,1,1,1,1,0,0,0,1,0,1,2,2,2,0,0,2,1,2,1,1,0,0,0,0,0,2,2,1,2,0,0,0,1,1,1,0,0,2,0,0,1,0,1,1,0,0,0,0,1,0,2,0,0,0,1,0,1,0,1,1,1,0,1,0,0,1,1,1,0,1,0,2,2,0,0,2,0,1,1,0,0,2,1,1,0,0,2,0,1,0,0,2,1,2,1,1,2,1,1,0,1,2,1,2,2,1,2,2,1,1,2,0,1,0,1,0,0,1,1,0,1,1,0,1,1,1,0,1,1,0,0,1,1,1,1,1,0,1,1,0,1,1,1,0,1,0,0,1,0,0,1,1,1,1,1,1,0,1,1,0,1,1,1,0,1,1,1,1,1,2,1,0,1,1,1,1,1,1,0,2,1,0,0,0,0,1,0,1,0,0,0,0,0,0,1,1,0,0,0,2,1,0,0,0,0,2,0,0,0,1,0,0,1,2,1,1,1,0,0,1,0,1,1,0,0,0,0,0,0,0,0,0,0,0,0,0,0,1,1,1,1,1,1,0,0,0,0,0,0,0,0,1,0,0,0,2,0,2,0,0,0,0,0,0,0,235,87
202,Female,0,4,533,17.5,2,2,0,0,2,2,2,2,2,0,2,2,2,2,2,2,1,2,2,2,2,0,2,2,2,2,2,2,2,0,1,0,2,2,2,1,1,2,1,0,0,2,2,0,2,0,2,1,2,2,1,0,2,2,1,1,2,2,2,1,2,2,2,1,2,2,2,2,1,2,0,2,1,0,2,2,0,0,2,0,2,2,0,0,2,0,2,0,1,2,2,0,2,2,2,2,2,0,2,2,1,1,2,0,2,2,2,1,2,2,0,2,1,2,1,1,2,1,2,1,1,2,1,0,2,2,0,1,0,2,1,2,1,0,2,2,2,1,2,1,1,2,1,0,2,2,1,0,0,1,0,1,0,1,2,2,2,0,1,0,2,1,2,2,2,2,0,1,2,1,2,1,2,0,0,0,0,1,2,2,1,2,0,0,0,1,1,1,0,0,2,0,0,2,0,2,2,0,0,0,0,2,0,2,0,0,0,1,0,1,0,1,1,1,0,1,0,0,2,2,2,1,1,0,2,2,0,0,2,0,1,1,0,0,2,2,2,0,0,2,0,1,0,0,2,2,2,1,1,2,2,2,0,2,2,2,2,2,1,2,2,1,1,2,0,2,0,1,0,0,1,1,0,1,2,0,1,1,2,1,1,1,0,0,1,1,1,1,1,0,1,1,0,1,1,1,0,1,0,0,1,0,0,1,1,1,1,1,1,0,1,1,0,1,1,1,1,2,1,2,1,1,2,1,0,1,2,1,1,1,1,0,2,1,0,1,0,1,1,1,2,0,1,0,1,0,0,2,1,0,0,0,2,1,0,1,0,1,2,0,0,0,1,0,0,1,2,1,1,1,0,0,1,0,1,1,0,0,0,0,0,1,0,0,0,0,0,0,0,0,1,1,1,1,1,1,0,0,1,0,0,1,0,0,1,1,1,0,2,0,2,0,0,0,0,0,0,1,280,145
202,Female,0,4,644,21.2,2,2,0,2,2,2,2,2,2,2,2,2,2,2,2,2,2,2,2,2,2,2,2,2,2,2,2,2,2,0,2,0,2,2,2,2,2,2,2,0,0,2,2,2,2,0,2,2,2,2,2,2,2,2,1,2,2,2,2,2,2,2,2,2,2,2,2,2,2,2,2,2,2,2,2,2,2,0,2,2,2,2,2,0,2,0,2,2,2,2,2,2,2,2,2,2,2,2,2,2,2,2,2,1,2,2,2,2,2,2,0,2,2,2,2,2,2,2,2,2,2,2,2,1,2,2,1,2,1,2,2,2,2,1,2,2,2,2,2,2,2,2,1,0,2,2,1,0,2,1,0,2,1,2,2,2,2,2,2,0,2,2,2,2,2,2,2,1,2,2,2,2,2,0,2,2,0,2,2,2,1,2,2,2,2,2,2,2,2,0,2,0,0,2,1,2,2,2,0,2,0,2,0,2,2,0,0,2,0,2,2,2,2,1,0,1,0,0,2,2,2,2,1,2,2,2,0,0,2,0,1,1,0,0,2,2,2,1,1,2,0,1,0,0,2,2,2,2,1,2,2,2,2,2,2,2,2,2,2,2,2,1,1,2,1,2,1,1,0,1,2,2,1,1,2,0,2,2,2,1,1,1,0,1,1,1,2,1,2,2,1,2,1,1,2,1,2,2,1,2,1,2,0,2,2,1,1,1,1,1,1,1,0,1,1,1,2,2,1,2,2,2,2,1,1,1,2,2,2,1,1,0,2,2,2,2,2,2,1,1,2,2,2,1,1,2,0,2,2,2,2,0,2,1,1,1,0,2,2,0,2,2,1,0,0,1,2,1,1,2,2,0,1,0,1,1,0,0,2,1,2,1,0,0,0,0,0,0,0,0,1,1,1,1,1,1,2,2,2,0,0,2,2,2,2,1,2,2,2,0,2,0,0,0,0,2,0,1,350,267
203,Female,0,2,657,21.6,2,0,0,2,0,2,2,2,0,0,2,2,0,0,2,2,1,0,2,0,1,0,2,0,2,1,2,1,1,0,0,0,0,2,2,0,2,0,2,0,0,1,2,0,0,0,2,0,0,0,0,0,2,2,0,0,0,2,2,0,2,2,2,0,2,0,1,1,1,0,0,0,0,0,2,0,0,0,1,0,0,0,0,0,1,0,1,0,0,2,0,0,0,1,0,2,1,0,1,2,1,1,2,0,1,2,2,2,1,1,1,2,0,0,1,0,2,0,1,1,0,2,0,0,0,1,0,1,0,1,0,1,1,0,1,1,1,0,1,1,1,2,0,0,1,1,0,0,0,0,0,0,0,1,0,1,0,0,0,0,2,1,2,2,0,0,0,0,1,1,0,0,2,0,0,2,0,0,1,1,1,0,2,0,1,0,1,0,0,2,0,0,0,1,0,0,0,0,0,0,0,2,0,0,0,0,0,0,0,0,0,0,1,1,0,0,0,0,2,2,1,0,0,0,2,2,0,0,2,0,0,0,0,0,0,1,1,0,0,2,1,0,0,0,1,1,2,0,0,2,2,0,1,0,2,0,1,2,2,0,2,0,0,0,0,0,0,0,0,0,1,1,0,1,1,0,0,1,0,0,0,1,0,0,0,0,0,0,2,0,0,0,1,1,0,0,0,1,0,0,0,0,0,1,0,1,1,0,1,0,1,0,0,0,0,0,0,1,0,1,1,0,1,0,0,1,1,2,0,0,0,0,1,0,0,0,0,0,0,0,0,0,0,0,0,0,0,0,0,0,0,0,1,0,0,0,0,0,0,0,0,0,0,0,0,0,0,0,0,1,0,0,0,0,0,0,0,0,0,0,0,0,0,0,0,0,0,0,0,0,2,0,0,0,0,0,0,0,2,0,0,0,0,0,0,0,2,0,2,0,2,0,0,0,0,0,0,0,147,67
203,Female,0,2,740,24.3,2,0,0,2,1,2,2,2,0,0,2,2,1,2,2,2,1,2,2,1,1,0,2,0,2,1,2,2,1,0,1,0,0,2,2,2,2,0,2,0,0,2,2,0,0,0,2,2,0,2,2,0,2,2,1,0,2,2,2,0,2,2,2,0,2,2,2,2,2,1,0,2,2,0,2,0,2,0,1,2,2,0,1,2,2,0,2,2,0,2,0,0,2,2,0,2,1,0,2,2,1,2,2,0,1,2,2,2,2,1,1,2,2,2,2,0,2,0,2,1,0,2,0,0,0,1,0,1,1,2,0,2,1,0,2,1,2,2,2,1,1,2,0,0,1,1,0,0,1,1,0,1,1,1,1,2,1,2,1,0,2,1,2,2,1,2,0,0,2,2,0,0,2,2,0,2,0,2,2,2,2,2,2,0,2,0,2,1,0,2,2,1,0,1,0,0,2,0,0,1,0,2,0,1,1,0,0,0,0,0,0,0,2,1,0,0,0,0,2,2,1,1,0,0,2,2,0,0,2,0,0,0,0,0,2,2,2,2,2,2,2,0,0,0,2,1,2,1,2,2,2,1,1,2,2,0,2,2,2,2,2,2,0,0,1,0,0,0,1,0,1,2,0,1,1,0,1,1,1,0,0,1,1,0,0,0,0,1,2,0,0,2,1,1,1,1,1,1,0,2,2,0,0,1,2,1,1,0,2,1,2,0,0,1,1,0,0,2,0,1,2,1,2,0,0,1,1,2,0,0,1,0,1,1,0,0,2,0,1,1,1,0,1,1,0,0,0,0,0,2,1,0,2,0,0,0,0,0,0,0,2,2,1,0,0,0,0,1,1,2,2,0,0,0,0,0,2,0,0,2,1,2,0,0,0,0,0,0,0,2,2,2,0,0,0,0,2,0,2,0,0,0,0,2,0,0,2,0,2,0,2,0,0,0,0,0,2,0,246,157
204,Female,0,3,583,19.2,2,2,0,0,2,2,1,2,1,0,2,0,0,0,0,2,1,1,1,1,1,1,2,0,1,2,2,1,1,1,1,1,0,1,2,1,2,1,2,1,1,2,1,1,1,0,0,1,1,2,1,2,2,2,1,1,1,2,2,1,2,2,2,2,2,2,2,2,2,2,1,1,1,1,2,1,2,1,2,1,2,2,2,1,2,0,2,1,1,0,0,1,0,2,0,1,1,1,2,2,1,1,1,1,1,2,1,1,1,1,1,1,1,1,1,2,1,1,1,1,1,2,1,1,1,1,1,1,1,2,1,1,1,1,2,1,1,1,1,1,1,2,1,1,1,1,1,1,1,1,0,1,1,2,1,2,1,2,1,0,1,1,1,2,1,2,1,1,2,1,1,1,1,1,0,1,0,1,1,2,0,0,1,0,2,2,2,1,1,1,1,1,1,1,0,0,1,0,0,1,0,2,0,1,1,1,0,1,0,1,1,0,1,0,1,0,1,0,1,2,2,1,1,0,2,1,1,1,2,1,1,0,0,1,1,2,2,1,1,0,0,0,0,1,2,1,2,0,1,2,2,1,1,2,2,1,2,2,2,1,2,1,1,2,1,1,0,1,1,0,0,1,1,1,1,0,1,1,1,1,1,1,1,1,1,1,1,1,2,1,1,1,1,1,1,2,1,2,1,1,1,1,1,1,1,1,1,1,0,1,1,1,1,1,1,1,1,1,1,1,1,0,1,1,1,1,1,1,1,1,1,1,2,1,1,1,1,1,1,1,1,2,1,1,1,1,1,1,1,0,1,1,2,1,1,1,1,1,1,0,1,0,1,1,0,1,1,1,1,1,0,0,1,1,1,0,1,0,0,0,1,1,0,0,0,0,0,0,0,0,0,0,0,0,0,0,0,0,0,0,0,0,0,0,0,0,2,0,1,1,2,0,0,0,0,0,0,0,327,83
204,Female,0,3,741,24.4,2,2,1,2,2,2,2,2,2,2,2,2,0,2,2,2,2,2,2,2,2,1,2,0,2,2,2,2,2,1,2,2,2,2,2,2,2,1,2,1,2,2,2,2,2,0,2,2,2,2,2,2,2,2,1,2,2,2,2,1,2,2,2,2,2,2,2,2,2,2,1,2,1,1,2,2,2,2,2,2,2,2,2,2,2,0,2,2,1,2,2,2,2,2,2,2,2,2,2,2,2,2,2,2,2,2,2,2,2,2,2,2,1,2,2,2,2,2,2,2,2,2,1,2,2,2,2,2,1,2,2,2,2,2,2,1,2,2,2,2,2,2,2,1,1,1,1,1,2,1,0,2,1,2,2,2,2,2,2,0,2,2,2,2,2,2,2,2,2,2,2,1,2,2,0,2,2,1,2,2,2,2,2,2,2,2,2,2,2,2,2,2,2,2,0,2,1,2,2,1,2,2,0,1,1,1,1,2,0,2,1,2,2,2,1,1,2,1,2,2,2,2,2,0,2,2,1,1,2,2,2,0,2,2,2,2,2,2,2,2,0,1,1,1,2,2,2,0,2,2,2,2,2,2,2,2,2,2,2,2,2,2,2,2,2,2,2,2,2,2,2,2,2,2,2,2,2,2,2,2,2,2,2,2,2,2,2,2,2,2,2,2,2,2,2,2,2,2,2,2,2,2,2,2,2,2,2,2,2,2,2,2,2,2,2,2,2,2,2,2,2,2,2,2,2,2,2,2,2,2,2,2,2,2,1,2,2,2,2,2,2,2,2,2,2,2,2,2,2,2,2,2,2,2,2,2,1,2,1,0,2,1,1,2,0,2,2,2,2,2,2,0,1,1,2,0,2,0,1,2,2,2,0,0,1,0,0,1,2,2,2,2,0,0,1,2,2,2,2,2,2,2,2,2,2,2,2,2,2,2,2,0,2,2,0,0,2,2,390,340
204,Female,0,3,1008,33.1,2,2,1,2,2,2,2,2,2,2,2,2,2,2,2,2,2,2,2,2,2,2,2,2,2,2,2,2,2,2,2,2,2,2,2,2,2,2,2,2,2,2,2,2,2,2,2,2,2,2,2,2,2,2,2,2,2,2,2,2,2,2,2,2,2,2,2,2,2,2,2,2,2,2,2,2,2,2,2,2,2,2,2,2,2,2,2,2,2,2,2,2,2,2,2,2,2,2,2,2,2,2,2,2,2,2,2,2,2,2,2,2,2,2,2,2,2,2,2,2,2,2,2,2,2,2,2,2,2,2,2,2,2,2,2,2,2,2,2,2,2,2,2,2,2,2,2,2,2,2,2,2,2,2,2,2,2,2,2,2,2,2,2,2,2,2,2,2,2,2,2,2,2,2,2,2,2,2,2,2,2,2,2,2,2,2,2,2,2,2,2,2,2,2,2,2,1,2,2,2,2,2,2,2,2,2,2,2,2,2,2,2,2,2,2,2,2,2,2,2,2,2,2,2,2,2,2,2,2,2,2,2,2,2,2,2,2,2,2,2,2,2,2,1,2,2,2,2,2,2,2,2,2,2,2,2,2,2,2,2,2,2,2,2,2,2,2,2,2,2,2,2,2,2,2,2,2,2,2,2,2,2,2,2,2,2,2,2,2,2,2,2,2,2,2,2,2,2,2,2,2,2,2,2,2,2,2,2,2,2,2,2,2,2,2,2,2,2,2,2,2,2,2,2,2,2,2,2,2,2,2,2,2,2,2,2,2,2,2,2,2,2,2,2,2,2,2,2,2,2,2,2,2,2,2,2,2,2,2,2,2,2,2,2,2,2,2,2,2,2,2,2,2,2,2,2,2,2,2,2,2,2,2,2,2,2,2,2,2,2,2,2,2,2,2,2,2,2,2,2,2,2,2,2,2,2,2,2,2,2,2,2,2,2,2,2,2,2,418,415
205,Male,1,2,484,15.9,0,0,0,0,0,0,0,0,0,0,2,0,0,1,0,0,0,0,0,0,0,0,1,0,0,0,2,0,0,0,0,0,0,0,0,0,0,0,0,0,0,0,0,0,0,0,0,0,0,0,0,0,0,1,0,0,0,0,0,0,1,0,0,0,2,1,0,0,0,0,0,0,0,0,0,0,0,0,1,0,2,0,0,0,0,0,0,0,0,0,0,0,0,0,0,0,0,0,0,0,0,0,0,0,0,0,0,0,0,0,0,0,0,0,0,1,0,0,0,0,0,0,0,0,0,0,0,0,0,1,0,0,0,0,0,0,1,0,1,0,0,0,0,0,0,0,0,0,0,0,0,0,0,0,0,0,0,0,0,0,0,0,0,0,0,0,0,0,0,0,0,0,0,0,0,0,0,0,0,0,0,0,0,0,0,1,0,0,0,0,0,0,0,1,0,0,0,0,0,0,0,0,0,0,0,0,0,0,0,0,0,0,0,0,0,0,0,0,1,0,0,0,0,0,1,0,0,0,1,0,0,0,0,0,0,0,0,0,0,1,0,0,0,0,0,0,1,0,0,1,2,0,0,0,1,0,0,0,1,0,0,0,0,1,0,0,0,0,0,0,0,0,0,0,0,0,0,0,1,0,0,1,0,0,0,0,0,0,0,0,0,0,0,0,0,0,0,0,0,0,0,0,0,0,1,0,1,0,0,0,0,0,0,0,0,1,1,1,0,0,1,0,0,0,0,0,0,1,0,1,0,0,1,0,0,0,0,0,1,0,1,0,0,0,0,0,0,0,1,0,0,0,1,0,0,0,0,1,0,0,0,0,0,0,0,0,0,0,0,0,0,0,2,0,0,0,0,0,0,0,0,0,0,0,0,0,0,0,0,0,0,0,0,2,0,0,0,0,0,0,0,0,0,0,0,0,0,0,0,0,0,0,0,0,0,0,0,0,44,7
205,Male,1,2,792,26,0,2,0,0,2,2,1,2,2,0,2,0,0,2,0,0,1,0,2,0,1,0,2,0,2,1,2,0,1,0,2,0,0,1,2,2,2,2,1,0,0,0,0,0,0,0,0,1,0,2,0,0,2,2,0,2,1,2,0,0,2,1,1,0,2,1,2,1,1,0,0,2,0,0,1,0,2,0,1,0,2,1,1,0,1,0,2,0,0,0,1,0,2,2,2,2,0,0,2,1,1,1,1,0,0,1,2,1,1,0,0,2,0,1,0,1,0,0,1,0,1,2,0,0,0,2,0,0,0,2,0,2,0,0,1,0,2,0,1,1,0,1,0,0,0,1,0,0,2,0,0,1,0,1,0,0,1,0,0,0,1,1,1,0,1,0,0,0,1,0,0,0,2,0,0,0,0,0,0,0,0,2,2,0,2,1,1,0,0,0,1,0,0,1,1,1,0,0,1,1,0,1,1,1,1,0,0,0,0,0,0,0,0,0,1,0,0,0,1,1,0,0,0,0,1,0,0,0,2,1,0,0,0,0,0,1,1,0,1,2,0,0,0,0,1,1,2,1,1,2,2,1,0,1,1,0,0,2,1,2,2,1,0,2,0,0,0,1,0,0,0,0,0,1,1,0,0,0,2,0,0,1,0,0,0,0,1,1,2,0,0,0,0,1,0,0,0,2,0,0,1,0,1,1,1,0,1,1,1,0,0,0,0,0,0,1,1,1,0,0,1,0,0,0,0,1,0,1,0,1,0,0,2,0,0,0,0,0,2,0,1,0,1,0,1,0,0,0,1,0,0,0,1,0,0,0,0,1,1,0,0,0,0,0,0,0,0,0,1,1,0,0,2,0,0,0,0,0,0,0,0,0,0,0,0,0,0,0,0,0,0,0,0,2,0,0,0,0,0,0,0,0,0,0,0,0,0,0,0,0,0,0,0,0,0,0,0,0,164,61
207,Female,0,3,503,16.5,0,0,0,0,2,2,2,2,1,0,2,2,1,2,2,2,2,2,2,0,2,0,2,0,2,2,2,2,2,0,2,0,0,0,2,1,2,0,2,0,0,2,2,0,2,0,2,1,0,0,0,0,0,2,0,2,0,2,2,0,2,2,0,0,2,0,2,2,2,2,0,2,0,2,2,0,0,0,2,2,2,0,2,0,0,0,2,0,0,2,0,0,0,0,2,2,2,2,2,2,2,2,2,2,0,2,2,2,2,0,0,2,0,2,2,2,0,2,0,0,2,2,0,0,0,2,0,0,0,2,0,2,0,0,2,2,0,2,2,0,0,2,0,0,1,1,1,0,1,0,0,2,0,2,1,1,1,2,2,0,2,0,2,2,0,2,0,2,2,0,2,1,1,0,0,1,0,2,1,2,0,0,1,2,2,0,2,0,2,0,1,0,0,1,0,0,1,0,0,0,0,2,0,1,2,0,0,0,0,0,0,0,0,0,0,1,0,0,2,2,1,2,0,0,2,2,0,0,2,0,0,0,0,0,1,2,2,2,2,2,2,0,0,0,2,0,2,0,0,0,0,2,1,2,2,0,2,2,2,2,2,0,0,2,0,0,0,0,0,0,0,0,0,0,2,0,0,0,2,0,0,2,0,1,0,0,1,1,1,0,0,1,0,0,0,1,0,2,0,0,0,2,0,0,2,0,0,0,0,0,0,0,0,2,0,0,0,0,0,0,0,2,0,0,0,0,1,1,1,1,0,0,0,0,0,0,2,2,1,1,1,0,2,1,1,0,0,1,0,0,0,0,2,1,0,0,0,1,0,0,2,0,0,0,0,1,2,2,0,1,0,0,0,0,1,0,0,0,0,0,0,0,0,0,0,0,0,0,0,1,0,0,0,0,0,0,1,0,1,0,1,1,1,0,0,1,2,0,1,0,2,0,0,0,0,0,0,1,189,135
207,Female,0,3,793,26.1,2,2,2,0,2,2,2,2,1,1,2,2,1,2,2,2,2,2,2,2,2,2,2,2,2,2,2,2,2,0,2,2,2,2,2,2,2,2,2,2,2,2,2,2,2,0,2,2,2,2,0,2,2,2,0,2,2,2,2,0,2,2,1,2,2,2,2,2,2,2,2,2,2,2,2,2,2,2,2,2,2,2,2,2,2,2,2,2,2,2,2,2,2,2,2,2,2,2,2,2,2,2,2,2,2,2,2,2,2,2,2,2,2,2,2,2,2,2,2,2,2,2,1,0,2,2,2,2,0,2,0,2,2,2,2,2,2,2,2,2,0,2,2,2,2,2,2,0,2,2,0,2,2,2,2,2,2,2,2,0,2,2,2,2,2,2,2,2,2,2,2,2,2,2,2,2,1,2,2,2,2,2,2,2,2,2,2,2,2,1,2,2,0,1,0,2,2,0,0,2,0,2,0,2,2,2,0,2,0,2,2,0,2,2,0,2,1,2,2,2,2,2,2,2,2,2,2,2,2,2,2,0,0,2,2,2,2,2,2,2,2,2,0,2,2,2,2,2,2,2,0,2,2,2,2,0,2,2,2,2,2,2,2,2,2,2,2,1,2,0,2,1,2,2,2,2,2,2,2,2,2,2,2,2,2,2,2,2,2,2,1,1,1,1,1,1,2,2,2,2,2,2,2,2,2,1,2,1,2,2,2,1,1,2,1,1,2,2,2,2,2,2,2,0,1,1,1,1,1,1,2,0,2,2,2,2,2,2,2,2,2,2,2,2,1,1,0,1,2,2,2,2,2,1,2,2,0,2,2,0,2,2,2,2,2,1,2,2,2,2,2,1,1,0,1,1,1,2,2,2,2,1,1,1,1,2,2,0,2,1,2,2,2,0,2,2,1,0,2,2,1,2,1,2,2,2,2,0,2,0,2,0,2,0,2,0,0,2,374,327
207,Female,0,3,806,26.5,2,2,2,0,2,2,2,2,1,1,2,2,1,2,2,2,2,2,2,2,2,2,2,2,2,2,2,2,2,0,2,2,2,2,2,2,2,2,2,2,2,2,2,2,2,0,2,2,2,2,0,2,2,2,0,2,2,2,2,0,2,2,1,2,2,2,2,2,2,2,2,2,2,2,2,2,2,2,2,2,2,2,2,2,2,2,2,2,2,2,2,2,2,2,2,2,2,2,2,2,2,2,2,2,2,2,2,2,2,2,2,2,2,2,2,2,2,2,2,2,2,2,1,0,2,2,2,2,0,2,0,2,2,2,2,2,2,2,2,2,0,2,2,2,2,2,2,0,2,2,0,2,2,2,2,2,2,2,2,0,2,2,2,2,2,2,2,2,2,2,2,2,2,2,2,2,1,2,2,2,2,2,2,2,2,2,2,2,2,1,2,2,0,1,0,2,2,0,0,2,0,2,0,2,2,2,0,2,0,2,2,0,2,2,0,2,1,2,2,2,2,2,2,2,2,2,2,2,2,2,2,0,0,2,2,2,2,2,2,2,2,2,0,2,2,2,2,2,2,2,0,2,2,2,2,0,2,2,2,2,2,2,2,2,2,2,2,1,2,0,2,1,2,2,2,2,2,2,2,2,2,2,2,2,2,2,2,2,2,2,1,2,1,1,1,2,2,2,2,2,2,2,2,2,2,1,2,1,2,2,2,1,1,2,1,2,2,2,2,2,2,2,2,0,1,2,2,1,2,2,2,0,2,2,2,2,2,2,2,2,2,2,2,2,1,2,0,2,2,2,2,2,2,1,2,2,0,2,2,0,2,2,2,2,2,2,2,2,2,2,2,1,1,0,1,1,1,2,2,2,2,2,1,1,1,2,2,2,2,2,2,2,2,0,2,2,1,0,2,2,1,2,1,2,2,2,2,0,2,0,2,0,2,0,2,2,0,2,376,341
211,Female,0,3,270,8.9,2,0,0,0,0,0,0,0,0,0,0,0,0,0,0,0,0,0,1,0,0,0,0,0,0,0,0,0,0,0,0,0,0,0,0,0,0,0,0,0,0,0,0,0,0,0,0,0,0,0,0,0,0,0,0,0,0,0,0,0,0,0,0,0,0,0,0,1,0,0,0,0,0,0,0,0,0,0,0,0,0,0,0,0,0,0,0,0,0,0,0,0,0,0,0,0,0,0,0,0,0,0,0,0,0,0,0,0,0,0,0,0,0,0,0,0,0,0,0,0,0,0,0,0,0,0,0,0,0,0,0,0,0,0,0,0,0,0,0,0,0,0,0,0,0,0,0,0,0,0,0,0,0,0,0,0,0,0,0,0,0,0,0,0,0,0,0,0,0,0,0,0,0,0,0,0,0,0,0,0,0,0,0,0,0,0,0,0,0,0,0,0,0,0,0,0,0,0,0,0,0,0,0,0,0,0,0,0,0,0,0,0,0,0,0,0,0,0,0,0,0,0,0,0,0,0,0,0,1,0,0,0,0,0,0,0,0,0,0,1,0,0,0,0,0,0,0,0,0,1,1,0,0,1,0,0,1,0,0,0,0,0,0,0,0,0,0,0,0,0,0,0,0,0,0,0,0,0,0,0,0,0,0,0,0,0,0,0,0,0,0,0,0,0,0,0,0,0,0,0,0,0,0,0,0,0,0,0,0,0,0,0,0,0,0,0,0,0,0,0,0,0,0,0,0,0,0,0,0,0,0,0,0,0,0,0,0,0,0,0,0,0,0,0,0,0,0,0,0,0,0,0,0,0,0,0,0,0,0,0,0,0,0,0,0,0,0,0,0,0,0,0,0,0,1,0,0,0,0,0,0,0,0,0,0,0,0,0,0,0,0,0,0,0,0,0,0,0,0,0,0,0,0,0,0,0,0,0,0,0,0,0,0,0,0,0,0,0,10,1
211,Female,0,3,479,15.7,1,0,0,0,2,2,0,2,2,0,2,0,0,0,0,1,1,1,2,1,1,0,2,1,2,0,2,0,0,0,1,0,0,0,2,0,0,0,1,0,0,1,0,0,0,0,0,0,0,0,0,0,1,0,0,1,0,1,1,0,1,1,1,0,1,1,1,1,1,1,0,1,0,0,1,0,0,0,1,0,0,1,0,0,0,0,1,0,0,1,0,0,1,1,1,0,0,0,1,1,1,1,1,1,1,1,1,1,0,1,0,1,1,1,1,1,1,0,1,1,1,1,0,0,0,1,0,1,0,1,0,1,0,0,1,0,1,1,1,0,1,1,1,0,1,1,0,0,0,0,0,0,0,1,0,0,1,0,0,0,1,0,0,0,1,0,0,0,0,0,0,0,1,0,0,0,0,0,0,1,0,1,0,0,0,1,1,1,0,0,1,0,1,1,1,0,0,0,0,0,0,0,0,0,0,0,0,0,0,0,0,0,1,0,0,0,0,0,1,1,1,0,0,0,0,0,0,0,2,0,0,0,0,0,0,1,1,0,0,2,0,0,0,0,0,0,1,0,1,1,1,1,1,1,1,1,1,0,2,1,1,1,0,0,0,0,0,1,1,1,0,0,0,0,1,0,1,0,1,0,0,1,0,0,1,1,1,1,0,0,1,0,0,1,0,0,0,1,0,0,1,1,0,0,1,0,0,0,1,0,0,0,0,0,0,0,0,1,1,0,0,0,0,0,0,0,0,0,0,0,0,0,1,0,0,0,0,0,1,0,0,0,0,0,0,0,0,0,0,0,0,0,1,0,0,0,0,0,0,0,0,0,0,0,0,0,0,0,1,0,0,0,1,0,1,1,0,0,0,0,1,0,0,0,0,0,0,0,0,0,0,0,0,0,0,0,0,0,0,0,0,0,0,0,0,0,2,0,0,0,0,0,0,0,0,0,0,0,141,14
211,Female,0,3,514,16.9,2,0,0,1,2,2,0,2,2,0,2,1,1,0,1,1,1,1,2,1,1,0,2,1,2,0,2,0,1,0,1,0,1,0,2,0,0,0,1,0,0,1,0,0,0,0,0,0,0,0,0,0,1,1,0,1,0,1,1,0,1,1,1,0,1,1,1,1,1,1,0,1,0,0,1,0,0,0,1,0,0,1,0,1,0,0,1,0,0,1,0,0,1,1,1,0,0,0,1,1,1,1,1,1,1,1,1,1,0,1,0,1,1,1,1,1,1,0,1,1,1,1,0,0,0,1,0,1,0,1,0,1,1,0,1,0,1,1,1,0,1,1,1,0,1,1,1,0,0,0,0,0,0,1,0,1,1,0,0,0,1,1,0,0,1,0,0,0,0,0,0,1,1,0,0,0,0,1,0,1,0,1,0,0,0,1,1,1,0,0,1,0,1,1,1,0,0,0,0,0,0,1,0,0,1,0,0,0,0,0,0,0,1,1,0,0,0,0,1,1,1,0,1,0,0,0,0,0,2,0,0,0,0,0,0,1,1,0,0,2,0,0,0,0,0,0,0,0,0,0,0,0,0,0,0,0,0,0,0,0,0,0,0,0,0,0,0,0,0,0,0,0,0,0,0,0,0,0,0,0,0,0,0,0,0,0,0,0,0,0,0,0,0,0,0,0,0,0,0,0,0,0,0,0,0,0,0,0,0,0,0,0,0,0,0,0,0,0,0,0,0,0,0,0,0,0,0,0,0,0,0,0,0,0,0,0,0,0,0,0,0,0,0,0,0,0,0,0,0,0,0,0,0,0,0,0,0,0,0,0,0,0,0,0,0,0,0,0,0,0,0,0,0,0,0,0,0,0,0,0,0,0,0,0,0,0,0,0,0,0,0,0,0,0,0,0,0,0,0,0,0,0,0,0,0,0,0,0,0,0,0,0,0,0,0,0,0,0,116,13
212,Female,0,4,535,17.6,0,0,0,0,0,0,0,0,0,0,0,0,0,0,0,0,1,0,1,0,0,0,0,0,0,0,0,0,0,0,0,0,0,0,0,0,0,0,0,0,0,0,0,0,0,0,0,0,0,0,0,0,0,0,0,0,0,0,0,0,0,0,0,0,0,0,0,0,0,0,0,0,0,0,0,0,0,0,0,0,0,0,0,0,0,0,1,0,0,0,0,0,0,0,0,0,0,0,0,0,0,0,0,0,0,1,0,0,0,0,0,0,0,0,0,0,0,0,0,0,0,0,0,0,0,0,0,0,0,0,0,0,0,0,1,0,1,0,0,0,1,0,0,0,0,0,0,0,0,0,0,0,0,0,0,0,0,0,0,0,0,0,1,0,0,1,0,0,0,0,0,0,0,0,0,0,0,0,0,0,0,0,0,0,0,0,1,1,0,0,0,0,0,0,0,0,0,0,0,1,0,0,0,0,0,0,0,0,0,0,0,0,0,0,0,0,0,0,0,1,1,0,0,0,1,0,0,0,1,0,0,0,0,1,0,0,0,0,0,1,1,0,0,0,1,0,1,0,0,1,0,0,0,1,0,0,0,0,0,0,0,0,0,1,0,0,0,0,0,0,0,0,0,0,0,0,1,0,0,0,0,0,0,0,0,0,0,0,0,0,0,0,0,0,0,0,0,0,0,0,0,0,0,0,0,0,0,0,0,0,0,0,0,0,0,0,0,0,0,0,0,0,0,0,0,0,0,0,0,0,0,0,0,0,0,0,0,0,0,0,0,0,0,0,0,0,0,0,0,0,0,0,0,0,0,0,0,0,0,0,0,0,0,0,0,0,0,0,0,0,0,0,0,0,0,0,0,0,0,0,0,0,0,0,0,0,0,0,0,0,0,0,0,0,0,0,0,0,0,0,0,0,0,0,0,0,0,0,0,0,0,0,0,0,0,0,0,0,25,0
212,Female,0,4,618,20.3,2,1,0,0,1,1,1,0,0,1,1,0,1,1,0,0,1,0,1,1,1,0,2,0,1,1,1,1,1,0,0,1,1,1,1,0,0,1,1,0,1,1,0,0,1,0,0,0,0,0,0,1,0,1,0,1,0,1,1,0,1,0,1,0,1,1,1,1,1,1,0,0,1,1,0,1,1,0,1,0,0,1,0,0,1,0,1,1,1,1,0,1,0,0,0,0,0,0,0,0,0,0,0,0,0,0,0,0,0,0,0,0,0,0,0,0,0,0,1,0,0,0,1,0,1,1,0,1,0,1,0,0,0,0,1,1,1,1,0,0,1,0,0,0,1,1,0,0,0,0,0,0,0,1,0,1,0,0,0,0,0,0,1,0,0,1,0,0,0,0,0,0,0,0,0,0,0,0,0,0,0,0,0,1,1,1,1,1,0,0,0,0,0,0,0,0,0,0,0,1,0,1,0,0,0,0,0,0,0,0,0,0,0,0,0,0,0,0,0,1,1,0,0,0,1,0,1,0,1,0,0,0,0,1,0,1,1,0,0,1,1,0,0,0,1,1,1,0,1,1,1,1,0,1,0,0,0,0,0,0,0,0,0,1,0,0,0,1,0,0,0,0,0,0,1,0,1,0,1,0,0,1,0,1,0,1,0,0,0,0,0,0,0,0,0,0,0,0,0,0,0,0,0,0,1,0,0,0,0,0,0,0,0,0,0,0,1,1,0,0,0,0,0,0,0,0,0,1,0,0,0,0,1,1,0,0,0,0,0,0,0,0,1,0,0,0,0,1,1,0,0,0,0,0,0,0,0,0,0,0,0,0,0,0,0,0,0,0,0,0,0,0,0,0,0,0,0,0,0,0,1,0,0,0,0,0,0,0,0,0,0,0,0,0,0,0,0,0,0,0,0,0,0,0,0,0,0,0,0,0,0,0,0,0,0,0,0,0,113,2
212,Female,0,4,718,23.6,2,1,0,0,1,1,1,0,0,1,1,0,1,1,0,0,1,0,1,1,1,0,2,0,1,1,1,1,1,0,0,1,1,1,1,0,0,1,1,0,1,1,0,0,1,0,0,0,0,0,0,1,1,1,0,1,0,1,1,0,1,0,1,0,1,1,1,1,2,1,0,0,1,1,0,1,1,0,1,0,0,1,0,0,2,0,1,1,1,1,0,1,0,0,0,1,0,0,1,1,1,0,1,0,1,1,1,1,0,0,0,0,0,0,0,0,0,0,1,0,0,0,1,0,1,1,0,1,0,1,0,0,0,0,1,1,1,1,0,0,1,1,0,0,1,1,0,0,1,0,0,0,0,1,0,1,1,0,0,0,0,0,1,0,0,1,0,0,0,0,0,0,0,0,0,0,1,0,0,0,0,0,0,1,1,1,1,1,0,0,1,0,0,0,0,1,0,0,0,1,0,1,0,0,0,0,0,0,0,0,0,0,0,0,0,0,0,0,0,1,1,0,0,0,1,1,1,0,1,0,0,0,0,1,0,1,1,0,0,1,1,0,0,0,1,1,1,0,1,1,2,1,1,2,0,0,0,0,0,0,1,0,0,1,0,0,0,1,0,0,0,0,0,0,1,0,1,0,1,0,0,1,0,1,0,1,0,0,0,0,0,0,0,0,0,0,0,1,0,0,0,1,0,0,1,0,0,0,0,0,0,0,0,0,0,0,1,1,0,0,0,0,0,0,0,0,0,1,0,0,0,0,1,1,0,0,0,0,0,0,0,0,1,0,0,0,0,1,1,0,0,0,0,0,0,0,0,0,0,0,0,0,0,0,0,0,0,0,0,0,0,0,0,0,0,0,0,0,0,0,2,0,0,0,0,0,0,0,0,0,0,0,0,0,0,0,0,0,0,0,0,0,0,0,0,0,0,0,0,0,0,0,0,0,0,0,0,0,134,7
212,Female,0,4,765,25.1,2,1,0,0,1,1,1,0,0,1,1,0,1,1,0,0,1,0,1,1,1,0,2,0,1,1,1,1,1,0,0,1,1,1,1,0,0,1,1,0,1,1,0,0,1,0,0,0,0,0,0,1,1,1,0,1,0,1,1,0,1,0,1,0,1,1,1,1,2,1,0,2,1,1,0,1,1,0,1,0,0,1,0,0,2,0,2,1,1,1,0,2,0,0,0,1,0,0,1,1,1,1,1,1,1,1,1,1,0,1,0,1,1,1,1,0,0,0,1,0,0,1,1,0,1,2,0,1,0,1,0,1,0,0,1,1,1,1,0,0,1,1,0,0,1,1,0,0,1,0,0,0,0,1,0,1,1,0,0,0,0,0,1,0,0,1,0,0,0,0,0,0,0,0,0,0,1,0,0,0,0,0,0,2,1,1,2,1,0,0,1,0,0,0,0,1,0,0,0,1,0,1,0,0,0,0,0,0,0,0,0,0,0,0,0,0,0,0,0,1,1,0,0,0,1,1,1,0,1,0,0,0,0,1,0,1,1,0,0,1,1,0,0,0,2,1,1,0,1,2,2,1,1,2,0,0,0,2,0,0,2,0,0,1,0,0,0,1,0,0,0,0,0,0,1,0,1,0,1,0,0,1,0,1,0,1,0,0,0,0,0,0,0,0,0,0,1,1,0,0,0,1,0,0,1,0,0,0,0,0,0,0,0,0,0,0,1,1,0,0,1,1,1,0,0,1,0,1,0,0,0,0,1,1,0,0,0,0,0,0,0,0,1,0,0,0,0,1,1,0,0,0,0,0,0,0,0,1,0,0,0,0,0,0,0,0,0,0,0,0,0,0,0,0,0,0,0,0,0,0,2,0,0,0,0,0,0,0,0,0,0,0,0,0,0,0,0,0,0,0,0,0,0,0,0,0,0,0,0,0,0,0,0,0,0,0,0,0,151,17
213,Female,0,2,700,23,2,1,0,2,2,2,2,2,2,0,2,2,0,2,2,1,2,1,2,0,1,0,1,0,2,1,2,1,2,0,2,0,0,2,2,1,1,2,2,0,0,1,1,0,1,0,1,1,1,1,0,0,1,1,0,1,1,2,2,1,2,2,1,2,2,1,2,2,1,2,1,2,1,1,2,1,0,0,2,1,2,1,1,1,0,0,2,0,1,0,0,1,2,2,2,1,1,1,1,2,1,1,2,1,1,1,1,1,1,1,0,2,1,1,1,0,1,0,1,1,2,2,2,0,2,2,0,1,0,2,0,2,1,2,2,1,2,1,2,1,1,2,1,1,1,1,0,0,1,0,0,1,1,2,1,2,1,0,1,0,1,1,2,0,0,1,0,0,1,1,0,1,1,0,0,1,1,0,1,1,0,2,2,0,2,2,2,1,1,0,2,1,1,1,1,0,1,1,0,1,0,1,0,1,1,0,1,2,0,1,1,0,1,0,1,0,0,1,2,1,2,1,0,0,2,0,1,0,2,0,0,0,0,0,1,0,0,0,0,2,0,0,0,0,2,2,2,1,1,2,2,0,1,2,2,0,2,2,1,2,2,1,0,2,1,1,1,0,2,0,1,1,1,1,1,0,1,1,2,0,2,2,1,0,0,0,0,1,1,0,1,2,1,2,1,2,0,1,0,1,2,1,0,2,1,0,0,0,1,0,1,0,0,0,0,1,1,1,1,2,2,1,1,0,0,1,1,1,0,0,1,0,2,0,0,0,0,1,0,1,1,0,2,0,1,0,0,1,1,0,1,0,2,2,1,0,0,1,0,0,0,0,0,0,0,0,1,1,1,1,0,0,0,0,2,0,2,0,0,0,2,0,0,0,0,0,0,0,0,0,2,0,0,0,1,0,0,0,0,2,1,2,2,2,0,0,2,0,1,1,2,0,0,0,0,0,0,0,261,105
213,Female,0,1,709,23.3,2,1,0,2,2,2,2,2,2,0,2,2,0,2,2,1,2,1,2,1,1,0,1,0,2,1,2,1,2,0,2,0,0,2,2,1,1,2,2,0,0,1,1,0,1,0,1,1,1,1,0,0,1,1,0,1,1,2,2,1,2,2,1,2,2,1,2,2,1,2,1,2,1,1,2,1,0,0,2,1,2,1,1,1,0,0,2,0,1,0,0,1,2,2,2,1,1,1,1,2,1,1,2,1,1,2,2,1,1,1,0,2,2,1,1,0,1,0,1,1,2,2,2,0,2,2,0,1,0,2,0,2,1,2,2,1,2,1,2,1,1,2,1,1,1,1,0,0,1,0,0,1,1,2,1,2,1,0,1,0,1,1,2,0,0,1,0,0,1,1,0,1,1,0,0,1,1,0,1,1,0,2,2,0,2,2,2,1,1,0,2,1,1,1,1,0,1,1,0,1,0,1,0,1,1,0,1,2,0,1,1,0,1,0,1,0,0,1,2,1,2,1,0,0,2,0,1,0,2,0,0,0,0,0,1,0,0,0,0,2,0,0,0,0,2,2,2,2,1,2,2,0,1,2,2,0,2,2,1,2,2,1,0,2,1,1,1,0,2,0,1,1,1,1,1,0,1,1,2,0,2,2,1,0,0,0,1,1,1,0,1,2,1,2,1,2,0,1,0,1,2,1,0,2,1,0,0,0,1,0,1,0,0,0,0,1,1,1,1,2,2,1,1,0,0,1,1,1,0,0,1,0,2,1,0,0,0,1,0,1,1,0,2,0,1,0,0,1,1,0,1,0,2,2,1,0,0,1,1,0,0,0,0,0,0,0,1,1,1,1,0,0,0,0,2,0,2,0,0,0,2,1,0,0,0,0,0,0,0,0,2,0,0,0,1,0,0,0,2,2,1,2,2,2,1,0,2,1,1,1,2,0,0,0,0,0,0,1,270,110
214,NA,0,1,734,24.1,2,1,1,2,2,2,2,2,2,1,2,1,1,2,2,1,1,0,1,1,1,0,1,0,2,2,2,1,1,1,1,0,0,1,1,1,1,1,1,0,0,1,1,0,1,0,1,2,1,2,1,1,1,2,1,1,1,2,2,1,2,1,1,2,1,1,1,2,2,1,0,1,1,1,2,1,1,0,2,2,2,1,1,1,2,0,1,1,1,1,0,0,1,2,1,1,1,1,1,2,1,1,1,1,1,1,1,1,1,1,0,1,2,1,1,1,2,1,1,1,1,1,1,0,1,1,0,1,0,2,1,1,1,1,1,1,2,1,2,1,1,1,0,1,0,1,0,0,1,0,0,1,1,1,1,1,1,2,1,2,2,1,1,1,2,1,1,0,2,2,1,1,1,1,0,1,0,1,2,1,1,1,2,0,2,1,1,2,1,0,1,1,0,1,0,1,1,0,0,1,1,2,0,1,1,1,0,1,0,1,1,1,2,0,0,1,0,1,1,1,1,1,1,0,2,1,0,0,2,0,1,0,0,0,1,1,2,2,2,1,0,1,0,0,1,1,2,1,1,2,1,2,1,1,2,1,1,2,2,1,1,1,0,2,1,0,0,0,1,0,1,1,1,1,1,0,2,1,2,1,1,1,0,0,0,1,1,1,1,0,0,1,0,0,0,1,1,1,0,0,1,0,1,1,1,1,1,1,0,1,0,0,0,0,1,1,1,1,1,0,1,0,2,1,0,1,0,1,1,1,0,0,1,1,0,0,2,0,1,0,1,0,2,1,1,0,0,1,1,0,0,0,2,0,0,0,0,1,0,0,1,2,0,0,0,0,1,0,1,2,0,0,0,0,1,0,0,0,1,0,1,0,0,0,0,0,0,0,0,0,2,0,0,0,0,0,2,2,1,0,1,2,1,2,2,0,2,0,1,0,2,0,1,0,0,0,0,0,288,74
215,Female,0,2,489,16.1,2,2,0,2,2,2,2,2,2,1,1,2,0,0,0,0,0,0,0,0,0,0,2,0,2,0,0,0,0,0,0,0,0,0,0,0,0,0,2,0,0,0,0,0,0,0,0,0,0,0,0,0,0,0,0,0,0,2,0,0,2,2,0,0,2,2,0,2,0,0,0,0,0,0,2,0,1,1,1,0,0,1,1,0,0,0,1,0,1,0,0,0,2,0,2,0,0,2,2,2,0,0,0,0,0,1,0,0,0,0,0,2,0,0,2,0,0,2,1,0,0,0,0,0,0,1,0,1,0,1,0,0,0,0,1,0,1,1,1,0,1,1,0,0,1,0,0,0,1,0,1,0,0,0,0,1,0,0,0,0,0,0,0,0,0,0,0,0,0,0,0,0,1,0,1,0,0,0,0,0,0,2,0,0,0,0,2,2,0,0,0,0,0,1,0,0,0,0,0,1,0,0,0,1,0,0,0,0,0,0,0,0,0,0,0,0,0,0,2,1,1,0,0,2,2,0,0,0,2,0,0,0,0,0,0,2,2,0,0,2,2,0,0,1,1,0,2,0,2,2,2,1,1,2,2,0,2,1,2,2,1,1,0,1,0,0,0,1,1,1,1,0,0,0,1,0,1,0,1,0,0,0,0,0,0,0,0,1,2,0,0,0,0,1,0,0,0,1,0,0,1,0,0,0,1,0,0,0,0,0,0,0,0,0,0,1,1,1,1,1,1,0,0,0,0,0,1,1,0,0,0,0,2,0,1,0,2,0,1,0,0,0,0,0,0,0,0,0,1,0,0,0,0,0,0,0,0,1,0,0,0,0,0,0,0,0,0,0,0,0,0,0,0,0,0,0,2,0,0,0,2,0,0,0,0,0,0,0,0,0,1,0,0,0,0,0,0,0,2,0,0,0,0,0,0,0,1,0,0,0,0,0,0,0,0,0,0,0,116,53
215,Female,0,2,629,20.7,2,2,0,2,2,2,2,2,2,1,2,2,0,2,2,2,2,2,2,2,2,0,2,0,2,2,1,2,2,0,2,0,0,2,2,2,2,2,2,0,0,2,2,0,2,0,0,0,2,2,0,2,2,2,0,0,1,2,2,0,2,2,2,2,2,2,2,2,2,2,0,2,2,1,2,2,2,1,1,2,2,2,2,0,2,0,2,2,2,2,0,2,2,2,2,2,2,2,2,2,2,0,2,2,2,2,2,2,2,2,0,2,2,2,2,0,0,2,2,2,2,2,2,0,0,2,2,2,0,2,0,2,0,2,2,1,2,1,2,2,2,2,2,0,2,1,1,1,1,2,1,2,0,2,2,2,2,0,2,0,2,2,2,2,2,2,0,0,2,2,2,2,2,0,2,2,0,2,2,2,2,2,0,0,2,1,2,2,2,1,2,2,1,2,1,0,2,2,0,2,0,2,2,2,2,0,0,2,0,2,2,2,2,2,0,2,2,2,2,2,2,2,1,2,2,2,0,2,2,0,0,0,0,0,2,2,2,2,2,2,2,0,0,1,2,2,2,2,2,2,2,2,2,2,2,0,2,2,2,2,2,2,2,2,2,2,0,2,2,2,2,1,2,0,2,0,2,2,2,2,1,2,2,2,2,2,2,2,2,2,2,2,1,2,1,2,2,2,2,2,2,2,0,2,2,1,1,1,2,1,2,2,1,2,1,2,2,2,1,2,2,1,1,1,1,1,2,2,1,1,2,1,2,2,1,1,2,1,1,2,2,2,1,0,0,2,0,1,1,2,2,0,2,1,0,0,0,2,2,0,2,2,0,0,0,0,0,2,0,0,2,0,2,0,0,0,2,0,2,0,2,2,0,0,0,0,0,2,0,2,2,2,0,0,2,0,2,0,2,0,0,2,2,2,0,2,2,0,1,1,2,2,0,0,0,1,1,1,319,269
218,Female,0,4,657,21.6,2,2,2,2,1,2,2,2,2,0,2,2,1,2,2,2,2,1,2,2,2,0,2,0,2,1,1,2,1,0,1,0,1,1,2,0,0,1,2,2,1,2,2,0,1,0,0,1,2,2,1,2,2,2,0,1,1,2,2,1,2,2,1,2,2,1,1,2,2,2,2,2,1,2,2,1,2,1,2,2,1,1,2,2,2,2,2,1,2,2,1,1,2,1,2,2,1,1,2,2,1,1,2,1,1,2,2,2,1,1,0,1,2,1,1,1,2,1,2,1,1,2,1,1,2,2,1,1,1,2,1,1,1,2,2,1,2,1,2,1,1,2,1,1,0,1,0,0,1,0,0,1,1,2,1,1,1,2,2,0,1,1,1,0,0,2,0,1,0,2,0,2,2,0,2,2,2,1,2,1,0,1,2,0,2,0,1,0,0,0,2,0,0,2,0,2,1,2,0,1,0,2,0,1,1,2,0,2,2,1,1,0,2,1,0,1,0,1,2,1,1,2,0,2,2,0,0,0,2,0,1,1,0,1,2,0,0,2,0,2,2,1,0,2,2,1,2,2,1,2,2,2,0,2,2,2,2,2,2,2,2,1,1,2,1,2,0,1,2,0,2,1,1,1,2,0,1,2,2,2,1,1,1,1,1,1,1,1,2,0,0,1,1,1,2,2,1,2,0,0,2,0,1,2,2,1,0,1,1,1,2,1,0,1,1,2,1,1,1,1,2,1,2,1,0,1,1,1,1,1,2,0,2,1,0,0,0,0,1,1,2,0,1,2,1,1,0,1,2,2,0,0,2,1,0,0,0,0,0,0,0,0,0,0,1,1,0,1,0,2,0,0,0,0,0,0,0,0,1,0,1,0,0,0,0,0,0,2,0,0,2,2,0,0,0,0,1,2,2,2,1,1,1,0,1,1,1,1,0,0,2,0,0,0,0,0,0,2,305,155
218,Female,0,4,704,23.1,2,2,2,2,1,2,2,2,2,0,2,2,1,2,2,2,2,2,2,2,2,0,2,2,2,1,2,2,1,1,1,1,1,1,1,2,0,1,2,2,1,2,2,0,1,0,0,1,2,2,1,2,2,2,0,1,1,2,2,1,0,0,0,0,0,0,0,0,0,0,0,0,0,0,0,0,0,0,0,0,0,0,0,0,0,0,0,0,0,0,0,0,0,0,0,0,0,0,0,0,0,0,0,0,0,0,0,0,0,0,0,0,0,0,0,0,0,0,0,0,0,0,0,0,0,0,0,0,0,0,0,0,0,0,0,0,0,0,0,0,0,0,0,0,0,0,0,0,0,0,0,0,0,0,0,0,0,0,0,0,0,0,0,0,0,0,0,0,0,0,0,0,0,0,0,0,0,0,0,0,0,0,0,0,0,0,0,0,0,0,0,0,0,0,0,0,0,0,0,0,0,0,0,0,0,0,0,0,0,0,0,0,0,0,0,0,0,0,0,0,0,0,0,0,0,0,0,0,0,0,0,0,0,0,0,0,0,0,0,0,0,0,0,0,0,0,0,0,0,0,0,0,0,0,0,0,0,0,0,0,0,0,0,0,0,0,0,0,0,0,0,0,0,0,0,0,0,0,0,0,0,0,0,0,0,0,0,0,0,0,0,0,0,0,0,0,0,0,0,0,0,0,0,0,0,0,0,0,0,0,0,0,0,0,0,0,0,0,0,0,0,0,0,0,0,0,0,0,0,0,0,0,0,0,0,0,0,0,0,0,0,0,0,0,0,0,0,0,0,0,0,0,0,0,0,0,0,0,0,0,0,0,0,0,0,0,0,0,0,0,0,0,0,0,0,0,0,0,0,0,0,0,0,0,0,0,0,0,0,0,0,0,0,0,0,0,0,0,0,0,0,0,0,0,0,0,0,0,0,0,0,0,0,0,0,0,0,0,53,35
218,Female,0,4,725,23.8,2,2,2,2,2,2,2,2,2,0,2,2,1,2,2,2,2,2,2,2,2,0,2,2,2,1,2,2,1,1,2,1,1,1,2,2,0,1,2,2,2,2,2,1,1,0,2,2,2,2,1,2,2,2,1,2,2,2,2,2,2,2,2,2,2,2,2,2,2,2,2,2,1,2,2,2,2,2,2,2,2,2,2,2,2,2,2,2,2,2,1,1,2,1,2,2,2,1,2,2,2,2,2,1,2,2,2,2,2,2,1,2,2,2,2,1,2,1,2,2,2,2,2,1,2,2,1,2,2,2,2,2,2,2,2,1,2,2,2,1,2,2,1,1,1,1,1,0,2,2,0,1,2,2,2,1,1,2,2,0,2,1,1,2,2,2,0,1,2,2,0,2,2,2,2,2,2,2,2,2,2,2,2,1,2,2,1,0,0,2,2,1,0,2,0,2,1,2,1,1,0,2,0,2,1,2,2,2,2,1,1,1,2,1,0,1,1,2,2,1,2,2,1,2,2,2,1,1,2,0,1,1,0,2,2,2,1,2,2,2,2,1,0,2,2,1,2,2,1,2,2,2,1,2,2,2,2,2,2,2,2,2,2,2,2,2,0,1,2,1,2,2,2,2,2,1,2,2,2,2,2,2,2,2,1,1,2,1,2,2,1,1,1,1,2,2,1,2,1,2,2,2,1,2,2,1,2,2,2,1,2,1,1,2,2,2,2,2,2,1,2,2,2,1,1,1,1,2,2,1,2,1,2,1,1,2,2,1,1,2,2,2,2,2,1,1,1,1,2,2,2,1,2,1,2,2,0,2,1,2,0,2,2,0,1,2,1,2,1,2,2,0,2,0,0,0,0,1,1,2,2,1,1,1,0,0,0,2,0,2,2,2,0,0,0,1,1,2,2,2,1,2,2,2,2,2,2,1,0,0,2,0,0,0,0,1,2,2,377,269
218,Female,0,4,809,26.6,2,2,2,2,2,2,2,2,2,0,2,2,2,2,2,2,2,2,2,2,2,0,2,2,2,2,2,2,2,2,2,2,2,2,2,2,2,2,2,2,2,2,2,2,2,0,2,2,2,2,2,2,2,2,2,2,2,2,2,2,2,2,2,2,2,2,2,2,2,2,2,2,2,2,2,2,2,2,2,2,2,2,2,2,2,2,2,2,2,2,2,2,2,2,2,2,2,2,2,2,2,2,2,2,2,2,2,2,2,2,2,2,2,2,2,2,2,2,2,2,2,2,2,2,2,2,2,2,2,2,2,2,2,2,2,2,2,2,2,2,2,2,2,2,2,2,2,0,2,2,2,2,2,2,2,2,2,2,2,2,2,2,2,2,2,2,2,2,2,2,2,2,2,2,2,2,2,2,2,2,2,2,2,2,2,2,2,2,2,2,2,2,2,2,2,2,2,2,2,2,2,2,2,2,2,2,2,2,2,2,2,2,2,2,2,2,1,2,2,2,2,2,2,2,2,2,2,2,2,2,2,2,2,2,2,2,2,2,2,2,2,2,2,2,2,2,2,2,2,2,2,2,2,2,2,2,2,2,2,2,2,2,2,2,2,2,2,2,2,2,2,2,2,2,2,2,2,2,2,2,2,2,2,2,2,2,2,2,2,2,2,2,2,2,2,2,2,2,2,2,2,2,2,2,2,2,2,2,2,2,2,2,2,2,2,2,2,2,2,2,2,2,2,2,2,2,2,2,2,2,2,2,2,2,2,2,2,2,2,2,2,2,2,2,2,2,2,2,2,2,2,2,2,2,2,2,2,2,2,2,2,2,2,2,2,2,2,2,2,2,2,2,2,2,2,2,2,2,2,2,2,2,2,2,2,2,2,2,2,2,2,2,2,2,2,1,2,2,2,2,2,2,2,2,2,2,2,2,2,2,2,2,2,2,2,2,2,2,414,412
219,Female,0,2,368,12.1,1,0,0,0,0,0,0,0,0,0,0,0,0,0,0,0,0,0,0,0,0,0,1,0,0,0,0,0,0,0,1,0,0,0,0,0,0,0,0,0,0,0,0,0,0,0,0,0,0,0,0,0,0,0,0,0,0,1,1,0,1,1,0,0,0,0,0,0,0,0,0,0,0,0,0,0,0,0,0,0,0,0,0,0,0,0,1,0,0,0,0,0,0,0,0,0,0,0,0,0,0,0,0,0,0,0,0,1,0,0,0,1,0,0,0,0,0,0,0,0,0,0,0,0,0,1,0,0,0,0,0,0,0,0,1,0,0,0,0,0,0,0,0,0,0,0,0,0,0,0,0,0,0,0,0,0,0,0,0,0,0,0,0,1,0,0,0,0,0,0,1,0,0,0,0,0,0,0,0,0,0,0,0,0,0,0,0,0,0,0,0,0,0,0,0,0,0,0,0,0,0,0,0,0,0,0,0,0,0,0,0,0,0,0,0,0,0,0,0,1,1,0,0,0,0,0,0,0,2,0,0,0,0,0,0,0,0,0,0,2,1,0,0,0,0,0,1,0,0,1,0,0,0,0,1,1,0,1,1,0,1,0,0,0,0,0,0,0,0,0,0,0,0,0,1,0,1,0,0,0,0,0,0,0,0,0,0,0,0,0,0,0,0,0,0,0,0,0,0,0,0,0,0,0,0,0,0,0,0,0,0,0,0,0,0,1,0,0,1,0,0,0,0,0,0,0,1,1,0,0,0,0,1,0,0,0,0,0,0,0,0,0,0,0,0,0,0,0,0,0,0,0,0,0,0,0,0,0,0,0,0,0,0,0,0,0,0,0,0,0,0,0,0,0,1,0,0,0,0,0,0,0,0,0,0,0,0,0,1,0,0,0,0,0,0,0,0,0,0,0,0,0,0,0,0,0,0,0,0,0,0,0,0,0,0,0,0,0,35,2
219,Female,0,2,473,15.5,1,2,0,2,0,1,1,0,2,0,0,0,0,0,0,0,0,0,0,0,0,0,1,0,0,0,0,0,0,0,1,0,0,0,1,0,0,0,0,0,0,0,0,0,0,0,0,0,0,0,0,0,0,1,0,1,0,1,1,0,1,1,0,0,0,0,0,0,1,0,0,0,0,0,0,0,0,0,0,0,0,0,0,0,0,0,2,0,0,0,0,0,0,0,0,0,0,0,0,0,0,0,0,0,0,0,0,1,1,0,0,1,1,0,1,0,0,0,0,0,0,0,0,0,0,1,0,0,0,0,0,1,0,0,1,0,0,0,1,0,0,1,0,0,1,0,0,0,0,0,0,0,0,1,0,0,0,0,0,0,1,0,1,1,0,1,0,0,0,0,1,0,0,0,0,0,0,0,0,1,0,1,0,0,0,0,1,0,1,0,1,0,1,0,0,0,0,0,0,0,0,0,0,0,0,0,0,0,0,0,0,0,0,0,0,0,0,0,1,1,1,0,0,1,1,0,0,0,2,0,0,0,0,0,0,2,2,0,0,2,2,0,0,0,0,0,1,0,1,1,2,0,0,1,1,1,1,1,1,0,1,1,0,2,0,0,0,0,0,0,0,1,0,0,1,0,1,1,0,0,0,1,0,0,0,0,0,0,1,0,0,0,0,0,0,0,0,2,0,0,1,0,0,1,1,0,1,0,0,0,0,0,0,0,0,1,0,0,1,1,1,1,0,0,0,0,1,1,1,0,0,0,1,0,0,0,0,0,1,0,0,0,0,0,0,0,0,1,0,0,0,0,0,0,0,0,0,1,0,0,0,0,0,0,0,0,0,1,0,0,0,0,0,0,1,0,0,0,0,0,0,0,0,0,0,0,0,0,1,0,0,0,0,0,1,0,0,0,0,0,0,0,0,1,0,0,0,0,0,0,1,0,0,0,0,0,1,1,94,12
220,Female,0,2,269,8.8,0,0,0,0,0,0,1,0,1,0,0,0,0,0,0,0,0,0,1,0,0,0,0,0,0,0,0,0,0,0,0,1,0,0,0,0,0,0,1,0,0,0,0,0,0,0,0,0,0,0,0,0,0,0,0,0,0,0,0,0,0,0,0,0,0,0,0,0,0,0,0,0,0,0,0,0,0,0,0,0,0,0,0,0,0,0,0,0,0,0,0,0,0,0,0,0,0,0,0,0,0,0,0,0,1,0,0,0,0,0,0,0,0,0,0,0,0,0,0,0,0,0,0,0,0,0,0,0,0,0,0,0,0,0,0,0,0,0,0,0,0,0,0,0,0,0,0,0,0,0,0,0,0,0,0,0,0,0,0,0,0,0,0,0,0,0,0,0,0,0,0,0,0,0,0,0,0,0,0,0,0,0,0,0,0,0,0,0,0,0,0,0,0,0,0,0,0,0,0,0,0,0,0,0,0,0,0,0,0,0,0,0,0,0,0,0,0,0,0,0,0,0,0,0,0,0,0,0,0,0,0,0,0,0,0,0,0,0,0,0,0,0,0,0,0,0,0,0,0,1,1,0,0,0,0,0,0,0,0,0,0,0,0,0,0,0,0,0,0,0,0,0,0,0,0,0,0,0,0,0,0,0,0,0,0,0,0,0,0,0,0,0,0,0,0,0,0,0,0,0,0,0,0,0,0,0,0,0,0,0,0,0,0,0,0,0,0,0,0,0,0,0,0,0,0,0,0,0,0,0,0,0,0,0,0,0,0,0,0,0,0,0,0,0,0,0,0,0,0,0,0,0,0,0,0,0,0,0,0,0,0,0,0,0,0,0,0,0,0,0,0,0,0,0,0,0,0,0,0,0,0,0,0,0,0,0,0,0,0,0,0,0,0,0,0,0,0,0,0,0,0,0,0,0,0,0,0,0,0,0,0,0,0,0,0,0,0,0,8,0
220,Female,0,2,440,14.5,2,0,0,0,0,0,2,2,2,0,2,0,0,0,0,0,0,0,1,0,0,0,1,0,1,0,1,0,0,0,0,1,0,1,0,0,0,0,1,0,0,1,0,0,0,0,0,0,0,0,0,0,0,1,0,0,0,1,0,0,0,0,0,0,0,0,0,0,0,0,0,0,0,0,0,0,0,0,0,0,0,0,0,0,0,0,0,0,0,0,0,0,0,0,0,0,0,0,0,1,0,0,0,0,1,0,0,0,0,0,0,1,1,0,1,0,0,0,0,0,0,1,0,0,0,1,0,0,0,1,0,1,0,0,1,0,0,0,0,0,0,0,0,0,0,0,0,0,0,0,0,0,0,0,0,1,0,0,0,0,0,0,0,0,0,0,0,0,0,0,0,0,0,0,0,0,0,0,0,0,0,0,0,0,0,0,1,0,0,0,1,0,0,0,0,0,0,0,0,0,0,0,0,0,0,0,0,0,0,0,0,0,0,0,0,0,0,0,0,0,0,0,0,0,0,0,0,0,2,0,0,0,0,0,0,0,0,0,0,2,0,0,0,0,1,0,1,0,0,1,2,0,1,1,1,0,1,0,2,0,2,0,0,0,0,0,0,0,0,0,0,0,0,0,1,0,1,0,0,0,0,0,0,0,0,0,0,0,0,0,0,0,0,0,0,0,0,1,0,0,0,0,0,0,0,0,0,0,0,0,0,0,0,0,0,0,0,0,0,0,1,0,0,0,0,0,0,0,0,0,0,0,1,0,0,0,0,0,0,0,0,0,0,0,0,0,0,0,1,0,0,0,0,0,0,0,0,0,0,0,0,0,0,0,0,0,0,0,0,0,0,0,0,0,0,0,0,0,0,0,0,0,0,0,0,0,0,0,0,0,0,0,0,0,0,0,0,0,0,0,0,0,0,0,0,0,0,0,0,0,0,0,0,0,0,0,0,0,46,10
221,Female,0,3,714,23.5,0,2,0,0,2,2,1,2,2,0,2,1,2,2,2,2,2,2,2,2,2,0,2,2,2,2,2,2,2,0,2,0,2,2,2,2,0,2,2,0,0,2,2,2,2,0,2,1,2,2,2,2,1,2,1,2,2,2,2,1,2,2,2,2,2,2,2,2,2,2,2,2,2,2,2,2,2,2,2,0,2,2,1,2,2,0,2,2,2,2,2,2,1,2,2,2,0,1,2,2,0,2,2,2,1,2,2,2,2,2,2,2,2,2,2,2,2,2,2,1,2,2,1,1,2,2,0,2,0,2,0,2,0,1,2,1,2,1,2,1,2,2,1,0,1,1,1,0,2,1,0,0,0,2,2,2,2,0,1,0,2,2,2,1,1,2,0,2,2,1,2,1,2,0,1,2,1,2,2,2,0,2,1,0,2,2,2,2,1,0,2,0,0,2,0,2,0,1,0,2,0,2,0,1,2,1,0,2,0,2,2,0,0,2,0,1,1,0,2,2,1,1,0,0,2,2,0,0,2,0,0,0,0,0,2,2,2,0,0,2,2,1,0,0,2,2,2,2,1,2,2,2,2,2,2,0,2,2,2,1,2,1,2,2,1,1,1,1,0,2,2,1,2,2,2,0,1,2,2,1,2,1,2,0,1,2,2,1,2,2,0,2,1,1,2,2,0,2,0,2,2,1,0,2,1,0,2,0,2,0,1,1,0,0,0,1,2,2,0,1,1,2,2,2,0,1,1,2,1,0,0,0,2,1,0,0,0,2,2,2,0,0,2,0,1,0,0,1,1,0,0,0,0,1,0,0,0,2,0,0,2,0,0,0,0,0,1,0,0,2,0,0,2,0,2,2,0,0,1,2,2,1,0,0,0,0,0,2,0,1,2,2,2,2,2,0,0,0,1,0,1,1,1,0,0,1,0,0,2,2,2,2,0,0,0,0,0,0,293,215
221,Female,0,3,756,24.9,2,2,2,0,2,2,2,2,2,0,2,1,2,2,2,2,2,2,2,2,2,0,2,2,2,2,2,2,2,0,2,0,2,2,2,2,0,2,2,0,0,2,2,2,2,0,2,2,2,2,2,2,2,2,1,2,2,2,2,1,2,2,2,2,2,2,2,2,2,2,2,2,2,2,2,2,2,2,2,0,2,2,2,2,2,0,2,2,2,2,2,2,2,2,2,2,0,1,2,2,0,2,2,2,1,2,2,2,2,2,2,2,2,2,2,2,2,2,2,1,2,2,1,1,2,2,0,2,0,2,0,2,0,1,2,1,2,2,2,1,2,2,1,0,1,2,1,0,2,1,0,1,1,2,2,2,2,0,1,2,2,2,2,2,2,2,0,2,2,2,2,1,2,0,1,2,1,2,2,2,0,2,2,0,2,2,2,2,1,0,2,0,0,2,0,2,0,1,0,2,0,2,0,2,2,1,0,2,1,2,2,0,1,2,0,2,1,0,2,2,1,1,0,2,2,2,0,0,2,2,2,0,0,0,2,2,2,0,0,2,2,1,0,2,2,2,2,2,2,2,2,2,2,2,2,0,2,2,2,2,2,1,2,2,1,1,1,1,0,2,2,2,2,2,2,0,1,2,2,2,2,1,2,0,2,2,2,2,2,2,0,2,1,1,2,2,1,2,0,2,2,1,2,2,2,0,2,2,2,0,1,2,1,2,0,2,2,2,2,2,2,2,2,2,2,1,2,2,1,2,2,0,2,2,0,1,0,2,2,2,2,0,2,1,1,0,0,1,1,0,0,0,2,2,2,1,0,2,0,0,2,0,0,2,0,0,1,2,2,2,0,0,2,0,2,2,0,0,1,2,2,1,0,0,0,0,0,2,2,2,2,2,2,2,2,2,0,2,1,0,1,2,2,0,2,1,1,0,2,2,2,2,0,0,0,0,0,0,327,269
221,Female,0,3,772,25.4,2,2,2,2,2,2,2,2,2,0,2,1,2,2,2,2,2,2,2,2,2,0,2,2,2,2,2,2,2,0,2,0,2,2,2,2,0,2,2,2,0,2,2,2,2,0,2,2,2,2,2,2,2,2,2,2,2,2,2,1,2,2,2,2,2,2,2,2,2,2,2,2,2,2,2,2,2,2,2,0,2,2,2,2,2,0,2,2,2,2,2,2,2,2,2,2,0,1,2,2,1,2,2,2,1,2,2,2,2,2,2,2,2,2,2,2,2,2,2,2,2,2,2,1,2,2,0,2,0,2,0,2,0,1,2,1,2,2,2,2,2,2,1,1,1,2,1,0,2,1,0,1,1,2,2,2,2,0,1,2,2,2,2,2,2,2,0,2,2,2,2,1,2,0,1,2,1,2,2,2,0,2,2,0,2,2,2,2,1,0,2,0,0,2,0,2,2,1,0,2,0,2,0,2,2,1,0,2,2,2,2,0,1,2,0,2,1,0,2,2,1,1,0,2,2,2,0,0,2,2,2,1,0,0,2,2,2,0,0,2,2,1,0,2,2,2,2,2,2,2,2,2,2,2,2,0,2,2,2,2,2,1,2,2,1,1,1,1,0,2,2,2,2,2,2,0,1,2,2,2,2,1,2,0,2,2,2,2,2,2,0,2,1,1,2,2,1,2,0,2,2,2,2,2,2,0,2,2,2,1,1,2,1,2,1,2,2,2,2,2,2,2,2,2,2,1,2,2,1,2,2,0,2,2,0,1,0,2,2,2,2,0,2,1,1,0,0,1,1,0,2,0,2,2,2,1,0,2,0,0,2,0,2,2,0,0,1,2,2,2,0,0,2,0,2,2,0,0,1,2,2,1,0,0,0,0,0,2,2,2,2,2,2,2,2,2,0,2,1,2,1,2,2,0,2,1,1,0,2,2,2,2,2,0,0,0,0,2,340,283
222,Female,0,5,390,12.8,0,0,0,0,0,2,0,1,0,2,0,0,0,1,0,0,1,0,2,0,0,0,2,1,2,0,1,0,1,0,0,0,0,1,1,0,1,0,0,0,1,0,0,0,2,0,1,0,0,0,0,0,0,1,0,0,0,2,1,0,1,0,1,0,2,0,1,2,1,0,0,1,0,0,0,0,0,0,1,0,0,0,0,0,0,0,1,0,0,0,0,0,0,0,0,0,0,0,0,0,0,0,0,0,0,0,0,0,0,0,0,0,0,0,0,0,0,0,0,0,0,1,0,0,0,0,0,0,0,0,0,1,0,0,0,0,0,0,0,0,0,0,0,0,0,0,0,0,0,0,0,0,0,0,0,0,0,0,0,0,0,0,0,0,0,0,0,0,0,0,0,0,0,0,0,0,0,0,0,0,0,0,0,0,0,0,1,0,0,0,0,0,0,0,0,0,0,0,0,0,0,0,0,0,0,0,0,0,0,0,0,0,0,0,0,0,0,0,0,0,0,0,0,0,1,0,1,0,2,0,0,0,0,0,0,0,0,0,0,2,0,0,0,0,0,0,0,0,0,1,0,0,0,0,1,0,2,0,0,0,0,0,0,0,0,0,0,0,0,0,0,0,0,0,1,0,0,0,0,0,0,0,0,0,0,0,0,0,0,0,0,0,0,0,0,0,0,0,0,0,0,0,0,0,0,0,0,0,0,0,0,0,0,0,0,0,0,0,0,0,0,1,0,0,0,0,0,0,0,0,0,0,0,0,0,0,0,0,0,0,0,0,0,0,0,0,0,0,0,0,0,0,0,0,0,0,0,0,0,0,0,0,0,0,0,0,0,0,0,0,0,0,0,0,0,0,0,0,0,0,0,0,0,0,0,0,0,0,0,0,0,0,0,0,0,0,0,0,1,0,0,0,0,0,0,0,1,0,0,0,0,0,0,0,0,0,0,0,43,12
222,Female,0,5,487,16,0,0,0,1,1,2,0,1,0,2,1,0,0,1,0,1,1,1,2,0,1,0,2,1,2,1,1,1,1,0,0,0,0,1,1,0,1,0,0,0,1,1,0,0,2,0,1,0,0,0,0,0,0,1,0,0,0,2,1,0,1,1,1,0,2,0,1,2,1,0,0,1,0,0,0,0,0,0,1,0,0,0,0,0,0,0,1,0,1,0,0,0,0,0,0,0,0,0,0,0,0,0,0,0,0,0,0,0,0,0,0,0,0,0,0,0,0,0,0,0,1,1,0,0,0,0,0,0,0,0,0,1,0,0,1,0,0,1,0,0,0,0,0,0,0,0,0,0,0,0,0,0,0,0,0,0,0,0,0,0,1,0,0,0,0,0,0,0,0,0,0,0,0,0,0,0,0,0,0,0,0,1,0,0,0,0,1,0,0,0,0,0,0,0,0,0,0,0,0,0,0,0,0,0,0,0,0,0,0,0,0,0,0,0,0,0,0,0,0,0,1,0,0,0,1,0,1,0,2,0,0,0,0,0,0,0,0,0,0,2,0,0,0,0,1,0,2,0,0,1,0,0,0,0,1,0,2,0,0,0,0,0,0,0,0,0,0,0,0,0,0,0,0,0,1,0,0,0,0,0,0,0,0,0,0,0,0,0,0,0,0,0,0,0,0,0,0,1,0,0,0,0,0,0,0,0,0,0,0,0,0,0,0,0,0,0,0,0,0,0,0,1,0,0,0,0,0,0,1,0,1,0,0,0,0,0,0,0,0,0,0,0,0,0,0,0,0,0,0,0,0,0,0,0,0,0,0,0,0,0,0,0,0,0,0,0,0,0,0,0,0,0,0,0,0,0,0,0,0,0,0,0,0,0,0,0,0,0,0,0,0,0,0,0,0,0,0,0,1,0,0,0,0,0,0,0,1,0,0,0,0,0,0,0,0,0,0,0,65,13
222,Female,0,5,614,20.2,2,2,1,1,2,2,2,2,2,2,2,0,0,1,2,1,1,1,2,0,1,0,2,1,2,1,2,1,1,0,2,1,0,1,1,1,1,1,1,0,1,1,0,1,2,0,1,1,0,0,0,0,0,1,0,1,1,2,1,0,1,2,1,0,2,0,1,2,1,0,0,1,0,0,1,0,0,0,1,0,0,0,0,0,2,0,1,1,1,0,0,0,0,0,2,0,0,0,0,1,0,0,1,0,0,1,1,0,0,0,0,2,1,1,1,0,0,0,0,0,1,1,0,0,0,1,0,0,0,0,0,1,0,0,1,0,0,1,0,0,1,0,0,0,1,0,0,0,0,0,0,0,0,0,0,0,0,0,0,0,1,0,0,0,0,1,0,0,0,0,0,1,1,0,0,0,0,0,1,2,0,1,0,0,1,0,1,0,0,0,1,0,0,0,0,0,1,0,0,0,0,0,0,0,0,0,0,1,0,0,0,0,0,0,0,0,0,0,0,1,1,0,0,0,1,0,2,0,2,0,0,0,0,0,0,0,0,0,0,2,0,0,0,0,1,0,2,0,0,1,0,0,0,0,2,1,2,1,0,0,0,0,0,0,0,1,0,0,1,0,0,1,0,0,1,0,0,0,1,0,0,1,0,0,0,0,1,1,1,0,0,0,0,0,0,0,1,1,0,0,1,0,0,1,0,0,0,0,0,0,1,0,0,0,0,0,0,1,0,1,1,1,1,0,0,0,2,0,1,0,1,1,2,0,0,0,0,0,0,1,0,0,1,0,0,0,0,0,0,0,0,0,0,0,0,0,0,0,0,0,0,0,0,0,0,0,0,0,0,0,0,0,0,0,0,0,0,0,0,0,0,0,0,0,0,0,0,0,0,0,0,0,0,0,0,0,0,0,1,0,0,0,0,0,0,0,1,0,0,0,1,0,0,0,0,0,0,0,129,32
222,Female,0,5,683,22.5,2,2,1,2,2,2,2,2,2,2,2,0,0,2,2,2,2,1,2,1,1,0,2,1,2,1,2,1,1,0,2,1,1,1,1,1,1,1,1,1,2,1,0,1,2,0,1,1,0,0,0,0,1,1,0,1,1,2,1,0,2,2,1,1,2,0,2,2,1,0,0,2,0,1,1,1,0,0,1,0,2,1,1,0,2,0,1,1,1,0,0,1,1,1,2,1,0,1,1,1,0,0,1,1,1,2,1,1,0,1,0,2,1,1,1,0,1,0,1,0,1,1,0,0,0,1,0,1,0,2,0,1,0,0,1,0,1,1,1,0,1,0,0,0,1,0,0,0,0,0,0,0,0,1,0,1,0,0,0,0,1,0,0,2,0,1,0,0,2,0,0,1,1,0,0,0,0,1,1,2,0,1,0,0,1,1,1,1,0,0,1,0,0,1,0,0,1,0,0,0,0,0,0,0,0,0,0,1,0,1,0,0,1,0,0,1,0,0,2,1,1,0,0,0,2,0,2,0,2,0,0,0,0,0,0,0,0,0,0,2,0,0,0,0,1,1,2,1,1,1,0,1,0,1,2,1,2,1,0,2,2,1,0,0,1,1,0,1,1,0,0,1,1,0,1,0,0,1,1,1,1,1,0,0,1,0,1,1,1,0,0,0,0,1,0,1,1,1,0,0,2,0,0,1,0,0,0,0,1,0,1,0,0,1,1,1,0,1,1,1,1,1,1,0,0,1,2,1,1,1,1,1,2,0,0,0,0,0,1,1,1,0,1,0,1,0,0,1,0,0,0,0,2,0,1,0,0,0,0,0,1,0,0,0,0,0,1,0,0,1,0,0,0,0,0,0,0,0,0,0,0,0,0,0,0,0,0,0,0,0,0,0,0,0,0,0,0,0,1,0,0,0,0,0,0,1,1,0,1,0,1,0,0,0,0,0,0,1,204,51
222,Female,0,5,742,24.4,2,2,1,2,2,2,2,2,2,2,2,0,0,2,2,2,2,1,2,2,2,1,2,1,2,1,2,2,2,0,2,1,1,1,1,1,2,2,1,2,2,2,1,1,2,0,1,1,1,0,0,0,1,1,1,1,2,2,2,1,2,2,2,2,2,1,2,2,2,1,0,2,0,1,2,1,0,0,1,1,2,1,1,1,2,0,1,2,1,0,0,2,2,1,2,1,1,2,2,2,1,1,1,1,2,2,2,1,1,1,0,2,2,2,1,0,1,0,2,0,1,2,1,0,1,1,1,1,0,2,0,2,1,0,1,0,2,1,1,0,1,2,0,0,1,1,0,0,0,1,0,1,0,1,1,1,1,0,1,0,2,1,0,2,1,2,0,0,2,1,0,1,1,0,0,2,0,1,1,2,0,1,0,0,2,1,2,1,1,1,1,0,1,2,1,0,2,0,0,1,0,1,0,1,0,0,0,1,0,1,1,0,1,0,0,1,1,0,2,1,1,1,0,0,2,0,2,0,2,0,0,0,0,0,0,0,0,0,0,2,0,0,0,0,1,1,2,1,1,2,0,1,0,1,2,1,2,2,2,2,2,2,0,1,1,1,0,1,2,0,0,1,1,1,1,1,1,1,2,1,1,1,0,0,1,0,1,1,1,0,0,0,0,1,0,2,1,2,0,0,2,0,0,1,0,0,0,0,1,0,2,0,0,1,1,1,0,1,1,1,1,1,1,0,0,1,2,1,1,1,1,1,2,0,0,0,0,0,1,1,1,1,2,1,1,0,0,1,0,0,0,0,2,0,1,0,0,0,0,0,1,1,0,0,0,1,1,0,1,1,2,0,0,0,0,0,0,0,0,0,0,1,0,0,0,0,0,0,0,0,2,0,0,0,0,0,0,0,1,0,0,0,0,0,0,1,1,0,1,0,2,0,0,0,0,0,0,1,255,100
223,Female,0,2,459,15.1,2,2,2,2,2,2,1,2,2,2,2,2,1,2,2,2,1,1,2,1,2,0,2,0,2,1,2,2,1,0,1,0,0,2,1,1,1,2,1,0,0,2,1,0,2,0,2,2,2,2,2,1,2,2,1,1,1,2,2,2,2,2,2,0,2,1,2,1,1,1,0,1,0,0,2,1,0,0,2,0,2,1,1,0,2,0,1,0,1,2,0,0,0,2,1,1,1,1,1,2,0,1,2,1,2,2,1,2,1,1,0,2,2,2,1,1,2,0,1,1,0,2,1,0,0,1,0,0,2,2,0,2,1,0,2,2,2,1,2,1,1,2,1,0,1,1,1,0,0,1,1,1,1,2,1,1,1,1,1,0,2,0,1,1,1,2,0,0,2,1,0,1,0,0,0,1,0,0,2,2,1,1,0,0,0,0,1,1,1,0,2,2,0,1,1,0,0,0,0,0,0,2,1,2,2,0,0,0,0,2,1,1,1,0,0,1,0,1,2,2,2,1,0,0,2,0,0,0,2,0,0,0,0,0,0,1,2,0,0,2,0,1,0,0,2,1,2,1,1,2,2,1,1,1,2,0,2,1,1,1,2,1,0,1,0,0,0,1,2,0,0,1,0,0,1,0,0,0,2,0,1,1,0,0,1,0,0,1,2,0,1,0,0,1,0,1,2,1,0,0,1,0,0,1,1,1,2,0,1,0,1,0,0,0,1,1,1,1,0,2,1,0,2,0,0,1,1,1,1,0,0,0,2,1,0,0,0,0,0,0,0,0,0,0,0,1,0,1,1,0,1,0,1,0,0,0,0,0,0,0,0,0,0,0,0,0,0,0,0,0,0,0,1,0,1,0,0,0,0,0,0,0,0,0,0,0,0,0,0,0,0,0,2,2,0,0,0,0,1,1,0,2,1,1,2,0,2,0,0,0,2,0,0,0,0,1,0,0,235,103
223,Female,0,2,564,18.5,2,2,2,2,2,2,2,2,2,2,2,2,2,2,2,2,2,2,2,2,2,0,2,2,2,2,2,2,2,0,2,0,0,2,2,2,2,2,2,0,0,2,2,0,2,0,2,2,2,2,2,2,2,2,1,2,2,2,2,2,2,2,2,0,2,2,2,2,2,2,2,2,2,2,2,2,0,0,2,2,2,2,2,0,2,0,2,2,2,2,0,0,2,2,2,2,2,2,2,2,2,1,2,1,2,2,2,2,2,1,0,2,2,2,2,2,2,2,2,2,2,2,1,2,2,2,0,1,2,2,0,2,2,2,2,2,2,2,2,1,2,2,1,0,2,2,2,0,0,2,1,2,1,2,2,2,2,1,2,0,2,2,2,2,1,2,0,2,2,2,2,2,0,0,1,1,0,2,2,2,1,2,0,0,2,2,2,2,2,0,2,2,0,2,1,2,2,0,0,0,0,2,1,2,2,0,0,2,0,2,1,1,2,1,0,2,0,1,2,2,2,1,2,0,2,0,0,0,2,0,1,0,0,0,0,1,2,0,1,2,0,1,0,0,2,2,2,2,1,2,2,2,2,2,2,0,2,2,2,2,2,1,1,2,2,1,1,1,2,0,2,2,2,1,2,2,1,1,2,1,2,2,2,1,1,0,1,1,2,1,1,2,2,2,1,1,2,2,0,1,2,1,1,2,1,2,2,0,1,1,1,1,1,1,1,2,1,2,1,2,2,1,2,1,1,1,2,2,2,1,1,0,2,2,1,2,2,2,2,2,2,1,2,2,2,1,0,2,1,2,1,0,2,1,2,2,0,0,2,0,2,2,0,0,0,2,2,1,1,2,2,0,1,0,1,1,0,1,0,0,2,1,0,0,0,0,0,0,0,1,0,0,2,2,1,1,1,2,2,2,1,2,1,2,2,1,2,2,0,2,2,1,1,1,0,2,1,1,336,248
224,Female,0,2,633,20.8,2,1,2,0,2,1,1,2,2,1,1,2,1,0,2,2,1,1,1,1,1,1,2,0,2,1,2,1,1,1,1,1,1,1,1,1,1,1,1,0,1,1,1,1,1,0,1,1,1,2,1,1,2,2,1,1,1,2,1,0,2,2,1,1,1,1,1,1,2,1,1,2,1,1,1,1,1,0,1,1,2,1,1,1,2,0,1,1,0,0,0,1,1,1,1,0,0,0,1,2,0,1,1,0,1,1,1,1,1,1,1,1,1,1,1,1,1,1,1,1,0,1,0,0,0,1,0,1,1,2,0,1,1,1,2,1,1,1,2,1,1,1,1,0,0,1,0,0,1,1,0,1,1,1,1,1,1,1,1,0,1,1,1,1,1,1,0,1,1,1,1,1,1,0,1,1,1,1,1,1,1,1,1,0,1,1,1,1,1,1,1,2,1,1,0,1,1,1,0,1,0,2,1,1,1,1,1,1,0,1,1,1,1,0,0,1,1,1,1,1,1,1,1,0,2,0,1,1,2,1,1,1,1,0,1,1,1,1,1,2,1,1,0,0,1,1,2,1,1,1,1,1,1,1,1,1,1,1,2,1,1,1,1,2,1,1,1,1,0,0,1,1,1,1,2,1,1,1,1,1,1,1,1,0,1,1,1,1,1,1,1,1,1,2,1,1,1,1,0,1,1,1,1,1,1,0,0,1,1,1,1,0,0,1,1,1,1,1,1,1,1,1,1,1,1,1,1,1,1,1,1,1,2,1,0,1,0,1,1,0,1,1,1,0,1,1,0,1,1,0,1,1,1,1,1,1,0,1,1,0,1,0,1,0,1,1,1,1,1,1,0,0,1,0,1,0,0,0,1,0,1,1,1,0,0,1,1,1,1,1,1,1,1,1,1,1,1,1,1,1,1,1,1,1,1,1,1,0,1,0,1,0,0,1,1,1,0,1,344,36
224,Female,0,2,811,26.7,2,2,2,2,2,2,2,2,2,1,2,2,1,2,2,2,2,2,2,2,2,1,2,1,2,2,2,2,2,1,2,1,1,2,2,2,2,2,2,1,2,2,2,2,2,0,2,2,1,2,1,1,2,2,2,2,2,2,2,2,2,2,2,2,2,1,2,2,2,2,1,2,2,2,2,2,2,0,2,2,2,1,2,2,2,1,2,2,1,2,2,2,2,2,2,2,1,1,2,2,2,2,2,1,1,2,2,2,2,2,2,2,2,2,2,2,2,2,2,2,1,2,0,0,0,2,1,2,1,2,0,2,1,2,2,2,2,1,2,1,1,2,1,0,0,1,0,0,2,1,0,1,1,2,2,1,1,2,2,1,2,2,2,2,2,2,2,2,2,1,2,2,2,2,1,2,2,2,2,2,1,2,2,1,1,2,1,2,2,2,2,2,1,2,0,2,1,1,0,2,0,2,1,2,2,2,1,2,0,2,2,2,2,0,1,1,2,2,2,2,2,1,1,1,2,2,1,1,2,1,1,1,2,0,1,2,2,2,2,2,2,1,0,1,2,2,2,2,1,2,1,2,2,2,2,1,2,2,2,2,2,1,1,2,2,1,1,1,1,1,2,2,2,2,2,2,2,2,2,1,1,1,1,0,1,1,2,2,2,2,2,2,2,2,1,2,2,2,0,2,2,2,2,2,2,1,1,1,2,1,1,2,1,1,1,1,2,1,1,1,1,2,2,2,1,2,1,2,2,1,1,2,2,1,0,2,1,1,2,2,2,2,2,1,1,2,1,1,1,2,2,1,2,2,2,2,0,2,1,0,2,2,2,2,2,1,2,2,2,2,2,0,1,0,1,0,0,0,1,1,1,1,1,0,0,1,1,1,1,2,2,1,1,1,1,1,1,1,2,2,1,2,2,2,1,1,2,0,2,1,2,0,0,1,1,1,1,2,385,255
225,Male,0,3,287,9.4,0,0,0,0,0,0,0,0,0,0,0,0,0,0,0,0,0,0,0,0,0,0,0,0,0,0,0,0,0,0,0,0,0,0,0,0,0,0,0,0,0,0,0,0,0,0,0,0,0,0,0,0,0,0,0,0,0,0,0,0,0,0,0,0,0,0,0,0,0,0,0,0,0,0,0,0,0,0,0,0,0,0,0,0,0,0,1,0,0,0,0,0,0,0,0,0,0,0,0,0,0,0,0,0,0,0,0,0,0,0,0,0,0,0,0,0,0,0,0,0,0,0,0,0,0,1,0,0,0,0,0,0,0,0,0,0,0,0,0,0,0,0,0,0,0,0,0,0,0,0,0,0,0,0,0,0,0,0,0,0,0,0,0,0,0,0,0,0,0,0,0,0,0,0,0,0,0,0,0,0,0,0,0,0,0,0,0,0,0,0,0,0,0,0,0,0,0,0,0,0,0,0,0,0,0,0,0,0,0,0,0,0,0,0,0,0,0,0,0,0,0,0,0,0,0,0,0,0,0,0,0,0,0,0,0,0,0,0,0,1,0,0,0,0,0,0,0,0,0,0,0,0,0,0,0,0,1,0,0,0,0,0,0,0,0,0,0,0,0,0,0,0,0,0,0,0,0,0,0,0,0,0,0,0,0,0,0,0,0,0,0,0,0,0,0,0,0,0,0,0,0,0,0,0,0,0,0,0,0,0,0,0,0,0,0,0,0,0,0,0,0,0,0,0,0,0,0,0,0,0,0,0,1,0,0,0,0,0,0,0,0,0,0,0,0,0,0,0,0,0,0,0,0,0,0,0,0,0,0,0,0,0,0,0,0,0,0,0,0,0,0,0,0,0,0,0,0,0,0,0,0,0,0,0,0,0,0,0,0,0,0,0,0,0,0,0,0,0,0,0,0,0,0,0,0,0,0,0,0,0,0,0,0,0,0,0,0,0,5,0
225,Male,0,3,479,15.7,0,1,0,0,1,0,0,0,1,0,1,0,0,0,0,0,0,0,1,0,0,0,1,0,0,0,0,0,0,0,0,0,0,0,0,0,0,0,0,0,0,0,0,0,0,0,0,0,0,0,0,0,1,1,0,1,1,0,0,0,1,0,0,0,0,0,1,1,0,1,0,0,0,0,0,0,0,0,1,0,0,1,0,0,0,0,1,0,0,0,0,0,0,0,1,0,0,0,0,0,0,0,1,0,0,0,0,0,0,0,0,0,0,0,0,1,0,0,1,0,0,0,0,0,0,1,0,0,0,1,0,0,0,0,1,0,1,0,0,0,1,1,0,0,1,0,0,0,0,0,0,0,0,1,1,0,0,0,0,0,0,0,0,0,0,1,0,0,0,0,0,1,0,0,0,0,0,0,0,0,0,0,0,0,0,0,0,0,0,0,0,0,0,1,0,0,0,0,0,0,0,0,0,0,0,0,0,0,0,0,0,0,0,0,0,0,0,0,0,1,1,0,0,0,0,0,0,0,2,0,0,0,0,0,0,1,1,0,0,2,0,0,0,0,1,1,1,1,1,1,0,1,1,1,1,0,1,0,1,1,0,0,0,0,0,0,0,0,0,0,0,0,0,1,1,0,0,0,1,0,0,1,0,1,0,0,0,1,0,0,0,0,0,0,0,0,0,0,0,0,1,0,0,1,1,0,1,0,1,0,0,0,0,0,0,1,0,1,0,0,1,0,0,0,0,0,0,1,0,0,0,0,1,0,0,0,0,0,0,0,0,0,0,0,1,0,0,1,0,0,0,0,0,1,0,0,0,0,0,0,0,0,0,0,0,0,0,0,1,0,0,0,0,0,0,0,0,0,0,0,0,0,0,0,0,0,0,0,0,0,0,0,0,0,0,0,0,0,0,1,0,1,1,0,0,0,0,0,0,0,0,0,0,0,0,0,0,0,75,2
225,Male,0,3,538,17.7,1,2,0,1,2,0,0,1,1,0,1,1,1,0,0,1,0,0,1,0,0,0,1,0,0,0,0,0,0,0,0,0,0,0,0,0,0,0,0,0,0,0,0,0,0,0,0,0,0,0,0,0,1,1,1,1,1,1,0,0,0,0,0,0,0,0,0,0,0,0,0,0,0,0,0,0,0,0,0,0,0,0,0,0,0,0,0,0,0,0,0,0,0,0,0,0,0,0,0,0,0,0,0,0,0,0,0,0,0,0,0,0,0,0,0,0,0,0,0,0,0,0,0,0,0,0,0,0,0,0,0,0,0,0,0,0,0,0,0,0,0,0,0,0,0,0,0,0,0,0,0,0,0,0,0,0,0,0,0,0,0,0,0,0,0,0,0,0,0,0,0,0,0,0,0,0,0,0,0,0,0,0,0,0,0,0,0,0,0,0,0,0,0,0,0,0,0,0,0,0,0,0,0,0,0,0,0,0,0,0,0,0,0,0,0,0,0,0,0,0,0,0,0,0,0,0,0,0,0,0,0,0,0,0,0,0,0,0,0,0,0,0,0,0,0,0,0,0,0,0,0,0,0,0,0,0,0,0,0,0,0,0,0,0,0,0,0,0,0,0,0,0,0,0,0,0,0,0,0,0,0,0,0,0,0,0,0,0,0,0,0,0,0,0,0,0,0,0,0,0,0,0,0,0,0,0,0,0,0,0,0,0,0,0,0,0,0,0,0,0,0,0,0,0,0,0,0,0,0,0,0,0,0,0,0,0,0,0,0,0,0,0,0,0,0,0,0,0,0,0,0,0,0,0,0,0,0,0,0,0,0,0,0,0,0,0,0,0,0,0,0,0,0,0,0,0,0,0,0,0,0,0,0,0,0,0,0,0,0,0,0,0,0,0,0,0,0,0,0,0,0,0,0,0,0,0,0,0,0,0,0,0,0,0,0,0,0,0,18,2
226,Male,0,2,650,21.4,0,0,0,0,0,2,0,2,2,2,0,2,0,0,2,2,2,2,2,2,2,0,0,2,2,0,2,0,2,0,0,0,0,2,2,2,2,2,2,0,0,2,0,2,0,0,0,0,0,2,0,0,0,2,0,2,2,2,2,0,2,2,0,0,2,2,0,2,0,0,0,0,0,0,0,2,2,0,2,2,2,0,2,0,2,0,2,2,0,2,0,0,0,0,0,0,0,2,2,2,2,0,2,0,2,1,0,2,2,0,0,2,0,2,2,2,2,0,2,0,0,0,0,0,0,2,0,0,0,2,0,2,2,0,2,0,2,0,2,0,1,2,0,0,0,0,0,0,2,0,0,0,0,1,1,1,0,0,0,0,2,2,0,0,0,0,0,0,0,2,0,0,2,0,0,2,2,0,2,2,0,2,0,0,0,0,2,0,0,0,2,0,0,2,2,0,2,0,0,0,0,2,0,0,0,0,0,1,0,1,0,0,2,0,2,2,0,0,2,2,2,0,0,0,2,0,0,0,2,0,0,0,0,0,0,2,1,0,0,2,0,0,0,0,2,2,2,0,2,2,0,0,2,2,2,0,2,2,0,0,2,2,0,0,0,0,2,2,0,0,0,1,1,0,2,0,2,2,1,0,1,1,0,0,0,0,0,1,0,0,0,0,1,0,0,2,0,0,0,0,2,1,0,2,2,0,2,0,0,0,0,0,0,0,1,0,0,0,0,2,0,0,0,0,0,0,2,2,2,0,0,0,2,0,0,2,2,2,1,0,0,0,0,0,1,0,0,0,2,2,2,0,0,0,2,0,0,2,0,0,2,2,0,0,0,0,0,0,0,0,2,0,0,0,0,0,0,0,0,0,2,0,0,0,0,0,0,0,0,0,0,0,0,0,2,0,0,0,0,0,0,2,2,0,0,0,2,0,2,0,2,0,0,0,0,0,0,0,156,138
226,Male,0,2,805,26.5,2,2,0,0,2,2,2,2,2,2,2,2,2,2,2,2,2,2,2,2,2,2,2,2,2,2,2,2,2,2,2,0,0,2,2,2,2,2,2,0,0,2,2,2,2,0,2,2,2,2,2,2,2,2,2,2,2,2,2,2,2,2,2,2,2,2,2,2,2,2,2,2,2,2,2,2,2,2,2,2,2,2,2,2,2,2,2,2,2,2,2,2,2,2,2,2,2,2,2,2,2,2,2,2,2,2,2,2,2,2,2,2,2,2,2,2,2,2,2,0,2,2,2,2,2,2,0,2,2,2,2,2,2,2,2,2,2,2,2,2,2,2,2,0,0,2,2,0,2,2,0,2,2,2,2,2,2,2,2,0,2,2,2,2,2,2,2,2,2,2,2,2,2,2,2,2,2,2,2,2,2,2,2,2,2,2,2,2,2,0,2,2,2,2,2,0,2,2,0,2,2,2,2,2,2,2,2,2,2,2,2,2,2,0,2,2,0,2,2,2,2,2,2,2,2,2,0,2,2,2,2,2,2,0,2,2,2,2,2,2,2,2,0,0,2,2,2,2,2,2,2,2,2,2,2,2,2,2,2,2,2,2,2,2,0,2,2,2,2,2,2,2,2,2,2,2,2,2,2,2,2,2,2,2,2,2,2,2,2,2,2,2,2,2,2,2,2,2,2,2,2,2,2,2,2,2,2,2,2,2,2,2,0,2,2,2,2,2,2,2,2,2,0,2,2,2,2,2,2,2,2,2,2,2,2,2,2,2,2,2,2,2,2,2,2,2,2,2,2,2,2,2,2,2,2,2,2,2,2,2,2,2,2,2,2,2,2,2,2,2,2,2,2,2,2,2,2,2,2,2,2,2,2,2,2,2,2,2,2,2,2,2,2,2,2,2,2,2,2,2,2,2,2,2,2,2,2,2,2,2,2,2,2,2,2,2,2,2,392,392
227,Male,0,3,507,16.7,2,2,0,0,0,2,0,2,2,2,0,0,0,0,0,2,0,0,2,0,0,0,1,0,0,0,2,0,0,0,0,0,0,0,0,0,0,0,0,0,1,0,0,0,1,0,0,0,0,0,1,1,2,2,2,0,2,0,0,0,2,0,0,0,2,1,0,0,2,1,0,1,0,1,1,0,1,1,1,1,2,1,1,1,2,1,2,0,0,1,1,1,1,1,1,0,0,0,0,0,1,1,1,0,0,0,0,0,0,0,0,0,0,1,0,0,2,0,2,0,1,0,0,0,0,1,0,0,1,2,0,2,0,0,0,0,1,1,1,1,1,1,0,0,0,1,1,0,1,0,0,0,0,1,0,1,0,0,0,0,0,0,1,0,0,0,0,0,0,0,0,0,0,0,0,1,0,0,0,0,0,0,0,0,1,0,0,0,0,0,0,0,0,0,0,1,0,0,0,1,0,0,0,0,0,0,1,0,0,0,0,0,1,0,0,0,0,0,0,1,1,0,0,0,1,1,0,0,1,0,0,0,1,0,0,1,1,0,0,1,2,0,0,0,1,0,0,0,0,1,1,1,1,1,0,0,1,1,1,1,1,0,0,1,0,0,0,0,0,0,0,0,0,0,0,0,1,0,0,0,0,1,0,0,0,0,0,1,0,0,0,0,0,0,0,0,1,0,0,0,0,0,0,0,1,0,0,0,0,0,0,0,0,1,0,0,0,1,1,0,1,0,0,1,0,1,0,0,0,0,0,0,1,1,1,0,0,0,1,0,0,0,0,0,0,0,0,1,0,0,0,1,1,0,1,0,1,1,0,0,0,0,0,0,0,0,1,0,0,0,0,0,2,0,1,0,0,1,0,1,1,0,0,0,0,0,0,0,0,0,0,0,0,0,0,0,0,0,1,0,0,0,0,1,0,0,0,0,0,0,0,0,0,0,0,0,0,0,122,25
227,Male,0,3,539,17.7,2,2,0,2,1,2,0,2,2,2,2,2,0,0,0,2,1,0,2,0,1,0,2,0,2,0,2,1,0,0,0,0,0,0,0,0,0,0,0,0,1,1,0,0,1,0,0,0,0,0,1,1,2,2,2,0,2,0,0,0,2,0,0,0,2,1,1,1,2,1,0,1,0,1,2,0,1,1,1,1,2,1,1,1,2,1,2,0,0,1,1,1,1,2,1,0,0,0,0,0,1,1,1,0,0,0,1,0,0,0,0,1,0,1,1,0,2,0,2,0,1,0,1,0,0,1,0,0,1,2,0,2,0,0,1,0,1,1,1,1,1,1,0,0,1,1,1,0,1,0,0,1,1,1,1,1,0,0,0,0,0,1,1,1,0,0,0,0,1,0,0,0,2,0,0,1,0,0,0,0,0,0,0,0,1,0,1,0,1,0,1,0,0,0,0,1,0,0,0,1,0,1,0,0,0,0,1,0,0,1,0,0,1,0,0,0,2,0,0,1,1,0,2,0,1,1,0,0,1,0,0,0,1,0,0,1,1,0,0,1,2,0,0,0,1,0,0,0,0,1,1,1,1,1,0,2,1,1,2,2,2,1,0,1,0,0,0,0,0,0,0,0,0,0,2,0,1,0,0,1,0,1,0,0,0,0,1,1,2,0,0,0,0,1,0,0,1,0,0,0,1,0,1,1,1,0,0,0,0,0,0,0,0,1,0,0,0,1,1,0,1,0,0,1,0,1,0,1,0,2,0,0,1,1,1,0,0,0,1,0,0,0,1,1,1,0,0,1,1,0,0,1,2,0,1,0,1,1,0,0,0,0,0,0,0,0,1,0,0,0,0,0,2,0,1,1,0,1,0,1,1,0,0,0,0,0,0,0,0,0,0,0,1,0,0,0,0,0,1,0,0,0,0,1,0,0,0,0,0,0,0,0,0,0,0,0,0,0,172,43
227,Male,0,3,711,23.4,2,2,0,2,1,2,2,2,2,2,2,2,0,2,0,2,2,0,2,1,2,2,2,0,2,0,2,2,0,0,0,0,0,1,2,2,0,2,2,0,1,2,0,0,2,0,2,0,0,0,1,1,2,2,2,0,2,2,1,2,2,2,0,0,2,1,1,2,2,1,0,2,0,1,2,1,1,1,1,1,2,1,1,1,2,1,2,0,1,1,1,1,2,2,1,0,0,0,2,2,1,1,1,0,0,2,1,0,1,0,0,1,0,1,1,1,2,1,2,0,1,2,1,0,0,1,0,2,1,2,2,2,0,0,2,0,2,1,1,1,1,2,0,0,1,1,1,0,2,1,0,1,1,2,1,1,1,0,0,0,0,1,1,1,0,0,0,0,1,0,0,0,2,0,0,2,1,1,0,0,0,0,0,0,1,0,1,0,2,0,1,0,0,0,0,1,0,0,0,1,0,1,0,1,0,0,1,2,0,1,0,0,1,0,0,0,2,0,0,1,1,0,2,0,2,1,0,0,2,0,0,0,1,0,0,2,2,0,0,2,2,0,0,0,2,0,2,1,0,1,1,1,1,1,2,2,2,2,2,2,2,1,0,1,1,1,1,0,0,0,0,0,1,0,2,0,1,0,0,1,0,1,0,0,0,0,1,1,2,0,0,0,0,1,0,0,1,1,0,2,1,0,1,1,1,0,0,0,0,0,0,2,0,1,0,0,0,1,1,0,1,0,0,1,0,1,0,1,0,2,0,0,2,1,1,0,0,0,1,2,1,0,1,1,1,0,0,1,1,0,1,1,2,0,1,0,1,1,2,0,0,2,0,0,0,0,1,0,2,2,2,0,2,0,1,1,0,1,0,1,1,0,0,0,0,0,0,0,0,2,0,0,1,0,0,0,0,0,2,0,0,0,0,1,0,0,2,0,2,0,2,0,0,0,0,0,0,2,223,101
230,Male,0,2,637,20.9,2,0,2,2,2,2,0,2,2,2,1,2,0,0,2,2,2,2,1,2,1,0,1,1,1,0,1,1,1,0,1,0,0,1,1,1,1,0,1,0,0,1,2,0,1,0,0,1,2,1,0,0,0,2,1,1,1,2,2,0,2,2,0,0,0,0,2,2,1,0,0,0,0,0,0,0,1,0,1,0,0,1,2,0,0,0,1,0,0,0,0,0,0,0,0,1,0,0,1,1,0,0,1,0,2,0,0,1,1,1,0,1,1,1,1,2,0,2,1,0,0,1,1,0,1,2,0,0,0,2,0,1,1,1,1,0,1,0,2,1,0,2,0,0,0,0,0,0,0,0,0,0,0,0,0,0,1,0,0,0,2,0,0,0,0,1,1,0,2,0,1,0,0,0,0,1,1,0,1,1,0,0,1,0,1,0,1,0,0,0,1,1,0,1,0,0,1,0,0,0,0,2,0,2,0,0,0,0,0,1,0,0,0,0,0,0,0,0,2,1,1,0,1,0,2,0,0,0,2,0,1,0,0,0,0,1,1,0,0,2,0,0,0,0,1,1,2,0,0,2,0,1,0,2,2,0,2,2,2,0,0,0,0,2,0,1,0,0,0,0,0,0,2,0,1,0,1,0,1,0,0,1,0,0,0,0,1,0,0,0,0,1,0,0,0,1,0,1,0,0,0,2,0,0,0,0,0,0,1,0,0,0,0,0,0,1,0,1,0,2,1,1,1,0,0,0,2,0,0,1,1,0,1,1,0,0,0,0,1,1,0,0,1,0,0,0,0,1,0,0,0,0,1,0,0,0,0,0,2,0,1,0,0,0,0,0,0,0,1,0,0,0,0,0,1,0,0,0,0,0,0,0,0,0,0,0,0,0,0,0,0,0,0,0,0,0,0,2,2,0,0,0,0,0,1,0,0,0,0,0,2,0,0,0,0,0,0,0,156,55
230,Male,0,2,704,23.1,2,2,2,2,2,2,0,2,2,2,2,2,0,2,2,2,2,2,1,2,1,0,2,2,2,2,2,1,2,0,2,0,0,2,1,1,2,2,2,0,0,1,2,0,1,0,0,1,2,2,0,2,0,2,2,2,2,2,2,0,2,2,0,2,0,0,2,2,2,2,0,2,0,0,2,2,1,0,2,2,2,1,2,0,0,0,2,2,2,0,2,0,0,2,0,1,0,0,2,2,1,0,1,1,2,2,1,1,1,1,0,2,1,1,1,2,0,2,2,2,2,2,2,0,2,2,0,0,2,2,0,2,2,2,2,0,1,0,2,1,1,2,0,0,1,0,0,0,0,0,0,0,0,2,0,0,1,0,0,0,2,2,0,0,0,2,1,0,2,0,1,1,0,0,0,2,2,0,2,2,0,0,2,0,2,0,1,2,2,0,2,2,0,1,0,0,2,0,0,0,0,2,0,2,0,0,0,0,0,2,0,0,2,0,0,0,0,0,2,1,2,2,2,0,2,0,0,0,2,0,2,0,0,0,2,2,2,2,0,2,0,0,0,0,2,2,2,2,0,2,0,2,1,2,2,0,2,2,2,1,0,2,0,2,1,1,0,1,0,0,0,0,2,0,2,0,1,0,2,0,2,2,0,0,0,0,1,0,0,2,0,1,0,1,0,1,0,2,0,2,2,2,0,0,1,0,0,0,1,0,0,0,0,0,0,1,1,2,0,2,1,1,2,0,0,1,2,1,2,2,2,0,1,1,0,0,2,0,1,2,2,0,2,1,0,0,0,1,0,2,1,0,2,1,0,0,0,1,2,0,2,2,2,0,0,0,0,0,2,2,0,0,0,0,2,0,0,0,0,0,2,0,0,0,0,0,0,0,0,2,2,0,0,0,0,0,0,2,2,0,0,2,2,2,1,0,2,0,2,0,2,0,0,0,0,0,0,2,225,166
230,Male,0,4,270,8.9,1,1,0,0,0,0,0,0,0,0,0,1,0,0,0,0,0,0,1,0,0,0,0,0,0,0,0,0,0,0,0,0,0,0,0,0,0,0,0,0,0,0,0,0,0,0,0,0,0,0,0,0,0,0,0,0,0,0,0,0,1,0,0,0,0,1,0,0,1,0,0,0,0,0,0,0,0,0,1,0,0,1,0,0,0,0,1,0,0,0,0,0,0,0,0,0,0,0,0,0,0,0,0,0,0,0,0,0,0,0,0,0,0,0,0,0,0,0,0,0,0,0,0,0,0,1,0,0,0,0,0,0,0,0,0,0,0,0,0,0,1,0,0,0,1,0,0,0,0,0,0,0,0,0,0,0,0,0,0,0,0,0,0,0,0,0,0,0,0,0,0,0,0,0,0,0,0,0,0,0,0,0,0,0,0,0,0,0,0,0,0,0,0,0,0,1,0,0,0,0,0,0,0,0,1,0,0,0,0,0,0,0,0,0,0,0,0,0,0,0,0,0,0,0,1,0,0,0,1,0,0,0,0,0,0,0,0,0,0,1,1,0,0,0,0,0,1,1,0,0,0,1,1,1,0,0,1,0,1,0,0,0,0,0,0,0,0,0,0,0,0,0,0,1,0,0,0,0,0,0,0,1,0,1,0,0,0,0,0,0,0,0,0,0,0,0,0,0,0,0,0,0,0,0,0,0,1,0,0,0,0,0,0,0,0,0,0,1,0,0,0,1,0,0,0,1,0,0,0,0,0,0,0,0,1,0,0,0,0,0,0,0,0,0,0,0,0,0,0,0,0,0,0,1,1,0,0,1,0,0,0,0,0,0,0,0,0,0,0,0,0,0,0,0,0,0,0,0,0,0,0,0,0,0,0,0,0,0,0,0,0,0,0,0,0,0,0,0,0,0,0,0,0,0,0,0,0,0,0,0,0,0,0,0,0,0,0,0,37,0
230,Male,0,4,442,14.5,1,1,0,0,1,0,0,0,0,0,0,1,0,0,0,0,0,0,2,0,0,0,1,0,0,0,0,0,0,0,0,0,0,0,0,0,0,0,0,0,0,0,0,0,0,0,0,0,0,0,1,0,0,2,0,1,0,1,0,0,1,1,0,0,0,1,0,1,1,1,0,1,0,0,1,0,1,0,1,0,0,1,0,0,1,0,1,0,0,1,0,1,0,1,0,0,1,0,0,0,0,0,0,0,0,0,0,0,0,0,0,0,0,0,0,0,1,0,1,0,1,1,1,0,0,1,0,1,0,1,0,1,0,0,1,1,0,0,0,0,1,1,0,0,1,1,1,0,0,1,0,0,0,1,1,1,0,0,0,0,1,1,1,0,1,0,0,0,0,0,0,1,1,0,1,0,0,0,1,0,0,0,1,0,0,0,1,1,0,0,0,0,0,1,0,1,0,0,0,1,0,0,0,0,1,0,0,0,0,1,0,0,0,1,0,0,0,0,0,0,0,1,0,0,2,1,0,1,1,0,1,0,0,0,0,0,1,0,1,2,1,0,0,0,0,1,2,1,1,1,2,1,1,1,2,0,1,0,1,1,1,0,0,2,0,0,0,1,1,1,0,0,0,1,1,0,1,1,1,0,1,1,0,1,0,0,1,0,1,1,0,0,0,1,0,0,0,1,1,1,1,0,1,1,1,1,1,0,1,0,0,0,0,1,0,0,1,1,0,0,0,1,0,0,0,1,1,1,0,0,0,0,1,1,1,0,0,0,1,0,0,0,0,0,0,0,0,0,0,0,0,0,0,1,1,0,0,1,0,0,1,0,0,1,0,1,0,0,1,1,0,0,0,0,1,0,0,0,0,0,1,0,0,0,0,0,0,0,0,0,0,0,0,0,0,0,0,0,1,0,0,0,0,0,0,1,0,0,0,0,0,0,0,0,0,0,0,0,137,8
230,Male,0,4,469,15.4,1,1,0,0,1,0,0,0,0,0,0,1,0,0,0,0,0,0,2,0,0,0,1,0,0,0,0,0,0,0,0,0,0,0,1,0,0,0,0,0,0,0,0,0,0,0,0,0,0,0,1,0,0,2,0,1,0,1,0,0,1,1,0,0,1,1,0,1,1,1,0,1,0,0,1,1,1,0,1,0,0,1,1,1,1,0,1,1,0,1,0,1,0,1,1,1,1,0,0,0,0,0,1,0,0,0,1,0,0,1,0,1,0,0,0,0,1,0,1,0,1,1,1,0,0,1,0,1,0,1,0,1,1,0,1,1,1,0,1,0,1,1,0,0,1,1,1,0,0,1,0,0,1,1,1,1,1,0,0,0,1,1,1,0,1,0,0,0,0,0,0,1,1,0,1,0,1,0,1,0,0,0,1,0,1,1,1,1,1,0,1,0,0,1,0,1,0,0,1,1,0,1,0,1,1,1,0,1,0,1,0,0,1,1,0,0,0,1,0,1,1,1,0,1,2,1,0,1,1,0,1,0,0,0,1,1,1,1,1,2,1,0,0,0,1,1,2,1,1,1,2,1,1,1,2,0,1,1,1,1,1,0,0,2,0,1,1,1,1,1,1,0,1,1,1,0,1,1,1,0,1,1,1,1,0,0,1,1,1,1,1,1,0,1,0,1,0,1,1,1,1,1,1,1,1,1,1,1,1,0,0,0,0,1,0,0,1,1,1,1,0,1,0,1,0,1,1,1,0,1,0,0,1,1,1,0,0,0,1,1,0,0,0,0,0,0,0,0,0,0,0,0,0,1,1,0,0,1,0,0,1,1,1,1,0,1,1,1,1,1,0,0,0,0,1,0,0,0,0,0,1,0,0,0,0,0,0,0,0,1,0,0,0,0,0,0,0,0,1,0,0,0,0,0,0,1,0,0,0,0,0,0,0,0,0,0,0,0,195,8
230,Male,0,4,525,17.3,1,1,0,0,1,0,0,0,0,0,1,1,1,0,0,0,0,0,2,0,0,0,1,0,0,0,0,0,0,0,0,0,0,0,1,0,0,0,0,0,0,0,0,0,0,0,0,0,0,0,1,0,1,2,1,1,0,1,1,0,1,1,0,1,1,1,1,1,1,1,0,1,0,1,1,1,1,0,1,0,0,1,1,1,1,1,1,1,1,1,0,1,1,1,1,1,1,0,0,1,1,1,1,0,0,1,1,1,0,1,0,1,0,1,1,0,1,0,1,0,1,1,1,1,1,1,1,1,0,1,0,1,1,1,1,1,1,1,1,0,1,1,0,0,1,1,1,0,1,1,0,0,1,1,1,1,1,0,0,0,1,1,1,0,1,0,0,0,0,0,0,1,1,0,1,1,1,0,1,0,0,0,1,0,1,1,1,1,1,0,1,0,0,1,0,1,0,0,1,1,0,1,0,1,1,1,0,1,0,1,0,0,1,1,0,1,0,1,2,1,1,1,0,1,2,1,0,1,1,0,1,0,0,0,1,1,2,1,1,2,1,0,0,0,1,1,2,1,1,1,2,1,1,1,2,0,1,1,1,1,1,0,0,2,0,1,1,1,1,1,1,0,1,1,1,0,1,1,2,0,1,1,1,1,0,0,2,1,1,1,1,1,0,1,0,1,0,1,1,1,1,1,1,1,1,1,1,1,1,0,1,0,0,1,0,1,1,1,1,1,0,1,0,1,0,1,1,1,0,1,0,0,2,1,1,1,0,1,1,1,1,1,1,0,1,0,0,0,1,0,1,0,1,1,1,0,1,1,0,0,1,1,1,1,0,1,1,1,1,1,0,0,1,0,1,0,0,1,0,1,1,1,0,0,1,1,0,1,0,1,1,0,0,0,0,0,0,0,1,1,1,1,1,0,0,1,1,0,1,0,1,0,0,0,0,0,0,0,249,13
232,Female,0,3,489,16.1,2,0,0,2,1,1,1,2,0,0,1,2,0,1,0,1,1,0,1,1,1,0,1,0,1,0,1,1,1,0,0,0,1,1,1,0,0,0,0,0,0,1,0,1,1,0,1,0,0,0,0,0,0,2,0,1,0,1,1,1,1,2,1,1,2,1,2,2,1,1,1,1,1,1,1,1,1,1,2,2,2,1,1,1,1,1,1,1,1,1,0,0,1,1,1,1,1,1,1,1,1,1,1,1,1,1,1,1,1,1,0,1,1,1,1,2,1,1,1,1,1,1,0,0,1,1,1,1,0,1,0,1,1,0,1,1,1,1,1,1,1,1,1,0,1,1,1,0,0,1,0,1,1,1,1,1,1,0,0,0,1,1,1,1,1,1,0,1,1,1,1,1,1,0,1,0,0,0,1,1,0,1,1,1,1,1,1,1,1,0,1,1,1,1,1,0,1,1,0,1,0,1,1,2,1,0,1,1,0,1,2,1,1,1,1,1,0,1,1,1,1,1,1,1,2,1,0,0,2,0,1,0,0,0,1,2,2,0,0,2,2,0,0,1,1,1,2,1,0,2,2,1,1,1,1,0,2,2,1,1,2,1,0,1,1,1,0,1,1,1,1,1,1,1,2,0,1,1,1,1,1,1,1,1,1,1,1,1,1,1,1,2,1,1,0,1,1,1,1,1,1,1,1,1,2,1,1,1,1,1,1,1,1,1,1,1,1,1,1,1,1,1,1,1,1,1,1,1,1,1,1,1,2,1,1,1,0,0,1,1,1,0,0,0,1,1,0,1,2,0,1,0,1,1,1,1,0,0,0,0,1,0,1,0,1,1,0,1,1,1,0,0,0,0,0,0,0,0,0,0,1,0,0,0,0,0,0,0,0,1,0,0,0,0,1,0,0,0,0,0,1,1,1,0,0,1,2,2,0,0,2,0,0,0,0,0,0,1,293,35
232,Female,0,3,613,20.2,2,1,1,2,2,2,2,2,2,1,1,2,1,2,2,2,2,2,2,2,2,1,2,1,2,2,2,2,2,1,2,0,1,2,2,1,2,1,2,1,1,1,1,1,1,0,1,2,2,2,2,1,1,2,1,1,2,2,2,2,2,2,2,2,2,2,2,2,2,2,2,2,2,1,2,2,2,2,2,2,2,2,2,2,2,2,2,2,2,2,1,1,2,2,2,2,1,2,2,2,2,2,2,2,1,2,2,2,2,2,1,2,2,2,2,2,2,2,1,1,2,2,1,1,1,2,2,1,1,2,1,2,1,0,2,1,2,1,2,2,2,2,1,2,1,1,1,0,1,1,1,2,1,2,1,2,1,2,2,0,2,2,2,2,2,2,1,2,2,2,1,1,1,0,2,2,0,1,1,2,1,2,1,1,2,2,2,2,2,1,2,2,1,2,1,0,1,2,1,2,1,2,1,2,1,0,1,2,0,1,2,1,2,1,1,1,0,2,2,2,2,1,1,1,2,1,1,0,2,0,1,1,1,1,1,2,2,2,2,2,2,1,0,2,2,2,2,2,1,2,2,1,1,2,2,0,2,2,2,2,2,2,1,2,1,2,1,1,2,1,1,1,1,1,2,0,2,2,2,1,1,1,1,1,1,1,1,1,2,1,1,2,1,2,1,1,2,2,1,1,1,2,1,2,2,2,2,1,1,1,1,1,2,1,1,2,2,2,2,1,2,2,1,1,1,1,2,1,1,1,1,1,2,1,1,1,2,0,1,1,2,1,1,1,1,1,1,2,2,2,2,1,1,1,1,1,0,2,1,0,1,2,1,1,2,1,1,1,1,2,2,1,1,1,1,1,0,0,1,0,2,1,1,1,0,2,1,1,1,1,1,1,1,1,1,1,1,2,1,2,1,2,1,1,2,2,2,2,2,1,2,1,1,1,1,1,1,1,395,209
232,Female,0,3,797,26.2,2,2,2,2,2,2,2,2,2,2,2,2,2,2,2,2,2,2,2,2,2,2,2,2,2,2,2,2,2,2,2,2,2,2,2,2,2,2,2,2,2,2,2,2,2,2,2,2,2,2,2,2,2,2,2,2,2,2,2,2,2,2,2,2,2,2,2,2,2,2,2,2,2,2,2,2,2,2,2,2,2,2,2,2,2,2,2,2,2,2,2,2,2,2,2,2,2,2,2,2,2,2,2,2,2,2,2,2,2,2,2,2,2,2,2,2,2,2,2,2,2,2,2,2,2,2,2,2,2,2,2,2,2,2,2,2,2,2,2,2,2,2,2,2,2,2,2,2,2,2,2,2,2,2,2,2,2,2,2,2,2,2,2,2,2,2,2,2,2,2,2,2,2,2,2,2,2,2,2,2,2,2,2,2,2,2,2,2,2,2,2,2,2,2,2,2,2,2,2,2,2,2,2,2,2,2,2,2,2,2,2,2,2,2,2,2,2,2,2,2,2,2,2,2,2,2,2,2,2,2,2,2,2,2,2,2,2,2,2,2,2,2,2,2,2,2,2,2,2,2,2,2,2,2,2,2,2,2,2,2,2,2,2,2,2,2,2,2,2,2,2,2,2,2,2,2,2,2,2,2,2,2,2,2,2,2,2,2,2,2,2,2,2,2,2,2,2,2,2,2,2,2,2,2,2,2,2,2,2,2,2,2,2,2,2,2,2,2,2,2,2,2,2,2,2,2,2,2,2,2,2,2,2,2,2,2,2,2,2,2,2,2,2,2,2,2,2,2,2,2,2,2,2,2,2,2,2,2,2,2,2,2,2,2,2,2,2,2,2,2,2,2,2,2,2,2,1,2,2,2,2,2,2,2,2,2,2,2,2,2,2,2,2,2,2,2,2,2,2,2,2,2,2,2,2,2,2,2,2,2,2,2,2,2,2,2,2,2,418,417
234,Female,0,2,718,23.6,2,2,1,1,2,2,2,2,2,2,2,2,2,2,2,2,2,2,2,2,2,2,2,1,2,2,2,2,2,2,2,2,1,2,2,2,2,2,2,0,2,2,2,2,2,0,2,2,1,2,2,2,2,2,2,2,2,2,2,1,2,2,2,2,2,2,2,2,2,2,2,2,2,2,2,2,2,2,2,2,2,2,2,2,2,1,2,2,2,2,2,2,2,2,2,2,2,2,2,2,2,2,2,1,2,2,2,2,2,2,2,2,2,2,2,2,2,2,2,2,2,2,1,2,2,2,2,2,2,2,2,2,2,2,2,2,2,2,2,2,2,2,1,2,2,2,2,1,2,2,0,2,2,2,2,2,2,2,2,1,2,2,2,2,2,2,2,2,2,2,2,2,2,2,2,2,2,2,2,2,2,2,2,2,2,2,2,2,1,2,2,2,2,2,1,2,2,2,2,2,1,2,1,2,2,2,1,2,2,2,2,2,2,2,2,2,2,2,2,2,2,2,2,2,2,2,0,1,2,2,2,2,2,2,2,2,2,2,2,2,2,1,0,2,2,2,2,2,2,2,1,2,1,2,2,1,2,2,2,2,2,2,2,2,1,2,2,1,2,2,2,1,2,2,2,2,2,2,2,2,2,2,2,2,2,2,2,2,2,2,2,2,2,2,2,2,2,2,1,2,2,2,2,2,2,2,2,2,2,2,2,2,2,2,2,2,2,2,2,2,2,2,2,2,1,2,2,2,2,2,2,2,2,2,2,2,2,2,2,2,2,2,2,2,2,2,0,2,2,2,2,2,2,2,2,2,2,2,2,2,2,2,2,2,2,1,1,2,2,2,2,1,2,1,2,2,2,2,2,2,2,2,2,2,2,2,2,2,2,2,2,2,2,2,2,2,2,2,2,2,2,2,2,2,2,2,2,2,2,2,2,2,2,2,2,2,2,2,412,381
234,Female,0,2,854,28.1,2,2,2,1,2,2,2,2,2,2,2,2,2,2,2,2,2,2,2,2,2,2,2,1,2,2,2,2,2,2,2,2,2,2,2,2,2,2,2,2,2,2,2,2,2,1,2,2,2,2,2,2,2,2,2,2,2,2,2,2,2,2,2,2,2,2,2,2,2,2,2,2,2,2,2,2,2,2,2,2,2,2,2,2,2,2,2,2,2,2,2,2,2,2,2,2,2,2,2,2,2,2,2,2,2,2,2,2,2,2,2,2,2,2,2,2,2,2,2,2,2,2,2,2,2,2,2,2,2,2,2,2,2,2,2,2,2,2,2,2,2,2,2,2,2,2,2,1,2,2,1,2,2,2,2,2,2,2,2,2,2,2,2,2,2,2,2,2,2,2,2,2,2,2,2,2,2,2,2,2,2,2,2,2,2,2,2,2,2,2,2,2,2,2,2,2,2,2,2,2,2,2,2,2,2,2,2,2,2,2,2,2,2,2,2,2,2,2,2,2,2,2,2,2,2,2,2,2,2,2,2,2,2,2,2,2,2,2,2,2,2,2,2,2,2,2,2,2,2,2,2,2,2,2,2,2,2,2,2,2,2,2,2,2,2,2,2,2,2,2,2,2,2,2,2,2,2,2,2,2,2,2,2,2,2,2,2,2,2,2,2,2,2,2,2,2,2,2,2,2,2,2,2,2,2,2,2,2,2,2,2,2,2,2,2,2,2,2,2,2,2,2,2,2,2,2,2,2,2,2,2,2,2,2,2,2,2,2,2,2,2,2,2,2,2,2,2,2,2,2,2,2,2,2,2,2,2,2,2,2,0,0,0,0,0,0,0,0,0,0,0,0,0,0,0,0,0,0,0,0,0,0,0,0,0,0,0,0,0,0,0,0,0,0,0,0,0,0,0,0,0,0,0,0,0,0,0,0,0,0,0,0,0,0,0,0,0,0,360,355
237,Female,0,2,454,14.9,0,2,0,0,0,0,0,2,2,0,2,2,0,1,0,2,0,0,2,0,0,0,0,0,2,2,2,0,0,0,2,0,0,0,0,0,0,2,0,0,0,0,0,0,0,0,0,0,0,0,0,2,2,2,0,0,0,2,0,0,0,0,0,0,0,2,0,2,2,0,0,0,0,0,2,0,0,0,1,0,2,0,1,0,2,0,1,0,0,0,0,1,0,0,0,0,1,0,1,2,0,1,0,0,0,0,0,1,0,0,0,2,1,1,1,0,1,0,1,1,0,2,0,0,1,1,1,1,0,2,0,2,2,0,1,1,2,0,2,1,1,1,0,0,0,0,0,0,0,0,1,1,0,1,0,1,1,1,1,1,1,1,1,0,1,2,0,0,2,0,0,0,0,0,0,1,0,0,2,2,0,0,0,0,0,0,2,0,0,1,1,0,1,0,1,0,1,0,0,1,0,0,0,1,0,1,0,1,1,0,1,0,0,0,0,0,0,0,1,1,0,0,0,0,2,0,0,0,2,0,0,0,0,0,0,2,2,0,0,2,2,0,0,0,1,2,2,1,0,2,2,1,1,1,2,2,2,2,2,0,2,1,0,2,0,1,0,1,1,1,1,1,1,1,1,1,1,1,1,1,1,1,0,0,1,1,1,1,1,1,1,1,1,1,1,1,1,1,1,1,1,1,1,1,1,1,1,1,1,1,1,1,1,1,1,1,1,1,1,1,1,1,1,1,1,1,1,1,1,1,1,1,2,1,1,1,0,1,1,1,1,1,1,1,1,0,0,1,1,0,0,0,2,1,0,1,0,1,1,0,1,0,0,0,0,1,0,1,1,0,0,0,0,0,0,1,0,0,0,0,1,0,0,0,0,0,0,0,0,0,0,0,0,0,0,0,0,0,1,0,0,1,1,1,0,1,1,0,0,0,2,0,0,0,0,0,0,0,204,55
237,Female,0,2,552,18.1,2,2,2,2,2,2,2,2,2,2,2,2,0,1,0,2,2,0,2,0,1,0,1,0,2,1,2,0,0,0,2,0,0,2,2,0,0,2,0,0,0,0,0,0,2,0,0,0,0,0,0,2,2,2,0,0,2,2,2,0,2,2,0,0,0,2,2,2,2,0,0,0,0,0,2,0,0,0,1,0,2,1,2,1,2,0,1,1,1,1,0,1,1,1,0,1,1,0,1,2,1,1,1,1,0,1,1,1,1,1,0,2,1,1,1,1,1,1,2,1,0,2,0,0,1,2,1,1,0,2,0,2,2,0,1,1,2,0,2,1,1,1,0,0,0,0,0,0,0,0,1,1,0,1,0,1,1,1,1,1,1,1,1,0,1,2,0,0,2,0,0,0,0,0,0,2,0,0,2,2,0,0,0,0,0,0,2,0,0,1,1,0,1,0,1,0,2,0,0,1,0,2,0,1,0,1,0,1,1,0,1,0,0,1,0,0,0,0,1,1,0,0,0,0,2,2,0,0,2,0,0,0,0,0,0,2,2,0,0,2,2,0,0,0,1,2,2,1,0,2,2,1,1,1,2,2,2,2,2,0,2,1,0,2,0,1,0,1,1,1,1,1,1,1,1,1,1,1,1,1,1,1,0,0,1,1,1,1,1,1,1,1,1,1,1,1,1,1,1,1,1,1,1,1,1,1,1,1,1,1,1,1,1,1,1,1,1,1,1,1,1,1,1,1,1,1,1,1,1,1,1,1,2,1,1,1,0,1,1,1,1,1,1,1,1,0,0,1,1,0,0,0,2,1,0,1,0,1,1,0,1,0,0,0,0,1,0,1,1,2,0,0,2,2,2,1,0,0,0,0,1,0,0,0,0,0,0,0,0,0,0,0,0,0,0,0,0,0,1,0,0,1,1,1,0,1,1,0,0,0,2,0,0,0,0,0,0,0,246,81
242,Female,0,4,294,9.7,0,0,0,0,1,0,0,0,0,0,1,0,0,0,0,0,0,0,0,0,0,0,0,0,0,0,0,0,0,0,0,0,0,0,0,0,0,0,0,0,0,0,0,0,0,0,0,0,0,0,0,0,0,0,0,0,0,0,0,0,1,0,0,0,0,0,0,0,0,0,0,0,0,0,0,0,0,0,0,0,0,0,0,0,0,0,1,0,0,0,0,0,0,0,0,0,0,0,0,0,0,0,0,0,0,0,0,0,0,0,0,0,0,0,0,1,0,0,0,0,0,0,0,0,0,0,0,0,0,0,0,0,0,0,1,0,0,0,0,0,1,0,0,0,0,0,0,0,0,0,0,0,0,0,0,0,0,0,0,0,0,0,0,0,0,0,0,0,0,0,0,0,0,0,0,0,0,0,0,0,0,1,0,0,0,0,0,0,0,0,0,0,0,0,0,0,0,0,0,0,0,0,0,0,0,0,0,0,0,0,0,0,0,0,0,0,0,0,0,0,0,0,0,0,0,0,0,0,0,0,0,0,0,0,0,1,1,0,0,1,0,0,0,0,0,0,0,0,0,0,1,0,1,1,1,1,1,0,1,0,0,0,0,0,0,0,0,0,0,0,0,0,0,0,1,0,0,0,0,0,0,0,0,0,0,0,0,0,0,0,0,0,0,0,0,0,0,0,0,0,0,0,0,0,0,0,0,0,0,0,0,0,0,0,0,0,0,0,1,0,0,0,0,0,0,0,0,0,0,0,0,0,0,0,0,0,0,0,0,0,0,0,0,0,0,0,0,0,0,0,0,0,0,0,0,0,0,0,0,0,0,0,0,0,0,0,0,0,0,0,0,0,0,0,0,0,0,0,0,0,0,0,0,0,0,0,0,0,0,0,0,0,0,0,0,0,0,0,0,0,0,0,0,0,0,0,0,0,0,0,0,0,0,0,0,0,0,0,20,0
242,Female,0,4,551,18.1,2,0,0,0,2,2,0,2,0,0,2,0,0,0,0,1,0,0,1,0,1,0,1,0,1,0,1,0,1,0,1,0,0,1,1,1,1,0,1,0,1,1,0,0,0,0,0,0,0,1,0,0,0,2,0,2,0,2,1,0,2,1,1,1,1,1,2,2,0,0,0,0,1,0,2,0,0,1,1,2,1,1,1,2,1,0,1,0,0,0,0,0,0,1,1,1,0,0,1,2,0,1,1,1,1,1,1,2,1,1,0,1,1,1,1,2,0,0,1,0,2,2,0,0,0,1,0,1,0,1,0,1,1,0,2,1,2,1,2,1,1,2,0,0,1,1,1,0,0,0,0,0,0,1,0,1,1,1,0,0,1,1,1,1,1,1,0,0,0,0,1,1,1,0,0,1,0,0,0,1,2,1,1,0,1,1,1,0,0,0,1,0,0,2,0,0,0,1,0,1,0,2,0,1,1,0,0,1,0,0,1,0,1,0,0,0,0,0,0,1,1,1,1,0,2,0,0,0,2,0,0,0,0,0,0,1,1,0,0,2,0,0,0,0,2,0,2,0,1,1,2,1,1,1,1,1,1,2,1,1,2,1,0,2,0,1,0,0,0,0,0,0,0,1,1,0,1,0,1,0,0,0,0,1,1,0,1,1,1,0,0,0,0,1,0,0,0,1,0,0,0,0,0,1,0,1,1,1,0,0,0,1,0,0,0,1,1,0,1,1,1,0,1,0,0,0,0,1,0,0,0,0,1,0,0,0,0,0,1,0,1,1,2,2,0,0,0,0,1,0,0,0,2,1,0,0,0,1,0,0,0,0,0,0,0,0,0,0,1,2,0,0,1,0,1,0,0,0,0,0,1,0,0,0,0,0,0,0,0,0,0,0,0,0,0,0,0,2,2,0,1,1,0,0,0,0,2,0,1,0,2,0,0,0,0,0,0,0,185,43
242,Female,0,4,711,23.4,2,0,2,0,2,2,2,2,2,0,2,0,0,2,2,2,2,2,1,0,2,0,2,0,2,2,2,2,2,0,2,0,0,2,2,2,2,2,2,0,1,1,2,0,2,0,0,2,2,2,0,0,2,2,0,2,1,2,2,1,2,2,2,2,2,1,2,2,2,2,2,2,2,2,2,0,2,2,2,2,2,1,1,2,1,0,2,2,2,2,1,0,0,2,2,2,2,2,2,2,1,2,2,2,1,2,2,2,2,2,1,2,2,2,1,2,0,2,2,1,2,2,0,1,2,2,2,2,0,2,0,2,1,2,2,1,2,1,2,1,2,2,2,0,2,2,1,0,2,2,0,2,1,1,1,2,2,2,2,0,2,1,1,2,1,2,0,0,2,2,1,1,2,0,1,1,0,1,2,2,2,2,1,0,2,2,2,2,2,0,2,1,2,2,0,1,2,1,0,2,0,2,1,1,1,2,0,1,0,1,1,0,1,2,0,0,1,1,2,2,2,2,2,1,2,0,0,0,2,0,0,0,0,0,0,2,2,0,0,2,2,0,0,1,2,2,2,1,1,2,2,1,1,2,2,1,2,2,1,1,2,1,0,2,1,1,1,0,0,0,0,1,1,1,2,0,2,1,2,1,0,1,2,1,1,2,1,1,1,1,0,1,0,2,0,2,2,2,0,1,1,0,0,1,1,1,1,1,2,0,2,1,0,1,0,1,1,2,1,1,1,1,1,0,0,1,1,1,2,2,2,0,1,1,0,0,0,2,1,1,2,2,2,2,0,1,0,0,1,2,0,0,2,2,0,0,2,1,0,0,1,2,1,0,2,1,0,1,1,2,2,1,1,0,1,0,0,1,0,2,1,0,1,1,0,0,0,2,0,2,2,0,0,0,2,2,0,2,2,0,1,1,0,0,1,0,2,0,1,1,2,1,1,0,0,1,0,0,306,189
242,Female,0,4,749,24.6,2,1,2,1,2,2,2,2,2,0,2,1,0,2,2,2,2,2,2,2,2,0,2,1,2,2,2,2,2,0,2,0,0,2,2,2,2,2,2,0,1,1,2,0,2,0,1,2,2,2,0,0,2,2,1,2,1,2,2,2,2,2,2,2,2,1,2,2,2,2,2,2,2,2,2,2,2,2,2,2,2,1,2,2,2,0,2,2,2,2,1,0,0,2,2,2,2,2,2,2,2,2,2,2,1,2,2,2,2,2,1,2,2,2,2,2,2,2,2,2,2,2,0,1,2,2,2,2,2,2,2,2,1,2,2,2,2,2,2,1,2,2,2,0,2,2,1,0,2,2,1,2,1,1,2,2,2,2,2,0,2,2,2,2,1,2,0,0,2,2,1,2,2,1,1,2,0,2,2,2,2,2,1,0,2,2,2,2,2,0,2,1,2,2,0,1,2,1,0,2,0,2,1,1,1,2,0,1,0,1,1,0,1,2,0,0,1,2,2,2,2,2,2,1,2,1,0,0,2,0,0,0,0,0,1,2,2,0,0,2,2,0,1,1,2,2,2,1,1,2,2,1,1,2,2,1,2,2,2,1,2,1,1,2,1,1,1,1,1,1,2,1,2,1,2,1,2,2,2,1,2,2,2,2,2,2,2,1,1,1,2,1,1,2,0,2,2,2,1,1,1,2,2,2,1,2,2,1,2,1,2,1,0,1,1,1,1,2,1,1,1,2,2,1,1,1,2,2,2,2,2,0,1,1,0,2,2,2,2,1,2,2,2,2,0,1,0,1,1,2,2,0,2,2,2,1,2,1,1,0,1,2,2,2,2,1,1,1,1,2,2,1,1,1,1,0,0,1,0,2,1,0,1,1,1,0,0,2,0,2,2,0,0,0,2,2,0,2,2,0,1,1,0,1,1,0,2,1,1,1,2,1,1,2,1,1,0,1,354,237
244,Male,0,3,256,8.4,2,0,0,2,0,0,0,0,0,0,1,0,0,0,0,0,1,0,0,0,1,0,1,0,0,0,0,0,0,0,0,0,0,0,0,0,0,0,0,0,1,0,0,0,0,0,0,0,0,0,0,0,0,0,0,0,0,0,0,0,1,1,0,0,1,1,0,1,1,0,0,1,0,0,0,0,0,0,1,0,0,0,0,0,0,0,1,0,0,0,0,0,0,0,0,0,0,0,0,0,1,0,0,0,0,1,0,0,0,0,0,0,0,0,0,0,0,0,0,0,1,0,0,0,0,1,0,0,0,0,0,0,0,0,1,0,1,0,0,0,1,0,0,0,0,0,0,0,0,0,0,0,0,0,0,0,0,0,0,0,0,0,0,0,0,0,0,0,0,0,0,0,0,0,0,0,0,0,0,0,0,1,0,0,0,0,1,0,0,0,0,0,0,0,0,0,0,0,0,0,0,0,0,0,0,0,1,0,0,0,0,0,0,0,0,0,0,0,0,0,0,0,0,0,0,0,0,0,1,0,0,0,0,0,0,1,1,0,0,1,0,0,0,0,1,0,1,0,0,1,0,0,1,1,0,0,1,0,0,0,0,0,0,0,0,0,0,0,0,0,0,0,0,1,1,0,0,0,0,0,0,1,0,0,0,0,0,0,0,0,0,0,0,0,0,0,0,0,0,0,0,0,0,0,1,0,0,0,1,0,0,0,0,0,0,0,0,0,0,0,0,1,0,0,0,0,1,0,0,0,0,0,0,0,0,0,0,0,0,0,0,0,0,0,0,0,0,0,0,0,0,0,0,1,0,0,0,0,0,0,0,0,0,0,1,1,0,1,1,0,0,0,0,0,0,0,0,0,0,0,0,0,0,0,0,0,0,0,0,0,0,0,0,0,0,0,0,0,0,0,0,0,0,0,0,0,0,0,0,0,0,0,0,0,0,0,0,1,49,2
244,Male,0,3,437,14.4,2,0,0,2,0,2,1,0,2,2,1,0,0,0,0,1,1,0,1,0,1,0,2,0,2,0,0,0,0,0,0,0,0,0,0,0,0,0,0,0,1,0,0,0,0,0,0,0,0,0,0,0,1,0,0,0,0,2,0,0,1,1,0,0,1,1,0,1,1,0,0,1,0,0,0,0,0,0,1,0,0,0,0,0,1,0,1,0,0,0,0,0,0,1,1,0,0,0,0,0,1,0,0,0,0,1,1,0,0,0,0,1,0,0,0,0,0,0,0,0,1,1,0,0,1,1,0,0,0,0,0,0,0,0,1,1,1,0,0,0,1,0,0,0,0,0,0,0,0,1,0,0,0,0,0,1,0,0,0,0,0,1,1,0,0,0,0,0,0,0,0,1,0,0,0,0,0,0,0,0,0,1,0,0,1,0,1,0,0,0,0,0,0,0,0,0,0,0,0,1,1,0,0,1,0,0,1,0,0,0,0,0,0,0,0,1,0,0,0,0,1,0,0,0,0,0,0,0,2,0,0,0,0,0,0,1,1,0,0,2,0,0,0,0,1,1,2,1,1,1,2,1,1,1,1,0,1,0,0,0,2,0,0,1,0,0,0,0,0,0,0,0,0,1,1,0,0,0,0,0,0,1,0,0,0,0,0,0,0,0,0,1,0,0,0,0,0,0,0,0,0,0,0,0,1,0,0,0,1,0,0,0,0,0,0,0,0,0,1,1,0,1,0,0,0,0,1,1,0,0,0,0,1,0,0,0,0,0,1,1,1,0,1,0,0,0,0,1,0,0,1,0,0,1,0,0,0,0,0,0,0,0,0,0,1,1,0,1,1,0,0,0,0,0,0,0,0,0,0,0,0,0,0,0,0,0,0,0,0,0,0,0,0,0,0,0,0,0,0,0,0,0,0,0,0,0,0,0,0,0,2,0,0,0,0,0,0,1,97,14
244,Male,0,3,525,17.3,2,0,0,2,0,2,1,1,2,2,1,0,0,0,0,2,2,0,2,0,1,0,2,0,2,0,2,0,0,0,0,0,0,0,0,0,0,1,0,0,1,1,1,1,0,0,0,2,2,2,0,0,2,2,1,0,2,2,2,0,2,2,0,0,1,1,0,2,2,0,0,2,0,0,2,0,2,0,2,0,2,2,2,0,2,0,1,2,0,0,0,0,0,2,2,0,2,1,1,1,1,1,1,1,1,1,1,0,1,1,0,1,0,1,1,0,0,0,1,0,1,1,0,0,1,1,0,1,0,0,0,0,0,0,1,1,1,0,0,0,1,2,0,0,0,1,1,1,1,1,0,1,1,1,1,1,2,0,0,0,2,1,1,1,1,0,1,0,0,0,0,1,2,0,0,1,0,1,0,2,1,1,0,0,2,2,1,1,2,1,1,2,0,1,0,1,0,1,0,1,1,0,0,1,0,0,1,0,0,1,0,0,0,0,0,1,0,0,0,0,1,0,0,1,1,0,0,0,2,0,0,0,0,0,0,1,1,0,0,2,2,0,0,0,1,1,2,2,1,2,2,1,1,2,1,0,2,2,2,0,2,0,0,2,0,2,0,0,0,0,0,0,0,1,1,0,0,0,0,0,2,1,0,0,0,0,0,0,2,0,0,1,1,1,0,0,1,1,0,0,2,1,0,1,1,0,2,0,2,0,0,0,0,0,0,2,0,0,1,2,1,1,0,0,0,0,1,1,0,0,0,0,2,0,0,0,0,1,1,2,2,0,2,0,0,0,0,1,0,0,1,0,2,1,0,0,0,0,2,0,1,0,0,1,1,1,0,1,1,1,0,0,0,0,0,0,0,0,0,0,0,0,0,0,0,0,0,0,0,0,2,0,0,0,0,0,0,0,2,0,0,0,0,2,0,0,0,0,2,0,2,0,0,0,0,0,0,1,187,76
245,Male,0,3,602,19.8,1,1,1,2,2,2,1,2,1,2,2,1,1,2,1,2,1,1,1,1,1,1,1,1,1,1,1,1,1,1,1,1,1,1,1,1,1,1,1,1,1,1,1,1,1,0,1,1,1,1,1,0,1,2,1,0,1,2,1,2,2,1,1,1,1,1,1,1,1,1,0,1,1,1,1,1,1,0,1,1,1,1,0,0,0,0,2,1,1,1,0,0,1,1,1,1,1,1,1,1,1,1,1,1,0,1,1,1,1,1,0,1,1,1,1,1,0,1,1,0,1,1,0,0,1,1,0,1,0,2,0,1,1,1,1,1,1,1,1,1,1,1,0,1,1,1,1,0,0,0,0,1,1,1,1,1,1,0,0,0,1,1,1,1,1,1,0,0,1,1,1,1,1,0,1,1,1,1,1,1,0,1,0,1,1,0,0,1,1,0,1,0,0,1,0,1,1,1,0,1,0,1,0,1,1,0,0,1,0,1,1,1,1,1,1,1,1,0,1,1,1,1,1,0,1,1,1,1,1,1,1,0,0,0,1,1,1,1,1,1,0,1,1,0,1,1,2,1,1,1,2,1,1,1,1,1,1,1,2,1,1,1,1,1,1,1,1,1,1,1,1,1,1,1,1,1,1,1,1,1,1,1,1,1,1,1,1,1,1,1,1,1,1,1,1,1,1,1,0,1,1,1,1,1,1,1,1,1,1,1,1,1,1,1,1,1,1,1,1,1,1,1,1,1,1,1,1,1,1,1,1,0,1,1,0,1,0,1,1,1,1,1,1,1,1,1,0,1,1,0,1,0,1,1,1,0,0,0,0,0,0,0,1,0,1,1,1,1,1,1,0,0,1,0,1,0,0,0,1,1,1,1,0,0,0,0,0,0,0,1,2,0,1,1,1,0,1,1,1,1,1,1,1,0,1,1,1,1,1,0,1,1,0,0,1,0,0,0,329,18
245,Male,0,3,741,24.4,2,2,2,2,2,2,2,2,2,2,2,2,2,2,2,2,2,2,2,2,2,1,2,2,2,2,2,2,2,2,2,1,2,2,2,2,2,1,2,1,2,2,2,2,2,1,2,2,2,2,2,2,2,2,1,1,2,2,2,2,2,2,2,2,2,2,2,2,2,2,1,2,2,1,2,2,2,1,2,1,2,2,2,1,2,0,2,1,1,2,1,1,2,2,2,1,2,1,2,2,1,2,2,2,2,2,2,2,2,2,1,2,2,2,2,2,2,2,2,1,2,2,2,1,1,2,1,2,1,2,2,2,2,2,2,1,2,1,2,2,2,2,1,1,1,2,1,1,1,1,1,1,2,2,2,2,2,2,2,0,2,2,2,1,1,2,1,2,2,2,2,2,2,1,1,2,2,1,2,2,1,2,1,2,2,1,2,2,2,1,2,1,2,2,2,2,2,2,1,1,1,2,1,1,2,2,1,2,1,1,1,1,2,2,1,2,1,1,2,2,2,2,2,1,2,1,2,1,2,1,1,0,1,0,1,2,2,1,1,1,0,1,1,1,2,1,2,1,1,2,2,1,1,2,2,1,1,2,2,2,2,2,1,2,1,1,1,1,2,1,2,2,2,1,2,1,1,2,2,1,2,1,1,1,1,2,1,2,2,1,2,2,1,2,1,2,1,2,1,1,2,1,1,2,2,2,2,1,1,1,1,1,1,2,2,2,1,1,1,2,2,2,2,1,1,1,1,2,1,1,1,1,2,1,1,1,1,1,1,1,2,1,2,1,1,1,1,1,1,1,1,1,2,1,1,1,1,1,1,1,1,1,1,1,1,1,1,1,1,1,1,1,2,1,2,1,1,1,1,1,1,1,1,1,1,1,1,1,1,2,2,2,1,2,2,1,2,2,1,1,1,2,2,2,2,2,2,1,2,1,2,1,1,1,2,1,1,1,413,229
245,Male,0,3,820,27,2,2,2,2,2,2,2,2,2,2,2,2,2,2,2,2,2,2,2,2,2,2,2,2,2,2,2,2,2,2,2,2,2,2,2,2,2,2,2,2,2,2,2,2,2,2,2,2,2,2,2,2,2,2,2,2,2,2,2,2,2,2,2,2,2,2,2,2,2,2,1,2,2,2,2,2,2,2,2,2,2,2,2,1,2,0,2,2,2,2,2,1,2,2,2,2,2,2,2,2,2,2,2,2,2,2,2,2,2,2,1,2,2,2,2,2,2,2,2,1,2,2,2,1,2,2,1,2,2,2,2,2,2,2,2,1,2,2,2,2,2,2,1,2,2,2,1,1,1,2,1,2,2,2,2,2,2,2,2,0,2,2,2,2,2,2,1,2,2,2,2,2,2,1,2,2,2,2,2,2,1,2,1,2,2,2,2,2,2,2,2,2,2,2,2,2,2,2,1,2,1,2,1,2,2,2,1,2,1,1,2,2,2,2,1,2,1,2,2,2,2,2,2,1,2,1,2,1,2,2,1,0,1,0,1,2,2,1,1,2,0,1,1,1,2,2,2,1,1,2,2,1,1,2,2,1,1,2,2,2,2,2,1,2,1,1,2,2,2,1,2,2,2,1,2,1,1,2,2,1,2,1,1,1,2,2,2,2,2,1,2,2,1,2,1,2,1,2,1,1,2,1,1,2,2,2,2,2,1,1,2,1,1,2,2,2,1,2,1,2,2,2,2,1,1,2,2,2,2,2,2,1,2,1,2,2,2,2,2,2,2,2,2,1,1,1,1,1,2,2,2,1,2,2,2,1,1,1,1,1,1,2,1,1,2,1,1,1,1,1,2,1,2,1,2,1,1,1,2,1,2,1,1,1,1,1,1,1,1,2,2,2,1,2,2,1,2,2,2,1,1,2,2,2,2,2,2,1,2,1,2,1,1,1,2,1,2,1,413,298
247,Female,0,3,452,14.9,0,0,0,0,2,1,0,1,0,0,0,0,0,0,0,0,1,0,1,0,1,0,1,0,1,0,1,0,0,0,0,0,0,0,1,0,0,0,0,0,0,0,0,0,0,0,0,0,0,0,0,0,0,0,0,0,0,0,0,0,1,0,0,1,0,0,0,0,0,0,0,0,0,0,0,0,0,0,1,0,1,0,0,0,0,0,0,0,0,0,0,0,0,0,0,0,0,0,1,1,0,0,0,0,0,0,0,1,0,0,0,1,0,1,1,0,0,0,0,0,0,0,0,0,0,0,0,0,0,0,0,0,0,0,1,0,0,0,0,0,0,0,0,0,0,0,0,0,0,0,0,0,0,0,0,0,0,0,0,0,0,0,0,0,0,0,0,0,0,0,0,0,0,0,0,0,0,0,0,0,0,0,0,0,0,0,1,0,0,0,0,0,0,0,0,1,0,0,0,0,0,0,0,0,0,0,0,0,0,0,0,0,0,0,0,0,0,0,0,1,0,0,0,0,0,0,0,0,0,0,0,0,0,0,0,0,1,0,0,2,0,0,0,0,1,0,1,0,0,0,0,0,0,0,2,0,1,0,0,0,0,0,0,0,0,0,0,0,0,0,0,0,0,0,1,0,0,0,0,0,0,0,0,0,0,0,0,0,0,0,0,0,0,0,0,0,0,1,0,0,0,0,0,0,0,0,0,0,0,0,0,0,0,0,0,0,0,0,0,0,0,0,0,0,0,0,0,0,0,0,0,0,0,0,0,0,0,0,0,0,0,0,0,0,0,0,0,1,0,0,0,0,0,0,0,0,0,0,0,0,0,0,0,0,0,0,0,0,0,0,0,0,0,0,0,0,0,0,0,0,0,0,0,0,0,0,0,0,0,0,0,0,0,0,0,0,0,0,0,0,0,0,0,0,0,0,1,0,0,0,0,0,0,0,0,0,0,0,34,3
247,Female,0,3,518,17,1,0,0,0,2,1,0,1,0,0,0,0,0,0,0,0,1,0,1,0,1,0,1,0,1,1,1,0,0,0,1,0,0,0,1,1,0,0,0,0,0,0,0,0,0,0,0,0,0,0,0,0,0,1,0,1,0,0,0,0,1,0,0,1,0,0,0,0,0,0,0,0,0,0,0,0,0,0,1,0,1,0,0,0,0,0,1,0,0,0,0,0,0,0,0,0,1,0,1,1,0,1,1,0,0,1,1,1,1,0,0,1,0,1,1,1,0,1,1,0,0,0,0,0,0,1,0,0,0,0,0,1,0,0,1,0,1,0,0,0,0,0,0,0,0,1,1,0,0,0,0,0,0,1,0,0,0,0,0,0,0,0,0,0,0,0,0,0,0,0,0,0,0,0,0,0,0,0,0,0,0,0,0,0,1,0,1,1,0,0,0,0,0,1,0,1,0,0,0,0,0,1,0,0,0,0,0,0,0,0,0,0,0,0,0,0,0,0,0,1,1,0,0,0,0,0,0,0,1,0,0,0,0,0,0,1,1,0,0,2,0,0,0,0,1,0,1,0,1,1,0,0,0,0,2,0,1,0,0,0,0,0,0,0,0,0,0,0,0,0,0,0,0,0,1,0,1,1,1,0,0,0,0,0,0,0,0,0,0,0,0,0,0,1,0,0,0,1,0,0,0,0,0,0,0,0,0,0,0,0,0,0,0,0,0,1,0,0,0,0,0,0,0,0,0,1,1,0,0,0,0,0,1,0,0,0,0,0,0,0,0,0,1,0,0,0,0,1,0,0,0,0,0,0,0,0,0,0,0,0,0,0,0,0,0,0,0,0,0,0,0,0,0,0,1,0,0,0,0,0,0,0,0,0,0,0,0,0,0,0,0,0,0,0,0,0,0,0,0,0,0,0,0,0,0,0,1,0,0,0,0,0,0,0,0,0,0,0,75,3
247,Female,0,3,592,19.5,1,1,1,2,2,2,1,1,1,1,2,1,0,0,0,1,1,0,2,1,1,0,1,0,1,1,1,0,1,0,1,1,1,1,1,1,1,1,1,0,1,1,0,1,1,0,0,0,0,0,0,0,0,1,0,1,1,2,1,0,1,2,1,1,0,1,1,1,1,1,0,1,0,0,2,0,0,0,1,0,1,0,0,0,1,0,1,0,1,1,0,0,0,0,1,1,1,1,1,1,1,1,1,0,1,1,1,1,1,1,0,1,1,1,1,1,2,1,1,0,0,0,1,1,0,1,0,0,0,1,0,1,0,1,1,0,1,1,1,0,0,2,0,0,1,1,1,0,1,0,0,1,0,1,0,1,1,0,0,0,0,0,0,0,0,1,0,0,0,1,0,0,0,0,0,0,0,0,0,0,0,1,0,0,1,0,1,1,0,0,0,0,0,1,0,1,0,0,0,0,0,2,0,0,1,0,0,0,0,0,0,0,0,0,0,0,0,0,0,1,1,0,1,0,2,0,0,0,2,0,0,0,0,0,0,1,1,0,0,2,0,0,0,0,1,1,1,1,1,1,1,1,1,1,2,0,1,2,0,1,1,1,0,2,0,0,0,0,0,0,0,0,1,0,1,0,1,1,1,0,0,0,0,0,0,0,1,1,0,0,0,0,0,1,0,0,0,1,0,0,1,0,0,1,0,0,0,0,0,0,0,0,0,0,0,1,0,0,0,0,1,0,0,0,0,1,1,0,0,0,1,0,1,0,0,0,0,0,0,1,0,0,1,0,0,0,0,1,0,0,0,0,1,0,0,0,0,0,0,0,0,0,0,0,0,0,0,0,0,1,0,0,0,0,1,0,0,0,0,0,0,0,0,0,0,0,0,0,0,0,0,0,0,0,0,0,0,0,0,0,0,0,0,0,0,0,1,0,0,0,2,0,0,0,0,0,0,0,159,18
252,Female,0,2,585,19.2,2,1,0,1,2,2,2,2,2,0,2,2,0,0,0,1,1,0,1,1,2,0,2,0,2,0,1,1,0,0,1,1,0,0,1,0,0,0,1,1,0,1,0,0,0,0,0,1,1,1,1,0,1,1,0,1,1,2,1,0,2,1,2,1,1,1,2,1,2,1,0,1,1,1,2,1,0,0,1,0,1,1,1,1,2,1,2,1,1,0,1,0,1,1,1,1,1,1,0,1,1,1,1,0,0,1,1,1,0,0,0,0,1,1,1,1,0,1,1,1,0,2,0,0,1,1,0,1,0,2,0,2,1,0,1,0,1,0,1,0,1,1,0,0,1,1,0,0,0,0,0,0,0,1,1,1,1,0,1,0,1,1,1,0,0,1,0,0,0,0,0,0,1,0,0,1,1,1,1,1,0,1,0,0,1,0,0,0,1,0,1,0,0,1,0,1,1,0,0,1,0,1,0,0,0,0,0,0,1,0,0,0,1,0,0,0,0,0,1,1,1,1,0,0,1,0,2,0,2,0,0,0,0,0,0,2,2,0,0,2,0,0,0,0,2,0,2,0,0,2,0,1,0,2,0,0,2,2,2,0,2,1,0,2,0,0,0,0,0,0,0,1,0,0,2,0,1,1,1,0,0,1,0,0,0,0,1,1,1,0,1,1,0,1,1,1,0,2,0,1,1,0,1,1,1,1,1,0,1,0,1,0,0,0,0,1,1,1,1,0,1,1,1,0,0,1,2,1,0,1,1,0,1,0,0,0,0,0,0,0,0,0,0,0,0,1,0,0,1,0,0,0,0,1,0,0,0,1,0,0,0,0,0,0,0,0,0,0,0,0,0,0,0,0,0,0,0,0,0,0,0,0,0,0,0,0,0,0,0,0,0,0,0,0,0,0,0,0,0,0,0,1,1,0,0,0,0,0,0,0,1,0,0,0,0,0,0,1,187,39
252,Female,0,2,726,23.9,2,1,1,2,2,2,2,2,2,0,2,2,2,2,2,2,2,1,2,2,2,2,2,1,2,1,1,2,1,1,2,2,2,1,2,2,2,1,2,2,2,2,1,1,1,1,1,1,2,2,2,1,2,2,1,2,2,2,2,2,2,2,2,2,2,2,2,2,2,2,2,2,1,1,2,2,2,1,2,2,2,1,2,2,2,1,2,2,1,2,2,2,2,2,2,2,2,1,2,2,2,2,2,0,2,2,2,2,0,2,1,2,1,2,2,2,2,2,2,2,1,2,0,0,2,2,2,1,0,2,0,2,1,1,2,1,2,1,2,1,2,2,1,0,1,1,0,0,2,1,0,0,1,1,1,2,1,0,2,1,2,1,2,0,0,2,1,1,1,0,1,1,2,2,2,2,1,2,2,2,0,2,2,1,1,1,1,2,1,2,1,0,0,2,0,2,2,2,1,1,0,1,0,2,2,0,0,2,1,0,1,0,2,1,0,0,1,2,2,2,2,1,0,2,2,2,2,0,2,0,0,0,0,0,2,2,2,0,0,2,0,0,2,2,2,2,2,2,0,2,0,2,0,2,2,1,2,2,2,2,2,1,0,2,1,2,1,1,1,1,1,2,2,2,2,1,1,2,2,1,2,2,1,1,1,1,1,1,1,0,1,1,1,1,1,1,1,2,0,1,1,0,1,1,1,1,1,0,1,0,2,0,0,1,0,1,1,1,1,2,1,1,2,1,1,1,2,1,0,2,1,0,2,2,0,2,0,2,0,2,1,1,1,0,0,1,0,0,1,0,1,0,0,1,0,0,0,1,0,0,0,0,0,0,0,1,0,0,1,1,1,0,0,0,0,1,0,1,0,0,1,0,0,0,0,0,0,0,0,0,1,0,0,0,0,1,0,1,1,1,0,1,1,0,0,1,1,0,0,0,1,0,0,0,0,1,1,2,312,176
255,Male,0,3,524,17.2,2,2,0,0,0,2,0,2,0,0,0,0,0,0,0,2,0,0,2,0,1,0,2,0,2,0,2,0,0,0,1,0,0,0,1,0,0,0,0,0,0,0,0,0,0,0,0,0,0,0,0,0,0,2,0,0,0,2,0,0,1,2,0,0,2,0,1,1,1,0,0,1,0,0,0,0,0,0,2,0,2,0,0,0,0,0,0,0,0,0,0,0,0,1,0,0,0,0,0,0,0,0,2,0,0,0,0,0,0,0,0,1,0,0,1,0,1,0,1,0,0,1,0,0,0,1,0,0,0,2,0,0,0,0,1,0,1,0,1,0,0,0,0,0,1,0,0,0,0,0,0,1,0,0,0,1,0,0,0,0,0,0,0,0,0,0,0,0,0,0,0,0,1,0,0,0,0,0,0,0,0,0,0,0,1,0,1,0,0,0,0,0,0,0,0,1,0,0,0,0,0,2,0,0,0,0,0,0,0,0,0,0,0,0,0,0,0,0,0,0,0,0,0,0,2,0,0,0,2,0,0,0,0,0,0,0,0,0,0,2,0,0,0,0,1,1,1,1,0,0,0,1,0,0,1,0,0,2,0,0,0,0,0,2,0,0,0,0,0,0,0,0,0,0,1,0,0,0,2,0,0,0,0,0,0,0,0,0,0,0,0,1,0,1,0,0,0,1,0,0,1,0,0,0,0,0,0,0,0,0,0,0,0,0,0,0,0,0,0,0,0,0,0,0,0,0,0,1,0,0,0,0,1,0,0,0,0,0,1,0,0,0,1,0,0,0,0,1,0,0,0,0,0,0,0,0,0,0,0,0,0,0,0,0,0,0,0,0,0,0,0,0,0,0,0,0,0,0,0,0,0,0,0,0,0,0,0,0,0,0,0,0,0,2,0,0,0,0,0,0,0,0,0,0,0,0,0,0,0,0,0,0,0,0,0,0,0,0,66,25
255,Male,0,3,628,20.6,2,2,0,0,0,2,0,2,2,0,0,2,0,0,2,2,2,0,2,1,1,0,2,0,2,1,2,0,0,0,1,0,0,1,1,1,1,0,2,0,0,1,0,0,0,0,2,0,0,2,0,0,0,2,0,0,1,2,0,1,2,2,0,0,2,0,1,2,2,0,0,2,0,0,2,1,2,0,2,2,2,1,1,1,2,0,1,0,0,0,0,1,0,1,1,0,0,0,2,2,0,0,2,0,0,2,0,0,0,0,0,2,0,0,2,1,1,0,1,0,1,2,0,0,1,1,0,1,0,2,0,1,0,0,1,1,1,1,2,0,1,1,0,0,1,1,0,0,1,0,0,1,0,0,1,1,1,0,0,0,2,1,1,0,0,1,0,0,0,0,0,1,1,0,0,0,0,0,1,2,0,1,0,0,1,1,1,1,0,0,0,0,0,1,0,1,0,0,0,0,0,2,0,0,0,0,0,0,0,0,0,0,0,0,0,0,0,0,1,0,1,1,0,0,2,0,0,0,2,0,0,0,0,0,0,2,2,0,0,2,0,0,0,0,1,1,2,1,0,0,0,1,1,1,2,0,1,2,2,0,0,0,0,2,0,0,0,0,0,0,1,0,0,0,2,0,1,1,2,0,0,0,0,0,0,0,0,0,0,0,0,2,0,1,0,1,0,1,0,0,1,0,0,1,0,0,0,0,0,0,0,0,0,0,0,1,0,0,0,0,0,0,0,0,0,0,1,1,0,1,0,0,1,0,0,0,0,0,1,0,0,0,1,0,0,0,0,1,0,0,0,0,1,1,0,0,0,0,0,0,1,0,0,0,0,0,0,0,1,1,0,0,0,0,0,0,0,0,0,0,0,0,0,0,0,0,0,0,0,0,0,0,0,2,0,0,0,0,0,0,0,0,0,1,0,0,0,0,0,0,0,0,0,0,0,0,0,0,142,56
255,Male,0,3,798,26.2,2,2,0,0,1,2,2,2,2,0,2,2,1,2,2,2,2,2,2,2,2,2,2,2,2,2,2,2,2,0,1,0,2,2,2,2,2,2,2,2,2,2,2,2,2,2,2,2,2,2,2,0,2,2,0,2,2,2,2,2,2,2,0,2,2,2,2,2,2,2,0,2,2,2,2,2,2,0,2,2,2,2,2,2,2,0,2,2,2,2,2,2,0,2,2,2,0,0,2,2,2,2,2,2,0,2,2,2,2,2,0,2,2,2,2,2,2,2,2,0,2,2,2,0,2,2,0,2,0,2,2,2,2,2,2,2,2,2,2,2,2,2,0,0,2,2,2,0,2,2,0,2,2,2,2,2,2,2,2,0,2,2,2,2,2,2,0,2,2,2,2,2,2,0,0,2,0,2,2,2,2,2,2,2,2,2,2,2,2,0,2,2,0,2,0,2,2,2,0,2,0,2,0,2,0,2,0,2,0,2,2,2,2,2,0,2,2,2,2,0,2,2,2,2,2,0,2,0,2,0,0,2,0,2,0,2,2,2,2,2,0,2,0,2,2,2,2,2,2,2,0,2,2,2,2,0,2,2,2,2,2,2,2,2,2,0,2,2,0,0,2,2,2,2,2,0,2,2,2,0,2,2,0,0,2,0,2,2,2,0,0,2,2,2,1,2,2,2,0,2,2,2,2,2,2,2,2,0,2,2,2,0,0,2,2,2,2,2,2,2,2,2,2,0,0,2,2,2,2,2,2,0,2,2,2,2,2,2,2,2,0,2,2,2,0,0,0,2,2,2,2,0,2,2,2,2,0,2,2,0,2,2,2,2,0,0,0,2,2,2,2,0,2,0,2,0,2,0,2,0,2,2,0,0,0,0,0,0,0,2,2,2,2,2,2,2,2,0,2,2,2,2,2,2,0,2,2,0,2,0,2,0,0,0,2,0,2,0,320,316
256,Female,0,2,287,9.4,2,0,0,0,1,0,0,0,0,0,0,1,0,0,0,0,0,0,1,0,0,0,0,0,0,0,0,0,0,0,0,0,0,0,0,0,0,0,0,0,0,0,0,0,0,0,0,0,0,0,0,0,0,0,0,0,0,0,0,0,0,0,0,0,0,0,0,0,0,0,0,0,0,0,0,0,0,0,0,0,0,1,0,0,0,0,0,0,0,0,0,0,0,0,0,0,0,0,0,1,0,0,0,0,0,0,0,0,0,0,0,0,0,0,0,0,0,0,0,0,0,0,0,0,0,0,0,0,0,0,0,0,0,0,1,0,0,0,0,0,0,0,0,0,0,0,0,0,0,0,0,0,0,0,0,0,0,0,0,0,0,0,0,0,0,0,0,0,0,0,0,0,0,0,0,0,0,0,0,0,0,1,0,0,0,0,0,0,0,0,0,0,0,0,0,1,0,0,0,0,0,0,0,0,0,0,0,0,0,0,0,0,0,0,0,0,0,0,0,0,0,0,0,0,0,0,0,0,0,0,0,0,0,0,0,0,0,0,0,1,0,0,0,0,0,0,0,0,0,1,0,0,0,0,0,0,1,0,1,0,0,0,0,0,0,0,0,0,0,0,0,0,0,0,0,0,0,0,0,0,0,0,0,0,0,0,0,0,0,0,0,0,0,0,0,0,0,0,0,0,0,0,0,0,0,0,0,0,0,0,0,0,0,0,0,0,0,0,0,1,1,0,0,0,0,0,0,0,0,0,0,0,1,0,0,0,0,0,0,0,1,0,0,0,0,0,0,0,0,0,0,0,0,1,0,0,0,0,0,0,0,0,0,0,0,1,0,0,0,0,0,0,0,0,1,0,0,0,0,0,0,0,0,0,0,0,0,0,0,0,0,0,0,0,0,0,0,0,1,0,0,0,0,0,0,0,1,0,0,0,0,0,0,0,0,0,0,1,22,1
256,Female,0,2,580,19.1,2,1,0,2,2,2,2,2,2,0,2,2,0,2,2,1,1,1,1,1,2,0,2,0,2,0,2,2,1,1,2,2,0,2,2,1,2,1,2,0,0,2,0,0,2,0,0,1,1,2,0,0,1,1,0,2,1,2,1,2,2,2,2,0,2,1,2,2,2,0,0,2,1,1,1,2,2,0,1,2,2,1,1,1,2,0,2,2,2,2,0,0,2,0,2,1,0,0,2,2,1,1,1,0,1,2,1,2,1,1,1,2,2,1,2,2,0,0,0,1,1,2,1,1,0,2,1,0,1,2,1,2,1,0,2,1,1,0,2,0,2,2,0,0,2,1,0,1,0,0,0,0,0,2,0,2,0,1,1,0,1,0,0,1,2,0,0,1,2,1,1,1,1,0,1,2,0,1,0,1,0,2,0,0,1,2,1,2,2,0,1,2,0,2,0,2,2,0,0,0,0,2,0,0,2,0,1,1,0,2,0,1,1,1,0,0,0,1,2,1,1,1,1,0,2,0,0,0,2,0,1,0,0,0,0,2,1,0,0,2,0,0,0,0,1,1,2,1,2,1,2,1,1,1,2,0,2,1,1,2,1,1,1,2,0,1,0,1,0,0,0,0,0,1,1,0,0,1,2,0,1,1,0,0,1,0,1,1,1,0,1,1,0,1,0,0,0,1,0,1,1,0,0,1,1,0,0,1,1,0,0,1,0,0,1,1,1,2,0,1,1,0,0,0,0,1,2,1,1,1,1,0,2,1,1,2,2,1,1,1,1,0,1,1,1,1,0,1,1,1,2,0,2,1,0,1,0,1,1,0,2,0,1,0,0,1,1,1,1,2,2,0,0,0,1,0,0,0,0,0,0,1,1,0,0,1,1,0,0,1,2,0,0,0,1,1,1,0,1,1,1,1,1,0,1,1,2,1,1,0,2,1,0,0,0,1,0,0,265,106
257,Male,0,3,445,14.6,2,1,1,2,1,1,1,1,1,1,1,1,1,1,1,0,1,1,1,1,1,0,1,0,1,1,1,1,1,0,1,0,0,1,1,0,0,0,1,0,0,0,1,0,0,0,0,0,0,1,0,0,0,1,0,0,0,1,1,0,1,1,0,0,0,0,0,1,1,1,0,1,1,0,0,0,0,0,1,0,1,0,1,1,0,0,1,0,0,0,0,0,0,1,1,0,0,0,1,1,1,1,1,1,0,0,1,1,1,0,0,1,1,1,1,1,0,0,0,0,0,1,0,0,0,1,0,0,0,1,0,1,0,0,1,0,1,0,1,0,1,1,0,0,0,0,0,0,0,0,0,0,0,1,0,0,0,0,0,0,1,0,0,0,0,1,0,0,1,0,0,1,0,0,1,0,0,1,0,1,0,1,0,0,0,0,1,0,0,0,0,0,0,1,0,0,0,0,0,0,0,0,0,0,0,0,0,0,0,0,0,0,0,1,0,0,0,0,0,0,1,0,0,0,1,0,0,0,2,0,0,0,0,0,0,0,0,0,0,2,0,0,0,0,1,0,1,0,0,0,1,0,0,0,1,0,1,0,0,0,1,0,1,1,0,0,0,0,1,0,0,0,0,0,1,0,0,0,0,0,0,0,0,0,0,0,0,1,0,0,0,0,0,1,0,1,1,0,0,0,1,0,0,1,0,1,1,0,0,0,1,0,0,0,0,0,1,0,1,1,1,1,0,0,0,0,0,1,0,0,0,0,1,0,0,0,0,0,0,0,0,0,0,0,0,0,0,0,0,0,0,0,0,0,0,0,0,0,0,0,0,0,0,0,0,0,0,1,0,0,0,0,0,0,0,0,0,0,0,0,0,0,0,0,0,0,0,0,0,0,0,0,0,0,0,0,0,0,0,0,0,0,0,0,0,0,1,0,0,0,0,0,0,0,0,0,0,0,116,4
257,Male,0,3,493,16.2,2,1,1,2,1,2,1,1,1,1,1,1,1,1,1,0,1,1,1,1,1,0,1,0,1,1,1,1,1,0,1,0,0,1,1,0,0,0,1,0,0,0,1,0,0,0,0,0,0,1,0,0,0,1,0,0,0,1,1,0,1,1,0,0,0,0,0,1,1,1,0,1,1,0,0,0,0,0,1,0,1,0,1,1,1,0,1,0,0,0,0,0,1,1,1,0,0,0,1,1,1,1,1,1,0,1,1,1,1,0,0,1,1,1,1,1,0,0,0,0,0,1,0,0,0,1,0,0,0,1,0,1,1,0,1,0,1,0,1,0,1,1,0,0,0,0,0,0,0,0,0,0,0,1,0,0,0,0,0,0,1,0,0,0,0,1,0,0,1,0,0,1,1,0,1,0,0,1,1,1,0,1,0,0,0,0,1,1,0,0,0,0,0,1,0,0,0,0,0,0,0,0,0,0,0,0,1,0,0,0,0,0,0,1,0,0,0,0,0,0,1,0,0,0,1,0,0,0,2,0,0,0,0,0,0,0,0,0,0,2,1,0,0,0,1,0,1,0,0,1,1,0,1,1,1,0,1,0,0,1,1,0,1,1,0,0,0,0,1,0,0,1,0,0,1,0,0,0,1,0,0,0,0,0,0,0,0,1,0,0,0,0,0,1,0,1,1,1,0,0,1,0,0,1,0,1,1,0,0,0,1,0,0,0,0,1,1,0,1,1,1,1,0,0,0,0,0,1,0,0,0,0,1,0,0,0,0,0,0,0,0,0,0,0,1,0,0,0,0,0,0,0,0,0,0,0,0,0,0,0,0,0,0,0,0,0,0,1,0,0,0,0,0,0,0,0,0,0,0,0,0,0,0,0,0,0,0,0,0,0,0,0,0,0,0,0,0,0,0,0,0,0,0,0,0,0,1,0,0,0,0,0,0,0,0,0,0,0,134,5
257,Male,0,3,549,18,2,1,1,2,1,2,1,1,2,1,1,1,1,1,1,0,1,1,1,1,1,0,1,0,1,1,1,1,1,0,1,0,0,1,1,0,0,0,1,0,0,0,1,0,1,0,0,0,1,1,0,0,0,1,0,0,1,1,1,0,1,1,0,0,0,0,1,1,1,1,0,1,1,0,0,0,0,0,1,0,1,0,1,1,1,0,1,0,0,0,0,0,1,1,1,0,1,0,1,1,1,1,1,1,0,1,1,1,1,0,0,1,1,1,1,1,0,0,0,0,0,1,0,0,0,1,0,0,0,1,0,1,1,0,1,0,1,0,1,0,1,1,0,0,0,0,0,0,0,0,0,0,0,1,0,1,0,1,1,0,1,0,0,0,0,1,0,0,1,0,0,1,1,0,1,0,0,1,1,1,0,1,0,0,0,0,1,1,0,0,0,0,0,1,0,0,0,0,0,0,0,0,0,0,0,0,1,0,0,0,0,0,0,1,0,0,0,0,0,0,1,0,0,0,1,0,0,0,2,0,0,0,0,0,0,0,0,0,0,2,2,0,0,0,1,0,1,0,0,1,1,0,1,1,1,0,1,1,0,1,1,0,1,1,1,0,0,0,1,0,0,1,0,0,1,0,1,0,1,0,0,1,0,0,1,0,0,1,0,0,0,0,0,1,0,1,1,1,0,0,1,0,0,1,0,1,1,0,0,0,1,0,0,0,0,1,1,0,1,1,1,1,0,0,0,0,0,1,0,0,0,0,1,0,0,0,0,0,0,0,0,0,0,0,1,0,0,0,0,0,0,0,1,0,0,0,0,0,0,0,0,0,0,0,0,0,0,1,0,0,0,0,0,0,0,0,0,0,0,0,0,0,0,0,0,0,0,0,0,0,0,0,0,0,0,0,0,0,0,0,0,0,0,0,0,0,1,0,0,0,0,0,0,0,0,0,0,0,148,7
262,Male,0,3,724,23.8,2,2,1,2,2,2,2,1,1,0,2,0,1,1,2,1,1,1,2,0,2,0,2,0,2,2,2,2,0,0,1,0,0,2,2,2,0,1,2,0,0,2,1,0,1,0,1,2,2,2,2,2,1,2,1,1,2,2,2,0,2,2,1,1,1,1,1,2,1,1,0,1,1,0,1,1,1,0,1,0,2,1,0,0,1,0,1,1,0,0,1,0,0,1,0,1,1,0,2,2,1,1,1,1,1,1,1,1,1,1,1,1,1,1,1,1,1,0,1,0,1,1,0,0,1,1,0,1,0,2,0,1,1,0,1,1,1,1,2,1,1,1,1,1,0,1,1,0,1,1,0,1,0,1,1,1,1,1,1,0,1,1,1,0,1,1,0,1,0,1,1,0,0,0,0,0,0,1,0,2,1,1,0,0,1,0,1,1,1,0,1,2,0,1,0,1,1,0,0,1,0,2,0,1,0,0,0,0,0,0,1,0,1,0,0,1,1,0,1,2,1,1,2,0,1,1,0,0,2,0,0,0,0,1,0,1,2,1,1,2,2,0,0,0,1,0,2,1,1,1,2,0,0,2,2,0,2,1,1,0,2,0,0,2,1,1,0,0,0,0,0,0,1,0,1,0,1,1,1,1,0,1,1,0,1,0,1,1,1,1,0,0,0,1,0,2,1,1,0,0,1,1,0,1,1,2,1,1,0,0,1,1,0,0,0,1,0,1,0,0,2,1,0,0,0,1,0,1,1,0,0,0,2,1,0,0,0,1,1,1,0,0,1,0,1,0,0,1,0,0,0,0,1,0,1,0,0,1,0,0,0,0,0,0,0,0,0,0,0,0,0,0,0,0,0,0,0,0,0,0,0,0,0,0,0,0,0,0,0,2,0,2,0,0,0,0,0,2,2,1,0,0,0,0,0,0,2,0,0,0,2,0,0,0,0,0,0,0,228,63
262,Male,0,3,758,24.9,2,2,1,2,2,2,2,1,1,0,2,0,1,1,2,1,1,1,2,1,2,0,2,1,2,2,2,2,1,0,1,0,0,2,2,2,1,1,2,0,1,2,1,0,1,0,1,2,2,2,2,2,1,2,1,1,2,2,2,0,2,2,1,1,1,1,1,2,1,1,0,1,1,1,1,1,1,0,1,1,2,1,1,0,1,0,1,1,0,0,1,0,0,1,1,1,1,0,2,2,1,1,1,1,1,2,1,1,1,1,1,2,1,1,1,1,1,0,1,0,1,1,0,0,1,1,0,1,0,2,0,1,1,0,1,1,1,1,2,1,1,1,1,1,0,1,1,0,1,1,0,1,0,1,1,1,1,1,1,0,1,1,1,1,1,1,0,1,1,1,1,1,0,0,0,0,0,1,1,2,1,1,0,0,1,0,1,1,1,0,1,2,0,1,1,1,1,0,0,1,0,2,0,1,0,0,0,1,0,0,1,0,1,0,0,1,1,0,1,2,1,1,2,0,1,1,0,0,2,0,0,0,0,1,0,1,2,1,1,2,2,0,0,0,1,1,2,1,1,1,2,0,0,2,2,0,2,1,1,0,2,1,1,2,1,1,0,0,2,0,1,0,1,1,1,0,1,1,1,1,1,1,1,1,1,1,1,1,1,1,0,0,1,1,0,2,1,1,0,0,1,1,0,1,1,2,1,1,1,0,1,1,0,0,0,1,0,1,1,1,2,1,1,0,1,1,0,1,1,1,0,0,2,1,0,1,0,1,1,1,2,0,1,0,1,0,0,1,0,0,0,0,2,0,1,0,0,1,0,0,0,0,1,0,0,1,0,1,0,1,0,0,1,0,0,1,0,0,0,0,0,0,0,0,0,1,0,1,1,2,2,2,0,0,1,1,1,2,2,1,0,1,1,0,1,0,2,0,1,0,2,0,0,0,0,0,0,1,279,69
262,Male,0,3,774,25.4,2,2,1,2,2,2,2,1,2,1,2,2,1,2,2,2,1,1,2,1,2,0,2,1,2,2,2,2,1,0,1,0,1,2,2,2,1,1,2,1,1,2,1,0,1,0,1,2,2,2,2,2,1,2,1,1,2,2,2,0,0,0,0,0,0,0,0,0,0,0,0,0,0,0,0,0,0,0,0,0,0,0,0,0,0,0,0,0,0,0,0,0,0,0,0,0,0,0,0,0,0,0,0,0,0,0,0,0,0,0,0,0,0,0,0,0,0,0,0,0,0,0,0,0,0,0,0,0,0,0,0,0,0,0,0,0,0,0,0,0,0,0,0,0,0,0,0,0,0,0,0,0,0,0,0,0,0,0,0,0,0,0,0,0,0,0,0,0,0,0,0,0,0,0,0,0,0,0,0,0,0,0,0,0,0,0,0,0,0,0,0,0,0,0,0,0,0,0,0,0,0,0,0,0,0,0,0,0,0,0,0,0,0,0,0,0,0,0,0,0,0,0,0,0,0,0,0,0,0,0,0,0,0,0,0,0,0,0,0,0,0,0,0,0,0,0,0,0,0,0,0,0,0,0,0,0,0,0,0,0,0,0,0,0,0,0,0,0,0,0,0,0,0,0,0,0,0,0,0,0,0,0,0,0,0,0,0,0,0,0,0,0,0,0,0,0,0,0,0,0,0,0,0,0,0,0,0,0,0,0,0,0,0,0,0,0,0,0,0,0,0,0,0,0,0,0,0,0,0,0,0,0,0,0,0,0,0,0,0,0,0,0,0,0,0,0,0,0,0,0,0,0,0,0,0,0,0,0,0,0,0,0,0,0,0,0,0,0,0,0,0,0,0,0,0,0,0,0,0,0,0,0,0,0,0,0,0,0,0,0,0,0,0,0,0,0,0,0,0,0,0,0,0,0,0,0,0,0,0,0,0,0,0,0,0,0,0,0,54,33
263,Male,0,2,472,15.5,0,2,0,1,0,2,0,0,2,0,2,2,0,1,0,0,0,0,1,0,1,0,1,0,1,0,1,1,1,0,1,0,0,0,1,0,1,0,0,0,0,0,0,0,0,0,0,0,0,1,1,0,0,1,1,0,1,2,0,0,1,2,0,0,0,0,0,1,1,0,0,1,0,0,2,0,0,0,1,0,1,1,0,0,0,0,1,0,0,0,0,0,0,0,0,0,1,0,1,0,0,0,1,0,0,0,1,1,0,0,0,1,1,1,1,0,0,0,0,0,0,1,0,0,0,1,0,0,0,1,0,1,0,0,1,0,0,0,0,0,0,0,0,0,0,0,0,0,0,0,0,0,0,0,0,0,0,0,0,0,0,0,0,0,0,0,0,0,0,0,0,0,0,0,0,0,0,0,0,0,0,0,0,0,0,0,1,0,0,0,0,0,0,1,0,0,0,0,0,0,0,0,0,1,0,0,0,0,0,0,0,0,0,0,0,0,0,0,1,1,1,0,0,0,0,0,0,0,2,0,0,0,0,0,0,2,1,0,0,2,2,0,0,0,1,0,2,0,0,2,2,0,0,1,1,0,2,1,0,0,1,1,0,1,0,0,0,0,0,0,0,0,1,0,1,0,0,0,1,0,0,1,0,0,0,0,0,0,2,0,0,0,0,0,0,0,0,1,0,0,1,0,0,0,0,0,1,0,0,0,0,1,0,0,0,0,0,0,0,1,0,0,0,0,0,1,0,0,1,0,0,0,1,0,0,0,0,0,1,0,0,0,0,0,0,0,0,0,0,0,0,0,0,0,0,0,0,0,0,0,0,0,0,0,0,0,0,0,0,0,0,0,0,0,1,0,0,0,0,0,0,0,0,0,0,0,0,0,0,0,0,0,0,0,0,0,0,0,0,0,0,0,0,0,0,0,0,0,0,0,1,0,0,0,0,0,0,0,85,17
263,Male,0,2,536,17.6,1,2,1,2,1,2,0,1,2,0,2,2,0,2,0,2,0,0,1,0,1,0,1,1,2,0,1,1,1,0,1,0,0,1,1,0,1,0,1,0,0,1,0,0,1,0,0,0,0,2,1,0,0,2,1,0,1,2,0,1,2,2,0,0,1,0,0,2,1,0,0,1,0,0,2,0,0,0,1,0,1,1,0,0,0,0,1,0,0,0,0,0,0,0,1,0,1,0,1,1,0,0,1,1,2,1,1,1,2,0,0,1,1,1,1,0,0,0,1,0,0,1,0,0,0,1,0,0,0,2,0,2,1,1,2,0,0,0,0,0,0,1,0,0,1,1,0,0,0,0,0,0,0,1,0,0,0,0,0,0,0,0,0,1,0,1,0,0,1,0,1,1,0,0,0,0,0,0,1,0,0,1,0,0,0,0,1,0,1,0,1,1,0,1,0,0,0,0,0,1,0,1,0,1,0,0,0,0,0,0,0,0,0,0,0,0,0,0,1,1,1,0,0,0,2,0,0,0,2,0,0,0,0,0,0,2,1,0,0,2,2,0,0,0,2,0,2,0,0,2,2,0,0,1,1,0,2,2,1,0,2,1,0,1,0,1,0,1,0,0,0,0,1,0,1,0,1,0,1,0,0,1,0,0,1,0,1,1,2,0,0,0,0,1,0,0,2,1,0,0,1,0,0,0,0,1,1,0,0,0,0,1,0,0,0,1,0,0,0,1,0,0,1,1,0,1,1,1,1,0,0,0,1,0,1,0,0,0,1,0,1,0,0,0,0,0,0,1,1,0,0,0,2,0,0,0,0,1,0,0,0,0,0,0,0,0,0,0,1,0,0,0,1,0,1,0,0,0,0,0,0,0,0,0,0,0,0,0,0,0,0,0,0,0,0,0,0,2,0,0,0,0,0,0,2,0,0,0,1,0,2,0,0,0,0,0,0,0,149,39
264,Male,0,4,445,14.6,0,0,0,0,0,0,0,0,1,0,0,1,0,0,0,0,0,0,0,0,0,0,0,0,0,0,0,0,0,0,0,0,0,0,0,1,0,0,0,0,0,0,0,0,0,0,0,0,0,0,0,0,0,0,0,0,0,1,0,0,1,0,0,0,1,0,0,0,0,0,0,0,0,0,0,0,0,0,1,0,0,0,0,0,0,0,1,0,0,1,0,0,0,1,1,0,0,0,0,0,0,0,0,0,0,0,0,0,0,0,0,0,0,0,0,0,0,0,0,0,0,1,0,0,0,1,0,0,0,1,0,1,0,0,1,0,1,0,0,0,0,0,0,0,0,0,0,0,0,0,0,0,0,0,0,0,0,0,0,0,0,0,0,0,0,0,0,0,0,0,0,0,0,0,0,0,0,0,0,0,0,1,0,0,0,0,0,0,0,0,0,0,0,1,0,0,0,0,0,0,0,0,0,1,0,0,0,0,0,1,0,0,0,0,0,0,0,0,0,0,0,0,0,0,0,0,0,0,1,0,0,0,0,0,0,0,0,0,0,1,1,0,0,0,0,0,1,0,0,1,0,0,0,0,1,0,0,0,0,0,1,0,0,0,0,0,0,0,0,0,0,0,0,0,0,0,0,0,0,0,0,0,0,0,0,0,0,0,0,0,0,0,0,0,0,0,0,0,0,0,0,0,0,0,0,0,0,0,0,0,0,0,0,0,0,0,0,0,0,0,0,0,0,0,0,0,0,0,0,0,0,0,0,0,0,0,0,0,1,0,0,0,0,0,0,0,0,0,0,0,0,0,0,0,0,0,0,0,0,0,0,0,0,0,0,0,0,0,0,0,0,0,0,0,0,0,0,0,0,0,0,0,0,0,0,0,0,0,0,0,0,0,0,0,0,0,0,0,0,0,0,0,0,0,0,0,0,0,0,0,0,0,0,0,0,0,0,0,29,0
264,Male,0,4,483,15.9,0,1,0,0,1,1,0,1,1,1,1,1,0,0,0,1,0,0,0,0,1,0,1,1,1,1,1,0,0,0,1,0,0,0,1,1,0,1,1,0,0,0,1,0,0,0,0,0,0,0,0,0,0,1,1,0,0,1,1,0,1,0,0,0,1,1,0,0,0,1,0,0,0,0,0,0,0,0,1,0,0,0,0,0,0,0,1,0,0,1,0,0,0,1,1,0,0,0,0,0,0,0,1,0,0,0,0,0,0,0,0,1,1,0,0,0,0,0,0,0,0,1,0,0,0,1,0,0,0,1,0,1,0,0,1,0,1,0,0,0,0,0,0,0,0,0,0,0,0,0,0,0,0,0,0,0,0,0,0,0,0,0,0,0,0,0,0,0,0,0,0,0,0,0,0,0,0,0,0,0,0,1,0,0,0,0,0,0,0,0,0,0,0,1,0,0,0,0,0,0,0,0,0,1,0,0,0,0,0,1,0,0,0,0,0,0,0,0,0,0,0,0,0,0,0,0,0,0,1,0,0,0,0,0,0,0,0,0,0,1,1,0,0,0,0,0,1,0,0,1,0,0,0,1,1,0,0,0,0,0,1,0,0,0,0,0,0,0,0,0,0,0,0,0,1,0,0,0,0,0,0,0,0,0,0,0,0,0,0,0,0,0,0,0,0,0,0,1,0,0,0,0,0,0,0,0,0,0,0,0,0,0,0,0,0,0,0,0,0,0,0,0,0,0,0,0,1,0,0,0,0,0,0,0,0,0,0,0,1,0,0,0,0,0,0,0,0,0,0,0,0,0,1,0,0,0,0,0,0,0,0,0,0,0,0,0,0,0,0,0,0,0,0,0,0,0,0,0,0,0,0,0,0,0,0,0,0,0,0,0,0,0,0,0,0,0,0,0,0,0,0,0,0,0,0,0,0,0,0,0,0,0,0,0,0,0,0,0,60,0
264,Male,0,4,528,17.4,0,1,0,0,1,1,0,1,2,1,1,2,0,0,0,1,0,0,1,0,1,0,2,1,1,1,2,0,0,0,1,0,0,0,1,1,0,1,1,0,0,0,1,0,0,0,0,1,0,0,0,0,2,2,1,0,0,2,1,0,1,0,0,0,2,1,0,0,0,1,0,1,0,0,0,0,0,0,1,0,0,0,0,0,0,0,1,0,0,1,0,0,0,1,2,0,0,0,1,0,1,0,1,0,0,1,1,0,0,0,0,1,1,0,0,0,0,0,0,0,0,1,0,0,0,1,0,1,0,1,0,1,0,0,1,0,1,0,1,0,0,0,0,0,0,0,0,0,0,0,0,0,0,0,0,1,0,0,0,0,0,0,0,0,0,0,0,0,0,0,0,0,0,0,0,0,0,0,0,1,0,1,0,0,0,1,0,0,0,0,0,0,0,1,0,0,0,0,0,0,0,0,0,1,0,0,0,0,0,1,0,0,0,0,0,0,0,0,0,0,0,0,0,0,0,0,0,0,1,0,0,0,0,0,0,0,0,0,0,1,1,0,0,0,0,0,1,0,0,1,0,0,0,1,1,0,0,0,0,0,1,0,0,0,0,0,0,0,0,0,0,0,0,0,1,0,1,0,0,0,0,0,0,0,0,0,0,0,0,0,0,0,0,0,0,0,0,1,0,0,0,0,0,0,0,0,0,0,0,0,0,0,0,0,0,0,0,0,0,0,0,0,0,0,0,0,1,0,0,0,0,0,1,0,0,0,0,0,1,0,0,0,0,0,0,0,0,0,0,0,0,0,1,0,0,0,0,0,0,0,0,0,0,0,0,0,0,0,0,0,0,0,0,0,0,0,0,0,0,0,0,0,0,0,0,0,0,0,0,0,0,0,0,0,0,0,0,0,0,0,0,0,0,0,0,0,0,0,0,0,0,0,0,0,0,0,0,0,75,9
264,Male,0,4,601,19.8,0,1,0,0,1,2,0,1,2,1,1,2,0,0,0,1,0,0,1,0,1,0,2,1,1,1,2,0,0,0,2,0,0,1,1,1,0,1,1,0,0,0,1,0,1,0,0,1,0,1,1,1,2,2,1,0,0,2,1,0,1,0,0,0,2,1,0,0,1,1,0,2,0,0,0,0,0,0,1,0,0,0,0,0,0,0,1,0,0,2,0,0,0,1,2,1,0,0,1,1,1,0,1,0,0,1,1,1,0,1,0,1,1,1,0,0,0,1,1,0,0,1,0,0,0,1,0,1,0,2,0,1,1,0,1,0,1,0,1,0,0,0,0,0,0,0,0,0,0,0,0,0,0,0,0,1,0,0,0,0,1,0,0,0,1,0,0,0,0,0,0,0,0,0,0,0,0,0,0,1,0,1,0,0,0,1,0,0,0,0,0,0,0,1,0,0,1,0,0,0,0,2,0,1,0,0,0,0,0,1,0,0,0,0,0,0,0,0,1,1,1,0,0,0,0,0,0,0,1,0,0,0,0,0,0,0,0,0,0,1,1,0,0,0,0,0,1,0,0,1,0,0,0,1,1,0,0,0,0,0,1,1,0,0,0,0,0,0,0,0,0,0,0,0,1,0,1,0,0,0,0,1,0,0,0,0,0,1,0,0,0,0,0,0,0,0,0,1,0,0,0,0,0,0,0,0,0,0,0,0,0,0,0,0,0,0,0,0,0,0,0,0,0,0,0,0,1,0,0,0,0,0,1,0,0,0,0,0,1,0,0,0,0,0,0,0,0,0,0,0,0,0,1,0,0,0,0,0,0,0,0,0,0,0,0,0,0,0,0,0,0,0,0,0,0,0,0,0,0,0,0,0,0,0,0,0,0,0,0,0,0,0,0,0,0,0,0,0,0,0,0,0,0,0,0,0,0,0,0,0,0,0,0,0,0,0,0,0,99,15
268,Female,0,5,342,11.2,0,0,0,0,0,0,0,0,0,0,0,0,0,0,0,0,0,0,0,0,0,0,0,0,1,0,0,1,0,0,0,0,0,0,0,0,0,0,0,0,0,0,0,0,0,0,0,0,0,0,0,0,0,0,0,0,0,0,0,0,0,0,0,0,0,0,0,0,0,0,0,0,0,0,0,0,0,0,1,0,0,1,0,0,0,0,0,0,0,0,0,0,0,0,1,0,0,0,0,0,0,0,0,0,0,0,0,0,0,0,0,0,0,0,0,0,0,0,0,0,0,0,0,0,0,0,0,0,0,0,0,0,0,0,1,0,0,0,0,0,0,0,0,0,0,0,0,0,0,0,0,0,0,0,0,0,0,0,0,0,0,0,1,0,0,0,0,0,0,0,0,0,0,0,0,0,0,0,0,0,0,0,0,0,0,0,0,0,0,0,0,1,0,0,0,0,0,0,0,0,0,0,0,0,0,0,0,0,0,0,0,0,0,0,0,0,0,0,0,0,0,0,0,0,0,0,0,0,1,0,0,0,0,0,0,0,0,0,0,1,0,0,0,0,0,0,0,0,0,0,0,0,0,0,0,0,1,0,0,0,1,0,0,0,0,0,0,0,0,0,0,0,0,0,0,0,0,0,0,0,0,1,0,0,0,0,0,0,0,0,0,0,0,0,0,0,0,0,0,0,0,0,0,0,0,0,0,0,0,0,0,0,0,0,0,0,0,0,0,0,0,0,0,0,0,0,0,0,0,0,0,0,1,0,0,0,0,0,0,0,0,0,0,0,0,0,0,0,0,0,0,0,0,0,0,0,0,0,0,0,0,0,0,0,0,0,0,0,0,0,0,0,0,0,0,0,0,0,0,0,0,0,0,0,0,0,0,0,0,0,0,0,0,0,0,0,0,0,0,0,0,0,0,0,0,0,0,0,0,0,0,0,0,0,0,0,0,0,14,0
268,Female,0,5,489,16.1,1,0,0,2,2,2,1,2,2,2,2,2,1,1,2,2,2,0,2,1,2,0,1,0,2,0,0,1,0,0,0,0,1,0,0,0,0,0,2,0,0,0,0,0,0,0,2,0,1,0,0,0,0,2,0,2,0,2,0,0,2,0,0,1,1,0,0,2,1,0,0,0,0,0,0,0,1,0,1,1,0,1,1,0,1,0,2,1,0,0,1,0,0,1,1,1,0,0,1,1,1,1,1,1,1,1,1,1,0,1,0,1,1,1,2,0,0,1,1,0,1,2,0,0,1,1,0,0,0,2,0,2,0,0,2,1,1,0,1,0,1,1,0,0,1,1,0,0,0,0,0,0,0,1,1,1,1,0,0,0,1,0,1,0,1,1,0,0,0,0,0,1,2,0,0,0,0,0,1,1,0,1,0,0,0,1,0,0,1,0,1,1,0,2,0,0,0,0,0,0,0,0,0,0,0,0,0,0,0,0,0,0,0,0,0,0,0,0,0,1,2,0,0,0,2,0,0,0,2,0,0,0,0,0,0,2,2,0,0,2,2,0,0,0,2,2,2,1,1,2,1,1,1,1,2,0,2,2,2,1,2,0,0,2,1,0,0,1,0,0,0,0,1,0,1,0,1,1,1,0,0,1,0,0,0,0,1,1,0,0,1,0,0,0,0,0,0,2,0,0,1,0,0,1,1,0,0,0,1,0,0,0,0,0,1,1,0,1,1,0,0,0,1,0,0,0,0,1,1,0,0,0,1,0,0,0,0,0,1,0,0,0,0,0,0,0,0,1,0,0,0,0,0,1,0,0,0,0,0,0,0,0,0,0,0,0,0,1,1,2,0,0,0,0,0,0,0,0,0,0,0,0,0,0,0,0,0,0,0,0,0,0,0,0,0,0,0,0,0,2,0,0,1,0,2,0,0,0,1,0,2,1,0,0,0,0,0,1,156,51
268,Female,0,5,593,19.5,1,2,0,2,2,2,2,2,2,2,2,2,2,2,2,2,2,2,2,2,2,2,2,1,2,2,2,2,2,2,1,1,2,2,2,2,2,2,2,0,1,2,2,2,2,2,2,2,2,2,2,1,2,2,2,2,2,2,2,2,2,2,2,2,2,2,2,2,2,2,0,2,2,2,2,2,2,2,2,2,2,2,2,2,2,2,2,2,1,2,1,1,2,2,2,2,2,2,2,2,2,2,2,2,2,2,2,2,2,2,0,2,2,2,2,1,2,2,2,2,2,2,2,1,2,2,0,0,0,2,1,2,2,1,2,1,2,1,2,1,2,2,1,0,2,1,1,0,2,0,0,1,1,2,2,2,2,1,1,0,2,1,2,2,1,2,0,1,2,2,1,2,2,0,0,0,0,2,2,2,1,2,0,1,1,2,2,2,2,0,2,2,2,2,0,0,2,2,0,1,2,2,1,2,0,0,0,2,0,2,1,2,2,1,0,1,0,0,2,2,2,1,0,0,2,1,0,1,2,0,0,2,0,0,1,2,2,0,2,2,2,2,0,0,2,2,2,2,2,2,2,2,2,2,2,0,2,2,2,2,2,1,0,2,1,1,0,1,2,0,1,0,1,0,2,0,1,2,2,0,1,2,0,0,1,0,2,1,1,1,1,2,1,1,0,2,1,2,0,1,2,2,1,2,2,1,1,1,1,2,1,1,0,1,1,2,1,2,1,2,2,0,2,1,0,1,1,2,2,0,2,0,2,1,0,0,2,2,2,2,2,1,2,2,0,0,0,1,0,2,1,0,2,1,0,0,0,0,0,0,0,2,0,0,0,1,1,1,2,2,2,0,0,0,0,0,0,0,0,0,0,0,0,0,0,0,0,0,0,1,0,0,0,0,0,0,2,0,2,2,1,1,2,2,2,1,2,1,2,1,2,1,1,1,0,1,1,2,318,229
268,Female,0,5,680,22.4,2,2,1,2,2,2,2,2,2,2,2,2,2,2,2,2,2,2,2,2,2,2,2,2,2,2,2,2,2,2,2,2,2,2,2,2,2,2,2,1,2,2,2,2,2,2,2,2,2,2,2,2,2,2,2,2,2,2,2,2,2,2,2,2,2,2,2,2,2,2,2,2,2,2,2,2,2,2,2,2,2,2,2,2,2,2,2,2,2,2,2,1,2,2,2,2,2,2,2,2,2,2,2,2,2,2,2,2,2,2,2,2,2,2,2,2,2,2,2,2,2,2,2,2,2,2,2,2,2,2,2,2,2,2,2,2,2,2,2,2,2,2,2,0,2,2,2,0,2,2,0,2,2,2,2,2,2,2,2,0,2,2,2,2,2,2,2,1,2,2,2,2,2,2,0,2,0,2,2,2,2,2,2,1,2,2,2,2,2,0,2,2,2,2,2,2,2,2,2,2,2,2,2,2,2,2,2,2,0,2,2,2,2,2,2,2,2,2,2,2,2,2,2,2,2,2,0,2,2,0,2,2,1,0,2,2,2,2,2,2,2,2,0,2,2,2,2,2,2,2,2,2,2,2,2,0,2,2,2,2,2,2,2,2,2,2,2,2,2,2,2,2,2,2,2,2,2,2,2,2,2,2,2,2,2,2,2,2,2,2,2,2,2,2,2,2,2,2,0,2,2,2,2,2,2,2,2,2,2,2,2,2,1,2,2,2,2,2,2,2,2,1,2,2,0,2,2,2,2,2,2,1,2,2,1,2,2,2,2,2,2,2,2,2,2,2,0,2,1,2,2,2,2,2,2,2,0,1,2,0,2,2,2,0,0,2,2,2,2,2,2,0,2,0,0,0,0,0,0,0,2,0,0,0,0,0,0,0,0,2,2,2,2,0,2,2,2,2,2,2,2,2,2,2,2,2,2,1,2,2,2,2,2,2,0,1,1,2,380,365
268,Female,0,5,783,25.7,2,2,1,2,2,2,2,2,2,2,2,2,2,2,2,2,2,2,2,2,2,2,2,2,2,2,2,2,2,2,2,2,2,2,2,2,2,2,2,2,2,2,2,2,2,2,2,2,2,2,2,2,2,2,2,2,2,2,2,2,2,2,2,2,2,2,2,2,2,2,2,2,2,2,2,2,2,2,2,2,2,2,2,2,2,2,2,2,2,2,2,2,2,2,2,2,2,2,2,2,2,2,2,2,2,2,2,2,2,2,2,2,2,2,2,2,2,2,2,2,2,2,2,2,2,2,2,2,2,2,2,2,2,2,2,2,2,2,2,2,2,2,2,2,2,2,2,0,2,2,0,2,2,2,2,2,2,2,2,0,2,2,2,2,2,2,2,2,2,2,2,2,2,2,2,2,0,2,2,2,2,2,2,2,2,2,2,2,2,0,2,2,2,2,2,2,2,2,2,2,2,2,2,2,2,2,2,2,2,2,2,2,2,2,2,2,2,2,2,2,2,2,2,2,2,2,0,2,2,2,2,2,2,0,2,2,2,2,2,2,2,2,0,2,2,2,2,2,2,2,2,2,2,2,2,0,2,2,2,2,2,2,2,2,2,2,2,2,2,2,2,2,2,2,2,2,2,2,2,2,2,2,2,2,2,2,2,2,2,2,2,2,2,2,2,2,2,2,2,2,2,2,2,2,2,2,2,2,2,2,2,2,2,2,2,2,2,2,2,2,2,2,2,2,2,2,2,2,2,2,2,2,2,2,2,2,2,2,2,2,2,2,2,2,2,2,0,2,2,2,2,2,2,2,2,2,0,2,2,0,2,2,2,2,2,2,2,2,2,2,2,2,2,2,2,2,0,2,2,2,2,2,2,2,0,0,0,2,2,2,2,2,2,2,2,2,2,2,2,2,2,2,2,2,2,2,2,2,2,2,2,2,2,2,2,2,2,2,402,401
269,Female,0,2,532,17.5,2,2,0,1,2,2,2,2,2,2,2,2,0,0,0,1,1,1,1,0,1,0,2,0,2,0,1,1,0,0,1,0,0,1,0,1,0,1,1,0,0,1,1,0,0,0,0,1,1,1,0,1,1,2,1,0,1,2,2,1,2,1,1,1,1,1,2,2,2,0,0,1,0,0,2,1,1,0,2,0,0,0,0,0,1,1,2,0,1,1,0,1,0,2,1,1,1,0,1,1,0,1,1,0,0,1,1,1,0,1,0,1,0,1,1,1,0,0,1,0,1,1,0,0,0,1,1,0,0,2,0,1,0,0,1,1,1,1,1,0,1,1,1,0,1,1,0,0,0,0,0,1,0,1,1,1,1,0,0,0,1,0,1,2,1,1,0,0,2,1,1,1,0,0,0,1,0,0,0,1,0,1,0,0,0,0,1,0,0,0,1,1,1,1,0,2,1,0,0,0,0,1,0,1,1,0,0,0,0,1,0,0,0,0,0,0,0,0,2,1,2,1,0,0,1,0,0,0,2,0,0,0,0,0,0,2,0,1,1,2,0,0,0,1,1,1,2,1,1,2,1,1,0,1,2,1,1,2,2,0,2,0,0,2,0,1,0,0,2,0,1,1,0,0,1,0,1,1,2,0,0,1,1,0,1,2,1,1,0,0,0,0,1,1,0,1,1,1,0,0,2,1,0,1,1,0,0,0,1,0,1,1,0,1,1,1,1,1,1,2,1,0,0,0,0,1,1,1,1,0,1,1,2,0,0,0,0,0,0,0,0,0,0,0,0,0,0,0,0,0,1,0,2,1,0,0,0,1,0,0,0,0,1,0,1,0,1,1,1,1,0,0,0,0,1,0,0,0,0,0,0,0,0,0,0,0,0,0,0,0,0,0,0,0,0,0,0,0,2,0,0,1,1,0,0,0,2,0,2,0,2,0,0,0,0,0,0,1,205,50
269,Female,0,2,611,20.1,2,2,2,2,2,2,2,2,2,2,2,2,1,2,2,2,2,1,2,1,2,0,2,0,2,1,1,1,0,0,1,0,2,1,2,1,2,1,2,0,0,1,1,0,1,0,2,1,1,2,0,1,2,2,1,0,2,2,2,1,2,1,1,1,2,1,2,2,2,2,0,2,2,1,2,2,2,0,2,2,1,2,1,0,1,2,2,1,1,2,1,1,0,2,1,2,1,2,2,2,1,2,2,1,1,2,2,2,1,2,1,2,1,1,2,1,1,0,2,0,1,2,0,0,0,2,1,0,0,2,0,2,1,0,2,1,2,1,2,0,2,2,1,0,1,1,0,0,1,1,0,1,1,2,2,1,1,0,1,0,1,1,2,2,1,1,0,1,2,2,2,1,1,0,0,1,1,1,0,1,1,2,1,0,1,1,1,2,2,0,2,2,1,2,0,2,2,0,1,1,1,2,0,2,1,0,0,1,0,1,1,0,1,0,0,0,0,1,2,1,2,1,1,0,1,1,1,0,2,0,0,0,0,0,0,2,0,1,1,2,0,0,0,1,2,1,2,1,1,2,1,1,0,2,2,1,2,2,2,0,2,1,0,2,1,1,0,0,2,0,1,1,1,1,2,0,1,1,2,0,1,1,1,0,1,2,1,1,0,0,1,0,1,1,0,2,1,2,0,0,2,1,0,2,1,1,1,0,1,1,1,1,0,1,1,1,1,1,1,2,2,0,0,0,0,1,2,1,1,0,1,1,2,0,0,0,0,0,0,1,0,0,0,0,0,1,0,1,0,0,1,0,2,1,1,0,0,1,0,0,0,2,1,0,1,1,1,1,1,1,1,0,0,0,1,0,0,0,0,0,0,0,0,0,0,0,0,0,0,2,2,0,0,0,0,0,0,0,2,1,0,1,1,1,0,1,2,0,2,0,2,0,0,0,0,0,0,1,280,123
273,Male,0,2,502,16.5,1,2,0,2,0,0,2,2,0,0,2,0,0,0,0,2,0,0,0,0,0,0,2,0,0,0,0,0,0,0,0,0,0,0,0,0,0,0,2,0,1,0,0,0,0,0,1,0,1,0,0,0,0,1,1,1,0,0,1,0,0,0,0,0,0,0,0,0,0,0,0,0,0,0,0,0,0,0,0,0,0,0,0,0,0,0,0,0,0,0,0,0,0,0,0,0,0,0,0,0,0,0,0,0,0,0,0,0,0,0,0,0,0,0,0,0,0,0,0,0,0,0,0,0,0,0,0,0,0,0,0,0,0,0,0,0,0,0,0,0,0,0,0,0,0,0,0,0,0,0,0,0,0,0,0,0,0,0,0,0,0,0,0,0,0,0,0,0,0,0,0,0,0,0,0,0,0,0,0,0,0,0,0,0,0,0,0,0,0,0,0,0,0,0,0,0,0,0,0,0,0,0,0,0,0,0,0,0,0,0,0,0,0,0,0,0,0,0,0,0,0,0,0,0,0,0,0,0,0,0,0,0,0,0,0,0,0,0,0,0,0,0,0,0,0,0,0,0,0,0,0,0,0,0,0,0,0,0,0,0,0,0,0,0,0,0,0,0,0,0,0,0,0,0,0,0,0,0,0,0,0,0,0,0,0,0,0,0,0,0,0,0,0,0,0,0,0,0,0,0,0,0,0,0,0,0,0,0,0,0,0,0,0,0,0,0,0,0,0,0,0,0,0,0,0,0,0,0,0,0,0,0,0,0,0,0,0,0,0,0,0,0,0,0,0,0,0,0,0,0,0,0,0,0,0,0,0,0,0,0,0,0,0,0,0,0,0,0,0,0,0,0,0,0,0,0,0,0,0,0,0,0,0,0,0,0,0,0,0,0,0,0,0,0,0,0,0,0,0,0,0,0,0,0,0,0,0,0,0,0,0,0,0,0,0,0,0,0,16,8
273,Male,0,2,690,22.7,2,2,0,2,2,2,2,2,2,2,2,2,0,2,2,2,0,0,2,0,2,2,2,1,2,1,2,1,0,0,1,1,0,1,1,0,0,0,2,1,2,1,0,0,2,0,1,0,1,2,1,1,2,2,2,2,2,2,1,0,2,2,2,2,2,2,2,2,2,1,0,2,1,2,2,1,2,1,2,1,2,2,2,2,2,1,2,2,1,2,2,2,2,2,2,2,2,1,2,2,2,2,2,0,2,2,2,2,2,2,1,2,1,1,1,0,1,1,1,0,0,2,0,1,1,2,0,1,0,2,1,2,1,0,2,1,2,1,2,1,2,2,1,1,1,1,1,0,0,0,0,1,1,1,2,2,2,2,1,0,2,2,2,0,1,1,0,0,2,1,1,2,2,1,1,2,2,2,0,0,0,2,2,0,2,2,2,2,2,0,2,2,1,2,1,2,2,1,1,0,1,1,1,1,1,0,1,1,0,1,1,0,1,1,0,1,1,0,2,2,2,1,1,0,2,1,2,0,2,0,0,0,0,0,1,2,2,2,2,2,2,0,0,0,2,2,2,2,2,2,2,2,1,2,2,0,2,2,2,2,2,2,2,2,1,1,1,1,0,1,2,2,1,1,2,1,1,1,2,2,0,0,1,1,1,2,2,1,2,1,1,2,1,1,1,1,1,2,1,1,2,2,1,2,2,1,1,1,1,1,1,1,0,1,1,1,1,2,1,1,2,1,0,1,1,1,1,1,1,1,1,0,2,2,1,1,0,1,1,0,1,0,1,1,2,0,0,1,1,0,0,0,1,1,2,1,2,2,1,1,0,0,1,1,0,1,1,1,1,2,0,0,1,1,1,1,0,0,0,0,2,0,0,0,0,0,0,0,0,1,0,0,0,0,1,0,0,0,1,0,0,2,1,2,1,1,2,2,2,2,2,1,1,0,0,0,0,0,318,166
277,Male,0,5,488,16,0,2,0,2,0,0,2,2,2,2,0,0,0,0,0,0,0,0,1,0,0,0,1,0,1,0,0,0,0,0,0,0,0,0,0,0,0,0,0,0,0,0,0,0,0,0,0,0,0,0,0,0,0,2,0,1,1,1,1,1,1,0,0,0,1,1,0,2,1,0,0,0,0,0,1,0,0,0,1,0,2,1,0,0,1,0,1,1,1,1,1,0,0,1,1,0,0,0,1,1,0,0,1,1,0,0,1,1,0,0,0,1,0,0,1,0,1,0,1,0,0,0,0,0,0,1,0,1,0,2,0,1,0,0,1,0,1,0,1,0,0,0,0,0,0,0,0,0,0,0,0,0,0,0,0,0,0,0,0,0,0,0,0,0,0,0,0,0,0,0,0,0,0,0,0,0,0,0,0,0,0,0,0,0,1,0,2,1,0,0,1,0,0,1,0,0,1,0,0,0,0,0,0,0,1,0,0,0,0,0,0,0,1,0,0,1,0,0,1,1,0,0,0,0,0,0,1,0,2,0,0,0,0,0,0,1,1,0,0,2,1,0,0,0,1,1,1,2,1,1,1,1,0,1,1,1,2,1,0,1,2,0,0,0,0,1,0,1,0,0,0,0,0,0,1,0,1,0,1,0,0,0,0,0,1,0,1,1,1,0,0,0,0,0,0,0,1,1,0,0,1,0,0,1,1,0,0,0,0,0,0,1,0,1,1,1,1,1,1,1,1,0,0,0,0,1,1,1,1,0,0,0,1,0,0,0,0,0,1,0,0,0,0,0,0,0,0,0,0,0,0,0,0,0,0,0,0,0,0,0,0,0,0,0,0,0,0,0,1,0,0,0,0,0,1,0,0,0,0,0,0,0,0,0,0,0,0,0,0,0,0,0,0,0,1,0,0,0,0,0,0,0,0,0,0,0,0,0,0,0,1,0,0,0,0,0,0,0,113,16
277,Male,0,5,540,17.8,2,2,0,2,0,0,2,2,2,2,2,2,0,0,0,0,0,0,2,0,0,0,2,0,2,0,0,0,0,0,0,0,0,0,0,0,0,0,0,0,0,0,0,0,0,0,0,0,0,0,0,0,0,2,0,1,1,2,1,1,1,0,0,0,2,1,0,2,1,0,0,0,0,0,2,0,0,0,1,0,2,1,0,0,1,0,1,1,1,1,1,0,0,2,1,0,0,1,2,2,0,0,1,1,0,1,1,1,0,0,0,2,0,0,2,0,1,0,1,0,0,1,0,0,0,1,0,1,0,2,0,1,1,0,1,0,2,0,1,1,1,1,0,0,1,0,0,0,0,0,0,0,0,1,0,1,0,0,0,0,0,1,1,2,0,0,0,0,2,0,0,0,1,0,0,0,2,0,0,0,0,0,0,0,1,0,2,1,0,0,1,0,0,1,0,0,1,0,0,1,0,1,0,0,1,0,0,0,0,0,0,0,1,0,0,1,0,0,1,1,1,1,0,0,2,0,1,0,2,0,0,0,0,0,0,1,1,0,0,2,2,0,0,0,1,1,2,2,1,2,1,2,0,2,2,1,2,1,2,1,2,0,0,2,0,1,0,1,0,0,0,0,0,0,1,0,1,0,1,0,0,1,0,1,1,1,1,1,1,0,0,0,0,1,0,0,1,1,0,0,1,2,0,1,1,0,0,0,0,0,1,1,0,1,1,1,1,1,1,1,1,0,0,0,0,1,1,1,1,0,0,1,1,0,0,0,0,0,1,1,0,0,1,0,0,0,0,0,0,0,0,0,2,0,0,0,0,0,0,0,0,0,0,0,0,0,0,0,1,0,0,0,0,0,1,0,0,0,0,0,0,0,0,0,0,0,0,0,0,0,0,0,0,0,1,0,0,1,1,0,0,0,0,0,0,0,0,0,1,0,1,0,0,0,0,0,0,0,152,45
277,Male,0,5,592,19.5,2,2,0,2,0,0,2,2,2,2,2,2,0,0,0,0,0,0,2,0,2,0,2,0,2,0,0,0,0,0,0,0,0,0,0,0,0,0,0,0,0,2,0,0,0,0,0,0,0,0,0,0,0,2,0,1,1,2,2,1,2,2,0,0,2,2,2,2,2,0,0,0,0,1,2,0,1,0,1,0,0,2,0,0,1,0,2,1,1,2,1,1,0,2,1,1,0,2,2,2,0,0,1,2,0,2,1,2,0,0,0,2,0,0,2,0,1,0,2,0,1,1,0,0,0,2,0,1,0,2,0,1,1,0,1,0,2,0,1,1,1,2,0,0,1,1,0,0,1,0,0,1,0,1,0,2,0,0,0,0,1,1,1,2,1,0,0,0,2,0,0,1,2,0,0,0,2,1,0,2,0,0,2,0,2,0,2,2,0,0,1,0,0,2,0,0,2,0,0,2,0,1,0,0,1,0,0,1,0,1,1,0,2,0,0,2,0,0,2,1,1,1,0,0,2,0,1,0,2,0,0,0,0,0,0,1,1,0,0,2,2,0,0,0,2,2,2,2,1,2,2,2,1,2,2,1,2,2,2,1,2,1,0,2,1,1,0,1,0,1,0,0,0,0,2,0,1,0,2,0,0,1,0,1,1,1,1,1,1,0,0,1,0,1,0,1,1,2,0,0,1,2,0,1,1,0,0,0,0,0,2,1,0,1,1,1,1,1,1,1,1,0,0,0,0,1,1,1,1,0,0,1,2,0,0,0,0,0,1,1,0,0,1,0,0,0,0,0,0,0,0,0,2,0,0,0,0,0,0,0,0,0,0,0,0,0,0,0,1,2,0,0,0,0,1,1,0,0,0,0,2,0,0,0,0,0,0,0,0,0,0,0,0,0,1,0,0,1,1,0,0,0,0,0,0,0,0,0,1,0,1,0,0,0,0,0,0,0,182,85
277,Male,0,5,645,21.2,2,2,0,2,2,2,2,2,2,2,2,2,0,0,0,2,2,0,2,0,2,0,2,0,2,0,2,0,0,0,0,0,0,2,0,0,0,0,2,0,0,2,0,0,0,0,0,0,0,0,2,0,2,2,1,1,2,2,2,1,2,2,0,2,2,2,2,2,2,0,0,0,0,2,2,0,1,0,2,2,2,2,2,0,2,0,2,2,1,2,1,2,2,2,2,2,2,2,2,2,2,1,2,2,0,2,2,2,2,2,0,2,1,2,2,0,1,1,2,0,1,2,0,0,0,2,0,2,1,2,1,1,1,0,2,0,2,1,2,1,2,2,1,0,1,1,1,0,1,1,0,1,0,1,1,2,1,0,1,0,1,1,2,2,1,1,0,1,2,0,1,2,2,0,1,1,2,1,1,2,0,1,2,0,2,0,2,2,0,0,1,1,0,2,0,0,2,0,0,2,0,1,0,1,1,0,0,1,1,1,1,1,2,1,1,2,0,0,2,2,1,1,0,0,2,0,2,0,2,0,0,0,0,0,0,1,1,0,0,2,2,0,0,0,2,2,2,2,2,2,2,2,2,2,2,2,2,2,2,2,2,1,0,2,2,2,0,1,0,1,1,1,0,1,2,1,1,1,2,1,1,1,0,1,1,2,1,1,2,0,0,1,0,2,0,2,1,2,0,0,2,2,0,2,1,1,1,1,0,1,2,1,0,1,1,2,1,2,1,1,1,0,1,0,0,1,1,2,1,1,0,1,2,0,0,0,0,0,1,1,0,0,1,0,2,0,0,0,1,0,0,0,2,0,1,0,0,1,0,0,0,0,1,0,0,0,0,0,1,2,2,0,0,0,1,1,0,0,0,0,2,0,0,0,0,0,0,0,0,2,2,0,0,0,1,0,0,1,2,0,1,1,1,2,0,0,2,0,1,0,2,0,0,0,0,0,0,0,253,146
277,Male,0,5,888,29.2,2,2,0,2,2,2,2,2,2,2,2,2,2,0,2,2,2,2,2,2,2,0,2,0,2,0,2,2,2,0,2,0,0,2,2,0,0,0,2,0,2,2,2,0,2,0,2,2,2,2,2,2,2,2,2,2,2,2,2,2,2,2,0,2,2,2,2,2,2,2,2,2,2,2,2,2,2,0,2,2,2,2,2,2,2,2,2,2,2,2,2,2,2,2,2,2,2,2,2,2,2,2,2,2,2,2,2,2,2,2,0,2,2,2,2,0,2,2,2,0,2,2,2,2,2,2,1,2,2,2,2,2,2,2,2,2,2,2,2,2,2,2,2,0,2,2,2,0,2,2,0,2,2,2,2,2,2,0,2,0,2,2,2,2,2,2,2,2,2,2,2,2,2,2,2,2,2,2,2,2,2,2,2,1,2,2,2,2,0,0,2,2,2,2,2,0,2,0,2,2,0,2,0,2,2,2,2,2,2,2,2,2,2,2,2,2,2,2,2,2,2,2,2,0,2,2,2,0,2,0,2,0,2,0,0,2,2,2,2,2,2,2,2,0,2,2,2,2,2,2,2,2,2,2,2,2,2,2,2,2,2,2,2,2,2,2,2,2,2,2,2,2,2,2,2,2,2,2,2,2,2,2,2,2,2,2,2,2,2,2,2,2,2,2,2,2,2,2,2,2,2,2,2,2,2,2,2,2,2,2,2,2,0,2,2,2,2,2,2,2,2,2,2,2,2,2,2,2,2,2,2,2,2,2,2,2,2,2,2,2,0,0,2,2,2,2,0,2,2,2,2,2,2,1,2,2,0,2,0,0,0,2,2,1,0,0,2,1,1,2,2,2,2,2,2,1,2,1,1,1,2,2,1,0,0,0,2,2,2,2,2,2,2,2,2,0,0,2,2,2,2,2,2,2,1,1,2,2,2,2,2,0,2,2,0,2,0,1,363,349
279,Male,0,2,525,17.3,2,2,0,2,2,2,0,2,2,2,2,2,2,1,1,1,1,1,2,1,1,0,2,0,2,1,1,1,1,0,2,0,0,1,1,1,2,1,1,0,0,1,1,0,1,0,0,1,1,1,1,1,1,2,1,0,2,2,0,0,2,2,1,2,1,1,2,2,2,2,0,2,0,0,2,0,0,1,2,0,0,2,0,2,2,0,2,2,0,2,0,0,2,2,1,1,1,1,2,2,1,1,2,1,2,2,2,2,1,1,0,2,2,1,2,1,0,0,1,0,1,2,0,1,1,1,0,0,0,2,0,2,1,1,2,1,1,0,1,0,1,2,0,0,0,1,1,0,0,0,0,0,1,1,1,0,1,0,0,0,0,2,1,0,1,0,0,0,0,2,0,2,0,0,0,1,0,0,0,2,1,1,1,0,1,0,0,2,0,0,1,1,0,1,0,0,1,0,0,0,0,2,0,2,0,0,0,0,0,1,1,0,0,0,0,1,0,0,2,2,1,1,0,0,2,1,0,0,2,0,0,0,0,0,1,1,1,0,0,2,0,0,0,0,1,1,2,2,1,2,0,2,1,2,2,0,0,2,1,2,2,1,2,2,1,1,0,1,0,0,0,0,0,0,1,0,1,2,2,0,0,0,0,0,0,0,1,1,1,0,0,1,0,1,0,0,0,1,0,1,1,0,0,1,1,0,0,0,0,0,1,0,0,1,0,2,1,1,0,0,1,0,0,0,0,0,2,2,1,0,0,0,2,0,0,0,2,0,1,0,1,0,1,0,1,0,0,1,2,0,0,0,2,2,0,0,0,0,0,0,0,0,1,0,0,1,0,1,1,1,0,0,0,0,0,0,2,0,1,0,2,0,0,0,0,0,0,0,0,0,2,0,0,0,1,0,0,0,2,1,1,1,2,2,0,0,2,0,2,0,2,0,0,0,0,0,0,0,213,94
279,Male,0,2,634,20.8,2,2,2,2,2,2,1,2,2,2,2,2,2,2,2,2,2,2,2,2,2,0,2,1,2,2,1,2,2,0,2,0,0,2,2,2,2,1,2,0,1,2,2,2,1,0,2,2,2,1,2,2,2,2,1,1,2,2,1,0,2,2,1,2,2,2,2,2,2,2,2,2,1,1,2,2,0,2,2,2,2,2,2,2,2,0,2,2,1,2,1,1,2,2,2,2,1,1,2,2,1,2,2,1,2,2,2,2,1,2,2,2,2,1,2,1,2,0,1,1,2,2,0,1,2,2,0,1,0,2,1,2,2,1,2,1,2,1,2,0,1,2,0,0,0,1,1,0,2,2,0,1,1,2,2,1,1,2,0,0,2,2,2,1,1,2,0,1,2,2,1,2,2,0,0,2,0,1,2,2,1,2,2,1,2,1,1,2,1,1,2,2,0,2,1,0,2,1,0,0,0,2,0,2,0,0,0,1,0,2,1,2,1,0,0,2,0,1,2,2,1,1,2,0,2,1,0,0,2,0,0,0,0,0,1,2,2,0,0,2,0,0,0,0,2,2,2,2,2,2,2,2,2,2,2,0,2,2,2,2,2,2,2,2,1,1,1,1,1,0,1,0,0,2,2,0,2,2,2,1,1,1,1,1,1,2,1,1,2,1,1,2,1,1,1,2,1,1,0,1,1,1,1,1,2,1,1,1,1,1,2,0,0,1,2,2,1,2,1,1,2,0,2,1,0,1,2,2,2,0,1,0,2,2,0,1,2,1,2,1,1,0,1,0,1,1,1,1,2,2,1,0,2,2,2,0,0,0,1,0,0,2,1,0,0,1,1,1,2,2,2,0,1,0,1,0,2,0,1,1,2,0,0,1,0,0,0,1,0,1,2,0,1,0,1,1,0,0,2,1,1,2,2,2,1,0,2,2,2,0,2,0,0,0,0,0,0,1,319,195
282,Female,0,4,486,16,2,2,0,1,2,2,2,2,2,2,2,0,2,2,2,2,2,1,2,2,2,0,2,0,2,2,2,2,1,0,2,0,0,2,2,2,2,2,2,0,0,2,2,1,0,0,2,1,2,2,1,2,2,2,0,2,2,2,2,2,2,2,2,2,2,2,2,2,2,2,0,2,2,0,2,0,0,0,0,2,2,1,1,0,0,2,2,2,2,2,1,0,2,2,1,0,1,2,2,2,2,2,2,1,1,2,1,2,2,1,2,2,2,2,1,2,2,2,2,0,2,2,1,0,0,2,0,2,0,2,0,2,0,2,2,0,2,0,2,0,2,2,0,0,1,0,0,0,2,0,0,0,0,2,2,1,1,0,0,0,2,0,2,2,0,1,0,0,2,2,2,1,1,0,0,1,0,0,1,2,0,1,2,0,2,0,2,2,2,0,2,2,0,0,2,0,2,0,0,0,0,2,0,0,2,2,0,2,0,0,0,0,0,2,0,0,0,0,2,2,1,2,2,2,2,2,0,0,2,2,0,0,1,0,0,2,0,2,2,2,2,0,0,0,2,1,2,1,0,0,2,0,0,2,2,0,2,2,2,2,2,1,0,2,0,2,0,0,0,0,0,2,0,0,2,0,1,0,1,0,0,2,0,0,0,2,0,0,0,0,0,1,0,2,0,2,2,2,0,0,0,0,0,2,2,2,0,0,0,1,1,0,0,0,0,2,2,2,1,1,0,1,1,0,0,0,2,2,1,2,1,0,2,0,0,0,2,0,0,0,2,0,0,0,0,0,0,1,0,2,0,0,2,1,0,0,0,0,2,0,2,2,0,0,0,2,0,0,0,2,2,0,0,0,0,0,0,0,0,0,0,0,0,0,0,0,0,0,0,0,0,0,0,0,0,0,0,2,2,0,0,0,0,0,0,0,2,0,1,0,2,0,0,0,0,0,0,2,218,176
282,Female,0,4,659,21.7,2,2,2,2,2,2,2,2,2,2,2,2,2,2,2,2,2,2,2,2,2,0,2,2,2,2,2,2,2,2,2,0,0,2,2,2,2,2,2,0,2,2,2,2,2,0,2,2,2,2,2,2,2,2,2,2,2,2,2,2,2,2,2,2,2,2,2,2,2,2,2,2,2,2,2,2,2,2,2,2,2,2,2,2,2,2,2,2,2,2,2,2,2,2,2,2,2,2,2,2,2,2,2,2,2,2,2,2,2,2,2,2,2,2,2,2,2,2,2,2,2,2,2,2,2,2,2,2,2,2,2,2,2,2,2,2,2,2,2,2,2,2,2,0,2,2,0,0,2,2,0,2,0,2,2,2,2,2,2,0,2,2,2,2,2,2,2,2,2,2,2,2,2,2,2,2,0,2,2,2,2,2,2,2,2,2,2,2,2,0,2,2,2,2,2,0,2,2,2,2,0,2,0,2,2,2,0,2,0,2,0,0,2,2,2,2,2,2,2,2,2,2,2,2,2,2,0,0,2,2,2,2,2,0,2,2,2,2,2,2,2,2,0,2,2,2,2,2,0,2,2,2,2,2,2,2,2,2,2,2,2,2,2,2,2,2,2,2,2,2,2,2,2,2,2,2,2,2,2,2,2,2,2,2,2,2,2,2,2,2,1,2,2,2,1,2,2,2,0,2,2,2,2,2,2,2,2,2,2,2,2,1,0,2,2,2,2,2,2,2,2,2,2,2,2,2,2,2,2,2,2,0,2,2,0,2,2,2,2,2,2,2,2,0,2,2,0,2,2,2,2,2,2,1,2,2,0,0,2,0,2,2,2,2,2,2,2,2,2,2,2,0,2,0,2,1,0,0,2,2,2,1,0,1,0,0,0,0,0,0,2,2,2,2,1,0,2,2,2,2,2,2,2,2,2,2,2,0,1,2,2,0,2,0,0,2,2,2,368,359
282,Female,0,4,801,26.3,2,2,2,2,2,2,2,2,2,2,2,2,2,2,2,2,2,2,2,2,2,0,2,2,2,2,2,2,2,2,2,2,0,2,2,2,2,2,2,0,2,2,2,2,2,0,2,2,2,2,2,2,2,2,2,2,2,2,2,2,2,2,2,2,2,2,2,2,2,2,2,2,2,2,2,2,2,2,2,2,2,2,2,2,2,2,2,2,2,2,2,2,2,2,2,2,2,2,2,2,2,2,2,2,2,2,2,2,2,2,2,2,2,2,2,2,2,2,2,2,2,2,2,2,2,2,2,2,2,2,2,2,2,2,2,2,2,2,2,2,2,2,2,0,2,2,2,0,2,2,0,2,0,2,2,2,2,2,2,0,2,2,2,2,2,2,2,2,2,2,2,2,2,2,2,2,2,2,2,2,2,2,2,2,2,2,2,2,2,0,2,2,2,2,2,2,2,2,2,2,0,2,0,2,2,2,0,2,0,2,0,0,2,2,2,2,2,2,2,2,2,2,2,2,2,2,2,0,2,2,2,2,2,2,2,2,2,2,2,2,2,2,2,2,2,2,2,2,2,2,2,2,2,2,2,2,2,2,2,2,2,2,2,2,2,2,2,2,2,2,2,2,2,2,2,2,2,2,2,2,2,2,2,2,2,2,2,2,2,2,1,2,2,2,1,2,2,2,2,2,2,2,2,2,2,2,2,2,2,2,2,1,0,2,2,2,2,2,2,2,2,2,2,2,2,2,2,2,2,2,2,2,2,2,2,2,2,2,2,2,2,2,2,2,2,2,2,2,2,2,2,2,2,2,2,2,0,0,2,2,2,2,2,2,2,2,2,2,2,2,2,0,2,0,2,2,0,2,2,2,2,1,2,2,2,2,2,2,2,2,2,2,2,2,2,2,2,2,2,2,2,2,2,2,2,2,2,2,2,2,2,2,2,2,2,2,2,2,395,391
282,Female,0,4,1119,36.8,2,2,2,2,2,2,2,2,2,2,2,2,2,2,2,2,2,2,2,2,2,0,2,2,2,2,2,2,2,2,2,2,2,2,2,2,2,2,2,2,2,2,2,2,2,0,2,2,2,2,2,2,2,2,2,2,2,2,2,2,2,2,2,2,2,2,2,2,2,2,2,2,2,2,2,2,2,2,2,2,2,2,2,2,2,2,2,2,2,2,2,2,2,2,2,2,2,2,2,2,2,2,2,2,2,2,2,2,2,2,2,2,2,2,2,2,2,2,2,2,2,2,2,2,2,2,2,2,2,2,2,2,2,2,2,2,2,2,2,2,2,2,2,0,2,2,2,0,2,2,0,2,2,2,2,2,2,2,2,0,2,2,2,2,2,2,2,2,2,2,2,2,2,2,2,2,2,2,2,2,2,2,2,2,2,2,2,2,2,2,2,2,2,2,2,2,2,2,2,2,0,2,0,2,2,2,0,2,2,2,2,2,2,2,2,2,2,2,2,2,2,2,2,2,2,2,2,2,2,2,2,2,2,2,2,2,2,2,2,2,2,2,2,2,2,2,2,2,2,2,2,2,2,2,2,2,2,2,2,2,2,2,2,2,2,2,2,2,2,2,2,2,2,2,2,2,2,2,2,2,2,2,2,2,2,2,2,2,2,2,2,2,2,2,2,2,2,2,2,2,2,2,2,2,2,2,2,2,2,2,2,2,2,2,2,2,2,2,2,2,2,2,2,2,2,2,2,2,2,2,2,2,2,2,2,2,2,2,2,2,2,2,2,2,2,2,2,2,2,2,2,2,2,2,2,2,0,2,2,2,2,2,2,2,2,2,2,2,2,2,2,2,2,2,2,2,2,2,2,2,2,2,2,2,2,2,2,2,2,2,2,2,2,2,2,2,2,2,2,2,2,2,2,2,2,2,2,2,2,2,2,2,2,2,2,2,2,2,408,408
283,Female,0,2,447,14.7,0,0,0,1,1,1,2,1,0,0,2,2,1,0,2,1,1,0,0,0,0,0,1,0,1,0,0,0,0,0,0,0,0,1,0,0,0,0,0,0,0,0,0,0,0,0,0,0,0,0,0,0,0,1,0,1,0,1,0,0,1,0,0,0,1,1,0,0,1,0,0,1,0,0,1,1,0,0,1,1,0,1,0,0,0,0,1,1,0,1,0,0,0,0,1,0,0,0,0,0,0,0,1,0,0,1,1,0,0,0,0,1,0,0,1,0,0,0,1,0,1,1,0,0,0,1,0,0,0,1,0,1,0,0,1,0,0,0,0,0,0,1,0,0,0,0,0,0,0,0,0,0,0,1,0,0,0,0,0,0,0,0,0,0,0,0,0,0,0,0,0,1,0,0,0,0,0,0,0,0,0,1,0,0,1,0,0,0,0,0,0,0,1,0,0,1,0,0,0,0,0,2,0,0,0,0,0,0,0,0,0,0,0,0,0,0,0,0,1,1,1,0,0,1,1,0,0,0,2,0,0,0,0,0,0,2,2,0,0,2,0,0,0,1,1,1,1,0,1,1,2,0,0,0,2,1,1,0,1,0,1,0,0,1,0,0,0,0,0,0,0,0,0,0,1,0,0,0,0,0,0,1,0,0,0,0,1,1,0,0,0,0,0,0,0,0,0,1,0,0,0,0,0,1,0,0,0,0,0,0,0,0,0,0,0,1,0,0,0,1,0,1,0,0,0,0,0,1,0,0,0,0,2,0,0,0,0,0,0,0,0,0,0,0,0,0,0,0,0,0,0,0,1,0,0,0,0,0,0,0,1,0,0,0,0,0,0,0,0,0,0,0,2,0,1,2,0,0,0,0,0,0,0,0,0,0,0,0,0,0,0,0,2,2,0,0,0,0,0,0,0,0,0,0,0,0,2,0,2,0,0,0,0,0,0,0,0,0,93,18
283,Female,0,2,537,17.7,2,0,0,2,2,2,2,2,2,0,2,2,1,2,2,1,2,1,1,1,1,0,2,0,2,1,1,2,1,0,2,1,1,1,1,1,2,1,1,0,1,1,1,0,1,0,1,1,0,1,0,0,2,2,0,2,1,2,1,1,1,1,1,1,1,1,2,2,1,1,0,2,1,0,2,1,1,0,1,2,1,1,1,0,0,0,1,1,2,1,2,0,2,1,1,1,1,1,2,2,1,1,1,1,1,2,1,2,2,1,0,2,2,1,2,0,1,2,1,0,1,2,0,0,0,1,1,0,0,2,0,1,1,0,2,0,1,0,1,1,1,2,1,0,1,0,0,0,1,1,0,1,1,1,1,1,1,0,0,0,1,1,2,0,1,1,0,0,2,0,1,1,1,0,0,0,0,1,1,1,0,2,2,0,2,0,0,1,0,0,0,0,1,2,0,2,1,0,1,1,1,2,0,0,0,0,0,0,0,0,0,0,1,0,0,0,0,1,1,1,1,0,2,1,2,1,0,0,2,0,0,0,0,0,1,2,1,1,2,2,2,0,0,1,2,1,2,0,1,2,2,1,0,0,2,1,1,2,2,2,1,1,2,1,1,1,0,1,0,0,1,0,0,0,1,0,1,0,1,0,0,1,0,0,1,0,1,1,2,0,0,1,0,1,0,1,1,1,0,1,1,2,0,1,1,2,1,1,1,0,0,1,0,1,1,1,1,1,0,1,2,1,1,1,0,1,1,1,1,2,0,0,2,1,0,1,0,0,1,0,1,0,2,1,0,0,0,1,1,1,2,0,2,1,0,1,0,1,0,0,2,0,0,0,0,0,0,0,1,2,0,0,2,0,1,2,0,0,0,0,0,2,0,0,0,0,0,0,0,0,0,0,2,2,0,0,2,0,2,2,0,2,2,2,2,0,2,2,2,0,2,0,0,0,0,2,0,0,257,94
285,Female,0,5,530,17.4,0,0,0,0,0,2,0,0,0,0,0,0,0,0,0,2,2,0,2,0,0,0,2,1,2,1,2,2,0,0,1,0,0,1,1,2,0,1,2,0,0,2,0,0,0,0,0,0,2,2,0,0,2,2,0,2,0,2,2,2,2,0,2,2,2,2,0,2,0,0,0,1,0,0,2,1,2,0,1,0,2,0,0,0,2,0,2,1,1,0,1,1,0,2,0,0,0,0,2,2,1,1,2,1,2,2,1,2,1,1,0,2,2,0,2,0,0,0,1,1,2,1,0,0,0,1,0,1,0,2,0,1,0,0,2,1,2,1,2,1,0,2,1,0,0,1,1,0,1,1,0,1,0,2,1,1,1,1,0,0,2,1,1,0,0,2,0,0,2,0,0,1,2,0,0,0,0,2,1,2,0,1,0,0,0,0,1,0,0,0,0,0,0,2,0,0,0,0,0,1,0,2,0,2,0,0,0,0,0,1,1,0,1,0,0,0,0,1,1,1,1,0,0,0,2,1,0,0,2,0,0,0,0,0,0,2,0,0,2,2,2,1,0,0,2,1,2,0,0,1,0,1,1,1,2,0,2,2,2,2,2,0,0,1,1,0,0,0,1,1,0,1,0,1,1,0,1,1,1,1,0,2,0,1,1,1,1,1,1,0,0,0,1,0,0,1,1,1,0,0,2,0,0,1,1,0,0,0,1,1,1,1,0,1,1,1,0,2,0,1,1,1,1,1,1,1,1,1,0,1,0,0,1,1,0,0,0,0,1,0,1,0,0,0,1,0,0,0,0,0,0,0,2,1,0,0,0,1,0,0,0,0,0,0,0,1,0,0,0,1,0,0,2,0,0,1,0,0,0,0,0,0,0,0,0,0,0,0,0,2,2,2,2,0,0,0,0,0,2,2,1,2,2,2,1,1,2,0,2,1,1,0,1,0,0,0,0,0,201,86
285,Female,0,5,562,18.5,0,0,0,0,0,2,0,0,0,0,0,0,1,0,0,2,2,0,2,2,2,0,2,1,2,1,2,2,2,0,1,0,0,2,2,2,0,1,2,0,0,2,0,0,0,0,0,0,2,2,0,0,2,2,0,2,0,2,2,2,2,0,2,2,2,2,2,2,1,1,0,1,0,0,2,1,2,1,1,0,2,1,1,0,2,0,2,1,2,0,2,2,1,2,0,0,0,0,2,2,1,1,2,1,2,2,1,2,1,1,0,2,2,1,2,0,0,0,1,1,2,2,0,0,0,1,0,1,0,2,0,1,0,1,2,1,2,1,2,1,0,2,1,0,0,1,1,0,1,2,0,1,1,2,1,1,1,1,0,0,2,1,1,0,0,2,0,0,2,0,0,1,2,0,2,1,0,2,1,2,0,1,0,2,1,1,1,2,0,0,0,0,0,2,0,0,1,1,0,1,0,2,0,2,0,0,0,0,0,1,1,0,1,2,0,1,0,1,1,2,2,1,0,0,2,1,0,0,2,0,0,0,0,0,0,2,0,2,2,2,2,1,0,0,2,1,2,2,0,2,0,1,1,1,2,0,2,2,2,2,2,1,1,1,1,1,1,1,1,1,1,1,1,1,1,0,1,1,1,1,0,2,0,1,1,1,1,1,1,0,0,1,1,1,0,1,1,1,0,0,2,0,0,1,1,1,1,0,1,1,1,1,0,1,1,1,0,2,0,1,1,2,1,1,1,1,1,1,1,1,1,0,1,1,0,0,0,0,1,0,1,1,2,0,1,0,0,0,0,0,0,0,2,1,0,0,0,1,0,0,0,0,0,0,0,1,0,1,1,1,0,0,2,0,0,1,0,0,1,1,0,0,0,0,0,0,0,0,0,2,2,2,2,0,0,0,0,0,2,2,1,2,2,2,1,1,2,1,2,1,1,0,1,0,0,0,0,1,249,108
285,Female,0,5,608,20,0,0,0,0,0,2,0,0,2,0,0,2,1,0,0,2,2,0,2,2,2,0,2,1,2,2,2,2,2,0,1,0,0,2,2,2,0,1,2,0,0,2,0,0,0,0,0,0,2,2,0,0,2,2,2,2,0,2,2,2,2,2,2,2,2,2,2,2,2,2,0,2,2,0,2,2,2,1,2,2,2,2,2,2,2,2,2,2,2,2,2,2,2,2,2,2,0,2,2,2,2,2,2,2,2,2,2,2,1,2,0,2,2,2,2,0,0,0,2,1,2,2,0,0,0,1,0,1,0,2,0,2,0,1,2,1,2,1,2,1,0,2,1,0,0,1,1,0,1,2,0,2,1,2,1,2,1,2,0,0,2,2,2,0,0,2,0,1,2,2,0,1,2,2,2,2,2,2,2,2,0,1,0,2,1,1,2,2,0,0,0,1,1,2,0,0,2,2,0,1,0,2,0,2,0,0,0,0,2,1,1,0,2,2,0,2,0,1,2,2,2,2,0,0,2,2,0,0,2,0,2,0,0,0,2,2,0,2,2,2,2,1,0,0,2,1,2,2,0,2,0,1,1,2,2,0,2,2,2,2,2,1,1,2,2,2,1,1,1,1,1,1,1,1,1,0,1,1,1,1,1,2,1,1,1,1,1,1,1,1,1,1,1,1,1,1,1,1,0,2,2,1,0,1,1,1,1,1,1,1,1,1,1,1,1,1,1,2,2,1,1,2,2,1,1,1,2,2,1,1,1,0,1,1,0,1,2,1,1,1,1,1,2,1,1,1,0,1,2,2,1,1,2,1,1,1,1,1,1,0,0,2,1,0,0,2,0,1,1,1,2,1,2,0,0,1,0,0,1,1,0,1,1,0,1,0,0,0,0,2,2,2,2,0,2,0,0,1,2,2,1,2,2,2,1,1,2,1,2,1,1,1,1,1,1,1,1,1,310,175
285,Female,0,5,625,20.5,0,0,0,0,0,2,0,0,2,0,0,2,1,0,0,2,2,0,2,2,2,0,2,1,2,2,2,2,2,0,1,0,0,2,2,2,0,1,2,0,0,2,0,0,0,0,0,0,2,2,0,0,2,2,2,2,0,2,2,2,2,2,2,2,2,2,2,2,2,2,0,2,2,0,2,2,2,1,2,2,2,2,2,2,2,2,2,2,2,2,2,2,2,2,2,2,0,2,2,2,2,2,2,2,2,2,2,2,1,2,0,2,2,2,2,0,0,0,2,1,2,2,0,0,0,1,0,1,0,2,0,2,0,1,2,1,2,1,2,1,0,2,1,0,0,1,1,0,1,2,0,2,1,2,1,2,1,2,0,0,2,2,2,0,0,2,0,1,2,2,0,1,2,2,2,2,2,2,2,2,0,1,0,2,1,1,2,2,0,0,0,1,1,2,0,0,2,2,0,1,0,2,0,2,0,0,0,0,2,1,1,0,2,2,0,2,0,1,2,2,2,2,0,0,2,2,0,0,2,0,2,0,0,0,2,2,0,2,2,2,2,1,0,0,2,1,2,2,0,2,0,1,1,2,2,0,2,2,2,2,2,1,1,2,2,2,1,1,1,1,1,1,1,1,1,0,1,1,1,1,1,2,1,1,1,1,1,1,1,1,1,1,1,1,1,1,1,1,0,2,2,1,0,1,1,1,1,1,1,1,1,1,1,1,1,1,1,2,2,1,1,2,2,1,1,1,2,2,1,1,1,0,1,1,0,1,2,1,1,1,1,1,2,1,1,1,0,1,2,2,1,1,2,1,1,1,1,1,1,0,0,2,1,0,0,2,0,1,1,1,2,1,2,0,0,1,0,0,1,1,0,1,1,0,1,0,0,0,0,2,2,2,2,0,2,0,0,1,2,2,1,2,2,2,1,1,2,1,2,1,1,1,1,1,1,1,1,1,310,175
285,Female,0,5,828,27.2,0,2,0,0,2,2,2,2,2,2,2,2,2,0,2,2,2,2,2,2,2,0,2,2,2,2,2,2,2,0,2,2,2,2,2,2,0,2,2,2,2,2,2,2,2,0,2,2,2,2,2,2,2,2,2,2,2,2,2,2,2,2,2,2,2,2,2,2,2,2,2,2,2,2,2,2,2,2,2,2,2,2,2,2,2,2,2,2,2,2,2,2,2,2,2,2,2,2,2,2,2,2,2,2,2,2,2,2,2,2,2,2,2,2,2,2,2,2,2,2,2,2,2,2,2,2,2,2,0,2,2,2,2,2,2,2,2,2,2,2,0,2,2,2,2,2,2,0,2,2,0,2,2,2,2,2,2,2,2,2,2,2,2,2,2,2,2,2,2,2,2,2,2,2,2,2,2,2,2,2,2,2,2,2,2,2,2,2,2,2,2,2,2,2,2,2,2,2,2,2,2,2,0,2,2,2,2,2,2,2,2,2,2,2,0,2,2,2,2,2,2,2,2,0,2,2,0,2,2,2,2,2,0,0,2,2,2,2,2,2,2,2,0,2,2,2,2,2,2,2,2,2,2,2,2,2,2,2,2,2,2,2,2,2,2,2,2,2,2,2,2,2,2,2,2,2,2,2,2,2,2,2,2,2,2,2,2,2,2,2,2,2,2,2,2,2,2,2,2,2,2,2,2,2,2,2,2,2,2,2,2,2,2,2,2,2,2,2,2,2,2,2,2,2,2,2,2,2,2,2,2,2,2,2,2,2,2,2,2,2,2,2,2,2,2,2,2,2,2,2,2,2,2,2,2,2,2,2,2,2,0,2,2,2,2,2,0,2,2,2,2,2,2,2,2,2,2,2,2,2,2,2,2,2,2,2,2,2,2,2,2,2,2,2,2,2,2,2,2,2,2,2,2,2,2,2,2,2,2,2,2,2,2,2,2,2,2,2,397,397
290,Male,0,2,499,16.4,2,0,1,2,1,2,0,1,1,2,2,1,1,1,1,1,0,0,1,1,1,0,1,0,2,1,1,0,0,0,1,0,0,1,1,0,0,0,1,0,0,1,0,0,1,0,0,0,0,1,0,0,0,1,0,1,1,2,1,0,2,0,0,0,0,1,1,1,1,1,0,0,1,0,1,0,0,0,1,0,2,1,0,0,1,0,2,0,0,0,0,0,0,1,1,1,1,1,1,1,0,1,0,1,1,1,0,1,0,1,0,1,1,1,1,1,1,0,1,0,0,1,0,0,0,1,0,1,0,1,0,1,1,0,1,1,1,1,1,0,1,2,0,0,1,1,0,0,0,0,0,0,0,1,1,1,1,0,0,0,0,1,1,0,0,0,0,0,0,0,0,0,0,0,0,0,0,0,0,0,0,1,0,0,1,0,1,1,1,0,1,1,0,1,0,1,0,0,0,0,0,0,0,2,0,0,0,0,0,1,0,0,0,0,0,0,0,0,0,0,1,1,0,0,1,0,0,0,1,0,0,0,0,0,0,1,0,0,0,1,0,0,0,0,0,0,2,0,1,0,2,1,1,1,2,0,1,1,0,0,1,1,0,1,0,0,0,0,0,0,0,0,0,0,1,0,1,0,1,0,0,1,0,0,0,0,1,1,1,0,0,0,0,0,0,0,0,1,0,0,1,0,0,1,1,1,1,0,0,0,0,1,1,0,1,1,1,1,1,1,1,0,0,0,0,1,1,1,1,0,0,0,2,0,1,0,0,0,0,0,0,0,0,0,0,0,0,0,1,0,0,0,1,0,0,0,0,0,0,0,0,0,0,0,0,0,0,0,0,1,0,0,0,0,1,0,0,0,0,0,0,1,0,0,0,0,0,0,0,2,0,0,0,0,0,0,0,0,0,0,0,0,0,0,0,0,0,0,1,0,2,0,0,0,0,0,0,1,153,18
290,Male,0,2,768,25.2,2,2,1,2,2,2,2,2,2,2,2,1,1,2,2,2,0,1,2,2,2,0,2,0,2,1,1,1,2,0,2,0,0,1,2,2,1,1,1,0,0,2,2,0,2,0,2,2,1,2,2,0,2,2,2,1,2,2,1,0,2,2,0,2,0,2,2,2,2,2,2,2,2,2,2,2,2,0,2,2,2,2,0,2,2,0,2,2,2,2,0,0,2,2,2,2,1,1,2,2,1,2,0,1,1,2,2,1,0,1,0,2,1,2,2,1,2,0,2,0,0,2,0,0,0,2,0,1,0,2,0,2,1,0,2,1,2,1,2,0,1,2,0,2,1,2,0,0,2,0,0,2,0,2,2,2,1,2,0,0,2,2,2,2,2,2,0,0,2,2,2,2,2,0,0,2,0,2,0,2,2,2,2,0,2,1,2,2,1,0,1,2,0,1,0,2,2,0,0,2,0,1,0,2,1,1,0,1,1,1,2,1,2,1,0,1,1,1,2,1,2,2,0,0,2,2,0,0,2,1,0,0,2,0,2,2,0,1,2,2,2,0,0,0,2,2,2,0,1,2,2,1,1,2,2,0,2,2,2,2,2,1,1,2,2,1,2,1,1,1,1,1,1,1,1,0,2,2,2,2,0,2,0,0,1,2,1,1,2,0,0,0,1,1,1,1,1,1,0,1,1,2,0,1,2,1,1,1,1,0,2,1,2,0,1,2,1,2,1,2,1,2,0,0,0,1,2,2,2,0,0,0,2,0,2,2,2,0,0,0,2,2,1,2,0,1,0,0,2,2,1,0,1,1,1,1,0,1,1,0,0,2,0,0,2,0,0,0,1,1,2,0,0,0,1,1,2,0,0,0,2,1,0,0,0,0,0,0,0,2,2,0,0,0,0,0,0,0,0,0,0,2,0,0,0,0,0,0,1,0,2,0,0,0,0,0,0,1,279,179
292,Male,0,3,502,16.5,0,0,0,0,0,0,1,1,0,0,0,0,0,0,0,1,0,0,1,0,0,0,0,0,1,0,0,0,0,0,0,0,0,0,0,0,0,0,0,0,0,0,0,0,0,0,0,0,0,0,0,0,0,0,0,1,0,1,1,0,1,1,0,1,1,1,1,1,1,0,0,0,0,0,0,0,0,0,1,0,0,0,0,0,0,0,1,1,0,0,0,0,0,0,0,0,0,0,0,1,0,0,0,0,0,0,0,0,0,0,0,1,0,0,0,0,0,0,0,0,1,0,0,0,0,1,0,0,0,1,0,0,0,0,1,0,0,0,0,0,1,0,0,0,1,0,0,0,0,0,0,0,0,0,0,0,0,0,0,0,0,0,0,0,0,0,0,0,0,0,0,0,0,0,0,0,0,0,0,0,0,0,0,0,0,0,1,0,0,0,0,0,0,1,0,0,0,0,0,0,0,0,0,1,0,0,0,0,0,0,0,0,0,0,0,0,0,0,0,0,1,0,0,0,0,0,0,0,2,0,0,0,0,0,0,0,0,0,0,2,2,0,0,0,1,1,1,0,0,2,0,0,0,1,1,0,0,0,1,0,0,0,0,1,0,0,0,0,0,0,0,0,0,0,1,0,0,0,1,0,0,0,0,0,0,0,0,0,0,0,0,0,0,0,0,0,0,0,0,0,0,0,0,0,0,0,0,0,0,0,0,0,0,0,0,0,0,0,0,0,0,1,0,0,0,0,0,0,0,0,0,0,1,0,0,0,0,0,0,0,0,0,0,0,0,0,0,0,0,0,0,0,0,0,0,0,0,0,0,0,0,0,0,0,0,0,0,0,0,0,0,0,0,0,1,0,0,0,0,0,0,0,0,0,0,0,0,0,0,0,0,0,0,0,0,0,0,0,0,0,0,0,0,0,0,0,0,0,0,0,0,0,0,0,0,0,0,0,47,4
292,Male,0,3,546,17.9,0,0,0,0,0,1,1,1,2,0,0,0,0,0,0,1,1,1,1,0,0,0,0,0,1,0,0,0,0,0,0,0,0,0,0,0,0,0,0,0,0,0,0,0,0,0,0,0,0,0,0,0,0,1,0,1,0,1,1,0,1,1,0,1,1,1,1,1,1,1,0,0,1,0,1,0,0,0,1,0,0,0,0,0,0,0,1,1,0,0,0,0,0,1,0,1,0,0,1,1,1,1,0,1,1,1,0,1,0,0,0,1,0,1,1,0,0,0,0,0,1,1,0,0,0,1,0,1,0,1,0,1,1,0,1,0,0,0,0,0,1,0,0,0,1,1,1,0,0,0,0,0,0,1,0,1,0,0,0,0,1,0,0,0,0,0,0,0,0,0,0,0,0,0,0,0,0,0,0,0,0,1,0,0,1,0,1,0,0,0,0,0,0,1,0,0,1,0,0,0,0,0,0,1,0,0,0,0,0,0,0,0,0,0,0,0,0,0,1,1,1,1,0,0,0,0,0,0,2,0,0,0,0,0,0,1,1,0,0,2,2,0,0,0,1,1,1,0,1,2,0,0,0,1,1,0,0,0,1,0,0,0,0,1,0,0,0,0,1,0,0,0,0,0,1,0,0,0,1,0,0,1,0,0,0,0,0,0,1,0,0,0,1,1,0,0,0,1,0,0,1,0,0,0,0,1,1,0,0,0,0,0,0,1,1,0,0,0,0,0,1,1,0,0,0,1,1,1,0,0,0,0,1,0,0,0,0,0,0,0,0,0,0,0,1,0,0,0,0,0,1,0,0,0,0,0,0,0,0,0,0,0,0,0,0,0,0,0,0,0,0,0,0,0,1,1,0,0,0,0,0,0,0,0,0,0,0,0,0,0,1,0,0,0,0,0,0,0,0,0,0,0,0,0,0,0,0,0,0,0,0,0,0,0,0,0,0,0,103,5
292,Male,0,3,631,20.7,0,2,0,0,2,1,1,2,2,2,0,0,0,0,0,2,1,1,1,0,1,0,1,0,2,1,1,1,1,0,1,0,1,1,1,0,0,0,1,0,1,0,1,0,0,0,1,1,0,0,1,0,1,1,1,1,1,2,2,1,1,2,0,1,1,1,1,1,1,1,0,0,1,0,1,0,1,0,1,1,1,0,0,0,2,0,2,1,0,0,0,0,0,1,1,1,0,0,1,1,1,1,1,1,1,1,1,1,0,1,0,1,0,1,1,1,0,0,0,0,1,1,0,0,0,1,0,1,0,1,0,1,1,0,1,0,0,0,0,0,1,0,0,0,1,1,1,0,0,0,0,0,0,1,1,1,1,0,0,0,1,1,0,0,1,1,0,0,0,0,0,1,1,0,0,0,0,0,1,0,0,1,0,0,1,0,1,0,0,0,1,1,0,1,0,0,1,0,0,0,0,0,0,1,0,0,0,1,0,0,0,1,0,0,0,0,0,0,1,1,1,1,1,0,0,0,0,0,2,0,0,0,0,0,0,1,1,0,0,2,2,0,0,0,1,1,2,0,1,2,0,0,0,1,1,0,0,1,1,0,1,0,0,1,0,0,0,0,1,0,0,0,0,0,1,0,0,0,1,0,0,1,0,0,0,0,0,0,1,0,0,0,1,1,0,0,0,1,0,0,1,0,0,0,0,1,1,0,1,0,0,0,0,1,1,0,0,1,0,0,1,1,1,0,0,1,1,1,0,0,0,0,1,0,0,0,0,0,0,0,1,0,0,0,1,0,0,0,0,0,1,0,0,0,0,0,0,0,0,0,0,0,0,0,0,0,0,0,0,1,0,0,0,0,1,1,0,0,0,0,0,0,0,0,0,0,0,0,0,0,1,0,0,0,0,0,0,0,0,1,0,0,0,0,0,0,1,0,0,0,0,0,0,0,0,0,0,0,157,17
294,Male,0,3,276,9.1,2,0,0,0,0,1,0,1,0,0,1,0,0,0,0,1,0,0,1,1,1,0,1,1,1,0,0,0,0,0,0,0,0,0,0,0,0,0,0,0,0,0,0,0,0,0,0,0,0,0,0,1,0,1,0,0,0,1,0,0,0,1,0,0,0,0,0,1,1,0,0,0,0,0,0,0,0,0,1,0,0,0,0,0,0,0,0,0,0,0,0,0,0,0,0,0,0,0,0,0,0,0,0,0,0,0,0,0,0,0,0,0,0,0,0,0,0,0,0,0,0,0,0,0,0,0,0,0,0,0,0,0,0,0,0,0,0,0,0,0,0,0,0,0,0,0,0,0,0,0,0,0,0,0,0,0,0,0,0,0,0,0,0,0,0,0,0,0,0,0,0,0,0,0,0,0,0,0,1,0,0,0,0,0,0,0,0,0,0,0,0,0,0,0,0,0,0,0,0,1,0,0,0,0,0,0,0,0,0,0,0,0,0,0,0,0,0,0,0,0,0,0,0,0,0,0,0,0,1,0,0,0,0,0,0,0,0,0,0,0,1,0,0,0,0,0,0,0,0,0,0,0,0,0,0,0,1,0,0,0,0,0,0,0,0,0,0,0,0,0,0,0,0,0,0,0,0,0,0,0,0,0,0,0,0,0,0,1,0,0,0,0,0,0,0,0,0,0,0,0,0,0,0,0,0,0,0,0,0,0,0,0,0,0,0,0,0,0,1,0,1,0,1,0,0,0,0,0,0,0,0,0,0,0,0,0,0,0,0,0,0,0,0,0,0,0,0,0,0,0,0,0,0,0,0,0,0,0,0,0,0,0,0,0,0,0,0,0,0,0,0,0,0,0,0,0,0,0,0,0,0,0,0,0,0,0,0,0,0,0,0,0,0,0,0,0,0,0,0,0,0,0,0,0,0,0,0,0,0,0,0,0,0,0,0,0,0,0,27,1
294,Male,0,3,361,11.9,2,1,0,0,1,1,0,1,0,1,1,0,1,0,0,1,0,1,1,1,1,0,1,1,1,0,0,0,0,0,1,0,0,0,1,0,0,0,1,0,0,0,0,0,1,0,0,1,0,0,1,1,1,1,0,1,0,1,0,1,1,1,0,0,1,0,1,1,1,0,0,0,0,0,0,0,1,0,1,0,0,0,0,0,0,0,0,0,0,0,0,0,0,1,0,0,0,0,0,0,0,0,0,0,0,0,0,0,0,0,0,0,0,1,0,0,1,0,1,0,0,0,0,0,0,1,0,0,0,1,0,0,0,0,1,1,0,1,0,0,1,1,0,0,0,1,0,0,0,0,0,0,0,1,0,1,1,0,0,0,1,1,0,0,0,0,0,0,0,0,0,1,0,0,0,1,0,0,1,1,0,1,0,0,0,0,1,0,0,0,0,1,0,0,0,0,0,0,0,1,0,1,0,1,0,0,0,0,0,0,0,0,0,0,0,0,0,0,0,1,1,0,0,0,0,0,0,0,1,0,0,0,0,0,0,1,1,0,0,1,1,0,0,0,1,0,1,0,0,0,0,0,1,1,0,0,1,0,1,0,0,0,0,0,0,0,0,0,0,0,0,0,0,0,1,0,0,0,1,0,0,0,0,0,0,0,0,1,0,0,0,0,0,0,0,0,0,0,0,0,0,0,0,0,0,0,0,0,0,0,0,0,0,0,0,0,0,0,1,0,1,0,1,0,0,0,0,0,0,0,0,0,0,0,0,0,0,0,0,0,0,0,1,0,0,0,0,0,0,0,0,0,0,0,0,0,0,0,0,0,0,0,0,0,0,1,0,0,0,0,0,0,0,0,0,0,0,0,0,0,0,0,0,0,0,0,0,0,0,0,0,0,0,0,0,0,0,0,0,0,0,0,0,0,0,0,0,0,0,0,0,0,0,0,0,0,0,1,85,1
294,Male,0,3,441,14.5,2,1,0,0,1,1,0,1,0,2,1,0,1,0,0,1,1,1,1,1,1,0,1,1,1,0,0,1,0,0,1,0,0,1,1,0,0,0,1,0,0,1,1,0,1,0,0,1,1,0,1,1,1,1,1,1,1,1,1,1,1,1,0,0,1,1,1,1,1,1,0,1,0,1,0,0,1,0,1,0,1,0,0,0,1,0,1,1,0,1,0,0,0,1,1,0,0,0,1,0,0,0,1,0,0,0,0,1,0,0,0,1,0,1,1,1,1,0,1,0,0,1,0,0,1,1,0,0,0,1,0,1,1,1,1,1,0,1,1,0,1,1,1,0,1,1,0,0,0,1,0,1,0,1,0,1,1,0,1,0,1,1,0,0,1,0,0,0,0,0,1,1,1,0,0,1,0,1,1,1,0,1,0,0,1,1,1,1,0,0,1,1,1,1,0,0,0,0,0,1,0,1,0,1,0,0,0,0,0,0,1,0,1,0,0,1,0,0,1,1,1,1,0,0,1,0,0,0,2,0,0,0,0,0,0,1,2,0,0,2,1,0,0,0,1,1,1,0,0,1,1,1,1,1,1,1,1,0,1,0,1,1,0,0,0,1,0,0,0,0,1,0,0,1,1,0,1,1,1,0,0,0,0,0,0,0,1,1,0,0,1,0,0,1,0,0,0,1,0,0,1,0,0,1,1,0,1,1,1,1,0,0,0,0,0,1,1,1,1,1,1,1,1,0,0,1,1,1,1,0,0,0,1,0,0,0,0,0,1,0,1,0,1,0,1,0,0,0,1,0,1,0,1,0,0,0,0,0,0,0,0,0,0,0,0,1,0,1,1,1,0,0,0,0,0,0,0,0,0,0,0,0,0,0,0,0,0,0,0,0,0,0,0,0,1,0,0,0,0,0,0,1,0,0,0,0,0,0,0,0,0,0,0,0,0,0,0,1,182,5
296,Male,0,2,429,14.1,0,0,0,0,0,0,0,1,0,0,2,0,0,0,0,0,0,0,0,0,0,0,0,0,1,0,0,0,0,0,0,0,0,0,0,0,0,0,0,0,0,0,0,0,0,0,0,0,0,0,0,0,0,0,0,0,0,0,0,0,2,1,0,0,0,0,0,0,0,0,0,0,0,0,0,0,0,0,0,0,0,0,0,0,0,0,1,0,0,0,0,0,0,0,0,1,0,0,0,0,0,0,0,0,0,0,0,0,0,0,0,0,0,0,0,0,0,0,0,0,0,0,0,0,0,0,0,0,0,0,0,0,0,0,0,0,0,0,0,0,0,0,0,0,0,0,0,0,0,0,0,0,0,0,0,0,0,0,0,0,0,0,0,0,0,0,0,0,0,0,0,0,0,0,0,0,0,0,0,0,0,0,0,0,0,0,0,0,0,0,0,0,0,0,0,0,0,0,0,0,0,0,0,0,0,0,0,0,0,0,0,0,0,0,0,0,0,0,0,0,0,0,0,0,0,0,0,0,1,0,0,0,0,0,0,1,0,0,0,1,0,0,0,0,0,0,0,0,0,0,2,0,0,0,1,0,1,0,0,0,0,0,0,0,0,0,0,0,0,0,0,0,0,0,0,0,0,0,0,0,0,0,0,0,0,0,0,0,0,0,0,0,0,0,0,0,0,0,0,0,0,0,0,0,0,0,0,0,0,0,0,0,0,0,0,0,0,0,0,0,0,0,0,0,0,0,0,0,0,0,0,0,0,0,0,0,0,0,0,0,0,0,0,0,0,0,0,0,0,0,0,0,0,0,0,0,0,0,0,0,0,0,0,0,0,0,0,0,0,0,0,0,0,0,0,0,0,0,0,0,0,0,0,0,0,0,0,0,0,0,0,0,0,0,0,0,0,0,0,0,0,0,0,0,0,0,0,0,0,0,0,0,0,0,0,0,0,0,13,3
296,Male,0,2,459,15.1,0,0,0,0,0,0,0,1,0,0,2,0,0,0,0,0,0,0,1,0,0,0,1,0,1,0,0,0,0,0,0,0,0,0,0,0,0,0,0,0,0,0,0,0,0,0,0,0,0,0,0,0,0,0,0,0,0,0,0,0,2,1,0,0,0,0,0,0,0,0,0,0,0,0,0,0,0,0,0,0,0,0,0,0,0,0,1,0,0,0,0,0,0,0,0,1,0,0,0,0,0,0,0,0,0,0,0,0,0,0,0,0,0,0,0,0,0,0,0,0,0,0,0,0,0,0,0,0,0,0,0,0,0,0,0,0,0,0,0,0,0,0,0,0,0,0,0,0,0,0,0,0,0,0,0,0,0,0,0,0,0,0,0,0,0,0,0,0,0,0,0,0,0,0,0,0,0,0,0,0,0,0,0,0,0,0,0,0,0,0,0,0,0,0,0,0,0,0,0,0,0,0,0,0,0,0,0,0,0,0,0,0,0,0,0,0,0,0,0,0,0,0,0,0,0,0,0,0,1,0,0,0,0,0,0,1,0,0,0,1,0,0,0,0,0,0,0,0,0,1,2,0,0,0,1,0,1,0,0,0,0,0,0,0,0,0,0,0,0,0,0,0,0,0,0,0,0,0,0,0,0,0,0,0,0,0,0,0,0,0,0,0,0,0,0,0,0,0,0,0,0,0,0,0,0,0,0,0,0,0,0,0,0,0,0,0,0,0,0,0,0,0,0,0,0,0,0,0,0,0,0,0,0,0,0,0,0,0,0,0,0,0,0,0,0,0,0,0,0,0,0,0,0,0,0,0,0,0,0,0,0,0,0,0,0,0,0,0,0,0,0,0,0,0,0,0,0,0,0,0,0,0,0,0,0,0,0,0,0,0,0,0,0,0,0,0,0,0,0,0,0,0,0,0,0,0,0,0,0,0,0,0,0,0,0,0,0,0,16,3
298,Male,0,4,280,9.2,2,0,0,2,0,0,0,0,0,0,0,0,0,0,0,0,0,0,0,0,0,0,0,0,0,0,0,0,0,0,0,0,0,0,0,0,0,0,0,0,0,0,0,0,0,0,0,0,0,0,0,0,0,0,0,0,0,0,0,0,0,0,0,0,0,0,0,0,0,0,0,0,0,0,0,0,0,0,0,0,0,0,0,0,0,0,0,0,0,0,0,0,0,0,0,0,0,0,0,0,0,0,0,0,0,0,0,0,0,0,0,0,0,0,0,0,0,0,0,0,0,0,0,0,0,0,0,0,0,0,0,0,0,0,0,0,0,0,0,0,0,0,0,0,0,0,0,0,0,0,0,0,0,0,0,0,0,0,0,0,0,0,0,0,0,0,0,0,0,0,0,0,0,0,0,0,0,0,0,0,0,0,0,0,0,0,0,0,0,0,0,0,0,0,0,0,0,0,0,0,0,0,0,0,0,0,0,0,0,0,0,0,0,0,0,0,0,0,0,0,0,0,0,0,0,0,0,0,0,0,0,0,0,0,0,0,0,0,0,0,0,0,0,0,0,0,0,0,0,0,0,0,0,0,0,0,0,0,0,0,0,0,0,0,0,0,0,0,0,0,0,0,0,0,0,0,0,0,0,0,0,0,0,0,0,0,0,0,0,0,0,0,0,0,0,0,0,0,0,0,0,0,0,0,0,0,0,0,0,0,0,0,0,0,0,0,0,0,0,0,0,0,0,0,0,0,0,0,0,0,0,0,0,0,0,0,0,0,0,0,0,0,0,0,0,0,0,0,0,0,0,0,0,0,0,0,0,0,0,0,0,0,0,0,0,0,0,0,0,0,0,0,0,0,0,0,0,0,0,0,0,0,0,0,0,0,0,0,0,0,0,0,0,0,0,0,0,0,0,0,0,0,0,0,0,0,0,0,0,0,0,0,0,0,0,0,0,0,0,2
298,Male,0,4,482,15.8,2,0,2,2,1,2,0,2,0,0,2,2,0,0,0,0,0,0,1,0,1,0,1,0,2,0,1,0,1,0,1,0,0,1,1,0,0,0,1,0,0,1,0,0,0,0,0,0,0,0,0,0,0,0,0,0,0,0,0,0,1,0,0,0,0,0,0,0,0,0,0,0,0,0,0,0,0,0,0,0,2,0,0,0,0,0,0,0,0,0,0,0,0,0,1,0,0,0,0,0,0,0,0,0,0,0,0,0,0,0,0,0,0,1,0,0,0,0,0,0,0,0,0,0,0,1,0,0,0,0,0,1,1,0,1,0,0,0,0,0,0,2,0,0,1,0,0,0,0,0,0,0,0,1,0,0,0,0,0,0,0,0,1,0,0,0,0,0,0,0,0,0,0,0,0,0,0,0,0,0,0,1,0,0,0,0,0,0,0,0,0,0,0,0,0,0,0,0,0,0,0,1,0,1,0,0,0,0,0,0,0,0,0,0,0,0,0,0,0,0,1,0,0,0,0,0,0,0,2,0,0,0,0,0,0,0,0,0,0,1,0,0,0,0,1,0,0,0,0,1,0,0,0,0,0,0,0,0,2,0,0,0,0,0,0,0,0,0,0,0,0,0,0,0,0,0,0,0,0,0,0,0,0,0,0,0,0,0,0,0,0,0,0,0,0,0,0,0,0,0,0,0,0,0,0,0,0,0,0,0,0,0,0,0,0,0,0,0,0,0,0,0,0,0,0,0,0,0,0,0,0,0,1,0,0,0,0,0,0,0,0,0,0,0,0,0,0,0,0,0,0,0,0,0,0,0,0,1,0,0,0,0,0,0,0,0,0,0,0,0,0,0,0,0,1,0,0,0,0,0,0,0,0,0,0,0,0,0,0,0,0,0,0,0,0,0,0,0,0,0,0,0,0,0,0,0,1,0,0,0,0,0,0,0,0,0,0,0,44,12
298,Male,0,4,541,17.8,2,0,2,2,2,2,0,2,0,2,2,2,0,0,2,1,0,0,1,1,1,0,1,1,2,1,2,2,1,0,1,0,0,1,1,1,1,0,1,0,0,1,1,0,1,0,0,0,0,1,1,0,1,1,1,0,0,2,1,1,1,0,0,0,1,0,1,1,1,1,0,1,1,0,1,1,0,0,1,0,2,1,0,0,1,0,1,1,0,1,0,0,0,0,1,0,1,0,1,1,0,0,1,1,0,1,0,1,0,0,0,1,1,1,1,1,0,0,1,1,1,1,0,0,0,1,0,0,0,2,2,2,1,0,1,0,0,0,0,0,0,2,0,0,1,1,0,0,1,0,0,0,0,1,1,1,0,0,0,0,1,1,1,0,0,1,0,0,0,0,0,1,1,0,0,0,0,0,0,1,0,1,0,0,0,0,0,1,0,0,0,1,0,0,0,0,1,0,0,1,0,1,0,1,0,0,0,0,0,0,0,0,1,0,0,0,0,0,2,1,1,0,0,0,0,0,0,0,2,0,0,0,0,0,0,0,2,0,0,2,0,0,0,0,1,0,2,0,0,1,0,0,0,0,1,0,2,0,2,0,0,1,0,0,0,1,0,0,0,0,0,0,0,0,0,0,1,0,1,0,0,1,0,0,0,0,1,0,0,0,0,0,1,0,0,0,0,1,0,0,2,0,0,1,0,0,0,0,0,0,0,0,0,0,0,1,1,0,0,1,1,0,0,0,0,1,0,0,0,0,0,0,2,0,0,0,0,0,1,0,0,0,0,0,0,0,0,0,0,0,0,0,0,0,0,0,0,1,0,0,0,0,0,0,0,0,0,0,0,0,0,0,0,0,1,0,0,0,0,0,0,0,0,0,0,0,0,0,0,0,0,0,0,0,0,0,0,0,2,1,0,1,1,0,0,0,2,0,1,0,2,0,0,0,0,0,0,0,138,31
298,Male,0,4,714,23.5,2,2,2,2,2,2,2,2,2,2,2,2,0,2,2,2,2,2,2,2,2,0,2,2,2,2,2,2,2,0,2,0,0,2,2,2,2,1,2,0,0,2,2,1,2,0,2,2,2,2,2,1,2,2,1,2,2,2,2,2,2,2,2,2,2,2,2,2,2,2,0,2,2,2,2,2,2,0,2,2,2,2,2,2,2,2,2,2,2,2,1,0,2,2,1,2,2,2,2,2,1,1,2,2,2,2,2,2,2,2,0,2,2,2,2,2,2,2,2,2,2,2,1,2,2,2,0,2,2,2,2,2,2,1,2,1,2,1,2,1,1,2,0,1,2,2,0,0,2,2,0,2,2,2,2,2,2,2,2,0,1,2,2,2,2,2,2,2,2,2,2,2,2,2,0,2,2,2,2,2,1,2,2,1,2,2,2,2,2,0,2,2,0,2,2,0,2,1,2,2,1,2,1,2,1,0,2,2,0,0,1,1,2,0,0,0,0,0,2,2,2,1,2,0,2,2,0,0,2,0,2,0,0,0,2,0,2,0,2,2,2,0,0,0,2,2,2,0,1,2,0,2,1,1,2,0,2,2,2,2,2,2,0,2,1,1,1,1,0,0,0,2,0,0,1,0,2,2,2,1,1,1,1,0,1,1,1,1,2,1,0,1,1,0,0,2,2,1,0,2,2,2,0,2,2,1,2,1,1,1,2,0,0,2,0,2,2,2,2,2,2,2,2,1,0,2,2,2,2,0,0,0,2,0,1,2,2,2,2,2,0,0,2,1,1,0,0,0,1,0,1,0,2,1,0,0,0,1,2,0,0,0,2,0,0,1,0,0,1,2,0,0,0,0,1,0,0,0,0,2,0,0,0,0,0,0,0,0,0,0,2,2,0,0,0,0,1,2,2,2,0,2,2,1,2,0,2,0,2,0,2,0,0,0,0,0,0,0,301,240
299,Male,0,4,435,14.3,2,0,0,0,0,2,0,2,2,0,1,0,0,0,0,1,1,1,1,1,1,0,1,0,2,1,1,1,1,0,0,0,0,1,1,0,0,1,1,0,0,0,1,0,1,0,0,0,0,0,0,0,0,1,0,0,1,1,1,0,2,2,0,0,1,1,2,2,1,0,0,0,0,0,0,0,0,1,1,0,1,1,0,0,1,0,1,1,0,0,0,0,0,1,0,1,0,0,1,1,0,0,1,0,0,1,1,1,1,1,0,1,1,1,0,0,0,0,0,0,1,1,0,0,0,1,0,1,0,1,0,1,1,0,2,0,1,0,0,0,0,2,0,0,0,0,0,0,0,0,0,0,0,0,0,0,1,0,0,0,1,0,0,0,0,0,0,0,1,0,0,0,0,0,0,0,0,0,0,0,0,0,0,0,0,0,1,0,0,0,1,1,0,1,0,0,0,0,0,0,0,1,0,0,0,0,0,0,0,0,0,0,0,0,0,0,0,0,0,1,1,1,0,2,2,0,0,0,2,0,0,0,0,0,0,0,2,0,0,2,2,0,0,0,0,0,2,0,0,0,0,0,0,2,0,1,1,0,0,0,0,0,0,0,1,0,0,0,0,0,0,0,0,0,1,0,0,0,1,0,0,1,0,0,0,0,0,0,0,0,0,0,0,0,0,0,0,0,0,0,0,0,0,0,0,0,1,0,1,0,0,0,0,0,0,0,0,0,1,1,0,0,0,0,0,0,0,0,1,0,0,0,2,1,0,0,0,0,0,0,0,0,0,0,0,0,0,0,0,0,0,0,0,0,0,0,0,0,0,0,0,0,0,0,0,0,0,0,0,0,0,0,0,0,0,0,0,0,0,0,0,0,0,0,0,0,0,0,0,0,0,0,0,0,0,0,0,0,0,0,0,0,0,0,0,0,0,0,0,0,0,0,0,0,0,0,0,0,96,20
299,Male,0,4,478,15.7,2,2,0,2,2,2,0,2,2,0,2,0,2,0,1,1,1,1,1,1,1,0,1,1,2,1,1,1,1,0,1,0,0,1,1,1,1,1,1,0,0,1,1,1,1,0,0,1,0,1,1,0,1,1,1,1,1,1,1,1,2,2,0,0,2,2,1,2,1,0,0,0,0,0,2,0,0,1,1,0,1,1,0,0,1,0,1,1,0,0,0,0,2,1,0,2,0,2,2,2,1,0,1,1,1,1,2,2,1,1,0,1,1,1,1,2,0,1,1,0,1,2,0,0,1,1,1,1,0,1,0,1,1,0,2,1,2,0,1,0,1,2,0,0,1,1,1,1,0,0,0,0,0,1,0,0,1,0,0,0,1,0,0,0,0,0,0,0,1,1,0,1,0,0,0,0,0,1,0,0,0,0,0,0,0,0,1,0,0,0,1,1,0,1,0,0,0,0,0,0,0,1,0,0,0,0,0,0,0,0,0,0,0,0,0,0,0,0,0,1,1,1,1,2,2,2,0,0,2,0,0,0,0,0,1,1,2,0,2,1,2,0,0,0,2,1,2,0,0,2,2,0,0,2,2,1,2,0,1,2,0,0,0,0,1,1,0,0,0,0,0,0,0,0,1,0,1,0,1,0,0,1,0,0,0,0,0,0,0,0,0,0,0,0,0,0,0,0,0,0,0,0,0,0,0,0,1,0,1,0,0,0,0,0,0,0,0,0,1,1,0,0,0,0,0,0,2,1,1,0,0,0,2,1,0,0,0,0,0,0,0,0,2,0,0,0,0,1,0,0,2,0,0,0,0,0,0,0,0,0,1,0,0,0,0,0,0,0,0,0,0,0,0,0,0,0,0,0,0,0,0,0,0,0,0,0,0,0,0,0,0,0,0,0,0,0,0,0,0,0,0,0,0,0,0,0,0,0,0,0,0,0,0,0,0,0,0,0,157,47
299,Male,0,4,617,20.3,2,2,0,2,2,2,2,2,2,2,2,2,2,2,2,2,2,2,2,2,2,0,2,1,2,2,2,2,2,0,2,0,0,2,2,2,2,2,2,0,0,2,2,2,2,0,2,2,2,2,1,2,2,2,2,2,2,2,2,2,2,2,0,0,2,2,2,2,2,0,2,2,2,2,2,2,2,2,2,2,2,2,2,2,2,0,2,2,1,2,0,2,2,2,2,2,0,2,2,2,2,2,2,2,2,2,2,2,2,2,2,2,2,2,2,2,0,2,2,0,2,2,2,0,2,2,1,1,0,2,0,2,2,2,2,1,2,1,2,1,2,2,0,0,2,2,2,2,0,0,0,2,0,1,2,2,2,0,0,0,2,2,2,2,2,0,0,0,2,2,2,2,2,0,0,2,0,2,0,2,2,2,2,0,2,2,2,0,2,0,2,2,0,2,0,0,2,0,0,0,0,2,0,2,0,2,0,0,0,2,0,0,0,1,0,2,0,0,1,1,1,2,1,2,2,2,0,0,2,0,0,0,0,0,1,2,2,2,2,2,2,2,0,2,2,2,2,0,1,2,2,2,2,2,2,2,2,2,2,2,1,2,2,2,1,2,0,0,0,1,1,0,1,2,2,0,2,0,2,0,1,1,2,0,2,2,1,1,0,0,0,0,0,2,2,0,2,2,0,2,2,2,0,0,2,0,1,0,1,0,0,2,0,0,0,0,2,2,1,1,2,2,0,0,0,2,2,2,2,1,2,0,2,2,0,0,0,0,2,0,2,2,2,2,0,0,0,2,2,0,2,0,0,0,2,2,0,0,0,0,2,2,2,0,0,0,0,0,2,0,2,0,0,0,0,0,0,0,0,0,2,0,0,0,0,0,0,0,0,2,2,0,0,0,0,0,0,2,2,0,0,2,2,0,0,0,0,0,0,2,0,0,0,0,0,0,1,0,264,233
299,Male,0,4,723,23.8,2,2,2,2,2,2,2,2,2,2,2,2,2,2,2,2,2,2,2,2,2,2,2,2,2,2,2,2,2,0,2,0,0,2,2,2,2,2,2,0,0,2,2,2,2,0,2,2,2,2,2,2,2,2,2,2,2,2,2,2,2,2,0,0,2,2,2,2,2,2,2,2,2,2,2,2,2,2,2,2,2,2,2,2,2,0,2,2,2,2,2,2,2,2,2,2,2,2,2,2,2,2,2,2,2,2,2,2,2,2,2,2,2,2,2,2,2,2,2,2,2,2,2,0,2,2,2,2,0,2,0,2,2,2,2,2,2,2,2,2,2,2,0,0,2,2,2,2,2,0,0,2,2,2,2,2,2,2,0,0,2,2,2,2,2,2,2,0,2,2,2,2,2,2,2,2,0,2,2,2,2,2,2,2,2,2,2,2,2,0,2,2,2,2,0,0,2,0,0,2,0,2,0,2,2,2,0,2,0,2,2,0,2,2,0,2,2,2,2,2,2,2,1,2,2,2,0,0,2,0,0,2,2,0,2,2,2,2,2,2,2,2,0,2,2,2,2,0,2,2,2,2,2,2,2,2,2,2,2,2,2,2,2,2,1,2,0,0,2,2,2,0,2,2,2,0,2,0,2,2,2,2,2,0,2,2,2,2,2,2,2,0,0,2,2,2,2,2,0,2,2,2,2,2,2,2,2,2,2,2,2,2,2,2,2,2,2,2,2,2,2,2,2,0,2,2,2,2,2,2,2,2,2,2,0,2,2,2,2,2,2,2,2,2,2,2,0,2,2,2,2,0,2,2,2,2,0,2,2,1,2,2,2,0,0,2,2,2,2,2,2,0,0,0,0,0,0,0,2,2,2,0,2,2,0,0,0,2,2,2,2,2,2,0,2,2,2,2,2,2,0,2,2,2,2,0,2,0,2,2,2,0,2,2,0,2,1,2,347,343
300,Male,0,3,366,12,0,0,0,0,0,0,0,0,0,0,0,0,0,0,0,0,0,0,0,0,0,0,0,0,0,0,0,0,0,0,0,0,0,0,0,0,0,0,0,0,0,0,0,0,0,0,0,0,0,0,0,0,0,0,0,0,0,0,0,0,0,0,0,0,0,0,0,0,0,0,0,0,0,0,0,0,0,0,0,0,0,0,0,0,1,0,0,0,0,0,0,0,0,0,0,0,0,0,0,0,0,0,0,0,0,0,0,0,0,0,0,0,0,0,0,0,0,0,0,0,0,0,0,0,0,0,0,0,0,0,0,0,0,0,1,0,0,0,0,0,0,0,0,0,0,0,0,0,0,0,0,0,0,0,0,0,0,0,0,0,0,0,0,0,0,0,0,0,0,0,0,0,0,0,0,0,0,0,0,0,0,0,0,0,0,0,0,0,0,0,0,0,0,0,0,0,0,0,0,0,0,0,0,0,0,0,0,0,0,0,0,0,0,0,0,0,0,0,0,0,0,0,0,0,0,0,0,0,0,0,0,0,0,0,0,0,0,0,0,0,2,0,0,0,0,0,1,0,0,2,1,0,0,0,2,0,1,0,1,0,0,0,0,2,1,0,0,0,0,0,0,0,0,0,1,0,0,0,0,0,0,0,0,0,0,0,0,0,0,0,0,0,0,0,0,0,0,0,0,0,0,0,0,0,0,0,0,0,0,0,0,0,0,0,0,0,0,0,0,0,0,0,0,0,0,0,0,0,0,0,0,0,2,0,0,0,0,0,1,0,0,0,0,0,0,0,0,0,1,0,0,0,0,0,0,0,0,1,1,0,0,0,0,0,0,0,0,0,0,0,0,0,0,0,0,0,0,0,0,0,0,0,0,0,0,0,0,0,0,0,0,0,0,0,0,0,0,0,0,0,0,0,0,0,1,0,1,0,0,0,0,0,0,0,0,0,0,0,19,5
300,Male,0,3,462,15.2,1,0,0,0,0,0,0,1,0,0,0,0,0,0,0,0,0,0,1,0,0,0,1,0,1,0,0,0,0,0,0,0,0,0,0,0,0,1,0,0,0,0,0,0,0,0,0,0,0,1,0,0,0,1,0,0,0,1,0,0,1,1,0,0,0,0,0,1,0,0,0,0,0,0,0,0,0,0,0,0,0,0,0,0,1,0,0,0,0,0,0,0,0,0,0,0,1,0,0,0,0,0,0,0,1,0,0,0,0,0,0,1,0,1,0,0,0,0,0,0,1,0,0,0,0,1,0,0,0,0,0,1,0,0,1,1,1,0,0,0,0,0,0,0,0,0,0,0,1,0,0,0,0,0,0,0,0,0,0,0,0,0,0,0,0,0,0,0,0,0,0,0,0,0,0,0,0,0,0,0,0,0,0,0,0,0,1,0,0,0,0,0,0,0,0,0,0,0,0,0,0,1,0,0,0,0,0,0,0,0,0,0,0,0,0,0,0,0,0,0,0,0,0,0,1,0,0,0,2,0,0,0,0,0,1,0,1,0,0,2,2,0,0,1,1,0,1,0,0,2,2,0,0,1,2,0,1,0,2,0,0,0,0,2,1,0,0,0,0,0,0,0,0,0,1,0,0,0,1,0,0,0,0,0,0,0,0,1,0,0,0,0,0,0,0,0,0,0,0,0,1,0,0,0,0,0,0,0,0,0,0,0,0,0,0,0,0,0,0,0,1,0,0,0,0,0,0,0,0,0,0,0,2,0,0,0,0,0,1,0,0,0,0,0,0,0,0,0,1,0,0,0,0,0,0,0,0,1,1,0,0,0,0,0,0,0,0,1,0,0,0,0,0,0,0,0,0,0,0,1,0,0,0,0,0,0,0,0,0,0,0,0,0,0,0,0,0,0,0,0,0,0,0,0,1,0,2,0,0,0,0,0,0,0,0,0,1,0,58,10
300,Male,0,3,526,17.3,1,0,2,0,0,2,2,1,0,0,1,0,0,0,0,1,0,0,1,1,1,0,1,0,1,0,0,0,0,0,0,0,0,0,1,0,0,1,0,0,0,0,0,0,0,0,0,0,0,1,1,0,0,2,1,0,0,1,1,0,1,1,0,0,1,1,1,2,1,1,0,1,0,0,1,1,0,0,1,0,1,1,1,1,1,0,1,0,0,0,0,0,1,1,1,0,1,0,1,1,1,0,0,0,1,1,1,1,1,0,0,1,0,1,1,0,1,0,1,0,1,1,1,0,0,1,0,1,0,1,0,1,0,0,1,1,1,1,1,1,1,1,1,0,1,1,1,0,1,1,0,1,0,0,1,1,0,1,0,0,0,1,1,1,0,1,0,0,1,0,1,1,1,0,0,0,0,1,1,1,0,0,1,0,1,1,1,0,0,0,0,0,0,1,0,0,1,0,0,1,0,1,0,1,1,1,0,0,0,0,1,0,0,1,0,1,0,0,1,1,1,0,1,1,1,0,0,0,2,0,0,0,0,0,1,2,2,0,0,2,2,0,0,1,1,1,2,1,1,2,2,1,1,1,2,0,1,1,2,1,1,1,1,2,1,0,1,1,0,0,0,1,0,1,1,0,1,1,1,1,0,1,0,1,1,0,1,1,1,1,1,1,1,1,0,1,1,1,0,0,1,1,0,1,1,0,1,1,1,1,1,1,0,1,1,1,0,1,1,0,1,0,1,0,1,0,1,1,0,1,1,0,2,1,0,0,0,0,1,0,1,1,1,0,1,0,0,1,1,0,1,0,1,1,0,0,1,1,1,0,0,0,1,1,1,1,1,1,1,0,0,0,0,0,1,1,0,0,0,1,1,0,0,0,0,0,0,0,0,0,1,0,0,0,1,0,0,0,1,0,1,1,1,1,1,0,2,0,0,0,1,0,0,0,0,0,1,1,221,18
303,Female,0,2,662,21.8,2,2,0,0,2,2,2,2,2,0,2,2,1,2,2,2,2,2,2,2,2,0,2,0,2,2,2,2,2,0,2,2,0,1,2,2,2,2,2,0,1,2,1,1,0,0,2,1,2,2,2,1,2,2,0,2,2,2,2,0,2,2,1,1,2,2,2,2,2,2,2,2,2,2,2,2,2,0,1,2,2,1,2,1,1,2,2,2,2,2,0,0,2,1,2,1,2,0,2,2,1,2,2,1,2,2,2,1,2,1,2,2,2,2,2,2,2,2,2,1,1,2,0,2,2,2,1,2,0,2,0,2,2,2,2,1,2,1,2,1,2,2,0,0,2,2,2,0,2,2,0,2,1,2,2,2,1,0,0,0,2,1,2,2,0,2,0,0,2,2,1,1,2,1,1,2,0,2,2,2,2,2,2,0,2,2,2,1,1,0,1,2,0,2,0,0,2,1,0,0,0,2,0,2,1,2,0,2,1,2,1,1,2,0,0,2,2,2,2,2,2,2,2,0,2,2,0,0,2,2,0,2,0,0,2,2,2,1,1,2,0,2,0,0,2,2,2,1,1,2,0,0,0,2,2,0,2,2,2,2,2,1,1,2,1,1,1,0,2,0,2,2,1,1,2,0,2,2,1,0,0,1,0,0,1,0,1,1,1,0,1,1,0,1,0,2,1,2,0,1,1,0,0,2,1,2,1,1,1,0,2,0,0,1,1,1,2,1,0,2,1,2,2,0,0,1,2,2,2,2,1,1,2,0,0,2,0,2,1,1,2,2,2,0,0,0,0,1,1,0,0,0,2,1,2,2,0,2,0,0,0,0,0,0,0,0,0,0,0,2,0,0,1,0,1,1,0,0,0,0,1,1,1,0,0,0,0,1,0,1,2,0,2,1,1,0,0,2,0,2,1,2,2,2,2,1,0,0,2,0,2,0,0,0,0,2,0,0,296,204
303,Female,0,2,854,28.1,2,2,2,0,2,2,2,2,2,1,2,2,2,2,2,2,2,2,2,2,2,0,2,2,2,2,2,2,2,2,2,2,2,2,2,2,2,2,2,0,2,2,2,2,2,0,2,2,2,2,2,2,2,2,1,2,2,2,2,0,2,2,2,2,2,2,2,2,2,2,2,2,2,2,2,2,2,2,2,2,2,2,2,2,2,2,2,2,2,2,2,0,2,1,2,2,2,2,2,2,2,2,2,2,2,2,2,2,2,2,2,2,2,2,2,2,2,2,2,2,1,2,1,2,2,2,2,2,0,2,0,2,2,2,2,2,2,2,2,2,2,2,2,2,2,2,2,0,2,2,1,2,2,2,2,2,2,2,2,2,2,2,2,2,2,2,1,0,2,2,2,2,2,2,2,2,2,2,2,2,2,2,2,1,2,2,2,2,2,1,2,2,0,2,1,1,2,2,0,1,0,2,0,2,2,2,1,2,2,2,2,1,2,1,0,2,2,2,2,2,2,2,2,0,2,2,2,1,2,2,2,2,0,2,2,2,2,2,2,2,0,2,0,0,2,2,2,2,2,2,0,2,2,2,2,2,2,2,2,2,2,2,2,2,2,2,2,1,2,1,2,2,2,2,2,1,2,2,2,2,2,2,2,2,2,2,2,2,2,2,1,2,2,1,0,2,2,2,2,2,2,2,2,2,2,2,2,2,2,1,2,1,1,2,2,2,2,2,1,2,2,2,2,2,1,2,2,2,2,2,1,1,2,1,2,2,2,2,2,2,2,2,2,2,2,1,0,1,2,2,2,1,2,2,2,2,0,2,1,0,2,2,2,2,2,1,2,1,2,2,2,0,1,0,2,2,1,0,0,2,1,2,1,0,0,0,0,2,2,2,2,2,2,1,1,0,0,2,2,2,1,2,2,2,2,2,2,0,2,0,2,0,2,0,0,2,2,2,378,336
304,Female,0,3,603,19.8,2,2,1,2,2,2,1,2,2,2,2,2,1,1,1,2,2,1,2,1,2,1,2,1,2,1,2,1,1,1,2,1,1,2,2,1,1,2,1,1,1,1,1,1,1,1,1,1,1,1,1,1,1,1,1,1,1,2,1,1,2,2,1,1,2,1,2,2,1,1,1,1,1,2,2,2,1,1,2,2,2,1,1,1,2,1,2,1,2,1,1,1,1,2,1,1,1,1,2,2,1,1,1,2,2,2,1,1,1,1,1,2,2,2,2,1,2,1,2,1,1,2,0,0,1,2,0,2,1,2,1,2,1,0,2,1,2,1,1,1,2,1,0,0,1,1,1,1,1,1,0,1,0,2,1,1,1,1,1,0,2,1,1,1,1,1,0,1,2,1,1,2,1,1,1,1,0,1,2,1,1,1,1,1,1,1,2,2,1,0,2,1,0,1,0,0,2,0,0,1,0,2,1,1,1,1,1,1,0,1,1,1,1,0,1,0,1,1,2,1,1,2,1,1,2,1,1,1,2,1,1,1,0,1,1,2,2,1,1,2,0,1,0,1,2,2,2,2,1,1,1,1,1,1,2,0,2,1,1,1,1,1,1,2,1,1,1,1,1,1,1,0,1,1,2,1,1,1,2,1,1,2,1,1,1,1,1,1,1,1,1,1,1,1,1,2,1,2,1,1,1,1,1,1,1,1,1,1,1,1,1,1,1,1,1,1,1,1,1,1,1,1,2,1,1,1,2,1,1,1,1,1,2,1,1,1,0,0,1,1,1,1,1,1,1,1,0,1,1,0,1,1,2,1,1,1,0,1,1,0,1,0,1,1,1,1,1,1,1,1,0,1,1,1,2,1,1,1,1,1,1,1,1,1,1,1,1,1,1,1,2,2,1,1,2,1,1,1,1,1,1,1,1,1,1,1,1,1,2,1,2,1,1,1,1,1,1,1,384,95
304,Female,0,3,647,21.3,2,2,1,2,2,2,2,2,2,2,2,2,2,1,1,2,2,1,2,2,2,1,2,1,2,1,2,1,1,1,2,1,1,2,2,2,1,2,1,1,1,2,1,1,1,1,1,1,1,2,1,1,1,2,1,1,1,2,1,1,2,2,1,1,2,1,2,2,2,2,2,1,2,2,2,2,2,1,2,2,2,1,1,2,2,1,2,1,2,1,1,2,1,2,2,1,1,1,2,2,2,1,1,2,2,2,1,2,2,1,1,2,2,2,2,1,2,1,2,1,1,2,0,0,2,2,0,2,1,2,1,2,1,0,2,1,2,1,2,1,2,1,0,0,1,1,1,1,1,1,0,1,0,2,1,2,1,1,2,0,2,1,1,1,1,1,0,1,2,1,1,2,2,1,1,1,0,1,2,1,1,2,1,1,2,2,2,2,1,0,2,1,0,1,0,0,2,0,0,1,0,2,1,1,1,1,1,1,0,1,1,1,1,0,1,0,1,1,2,1,2,2,1,1,2,1,1,1,2,1,1,1,0,1,1,2,2,1,1,2,0,1,0,1,2,2,2,2,1,2,1,1,1,2,2,0,2,2,1,1,2,1,1,2,1,1,1,1,1,1,1,1,1,1,2,1,2,1,2,1,1,2,1,1,1,1,1,1,1,1,1,1,1,1,1,2,1,2,1,1,1,1,1,1,1,1,1,1,1,1,1,1,1,1,1,1,1,1,1,1,1,2,2,1,1,1,2,1,1,1,1,1,2,1,1,1,1,0,1,1,1,1,1,1,1,1,0,1,1,1,1,1,2,1,1,1,1,1,1,0,1,1,1,1,1,1,1,1,1,1,1,1,1,1,2,1,1,1,1,1,1,1,1,1,1,1,1,1,1,1,2,2,1,1,2,1,1,1,2,1,1,1,1,1,1,1,2,1,2,1,2,1,1,1,1,1,1,1,390,130
304,Female,0,3,826,27.2,2,2,2,2,2,2,2,2,2,2,2,2,2,2,2,2,2,2,2,2,2,2,2,2,2,2,2,2,2,2,2,2,2,2,2,2,2,2,2,2,2,2,2,2,2,1,2,2,2,2,2,2,2,2,2,2,2,2,2,2,2,2,2,2,2,2,2,2,2,2,2,2,2,2,2,2,2,2,2,2,2,2,2,2,2,2,2,2,2,2,2,2,2,2,2,2,2,2,2,2,2,2,2,2,2,2,2,2,2,2,2,2,2,2,2,2,2,2,2,2,2,2,2,2,2,2,2,2,2,2,2,2,2,2,2,2,2,2,2,2,2,2,2,2,2,2,2,2,2,2,0,2,2,2,2,2,2,2,2,2,2,2,2,1,2,2,2,2,2,2,2,2,2,2,2,2,2,2,2,2,2,2,2,2,2,2,2,2,2,2,2,2,2,2,2,2,2,2,2,2,2,2,2,2,2,2,2,2,2,2,2,2,2,2,2,2,2,2,2,2,2,2,2,2,2,2,2,2,2,2,2,2,2,2,2,2,2,2,2,2,2,2,2,2,2,2,2,2,2,2,2,2,2,2,2,2,2,2,2,2,2,2,2,2,2,2,2,2,2,2,2,2,2,2,2,2,2,2,2,2,2,2,2,2,2,2,2,2,2,2,2,2,2,2,2,2,2,2,2,2,2,2,2,2,2,2,2,2,2,2,2,2,2,2,2,2,2,2,2,2,2,2,2,2,2,2,2,2,2,2,2,2,2,2,2,2,2,2,2,2,2,2,2,2,2,2,2,2,2,2,2,2,2,2,2,2,2,2,2,2,2,2,2,2,2,2,2,2,2,2,2,2,2,2,2,2,2,2,2,2,2,2,2,2,2,2,2,2,2,2,2,2,2,2,2,2,2,2,2,2,2,2,2,2,2,2,2,2,2,2,2,2,2,2,2,2,2,2,417,415
307,Female,0,2,553,18.2,1,2,1,2,1,1,2,1,2,2,2,1,1,1,1,1,1,0,1,2,1,0,2,0,1,0,2,1,1,0,1,0,0,1,1,1,0,0,1,0,0,1,1,0,1,0,0,1,1,1,0,1,1,2,1,1,1,2,2,0,2,1,2,2,2,1,1,1,2,1,0,2,1,0,2,2,2,0,2,1,2,1,1,0,2,0,1,0,0,1,1,0,2,1,1,1,0,0,1,1,1,1,1,1,1,2,1,2,1,1,0,2,1,1,1,2,1,0,1,1,1,2,0,0,1,1,1,1,0,2,0,2,1,0,1,1,2,1,2,1,1,2,0,0,1,1,0,0,0,0,0,0,0,2,1,1,1,1,1,0,2,1,1,0,1,1,0,1,2,2,1,1,1,0,0,1,2,1,0,1,1,1,1,0,1,1,2,1,1,0,1,1,1,2,2,1,0,0,0,1,0,1,0,1,1,1,0,1,0,1,1,0,1,1,0,1,1,1,2,2,1,1,0,0,2,1,0,0,2,0,0,0,0,1,1,1,1,1,1,2,2,0,0,0,1,1,2,2,1,2,2,0,0,1,2,1,2,1,2,2,2,1,0,2,1,0,1,1,1,1,1,1,1,1,1,0,2,1,2,1,1,1,1,1,1,1,1,1,1,0,1,1,1,1,0,1,1,1,0,1,1,1,1,1,1,1,1,1,1,1,1,1,0,1,1,1,1,1,2,1,1,1,1,1,1,1,1,1,1,1,1,1,2,2,0,1,0,1,1,2,0,1,1,1,0,1,0,1,1,0,1,0,2,0,0,1,0,1,0,0,0,0,1,0,0,0,0,0,1,1,0,0,0,0,1,1,0,0,1,0,1,0,0,0,0,1,1,0,0,1,1,1,2,1,1,0,1,1,2,1,1,1,1,2,2,1,2,1,1,0,0,0,0,0,0,0,1,1,299,71
307,Female,0,2,627,20.6,2,2,1,2,1,2,2,2,2,2,2,2,1,2,1,2,2,1,2,2,2,0,2,0,1,1,2,2,2,0,1,0,1,2,1,1,1,1,1,0,1,2,1,0,1,0,2,1,2,2,1,1,2,2,1,1,1,2,2,0,2,2,2,2,2,2,2,2,2,1,1,2,1,0,2,2,2,0,2,1,2,2,2,0,2,0,1,1,2,1,1,1,2,2,1,1,0,0,2,2,1,1,1,1,1,2,2,2,1,2,0,2,1,1,2,2,1,1,2,1,1,2,0,0,1,1,1,1,1,2,0,2,1,0,2,1,2,1,2,1,1,2,0,0,2,1,0,0,2,1,0,0,0,2,1,1,1,1,1,0,2,1,2,0,1,2,0,1,2,2,1,2,1,1,0,2,2,2,2,2,2,1,1,0,1,1,2,2,1,0,1,2,1,2,2,1,1,0,1,1,0,1,0,2,1,2,0,2,0,1,1,0,1,1,0,1,1,1,2,2,1,1,1,0,2,1,0,0,2,0,0,0,0,1,1,1,1,2,2,2,2,0,0,0,2,2,2,2,1,2,2,0,0,2,2,2,2,2,2,2,2,1,0,2,1,0,1,1,1,1,1,2,2,1,1,0,2,1,2,1,1,1,1,1,1,1,1,1,1,0,1,1,1,1,0,1,1,2,0,1,2,1,1,1,2,1,1,1,1,1,2,1,0,1,2,1,1,1,2,2,2,1,2,1,1,1,1,1,2,1,1,1,2,2,0,1,0,1,1,2,0,1,1,1,0,1,0,1,1,0,1,0,2,0,0,1,0,1,0,0,1,0,1,0,0,0,0,0,1,1,0,0,0,0,1,1,0,0,1,0,2,0,0,0,0,1,1,0,0,1,1,1,2,2,1,0,1,1,2,1,1,1,1,2,2,1,2,1,2,0,2,0,0,0,0,0,1,1,322,140
309,Male,0,4,501,16.5,0,0,0,0,0,0,1,0,0,0,0,0,0,0,0,0,0,0,0,0,0,0,0,0,0,0,0,0,0,0,0,0,0,0,0,0,0,0,0,0,0,0,0,0,0,0,0,0,0,0,0,0,0,0,0,0,0,0,0,0,0,0,0,0,0,0,0,0,0,0,0,0,0,0,0,0,0,0,1,0,0,0,0,0,0,0,1,0,0,0,0,0,0,0,0,0,0,0,0,0,0,0,0,0,0,0,0,0,0,0,0,0,0,0,0,0,0,0,0,0,0,0,0,0,0,1,0,0,0,0,0,0,0,0,0,0,0,0,0,0,0,0,0,0,0,0,0,0,0,0,0,0,0,0,0,0,0,0,0,0,0,0,0,0,0,0,0,0,0,0,0,0,0,0,0,0,0,0,0,0,0,0,0,0,0,0,0,0,0,0,0,0,0,0,0,0,0,0,0,0,0,0,0,0,0,0,0,0,0,0,0,0,0,0,0,0,0,0,0,0,0,0,0,0,0,0,0,0,2,0,0,0,0,0,0,1,1,0,0,2,0,0,0,1,0,0,1,1,0,0,0,1,0,2,1,0,1,0,0,0,1,0,0,0,1,0,0,0,0,0,0,0,0,0,0,0,1,0,0,0,0,0,0,0,0,0,1,0,0,0,0,0,0,0,0,0,1,0,0,0,1,0,0,0,0,0,0,0,0,0,0,0,0,0,0,0,0,0,0,0,0,0,0,0,0,0,0,0,0,0,0,0,0,0,0,0,0,0,1,0,0,0,0,0,0,0,0,0,0,0,0,0,0,0,0,0,0,0,0,0,0,0,0,0,0,0,0,0,0,0,0,0,0,0,0,1,0,0,0,0,0,0,0,0,0,0,0,0,0,0,0,0,0,0,0,0,0,0,0,0,0,0,0,0,0,0,0,0,0,0,0,0,0,0,0,0,0,0,23,3
309,Male,0,4,557,18.3,0,0,0,0,0,0,1,0,0,0,2,0,0,0,1,0,0,0,1,0,0,0,1,0,0,0,0,0,0,0,0,0,0,0,0,1,0,0,0,0,0,0,0,0,0,0,0,0,0,0,0,0,0,0,0,0,0,0,0,0,0,0,0,0,0,0,0,0,0,0,0,0,0,0,0,0,0,0,1,0,0,1,0,0,0,0,1,0,0,0,0,0,0,0,0,0,0,0,0,0,0,0,0,0,0,0,0,1,0,0,0,0,0,0,0,0,0,0,0,0,0,0,0,0,0,1,0,0,0,0,0,0,0,0,0,0,1,0,0,0,0,0,0,0,0,0,0,0,0,0,0,0,0,0,0,0,0,0,0,0,0,0,0,0,0,0,0,0,0,0,0,0,0,0,0,0,0,0,0,0,0,0,0,0,0,0,0,0,0,0,0,0,0,0,0,0,0,0,0,0,0,0,0,0,0,0,0,0,0,0,0,0,0,0,0,0,0,0,1,0,0,0,0,0,1,0,0,0,2,0,0,0,0,0,0,1,2,0,0,2,0,0,0,1,0,0,1,1,0,1,1,1,0,2,1,0,1,0,0,0,1,0,0,1,1,0,0,0,0,0,0,0,0,0,0,0,1,0,0,0,0,1,0,0,0,0,1,1,0,0,0,0,0,0,0,0,1,1,0,0,1,0,0,0,0,0,0,0,0,0,0,0,0,0,0,0,0,0,0,0,0,0,0,0,0,0,0,0,0,0,0,0,1,0,0,0,0,0,1,0,0,0,0,0,0,0,0,0,0,0,0,0,0,0,0,0,0,0,0,0,0,0,0,0,0,0,0,0,0,0,0,0,0,0,0,1,0,0,0,0,0,0,0,0,0,0,0,0,0,0,0,0,0,0,0,0,0,0,0,0,0,0,0,0,0,0,0,0,0,0,0,0,0,0,0,0,0,0,40,5
309,Male,0,4,596,19.6,0,0,0,2,2,0,1,2,0,0,2,0,0,0,2,2,2,0,2,0,0,0,1,0,0,0,0,0,0,0,0,0,0,0,0,1,0,0,0,0,0,0,0,0,0,0,0,0,0,0,0,0,0,0,0,0,0,1,0,0,0,0,0,0,2,0,0,1,0,0,0,0,0,0,0,0,0,0,1,0,0,1,0,0,1,0,1,0,0,0,0,0,0,0,0,0,1,0,0,0,0,0,1,0,0,1,0,1,1,1,0,0,0,0,0,0,0,0,0,0,0,0,0,0,0,1,0,0,0,1,0,0,0,0,0,0,1,0,0,0,0,0,0,0,0,0,0,0,0,0,0,0,0,0,0,1,0,0,0,0,0,0,0,0,0,0,0,0,0,0,0,0,0,0,0,0,0,0,0,0,0,0,0,0,0,0,0,0,0,0,0,0,0,0,0,0,0,0,0,0,0,0,0,0,0,0,0,0,0,0,0,0,0,0,0,0,0,0,1,1,1,0,0,0,1,0,0,0,2,0,0,0,0,0,0,2,2,0,0,2,0,0,0,1,0,0,1,1,1,1,1,1,0,2,2,0,1,0,0,0,1,0,0,1,1,1,0,0,0,0,0,0,1,0,1,0,1,0,0,0,0,1,0,0,0,0,1,1,1,0,0,0,0,0,0,0,1,1,0,0,1,0,0,1,0,1,1,1,0,0,0,0,0,0,0,1,0,0,0,0,0,0,0,0,0,0,0,1,0,0,1,0,1,0,1,0,0,0,1,1,0,0,0,0,0,0,0,1,0,0,0,0,0,0,0,0,0,0,0,0,0,0,0,0,0,0,0,0,0,0,0,0,0,0,1,1,0,0,0,0,0,0,0,0,0,0,0,0,0,0,0,0,0,0,0,0,1,1,1,0,0,0,0,0,0,0,0,0,0,0,0,0,0,0,0,0,0,0,77,15
309,Male,0,4,705,23.2,0,0,0,2,2,0,2,2,0,0,2,2,0,0,2,1,1,0,1,0,0,0,1,0,2,0,0,0,0,0,0,0,0,0,0,0,0,0,0,0,0,0,0,0,0,0,0,0,0,0,0,0,0,1,0,0,0,1,0,1,0,1,0,0,2,0,0,1,0,0,0,0,0,0,0,0,0,0,1,0,0,1,0,0,2,0,1,0,0,0,0,1,0,0,1,0,1,0,0,0,1,0,1,0,0,1,1,1,1,1,0,1,0,1,0,0,0,0,1,0,0,0,0,0,0,1,0,0,0,1,0,0,2,0,0,0,1,0,1,0,0,0,0,0,0,1,0,0,0,0,0,0,0,0,0,1,0,0,0,0,0,0,0,0,0,0,0,0,0,0,0,0,0,0,0,0,0,0,0,0,0,0,0,0,0,1,1,0,0,0,1,0,0,1,0,0,0,0,0,0,0,0,0,0,0,0,0,0,0,0,0,0,0,0,0,0,0,0,1,1,1,0,0,0,2,0,0,0,2,0,0,0,0,0,0,2,2,1,0,2,2,0,0,1,0,0,1,1,1,1,1,1,0,1,1,0,1,0,1,0,1,0,0,1,1,1,0,0,0,0,0,0,1,0,1,0,1,0,0,0,0,1,0,0,0,0,1,1,1,0,0,0,0,0,0,1,1,1,0,0,1,0,0,1,0,1,1,1,0,0,0,0,1,0,0,1,1,0,0,0,1,0,0,0,0,0,0,1,0,0,1,0,1,0,1,0,0,0,1,1,0,0,0,0,0,0,0,1,1,0,0,0,1,0,0,0,0,1,1,0,0,0,0,0,0,0,0,0,0,0,0,0,0,0,1,1,0,0,0,0,0,0,0,0,0,0,0,0,0,0,0,0,0,0,0,0,1,1,1,0,0,0,0,0,0,0,0,0,2,0,0,0,0,0,0,0,0,0,106,18
310,Female,0,3,287,9.4,0,0,0,0,0,0,0,0,0,0,0,1,0,0,0,0,0,0,0,0,0,0,0,0,0,0,0,0,0,0,0,0,0,0,0,0,0,0,0,0,0,0,0,0,0,0,0,0,0,0,0,0,0,0,0,0,0,0,0,0,0,0,0,0,0,0,0,0,0,0,0,0,0,0,0,0,0,0,0,0,0,0,0,0,0,0,0,0,0,0,0,0,0,0,0,0,0,0,0,0,0,0,0,0,0,0,0,0,0,0,0,0,0,0,0,0,0,0,0,0,0,0,0,0,0,0,0,0,0,0,0,0,0,0,0,0,0,0,0,0,0,0,0,0,0,0,0,0,0,0,0,0,0,0,0,0,0,0,0,0,0,0,0,0,0,0,0,0,0,0,0,0,0,0,0,0,0,0,0,0,0,0,0,0,0,0,0,0,0,0,0,0,0,0,0,0,0,0,0,0,0,0,0,0,0,0,0,0,0,0,0,0,0,0,0,0,0,0,0,0,0,0,0,0,0,0,0,0,0,0,0,0,0,0,0,0,0,0,0,0,0,0,0,0,0,0,0,0,0,0,0,0,0,0,0,0,0,0,0,0,0,0,0,0,0,0,0,0,0,0,0,0,0,0,0,0,0,0,0,0,0,0,0,0,0,0,0,0,0,0,0,0,0,0,0,0,0,0,0,0,0,0,0,0,0,0,0,0,0,0,0,0,0,0,0,0,0,0,0,0,0,0,0,0,0,0,0,0,0,0,0,0,0,0,0,0,0,0,0,0,0,0,0,0,0,0,0,0,0,0,0,0,0,0,0,0,0,0,0,0,0,0,0,0,0,0,0,0,0,0,0,0,0,0,0,0,0,0,0,0,0,0,0,0,0,0,0,0,0,0,0,0,0,0,0,0,0,0,0,0,0,0,0,0,0,0,0,0,0,0,0,0,0,0,0,0,0,0,1,0
310,Female,0,3,478,15.7,1,0,0,0,1,2,0,2,2,1,2,1,0,0,0,2,0,0,2,0,0,0,2,0,1,0,0,0,0,0,0,0,0,1,0,0,0,0,0,0,0,0,0,0,0,0,0,0,0,0,0,0,0,1,0,0,0,1,0,0,1,0,0,0,0,0,0,0,0,0,0,0,0,0,0,0,0,0,1,0,0,1,0,0,0,0,0,0,0,0,0,0,0,0,0,0,0,0,0,0,0,0,0,0,0,0,0,0,0,0,0,1,0,1,1,0,0,0,1,0,0,0,0,0,0,1,0,0,0,1,0,1,0,0,1,0,0,1,0,0,0,0,0,0,1,0,0,0,0,0,0,0,0,0,0,0,0,0,0,0,0,2,0,0,0,1,0,0,0,0,0,1,0,0,0,0,0,0,1,0,0,0,0,0,1,0,0,0,0,0,0,0,0,0,0,2,0,0,0,0,0,0,0,0,0,0,0,0,0,0,0,0,0,0,0,0,0,0,0,1,0,0,0,0,0,0,0,0,2,0,0,0,0,0,0,0,0,0,0,1,0,0,0,0,1,0,2,0,0,1,0,0,0,2,1,0,1,0,0,0,2,0,0,0,0,0,0,0,0,0,0,0,0,0,0,0,0,0,0,0,0,0,0,0,0,0,1,1,0,0,1,0,0,0,0,0,0,0,0,0,0,0,0,1,0,0,0,0,0,0,0,0,0,0,0,0,1,0,0,0,0,0,0,0,0,0,0,0,0,0,0,0,1,0,0,0,0,0,0,0,0,0,1,0,0,0,0,0,0,0,0,0,0,0,0,0,0,0,0,0,0,0,0,0,0,0,0,0,0,0,0,0,0,0,1,0,0,0,0,0,0,0,0,0,0,0,0,0,0,0,0,0,0,0,0,0,0,0,2,0,1,0,0,0,0,0,1,0,0,0,0,0,0,0,0,0,0,0,55,14
310,Female,0,3,539,17.7,1,0,0,2,2,2,0,2,2,1,2,1,0,0,0,2,0,0,2,0,1,0,2,0,2,0,0,2,0,0,0,0,0,1,1,0,0,0,1,0,0,0,0,0,0,0,0,0,1,2,0,1,1,2,0,0,0,2,0,0,1,2,0,0,0,0,0,2,0,0,0,0,0,0,0,0,0,0,1,0,0,1,0,0,0,0,1,0,0,0,0,0,0,0,0,0,1,0,1,1,1,0,0,1,0,0,0,0,0,0,0,1,0,1,1,0,0,0,1,0,0,2,0,0,0,1,0,0,0,2,0,1,0,0,1,1,1,1,1,0,0,2,0,0,1,1,0,0,0,0,0,0,1,1,1,0,0,0,0,0,1,2,0,0,0,1,0,0,0,0,0,1,0,0,0,0,0,0,1,0,0,0,0,0,1,0,0,0,0,1,1,0,0,0,0,2,1,1,0,0,0,0,0,1,0,0,0,0,0,0,0,0,0,0,0,0,0,0,1,1,1,0,0,0,0,0,0,0,2,0,0,0,0,0,0,0,0,0,0,2,0,0,0,0,1,0,2,0,1,1,2,1,0,2,2,0,1,0,0,0,2,0,0,2,0,0,0,0,0,0,0,0,1,1,1,0,0,0,0,0,0,0,0,0,0,0,1,1,1,0,1,0,0,0,0,0,0,1,0,0,1,0,0,1,0,0,0,0,1,0,0,1,0,0,0,0,1,1,0,1,0,0,0,0,0,1,1,0,1,0,0,0,1,1,0,0,0,0,0,1,0,0,1,0,0,0,0,1,0,0,0,0,0,0,0,0,0,0,0,0,0,0,0,0,0,0,0,0,0,0,0,0,0,0,1,0,0,0,0,0,0,0,0,0,0,0,0,0,0,0,0,0,0,0,0,0,0,1,2,1,1,1,1,1,1,1,2,0,1,0,1,0,0,0,0,0,1,1,120,31
214,NA,0,2,514,16.9,0,0,0,1,1,0,0,0,2,0,0,1,0,0,0,0,0,0,1,0,0,0,1,0,0,1,0,1,0,0,0,0,0,0,1,0,0,0,1,0,0,0,0,0,0,0,0,0,0,0,0,0,0,1,0,0,1,1,1,0,1,0,0,0,0,0,0,1,0,1,0,0,0,0,0,0,0,0,1,0,0,1,1,0,0,0,0,0,0,0,0,0,0,0,1,0,0,0,0,0,0,0,0,0,0,0,0,0,0,0,0,0,0,0,0,0,0,0,0,0,0,0,0,0,0,1,0,0,0,1,0,1,0,0,1,0,1,0,0,0,0,0,0,0,0,0,0,0,0,0,0,0,0,0,0,0,0,0,0,0,0,0,0,0,0,0,0,0,0,0,0,0,0,0,0,0,0,0,0,0,0,1,0,0,0,0,0,0,0,0,0,0,0,1,0,0,0,0,0,1,0,0,0,0,0,0,1,0,0,0,0,0,0,0,0,0,0,0,1,1,1,0,1,0,1,0,0,0,0,0,0,0,0,0,0,0,0,0,0,1,0,0,0,0,0,0,1,0,0,1,0,0,0,0,1,0,0,0,1,0,0,0,0,2,0,0,0,0,0,0,0,0,0,0,0,0,0,0,0,0,0,1,0,0,0,0,0,1,0,0,0,0,0,0,0,0,0,0,0,0,1,0,0,0,0,0,0,0,0,0,0,0,0,0,0,0,0,0,0,0,0,0,0,0,0,0,0,0,0,0,0,0,0,0,0,0,0,0,0,0,0,0,0,0,0,0,0,0,0,0,0,0,0,0,0,0,0,0,0,0,0,0,0,0,0,1,0,0,0,0,0,0,0,0,1,0,0,0,0,0,1,0,0,0,0,0,0,0,0,1,1,0,0,0,1,0,0,0,0,0,0,0,0,0,0,0,0,0,0,0,0,0,0,0,0,0,0,0,50,2
316,Female,0,3,697,22.9,2,1,1,2,2,2,2,2,2,0,2,2,1,1,2,2,2,1,2,1,1,1,1,1,2,1,1,1,2,0,1,1,0,1,1,1,2,1,2,1,1,1,2,1,1,0,0,1,1,2,1,1,2,2,1,1,2,2,2,0,2,2,1,1,2,1,2,2,2,2,1,2,1,1,2,1,1,1,1,2,1,1,1,2,1,1,2,1,1,2,1,2,2,1,2,1,1,1,2,2,1,1,1,1,2,2,1,2,2,1,1,2,2,1,2,1,2,1,2,1,1,2,1,1,1,2,1,1,1,2,1,1,1,1,2,1,2,1,2,1,2,2,1,1,1,1,1,0,2,1,1,1,1,2,1,1,1,2,1,2,2,1,1,2,2,2,2,2,2,2,1,2,2,1,2,2,1,2,2,1,2,2,2,2,2,1,1,2,2,1,1,2,1,1,1,1,2,1,1,1,1,2,1,2,1,1,1,1,2,1,1,1,1,1,1,1,1,1,2,1,1,2,1,1,2,2,1,1,2,2,1,1,1,1,2,1,1,1,1,2,2,1,1,1,2,1,1,1,1,2,2,1,1,1,2,0,1,2,2,2,2,2,1,2,2,2,1,1,2,1,2,1,1,2,2,1,1,1,2,2,1,2,2,1,1,1,1,1,2,1,1,1,1,2,1,1,1,2,0,1,2,1,1,2,2,1,1,1,1,1,2,1,1,2,1,1,1,1,1,2,2,2,2,1,1,1,2,2,1,1,2,1,2,1,1,2,1,1,2,1,2,2,1,1,1,1,0,1,1,1,1,1,2,1,1,1,1,1,1,1,1,2,1,1,1,1,1,1,2,1,1,1,1,1,1,1,2,1,1,1,1,2,1,1,1,1,1,1,1,2,2,1,1,1,1,1,2,2,2,1,1,2,2,2,2,1,1,1,2,1,2,1,1,1,1,1,1,1,408,154
316,Female,0,3,736,24.2,2,1,1,2,2,2,2,2,2,0,2,2,1,2,2,2,2,2,2,2,1,1,1,1,2,1,2,1,2,0,2,1,0,1,1,2,2,1,2,1,1,1,2,1,1,0,0,1,2,2,1,1,2,2,1,2,2,2,2,0,2,2,2,2,2,1,2,2,2,2,1,2,1,1,2,2,2,1,1,2,2,1,1,2,1,1,2,1,1,2,1,2,2,2,2,2,1,1,2,2,2,1,1,1,2,2,2,2,2,1,1,2,2,1,2,1,2,1,2,1,1,2,1,1,1,2,1,1,1,2,1,2,1,1,2,1,2,1,2,1,2,2,1,1,1,2,1,0,2,1,1,1,1,2,1,2,1,2,1,2,2,1,1,2,2,2,2,2,2,2,1,2,2,1,2,2,2,2,2,2,2,2,2,2,2,1,1,2,2,1,1,2,1,1,1,1,2,1,1,1,1,2,1,2,1,1,1,1,2,1,1,1,1,1,1,1,1,1,2,2,1,2,1,1,2,2,1,1,2,2,1,1,1,1,2,1,1,2,2,2,2,1,1,1,2,1,2,1,1,2,2,1,1,2,2,0,2,2,2,2,2,2,1,2,2,2,1,1,2,1,2,1,1,2,2,1,2,2,2,2,1,2,2,1,1,1,1,1,2,1,1,1,1,2,1,1,1,2,0,2,2,2,1,2,2,2,1,1,1,1,2,1,1,2,1,1,1,1,2,2,2,2,2,1,1,1,2,2,1,1,2,1,2,1,1,2,2,1,2,1,2,2,2,2,1,1,0,1,1,1,1,1,2,1,1,1,1,1,1,1,1,2,1,1,1,1,1,1,2,2,2,1,1,1,2,1,2,2,1,1,2,2,1,1,1,1,1,1,1,2,2,2,2,2,1,2,2,2,2,1,2,2,2,2,2,1,2,1,2,2,2,1,1,2,1,1,1,1,408,204
316,Female,0,3,796,26.2,2,1,1,2,2,2,2,2,2,0,2,2,1,2,2,2,2,2,2,2,1,1,2,1,2,1,2,1,2,0,2,1,0,2,1,2,2,1,2,1,1,1,2,1,1,0,0,1,2,2,1,1,2,2,1,2,2,2,2,0,2,2,2,2,2,1,2,2,2,2,1,2,1,1,2,2,2,1,1,2,2,1,1,2,1,1,2,1,1,2,1,2,2,2,2,2,1,1,2,2,2,1,2,1,2,2,2,2,2,1,1,2,2,1,2,1,2,1,2,1,1,2,1,1,1,2,1,1,1,2,1,2,1,1,2,1,2,1,2,1,2,2,1,1,1,2,1,0,2,1,1,1,1,2,1,2,1,2,1,2,2,1,1,2,2,2,2,2,2,2,1,2,2,1,2,2,2,2,2,2,2,2,2,2,2,1,1,2,2,1,1,2,1,2,1,1,2,1,1,1,1,2,1,2,1,1,1,1,2,1,1,1,1,1,1,1,1,1,2,2,1,2,1,1,2,2,1,1,2,2,1,1,1,1,2,1,1,2,2,2,2,1,1,1,2,1,2,1,1,2,2,1,1,2,2,0,2,2,2,2,2,2,1,2,2,2,1,1,2,1,2,1,1,2,2,1,2,2,2,2,1,2,2,1,1,1,1,1,2,1,1,1,1,2,1,1,1,2,0,2,0,0,0,0,0,0,0,0,0,0,0,0,0,0,0,0,0,0,0,0,0,0,0,0,0,0,0,0,0,0,0,0,0,0,0,0,0,0,0,0,0,0,0,0,0,0,0,0,0,0,0,0,0,0,0,0,0,0,0,0,0,0,0,0,0,0,0,0,0,0,0,0,0,0,0,0,0,0,0,0,0,0,0,0,0,0,0,0,0,0,0,0,0,0,0,0,0,0,0,0,0,0,0,0,0,0,0,0,0,0,0,0,0,0,0,0,0,0,291,156
318,Female,0,2,569,18.7,1,1,1,2,1,1,1,2,2,1,1,2,1,2,2,2,1,1,2,1,1,0,2,0,2,1,2,1,1,1,1,1,1,1,1,1,1,1,1,0,1,1,0,1,1,0,0,1,2,1,0,1,1,2,1,1,1,1,1,1,2,1,1,1,2,2,1,2,1,1,1,2,0,2,1,0,0,1,1,1,1,1,1,1,2,0,1,0,1,1,1,1,1,1,1,1,1,1,1,1,1,1,1,1,1,1,1,1,1,1,0,2,1,1,1,1,1,1,1,1,1,1,1,1,1,1,1,1,1,2,1,1,1,0,1,1,2,1,1,0,1,1,1,1,1,1,1,0,1,1,0,1,1,1,1,1,1,0,1,0,1,1,1,0,1,1,1,0,0,1,1,1,1,0,0,1,0,1,1,1,1,1,1,0,1,1,1,1,1,0,1,1,1,1,0,0,1,1,1,1,0,1,0,1,1,1,1,1,1,1,1,1,1,1,0,0,1,1,1,1,1,1,1,1,1,1,1,1,2,1,1,0,0,0,1,2,2,0,1,2,2,0,0,1,1,1,2,1,0,2,2,1,1,2,2,0,2,2,2,1,2,1,1,2,1,1,1,1,1,0,1,1,1,1,1,0,2,1,1,1,1,1,1,1,1,1,1,1,1,0,1,1,1,1,0,1,1,1,0,1,1,1,1,1,1,1,1,0,2,1,1,1,0,1,1,1,1,1,1,1,1,0,1,1,1,1,1,2,1,1,1,1,1,1,1,1,0,1,1,0,1,1,2,1,1,1,0,1,1,0,1,0,1,1,1,1,0,1,1,0,1,0,1,0,1,1,1,1,1,1,0,0,0,0,0,0,0,1,0,1,1,1,0,0,0,1,1,0,0,0,0,0,0,0,0,0,1,0,1,0,1,1,1,0,0,1,0,0,0,0,0,0,0,0,0,0,0,1,325,42
318,Female,0,2,597,19.6,1,1,1,2,1,1,1,2,2,1,1,2,1,2,2,2,1,1,2,1,1,0,2,0,2,1,2,1,1,1,1,1,1,1,1,1,1,1,1,0,1,1,0,1,1,0,0,1,2,1,0,1,1,2,1,1,1,1,1,1,2,1,1,1,2,2,1,2,1,1,1,2,0,2,1,0,0,1,1,1,1,1,1,1,2,0,1,0,1,1,1,1,1,1,1,1,1,1,1,1,1,1,1,1,1,1,1,1,1,1,0,2,1,1,1,1,1,1,1,1,1,1,1,1,1,1,1,1,1,2,1,1,1,0,1,1,2,1,1,0,1,1,1,1,1,1,1,0,1,1,0,1,1,1,1,1,1,0,1,0,1,1,1,0,1,1,1,0,0,1,1,1,1,0,0,1,0,1,1,1,1,1,1,0,1,1,1,1,1,0,1,1,1,1,0,0,1,1,1,1,0,1,0,1,1,1,1,1,1,1,1,1,1,1,0,0,1,1,1,1,1,1,1,1,1,1,1,1,2,1,1,0,0,0,1,2,2,0,1,2,2,0,0,1,1,1,2,1,0,2,2,1,1,2,2,0,2,2,2,1,2,1,1,2,1,1,1,1,1,0,1,1,1,1,1,0,2,1,1,1,1,1,1,1,1,1,1,1,1,0,1,1,1,1,0,1,1,1,0,1,1,1,1,1,1,1,1,0,2,1,1,1,0,1,1,1,1,1,1,1,1,0,1,1,1,1,1,2,1,1,1,1,1,1,1,1,0,1,1,0,1,1,2,1,1,1,0,1,1,0,1,0,1,1,1,1,0,1,1,0,1,0,1,0,1,1,1,1,1,1,0,0,0,0,0,0,0,1,0,1,1,1,0,0,0,1,1,0,0,0,0,0,0,0,0,0,1,0,1,0,1,1,1,0,0,1,0,0,0,0,0,0,0,0,0,0,0,1,325,42
320,Female,0,2,440,14.5,2,1,0,2,1,2,1,1,2,0,2,0,0,1,0,1,0,0,2,0,1,0,1,1,0,0,0,0,0,0,1,0,0,0,1,0,1,0,1,0,0,1,0,0,0,0,0,0,0,1,0,0,0,1,0,1,1,2,1,1,1,0,0,0,1,0,1,1,0,1,0,1,0,1,1,0,0,0,1,1,0,1,0,0,0,0,1,0,0,1,0,0,0,0,1,1,0,0,0,0,1,0,1,0,0,1,1,1,0,0,0,1,0,1,1,0,1,0,1,0,1,1,0,0,1,1,0,0,0,1,0,1,0,0,1,0,1,1,1,1,1,0,0,0,1,1,0,0,0,0,0,0,0,0,0,0,0,0,0,0,0,1,1,0,0,0,0,0,0,0,1,0,0,0,0,0,0,0,0,1,0,1,0,0,0,0,1,1,0,0,1,0,0,1,0,0,1,0,0,0,0,0,0,0,0,0,0,0,0,0,0,0,0,0,0,0,0,0,0,1,1,0,0,0,1,0,0,0,1,0,0,0,0,0,0,1,1,0,0,1,0,0,0,0,1,1,2,1,0,2,1,1,1,1,2,0,1,2,0,1,2,0,0,2,0,0,0,1,0,0,1,0,0,0,1,0,1,0,1,0,0,1,1,0,0,0,1,1,0,0,0,0,0,1,0,0,0,1,0,0,1,1,0,1,1,0,1,0,0,0,0,0,0,1,0,1,0,1,0,0,0,1,0,0,0,0,1,0,1,0,0,0,0,0,0,0,0,0,1,0,0,0,0,0,0,0,0,1,1,0,0,0,0,1,0,0,0,0,1,0,0,0,1,0,0,1,0,0,0,0,0,0,0,0,0,0,0,0,0,0,0,0,0,0,0,0,0,0,0,0,0,0,0,0,1,0,0,0,0,0,0,0,0,0,0,0,2,0,0,0,2,0,0,0,0,0,0,0,130,15
320,Female,0,2,493,16.2,2,2,0,2,1,2,1,2,2,2,2,0,0,2,0,1,0,0,2,0,2,0,1,1,2,1,1,0,0,1,1,0,0,0,1,0,1,0,1,1,1,1,0,0,0,0,0,1,1,1,0,0,1,1,0,1,1,2,1,2,2,0,0,0,1,1,1,1,1,1,0,1,0,1,1,1,0,0,1,1,0,1,1,0,0,0,1,1,0,1,1,0,0,1,1,1,0,0,1,1,1,1,1,0,0,1,1,1,0,0,0,1,0,1,1,1,1,2,1,0,1,1,0,0,1,1,0,1,0,1,0,1,1,0,1,1,1,1,1,1,1,1,0,0,1,1,1,0,0,0,0,0,0,1,0,0,0,0,0,0,1,1,1,0,0,0,0,0,1,0,1,1,1,0,0,0,0,1,1,1,0,1,0,0,0,0,1,1,1,0,1,0,1,1,0,0,1,0,0,0,0,0,0,1,1,0,0,0,0,0,0,0,1,0,0,0,0,0,1,1,1,1,0,0,1,0,0,0,1,0,0,0,0,0,0,1,1,1,1,1,0,0,0,0,1,1,2,1,1,2,1,1,1,1,2,0,1,2,1,1,2,1,0,2,0,0,0,1,0,0,1,0,0,0,1,0,1,1,1,0,1,1,1,1,1,0,1,1,0,0,0,0,0,1,1,0,1,1,0,0,1,1,0,1,1,1,1,1,0,0,1,1,0,1,0,1,0,1,1,1,1,1,1,1,0,1,1,1,1,1,0,0,1,1,1,0,0,0,1,1,0,0,1,1,1,0,0,1,1,0,1,0,0,1,0,0,0,0,1,0,0,1,1,0,0,1,1,0,1,1,0,0,0,0,1,1,0,0,0,0,0,0,0,0,0,0,0,0,0,0,1,1,0,0,1,0,0,0,1,1,0,1,1,0,1,1,2,1,1,0,2,1,0,0,0,0,0,0,219,24
322,Male,0,2,541,17.8,2,0,0,2,0,0,2,2,2,2,1,0,1,0,0,1,0,0,2,0,0,0,2,0,1,0,2,0,0,0,0,0,0,0,0,0,0,1,0,0,1,0,0,0,0,0,0,0,1,1,0,0,0,2,0,1,0,1,1,0,1,0,1,2,1,1,2,2,1,0,0,0,0,1,0,0,0,0,1,0,2,1,0,0,2,0,1,1,1,0,0,0,1,1,1,0,1,0,0,1,0,1,1,1,0,1,1,2,0,1,0,1,0,2,0,0,0,0,1,0,0,0,1,0,0,1,0,0,0,2,0,0,0,0,2,1,1,1,1,0,1,1,0,0,0,0,0,0,0,0,0,1,0,1,0,1,0,0,0,0,1,0,0,1,0,0,0,0,0,0,0,1,1,0,0,0,1,0,0,0,0,0,0,0,0,1,2,1,0,1,1,0,0,0,0,0,0,0,0,0,0,0,0,0,1,0,0,0,0,1,0,0,0,0,0,0,0,0,0,1,1,0,0,0,2,0,0,0,0,0,0,0,0,0,0,2,1,0,0,2,2,0,0,1,1,1,2,0,1,2,2,0,1,1,2,0,1,1,2,0,2,1,0,2,0,1,0,1,0,1,0,0,1,0,1,0,1,1,1,0,0,1,0,0,0,1,1,1,1,0,0,0,1,1,0,0,1,2,0,0,2,0,0,1,1,1,1,0,1,0,1,0,0,0,0,0,1,1,1,1,0,1,0,0,0,0,0,1,0,0,1,1,1,0,0,0,0,0,1,0,1,0,2,0,1,0,0,1,1,0,0,0,2,0,0,0,0,0,0,0,0,0,1,0,0,0,0,1,1,2,0,0,0,0,0,0,0,0,0,0,0,0,0,0,0,0,0,0,0,0,2,0,0,0,0,0,0,0,2,1,0,1,1,0,0,1,2,0,0,0,0,0,0,0,0,0,0,1,152,39
322,Male,0,2,358,11.8,2,1,0,0,1,0,0,2,2,0,1,0,0,0,0,1,1,0,2,0,0,0,2,0,1,0,1,1,1,0,0,0,0,0,1,0,0,0,1,0,0,0,0,0,0,0,0,0,0,0,0,0,0,0,0,0,0,0,0,0,1,1,0,0,1,0,0,1,1,0,0,0,0,0,1,0,0,0,1,0,0,0,0,0,1,0,1,0,0,0,0,0,0,0,1,0,0,0,0,0,0,0,0,0,1,1,0,2,0,0,0,0,0,0,0,0,0,0,0,0,0,1,0,0,0,1,0,0,0,0,0,1,0,1,1,0,0,0,0,0,0,0,0,0,0,0,0,0,0,0,0,0,0,0,0,0,0,0,0,0,0,0,0,0,0,0,0,0,0,0,0,0,0,0,0,0,0,0,0,0,0,1,0,0,0,0,1,0,0,0,1,0,0,2,0,1,0,0,0,0,0,0,0,1,0,0,0,0,0,0,0,0,0,0,0,0,0,0,0,1,1,0,0,0,1,0,0,0,2,0,0,0,0,0,0,0,0,0,0,2,0,0,0,0,1,1,1,0,0,1,1,0,0,1,1,0,1,0,1,0,1,0,0,1,0,0,0,0,0,0,0,0,0,0,1,0,0,0,1,0,0,0,0,0,0,0,1,1,0,0,0,0,0,0,0,0,0,1,0,0,0,0,0,1,0,0,1,0,0,0,0,0,0,0,0,1,1,0,0,1,0,0,0,0,0,0,1,1,0,0,0,0,2,0,0,0,0,0,1,0,2,0,2,0,0,0,0,1,0,0,1,0,2,0,0,0,0,0,0,0,0,0,0,0,0,0,0,0,0,0,0,0,0,0,0,0,0,0,0,0,0,0,0,0,0,0,0,0,0,0,0,0,0,0,0,0,0,0,0,0,0,0,0,0,0,0,0,0,1,0,0,0,0,0,0,0,0,0,76,13
324,Male,0,3,564,18.5,0,2,0,0,0,0,0,2,2,0,0,0,0,0,0,0,0,0,2,0,0,0,2,0,2,0,2,0,1,0,0,0,0,0,0,0,0,0,0,0,0,0,0,0,0,0,0,0,0,0,0,0,0,2,0,0,0,2,0,1,2,0,0,0,0,0,2,1,1,0,0,0,0,0,2,0,0,0,0,0,2,0,0,0,2,0,0,0,0,0,0,0,1,0,0,0,0,0,1,1,1,0,1,1,0,2,1,1,0,1,0,2,0,1,1,0,0,0,2,0,0,2,0,1,0,1,0,0,0,1,0,1,0,0,0,1,1,1,1,0,0,2,0,0,0,2,0,0,1,0,0,1,1,1,1,0,0,0,0,0,0,1,0,0,0,0,0,0,0,0,0,1,1,0,0,0,0,0,0,2,1,1,0,0,2,1,2,2,0,0,0,0,0,1,0,0,1,0,0,1,0,0,0,0,0,0,0,0,0,0,0,0,0,0,0,0,0,0,1,0,1,0,0,0,2,0,0,0,2,0,0,0,0,0,0,2,1,0,0,2,2,0,0,0,2,1,2,1,1,2,1,1,1,1,2,0,0,2,1,1,2,1,0,2,0,1,0,0,0,0,0,1,0,0,1,0,1,1,0,0,0,1,0,1,0,0,0,0,0,0,0,0,1,1,0,1,1,1,0,0,0,0,0,1,1,1,0,0,1,0,1,0,0,0,0,1,0,1,1,1,1,0,0,0,0,1,2,1,1,0,1,0,2,1,0,0,0,0,1,0,0,0,1,0,1,0,0,1,0,0,0,0,0,0,0,0,0,1,0,0,0,0,0,0,0,0,0,0,0,0,0,0,0,0,0,0,0,0,0,0,0,0,0,0,0,0,0,0,0,0,0,0,0,0,0,0,0,0,0,0,1,0,0,0,0,0,2,0,0,0,1,0,0,0,0,0,0,0,123,39
324,Male,0,3,614,20.2,0,2,0,0,0,0,0,2,2,0,0,0,0,0,0,0,1,0,2,0,0,0,2,0,2,0,2,0,1,0,0,0,0,0,0,0,0,0,0,0,0,0,0,0,0,0,0,1,0,2,0,0,2,2,0,0,2,2,0,1,2,0,0,0,0,0,2,2,1,1,0,0,1,1,2,0,0,0,1,0,2,0,0,2,2,0,0,0,0,0,0,0,1,2,0,0,0,0,1,1,1,1,1,1,0,2,1,1,0,1,0,2,1,1,1,0,2,0,2,0,0,2,0,1,0,1,0,1,0,2,0,1,0,0,2,1,1,1,1,0,0,2,0,0,0,2,1,0,1,0,0,1,1,1,1,0,1,0,0,0,0,1,0,0,0,0,0,0,2,0,0,1,1,0,0,0,0,0,1,2,1,1,0,0,2,1,2,2,0,0,0,0,0,1,0,0,1,0,0,1,0,0,0,0,0,0,0,0,0,1,0,0,0,0,0,0,0,0,1,1,1,1,0,0,2,0,0,0,2,0,0,0,0,0,0,0,1,0,0,2,2,0,0,0,2,1,2,1,1,2,1,1,1,1,2,0,0,2,2,1,2,1,0,2,0,1,0,0,0,1,1,1,1,0,1,0,1,1,0,0,0,1,0,1,0,0,0,0,0,0,0,0,1,1,0,1,1,1,0,0,0,0,0,1,1,1,0,0,1,0,1,0,0,0,0,1,0,1,1,1,1,1,0,0,0,1,2,1,1,0,1,0,2,1,0,0,0,0,1,0,0,0,1,0,1,0,0,1,0,0,0,0,1,0,0,0,0,1,0,0,0,0,0,0,0,0,0,0,0,0,0,0,0,0,0,0,0,0,0,0,0,0,0,0,0,0,0,0,0,0,1,0,0,0,0,0,1,0,0,0,1,1,0,0,0,1,2,0,0,0,1,0,0,0,0,0,0,0,154,49
324,Male,0,3,661,21.7,0,2,0,0,0,0,0,2,2,0,0,0,0,0,0,1,1,0,2,0,0,0,2,0,2,0,2,0,1,0,2,0,0,0,0,0,0,0,0,0,0,0,0,0,0,0,0,1,1,2,0,0,2,2,0,0,2,2,2,1,2,2,0,0,0,0,2,2,1,1,0,2,1,1,2,0,0,0,1,0,2,0,1,2,2,0,0,0,0,0,0,0,1,2,0,1,0,0,1,1,1,1,1,1,0,2,1,1,0,1,0,2,1,1,1,0,2,0,2,0,0,2,0,1,0,1,0,1,0,2,0,1,0,0,2,1,1,1,1,0,0,2,0,0,0,2,1,0,1,0,0,1,1,1,1,0,1,0,0,0,0,1,0,0,0,0,0,0,2,0,0,1,1,0,0,0,0,0,1,2,1,1,0,0,2,1,2,2,0,0,0,2,0,1,0,1,1,0,0,1,0,0,0,0,0,0,0,0,0,1,0,0,0,0,0,0,0,0,2,1,1,2,0,0,2,0,0,0,2,0,0,0,0,0,0,1,1,0,0,2,2,2,0,0,2,1,2,1,1,2,1,1,1,1,2,0,0,2,2,1,2,1,0,2,0,1,0,0,0,1,1,1,1,0,1,0,1,1,0,0,0,1,0,1,0,0,0,0,0,0,0,0,1,1,0,1,1,1,0,0,0,0,0,1,1,2,0,0,1,0,1,0,0,0,0,1,0,1,1,1,1,1,0,0,0,1,2,1,1,0,1,0,2,1,0,0,0,0,1,0,0,0,1,0,1,0,0,1,0,0,0,0,1,0,0,0,0,1,0,0,0,0,0,0,0,0,0,0,0,0,0,0,0,0,0,0,0,0,0,0,0,0,0,0,0,0,0,0,0,0,1,0,0,0,0,0,1,0,0,0,1,1,0,0,0,1,2,0,0,0,1,0,0,0,0,0,0,0,166,58
330,Male,0,3,457,15,2,2,0,2,0,0,0,2,0,2,2,0,0,2,0,0,0,1,1,0,0,0,1,0,1,2,2,0,0,0,1,0,0,2,0,0,0,0,0,0,0,1,0,0,1,0,0,1,0,1,1,0,0,2,0,0,1,0,0,0,2,0,0,0,0,1,1,2,2,0,0,0,0,1,0,0,0,0,1,0,2,1,0,0,1,0,0,0,0,0,0,0,0,1,0,0,0,0,0,0,0,0,0,0,0,0,0,1,1,0,0,0,0,2,0,0,1,0,0,0,0,0,0,0,0,0,0,0,0,0,0,0,0,0,2,1,1,0,1,0,1,1,0,0,1,0,1,0,0,0,0,1,0,1,1,0,0,0,0,0,0,0,0,1,0,1,0,0,1,0,0,1,1,0,0,0,0,0,1,0,0,0,0,0,0,0,0,0,0,0,0,0,0,1,0,0,0,0,0,0,0,0,0,0,1,0,0,0,0,0,0,0,0,0,0,0,0,0,0,0,1,0,0,0,0,0,1,0,2,0,0,0,0,0,0,1,2,0,0,2,0,0,0,0,2,2,2,1,1,0,2,1,1,2,1,0,1,0,0,0,0,0,2,0,0,0,0,0,0,0,0,0,0,0,1,0,0,0,0,0,0,1,0,0,0,0,0,0,0,0,0,0,0,0,0,0,0,0,0,0,0,0,0,0,0,0,0,0,1,0,0,0,0,0,0,0,0,1,1,0,0,0,1,0,0,0,1,0,0,0,0,0,1,0,0,0,0,0,0,0,0,0,0,0,0,0,0,1,0,0,0,0,0,0,0,0,0,0,0,0,0,0,0,0,0,0,0,1,0,0,0,0,1,0,1,0,0,0,0,0,0,0,0,0,0,0,0,0,0,0,2,0,0,0,0,0,0,0,0,0,0,0,0,0,2,0,0,0,0,0,2,0,0,0,0,0,0,0,89,29
330,Male,0,3,528,17.4,2,2,0,2,0,2,0,2,2,2,2,0,0,2,1,0,0,1,2,0,0,0,1,1,1,2,2,1,1,0,1,0,0,2,2,0,1,1,2,0,0,1,1,0,1,0,1,1,0,1,1,0,1,2,1,1,1,2,1,0,2,1,0,1,0,1,1,2,2,0,0,1,0,1,0,0,1,0,1,0,2,1,0,0,2,0,1,1,0,0,1,0,0,1,0,1,1,0,1,1,0,0,1,0,1,0,0,1,1,0,0,1,0,2,1,0,1,0,1,0,0,1,0,0,0,2,0,1,0,1,0,1,1,0,2,1,1,1,1,0,1,1,0,0,1,1,1,0,0,0,0,1,0,1,1,1,1,0,0,0,1,0,1,1,0,1,0,0,2,0,0,1,1,0,0,0,0,1,1,1,0,1,1,1,0,0,0,0,1,0,1,0,0,1,0,0,1,0,0,0,0,0,0,1,1,0,0,0,0,0,0,0,1,0,0,0,0,0,1,1,1,0,0,0,0,0,1,0,2,0,0,0,0,0,0,2,2,0,0,2,0,0,0,0,2,2,2,1,1,1,2,1,1,2,2,0,2,1,0,1,2,0,2,2,0,1,0,1,0,0,0,0,0,0,1,0,1,1,1,0,0,1,0,0,0,0,1,1,1,0,0,1,0,0,0,1,0,1,0,0,2,1,0,1,0,0,0,1,1,1,0,1,0,0,0,1,1,1,1,1,1,1,1,0,0,1,1,1,0,0,1,0,2,0,0,0,0,0,0,0,0,0,0,0,0,0,0,1,0,0,0,0,0,1,0,0,0,0,0,0,0,0,0,0,0,0,0,1,1,0,0,0,1,0,1,0,0,0,0,0,0,0,0,0,0,0,0,0,0,0,2,0,0,0,0,0,0,0,0,0,0,0,0,0,2,0,0,0,1,0,2,0,0,0,0,0,0,0,179,45
330,Male,0,3,598,19.7,2,2,0,2,2,2,0,2,2,2,2,0,1,2,1,1,2,1,2,1,1,0,1,1,1,2,2,1,1,0,1,0,0,2,2,0,1,1,2,0,0,1,1,0,1,0,1,1,0,1,1,0,1,2,1,1,1,2,1,0,2,2,0,1,0,1,2,2,2,0,0,2,0,1,0,0,1,0,1,2,2,1,0,0,2,0,1,1,0,0,1,0,0,1,0,1,1,0,1,1,0,0,1,0,1,1,0,1,1,0,0,1,0,2,1,1,1,0,1,0,0,1,0,0,1,2,0,1,0,2,0,1,1,0,2,1,1,1,1,0,1,1,0,1,1,1,1,0,0,0,0,1,0,1,1,1,1,0,0,0,2,1,1,1,1,2,0,1,2,0,0,1,1,0,0,0,0,1,1,1,0,0,1,1,1,0,0,1,1,0,1,0,0,1,0,0,1,0,0,0,0,1,0,1,1,0,0,0,0,0,0,0,1,0,0,0,0,0,1,1,1,0,0,0,2,0,1,0,2,0,0,0,0,0,0,2,2,0,0,2,0,0,0,0,2,2,2,1,1,1,2,1,1,2,2,0,2,2,1,1,2,1,2,2,0,1,0,1,0,0,0,0,1,0,1,0,1,1,1,0,0,1,0,0,0,0,1,1,1,0,0,1,0,0,0,1,0,1,0,0,2,1,0,1,1,0,0,1,1,1,0,1,0,0,0,1,1,1,1,1,1,1,1,0,0,1,1,2,0,0,1,0,2,0,0,0,0,0,0,0,0,0,0,0,0,0,0,1,0,0,0,0,0,1,0,0,0,0,0,0,0,0,0,0,0,0,0,1,1,0,0,0,1,0,1,0,0,0,0,0,0,0,0,0,0,0,0,0,0,0,2,0,0,0,0,0,0,0,0,0,0,0,0,0,2,0,0,0,1,0,2,0,0,0,0,0,0,0,200,57
332,Male,0,2,552,18.1,2,2,0,2,1,2,0,2,0,2,1,2,0,0,0,1,1,0,1,0,1,0,1,0,1,1,1,0,0,0,1,0,0,1,1,0,0,0,1,0,0,1,0,0,1,0,0,1,1,0,0,0,1,1,1,1,1,1,0,1,1,0,0,0,0,1,1,1,1,0,0,0,0,0,2,0,0,0,1,0,0,0,0,0,1,0,1,0,0,0,0,0,1,1,0,0,0,0,0,1,0,0,1,0,1,0,1,1,0,0,0,1,0,1,0,0,0,0,1,0,0,1,0,0,0,1,0,0,0,1,0,1,0,0,1,0,1,0,0,0,1,0,0,1,1,0,0,0,0,0,0,0,0,0,0,1,0,0,0,0,0,0,0,0,0,1,0,0,0,0,0,0,1,0,0,0,1,1,1,0,0,0,1,0,1,0,1,0,0,0,0,0,0,0,0,0,0,0,0,0,0,0,0,0,0,0,0,0,0,0,0,0,0,0,0,0,0,0,0,1,0,0,0,0,1,0,1,0,2,0,0,0,0,0,0,0,0,0,0,2,2,0,0,0,1,0,2,1,0,1,2,1,1,1,2,0,1,0,0,2,2,0,0,2,1,1,0,0,1,0,0,0,0,0,1,0,1,0,1,0,0,1,0,0,0,0,1,1,1,0,0,0,1,1,0,0,0,1,0,1,0,0,0,0,1,0,0,0,1,0,0,0,0,0,0,0,0,0,0,1,0,1,0,0,0,0,0,0,0,0,0,0,1,0,0,0,0,0,1,0,0,0,0,0,0,0,0,0,0,0,0,0,0,0,0,0,0,0,0,0,0,0,0,0,0,0,0,0,0,0,0,0,0,0,0,0,0,0,0,0,0,0,0,0,0,0,0,0,0,2,0,0,0,0,0,0,0,0,0,0,0,0,0,0,2,0,0,0,0,0,0,0,0,0,0,0,0,0,110,19
332,Male,0,2,625,20.5,2,2,0,2,1,2,1,2,2,2,2,2,0,2,1,1,1,0,1,1,1,0,1,0,1,1,1,0,1,0,1,0,0,1,1,1,1,0,1,0,0,1,1,0,1,0,1,1,1,1,0,0,1,1,1,1,1,1,1,1,1,0,0,1,1,1,1,1,1,1,0,1,1,0,2,1,1,0,1,0,1,1,0,0,1,1,1,0,1,1,1,0,1,1,1,1,1,1,1,1,1,1,1,1,1,1,1,1,2,1,1,1,1,1,1,0,1,0,1,0,1,1,0,1,0,1,0,1,0,1,0,1,1,1,1,1,1,1,1,0,1,1,0,1,1,1,0,0,0,1,0,1,0,1,1,1,1,1,0,0,1,1,1,1,1,1,0,0,0,0,1,1,1,0,0,1,1,1,1,2,0,1,1,0,1,0,1,0,0,0,0,0,0,0,0,0,0,0,0,0,0,0,0,0,0,0,0,0,0,0,0,0,0,0,0,1,0,0,0,1,1,0,0,0,1,1,1,0,2,0,0,0,0,0,0,0,0,0,0,2,2,0,0,0,1,1,2,1,0,2,2,1,1,1,2,0,2,2,1,2,2,1,0,2,1,1,0,0,1,0,0,0,0,1,1,0,1,1,1,0,0,1,0,0,1,1,1,1,1,0,0,0,1,1,0,1,0,1,0,1,1,1,0,1,1,0,0,0,1,0,1,0,0,0,0,0,1,1,1,1,1,1,1,0,0,0,0,1,1,0,0,0,1,1,0,0,0,0,1,0,1,0,1,0,0,0,0,0,1,0,0,0,0,0,0,0,0,1,0,0,0,0,0,0,0,0,0,0,0,0,0,0,0,0,0,0,0,0,0,0,1,0,0,0,0,0,0,0,0,2,0,0,0,0,0,0,0,0,0,0,0,0,0,0,2,0,0,0,0,0,0,0,0,0,0,0,0,0,205,27
335,Male,0,3,608,20,2,2,0,2,2,2,2,2,2,2,2,2,1,2,0,2,1,0,1,1,1,0,2,0,2,1,2,2,1,0,2,0,0,1,1,2,2,0,2,0,0,2,1,0,1,0,1,0,1,2,0,1,2,2,0,1,1,2,2,1,2,2,0,1,1,1,1,2,2,1,2,2,1,0,2,0,0,0,1,0,2,0,0,0,2,0,2,2,0,0,0,0,2,2,2,1,1,2,2,2,1,1,2,1,1,2,1,1,2,1,0,2,2,1,2,1,2,0,2,0,1,1,0,2,1,1,0,1,0,2,0,2,0,0,1,1,2,1,1,0,1,2,1,0,1,1,1,0,0,0,0,1,0,2,1,1,2,2,0,0,1,1,1,1,1,2,0,0,1,2,0,1,2,0,0,1,0,1,2,2,0,2,2,0,0,0,2,2,0,0,1,2,0,0,0,2,0,0,0,0,0,1,0,1,0,0,1,1,0,0,1,1,2,0,0,0,0,1,2,0,1,2,2,0,2,0,0,0,2,0,0,0,0,0,0,0,2,0,2,2,1,0,0,0,2,1,2,1,1,2,2,2,1,1,2,0,2,2,1,1,1,2,1,2,0,0,0,0,0,0,1,1,0,1,2,0,1,1,1,0,1,1,1,0,1,0,0,1,2,0,1,0,0,2,1,1,0,2,0,1,1,1,0,1,1,0,1,0,1,1,1,0,0,0,0,0,1,1,0,1,1,0,1,0,0,0,1,2,1,0,0,0,2,0,0,0,1,0,1,0,2,0,0,0,0,0,0,1,1,0,0,0,2,0,0,0,0,0,1,0,0,1,0,0,0,0,1,1,1,2,1,0,0,0,0,0,0,0,0,0,0,0,0,0,0,0,0,0,0,2,2,0,0,0,0,0,0,1,1,1,0,2,2,0,1,0,0,0,1,0,2,1,0,0,0,0,0,0,230,104
335,Male,0,3,629,20.7,2,2,0,2,2,2,2,2,2,2,2,2,1,2,0,2,1,0,2,1,1,0,2,1,2,1,2,2,1,0,2,0,0,2,1,2,2,0,2,0,0,2,1,0,1,0,1,1,1,2,0,1,2,2,0,1,2,2,2,1,2,2,0,1,2,1,1,2,2,2,2,2,2,0,2,0,0,0,2,2,2,0,0,1,2,0,2,2,1,2,0,0,2,2,2,1,1,2,2,2,1,1,2,1,1,2,1,1,2,2,0,2,2,1,2,1,2,0,2,0,2,2,1,2,1,1,0,1,0,2,0,2,1,0,1,1,2,1,1,0,1,2,1,0,1,1,1,0,0,0,0,1,0,2,1,1,2,2,0,0,2,1,1,1,1,2,0,0,1,2,0,1,2,0,0,1,0,1,2,2,0,2,2,0,0,0,2,2,2,0,1,2,0,1,0,2,2,0,0,0,0,1,0,2,0,0,1,1,0,0,1,1,2,0,0,0,0,1,2,0,1,2,2,0,2,2,0,0,2,0,0,0,0,0,0,0,2,0,2,2,2,0,0,0,2,1,2,1,1,2,2,2,1,1,2,0,2,2,1,2,2,2,1,2,0,1,0,0,0,0,1,1,0,1,2,0,1,1,2,0,1,1,1,0,1,0,0,1,2,0,1,0,0,2,1,1,0,2,0,1,1,1,0,1,1,0,1,1,1,1,1,0,0,0,1,0,1,1,1,1,1,0,1,0,0,1,1,2,1,2,0,0,2,0,0,0,1,0,1,0,2,0,0,0,0,0,0,1,1,0,0,0,2,0,0,0,0,0,1,0,0,1,0,0,0,0,1,1,1,2,1,0,0,0,0,0,0,0,0,0,0,1,0,0,0,0,0,0,0,2,2,2,0,0,1,1,0,1,1,1,1,2,2,0,1,1,1,0,1,0,2,1,0,0,0,0,0,0,255,127
335,Male,0,3,849,27.9,2,2,1,2,2,2,2,2,2,2,2,2,2,2,2,2,2,2,2,2,2,0,2,1,2,2,2,2,2,2,2,0,2,2,2,2,2,2,2,2,0,2,2,2,2,0,2,2,2,2,2,2,2,2,2,2,2,2,2,2,2,2,2,2,2,2,2,2,2,2,2,2,2,1,2,2,2,2,2,2,2,2,2,2,2,2,2,2,2,2,2,2,2,2,2,2,2,2,2,2,2,2,2,2,2,2,2,2,2,2,2,2,2,2,2,2,2,2,2,2,2,2,2,2,2,2,1,2,1,2,2,2,2,2,2,2,2,2,2,2,2,2,2,2,2,2,2,0,2,2,0,2,2,2,2,2,2,2,2,0,2,2,2,2,2,2,2,2,2,2,2,2,2,2,2,2,2,2,2,2,2,2,2,2,2,2,2,2,2,1,2,2,2,2,2,2,2,2,2,2,2,2,2,2,2,2,2,2,0,2,2,2,2,1,2,2,2,2,2,2,2,2,2,0,2,2,2,1,2,2,2,1,2,1,2,2,2,2,2,2,2,2,0,2,2,1,2,2,2,2,2,2,2,2,2,0,2,2,2,2,2,2,1,2,2,2,2,1,2,2,2,2,2,2,2,2,2,2,2,2,2,2,2,2,2,2,2,2,2,2,2,2,2,2,2,2,2,2,2,2,2,2,2,2,2,2,2,2,2,2,2,2,2,2,2,2,2,2,2,2,2,2,2,2,2,2,2,2,2,2,2,1,2,2,2,2,2,2,2,2,2,2,2,2,2,2,2,2,2,2,2,2,2,2,2,2,1,2,2,1,2,2,2,2,1,1,1,2,2,2,2,2,2,1,1,2,2,2,2,2,2,2,2,2,2,1,1,2,2,2,2,2,2,2,2,2,2,2,2,2,2,2,2,2,2,2,2,2,2,2,2,2,2,2,1,2,2,2,407,383
336,Male,0,2,645,21.2,2,2,2,2,2,2,2,2,2,1,2,2,2,2,2,1,2,0,2,2,2,2,2,0,1,1,2,2,2,2,2,2,1,1,1,1,0,0,1,1,2,2,2,0,2,1,1,1,2,2,1,1,1,1,1,2,2,2,1,1,2,2,2,2,2,2,2,2,2,2,2,2,2,0,2,2,2,0,2,1,2,2,1,1,2,1,2,2,2,2,1,2,1,2,2,2,2,2,2,2,2,2,2,2,2,2,2,2,2,2,0,2,2,2,2,2,2,1,2,1,1,1,2,0,2,2,2,2,2,2,1,2,2,1,2,2,2,2,1,1,2,2,1,1,2,2,2,1,2,2,1,2,1,1,2,2,1,1,0,0,2,2,0,0,1,2,0,0,0,2,0,2,2,0,2,2,0,2,2,2,0,2,0,1,2,2,2,2,2,1,2,0,0,2,2,2,2,1,2,2,0,2,2,2,2,2,2,0,2,2,2,0,2,2,0,2,0,2,2,2,2,2,0,0,2,0,0,0,2,2,2,0,0,2,0,2,2,2,2,2,2,0,0,2,2,2,2,2,0,2,2,2,2,2,2,2,2,2,2,2,2,0,0,2,2,0,2,0,2,2,2,2,2,2,2,0,2,2,2,0,2,2,0,2,0,2,0,2,2,0,0,0,0,0,0,2,2,2,0,2,0,0,0,2,2,2,2,0,0,2,2,2,0,0,0,2,2,2,2,2,0,2,2,0,0,2,2,2,2,0,0,0,2,2,2,0,0,2,2,2,2,0,2,0,2,2,0,0,2,0,2,0,2,2,2,0,2,2,0,0,0,0,0,2,0,2,0,2,0,2,0,2,0,0,0,0,0,0,0,2,2,0,2,0,0,0,0,0,0,0,0,0,0,0,0,0,0,2,2,0,2,2,2,0,0,0,2,0,0,0,0,0,0,0,0,0,0,0,293,248
336,Male,0,2,702,23.1,2,2,2,2,2,2,2,2,2,1,2,2,2,2,2,1,2,0,2,2,2,2,2,0,1,1,2,2,2,2,2,2,1,1,1,1,0,0,1,1,2,2,2,0,2,1,1,1,2,2,1,1,1,1,1,2,2,2,1,1,2,2,2,2,2,2,2,2,2,2,2,2,2,0,2,2,2,0,2,1,2,2,1,1,2,1,2,2,2,2,1,2,1,2,2,2,2,2,2,2,2,2,2,2,2,2,2,2,2,2,0,2,2,2,2,2,2,1,2,1,1,1,2,0,2,2,2,2,2,2,1,2,2,1,2,2,2,2,1,1,2,2,1,1,2,2,2,1,2,2,1,2,1,1,2,2,1,1,0,0,2,2,0,0,1,2,0,0,0,2,0,2,2,0,2,2,0,2,2,2,0,2,0,1,2,2,2,2,2,1,2,0,0,2,2,2,2,1,2,2,0,2,2,2,2,2,2,0,2,2,2,0,2,2,0,2,0,2,2,2,2,2,0,0,2,0,0,0,2,2,2,0,0,2,0,2,2,2,2,2,2,0,0,2,2,2,2,2,0,2,2,2,2,2,2,2,2,2,2,2,2,0,0,2,2,0,2,0,2,2,2,2,2,2,2,0,2,2,2,0,2,2,0,2,0,2,0,2,2,0,0,0,0,0,0,2,2,2,0,2,0,0,0,2,2,2,2,0,0,2,2,2,0,0,0,2,2,2,2,2,0,2,2,0,0,2,2,2,2,0,0,0,2,2,2,0,0,2,2,2,2,0,2,0,2,2,0,0,2,0,2,0,2,2,2,0,2,2,0,0,0,0,0,2,0,2,0,2,0,2,0,2,0,0,0,0,0,0,0,2,2,0,2,0,0,0,0,0,0,0,0,0,0,0,0,0,0,2,2,0,2,2,2,0,0,0,2,0,0,0,0,0,0,0,0,0,0,0,293,248
337,Male,0,4,610,20.1,1,2,0,0,2,2,0,2,2,0,2,0,0,0,2,0,0,0,1,0,1,0,1,0,1,1,1,1,1,0,0,0,0,1,1,2,0,0,0,0,0,0,0,0,0,0,2,2,2,1,0,0,2,2,0,0,2,2,2,0,2,2,0,0,1,1,0,2,1,0,0,2,0,0,2,1,1,0,2,0,0,0,0,0,2,0,2,0,0,0,0,0,0,1,0,1,1,0,1,2,1,1,1,1,1,1,1,1,2,1,0,2,2,0,2,0,0,0,0,0,2,2,0,0,0,0,0,0,0,2,0,0,0,0,2,0,2,0,0,0,0,2,0,0,0,0,0,0,0,1,0,0,0,2,0,0,0,0,0,0,2,1,1,0,2,0,0,1,0,0,0,1,0,0,0,2,0,2,0,1,0,1,1,2,1,0,0,0,1,0,2,1,0,0,0,0,2,0,0,1,0,2,0,2,1,2,0,0,0,0,0,0,0,0,0,0,0,2,2,1,1,0,0,0,2,0,2,0,2,0,0,0,0,0,0,0,2,2,2,2,2,0,0,0,2,0,2,0,0,2,0,0,1,2,2,0,1,2,0,0,0,0,0,0,1,1,0,0,0,0,0,0,0,2,2,0,2,0,0,0,0,2,2,0,0,0,0,0,2,0,0,0,0,0,0,2,0,1,0,0,0,0,0,0,0,0,0,0,0,0,0,0,2,0,0,0,0,1,0,0,0,1,0,0,0,0,0,2,0,0,0,0,2,0,0,0,0,1,0,0,2,1,1,1,0,0,0,1,0,0,0,0,0,1,0,0,0,0,0,0,0,0,0,0,0,0,0,0,0,2,0,0,0,0,0,0,0,0,0,0,0,0,0,2,0,0,0,0,0,0,0,0,0,0,0,0,0,0,0,0,0,0,0,0,0,0,0,0,2,0,0,0,0,0,0,0,0,0,132,76
337,Male,0,4,638,21,1,2,0,0,2,2,1,2,2,0,2,0,0,0,2,0,0,0,1,0,1,0,1,0,1,1,1,1,1,0,1,0,0,1,1,2,0,1,1,0,0,1,1,0,0,0,2,2,2,2,0,2,2,2,0,0,2,2,2,0,2,2,0,1,1,1,0,2,1,0,0,2,0,0,2,1,1,0,2,0,0,0,2,0,2,2,2,0,0,2,0,1,2,2,0,1,1,0,2,2,2,1,1,1,1,1,1,1,2,1,2,2,2,0,2,0,0,0,2,0,2,2,0,0,0,1,0,0,0,2,0,2,2,0,2,0,2,0,0,0,0,2,0,0,0,0,0,0,0,1,0,0,0,2,0,1,0,0,0,0,2,1,1,0,2,0,0,1,0,2,0,1,0,0,0,2,0,2,0,1,0,1,1,2,1,0,0,2,1,0,2,1,0,0,0,0,2,1,0,1,0,2,0,2,1,2,0,0,0,0,0,0,0,0,0,0,1,2,2,1,1,0,0,0,2,0,2,0,2,0,0,0,0,0,0,0,2,2,2,2,2,0,0,0,2,2,2,0,0,2,0,0,1,2,2,0,1,2,0,2,0,0,0,0,1,1,0,0,0,0,0,0,0,2,2,0,2,0,0,0,0,2,2,0,0,0,1,0,2,0,0,0,0,1,0,2,0,1,0,0,0,0,0,0,0,0,0,0,0,0,0,0,2,0,1,0,0,1,0,1,0,1,0,0,0,0,0,2,0,0,0,0,2,0,0,0,0,1,0,0,2,1,1,1,0,0,0,1,0,0,0,0,1,1,0,0,0,1,0,0,0,0,0,0,0,0,0,0,0,2,0,0,0,0,0,0,0,0,0,0,1,0,0,2,0,0,0,0,0,0,0,0,0,0,0,0,0,0,0,0,0,0,0,0,0,0,0,0,2,0,0,0,0,0,0,0,0,0,164,93
337,Male,0,4,735,24.2,1,2,0,0,2,2,1,2,2,0,2,0,0,2,2,2,0,0,1,0,1,0,2,0,2,1,1,1,1,0,1,0,0,1,1,2,0,2,1,0,0,1,1,2,0,0,2,2,2,2,2,2,2,2,0,0,2,2,2,2,2,2,0,1,1,2,2,2,1,0,0,2,2,0,2,1,1,0,2,0,0,0,2,0,2,2,2,2,0,2,0,1,2,2,0,2,1,1,2,2,2,2,1,1,1,2,2,2,2,2,2,2,2,1,2,1,2,1,2,0,2,2,2,0,1,1,0,2,1,2,0,2,2,1,2,1,2,1,2,1,0,2,0,1,0,2,1,0,1,1,0,2,1,2,1,2,1,0,2,0,2,2,2,2,2,1,0,2,2,2,2,2,2,2,0,2,0,2,1,2,1,2,1,2,1,1,1,2,1,0,2,1,0,1,1,0,2,1,1,1,0,2,0,2,1,2,0,2,1,1,1,0,1,1,0,2,1,2,2,2,1,1,1,0,2,2,2,0,2,0,0,0,0,0,0,0,2,2,2,2,2,2,0,0,2,2,2,2,0,2,1,2,1,2,2,1,1,2,1,2,2,2,0,2,1,1,0,1,0,0,1,1,1,2,2,1,2,2,2,2,0,2,2,0,1,2,1,1,2,0,0,0,1,2,0,2,0,1,0,0,1,0,0,1,2,0,0,0,2,2,2,0,2,2,1,2,0,1,0,2,1,1,1,0,0,1,1,2,2,2,0,2,2,2,1,0,2,1,1,1,2,2,1,1,2,1,0,1,1,2,0,0,1,1,1,1,0,1,0,0,0,2,0,0,0,0,0,1,0,2,2,0,0,0,0,2,0,1,0,0,1,0,0,0,0,0,0,1,2,1,1,2,0,2,2,0,0,1,1,2,0,1,2,2,0,1,2,0,2,2,1,0,0,0,0,0,1,1,290,171
337,Male,0,4,813,26.7,1,2,0,0,2,2,2,2,2,0,2,2,0,2,2,2,2,1,1,1,2,0,2,0,2,2,2,1,1,0,2,0,0,2,2,2,0,2,2,0,0,2,2,2,0,0,2,2,2,2,2,2,2,2,1,1,2,2,2,2,2,2,1,1,1,2,2,2,2,1,2,2,2,0,2,1,2,1,2,1,2,0,2,0,2,2,2,2,0,2,2,2,2,2,2,2,1,1,2,2,2,2,1,1,2,2,2,2,2,2,2,2,2,1,2,1,2,1,2,0,2,2,2,0,1,1,0,2,1,2,0,2,2,1,2,1,2,1,2,1,0,2,0,1,0,2,1,0,1,1,0,2,1,2,1,2,1,0,2,0,2,2,2,2,2,1,0,2,2,2,2,2,2,2,0,2,0,2,1,2,2,2,2,2,1,1,2,2,2,0,2,1,0,2,1,0,2,1,1,2,0,2,0,2,1,2,0,2,1,1,1,0,1,1,0,2,1,2,2,2,2,1,1,0,2,2,2,0,2,2,0,0,0,0,0,0,2,2,2,2,2,2,0,0,2,2,2,2,0,2,1,2,1,2,2,1,1,2,1,2,2,2,0,2,2,1,0,1,0,0,2,1,1,2,2,1,2,2,2,2,0,2,2,0,1,2,1,1,2,0,0,0,1,2,0,2,0,1,0,0,2,0,2,1,2,0,0,0,2,2,2,0,2,2,1,2,2,1,0,2,1,1,1,0,0,1,1,2,2,2,0,2,2,2,1,0,2,1,1,1,2,2,1,1,2,1,0,1,1,2,0,0,1,1,1,1,0,1,0,0,2,2,1,1,2,0,0,1,1,2,2,0,0,0,0,2,0,1,0,0,1,0,0,2,0,0,0,1,2,1,2,2,0,2,2,0,0,1,1,2,0,1,2,2,0,1,2,0,2,2,1,0,0,0,0,0,1,1,312,208
339,Male,0,3,259,8.5,0,0,0,0,0,0,0,0,0,0,0,0,0,0,0,0,0,0,0,0,0,0,0,0,0,0,0,0,0,0,0,0,0,0,0,0,0,0,0,0,0,0,0,0,0,0,0,0,0,0,0,0,0,0,0,0,0,0,0,0,0,0,0,0,0,0,0,0,0,0,0,0,0,0,0,0,0,0,0,0,0,0,0,0,0,0,0,0,0,0,0,0,0,0,0,0,0,0,0,0,0,0,0,0,0,0,0,0,0,0,0,0,0,0,0,0,0,0,0,0,0,0,0,0,0,0,0,0,0,0,0,0,0,0,0,0,0,0,0,0,0,0,0,0,0,0,0,0,0,0,0,0,0,0,0,0,0,0,0,0,0,0,0,0,0,0,0,0,0,0,0,0,0,0,0,0,0,0,0,0,0,0,0,0,0,0,0,0,0,0,0,0,0,0,0,0,0,0,0,0,0,0,0,0,0,0,0,0,0,0,0,0,0,0,0,0,0,0,0,0,0,0,0,0,0,0,0,0,0,0,0,0,0,0,0,2,0,0,0,2,2,0,0,0,0,0,0,0,0,0,0,0,0,0,1,0,1,0,0,0,0,0,0,0,0,0,0,0,0,0,0,0,0,0,0,0,0,0,0,0,0,0,0,0,0,0,0,0,0,0,0,0,0,0,0,0,0,0,0,0,0,0,0,0,0,0,0,0,0,0,0,0,0,0,0,0,0,0,0,0,0,0,0,0,0,0,0,0,0,0,0,0,0,0,0,0,0,0,0,0,0,0,0,0,0,0,0,0,0,0,0,0,0,0,0,0,0,0,0,0,0,0,0,0,0,0,0,0,0,0,0,0,0,0,0,0,0,0,0,0,0,0,0,0,0,0,0,0,0,0,0,0,0,0,0,0,0,0,0,0,0,0,0,0,0,0,0,0,0,0,0,0,0,0,0,0,0,0,5,3
339,Male,0,3,363,11.9,0,0,0,0,0,0,0,0,1,0,0,2,0,0,0,0,0,0,0,0,0,0,0,0,0,0,0,0,0,0,0,0,0,0,0,0,0,0,0,0,0,0,0,0,0,0,0,0,0,0,0,0,0,1,0,0,0,1,0,0,1,0,0,0,0,1,0,0,0,0,0,0,0,0,0,0,0,0,1,0,0,0,0,0,0,0,1,0,0,0,0,0,0,0,0,0,0,0,0,0,0,0,0,0,0,0,0,0,0,0,0,0,0,0,0,0,0,0,0,0,0,0,0,0,0,1,0,0,0,0,0,0,0,0,1,0,0,0,0,0,0,0,0,0,0,0,0,0,0,0,0,0,0,0,0,0,0,0,0,0,0,0,0,0,0,0,0,0,0,0,0,0,0,0,0,0,0,0,0,0,0,0,0,0,0,0,1,0,0,0,0,0,0,0,0,0,0,0,0,0,0,0,0,0,0,0,0,0,0,0,0,0,0,0,0,0,0,0,0,0,0,0,0,0,0,0,0,0,2,0,0,0,0,0,0,0,0,0,0,2,2,0,0,0,0,0,0,0,0,0,0,0,0,1,1,0,1,0,0,1,0,0,0,0,0,0,0,0,0,0,0,0,0,0,0,0,0,0,1,0,0,0,0,0,0,0,0,0,0,0,0,0,0,0,0,0,0,0,0,0,1,0,0,0,0,0,0,0,0,0,0,0,0,0,0,0,0,0,0,0,0,0,0,0,0,0,0,0,0,0,0,0,0,0,0,0,0,0,0,0,0,0,0,0,0,0,0,0,0,0,0,0,0,0,0,0,0,0,0,0,0,0,0,0,0,0,0,0,0,0,0,0,0,0,0,0,0,0,0,0,0,0,0,0,0,0,0,0,0,0,0,0,0,0,0,0,0,0,0,0,0,0,0,0,0,0,0,0,0,0,0,0,0,0,0,0,0,0,20,4
339,Male,0,3,530,17.4,0,0,0,1,0,0,1,0,1,2,0,2,0,0,0,1,0,0,0,0,0,0,1,0,0,0,0,0,0,0,0,0,0,0,1,0,0,0,1,0,1,0,0,0,1,0,0,0,0,0,0,0,1,1,0,1,0,1,0,1,1,1,0,1,1,1,0,0,1,0,0,0,0,0,0,0,1,0,1,0,0,1,0,0,2,0,1,0,0,0,0,0,1,1,1,0,0,0,0,0,1,1,1,0,0,0,0,0,0,0,0,0,0,0,1,0,0,0,1,0,1,0,0,0,0,1,0,1,0,1,0,1,0,0,1,1,1,1,1,1,0,1,1,0,1,1,1,0,1,0,0,1,0,1,0,1,1,0,0,0,0,0,0,0,0,0,0,0,0,0,0,1,1,0,0,0,0,0,0,0,0,0,0,0,1,0,1,0,0,0,1,0,0,1,0,0,0,0,0,0,0,1,0,1,1,0,0,0,0,0,1,0,1,0,0,0,0,0,1,1,1,0,1,1,1,0,0,0,2,0,0,0,0,0,0,2,0,0,0,2,2,0,0,0,1,1,1,1,1,1,2,1,1,1,1,1,1,1,1,1,1,1,1,1,0,0,0,0,0,0,0,1,1,0,1,0,1,0,1,0,0,1,0,0,0,0,0,0,0,0,0,0,0,0,0,0,0,1,0,0,1,0,0,1,1,0,0,0,0,0,0,1,0,0,0,1,0,1,1,1,1,0,0,0,0,1,0,1,1,0,1,0,1,1,0,0,0,0,1,0,1,0,1,0,0,0,0,0,1,0,0,0,1,1,0,0,0,1,1,0,0,0,0,0,1,1,0,1,0,1,0,0,0,0,0,0,0,0,0,1,0,0,0,0,0,0,0,0,0,0,0,0,0,0,0,0,0,0,0,0,0,0,0,0,0,0,0,0,0,0,1,0,0,0,0,0,0,0,133,8
342,Female,0,6,294,9.7,0,0,0,0,0,0,0,1,0,0,0,1,0,0,0,0,1,0,0,0,0,0,0,0,0,0,1,0,0,0,1,0,0,0,1,0,0,0,0,0,0,0,0,0,0,0,0,0,0,0,0,0,0,0,0,0,0,0,0,0,0,0,0,0,0,0,0,0,0,0,0,0,0,0,1,1,0,0,1,0,0,0,0,0,0,0,1,0,0,0,0,0,0,0,1,0,0,0,0,0,0,0,0,0,1,0,0,0,0,0,0,0,0,0,1,1,0,0,0,0,0,0,0,0,0,1,0,0,0,0,0,0,0,0,1,0,1,0,0,1,0,0,0,0,1,0,0,0,0,0,0,0,0,0,0,0,0,0,0,0,1,0,0,0,0,0,0,0,0,0,0,0,0,0,0,0,0,0,0,0,0,1,0,0,0,0,1,0,0,0,0,0,0,0,0,0,0,0,0,0,0,0,0,0,1,0,0,0,0,1,0,0,0,0,0,0,0,0,0,0,0,0,0,0,0,0,0,0,2,0,0,0,0,0,0,2,0,0,0,1,2,0,0,0,1,1,1,1,0,1,0,1,0,1,1,0,0,0,0,1,0,1,0,2,0,0,0,0,0,0,0,0,0,0,0,0,0,0,0,0,1,1,0,0,0,0,0,0,0,0,0,0,0,0,0,0,0,0,0,0,0,0,0,0,0,0,0,0,0,0,0,0,0,0,0,1,0,0,0,0,0,0,0,0,0,0,1,0,0,0,0,0,1,0,0,0,0,0,0,0,0,0,0,0,0,0,0,0,0,0,0,0,0,0,0,0,0,0,0,0,0,0,0,0,0,0,0,0,0,0,0,0,0,0,0,0,0,0,0,0,0,0,0,0,0,0,0,0,0,0,0,0,0,0,0,0,0,0,0,0,0,0,0,0,0,0,0,0,0,0,1,0,0,0,0,0,0,0,45,4
342,Female,0,6,509,16.7,2,1,1,1,2,2,1,2,1,2,2,2,1,1,1,1,1,2,2,1,1,0,1,0,1,1,1,1,1,0,1,1,1,1,1,1,1,0,2,1,1,1,1,1,1,0,1,1,0,2,1,0,1,1,0,1,1,2,2,0,2,0,1,2,2,2,2,2,1,1,0,1,1,0,1,2,0,0,1,1,1,0,0,0,0,1,2,1,2,1,1,0,2,1,2,1,2,0,1,1,1,1,1,1,2,2,1,1,1,1,1,1,1,1,1,1,0,2,1,1,1,2,0,1,0,1,0,1,0,1,0,2,1,1,2,1,1,1,1,1,1,1,1,0,1,1,0,0,2,1,2,1,0,1,1,2,1,0,1,0,1,1,1,1,1,1,0,1,1,1,1,1,2,0,0,1,0,1,1,1,1,1,1,1,1,1,1,1,1,0,1,2,0,2,0,0,1,1,0,1,0,1,0,1,1,1,0,1,0,1,1,0,1,2,0,1,1,1,1,1,0,0,0,0,2,1,0,1,2,0,0,0,0,0,1,0,1,1,1,2,2,1,0,0,2,2,2,1,1,1,0,1,1,1,2,2,2,2,2,2,1,1,1,2,1,1,0,1,1,0,1,1,1,1,1,0,1,1,1,1,1,1,1,1,1,1,1,1,1,1,1,1,1,0,1,1,1,1,0,1,1,1,1,1,1,1,1,1,1,1,1,1,1,1,0,1,1,1,0,1,1,0,1,1,0,1,1,1,1,1,1,1,1,1,0,1,0,1,1,1,1,0,1,1,1,0,0,1,1,0,1,0,2,1,1,1,0,1,1,0,1,0,1,1,0,1,1,1,1,2,0,0,1,1,1,0,0,1,1,1,0,1,1,1,0,0,0,1,1,0,1,0,1,1,1,1,0,2,1,1,1,1,1,1,1,1,2,1,1,1,1,1,1,0,1,1,0,1,324,56
342,Female,0,6,534,17.6,2,1,1,1,2,2,1,2,2,2,2,2,1,1,1,2,1,2,2,2,1,0,1,1,1,1,1,1,1,0,1,1,1,1,1,1,1,0,2,1,1,1,1,1,1,1,1,1,0,2,1,1,1,1,0,1,1,2,2,0,2,0,1,2,2,2,2,2,1,1,1,1,2,1,2,2,1,0,1,1,1,1,1,1,0,1,2,1,2,1,1,0,2,1,2,1,2,1,2,2,1,1,1,1,2,2,1,1,1,1,1,2,1,2,1,1,0,2,1,1,1,2,0,1,0,2,0,1,0,1,0,2,1,2,2,1,1,1,1,1,1,1,1,0,1,1,1,0,2,1,2,1,0,1,1,2,1,0,1,0,1,1,1,1,1,1,0,1,1,1,1,1,2,0,0,1,0,1,1,1,1,2,1,1,1,1,1,1,1,0,2,2,0,2,0,0,1,1,0,1,0,1,1,1,1,1,0,1,0,1,1,1,1,2,0,1,1,1,1,1,2,2,1,0,2,1,0,1,2,0,0,1,0,0,1,2,1,1,1,2,2,1,0,0,2,2,2,1,1,1,2,1,1,1,2,2,2,2,2,2,2,1,1,2,1,1,1,1,1,0,1,1,1,1,2,1,1,1,1,1,1,1,1,1,1,1,1,1,1,1,1,1,1,0,1,1,1,2,0,1,1,1,1,1,1,1,2,2,1,1,1,1,1,1,1,1,1,1,1,1,1,0,1,1,1,1,2,2,1,1,1,1,1,1,1,1,0,1,1,1,1,0,1,1,1,0,0,1,1,0,2,0,2,1,1,1,0,1,1,0,1,0,1,1,0,1,1,1,1,2,0,0,1,1,1,0,0,1,1,1,0,1,1,1,0,1,1,1,1,0,1,0,1,1,1,1,0,2,1,1,1,1,1,1,1,1,2,1,1,1,2,1,1,0,1,1,0,1,351,82
342,Female,0,6,596,19.6,2,1,1,1,2,2,1,2,2,2,2,2,1,1,2,2,2,2,2,2,2,0,2,1,2,2,1,1,1,0,2,1,2,1,1,1,2,0,2,1,1,1,2,1,1,1,2,1,0,2,1,1,2,2,0,1,1,2,2,0,2,0,1,2,2,2,2,2,1,1,2,1,2,1,2,2,1,0,1,2,1,1,1,2,0,2,2,2,2,1,1,0,2,1,2,2,2,1,2,2,1,1,1,1,2,2,2,2,2,1,1,2,1,2,2,2,1,2,1,1,1,2,0,2,0,2,0,2,0,1,0,2,2,2,2,1,2,1,2,1,2,2,1,0,2,1,1,0,2,1,2,1,1,2,1,2,1,0,1,0,1,1,1,1,1,1,0,1,1,1,1,1,2,0,1,2,0,2,2,1,2,2,2,1,1,1,1,1,1,0,2,2,1,2,0,0,1,1,1,2,1,1,1,1,1,1,1,2,0,1,1,1,1,2,0,1,1,1,2,1,2,2,1,1,2,1,0,1,2,0,0,1,0,1,1,2,1,1,2,2,2,1,0,0,2,2,2,1,1,1,2,1,1,1,2,2,2,2,2,2,2,1,1,2,1,1,1,1,2,0,1,1,1,1,2,2,1,1,1,1,1,1,1,1,1,1,1,1,1,1,1,2,1,0,1,1,1,2,0,1,1,1,1,1,1,1,2,2,1,1,1,1,1,1,1,1,1,1,1,1,1,2,2,1,1,1,2,2,1,1,2,1,2,1,2,1,0,1,1,1,2,2,1,1,1,1,0,1,1,0,2,1,2,1,1,1,0,2,1,0,1,0,1,1,1,1,1,1,1,2,0,0,1,1,1,0,0,1,1,1,1,1,1,1,0,1,1,1,1,2,1,0,1,1,1,1,1,2,1,1,1,1,1,1,1,1,2,2,1,1,2,1,1,0,1,1,1,1,369,137
342,Female,0,6,623,20.5,2,1,1,2,2,2,1,2,2,2,2,2,1,1,2,2,2,2,2,2,2,1,2,1,2,2,1,1,1,1,2,1,2,2,2,1,2,1,2,1,1,2,2,1,1,2,2,1,1,2,1,1,2,2,0,1,1,2,2,0,2,1,2,2,2,2,2,2,1,2,2,1,2,1,2,2,1,0,1,2,1,1,1,2,0,2,2,2,2,1,1,1,2,2,2,2,2,1,2,2,1,1,2,1,2,2,2,2,2,2,1,2,1,2,2,2,2,2,2,1,1,2,1,2,1,2,0,2,0,1,0,2,2,2,2,1,2,1,2,1,2,2,1,1,2,2,1,0,2,2,2,1,1,2,2,2,1,2,2,0,1,1,2,2,1,2,0,2,2,2,1,1,2,0,1,2,0,2,2,2,2,2,2,1,2,1,2,2,2,0,2,2,2,2,0,0,1,1,1,2,2,2,1,2,1,2,1,2,0,1,2,1,2,2,0,2,1,2,2,1,2,2,2,1,2,1,0,1,2,2,0,1,0,1,1,2,1,1,2,2,2,1,0,0,2,2,2,2,1,1,2,1,1,2,2,2,2,2,2,2,2,1,1,2,1,1,1,1,2,1,2,1,1,1,2,2,2,2,1,1,1,1,1,1,1,1,1,1,1,1,1,2,1,1,1,2,2,2,0,1,1,1,1,2,1,1,2,2,2,1,1,1,1,1,1,1,1,2,1,1,1,2,2,2,1,1,2,2,1,1,2,1,2,1,2,1,1,1,1,1,2,2,1,1,1,1,0,1,1,1,2,1,2,1,1,1,0,2,1,1,1,1,1,1,1,2,1,1,1,2,1,0,1,1,1,0,0,1,1,1,1,1,1,1,1,1,1,1,1,2,1,2,1,1,1,1,1,2,2,1,1,1,1,1,1,1,2,2,1,1,2,1,1,1,1,1,1,1,390,190
342,Female,0,6,676,22.2,2,1,1,2,2,2,1,2,2,2,2,2,1,1,2,2,2,2,2,2,2,1,2,2,2,2,1,2,2,1,2,1,2,2,2,2,2,1,2,1,1,2,2,1,1,2,2,1,1,2,1,2,2,2,1,2,2,2,2,1,2,2,2,2,2,2,2,2,2,2,2,2,2,1,2,2,1,2,2,2,1,2,1,2,0,2,2,2,2,2,1,2,2,2,2,2,2,2,2,2,2,1,2,1,2,2,2,2,2,2,2,2,1,2,2,2,2,2,2,2,1,2,1,2,2,2,0,2,0,1,0,2,2,2,2,1,2,1,2,2,2,2,2,1,2,2,1,0,2,2,2,2,2,2,2,2,2,2,2,0,2,2,2,2,1,2,1,2,2,2,1,1,2,0,2,2,0,2,2,2,2,2,2,1,2,1,2,2,2,0,2,2,2,2,0,0,2,1,2,2,2,2,1,2,2,2,1,2,0,1,2,1,2,2,0,2,1,2,2,1,2,2,2,1,2,1,0,1,2,2,0,1,0,1,1,2,2,2,2,2,2,1,0,0,2,2,2,2,1,1,2,2,2,2,2,2,2,2,2,2,2,1,1,2,2,1,2,1,2,1,2,1,2,2,2,2,2,2,2,1,2,1,1,1,2,2,2,1,1,1,1,2,1,1,1,2,2,2,1,1,1,1,1,2,1,2,2,2,2,1,1,1,2,1,1,1,1,2,1,2,1,2,2,2,1,1,2,2,2,1,2,1,2,2,2,1,2,1,1,2,2,2,2,2,1,1,1,1,1,2,2,2,2,1,1,1,0,2,1,1,1,2,1,1,1,2,1,1,2,2,2,0,1,1,2,0,0,1,2,1,1,1,1,1,1,1,1,1,1,2,1,2,1,1,1,1,1,2,2,2,1,1,1,1,1,1,2,2,2,1,2,1,1,1,1,1,1,1,396,252
342,Female,0,6,720,23.7,2,1,1,2,2,2,1,2,2,2,2,2,1,2,2,2,2,2,2,2,2,1,2,2,2,2,2,2,2,1,2,1,2,2,2,2,2,2,2,2,1,2,2,2,2,2,2,1,2,2,1,2,2,2,1,2,2,2,2,2,2,2,2,2,2,2,2,2,2,2,2,2,2,1,2,2,1,2,2,2,1,2,1,2,0,2,2,2,2,2,1,2,2,2,2,2,2,2,2,2,2,2,2,2,2,2,2,2,2,2,2,2,1,2,2,2,2,2,2,2,2,2,1,2,2,2,0,2,0,1,1,2,2,2,2,2,2,2,2,2,2,2,2,1,2,2,1,0,2,2,2,2,2,2,2,2,2,2,2,1,2,2,2,2,2,2,1,2,2,2,2,2,2,0,2,2,0,2,2,2,2,2,2,1,2,2,2,2,2,1,2,2,2,2,1,0,2,1,2,2,2,2,1,2,2,2,1,2,0,2,2,1,2,2,0,2,2,2,2,2,2,2,2,1,2,2,0,1,2,2,1,1,1,1,2,2,2,2,2,2,2,2,0,0,2,2,2,2,1,2,2,2,2,2,2,2,2,2,2,2,2,1,2,2,2,1,2,1,2,1,2,1,2,2,2,2,2,2,2,1,2,2,1,1,2,2,2,1,2,2,1,2,2,2,1,2,2,2,1,1,1,1,1,2,1,2,2,2,2,1,2,1,2,1,1,2,1,2,1,2,1,2,2,2,1,2,2,2,2,1,2,1,2,2,2,1,2,1,1,2,2,2,2,2,1,1,1,2,1,2,2,2,2,1,2,1,0,2,1,1,1,2,1,1,1,2,1,1,2,2,2,0,2,1,2,0,1,1,2,1,1,1,1,1,1,1,1,1,1,2,1,2,1,1,1,1,1,2,2,2,1,1,1,1,2,2,2,2,2,1,2,1,1,1,1,1,1,2,403,291
343,Female,0,3,309,10.2,0,1,0,0,1,0,0,1,0,0,0,1,0,0,0,1,1,0,1,0,0,0,0,0,0,0,0,0,0,0,0,0,1,0,0,0,0,0,0,0,0,0,0,0,0,0,0,0,0,0,0,0,0,0,0,0,0,1,0,0,0,0,0,0,0,0,0,0,0,0,0,0,0,0,0,0,0,0,0,0,0,0,0,0,0,0,0,0,0,0,0,0,0,0,0,0,0,0,0,0,0,0,0,0,0,0,0,0,0,0,0,0,0,0,0,0,0,0,0,0,0,0,0,0,0,1,0,0,0,0,0,0,0,0,1,0,0,0,0,0,0,0,0,0,0,0,0,0,0,0,0,0,0,0,0,0,0,0,0,0,0,0,0,0,0,0,0,0,0,0,0,0,0,0,0,0,0,0,0,0,0,0,0,0,0,0,0,0,0,0,0,0,0,0,0,0,0,0,0,0,0,0,0,0,0,0,0,0,0,0,0,0,0,0,0,0,0,0,0,0,0,0,0,0,0,0,0,0,1,0,0,0,0,0,0,0,0,0,0,1,0,0,0,0,0,0,1,0,0,1,0,0,0,1,0,1,1,0,1,0,0,0,0,0,0,0,0,0,0,0,0,0,0,0,1,0,0,0,0,0,0,0,0,0,0,0,0,0,0,0,0,0,0,0,0,0,0,1,0,0,0,0,0,0,0,0,0,0,0,0,0,0,0,0,0,0,0,0,0,1,0,0,0,0,0,0,1,0,0,0,0,0,0,0,0,0,0,0,0,0,0,0,0,0,0,0,0,0,0,0,0,0,0,0,0,0,0,0,0,0,0,0,0,0,0,0,0,0,0,0,0,0,0,0,0,0,0,0,0,0,0,0,0,0,0,0,0,0,0,0,0,0,0,0,0,0,0,0,0,0,0,0,0,0,0,0,0,0,0,0,0,0,0,0,0,0,0,0,23,0
343,Female,0,3,537,17.7,2,1,1,2,2,2,1,1,2,0,1,2,0,0,0,1,1,0,1,1,1,0,1,0,1,0,2,0,0,0,0,0,1,1,1,0,0,1,1,0,0,0,0,0,0,0,0,0,0,0,0,0,0,1,0,1,0,1,1,1,1,2,1,0,1,0,0,2,0,0,0,0,0,0,0,0,0,0,1,0,0,1,0,0,0,0,1,0,0,2,0,0,0,0,1,0,0,0,1,1,1,0,1,0,0,0,1,1,1,1,0,1,1,1,1,0,1,0,1,1,1,1,0,0,0,1,0,1,0,1,0,1,0,0,1,1,1,1,1,0,1,1,1,0,1,1,0,0,1,0,0,1,0,1,1,1,0,0,0,0,1,0,1,0,1,0,0,0,1,0,0,1,0,0,0,0,0,1,1,1,0,1,0,0,1,0,1,0,1,0,1,0,0,1,0,1,0,0,0,1,0,1,0,0,1,0,0,1,0,1,1,0,1,1,0,0,0,0,1,0,1,0,0,0,2,1,0,0,2,0,0,0,0,0,1,1,1,0,0,2,0,0,0,0,0,0,1,0,0,1,0,0,0,1,0,1,1,0,1,0,0,0,0,0,0,0,0,0,0,0,0,0,0,0,1,0,0,0,0,0,0,0,0,0,0,0,0,0,0,0,0,0,0,0,0,0,0,1,0,0,0,1,0,0,1,0,0,0,1,0,0,0,0,2,0,0,1,1,1,1,1,0,1,0,0,0,1,1,0,0,1,0,2,1,1,0,0,0,0,1,1,0,1,0,0,0,0,1,0,0,0,0,1,1,0,0,0,1,0,0,0,0,0,0,0,0,0,1,1,1,0,0,0,0,0,0,0,0,0,0,0,0,0,0,0,0,0,1,0,0,2,0,0,0,0,0,0,0,1,1,0,0,0,1,0,1,0,0,0,0,2,1,0,0,0,0,0,0,149,17
343,Female,0,3,748,24.6,2,2,1,2,2,2,2,2,2,2,1,2,1,1,2,2,2,1,2,2,2,0,2,0,1,1,2,1,2,1,1,1,2,2,2,2,2,1,2,1,1,2,2,1,1,2,1,2,2,2,1,1,2,2,2,2,2,2,2,2,2,2,2,2,2,2,2,2,2,2,2,2,2,1,2,1,2,1,1,1,2,2,1,1,2,1,1,2,2,2,1,2,2,2,2,2,1,2,2,2,2,2,2,2,2,2,2,2,2,2,1,2,2,2,2,2,2,2,2,2,2,2,1,2,2,2,1,2,2,2,2,2,1,1,2,1,2,1,2,1,2,2,1,1,2,2,1,1,1,1,1,2,2,1,2,2,1,1,1,0,2,2,2,1,1,2,1,1,2,2,2,2,2,1,1,2,1,2,2,2,1,2,2,1,2,1,2,2,2,1,1,2,1,1,1,2,2,0,0,1,1,2,0,1,1,1,1,1,0,1,1,0,1,1,0,1,0,1,1,2,2,1,0,1,2,1,0,0,2,1,1,0,1,0,1,2,2,0,2,2,2,0,0,0,2,2,2,1,0,2,2,1,1,1,2,1,2,2,2,2,2,2,1,2,1,1,1,1,2,1,1,1,1,1,2,2,1,1,2,1,2,2,1,2,1,1,1,1,1,2,1,2,2,1,1,2,1,2,1,1,2,1,1,1,1,1,1,1,1,1,1,1,1,2,1,1,1,2,1,1,2,1,1,1,1,1,2,1,1,0,1,1,2,1,1,1,0,2,1,2,2,1,2,2,1,1,1,1,1,0,1,1,2,2,1,1,1,1,1,1,1,1,1,0,2,1,1,2,1,2,0,1,1,1,1,1,1,1,1,1,2,1,1,1,1,1,1,2,1,2,2,1,1,1,2,1,1,1,2,1,1,1,1,1,1,1,1,1,2,1,2,1,1,1,1,1,2,1,393,190
345,Female,0,3,257,8.4,0,0,0,0,0,0,0,0,0,0,0,0,0,0,0,0,0,0,0,0,0,0,0,0,0,0,0,0,0,0,0,0,0,0,0,0,0,0,0,0,0,0,0,0,0,0,0,0,0,0,0,0,0,0,0,0,0,0,0,0,0,0,0,0,0,0,0,0,0,0,0,0,0,0,0,0,0,0,0,0,0,0,0,0,0,0,0,0,0,0,0,0,0,0,0,0,0,0,0,0,0,0,0,0,0,0,0,0,0,0,0,0,0,0,0,0,0,0,0,0,0,0,0,0,0,0,0,0,0,0,0,0,0,0,0,0,0,0,0,0,0,0,0,0,0,0,0,0,0,0,0,0,0,0,0,0,0,0,0,0,0,0,0,0,0,0,0,0,0,0,0,0,0,0,0,0,0,0,0,0,0,0,0,0,0,0,0,0,0,0,0,0,0,0,0,0,0,0,0,0,0,0,0,0,0,0,0,0,0,0,0,0,0,0,0,0,0,0,0,0,0,0,0,0,0,0,0,0,0,0,0,0,0,0,0,0,0,0,0,0,0,0,0,0,0,0,0,0,0,0,0,0,0,0,0,0,0,0,0,0,0,0,0,0,0,0,0,0,0,0,0,0,0,0,0,0,0,0,0,0,0,0,0,0,0,0,0,0,0,0,0,0,0,0,0,0,0,0,0,0,0,0,0,0,0,0,0,0,0,0,0,0,0,0,0,0,0,0,0,0,0,0,0,0,0,0,0,0,0,0,0,0,0,0,0,0,0,0,0,0,0,0,0,0,0,0,0,0,0,0,0,0,0,0,0,0,0,0,0,0,0,0,0,0,0,0,0,0,0,0,0,0,0,0,0,0,0,0,0,0,0,0,0,0,0,0,0,0,0,0,0,0,0,0,0,0,0,0,0,0,0,0,0,0,0,0,1,0,0,0,0,0,0,0,0,0,0,0,1,0
345,Female,0,3,435,14.3,0,0,0,1,1,1,0,1,1,0,1,0,0,0,1,1,0,0,1,0,1,0,2,0,2,0,0,0,0,0,0,0,0,0,0,1,0,0,1,1,0,1,0,0,1,0,1,0,0,0,0,0,0,0,0,0,0,0,1,0,0,0,0,0,0,1,0,0,0,0,0,0,0,0,0,0,0,0,0,0,0,0,0,0,0,0,0,0,0,0,0,0,0,0,0,0,0,0,1,0,0,0,0,0,0,0,0,0,1,0,0,1,1,0,0,0,0,0,0,0,0,0,0,0,0,1,0,0,0,1,0,0,0,0,2,0,0,0,0,0,0,1,0,0,0,0,0,0,0,0,0,0,0,0,0,0,1,0,0,0,0,1,0,0,0,0,0,0,0,0,0,0,0,0,0,0,0,0,0,0,0,0,0,0,0,0,1,0,0,0,0,0,0,0,0,0,0,0,0,0,0,0,0,1,0,0,0,0,0,0,0,0,0,0,0,0,0,0,0,0,1,0,0,0,1,0,0,0,2,0,0,0,0,0,0,0,0,0,0,1,0,0,0,0,2,1,1,1,0,1,1,0,0,1,0,0,1,0,0,0,1,0,0,0,0,0,0,0,0,0,0,0,0,0,1,0,0,0,0,0,0,0,0,0,0,0,0,0,0,0,0,0,0,0,0,0,0,0,0,0,1,0,0,0,0,0,0,1,0,0,0,0,0,1,0,0,0,0,1,0,0,0,0,0,0,0,0,1,1,1,0,0,0,0,0,0,0,0,0,0,0,0,0,0,0,0,0,1,0,0,0,0,0,0,0,0,0,0,0,0,0,0,0,0,0,1,0,0,1,0,0,0,0,0,0,0,0,0,0,0,0,0,0,0,0,0,0,0,0,0,0,0,0,0,0,0,0,0,0,0,0,0,0,0,0,0,1,0,0,0,0,0,0,0,0,0,0,0,57,5
345,Female,0,3,526,17.3,0,0,0,1,1,2,0,1,2,1,2,2,0,0,2,2,1,1,2,0,1,0,2,0,2,0,1,1,0,0,2,0,0,0,0,1,0,0,1,1,0,1,0,0,1,0,2,1,0,0,0,0,0,2,0,1,0,2,1,0,2,2,1,1,2,1,0,1,2,0,0,0,0,1,0,0,0,0,1,0,1,1,0,0,0,0,1,0,0,0,0,1,0,0,0,1,1,0,1,1,0,0,1,0,1,1,1,1,1,1,0,1,1,1,1,0,0,1,1,1,1,1,0,0,0,1,0,1,0,1,0,1,0,0,2,1,1,1,1,0,0,1,0,0,0,1,0,0,0,0,0,0,0,1,0,0,1,2,0,0,1,1,1,0,0,1,0,0,0,0,1,1,0,0,0,0,0,0,0,1,0,0,0,0,0,0,1,0,0,0,1,0,0,0,0,0,0,0,0,0,0,0,0,1,0,0,0,0,0,0,0,0,0,0,0,0,0,0,0,0,1,1,0,0,2,0,0,0,2,0,0,0,0,0,0,1,1,0,0,2,0,0,0,0,2,1,1,1,0,2,2,0,0,1,0,0,2,0,0,0,1,0,0,0,0,0,0,1,0,0,0,0,0,0,1,0,1,0,1,0,1,1,0,0,0,1,1,0,0,0,0,0,0,1,0,0,0,1,0,0,1,0,0,0,1,0,0,1,1,0,1,0,0,1,0,0,1,0,1,1,1,0,0,0,0,0,0,1,1,1,0,0,1,0,0,0,0,0,1,0,0,0,0,0,0,0,0,1,0,0,0,0,0,0,0,0,0,0,0,0,0,0,0,0,0,1,0,0,1,0,0,0,0,0,0,0,0,0,0,0,0,0,0,0,0,0,0,0,0,2,0,0,0,0,0,0,0,0,0,0,0,0,0,0,2,1,1,0,0,0,0,0,0,0,0,0,0,0,136,28
346,Female,0,3,278,9.1,0,0,0,0,0,0,0,0,0,0,0,0,0,0,0,0,0,0,0,0,0,0,0,0,0,0,0,0,0,0,0,0,0,0,0,0,0,0,0,0,0,0,0,0,0,0,0,0,0,0,0,0,0,0,0,0,0,0,0,0,0,0,0,0,0,0,0,0,0,0,0,0,0,0,0,0,0,0,0,0,0,0,0,0,0,0,0,0,0,0,0,0,0,0,0,0,0,0,0,0,0,0,0,0,0,0,0,0,0,0,0,0,0,0,0,0,0,0,0,0,0,0,0,0,0,0,0,0,0,0,0,0,0,0,0,0,0,0,0,0,0,0,0,0,0,0,0,0,0,0,0,0,0,0,0,0,0,0,0,0,0,0,0,0,0,0,0,0,0,0,0,0,0,0,0,0,0,0,0,0,0,0,0,0,0,0,0,0,0,0,0,0,0,0,0,0,0,0,0,0,0,0,0,0,0,0,0,0,0,0,0,0,0,0,0,0,0,0,0,0,0,0,0,0,0,0,0,0,2,0,0,0,0,0,0,0,0,0,0,2,0,0,0,0,0,0,0,0,0,0,0,0,0,0,1,0,1,0,0,0,0,0,0,0,0,0,0,0,0,0,0,0,0,0,0,0,0,0,0,0,0,0,0,0,0,0,0,0,0,0,0,0,0,0,0,0,0,0,0,0,0,0,0,0,0,0,0,0,0,0,0,0,0,0,0,0,0,0,0,0,0,0,0,0,0,0,1,0,0,0,0,0,0,0,0,0,0,0,0,0,0,0,0,0,0,0,0,0,0,0,0,0,0,0,0,0,0,0,0,0,0,0,0,0,0,0,0,0,0,0,0,0,0,0,0,0,0,0,0,0,0,0,0,0,0,0,0,0,0,0,0,0,0,0,0,0,0,0,0,0,0,0,0,0,0,0,0,0,0,0,0,0,0,0,0,0,0,0,3,2
346,Female,0,3,469,15.4,2,0,2,0,0,2,0,1,2,2,2,0,0,0,1,0,1,0,0,0,1,0,1,0,1,0,1,1,0,0,1,0,0,1,1,0,0,0,1,0,0,1,0,0,0,0,0,0,0,0,0,0,0,1,0,0,0,1,1,1,1,1,0,0,0,0,0,2,0,0,0,0,0,0,0,0,0,0,1,0,0,0,0,0,0,0,1,0,0,0,0,0,0,0,1,0,0,0,1,1,0,0,0,0,0,1,0,1,0,0,0,1,1,1,0,0,0,0,1,0,1,1,0,0,0,0,0,0,0,0,0,1,0,0,0,0,0,0,0,0,0,0,0,0,0,0,0,0,0,0,0,0,0,0,0,1,1,0,0,0,0,0,0,0,0,1,0,0,1,0,0,0,0,0,0,0,0,0,0,0,0,0,0,0,0,0,0,0,0,0,0,0,0,0,0,0,0,0,0,1,0,0,0,0,0,0,0,0,0,0,0,0,0,0,0,0,0,0,0,0,0,0,0,0,0,0,0,0,2,0,0,0,0,0,0,0,0,0,0,2,0,0,0,0,0,0,0,0,0,1,1,0,0,0,1,0,1,0,0,0,0,0,0,0,0,0,0,0,0,0,0,0,1,0,0,0,0,0,1,0,0,0,0,0,0,0,0,0,0,0,0,0,0,0,0,0,0,1,0,0,0,0,0,0,0,0,0,0,0,0,0,0,0,0,0,0,0,0,0,0,0,0,0,0,0,0,0,0,0,0,0,0,0,0,0,0,0,0,0,0,0,0,0,0,0,0,0,0,0,0,0,0,0,0,0,0,0,0,0,0,0,0,0,0,0,0,0,0,0,0,0,0,0,0,0,0,0,0,0,0,0,0,0,0,0,0,0,0,0,0,0,0,0,0,0,0,0,0,0,0,0,0,0,0,0,0,0,0,0,0,0,0,0,0,0,0,0,0,54,9
346,Female,0,3,573,18.8,2,2,2,0,2,2,0,1,2,2,2,2,0,0,2,2,1,0,1,1,1,0,2,0,1,1,1,1,1,0,1,0,0,1,1,2,0,0,1,0,0,1,2,1,1,0,2,0,2,0,0,0,0,1,0,1,0,2,1,1,2,2,0,0,2,0,2,2,1,2,0,0,0,0,1,1,1,0,1,0,1,0,0,0,0,0,1,0,1,0,0,0,1,1,1,0,0,0,1,1,0,0,0,0,1,1,0,1,1,0,0,1,2,1,1,2,0,0,1,0,1,1,0,0,0,2,0,0,0,2,0,2,0,2,1,0,2,0,0,0,0,0,0,0,1,0,0,0,0,1,0,0,0,2,0,1,1,0,0,0,2,0,0,0,2,1,0,0,2,0,0,2,1,0,0,0,0,0,1,0,0,2,0,2,1,1,1,0,0,0,1,0,0,0,0,1,0,0,0,1,0,0,0,0,0,0,0,1,0,0,0,0,0,0,0,1,0,0,0,1,1,0,0,2,2,2,0,0,2,0,0,0,0,0,2,1,1,1,0,2,0,0,0,0,1,0,2,1,1,1,2,1,1,2,1,0,1,2,0,0,1,2,0,2,0,0,0,0,0,0,1,0,1,0,2,0,1,1,1,0,0,1,0,0,1,0,1,0,0,0,0,2,0,0,0,0,0,1,0,0,1,1,0,0,1,0,0,0,0,0,0,0,0,0,0,1,1,1,0,0,1,0,1,0,0,0,1,0,0,0,1,0,1,0,0,2,0,0,0,1,0,0,0,0,0,0,1,0,0,0,0,0,0,0,0,0,0,0,0,0,0,0,0,0,0,0,0,0,0,0,0,0,0,0,2,0,0,0,0,0,2,0,0,0,0,0,0,0,0,0,0,0,0,0,2,0,0,0,0,0,0,0,0,0,0,0,0,0,0,0,0,0,0,0,0,0,0,0,151,55
347,Female,0,3,560,18.4,1,1,0,1,1,1,2,1,2,2,2,2,1,1,1,1,1,0,1,0,1,0,1,1,1,0,2,1,0,0,0,0,0,1,1,1,1,1,1,0,0,1,0,0,1,0,1,1,1,1,1,1,1,1,0,1,1,1,1,0,1,1,0,1,1,0,1,1,1,1,0,1,0,1,0,1,1,0,1,0,1,1,1,0,1,0,1,1,0,0,0,0,0,0,1,1,1,0,1,1,0,1,1,0,0,1,1,1,0,0,0,1,1,1,1,0,1,0,1,1,0,1,1,1,1,1,0,1,0,1,0,1,0,0,1,1,1,1,1,0,1,1,1,0,0,1,0,0,0,0,0,0,0,1,1,0,0,0,1,0,0,0,0,0,1,1,0,0,0,1,0,1,0,0,0,0,1,0,0,1,0,0,0,0,1,1,1,1,0,1,1,1,1,1,1,0,1,0,0,1,0,1,0,0,1,0,0,1,1,1,0,0,1,0,0,0,0,0,1,1,1,1,0,0,2,0,0,0,2,0,0,0,0,0,0,0,0,0,0,2,2,0,0,0,1,1,1,1,1,2,2,1,1,1,1,0,2,0,2,0,2,0,0,1,1,1,0,0,0,0,1,0,0,0,1,0,1,0,1,0,0,1,0,0,1,0,0,0,0,0,0,0,0,1,0,1,1,1,0,0,1,1,0,0,1,0,0,0,0,0,0,0,0,0,0,0,0,1,1,0,1,0,0,0,0,0,1,1,1,1,1,0,1,0,0,0,1,0,1,1,1,0,1,0,0,0,0,1,1,1,1,0,0,1,0,0,0,0,0,0,1,1,1,0,0,0,0,0,0,0,1,0,0,0,1,1,0,1,0,0,0,0,1,1,1,0,0,0,0,2,0,0,0,0,0,0,0,0,1,0,1,0,0,0,0,0,1,0,1,0,0,0,0,0,0,0,1,1,197,16
347,Female,0,3,594,19.5,2,1,0,1,1,1,2,1,2,2,2,2,1,1,1,1,1,0,1,0,1,0,1,1,1,0,2,1,1,0,1,0,0,1,1,1,1,1,1,0,0,1,0,0,1,0,1,1,1,1,1,1,1,1,0,1,1,1,1,0,1,1,0,1,2,0,1,1,1,1,0,1,0,1,1,1,1,0,1,0,2,1,1,0,1,0,1,1,0,0,0,0,0,0,1,1,1,0,1,1,0,1,1,0,0,1,1,1,1,1,0,1,1,1,1,0,1,1,1,1,0,1,1,1,1,1,0,1,0,1,0,1,0,0,1,1,1,1,1,0,1,1,1,0,2,1,0,0,0,0,0,1,0,1,1,0,1,0,1,0,0,1,0,0,1,1,0,0,0,1,0,1,0,0,0,1,1,0,0,1,0,1,0,0,1,1,1,1,0,1,1,1,1,1,1,0,1,0,0,1,0,1,0,0,1,1,0,1,1,1,0,0,1,0,0,0,0,0,1,1,1,1,1,0,2,0,0,0,2,0,0,0,0,0,0,1,1,0,0,2,2,0,0,0,1,1,1,1,1,2,2,1,1,1,1,0,2,1,2,0,2,1,0,1,1,2,0,0,0,0,1,0,1,0,1,0,1,1,1,0,0,1,0,1,1,0,0,0,0,0,0,0,0,1,0,1,1,1,0,0,1,1,0,1,1,0,0,0,0,0,0,0,0,1,0,1,1,1,1,1,1,0,0,0,0,1,1,1,1,1,1,0,1,0,0,0,1,0,1,1,1,0,1,0,0,0,0,1,1,1,1,0,1,1,1,0,0,1,0,0,1,1,1,0,0,1,0,0,1,0,1,0,0,0,1,1,0,1,0,0,0,0,1,1,1,0,0,0,0,2,0,0,0,0,0,0,0,0,1,0,1,0,0,0,1,0,1,0,1,0,0,0,0,0,0,0,1,1,230,21
347,Female,0,3,717,23.6,2,2,0,2,2,2,2,1,2,2,2,2,1,1,1,1,1,0,1,0,1,0,1,1,2,0,2,1,1,0,1,0,1,1,1,1,1,1,1,0,1,1,0,0,1,0,2,1,2,1,1,1,1,2,0,1,1,2,1,0,2,2,0,1,2,0,1,2,1,1,0,2,1,1,2,1,1,0,1,1,2,2,1,0,2,0,1,1,0,0,1,1,2,0,1,1,1,0,1,2,1,1,1,1,1,1,1,1,1,1,0,2,1,1,1,0,1,1,1,1,0,2,1,1,1,1,0,1,0,2,0,1,0,0,2,1,1,1,1,0,1,2,1,0,2,1,1,0,1,1,0,1,0,1,1,1,1,0,1,0,1,1,1,2,1,1,0,0,2,1,0,1,0,0,0,1,1,0,0,2,0,1,0,0,1,1,2,2,2,1,1,1,1,1,1,0,1,0,0,1,0,1,0,2,1,1,0,2,1,1,0,0,1,0,1,0,0,0,2,2,1,2,1,0,2,0,0,0,2,0,0,0,0,0,0,1,1,0,0,2,2,0,0,0,2,1,2,1,1,2,2,1,1,2,2,0,2,2,2,2,2,1,0,1,1,2,0,0,0,0,1,0,1,0,1,0,1,1,1,0,0,1,0,1,1,0,0,0,2,0,0,1,0,1,0,1,1,1,0,0,1,1,0,1,1,2,0,0,0,0,0,1,0,2,0,1,1,2,1,1,2,0,0,0,0,1,1,2,1,1,1,0,1,0,0,0,1,0,1,1,1,2,1,0,0,0,0,1,1,1,1,0,1,1,1,0,0,1,0,0,1,1,1,0,0,1,1,1,1,2,1,0,0,0,1,1,0,1,0,0,2,0,1,1,1,0,0,0,0,2,2,2,0,0,0,0,0,0,1,0,1,0,2,0,1,0,2,0,1,0,2,0,0,0,0,0,1,1,265,75
351,Male,0,3,649,21.3,1,2,0,0,2,2,2,2,2,0,1,1,0,0,2,2,2,0,2,1,2,0,2,0,2,1,1,0,0,0,2,0,0,1,1,0,0,0,1,0,0,1,0,0,1,0,0,2,2,2,1,2,2,2,1,2,2,2,2,1,2,2,1,1,1,1,2,2,2,1,0,2,0,1,1,1,2,0,1,2,1,1,2,0,2,1,1,0,1,1,1,2,2,1,2,1,0,0,1,2,1,1,1,1,0,2,1,1,2,0,0,2,1,2,2,0,0,0,1,0,1,1,0,0,1,2,0,1,0,2,0,1,0,0,2,0,1,0,1,1,1,2,0,0,1,0,0,0,0,1,0,1,1,1,1,1,1,0,0,0,1,0,0,1,1,1,0,0,0,0,1,2,1,0,0,2,1,1,1,2,1,2,1,0,2,0,0,1,1,0,1,2,0,1,0,0,1,0,0,2,0,1,0,1,0,0,0,2,0,0,1,0,1,0,0,0,0,0,0,2,2,1,0,0,2,1,0,0,2,0,0,0,0,1,0,0,0,0,0,2,2,0,0,1,2,2,2,0,0,2,2,0,0,2,2,1,1,1,1,2,2,2,0,1,1,0,2,0,0,0,0,0,0,0,1,0,1,1,1,0,0,1,0,0,0,0,1,1,2,0,0,0,1,1,1,2,0,1,0,0,1,1,0,1,1,0,0,1,1,0,2,0,0,1,0,2,1,1,1,1,1,0,1,0,0,0,2,1,1,0,0,0,2,1,0,0,0,2,0,2,0,0,2,0,2,1,0,0,1,0,0,0,2,0,1,1,0,0,0,0,0,0,0,0,0,0,0,1,1,2,0,0,0,0,0,0,0,0,0,2,2,0,0,0,0,0,0,0,0,0,1,0,0,0,1,0,0,0,0,0,1,1,1,0,0,1,2,0,2,0,2,1,0,0,0,0,1,2,219,90
351,Male,0,3,668,22,1,2,0,0,2,2,2,2,2,0,2,1,2,0,2,2,2,0,2,1,2,0,2,1,2,1,1,0,1,0,2,0,0,1,1,0,1,1,1,1,0,1,2,0,1,0,0,2,2,2,2,2,2,2,1,2,2,2,2,1,2,2,1,2,1,1,2,2,2,1,0,2,0,1,1,1,2,0,1,2,1,1,2,0,2,1,1,0,1,1,1,2,2,1,2,1,0,0,2,2,1,1,2,1,0,2,1,1,2,0,0,2,1,2,2,0,0,0,1,0,1,2,1,0,1,2,0,1,0,2,0,1,0,0,2,0,1,0,1,1,1,2,0,0,1,0,0,0,0,1,0,1,1,1,1,1,1,0,1,0,1,0,0,1,2,1,0,0,0,0,1,2,1,0,0,2,1,1,1,2,1,2,1,0,2,0,0,1,1,0,1,2,0,1,0,0,1,0,0,2,0,1,0,1,0,0,0,2,2,0,1,0,1,0,0,0,1,0,1,2,2,1,0,0,2,1,0,0,2,0,0,0,0,1,0,0,0,0,2,2,2,0,0,1,2,2,2,2,1,2,2,1,0,2,2,1,1,1,1,2,2,2,0,1,1,1,2,0,0,0,0,0,1,0,1,0,1,1,1,0,0,1,0,1,0,0,1,1,2,0,1,0,1,1,1,2,0,1,0,0,1,1,0,1,2,0,0,1,1,0,2,0,0,1,1,2,1,1,1,1,1,0,1,0,0,1,2,1,1,0,1,0,2,1,0,0,0,2,1,2,0,0,2,0,2,1,0,0,1,0,0,0,2,0,1,1,0,0,0,0,2,0,0,0,0,0,0,1,1,2,0,0,0,0,0,0,0,0,0,2,2,0,0,0,0,0,0,0,0,0,1,0,0,0,1,0,0,0,0,1,1,1,1,0,0,1,2,0,2,0,2,1,0,1,0,0,1,2,246,104
351,Male,0,3,723,23.8,2,2,0,0,2,2,2,2,2,0,2,1,2,2,2,2,2,1,2,2,2,2,2,1,2,1,1,1,1,0,2,0,0,1,1,0,1,1,1,1,1,1,2,0,1,0,2,2,2,2,2,2,2,2,2,2,2,2,2,1,2,2,2,2,2,2,2,2,2,2,1,2,2,1,1,1,2,0,2,2,2,2,2,0,2,1,2,2,2,1,2,2,2,2,2,1,0,1,2,2,1,1,2,1,0,2,1,1,2,2,2,2,1,2,2,0,1,0,1,0,1,2,1,1,1,2,0,1,0,2,0,1,1,0,2,2,1,1,1,1,1,2,0,0,1,1,0,0,0,1,0,1,1,1,2,1,2,0,1,0,1,2,1,1,2,1,0,0,2,1,2,2,2,0,0,2,1,2,1,2,1,2,1,0,2,0,1,2,1,0,1,2,0,1,0,0,1,0,0,2,0,2,0,1,0,1,0,2,2,1,1,0,1,0,0,2,1,0,1,2,2,1,0,2,2,1,0,0,2,0,0,0,0,1,2,0,0,2,2,2,2,0,0,2,2,2,2,2,2,2,2,1,0,2,2,1,1,2,2,2,2,2,0,1,1,1,2,1,0,0,0,1,1,1,1,0,1,1,2,1,0,2,0,1,1,0,1,1,2,0,1,0,1,1,2,2,0,1,0,2,2,1,2,1,2,0,0,1,1,0,2,0,0,1,1,2,1,1,1,2,1,0,1,0,0,1,2,2,1,0,1,0,2,1,0,0,0,2,1,2,2,1,2,2,2,1,0,0,1,0,0,0,2,0,1,1,2,1,2,0,2,2,0,0,0,0,0,1,1,2,0,0,0,0,0,0,0,0,0,2,2,0,0,0,0,0,0,0,0,2,2,0,0,0,1,0,2,0,2,1,1,1,1,0,0,1,2,0,2,0,2,1,0,1,0,1,1,2,293,160
356,Female,0,2,529,17.4,0,2,0,1,0,1,1,2,2,0,2,1,1,0,0,1,1,0,1,0,1,0,2,0,2,1,2,1,1,0,1,0,0,1,1,0,1,0,0,0,1,0,0,0,0,0,1,1,0,1,0,0,0,2,0,1,1,1,0,0,2,1,0,1,0,1,1,2,0,1,0,0,0,0,0,0,0,0,1,0,2,1,0,1,0,0,1,1,0,0,0,0,2,1,1,1,1,0,1,1,1,1,1,1,2,1,1,1,1,1,0,1,1,1,1,1,1,0,1,1,0,1,1,0,0,1,1,1,0,2,0,1,1,0,1,1,1,1,1,1,1,1,1,0,1,1,1,0,1,1,0,1,0,1,1,1,0,0,0,0,1,1,1,0,1,1,1,0,0,0,1,1,1,0,1,1,0,1,1,1,0,1,1,0,1,0,1,1,1,0,1,0,0,1,1,0,1,1,0,1,0,1,0,0,0,1,0,1,0,1,0,1,1,1,1,1,0,1,1,1,1,1,0,0,2,1,0,1,2,1,1,1,0,0,1,2,2,1,1,2,0,1,0,0,1,1,2,1,1,2,2,1,1,2,1,0,1,1,1,2,2,1,1,1,1,1,0,1,1,0,1,0,1,1,1,0,1,1,1,1,1,1,1,0,1,1,1,1,0,0,1,1,1,1,1,1,1,1,1,0,1,0,1,1,1,0,0,1,1,1,1,1,0,1,1,1,1,1,1,1,1,1,1,1,0,1,2,1,1,1,1,0,2,1,0,1,0,0,1,1,1,0,1,0,1,0,0,1,1,0,1,0,1,1,1,1,0,1,0,0,0,0,0,0,0,1,0,1,1,1,0,0,0,0,0,0,0,0,1,0,0,1,1,1,0,1,1,1,0,0,0,0,1,1,1,1,0,0,1,1,1,1,1,0,0,0,1,0,2,0,1,0,0,0,0,0,0,0,261,28
356,Female,0,2,649,21.3,2,2,1,2,2,2,2,2,2,2,2,2,2,2,2,2,2,2,2,2,2,2,2,2,2,2,2,2,2,1,1,1,1,2,2,2,2,2,2,1,2,2,2,2,2,0,2,2,2,2,2,2,2,2,0,2,2,2,2,2,2,2,2,2,1,2,2,2,2,2,2,2,2,2,2,2,2,1,2,2,2,2,2,2,2,2,2,2,2,2,0,0,2,2,2,2,2,2,2,2,2,2,2,2,2,2,2,2,2,2,2,2,2,2,2,2,2,2,2,2,2,2,2,1,2,2,2,2,2,2,1,2,2,2,2,2,2,2,2,2,2,2,2,1,2,2,2,0,2,2,1,2,2,2,2,2,2,2,2,1,2,2,2,1,2,2,2,2,2,2,2,2,2,2,2,2,2,2,2,2,1,2,2,1,2,2,2,2,2,0,2,1,1,2,2,0,2,2,1,2,1,2,2,2,2,2,2,2,1,2,1,2,2,1,1,1,0,2,2,2,2,2,1,2,2,2,1,2,2,2,2,2,1,1,2,2,2,2,2,2,0,2,0,1,2,2,2,2,1,2,2,2,2,2,2,0,2,2,2,2,2,2,2,2,2,2,2,1,2,1,2,1,2,2,2,2,1,2,2,2,2,2,2,0,1,2,1,1,2,1,2,1,2,2,2,2,2,2,2,2,2,2,2,2,2,2,2,2,2,1,2,2,1,2,2,2,1,2,2,2,2,2,2,2,2,2,2,2,2,1,1,1,2,2,2,2,2,1,2,2,2,1,2,1,1,1,1,1,1,0,2,1,2,2,2,2,0,2,2,1,2,2,1,1,1,1,1,1,1,2,2,1,2,1,1,2,1,1,1,1,2,1,1,1,1,1,1,1,0,1,1,1,1,1,2,2,1,2,2,2,1,1,1,1,1,1,2,1,2,1,1,1,1,1,1,1,1,1,403,304
357,Female,0,3,349,11.5,0,0,0,0,0,0,0,0,2,0,1,0,0,0,0,0,0,0,1,0,0,0,1,0,0,0,0,0,0,0,0,0,0,0,1,0,0,0,1,0,0,0,0,0,1,0,0,0,0,0,0,0,0,0,0,0,0,0,0,0,1,1,0,0,0,0,1,1,1,0,0,0,0,0,0,0,0,0,1,0,0,0,0,0,0,0,0,0,0,0,0,0,0,0,0,0,0,0,0,0,0,0,0,0,0,0,0,1,0,0,0,1,0,0,0,0,0,0,0,0,0,0,0,0,0,0,0,0,0,0,0,0,0,0,1,0,1,0,0,0,1,1,0,0,0,0,0,0,0,0,0,0,0,0,0,0,0,0,0,0,0,0,0,0,0,0,0,0,1,0,0,0,0,0,0,0,0,0,0,0,0,0,0,0,0,0,1,0,0,0,0,0,0,0,0,0,0,0,0,0,0,0,0,0,0,0,0,0,0,0,0,0,0,0,0,0,0,0,0,0,1,0,0,0,1,0,0,1,2,0,0,0,0,0,0,0,0,0,0,1,0,0,0,0,1,0,2,0,0,2,0,0,0,0,1,0,0,0,1,0,1,0,0,0,0,0,0,0,0,0,0,0,0,0,1,0,1,0,0,0,0,0,0,0,0,0,0,0,0,0,0,0,0,0,0,0,0,1,0,0,1,0,0,0,0,0,0,0,0,0,0,0,0,0,0,0,1,0,1,0,1,0,0,0,0,0,0,0,0,0,0,0,1,0,0,0,0,0,0,0,0,0,0,0,0,0,0,1,0,0,0,0,0,0,0,0,0,0,0,0,0,0,0,0,0,0,0,0,0,0,0,0,0,0,0,0,0,0,0,0,0,0,0,0,0,0,0,0,0,0,0,0,0,0,0,0,0,0,0,0,0,0,0,0,0,0,0,0,0,0,0,0,0,0,0,0,0,0,41,4
357,Female,0,3,467,15.4,1,0,0,0,2,2,0,2,2,0,2,0,0,0,0,0,0,0,2,0,1,0,1,0,1,0,2,0,0,0,0,0,0,0,2,0,0,0,2,0,0,0,0,0,1,0,0,0,0,0,0,0,0,0,0,0,0,0,0,0,1,1,0,0,0,0,1,1,1,0,0,0,0,0,0,0,0,0,1,0,2,0,0,0,0,0,1,0,0,0,0,0,0,0,1,0,0,0,0,0,1,0,0,1,0,0,1,1,0,0,0,1,0,0,0,0,0,0,0,0,0,1,0,0,0,1,0,0,0,1,0,1,0,0,1,0,1,0,0,0,1,1,0,0,0,0,0,0,0,0,0,0,0,1,0,0,0,0,0,0,0,0,0,0,0,0,0,0,1,0,0,0,0,0,0,0,0,0,0,0,0,1,0,0,0,0,1,0,0,0,1,0,0,0,0,0,1,0,0,0,0,0,0,0,0,0,0,0,0,0,0,0,0,0,0,0,0,0,0,0,1,1,0,0,1,0,0,1,2,0,0,0,0,0,0,0,0,0,0,2,0,0,0,0,1,1,2,0,0,2,2,1,0,1,1,0,0,1,1,0,2,1,0,0,0,0,0,0,0,0,0,0,0,0,1,0,1,0,0,0,0,0,0,0,0,0,0,0,1,0,0,0,0,1,0,0,0,1,0,0,1,0,0,1,1,0,0,0,1,0,0,0,0,0,1,0,1,0,1,0,1,0,0,0,0,0,0,1,0,0,0,0,1,1,0,0,0,0,1,0,0,0,0,0,0,0,0,1,0,0,0,0,0,0,0,0,0,0,0,0,0,0,0,0,0,1,0,0,0,0,0,0,0,0,0,0,0,0,0,0,0,0,0,0,0,0,0,0,0,0,0,0,0,0,0,0,0,0,0,0,0,0,0,0,0,0,0,0,0,0,0,0,0,0,0,0,0,0,79,16
357,Female,0,3,619,20.3,2,2,0,0,2,2,2,2,2,1,2,1,1,0,1,2,2,1,2,0,1,0,2,0,2,0,2,0,0,0,2,0,0,0,2,2,0,0,2,0,1,1,0,1,1,0,0,1,1,2,0,0,2,1,1,1,1,2,1,0,2,2,1,1,1,1,1,2,2,1,1,2,1,1,2,0,1,0,1,1,2,1,1,0,0,0,1,1,2,2,1,0,0,0,1,1,1,1,1,2,1,1,1,1,1,1,1,1,1,1,0,2,0,1,1,0,2,1,2,1,1,2,0,0,1,1,1,1,0,2,0,2,0,0,1,1,2,1,2,0,1,2,0,0,1,1,1,0,0,1,0,1,1,2,2,1,1,0,0,0,2,1,1,2,1,1,0,0,2,1,1,1,1,0,0,1,1,1,0,2,0,1,0,0,1,1,1,1,0,0,2,0,0,1,0,0,1,0,0,1,0,1,0,2,0,0,0,1,0,1,1,0,1,0,0,1,0,0,0,1,2,1,0,0,2,2,0,1,2,0,0,0,0,0,2,2,2,0,2,2,2,0,0,0,1,2,2,0,0,2,2,1,1,2,2,0,0,2,2,2,2,1,1,1,0,1,0,1,0,0,1,0,1,1,1,0,1,1,1,0,0,1,0,0,1,1,1,1,1,0,0,2,0,1,0,0,0,1,0,0,1,1,1,1,1,0,0,0,1,0,0,1,0,0,1,1,1,1,1,0,2,0,0,0,0,1,0,1,0,0,0,0,1,1,2,0,0,0,1,0,0,0,0,0,0,0,0,1,0,0,0,0,2,0,0,0,0,0,0,0,1,0,1,0,0,1,0,1,1,1,0,0,0,0,0,0,0,0,0,0,0,0,0,0,0,0,0,0,0,0,2,0,0,0,0,0,0,0,0,0,0,1,1,1,0,0,1,0,0,0,2,0,0,0,0,0,0,1,224,74
358,Female,0,2,445,14.6,0,0,0,0,0,0,0,1,1,0,1,1,0,0,0,1,1,1,0,0,0,0,1,0,1,0,0,0,0,0,1,0,1,0,0,0,1,1,0,0,0,0,0,0,0,0,0,0,0,0,0,0,0,1,0,1,0,1,1,0,1,1,0,0,1,0,0,1,1,0,0,0,0,0,0,0,0,0,1,0,0,0,0,0,1,0,1,0,0,0,0,0,1,0,1,0,0,0,0,0,0,0,0,0,1,1,0,1,0,0,0,1,0,1,0,0,0,0,0,0,0,0,0,0,0,0,0,0,0,0,0,0,0,0,1,0,0,0,0,0,0,0,0,0,0,0,0,0,1,0,0,0,0,0,0,0,0,0,0,0,0,0,0,0,0,0,0,0,0,0,0,1,0,0,0,0,0,0,0,0,0,1,0,0,0,0,0,0,0,0,1,0,0,0,0,0,0,0,0,0,0,0,0,0,0,0,0,0,0,0,0,0,0,0,0,0,0,0,0,0,0,0,0,0,0,0,0,0,0,0,0,0,0,0,0,0,0,0,0,1,0,0,0,0,1,0,2,0,0,0,1,0,0,0,1,0,1,0,0,1,0,0,0,0,0,1,0,0,0,0,0,0,1,0,1,0,1,0,1,0,0,0,0,0,1,0,0,0,0,0,0,1,0,0,0,0,0,1,0,0,1,0,0,0,0,0,0,0,0,0,0,0,0,0,0,0,1,0,0,1,0,0,0,0,0,0,0,0,1,1,0,0,2,0,0,0,0,0,0,0,0,0,1,0,0,0,0,0,0,0,0,0,1,0,0,0,0,1,0,0,0,0,0,0,0,0,0,0,0,0,0,0,0,0,1,0,0,0,0,0,0,0,0,0,0,0,0,0,0,0,0,0,0,0,0,0,0,0,1,0,0,0,0,1,0,0,1,0,0,0,1,0,0,0,0,0,0,1,67,2
358,Female,0,2,531,17.5,1,0,0,2,2,2,0,2,1,0,2,2,0,2,0,2,1,1,1,0,1,0,1,0,2,0,1,1,1,0,1,0,1,1,2,0,1,1,1,0,0,1,0,0,0,0,0,0,0,1,0,0,0,2,0,1,0,2,2,0,1,1,0,2,1,0,0,1,1,0,0,2,1,1,1,1,2,0,1,0,1,0,0,0,2,0,1,0,0,0,0,1,2,1,1,0,0,0,0,1,0,0,0,0,2,2,1,1,0,0,0,1,0,1,1,0,1,0,1,0,1,1,0,0,0,1,0,0,0,2,0,1,0,0,2,0,1,0,1,0,0,2,0,0,0,0,0,0,1,1,0,0,0,1,0,1,0,0,0,0,1,0,1,2,0,0,0,0,2,0,0,1,0,0,0,0,0,0,0,0,0,1,0,0,2,0,0,0,0,0,1,0,0,0,0,0,0,0,0,0,0,2,0,1,0,1,0,0,1,0,0,0,0,1,0,0,0,0,0,0,1,0,0,1,2,0,0,0,2,0,0,0,0,0,0,0,0,0,0,2,1,0,0,0,2,1,2,1,1,2,1,1,0,0,1,0,1,0,1,2,2,0,0,1,0,1,0,1,0,0,0,0,1,0,1,0,1,0,1,0,0,1,0,0,1,1,0,1,2,0,0,1,0,1,0,1,0,1,0,0,1,0,0,1,1,0,0,0,1,0,1,0,0,1,1,1,1,0,0,1,0,1,0,0,1,1,2,1,1,1,1,0,2,0,0,0,0,0,1,1,0,0,2,0,0,0,0,1,1,0,1,0,1,0,0,0,0,1,0,0,0,0,0,0,0,0,0,0,0,1,0,0,1,0,1,0,0,0,0,0,0,0,0,0,0,0,0,0,0,0,0,0,0,0,0,0,0,2,1,1,0,1,1,1,0,0,1,0,2,0,2,0,0,0,0,0,0,1,163,42
361,Female,0,2,561,18.4,0,0,0,0,0,0,0,2,0,0,2,1,0,0,0,2,0,0,0,0,0,0,1,1,1,0,0,0,0,0,0,0,0,0,1,0,0,0,0,0,0,0,0,1,0,0,0,0,0,0,0,0,0,0,0,0,0,1,0,0,1,0,0,0,0,1,0,1,1,1,0,1,0,0,1,0,0,0,0,0,0,0,0,0,1,0,1,0,1,1,0,0,0,1,0,0,0,0,1,1,0,1,1,0,1,1,1,1,1,0,0,1,1,1,0,0,0,0,0,0,0,0,0,0,0,1,0,0,0,1,0,1,0,0,1,0,0,0,0,0,0,0,0,0,0,1,1,0,0,0,0,0,0,0,1,0,0,0,0,0,0,1,0,0,0,0,0,0,0,0,0,0,0,0,0,0,0,0,0,0,0,0,0,0,0,0,0,1,0,0,0,0,0,1,0,0,0,0,0,0,0,0,0,0,0,0,0,0,0,0,0,0,0,0,0,0,0,0,1,0,1,0,0,0,0,0,0,0,1,0,0,0,0,0,0,0,0,0,0,1,0,0,0,0,1,0,1,0,0,1,0,0,0,1,0,0,0,1,0,0,0,0,0,1,0,0,0,0,0,0,0,0,0,0,1,0,0,0,0,0,0,1,0,0,0,0,1,1,0,0,0,0,0,0,0,0,0,1,0,0,0,0,0,0,0,0,0,0,0,0,0,0,0,0,0,0,0,1,0,0,0,0,0,0,0,0,0,1,0,0,0,0,0,0,0,0,0,0,0,0,0,0,0,0,0,0,0,1,0,0,0,0,0,0,0,0,0,0,0,0,0,0,0,0,0,0,0,0,0,0,0,0,0,0,0,0,0,0,0,0,0,0,0,0,0,0,0,0,0,0,0,0,0,0,0,0,0,0,0,0,0,1,1,0,0,0,0,0,0,0,1,0,0,0,0,0,0,0,65,3
361,Female,0,2,609,20,0,0,0,0,0,0,0,2,0,0,2,1,0,0,2,2,0,0,0,0,0,0,1,1,1,0,0,0,0,0,0,0,0,0,1,0,0,0,0,0,0,0,0,1,0,0,0,0,0,0,0,0,0,0,0,0,0,1,0,0,1,0,0,0,0,1,0,1,1,1,0,1,0,0,1,0,0,0,0,0,0,0,0,0,1,0,1,0,1,1,0,0,0,1,1,1,1,1,1,1,1,1,1,1,1,1,1,1,1,1,0,1,1,1,1,2,0,1,1,1,0,1,0,0,1,1,0,1,1,1,1,1,1,0,1,1,1,1,1,0,0,1,0,0,0,1,1,0,1,0,0,0,0,0,1,0,1,0,0,0,0,1,0,0,0,0,0,0,0,1,0,0,0,0,0,0,0,0,0,0,0,1,0,0,1,0,0,1,0,0,0,0,0,1,0,0,0,0,0,0,0,0,0,0,0,0,0,0,0,0,1,0,1,0,0,0,0,0,1,0,1,1,0,0,2,0,0,0,2,0,0,0,0,0,0,0,0,0,0,1,0,0,0,0,1,1,1,0,0,1,0,1,0,1,1,0,0,1,0,0,0,1,0,1,0,0,0,0,0,0,0,0,0,0,1,0,0,0,1,0,0,1,0,0,0,0,1,1,0,0,0,0,0,0,0,0,0,1,0,0,1,0,0,0,1,0,0,1,1,0,0,0,0,0,0,0,0,1,0,0,1,0,0,0,0,0,0,1,0,0,0,0,1,0,0,0,0,0,1,0,0,0,0,0,0,0,0,1,0,0,0,0,0,1,0,0,0,0,0,0,0,0,0,0,0,1,0,0,0,0,0,0,0,0,1,0,0,0,0,0,0,0,0,0,0,0,0,0,0,0,0,0,0,0,0,0,0,0,0,0,0,1,1,0,0,0,2,0,0,0,1,0,0,0,0,0,0,0,114,8
363,Male,0,2,368,12.1,0,0,0,0,0,0,0,0,0,0,0,0,0,1,0,0,0,0,2,0,0,0,0,0,1,0,0,0,0,0,0,0,0,0,0,0,0,0,0,0,0,0,0,0,0,0,0,0,0,0,0,0,0,0,0,0,0,0,0,0,0,0,0,0,0,0,0,0,0,0,0,0,0,0,0,0,0,0,0,0,0,0,0,0,0,0,0,0,0,0,0,0,0,0,0,0,0,0,0,0,0,0,0,0,0,0,0,0,0,0,0,0,0,0,0,0,0,0,0,0,0,0,0,0,0,0,0,0,0,0,0,0,0,0,1,0,0,0,0,0,0,0,0,0,0,0,0,0,0,0,0,0,0,0,0,0,0,0,0,0,0,0,0,0,0,0,0,0,0,0,0,0,0,0,0,0,0,0,0,0,0,0,0,0,0,0,0,0,0,0,0,0,0,0,0,0,0,0,0,0,0,0,0,0,0,0,0,0,0,0,0,0,0,0,0,0,0,0,0,0,0,0,0,0,1,0,0,0,2,0,0,0,0,0,0,0,0,0,0,2,0,0,0,0,1,0,0,0,0,2,0,0,0,0,0,0,0,0,0,0,0,0,0,2,0,0,0,0,0,0,0,0,0,0,0,0,0,0,0,0,0,0,0,0,0,0,0,0,0,0,0,0,0,0,0,0,0,0,0,0,0,0,0,0,0,0,0,0,0,0,0,0,0,0,0,0,0,0,0,0,0,0,0,0,0,0,0,0,0,0,0,0,0,0,0,0,0,0,0,0,0,1,0,0,0,0,0,0,0,0,0,0,0,0,0,0,0,0,0,0,0,0,0,0,0,0,0,0,0,0,0,0,0,0,0,0,0,0,0,0,0,0,0,0,0,0,0,0,0,0,0,0,0,0,0,0,0,0,0,0,0,0,0,0,0,0,0,0,0,0,0,0,0,0,0,0,0,0,11,5
363,Male,0,2,705,23.2,0,1,0,2,1,0,0,2,2,0,0,2,0,1,0,1,0,0,2,2,0,0,2,0,2,0,2,0,0,0,0,0,0,1,2,0,0,2,2,0,0,0,2,2,2,0,0,2,2,2,0,0,2,2,1,2,2,2,0,0,0,0,1,2,1,2,2,2,2,2,2,2,2,1,2,2,2,0,2,2,2,2,2,2,2,0,2,2,2,1,2,2,0,2,2,1,1,0,2,2,2,0,1,0,2,2,2,2,0,0,0,2,0,2,2,2,2,1,2,1,2,2,2,2,1,2,0,0,0,2,0,2,2,0,1,2,2,2,2,1,0,2,0,0,0,2,0,0,2,0,0,1,0,1,0,1,1,0,0,0,2,0,2,2,1,1,2,0,2,2,1,0,2,0,0,1,0,2,1,2,0,2,1,0,0,2,1,2,0,0,0,0,0,2,0,0,1,0,1,1,0,1,0,2,1,0,0,2,0,0,0,0,0,0,0,2,0,0,0,2,2,2,0,0,2,0,0,0,2,0,0,0,0,0,0,2,2,0,0,2,2,0,0,0,2,2,2,2,0,2,0,0,1,2,2,0,0,2,2,2,0,0,0,2,0,0,0,0,0,0,0,0,1,2,1,0,2,0,2,0,0,1,2,1,0,0,0,0,2,0,0,2,0,0,0,0,0,0,0,0,1,0,0,2,0,0,0,0,0,1,0,0,0,0,0,1,0,1,0,0,1,0,0,0,0,1,0,1,1,0,0,0,2,1,0,0,0,0,2,1,0,2,2,0,0,0,0,0,1,2,0,0,2,2,1,0,0,0,1,0,0,0,0,0,0,0,0,0,1,0,0,0,0,0,0,0,0,0,0,0,1,0,0,0,0,0,0,0,0,0,0,0,0,0,0,0,0,0,0,0,0,0,0,0,0,0,0,0,2,0,2,0,0,0,0,0,0,1,184,129
365,Male,0,3,517,17,0,0,0,0,1,0,0,0,2,0,0,0,0,0,0,0,0,0,0,0,0,0,0,0,0,0,0,0,0,0,0,0,0,0,0,0,0,0,0,0,0,0,0,0,0,0,0,0,0,0,0,0,0,0,0,0,0,0,0,0,0,0,0,0,0,0,0,1,0,2,0,0,0,0,0,0,0,0,0,0,0,1,0,0,0,0,2,0,0,0,0,0,0,0,1,0,0,0,0,0,0,0,0,0,0,0,0,0,0,0,0,0,0,1,0,0,0,0,0,0,0,0,0,0,0,1,0,0,0,0,0,0,0,0,0,0,0,0,0,0,1,1,0,0,0,0,0,0,0,0,0,0,0,1,0,0,0,0,0,0,0,0,0,0,0,0,0,0,0,0,0,1,0,0,0,0,0,0,0,0,0,1,0,0,0,0,0,0,0,0,0,0,0,1,0,0,0,0,0,0,0,0,0,2,0,0,0,0,0,0,0,0,0,0,0,0,0,0,0,0,1,0,0,0,0,0,0,0,2,0,0,0,0,0,0,0,0,0,0,2,0,0,0,0,0,0,1,0,1,2,0,0,1,1,2,0,1,0,0,0,2,0,0,2,0,0,0,0,0,0,0,0,0,0,1,0,0,0,1,0,0,1,0,0,0,0,0,0,0,0,0,0,0,0,0,0,0,0,0,0,0,0,0,0,0,0,0,0,0,0,0,0,0,0,0,0,0,0,0,0,0,0,0,0,0,0,1,1,0,0,1,0,1,0,0,0,0,0,0,0,1,0,0,0,0,0,0,0,0,0,0,0,0,1,0,0,0,0,0,0,0,0,0,0,0,0,0,0,0,0,0,0,0,0,0,0,0,0,0,0,0,0,0,0,0,0,0,0,0,0,0,0,0,0,0,0,0,0,0,0,0,1,1,0,0,0,0,0,0,0,0,0,0,0,0,0,0,0,39,10
365,Male,0,3,551,18.1,0,0,0,0,1,0,0,0,2,0,0,1,0,0,0,0,0,0,1,0,0,0,0,0,0,0,0,0,0,0,0,0,0,0,0,0,0,0,0,0,0,0,0,0,0,0,0,0,0,0,0,0,0,1,0,1,0,0,1,0,1,0,0,0,1,0,1,1,0,2,0,0,1,0,0,0,0,0,1,0,0,1,0,0,0,0,2,0,0,0,0,0,0,1,1,0,0,0,0,0,0,0,0,0,0,0,1,0,0,0,0,0,0,1,0,1,0,0,1,0,0,0,0,0,0,1,0,0,0,0,0,0,0,0,0,0,0,0,0,0,1,1,0,0,0,0,0,0,0,0,0,0,0,1,0,0,0,0,0,0,0,0,0,0,0,0,0,0,0,0,0,1,0,0,0,0,0,0,0,0,0,1,0,0,1,0,0,0,0,0,0,0,0,1,0,0,0,0,0,1,0,1,0,2,0,0,0,0,0,0,0,0,0,0,0,0,0,0,1,0,1,0,0,0,0,0,0,0,2,0,0,0,0,0,0,0,0,0,0,2,0,0,0,0,0,1,1,0,1,2,0,0,1,1,2,0,1,0,0,0,2,0,0,2,0,0,0,0,0,0,0,0,0,1,1,0,0,0,1,0,0,1,0,0,0,0,0,0,0,0,0,0,0,1,0,0,0,0,0,0,0,0,0,0,1,0,0,0,0,0,0,0,0,0,0,1,0,0,0,0,0,0,0,0,0,0,1,1,0,0,1,0,2,0,0,0,0,0,0,0,1,0,0,0,0,0,0,0,0,0,0,0,0,1,0,0,0,0,0,0,0,0,0,0,0,0,0,0,0,0,0,0,0,0,0,0,0,0,0,1,0,0,0,0,0,0,0,0,0,0,0,0,0,0,0,0,0,0,0,0,0,1,1,0,0,0,0,0,0,0,0,0,0,0,0,0,0,0,63,11
365,Male,0,3,1022,33.6,2,2,0,2,1,2,1,2,2,2,2,2,1,2,2,2,2,2,2,2,2,0,2,0,2,2,2,2,2,0,2,0,0,2,2,2,0,2,2,0,2,2,2,0,2,0,2,2,2,0,2,2,2,2,2,2,2,2,2,2,2,2,2,2,2,2,2,2,2,2,0,2,2,2,2,2,2,0,2,2,2,1,1,0,2,0,2,2,2,2,2,0,2,2,2,2,1,1,2,2,2,2,2,2,2,2,2,2,2,2,2,2,2,2,2,2,2,2,2,2,2,2,2,2,2,2,2,2,1,2,2,2,2,2,2,2,2,2,2,2,2,2,2,2,2,2,2,0,2,2,0,2,2,2,2,2,2,0,2,2,2,2,2,2,2,2,2,2,2,2,2,2,2,1,0,2,2,2,1,2,2,2,2,1,2,2,2,2,2,0,2,2,1,2,1,1,2,2,2,2,2,1,1,2,2,2,0,2,1,1,2,0,2,2,0,2,1,2,2,2,2,2,2,0,2,2,1,1,2,1,0,2,1,0,1,2,2,1,1,2,0,2,0,0,2,2,2,2,2,2,0,2,2,2,2,1,2,2,0,1,2,0,2,2,1,2,2,1,2,1,1,0,1,1,2,1,2,1,2,2,1,2,2,1,2,2,1,1,2,2,0,2,2,1,1,2,0,1,1,1,2,2,2,2,2,1,2,1,2,0,2,0,1,1,1,2,2,2,2,2,2,1,1,1,0,2,1,1,2,2,2,1,2,2,1,2,2,1,2,1,2,2,2,2,2,2,1,2,2,2,2,1,1,2,2,2,2,2,0,0,0,2,2,2,2,1,1,1,2,2,2,0,2,0,2,0,2,0,2,2,1,1,2,2,0,2,2,2,0,0,2,2,2,2,2,2,0,2,2,2,0,2,2,2,2,2,2,2,2,0,2,2,0,2,2,2,0,2,364,297
367,Male,0,3,492,16.2,0,0,0,0,2,0,0,0,0,2,2,0,0,0,0,0,0,0,1,0,0,0,0,0,0,0,0,0,0,0,0,0,0,0,0,0,0,0,0,0,0,0,0,0,0,0,0,0,0,0,0,0,0,1,0,0,0,1,0,0,1,0,0,0,0,0,0,0,1,0,0,0,0,0,0,0,1,0,1,0,0,1,0,0,0,0,1,0,0,0,0,0,1,0,0,0,0,0,0,0,0,0,0,1,0,0,0,0,0,0,0,0,0,0,0,0,0,0,0,0,0,0,0,0,0,1,0,0,0,0,0,0,0,0,0,0,1,0,1,0,0,1,0,0,0,0,0,0,0,0,0,0,0,0,1,1,0,0,0,0,0,0,0,0,0,0,0,0,0,0,0,1,0,0,0,0,0,0,0,0,0,0,0,0,0,0,1,0,0,0,0,0,0,0,0,0,0,0,0,0,0,0,0,1,1,0,0,0,0,0,0,0,0,0,0,0,0,0,0,1,0,0,0,0,0,0,0,0,0,0,0,0,0,0,0,0,0,0,0,1,0,0,0,0,0,0,0,0,0,0,0,0,0,0,0,0,0,0,0,1,0,0,0,0,0,0,0,0,0,0,0,0,0,0,1,0,1,0,1,0,0,0,0,0,0,0,0,0,0,0,0,0,0,0,0,0,0,1,0,0,0,0,0,0,0,0,0,0,0,0,0,0,0,0,0,1,0,0,0,1,1,0,0,0,0,0,0,0,0,0,0,0,1,0,0,0,0,0,0,0,0,0,0,0,0,0,0,0,0,0,0,0,0,0,0,0,0,0,0,0,0,0,0,0,0,0,0,0,0,0,0,0,0,0,0,0,0,0,0,0,0,0,0,0,0,0,0,0,0,0,0,0,0,0,0,0,0,0,0,0,0,0,0,1,0,0,0,0,0,0,0,0,0,0,0,0,0,0,36,3
367,Male,0,3,521,17.1,0,0,0,2,2,0,0,0,0,2,2,0,0,0,0,0,0,0,1,0,0,0,1,0,0,0,0,0,0,0,0,0,0,0,1,0,0,0,0,0,0,0,0,0,0,0,0,0,0,0,0,0,0,1,0,0,0,1,0,0,1,0,0,0,0,0,0,0,1,0,0,0,0,0,0,0,1,0,1,0,0,1,0,0,0,0,1,0,0,0,0,0,1,1,0,0,0,0,0,0,0,0,0,1,0,1,0,0,0,0,0,1,0,0,0,0,0,0,0,0,0,0,0,0,0,1,0,1,0,0,0,0,0,0,1,0,1,0,1,0,0,1,0,0,0,0,0,0,0,0,0,0,0,0,1,1,0,0,0,0,0,0,0,0,0,0,0,0,0,0,0,1,0,0,0,0,0,0,0,0,0,0,0,0,1,0,1,0,0,0,0,0,0,0,0,0,0,0,0,0,0,0,0,1,1,0,0,0,0,0,0,0,0,0,0,0,0,0,1,1,1,0,0,0,0,0,0,0,0,0,0,0,0,0,0,0,0,0,0,1,0,0,0,0,0,1,2,1,0,2,2,0,0,1,0,0,0,0,0,1,0,0,0,2,0,0,0,0,0,0,0,0,0,0,1,0,1,0,1,1,0,0,0,0,0,0,0,0,0,0,0,0,0,0,0,0,0,1,0,0,0,0,0,0,0,0,0,0,0,0,0,0,0,0,0,1,0,0,0,1,1,0,0,0,0,0,0,0,0,0,0,0,1,0,0,0,0,0,0,0,0,0,0,0,0,0,0,1,0,0,0,0,0,0,0,0,0,0,0,0,0,0,0,0,0,0,0,0,0,0,0,0,0,0,0,0,0,0,0,0,0,0,0,0,0,0,0,0,0,0,0,0,0,0,0,0,0,0,0,0,0,0,0,1,0,0,0,0,0,0,0,0,0,0,0,0,0,0,56,8
367,Male,0,3,581,19.1,0,1,1,2,2,0,0,0,2,2,2,0,0,0,0,0,0,0,1,0,0,0,1,0,0,0,0,0,0,0,0,0,0,0,1,0,0,0,0,0,0,0,0,0,0,0,0,0,0,0,0,0,1,1,0,0,0,1,1,0,1,0,0,0,0,0,0,0,1,1,0,1,0,0,0,0,1,0,1,0,0,1,0,0,2,0,1,0,0,0,0,0,1,1,0,0,0,0,2,1,0,0,1,1,0,1,0,1,0,0,0,2,0,0,0,0,0,0,0,0,0,0,0,0,0,1,0,1,0,2,0,1,0,0,1,0,1,1,1,0,0,1,0,0,0,0,0,0,0,0,0,0,0,1,1,1,1,0,0,0,0,0,1,0,0,0,0,0,0,0,0,1,0,0,0,0,0,0,0,1,0,0,0,0,1,0,1,0,0,0,0,0,0,0,0,0,0,0,0,0,0,1,0,1,1,0,0,0,0,0,0,0,0,0,0,0,0,0,1,1,1,0,0,0,1,0,0,0,0,0,0,0,0,0,0,0,0,0,0,1,0,0,0,0,1,1,2,1,0,2,2,0,1,1,2,0,0,1,0,1,0,0,0,2,0,0,0,0,0,0,0,1,0,0,1,0,1,1,1,1,0,1,0,0,0,1,1,1,2,0,0,0,1,0,0,0,1,1,0,0,1,0,0,0,0,0,0,0,0,0,1,1,0,0,0,1,1,1,0,1,1,0,0,0,0,1,0,1,0,0,0,0,1,1,1,0,0,0,1,1,0,0,1,0,0,0,0,1,0,0,0,0,1,0,0,0,0,1,0,0,0,0,0,0,0,0,0,0,1,0,0,0,0,0,0,0,0,0,0,0,1,0,0,0,0,0,0,0,0,0,1,0,1,1,0,0,0,0,1,1,0,0,0,1,1,0,1,0,0,0,2,0,0,0,0,0,0,0,114,16
368,Male,0,3,525,17.3,2,2,0,2,1,1,2,2,2,0,2,1,0,0,0,0,0,0,2,1,1,0,2,0,2,0,1,1,1,0,1,0,0,0,1,0,0,0,1,0,0,1,0,0,0,0,0,0,0,0,0,0,0,2,0,0,1,0,0,0,1,0,0,0,2,1,0,2,0,0,0,0,0,0,2,0,0,0,0,0,0,1,0,0,2,0,0,1,0,0,0,0,2,2,0,0,0,0,1,2,1,1,1,0,0,1,1,1,0,1,0,2,0,0,1,1,1,0,1,0,1,1,1,0,0,1,0,0,0,2,0,2,1,0,1,0,1,0,2,1,0,2,0,0,0,1,1,0,0,0,0,0,0,1,0,1,0,0,0,0,2,2,1,0,0,1,0,0,2,0,0,1,1,0,0,0,0,0,0,2,0,1,0,0,1,1,1,1,1,0,0,0,0,1,0,0,1,0,0,1,0,2,0,0,1,0,0,0,0,0,0,0,0,0,0,0,0,0,1,1,1,1,0,1,0,0,0,0,2,0,0,0,0,0,0,0,0,0,0,2,2,0,0,0,0,0,0,2,0,2,0,0,0,2,2,0,2,0,2,0,0,1,0,1,0,0,0,1,1,0,1,2,1,0,1,0,0,1,1,0,0,0,0,0,0,0,1,1,0,0,0,0,0,1,0,2,1,1,0,0,2,0,0,1,0,1,1,0,1,0,0,0,0,0,1,1,0,0,1,1,1,0,0,0,0,1,2,1,1,1,1,0,0,0,1,0,0,0,0,1,0,0,0,0,0,0,0,0,1,0,0,0,0,0,0,0,0,0,0,0,0,0,1,0,0,0,1,0,0,1,0,0,0,0,0,0,0,0,0,1,1,0,0,0,0,0,0,0,0,0,0,0,0,0,0,0,0,0,0,0,0,0,0,0,0,0,0,0,0,0,0,0,0,0,0,0,0,1,138,41
368,Male,0,3,653,21.5,2,2,0,2,1,1,2,2,2,1,2,1,2,0,2,2,2,1,2,1,2,0,2,0,2,1,1,1,1,1,2,0,0,2,2,1,0,0,2,0,0,2,1,0,2,0,0,2,2,2,2,2,2,2,1,1,2,2,2,1,2,2,0,0,2,1,2,2,1,2,0,2,1,2,2,0,0,0,1,0,2,1,2,0,2,0,1,1,1,1,0,2,2,2,1,1,1,1,1,2,1,1,1,1,1,1,1,1,1,1,0,2,1,1,1,1,1,0,2,0,1,1,1,0,1,2,1,1,0,2,1,2,1,0,1,1,1,1,2,1,1,2,0,0,1,1,1,0,1,2,0,1,1,1,1,1,2,1,1,0,2,2,1,0,0,1,0,2,2,2,0,1,1,0,1,0,0,1,2,2,2,1,0,0,2,1,1,1,1,1,1,2,1,2,0,0,2,0,2,2,0,2,0,2,1,0,0,1,1,1,0,0,1,0,1,1,0,1,2,2,2,1,0,1,1,0,1,0,2,0,0,0,0,0,0,2,2,0,0,2,2,0,0,2,2,1,2,2,1,2,2,2,1,2,2,0,2,2,2,2,2,1,0,1,1,1,2,1,1,0,1,2,1,1,1,0,1,1,1,0,0,1,0,0,1,0,1,1,2,0,0,0,1,1,0,2,1,1,0,1,2,2,0,1,1,1,1,1,1,1,1,0,0,0,1,1,1,1,2,1,1,0,2,0,0,1,2,1,1,1,1,0,2,1,1,0,0,2,1,1,1,0,2,0,0,0,0,0,1,0,1,0,2,1,0,0,0,1,0,0,0,0,1,0,0,0,1,1,0,1,0,0,0,0,0,0,0,0,0,1,1,0,0,0,0,0,0,0,0,2,0,0,2,0,0,0,0,1,2,2,0,2,2,2,2,1,2,2,2,0,2,0,0,0,0,0,1,1,278,119
368,Male,0,3,735,24.2,2,2,2,2,2,2,2,2,2,2,2,2,2,2,2,2,2,2,2,2,2,0,2,2,2,2,2,2,2,2,2,2,2,2,2,2,2,2,2,2,2,2,2,2,2,2,2,2,2,2,2,2,2,2,2,2,2,2,2,2,2,2,2,2,2,2,2,2,2,2,2,2,2,2,2,2,2,1,2,2,2,2,2,2,2,2,2,2,2,2,2,2,2,2,2,2,2,2,2,2,2,2,2,2,2,2,2,2,2,2,2,2,2,2,2,2,2,2,2,2,2,2,2,2,2,2,2,2,2,2,2,2,2,2,2,2,2,2,2,2,2,2,2,2,2,2,2,0,2,2,0,2,2,2,2,2,2,2,2,1,2,2,2,2,2,2,2,2,2,2,2,2,2,2,2,2,2,2,2,2,2,2,2,2,2,2,2,2,2,2,2,2,2,2,2,2,2,2,2,2,2,2,2,2,2,2,2,2,2,2,2,2,2,2,2,2,2,2,2,2,2,2,2,2,2,2,2,2,2,2,2,2,2,1,2,2,1,2,2,2,2,2,2,2,2,2,2,2,2,2,2,2,2,2,2,2,2,2,2,2,2,2,2,2,2,2,2,2,2,2,2,2,2,2,2,2,2,2,2,2,2,2,2,2,2,2,2,2,2,2,2,2,2,2,2,2,2,2,2,2,2,2,2,2,2,2,2,2,2,2,2,2,2,2,2,2,2,2,2,2,2,2,2,2,2,2,2,2,2,2,2,2,2,2,2,2,2,2,2,2,2,2,2,2,2,2,2,2,2,2,2,1,2,2,2,2,2,2,2,0,2,2,2,2,2,2,2,2,2,2,2,0,2,0,2,2,0,2,2,2,2,2,0,0,0,2,2,0,0,2,2,1,2,2,2,1,2,2,2,2,2,2,2,2,2,2,2,2,2,0,2,0,2,0,0,2,2,2,402,395
375,Female,0,2,448,14.7,2,0,2,2,2,2,1,2,2,0,2,2,1,2,1,1,1,1,1,0,1,0,1,1,1,1,1,1,1,0,1,0,0,1,1,1,1,1,1,0,0,1,1,0,1,0,0,0,0,0,0,0,0,1,0,0,0,2,1,0,2,2,1,0,1,0,1,1,1,0,0,1,1,0,2,0,1,0,1,1,1,1,1,0,0,0,1,1,1,1,1,0,1,1,1,1,1,0,1,1,1,1,0,1,0,1,1,1,1,1,0,1,1,1,1,0,1,1,1,1,1,1,0,0,0,1,0,0,0,1,0,1,0,2,2,0,1,0,1,1,0,2,0,0,1,0,0,0,0,0,0,0,0,1,0,1,0,0,0,0,1,0,0,1,0,0,0,0,1,0,1,0,0,0,0,0,0,0,0,1,0,1,0,0,1,1,1,1,1,0,1,1,0,1,0,0,1,0,0,0,0,1,0,1,0,0,0,0,0,1,0,0,0,0,0,0,0,0,1,1,1,0,1,0,2,1,0,0,0,0,0,0,0,0,0,0,0,0,0,2,0,0,0,0,2,1,2,0,0,1,0,1,0,2,2,0,0,2,0,1,1,0,0,2,0,1,0,0,1,0,0,0,0,0,1,0,1,0,1,1,0,1,0,0,0,0,1,1,0,0,0,0,0,0,0,0,0,1,0,0,1,0,0,1,0,0,1,0,0,0,0,0,0,0,0,0,0,1,0,1,0,1,0,0,0,0,1,0,0,0,1,0,0,1,0,0,0,0,1,1,1,0,0,0,0,0,0,1,0,0,0,0,1,0,1,0,0,0,0,0,0,0,0,0,0,1,0,0,0,0,0,0,0,0,1,1,0,0,0,0,0,0,0,0,0,0,0,0,0,0,0,0,0,0,0,0,0,0,0,0,0,0,0,0,0,0,0,0,0,0,0,0,0,0,0,0,1,0,161,25
375,Female,0,2,496,16.3,2,2,2,2,2,2,1,2,2,2,2,2,1,2,2,2,2,1,1,1,1,0,1,1,1,1,1,1,1,0,1,0,0,1,1,1,1,1,1,1,0,1,1,0,1,0,2,2,2,2,0,1,2,1,0,0,1,2,1,0,2,2,1,1,1,1,1,1,1,1,1,1,1,1,2,0,1,1,2,1,1,1,1,0,2,1,2,1,1,2,1,1,2,1,1,1,1,1,1,1,1,1,1,1,1,1,1,1,2,1,0,2,1,1,1,0,1,1,1,2,1,1,1,0,0,1,1,0,0,1,0,1,0,2,2,0,1,0,2,1,1,2,1,0,1,0,0,0,0,0,0,1,0,1,1,1,1,1,0,0,1,1,1,2,0,1,1,0,1,1,1,1,1,0,0,1,0,0,1,1,0,1,0,0,2,2,1,1,1,0,1,1,0,1,0,0,1,0,0,1,0,2,0,2,1,0,0,0,0,1,0,0,1,1,1,0,0,0,1,1,1,1,1,0,2,1,0,0,2,0,0,1,0,0,1,1,1,0,0,2,0,0,0,0,2,1,2,1,1,1,0,1,0,2,2,0,2,2,1,2,2,0,1,2,1,1,0,1,1,0,0,0,1,0,1,0,1,1,1,1,0,1,0,1,1,1,1,1,0,0,1,0,0,0,0,0,1,1,0,1,1,1,0,1,1,0,1,0,0,0,1,1,0,1,0,1,0,1,1,1,0,1,1,0,0,1,1,1,1,1,1,0,1,1,0,0,0,0,1,1,1,0,0,0,0,0,0,1,1,0,0,0,1,0,1,0,0,0,0,0,0,0,0,0,0,1,0,0,0,0,0,0,0,0,1,1,0,0,0,0,0,0,0,0,0,0,0,0,0,1,2,0,2,2,1,0,0,0,2,0,0,0,0,0,2,0,2,0,0,0,2,0,0,0,0,0,1,1,251,60
377,Female,0,2,564,18.5,0,2,0,0,0,2,1,1,2,2,2,2,2,0,0,2,1,2,0,0,2,0,2,0,0,2,2,1,1,0,2,0,0,1,1,1,1,0,1,1,0,1,0,1,0,0,2,2,2,0,0,2,2,2,2,1,1,2,2,0,2,2,2,1,0,2,2,2,0,2,0,2,2,0,2,0,1,1,2,1,1,1,0,0,2,0,2,2,2,2,0,0,2,2,2,1,1,0,2,2,0,1,1,2,0,2,1,2,1,1,1,2,2,2,2,2,2,2,2,1,1,2,0,0,2,2,2,2,0,2,0,2,1,0,2,1,2,1,2,1,1,2,0,0,0,1,0,1,2,0,0,1,0,2,1,2,2,0,1,0,2,2,1,0,1,2,2,0,2,0,0,2,2,1,0,2,0,0,2,2,1,2,2,0,2,2,2,2,0,2,0,0,0,0,0,0,1,0,0,2,0,2,0,2,2,0,0,2,0,2,1,0,0,0,0,0,0,0,0,2,2,0,0,1,2,1,0,1,2,2,1,0,0,0,0,1,1,0,0,2,2,0,0,2,2,2,2,2,1,2,2,2,2,2,2,0,2,2,2,2,2,1,0,2,1,0,0,0,1,0,0,0,1,0,2,0,2,2,2,0,0,2,0,0,0,1,1,1,2,0,0,0,0,1,0,0,0,2,0,0,1,2,1,1,1,1,1,1,1,1,2,1,1,0,0,1,0,2,1,1,1,1,1,1,1,1,2,1,1,0,1,0,2,1,1,0,2,0,0,1,0,0,2,0,1,1,0,1,0,2,1,0,0,1,0,0,0,1,0,0,0,0,0,0,0,0,0,1,1,0,2,0,0,0,0,0,0,0,0,1,1,0,0,1,0,0,0,0,0,2,0,1,0,0,0,0,0,0,0,0,1,1,1,0,0,0,0,0,0,0,0,0,0,0,0,0,0,1,238,134
377,Female,0,2,720,23.7,2,2,0,1,2,2,2,2,2,2,2,2,2,2,1,2,2,2,2,2,2,0,2,1,2,2,2,2,2,0,2,0,0,2,2,2,2,2,2,1,1,2,2,1,2,1,2,2,2,2,2,2,2,2,2,2,2,2,2,0,2,2,2,2,2,2,2,2,2,2,2,2,2,1,2,2,2,2,2,2,2,2,0,0,2,0,2,2,2,2,0,0,2,2,2,2,2,2,2,2,2,2,2,2,2,2,2,2,2,2,2,2,2,2,2,2,2,2,2,2,2,2,2,0,2,2,2,2,2,2,0,2,2,1,2,1,2,2,2,2,1,2,2,1,2,2,2,2,2,1,2,2,1,2,2,2,2,2,2,0,2,2,2,2,2,2,2,2,2,2,2,2,2,2,2,2,2,2,2,2,1,2,2,2,2,2,2,2,2,2,1,0,0,2,0,0,1,2,2,2,2,2,0,2,2,2,1,2,2,2,2,2,2,2,0,2,2,0,2,2,2,2,0,2,2,2,0,2,2,2,2,0,2,0,2,1,1,0,2,2,2,2,0,2,2,2,2,2,2,2,2,2,2,2,2,2,2,2,2,2,2,2,1,2,1,0,2,1,2,2,2,2,2,2,2,2,2,2,2,2,1,2,2,1,1,1,2,1,2,1,1,2,1,1,2,2,2,2,1,1,1,2,1,1,2,2,2,1,2,1,2,1,1,1,1,1,2,2,1,2,2,2,2,1,1,2,2,2,1,1,1,2,2,2,2,1,2,2,1,2,2,0,2,1,1,1,1,1,2,2,2,1,2,2,2,1,0,1,0,0,2,2,2,0,0,2,1,1,1,2,2,1,1,1,1,1,0,0,2,2,2,2,0,1,0,1,1,1,0,2,1,1,0,0,0,0,0,0,2,0,1,1,1,0,0,0,0,0,2,0,2,0,0,0,1,0,0,1,361,282
378,Female,0,2,390,12.8,0,0,0,0,2,1,1,0,1,0,0,2,0,0,0,0,0,0,1,0,0,0,1,0,0,0,0,0,0,0,0,0,0,0,0,0,0,0,0,0,0,0,0,0,0,0,0,0,0,0,0,0,0,1,0,0,0,1,1,0,0,0,0,0,0,0,0,1,0,0,0,0,0,0,0,0,0,0,1,0,0,1,0,0,0,0,0,0,0,0,0,0,0,0,0,0,0,0,0,0,0,0,1,1,0,0,0,0,0,0,0,1,0,0,0,0,0,0,0,0,0,0,0,0,0,0,0,0,0,0,0,0,0,0,0,0,0,0,0,0,0,0,0,0,0,0,0,0,0,0,0,0,0,0,0,0,0,0,0,0,0,0,0,0,0,0,0,0,0,0,0,0,0,0,0,0,0,0,0,0,0,0,0,0,0,0,0,0,0,0,1,0,0,1,0,1,0,0,0,0,0,0,0,0,0,0,0,0,0,0,0,0,0,0,0,0,0,0,0,0,0,0,0,0,0,0,0,0,1,0,0,0,0,1,0,1,0,0,0,1,1,0,0,0,0,1,1,0,1,1,1,0,0,1,1,0,1,1,1,0,1,0,0,1,0,0,0,0,0,0,0,0,0,0,1,0,1,0,1,0,0,1,0,0,0,0,0,0,0,0,0,0,0,0,0,0,0,1,0,0,0,0,0,0,0,0,0,0,0,0,0,0,0,0,0,0,1,1,0,0,0,0,0,0,0,0,0,1,0,0,0,0,1,0,0,0,0,0,1,0,0,0,0,0,0,0,0,1,1,0,0,0,0,0,0,0,0,0,0,0,1,0,0,0,0,0,0,0,0,0,0,0,0,0,0,0,0,0,0,0,0,0,0,0,0,0,0,0,0,0,0,0,0,0,0,0,0,0,0,0,0,0,0,0,1,0,0,0,0,0,1,0,0,0,0,0,0,0,51,2
378,Female,0,2,506,16.6,2,0,0,1,2,2,1,1,1,1,1,2,0,0,0,0,0,0,1,1,0,0,1,0,1,0,0,0,0,0,1,0,0,0,0,0,0,0,1,0,0,0,0,0,0,0,0,0,0,0,0,0,0,1,0,1,0,1,1,0,1,1,0,0,0,0,0,1,0,0,0,0,0,0,0,0,0,0,1,0,0,1,0,0,0,0,2,0,0,0,0,0,1,0,1,0,1,0,1,1,0,0,1,1,1,1,1,1,0,0,0,1,1,1,0,0,0,0,0,0,1,0,0,0,0,1,0,0,0,1,0,1,0,0,1,0,1,0,0,0,1,1,0,0,0,0,0,0,0,0,0,0,0,0,0,0,0,0,0,0,1,0,0,0,0,0,0,0,0,0,0,1,1,0,0,0,0,0,0,0,0,0,0,0,0,0,0,0,0,0,1,0,0,1,0,1,0,0,0,0,0,0,0,0,0,0,0,0,0,0,0,0,0,0,0,0,0,0,0,0,0,0,0,0,1,0,0,0,1,0,0,0,0,1,0,1,0,0,0,1,2,0,0,0,0,1,1,0,1,1,1,1,0,1,1,0,1,1,1,0,1,1,1,1,0,0,0,1,1,0,0,0,1,0,1,0,1,0,1,0,0,1,0,0,0,0,1,1,1,0,0,0,0,1,0,0,0,1,0,0,2,1,0,1,0,0,0,0,0,0,0,1,0,0,0,1,1,1,1,1,0,1,1,0,0,1,1,1,1,0,0,0,1,1,0,0,0,0,1,0,0,0,0,0,0,0,0,1,1,0,0,0,1,0,0,0,0,0,0,0,1,0,0,0,0,0,1,1,1,0,0,0,0,0,1,0,0,0,0,0,0,0,0,0,0,0,0,0,0,0,0,0,0,0,0,0,0,0,0,1,0,0,0,0,1,1,0,0,0,0,1,0,0,0,0,0,0,1,118,7
381,Female,0,3,277,9.1,0,0,0,0,0,0,0,0,0,0,0,0,0,0,0,0,0,0,0,0,0,0,0,0,0,0,0,0,0,0,0,0,0,0,0,0,0,0,0,0,0,0,0,0,0,0,0,0,0,0,0,0,0,0,0,0,0,0,0,0,0,0,0,0,0,0,0,0,0,0,0,0,0,0,0,0,0,0,0,0,0,0,0,0,0,0,0,0,0,0,0,0,0,0,0,0,0,0,0,0,0,0,0,0,0,0,0,0,0,0,0,0,0,0,0,0,0,0,0,0,0,0,0,0,0,0,0,0,0,0,0,0,0,0,0,0,0,0,0,0,0,0,0,0,0,0,0,0,0,0,0,0,0,0,0,0,0,0,0,0,0,0,0,0,0,0,0,0,0,0,0,0,0,0,0,0,0,0,0,0,0,0,0,0,0,0,0,0,0,0,0,0,0,0,0,0,0,0,0,0,0,0,0,0,0,0,0,0,0,0,0,0,0,0,0,0,0,0,0,0,0,0,0,0,0,0,0,0,2,0,0,0,0,0,0,0,0,0,0,2,0,0,0,0,0,0,1,0,0,0,1,0,0,0,0,0,0,0,0,0,0,0,0,0,0,0,0,0,0,0,0,0,0,0,0,0,0,0,0,0,0,0,0,0,0,0,0,0,0,0,0,0,0,0,0,0,0,0,0,0,0,0,0,0,0,0,0,0,0,0,0,0,0,0,0,0,0,0,0,0,0,0,0,0,0,0,0,0,0,0,0,0,0,0,0,0,0,0,0,0,0,0,0,0,0,0,0,0,0,0,0,0,0,0,0,0,0,0,0,0,0,0,0,0,0,0,0,0,0,0,0,0,0,0,0,0,0,0,0,0,0,0,0,0,0,0,0,0,0,0,0,0,0,0,0,0,0,0,0,0,0,0,0,0,0,0,0,0,0,0,0,0,0,0,0,0,0,0,4,2
381,Female,0,3,438,14.4,2,1,0,0,0,2,1,1,2,0,2,2,1,1,0,0,0,0,1,0,1,0,1,0,0,0,0,0,0,0,1,0,0,1,0,0,0,0,1,0,0,1,0,0,0,0,0,0,1,0,0,0,0,1,0,1,1,1,0,0,1,0,1,0,1,1,0,1,1,0,0,0,0,0,1,0,0,0,1,0,0,1,0,0,2,0,1,0,0,0,0,0,0,2,0,0,0,0,1,1,1,1,1,0,1,1,0,1,0,0,0,1,0,1,1,1,0,0,1,0,0,1,0,0,0,1,0,1,0,2,0,1,0,0,1,0,1,0,1,0,1,1,0,0,1,1,1,0,0,0,0,1,0,1,1,1,1,0,0,0,0,0,1,0,0,0,0,0,1,0,0,0,0,0,0,0,0,0,0,0,0,1,0,0,1,1,1,1,1,0,1,0,0,0,0,2,0,0,0,0,0,0,0,1,0,0,0,1,0,1,0,0,1,0,0,0,0,0,0,1,1,1,0,0,2,0,0,0,2,0,0,0,0,0,0,1,2,0,0,2,2,0,0,0,1,1,1,1,0,1,1,1,1,0,2,0,2,0,0,0,1,0,0,0,0,1,0,0,0,0,0,0,0,0,1,0,1,1,1,0,0,1,0,1,1,2,0,1,0,0,0,0,0,0,0,0,0,1,0,0,1,0,0,1,1,0,0,0,0,0,0,0,0,0,0,1,1,1,1,1,0,0,0,0,0,1,1,1,0,0,1,0,2,1,0,0,0,0,0,0,0,0,1,0,0,0,0,1,1,0,0,0,1,1,0,0,0,1,0,0,0,0,0,0,1,1,0,0,1,0,0,0,0,0,1,0,0,0,0,0,0,0,0,0,0,0,0,0,0,0,0,0,0,0,0,0,0,0,0,0,0,0,0,1,0,1,0,0,0,0,0,0,0,0,0,0,0,1,137,18
381,Female,0,3,534,17.6,2,1,0,0,0,2,1,1,2,0,2,2,1,1,0,0,0,0,1,0,1,0,1,0,1,0,1,0,0,0,1,0,0,1,1,0,0,0,1,0,0,1,0,0,1,0,0,0,1,0,0,0,1,1,0,1,1,2,1,1,2,1,1,0,1,1,0,2,1,1,0,1,1,1,1,1,1,0,2,2,1,1,1,1,2,0,1,1,1,2,0,1,0,2,1,1,1,1,1,1,1,1,1,1,1,1,1,1,1,1,0,1,1,1,1,2,2,1,1,1,1,1,0,0,1,2,1,1,0,2,0,2,1,0,2,1,1,1,1,1,2,2,1,0,1,1,1,0,1,1,0,1,1,1,1,1,1,0,0,0,1,1,2,1,1,1,0,0,1,1,0,1,1,0,0,1,1,0,0,1,1,2,0,0,2,1,2,1,1,0,1,0,1,1,0,2,2,1,0,1,0,2,1,1,1,2,0,1,1,1,0,0,1,1,0,1,1,1,2,1,1,1,1,0,2,0,0,0,2,0,0,0,0,0,2,2,2,1,1,2,2,1,0,0,2,2,2,2,0,2,2,1,1,2,2,0,2,2,2,0,2,1,1,2,1,1,0,1,0,1,1,0,1,1,1,1,1,1,1,0,1,1,1,1,1,2,1,1,0,0,0,0,1,1,1,1,1,1,0,0,1,1,0,1,1,1,1,1,1,1,1,1,1,1,1,1,1,1,1,1,1,1,1,1,0,1,2,1,1,1,1,0,2,1,0,1,0,1,1,1,1,1,1,0,0,0,0,1,2,0,2,1,1,1,1,1,0,1,1,0,1,0,1,0,1,1,0,0,1,2,0,0,1,0,1,0,0,0,0,0,0,0,0,0,0,0,0,0,0,1,0,0,0,0,0,0,0,1,1,1,0,1,1,1,0,1,1,0,0,0,2,0,0,0,0,0,0,1,275,57
384,Female,0,2,568,18.7,2,0,0,2,1,2,2,2,2,0,2,1,0,2,1,1,2,1,2,0,1,0,2,1,2,1,1,1,1,0,0,0,0,1,1,2,2,1,1,0,1,1,0,0,1,0,0,0,0,1,0,0,0,2,0,1,0,2,2,0,2,2,0,1,1,0,2,2,1,1,0,0,1,1,1,0,0,0,1,0,1,0,0,0,1,0,1,0,0,1,0,0,0,1,0,1,0,1,1,2,0,1,1,0,0,1,1,1,1,1,0,1,0,1,1,0,0,0,1,0,1,1,0,0,0,1,0,0,0,0,0,1,0,0,2,1,1,0,0,0,1,1,1,0,1,1,0,0,0,0,0,0,0,0,0,0,1,0,0,0,2,0,1,0,0,1,0,0,0,0,0,0,1,0,0,0,0,0,0,1,0,0,0,0,0,0,1,0,0,0,1,0,0,0,0,2,1,0,0,0,0,2,0,1,0,0,0,0,0,0,0,0,0,0,0,0,0,0,0,0,1,1,0,0,0,0,0,0,2,0,0,0,0,0,0,2,2,0,0,2,0,0,0,0,2,1,2,0,0,2,2,0,0,0,0,0,2,0,2,0,0,0,0,0,0,0,0,0,0,0,0,0,0,0,0,0,1,0,0,0,1,0,1,0,0,0,0,1,0,0,0,1,0,0,0,0,0,1,0,0,1,0,0,0,1,0,0,0,0,0,0,0,0,0,0,0,1,1,0,0,0,0,0,0,0,0,0,1,0,0,0,0,1,0,0,0,0,0,0,0,0,0,0,0,0,0,0,0,0,0,0,0,0,0,1,0,0,0,0,0,0,0,0,0,0,0,0,0,0,0,0,0,2,0,0,0,0,0,0,0,0,0,0,0,0,0,0,0,0,0,0,0,2,0,0,0,0,0,1,2,0,0,2,0,2,0,2,0,2,0,2,2,0,0,0,0,0,0,129,45
384,Female,0,2,607,20,2,0,0,2,1,2,2,2,2,0,2,1,1,2,2,1,2,1,2,0,1,0,2,1,2,1,1,1,1,0,1,0,0,1,1,2,2,1,1,0,1,1,0,0,1,0,0,0,0,1,1,0,1,2,0,1,1,2,2,0,2,2,0,1,1,0,2,2,1,1,0,0,1,1,2,0,0,0,1,0,1,0,0,0,1,0,1,0,0,1,0,0,2,2,0,1,0,1,2,2,1,1,1,0,2,2,2,1,1,1,0,1,1,1,2,0,0,0,1,0,1,1,0,0,0,1,0,1,0,2,0,1,0,0,2,1,1,1,2,0,1,1,1,0,1,1,0,0,0,1,0,0,0,0,0,0,1,0,0,0,2,0,1,0,0,2,0,0,2,0,0,0,1,0,0,1,0,0,0,1,0,0,0,0,0,0,1,0,0,0,1,0,0,1,0,2,1,0,0,0,0,2,0,1,0,0,0,0,0,0,0,0,0,0,0,0,0,1,2,1,1,1,0,0,2,0,0,0,2,0,0,0,0,0,0,2,2,0,0,2,0,0,0,0,2,1,2,1,0,2,2,0,0,0,2,0,2,2,2,2,2,0,0,2,0,0,0,0,0,0,0,0,0,0,0,0,1,0,0,0,1,0,1,0,0,0,0,1,0,0,0,1,0,0,0,0,0,1,0,0,1,0,0,0,1,0,0,0,0,0,0,0,0,0,0,0,1,1,1,1,1,0,0,0,0,0,0,1,1,0,1,0,1,0,0,0,0,0,0,0,0,0,1,0,0,0,0,1,0,0,2,0,0,0,1,0,0,0,0,0,0,0,0,0,0,0,0,0,1,0,0,0,2,0,0,0,0,0,0,0,0,0,0,0,0,0,0,0,0,0,2,0,2,0,0,0,0,0,1,2,0,0,2,0,2,0,2,0,2,0,2,2,0,0,0,0,0,0,166,67
385,Female,0,4,548,18,2,1,1,2,1,2,0,2,2,1,2,1,0,1,2,1,1,1,2,1,1,0,2,0,2,1,2,1,2,0,1,0,0,2,1,1,2,1,1,0,0,1,2,0,2,0,2,0,1,2,2,0,2,2,1,1,1,2,1,0,2,1,1,0,2,0,2,2,0,0,0,0,0,0,2,0,0,0,1,0,2,0,0,0,1,0,1,1,0,0,0,0,0,2,1,1,1,1,1,2,1,1,1,1,2,1,1,1,1,1,1,1,0,0,1,1,1,2,1,1,1,2,0,0,1,2,1,1,0,2,0,1,1,1,1,1,1,1,1,1,2,2,1,0,1,1,0,0,1,1,0,1,1,1,1,1,1,1,1,0,2,1,1,2,1,1,0,1,2,0,1,1,1,0,0,0,0,1,1,2,1,1,0,0,1,1,1,0,0,0,1,1,0,2,0,2,0,0,0,1,0,2,0,1,1,0,0,1,0,1,1,1,1,0,1,0,0,0,1,1,2,0,0,0,2,0,0,0,2,0,0,0,0,0,0,1,0,0,0,2,1,0,0,0,1,1,2,1,1,2,2,1,1,2,1,0,2,0,1,0,2,1,0,1,0,0,0,0,0,0,1,0,0,1,1,0,1,1,1,0,0,1,0,0,1,1,1,1,1,0,0,0,1,1,0,0,0,1,0,0,1,0,0,1,1,0,0,1,0,0,0,0,0,1,0,2,1,1,0,1,1,0,1,0,0,0,1,1,1,1,1,0,2,1,0,0,0,1,0,1,0,2,1,0,0,1,0,0,0,0,0,0,1,0,0,0,0,0,0,0,1,0,1,0,0,0,0,0,0,2,0,0,0,0,2,0,0,0,0,0,1,0,0,0,0,0,0,0,0,0,0,0,0,0,1,0,0,0,1,1,1,1,1,1,1,1,1,0,2,0,2,0,0,0,0,0,0,0,227,61
385,Female,0,4,763,25.1,2,2,1,2,2,2,2,2,2,2,2,2,1,2,2,2,2,2,2,2,2,2,2,2,2,2,2,2,2,2,2,0,0,2,2,2,2,2,2,0,2,2,2,2,2,0,2,2,2,2,2,2,2,2,2,2,2,2,2,0,2,2,2,2,2,2,2,2,2,2,0,2,2,2,2,2,2,0,2,2,2,2,2,2,2,0,2,2,2,2,1,0,2,2,2,2,2,2,2,2,2,2,2,2,2,2,2,2,2,2,2,2,2,2,2,2,2,2,2,2,2,2,0,0,2,2,2,2,2,2,2,2,2,2,2,2,2,2,2,2,2,2,2,2,2,2,0,0,2,2,0,2,2,2,2,2,2,2,2,0,2,2,2,2,2,2,1,2,2,2,2,2,2,2,2,2,2,2,2,2,2,2,2,2,2,2,2,2,2,2,2,2,0,2,2,2,2,2,0,2,2,2,0,2,2,2,0,2,0,2,2,1,2,0,1,1,1,2,2,2,2,2,2,0,2,1,0,0,2,0,0,1,2,0,1,1,1,0,1,2,1,2,0,0,2,2,2,2,1,2,2,2,1,2,2,1,2,2,2,2,2,2,1,2,2,2,2,1,2,1,1,2,2,2,1,0,1,1,2,1,1,1,2,1,1,2,2,2,1,1,1,2,2,2,1,2,1,2,0,2,2,1,1,2,2,1,1,1,2,1,1,1,1,1,1,2,2,2,2,2,2,2,2,1,1,2,2,2,2,2,2,0,2,2,0,2,2,2,2,2,2,2,2,2,1,2,0,1,0,2,2,0,2,1,1,1,0,1,2,0,2,2,2,0,1,2,2,2,2,2,2,0,1,0,2,1,0,0,0,0,2,0,0,0,0,0,0,0,0,0,2,0,2,2,2,0,0,2,2,2,1,2,2,2,1,1,2,0,2,0,2,1,0,0,2,0,0,1,354,292
385,Female,0,4,821,27,2,2,1,2,2,2,2,2,2,2,2,2,1,2,2,2,2,2,2,2,2,2,2,2,2,2,2,2,2,2,2,0,0,2,2,2,2,2,2,0,2,2,2,2,2,0,2,2,2,2,2,2,2,2,2,2,2,2,2,0,2,2,2,2,2,2,2,2,2,2,2,2,2,2,2,2,2,0,2,2,2,2,2,2,2,0,2,2,2,2,2,2,2,2,2,2,2,2,2,2,2,2,2,2,2,2,2,2,2,2,2,2,2,2,2,2,2,2,2,2,2,2,2,0,2,2,2,2,2,2,2,2,2,2,2,2,2,2,2,2,2,2,2,2,2,2,0,0,2,2,0,2,2,2,2,2,2,2,2,0,2,2,2,2,2,2,2,2,2,2,2,2,2,2,2,2,2,2,2,2,2,2,2,2,2,2,2,2,2,2,2,2,0,2,2,2,2,2,0,2,2,2,0,2,2,2,0,2,0,2,2,1,2,0,2,2,1,2,2,2,2,2,2,0,2,1,0,0,2,1,0,1,2,0,1,1,1,1,1,2,1,2,0,0,2,2,2,2,2,2,2,2,1,2,2,1,2,2,2,2,2,2,2,2,2,2,2,2,2,1,2,2,2,2,2,0,2,2,2,1,1,2,2,1,2,2,2,2,2,2,1,2,2,2,1,2,1,2,0,2,2,1,1,2,2,1,1,1,2,1,2,1,2,2,1,2,2,2,2,2,2,2,2,1,1,2,2,2,2,2,2,1,2,2,0,2,2,2,2,2,2,2,2,2,2,2,0,1,1,2,2,1,2,1,1,1,0,1,2,0,2,2,2,2,1,2,2,2,2,2,2,0,2,0,2,2,0,1,0,0,2,2,1,0,1,0,0,0,2,2,2,2,2,2,2,2,0,2,2,2,1,2,2,2,1,1,2,2,2,2,2,1,2,1,2,0,0,2,375,326
385,Female,0,4,843,27.7,2,2,1,2,2,2,2,2,2,2,2,2,1,2,2,2,2,2,2,2,2,2,2,2,2,2,2,2,2,2,2,0,0,2,2,2,2,2,2,0,2,2,2,2,2,0,2,2,2,2,2,2,2,2,2,2,2,2,2,0,2,2,2,2,2,2,2,2,2,2,2,2,2,2,2,2,2,0,2,2,2,2,2,2,2,0,2,2,2,2,2,2,2,2,2,2,2,2,2,2,2,2,2,2,2,2,2,2,2,2,2,2,2,2,2,2,2,2,2,2,2,2,2,0,2,2,2,2,2,2,2,2,2,2,2,2,2,2,2,2,2,2,2,2,2,2,0,0,2,2,0,2,2,2,2,2,2,2,2,0,2,2,2,2,2,2,2,2,2,2,2,2,2,2,2,2,2,2,2,2,2,2,2,2,2,2,2,2,2,2,2,2,0,2,2,2,2,2,1,2,2,2,0,2,2,2,0,2,1,2,2,1,2,2,2,2,2,2,2,2,2,2,2,2,2,1,0,0,2,1,0,1,2,0,1,1,1,1,1,2,1,2,0,0,2,2,2,2,2,2,2,2,1,2,2,1,2,2,2,2,2,2,2,2,2,2,2,2,2,1,2,2,2,2,2,2,2,2,2,2,2,2,2,1,2,2,2,2,2,2,2,2,2,2,1,2,1,2,0,2,2,1,1,2,2,1,1,2,2,1,2,1,2,2,1,2,2,2,2,2,2,2,2,1,1,2,2,2,2,2,2,1,2,2,0,2,2,2,2,2,2,2,2,2,2,2,0,2,1,2,2,1,2,1,1,1,0,1,2,0,2,2,2,2,2,2,2,2,2,2,2,1,2,1,2,2,0,1,0,0,2,2,1,1,1,0,0,0,2,2,2,2,2,2,2,2,0,2,2,2,2,2,2,2,2,2,2,2,2,2,2,2,2,1,2,0,0,2,383,340
389,Female,0,2,276,9.1,0,0,0,0,0,0,0,0,1,0,0,0,0,0,0,0,0,0,0,0,0,0,0,0,0,0,0,0,0,0,0,0,0,0,0,0,0,0,0,0,0,0,0,0,0,0,0,0,0,0,0,0,0,0,0,0,0,0,0,0,0,0,0,0,0,0,0,0,0,0,0,0,0,0,0,0,0,0,0,0,0,0,0,0,0,0,0,0,0,0,0,0,0,0,0,0,0,0,0,0,0,0,0,0,0,0,0,0,0,0,0,0,0,0,0,0,0,0,0,0,0,0,0,0,0,0,0,0,0,0,0,0,0,0,0,0,0,0,0,0,0,0,0,0,0,0,0,0,0,0,0,0,0,0,0,0,0,0,0,0,0,0,0,0,0,0,0,0,0,0,0,0,0,0,0,0,0,0,0,0,0,0,0,0,0,0,0,0,0,0,0,0,0,0,0,0,0,0,0,0,0,0,0,0,0,0,0,0,0,0,0,0,0,0,0,0,0,0,0,0,0,0,0,0,0,0,0,0,1,0,0,0,0,0,0,1,0,0,0,1,0,0,0,0,0,0,0,0,0,0,0,0,0,0,1,0,0,0,0,0,0,0,0,0,0,0,0,0,0,0,0,0,0,0,0,0,0,0,0,0,0,0,0,0,0,0,0,0,0,0,0,0,0,0,0,0,0,1,0,0,0,0,0,0,0,0,0,0,0,0,0,0,0,0,0,0,0,0,0,0,0,0,0,0,0,0,0,0,0,0,0,0,0,0,0,0,0,0,0,0,0,0,0,0,0,0,0,0,0,0,0,0,0,0,0,0,0,0,0,0,0,0,0,0,0,0,0,0,0,0,0,0,0,0,0,0,0,0,0,0,0,0,0,0,0,0,0,0,0,0,0,0,0,0,0,0,0,0,0,0,0,0,0,0,0,0,0,0,0,0,0,0,0,0,0,0,0,0,6,0
389,Female,0,2,487,16,2,0,0,0,1,0,1,0,2,0,0,1,0,1,0,0,1,0,2,0,0,0,0,0,0,0,0,0,0,0,0,0,0,0,0,0,0,0,0,0,0,0,0,0,0,0,0,0,1,0,0,0,0,0,0,1,0,0,0,0,1,1,1,0,2,0,0,1,0,0,0,0,0,0,2,0,0,0,1,0,0,0,0,0,2,0,1,0,0,0,0,0,0,0,0,0,0,0,0,0,0,0,0,0,0,0,0,0,0,0,0,1,0,0,0,0,0,0,0,0,0,0,0,0,0,1,0,0,0,1,0,0,0,0,1,0,1,0,0,0,0,0,0,0,0,0,0,0,0,0,0,0,0,1,0,0,0,0,0,0,0,0,0,0,0,0,0,0,0,0,0,0,0,0,0,0,0,0,0,0,0,0,0,0,0,0,0,0,0,0,0,0,0,1,0,1,0,0,0,0,0,0,0,0,0,0,0,1,0,0,0,0,0,0,0,0,0,0,0,1,1,0,0,0,0,0,0,0,2,0,0,0,0,0,0,2,1,0,0,2,0,0,0,0,1,0,1,0,1,0,0,0,0,1,2,0,1,0,1,0,1,0,0,2,0,0,0,1,0,0,0,0,0,0,1,0,0,0,0,0,0,0,0,0,0,0,0,0,0,0,0,0,0,0,0,0,0,1,0,0,0,0,0,0,0,0,0,0,0,0,0,0,0,0,0,1,0,0,0,0,0,0,0,0,0,0,0,0,0,0,0,0,1,0,0,0,0,0,0,0,0,0,0,0,0,0,0,0,0,0,0,0,0,0,0,0,0,0,0,0,0,0,0,0,0,0,0,0,0,0,0,0,0,0,0,0,0,0,0,0,0,0,0,0,0,0,0,0,0,0,0,0,0,0,0,0,0,0,0,0,0,0,0,0,0,0,0,0,0,0,0,0,0,0,0,0,0,0,48,11
392,Female,0,2,490,16.1,0,0,0,0,0,0,0,0,2,0,0,0,0,0,0,0,0,0,1,0,0,0,1,0,1,0,0,0,0,0,0,0,0,0,1,0,0,0,0,0,0,0,0,0,0,0,0,0,0,0,0,0,0,0,0,0,0,0,0,0,0,0,1,0,0,0,0,0,0,0,0,0,0,0,0,0,0,0,0,0,0,0,0,0,0,0,0,0,0,0,0,0,0,0,0,0,0,0,0,0,0,0,0,0,0,0,0,1,0,0,0,1,1,0,0,0,0,0,0,0,0,0,0,0,0,0,0,0,0,1,0,0,0,0,0,0,0,0,0,0,0,0,0,0,0,0,0,0,0,0,0,0,0,0,0,0,0,0,0,0,0,0,0,0,0,0,0,0,0,0,0,0,0,0,0,0,0,0,0,0,0,0,0,0,0,0,1,0,0,0,1,0,0,0,0,1,0,0,0,0,0,0,0,0,0,0,0,0,0,0,0,0,0,0,0,0,0,0,0,0,1,0,0,0,0,0,0,0,2,0,0,0,0,0,0,0,0,0,0,2,0,0,0,0,1,0,0,0,0,0,0,0,0,0,1,0,1,0,0,0,1,0,0,0,0,0,0,0,0,0,0,0,0,0,1,0,0,0,0,0,0,0,0,0,0,0,0,0,0,0,0,0,0,0,0,0,0,1,0,0,0,0,0,0,0,0,0,0,0,0,0,0,0,0,0,0,0,0,0,0,0,0,0,0,0,0,0,1,0,0,0,0,0,0,0,0,0,0,0,0,0,0,0,0,0,0,0,0,0,0,0,0,0,0,0,0,0,0,0,0,0,0,0,0,0,0,0,0,0,0,0,0,0,0,0,0,0,0,0,0,0,0,0,0,0,0,0,0,0,0,0,0,0,0,0,0,0,0,0,0,0,0,0,0,0,0,0,0,0,0,0,0,0,0,0,0,0,0,23,3
392,Female,0,2,527,17.3,0,0,0,0,1,0,0,2,2,0,1,0,0,2,0,1,2,0,1,0,0,0,2,0,1,0,0,0,0,0,0,0,0,0,1,0,0,0,0,0,0,0,0,0,0,0,0,0,0,0,0,0,0,0,0,0,0,1,0,0,1,0,1,0,0,0,0,1,0,0,0,0,0,0,0,0,0,0,1,0,0,0,0,0,0,0,1,0,0,0,0,0,0,0,1,0,0,0,0,0,1,0,0,1,1,1,1,1,0,0,0,1,1,1,1,1,0,0,0,0,0,1,1,0,0,1,0,0,0,1,0,0,0,0,1,0,1,0,0,0,0,0,0,0,0,0,0,0,0,0,0,0,0,0,0,0,0,0,0,0,0,0,0,0,0,0,0,0,0,0,0,1,0,0,0,0,0,0,0,0,0,0,0,0,0,0,1,0,0,0,1,0,0,0,0,1,0,0,0,0,0,0,0,0,0,0,0,0,0,0,0,0,0,0,0,0,0,0,0,0,1,0,0,0,0,0,0,0,2,0,0,0,0,0,0,0,0,0,0,2,1,0,0,0,1,0,0,0,0,0,0,0,0,0,1,0,1,0,1,0,1,0,0,0,0,0,0,0,0,0,0,0,0,0,1,0,0,0,0,0,0,0,0,0,0,0,0,0,0,0,0,0,0,0,0,1,0,1,0,0,0,0,0,0,0,0,0,0,0,0,0,0,0,0,0,0,0,0,0,0,0,0,0,0,0,0,0,1,0,0,1,0,0,0,0,0,0,0,0,0,0,0,0,0,0,0,0,0,0,0,0,0,0,0,0,0,0,0,0,0,0,0,0,0,0,0,0,0,0,0,0,0,0,0,0,0,0,0,0,0,0,0,0,0,0,0,0,0,0,0,0,0,0,0,0,0,0,0,0,0,0,0,0,0,0,0,0,0,0,0,0,0,0,0,0,0,0,0,53,7
397,Male,0,3,554,18.2,0,2,0,0,1,2,1,1,2,1,1,1,0,2,2,2,2,1,1,1,1,0,2,0,2,1,2,1,0,1,1,0,0,1,1,2,2,1,1,0,0,2,1,0,1,0,2,2,2,2,2,2,2,2,1,0,1,2,2,2,2,2,1,2,1,1,2,2,1,2,0,0,2,1,2,1,2,1,1,1,2,1,0,0,1,2,2,2,1,2,0,0,2,2,2,2,1,2,1,2,1,1,1,1,2,1,1,1,1,1,1,2,2,1,2,2,1,2,1,0,1,2,0,0,1,1,0,1,0,2,0,2,1,1,2,1,2,1,2,1,0,2,0,0,1,1,0,0,1,1,0,1,1,2,1,1,1,1,1,0,1,0,1,2,1,1,0,1,2,1,1,1,1,0,1,1,0,1,1,2,1,2,0,0,2,1,1,2,1,1,1,1,0,1,0,0,2,1,2,1,0,2,1,1,1,1,2,1,0,1,0,1,1,0,0,0,1,0,2,2,1,1,1,0,1,0,0,0,2,0,0,0,0,0,0,2,2,0,2,2,0,0,0,0,2,1,2,1,1,1,1,1,1,1,2,0,2,2,1,2,2,0,0,2,1,1,1,0,1,0,1,0,0,1,1,2,1,1,2,0,1,1,1,1,1,1,1,1,1,0,0,1,0,1,0,1,1,1,0,0,1,1,1,2,1,0,0,0,0,0,1,0,0,0,0,1,1,1,1,1,1,1,1,0,0,2,1,1,1,1,2,1,1,0,0,1,2,1,1,0,1,1,0,0,0,0,0,1,1,1,0,0,2,1,0,0,0,0,0,0,0,2,0,0,0,1,1,0,1,1,1,0,0,0,1,1,0,0,1,0,0,0,0,0,0,0,0,0,0,2,0,0,0,0,0,0,2,2,2,1,2,1,1,1,2,0,2,0,1,0,2,0,0,0,0,0,0,1,278,99
397,Male,0,3,855,28.1,2,2,1,1,2,2,2,2,2,2,2,2,1,2,2,2,2,2,2,2,2,1,2,2,2,2,2,2,2,2,2,1,2,2,2,2,2,2,2,1,1,2,2,1,1,0,2,2,2,2,2,2,2,2,2,2,2,2,2,2,2,2,2,2,1,2,2,2,2,2,2,2,2,2,2,2,2,2,2,2,2,2,2,2,2,2,2,2,2,2,2,0,2,2,2,2,2,2,2,2,2,2,2,2,2,2,2,2,2,2,2,2,2,2,2,2,2,2,2,2,2,2,1,2,2,2,2,2,2,2,2,2,2,2,2,2,2,2,2,2,1,2,2,2,2,2,2,0,2,2,1,2,2,2,2,2,2,2,2,2,2,2,2,2,2,2,2,2,2,2,2,2,2,2,2,2,2,2,2,2,2,2,2,2,2,2,2,2,2,2,2,2,2,2,2,0,2,2,2,2,1,2,1,2,2,2,2,2,2,2,2,2,2,2,2,2,2,2,2,2,2,2,2,2,2,2,2,2,2,2,2,2,2,2,2,2,2,2,2,2,1,2,2,2,2,2,2,2,2,2,2,2,2,2,2,1,2,2,2,2,2,2,2,2,2,2,2,2,2,2,2,2,2,2,2,2,2,2,2,2,2,2,2,2,2,2,2,2,2,2,2,2,2,2,2,2,2,2,2,2,2,2,2,2,2,2,2,2,2,2,2,2,2,2,2,2,2,2,2,2,2,2,2,2,2,2,2,2,2,2,2,2,2,2,2,2,2,2,2,2,2,2,2,2,2,2,0,2,2,2,2,2,2,2,2,2,1,2,2,2,2,2,2,2,2,2,2,2,2,2,2,2,2,1,2,2,1,2,2,2,2,2,2,2,2,2,2,2,2,2,2,2,2,2,2,2,2,2,2,2,2,2,2,2,2,2,2,2,2,2,2,2,2,2,2,2,2,2,413,393
397,Male,0,3,931,30.6,2,2,1,2,2,2,2,2,2,2,2,2,2,2,2,2,2,2,2,2,2,1,2,2,2,2,2,2,2,2,2,1,2,2,2,2,2,2,2,1,1,2,2,1,1,1,2,2,2,2,2,2,2,2,2,2,2,2,2,2,2,2,2,2,2,2,2,2,2,2,2,2,2,2,2,2,2,2,2,2,2,2,2,2,2,2,2,2,2,2,2,0,2,2,2,2,2,2,2,2,2,2,2,2,2,2,2,2,2,2,2,2,2,2,2,2,2,2,2,2,2,2,1,2,2,2,2,2,2,2,2,2,2,2,2,2,2,2,2,2,2,2,2,2,2,2,2,0,2,2,1,2,2,2,2,2,2,2,2,2,2,2,2,2,2,2,2,2,2,2,2,2,2,2,2,2,2,2,2,2,2,2,2,2,2,2,2,2,2,2,2,2,2,2,2,0,2,2,2,2,2,2,2,2,2,2,2,2,2,2,2,2,2,2,2,2,2,2,2,2,2,2,2,2,2,2,2,2,2,2,2,2,2,2,2,2,2,2,2,2,2,2,2,2,2,2,2,2,2,2,2,2,2,2,2,1,2,2,2,2,2,2,2,2,2,2,2,2,2,2,2,2,2,2,2,2,2,2,2,2,2,2,2,2,2,2,2,2,2,2,2,2,2,2,2,2,2,2,2,2,2,2,2,2,2,2,2,2,2,2,2,2,2,2,2,2,2,2,2,2,2,2,2,2,2,2,2,2,2,2,2,2,2,2,2,2,2,2,2,2,2,2,2,2,2,2,1,2,2,2,2,2,2,2,2,2,1,2,2,2,2,2,2,2,2,2,2,2,2,2,2,2,2,2,2,2,2,2,2,2,2,2,2,2,2,2,2,2,2,2,2,2,2,2,2,2,2,2,2,2,2,2,2,2,2,2,2,2,2,2,2,2,2,2,2,2,2,2,415,402
400,Male,0,2,458,15.1,0,1,0,0,0,0,0,1,2,2,1,2,1,0,0,1,0,0,1,0,0,0,1,0,1,1,0,0,0,0,0,0,0,0,1,0,0,0,0,0,0,0,0,0,0,0,1,1,0,0,1,1,1,2,0,1,1,1,1,1,1,1,1,0,1,1,0,1,1,0,0,0,0,0,0,0,0,0,1,0,0,1,1,0,1,0,0,0,0,0,0,1,0,0,1,0,1,0,0,0,1,0,2,0,0,1,1,1,0,0,0,0,0,1,1,1,1,0,0,0,1,1,0,0,0,1,0,0,0,2,0,1,0,0,1,0,1,0,0,1,0,0,0,1,0,0,0,0,0,0,0,0,0,0,0,0,0,0,0,0,1,1,0,0,1,0,0,1,0,0,0,1,0,1,0,0,0,0,1,1,0,1,0,0,0,1,1,0,1,0,0,0,0,1,0,0,0,0,0,0,0,2,0,0,0,0,0,0,0,0,0,0,0,0,0,0,0,0,0,1,1,0,0,0,1,0,0,0,1,0,0,0,0,0,0,1,1,0,0,1,0,0,0,0,1,0,2,0,0,2,2,0,1,1,1,0,1,1,1,0,2,0,0,1,0,1,0,0,0,1,0,0,1,0,1,0,0,0,1,0,0,0,0,0,0,1,1,1,0,0,1,0,0,2,0,0,0,1,0,0,1,1,0,1,1,0,0,1,1,0,0,0,0,1,0,1,2,1,0,0,0,0,0,0,0,1,1,0,0,0,1,0,2,1,0,0,0,1,1,1,0,0,1,0,1,0,0,1,1,0,1,0,0,0,0,0,0,0,0,0,0,0,0,0,0,0,0,0,0,1,0,0,0,0,1,0,0,0,0,0,0,0,0,0,0,0,0,0,0,0,0,0,0,0,0,0,0,0,0,0,0,0,0,0,0,0,0,0,0,0,0,0,0,0,0,0,0,0,125,14
400,Male,0,2,551,18.1,1,1,0,2,2,2,2,2,2,2,1,2,1,0,0,1,0,0,1,0,0,0,2,0,1,1,1,1,0,0,1,0,0,0,1,0,1,0,1,0,0,0,0,1,0,0,1,1,2,0,1,1,1,2,1,1,1,2,1,1,2,1,1,1,2,1,0,1,1,0,0,1,0,1,0,0,1,0,1,0,0,1,1,0,2,0,1,1,0,0,0,1,2,1,1,0,1,1,1,1,1,1,2,1,1,1,1,1,0,1,0,2,2,1,1,1,1,0,2,0,1,1,1,0,0,1,1,0,0,2,0,1,1,0,1,0,1,1,0,1,0,0,0,1,0,0,0,0,0,0,0,1,0,1,1,1,1,0,0,0,1,1,0,0,1,0,0,1,0,0,0,1,0,1,0,0,0,0,1,1,0,1,0,0,0,1,1,0,1,0,0,0,0,1,0,0,0,1,0,1,0,2,0,0,0,0,0,0,0,0,0,0,0,0,0,0,0,0,0,1,1,0,0,0,1,0,0,0,2,0,0,0,0,0,0,2,1,0,0,1,0,0,0,0,1,0,2,0,0,2,2,0,2,2,1,0,1,1,2,2,2,1,1,1,1,1,0,1,0,1,0,0,1,1,2,0,0,0,2,0,0,1,0,1,0,2,1,1,0,1,1,0,0,2,0,0,0,2,0,1,1,1,0,1,1,1,1,1,1,0,0,0,0,1,1,1,2,1,1,1,0,0,1,0,0,1,1,1,1,0,1,1,2,1,0,1,0,1,1,1,1,0,1,0,1,1,0,1,1,0,1,0,2,1,1,1,0,1,1,0,1,0,1,0,0,1,1,1,1,1,0,0,0,0,1,0,1,0,0,0,1,0,0,0,0,0,0,0,0,0,0,0,0,0,0,0,0,1,2,0,1,0,1,0,2,1,2,1,2,0,2,0,0,0,0,0,1,1,215,45
402,Male,0,2,790,26,0,1,0,2,0,0,0,0,2,0,0,0,0,0,0,0,0,0,0,0,0,0,0,0,0,0,0,0,0,0,0,0,0,0,0,1,0,0,0,0,0,0,0,0,0,0,0,0,0,0,0,0,0,1,0,0,0,0,0,0,1,0,0,0,1,0,0,1,0,0,0,0,0,0,0,0,0,0,1,0,0,1,0,0,0,0,0,0,0,0,0,0,0,0,0,0,0,0,1,1,0,0,0,0,0,0,0,0,0,0,0,0,0,1,0,0,0,0,0,0,0,0,0,0,0,1,0,0,0,0,0,0,0,0,0,0,1,1,0,0,0,0,0,0,1,0,0,0,1,0,0,1,0,0,0,1,1,0,0,0,0,0,0,0,0,0,0,0,0,0,0,0,0,0,0,0,0,0,0,0,0,0,0,0,0,1,1,0,0,0,0,0,0,0,0,0,0,0,0,0,0,0,0,0,0,0,0,1,0,0,0,0,0,0,0,0,0,0,0,0,0,0,0,0,0,0,0,0,0,0,0,0,0,1,0,1,0,0,0,1,1,0,0,0,0,0,2,0,0,0,0,1,1,1,0,1,1,1,1,0,2,0,0,2,0,0,0,0,0,0,0,1,0,0,1,0,0,1,1,0,0,0,0,0,0,0,0,0,0,0,0,0,0,0,0,0,0,0,0,0,0,1,0,0,0,0,0,0,0,0,0,0,0,0,0,0,0,0,0,0,0,0,0,0,0,0,0,0,0,0,0,0,2,0,0,0,0,0,0,0,0,0,0,0,0,0,0,0,0,0,0,0,0,0,0,0,0,0,0,0,0,0,0,0,0,0,0,0,0,1,0,0,0,0,0,0,0,0,0,0,0,0,0,0,0,0,0,0,0,1,0,0,0,0,0,0,0,0,0,0,0,0,0,0,0,0,0,0,0,0,0,0,0,0,0,0,0,0,46,6
402,Male,0,2,816,26.8,0,1,0,2,0,0,0,0,2,0,0,0,0,0,0,0,0,0,0,0,0,0,0,0,0,0,0,1,0,0,0,0,0,0,0,1,0,0,0,0,0,0,0,0,0,0,0,0,0,0,0,0,0,1,0,0,0,1,1,0,1,0,0,0,1,0,0,1,1,0,0,0,0,0,1,0,0,0,1,0,0,1,0,0,0,0,1,0,0,0,0,0,0,0,1,0,0,0,1,1,0,0,0,0,0,0,0,0,0,0,0,1,0,1,0,0,0,0,1,0,0,1,0,0,0,1,0,0,0,1,0,1,0,0,0,0,1,1,1,0,0,0,0,0,1,0,0,0,1,0,0,1,0,0,0,1,1,0,0,0,0,0,0,0,0,0,0,0,0,0,0,0,0,0,0,0,0,0,0,0,0,0,0,0,0,1,1,0,0,0,1,0,0,0,0,0,0,0,0,0,0,1,0,0,0,0,0,1,0,0,0,0,0,0,0,0,0,0,1,0,1,0,0,0,0,0,0,0,2,0,0,0,0,1,0,1,0,0,0,2,2,0,0,0,0,0,2,0,0,2,2,1,1,2,2,1,1,1,1,0,2,1,0,2,0,0,0,0,0,0,0,1,0,0,1,0,0,1,1,0,0,0,0,0,0,0,0,0,0,0,0,0,1,1,0,1,0,1,0,0,1,1,0,1,0,0,0,0,0,0,0,0,0,0,0,0,0,1,0,0,2,0,0,0,0,1,0,1,0,0,0,0,2,0,1,0,0,1,0,0,0,0,0,0,0,0,0,0,0,0,0,0,0,0,0,0,0,1,0,0,0,0,0,0,0,0,0,0,0,1,0,0,0,0,0,0,0,0,0,0,2,0,0,0,0,0,0,2,0,1,0,0,0,0,0,0,0,0,0,0,0,0,0,0,0,1,0,0,0,0,0,0,0,0,0,0,0,0,84,16
403,Male,0,3,488,16,0,0,0,0,0,0,0,0,2,0,0,0,0,0,0,0,0,0,0,0,0,0,1,0,1,0,0,0,0,0,0,0,0,0,1,0,0,0,1,0,0,0,0,0,0,0,0,0,1,0,0,0,0,1,0,1,0,0,1,0,1,0,0,0,0,1,0,2,1,0,0,0,0,0,0,0,0,0,1,0,0,0,0,0,2,0,1,0,0,0,0,0,1,1,1,1,0,0,0,0,1,0,1,0,1,1,1,1,0,1,0,1,0,0,1,1,1,0,0,0,0,0,0,0,0,1,0,0,0,2,0,1,0,0,1,0,1,0,0,1,0,0,1,0,1,1,0,0,0,0,0,1,0,0,0,0,0,0,0,0,0,0,0,0,0,1,0,1,0,1,0,0,0,0,0,0,0,0,0,0,0,1,0,0,0,0,1,0,0,0,0,0,1,1,1,0,1,0,1,1,0,0,0,0,0,0,1,0,0,0,1,0,1,1,0,0,0,0,1,1,1,0,0,0,0,0,1,0,1,0,0,0,0,0,0,0,0,0,0,1,1,0,0,0,1,1,2,1,1,1,2,1,0,0,2,0,1,0,0,1,1,1,0,1,0,0,0,0,0,0,0,0,0,0,1,0,1,0,1,0,0,1,0,0,0,0,1,1,1,0,0,0,0,1,0,0,0,0,0,0,1,0,0,0,1,0,0,0,0,0,0,0,0,0,0,0,0,1,0,0,1,0,0,0,0,0,0,0,0,0,0,0,1,0,0,0,0,1,1,0,1,0,0,0,0,0,0,0,0,0,0,0,1,0,0,0,0,1,0,0,0,0,0,0,0,0,0,0,0,0,0,0,0,0,0,0,0,0,0,0,0,0,0,0,0,0,0,0,0,0,1,0,0,0,0,0,0,0,0,0,0,0,0,0,0,0,0,0,0,0,0,0,0,0,0,0,0,0,96,7
403,Male,0,3,534,17.6,2,2,0,2,1,2,1,2,2,0,2,1,0,0,1,1,0,0,1,1,1,0,1,0,1,1,1,0,0,0,0,0,0,0,1,0,0,0,1,0,0,1,1,0,1,0,0,0,1,0,0,0,1,1,0,1,0,2,1,0,2,1,0,1,1,1,1,2,1,1,0,1,1,0,1,0,0,0,1,0,1,1,1,0,2,0,2,0,0,0,0,1,1,1,1,1,0,0,1,1,1,1,1,0,1,1,1,1,0,1,0,1,1,1,1,1,1,0,1,0,1,1,0,0,0,1,1,1,0,2,0,2,1,0,1,1,1,1,1,1,0,1,1,0,1,1,1,0,0,0,0,1,0,1,1,1,1,0,0,0,1,0,1,0,1,1,0,1,1,1,0,1,1,0,0,0,0,0,0,0,0,1,0,0,1,1,1,0,0,0,0,0,1,1,1,0,1,0,1,1,0,0,0,1,0,0,1,0,0,0,1,0,1,1,1,1,0,0,1,1,1,0,0,0,1,0,1,0,1,0,0,0,0,0,0,0,0,0,0,1,1,0,0,0,1,1,2,1,1,1,2,1,0,0,2,1,1,1,0,1,1,1,0,1,1,1,0,1,0,0,1,0,0,0,1,0,1,0,1,0,0,1,0,0,0,0,1,1,1,0,0,0,1,1,0,0,1,1,0,1,1,0,0,1,1,0,0,0,0,0,0,0,0,0,0,0,0,1,0,1,1,1,1,0,0,1,1,1,1,1,1,0,1,1,1,0,0,1,1,0,1,0,1,0,0,0,0,1,0,0,0,0,1,1,0,0,0,1,0,0,0,0,0,0,0,0,0,0,0,0,0,0,0,0,0,0,0,0,0,0,0,0,0,0,0,0,0,0,0,2,1,0,0,0,0,0,0,0,0,0,0,1,0,0,0,0,0,0,0,0,0,0,0,0,0,0,0,0,188,18
403,Male,0,3,1061,34.9,2,2,0,2,2,2,1,2,2,2,2,2,2,2,2,2,2,2,2,2,2,2,2,2,2,2,2,2,2,0,2,2,2,2,2,2,2,2,2,2,2,2,2,2,2,2,2,2,2,2,2,2,2,2,2,2,2,2,2,2,2,2,2,2,2,2,2,2,2,2,2,2,2,2,2,2,2,0,1,2,2,2,2,2,2,2,2,2,2,2,2,2,2,2,2,2,2,2,2,2,2,2,2,2,2,2,2,2,2,2,2,2,2,2,2,2,2,2,2,2,2,2,2,2,2,2,2,2,2,2,2,2,2,2,2,2,2,2,2,2,2,2,2,2,2,2,2,0,2,2,0,2,2,2,2,2,2,2,2,0,2,2,2,2,2,2,2,2,2,2,2,2,2,2,2,2,2,2,2,2,2,2,2,2,2,2,2,2,2,2,2,2,2,2,2,2,2,2,2,2,2,2,2,2,2,2,2,2,2,2,2,2,2,2,2,2,2,2,2,2,2,2,2,2,2,2,2,2,2,2,2,2,2,2,2,2,2,2,2,2,2,2,2,2,2,2,2,2,2,2,2,2,2,2,2,2,2,2,2,2,2,2,2,2,2,2,2,2,2,2,2,2,2,2,2,2,2,2,2,2,2,2,2,2,2,2,2,2,2,2,2,2,2,2,2,2,2,2,2,2,2,2,2,2,2,2,2,2,2,2,2,2,2,2,2,2,2,2,2,2,2,2,2,2,2,2,2,2,2,2,2,2,2,2,2,2,2,2,2,2,2,2,2,2,2,2,2,2,2,2,2,2,2,2,2,2,2,2,2,2,2,2,2,2,2,2,2,2,2,2,2,2,2,2,2,2,2,2,2,2,2,2,2,2,2,2,2,2,2,2,2,2,2,2,2,2,2,2,2,2,2,2,2,2,2,2,2,2,2,2,2,2,2,2,2,2,2,2,412,410
409,Male,0,2,286,9.4,2,0,0,0,0,0,0,0,0,0,0,0,0,0,0,0,0,0,0,0,0,0,0,0,0,0,0,0,0,0,0,0,0,0,0,0,0,0,0,0,0,0,0,0,0,0,0,0,0,0,0,0,0,0,0,0,0,0,0,0,0,0,0,0,0,0,0,0,0,0,0,0,0,0,0,0,0,0,0,0,0,0,0,0,1,0,1,0,0,0,0,0,0,0,0,0,0,0,0,0,0,0,0,0,0,0,0,0,0,0,0,0,0,0,0,0,0,0,0,0,0,0,0,0,0,0,0,0,0,0,0,0,0,0,0,0,0,0,0,0,0,0,0,0,0,0,0,0,0,0,0,0,0,0,0,0,0,0,0,0,0,0,0,0,0,0,0,0,0,0,0,0,0,0,0,0,0,0,0,0,0,0,0,0,0,0,0,0,0,0,0,0,0,0,0,1,0,0,0,0,0,0,0,0,0,0,0,0,0,0,0,0,0,0,0,0,0,0,0,0,0,0,0,0,0,0,0,0,2,0,0,0,0,0,0,0,0,0,0,0,0,0,0,0,0,0,1,0,0,0,0,0,0,0,0,0,1,0,0,0,0,0,0,0,0,0,0,0,0,0,0,0,0,0,0,0,0,0,0,0,0,0,0,0,0,0,0,0,0,0,0,0,0,0,0,0,0,0,0,0,0,0,0,0,0,0,0,0,0,0,0,0,0,0,0,0,0,0,0,0,0,0,0,0,0,0,0,0,0,0,0,0,0,0,0,0,0,0,0,0,0,0,0,0,0,0,0,0,0,0,0,0,0,0,0,0,0,0,0,0,0,0,0,0,0,0,0,0,0,0,0,0,0,0,0,0,0,0,0,0,0,0,0,0,0,0,0,0,0,0,0,0,0,0,0,0,0,0,0,0,0,0,0,0,0,0,0,0,0,0,0,0,0,0,0,0,0,0,5,2
409,Male,0,2,617,20.3,0,2,0,0,1,1,1,2,0,0,2,1,0,0,0,0,0,0,1,1,1,0,1,0,1,1,1,0,1,0,1,0,0,0,1,0,0,0,1,0,0,1,0,0,0,0,0,0,0,0,0,0,1,2,0,1,0,2,0,0,1,0,0,1,2,1,1,1,1,0,0,0,2,0,2,1,0,0,1,0,1,0,0,0,1,0,1,1,1,1,0,0,0,1,0,1,0,0,1,1,1,1,1,1,1,1,1,1,0,1,0,1,1,1,1,0,0,0,1,0,2,1,0,0,0,1,0,1,0,2,0,1,1,0,1,2,1,1,1,0,1,1,0,0,1,1,0,0,0,0,0,0,0,1,1,1,0,0,0,0,0,0,0,0,0,1,0,0,0,0,0,0,0,0,0,0,0,0,0,0,0,0,0,0,0,0,1,0,0,0,0,1,0,0,0,1,0,0,0,1,0,0,0,0,0,0,0,0,0,0,1,0,0,0,0,0,0,0,1,1,1,0,0,0,0,0,0,0,2,0,0,0,0,0,0,0,0,0,0,2,2,0,0,1,2,1,1,1,0,0,0,1,1,1,1,0,1,0,0,1,1,1,0,0,0,0,0,0,0,0,0,0,0,0,1,0,1,0,0,0,0,1,0,0,0,1,0,0,0,0,0,0,0,0,0,1,0,1,0,0,0,0,0,0,0,0,0,0,0,0,0,0,0,0,0,0,0,0,0,0,0,0,0,0,0,0,0,0,0,0,0,0,2,0,0,0,0,0,0,0,0,0,0,0,0,0,0,1,0,0,0,0,1,0,0,0,0,0,0,0,2,0,0,0,0,0,0,0,1,0,0,0,0,0,1,0,0,0,0,0,1,0,0,0,0,0,0,0,0,0,0,0,0,0,0,0,0,0,0,0,0,0,0,0,0,0,0,0,0,0,0,0,0,0,0,0,0,0,115,17
410,Male,0,4,275,9,2,0,0,0,0,0,0,0,0,0,0,0,0,0,0,0,0,0,0,0,0,0,0,0,0,0,0,0,0,0,0,0,0,0,0,0,0,0,0,0,0,0,0,0,0,0,0,0,0,0,0,0,0,0,0,0,0,0,0,0,0,0,0,0,0,0,0,0,0,0,0,0,0,0,0,0,0,0,0,0,0,0,0,0,0,0,0,0,0,0,0,0,0,0,0,0,0,0,0,0,0,0,0,0,0,0,0,0,0,0,0,0,0,0,0,0,0,0,0,0,0,0,0,0,0,0,0,0,0,0,0,0,0,0,0,0,0,0,0,0,0,0,0,0,0,0,0,0,0,0,0,0,0,0,0,0,0,0,0,0,0,0,0,0,0,0,0,0,0,0,0,0,0,0,0,0,0,0,0,0,0,0,0,0,0,0,0,0,0,0,0,0,0,0,0,0,0,0,0,0,0,0,0,0,0,0,0,0,0,0,0,0,0,0,0,0,0,0,0,0,0,0,0,0,0,0,0,0,0,0,0,0,0,0,0,0,0,0,0,0,0,0,0,0,0,0,0,0,0,0,0,0,0,0,0,0,0,0,0,0,0,0,0,0,0,0,0,0,0,0,0,0,0,0,0,0,0,0,0,0,0,0,0,0,0,0,0,0,0,0,0,0,0,0,0,0,0,0,0,0,0,0,0,0,0,0,0,0,0,0,0,0,0,0,0,0,0,0,0,0,0,0,0,0,0,0,0,0,0,0,0,0,0,0,0,0,0,0,0,0,0,0,0,0,0,0,0,0,0,0,0,0,0,0,0,0,0,0,0,0,0,0,0,0,0,0,0,0,0,0,0,0,0,0,0,0,0,0,0,0,0,0,0,0,0,0,0,0,0,0,0,0,0,0,0,0,0,0,0,0,0,0,0,0,0,0,0,0,0,0,0,0,0,0,0,0,0,0,1,1
410,Male,0,4,373,12.3,2,0,0,0,0,0,0,0,0,0,0,0,0,0,0,0,0,0,1,0,0,0,0,0,0,0,0,0,0,0,0,0,0,0,0,0,0,0,0,0,0,0,0,0,0,0,0,0,0,0,0,0,0,0,0,0,0,0,0,0,0,0,0,0,0,0,0,0,0,0,0,0,0,0,0,0,0,0,0,0,0,0,0,0,0,0,1,0,0,0,0,0,0,0,0,0,0,0,0,0,0,0,0,0,0,0,0,0,0,0,0,0,0,0,0,0,0,0,0,0,0,0,0,0,0,0,0,0,0,0,0,0,0,0,0,0,0,0,0,0,0,0,0,0,0,0,0,0,0,0,0,0,0,0,0,0,0,0,0,0,0,0,0,0,0,0,0,0,0,0,0,0,0,0,0,0,0,0,0,0,0,0,0,0,0,0,0,0,0,0,0,0,0,0,0,0,0,0,0,0,0,0,0,0,0,0,0,0,0,0,0,0,0,0,0,0,0,0,0,0,0,0,0,0,0,0,0,0,0,0,0,0,0,0,0,0,0,0,0,2,0,0,0,0,0,0,0,0,0,0,0,0,0,0,1,0,0,0,0,0,0,0,0,2,0,0,0,0,0,0,0,0,0,0,0,0,0,0,0,0,0,0,0,0,0,0,0,0,0,0,0,0,0,0,0,0,0,0,0,0,0,0,0,0,0,0,0,0,0,0,0,0,0,0,0,0,0,0,0,0,0,0,0,0,0,0,0,0,0,0,0,0,0,0,0,0,0,0,0,0,0,0,0,0,0,0,0,0,0,0,0,0,0,0,0,0,0,0,0,0,0,0,0,0,0,0,0,0,0,0,0,0,0,0,0,0,0,0,0,0,0,0,0,0,0,0,0,0,0,0,0,0,0,0,0,0,0,0,0,0,0,0,0,0,0,0,0,0,0,0,0,0,0,0,0,0,0,0,6,3
410,Male,0,4,462,15.2,2,0,0,0,0,0,0,0,0,0,0,1,0,0,0,0,0,0,1,0,0,0,0,0,0,0,0,0,0,0,0,0,0,1,1,0,0,0,0,0,0,0,0,0,0,0,0,0,0,0,0,0,0,0,0,0,0,0,0,0,0,0,0,0,0,0,0,1,0,0,0,0,0,0,0,0,0,0,0,0,0,0,0,0,0,0,1,0,0,0,0,0,0,0,0,0,0,0,0,0,0,0,0,0,0,0,0,0,0,0,0,0,0,0,0,0,0,0,0,0,0,0,0,0,0,0,0,0,0,0,0,0,0,0,0,0,0,0,0,0,0,0,0,0,0,0,0,0,0,0,0,0,0,0,0,0,0,0,0,0,0,0,0,0,0,0,0,0,0,0,0,0,0,0,0,0,0,0,0,0,0,0,0,0,0,0,0,0,0,0,0,0,0,0,0,0,0,0,0,0,0,0,0,0,0,0,0,0,0,0,0,0,0,0,0,0,0,0,0,0,0,0,0,0,0,0,0,0,2,0,0,0,0,0,0,0,0,0,0,2,2,0,0,0,0,0,1,0,0,0,0,0,0,0,2,0,0,0,0,0,0,0,0,2,0,0,0,0,0,0,0,0,0,0,0,0,0,0,0,0,0,0,0,0,0,0,0,0,0,0,0,0,0,0,0,0,0,0,0,0,0,0,0,0,0,0,0,0,0,0,0,0,0,0,0,0,0,0,0,0,0,0,0,0,0,0,0,0,0,0,0,0,0,0,0,0,0,0,0,0,0,0,0,0,0,0,0,0,0,0,0,0,0,0,0,0,0,0,0,0,0,0,0,0,0,0,0,0,0,0,0,0,0,0,0,0,0,0,0,0,0,0,0,0,0,0,0,0,0,0,0,0,0,0,0,0,0,0,0,0,0,0,0,0,0,0,0,0,0,0,0,0,0,0,0,0,0,0,13,6
410,Male,0,4,499,16.4,2,0,0,0,0,0,0,0,0,0,0,1,0,0,0,0,0,0,1,0,0,0,0,0,0,0,0,0,0,0,0,0,0,1,1,0,0,0,0,0,0,0,0,0,0,0,0,0,0,0,0,0,0,0,0,0,0,0,0,0,0,0,0,0,0,0,0,1,0,0,0,0,0,0,0,0,0,0,0,0,0,0,0,0,0,0,1,0,0,0,0,0,0,0,0,0,0,0,0,0,0,0,0,0,0,0,0,0,0,0,0,0,0,0,0,0,0,0,0,0,0,0,0,0,0,0,0,0,0,0,0,0,0,0,0,0,0,0,0,0,0,0,0,0,0,0,0,0,0,0,0,0,0,0,0,0,0,0,0,0,0,0,0,0,0,0,0,0,0,0,0,0,0,0,0,0,0,0,0,0,0,0,0,0,0,0,0,0,0,0,0,0,0,0,0,0,0,0,0,0,0,0,0,0,0,0,0,0,0,0,0,0,0,0,0,0,0,0,0,0,0,0,0,0,0,0,0,0,2,0,0,0,0,0,0,0,0,0,0,2,2,0,0,0,0,0,1,0,0,0,0,0,0,0,2,0,0,0,0,0,0,0,0,2,0,0,0,0,0,0,0,0,0,0,0,0,0,0,0,0,0,0,0,0,0,0,0,0,0,0,0,0,0,0,0,0,0,0,0,0,0,0,0,0,0,0,0,0,0,0,0,0,0,0,0,0,0,0,0,0,0,0,0,0,0,0,0,0,0,0,0,0,0,0,0,0,0,0,0,0,0,0,0,0,0,0,0,0,0,0,0,0,0,0,0,0,0,0,0,0,0,0,0,0,0,0,0,0,0,0,0,0,0,0,0,0,0,0,0,0,0,0,0,0,0,0,0,0,0,0,0,0,0,0,0,0,0,0,0,0,0,0,0,0,0,0,0,0,0,0,0,0,0,0,0,0,0,0,13,6
411,Male,0,2,532,17.5,0,0,0,0,0,2,0,0,1,0,0,1,0,0,0,0,0,0,0,0,1,0,1,0,0,0,0,0,0,0,1,0,0,0,1,0,0,0,1,0,0,0,0,0,0,0,0,1,0,1,0,0,1,2,1,0,1,1,0,0,1,1,0,0,1,1,0,1,1,0,0,0,0,0,1,0,0,0,1,0,0,1,0,0,1,0,1,1,0,0,0,0,0,0,1,1,0,1,1,1,1,1,1,1,1,1,1,1,0,1,0,1,1,1,1,1,0,0,1,0,0,0,0,1,1,1,0,0,0,1,0,1,1,0,1,0,1,1,0,0,1,1,0,0,1,1,0,0,0,0,0,0,0,0,0,1,1,0,0,0,0,0,0,0,0,0,0,0,0,0,0,1,0,0,0,0,0,0,0,0,0,1,0,0,0,0,0,1,0,0,0,0,0,1,0,1,1,0,0,1,0,0,0,1,0,0,0,0,0,1,0,0,1,0,0,0,0,0,1,1,1,1,0,0,1,0,0,0,2,0,0,0,0,0,0,1,1,0,0,2,1,0,0,0,1,1,1,1,1,1,1,1,1,1,1,1,1,1,1,1,1,1,0,1,0,1,0,0,0,0,0,0,1,0,1,0,1,0,1,0,0,1,0,1,0,1,0,1,0,0,0,0,0,0,0,1,0,1,0,0,1,1,0,1,1,1,1,0,1,1,0,1,0,0,1,1,1,1,1,1,1,1,0,0,0,1,1,1,1,0,1,0,1,1,0,0,0,0,1,0,1,0,1,1,1,0,0,1,1,0,1,0,1,1,0,0,0,1,0,0,0,0,0,0,0,1,0,1,1,0,0,0,0,0,0,1,0,0,0,1,1,0,0,0,0,0,0,0,0,0,0,0,0,0,1,0,0,0,0,0,0,0,0,0,0,0,0,0,1,1,0,0,0,0,0,0,0,0,156,4
411,Male,0,2,816,26.8,2,2,2,2,2,2,2,2,2,2,2,2,1,1,1,1,1,1,1,1,1,0,1,1,1,1,1,1,1,1,1,1,0,1,1,1,1,0,1,0,1,1,1,0,1,0,1,1,1,1,1,1,1,2,1,1,1,1,1,1,1,1,1,1,1,1,1,1,1,1,1,1,1,1,1,1,1,0,2,1,1,1,1,1,1,1,1,1,1,1,1,1,2,1,1,1,1,1,1,1,1,1,1,1,1,1,1,1,1,1,1,1,1,1,1,1,1,1,1,1,1,1,1,1,1,1,1,1,1,1,1,1,1,1,1,1,1,1,1,1,1,1,1,1,1,1,1,0,1,1,0,1,1,1,1,1,1,1,1,0,1,1,1,1,1,1,1,1,1,1,1,2,1,1,1,1,0,1,1,1,1,1,1,1,1,1,1,1,1,1,1,1,0,1,1,1,1,1,1,1,1,1,1,1,1,1,1,1,1,1,1,1,1,1,1,1,0,1,1,1,1,1,1,1,1,1,0,1,2,0,1,1,1,0,1,1,1,1,1,2,1,1,0,1,1,1,2,1,1,1,2,1,1,1,2,1,1,2,2,2,2,1,1,2,1,1,1,1,1,1,1,1,1,1,1,1,1,1,1,1,1,1,1,1,1,1,1,1,2,1,1,1,1,1,1,1,1,1,1,1,1,1,1,1,1,1,1,1,1,1,1,1,1,1,1,1,1,1,1,1,1,1,1,1,1,1,1,1,1,1,1,1,2,1,1,1,2,1,1,1,1,1,1,1,1,1,1,1,1,1,1,1,1,1,1,1,1,1,1,1,1,1,1,1,1,1,1,1,1,1,1,1,1,1,1,1,1,1,1,1,1,1,1,1,1,1,1,1,1,1,1,1,1,1,1,1,1,1,1,1,1,1,1,1,2,1,2,1,1,1,1,1,1,1,1,1,1,1,401,31
413,Male,0,5,263,8.6,0,0,0,0,0,0,0,0,0,0,0,0,0,0,0,0,0,0,0,0,0,0,0,0,0,0,0,0,0,0,0,0,0,0,0,0,0,0,0,0,0,0,0,0,0,0,0,0,0,0,0,0,0,0,0,0,0,0,0,0,0,0,0,0,0,0,0,0,0,0,0,0,0,0,0,0,0,0,0,0,0,0,0,0,0,0,0,0,0,0,0,0,0,0,0,0,0,0,0,0,0,0,0,0,0,0,0,0,0,0,0,0,0,0,0,0,0,0,0,0,0,0,0,0,0,0,0,0,0,0,0,0,0,0,0,0,0,0,0,0,0,0,0,0,0,0,0,0,0,0,0,0,0,0,0,0,0,0,0,0,0,0,0,0,0,0,0,0,0,0,0,0,0,0,0,0,0,0,0,0,0,0,0,0,0,0,0,0,0,0,0,0,0,0,0,0,0,0,0,0,0,0,0,0,0,0,0,0,0,0,0,0,0,0,0,0,0,0,0,0,0,0,0,0,0,0,0,0,2,0,0,0,0,0,0,0,0,0,0,0,0,0,0,0,0,0,0,0,0,0,0,0,0,0,0,0,0,0,0,0,0,0,0,0,0,0,0,0,0,0,0,0,0,0,0,0,0,0,0,0,0,0,0,0,0,0,0,0,0,0,0,0,0,0,0,0,0,0,0,0,0,0,0,0,0,0,0,0,0,0,0,0,0,0,0,0,0,0,0,0,0,0,0,0,0,0,0,0,0,0,0,0,0,0,0,0,0,0,0,0,0,0,0,0,0,0,0,0,0,0,0,0,0,0,0,0,0,0,0,0,0,0,0,0,0,0,0,0,0,0,0,0,0,0,0,0,0,0,0,0,0,0,0,0,0,0,0,0,0,0,0,0,0,0,0,0,0,0,0,0,0,0,0,0,0,0,0,0,0,0,0,0,0,0,0,0,0,0,0,1
413,Male,0,5,368,12.1,2,0,0,0,0,0,0,0,0,0,0,0,0,0,0,0,0,0,0,0,0,0,0,0,0,0,0,0,0,0,0,0,0,0,0,0,0,0,0,0,0,0,0,0,0,0,0,0,0,0,0,0,0,0,0,0,0,0,0,0,0,0,0,0,0,1,0,0,0,0,0,0,0,0,0,0,0,0,0,0,0,0,0,0,0,0,0,0,0,0,0,0,0,0,0,0,0,0,0,0,0,0,0,0,0,0,0,0,0,0,0,0,0,0,0,0,0,0,0,0,0,0,0,0,0,0,0,0,0,0,0,0,0,0,0,0,0,0,0,0,0,0,0,0,0,0,0,0,0,0,0,0,0,0,0,0,0,0,0,0,0,0,0,0,0,0,0,0,0,0,0,0,0,0,0,0,0,0,0,0,0,0,0,0,0,0,0,0,0,0,1,0,0,0,0,2,0,0,0,0,0,0,0,0,0,0,0,0,0,0,0,0,0,0,0,0,0,0,0,0,1,0,0,0,1,0,0,0,2,0,0,0,0,0,0,0,0,0,0,2,1,0,0,0,0,1,0,1,0,1,0,0,0,0,0,0,1,0,0,0,0,0,0,1,0,0,0,0,0,0,0,0,0,0,0,0,0,0,0,0,0,0,0,0,0,0,0,0,0,0,0,0,0,0,0,0,0,0,0,0,0,0,0,0,1,0,0,0,0,0,0,0,0,0,0,0,0,1,0,0,0,0,0,0,0,0,0,0,0,0,0,0,0,0,0,0,0,0,0,0,0,0,0,0,0,0,0,0,0,0,0,0,0,0,0,0,0,0,0,0,0,0,0,0,0,0,0,0,0,0,0,0,0,0,0,0,0,0,0,0,1,0,0,0,0,0,0,0,0,0,0,0,0,0,0,0,0,0,0,0,0,0,0,0,0,0,0,0,0,0,0,0,0,0,0,0,0,0,17,4
413,Male,0,5,438,14.4,2,0,0,0,0,0,0,0,1,0,0,2,0,0,0,0,0,0,0,0,0,0,0,0,0,0,0,0,0,0,0,0,0,0,0,0,0,0,0,0,0,1,1,0,0,0,0,0,0,0,0,0,0,0,0,0,0,0,0,0,1,0,0,0,0,1,0,1,0,1,0,1,0,0,0,0,0,0,0,0,0,1,0,0,0,0,1,0,0,0,0,0,0,0,0,0,0,0,1,0,0,0,0,1,0,0,1,1,0,0,0,1,0,1,1,0,0,0,0,0,0,0,0,0,0,1,0,0,0,0,0,0,0,0,0,0,0,0,0,0,0,0,0,0,1,0,0,0,0,0,0,0,0,1,0,0,0,0,0,0,0,0,0,0,0,0,0,0,1,0,0,0,0,0,0,0,0,0,0,0,0,0,0,0,0,0,1,0,0,0,1,0,0,0,0,1,0,0,0,0,0,0,0,0,0,0,0,0,0,0,0,0,0,0,0,0,0,0,0,0,1,0,0,0,1,0,0,0,2,0,0,0,0,0,0,0,0,0,0,2,2,0,0,0,0,1,2,1,0,1,0,0,0,0,2,0,1,0,0,0,1,0,0,1,0,0,0,0,0,0,0,0,0,0,1,0,0,0,0,0,0,0,0,0,0,0,0,0,0,0,0,0,0,0,0,0,0,1,0,0,0,0,0,0,1,0,0,0,0,0,0,0,0,0,0,0,0,1,1,1,1,0,0,0,0,0,1,0,0,0,0,0,1,0,0,0,0,0,1,0,0,0,1,0,0,0,0,0,0,0,0,0,0,0,0,0,0,0,0,0,0,0,0,0,0,0,0,0,0,0,0,0,0,0,0,0,0,0,0,0,1,0,0,0,0,0,0,0,0,0,0,0,0,0,0,0,0,0,0,0,0,0,0,0,0,0,0,0,0,0,0,0,0,0,0,0,0,0,51,7
413,Male,0,5,486,16,2,0,0,1,1,0,1,0,1,0,0,2,0,0,0,0,0,0,1,0,1,0,0,0,0,0,0,0,0,0,0,0,0,0,0,0,0,0,0,0,0,1,1,0,0,0,0,0,0,0,0,0,1,1,0,1,1,2,0,0,1,0,0,0,1,1,0,1,0,1,0,1,0,0,1,0,0,0,1,0,0,1,0,0,0,0,1,0,1,1,0,0,0,1,0,0,0,0,1,0,0,0,1,1,0,0,1,1,0,0,0,1,0,1,1,1,0,0,1,0,0,1,0,0,0,1,0,1,0,0,0,0,0,0,1,0,1,1,0,0,0,1,0,0,1,0,1,0,0,0,0,0,0,1,0,0,0,0,0,0,0,0,0,0,0,0,0,0,1,0,0,1,1,0,0,0,0,0,0,0,0,1,0,0,0,0,1,1,0,0,1,0,0,0,0,2,0,0,0,0,0,0,0,0,0,0,0,0,0,0,0,0,0,0,0,0,0,0,1,0,1,0,0,0,1,0,0,0,2,0,0,0,0,0,0,0,0,0,0,2,2,0,0,0,1,1,2,1,0,1,0,0,1,0,2,0,1,0,0,1,1,1,0,1,0,0,0,0,0,0,0,0,0,0,1,0,0,0,0,0,0,1,1,0,0,0,0,0,0,0,0,0,0,0,0,0,0,1,0,0,0,0,0,0,1,0,0,0,0,0,0,0,0,0,0,0,0,1,1,1,1,0,0,0,0,1,1,0,1,0,0,0,1,0,0,0,0,0,1,0,1,0,1,0,0,0,0,1,1,0,0,0,0,0,0,0,0,0,0,0,0,0,0,0,0,0,0,1,1,0,0,0,1,0,0,0,0,0,0,0,1,0,0,0,0,0,0,0,0,0,0,0,0,0,1,0,0,0,1,1,0,0,0,1,0,0,1,1,1,0,0,0,0,0,0,0,0,0,103,9
413,Male,0,5,543,17.9,2,0,0,1,1,0,1,0,2,2,0,2,0,0,0,1,0,0,1,1,1,0,0,0,0,0,1,0,0,0,0,0,0,0,0,0,1,0,0,0,0,1,1,0,0,0,0,0,0,0,1,0,1,1,0,1,1,2,0,1,1,1,0,0,1,1,0,1,0,1,0,1,0,0,1,1,1,0,1,0,0,1,0,0,0,0,1,0,1,1,0,0,0,1,0,0,0,0,1,1,0,1,1,1,0,0,1,1,0,0,0,1,0,1,1,1,0,0,1,0,1,1,0,0,0,1,0,1,0,1,0,1,0,0,1,0,1,1,0,0,0,1,0,0,1,0,1,0,0,0,0,0,0,1,0,0,0,0,0,0,0,0,1,0,0,0,0,0,1,0,0,1,1,0,0,0,0,0,0,0,0,1,0,0,0,0,1,1,0,0,1,0,0,0,0,1,0,0,0,0,0,0,0,0,0,0,0,0,0,0,0,0,0,0,0,0,0,0,1,0,1,0,0,0,1,0,0,0,2,0,0,0,0,0,0,0,0,0,0,2,2,0,0,0,1,1,2,1,1,1,0,1,1,1,2,0,1,0,0,1,1,1,1,1,0,0,0,0,0,0,0,0,0,0,1,0,0,0,0,0,0,1,1,0,0,0,0,0,0,0,0,0,0,0,0,0,0,1,0,0,1,0,0,1,1,0,0,0,0,0,0,0,0,0,0,0,0,1,1,1,1,0,0,0,0,1,1,0,1,0,0,0,1,0,0,0,0,0,1,0,1,0,1,0,0,0,0,1,1,0,0,0,0,0,0,0,0,1,0,0,0,0,0,0,0,0,0,1,1,0,0,0,1,0,0,0,0,0,0,0,1,0,0,0,0,0,0,0,0,0,0,0,0,0,1,0,0,0,1,1,0,0,0,1,0,0,1,1,1,0,0,0,0,0,0,0,0,0,126,10
414,Male,0,4,622,20.4,0,2,0,2,0,0,0,0,2,2,0,2,0,0,0,1,1,0,1,0,0,0,1,0,0,0,0,0,0,0,0,0,0,0,0,0,0,0,0,0,0,0,0,0,0,0,0,1,1,1,1,1,1,1,0,0,1,2,0,0,1,2,0,0,0,1,1,1,1,0,0,1,1,0,0,0,0,0,1,0,0,0,1,1,1,0,1,0,0,0,0,0,0,1,0,0,0,0,0,0,0,0,0,0,1,1,1,0,0,0,0,0,0,0,0,0,0,0,1,0,1,1,0,0,1,1,0,0,0,1,0,1,1,0,2,1,1,1,1,0,1,2,0,0,0,0,0,0,0,1,0,0,0,1,0,1,1,0,1,0,0,1,1,0,1,1,0,0,0,0,1,1,1,0,0,1,0,1,0,1,0,1,0,0,1,0,1,1,0,1,1,0,1,1,0,0,0,0,0,1,0,0,0,0,1,0,0,0,0,0,0,0,0,0,0,1,0,1,1,1,1,0,0,0,1,0,0,0,2,0,0,0,0,1,0,2,0,0,0,2,2,0,0,0,2,0,2,0,1,2,0,0,0,2,1,0,2,2,1,1,2,1,0,2,1,1,0,1,0,0,1,2,0,0,1,0,1,0,1,0,1,0,0,0,0,0,1,1,1,0,0,0,1,1,0,2,0,1,0,0,1,0,0,1,1,0,0,0,1,1,1,0,0,0,0,1,1,1,1,1,1,0,0,0,0,1,1,1,1,0,1,0,2,0,0,0,0,1,1,1,1,0,1,0,1,0,0,1,2,0,0,0,1,1,1,0,1,1,1,0,0,0,0,1,1,1,0,1,1,1,0,0,0,0,1,1,0,0,0,0,0,0,0,0,0,0,0,0,1,0,2,0,1,1,1,0,0,0,1,1,0,1,1,0,0,0,1,0,2,0,2,0,0,0,0,0,0,0,167,28
414,Male,0,4,642,21.1,1,2,0,2,2,0,0,0,2,2,1,0,0,0,0,1,1,0,1,0,0,0,1,0,1,0,1,0,0,0,1,1,0,0,1,0,1,0,0,0,0,0,0,0,0,0,0,1,0,1,1,0,1,1,0,0,1,2,1,1,1,1,1,0,1,1,1,2,1,0,0,1,1,0,0,0,1,0,1,0,0,1,1,1,1,0,1,0,0,1,1,0,0,1,0,0,0,0,1,1,1,1,1,0,1,1,1,1,0,0,0,1,0,1,1,1,1,0,1,0,1,1,0,0,1,1,0,0,0,1,0,1,1,0,2,1,1,1,1,0,1,2,0,0,0,0,0,0,0,1,0,0,0,1,0,1,1,0,1,0,0,1,1,0,1,1,0,0,0,0,1,1,1,0,0,1,0,1,0,1,0,1,0,0,1,0,1,1,0,1,1,0,1,1,0,0,0,0,0,1,0,0,0,0,1,0,0,0,0,0,0,0,0,0,0,1,0,1,1,1,1,0,0,0,1,0,0,0,2,0,0,0,0,1,0,2,0,0,0,2,2,0,0,0,2,1,2,0,1,2,0,0,0,2,1,0,2,2,1,1,2,1,0,2,1,1,0,1,0,0,1,2,0,0,1,0,1,0,1,0,1,0,0,0,0,0,1,1,1,0,0,0,1,1,0,2,0,1,0,0,1,0,0,1,1,0,0,0,1,1,1,0,0,0,0,1,1,1,1,1,1,0,0,0,0,1,1,1,1,0,1,0,2,0,0,0,0,1,1,1,1,0,1,0,1,0,0,1,2,0,0,0,1,1,1,0,1,1,1,0,0,0,0,1,1,1,0,1,1,1,0,0,0,0,1,1,0,0,0,0,0,0,0,0,0,0,0,0,1,0,2,0,1,1,1,0,0,0,1,1,0,1,1,0,0,0,1,0,2,0,2,0,0,0,0,0,0,0,193,28
414,Male,0,4,648,21.3,1,2,0,2,2,0,1,2,2,2,2,2,1,0,1,2,1,0,2,0,1,0,2,0,1,0,2,1,0,0,1,1,0,1,1,0,1,0,1,0,1,1,1,0,0,0,0,2,2,1,2,1,2,2,1,1,2,2,1,1,2,2,1,0,1,2,1,2,1,1,0,2,1,2,0,0,2,0,1,0,0,1,2,1,2,0,1,0,2,2,1,0,1,1,0,0,0,0,1,1,1,1,1,0,2,1,1,1,0,0,0,1,0,1,1,1,1,0,1,0,1,2,0,0,1,1,0,1,0,2,0,1,1,0,2,1,1,1,1,0,1,2,0,0,0,1,1,0,0,1,0,1,1,1,1,2,1,0,1,0,1,1,1,0,1,1,0,1,1,1,1,1,1,0,1,1,0,1,0,2,0,1,0,0,2,0,1,1,0,1,1,0,1,1,0,0,0,0,0,1,0,1,0,1,1,0,0,0,0,1,0,0,1,0,0,1,0,1,1,1,1,0,0,0,2,0,0,0,2,0,0,0,0,1,0,2,0,0,0,2,2,0,0,0,2,1,2,0,1,2,2,0,1,2,2,0,2,2,1,1,2,1,0,2,1,1,0,1,1,0,1,2,0,0,1,0,1,1,1,0,1,0,0,0,1,1,1,1,1,0,0,0,1,1,0,2,0,2,0,0,1,0,0,1,1,1,1,1,1,1,1,0,0,1,0,1,1,1,1,1,1,0,0,0,0,1,2,1,1,1,1,0,2,0,1,0,0,1,1,1,1,0,2,0,2,0,0,1,2,0,0,0,1,1,1,0,1,1,1,0,0,0,0,1,1,1,0,1,1,2,0,0,0,0,1,1,0,0,0,0,1,0,0,0,0,0,0,0,1,0,2,0,1,1,1,0,0,0,1,1,0,1,1,1,1,1,1,0,2,0,2,1,0,0,0,0,0,0,245,65
414,Male,0,4,828,27.2,2,2,0,2,2,2,2,2,2,2,2,2,1,2,1,2,2,1,2,2,2,0,2,1,2,1,2,1,1,0,2,1,1,2,2,1,1,1,2,2,1,2,1,2,1,0,1,2,2,2,2,2,2,2,2,2,2,2,2,2,2,2,2,1,2,2,2,2,2,2,2,2,2,2,2,2,2,2,2,1,1,2,2,2,2,1,2,2,2,2,2,2,2,2,1,1,1,1,2,2,1,1,2,1,2,2,2,2,1,1,0,2,1,1,2,1,2,1,2,1,1,2,1,1,1,2,1,1,1,2,1,2,1,1,2,1,2,1,2,1,1,2,1,0,1,2,1,0,0,2,0,2,1,2,2,2,1,2,1,0,2,2,2,2,1,2,0,1,2,1,1,2,1,0,1,2,1,2,1,2,1,1,1,1,2,2,1,1,1,1,1,1,1,1,0,0,2,1,0,1,0,2,0,2,1,1,1,1,1,2,1,1,2,1,0,1,1,1,2,2,1,1,0,0,2,1,0,0,2,0,0,0,1,1,0,2,2,0,0,2,2,0,1,0,2,2,2,2,2,2,2,2,2,2,2,0,2,2,1,2,2,1,1,2,1,1,2,1,1,1,1,2,0,1,2,1,2,2,2,0,1,2,0,1,1,1,1,1,2,1,1,2,1,2,0,2,1,2,0,1,2,1,0,2,2,1,1,1,2,1,1,1,1,1,1,2,2,2,1,2,1,1,1,1,0,2,2,2,1,1,1,1,2,2,1,1,0,2,2,1,2,2,2,0,2,0,0,2,2,2,0,0,2,2,2,0,1,2,1,0,2,2,0,1,2,1,2,1,1,2,2,1,1,1,1,1,1,0,1,1,1,1,1,1,1,0,0,0,1,0,2,0,2,1,1,0,1,1,2,2,1,2,2,2,1,1,2,0,2,0,2,1,0,1,1,1,1,1,361,191
416,Male,0,2,482,15.8,1,1,1,1,1,1,1,1,0,1,1,1,0,0,1,1,1,1,1,1,1,0,1,0,1,1,1,1,1,0,1,0,0,1,1,1,1,1,1,0,0,1,1,1,1,0,1,1,1,1,1,1,1,2,1,1,1,1,1,0,1,1,0,0,1,1,0,1,1,0,0,0,0,0,0,0,0,0,1,0,1,0,0,0,1,0,1,0,0,0,0,0,0,0,0,0,0,0,1,1,0,1,0,1,1,1,0,0,0,0,0,1,0,0,1,1,0,0,1,0,1,0,0,0,0,1,0,1,0,1,0,1,1,0,1,0,1,1,1,0,1,1,1,1,0,0,0,0,1,0,0,0,0,1,1,1,1,0,0,0,1,0,1,1,0,0,0,0,1,0,1,0,0,0,0,0,1,1,0,1,0,1,0,0,0,0,1,0,0,0,0,0,0,0,0,1,0,0,0,1,0,0,0,1,0,0,0,0,0,0,0,0,0,0,0,0,0,0,0,0,1,0,0,0,0,0,0,0,2,0,0,0,0,0,0,1,0,0,0,2,2,0,0,0,1,0,1,0,1,0,1,0,0,1,1,0,1,0,0,0,1,0,0,1,1,0,0,1,0,0,0,0,0,0,1,0,0,0,1,0,0,0,0,0,1,0,1,1,1,0,0,1,1,1,0,0,0,0,0,0,1,0,0,0,1,0,1,0,1,0,0,0,0,0,1,0,0,0,0,1,0,0,0,0,0,0,1,1,1,0,0,0,1,0,0,0,0,0,1,0,0,0,1,0,0,0,0,1,1,0,0,0,1,0,0,0,0,1,0,0,0,1,0,0,0,0,0,0,0,1,0,0,0,0,1,0,0,0,0,0,0,0,0,0,0,0,0,0,0,0,1,0,0,0,1,0,1,0,0,0,0,1,1,1,1,1,1,0,1,0,0,0,0,0,0,0,0,0,154,4
416,Male,0,2,581,19.1,1,2,1,2,2,2,2,2,2,2,2,2,1,2,2,1,1,1,2,2,2,0,2,1,2,2,1,2,1,1,1,1,1,1,1,1,1,1,1,1,1,1,1,1,1,1,2,2,2,1,2,2,2,2,1,1,2,2,2,1,2,2,1,2,2,1,1,2,2,2,0,2,1,0,2,1,2,0,2,2,2,1,1,1,2,0,2,1,2,2,1,1,1,2,1,2,0,1,2,2,1,2,2,1,1,2,2,2,2,1,2,2,2,1,1,1,1,2,1,0,1,2,1,1,1,1,1,1,0,2,1,2,1,1,1,1,2,1,1,1,1,1,1,1,0,1,1,0,1,1,0,1,1,1,1,1,1,2,1,0,1,2,2,2,1,1,0,1,1,2,1,1,1,0,1,2,1,2,1,2,1,1,0,2,1,1,1,1,1,2,1,2,0,2,1,1,1,1,1,2,0,2,0,2,0,1,0,1,2,1,1,1,1,1,1,1,0,1,2,1,1,1,1,1,1,1,0,0,2,1,0,0,1,0,1,1,1,1,1,2,2,0,0,0,1,1,1,1,1,1,1,1,1,1,2,0,1,2,0,0,2,1,0,2,1,1,1,1,1,0,1,1,0,1,2,0,1,1,2,1,1,1,1,1,1,1,1,1,1,1,1,1,1,1,0,0,1,1,0,1,1,1,0,1,1,1,1,1,1,1,1,1,1,1,1,1,1,1,1,1,1,0,1,1,0,1,1,2,1,1,1,0,2,1,1,1,1,1,1,1,1,0,1,1,1,1,0,1,1,1,1,1,2,1,1,1,1,1,1,0,0,1,1,0,1,1,0,1,1,1,1,0,1,1,1,1,1,1,1,1,1,1,1,0,0,0,0,0,1,1,1,0,2,1,1,0,1,1,1,1,1,1,2,2,2,1,1,0,1,0,2,0,0,0,1,1,0,1,355,98
418,Female,0,2,548,18,0,0,0,2,0,0,1,0,0,0,0,2,0,0,0,0,0,0,2,0,0,0,2,0,1,0,0,0,0,0,0,0,0,0,0,0,0,0,0,0,0,0,0,0,0,0,0,0,0,0,0,0,0,1,0,1,0,1,1,0,2,1,1,1,1,1,1,1,2,1,0,1,1,1,1,1,1,0,1,0,1,1,0,0,2,0,1,1,1,1,1,1,2,1,2,0,1,0,0,1,0,0,1,1,0,1,1,0,0,1,0,2,0,1,1,1,0,0,1,1,0,2,0,0,0,1,0,1,0,1,0,2,0,0,1,1,1,1,0,0,1,1,0,0,0,1,1,0,1,0,0,1,0,1,1,1,0,0,0,0,0,0,0,0,0,0,0,0,0,0,0,1,1,0,0,0,0,0,0,0,0,1,0,0,2,1,2,1,0,0,1,0,0,0,0,2,0,0,0,1,0,1,0,0,1,0,0,0,0,1,0,0,0,0,0,1,0,0,0,0,1,0,0,1,1,0,0,0,2,0,0,0,0,1,0,1,1,0,0,2,1,0,0,1,1,1,1,1,1,1,2,1,1,1,1,0,1,0,1,1,1,0,0,1,1,0,0,0,0,0,0,0,0,1,1,0,1,1,0,0,1,1,0,0,1,0,1,1,0,0,0,1,1,1,0,0,0,1,0,0,1,0,0,1,1,0,0,0,0,0,0,1,0,0,0,1,0,1,1,1,1,0,0,0,0,0,1,1,1,1,1,0,1,0,0,0,0,0,1,0,1,0,1,0,0,0,0,1,0,0,0,0,0,1,0,0,0,1,0,0,0,0,0,0,0,1,0,1,0,1,0,0,0,0,1,0,0,0,0,0,0,0,0,0,0,0,0,0,0,0,2,0,0,0,0,0,0,0,0,0,0,0,0,0,0,0,0,0,0,0,0,0,0,0,0,0,0,0,150,19
418,Female,0,2,848,27.9,2,2,0,2,2,2,2,2,2,0,2,2,0,0,0,2,2,0,2,0,1,0,2,0,2,1,1,2,0,0,2,1,0,1,1,1,0,0,1,0,2,0,2,0,0,0,0,0,2,2,2,2,1,1,1,2,2,2,2,0,2,2,2,2,2,2,2,2,2,2,0,2,2,2,2,2,2,1,2,0,2,2,0,0,2,0,2,2,2,2,1,2,2,2,2,2,2,2,2,2,1,2,2,1,1,2,2,2,2,1,0,2,2,2,2,1,2,1,2,1,1,2,0,2,1,2,1,1,0,2,1,2,2,0,2,1,2,1,1,1,1,1,1,0,1,1,2,0,2,1,0,2,1,2,2,2,1,1,1,0,2,2,1,2,0,2,0,1,1,2,1,2,2,1,0,2,2,1,1,1,1,2,0,0,2,2,2,2,2,0,1,2,0,1,0,2,2,0,0,2,0,2,0,2,1,1,0,1,0,1,1,0,2,1,0,2,0,0,2,2,1,0,1,2,2,2,0,0,2,2,1,0,0,2,2,2,2,0,0,2,2,0,1,1,2,2,2,2,1,2,2,2,1,2,2,0,1,2,2,2,2,0,1,2,1,0,1,1,0,0,1,1,1,2,2,0,2,1,1,1,1,2,2,0,1,2,1,1,1,0,0,2,2,2,1,1,1,1,0,2,2,1,0,1,2,1,2,0,2,1,2,1,0,2,0,2,1,2,1,1,2,0,0,0,0,1,1,2,1,1,1,1,2,1,1,1,2,1,1,0,2,0,1,1,1,2,0,1,1,2,2,0,2,1,0,0,1,1,1,0,0,1,0,2,0,1,0,1,1,1,2,0,0,0,1,0,0,0,0,0,0,1,0,0,0,0,0,0,0,2,2,2,0,0,0,0,0,0,1,1,1,1,1,1,0,0,1,0,0,0,0,0,0,0,0,0,0,0,293,168
420,Female,0,3,552,18.1,1,1,0,2,1,2,2,0,2,2,2,2,1,0,1,1,2,0,1,0,1,0,2,0,0,2,0,0,2,0,1,0,0,2,2,0,0,0,2,0,0,0,1,0,2,0,0,1,1,2,1,1,2,2,0,2,0,2,2,2,2,1,2,0,0,2,2,2,2,0,0,0,2,1,1,1,2,0,1,0,0,2,0,0,2,2,2,2,2,2,2,2,1,2,1,1,0,1,2,2,1,1,0,2,1,1,2,0,0,1,0,2,1,1,2,0,0,1,2,2,1,2,0,2,0,2,0,1,0,2,0,2,1,1,2,1,2,1,1,1,2,1,1,0,2,1,1,0,2,1,0,2,0,1,2,1,1,0,1,0,2,1,0,0,2,2,0,0,2,2,0,1,2,0,0,1,0,2,2,2,1,1,0,0,2,2,2,1,0,0,2,0,0,1,0,0,2,0,0,2,0,1,0,2,0,1,0,0,1,0,1,0,0,1,0,1,1,0,1,1,2,0,0,1,2,0,1,0,2,1,1,0,0,0,1,1,2,0,0,2,2,0,0,2,2,2,2,0,2,2,0,2,1,2,2,0,1,2,2,1,2,1,0,2,2,2,0,1,2,0,0,0,1,2,2,0,2,1,1,1,1,2,1,1,1,0,2,2,2,0,0,2,1,0,0,2,2,2,0,1,2,1,0,1,2,1,1,0,0,2,2,1,1,0,0,1,1,2,1,1,2,1,2,2,0,0,2,2,1,0,1,0,2,1,2,2,2,2,1,1,1,1,2,0,2,2,0,2,2,1,1,0,2,0,0,0,1,1,1,0,1,2,1,0,0,0,0,1,1,0,2,0,2,0,0,2,0,1,0,1,1,0,0,0,0,0,0,0,0,0,2,0,0,0,2,0,2,1,1,1,0,2,2,1,1,0,2,1,2,0,1,1,0,0,0,0,1,1,266,141
420,Female,0,3,595,19.6,1,1,0,2,1,2,2,2,2,2,2,2,1,0,1,1,2,0,2,1,2,0,2,0,2,1,0,0,1,0,1,0,0,1,1,0,0,1,2,0,0,1,1,0,2,0,0,1,1,2,1,1,2,2,0,2,0,2,2,0,2,1,2,0,1,2,2,2,2,0,0,0,2,1,1,1,2,0,1,0,0,2,0,0,2,2,2,2,1,1,2,2,1,2,1,1,0,1,2,2,1,1,2,1,1,1,2,0,0,1,0,2,2,1,2,0,1,1,2,2,1,2,2,2,0,2,0,1,0,2,0,2,1,1,2,1,2,1,1,1,2,1,1,0,2,1,1,0,2,1,0,2,0,1,2,1,1,0,1,0,2,1,0,1,2,2,0,0,2,2,0,1,2,0,0,1,1,2,2,2,1,1,0,0,2,1,2,1,0,0,2,0,0,1,0,0,2,0,0,2,0,2,0,2,0,1,0,0,1,0,1,0,0,1,0,2,1,0,1,1,1,1,0,1,2,0,1,0,2,1,1,0,0,0,1,1,2,0,0,2,2,0,0,1,2,2,2,1,2,2,0,2,1,2,2,0,2,2,2,1,2,1,0,2,2,2,0,1,2,0,0,0,1,2,2,0,2,1,1,1,1,2,1,1,1,0,2,2,2,0,0,2,1,0,0,2,2,2,0,1,2,1,0,1,2,1,1,0,0,2,2,1,1,0,0,1,1,2,1,1,2,1,2,2,0,0,2,2,1,0,1,0,2,1,1,2,1,1,1,1,1,1,2,0,1,1,0,2,2,1,1,0,2,0,0,0,1,1,1,0,1,1,1,0,0,1,1,1,1,0,1,0,2,0,0,2,0,1,0,1,1,0,0,0,0,1,1,0,0,1,2,0,0,0,2,0,2,1,1,1,0,2,2,1,1,0,2,1,2,0,1,1,0,0,0,0,1,1,283,133
420,Female,0,3,733,24.1,2,2,0,2,2,2,2,2,2,2,2,2,1,2,2,2,2,0,2,2,2,0,2,0,2,2,2,0,2,0,1,0,0,2,2,0,0,1,2,0,0,2,2,0,2,0,0,1,2,2,1,1,2,2,0,2,0,2,2,2,2,2,2,0,2,2,2,2,2,0,0,2,2,1,1,2,2,0,1,2,0,2,1,1,2,2,2,2,2,2,2,2,1,2,1,2,2,2,2,2,1,2,2,2,2,2,2,2,1,2,1,2,2,2,2,2,2,2,2,2,2,2,2,2,2,2,0,1,0,2,1,2,2,2,2,2,2,2,2,1,2,2,1,0,2,2,2,0,2,2,1,2,2,2,2,2,2,0,1,0,2,2,2,2,2,2,0,0,2,2,2,2,2,1,0,2,2,2,2,2,2,1,1,0,2,2,2,2,2,0,2,1,1,1,0,0,2,1,0,2,0,2,0,2,1,1,0,2,2,0,2,0,2,1,0,2,1,0,2,1,2,1,0,1,2,1,2,2,2,1,1,0,0,0,1,1,2,1,1,2,2,0,0,2,2,2,2,2,2,2,2,2,2,2,2,2,2,2,2,1,2,1,2,2,2,2,0,2,2,0,0,0,1,2,2,0,2,1,2,1,2,2,1,1,1,0,2,2,2,1,0,2,2,1,1,2,2,2,0,1,2,2,0,2,2,1,2,2,0,2,2,1,1,1,2,1,1,2,2,2,2,1,2,2,0,1,2,2,1,0,2,0,2,1,2,2,2,2,1,1,1,1,2,0,2,2,0,2,2,2,1,0,2,0,2,0,2,2,2,1,2,2,2,0,2,1,2,1,2,0,2,0,2,0,0,2,0,1,1,2,2,0,0,0,0,1,1,0,2,2,2,0,0,0,2,0,2,2,2,2,1,2,2,2,2,0,2,1,2,0,2,1,0,0,0,0,1,2,330,249
423,Female,0,4,534,17.6,2,0,0,0,1,2,2,2,2,0,1,2,1,0,0,0,1,0,1,0,1,0,1,0,1,0,0,0,0,0,0,0,0,1,1,0,0,1,1,0,1,1,1,0,0,0,0,0,0,0,0,0,0,1,0,1,0,1,1,0,1,2,1,1,2,1,1,2,1,1,0,1,0,0,2,0,1,0,1,0,2,1,1,1,1,0,1,0,1,1,0,0,0,1,1,1,1,1,1,1,1,1,1,1,0,1,1,1,1,1,0,1,1,1,1,1,1,0,1,0,1,1,1,0,0,1,1,1,0,1,0,1,0,0,1,1,1,1,1,1,1,1,0,0,1,1,1,1,0,1,0,1,1,1,1,1,1,0,0,0,0,0,0,0,0,1,0,0,0,0,0,0,0,0,1,0,0,0,1,1,0,1,0,0,0,1,2,1,1,0,1,0,0,0,0,1,1,0,0,0,0,0,0,1,1,0,0,0,0,0,0,0,0,0,0,0,0,0,1,1,1,0,0,0,2,0,0,0,2,0,0,0,0,0,0,1,2,0,1,2,2,0,0,0,1,1,2,1,0,2,2,1,1,1,1,0,1,2,2,1,2,0,0,2,0,1,0,1,0,0,0,0,0,0,1,0,1,0,0,0,0,1,0,0,1,1,1,1,1,0,0,0,0,1,0,0,0,1,0,0,1,1,0,1,1,0,1,0,1,0,0,1,0,0,1,1,0,1,1,1,1,1,1,0,0,0,1,1,0,0,1,0,2,1,0,0,0,1,0,0,0,0,1,0,0,0,0,0,0,0,0,0,0,0,0,0,0,1,0,0,0,0,0,0,0,1,0,0,0,0,0,0,0,0,0,0,0,0,0,0,0,0,0,0,0,0,0,0,0,0,1,0,0,0,0,0,0,0,0,0,0,0,0,0,0,0,0,0,0,0,0,0,0,0,0,0,0,0,174,25
423,Female,0,4,651,21.4,2,0,2,0,1,2,2,2,2,0,1,2,1,2,2,2,2,2,2,2,2,0,2,0,2,2,2,2,2,0,2,0,0,2,2,0,1,2,2,0,2,2,2,1,2,0,0,1,2,2,0,0,2,1,0,1,1,2,2,0,1,2,2,2,2,2,2,2,2,2,0,2,0,2,2,2,2,0,1,1,2,1,2,2,2,0,2,2,1,1,0,2,2,2,1,2,1,2,2,2,1,2,2,2,2,1,1,2,2,2,0,2,2,2,1,2,2,0,2,2,2,2,1,1,1,1,1,1,0,1,0,2,2,0,2,2,2,1,2,1,2,2,0,0,1,1,1,1,2,1,0,2,1,2,2,2,1,0,0,0,2,0,2,0,1,2,1,0,1,1,0,2,1,0,2,1,0,2,1,1,0,1,2,2,0,2,2,1,1,0,1,0,0,1,0,1,1,1,0,1,0,1,0,1,2,2,1,1,0,1,1,0,2,1,1,1,0,1,1,1,1,2,0,0,2,1,0,0,2,1,2,0,0,0,1,1,2,0,1,2,2,0,0,0,1,1,2,2,0,2,2,1,1,2,2,0,2,2,2,2,2,1,0,2,1,1,0,1,1,0,2,1,0,0,1,0,1,0,1,1,1,1,1,1,1,1,1,1,1,0,0,1,1,1,0,1,0,1,0,0,1,1,0,1,1,0,1,0,1,0,0,1,0,1,1,1,1,1,1,1,1,1,1,0,0,1,1,1,1,0,1,1,2,1,0,0,0,1,0,2,2,2,1,0,1,0,0,0,2,0,0,0,2,0,0,0,0,1,0,0,1,0,1,0,0,1,0,0,1,2,0,0,0,0,0,0,0,0,0,0,0,0,0,0,0,0,0,0,0,0,1,0,0,0,0,0,0,1,1,0,1,0,0,0,0,0,0,0,0,0,2,0,0,0,0,0,1,1,270,132
423,Female,0,4,708,23.3,2,2,2,1,2,2,2,2,2,2,2,2,2,2,2,2,2,2,2,2,2,2,2,2,2,2,2,2,2,1,2,2,2,2,2,2,2,2,2,2,2,2,2,1,2,1,2,2,2,2,2,1,2,2,1,1,1,2,2,2,2,2,2,2,2,2,2,2,2,2,2,2,2,2,2,2,2,2,2,2,2,2,2,2,2,2,2,2,2,2,2,2,2,2,2,2,2,2,2,2,2,2,2,2,2,2,2,2,2,2,1,2,2,2,2,2,2,2,2,2,2,2,2,2,2,2,1,2,2,2,2,2,2,1,2,2,2,2,2,2,2,2,2,1,2,2,2,1,2,2,1,2,2,2,2,2,2,2,1,0,2,2,2,2,2,2,1,1,2,2,2,2,2,2,2,2,1,2,2,2,2,2,2,2,2,2,2,2,2,2,2,1,1,2,2,2,2,2,1,2,1,2,1,2,2,2,1,2,2,2,2,2,2,2,2,2,1,2,2,2,2,2,1,2,2,2,0,2,2,1,2,1,1,0,2,1,2,2,2,2,2,1,0,0,1,1,2,2,2,2,2,2,1,2,2,1,2,2,2,2,2,2,1,2,2,2,1,1,2,2,2,1,2,2,2,1,2,2,2,2,1,2,1,1,1,2,2,1,2,1,1,1,1,1,1,1,1,1,0,1,2,2,1,1,1,1,1,1,1,1,1,1,1,1,1,1,1,2,2,2,2,2,1,0,0,1,2,2,2,0,1,1,2,1,1,1,0,1,1,2,2,2,2,1,1,1,0,1,2,0,1,0,2,1,1,1,0,1,0,0,1,0,1,0,1,1,1,0,1,2,0,0,0,0,0,0,0,0,0,0,1,0,0,0,0,0,0,0,0,1,1,1,0,0,1,1,0,1,1,0,1,1,1,1,1,1,1,0,0,0,2,0,0,0,0,0,1,1,369,258
423,Female,0,4,835,27.4,2,2,2,2,2,2,2,2,2,2,2,2,2,2,2,2,2,2,2,2,2,2,2,2,2,2,2,2,2,1,2,2,2,2,2,2,2,2,2,2,2,2,2,2,2,2,2,2,2,2,2,2,2,2,2,2,2,2,2,2,2,2,2,2,2,2,2,2,2,2,2,2,2,2,2,2,2,2,2,2,2,2,2,2,2,2,2,2,2,2,2,2,2,2,2,2,2,2,2,2,2,2,2,2,2,2,2,2,2,2,2,2,2,2,2,2,2,2,2,2,2,2,2,2,2,2,1,2,2,2,2,2,2,2,2,2,2,2,2,2,2,2,2,2,2,2,2,1,2,2,1,2,2,2,2,2,2,2,2,1,2,2,2,2,2,2,2,2,2,2,2,2,2,2,2,2,2,2,2,2,2,2,2,2,2,2,2,2,2,2,2,2,2,2,2,2,2,2,2,2,2,2,2,2,2,2,2,2,2,2,2,2,2,2,2,2,2,2,2,2,2,2,2,2,2,2,1,2,2,1,2,1,1,1,2,1,2,2,2,2,2,2,1,2,2,2,2,2,2,2,2,2,2,2,2,2,2,2,2,2,2,2,2,2,2,2,1,1,2,2,2,2,2,2,2,2,2,2,2,2,2,2,2,2,2,2,2,2,2,2,2,2,2,2,1,2,2,2,1,2,2,2,2,2,2,1,2,2,2,2,2,2,1,2,2,2,2,2,2,2,2,2,2,1,1,2,2,2,2,2,2,1,2,1,1,2,2,1,1,2,2,2,2,1,1,1,0,1,2,2,1,1,2,2,2,2,1,2,1,1,2,2,2,2,1,1,2,2,2,2,2,0,2,0,2,0,2,0,2,1,1,2,0,0,0,1,1,1,2,1,2,2,2,2,2,2,0,1,1,2,1,2,2,2,2,2,2,2,2,1,2,1,1,1,1,1,1,1,409,356
424,Female,0,2,527,17.3,0,0,0,0,0,0,0,0,0,0,0,0,0,0,0,0,0,0,0,0,0,0,0,0,0,0,2,0,0,0,0,0,0,0,0,0,0,0,0,0,0,0,0,0,0,0,0,0,0,0,0,0,0,2,0,1,0,1,0,0,1,2,0,0,0,0,1,1,1,1,0,1,0,1,1,0,1,0,0,0,2,0,0,1,0,0,0,0,0,0,0,0,0,0,0,0,0,0,0,0,0,0,0,0,0,1,0,0,0,0,0,0,0,0,0,1,0,0,0,0,0,1,0,0,0,1,0,0,0,1,0,1,0,0,0,0,0,0,0,0,1,0,0,0,1,0,0,0,0,0,0,0,0,0,1,0,0,0,0,0,0,0,0,0,0,0,0,0,0,0,0,0,0,0,0,0,0,0,0,0,0,0,0,0,1,0,0,0,0,0,0,0,0,0,0,1,0,0,0,1,0,0,0,0,0,0,0,0,0,0,0,0,0,0,0,0,1,0,0,0,1,0,0,0,0,0,0,0,2,0,0,0,0,0,0,1,1,0,0,2,0,0,0,0,0,1,2,1,0,0,0,0,0,0,0,0,1,0,0,0,1,0,0,0,0,0,0,0,0,0,0,0,0,0,1,0,0,0,0,0,0,0,0,0,0,0,0,0,0,0,0,0,0,0,0,0,0,0,0,0,0,0,0,0,0,0,0,0,0,0,0,0,0,0,0,0,0,0,0,0,0,0,0,0,0,1,1,0,1,0,0,0,0,0,0,0,0,0,0,0,0,0,2,0,0,0,0,0,0,0,0,0,0,0,0,0,0,0,0,0,0,0,0,0,0,0,0,0,1,0,0,0,0,0,0,0,0,0,0,0,0,0,0,0,0,0,0,0,0,0,0,0,0,0,0,0,0,0,0,0,0,0,0,0,0,0,0,0,0,0,0,0,0,0,0,0,0,0,45,8
424,Female,0,2,549,18,0,0,0,0,0,1,0,0,2,0,0,0,0,0,0,0,0,0,2,0,1,0,1,0,0,0,2,0,0,0,0,0,0,0,0,0,0,0,0,0,0,0,0,0,0,0,0,0,0,0,1,0,0,2,0,1,0,1,0,0,1,2,1,0,0,1,1,1,1,1,0,1,0,1,1,0,1,0,1,0,2,1,0,1,2,0,0,0,0,0,0,0,0,0,0,0,0,0,0,0,0,0,1,0,0,1,1,0,0,0,0,0,0,1,0,1,0,0,1,0,0,1,0,0,0,1,0,0,0,1,0,1,0,0,0,0,0,0,0,0,1,1,0,0,1,0,0,0,0,0,0,0,0,1,1,1,1,0,0,0,0,0,0,0,0,0,0,0,0,0,0,1,0,0,0,0,0,0,0,0,0,0,0,0,1,0,1,0,0,0,0,0,0,0,0,1,0,0,0,0,0,0,0,0,1,0,0,0,0,0,0,0,0,0,0,0,1,0,0,0,1,0,0,0,0,0,0,0,2,0,0,0,0,1,0,1,1,0,0,2,1,0,0,0,1,1,2,1,0,0,2,1,1,0,1,0,1,1,0,0,1,0,0,0,1,0,0,0,0,0,0,0,0,0,1,0,0,0,0,0,0,1,0,0,0,1,0,0,0,0,0,1,0,1,0,0,0,1,0,0,0,0,0,0,1,0,0,0,0,0,0,0,0,0,0,0,0,0,0,0,0,0,0,0,0,1,1,0,1,0,0,0,1,0,0,0,0,0,0,0,0,0,2,0,0,0,0,0,0,0,0,0,0,0,0,0,0,0,0,0,0,0,0,0,0,0,0,0,1,0,0,0,0,0,0,0,0,0,0,0,0,0,0,0,0,0,0,0,0,0,0,0,0,0,0,0,0,0,0,0,0,0,0,0,0,0,0,0,0,0,0,0,0,0,0,0,0,0,82,12
425,Female,0,4,298,9.8,0,0,0,0,0,0,0,0,0,0,0,0,0,0,0,0,0,1,0,0,1,0,0,0,0,1,0,1,0,0,0,0,1,0,1,0,0,0,1,0,0,0,0,0,0,0,0,0,0,0,0,0,0,0,0,0,0,1,0,0,1,0,1,0,0,1,0,0,1,0,0,0,0,0,0,0,0,0,0,0,0,0,0,0,0,0,1,0,0,0,0,0,0,0,1,0,0,0,0,0,0,0,0,0,0,0,0,0,0,0,0,1,0,0,0,0,0,0,0,0,0,0,0,0,0,0,0,0,0,0,0,1,0,0,1,0,0,0,0,0,0,0,0,0,0,0,0,0,0,0,0,0,0,0,0,0,0,0,0,0,0,0,0,0,0,0,0,0,0,0,0,0,0,0,0,0,0,0,0,0,0,1,0,0,0,0,0,0,0,0,0,0,0,0,0,1,0,0,0,0,0,0,0,0,1,0,0,0,0,0,0,0,0,0,0,0,0,0,0,0,0,0,0,0,0,0,0,0,1,0,0,0,0,0,0,1,1,0,0,1,0,0,0,0,1,0,1,0,0,1,0,0,0,0,1,0,0,0,0,0,0,0,0,0,0,0,0,0,0,0,0,0,0,0,1,0,0,0,0,0,0,0,0,0,0,0,0,0,0,0,0,0,0,0,0,0,0,1,0,0,0,0,0,0,0,0,0,0,0,0,0,0,0,0,0,0,0,0,0,0,0,0,0,0,0,0,0,0,0,0,0,0,0,0,0,0,0,0,0,0,0,0,0,0,0,0,0,0,0,0,0,0,0,0,0,0,0,0,0,0,0,0,0,0,0,0,0,0,0,0,0,0,0,0,0,0,0,0,0,0,0,0,0,0,0,0,0,0,0,0,0,0,0,0,0,0,0,0,0,0,0,0,0,0,0,0,0,0,0,0,0,0,0,0,0,0,0,0,30,0
425,Female,0,4,589,19.4,2,2,1,2,2,2,1,1,1,0,2,2,1,2,2,2,2,2,2,2,2,0,2,0,2,2,2,2,1,0,2,0,1,2,1,2,2,2,2,0,0,1,2,1,2,0,1,1,2,2,0,0,2,2,1,1,1,2,2,0,2,2,2,2,2,2,2,2,2,1,2,2,2,1,2,2,2,0,2,2,2,2,1,0,2,2,2,2,2,2,0,0,2,2,2,2,2,2,2,2,2,2,2,1,2,2,2,2,2,2,2,2,2,2,2,2,2,2,2,1,2,2,0,1,2,2,1,1,0,2,0,2,2,2,2,1,2,1,2,1,1,2,0,0,2,1,1,0,0,1,0,2,1,1,2,1,1,0,0,0,2,1,2,2,2,1,0,0,2,2,1,1,2,0,0,2,0,1,1,2,2,2,1,0,2,1,2,2,2,0,0,1,1,1,1,2,1,1,0,1,0,2,0,1,1,1,0,2,0,1,0,1,0,1,1,1,1,1,2,2,1,2,1,0,2,2,0,0,2,0,0,0,1,0,2,2,2,2,2,2,0,2,0,0,1,1,2,2,1,2,1,1,1,0,1,1,2,2,1,2,2,1,0,2,1,0,0,1,1,1,1,1,2,1,2,0,1,1,1,1,1,1,1,1,1,0,1,1,1,1,1,1,1,1,0,2,1,1,0,0,1,0,0,2,1,1,1,0,1,1,1,0,0,1,0,1,1,1,1,1,2,0,1,0,0,1,2,2,1,2,1,1,2,1,0,1,2,0,1,2,1,1,2,0,0,1,0,1,2,2,1,0,2,1,0,1,0,1,2,0,2,2,1,0,0,1,2,1,1,2,2,0,0,0,0,0,0,2,1,2,2,0,1,1,0,0,0,0,0,0,2,0,0,0,0,0,0,0,0,0,0,0,0,2,0,0,2,0,0,0,2,0,0,0,0,0,0,2,302,168
425,Female,0,4,724,23.8,2,2,2,2,2,2,2,2,2,2,2,2,2,2,2,2,2,2,2,2,2,2,2,2,2,2,2,2,2,2,2,2,2,2,2,2,2,2,2,2,2,2,2,2,2,2,2,2,2,2,2,2,2,2,2,2,2,2,2,2,2,2,2,2,2,2,2,2,2,2,2,2,2,2,2,2,2,1,2,2,2,2,2,2,2,2,2,2,2,2,2,1,2,2,2,2,2,2,2,2,2,2,2,2,2,2,2,2,2,2,2,2,2,2,2,2,2,2,2,2,2,2,2,2,2,2,2,2,1,2,2,2,2,2,2,2,2,2,2,2,2,2,2,2,2,2,2,2,2,1,2,2,2,2,2,2,2,2,2,1,2,2,2,2,2,2,1,2,2,2,2,2,2,2,2,2,2,2,2,2,2,2,2,2,2,2,2,2,2,2,2,2,2,2,2,2,2,2,2,2,1,2,2,2,2,2,1,2,1,2,2,2,2,1,2,2,2,2,2,2,2,2,2,0,2,2,0,1,2,1,1,1,2,1,2,2,2,2,2,2,1,2,0,0,2,2,2,2,2,2,2,2,2,2,2,1,2,2,2,2,2,2,2,2,2,2,2,2,2,2,2,2,2,2,2,2,2,2,2,1,2,2,2,2,2,2,2,2,2,2,1,1,2,2,2,2,2,2,1,1,2,2,1,2,2,2,2,1,1,1,2,1,1,2,2,2,2,2,2,2,2,2,1,1,1,2,2,2,2,2,2,1,2,2,2,2,2,2,2,2,2,2,2,2,2,2,0,2,2,2,2,2,2,2,2,2,1,2,2,1,2,2,2,2,2,2,2,2,2,2,2,1,2,1,1,1,1,2,2,2,2,2,1,1,1,1,1,2,0,2,2,2,1,2,1,0,2,2,2,0,2,2,2,2,1,2,2,1,2,2,2,2,2,1,2,1,2,2,410,360
425,Female,0,4,784,25.8,2,2,2,2,2,2,2,2,2,2,2,2,2,2,2,2,2,2,2,2,2,2,2,2,2,2,2,2,2,2,2,2,2,2,2,2,2,2,2,2,2,2,2,2,2,2,2,2,2,2,2,2,2,2,2,2,2,2,2,2,2,2,2,2,2,2,2,2,2,2,2,2,2,2,2,2,2,1,2,2,2,2,2,2,2,2,2,2,2,2,2,2,2,2,2,2,2,2,2,2,2,2,2,2,2,2,2,2,2,2,2,2,2,2,2,2,2,2,2,2,2,2,2,2,2,2,2,2,1,2,2,2,2,2,2,2,2,2,2,2,2,2,2,2,2,2,2,2,2,1,2,2,2,2,2,2,2,2,2,1,2,2,2,2,2,2,2,2,2,2,2,2,2,2,2,2,2,2,2,2,2,2,2,2,2,2,2,2,2,2,2,2,2,2,2,2,2,2,2,2,1,2,2,2,2,2,1,2,1,2,2,2,2,1,2,2,2,2,2,2,2,2,2,2,2,2,2,1,2,2,2,2,2,2,2,2,2,2,2,2,1,2,0,2,2,2,2,2,2,2,2,2,2,2,2,2,2,2,2,2,2,2,2,2,2,2,2,2,2,2,2,2,2,2,2,2,2,2,2,2,2,2,2,2,2,2,2,2,2,2,1,2,2,2,2,2,2,2,1,2,2,2,2,2,2,2,2,1,2,2,2,2,1,2,2,2,2,2,2,2,2,2,2,1,2,2,2,2,2,2,2,2,2,2,2,2,2,2,2,2,2,2,2,2,2,2,1,2,2,2,2,2,2,2,2,2,1,2,2,1,2,2,2,2,2,2,2,2,2,2,2,1,2,2,2,2,2,2,2,2,2,2,1,1,1,2,2,2,2,2,2,2,1,2,2,2,2,2,2,2,2,2,2,2,2,2,2,1,2,2,2,2,2,2,2,1,2,2,417,392
430,Female,0,5,539,17.7,1,0,0,1,1,1,0,1,2,0,1,0,0,1,0,1,1,1,1,1,1,0,1,0,1,0,0,0,0,0,1,0,0,1,1,0,0,0,1,0,0,0,0,0,0,1,0,0,0,0,0,0,0,1,0,1,1,1,1,1,1,0,1,0,2,1,0,2,2,0,0,1,0,0,1,1,0,0,2,2,0,1,1,0,2,0,2,0,0,0,0,0,0,1,1,1,1,1,1,0,1,1,1,1,1,1,1,1,1,1,0,1,1,1,1,1,2,1,1,1,1,0,0,2,0,2,0,0,0,1,0,1,0,0,2,1,1,1,1,1,1,1,1,0,1,1,1,0,2,1,0,1,0,1,0,0,1,0,0,0,0,1,1,0,0,1,0,0,0,0,0,1,1,0,0,0,0,0,1,0,0,1,0,0,0,2,1,0,0,0,0,0,0,1,1,0,0,0,0,0,0,0,0,0,1,0,0,0,0,1,0,0,1,0,0,1,0,0,0,2,2,1,0,1,1,0,0,0,2,0,0,0,0,0,0,2,2,0,0,2,2,0,0,0,2,1,2,0,0,1,2,1,1,0,2,1,1,1,0,0,2,1,0,2,0,0,0,0,0,0,1,0,0,0,1,0,1,0,1,0,0,1,0,1,0,0,0,0,0,0,0,0,0,0,0,0,0,1,0,0,0,1,0,0,1,0,0,0,0,0,0,0,0,0,0,0,0,1,0,0,0,0,0,0,0,0,0,0,0,0,0,0,2,0,0,0,0,0,0,0,0,0,0,0,1,0,0,0,0,0,0,0,0,0,0,0,0,0,0,0,0,0,0,0,0,1,0,0,0,0,0,0,0,0,0,0,0,0,0,0,1,0,0,0,0,0,0,0,0,2,2,0,0,0,0,0,0,0,0,0,0,0,0,0,0,0,0,0,0,0,1,0,0,0,0,0,0,0,145,30
430,Female,0,5,648,21.3,1,2,0,1,2,1,0,1,2,0,1,0,0,1,0,2,1,1,1,2,1,0,2,0,1,0,2,0,0,0,1,0,0,1,2,0,0,0,1,0,0,2,0,0,0,1,0,0,0,0,0,0,0,2,0,1,2,2,1,1,1,0,2,0,2,1,1,2,2,1,0,2,0,1,2,2,0,0,2,2,2,1,2,0,2,0,2,1,0,1,0,1,0,2,1,1,1,1,1,2,2,1,2,1,2,2,2,2,2,1,0,2,2,2,2,1,2,1,2,2,1,2,0,2,0,2,1,1,0,2,0,2,2,1,2,1,2,1,1,1,2,2,1,0,2,1,1,0,2,1,0,1,0,2,2,1,1,0,0,0,1,2,2,0,0,2,0,0,0,0,0,1,2,0,0,0,0,0,1,0,0,1,1,0,0,2,1,1,0,0,2,1,0,1,1,0,0,0,0,1,0,2,0,1,1,0,0,1,0,1,0,0,1,0,0,1,0,1,2,2,2,1,1,1,1,0,0,0,2,0,0,0,0,0,0,2,2,0,0,2,2,0,0,1,2,1,2,1,0,2,2,1,1,2,2,1,1,2,1,0,2,1,0,2,0,0,0,1,0,0,1,0,1,1,1,1,1,2,2,0,0,1,1,1,0,2,2,0,2,0,0,0,0,1,0,0,0,1,0,1,0,1,0,2,2,0,0,0,1,1,1,0,0,0,0,2,1,2,1,1,1,1,1,0,0,1,0,2,2,1,2,1,2,2,1,0,0,0,1,2,2,0,1,2,1,0,0,0,1,1,0,0,1,0,1,1,0,1,1,0,0,1,0,0,2,2,0,1,2,1,1,0,0,0,0,0,0,0,0,1,2,0,0,0,2,0,0,2,0,2,2,2,0,0,0,0,0,0,2,0,1,1,1,2,0,1,1,0,2,0,1,0,0,0,0,0,0,0,239,108
430,Female,0,5,714,23.5,2,2,0,1,2,2,0,2,2,0,1,1,0,1,2,2,2,1,1,2,1,0,2,0,2,0,2,0,0,0,1,0,0,1,2,0,0,0,1,0,0,2,0,0,0,1,0,0,2,2,0,2,2,2,0,1,2,2,2,1,2,0,2,0,2,1,1,2,2,1,0,2,0,1,2,2,0,0,2,2,2,1,2,2,2,0,2,1,1,1,0,1,0,2,2,2,1,1,2,2,2,1,2,1,2,2,2,2,2,1,1,2,2,2,2,1,2,1,2,2,1,2,0,2,1,2,1,2,0,2,0,2,2,1,2,1,2,1,2,1,2,2,1,0,2,1,1,0,2,1,0,1,1,2,2,1,1,1,0,0,1,2,2,0,1,2,0,0,1,1,1,2,2,1,0,1,0,1,1,0,0,1,2,0,0,2,1,1,0,0,2,2,0,2,2,0,0,0,0,1,1,2,0,2,2,0,2,2,0,1,0,0,1,0,0,1,0,2,2,2,2,2,2,1,2,1,0,0,2,0,1,0,0,0,1,2,2,0,0,2,2,1,0,2,2,2,2,1,2,2,2,1,1,2,2,1,2,2,2,0,2,1,1,2,0,1,1,1,1,0,1,1,1,1,2,1,2,2,2,2,0,1,2,1,0,2,2,0,2,0,0,1,1,1,0,1,1,1,0,1,1,1,0,2,2,0,0,0,1,1,2,0,0,2,1,2,1,2,1,2,1,1,1,0,0,1,1,2,2,1,2,1,2,2,1,1,0,0,1,2,2,2,1,2,1,1,0,0,1,1,0,0,2,0,1,1,0,1,1,1,0,1,0,2,2,2,0,1,2,2,1,0,0,0,0,0,0,1,0,1,2,0,0,0,2,0,0,2,0,2,2,2,0,0,2,0,2,0,2,2,2,2,2,2,0,1,1,0,2,0,1,0,0,0,0,0,1,0,289,161
430,Female,0,5,816,26.8,2,2,0,2,2,2,2,2,2,0,2,2,2,2,2,2,2,2,2,2,2,0,2,2,2,1,2,1,1,0,2,0,2,2,2,2,0,2,2,0,1,2,2,0,1,1,0,2,2,2,2,2,2,2,1,2,2,2,2,2,2,2,2,2,2,2,2,2,2,2,2,2,2,2,2,2,2,0,2,2,2,2,2,2,2,2,2,2,2,2,2,2,2,2,2,2,2,2,2,2,2,2,2,2,2,2,2,2,2,2,2,2,2,2,2,2,2,2,2,2,2,2,2,2,2,2,2,2,1,2,2,2,2,2,2,2,2,2,2,2,2,2,2,2,2,2,2,1,2,2,1,2,2,2,2,2,2,2,1,2,2,2,2,2,2,2,1,1,2,2,2,2,2,2,2,2,2,2,2,2,2,2,2,1,2,2,2,2,2,2,2,2,2,2,2,0,2,2,2,2,2,2,2,2,2,2,2,2,2,2,2,2,2,1,1,2,1,2,2,2,2,2,2,2,2,2,1,1,2,2,2,0,2,2,2,2,2,2,2,2,2,2,1,2,2,2,2,2,2,2,2,2,2,2,2,2,2,2,2,2,2,2,2,2,2,2,2,2,2,1,2,2,2,2,2,2,2,2,2,2,2,2,2,2,2,2,2,1,2,1,2,2,2,2,2,2,2,2,2,2,2,2,2,2,2,1,2,2,2,2,2,2,2,2,2,2,2,2,2,2,2,2,2,2,2,2,2,2,2,2,2,2,2,2,2,2,2,1,2,2,2,2,2,2,2,2,1,2,2,2,2,2,2,2,2,2,1,2,2,2,2,2,2,2,2,2,1,2,2,2,2,1,1,1,1,1,1,2,2,2,2,2,1,1,2,1,1,2,2,2,2,2,0,0,2,0,2,2,2,2,2,2,2,2,0,2,2,2,2,0,2,2,2,0,1,1,2,2,400,360
430,Female,0,5,956,31.4,2,2,2,2,2,2,2,2,2,0,2,2,2,2,2,2,2,2,2,2,2,2,2,2,2,2,2,2,2,0,2,0,2,2,2,2,2,2,2,2,2,2,2,0,2,2,2,2,2,2,2,2,2,2,2,2,2,2,2,2,2,2,2,2,2,2,2,2,2,2,2,2,2,2,2,2,2,2,2,2,2,2,2,2,2,2,2,2,2,2,2,2,2,2,2,2,2,2,2,2,2,2,2,2,2,2,2,2,2,2,2,2,2,2,2,2,2,2,2,2,2,2,2,2,2,2,2,2,2,2,2,2,2,2,2,2,2,2,2,2,2,2,2,2,2,2,2,2,2,2,2,2,2,2,2,2,2,2,2,2,2,2,2,2,2,2,2,2,2,2,2,2,2,2,2,2,2,2,2,2,2,2,2,2,2,2,2,2,2,2,2,2,2,2,2,1,2,2,2,2,2,2,2,2,2,2,2,2,2,2,2,2,2,2,2,2,2,2,2,2,2,2,2,2,2,2,2,2,2,2,2,1,2,2,2,2,2,2,2,2,2,2,2,2,2,2,2,2,2,2,2,2,2,2,2,2,2,2,2,2,2,2,2,2,2,2,2,2,2,2,2,2,2,2,2,2,2,2,2,2,2,2,2,2,2,2,2,2,2,2,2,2,2,2,2,2,2,2,2,2,2,2,2,2,2,2,2,2,2,2,2,2,2,2,2,2,2,2,2,2,2,2,2,2,2,2,2,2,2,2,2,2,2,2,2,2,2,2,2,2,2,2,2,2,2,2,2,2,2,2,2,2,2,2,2,2,2,2,2,2,2,2,2,2,2,2,2,2,2,2,2,2,2,2,2,2,2,2,2,2,2,2,2,2,2,2,2,2,2,2,2,2,1,2,2,2,2,2,2,2,2,2,2,2,2,2,2,2,2,1,2,2,2,1,2,2,2,2,414,409
431,Female,0,5,505,16.6,1,0,0,0,1,2,0,1,0,0,1,0,0,0,1,1,1,1,1,1,1,0,1,0,1,1,0,0,1,0,0,0,1,1,1,0,2,0,1,0,0,1,1,0,1,0,0,1,1,1,1,1,1,1,1,1,1,1,1,1,1,1,1,0,1,0,1,1,1,1,1,1,1,0,1,1,1,1,1,1,1,1,0,1,0,1,1,1,0,1,0,0,1,1,1,1,1,0,2,2,1,1,1,1,1,2,2,1,1,1,1,1,1,1,1,1,1,1,1,1,1,1,0,1,1,1,1,1,1,1,1,1,1,1,1,1,1,1,1,1,1,1,1,1,1,1,0,0,1,1,0,0,1,1,1,1,1,1,1,0,1,1,1,1,1,1,0,1,1,1,1,1,1,0,1,1,0,1,1,1,1,1,0,0,1,1,1,1,1,0,1,1,0,1,1,0,1,1,1,1,0,1,0,1,0,0,0,1,0,1,1,1,1,1,1,1,0,1,1,1,1,1,1,1,1,1,0,0,1,0,0,0,0,0,1,1,1,1,1,1,0,0,0,1,1,1,2,1,0,1,0,1,0,1,1,0,1,1,0,1,1,1,0,1,1,1,0,1,0,0,1,0,1,1,1,0,1,1,1,1,1,1,1,0,1,1,1,1,1,0,1,0,1,1,0,0,1,1,0,0,1,0,0,1,0,1,1,1,0,0,1,1,1,1,1,1,1,1,1,1,1,1,1,1,0,1,1,1,1,0,1,0,1,0,0,0,0,0,0,1,0,0,1,1,1,0,0,1,1,1,0,0,1,0,1,0,0,1,0,0,0,1,0,0,0,0,1,1,1,1,1,0,0,0,0,0,0,0,0,0,1,0,0,0,0,0,0,1,1,1,1,0,0,0,1,1,1,1,1,1,0,1,1,1,1,1,1,0,0,0,1,0,1,0,0,0,0,1,280,7
431,Female,0,5,538,17.7,1,0,0,0,1,2,0,1,2,0,1,0,0,0,1,1,1,1,1,1,1,0,2,0,2,1,1,1,1,0,1,0,1,1,1,1,2,0,1,0,0,2,1,0,1,0,0,1,1,1,1,1,1,2,1,1,1,1,1,1,1,1,1,1,1,0,1,2,1,1,1,1,1,1,1,1,1,1,1,2,1,1,0,2,0,1,2,1,0,2,0,0,1,1,1,1,1,0,2,2,2,1,1,1,1,2,2,1,1,1,1,1,1,1,1,1,1,1,1,1,1,1,0,1,1,2,1,1,1,1,1,1,1,1,1,1,1,1,1,1,1,1,1,1,1,1,1,0,1,1,0,0,1,1,1,1,1,1,1,0,1,1,1,1,1,1,0,1,1,1,1,1,1,0,1,1,0,1,1,1,1,1,0,0,1,1,1,1,1,0,1,1,1,1,1,0,1,1,1,1,0,1,1,2,1,0,0,1,0,1,1,1,1,1,1,1,0,1,1,1,1,1,1,1,2,1,0,0,1,0,0,0,0,0,1,1,1,1,1,1,1,0,0,1,1,1,2,1,1,2,0,1,0,1,2,0,1,1,1,1,1,2,0,1,1,1,0,1,1,0,1,0,1,1,1,1,1,1,1,1,1,1,1,0,1,1,1,1,1,0,1,1,1,1,0,1,1,1,0,1,1,0,0,1,0,1,1,1,1,1,1,1,1,1,1,1,1,1,1,1,1,1,1,1,0,1,1,1,1,1,1,0,1,0,0,1,0,1,0,1,2,0,1,1,1,0,0,1,1,1,1,0,2,1,1,0,0,1,1,0,0,1,0,0,0,1,1,1,1,1,1,0,0,0,1,0,0,0,0,0,1,0,0,0,0,0,0,1,1,1,1,0,1,0,1,1,1,1,1,1,0,2,2,1,1,1,1,0,0,0,1,0,1,0,0,0,1,1,312,28
431,Female,0,5,628,20.6,2,1,1,0,1,2,2,1,2,2,2,2,1,2,2,2,2,2,2,1,2,2,2,1,2,1,2,1,2,0,2,0,2,2,2,2,2,1,2,1,1,2,1,0,1,0,2,2,2,2,2,2,2,2,1,2,2,2,2,2,2,2,2,2,2,2,2,2,2,2,2,2,2,2,2,2,2,2,2,2,2,1,1,2,2,1,2,2,2,2,2,0,2,2,2,2,1,0,2,2,2,1,2,2,2,2,2,2,2,2,2,2,2,2,2,2,2,2,2,2,2,2,0,2,2,2,1,1,2,2,2,2,2,2,2,1,2,1,2,2,1,2,1,1,1,1,1,0,2,1,2,0,1,2,1,1,2,1,2,1,1,1,1,2,1,2,0,1,2,2,2,1,1,0,1,2,0,1,2,2,2,2,2,1,1,2,1,2,1,0,1,1,1,2,1,0,2,1,1,2,1,1,1,2,1,2,0,1,0,1,1,1,2,1,2,1,1,2,2,1,2,1,2,1,2,1,0,0,2,2,0,1,1,0,1,2,2,2,2,2,2,1,1,1,2,1,2,1,1,2,0,1,0,2,2,0,1,1,1,2,2,2,0,1,1,2,1,1,2,0,1,1,2,1,1,2,1,2,2,1,2,2,1,1,1,2,1,1,1,1,1,2,1,1,0,1,1,2,0,1,1,1,1,2,1,1,2,1,2,2,2,1,1,1,1,2,1,2,1,1,1,2,2,1,0,1,1,2,2,1,2,2,1,1,1,1,2,1,1,1,2,1,2,2,1,1,0,1,1,2,1,2,2,1,1,1,0,1,1,2,1,2,0,0,0,1,1,1,1,2,2,0,1,0,1,0,0,0,0,2,1,1,1,1,0,0,0,1,1,1,2,0,1,0,1,1,2,1,1,1,1,2,2,2,1,1,1,1,2,1,2,0,1,0,1,0,1,1,370,198
431,Female,0,5,656,21.6,2,1,1,0,1,2,2,1,2,2,2,2,1,2,2,2,2,2,2,1,2,2,2,1,2,2,2,1,2,0,2,0,2,2,2,2,2,1,2,1,1,2,1,0,1,0,2,2,2,2,2,2,2,2,1,2,2,2,2,2,2,2,2,2,2,2,2,2,2,2,2,2,2,2,2,2,2,2,2,2,2,1,1,2,2,1,2,2,2,2,2,0,2,2,2,2,1,2,2,2,2,2,2,2,2,2,2,2,2,2,2,2,2,2,2,2,2,2,2,2,2,2,0,2,2,2,2,2,2,2,2,2,2,2,2,2,2,2,2,2,2,2,1,1,2,2,1,0,2,2,2,0,1,2,2,1,2,1,2,1,2,1,2,2,1,2,1,1,2,2,2,2,2,0,1,2,1,2,2,2,2,2,2,1,2,2,2,2,2,0,1,2,1,2,1,0,2,1,2,2,1,2,1,2,2,2,0,2,0,1,1,1,2,1,2,1,1,2,2,1,2,2,2,1,2,1,0,0,2,2,0,1,1,0,1,2,2,2,2,2,2,1,1,1,2,1,2,1,1,2,0,1,1,2,2,0,1,2,1,2,2,2,0,1,1,2,1,1,2,1,1,1,2,1,1,2,1,2,2,2,2,2,1,1,1,2,1,1,2,1,1,2,1,1,1,1,1,2,0,2,1,1,1,2,2,1,2,1,2,2,2,1,1,1,1,2,1,2,1,2,1,2,2,1,0,1,1,2,2,1,2,2,1,2,2,1,2,1,1,2,2,2,2,2,2,1,0,1,1,2,1,2,2,1,1,2,0,1,2,2,1,2,0,0,0,1,1,1,1,2,2,0,1,0,1,0,0,0,0,2,1,1,1,1,0,0,0,1,1,1,2,0,1,0,1,1,2,2,2,1,1,2,2,2,1,1,2,2,2,1,2,0,1,0,1,0,1,1,376,241
431,Female,0,5,859,28.2,2,1,1,0,1,2,2,1,2,2,2,2,1,2,2,2,2,2,2,2,2,2,2,1,2,2,2,2,2,0,2,0,2,2,2,2,2,1,2,2,1,2,2,1,2,0,2,2,2,2,2,2,2,2,2,2,2,2,2,2,2,2,2,2,2,2,2,2,2,2,2,2,2,2,2,2,2,2,2,2,2,2,2,2,2,1,2,2,2,2,2,0,2,2,2,2,1,2,2,2,2,2,2,2,2,2,2,2,2,2,2,2,2,2,2,2,2,2,2,2,2,2,1,2,2,2,2,2,2,2,2,2,2,2,2,2,2,2,2,2,2,2,2,2,2,2,2,0,2,2,2,2,2,2,2,2,2,2,2,2,2,2,2,2,2,2,2,1,2,2,2,2,2,2,2,2,1,2,2,2,2,2,2,2,2,2,2,2,2,0,2,2,2,2,1,0,2,1,2,2,2,2,1,2,2,2,1,2,2,1,2,2,2,2,2,1,2,2,2,2,2,2,2,2,2,2,1,1,2,2,2,1,2,0,2,2,2,2,2,2,2,2,2,2,2,2,2,2,2,2,0,2,1,2,2,1,2,2,1,2,2,2,2,2,2,2,2,2,2,1,2,2,2,2,2,2,2,2,2,2,2,2,2,1,2,2,2,2,2,1,2,2,1,2,1,2,2,2,1,2,2,1,1,2,2,2,2,2,2,2,2,2,1,2,1,2,1,2,1,2,2,2,2,1,1,2,1,2,2,2,2,2,1,2,2,2,2,1,2,2,2,2,2,2,2,1,0,1,1,2,1,2,2,1,1,2,0,2,2,2,1,2,2,1,2,2,2,2,2,2,2,1,2,0,1,1,0,1,1,2,2,1,1,1,1,1,1,1,2,1,2,0,1,2,1,1,2,2,2,2,1,2,2,2,2,2,2,2,2,2,2,1,1,1,1,2,2,2,403,331
434,Male,0,2,744,24.5,2,2,2,2,2,2,2,2,2,2,2,2,2,2,2,2,2,2,2,2,2,1,2,2,2,2,2,2,2,0,2,2,2,2,2,2,2,2,2,0,0,2,2,2,2,1,0,2,2,2,2,2,2,2,2,2,2,2,2,0,2,2,2,2,2,2,2,2,2,2,2,2,2,2,2,2,2,2,2,2,2,2,2,2,2,2,2,2,2,2,2,0,2,2,2,2,2,2,2,2,2,2,2,2,2,2,2,2,2,2,2,2,2,2,2,2,2,2,2,0,2,2,2,1,2,2,0,2,2,2,2,2,2,2,2,2,2,2,2,2,2,2,2,2,2,2,2,0,2,2,0,2,2,2,2,0,2,2,2,2,2,2,2,2,0,2,1,2,2,2,2,2,2,2,2,2,0,2,2,2,1,2,2,1,2,2,2,2,2,1,2,2,0,2,0,0,2,2,2,2,2,2,1,2,2,2,0,2,0,2,1,2,2,0,2,1,1,2,2,2,2,2,1,1,2,2,0,1,2,2,2,2,2,1,2,2,2,2,2,2,0,2,2,2,2,2,2,1,2,2,1,2,2,2,2,0,2,2,2,2,2,2,2,2,2,2,2,1,2,1,2,2,2,2,2,1,2,2,2,2,2,2,2,1,2,1,2,2,2,2,1,2,2,2,1,2,2,2,1,2,2,2,2,2,2,2,2,2,2,2,2,2,1,2,2,2,2,2,2,2,2,2,2,1,2,2,2,2,2,2,2,1,2,1,0,2,2,1,1,2,2,2,2,2,2,1,0,2,2,2,2,2,2,2,1,2,0,1,2,2,0,2,1,0,0,2,2,1,2,2,2,2,2,1,2,2,1,1,2,2,2,2,0,0,0,0,0,0,2,0,0,0,2,2,0,0,0,0,2,2,2,1,1,1,2,0,2,0,2,0,2,0,1,0,1,0,1,2,371,326
434,Male,0,2,825,27.1,2,2,2,2,2,2,2,2,2,2,2,2,2,2,2,2,2,2,2,2,2,1,2,2,2,2,2,2,2,2,2,2,2,2,2,2,2,2,2,2,2,2,2,2,2,2,0,2,2,2,2,2,2,2,2,2,2,2,2,0,2,2,2,2,2,2,2,2,2,2,2,2,2,2,2,2,2,2,2,2,2,2,2,2,2,2,2,2,2,2,2,0,2,2,2,2,2,2,2,2,2,2,2,2,2,2,2,2,2,2,2,2,2,2,2,2,2,2,2,2,2,2,2,1,2,2,0,2,2,2,2,2,2,2,2,2,2,2,2,2,2,2,2,2,2,2,2,0,2,2,0,2,2,2,2,2,2,2,2,2,2,2,2,2,2,2,1,2,2,2,2,2,2,2,2,2,2,2,2,2,2,2,2,2,2,2,2,2,2,1,2,2,0,2,0,0,2,2,2,2,2,2,1,2,2,2,0,2,0,2,1,2,2,0,2,1,1,2,2,2,2,2,2,1,2,2,2,2,2,2,2,2,2,2,2,2,2,2,2,2,0,2,2,2,2,2,2,1,2,2,1,2,2,2,2,0,2,2,2,2,2,2,2,2,2,2,2,2,2,2,2,2,2,2,2,1,2,2,2,2,2,2,2,2,2,1,2,2,2,2,1,2,2,2,1,2,2,2,1,2,2,2,2,2,2,2,2,2,2,2,2,2,2,2,2,2,2,2,2,2,2,2,2,2,2,2,2,2,2,2,2,2,2,2,2,2,2,1,2,2,2,2,2,2,2,2,2,2,2,2,2,2,2,2,2,2,0,1,2,2,2,2,2,0,0,2,2,1,2,2,2,2,2,2,2,2,1,1,2,2,2,2,2,0,0,0,0,2,2,0,0,2,2,2,2,2,0,2,2,2,2,2,2,2,2,2,2,0,2,0,2,2,1,2,2,2,2,2,391,370
435,Male,0,4,542,17.8,0,1,0,0,1,2,2,1,0,1,2,2,0,0,0,1,0,0,1,0,0,0,2,0,2,0,2,0,0,0,1,0,0,1,1,0,0,0,0,0,0,0,0,0,0,0,0,0,0,1,1,2,2,2,0,1,1,2,2,0,1,2,0,1,1,1,1,2,0,1,0,1,0,0,2,0,0,0,1,0,0,1,1,0,2,0,1,0,1,1,0,0,0,2,1,0,0,0,1,1,1,0,0,1,1,1,0,1,0,0,0,2,1,2,1,2,0,0,1,0,1,2,0,0,0,1,0,0,0,2,0,1,0,0,1,0,1,1,2,0,1,2,0,0,0,1,1,0,0,1,0,1,0,1,1,1,1,0,0,0,1,1,1,0,0,1,0,0,1,0,1,1,1,0,0,1,1,1,0,1,0,1,1,0,2,1,1,0,1,0,1,0,0,2,1,0,1,0,0,1,0,2,0,2,0,1,0,1,0,0,1,0,1,0,0,1,0,0,2,1,1,0,0,0,2,0,1,0,2,0,0,0,0,0,0,2,0,0,0,2,2,0,0,0,2,1,2,1,0,2,2,1,0,2,2,1,1,1,0,1,1,1,0,2,1,0,0,1,1,0,0,1,1,0,0,0,1,1,2,1,0,1,0,0,0,0,1,0,0,0,0,1,0,1,0,1,0,2,0,1,1,1,0,2,1,0,0,1,1,0,0,1,0,0,0,1,1,1,0,1,2,1,1,0,0,1,1,1,1,0,1,0,1,0,0,0,0,1,0,0,1,0,1,0,1,0,0,0,0,0,0,0,2,0,0,0,0,0,2,0,0,0,0,0,0,0,0,0,1,2,0,0,0,0,1,0,0,0,0,0,1,1,0,0,0,0,0,0,0,0,1,0,1,2,1,0,0,1,1,0,1,1,1,0,0,0,1,0,2,0,2,1,1,0,0,2,0,0,192,52
435,Male,0,4,624,20.5,1,1,0,0,1,2,2,1,0,2,2,2,0,1,0,1,1,0,2,0,2,0,2,0,2,0,2,0,0,0,1,0,0,2,1,0,0,0,1,0,0,0,0,1,0,0,0,1,2,1,1,2,2,2,1,2,2,2,2,0,2,2,1,1,1,1,1,2,2,1,2,2,0,1,2,0,0,0,1,0,0,1,1,0,2,0,2,0,2,1,0,0,2,2,2,0,0,0,2,2,1,1,0,1,2,2,0,1,1,0,0,2,2,2,1,2,0,0,1,0,1,2,0,0,0,1,0,1,0,2,0,1,0,0,1,1,1,1,2,0,1,2,0,0,0,1,1,0,0,1,0,1,0,2,1,1,1,0,0,0,2,1,1,0,0,1,0,0,1,1,1,1,1,0,0,1,1,1,1,2,2,1,1,0,2,2,1,0,1,0,1,1,1,2,1,0,1,1,0,1,0,2,1,2,0,2,0,1,0,0,1,0,1,0,0,1,1,0,2,1,1,1,0,0,2,1,1,0,2,0,1,0,0,0,0,2,0,0,2,2,2,0,0,0,2,1,2,1,0,2,2,1,2,2,2,1,1,1,2,1,1,1,0,2,1,1,2,1,1,0,0,1,1,0,1,0,1,1,2,2,0,1,1,0,0,0,1,0,1,0,0,1,1,1,0,2,0,2,0,1,1,1,2,2,1,0,0,1,1,0,1,1,0,0,0,1,1,1,0,1,2,2,1,0,0,1,1,1,1,0,1,1,1,1,0,0,0,2,0,0,1,0,2,0,1,0,0,0,0,0,0,0,2,0,0,1,0,0,2,0,0,2,0,0,0,0,1,0,1,2,2,0,0,0,1,0,0,0,0,0,1,1,0,0,0,0,0,0,0,1,1,1,1,2,1,0,2,2,2,0,1,1,1,2,0,0,2,0,2,0,2,1,1,0,0,2,0,1,243,95
435,Male,0,4,681,22.4,2,2,1,2,2,2,2,2,1,2,2,2,0,1,0,1,1,0,2,2,2,0,2,0,2,0,2,2,0,0,2,0,0,2,2,0,0,1,1,0,0,1,1,1,1,0,0,2,2,2,2,2,2,2,2,2,2,2,2,0,2,2,1,2,2,2,2,2,2,2,2,2,0,2,2,1,2,0,2,1,2,1,1,2,2,0,2,2,2,2,1,0,2,2,2,1,2,2,2,2,1,2,1,1,2,2,1,2,2,1,0,2,2,2,2,2,1,0,2,0,1,2,0,1,1,2,0,2,0,2,0,2,0,0,2,1,2,1,2,0,2,2,0,0,0,2,1,0,0,2,0,1,0,2,2,2,1,0,0,0,2,2,2,2,0,1,0,0,2,1,2,2,2,2,1,2,2,2,1,2,2,2,1,0,2,2,2,0,2,0,2,1,1,2,1,0,2,1,0,1,0,2,1,2,0,2,0,2,0,0,1,0,2,0,0,1,1,0,2,1,1,1,1,1,2,2,1,0,2,2,2,0,0,0,0,2,2,2,2,2,2,2,0,1,2,2,2,2,1,2,2,1,2,2,2,1,1,2,2,2,1,1,1,2,2,2,2,1,2,0,1,1,1,2,1,0,2,1,2,2,0,1,1,0,1,0,1,1,2,1,0,1,1,1,1,2,0,2,0,1,1,2,2,2,1,0,0,1,1,1,1,1,0,1,2,1,1,2,1,1,2,2,1,1,0,2,2,2,1,1,1,1,1,2,0,2,0,2,0,2,2,2,2,1,1,1,0,0,0,0,0,0,2,0,1,1,0,0,2,0,2,2,1,0,0,0,1,0,2,2,2,0,0,0,1,1,0,2,2,2,1,1,1,0,0,0,0,0,0,1,2,2,2,2,1,0,2,2,2,0,1,2,2,2,1,0,2,0,2,0,2,2,1,0,0,2,1,1,307,193
435,Male,0,4,710,23.3,2,2,1,2,2,2,2,2,1,2,2,2,0,1,0,2,2,0,2,2,2,0,2,0,2,1,2,2,0,0,2,0,0,2,2,2,0,1,2,0,2,2,1,2,1,0,0,2,2,2,2,2,2,2,2,2,2,2,2,0,2,2,1,2,2,2,2,2,2,2,2,2,2,2,2,1,2,0,2,2,2,1,2,2,2,0,2,2,2,2,1,1,2,2,2,2,2,2,2,2,1,2,2,1,2,2,2,2,2,2,0,2,2,2,2,2,1,1,2,0,1,2,1,1,2,2,0,2,0,2,0,2,1,0,2,1,2,1,2,2,2,2,0,2,0,2,1,0,0,2,0,1,1,2,2,2,1,0,0,0,2,2,2,2,0,2,0,0,2,1,2,2,2,2,1,2,2,2,2,2,2,2,2,0,2,2,2,0,2,0,2,1,1,2,2,0,2,2,0,1,0,2,1,2,0,2,0,2,0,0,1,0,2,1,0,1,1,0,2,1,1,2,2,1,2,2,1,0,2,2,2,0,0,0,0,2,2,2,2,2,2,2,0,1,2,2,2,2,1,2,2,1,2,2,2,1,2,2,2,2,1,2,1,2,2,2,2,1,2,0,1,1,2,2,2,0,2,1,2,2,0,2,1,1,1,0,1,1,2,1,0,1,1,1,1,2,2,2,0,2,1,2,2,2,2,0,0,1,1,1,2,1,0,1,2,1,2,2,1,1,2,2,1,1,0,2,2,2,2,1,1,1,2,2,0,2,0,2,2,2,2,2,2,1,1,1,0,0,0,2,0,0,2,0,1,1,0,0,2,0,2,2,1,0,0,1,1,0,2,2,2,0,0,0,1,1,0,2,2,2,1,1,1,0,0,0,0,0,0,1,2,2,2,2,1,0,2,2,2,0,1,2,2,2,1,0,2,0,2,1,2,2,1,0,2,2,1,1,325,232
437,Male,0,3,557,18.3,2,0,0,2,2,2,1,2,2,1,2,1,1,0,0,0,0,0,2,0,1,0,2,0,2,0,0,0,0,0,1,1,0,1,1,0,0,0,2,0,0,1,0,0,1,0,0,1,0,2,1,0,2,2,1,0,2,2,2,1,1,2,2,1,1,1,1,2,2,1,1,2,1,1,2,0,2,0,2,0,0,1,2,1,0,0,2,0,1,0,1,0,0,0,0,1,0,1,1,1,1,1,1,0,1,1,1,2,1,1,0,2,2,0,0,1,0,0,1,0,0,1,1,0,0,1,0,0,0,2,1,2,1,0,1,0,1,1,1,1,2,1,0,0,1,1,0,0,0,0,0,0,0,1,0,2,0,1,1,1,0,1,1,0,0,1,0,1,0,0,0,1,1,0,0,0,0,0,0,0,1,1,0,0,0,0,0,1,0,0,0,0,0,1,0,0,1,0,0,1,0,0,1,1,0,0,0,0,0,0,1,0,0,0,0,0,0,0,0,1,2,0,0,0,2,0,0,0,2,0,0,0,0,0,0,0,0,0,0,2,2,0,0,0,1,1,2,1,0,2,0,0,0,2,2,0,0,2,2,0,2,1,0,2,1,0,0,0,0,0,1,1,1,1,2,0,1,0,1,0,2,2,0,1,0,0,0,1,1,0,0,0,1,0,0,1,0,0,0,0,1,1,0,1,1,0,0,0,0,0,0,0,0,0,0,1,1,1,0,2,1,0,0,0,0,1,1,1,1,0,1,0,0,1,0,1,0,1,0,1,1,0,1,0,0,0,0,0,0,0,0,0,1,0,0,0,0,0,0,0,0,0,1,0,0,1,0,1,0,0,0,0,0,0,0,0,0,0,0,0,0,0,0,0,0,0,0,0,0,1,2,0,0,0,0,0,0,0,0,0,0,0,0,0,0,1,1,0,0,0,0,0,0,0,0,0,0,0,169,52
437,Male,0,3,611,20.1,2,0,0,2,2,2,1,2,2,1,2,1,1,0,0,0,0,0,2,0,1,0,2,0,2,0,0,0,0,0,1,1,0,1,1,0,0,0,2,0,0,1,0,0,1,0,0,1,0,2,1,0,2,2,1,0,2,2,2,1,1,2,2,1,1,1,1,2,2,1,1,2,1,1,2,0,2,0,2,0,0,1,2,1,0,0,2,0,1,0,1,0,0,0,0,1,0,1,1,1,1,1,1,0,1,1,1,2,1,1,0,2,2,0,0,1,0,0,1,0,0,1,1,0,0,1,0,0,0,2,1,2,1,0,1,0,1,1,1,1,2,1,0,0,1,1,0,0,0,0,0,0,0,1,0,2,0,1,1,1,0,1,1,0,0,1,0,1,0,0,0,1,1,0,0,0,0,0,0,0,1,1,0,0,0,0,0,1,0,0,0,0,0,1,0,0,1,0,0,1,0,0,1,1,0,0,0,0,0,0,1,0,0,0,0,0,0,0,0,1,2,0,0,0,2,0,0,0,2,0,0,0,0,0,0,0,0,0,0,2,2,0,0,0,1,1,2,1,0,2,0,0,0,2,2,0,0,2,2,0,2,1,0,2,1,0,0,0,0,0,1,1,1,1,2,0,1,0,1,0,2,2,0,1,0,0,0,1,1,0,0,0,1,0,0,1,0,0,0,0,1,1,0,1,1,0,0,0,0,0,0,0,0,0,0,1,1,1,0,2,1,0,0,0,0,1,1,1,1,0,1,0,0,1,0,1,0,1,0,1,1,0,1,0,0,0,0,0,0,0,0,0,1,0,0,0,0,0,0,0,0,0,1,0,0,1,0,1,0,0,0,0,0,0,0,0,0,0,0,0,0,0,0,0,0,0,0,0,0,1,2,0,0,0,0,0,0,0,0,0,0,0,0,0,0,1,1,0,0,0,0,0,0,0,0,0,0,0,169,52
437,Male,0,3,755,24.8,2,2,2,2,2,2,2,2,2,1,2,1,1,1,1,2,0,0,2,2,2,0,2,0,2,2,2,2,0,0,2,1,0,2,1,2,1,2,2,0,0,2,0,0,2,0,0,2,0,2,2,0,2,2,2,2,2,2,2,1,2,2,2,2,2,2,2,2,2,2,1,2,1,1,2,2,2,0,2,2,2,1,2,2,0,0,2,2,1,1,1,2,2,2,1,1,0,2,2,2,2,2,2,2,1,2,2,2,2,2,1,2,2,2,2,1,2,1,2,0,0,2,1,0,0,2,0,2,0,2,1,2,1,1,1,1,2,1,2,1,2,2,1,1,2,2,1,0,2,1,1,1,2,1,2,2,2,2,2,2,2,2,2,2,2,2,1,2,1,2,2,2,2,1,1,2,1,2,1,2,2,1,0,1,1,2,2,2,2,0,1,0,0,1,0,0,2,0,2,1,0,2,1,1,2,1,0,2,0,2,1,0,2,0,2,1,1,2,2,1,2,2,0,0,2,1,2,1,2,1,1,0,1,0,0,2,2,0,1,2,2,0,0,0,2,2,2,2,2,2,2,2,1,2,2,0,2,2,2,2,2,1,1,2,1,2,0,1,2,0,1,2,2,2,2,1,2,2,2,0,2,2,1,1,1,2,1,1,1,0,0,2,2,2,1,1,1,2,0,1,2,2,1,2,2,1,1,1,2,1,2,0,0,1,1,1,1,1,1,2,2,1,1,1,1,1,1,1,2,0,1,0,2,1,0,1,0,1,1,1,2,2,2,1,2,1,2,0,2,0,1,0,1,2,1,0,0,1,2,1,0,0,2,2,2,2,0,1,2,2,0,0,1,0,0,1,0,0,0,2,2,0,2,0,1,0,0,1,0,2,2,2,0,2,0,0,2,0,1,1,1,1,1,1,0,1,1,0,2,0,2,1,0,0,1,1,1,1,329,201
439,Male,0,2,505,16.6,0,2,0,0,1,1,0,0,1,0,0,0,0,0,0,0,0,0,0,0,1,0,2,0,0,1,1,0,0,0,0,0,0,1,1,0,0,0,0,0,0,0,0,0,1,0,0,0,0,0,0,0,0,1,0,0,0,0,0,0,1,0,0,0,0,1,1,2,1,1,0,1,0,0,1,0,0,0,1,0,0,0,0,0,2,0,1,0,0,0,1,0,0,0,0,0,0,0,1,1,0,0,0,0,0,0,0,0,0,0,0,1,0,0,0,0,0,0,0,0,0,1,0,0,0,1,0,0,0,1,0,0,1,0,1,1,1,1,1,0,1,1,0,0,0,0,0,0,0,0,0,0,0,1,0,1,0,0,0,0,0,0,0,0,0,0,0,0,0,0,0,0,0,0,0,0,0,0,0,0,0,1,0,0,0,1,0,1,0,0,0,0,0,0,0,1,0,0,0,0,0,0,0,0,1,0,0,0,0,0,0,0,1,0,0,1,0,0,0,0,1,1,0,0,2,0,1,0,2,0,0,0,0,0,0,0,0,0,0,2,2,0,0,0,1,0,0,1,0,1,1,1,1,1,1,0,0,1,0,0,1,1,0,2,0,1,0,0,0,0,1,0,0,1,1,0,0,1,1,0,0,1,0,1,0,0,0,1,0,0,0,0,0,0,0,0,0,1,0,0,0,0,0,1,0,0,0,0,0,0,0,0,0,0,0,1,0,1,0,1,1,0,0,0,0,0,1,1,1,0,0,0,0,0,0,0,0,0,0,0,0,0,0,0,0,0,0,1,1,0,0,0,1,0,0,0,0,0,0,0,0,0,0,0,0,0,0,0,0,0,0,0,0,0,1,0,0,0,0,0,0,0,0,0,0,0,0,0,0,0,0,0,0,0,0,0,0,0,0,0,0,0,0,0,0,0,0,0,1,0,0,0,0,0,0,0,0,0,89,9
439,Male,0,2,713,23.4,2,2,1,2,1,1,2,2,1,0,2,2,1,2,2,2,2,2,2,2,2,0,2,0,2,2,2,1,2,0,1,0,0,2,2,2,2,2,2,1,0,2,2,2,2,0,2,2,2,2,0,0,0,1,1,0,2,2,2,1,2,2,1,2,2,1,2,2,2,2,2,2,2,2,2,2,2,2,2,2,2,1,2,2,2,0,2,2,2,2,2,2,2,2,2,2,2,2,2,2,2,2,2,2,2,2,2,2,2,2,1,2,2,2,2,2,2,2,2,0,2,2,0,1,2,2,2,2,0,2,2,2,2,2,2,2,2,2,2,2,2,2,1,2,2,2,2,0,2,2,0,2,2,2,2,2,2,1,2,0,2,2,2,2,2,2,2,2,2,2,2,2,2,2,2,2,0,2,2,2,2,2,2,0,2,2,2,2,2,0,2,2,0,2,0,2,2,0,2,1,1,2,0,2,2,2,0,2,2,0,2,2,2,2,0,2,2,2,2,2,2,2,2,2,2,2,2,0,2,2,2,0,2,0,2,2,2,2,2,2,2,0,0,2,2,2,2,2,1,2,2,2,2,2,2,0,2,2,2,2,2,1,0,2,2,2,1,1,2,1,1,1,2,2,2,1,2,2,2,1,1,2,2,1,1,2,1,2,2,1,1,2,2,0,1,2,2,2,0,2,2,2,1,2,2,2,2,1,2,1,2,1,2,2,1,1,1,2,2,2,2,2,2,2,1,2,2,2,2,2,2,2,1,2,1,2,2,2,2,2,2,2,2,1,2,2,1,2,2,2,2,2,2,2,2,2,1,2,2,1,2,2,2,2,1,2,2,2,2,2,2,1,1,1,1,1,0,2,0,2,2,1,0,0,0,0,1,1,2,0,1,1,0,0,1,1,0,2,2,2,1,2,2,1,0,1,2,0,1,0,2,0,2,0,2,0,2,2,364,297
440,Male,0,2,607,20,2,2,0,0,1,1,1,2,2,2,1,1,1,1,1,2,1,1,1,1,1,0,1,0,2,1,2,1,1,0,1,0,0,2,1,1,0,1,1,0,0,1,1,1,1,0,0,0,1,1,1,1,1,2,1,0,2,2,1,0,1,1,1,0,1,1,1,2,1,1,0,1,1,0,2,1,0,0,1,0,2,1,0,0,1,0,1,1,1,1,1,0,0,1,1,1,1,1,2,2,1,1,2,1,1,2,2,2,0,1,0,1,1,1,1,1,2,0,1,0,0,1,1,0,1,1,1,1,0,2,0,1,1,0,1,0,1,1,1,1,1,2,1,0,1,1,1,0,0,1,0,1,1,1,1,1,1,1,1,0,2,1,1,1,1,1,0,1,2,1,1,1,1,0,0,1,0,1,1,2,1,1,0,0,1,1,0,1,1,0,1,0,0,1,1,0,1,1,0,1,0,1,0,1,1,1,0,1,0,1,0,0,1,0,1,1,0,1,1,1,1,1,0,0,2,1,1,1,2,0,0,0,1,1,2,1,1,1,2,2,1,0,0,0,1,1,2,1,0,2,2,1,1,1,2,1,1,1,1,0,2,1,0,1,1,1,0,0,0,0,1,1,1,1,1,0,1,1,1,0,0,1,1,1,0,0,1,1,1,0,1,1,1,1,1,1,1,1,0,1,1,1,0,1,1,0,0,0,1,1,1,1,0,1,0,1,1,1,1,1,1,0,1,0,0,0,1,1,1,0,0,0,2,1,0,1,0,0,1,0,1,0,1,0,0,1,0,1,1,0,1,0,2,1,1,1,1,1,0,0,1,0,1,0,0,1,1,1,1,1,0,0,0,0,1,0,0,0,0,0,0,0,0,0,0,0,0,1,0,1,2,1,0,0,0,0,0,1,1,1,0,0,1,0,0,0,1,0,1,1,2,0,0,0,0,0,0,0,271,41
440,Male,0,2,705,23.2,2,2,0,2,2,2,1,2,2,2,2,2,1,2,2,2,2,2,2,1,2,0,2,1,2,2,2,2,2,1,1,0,0,2,2,2,1,1,1,0,0,1,1,1,1,0,1,1,1,1,1,1,1,2,1,0,2,2,1,0,2,1,2,1,2,1,2,2,2,2,1,2,1,1,2,1,1,0,1,1,2,2,1,2,1,1,2,2,2,2,2,1,2,2,2,2,1,1,2,2,1,1,2,1,1,2,2,2,0,1,0,1,1,1,1,1,2,0,1,0,2,2,1,1,1,2,1,1,0,2,1,2,2,1,1,1,1,1,2,1,1,2,1,0,1,1,1,0,0,1,0,1,1,2,2,2,2,1,2,1,2,2,2,2,1,1,0,1,2,1,1,1,2,1,2,1,1,1,2,2,1,2,0,0,2,1,2,1,2,0,1,0,0,2,1,0,1,1,1,1,0,1,0,1,1,1,0,1,0,1,1,1,1,1,1,1,1,1,1,1,1,1,0,2,2,2,1,1,2,0,1,1,1,1,2,2,2,1,2,2,2,1,0,2,2,2,2,2,1,2,2,1,1,1,2,1,2,2,2,2,2,2,1,1,1,1,1,1,1,0,1,1,1,1,2,0,1,1,1,1,1,1,1,1,1,1,1,1,2,1,2,1,1,2,1,2,1,2,0,1,2,2,1,1,1,2,2,1,1,1,2,1,0,2,1,1,1,1,2,1,1,1,1,1,0,2,1,1,1,1,1,0,2,1,0,1,1,1,1,1,1,2,2,1,1,1,0,1,1,0,1,0,2,1,1,1,1,1,2,1,2,0,1,1,0,1,1,1,1,1,0,1,1,0,1,1,2,0,1,0,1,0,0,0,0,0,0,1,0,2,2,1,1,1,2,1,1,1,1,1,1,1,1,2,2,1,1,2,1,1,2,1,1,1,2,0,1,1,361,137
443,Male,0,2,652,21.4,2,2,1,2,2,2,1,2,2,1,2,2,0,1,2,2,2,1,2,1,2,0,2,0,2,1,2,1,2,1,1,1,0,2,2,2,1,1,2,1,2,2,2,1,2,0,0,2,2,2,2,2,2,2,1,1,2,2,2,2,2,2,1,1,2,1,2,2,2,1,1,1,1,1,2,2,1,1,2,1,2,1,1,1,1,1,1,1,1,1,1,1,2,1,2,2,0,1,2,2,2,2,2,2,2,2,2,2,2,2,1,2,2,2,2,1,1,0,1,0,0,2,1,1,1,2,0,1,0,1,1,2,1,1,2,1,2,1,2,1,1,2,1,0,1,1,1,0,0,0,1,1,2,2,2,1,1,1,1,0,2,2,2,0,2,2,1,1,2,2,1,2,2,1,1,1,1,2,1,2,1,2,1,0,1,2,2,2,1,1,1,1,0,2,1,1,1,0,0,1,0,2,1,2,0,2,0,1,1,2,1,1,1,0,0,1,1,0,2,0,1,1,0,0,2,2,0,0,2,1,1,0,1,1,1,2,0,2,0,2,0,0,1,1,2,2,2,1,0,2,2,1,1,2,2,2,2,2,0,2,2,2,1,2,1,0,0,0,1,0,0,2,2,1,2,1,1,1,2,1,1,1,1,2,2,2,2,1,2,0,1,1,1,2,0,2,2,2,0,2,2,1,1,2,2,2,2,1,2,1,1,0,0,0,1,1,1,1,1,2,2,1,1,0,0,2,2,1,2,0,1,0,2,1,1,2,0,1,1,2,2,1,1,1,1,2,1,1,1,1,2,1,2,1,1,2,1,1,2,1,2,0,0,0,1,1,2,1,1,2,0,0,1,1,1,0,1,1,1,1,1,1,1,1,1,0,0,0,2,1,2,1,2,2,1,0,0,0,2,2,1,2,2,2,2,1,2,1,2,1,2,1,1,1,2,1,1,1,350,168
443,Male,0,2,748,24.6,2,2,2,2,2,2,2,2,2,2,2,2,2,2,2,2,2,1,2,2,2,1,2,2,2,2,2,2,2,1,2,1,1,2,2,2,2,1,2,1,2,2,2,1,2,1,2,2,2,2,2,2,2,2,2,2,2,2,2,2,2,2,2,1,2,2,2,2,2,2,1,2,2,1,2,2,1,1,2,2,2,1,2,1,2,1,2,2,2,1,2,1,2,2,2,2,1,2,2,2,2,2,2,2,2,2,2,2,2,2,1,2,2,2,2,2,2,2,2,2,1,2,2,2,2,2,1,2,2,2,2,2,2,1,2,2,2,2,2,2,2,2,2,1,2,1,1,1,1,1,1,1,2,2,2,2,2,2,2,1,2,2,2,1,2,2,1,2,2,2,2,2,2,2,1,2,1,2,2,2,1,2,1,1,2,2,2,2,1,1,2,2,1,2,1,1,2,1,2,2,1,2,1,2,1,2,1,1,2,2,1,1,2,1,1,1,1,1,2,2,2,1,1,1,2,2,1,1,2,1,1,1,1,1,2,2,1,2,2,2,2,1,1,1,2,2,2,1,1,2,2,1,2,2,2,2,2,2,2,2,2,2,1,2,1,1,1,1,2,1,2,2,2,2,2,1,2,2,2,2,2,2,2,2,2,2,2,1,2,1,1,2,2,2,1,2,2,2,1,2,2,1,1,2,2,2,2,1,2,2,2,1,1,2,1,2,2,2,2,2,2,2,2,1,1,2,2,2,2,1,1,1,2,2,1,2,1,2,2,2,2,1,1,1,1,2,1,1,1,2,2,2,2,1,2,2,1,1,2,1,2,1,1,0,1,1,2,1,2,2,2,1,1,1,1,1,1,1,1,1,1,1,1,1,1,1,1,1,2,1,2,1,2,2,2,1,2,1,2,2,1,2,2,2,2,1,2,1,2,1,2,2,1,1,2,1,1,1,417,271
447,Male,0,2,604,19.9,2,2,2,2,2,2,0,1,2,2,2,2,1,1,2,2,1,1,2,1,2,1,2,1,2,1,1,2,1,1,1,0,1,1,1,1,1,1,2,0,0,1,1,1,1,0,2,2,0,2,1,0,1,2,1,1,1,2,2,2,2,1,1,2,1,1,2,1,1,1,0,2,0,0,2,1,1,0,1,2,2,2,1,0,0,0,1,1,0,1,1,0,1,0,2,1,1,1,2,2,0,1,2,1,1,2,1,2,2,1,1,2,1,1,1,0,1,1,1,0,0,2,0,1,1,1,1,1,1,2,0,2,2,1,1,1,2,1,1,2,1,2,1,0,1,1,1,0,0,0,0,0,0,1,1,1,1,0,1,0,1,0,2,2,1,0,0,0,1,0,1,1,2,0,0,0,0,1,1,1,0,2,0,1,1,1,0,2,2,0,1,2,1,1,0,0,1,1,0,1,0,2,0,1,0,0,0,2,1,0,0,0,1,0,0,0,0,0,1,2,1,1,1,0,2,0,0,1,2,0,0,1,0,0,0,0,0,0,0,2,0,1,0,0,1,1,2,1,1,1,2,1,1,2,2,1,1,2,1,1,2,1,0,1,0,1,0,0,0,0,0,0,1,0,1,0,1,1,1,0,0,1,0,1,1,0,1,1,1,0,0,0,0,1,0,0,1,1,0,0,1,1,0,0,1,0,0,0,1,0,0,1,0,0,0,1,1,1,0,1,1,1,1,1,1,1,1,1,1,0,1,0,2,1,0,0,1,0,1,0,0,1,0,0,0,0,0,1,1,1,0,0,2,1,0,0,0,0,1,0,0,1,0,0,0,1,1,1,1,0,0,0,0,0,1,0,0,1,0,0,1,0,0,0,0,0,0,0,0,0,0,0,0,0,0,0,0,0,1,0,0,1,0,0,0,0,1,0,2,0,1,0,0,0,0,0,0,1,246,70
447,Male,0,2,735,24.2,2,2,2,2,2,2,2,2,2,2,2,2,1,2,2,2,2,2,2,2,2,1,2,1,2,2,2,2,2,1,2,0,1,2,2,2,2,2,2,0,0,2,2,2,1,0,2,2,2,2,2,1,2,2,1,2,2,2,2,2,2,2,2,2,2,2,2,2,2,2,0,2,2,2,2,2,2,0,2,2,2,2,1,0,2,1,2,2,2,2,2,1,2,2,2,2,2,2,2,2,2,2,2,2,2,2,2,2,2,2,1,2,1,2,2,2,1,2,2,1,1,2,0,2,2,2,2,1,1,2,0,2,2,2,2,2,2,2,2,2,2,2,2,0,2,2,2,0,2,1,0,2,1,2,2,2,2,1,2,1,2,1,2,2,1,2,1,2,2,1,2,2,2,1,2,2,0,2,1,2,2,2,0,2,2,2,0,2,2,0,2,2,1,2,0,0,2,2,0,2,0,2,0,2,2,2,0,2,1,1,2,2,2,1,0,2,2,2,2,2,1,1,1,0,2,1,0,1,2,0,1,1,0,0,1,2,2,2,1,2,0,2,0,0,2,2,2,2,1,2,2,2,2,2,2,1,2,2,1,2,2,1,1,1,0,1,0,1,2,0,1,1,2,2,2,0,1,2,2,0,2,2,0,2,1,1,1,1,1,2,2,0,1,2,0,1,2,1,0,0,2,1,0,1,2,2,1,1,2,2,2,1,0,1,1,2,2,2,1,2,2,2,1,1,1,2,2,2,1,0,2,1,2,2,0,1,2,2,2,1,1,2,2,2,2,2,0,1,1,2,1,1,2,2,0,2,1,1,2,0,2,2,1,0,1,1,2,1,2,2,2,0,2,0,1,0,0,1,2,1,2,0,1,1,0,0,0,0,0,0,0,0,0,0,0,0,2,2,2,2,0,2,1,2,0,0,2,2,2,0,2,0,0,0,0,0,0,1,342,249
451,Male,0,6,494,16.2,0,1,0,0,1,1,0,1,2,0,2,1,1,1,0,1,1,0,1,0,1,0,2,0,1,0,2,1,0,0,1,0,0,1,1,0,0,0,1,0,1,1,1,0,0,0,0,0,0,1,1,1,1,2,1,0,1,1,1,0,1,1,0,1,1,1,1,2,1,0,0,0,1,1,1,0,1,0,1,0,2,1,0,0,1,0,1,0,0,2,0,0,0,1,1,1,0,0,1,1,1,1,1,1,1,1,1,1,0,1,0,1,1,1,1,0,0,1,1,0,0,1,0,1,1,1,0,1,1,2,0,1,0,1,1,0,1,0,1,0,1,2,0,0,1,1,0,0,0,0,0,1,1,1,0,1,1,0,0,0,1,0,1,0,0,1,0,0,1,0,1,1,1,0,1,1,0,0,0,1,0,1,0,0,1,1,1,1,0,0,1,0,1,1,1,0,1,0,1,0,0,2,1,1,0,0,0,1,0,1,1,0,0,1,0,0,0,0,2,1,1,1,0,0,1,0,0,0,2,1,1,0,0,0,0,1,1,1,1,2,2,0,0,0,1,1,2,1,0,2,2,1,0,1,2,0,1,1,1,0,2,1,0,2,1,1,0,0,1,0,0,1,1,1,1,0,1,0,1,1,0,1,0,1,1,0,0,0,1,0,0,0,0,0,0,1,1,1,0,0,1,1,0,1,1,1,1,0,1,1,1,0,0,0,0,1,1,1,1,1,1,1,1,0,0,0,2,1,1,0,0,0,1,0,0,0,0,0,1,1,1,0,1,0,1,1,0,0,1,0,1,0,1,1,0,0,0,1,1,0,1,1,1,0,0,0,0,1,1,0,0,0,0,0,1,0,0,0,0,0,0,0,0,0,0,0,0,0,0,1,1,0,0,0,1,0,0,0,1,0,1,1,1,1,1,0,2,0,2,0,1,0,0,0,0,0,0,0,217,24
451,Male,0,6,558,18.3,2,2,0,0,2,2,0,2,2,0,2,1,1,2,0,2,1,1,2,1,1,0,2,0,2,1,2,1,1,0,2,0,0,1,1,0,0,0,1,0,1,1,1,0,0,0,2,1,1,1,1,2,1,2,1,0,1,2,1,0,2,1,0,1,1,1,2,2,1,0,0,0,1,1,2,0,2,0,2,1,2,1,0,0,1,0,2,0,1,2,1,0,0,2,2,1,0,1,1,1,1,1,1,1,2,1,1,1,0,1,0,2,1,1,1,0,0,1,1,0,1,2,0,1,1,1,0,1,1,2,0,2,1,1,1,1,1,0,1,1,1,2,0,0,1,1,1,0,0,0,1,1,1,1,1,1,1,0,0,0,2,1,1,0,0,1,0,0,1,0,1,1,1,0,1,1,0,2,1,2,1,2,1,2,1,2,1,1,0,0,1,1,1,1,1,0,1,1,1,1,0,2,1,1,1,0,0,1,0,1,1,0,1,1,0,0,0,0,2,1,1,1,0,0,2,1,0,0,2,1,1,1,1,0,1,2,2,1,1,2,2,1,0,1,1,1,2,1,0,2,2,1,1,2,2,0,2,2,2,1,2,1,1,2,1,1,0,0,1,0,0,2,1,1,2,0,1,1,2,1,0,1,0,1,1,1,1,1,2,1,0,1,0,0,0,2,1,2,0,1,2,1,1,1,1,1,1,0,1,1,1,0,0,0,0,1,1,1,1,2,2,2,1,0,0,1,2,1,1,1,0,0,1,1,0,1,1,1,1,2,1,1,2,0,1,1,0,1,2,1,1,0,2,1,0,1,0,2,1,0,1,1,1,0,0,0,0,1,1,1,1,0,0,0,1,1,0,0,1,0,1,1,0,0,0,0,0,0,0,1,1,0,0,0,1,0,0,0,1,0,1,1,1,2,1,0,2,0,2,0,1,0,0,0,0,0,0,0,280,78
451,Male,0,6,614,20.2,2,2,0,2,2,2,2,2,2,2,2,1,2,2,2,2,2,2,2,1,2,0,2,1,2,2,2,2,2,0,2,0,0,2,2,0,1,2,2,0,1,2,2,1,1,0,2,1,1,2,1,2,2,2,2,0,2,2,2,1,2,2,1,2,1,2,2,2,2,1,1,2,1,1,2,0,2,0,2,2,2,2,1,0,1,0,2,1,2,2,2,0,0,2,2,2,0,1,2,2,1,2,2,1,2,2,2,2,1,2,0,2,1,2,1,0,0,2,2,0,2,2,1,1,2,2,0,2,1,2,1,2,1,1,2,1,2,1,2,1,1,2,1,0,1,2,1,0,0,0,1,1,1,2,2,1,1,0,1,0,2,1,2,0,1,2,0,1,2,0,2,2,2,1,1,2,0,2,2,2,1,2,2,2,2,2,1,1,1,1,2,2,1,2,1,0,2,2,2,2,1,2,1,2,2,1,0,1,0,1,1,0,1,1,0,1,0,0,2,2,2,1,1,1,2,1,0,0,2,1,2,1,1,0,1,2,2,1,1,2,2,1,0,1,2,2,2,1,1,2,2,1,2,2,2,0,2,2,2,2,2,1,1,2,1,2,0,1,1,0,1,2,2,1,2,0,1,1,2,2,1,1,2,1,1,1,1,1,2,1,0,1,0,1,1,2,2,2,1,2,2,2,1,2,2,2,2,0,1,1,1,1,0,0,0,2,1,2,1,2,2,2,2,0,0,2,2,2,2,2,2,0,2,1,0,2,2,1,1,2,2,1,2,2,1,2,0,1,2,2,1,0,2,2,1,1,0,2,2,1,2,2,1,1,0,1,0,2,2,1,1,1,1,1,2,1,1,1,2,1,1,2,1,2,0,0,0,1,0,2,2,2,0,0,1,1,1,2,2,2,2,2,2,2,1,1,2,1,2,1,1,1,0,0,0,0,2,1,347,203
451,Male,0,6,656,21.6,2,2,0,2,2,2,2,2,2,2,2,2,2,2,2,2,2,2,2,1,2,2,2,1,2,2,2,2,2,0,2,1,1,2,2,1,1,2,2,0,2,2,2,1,1,0,2,2,2,2,2,2,2,2,2,0,2,2,2,2,2,2,2,2,2,2,2,2,2,2,2,2,2,1,2,0,2,0,2,2,2,2,2,2,2,1,2,2,2,2,2,0,1,2,2,2,0,2,2,2,2,2,2,2,2,2,2,2,2,2,1,2,2,2,2,1,0,2,2,0,2,2,2,2,2,2,1,2,2,2,2,2,1,2,2,2,2,2,2,1,2,2,2,2,1,2,1,0,2,0,1,1,2,2,2,2,2,2,2,2,2,2,2,1,1,2,0,1,2,0,2,2,2,2,2,2,0,2,2,2,2,2,2,2,2,2,2,1,1,1,2,2,1,2,2,0,2,2,2,2,1,2,2,2,2,2,1,2,2,2,1,1,2,1,0,2,0,0,2,2,2,2,2,1,2,2,0,0,2,2,2,1,1,0,2,2,2,2,2,2,2,1,0,1,2,2,2,2,1,2,2,1,2,2,2,0,2,2,2,2,2,1,1,2,1,2,2,2,2,0,2,2,2,1,2,0,2,1,2,2,1,1,2,2,2,2,1,1,2,1,1,2,2,2,1,2,2,2,1,2,2,2,1,2,2,2,2,0,1,2,2,1,0,2,2,2,2,2,2,2,2,2,2,1,2,2,2,2,2,2,2,0,2,2,1,2,2,2,2,2,2,1,2,2,2,2,0,2,2,2,2,0,2,2,1,1,0,2,2,1,2,2,2,1,0,2,0,2,2,2,2,1,1,1,2,1,1,1,2,2,2,2,2,2,0,0,0,1,0,2,2,2,0,0,1,1,1,2,2,2,2,2,2,2,2,1,2,1,2,2,2,1,0,0,0,2,2,1,374,298
451,Male,0,6,754,24.8,2,2,0,2,2,2,2,2,2,2,2,2,2,2,2,2,2,2,2,2,2,2,2,1,2,2,2,2,2,0,2,1,1,2,2,2,2,2,2,2,2,2,2,2,2,0,2,2,2,2,2,2,2,2,2,1,2,2,2,2,2,2,2,2,2,2,2,2,2,2,2,2,2,1,2,2,2,0,2,2,2,2,2,2,2,1,2,2,2,2,2,0,2,2,2,2,0,2,2,2,2,2,2,2,2,2,2,2,2,2,2,2,2,2,2,1,1,2,2,0,2,2,2,2,2,2,2,2,2,2,2,2,2,2,2,2,2,2,2,2,2,2,2,2,2,2,2,0,2,2,1,2,2,2,2,2,2,2,2,2,2,2,2,2,2,2,0,1,2,2,2,2,2,2,2,2,1,2,2,2,2,2,2,2,2,2,2,2,2,1,2,2,1,2,2,0,2,2,2,2,1,2,2,2,2,2,2,2,2,2,2,1,2,1,1,2,0,0,2,2,2,2,2,2,2,2,0,0,2,2,2,1,2,0,2,2,2,2,2,2,2,2,0,2,2,2,2,2,2,2,2,2,2,2,2,2,2,2,2,2,2,2,2,2,2,2,2,2,2,0,2,2,2,2,2,0,2,2,2,2,2,2,2,2,2,2,2,2,2,2,2,2,2,2,2,2,2,2,2,2,2,2,2,2,2,2,2,2,2,2,2,2,0,2,2,2,2,2,2,2,2,2,2,2,2,2,2,2,2,2,2,1,2,2,1,2,2,2,2,2,2,2,2,2,2,2,0,2,2,2,2,0,2,2,2,2,0,2,2,1,2,2,2,2,1,2,1,2,2,2,2,1,1,2,2,2,2,2,2,2,2,2,2,2,2,1,1,2,0,2,2,2,2,2,2,1,2,2,2,2,2,2,2,2,2,2,2,2,2,2,2,1,0,2,2,2,2,1,394,364
451,Male,0,6,837,27.5,2,2,0,2,2,2,2,2,2,2,2,2,2,2,2,2,2,2,2,2,2,2,2,2,2,2,2,2,2,0,2,2,2,2,2,2,2,2,2,2,2,2,2,2,2,0,2,2,2,2,2,2,2,2,2,1,2,2,2,2,2,2,2,2,2,2,2,2,2,2,2,2,2,2,2,2,2,0,2,2,2,2,2,2,2,2,2,2,2,2,2,2,2,2,2,2,0,2,2,2,2,2,2,2,2,2,2,2,2,2,2,2,2,2,2,1,2,2,2,2,2,2,2,2,2,2,2,2,2,2,2,2,2,2,2,2,2,2,2,2,2,2,2,2,2,2,2,0,2,2,2,2,2,2,2,2,2,2,2,2,2,2,2,2,2,2,2,1,2,2,2,2,2,2,2,2,1,2,2,2,2,2,2,2,2,2,2,2,2,1,2,2,1,2,2,2,2,2,2,2,2,2,2,2,2,2,2,2,2,2,2,1,2,2,2,2,2,0,2,2,2,2,2,2,2,2,0,2,2,2,2,2,2,2,2,2,2,2,2,2,2,2,0,2,2,2,2,2,2,2,2,2,2,2,2,2,2,2,2,2,2,2,2,2,2,2,2,2,2,0,2,2,2,2,2,2,2,2,2,2,2,2,2,2,2,2,2,2,2,2,2,2,2,2,2,2,2,2,2,2,2,2,2,2,2,2,2,2,2,2,2,2,1,2,2,2,2,2,2,2,2,2,2,2,2,2,2,2,2,2,2,2,2,2,2,2,2,2,2,2,2,2,2,2,2,2,2,2,2,2,2,1,2,2,2,2,0,2,2,2,2,2,2,2,2,2,2,2,2,2,2,2,2,2,2,2,2,2,2,2,2,2,2,2,2,2,2,2,2,2,2,2,2,2,2,2,2,2,2,2,2,2,2,2,2,2,2,2,2,2,2,2,2,2,2,2,2,2,407,398
453,Male,0,2,711,23.4,0,2,0,2,0,2,0,0,2,0,2,2,0,2,2,2,0,2,2,0,0,0,2,0,0,2,1,0,1,0,1,0,0,1,2,0,0,0,2,0,0,1,1,0,1,0,0,2,2,2,2,0,1,2,2,1,2,2,2,0,2,2,0,0,2,2,2,2,2,0,0,2,2,0,0,0,2,0,2,0,1,0,2,0,1,0,1,0,0,2,1,0,2,1,0,1,1,0,1,2,1,1,1,1,1,2,1,1,1,1,0,1,1,1,1,1,1,1,1,0,1,2,1,1,1,1,1,1,1,1,1,1,1,1,1,1,1,1,1,1,1,2,1,0,1,1,1,0,1,1,0,1,1,1,1,2,1,2,1,0,1,1,2,1,1,2,1,1,2,1,2,1,1,1,0,2,1,1,1,2,1,1,0,0,1,1,1,0,1,0,1,1,1,1,0,1,1,0,1,1,0,2,0,1,1,0,0,0,0,1,1,1,1,0,0,0,0,0,1,1,1,1,2,0,2,1,0,0,2,0,0,0,0,0,0,2,1,0,0,2,2,0,0,0,1,1,2,1,1,1,2,1,0,2,2,1,2,2,2,2,2,1,1,1,0,1,2,1,1,1,1,1,0,1,2,0,1,1,2,1,1,1,1,0,1,0,1,1,2,1,1,2,0,0,0,2,0,2,0,0,1,0,0,1,1,2,1,0,1,1,1,1,0,1,0,1,1,1,1,1,1,0,1,0,0,1,0,1,1,1,0,0,2,1,0,1,2,2,1,0,0,0,2,0,1,1,0,1,1,2,0,0,0,0,1,0,0,1,0,0,2,2,0,0,0,0,0,0,1,0,2,0,0,0,0,1,0,0,0,2,1,1,0,0,0,0,0,0,0,0,2,1,0,0,2,0,0,0,0,0,0,0,0,0,0,0,1,0,2,0,2,0,0,0,0,0,0,2,256,88
453,Male,0,2,794,26.1,2,2,1,2,1,2,1,2,2,1,2,2,1,2,2,2,2,2,2,1,2,0,2,1,2,2,2,2,1,1,2,1,1,2,2,2,2,1,2,1,2,2,2,2,2,0,1,2,2,2,2,1,2,2,2,1,2,2,2,2,2,2,1,1,2,2,2,2,2,1,1,2,2,1,2,1,2,0,2,2,2,1,2,0,2,0,1,2,2,2,2,0,2,2,1,1,2,1,2,2,2,2,2,1,2,2,2,2,2,1,0,2,2,2,2,2,1,1,1,0,1,2,1,1,1,2,1,1,1,2,1,2,1,1,2,1,2,1,2,2,2,2,1,1,1,1,1,0,2,2,0,1,1,2,1,2,2,2,2,0,2,2,2,2,2,2,1,2,2,2,2,2,2,2,0,2,1,2,2,2,2,2,2,0,2,2,2,0,2,0,2,2,1,2,0,2,2,0,2,1,1,2,1,2,1,1,0,1,1,2,2,1,1,1,1,1,1,1,1,1,1,1,2,0,2,1,1,0,2,1,1,2,0,0,1,2,1,2,2,2,2,2,0,0,2,1,2,1,2,2,2,1,1,2,2,1,2,2,2,2,2,1,1,2,0,2,2,2,2,1,2,2,1,2,2,0,1,1,2,1,1,1,2,0,1,1,2,1,2,1,1,2,1,2,1,2,1,2,0,1,2,1,2,1,1,2,2,1,2,2,2,1,1,2,1,2,1,2,1,2,1,1,1,0,0,1,2,1,1,1,2,1,2,2,1,2,2,2,1,1,1,1,2,1,1,1,0,1,1,2,1,0,2,1,2,1,1,1,1,0,2,2,1,0,1,1,1,1,1,2,2,0,1,0,0,1,2,0,1,2,2,2,1,0,0,0,0,0,0,1,2,2,0,0,2,0,1,0,1,2,1,0,0,2,0,1,2,0,2,1,2,1,0,0,0,0,1,2,362,209
458,Male,1,2,528,17.4,2,0,0,0,0,2,0,0,0,0,0,0,0,1,0,0,0,0,0,1,0,0,0,0,1,0,2,1,1,0,0,0,0,0,0,0,0,0,0,0,0,0,0,0,0,0,0,0,0,1,0,0,1,1,0,0,1,2,0,0,0,0,0,0,0,0,1,1,1,0,0,0,0,0,0,0,0,0,0,0,0,0,1,0,2,0,0,0,0,0,0,0,2,0,0,0,0,0,0,0,0,0,0,0,0,0,0,0,0,0,0,0,0,0,0,0,0,0,0,0,0,0,0,0,0,0,0,0,0,1,0,1,0,0,0,0,0,0,0,0,0,1,0,0,0,0,0,0,0,0,0,0,0,0,0,0,0,0,0,0,0,0,0,0,0,0,0,0,0,0,0,0,0,0,0,0,0,0,0,2,0,0,0,0,0,0,0,0,0,0,0,0,0,0,0,0,0,0,0,0,0,0,0,0,0,0,0,0,0,0,0,0,0,0,0,0,0,0,0,0,0,0,0,0,1,0,0,0,0,0,0,0,0,0,0,0,0,0,0,0,0,0,0,0,0,0,0,0,0,0,0,0,0,0,0,0,0,0,0,0,0,0,0,0,0,0,0,0,0,0,0,0,0,0,0,0,0,0,0,0,0,0,0,0,0,0,0,0,0,0,0,0,0,0,0,0,0,0,0,0,0,0,0,0,0,0,0,0,0,0,0,0,0,0,0,0,0,0,0,0,0,0,0,0,0,0,0,0,0,0,0,0,0,0,0,0,0,0,0,0,0,0,0,0,0,0,0,0,0,0,0,0,0,0,0,0,0,0,0,0,0,0,0,0,0,0,0,0,0,0,0,0,0,0,0,0,0,0,0,0,0,0,0,0,0,0,0,0,0,0,0,0,0,0,0,0,0,0,0,0,0,0,0,0,0,0,0,0,0,0,0,0,0,0,0,0,0,0,24,7
458,Male,1,2,938,30.8,2,2,2,2,2,2,2,2,2,2,2,2,2,2,2,2,2,2,2,2,2,1,2,0,2,2,2,2,2,0,2,1,0,2,2,2,2,1,2,0,0,2,2,2,2,0,2,0,2,2,0,0,2,2,0,2,2,2,2,0,2,2,0,2,2,2,2,2,2,2,1,2,2,0,2,2,2,2,2,2,2,2,2,2,2,0,2,2,2,0,2,2,2,2,2,0,0,0,2,2,2,2,0,0,0,2,2,2,2,2,1,2,2,2,2,0,1,2,2,2,1,2,2,1,2,2,0,1,1,2,0,2,2,1,2,2,2,2,2,1,1,2,0,0,1,2,2,1,2,0,0,2,0,2,2,2,2,2,2,1,2,2,2,2,2,1,2,2,2,2,2,2,2,2,1,2,2,2,2,2,1,2,0,1,1,2,2,2,2,1,2,2,1,2,2,2,2,1,2,0,0,2,0,2,1,2,0,2,0,2,2,0,2,0,0,2,2,2,2,2,2,2,2,2,2,2,2,1,2,2,2,0,1,2,2,1,2,1,1,2,1,2,1,1,2,2,2,2,2,2,2,2,2,2,2,1,2,2,2,2,2,2,2,2,0,2,2,0,0,2,2,2,2,2,2,1,2,2,2,2,0,2,0,1,1,2,2,2,2,1,2,2,2,1,0,2,2,2,2,2,2,2,1,2,2,0,1,2,2,2,2,2,0,2,2,1,2,2,1,2,2,2,2,1,2,1,1,2,2,1,1,2,2,1,1,2,2,2,0,2,2,1,2,2,1,2,1,1,1,2,2,0,2,2,0,2,0,2,2,0,0,2,1,1,1,1,1,2,2,2,2,0,2,0,2,1,0,0,2,1,1,1,1,0,0,0,0,0,0,0,2,2,0,0,2,0,0,0,0,0,0,0,0,0,0,0,0,0,0,0,0,0,0,0,0,0,0,0,329,264
464,Female,0,2,437,14.4,0,0,0,0,1,1,0,1,0,0,1,0,0,0,0,0,0,0,2,0,2,0,2,0,1,0,0,0,0,0,0,0,0,0,0,0,0,0,0,0,0,0,0,0,1,0,0,0,0,0,0,0,0,1,0,1,0,0,0,0,1,0,0,0,0,1,0,1,1,0,0,0,0,0,0,0,0,0,1,0,0,1,0,0,0,0,1,0,0,0,0,0,0,1,0,0,0,0,0,0,0,0,0,0,0,2,0,0,0,0,0,0,0,0,0,0,0,0,0,0,0,1,0,0,0,1,0,0,0,1,0,0,0,0,0,0,1,0,0,0,0,0,0,0,0,0,0,0,0,0,0,0,0,0,0,0,0,0,0,0,0,0,0,0,0,0,0,0,0,0,0,0,0,0,0,0,0,0,0,0,0,0,0,0,0,0,1,0,0,0,0,0,0,0,0,1,0,0,0,0,0,0,0,0,0,0,0,0,0,0,0,0,0,0,0,0,0,0,0,0,0,0,0,0,2,0,0,0,2,0,0,0,0,0,0,0,0,0,0,0,1,0,0,0,0,0,1,1,0,2,2,0,0,0,0,0,1,0,0,0,0,0,0,0,0,0,0,0,0,0,0,0,0,0,0,0,0,0,1,0,0,0,0,0,0,0,0,0,0,0,0,0,0,0,0,0,0,1,0,0,1,0,0,0,0,0,0,0,0,0,0,0,0,0,0,0,0,0,0,0,0,0,0,0,0,0,0,0,0,0,0,0,2,0,0,0,0,0,0,0,0,0,0,0,0,0,0,0,0,0,0,0,0,0,0,0,0,0,0,0,0,0,0,0,0,0,0,0,0,0,0,0,0,0,0,0,0,0,0,0,0,0,0,0,0,0,0,0,0,0,0,0,0,0,0,0,0,0,0,0,0,0,0,0,0,0,0,0,0,0,0,0,0,0,0,0,0,0,38,9
464,Female,0,2,522,17.2,0,0,0,2,1,2,0,1,2,0,2,0,0,0,0,1,0,0,2,0,2,0,2,0,2,0,2,0,0,0,0,0,0,1,1,0,0,0,1,0,0,0,1,0,1,0,0,0,0,0,0,0,0,2,0,1,0,1,0,0,2,0,1,0,1,1,1,1,1,1,0,0,0,0,0,0,0,0,2,0,2,1,0,0,1,0,1,0,0,0,0,0,0,1,0,0,0,0,2,2,0,0,0,0,0,2,1,0,0,0,0,2,1,1,1,0,0,0,1,0,0,1,0,0,0,1,0,0,0,2,0,1,0,0,1,0,1,0,0,0,0,0,0,0,0,0,0,0,0,0,0,0,0,1,0,0,0,0,0,0,2,0,0,0,0,0,0,0,0,0,0,1,0,0,0,0,0,0,0,0,0,0,0,0,0,0,1,0,0,0,1,0,0,0,0,1,0,0,0,0,0,1,0,0,0,0,0,0,0,0,0,0,0,0,0,1,0,0,0,0,1,0,0,0,2,0,0,0,2,0,0,0,0,0,0,0,0,0,0,2,2,0,0,0,1,0,2,1,0,2,2,0,0,2,0,0,1,2,1,0,0,1,0,2,0,0,0,1,0,0,0,0,0,0,1,0,1,0,2,0,0,0,0,0,1,0,1,0,0,0,0,0,0,0,0,0,0,1,0,0,1,0,0,1,0,0,0,0,0,0,0,1,0,0,0,0,0,1,1,1,1,0,0,0,0,0,1,0,0,0,0,0,2,0,0,0,0,0,1,0,0,0,0,0,0,0,0,0,0,0,0,0,0,0,0,0,0,0,0,0,0,0,0,0,0,0,0,0,0,0,0,0,0,0,0,0,0,0,1,0,1,0,0,0,0,0,0,0,0,0,0,0,0,0,0,0,0,0,0,0,0,0,0,0,0,0,0,0,0,0,1,0,0,0,0,0,0,0,93,31
466,Female,0,2,491,16.1,0,0,0,0,1,1,1,0,1,0,0,0,0,0,0,1,0,0,1,0,0,0,1,0,0,0,1,0,0,0,1,0,0,0,0,0,0,1,0,0,0,0,0,0,0,0,0,0,0,0,0,0,0,0,0,1,0,1,1,0,1,0,1,1,1,1,1,1,1,0,0,0,0,1,1,0,1,0,1,0,0,1,0,0,1,0,1,0,0,0,0,0,0,1,1,0,1,0,1,1,0,1,0,0,0,1,1,1,1,0,0,1,1,1,1,0,0,0,1,0,0,1,0,0,0,1,0,0,0,1,0,0,0,0,1,1,1,1,1,1,0,0,0,0,1,1,1,0,1,0,0,1,1,0,0,0,0,0,0,0,0,0,0,0,0,0,0,0,0,0,0,0,0,0,0,0,0,0,0,0,0,0,0,0,0,0,1,0,0,0,1,0,0,0,0,0,0,0,0,1,1,1,0,0,0,0,0,0,0,1,1,0,0,1,0,0,0,0,1,1,1,1,1,0,0,0,0,0,1,0,0,0,0,1,0,1,0,0,0,1,0,0,0,0,1,1,1,1,1,1,1,1,1,1,1,0,1,0,1,0,1,0,1,1,1,1,1,1,0,0,0,0,0,1,1,0,1,1,1,0,0,1,1,0,0,0,1,1,1,0,0,0,1,1,0,0,1,0,0,0,1,1,0,0,1,1,1,0,0,0,0,0,0,0,0,1,1,1,0,1,1,0,0,0,0,0,1,0,1,0,1,0,1,1,1,0,0,0,1,0,1,0,1,0,1,0,0,1,1,0,1,0,0,1,0,0,0,0,0,0,0,0,1,0,1,1,0,1,1,0,0,0,0,0,0,0,0,0,0,0,1,1,0,0,0,0,0,0,0,1,0,0,0,0,1,0,0,0,0,0,0,0,0,0,0,1,1,0,1,1,1,0,0,0,0,0,1,1,148,0
466,Female,0,2,602,19.8,1,1,1,1,1,1,1,1,1,0,1,1,1,0,1,1,1,1,1,1,1,0,1,0,1,1,1,1,1,0,1,0,0,1,1,1,1,1,1,0,0,1,1,0,1,0,0,1,0,1,1,0,1,1,1,1,1,1,1,0,1,1,1,1,1,1,1,1,1,1,1,1,1,1,1,1,1,1,1,1,0,1,1,1,1,1,1,1,0,1,0,1,1,1,1,1,1,0,1,1,1,1,1,1,1,1,1,1,1,1,1,1,1,1,1,1,1,1,1,0,1,1,1,0,1,1,1,1,0,1,0,1,1,1,1,1,1,1,1,1,1,1,0,1,1,1,1,0,1,1,0,1,1,0,1,1,1,1,1,0,1,1,1,1,1,0,1,1,1,0,1,1,0,1,0,1,1,1,0,1,1,1,0,0,1,1,1,1,1,1,1,1,0,1,0,0,1,1,1,1,1,1,0,1,1,1,1,1,0,1,1,1,1,1,1,1,1,1,1,1,1,1,1,0,1,0,0,0,1,1,1,0,0,1,1,1,1,1,1,1,0,1,0,0,1,1,1,1,1,1,1,1,1,1,1,0,1,1,1,1,1,1,1,1,1,1,1,1,1,0,1,1,1,1,1,0,1,1,1,1,1,1,1,0,1,1,1,1,1,1,1,1,1,1,1,1,1,1,1,1,1,1,0,1,1,1,1,0,1,1,1,1,1,1,0,1,1,1,1,1,1,0,0,1,1,1,1,1,1,1,1,0,1,1,1,1,0,1,1,1,1,1,1,0,1,0,0,1,1,0,1,1,1,1,1,0,1,1,1,0,0,0,1,1,1,1,1,1,1,1,0,0,0,0,1,1,1,0,1,0,1,1,0,1,0,0,0,1,1,1,1,1,1,1,1,1,1,1,1,1,1,1,1,1,1,1,1,0,1,1,1,0,0,0,0,0,1,1,334,0
471,Female,0,2,262,8.6,2,0,0,0,0,0,1,0,0,0,0,0,0,0,0,0,0,0,0,0,0,0,0,0,0,0,0,0,0,0,0,0,0,0,0,0,0,0,0,0,0,0,0,0,0,0,0,0,0,0,0,0,0,0,0,0,0,0,0,0,0,0,0,0,0,0,0,0,0,0,0,0,0,0,0,0,0,0,0,0,0,0,0,0,0,0,1,0,0,0,0,0,0,0,0,0,0,0,0,0,0,0,0,0,0,0,0,0,0,0,0,0,0,0,0,0,0,0,0,0,0,0,0,0,0,0,0,0,0,0,0,0,0,0,0,0,0,0,0,0,0,0,0,0,0,0,0,0,0,0,0,0,0,0,0,0,0,0,0,0,0,0,0,0,0,0,0,0,0,0,0,0,0,0,0,0,0,0,0,0,0,0,0,0,0,0,1,0,0,0,0,0,0,0,0,0,0,0,0,0,0,0,0,0,0,0,0,0,0,0,0,0,0,0,0,0,0,0,0,0,0,0,0,0,0,0,0,0,0,0,0,0,0,0,0,0,0,0,0,1,0,0,0,0,0,0,0,0,0,0,0,0,0,1,0,0,0,0,0,0,0,0,0,0,0,0,0,0,0,0,0,0,0,0,0,0,0,0,0,0,0,0,0,0,0,0,0,0,0,0,0,0,0,0,0,0,0,0,0,0,0,0,0,0,0,0,0,0,0,0,0,0,0,0,0,0,0,0,0,0,0,0,0,0,0,0,0,0,0,0,0,0,0,0,0,0,0,0,0,0,0,0,0,0,0,0,0,0,0,0,0,0,0,0,0,0,0,0,0,0,0,0,0,0,0,0,0,0,0,0,0,0,0,0,0,0,0,0,0,0,0,0,0,0,0,0,0,0,0,0,0,0,0,0,0,0,0,0,0,0,0,0,0,0,0,0,0,0,0,0,0,0,0,0,0,0,0,0,6,1
471,Female,0,2,382,12.6,2,0,0,0,0,0,1,0,0,0,0,0,0,0,0,0,0,0,0,0,0,0,0,0,1,0,0,0,0,0,0,0,0,0,0,0,0,0,0,0,0,0,0,0,0,0,0,0,0,0,0,0,0,0,0,0,0,0,0,0,1,1,0,0,0,0,0,0,0,0,0,0,0,0,0,0,0,0,0,0,0,0,0,0,0,0,1,0,0,0,0,0,0,0,0,0,0,0,0,0,0,0,0,0,0,0,0,0,0,0,0,0,0,0,0,0,0,0,0,0,0,0,0,0,0,1,0,0,0,0,0,0,0,0,0,0,0,0,0,0,0,0,0,0,0,0,0,0,0,0,0,0,0,0,0,0,0,0,0,0,0,0,0,0,0,0,0,0,0,0,0,0,0,0,0,0,0,0,0,0,0,0,0,0,0,0,1,0,0,0,0,0,0,0,0,0,0,0,0,0,0,0,0,0,0,0,0,0,0,0,0,0,0,0,0,0,0,0,0,0,1,0,0,0,1,0,0,0,2,0,0,0,0,0,0,0,0,0,0,2,0,0,0,0,0,0,0,0,0,0,0,0,0,1,0,1,1,0,0,0,0,0,0,0,0,0,0,0,0,0,0,0,0,0,0,0,0,0,0,0,0,0,0,0,0,0,0,0,0,0,0,0,0,0,0,0,0,0,0,0,0,0,0,0,0,0,0,0,0,0,0,0,0,0,0,0,0,0,0,0,0,0,0,0,0,0,0,0,0,0,0,0,0,0,0,0,0,0,0,0,0,0,0,0,0,0,0,0,0,0,0,0,0,0,0,0,0,0,0,0,0,0,0,0,0,0,0,0,0,0,0,0,0,0,0,0,0,0,0,0,0,0,0,0,0,0,0,0,0,0,0,0,0,0,0,0,0,0,0,0,0,0,0,0,0,0,0,0,0,0,0,0,0,0,0,0,0,0,15,3
472,Female,0,3,268,8.8,0,0,0,0,0,0,0,0,0,0,0,0,0,0,0,0,0,0,0,0,0,0,0,0,0,0,0,0,0,0,0,0,0,0,0,0,0,0,0,0,0,0,0,0,0,0,0,0,0,0,0,0,0,0,0,0,0,0,0,0,0,0,0,0,0,0,0,0,0,0,0,0,0,0,0,0,0,0,0,0,0,0,0,0,0,0,0,0,0,0,0,0,0,0,0,0,0,0,0,0,0,0,0,0,0,0,0,0,0,0,0,0,0,0,0,0,0,0,0,0,0,0,0,0,0,0,0,0,0,0,0,0,0,0,0,0,0,0,0,0,0,0,0,0,0,0,0,0,0,0,0,0,0,0,0,0,0,0,0,0,0,0,0,0,0,0,0,0,0,0,0,0,0,0,0,0,0,0,0,0,0,0,0,0,0,0,0,0,0,0,0,0,0,0,0,0,0,0,0,0,0,0,0,0,0,0,0,0,0,0,0,0,0,0,0,0,0,0,0,0,0,0,0,0,0,0,1,0,1,0,0,0,0,0,0,0,0,0,0,1,0,0,0,0,0,0,1,0,0,1,1,0,0,0,0,0,0,0,0,0,0,0,0,0,0,0,0,0,0,0,0,0,0,0,0,0,0,0,0,0,0,0,0,0,0,0,0,0,0,0,0,0,0,0,0,0,0,0,0,0,0,0,0,0,0,0,0,0,0,0,0,0,0,0,0,0,0,0,0,1,0,1,0,0,0,0,0,0,0,0,0,0,0,0,0,0,0,0,0,0,0,0,0,0,0,0,0,0,0,0,0,0,0,0,0,0,0,0,0,0,0,0,0,0,0,0,0,0,0,0,0,0,0,0,1,0,0,0,0,0,0,0,0,0,0,0,0,0,0,0,0,0,0,0,0,0,0,0,0,0,0,0,0,0,0,0,0,0,0,0,0,0,0,0,0,0,0,0,9,0
472,Female,0,3,498,16.4,1,1,0,2,1,1,1,1,2,2,1,1,0,0,0,0,1,0,0,0,1,0,2,0,0,0,1,0,0,0,0,0,0,0,0,0,0,0,2,0,0,1,0,0,0,0,0,0,0,0,0,0,0,1,0,1,1,1,1,1,1,1,1,0,1,1,1,2,1,1,0,1,0,0,0,0,1,0,1,0,1,1,0,0,1,0,1,1,0,0,0,0,1,0,1,0,1,0,1,1,1,0,1,1,0,1,0,1,1,0,0,1,0,1,1,0,0,0,1,1,0,1,1,0,0,1,0,0,0,1,0,1,0,0,1,1,1,1,1,1,0,1,0,0,0,1,1,0,1,0,0,1,0,1,1,1,1,0,0,0,0,1,1,0,1,1,0,0,1,0,1,1,0,0,1,1,1,0,0,0,1,1,0,0,1,1,1,1,1,0,1,0,0,1,0,1,0,0,0,1,0,1,0,0,1,0,0,0,0,0,1,0,0,0,0,1,0,0,1,1,1,1,0,0,2,0,1,0,1,0,0,0,0,0,0,1,1,0,0,1,2,0,0,0,1,1,2,1,1,2,2,1,1,2,1,0,1,1,2,2,2,1,1,2,1,1,0,1,1,1,1,1,1,1,1,0,1,1,1,0,1,1,1,1,1,1,1,1,2,1,1,1,1,1,0,1,1,1,0,0,1,1,0,1,1,0,0,0,1,1,1,0,0,1,1,1,1,1,1,1,1,1,0,0,0,1,1,1,1,1,1,0,1,1,1,0,0,1,1,1,1,0,1,1,1,1,0,1,1,0,1,0,1,1,1,1,0,0,1,0,1,0,1,0,0,1,1,1,1,1,0,0,0,0,1,1,1,0,1,0,2,0,0,0,0,0,1,0,0,1,1,0,0,0,1,1,0,1,1,1,0,1,1,0,0,0,1,1,0,0,0,0,0,0,0,0,0,0,226,18
472,Female,0,3,594,19.5,2,2,2,2,2,2,2,2,2,2,2,2,0,0,2,2,2,0,2,0,1,0,2,0,2,0,2,0,0,0,2,0,0,0,0,2,0,0,2,0,0,2,2,0,0,0,0,2,2,2,0,0,2,2,0,1,2,2,2,2,2,2,2,0,1,1,2,2,2,2,0,1,0,0,0,0,2,0,2,0,2,2,0,0,2,0,2,1,0,2,0,0,2,0,1,0,2,0,1,2,1,0,1,1,2,2,0,1,1,0,0,2,2,2,2,0,0,0,2,2,2,2,1,1,2,2,1,1,1,2,1,2,1,1,2,1,2,1,2,1,1,2,1,1,1,2,1,0,1,1,0,1,1,1,2,1,1,1,1,0,2,1,2,1,1,2,1,1,1,1,1,1,1,1,2,2,1,1,2,2,1,1,1,1,2,2,2,1,1,1,1,1,1,2,1,2,2,1,0,1,1,1,1,1,1,1,1,1,1,1,1,1,2,1,1,1,1,1,2,2,1,1,1,1,2,1,1,1,1,1,1,1,1,1,1,1,1,1,1,1,2,1,1,1,2,2,2,1,1,2,2,1,1,2,2,1,2,2,2,2,2,1,1,2,1,1,1,1,1,1,1,1,2,1,1,1,2,1,1,1,1,1,1,1,1,1,2,1,2,1,1,2,1,1,1,2,1,1,1,1,1,1,1,1,1,1,1,2,1,1,1,1,1,1,1,1,1,2,1,2,1,2,1,1,1,1,2,1,2,1,2,1,2,2,1,1,1,1,1,1,2,1,2,1,1,1,1,1,2,1,2,1,2,1,1,1,1,1,1,1,1,1,1,1,1,2,1,1,1,2,1,1,1,1,1,1,2,1,1,1,2,1,1,1,1,1,1,1,1,1,1,2,1,1,1,1,2,1,1,1,1,1,1,2,1,1,1,1,2,1,2,1,1,1,1,1,1,1,365,130
478,Male,0,5,507,16.7,2,2,0,2,2,2,0,2,2,0,2,1,0,1,2,2,2,1,2,0,0,0,2,0,2,2,2,1,0,0,1,0,0,2,2,0,2,2,1,0,0,0,2,0,2,0,0,1,2,2,0,0,2,2,0,2,2,2,2,1,2,2,0,2,2,1,2,2,2,2,0,2,1,0,2,0,1,0,1,2,2,1,1,0,1,0,2,2,2,1,2,1,0,1,2,2,0,0,2,2,1,2,1,1,2,2,2,2,1,1,0,2,1,1,2,2,1,1,2,0,1,2,0,0,0,1,0,1,0,2,1,2,2,0,1,1,1,0,2,0,1,2,0,0,0,0,0,0,0,0,0,0,0,1,2,1,0,0,0,0,2,1,0,2,0,1,0,0,2,0,0,1,0,0,0,1,0,0,0,1,0,2,0,0,1,2,0,2,1,0,1,0,0,2,0,0,1,0,0,0,0,1,0,2,1,0,0,0,0,0,0,0,1,0,0,0,0,0,2,1,1,2,0,0,2,1,1,0,2,0,0,0,0,0,1,2,2,0,0,2,0,0,0,0,2,1,2,1,0,2,2,1,0,2,2,0,1,1,2,0,2,1,0,0,1,1,0,0,0,0,0,1,0,0,1,0,1,0,1,0,0,1,0,0,0,0,1,1,0,0,0,0,0,0,0,1,1,1,0,0,0,0,0,2,0,1,1,1,0,0,1,1,0,0,1,2,0,1,0,2,0,1,0,0,0,1,1,1,0,0,0,0,2,1,0,0,0,0,1,0,0,0,1,0,0,0,0,0,0,0,0,0,1,0,0,0,0,0,0,0,0,0,0,0,0,1,0,0,0,0,0,0,0,0,0,0,0,0,0,0,0,0,0,0,0,0,0,0,0,0,1,0,0,0,1,0,0,0,0,0,1,0,0,0,1,0,2,0,2,0,2,0,1,0,0,0,0,0,189,96
478,Male,0,5,537,17.7,2,2,1,2,2,2,1,2,2,2,2,1,2,1,2,2,2,2,2,1,1,0,2,0,2,2,2,2,2,0,2,0,0,2,2,2,2,2,2,0,0,1,2,0,2,0,1,1,2,2,0,2,2,2,0,2,2,2,2,1,2,2,0,2,2,2,2,2,2,2,1,2,2,2,2,2,2,0,2,2,2,1,2,1,2,0,2,2,2,2,2,1,0,2,2,2,0,1,2,2,1,2,2,1,2,2,2,2,1,2,0,2,2,2,2,2,1,2,2,0,1,2,0,0,1,2,0,1,0,2,1,2,2,2,2,1,2,1,2,0,1,2,0,0,0,1,0,0,0,1,0,1,0,2,2,1,1,0,0,0,2,1,1,2,1,1,0,0,2,1,0,1,0,0,0,1,0,0,0,2,0,2,0,0,2,2,2,2,1,0,1,1,0,2,0,0,1,0,0,1,0,2,0,2,1,1,0,1,0,1,1,0,1,1,0,0,1,0,2,1,1,2,0,0,2,1,1,0,2,0,0,0,0,0,1,2,2,1,2,2,0,0,0,0,2,2,2,2,0,2,2,2,1,2,2,1,1,1,2,0,2,2,0,2,1,1,1,0,0,0,0,1,0,1,1,0,1,1,1,0,0,1,1,0,0,0,1,1,0,1,0,0,1,1,0,1,1,1,0,0,1,0,0,2,0,2,2,1,0,0,1,2,0,1,1,2,0,2,0,2,0,1,0,0,0,1,1,2,0,0,0,0,2,1,0,1,0,2,1,0,1,0,2,0,1,0,0,1,1,0,0,0,1,0,2,0,0,1,0,0,0,0,0,0,0,1,0,0,0,0,0,0,0,0,0,0,0,0,0,0,0,0,0,0,0,0,0,0,0,1,1,0,1,1,1,1,0,0,2,0,1,2,1,2,2,1,2,0,2,0,2,0,1,1,0,0,0,0,256,147
478,Male,0,5,590,19.4,2,2,1,2,2,2,2,2,2,2,2,2,2,2,2,2,2,2,2,2,2,0,2,1,2,2,2,2,2,0,2,0,0,2,2,2,2,2,2,1,0,2,2,2,2,0,2,2,2,2,0,2,2,2,2,2,2,2,2,2,2,2,0,2,2,2,2,2,2,2,1,2,2,2,2,2,2,0,2,2,2,1,2,2,2,0,2,2,2,2,2,1,2,2,2,2,0,2,2,2,2,2,2,1,2,2,2,2,1,2,1,2,2,2,2,2,2,2,2,0,2,2,1,0,1,2,0,1,1,2,2,2,2,2,2,1,2,1,2,0,2,2,1,0,1,1,1,0,0,2,0,1,1,2,2,2,1,1,1,0,2,1,2,2,2,2,0,2,2,2,2,2,1,0,1,2,0,0,1,2,0,2,0,0,2,2,2,2,2,0,2,1,0,2,0,0,2,0,1,2,0,2,0,2,2,2,0,2,2,1,1,0,2,1,0,1,1,1,2,1,1,2,0,0,2,2,2,0,2,0,0,1,0,0,2,2,2,1,2,2,0,0,0,0,2,2,2,2,2,2,2,2,1,2,2,1,1,2,2,1,2,2,0,2,1,2,1,0,1,0,2,1,0,1,2,1,1,2,2,0,2,2,1,0,1,1,1,1,1,2,0,1,1,1,0,2,1,1,0,0,2,0,0,2,0,2,2,1,0,0,2,2,1,1,1,2,0,2,1,2,1,1,1,0,0,1,2,2,1,0,1,0,2,1,0,1,0,2,1,0,2,2,2,0,1,2,0,1,1,0,1,0,2,0,2,0,0,2,0,0,0,0,1,0,0,1,0,0,1,2,0,0,0,0,1,1,0,0,0,0,0,0,0,0,0,0,0,1,2,1,2,1,1,1,1,1,2,1,2,0,1,2,2,2,2,1,2,0,2,1,2,0,1,2,0,1,0,0,311,213
478,Male,0,5,599,19.7,2,2,1,2,2,2,2,2,2,2,2,2,2,2,2,2,2,2,2,2,2,0,2,1,2,2,2,2,2,0,2,0,0,2,2,2,2,2,2,1,0,2,2,2,2,0,2,2,2,2,0,2,2,2,2,2,2,2,2,2,2,2,0,2,2,2,2,2,2,2,1,2,2,2,2,2,2,0,2,2,2,1,2,2,2,1,2,2,2,2,2,2,2,2,2,2,0,2,2,2,2,2,2,1,2,2,2,2,1,2,1,2,2,2,2,2,2,2,2,0,2,2,1,1,1,2,0,1,1,2,2,2,2,2,2,1,2,1,2,0,2,2,1,0,1,1,1,0,0,2,0,1,1,2,2,2,1,1,1,0,2,1,2,2,2,2,0,2,2,2,2,2,1,0,1,2,0,0,2,2,0,2,0,0,2,2,2,2,2,0,2,1,0,2,0,0,2,0,1,2,0,2,0,2,2,2,0,2,2,2,1,0,2,1,0,1,1,1,2,2,1,2,0,0,2,2,2,0,2,0,0,1,0,0,2,2,2,2,2,2,0,0,0,0,2,2,2,2,2,2,2,2,1,2,2,1,1,2,2,2,2,2,1,2,2,2,1,0,1,0,2,1,0,1,2,1,1,2,2,0,2,2,1,0,1,1,1,1,1,2,0,1,1,1,0,2,1,2,2,1,2,0,0,2,1,2,2,1,0,1,2,2,1,1,1,2,0,2,1,2,2,1,1,0,0,1,2,2,1,0,1,0,2,2,0,2,0,2,1,0,2,2,2,0,1,2,0,1,2,0,2,0,2,0,2,0,0,2,1,0,0,0,1,2,0,1,1,0,1,2,2,0,1,0,1,1,0,0,0,0,0,0,0,0,0,0,0,1,2,2,2,2,1,2,1,1,2,1,2,2,1,2,2,2,2,1,2,1,2,2,2,0,1,2,0,2,0,0,324,235
478,Male,0,5,726,23.9,2,2,1,2,2,2,2,2,2,2,2,2,2,2,2,2,2,2,2,2,2,0,2,2,2,2,2,2,2,1,2,0,0,2,2,2,2,2,2,1,2,2,2,2,2,1,2,2,2,2,1,2,2,2,2,2,2,2,2,2,2,2,0,2,2,2,2,2,2,2,2,2,2,2,2,2,2,1,2,2,2,1,2,2,2,2,2,2,2,2,2,2,2,2,2,2,1,2,2,2,2,2,2,2,2,2,2,2,2,2,2,2,2,2,2,2,2,2,2,2,2,2,1,2,1,2,0,2,2,2,2,2,2,2,2,2,2,2,2,1,2,2,2,0,1,2,2,0,2,2,1,2,1,2,2,2,2,2,2,0,2,2,2,2,2,2,2,2,2,2,2,2,2,0,1,2,0,1,2,2,2,2,1,0,2,2,2,2,2,0,2,2,0,2,0,0,2,1,2,2,1,2,0,2,2,2,0,2,2,2,2,2,2,1,0,2,2,2,2,2,2,2,1,0,2,2,2,1,2,0,1,1,1,0,2,2,2,2,2,2,0,2,0,0,2,2,2,2,2,2,2,2,1,2,2,1,1,2,2,2,2,2,2,2,2,2,2,2,2,1,2,2,1,2,2,2,2,2,2,1,2,2,2,2,2,2,2,2,2,2,1,2,2,1,1,2,2,2,2,2,2,1,1,2,2,2,2,2,1,1,2,2,2,2,2,2,1,2,1,2,2,2,2,2,0,2,2,2,2,2,2,1,2,2,1,2,2,2,2,2,2,2,2,1,2,2,0,2,2,2,2,2,2,0,2,2,1,2,2,0,2,2,2,2,1,1,2,0,1,2,2,0,2,0,2,1,0,0,1,1,1,1,0,0,0,1,1,1,2,2,2,2,2,2,2,2,2,2,2,2,2,2,2,2,2,2,2,2,2,2,2,0,2,2,1,2,0,0,379,323
479,Male,0,5,388,12.8,0,1,0,2,0,0,2,0,0,0,2,0,0,0,0,0,0,0,0,0,0,0,2,0,0,0,2,0,0,0,0,0,0,0,0,0,0,0,0,0,0,0,0,0,0,0,0,0,0,0,0,0,0,1,0,0,0,1,1,0,1,0,0,0,0,0,0,0,0,0,0,0,0,0,0,0,0,0,0,0,0,0,0,0,0,0,2,0,0,0,0,0,0,0,0,0,0,0,0,0,0,0,0,0,0,0,0,0,0,0,0,0,0,0,0,0,0,0,0,0,0,0,0,0,0,1,0,0,0,0,0,0,0,0,0,0,0,0,0,0,0,0,0,0,0,0,0,0,0,0,0,0,0,0,0,0,0,0,0,0,0,0,0,0,0,0,0,0,0,0,0,0,0,0,0,0,0,0,0,0,0,0,0,0,0,0,0,0,0,0,0,0,0,0,0,0,0,0,0,0,0,0,0,0,0,0,0,0,0,0,0,0,0,0,0,0,0,0,0,0,0,0,0,0,0,0,0,0,2,1,0,0,0,0,0,0,2,0,0,0,0,0,0,0,0,0,0,0,0,0,0,0,0,1,2,0,0,0,0,0,1,0,0,0,0,0,0,0,0,0,0,0,0,0,0,0,0,0,0,0,0,0,0,0,0,0,0,0,0,0,0,0,0,0,0,0,0,1,0,0,0,0,0,0,0,0,0,0,0,0,0,0,0,0,0,0,0,0,0,0,0,0,0,0,0,0,0,0,0,0,0,0,0,0,0,0,0,0,0,0,0,0,0,0,0,0,0,0,0,0,0,0,1,0,0,0,0,0,0,0,0,0,0,0,0,0,0,0,0,0,0,0,0,0,0,0,0,0,0,0,0,0,0,0,0,0,0,0,0,0,0,0,0,0,0,0,0,0,0,0,0,0,0,0,0,0,2,0,0,0,0,0,0,0,0,0,0,0,21,10
479,Male,0,5,399,13.1,0,1,0,2,0,0,2,0,0,0,2,1,0,0,0,0,0,0,0,0,0,0,2,0,0,0,2,0,0,0,0,0,0,0,0,0,0,0,0,0,0,0,0,0,0,0,0,0,0,0,0,0,0,1,0,0,0,1,1,0,1,0,0,0,0,0,0,1,0,0,0,0,0,0,0,0,0,0,1,0,0,0,0,0,0,0,2,0,0,0,0,0,0,0,1,0,0,0,0,0,0,0,0,0,0,0,0,0,0,0,0,0,0,0,0,0,0,0,0,0,0,0,0,0,0,1,0,0,0,0,0,0,0,0,0,0,0,0,0,0,0,0,0,0,0,0,0,0,0,0,0,0,0,0,0,0,0,0,0,0,0,0,0,0,0,0,0,0,0,0,0,0,0,0,0,0,0,0,0,0,0,0,0,0,0,0,0,0,0,0,0,0,0,0,0,0,0,0,0,0,0,0,0,0,0,0,0,0,0,0,0,0,0,0,0,0,0,0,0,0,0,0,0,0,0,0,0,0,2,1,0,0,0,0,0,0,2,0,0,2,0,0,0,0,0,0,1,0,0,0,0,0,0,1,2,0,0,0,0,0,1,0,0,0,0,0,0,0,0,0,0,0,0,0,0,0,0,0,0,0,0,0,0,0,0,0,0,0,0,0,0,0,0,0,0,0,0,1,0,0,0,0,0,0,0,0,0,0,0,0,0,0,0,0,0,0,0,0,0,0,0,0,0,0,0,0,0,0,0,0,0,0,0,0,0,0,0,0,0,0,0,0,0,0,0,0,0,0,0,0,0,0,1,0,0,0,0,0,0,0,0,0,0,0,0,0,0,0,0,0,0,0,0,0,0,0,0,0,0,0,0,0,0,0,0,0,0,0,0,0,0,0,0,0,0,0,0,0,0,0,0,0,0,0,0,0,2,0,0,0,0,0,0,0,0,0,0,0,27,11
479,Male,0,5,431,14.2,2,2,0,2,0,0,2,0,2,0,2,1,0,0,0,0,0,0,0,0,0,0,2,0,0,0,2,0,0,0,0,0,0,0,0,0,0,0,0,0,0,0,0,0,0,0,0,0,0,0,0,0,0,1,0,0,0,2,2,0,1,1,0,0,0,0,0,1,0,0,0,0,0,0,2,0,0,0,1,0,0,0,0,0,0,0,2,0,0,0,0,0,0,0,1,0,0,0,0,0,0,0,0,0,0,0,0,0,0,0,0,0,0,1,0,0,0,0,0,0,0,0,0,0,0,1,0,0,0,0,0,0,0,0,0,0,0,0,0,0,0,0,0,0,0,0,0,0,0,0,0,0,0,0,0,0,0,0,0,0,0,0,0,0,0,0,0,0,0,0,0,0,0,0,0,0,0,0,0,0,0,1,0,0,0,0,0,0,0,0,0,0,0,0,0,0,0,0,0,0,0,0,0,0,0,0,0,0,0,0,0,0,0,0,0,0,0,0,0,0,1,0,0,0,0,0,0,0,2,1,0,0,0,0,0,2,2,0,0,2,2,0,0,0,1,0,2,0,0,0,2,0,0,2,2,0,1,0,0,0,2,0,0,0,1,0,0,0,0,0,0,0,0,0,0,0,0,0,0,0,0,0,0,0,0,0,0,0,0,0,0,0,0,0,0,0,0,1,0,0,0,0,0,0,0,0,0,0,0,0,0,0,0,0,0,0,0,0,0,0,0,0,0,0,0,0,0,0,0,0,0,0,1,0,0,0,0,0,0,0,0,0,0,0,0,0,0,1,0,0,0,0,2,0,0,0,0,0,0,0,0,0,0,0,0,0,0,0,0,0,0,0,0,0,0,0,0,0,0,0,0,0,0,0,0,0,0,0,0,0,0,0,0,0,0,0,0,0,0,0,0,0,0,0,0,0,2,0,0,0,0,0,0,0,0,0,0,0,42,24
479,Male,0,5,479,15.7,2,2,0,2,0,2,2,0,2,0,2,2,0,0,0,0,0,0,0,0,2,0,2,0,0,0,2,0,0,0,0,0,0,1,0,0,0,0,0,0,0,0,0,0,0,0,0,0,0,0,0,0,0,1,0,0,1,2,2,0,2,1,0,0,0,0,0,1,0,0,0,0,0,0,2,0,0,0,1,0,2,0,0,0,0,0,2,0,0,0,0,0,0,0,1,0,0,0,0,0,0,0,0,0,0,0,0,0,0,0,0,1,1,1,0,0,0,0,0,0,0,0,0,0,0,1,0,0,0,0,0,0,0,0,1,0,0,0,0,0,0,0,0,0,0,0,0,0,0,0,0,0,0,0,0,0,0,0,0,0,0,0,0,0,0,0,0,0,0,0,0,0,0,0,0,0,0,0,0,0,0,1,0,0,0,0,0,0,0,0,0,0,0,0,0,0,0,0,0,0,0,0,0,0,0,0,0,0,0,0,0,0,0,0,0,0,0,0,0,0,1,0,0,0,0,0,0,0,2,1,0,0,0,0,0,2,2,0,0,2,2,0,0,0,1,0,2,0,0,0,2,0,0,2,2,0,1,2,0,0,2,0,0,0,1,0,0,0,0,0,0,0,0,0,0,0,0,0,0,0,0,0,0,0,0,0,0,0,0,0,0,0,0,0,0,0,0,1,0,0,0,0,0,0,0,0,0,0,0,0,0,0,0,0,0,0,0,0,0,0,0,0,0,0,0,0,0,0,0,0,0,0,1,0,0,0,0,0,0,0,0,0,0,0,0,0,0,1,0,0,0,0,2,0,0,0,0,0,0,0,0,0,0,0,0,0,0,0,0,0,0,0,0,0,0,0,0,0,0,0,0,0,0,0,0,0,0,0,0,0,0,0,0,0,0,0,0,0,0,0,0,0,0,0,0,0,2,0,0,0,0,0,0,0,0,0,0,0,51,30
479,Male,0,5,535,17.6,2,2,0,2,0,2,2,2,2,0,2,2,0,0,0,0,0,0,1,0,2,0,2,0,1,0,2,0,0,0,0,0,0,1,1,0,0,0,0,0,0,1,0,0,0,0,0,0,0,0,0,0,0,1,0,0,1,2,2,0,2,1,0,0,0,0,0,2,0,0,0,0,0,0,2,0,0,0,1,0,2,0,0,0,0,0,2,0,0,0,0,0,0,0,1,0,1,0,0,0,0,0,1,0,0,1,0,0,0,0,0,2,1,1,0,0,0,0,1,0,0,0,0,0,0,1,0,0,0,2,0,1,0,0,2,0,0,0,0,0,0,0,0,0,0,0,0,0,0,0,0,0,0,1,0,0,0,0,0,0,0,0,0,0,0,0,0,0,1,0,0,0,1,0,0,0,0,0,0,0,0,1,0,0,2,0,0,0,0,0,2,0,0,0,0,0,0,0,0,0,0,0,0,0,0,0,0,0,0,0,0,0,0,0,0,0,0,0,0,0,1,0,0,0,0,0,0,0,2,1,0,0,0,0,0,2,2,0,0,2,2,0,0,0,2,0,2,0,0,0,2,0,2,2,2,0,1,2,0,0,2,0,0,2,1,0,0,0,0,0,0,0,0,0,0,0,2,0,0,0,0,0,0,0,0,0,0,0,0,0,0,0,0,0,0,0,0,2,0,0,0,0,0,0,1,0,0,0,0,0,0,0,0,0,0,0,0,0,0,0,1,1,0,0,0,0,0,0,0,0,0,0,2,0,0,0,0,2,0,0,0,0,1,0,0,0,0,1,0,0,0,0,2,0,1,0,0,0,0,0,0,0,0,0,0,0,0,0,0,0,0,0,0,0,0,0,0,0,0,0,0,0,0,0,0,0,0,0,0,0,0,0,0,0,0,0,0,0,0,0,0,0,0,0,0,0,2,0,0,0,0,0,0,0,0,0,0,0,76,44
480,Male,0,2,645,21.2,2,0,0,2,2,2,2,2,2,2,2,0,2,2,0,2,0,0,2,2,2,0,2,0,2,1,2,0,2,0,2,0,0,2,2,2,0,0,2,0,0,2,2,0,1,0,0,2,2,2,2,1,2,2,0,1,2,2,1,0,2,2,0,2,2,2,2,1,0,1,0,2,0,1,2,2,2,0,1,2,0,1,2,0,1,0,2,1,2,0,2,0,2,0,1,2,0,1,2,2,2,1,2,1,2,2,2,1,1,2,0,2,0,2,2,0,2,0,1,0,1,1,0,0,0,2,0,0,0,2,0,2,1,0,1,0,1,0,1,0,1,1,0,0,0,1,0,0,2,0,0,0,0,1,1,1,0,0,1,0,1,0,2,2,1,1,2,0,2,0,1,0,2,0,0,2,0,0,0,2,0,1,0,0,0,0,1,0,1,0,1,2,0,2,0,2,0,0,0,1,0,1,0,2,0,2,0,0,1,1,0,0,1,1,0,0,0,0,0,1,1,1,1,0,2,0,0,0,2,0,0,0,0,0,0,1,1,2,2,2,2,0,0,0,1,1,2,1,0,1,2,0,0,0,2,0,2,2,1,2,1,0,0,2,0,0,0,0,0,1,1,0,0,0,1,0,1,0,1,0,0,1,0,0,0,0,0,1,1,0,0,0,1,1,0,2,0,1,0,0,1,0,0,1,1,0,1,0,1,0,1,1,0,0,1,1,0,1,0,1,0,0,0,0,0,1,0,1,0,0,1,0,2,0,0,0,0,2,0,1,2,0,0,0,0,0,0,1,1,0,2,0,2,0,0,0,0,0,2,0,2,0,1,0,0,0,0,0,1,1,0,0,0,0,0,0,0,0,0,0,1,0,0,0,0,0,0,0,0,1,2,0,0,0,1,0,0,0,2,1,0,2,1,1,0,0,2,0,0,0,2,0,0,0,0,0,0,1,201,105
480,Male,0,2,736,24.2,2,2,2,2,2,2,2,2,2,2,2,0,2,2,2,2,2,2,2,2,2,0,2,2,2,2,2,2,2,0,2,0,2,2,2,2,2,2,2,0,0,2,2,0,2,0,0,2,2,2,2,2,2,2,2,2,2,2,2,0,2,2,0,2,2,2,2,2,2,2,2,2,2,1,2,2,2,0,2,2,2,2,2,0,2,0,2,2,2,0,2,0,2,2,2,2,2,1,2,2,2,2,2,1,2,2,2,2,2,2,1,2,0,2,2,2,2,2,2,0,2,2,0,0,2,2,0,2,0,2,0,2,2,2,2,0,2,2,2,0,2,2,0,0,2,2,0,0,2,2,0,2,1,2,2,2,2,0,1,0,2,2,2,2,1,1,2,0,2,0,2,2,2,0,1,2,0,0,2,2,2,1,2,0,2,0,2,2,2,2,2,2,0,2,0,2,2,0,0,2,1,1,2,2,0,2,0,2,2,2,1,2,2,1,0,0,1,0,2,2,2,1,2,0,2,0,0,0,2,0,1,0,1,0,0,2,2,2,2,2,2,0,0,0,2,2,2,1,1,2,2,0,1,1,2,0,2,2,1,2,1,1,0,2,2,2,1,1,2,1,1,1,2,0,2,0,1,1,2,1,1,1,1,0,1,0,0,1,1,0,1,1,1,2,0,2,1,2,0,1,1,0,0,2,2,1,1,0,2,0,2,1,0,0,1,1,1,2,2,1,2,0,1,0,0,1,2,2,0,0,1,0,2,2,1,1,2,2,1,2,2,2,2,0,1,2,0,1,1,0,2,0,2,0,0,0,0,1,2,0,2,2,2,0,0,0,0,0,2,1,0,0,1,0,0,1,1,0,0,0,1,0,0,0,0,0,0,0,0,1,2,0,0,0,1,0,0,0,2,1,0,2,1,1,0,0,2,0,0,0,2,0,0,0,0,0,1,1,290,216
483,Male,0,2,556,18.3,2,2,0,2,2,2,0,2,2,0,2,0,0,2,0,2,2,1,2,1,1,0,2,1,1,1,2,1,1,0,2,0,0,1,1,1,0,2,2,0,0,1,1,0,0,0,0,1,1,2,0,0,2,2,0,0,2,2,2,0,2,1,0,0,1,0,2,2,2,0,0,2,0,2,2,2,0,0,2,0,2,2,0,0,0,0,2,2,0,0,0,2,0,2,0,0,0,0,0,2,0,0,0,0,0,2,0,2,0,0,0,2,0,0,0,0,0,0,0,0,0,2,0,0,0,2,0,0,0,2,0,2,0,0,2,0,2,0,0,0,0,0,0,0,0,0,0,0,2,0,0,0,0,0,0,0,0,0,0,0,2,0,1,0,0,2,0,0,2,0,0,2,1,0,0,0,0,0,0,2,0,0,0,0,2,0,0,0,0,0,0,2,0,0,0,2,0,0,0,0,0,0,0,2,1,0,0,0,0,0,1,0,0,0,0,1,0,1,0,2,1,1,1,0,2,0,0,0,2,1,1,0,0,1,0,2,2,0,0,2,2,0,0,0,2,0,2,0,2,2,0,0,0,2,2,0,2,2,1,0,2,1,0,2,1,1,0,1,2,0,0,0,2,0,1,0,0,0,2,0,0,2,2,1,1,1,1,1,0,0,2,0,0,1,0,0,0,1,0,0,2,2,0,2,2,1,1,0,0,0,0,1,0,1,0,0,2,2,0,2,2,0,2,0,0,0,2,1,2,0,0,0,2,1,1,0,2,0,2,2,2,0,2,1,0,1,0,1,1,2,2,0,2,1,1,1,0,1,1,0,0,1,1,0,0,2,0,1,1,1,0,0,2,0,2,1,0,0,1,0,1,0,1,0,0,1,1,0,0,1,1,0,1,1,1,1,1,1,2,2,0,1,2,2,0,0,2,0,2,0,2,1,1,0,0,0,0,0,191,111
483,Male,0,2,718,23.6,2,2,0,2,2,2,2,2,2,2,2,2,2,2,2,2,2,2,2,2,2,0,2,2,2,2,2,2,2,0,2,0,0,2,2,2,2,2,2,0,0,2,2,2,2,0,2,2,2,2,0,2,2,2,1,2,2,2,2,0,2,2,2,2,2,2,2,2,2,2,2,2,2,2,2,2,2,0,2,2,2,2,2,2,2,0,2,2,2,2,2,2,2,2,2,2,2,2,2,2,2,2,2,2,2,2,2,2,2,2,1,2,2,2,2,0,2,2,2,2,2,2,2,0,1,2,2,2,1,2,0,2,2,0,2,2,2,2,2,2,2,2,2,0,2,2,2,0,2,0,0,2,2,2,2,2,2,0,2,0,2,2,2,2,2,2,2,0,2,2,2,2,2,0,2,2,2,2,2,2,2,2,2,2,2,2,2,2,2,0,2,2,0,2,0,2,2,0,0,2,0,2,0,2,2,0,0,2,0,2,2,0,2,0,0,2,2,2,2,2,2,2,2,0,2,2,1,1,2,2,2,0,2,2,2,2,2,2,2,2,2,0,2,0,2,2,2,2,2,2,2,1,0,2,2,0,2,2,2,2,2,2,2,2,2,2,2,2,2,2,2,2,2,2,2,2,2,2,2,2,2,2,2,2,2,2,2,2,2,2,2,2,2,2,2,2,2,2,2,2,2,2,2,2,2,2,2,2,2,2,2,2,2,2,2,2,2,2,2,2,2,2,2,2,2,2,2,2,2,2,2,0,2,2,2,2,2,2,2,2,2,2,2,2,2,2,2,2,2,2,2,2,2,2,2,2,0,2,2,0,2,2,2,2,2,2,2,2,2,2,2,0,2,0,2,2,2,1,2,2,2,2,1,0,0,2,2,0,2,2,2,2,2,2,2,2,2,2,2,2,2,2,2,2,2,2,2,2,2,2,2,2,2,0,2,0,2,2,365,356
486,Male,0,7,459,15.1,2,0,0,0,0,2,0,2,2,0,1,0,1,0,0,1,1,0,0,0,1,0,2,0,2,0,1,1,0,0,1,0,0,0,0,0,0,0,1,0,0,0,0,0,0,0,0,0,0,0,0,0,0,0,0,0,0,1,1,0,1,2,0,0,1,0,1,1,1,0,0,0,0,0,0,0,0,0,1,0,1,0,0,0,0,0,1,0,0,0,0,0,0,1,1,0,0,0,0,0,0,0,0,0,0,0,0,0,0,0,0,0,0,0,0,0,0,0,0,0,0,0,0,0,0,0,0,0,0,1,0,0,0,0,1,0,2,0,0,0,0,1,0,0,0,0,0,0,0,0,0,0,0,0,0,0,0,0,0,0,0,0,0,0,0,0,0,0,0,0,0,0,0,0,0,0,0,0,0,0,0,1,0,0,0,1,0,0,0,0,0,0,0,0,0,0,0,0,0,0,0,0,0,0,0,0,0,0,0,0,0,0,0,0,0,0,0,0,0,0,0,0,0,0,0,0,2,0,2,0,0,0,0,0,0,0,2,0,0,2,1,0,0,0,1,0,2,0,1,1,1,1,1,2,1,0,2,0,0,1,1,0,0,1,0,0,0,0,0,0,0,0,0,0,1,0,0,0,1,0,0,1,0,0,0,1,0,0,0,0,0,0,0,0,0,0,0,1,0,0,0,0,0,0,0,0,0,0,0,0,0,0,0,0,0,0,0,1,0,0,1,0,0,0,0,0,0,0,0,0,0,0,1,0,0,0,0,0,0,0,0,0,0,0,0,0,0,0,0,0,0,0,2,0,0,0,0,0,0,0,0,0,0,0,0,0,0,0,0,0,0,0,0,0,0,0,0,0,0,0,0,0,0,0,0,0,0,0,0,0,0,0,0,0,0,0,0,1,1,0,0,0,0,0,0,0,0,0,0,0,0,0,0,0,0,0,0,0,63,16
486,Male,0,7,473,15.5,2,2,0,0,0,2,0,2,2,0,2,2,1,0,0,1,1,0,0,0,1,0,2,0,2,0,1,1,0,0,1,0,0,0,0,0,0,0,1,0,0,0,1,0,0,0,0,0,0,0,0,0,1,1,0,0,1,2,1,0,2,2,0,0,1,0,1,1,1,0,0,0,0,0,0,0,0,0,1,0,1,0,1,0,0,0,1,0,0,0,0,0,1,1,1,0,0,0,0,0,0,0,0,0,0,0,0,0,0,0,0,0,0,0,0,0,0,0,0,0,1,0,0,0,0,1,0,1,0,1,0,1,0,0,1,0,2,0,0,0,0,1,0,0,0,0,1,0,0,0,0,0,0,0,0,1,0,0,0,0,0,0,0,0,0,0,0,0,1,0,0,0,0,0,0,0,0,0,0,0,0,1,0,0,0,1,0,0,0,0,0,0,0,0,0,0,0,0,0,0,0,0,0,0,0,0,0,0,0,0,0,0,0,0,0,0,0,0,2,1,0,0,0,0,0,0,2,0,2,0,0,0,0,0,0,1,2,0,0,2,1,0,0,0,1,0,2,0,1,1,1,1,1,2,1,0,2,1,0,1,1,0,0,1,0,0,0,0,0,0,0,0,0,0,1,0,0,0,1,0,0,1,0,0,0,1,0,0,0,0,0,0,0,0,0,0,0,1,0,0,1,0,0,0,0,0,0,0,0,0,0,0,0,0,0,1,0,1,0,1,1,0,0,0,0,0,0,0,0,0,0,0,1,0,0,0,0,0,1,0,0,0,0,0,0,0,0,0,0,0,0,0,2,0,0,0,0,0,0,0,0,0,0,0,0,0,0,0,1,0,0,0,0,0,0,0,0,0,0,0,0,0,0,0,0,0,0,0,0,0,0,0,0,0,0,0,0,1,1,0,0,0,0,0,0,0,0,0,0,0,0,0,0,0,0,0,0,0,87,22
486,Male,0,7,519,17.1,2,2,0,0,0,2,1,2,2,0,2,2,1,0,0,1,1,0,0,0,1,0,2,0,2,0,1,1,0,0,1,0,0,1,1,0,1,0,1,0,0,1,1,0,1,0,0,0,0,0,0,0,1,1,0,1,1,2,1,0,2,2,0,0,1,0,1,2,1,1,0,1,0,1,1,0,0,0,1,0,1,1,1,0,0,0,1,1,1,1,0,0,1,1,1,1,0,0,1,1,1,0,0,0,0,1,1,1,1,0,0,1,0,1,1,0,0,1,0,0,1,2,0,0,0,1,1,1,0,1,0,1,1,0,2,0,2,1,0,0,0,2,0,0,0,1,1,0,0,0,0,1,0,2,1,1,0,0,0,0,0,0,1,0,0,0,0,0,1,0,0,1,0,0,0,0,0,0,0,0,0,1,0,0,1,1,0,0,0,0,0,0,0,0,0,0,2,0,0,0,0,0,0,1,0,0,0,0,0,1,0,0,0,0,0,0,0,0,2,1,1,0,0,0,2,0,2,0,2,0,0,0,0,0,0,1,2,0,0,2,1,0,0,0,2,0,2,0,1,1,1,1,1,2,2,0,2,1,1,1,1,0,0,1,0,1,0,0,0,0,0,1,0,0,2,0,0,0,1,0,0,1,0,0,0,1,1,0,0,0,0,0,1,0,0,0,1,1,0,0,1,0,0,1,0,0,1,0,0,0,0,0,0,0,0,1,0,1,0,1,1,0,0,0,0,1,0,1,0,0,0,0,2,0,0,0,0,0,1,0,0,0,0,0,0,0,0,0,0,0,0,0,2,0,0,0,0,0,0,0,0,0,0,0,0,0,0,0,1,0,0,0,0,0,0,0,0,0,0,0,0,0,0,0,0,0,0,0,0,0,0,0,0,0,0,0,0,1,1,0,0,0,0,0,0,0,0,0,0,0,0,0,0,0,0,0,0,0,140,33
486,Male,0,7,565,18.6,2,2,0,0,0,2,1,2,2,0,2,2,1,0,0,2,2,0,2,0,1,0,2,0,2,0,1,1,0,0,1,0,0,1,1,0,1,1,1,0,0,1,1,0,1,0,0,1,0,1,0,0,1,2,0,1,1,2,2,0,2,2,0,0,1,1,2,2,2,1,0,1,0,1,2,0,0,0,1,1,2,1,1,0,0,0,2,1,1,1,0,0,1,1,1,1,0,0,2,1,1,0,0,0,0,2,1,1,1,0,0,2,2,1,2,0,0,1,2,0,1,2,0,0,0,1,1,1,0,2,0,1,1,0,2,0,2,1,1,1,0,2,1,0,0,1,1,0,0,1,0,1,0,2,1,1,1,0,0,0,0,0,1,0,0,0,0,0,1,0,0,1,1,0,0,0,0,1,0,0,0,2,0,0,1,1,0,0,0,0,0,0,0,0,0,0,2,0,0,0,0,0,0,1,1,0,0,0,0,1,0,0,0,0,0,0,0,0,2,1,1,0,0,1,2,0,2,0,2,0,0,0,0,0,0,1,2,0,0,2,2,0,0,1,2,0,2,1,1,2,1,1,1,2,2,0,2,1,1,1,1,0,0,1,0,1,0,1,0,0,0,1,0,0,2,0,0,1,1,0,0,1,0,0,0,1,1,0,0,0,0,0,1,0,0,0,1,1,0,0,1,0,0,1,0,0,1,0,1,0,0,0,0,0,0,1,0,1,0,1,1,0,0,1,0,1,0,1,0,0,1,0,2,0,0,0,0,0,1,0,0,0,0,0,1,0,0,0,0,0,0,0,2,0,0,0,0,0,0,0,0,0,0,0,0,0,0,0,1,1,0,0,0,0,0,0,0,0,0,0,0,0,0,0,0,0,0,0,0,0,1,0,0,0,0,0,0,1,2,0,0,1,1,0,0,0,0,0,0,0,2,0,0,0,0,0,0,0,170,55
486,Male,0,7,593,19.5,2,2,0,0,0,2,1,2,2,0,2,2,1,0,0,2,2,0,2,0,1,0,2,1,2,1,1,1,0,0,1,0,0,1,1,0,1,1,1,0,0,1,1,0,1,0,0,1,1,1,1,1,1,2,1,1,1,2,2,0,2,2,0,0,1,1,2,2,2,1,0,1,0,1,2,0,0,0,1,1,2,1,1,0,1,0,2,1,1,1,1,1,1,1,1,1,2,0,2,1,1,1,1,1,1,2,1,1,1,0,0,2,2,2,2,0,0,1,2,0,1,2,0,1,1,1,1,1,1,2,0,1,1,0,2,0,2,1,1,1,0,2,1,0,0,1,1,0,0,1,0,1,1,2,1,1,1,0,1,0,2,1,1,0,0,0,0,0,1,0,0,1,1,0,0,0,0,1,1,1,0,2,0,0,1,1,1,1,1,0,1,0,0,1,0,0,2,0,0,1,1,1,0,1,1,0,0,1,0,1,0,0,0,0,0,1,0,0,2,1,1,1,0,1,2,1,2,0,2,0,0,0,0,0,0,1,2,0,1,2,2,0,0,1,2,1,2,1,1,2,1,1,1,2,2,0,2,1,1,1,1,0,0,1,1,1,0,1,0,0,0,1,1,1,2,0,1,1,1,0,0,1,1,0,0,1,1,1,0,0,0,0,1,0,0,0,1,1,0,0,1,0,0,1,1,0,1,0,1,0,0,0,0,0,0,1,0,1,0,1,1,0,0,1,0,1,2,1,0,1,1,0,2,0,0,0,0,0,1,0,0,0,1,0,1,0,0,1,0,0,0,0,2,0,0,0,0,0,0,0,0,0,0,0,0,0,0,0,1,1,0,0,0,0,0,0,0,0,0,0,0,0,0,0,0,0,0,0,0,0,1,0,0,0,1,0,0,1,2,0,1,1,1,0,2,0,2,0,0,1,2,0,0,0,0,0,0,0,223,61
486,Male,0,7,644,21.2,2,2,0,0,2,2,1,2,2,2,2,2,1,0,0,2,2,0,2,0,1,0,2,1,2,1,1,2,0,0,1,0,0,1,1,0,1,1,2,0,0,1,1,0,1,0,0,1,1,1,1,1,2,2,1,1,1,2,2,0,2,2,2,0,1,1,2,2,2,1,0,1,1,1,2,1,0,1,1,1,2,1,1,1,1,0,2,1,1,1,1,1,1,2,2,1,2,1,2,2,1,1,1,1,1,2,1,1,1,0,0,2,2,2,2,0,0,1,2,0,1,2,0,1,1,1,1,1,1,2,1,1,1,0,2,0,2,1,1,1,0,2,1,0,0,1,1,0,0,1,0,1,1,2,1,1,1,0,1,0,2,1,1,1,1,0,0,0,1,1,1,1,1,0,0,1,0,1,1,1,1,2,0,0,1,2,1,1,1,0,1,0,0,1,0,0,2,0,0,1,1,1,0,1,1,0,0,1,0,1,0,0,0,0,0,1,0,0,2,1,1,1,0,1,2,1,2,0,2,0,1,0,0,0,0,1,2,0,2,2,2,0,0,1,2,1,2,1,1,2,1,1,1,2,2,0,2,1,1,1,2,1,0,1,1,1,0,1,0,0,0,1,1,1,2,0,1,1,1,1,1,1,1,0,0,1,1,1,1,0,0,1,1,0,0,1,1,1,0,0,1,0,0,1,1,1,1,0,1,1,0,0,0,1,0,1,1,1,1,1,1,0,0,1,0,1,2,1,1,1,1,0,2,1,0,0,0,0,1,0,0,0,1,0,1,0,0,1,1,0,0,0,2,0,0,0,0,0,0,0,0,0,0,0,0,0,0,0,1,1,0,0,0,0,0,0,0,0,0,0,0,0,0,0,0,0,0,0,0,1,1,0,1,0,1,0,0,2,2,0,1,1,1,0,2,0,2,0,0,1,2,0,0,0,0,0,0,0,255,74
486,Male,0,7,812,26.7,2,2,0,2,2,2,2,2,2,2,2,2,1,2,2,2,2,0,2,1,2,0,2,1,2,1,2,2,1,1,2,1,0,2,1,1,1,1,2,0,2,2,1,1,1,0,1,1,1,2,2,1,2,2,1,1,2,2,2,1,2,2,2,2,1,2,2,2,2,2,0,2,1,1,2,1,1,1,2,1,2,1,2,1,1,1,2,1,1,2,2,2,2,2,2,1,2,2,2,2,1,1,1,1,1,2,2,1,2,1,1,2,2,2,2,0,2,1,2,1,1,2,1,2,1,1,1,1,1,2,1,1,1,1,2,1,2,1,2,1,1,2,1,1,0,1,1,0,2,1,0,1,1,2,1,1,1,1,1,1,2,1,2,2,1,1,1,1,2,2,1,1,2,1,0,2,1,1,1,1,2,2,2,1,2,2,1,1,1,0,1,1,1,1,1,0,2,1,0,1,1,2,0,2,1,1,0,1,1,1,1,1,2,1,0,1,1,1,2,2,1,1,2,1,2,1,2,0,2,0,1,0,0,0,0,2,2,1,2,2,2,0,0,1,2,1,2,1,1,2,1,2,1,2,2,0,2,2,2,2,2,1,0,1,2,1,1,1,0,1,1,1,1,1,2,0,1,1,1,1,1,2,1,1,1,1,1,1,2,1,1,1,1,0,1,1,1,1,0,1,1,1,1,1,2,1,1,0,1,1,1,0,1,1,0,1,1,2,1,1,1,1,1,1,1,1,2,2,2,1,1,1,2,1,0,0,2,1,1,1,2,2,1,1,1,1,0,1,1,2,0,1,2,1,2,1,0,1,1,0,0,2,1,0,0,0,0,1,1,1,2,0,0,0,0,0,0,0,0,0,0,0,0,0,0,0,0,0,0,1,1,0,1,0,1,1,0,2,2,1,1,2,2,1,2,1,2,1,2,1,2,0,2,0,0,0,0,0,345,141
488,Male,0,3,477,15.7,1,1,1,2,1,1,1,1,1,2,1,2,0,0,0,1,0,0,2,1,1,0,2,0,1,0,2,0,0,0,1,0,0,0,0,0,0,0,1,0,1,1,0,0,0,0,0,0,1,0,2,0,1,2,0,1,1,2,1,0,1,1,1,0,1,1,1,1,1,1,0,0,0,0,1,1,1,0,1,0,0,0,0,0,1,0,2,0,0,0,0,0,0,0,1,1,0,0,0,1,0,1,1,0,1,0,1,1,0,1,0,1,1,0,0,1,0,0,1,0,1,0,0,0,1,1,0,1,0,1,0,1,1,0,1,1,1,0,1,0,1,1,1,0,1,0,0,0,0,0,0,1,0,1,1,1,2,0,0,0,1,0,0,0,1,1,0,0,0,0,0,1,0,0,0,1,0,0,1,0,0,1,0,0,0,1,1,1,1,0,1,2,0,1,0,1,0,0,0,0,0,1,0,1,1,0,0,0,0,0,1,1,0,0,0,0,0,0,1,1,1,1,0,0,2,0,0,0,2,0,0,0,0,0,0,1,1,0,0,2,0,0,0,0,1,1,2,1,1,1,1,1,1,1,2,0,1,1,1,0,1,1,1,1,1,0,0,0,0,0,1,1,0,1,1,0,1,0,1,1,1,1,0,0,0,1,1,1,1,1,0,0,1,1,1,0,1,1,0,1,1,1,0,1,1,1,1,1,0,1,0,0,0,0,0,1,0,1,1,1,1,1,1,1,0,1,1,1,1,0,1,0,1,1,1,0,0,0,1,0,0,0,2,0,0,0,0,1,1,0,0,0,1,0,1,0,0,0,1,0,0,0,0,0,0,1,0,1,0,0,0,0,0,0,1,0,0,0,0,0,0,0,0,0,0,0,0,0,0,0,0,0,0,0,0,0,1,1,1,1,0,1,1,1,2,1,1,0,0,0,1,0,0,0,0,0,0,0,192,19
488,Male,0,3,543,17.9,1,1,1,2,1,2,1,1,1,2,1,2,0,0,0,1,0,0,2,1,1,0,2,0,2,0,2,0,0,0,1,0,0,0,0,0,0,0,1,0,1,1,0,0,0,0,0,1,1,1,2,0,1,2,1,1,1,2,1,0,1,1,1,0,1,1,1,1,2,1,0,0,1,0,1,1,1,0,1,0,0,1,0,0,1,0,2,0,0,1,1,0,0,1,1,1,1,0,1,1,1,1,1,1,1,1,1,1,0,1,0,1,1,1,1,1,0,0,1,0,1,1,1,0,1,1,1,1,1,2,0,2,1,1,2,1,1,1,1,0,1,1,1,0,1,1,1,0,0,1,0,1,0,1,1,1,2,0,0,0,1,1,1,0,1,1,0,0,0,0,0,1,0,0,0,1,0,1,1,1,0,1,0,0,1,1,1,1,1,0,1,2,0,1,0,1,0,0,0,1,0,1,0,1,1,0,0,0,0,0,1,1,0,0,0,0,0,0,1,1,1,1,0,0,2,0,0,0,2,0,0,0,0,0,0,1,1,0,0,2,0,0,0,0,1,2,2,1,1,1,1,1,1,2,2,0,1,2,2,0,1,1,1,1,1,1,0,0,0,1,1,1,0,1,1,0,1,0,2,1,1,1,0,0,1,1,1,1,1,1,0,0,1,1,1,0,1,1,0,1,1,1,0,1,1,1,1,1,0,1,0,0,0,0,0,1,0,1,1,1,1,1,1,1,0,1,1,1,1,0,1,0,1,1,1,0,0,0,1,0,0,0,2,0,0,0,0,1,1,0,0,0,1,0,1,0,0,0,1,0,0,0,0,0,0,1,0,1,1,0,0,0,0,0,1,0,0,0,0,0,0,0,0,0,0,0,0,0,0,0,0,0,0,0,0,0,1,1,2,1,0,1,1,1,2,1,1,0,0,0,1,0,0,0,0,0,0,0,226,31
488,Male,0,3,621,20.4,1,2,1,2,1,2,1,1,2,2,1,2,1,2,2,2,1,0,2,1,1,0,2,0,2,1,2,1,0,0,2,0,0,0,1,1,2,0,1,0,1,1,0,0,0,0,0,2,2,2,2,2,2,2,2,1,2,2,1,1,2,1,1,1,2,2,1,2,2,1,0,1,1,1,1,1,1,0,2,1,1,1,0,0,2,0,2,0,1,2,2,0,0,1,1,1,1,1,1,1,1,1,1,1,1,2,1,1,0,1,0,1,1,1,1,1,1,1,1,0,1,1,1,0,1,1,1,1,1,2,0,2,1,1,2,1,2,1,2,0,1,1,1,1,1,1,1,0,0,1,0,1,0,2,2,1,2,1,1,0,1,1,1,2,1,1,0,1,0,1,1,1,1,0,1,1,0,1,1,1,0,1,0,0,1,1,1,1,1,0,1,2,1,1,1,1,0,1,0,1,0,1,0,1,1,0,1,1,0,1,1,1,1,1,0,0,0,0,1,2,1,1,0,0,2,1,0,1,2,1,0,0,0,0,1,1,1,0,2,2,2,0,0,0,2,2,2,1,1,1,1,1,1,2,2,0,1,2,2,1,2,1,1,1,1,1,0,0,0,1,1,1,0,1,2,0,2,0,2,1,1,1,1,1,1,2,1,1,1,1,0,0,1,2,1,0,1,2,0,1,1,1,0,1,1,1,1,1,1,1,0,0,0,1,0,1,1,1,1,1,1,1,1,1,0,1,1,1,1,1,1,0,2,1,1,0,2,1,1,0,1,0,2,0,1,0,0,1,2,0,1,0,1,2,1,0,1,1,1,0,0,0,0,0,1,1,0,1,1,0,0,0,0,0,1,0,0,0,0,0,1,0,0,0,0,0,0,0,0,0,0,0,0,0,0,0,1,1,2,1,1,1,1,2,2,1,2,0,1,1,1,0,0,0,1,0,0,1,291,75
489,Male,0,6,455,15,0,0,0,0,0,0,0,0,0,1,0,0,0,0,0,0,0,0,0,0,0,0,0,0,0,0,0,0,0,0,0,0,0,0,0,0,0,0,0,0,0,0,0,0,0,0,0,0,0,0,0,0,1,1,0,0,0,1,0,0,1,0,0,0,0,0,1,2,1,0,0,0,0,0,0,0,0,0,1,0,0,1,0,0,0,0,1,0,0,0,0,0,0,0,1,0,0,0,0,0,0,0,0,0,0,0,0,0,0,0,0,0,0,0,0,0,0,0,0,0,0,0,0,0,0,1,0,0,0,1,0,0,0,0,1,1,1,1,0,0,0,1,0,0,0,1,0,0,1,0,0,0,0,1,0,1,0,0,0,0,0,0,0,0,0,0,0,0,0,0,0,0,0,0,0,0,0,0,0,1,0,0,0,0,0,0,0,0,0,0,0,0,0,0,0,0,0,0,0,0,0,0,0,1,0,0,0,0,0,0,0,0,0,0,0,0,0,0,0,1,0,0,0,0,1,0,1,0,2,0,0,0,0,0,0,1,2,0,0,1,1,0,0,0,1,1,1,0,0,1,1,1,0,1,1,0,0,0,0,0,1,1,0,1,0,0,0,0,0,0,0,0,0,0,1,0,0,0,1,0,0,1,0,0,0,1,0,1,0,0,0,0,0,0,0,0,1,1,0,1,1,0,0,0,1,0,1,0,1,1,1,0,0,1,1,0,0,1,1,0,0,0,0,0,0,0,0,0,0,0,0,0,1,0,0,0,0,0,0,0,0,0,0,0,1,0,0,0,1,0,0,0,0,0,0,0,0,0,0,0,0,0,0,0,0,1,0,1,1,0,0,0,1,0,0,0,0,0,0,0,0,0,0,0,0,0,0,0,0,1,0,0,0,0,0,0,0,0,2,0,0,0,0,0,0,0,2,0,0,0,1,1,0,0,0,0,0,0,74,5
489,Male,0,6,501,16.5,1,1,0,0,1,1,0,0,0,1,2,0,0,0,0,1,0,0,1,0,1,0,1,0,0,0,2,0,0,0,0,0,0,0,0,0,0,0,1,0,0,1,0,0,0,0,0,0,1,0,0,1,1,1,0,0,1,2,0,0,1,0,0,1,0,0,1,2,1,0,0,1,0,0,0,0,0,0,1,0,0,1,0,0,1,0,1,0,0,0,0,0,0,1,1,0,0,0,1,1,0,1,1,0,0,1,1,1,0,1,0,1,1,0,1,0,0,0,1,0,1,1,0,0,1,1,0,1,0,1,0,1,1,0,1,1,1,1,1,0,0,1,0,0,0,1,0,0,1,0,0,0,0,1,1,1,0,0,0,0,1,0,0,1,1,0,0,0,0,0,1,0,1,0,0,1,1,0,0,1,0,0,1,0,0,0,0,0,0,0,1,1,0,1,0,0,0,0,0,1,0,1,0,1,0,0,0,1,0,0,0,0,0,0,0,0,0,1,1,1,1,1,1,0,1,0,1,0,2,0,0,0,0,0,0,1,2,0,0,1,1,0,0,0,1,1,1,2,0,1,1,1,0,1,1,0,0,1,1,0,2,1,0,1,0,0,0,0,0,0,0,0,0,0,1,0,1,0,1,1,0,1,1,0,0,1,0,1,1,0,0,0,0,1,0,0,1,1,0,1,1,0,0,1,1,0,1,0,1,1,1,0,0,1,1,0,0,1,1,0,1,1,0,0,0,1,1,1,0,0,0,0,1,0,0,0,0,0,0,0,0,0,0,0,1,1,0,1,1,0,1,0,0,1,0,0,0,0,0,0,0,0,0,0,0,1,0,1,1,0,0,0,1,0,0,0,0,0,0,0,0,0,0,0,0,0,0,0,0,1,0,0,0,0,0,0,0,0,2,0,0,0,0,0,0,0,2,0,0,0,1,1,0,0,0,0,0,1,151,10
489,Male,0,6,523,17.2,1,1,0,0,1,1,0,0,0,1,2,0,0,0,0,1,0,0,1,0,1,0,1,0,0,0,2,0,0,0,0,0,0,0,0,0,0,0,1,0,0,1,0,0,0,0,0,0,1,0,1,1,1,1,0,0,1,2,1,0,1,0,0,1,0,0,1,2,1,0,0,1,0,0,0,0,0,0,1,0,0,1,1,0,1,0,1,0,0,0,0,0,0,1,1,0,1,0,1,1,0,1,1,0,0,1,1,1,0,1,0,1,1,0,1,0,0,0,1,0,1,1,0,0,1,1,0,1,0,1,0,1,1,0,1,1,1,1,1,0,0,1,0,0,0,1,0,0,1,0,0,0,0,1,1,1,1,0,0,0,1,0,0,1,1,1,0,0,0,0,1,1,1,0,0,1,1,0,0,1,0,0,1,0,0,0,0,0,0,0,1,1,0,1,0,0,0,0,0,1,0,1,0,1,0,0,0,1,0,0,0,0,0,0,0,0,0,1,1,1,1,1,1,0,1,0,1,0,2,0,0,0,0,0,0,1,2,0,1,1,1,0,0,0,1,1,1,2,0,1,1,1,0,1,1,0,1,1,1,0,2,1,0,2,0,1,0,1,1,0,0,0,0,0,1,0,1,0,1,1,0,1,1,0,1,1,1,1,1,0,0,1,1,1,0,1,1,1,0,1,1,0,0,1,1,0,1,0,1,1,1,1,0,1,1,1,0,1,1,1,1,1,1,0,0,1,1,1,0,0,0,0,1,0,0,0,0,0,0,0,0,0,0,0,1,1,0,1,1,0,1,0,1,1,0,0,0,0,0,0,0,0,0,0,0,1,0,1,1,0,0,0,1,0,0,0,0,0,0,0,0,0,0,0,0,0,0,0,0,1,0,0,0,0,0,0,0,0,2,0,0,0,0,0,0,0,2,0,1,0,1,1,0,0,0,0,0,1,174,11
489,Male,0,6,603,19.8,2,2,0,0,2,2,0,1,2,2,2,0,0,0,0,2,0,0,2,0,2,0,2,0,1,0,2,0,0,0,1,0,0,1,1,0,2,0,1,0,0,1,0,1,0,0,0,1,2,2,2,1,2,2,1,0,2,2,1,0,2,2,1,1,1,1,2,2,1,1,0,1,1,0,0,0,1,0,1,1,0,1,1,0,1,0,1,0,0,1,0,0,0,1,1,1,1,0,1,1,1,1,1,1,1,1,1,1,0,1,0,1,1,1,1,1,0,0,1,0,1,1,0,0,1,1,0,1,0,1,0,1,1,2,1,1,2,1,1,0,1,1,1,0,0,1,0,0,1,0,0,0,0,1,1,1,1,1,0,0,2,0,1,1,1,1,0,0,0,0,1,1,1,0,0,1,1,1,1,1,0,1,1,0,0,1,1,2,1,1,1,1,0,1,0,0,0,0,0,1,0,1,1,1,0,0,0,1,0,1,0,0,0,0,0,0,0,1,1,1,1,2,1,0,2,2,2,0,2,0,0,0,0,0,0,2,2,0,1,2,2,0,0,0,2,1,2,2,0,2,1,1,0,1,2,0,1,1,1,1,2,1,2,2,0,1,0,1,1,0,0,1,1,1,1,0,2,0,1,1,1,1,1,1,1,1,1,1,1,1,0,1,1,1,1,1,1,1,0,1,1,0,0,1,1,1,1,1,1,1,1,1,0,1,1,1,0,1,1,1,1,1,1,0,0,1,1,1,1,1,1,1,2,1,0,0,2,1,0,1,2,0,0,0,1,1,0,1,1,0,1,0,1,1,1,0,0,1,0,0,0,2,1,0,0,1,1,1,1,1,0,0,1,0,0,0,0,0,0,0,1,0,0,0,0,0,0,0,0,1,2,0,0,0,0,0,0,0,2,0,0,1,1,0,0,1,2,1,1,0,1,1,0,0,0,0,1,1,249,53
489,Male,0,6,627,20.6,2,2,0,0,2,2,0,2,2,2,2,2,0,0,1,2,0,0,2,0,2,0,2,0,1,0,2,1,2,0,1,0,0,1,1,1,2,1,1,0,0,1,0,1,0,0,0,1,2,2,2,1,2,2,1,1,2,2,1,2,2,2,1,1,1,1,2,2,2,1,0,1,1,1,0,0,2,0,1,1,2,1,1,1,1,1,1,2,0,1,1,1,0,1,1,1,1,0,1,1,1,1,1,1,1,1,1,1,0,1,0,1,1,1,1,1,0,0,1,1,1,2,0,1,1,1,0,1,0,1,0,2,2,2,2,1,2,1,1,1,1,2,1,0,0,1,1,0,1,0,0,1,0,2,2,1,1,1,0,0,2,0,1,1,1,1,0,0,2,0,1,1,1,0,1,1,1,1,1,1,0,1,1,0,1,1,1,2,1,1,1,1,0,1,0,0,0,0,0,2,0,1,1,2,0,0,0,1,0,1,0,0,0,0,0,1,0,1,1,1,1,2,1,0,2,2,2,0,2,0,1,0,0,0,1,2,2,1,1,2,2,0,0,0,2,2,2,2,2,2,1,1,0,1,2,0,1,1,1,1,2,2,2,2,0,1,0,1,1,0,1,1,1,1,1,0,2,1,1,1,1,1,1,1,1,1,1,1,2,1,0,1,1,1,1,1,1,1,0,1,1,1,0,1,1,1,1,1,1,1,1,1,0,1,1,1,0,1,1,1,1,1,1,1,0,1,1,2,1,1,1,1,2,1,1,2,2,1,1,1,2,0,0,0,1,1,0,1,1,0,1,0,2,1,1,0,0,1,1,0,1,2,1,0,0,1,1,1,1,1,0,0,1,0,1,1,0,0,1,0,1,0,0,0,0,0,0,0,0,1,2,1,0,2,2,0,1,1,2,1,1,1,1,1,1,1,2,1,2,1,2,2,0,0,0,0,1,1,299,83
489,Male,0,6,824,27.1,2,2,2,2,2,2,2,2,2,2,2,2,2,1,2,2,2,2,2,2,2,1,2,0,2,0,2,1,2,0,2,0,0,2,2,2,2,1,1,0,0,2,2,2,1,0,0,2,2,2,2,2,2,2,2,2,2,2,2,2,2,2,2,2,2,2,2,2,2,2,1,2,2,1,1,2,2,2,2,2,2,2,2,2,2,2,2,2,1,2,2,2,1,2,2,1,1,2,2,2,2,2,2,2,2,2,2,2,1,2,0,2,2,2,1,2,0,2,2,1,2,2,1,2,2,2,1,2,2,2,0,2,2,2,2,2,2,2,2,2,1,2,1,0,0,2,1,0,1,1,0,1,1,2,2,2,2,1,2,1,2,1,2,2,1,2,1,1,2,1,2,2,2,1,1,2,2,2,2,2,2,2,2,0,2,2,2,2,2,1,2,2,0,2,0,0,2,2,0,2,0,1,1,2,1,1,0,2,1,1,1,1,2,0,1,2,1,2,2,2,2,2,1,2,2,2,2,0,2,0,1,0,1,0,1,2,2,1,2,2,2,2,0,2,2,2,2,2,2,2,1,2,1,1,2,0,1,2,2,2,2,2,2,2,1,1,1,1,2,1,2,1,1,2,2,1,2,2,2,2,2,2,2,2,2,2,2,2,2,2,1,2,1,1,1,2,1,2,1,2,2,1,1,2,2,1,1,1,2,2,2,1,0,1,2,2,2,2,1,2,1,2,2,1,1,2,1,2,1,1,1,1,2,2,1,2,2,2,1,2,2,2,2,2,2,2,2,1,2,1,1,1,2,2,2,1,0,1,1,1,2,2,1,1,1,2,2,2,2,2,1,0,1,1,1,1,0,1,1,1,2,1,1,1,1,0,0,1,1,1,2,2,1,2,2,0,2,2,2,2,1,2,2,1,1,1,2,1,2,1,2,2,2,1,1,1,1,1,381,257
491,Male,0,4,597,19.6,2,2,1,0,2,2,1,2,2,0,2,0,0,2,2,2,0,0,2,0,0,0,2,0,2,0,2,0,0,0,2,0,0,0,0,0,0,0,2,0,0,2,0,0,0,0,0,2,2,2,2,0,2,2,2,0,2,2,0,0,2,0,2,0,0,0,2,2,0,0,0,0,0,0,2,0,0,0,0,0,2,0,0,2,2,0,2,2,0,2,0,0,2,0,0,0,0,0,2,2,0,0,2,0,0,1,0,0,2,0,0,2,0,0,0,0,0,0,0,0,0,2,0,2,0,1,0,1,0,2,0,2,0,0,2,0,2,0,2,0,1,2,0,0,0,0,0,0,0,1,0,0,0,2,0,1,1,0,0,0,0,0,0,0,0,2,0,0,2,0,0,0,2,0,0,2,2,0,2,2,0,0,2,0,0,0,1,0,0,0,0,0,0,1,2,0,1,0,0,0,0,2,0,0,0,0,0,0,0,0,0,0,2,0,0,0,0,0,2,0,0,0,0,0,0,0,0,0,2,0,0,0,0,0,0,0,0,0,0,2,2,0,0,0,2,0,2,0,0,2,0,0,0,2,0,0,0,0,0,2,0,2,0,2,0,1,0,0,0,0,0,0,0,0,0,0,0,0,0,0,0,1,0,0,0,0,0,0,0,0,0,0,0,0,0,0,0,0,0,0,0,0,0,0,0,0,0,0,0,0,0,0,0,0,0,1,0,0,0,0,2,0,2,0,0,0,0,2,0,0,0,0,2,0,0,0,0,0,0,0,2,0,0,0,0,0,0,0,0,0,0,0,2,0,0,0,0,0,0,0,0,0,0,0,0,0,0,0,0,2,0,0,0,0,0,0,0,0,0,0,2,0,0,0,0,0,0,0,0,0,2,0,0,0,0,0,0,0,0,0,0,0,0,0,0,0,0,0,0,0,0,0,0,0,0,0,0,0,97,83
491,Male,0,4,630,20.7,2,2,1,0,2,2,1,2,2,0,2,0,0,2,2,2,1,0,2,1,2,0,2,0,2,0,2,1,0,0,2,0,0,1,2,0,0,0,2,0,0,2,0,0,0,0,0,2,2,2,2,0,2,2,2,0,2,2,2,0,2,1,2,0,0,0,2,2,0,0,0,0,0,0,2,0,2,0,2,0,2,0,0,2,2,0,2,2,0,2,0,0,2,1,2,0,0,0,2,2,0,0,2,0,0,2,0,0,2,0,0,2,0,0,2,0,2,2,2,0,1,2,0,2,0,1,0,2,0,2,0,2,0,0,2,1,2,1,2,0,1,2,0,0,0,0,0,0,0,1,0,0,0,2,0,1,1,0,0,0,2,1,2,2,0,2,0,0,2,0,2,0,2,0,0,2,2,0,2,2,0,2,2,0,2,0,1,2,0,0,0,2,0,1,2,0,2,0,0,0,0,2,0,2,0,0,0,0,0,0,0,0,2,0,0,0,0,0,2,2,0,0,0,0,0,0,0,0,2,0,0,0,2,0,0,0,0,0,2,2,2,0,0,0,2,0,2,0,0,2,0,0,0,2,2,0,0,0,2,2,0,2,0,2,0,1,0,0,0,0,0,0,0,0,0,0,0,0,2,0,0,1,2,0,0,0,0,0,0,0,0,0,0,0,0,0,0,2,0,0,0,0,0,0,0,0,0,0,0,0,0,0,0,0,0,1,1,0,0,0,2,0,2,0,0,0,0,2,0,0,0,0,2,0,0,0,0,0,0,0,2,0,0,0,0,0,0,0,0,0,0,0,2,0,0,0,0,0,0,0,0,0,0,0,0,0,0,0,0,2,0,0,0,0,0,0,0,2,0,0,2,0,0,0,0,0,0,2,0,0,2,0,0,0,2,0,0,0,0,0,0,0,0,0,0,0,0,0,0,0,2,0,0,0,0,0,0,0,139,117
491,Male,0,4,704,23.1,2,2,1,0,2,2,1,2,2,0,2,0,2,2,2,2,2,2,2,2,2,2,2,0,2,0,2,2,2,0,2,0,0,2,2,2,2,0,2,0,0,2,2,0,2,0,0,2,2,2,2,2,2,2,2,0,2,2,2,2,2,2,2,2,2,2,2,2,1,2,1,2,2,0,2,0,2,0,2,2,2,0,1,2,2,0,2,2,0,2,0,0,2,1,2,2,0,2,2,2,2,2,2,0,0,2,2,0,2,2,0,2,2,0,2,1,2,2,2,0,1,2,0,2,0,1,0,2,0,2,0,2,0,0,2,1,2,1,2,0,2,2,0,2,0,0,0,0,0,1,0,0,0,2,0,1,1,0,0,0,2,1,2,2,0,2,0,0,2,2,2,0,2,0,0,2,2,0,2,2,0,2,2,0,2,0,1,2,2,0,0,2,0,1,2,0,2,0,0,0,0,2,0,2,0,0,0,0,0,0,0,2,2,0,0,0,0,2,2,2,2,1,0,2,2,0,0,0,2,0,0,0,2,0,0,0,0,0,2,2,2,2,0,0,2,0,2,0,0,2,0,0,0,2,2,0,0,0,2,2,2,2,0,2,0,2,0,0,0,0,0,0,0,1,1,0,0,0,2,0,0,1,2,0,0,0,2,0,2,0,0,0,0,0,0,0,0,2,1,2,2,2,0,2,0,0,0,0,0,0,0,0,0,0,0,1,2,0,0,2,2,0,2,0,0,0,2,2,2,0,0,0,2,0,0,0,2,0,0,0,2,2,0,0,0,0,0,0,0,2,0,0,2,0,0,0,0,0,0,0,0,2,0,0,2,0,0,0,0,2,2,0,0,0,0,0,0,2,0,0,2,0,0,0,0,0,0,2,0,0,2,0,0,0,2,0,0,0,2,2,0,2,2,2,0,2,0,0,2,0,2,2,0,0,0,0,0,0,203,182
491,Male,0,4,803,26.4,2,2,1,0,2,2,2,2,2,0,2,2,2,2,2,2,2,2,2,2,2,2,2,2,2,2,2,2,2,0,2,0,0,2,2,2,2,0,2,0,0,2,2,0,2,0,0,2,2,2,2,2,2,2,2,0,2,2,2,2,2,2,2,2,2,2,2,2,1,2,1,2,2,0,2,0,2,0,2,2,2,2,2,2,2,0,2,2,0,2,0,0,2,1,2,2,0,2,2,2,2,2,2,0,2,2,2,0,2,2,0,2,2,0,2,1,2,2,2,0,1,2,0,2,0,1,0,2,0,2,0,2,0,0,2,1,2,1,2,0,2,2,0,2,0,2,0,0,2,1,0,0,0,2,2,1,1,0,0,0,2,1,2,2,2,2,2,0,2,2,2,2,2,0,2,2,2,2,2,2,0,2,2,0,2,0,1,2,2,0,0,2,0,1,2,0,2,0,0,2,0,2,0,2,0,0,0,0,2,0,0,2,2,0,0,0,0,2,2,2,2,1,0,2,2,0,0,0,2,0,0,0,2,0,0,0,0,0,2,2,2,2,0,2,2,0,2,0,2,2,0,0,0,2,2,0,0,0,2,2,2,2,0,2,0,2,0,0,0,0,0,0,0,1,1,0,0,0,2,0,0,1,2,0,0,0,2,0,2,0,0,0,0,0,0,2,0,2,1,2,2,2,0,2,2,2,2,0,2,0,2,0,0,0,0,1,2,0,0,2,2,0,2,0,0,0,2,2,2,0,2,0,2,0,0,0,2,0,0,0,2,2,0,0,0,2,0,0,0,2,0,0,2,0,0,0,0,0,0,0,0,2,2,0,2,0,0,0,2,2,2,0,0,0,0,0,0,2,2,2,2,0,0,0,0,0,0,2,0,0,2,0,0,0,2,0,0,0,2,2,0,2,2,2,0,2,0,0,2,0,2,2,0,0,0,0,0,0,232,213
492,Female,0,2,577,19,0,2,0,2,2,2,2,2,2,2,2,2,1,0,0,0,2,0,2,0,2,0,2,0,2,2,1,0,0,0,0,0,0,2,0,0,0,0,2,0,0,0,0,0,0,0,0,0,1,0,0,0,1,2,0,1,1,2,0,1,2,2,1,0,1,1,2,1,2,0,0,2,1,0,0,0,1,0,1,0,0,1,0,0,1,0,2,0,0,1,0,0,0,1,1,0,1,0,1,1,0,0,0,1,1,1,1,1,0,0,0,1,1,1,1,1,0,0,1,0,0,2,0,0,0,1,0,1,0,2,0,1,0,0,2,1,1,1,1,0,1,1,0,0,1,1,1,0,1,0,0,0,0,1,1,1,1,0,0,0,0,1,0,0,0,1,0,0,2,0,0,1,0,0,0,0,0,1,1,0,0,0,0,0,0,1,2,1,0,0,1,0,0,1,0,2,0,0,0,1,0,0,0,1,0,0,0,0,0,0,0,0,1,0,0,0,0,1,1,1,2,0,0,0,2,0,1,0,2,0,0,0,0,1,0,2,0,2,0,2,2,0,0,0,2,1,2,0,0,2,2,1,0,2,2,0,2,2,0,0,2,1,0,1,1,1,0,1,1,1,0,2,0,1,1,0,1,0,1,0,0,2,0,1,1,1,1,1,0,0,0,0,0,1,0,2,0,1,0,0,2,0,0,1,1,1,1,1,1,0,0,0,0,0,0,1,1,0,0,0,2,0,1,0,0,2,0,2,2,0,0,0,2,0,0,0,0,0,0,0,0,0,0,0,1,0,0,0,0,0,0,0,1,0,0,0,0,1,0,0,2,0,0,0,0,0,0,0,0,0,0,0,2,0,1,0,0,0,0,0,0,1,0,0,0,0,0,0,0,2,2,0,0,0,0,0,0,2,0,0,0,0,0,1,1,1,1,0,0,0,2,0,0,0,0,0,0,0,168,63
492,Female,0,2,623,20.5,0,2,0,2,2,2,2,2,2,2,2,2,2,2,0,2,2,0,2,0,2,0,2,0,2,2,2,0,2,0,0,0,0,2,2,0,0,0,2,0,0,2,0,0,0,0,0,0,2,0,0,0,2,2,0,2,2,2,2,1,2,2,2,0,2,1,2,2,2,0,0,2,1,0,0,0,2,0,2,0,2,1,0,0,2,0,2,0,0,2,0,0,0,1,1,0,2,0,2,2,0,0,0,1,1,2,1,2,0,0,0,2,2,2,1,1,0,0,2,0,0,2,0,0,0,2,0,1,0,2,0,2,0,0,2,1,2,1,2,0,1,1,2,0,1,1,1,0,1,0,0,1,1,1,1,1,1,0,0,0,2,1,2,0,0,2,0,0,2,0,0,1,0,0,0,0,0,2,1,2,1,1,0,0,2,2,2,1,1,0,1,2,0,2,0,2,2,0,0,1,0,2,0,2,1,1,1,1,1,1,0,0,1,1,0,1,1,1,1,1,2,0,0,0,2,0,2,0,2,0,1,0,0,1,0,2,0,2,0,2,2,0,0,1,2,2,2,1,1,2,2,2,1,2,2,1,2,2,1,0,2,2,1,2,1,2,0,1,1,1,1,2,1,1,1,1,1,1,1,1,0,2,1,1,1,1,1,1,2,1,1,1,1,1,0,2,1,1,1,1,2,0,0,1,1,2,2,1,1,1,1,0,1,0,0,1,1,1,1,2,2,1,1,1,0,2,1,2,2,0,1,1,2,1,1,1,2,0,2,0,0,0,0,0,1,0,0,1,1,2,1,0,1,0,0,0,0,1,0,0,2,2,1,0,0,1,0,1,1,1,2,0,2,0,1,0,1,0,1,1,0,1,0,0,0,0,0,0,0,2,2,1,0,0,1,0,0,2,0,0,0,1,1,1,1,1,1,0,0,1,2,1,0,0,0,0,0,0,255,124
494,Female,0,2,531,17.5,1,0,0,0,0,0,1,1,1,0,0,2,0,0,0,0,0,0,0,0,0,0,0,0,0,0,0,0,0,0,0,0,0,0,0,0,0,0,0,0,0,0,0,0,0,0,0,0,0,0,0,0,0,0,0,0,0,0,0,0,1,0,1,1,1,0,0,1,0,0,0,0,0,0,0,0,0,0,0,0,0,0,0,0,1,0,1,0,0,0,0,0,1,0,0,0,0,1,0,1,0,0,0,0,0,0,1,0,0,0,0,1,0,0,0,0,0,0,0,0,0,0,0,0,0,1,1,0,0,1,0,0,0,0,1,0,1,0,1,0,0,1,0,0,0,0,0,0,0,0,0,0,0,1,0,0,0,0,0,0,0,0,0,0,0,0,0,0,0,0,0,0,0,0,0,0,0,0,0,0,0,0,0,0,1,0,0,0,0,0,1,0,0,0,0,1,0,0,0,0,0,0,0,0,0,0,0,0,0,0,0,0,0,0,0,0,0,0,0,0,1,0,0,0,1,0,0,0,1,0,0,0,0,0,0,1,1,0,0,1,0,0,0,0,1,0,1,0,0,1,0,0,0,0,2,0,2,0,0,0,1,0,0,2,1,0,0,0,0,0,0,0,0,0,1,0,1,0,1,0,0,1,0,0,0,0,0,0,0,0,0,0,1,0,0,1,0,1,0,0,0,1,0,1,0,0,0,0,0,0,0,0,0,0,0,1,0,1,0,0,1,0,0,0,0,0,1,1,0,0,0,0,1,0,0,0,0,0,1,0,0,0,0,0,0,0,0,0,0,0,0,0,0,0,0,0,0,1,0,0,0,0,0,0,0,0,0,0,0,0,0,0,0,0,0,0,0,0,0,0,0,0,0,0,0,0,0,0,0,0,0,0,0,0,0,0,0,0,0,0,0,0,0,0,0,0,1,0,0,0,0,0,0,0,0,0,0,0,60,4
494,Female,0,2,815,26.8,2,2,0,0,2,2,2,2,2,2,2,2,2,0,0,2,2,2,2,2,2,0,2,0,2,2,2,1,0,0,2,0,0,2,2,0,0,0,2,0,0,2,2,0,0,0,0,0,1,1,0,0,1,2,0,1,2,2,2,0,2,2,2,2,2,2,2,2,2,2,1,1,0,0,2,0,1,0,2,2,2,2,2,0,1,0,2,2,0,0,1,1,1,1,2,1,2,2,2,2,2,2,2,2,2,2,2,2,2,2,0,2,2,2,2,0,1,1,2,2,1,2,0,0,0,2,2,2,0,1,0,2,1,0,2,0,2,0,2,0,1,1,0,0,0,1,0,0,2,1,0,0,1,2,2,1,1,0,0,0,2,0,1,0,0,1,0,0,0,2,0,1,1,0,0,2,0,1,1,1,0,2,0,0,2,2,2,0,0,0,1,0,0,1,0,1,1,0,0,1,0,0,0,0,0,1,0,0,2,2,0,0,0,0,0,0,0,0,2,0,2,0,0,0,2,2,0,0,1,0,0,0,0,0,1,2,2,0,0,2,2,0,0,0,2,0,2,0,2,2,1,0,0,2,2,2,2,2,0,0,2,0,2,2,1,0,0,1,0,0,0,2,0,2,2,0,1,0,2,0,0,2,0,0,1,0,1,1,0,0,1,2,1,2,0,2,0,1,2,0,2,2,0,1,2,1,0,0,1,1,2,1,0,0,1,1,2,2,0,2,2,2,0,1,1,2,2,2,2,0,0,0,2,0,0,0,2,0,1,2,2,0,2,1,0,0,0,1,0,1,0,0,2,1,2,0,0,2,0,0,2,1,1,0,0,0,0,0,0,1,2,0,0,0,2,0,0,0,0,0,0,0,0,0,0,0,0,0,0,0,0,2,0,0,0,0,0,0,0,0,0,0,0,0,0,1,1,0,2,0,2,0,0,0,1,0,0,0,217,146
496,Female,0,2,452,14.9,0,0,0,0,1,0,1,0,0,0,0,1,0,0,0,0,0,0,2,0,0,0,0,0,0,0,0,0,0,0,0,0,0,0,0,0,0,0,0,0,0,0,0,0,0,0,0,0,0,0,0,1,0,1,0,1,0,0,0,0,1,0,1,0,0,1,0,1,1,1,0,0,0,1,1,0,0,0,1,0,0,1,0,0,0,0,1,0,1,0,0,0,0,0,1,1,1,0,0,0,0,0,1,1,0,0,1,0,0,0,0,1,0,1,0,1,0,0,1,1,0,0,0,0,0,1,0,1,0,1,0,1,0,0,1,1,0,1,1,0,0,1,0,0,1,0,0,1,0,0,0,0,0,1,1,1,1,0,0,0,0,0,1,0,0,0,0,0,0,0,0,1,0,0,0,0,0,0,1,0,0,0,0,0,0,0,1,1,0,0,0,0,0,1,0,0,0,0,0,0,0,0,0,0,0,0,0,0,0,0,0,0,0,0,0,0,0,0,1,0,1,1,0,0,1,0,0,0,1,0,0,0,0,1,0,1,1,0,0,1,0,0,0,0,1,1,2,0,1,1,0,1,1,1,2,0,1,1,0,0,2,0,0,1,0,0,0,0,0,0,1,0,0,0,1,0,1,0,0,0,0,1,0,0,0,0,0,0,0,0,0,0,0,0,0,0,0,1,0,0,1,0,0,0,0,0,0,0,0,0,0,0,0,0,0,0,0,0,0,0,0,0,0,0,0,0,0,0,0,0,0,0,1,0,0,0,0,0,1,0,0,0,0,0,0,0,0,1,0,0,0,0,0,0,0,0,0,0,0,0,0,0,0,0,0,0,0,0,0,0,0,0,0,0,0,0,0,0,0,0,0,0,0,0,0,0,0,0,0,0,0,0,2,0,0,0,0,0,0,0,0,0,0,0,0,0,0,0,1,0,1,0,0,0,0,0,0,0,85,5
496,Female,0,2,596,19.6,0,0,0,0,1,0,1,0,0,0,0,1,0,0,0,0,0,0,2,0,0,0,0,0,0,0,0,0,0,0,0,0,0,0,0,0,0,0,0,0,0,0,0,0,0,0,0,0,0,0,0,1,0,1,0,1,0,0,0,0,1,0,1,0,0,1,0,1,1,1,0,0,0,1,1,0,0,0,1,0,0,1,0,0,0,0,1,0,1,0,0,0,0,0,1,1,1,0,0,0,0,0,1,1,0,0,1,0,0,0,0,1,0,1,0,1,0,0,1,1,0,0,0,0,0,0,0,0,0,0,0,0,0,0,0,0,0,0,0,0,0,0,0,0,0,0,0,0,0,0,0,0,0,0,0,0,0,0,0,0,0,0,0,0,0,0,0,0,0,0,0,0,0,0,0,0,0,0,0,0,0,0,0,0,0,0,0,0,0,0,0,0,0,0,0,0,0,0,0,0,0,0,0,0,0,0,0,0,0,0,0,0,0,0,0,0,0,0,0,0,0,0,0,0,0,0,0,0,0,0,0,0,0,0,0,0,0,0,0,0,0,0,0,0,0,0,0,0,0,0,0,0,0,0,0,0,0,0,0,0,0,0,0,0,0,0,0,0,0,0,0,0,0,0,0,0,0,0,0,0,0,0,0,0,0,0,0,0,0,0,0,0,0,0,0,0,0,0,0,0,0,0,0,0,0,0,0,0,0,0,0,0,0,0,0,0,0,0,0,0,0,0,0,0,0,0,0,0,0,0,0,0,0,0,0,0,0,0,0,0,0,0,0,0,0,0,0,0,0,0,0,0,0,0,0,0,0,0,0,0,0,0,0,0,0,0,0,0,0,0,0,0,0,0,0,0,0,0,0,0,0,0,0,0,0,0,0,0,0,0,0,0,0,0,0,0,0,0,0,0,0,0,0,0,0,0,0,0,0,0,0,0,0,0,0,0,0,0,30,1
499,Male,0,2,446,14.7,2,0,0,0,1,1,1,0,1,0,1,0,0,0,0,1,0,0,1,0,0,0,1,0,0,0,0,0,0,0,0,0,0,0,0,0,0,0,0,0,0,0,0,0,0,0,0,0,0,0,0,0,0,1,0,0,0,0,0,0,0,0,0,0,0,0,0,1,0,1,0,0,0,0,1,0,0,0,1,0,0,0,0,0,0,0,1,0,0,0,0,0,0,0,0,0,0,0,1,1,0,1,0,1,1,1,0,0,0,0,0,1,1,0,1,0,0,1,0,0,0,1,0,0,0,0,0,0,0,0,0,0,0,0,1,0,0,0,1,0,0,1,0,0,0,0,0,0,0,0,0,0,0,1,0,1,1,0,0,0,1,0,0,0,0,0,0,0,0,0,0,0,0,0,0,0,0,0,0,0,0,0,0,0,0,0,1,0,0,0,1,1,0,0,0,1,0,0,0,0,0,0,0,1,0,0,0,0,0,0,0,0,0,0,0,0,0,0,1,0,1,0,0,0,0,0,0,0,2,0,0,0,0,0,0,0,0,0,0,1,1,0,0,0,1,0,1,0,0,1,0,0,0,0,0,0,1,0,0,0,0,0,0,1,0,0,0,0,0,0,0,0,0,0,1,0,0,0,1,0,0,0,0,0,0,1,0,0,0,0,0,0,0,1,0,0,0,1,0,0,1,0,0,0,0,0,0,0,0,0,0,0,0,0,0,0,0,1,1,0,1,0,0,0,0,0,1,0,0,0,0,0,1,0,0,0,0,0,1,0,1,0,1,0,1,0,0,1,1,0,0,0,1,0,0,0,0,0,0,0,0,0,1,0,0,1,1,0,0,1,0,0,0,0,0,0,0,0,0,0,0,0,0,0,0,0,0,0,0,0,0,0,0,0,0,0,0,0,0,0,0,1,1,0,0,0,0,0,0,0,0,0,0,0,0,0,0,0,72,2
499,Male,0,2,544,17.9,2,1,0,0,1,1,1,1,1,0,1,0,0,0,1,1,1,0,1,0,0,0,1,0,0,1,1,1,1,0,1,1,0,1,1,0,0,0,0,0,0,1,0,1,0,0,0,1,0,0,1,0,1,1,0,0,1,1,1,0,1,1,0,0,0,0,0,1,0,1,0,1,0,0,1,0,0,0,1,0,1,1,1,0,1,0,1,0,0,0,0,0,0,0,0,0,0,0,1,1,0,1,1,1,1,1,0,1,0,1,0,1,1,1,1,1,0,1,1,0,0,1,0,0,0,1,0,0,0,1,0,1,1,0,1,1,1,1,1,1,1,1,0,0,1,1,1,0,1,0,0,1,1,1,0,1,1,0,0,0,1,1,0,1,0,0,0,0,0,0,0,1,0,0,0,1,0,0,0,1,0,1,0,0,1,0,1,0,0,1,1,1,0,1,0,1,1,0,0,1,0,0,0,1,0,0,0,0,0,0,0,0,0,0,0,0,1,0,1,0,1,0,0,0,1,0,0,0,2,0,0,0,0,0,0,1,1,0,0,1,2,0,0,1,1,0,1,1,0,1,1,1,0,1,1,0,1,0,1,0,1,0,0,1,1,1,0,0,0,0,0,0,0,0,1,0,1,0,1,0,0,1,0,0,1,1,1,1,1,0,0,0,0,1,0,0,1,1,0,0,1,0,0,1,0,0,0,1,0,0,0,0,0,0,0,1,0,1,1,1,1,1,1,0,0,0,1,1,1,0,1,0,1,1,0,0,0,0,1,0,1,0,1,0,1,0,0,1,1,0,0,0,1,0,0,0,0,1,0,0,1,0,1,0,0,1,1,0,1,1,0,0,0,0,0,0,0,0,0,0,1,0,0,0,0,0,0,0,0,0,0,0,0,0,0,0,0,0,0,0,0,1,1,0,0,0,0,0,0,0,0,0,0,0,0,0,0,0,166,3
502,Male,0,2,463,15.2,0,0,0,0,0,0,0,2,0,0,0,0,0,0,0,0,0,0,2,0,0,0,0,0,2,0,0,0,0,0,0,0,0,0,0,0,0,0,0,0,0,0,0,0,0,0,0,0,0,0,0,0,0,1,0,0,0,1,0,1,0,0,0,0,1,0,0,1,1,0,0,0,0,0,0,0,0,0,0,0,0,0,0,0,0,0,0,0,0,0,0,0,0,0,0,0,0,0,0,0,0,0,0,0,0,0,0,1,0,0,0,0,0,0,0,0,0,0,0,0,0,0,0,0,0,0,0,0,0,1,0,1,0,0,2,0,0,0,0,0,0,0,0,0,0,0,0,0,0,0,0,0,0,0,0,0,0,0,0,0,0,0,0,0,0,0,0,0,0,0,0,0,0,0,0,0,0,0,0,0,0,0,0,0,0,0,1,0,1,0,0,0,0,0,0,0,0,0,0,1,0,0,0,0,0,0,0,0,0,0,0,0,0,0,0,0,0,0,0,0,0,0,0,0,0,0,0,0,2,0,0,0,0,0,0,1,1,0,0,2,1,0,0,0,2,0,0,0,0,0,2,0,0,1,1,0,1,0,0,0,2,0,0,0,0,0,0,0,0,0,0,0,0,0,0,0,1,0,0,0,0,0,0,0,0,0,0,0,0,0,0,0,0,0,0,0,0,1,0,0,0,0,0,0,0,0,0,0,0,0,0,0,0,0,0,0,0,0,0,0,0,0,0,0,0,1,0,0,0,0,0,0,1,0,0,0,0,0,0,0,0,0,0,0,0,0,0,0,0,0,0,0,0,0,0,0,0,0,0,0,0,0,0,0,0,0,0,1,0,0,0,0,0,0,0,0,0,0,0,0,0,0,0,0,0,0,0,0,0,0,0,0,0,0,0,0,0,0,0,0,0,0,0,0,0,0,0,0,0,0,0,0,0,0,0,0,0,0,32,9
502,Male,0,2,502,16.5,0,1,0,1,1,0,0,2,1,2,1,1,0,1,0,0,1,0,2,0,0,0,2,0,2,0,0,0,0,0,0,0,0,0,0,0,0,0,0,0,0,0,0,0,0,0,0,0,0,1,0,0,1,1,2,0,1,1,0,1,0,1,0,0,1,1,0,1,1,1,0,1,0,0,0,0,0,0,1,1,0,0,0,0,1,0,1,0,0,0,0,0,0,1,0,0,1,0,0,0,1,0,0,0,0,1,1,1,0,1,0,1,1,1,0,0,0,0,0,0,0,0,0,0,0,1,0,0,0,1,0,1,1,1,2,1,0,0,0,0,1,0,0,0,0,0,0,0,1,0,0,1,0,1,0,0,0,0,0,0,0,0,0,0,0,1,0,0,0,0,0,1,1,0,0,0,1,0,1,0,0,0,0,0,0,0,1,0,1,1,1,0,0,0,0,1,1,0,0,1,0,0,0,0,0,0,0,0,0,0,0,0,0,0,1,0,0,0,1,1,1,0,0,0,0,0,0,0,2,0,0,0,0,1,0,1,1,0,0,2,1,0,0,0,2,1,2,0,0,1,2,0,0,1,1,1,1,1,0,0,2,0,0,1,1,1,0,0,0,0,0,0,0,0,0,0,1,0,0,0,0,1,1,0,0,0,1,1,0,0,0,0,0,1,0,0,0,1,0,0,1,1,0,0,1,1,1,1,0,1,0,0,0,0,0,1,1,0,0,0,0,0,1,0,0,1,1,1,0,0,0,0,1,0,0,0,0,0,0,0,0,0,0,0,0,0,0,1,0,0,0,0,0,1,0,0,0,0,0,0,0,0,0,0,0,0,0,1,0,0,0,0,0,0,0,0,0,0,0,0,1,0,0,0,0,1,0,0,0,0,1,1,0,0,0,1,0,0,1,1,1,1,1,0,0,1,1,0,1,0,1,0,0,0,0,0,0,0,126,13
503,Female,0,3,435,14.3,1,2,0,0,2,2,2,2,0,0,0,0,0,0,0,0,0,0,2,0,1,0,1,0,1,0,0,0,0,0,0,0,0,0,0,0,0,0,0,0,0,0,0,0,1,0,0,0,0,0,0,0,0,1,0,0,0,1,0,0,0,0,1,0,1,0,1,0,0,0,0,0,0,0,0,0,0,0,0,0,0,0,0,0,1,0,1,0,0,0,0,0,0,0,0,0,0,0,0,0,0,1,0,0,1,0,1,0,0,0,0,0,0,0,0,0,0,0,1,0,0,0,0,0,0,0,0,0,0,1,0,0,0,0,1,1,0,0,0,0,0,0,0,0,0,0,0,0,0,0,0,0,0,0,0,1,0,0,0,0,0,0,0,0,0,0,0,0,0,2,0,0,0,0,0,0,0,0,0,0,0,0,0,0,0,0,0,0,0,0,0,0,0,1,0,0,1,0,0,0,0,0,0,0,0,0,0,0,0,0,0,0,0,0,0,0,0,0,1,0,0,0,0,0,1,0,0,0,2,0,0,0,0,0,0,1,1,0,0,2,1,0,0,0,0,0,2,0,0,1,2,1,0,1,0,0,1,1,1,0,1,0,0,2,0,0,0,0,0,0,0,0,0,0,1,0,1,0,0,0,0,0,0,0,0,0,0,0,0,0,0,0,0,1,0,0,0,1,0,0,0,0,0,0,0,0,1,0,0,0,0,0,0,0,0,1,0,0,0,0,0,0,0,0,0,0,1,0,0,0,0,0,2,0,0,0,0,0,0,0,0,0,0,0,0,0,0,1,0,0,0,0,0,0,0,0,0,0,0,0,1,0,0,0,0,0,0,0,0,0,0,0,0,0,1,1,0,0,0,0,0,0,0,0,0,0,0,0,0,0,0,0,1,1,1,0,0,0,0,0,0,0,0,0,0,0,0,0,0,0,0,0,0,0,0,0,0,0,61,13
503,Female,0,3,544,17.9,2,2,2,2,2,2,2,2,2,0,2,2,0,1,1,1,1,1,2,0,1,0,1,0,1,1,2,0,0,0,1,0,0,1,1,1,0,0,1,0,1,1,1,0,1,0,0,0,1,1,0,0,1,1,0,1,1,1,2,0,2,2,1,1,1,1,2,2,1,1,0,1,1,0,1,0,1,0,1,2,2,1,1,1,1,0,1,1,0,1,1,0,2,1,0,0,0,0,2,2,0,1,1,0,2,1,1,1,1,0,0,2,1,1,1,1,1,0,2,0,1,2,0,0,0,1,0,1,0,2,0,0,0,0,1,1,1,0,0,0,0,1,1,0,1,1,1,0,0,0,0,0,0,1,0,1,0,0,0,0,2,0,1,0,0,0,0,0,1,2,0,1,1,1,0,0,0,0,0,1,0,0,0,0,1,0,1,0,1,0,0,0,1,1,0,0,1,0,0,0,0,1,0,0,0,0,0,0,0,0,0,0,0,0,0,0,0,0,2,1,0,0,0,0,2,0,0,0,2,0,0,0,0,0,0,1,1,0,0,2,2,0,0,0,0,0,2,0,0,2,2,1,0,2,2,0,1,1,1,2,1,0,0,2,0,0,0,1,0,0,1,0,0,1,2,0,1,0,0,0,0,0,0,0,0,0,0,0,0,0,0,0,0,1,0,0,0,1,0,0,0,0,0,1,1,0,1,0,1,0,0,0,0,0,0,1,0,0,0,1,0,1,0,0,0,0,2,0,0,0,0,0,2,0,0,0,0,0,0,0,0,0,1,0,0,0,0,1,0,0,0,0,0,0,0,0,0,0,0,0,1,0,0,0,0,0,0,0,0,0,0,0,1,0,1,1,0,0,0,0,0,0,0,0,0,0,0,0,0,0,0,0,1,1,1,0,0,0,1,1,1,1,1,1,0,0,2,0,1,0,1,0,0,0,0,0,0,0,166,46
503,Female,0,3,596,19.6,2,2,2,2,2,2,2,2,2,1,2,2,1,1,2,1,1,2,2,1,2,0,1,1,1,1,2,1,0,0,1,0,1,1,1,1,0,0,1,0,1,1,2,0,2,0,0,1,1,1,0,0,1,1,1,1,1,1,2,0,2,2,2,1,2,1,2,2,1,1,0,1,1,0,1,0,2,0,1,2,2,1,1,1,2,0,2,1,0,1,1,1,2,1,1,1,1,0,2,2,1,1,1,1,2,1,1,1,1,1,0,2,1,1,2,1,2,0,2,1,1,2,1,0,0,2,1,1,0,2,0,2,0,0,2,1,1,1,1,1,1,1,1,0,1,1,1,0,0,0,0,1,0,1,1,1,1,2,0,0,2,1,1,0,2,0,0,0,2,1,0,1,1,1,0,1,1,0,1,2,0,1,0,0,1,0,1,0,1,0,1,0,1,1,0,0,1,0,0,1,0,1,0,0,0,0,0,0,0,1,0,0,1,1,0,0,1,0,2,1,1,0,0,0,2,1,0,0,2,0,0,0,0,0,0,1,1,1,1,2,2,0,0,0,1,0,2,1,0,2,2,1,0,2,2,1,1,1,1,2,1,0,0,2,0,0,0,1,1,0,1,0,0,1,2,0,2,0,0,0,0,1,0,0,0,0,0,0,0,0,0,0,0,1,0,0,0,1,0,0,1,0,0,2,1,0,1,1,1,0,1,0,0,0,0,1,0,1,1,1,1,1,0,0,0,0,2,1,0,0,0,0,2,1,1,0,0,1,0,0,0,0,2,0,0,0,0,1,0,0,0,0,0,0,0,0,0,1,0,0,1,0,0,0,0,1,0,0,1,0,0,0,1,0,1,1,0,0,0,0,0,0,0,0,0,0,0,0,0,0,0,0,1,1,1,0,0,0,1,1,1,1,1,1,0,1,2,0,1,1,2,0,0,0,0,0,0,0,229,68
505,Female,0,3,493,16.2,1,1,1,1,1,2,1,1,2,2,2,2,1,1,2,1,2,1,2,1,1,1,2,1,2,1,2,1,1,1,1,1,1,1,1,1,1,1,1,1,1,1,1,1,1,1,1,1,1,1,1,1,2,1,1,1,1,2,1,1,1,2,1,1,1,1,1,2,2,1,1,1,1,1,2,1,1,1,1,1,2,1,1,2,2,1,2,1,1,2,1,1,1,1,1,1,1,1,1,1,1,1,1,1,1,1,1,1,1,1,1,1,1,1,1,1,1,1,1,1,1,1,1,1,1,1,1,1,1,2,1,1,1,1,2,1,1,1,1,1,1,1,1,1,1,1,1,1,1,1,1,1,1,1,1,1,1,1,1,1,1,1,1,1,1,1,1,1,1,1,1,1,1,1,1,1,1,1,1,1,1,1,1,1,1,1,1,1,1,1,1,1,1,1,1,2,1,1,1,1,1,1,1,1,1,1,1,1,1,1,1,1,1,1,1,1,1,1,1,1,1,1,1,1,2,1,1,1,2,1,1,1,1,1,1,2,1,1,1,2,2,1,1,1,1,1,1,1,1,1,1,1,1,1,2,1,1,2,2,1,2,1,1,2,1,1,1,1,1,1,1,1,1,1,1,1,1,1,1,1,1,1,1,1,1,1,1,1,1,1,1,1,1,1,1,1,1,1,1,1,1,1,1,1,1,1,1,1,1,1,1,1,1,1,1,1,1,1,1,1,1,1,1,1,1,1,1,1,1,1,1,1,2,1,1,1,1,1,1,1,1,1,1,1,1,1,1,1,1,1,1,1,1,1,1,1,1,1,1,1,1,1,1,1,1,1,1,1,1,1,1,1,1,1,1,1,1,1,1,1,1,1,1,1,1,1,1,1,1,1,1,1,1,1,1,1,1,1,1,1,1,1,1,1,1,1,1,1,1,1,2,1,1,1,1,1,1,1,418,37
505,Female,0,3,695,22.8,2,2,1,1,2,2,2,2,2,1,2,2,2,2,2,2,2,2,2,2,2,2,2,2,2,2,2,2,2,2,2,2,2,2,2,2,2,2,2,2,2,2,2,2,2,2,2,2,2,2,2,2,2,2,2,2,2,2,2,1,2,2,2,2,2,2,2,2,2,2,2,2,2,2,2,2,2,2,2,2,2,2,2,2,2,2,2,2,2,2,2,2,2,2,2,2,2,2,2,2,2,2,2,2,2,2,2,2,2,2,2,2,2,2,2,2,2,2,2,2,2,2,2,2,2,2,2,2,2,2,2,2,2,2,2,2,2,2,2,2,2,2,2,2,2,2,2,2,2,2,2,2,2,2,2,2,2,2,2,2,2,2,2,2,2,2,2,2,2,2,2,2,2,2,2,2,2,2,2,2,2,2,2,2,2,2,2,2,2,2,2,2,2,2,2,2,2,2,2,2,2,2,2,2,2,2,2,2,2,2,2,2,2,2,2,2,2,2,2,2,2,2,2,2,2,2,2,2,2,2,2,2,2,2,2,2,2,2,2,2,2,2,2,2,2,2,2,2,2,2,2,2,2,2,2,0,2,2,2,2,2,2,2,2,2,2,2,2,2,2,2,2,2,2,2,2,2,2,2,2,2,2,2,2,2,2,2,2,2,2,2,2,2,2,2,2,2,2,2,2,2,2,2,2,2,2,2,2,2,2,2,2,2,2,2,2,2,2,2,2,2,2,2,2,2,2,2,2,2,2,2,2,2,2,2,2,2,2,2,2,2,2,2,2,2,2,2,2,2,2,2,2,2,2,2,2,2,2,2,2,2,2,2,2,2,2,2,2,2,2,2,2,2,2,2,2,1,2,2,2,2,2,2,2,2,2,2,2,2,2,2,2,2,2,2,2,2,2,2,2,2,2,2,2,2,1,2,2,2,1,2,2,2,2,0,2,2,2,381,409
505,Female,0,3,812,26.7,2,2,1,2,2,2,2,2,2,2,2,2,2,2,2,2,2,2,2,2,2,2,2,2,2,2,2,2,2,2,2,2,2,2,2,2,2,2,2,2,2,2,2,2,2,2,2,2,2,2,2,2,2,2,2,2,2,2,2,2,2,2,2,2,2,2,2,2,2,2,2,2,2,2,2,2,2,2,2,2,2,2,2,2,2,2,2,2,2,2,2,2,2,2,2,2,2,2,2,2,2,2,2,2,2,2,2,2,2,2,2,2,2,2,2,2,2,2,2,2,2,2,2,2,2,2,2,2,2,2,2,2,2,2,2,2,2,2,2,2,2,2,2,2,2,2,2,2,2,2,2,2,2,2,2,2,2,2,2,2,2,2,2,2,2,2,2,2,2,2,2,2,2,2,2,2,2,2,2,2,2,2,2,2,2,2,2,2,2,2,2,2,2,2,2,2,2,2,2,2,2,2,2,2,2,2,2,2,2,2,2,2,2,2,2,2,2,2,2,2,2,2,2,2,2,2,2,2,2,2,2,2,2,2,2,2,2,2,2,2,2,2,2,2,2,2,2,2,2,2,2,2,2,2,2,2,2,2,2,2,2,2,2,2,2,2,2,2,2,2,2,2,2,2,2,2,2,2,2,2,2,2,2,2,2,2,2,2,2,2,2,2,2,2,2,2,2,2,2,2,2,2,2,2,2,2,2,2,2,2,2,2,2,2,2,2,2,2,2,2,2,2,2,2,2,2,2,2,2,2,2,2,2,2,2,2,2,2,2,2,2,2,2,2,2,2,2,2,2,2,2,2,2,2,2,2,2,2,2,2,2,2,2,2,2,2,2,2,2,2,2,2,2,2,2,2,2,2,2,2,2,2,2,2,2,2,2,2,2,2,2,2,2,2,2,2,2,2,2,2,2,2,2,2,2,2,2,2,2,2,2,2,2,2,2,2,2,2,418,417
507,Female,0,2,477,15.7,2,2,0,1,0,1,0,2,0,1,1,2,1,2,0,1,1,1,1,1,1,0,1,0,1,1,1,0,1,0,1,0,0,1,1,1,1,0,1,0,0,1,1,0,0,0,1,0,0,1,0,0,0,1,0,1,1,1,0,0,1,1,0,0,1,0,0,1,1,0,0,0,0,0,0,0,0,0,1,0,1,1,0,0,0,0,1,1,0,0,0,0,0,0,0,0,0,0,0,1,0,0,0,0,0,0,1,0,0,0,0,1,0,0,1,0,0,0,1,0,0,0,0,0,0,1,0,0,0,1,0,1,0,0,1,0,0,0,0,0,0,1,0,0,0,0,0,0,0,0,0,0,0,0,0,0,0,0,0,0,0,0,0,0,0,0,0,0,0,0,0,0,0,0,0,0,0,0,0,0,0,1,0,0,0,1,1,1,0,0,0,1,0,0,0,0,0,0,0,0,0,0,0,0,0,0,0,0,0,0,0,0,0,0,0,0,0,0,1,0,1,0,0,0,1,0,0,0,2,0,0,0,0,0,0,0,0,0,0,2,0,0,0,0,1,1,2,1,0,2,1,1,1,1,2,0,1,0,1,1,0,0,0,2,0,0,0,0,0,0,0,0,0,0,0,0,1,0,0,0,0,1,0,0,0,0,0,0,0,0,0,0,0,1,0,0,0,1,0,0,0,0,0,0,0,0,0,1,0,0,0,1,0,0,0,0,0,1,0,1,0,0,0,0,0,0,1,0,0,0,0,0,0,0,0,0,0,0,0,0,0,0,0,0,0,0,0,1,0,0,0,0,0,0,0,0,0,0,0,0,0,0,0,0,0,0,0,0,0,0,0,0,0,0,0,0,0,0,0,0,0,0,0,0,0,0,0,0,0,0,0,0,0,0,0,0,0,0,0,0,0,0,0,0,0,0,0,0,0,0,1,0,0,0,0,0,0,0,90,11
507,Female,0,2,536,17.6,2,2,0,2,1,1,0,2,2,1,2,2,1,2,1,2,1,1,1,1,1,0,1,0,1,1,1,1,1,0,1,0,0,1,1,1,1,1,1,0,0,1,1,1,1,0,1,0,0,1,0,0,1,1,0,1,1,1,0,0,1,1,1,0,1,1,0,1,1,1,0,1,0,0,0,0,1,0,1,1,1,1,0,0,0,0,1,1,0,1,0,0,1,0,1,0,1,0,1,1,0,1,1,0,1,1,1,1,0,1,0,1,1,1,1,0,0,1,1,0,0,1,0,0,0,1,0,0,0,1,0,1,0,1,1,0,1,0,1,0,0,1,0,0,1,1,0,0,0,0,0,0,0,0,0,1,0,0,0,0,1,0,1,1,0,0,0,0,0,0,0,1,1,0,0,0,0,0,0,0,0,1,0,0,0,1,1,1,0,0,0,1,0,1,0,0,0,0,1,0,0,0,0,0,0,0,0,0,0,0,0,0,0,0,0,0,0,0,1,0,1,0,0,0,1,0,0,0,2,0,0,0,0,0,0,0,0,0,0,2,0,0,0,0,1,1,2,1,0,2,2,1,1,1,2,0,1,0,1,1,1,0,0,2,0,0,0,0,0,0,0,0,1,0,1,0,1,0,1,0,0,1,0,0,0,0,0,0,0,0,0,1,0,1,0,1,0,1,0,0,1,1,0,0,0,0,0,1,0,0,1,1,0,0,0,0,0,1,0,1,1,0,0,0,0,0,1,0,1,0,0,0,1,0,0,0,0,0,0,0,0,0,0,0,0,0,0,1,0,0,0,0,0,0,0,0,0,0,0,0,1,0,0,0,0,0,0,0,0,0,0,0,0,0,1,0,0,0,0,0,0,0,0,0,0,0,0,0,0,0,0,0,0,0,0,0,0,0,1,0,1,0,0,0,2,0,0,0,1,0,1,0,0,0,0,0,0,0,150,17
508,Male,0,3,483,15.9,2,0,0,0,0,0,0,0,2,0,0,0,0,0,0,0,0,0,0,0,0,0,0,0,0,0,0,0,0,0,0,0,0,0,0,0,0,0,0,0,0,0,0,0,0,0,0,0,0,0,0,0,0,0,0,0,0,0,0,0,0,0,0,0,0,0,0,0,0,0,0,0,0,0,0,0,0,0,0,0,0,0,0,0,0,0,1,0,0,0,0,0,0,0,0,0,0,0,0,0,0,0,0,0,0,0,0,0,0,0,0,0,0,0,0,0,0,0,0,0,0,0,0,0,0,1,0,0,0,0,0,0,0,0,0,0,1,0,1,0,1,1,0,0,0,0,0,0,0,0,0,0,0,0,0,0,0,0,0,0,0,0,0,0,0,0,0,0,0,0,0,0,0,0,0,0,0,0,0,0,0,1,0,0,1,0,1,0,0,0,0,0,0,0,0,0,0,0,0,0,0,0,0,0,0,0,0,0,0,0,0,0,0,0,0,0,0,0,0,0,0,0,0,0,0,0,0,0,0,0,0,0,0,0,0,0,0,0,0,0,0,0,0,0,0,0,1,0,1,1,1,0,1,1,1,0,1,0,1,0,2,1,0,0,0,0,0,1,0,0,0,1,0,0,1,0,1,1,1,0,0,1,0,0,1,0,1,1,1,0,0,0,0,0,0,0,0,1,0,0,1,0,0,1,0,0,0,0,0,0,0,0,0,0,0,1,0,0,0,0,1,0,0,0,0,0,1,1,0,0,1,0,1,0,0,0,0,0,0,0,0,0,0,0,0,0,0,0,0,0,0,0,0,0,0,0,0,0,0,0,0,0,0,0,0,0,0,0,0,0,0,0,0,0,0,0,0,0,0,0,0,0,0,0,0,0,0,0,0,0,0,0,0,0,0,0,0,0,1,0,0,1,0,1,0,0,1,0,1,0,0,0,0,0,0,0,0,0,47,3
508,Male,0,3,589,19.4,2,0,0,0,0,2,0,0,2,0,2,2,0,0,0,0,0,0,0,0,0,0,1,0,0,0,0,0,0,0,0,0,0,0,0,0,0,0,0,0,1,0,0,0,0,0,0,0,0,0,1,0,0,2,0,0,0,1,0,0,0,0,0,0,0,0,0,0,0,0,0,0,0,0,0,0,0,0,0,0,0,0,0,0,0,0,0,0,0,0,0,0,0,0,0,0,0,0,0,0,0,0,0,0,0,0,0,0,0,0,0,0,0,0,0,0,0,0,0,0,0,0,0,0,0,0,0,0,0,0,0,0,0,0,0,0,0,0,0,0,0,0,0,0,0,0,0,0,0,0,0,0,0,0,0,0,0,0,0,0,0,0,0,0,0,0,0,0,0,0,0,0,0,0,0,0,0,0,0,0,0,0,0,0,0,0,0,0,0,0,0,0,0,0,0,0,0,0,0,0,0,0,0,0,0,0,0,0,0,0,0,0,0,0,0,0,0,0,0,0,0,0,0,0,0,0,0,0,0,0,0,0,0,0,0,0,0,0,0,0,0,0,0,0,0,0,0,0,0,0,0,0,0,0,0,0,0,0,0,0,0,0,0,0,0,0,0,0,0,0,0,0,0,0,0,0,0,0,0,0,0,0,0,0,0,0,0,0,0,0,0,0,0,0,0,0,0,0,0,0,0,0,0,0,0,0,0,0,0,0,0,0,0,0,0,0,0,0,0,0,0,0,0,0,0,0,0,0,0,0,0,0,0,0,0,0,0,0,0,0,0,0,0,0,0,0,0,0,0,0,0,0,0,0,0,0,0,0,0,0,0,0,0,0,0,0,0,0,0,0,0,0,0,0,0,0,0,0,0,0,0,0,0,0,0,0,0,0,0,0,0,0,0,0,0,0,0,0,0,0,0,0,0,0,0,0,0,0,0,0,0,0,0,0,0,0,0,0,10,6
508,Male,0,3,733,24.1,2,2,0,2,2,2,2,2,2,2,2,2,0,0,0,0,0,0,2,0,0,0,2,0,2,1,2,0,0,0,0,0,0,1,1,0,0,0,0,0,1,1,2,0,1,0,0,2,2,2,1,0,2,2,2,2,2,2,2,0,2,2,2,2,2,2,2,2,2,0,0,2,1,0,1,1,1,0,2,0,2,1,1,2,2,0,1,1,1,2,0,2,2,0,0,1,0,1,2,2,2,1,1,1,1,2,2,2,0,2,0,2,2,1,2,0,1,0,2,0,0,2,1,1,0,2,0,1,0,2,0,2,1,0,2,1,1,1,1,1,1,1,0,0,0,1,1,0,1,0,0,1,1,1,1,1,1,0,0,0,0,0,0,0,1,1,0,0,2,0,0,1,2,2,0,0,1,1,2,2,1,2,0,0,1,0,2,2,2,0,1,0,0,2,0,0,2,0,0,1,1,2,0,2,0,1,0,0,1,1,1,0,2,0,0,1,0,1,2,2,1,1,0,0,2,0,0,0,2,0,0,0,0,0,0,0,0,0,0,2,2,0,0,0,2,2,2,2,2,2,1,0,1,2,1,0,2,2,2,2,2,2,2,2,0,2,0,1,0,0,2,2,2,0,2,0,2,1,1,0,2,2,2,0,2,0,2,2,2,0,0,0,2,1,0,2,2,2,0,2,2,2,0,2,2,1,2,0,2,0,2,0,0,0,0,2,2,0,2,2,2,0,2,0,0,0,1,2,2,0,1,0,2,2,2,1,0,0,0,0,0,0,2,0,0,0,0,0,0,0,0,0,2,0,0,0,0,0,0,0,0,0,0,0,0,0,0,0,2,0,0,0,0,0,0,0,2,0,0,0,2,0,0,0,0,0,0,0,0,0,2,0,0,0,2,0,0,0,2,0,0,2,0,2,0,0,2,0,1,0,2,0,0,0,0,0,0,0,216,142
508,Male,0,4,533,17.5,0,0,0,0,1,1,0,1,1,1,1,1,0,0,0,1,0,0,1,0,1,0,1,0,1,1,0,0,1,0,1,0,0,1,1,0,0,0,1,0,0,1,0,0,1,0,0,0,0,1,0,0,1,1,1,0,0,0,1,0,1,1,0,0,1,1,0,1,0,0,0,0,0,0,1,0,0,0,1,0,0,0,1,1,1,0,1,0,0,0,0,0,0,1,1,0,0,0,1,1,1,0,1,1,1,1,1,1,0,0,0,1,1,1,1,0,0,0,1,0,0,1,0,0,0,1,0,1,0,1,0,0,0,0,1,0,1,1,0,1,1,1,0,0,1,1,0,0,0,0,0,0,0,1,1,1,0,0,0,0,1,0,0,0,1,1,0,0,1,0,1,1,0,0,0,0,0,0,0,0,0,0,0,0,1,1,1,0,0,0,1,1,0,0,0,1,0,0,0,1,0,0,0,1,0,0,0,0,0,0,0,0,0,0,0,0,0,0,0,1,1,0,0,0,1,1,0,0,1,0,0,0,0,0,0,1,1,0,0,1,1,0,0,0,0,1,1,1,0,1,0,0,1,0,1,0,1,0,1,0,1,0,0,1,0,0,0,0,1,0,0,0,0,0,1,0,1,0,1,1,1,0,1,0,1,0,1,1,0,1,1,0,0,1,0,1,0,1,0,0,1,0,0,1,1,1,1,1,1,1,1,1,0,0,1,1,1,1,1,1,1,0,0,0,1,1,1,1,0,1,1,1,1,1,0,0,0,0,1,0,1,0,0,0,0,0,0,1,1,0,0,0,1,1,1,0,0,0,0,0,0,0,1,0,0,1,0,1,1,1,0,0,0,0,0,0,0,0,0,0,0,0,0,0,0,0,0,0,0,0,0,0,0,0,0,0,0,0,0,0,1,0,0,0,0,0,1,0,1,0,0,0,0,0,0,0,0,0,156,0
508,Male,0,4,631,20.7,1,2,0,2,1,2,0,2,2,2,2,2,1,1,1,1,1,1,1,1,1,1,1,1,1,1,1,1,1,0,1,0,0,1,1,1,1,1,1,0,0,1,1,0,1,0,0,1,1,1,1,1,1,1,1,1,2,2,1,1,1,1,1,1,1,1,2,1,1,1,1,1,1,1,1,1,0,0,1,1,0,1,1,1,2,1,1,0,0,0,0,0,1,1,1,1,1,0,1,1,1,1,1,1,1,1,1,1,1,1,1,1,1,1,1,1,1,0,1,0,1,2,1,1,1,1,0,1,0,1,0,1,1,0,1,1,1,1,1,1,1,1,1,1,1,1,1,0,0,1,0,1,1,1,1,1,1,0,0,0,1,1,1,1,1,1,0,0,1,1,1,1,1,0,0,1,0,0,1,1,1,1,0,0,1,1,1,1,1,1,1,1,1,1,0,1,1,1,0,1,0,1,0,1,1,0,0,1,0,1,1,0,1,0,0,0,0,0,1,1,1,1,1,0,1,1,0,0,1,0,0,0,0,0,0,2,2,1,1,1,1,0,0,1,2,1,2,1,1,1,2,1,1,1,2,0,1,2,1,1,2,1,1,1,1,1,1,1,1,1,1,1,1,1,1,1,1,1,1,1,1,1,1,1,1,0,1,1,0,1,1,0,1,1,1,1,1,1,0,1,1,1,1,1,1,1,1,1,1,1,1,1,0,1,1,1,1,1,1,1,1,1,1,0,1,1,1,1,1,1,1,1,1,1,0,1,0,0,1,1,1,1,1,1,1,1,0,1,1,0,0,0,1,1,1,1,0,1,1,0,0,0,1,0,0,1,1,1,1,1,0,0,0,0,0,0,0,1,1,1,1,1,0,0,0,0,1,0,0,0,1,0,0,0,1,0,0,0,1,0,1,0,1,2,1,1,1,1,1,0,1,1,0,0,0,0,1,0,307,22
508,Male,0,4,723,23.8,2,2,1,2,1,2,1,2,2,2,2,2,1,2,1,1,1,1,2,1,2,1,2,2,2,1,1,2,1,0,1,0,0,2,2,1,1,1,2,0,1,2,2,0,1,0,1,1,1,2,2,1,2,2,1,1,2,2,2,1,1,2,1,1,1,1,2,2,1,1,1,2,1,1,2,1,1,0,2,1,1,1,1,1,2,1,1,1,2,1,1,1,1,1,1,1,1,1,1,1,1,1,1,1,1,1,1,1,1,1,1,1,1,1,1,1,1,1,1,0,1,2,1,1,1,1,1,1,1,2,1,1,1,1,1,1,2,1,1,1,1,2,1,1,1,1,1,0,0,1,0,1,1,1,1,1,1,1,1,0,1,1,1,2,1,1,0,1,2,2,2,2,1,1,1,1,0,1,1,2,2,1,0,0,1,2,1,1,1,1,1,2,1,2,1,2,1,1,1,1,0,2,0,1,1,1,1,1,1,1,1,1,1,1,0,1,1,1,1,1,1,1,1,0,1,1,0,0,2,0,0,1,1,0,1,2,2,1,1,2,2,1,0,1,2,1,2,1,1,2,2,1,1,1,2,0,1,2,2,1,2,1,1,2,1,1,1,1,1,1,1,1,1,1,1,2,1,1,2,1,1,1,1,1,1,0,1,1,2,1,1,1,1,1,1,1,1,1,1,1,2,1,1,2,1,1,1,1,1,1,1,1,0,1,1,1,1,1,1,1,2,1,1,1,1,1,1,1,1,1,1,1,2,1,1,1,2,1,1,1,2,1,2,1,1,1,1,1,1,1,1,1,1,1,2,1,0,1,1,0,0,2,1,0,0,1,1,1,1,1,1,0,0,0,1,0,0,1,1,1,1,1,0,0,0,0,1,0,0,0,1,0,0,0,1,0,1,1,1,1,1,1,2,2,2,1,1,1,1,1,1,1,0,0,1,0,1,0,364,81
508,Male,0,4,831,27.3,2,2,1,2,1,2,1,2,2,2,2,2,1,2,2,2,1,1,2,2,2,1,2,2,2,1,1,2,1,1,2,1,0,2,2,2,2,2,2,0,2,2,2,1,1,0,1,2,2,2,2,2,2,2,1,1,2,2,2,2,2,2,1,2,2,1,2,2,2,1,2,2,2,2,2,2,1,0,2,2,1,2,2,2,2,1,2,2,2,2,2,1,2,2,1,2,1,1,2,2,2,2,2,2,2,2,2,2,2,2,1,2,2,2,2,2,2,2,1,0,1,2,1,1,1,2,1,2,1,2,1,2,1,1,2,1,2,1,2,2,1,2,2,2,1,2,1,0,2,2,0,1,2,2,2,2,2,1,1,0,1,2,2,2,2,2,0,1,2,2,2,2,2,1,1,2,2,1,1,2,2,1,2,0,2,2,2,2,2,1,1,2,1,2,1,2,2,1,1,2,0,2,1,2,1,2,1,2,1,2,2,1,2,2,0,2,2,1,2,1,1,1,2,0,2,2,0,0,2,0,1,1,1,0,1,2,2,1,2,2,2,1,2,2,2,1,2,1,1,2,2,1,1,2,2,0,1,2,2,2,2,1,1,2,1,1,1,1,1,1,1,1,1,1,1,2,1,2,2,1,1,1,1,1,1,1,1,1,2,1,1,2,1,2,1,1,1,1,1,1,2,2,1,2,1,1,1,1,2,1,2,1,2,1,1,1,1,2,1,1,2,1,1,1,1,1,1,1,1,1,1,1,2,1,2,1,2,2,2,1,2,2,2,1,1,1,1,1,2,2,1,1,2,1,2,1,0,1,1,0,0,2,1,1,0,1,1,1,1,1,2,0,0,0,1,0,0,1,1,2,2,1,0,0,0,0,1,0,0,0,1,0,0,0,1,0,1,1,1,1,1,2,2,2,2,1,1,1,2,1,2,1,0,0,1,0,1,0,376,200
512,Female,0,2,565,18.6,2,2,1,2,2,1,1,2,2,1,2,1,1,1,1,1,1,1,2,1,1,0,2,1,2,1,1,1,1,0,0,0,0,1,1,0,2,0,1,0,1,1,1,1,1,1,1,0,1,0,0,0,0,2,0,1,1,2,1,0,1,1,1,0,1,1,0,1,2,1,0,1,1,0,2,0,0,0,1,0,0,1,0,1,2,0,2,0,1,0,1,0,2,2,1,1,1,1,1,1,1,1,1,1,1,1,1,1,1,0,0,1,1,1,1,0,0,0,1,1,1,1,1,1,1,2,0,1,1,2,0,1,1,0,1,1,1,1,1,1,1,1,1,0,1,0,0,0,1,0,0,1,1,1,1,1,1,0,0,0,1,1,1,0,1,1,0,0,1,0,1,1,1,0,1,1,0,0,1,0,0,1,1,0,1,1,1,1,1,0,1,0,1,1,0,0,1,0,1,0,1,2,0,1,2,0,0,1,0,1,1,0,1,1,1,1,0,0,1,1,2,0,0,0,2,1,0,0,2,0,1,0,0,0,1,0,1,0,0,1,0,0,0,1,1,1,2,2,1,2,1,2,1,2,2,1,2,2,2,2,2,1,1,2,1,1,1,1,1,0,1,1,1,1,2,1,1,1,1,1,1,2,1,1,1,1,1,1,1,1,1,1,0,1,1,1,1,1,1,1,2,1,1,1,1,1,1,1,1,1,1,1,0,1,1,1,1,2,1,1,1,1,1,1,0,1,1,1,0,0,1,0,2,1,0,1,1,1,1,1,1,1,2,1,1,1,0,2,1,0,1,0,1,1,1,0,0,1,1,0,1,0,1,0,1,1,0,1,1,1,0,1,1,0,1,1,0,1,1,1,1,1,1,1,1,0,0,1,0,2,1,1,1,1,2,1,1,0,0,0,1,1,1,1,2,1,2,1,2,1,2,1,1,1,1,1,1,0,307,51
512,Female,0,2,849,27.9,2,2,1,2,2,1,1,2,2,1,2,1,1,1,1,1,1,1,2,1,1,0,2,1,2,1,1,1,1,0,0,0,0,1,1,0,2,0,1,0,1,1,1,1,1,1,1,0,1,0,0,0,0,2,0,1,1,2,1,0,0,0,0,0,0,0,0,0,0,0,0,0,0,0,0,0,0,0,0,0,0,0,0,0,0,0,0,0,0,0,0,0,0,0,0,0,0,0,0,0,0,0,0,0,0,0,0,0,0,0,0,0,0,0,0,0,0,0,0,0,0,0,0,0,0,0,0,0,0,0,0,0,0,0,0,0,0,0,0,0,0,0,0,0,0,0,0,0,0,0,0,0,0,0,0,0,0,0,0,0,0,0,0,0,0,0,0,0,0,0,0,0,0,0,0,0,0,0,0,0,0,0,0,0,0,0,0,0,0,0,0,0,0,0,0,0,0,0,0,0,0,0,0,0,0,0,0,0,0,0,0,0,0,0,0,0,0,0,0,0,0,0,0,0,0,0,0,0,0,0,0,0,0,0,0,0,0,0,0,0,0,0,0,0,0,0,0,0,0,0,0,0,0,0,0,0,0,0,0,0,0,0,0,0,0,0,0,0,0,0,0,0,0,0,0,0,0,0,0,0,0,0,0,0,0,0,0,0,0,0,0,0,0,0,0,0,0,0,0,0,0,0,0,0,0,0,0,0,0,0,0,0,0,0,0,0,0,0,0,0,0,0,0,0,0,0,0,0,0,0,0,0,0,0,0,0,0,0,0,0,0,0,0,0,0,0,0,0,0,0,0,0,0,0,0,0,0,0,0,0,0,0,0,0,0,0,0,0,0,0,0,0,0,0,0,0,0,0,0,0,0,0,0,0,0,0,0,0,0,0,0,0,0,0,0,0,0,0,0,0,0,0,0,0,0,0,0,0,0,0,0,0,0,0,0,0,0,0,45,13
513,Female,0,2,561,18.4,0,0,0,0,0,0,0,2,0,0,2,1,0,0,0,2,0,0,0,0,0,0,1,1,1,0,0,0,0,0,0,0,0,0,1,0,0,0,0,0,0,0,0,1,0,0,0,0,0,0,0,0,0,0,0,0,0,1,0,0,1,0,0,0,0,1,0,1,1,1,0,1,0,0,1,0,0,0,0,0,0,0,0,0,1,0,1,0,1,1,0,0,0,1,0,0,0,0,1,1,0,1,1,0,1,1,1,1,1,0,0,1,1,1,0,0,0,0,0,0,0,0,0,0,0,1,0,0,0,1,0,1,0,0,1,0,0,0,0,0,0,0,0,0,0,1,1,0,0,0,0,0,0,0,1,0,0,0,0,0,0,1,0,0,0,0,0,0,0,0,0,0,0,0,0,0,0,0,0,0,0,0,0,0,0,0,0,1,0,0,0,0,0,1,0,0,0,0,0,0,0,0,0,0,0,0,0,0,0,0,0,0,0,0,0,0,0,0,1,0,1,0,0,0,0,0,0,0,1,0,0,0,0,0,0,0,0,0,0,1,0,0,0,0,1,0,1,0,0,0,0,0,0,1,0,0,0,1,0,0,0,0,0,1,0,0,0,0,0,0,0,0,0,0,1,0,0,0,0,0,0,1,0,0,0,0,1,1,0,0,0,0,0,0,0,0,0,1,0,0,0,0,0,0,0,0,0,0,0,0,0,0,0,0,0,0,0,1,0,0,0,0,0,0,0,0,0,1,0,0,0,0,0,0,0,0,0,0,0,0,0,0,0,0,0,0,0,1,0,0,0,0,0,0,0,0,0,0,0,0,0,0,0,0,0,0,0,0,0,0,0,0,0,0,0,0,0,0,0,0,0,0,0,0,0,0,0,0,0,0,0,0,0,0,0,0,0,0,0,0,0,1,1,0,0,0,0,0,0,0,1,0,0,0,0,0,0,0,64,3
513,Female,0,2,609,20,0,0,0,0,0,0,0,2,0,0,2,1,0,0,2,2,0,0,0,0,0,0,1,1,1,0,0,0,0,0,0,0,0,0,1,0,0,0,0,0,0,0,0,1,0,0,0,0,0,0,0,0,0,0,0,0,0,1,0,0,1,0,0,0,0,1,0,1,1,1,0,1,0,0,1,0,0,0,0,0,0,0,0,0,1,0,1,0,1,1,0,0,0,1,1,1,1,1,1,1,1,1,1,1,1,1,1,1,1,1,0,1,1,1,1,2,0,1,1,1,0,0,0,0,0,1,0,0,0,1,0,1,0,0,1,0,0,0,0,0,0,0,0,0,0,1,1,0,0,0,0,0,0,0,1,0,0,0,0,0,0,1,0,0,0,0,0,0,0,0,0,0,0,0,0,0,0,0,0,0,0,1,0,0,1,0,0,1,0,0,0,0,0,1,0,0,0,0,0,0,0,0,0,0,0,0,0,0,0,0,1,0,1,0,0,0,0,0,1,0,1,1,0,0,2,0,0,0,2,0,0,0,0,0,0,0,0,0,0,1,0,0,0,0,1,1,1,0,0,0,0,1,0,1,1,0,0,1,0,0,0,1,0,1,0,0,0,0,0,0,0,0,0,0,1,0,0,0,1,0,0,1,0,0,0,0,1,1,0,0,0,0,0,0,0,0,0,1,0,0,1,0,0,0,1,0,0,1,1,0,0,0,0,0,0,0,0,1,0,0,1,0,0,0,0,0,0,1,0,0,0,0,1,0,0,0,0,0,1,0,0,0,0,0,0,0,0,1,0,0,0,0,0,1,0,0,0,0,0,0,0,0,0,0,0,1,0,0,0,0,0,0,0,0,1,0,0,0,0,0,0,0,0,0,0,0,0,0,0,0,0,0,0,0,0,0,0,0,0,0,0,1,1,0,0,0,1,0,0,0,1,0,0,0,0,0,0,0,99,7
515,Male,0,2,479,15.7,1,2,0,0,0,0,2,2,0,0,2,0,0,0,0,1,0,0,2,0,0,0,2,0,2,0,2,0,0,0,0,0,0,1,0,0,0,1,0,0,0,0,0,0,0,0,0,0,0,0,0,0,0,2,0,1,0,2,0,0,2,0,0,0,0,0,1,2,1,1,0,0,0,0,2,0,0,0,1,0,2,0,0,0,0,0,1,1,0,0,0,0,0,0,1,0,1,0,1,0,0,0,0,0,2,0,0,0,0,0,0,1,0,1,0,0,0,0,1,0,0,0,0,0,0,1,0,0,0,2,0,2,0,0,1,0,0,0,0,0,0,1,0,0,0,0,0,0,0,0,0,0,0,0,0,0,0,0,0,0,0,0,0,0,0,0,0,0,1,0,0,0,0,0,0,0,0,0,0,1,0,1,0,0,0,0,1,0,0,0,0,0,0,0,0,0,0,0,0,1,0,2,0,0,0,0,0,0,0,0,0,0,0,0,0,0,0,0,0,0,0,0,0,0,0,0,0,0,2,0,0,0,0,0,0,2,0,0,0,2,0,0,0,0,1,0,2,0,0,0,2,0,0,2,2,0,2,0,0,0,0,0,0,2,0,0,0,0,0,0,0,0,0,0,0,0,0,0,0,0,0,0,0,0,0,0,0,0,0,0,0,0,0,0,0,0,0,0,0,0,2,0,0,1,0,0,0,0,1,0,0,0,0,0,0,1,0,0,0,1,0,1,0,0,0,1,0,0,0,0,1,0,2,0,0,0,0,0,0,0,0,0,0,0,0,0,0,0,0,0,0,0,0,0,0,0,0,0,0,0,0,0,0,0,0,0,0,0,0,0,0,0,0,0,0,0,0,0,0,0,0,0,0,0,0,0,0,0,0,0,0,0,0,0,0,0,0,0,0,0,0,0,0,0,0,0,0,0,0,0,0,0,0,0,0,0,0,0,62,29
515,Male,0,2,535,17.6,2,2,2,2,0,2,2,2,2,0,2,2,0,0,0,2,2,2,2,0,2,0,2,0,2,1,2,1,1,0,1,0,0,2,1,2,1,1,0,0,0,0,0,0,0,0,2,0,0,0,0,0,2,2,0,1,1,2,2,0,2,2,1,0,2,0,2,2,2,1,0,0,0,0,2,0,0,0,1,0,2,0,0,0,2,0,2,2,0,0,0,0,0,0,1,0,1,0,2,2,0,0,1,0,2,1,1,1,1,0,0,2,2,1,2,1,2,1,1,0,1,2,1,0,0,1,0,0,0,2,0,2,0,0,1,0,0,0,0,0,0,1,0,1,1,0,0,0,0,0,0,0,0,0,0,1,0,0,0,0,2,0,0,0,0,0,0,0,2,0,0,0,2,0,0,0,0,0,1,2,0,1,0,0,0,0,2,1,0,0,1,2,0,0,0,1,1,0,0,1,0,2,0,2,0,0,0,0,0,0,0,0,0,0,0,0,0,0,0,0,1,0,0,0,2,0,0,0,2,0,0,0,0,0,0,2,0,0,0,2,0,0,0,0,1,0,2,0,0,2,2,0,0,2,2,0,2,0,2,2,0,0,0,2,0,0,0,0,0,0,0,0,0,0,2,0,0,0,2,0,0,0,0,0,0,2,0,0,2,0,0,0,0,0,0,1,0,1,0,0,2,0,0,1,0,0,0,0,1,0,0,0,0,0,0,1,0,0,0,1,0,1,0,0,0,1,0,0,0,0,1,0,2,0,0,0,0,0,0,0,0,0,1,0,0,0,0,0,0,0,0,0,0,0,0,0,0,1,0,0,0,2,0,0,0,0,0,0,0,0,0,0,0,0,0,0,0,0,0,0,0,0,0,0,0,0,0,0,0,0,0,0,0,0,0,0,0,0,0,0,0,0,0,2,0,0,0,0,0,0,0,0,0,0,0,0,0,0,126,75
517,Male,0,4,279,9.2,0,1,0,0,0,0,1,0,1,1,1,1,0,0,0,0,0,0,0,0,0,0,1,0,0,0,0,0,0,0,0,0,0,0,0,0,0,0,0,0,0,0,0,0,0,0,0,0,0,0,0,0,0,0,0,0,0,0,0,0,0,0,0,0,0,0,0,1,0,0,0,0,0,0,1,0,0,0,1,0,0,1,0,0,0,0,0,0,0,0,0,0,0,0,0,0,0,0,0,0,0,0,0,0,0,0,0,0,0,0,0,0,0,0,0,0,0,0,0,0,0,0,0,0,0,0,0,0,0,0,0,0,0,0,0,0,0,0,0,0,0,0,0,0,0,0,0,0,0,0,0,0,0,0,0,0,0,0,0,0,0,0,0,0,0,0,0,0,0,0,0,0,0,0,0,0,0,0,0,0,0,0,0,0,0,0,0,0,0,0,0,0,0,0,0,1,0,0,0,0,0,0,0,0,0,0,0,0,0,0,0,0,0,0,0,0,0,0,0,0,0,0,0,0,1,0,0,0,0,0,0,0,0,0,0,1,1,0,0,1,0,0,0,0,0,0,0,0,0,1,1,0,0,1,1,0,1,0,1,0,0,1,0,1,0,0,0,0,0,0,0,0,0,0,1,0,1,0,1,0,0,1,0,0,0,0,0,0,0,0,0,0,0,1,0,0,0,1,0,0,1,0,0,0,0,0,0,0,0,0,0,0,0,0,0,0,0,0,0,1,0,1,0,0,0,0,1,0,0,0,0,0,1,0,0,0,0,0,0,0,0,0,0,0,0,0,0,0,0,0,0,0,0,0,0,0,0,0,0,0,0,0,0,0,0,0,0,0,0,0,0,0,0,0,0,0,0,0,0,0,0,0,0,0,0,0,0,0,0,0,0,0,0,0,0,0,0,0,0,0,0,0,0,0,0,0,0,0,0,0,0,0,0,0,0,0,0,0,35,0
517,Male,0,4,497,16.3,1,1,1,2,1,1,1,1,1,1,1,1,0,0,0,0,0,0,0,0,0,0,2,0,1,0,0,0,0,0,0,0,0,0,0,0,0,0,0,0,0,0,0,0,0,0,0,0,0,0,0,0,0,1,0,1,0,0,0,1,1,1,0,0,0,1,0,1,1,1,0,0,0,0,1,0,0,0,1,0,0,1,0,0,0,0,1,0,0,0,0,0,0,0,0,0,0,0,0,1,0,0,1,0,0,0,1,1,0,0,0,1,0,0,1,0,0,0,0,0,0,0,0,0,0,0,0,0,0,1,0,0,0,0,1,0,1,0,0,0,0,0,0,0,1,0,0,0,0,0,0,0,0,1,0,0,0,0,0,0,0,1,0,0,0,0,0,0,0,0,0,1,1,0,0,0,0,0,0,0,0,1,0,0,0,0,1,0,1,1,1,0,0,0,0,1,0,0,0,0,0,0,0,0,0,0,0,0,0,0,0,0,0,0,0,0,0,0,0,1,0,0,0,0,1,0,0,0,0,0,0,0,0,0,0,1,2,0,0,2,0,0,0,0,1,0,1,0,0,1,1,0,0,1,1,1,1,1,1,0,1,1,0,1,0,0,0,0,0,0,0,0,1,0,1,0,1,0,1,0,0,1,0,0,1,0,1,0,0,0,0,1,1,1,0,0,1,1,0,0,1,0,0,0,1,0,0,0,0,0,1,0,0,0,0,0,1,0,1,1,1,1,1,0,0,1,1,0,0,0,1,0,1,0,0,0,0,0,0,1,0,0,0,0,0,0,0,1,0,0,0,0,0,0,0,0,0,0,0,0,0,0,0,0,0,0,0,0,0,0,0,0,0,0,0,0,0,0,0,0,0,0,0,0,0,0,0,0,0,1,0,0,1,1,0,0,0,0,1,0,0,1,0,1,1,0,0,0,1,0,1,0,0,0,0,0,1,0,102,4
517,Male,0,4,593,19.5,1,1,1,2,1,1,2,1,2,2,1,1,1,1,1,1,1,1,1,1,1,1,2,1,1,1,1,1,1,0,1,0,0,1,1,1,0,0,1,1,0,1,0,0,1,0,0,2,2,1,1,1,1,2,1,1,1,1,1,1,2,1,0,0,1,1,1,1,1,1,0,1,1,0,1,0,0,0,1,1,1,1,1,0,0,0,1,0,0,0,0,0,0,0,1,0,0,1,1,1,1,1,1,0,0,1,1,1,0,1,0,1,1,1,1,0,1,0,1,0,1,1,1,0,0,1,0,0,0,1,0,0,0,1,1,1,1,1,1,0,1,1,1,0,1,1,0,0,0,0,0,1,1,1,1,1,1,1,1,0,1,1,1,1,1,1,0,1,1,1,1,1,1,0,1,1,0,1,1,1,1,1,0,0,1,0,1,0,1,1,1,0,1,1,0,1,1,0,0,1,0,1,1,1,1,1,0,1,0,1,1,1,1,0,0,1,0,1,1,1,1,1,0,1,1,0,0,0,0,0,1,0,0,0,0,2,2,0,0,2,0,1,0,1,1,1,1,0,0,1,1,1,1,1,2,1,1,2,1,0,2,1,0,1,1,1,1,1,1,1,1,0,1,0,1,0,1,1,1,1,1,1,0,1,1,0,1,0,0,0,1,1,1,1,0,0,1,1,0,0,1,0,0,1,1,1,1,0,1,1,1,0,0,1,1,1,1,1,1,1,1,1,1,1,0,1,1,1,1,1,1,1,1,1,1,0,0,1,1,1,1,0,1,0,0,1,1,1,1,0,1,0,1,1,0,1,0,0,0,0,0,1,0,0,0,0,0,1,1,0,1,0,0,0,1,0,0,0,0,0,0,0,0,0,0,0,0,0,0,1,1,0,1,1,0,0,0,0,1,0,0,1,1,1,1,1,0,0,1,0,1,0,0,0,0,0,1,1,262,15
517,Male,0,4,805,26.5,2,2,2,2,2,2,2,2,2,2,2,2,2,2,2,2,2,2,2,2,2,2,2,2,2,2,2,2,2,2,2,2,2,2,2,2,2,2,2,2,2,2,2,2,2,2,2,2,2,2,2,2,2,2,2,2,2,2,2,2,2,2,2,2,2,2,2,2,2,2,2,2,2,2,2,2,2,2,2,2,2,2,2,2,2,0,2,2,2,2,2,2,2,2,2,2,2,2,2,2,2,2,2,2,2,2,2,2,2,2,2,2,2,2,2,2,2,2,2,2,2,2,2,0,2,2,2,2,0,2,0,2,2,2,2,2,2,2,2,0,2,2,2,2,2,2,0,0,2,2,0,2,2,2,2,2,2,2,2,2,2,2,2,2,2,2,2,2,2,2,2,2,2,2,2,2,0,2,2,2,2,2,2,2,2,2,2,2,2,2,2,2,2,2,0,2,2,2,2,2,0,2,2,2,2,2,2,2,0,2,2,2,2,2,0,2,0,2,2,2,2,2,2,1,2,2,0,0,0,0,2,0,0,0,2,2,2,0,0,2,0,2,0,1,2,2,2,2,0,2,2,2,2,2,2,1,2,2,2,2,2,2,2,2,2,2,2,2,2,2,2,2,2,2,2,0,2,2,2,2,2,2,2,2,2,2,2,2,2,2,2,2,2,2,0,2,1,2,0,2,2,2,2,2,2,2,2,2,2,2,2,2,0,2,2,2,2,2,2,2,2,2,2,2,2,2,2,2,2,2,2,1,2,2,2,2,2,2,2,2,2,2,2,2,2,2,2,2,2,2,2,2,2,2,2,2,0,2,2,0,2,2,2,2,0,2,2,1,2,2,2,0,0,2,2,2,0,2,2,2,2,2,2,2,0,0,0,2,0,2,2,2,2,2,2,0,2,2,2,2,2,2,2,2,2,2,2,2,2,2,2,2,2,0,2,0,2,2,375,369
519,Male,0,2,336,11,0,0,0,0,0,0,0,0,0,0,0,0,0,0,0,0,0,0,0,0,0,0,0,0,0,0,0,0,0,0,0,0,0,0,0,0,0,0,0,0,0,0,0,0,0,0,0,0,0,0,0,0,0,0,0,0,0,0,0,0,0,0,0,0,0,0,0,0,0,0,0,0,0,0,0,0,0,0,0,0,0,0,0,0,0,0,0,0,0,0,0,0,0,0,0,0,0,0,0,0,0,0,0,0,0,0,0,0,0,0,0,0,0,0,0,0,0,0,0,0,0,0,0,0,0,0,0,0,0,0,0,0,0,0,0,0,0,0,0,0,0,0,0,0,0,0,0,0,0,0,0,0,0,0,0,0,0,0,0,0,0,0,0,0,0,0,0,0,0,0,0,0,0,0,0,0,0,0,0,0,0,0,0,0,0,0,0,0,0,0,0,0,0,0,0,0,0,0,0,0,0,0,0,0,0,0,0,0,0,0,0,0,0,0,0,0,0,0,0,0,0,0,0,0,0,0,0,0,1,0,0,0,0,0,0,0,0,0,0,1,0,0,0,0,0,0,1,0,0,0,0,0,0,0,1,0,0,0,0,0,0,0,0,0,0,0,0,0,0,0,0,0,0,0,0,0,0,0,0,0,0,0,0,0,0,0,0,0,0,0,0,0,0,0,0,0,0,1,0,0,0,0,0,0,0,0,0,0,0,0,0,0,0,0,0,0,0,0,0,0,0,0,0,0,0,0,0,0,0,0,0,0,0,0,0,0,0,0,0,0,0,0,0,0,0,0,0,0,0,0,0,0,0,0,0,0,0,0,0,0,0,0,0,0,0,0,0,0,0,0,0,0,0,0,0,0,0,0,0,0,0,0,0,0,0,0,0,0,0,0,0,0,0,0,0,0,0,0,0,0,0,0,0,0,0,0,1,0,0,0,0,0,0,0,0,0,0,0,6,0
519,Male,0,2,769,25.3,2,2,0,2,2,2,2,2,2,2,2,2,2,2,2,2,2,2,2,2,2,0,2,0,2,2,2,2,2,0,2,0,0,2,2,2,2,2,2,0,0,2,2,2,2,0,2,2,2,2,2,2,2,2,2,2,2,2,2,2,2,2,0,2,2,2,2,2,2,0,2,2,2,2,2,2,2,2,2,2,2,2,2,0,2,2,2,2,2,2,2,2,2,2,2,2,2,0,2,2,2,2,2,2,2,2,2,2,2,2,2,2,2,2,2,2,2,2,2,0,2,2,2,0,2,2,0,2,0,2,2,2,2,0,2,2,2,1,2,2,2,2,1,2,2,2,1,0,2,2,0,2,2,2,2,2,1,2,2,1,2,2,2,2,2,2,0,2,2,2,2,2,2,2,2,2,2,2,2,2,0,2,2,2,2,2,2,2,2,0,2,1,1,2,0,2,2,0,2,2,0,2,0,2,2,2,0,2,0,2,2,2,2,0,2,0,0,0,2,2,2,2,0,0,2,2,0,0,2,0,0,2,0,0,0,2,2,2,2,2,0,2,0,0,2,2,2,0,2,2,2,2,0,2,2,0,0,2,2,2,2,1,2,2,2,1,0,1,2,0,1,2,2,2,2,1,2,1,2,2,1,2,2,1,2,2,2,1,1,2,1,2,1,0,0,2,2,2,1,2,2,2,2,2,2,2,2,2,2,2,2,1,1,2,2,2,2,2,1,2,2,1,2,1,1,2,2,2,2,1,2,0,2,2,0,2,0,2,2,2,2,2,2,1,2,2,2,1,1,0,1,2,2,1,1,1,0,2,0,0,2,0,2,0,2,1,1,1,2,2,0,0,2,0,2,1,2,2,1,2,2,2,0,0,0,1,0,1,1,2,2,2,2,2,2,1,2,2,2,1,1,2,2,2,2,1,2,0,2,2,2,0,2,2,1,2,2,0,346,299
522,Male,0,3,441,14.5,2,0,0,2,0,0,0,0,0,0,0,0,0,0,0,1,0,0,1,0,0,0,1,0,0,0,0,0,0,0,0,0,0,1,0,0,0,0,0,0,0,0,0,0,0,0,0,0,0,0,0,0,0,0,0,0,0,0,0,0,1,0,0,0,0,0,0,0,1,0,0,0,0,0,0,0,0,0,1,0,0,0,0,0,0,0,1,0,0,0,0,0,0,0,0,0,0,0,0,0,0,0,0,0,0,0,0,0,0,0,0,0,0,0,0,0,0,0,0,0,0,0,0,0,0,1,0,0,0,1,0,0,0,0,0,0,1,0,0,0,0,0,0,0,0,0,0,0,1,0,0,0,0,1,0,0,0,0,0,0,0,0,0,0,0,0,0,0,0,0,1,0,0,0,0,0,0,0,0,1,0,0,0,0,0,0,0,0,0,0,0,0,0,0,0,1,0,0,0,1,0,0,0,0,0,0,0,0,0,0,0,0,0,0,0,0,0,0,0,0,1,0,0,0,0,0,0,0,2,0,0,0,0,0,0,1,1,0,0,1,1,0,0,0,0,0,1,0,0,0,0,1,1,0,1,0,1,0,0,0,1,0,0,1,0,0,0,0,0,0,0,0,0,0,1,0,0,0,0,0,0,1,0,0,0,0,0,1,0,0,0,0,0,1,0,0,1,1,0,0,1,1,0,0,1,0,0,0,1,0,0,0,0,0,0,0,0,0,0,0,0,0,0,0,0,0,0,0,0,0,0,0,1,0,1,0,0,0,0,0,0,0,0,0,1,0,0,0,1,0,0,0,1,0,0,0,0,1,0,0,0,0,0,0,0,0,0,0,1,0,0,0,0,0,0,0,0,0,0,0,0,0,0,0,0,0,0,0,0,0,0,0,0,0,0,0,0,0,0,1,0,0,0,0,0,0,1,0,0,0,0,0,0,0,0,0,0,0,50,3
522,Male,0,3,481,15.8,2,0,0,2,0,0,0,0,0,0,0,0,0,0,0,1,0,0,1,0,0,0,1,0,0,0,0,0,0,0,0,0,0,1,0,0,0,0,0,0,0,0,0,0,0,0,0,0,0,0,0,0,0,0,0,0,0,0,0,0,1,0,0,0,0,0,0,0,1,0,0,0,0,0,0,0,0,0,1,0,0,0,0,0,0,0,1,0,0,0,0,0,0,0,0,0,0,0,0,0,0,0,0,0,0,0,0,0,0,0,0,0,0,0,0,0,0,0,0,0,0,0,0,0,0,1,0,0,0,1,0,0,0,0,0,0,1,0,0,0,0,0,0,0,0,0,0,0,1,0,0,0,0,1,0,0,0,0,0,0,0,0,0,0,0,0,0,0,0,0,1,0,0,0,0,0,0,0,0,1,0,0,0,0,0,0,0,0,0,0,0,0,0,0,0,1,0,0,0,1,0,0,0,0,0,0,0,0,0,0,0,0,0,0,0,0,0,0,0,0,1,0,0,0,0,0,0,0,2,0,0,0,0,0,0,1,1,0,0,1,1,0,0,0,0,0,1,0,0,0,0,1,1,0,1,0,1,0,0,0,1,0,0,1,0,0,0,0,0,0,0,0,0,0,1,0,0,0,0,0,0,1,0,0,0,0,0,1,0,0,0,0,0,1,0,0,1,1,0,0,1,1,0,0,1,0,0,0,1,0,0,0,0,0,0,0,0,0,0,0,0,0,0,0,0,0,0,0,0,0,0,0,1,0,1,0,0,0,0,0,0,0,0,0,1,0,0,0,1,0,0,0,1,0,0,0,0,1,0,0,0,0,0,0,0,0,0,0,0,0,0,0,0,0,0,0,0,0,0,0,0,0,0,0,0,0,0,0,0,0,0,0,0,0,0,0,0,0,0,0,0,0,0,0,0,0,0,0,0,0,0,0,0,0,0,0,0,0,47,3
522,Male,0,3,810,26.6,2,0,0,2,2,2,0,0,0,0,2,0,0,1,0,1,0,0,1,1,1,0,1,0,1,1,0,0,1,0,1,0,0,1,0,0,0,1,0,0,0,1,0,0,1,0,0,0,0,0,0,0,1,0,0,0,1,0,0,0,2,0,0,0,0,0,0,2,1,0,0,0,0,0,0,0,0,0,1,0,0,1,0,0,2,0,1,0,0,0,0,0,0,0,0,1,0,0,1,0,1,1,1,1,1,1,1,1,1,1,0,1,1,1,1,0,0,0,1,0,0,1,0,0,0,1,0,1,0,2,0,1,0,0,0,1,1,0,1,0,0,1,0,0,0,0,0,0,1,0,0,0,0,1,0,1,0,0,0,0,1,0,0,0,1,0,0,0,0,0,1,0,0,0,0,1,0,0,0,1,0,0,0,0,1,1,0,1,0,0,1,0,0,0,0,1,0,0,0,1,0,1,0,0,0,0,0,0,0,1,0,0,0,0,0,0,0,0,0,1,1,1,0,0,2,0,0,0,2,0,0,0,0,0,0,2,2,0,0,2,2,0,0,0,0,0,2,0,0,0,0,1,1,1,1,0,1,0,0,0,1,0,0,2,0,0,0,0,0,0,0,0,0,0,1,0,0,0,1,0,0,1,0,0,1,0,1,1,0,0,0,0,0,1,0,0,1,1,0,0,1,1,0,0,1,0,0,0,1,0,0,0,0,0,0,1,0,1,0,0,1,0,0,0,0,1,0,0,0,0,0,0,1,0,1,0,0,0,0,0,0,1,1,0,1,0,0,0,1,0,0,0,1,0,0,0,0,1,0,0,0,0,0,0,0,0,0,0,1,1,0,0,0,0,0,0,0,0,0,0,0,0,0,0,0,0,0,0,0,0,0,0,0,0,0,0,0,0,0,1,0,0,0,0,0,0,1,0,0,0,2,0,0,0,0,0,0,0,116,18
523,Female,0,4,259,8.5,1,0,1,1,1,1,1,1,0,0,1,1,0,0,0,0,1,0,1,0,0,0,1,0,0,0,0,1,0,0,0,0,1,1,1,0,0,0,1,0,0,0,0,0,0,0,0,0,0,0,0,0,0,0,0,0,0,0,0,0,0,0,0,0,0,0,0,0,0,0,0,0,0,0,0,0,0,0,0,0,0,0,0,0,0,0,0,0,0,0,0,0,0,0,0,0,0,0,0,0,0,0,0,0,0,0,0,0,0,0,0,0,0,0,0,0,0,0,0,0,0,0,0,0,0,0,0,0,0,0,0,0,0,0,0,0,0,0,0,0,0,0,0,0,0,0,0,0,0,0,0,0,0,0,0,0,0,0,0,0,0,0,0,0,0,0,0,0,0,0,0,0,0,0,0,0,0,0,0,0,0,0,0,0,0,0,0,0,0,0,0,0,0,0,0,0,0,0,0,0,0,0,0,0,0,0,0,0,0,0,0,0,0,0,0,0,0,0,0,0,0,0,0,0,1,0,0,0,1,0,0,0,0,0,0,1,1,0,0,1,0,0,0,0,0,0,0,0,0,0,0,0,0,0,0,0,0,0,0,0,0,0,0,0,0,0,0,0,0,0,0,0,0,0,0,0,0,0,0,0,0,0,0,0,0,0,0,0,0,0,0,0,0,0,0,0,0,0,0,0,0,0,0,0,0,0,0,0,0,0,0,0,0,0,0,0,0,0,0,0,0,0,0,0,0,0,0,0,0,0,1,0,1,0,0,0,0,0,0,0,0,0,0,0,0,0,0,0,0,0,0,0,0,0,0,0,0,0,0,0,0,0,0,0,0,0,0,0,0,0,0,0,0,0,0,0,0,0,0,0,0,0,0,0,0,0,0,0,0,0,0,0,0,0,0,0,0,0,0,0,0,0,0,0,0,0,0,0,0,0,0,0,0,0,0,0,0,0,24,0
523,Female,0,4,483,15.9,2,2,2,2,2,2,1,2,2,2,1,1,1,1,1,1,1,1,1,1,1,1,1,1,1,1,1,1,1,1,1,1,1,1,1,1,1,1,1,1,1,1,1,1,1,0,1,0,0,0,0,0,0,1,1,1,1,1,1,1,1,0,1,1,1,1,1,1,1,1,0,0,0,0,0,0,0,0,1,0,0,1,0,0,0,0,0,0,0,0,0,0,0,0,0,1,1,0,1,1,1,1,1,1,1,1,1,1,1,1,0,1,1,1,1,1,0,0,1,1,1,1,0,0,0,1,1,0,0,1,0,1,0,1,1,1,1,1,1,0,1,1,1,0,1,1,1,1,0,0,0,0,0,0,0,1,0,0,0,0,0,0,0,0,0,0,0,0,0,0,0,1,1,0,0,0,0,0,0,1,0,0,0,0,1,0,1,0,1,0,0,0,1,1,1,1,1,0,0,0,0,1,0,0,0,0,0,0,0,0,0,0,0,0,0,0,0,0,0,1,1,0,0,0,1,0,0,1,1,0,0,0,0,0,0,1,1,0,0,1,0,0,0,0,1,0,0,0,0,2,2,1,1,1,1,0,2,2,0,0,1,1,1,1,0,0,0,0,0,0,0,0,0,0,1,0,1,0,1,0,0,1,0,1,0,1,1,1,1,0,0,1,0,1,0,0,0,1,0,1,1,1,0,1,1,1,1,1,0,1,0,0,0,0,0,0,0,0,1,1,1,0,0,0,0,0,1,1,1,0,1,0,1,0,0,0,0,0,1,1,1,0,1,1,1,0,0,1,1,0,0,0,1,1,0,0,0,0,0,0,0,0,0,0,0,0,0,0,0,0,0,0,0,0,0,0,0,0,0,0,0,0,0,0,0,0,0,0,0,0,0,0,0,0,0,0,0,0,0,0,0,0,0,0,1,1,0,0,1,1,1,0,0,0,0,0,0,0,182,13
523,Female,0,4,547,18,2,2,2,2,2,2,1,2,2,2,1,2,1,2,1,2,1,1,2,1,1,1,1,1,1,1,2,1,1,1,1,1,1,1,1,1,1,1,1,1,1,1,1,1,1,0,1,1,1,1,1,0,1,1,1,1,1,2,1,1,1,0,1,1,1,1,1,1,1,1,0,0,1,0,1,1,0,0,1,1,2,1,0,0,1,0,1,1,0,0,0,0,0,1,0,1,1,0,2,2,1,1,1,1,1,1,1,1,1,1,0,2,1,1,1,1,0,1,1,1,1,1,0,0,0,1,1,0,0,1,0,1,0,1,1,1,1,1,1,0,1,1,1,0,1,1,1,1,1,1,0,1,0,1,1,1,0,1,0,0,1,1,1,0,1,1,0,0,0,0,0,1,1,0,0,0,0,0,1,1,0,1,0,1,1,0,1,1,1,0,0,0,1,1,1,1,1,0,0,0,0,1,0,0,0,0,0,0,0,0,0,0,0,0,0,0,0,0,0,1,1,0,0,0,1,0,0,1,1,0,0,0,0,0,0,1,1,0,0,1,0,0,0,0,1,1,2,1,1,2,2,1,1,1,1,0,2,2,2,0,2,1,1,1,0,1,0,0,0,0,0,0,1,1,1,0,1,0,1,0,1,1,0,1,0,1,1,1,1,0,0,1,0,1,0,1,0,1,0,1,1,1,0,1,1,1,1,1,0,1,1,0,0,0,0,1,1,1,1,1,1,1,1,0,0,1,1,1,1,0,1,0,1,0,0,0,0,0,1,1,1,0,1,1,1,0,0,1,1,0,0,0,1,1,0,0,0,0,0,0,0,0,0,0,0,0,0,1,0,0,0,0,0,0,1,0,0,0,0,0,0,0,0,0,0,0,0,0,0,0,0,0,0,0,0,0,0,0,0,0,1,0,1,0,1,1,0,0,1,1,1,0,0,0,0,0,0,0,233,26
523,Female,0,4,624,20.5,2,2,2,2,2,2,2,2,2,2,2,2,1,2,1,2,1,1,2,1,1,1,1,1,1,1,2,1,1,1,1,1,1,1,1,1,1,1,1,1,1,1,1,1,1,0,1,1,1,1,1,1,1,1,1,1,1,2,1,1,1,1,1,1,1,1,1,1,1,1,0,1,1,0,1,1,0,0,1,1,2,1,1,0,1,0,1,1,0,0,0,0,0,1,1,1,1,1,2,2,1,1,1,1,1,1,1,1,1,1,1,2,1,1,1,1,1,1,1,1,1,1,0,0,0,1,1,0,0,1,0,1,0,1,1,1,1,1,1,0,1,1,1,0,1,1,1,1,1,1,0,1,1,1,1,1,1,1,1,0,1,1,1,0,1,1,0,0,1,1,1,1,1,0,0,1,0,1,1,1,1,1,0,1,1,1,1,1,1,1,1,0,1,1,1,1,1,0,0,0,0,2,0,0,1,0,0,0,0,1,1,1,1,0,0,1,0,0,1,1,1,1,0,1,1,1,0,1,1,0,0,0,0,0,1,2,2,1,1,1,0,0,0,0,1,1,2,1,1,2,2,1,1,1,2,0,2,2,2,0,2,1,1,1,1,1,0,1,1,0,1,0,1,1,1,0,1,1,1,1,1,1,1,1,1,1,1,1,1,0,0,1,0,1,1,1,0,1,0,1,1,1,0,1,1,1,1,1,1,1,1,0,0,1,1,1,1,1,1,1,1,1,1,1,0,1,1,1,1,1,1,1,1,1,0,1,1,1,1,1,1,1,1,1,1,0,0,1,1,1,1,0,1,1,1,1,0,1,0,0,0,1,1,0,0,1,1,1,1,1,1,0,0,0,1,0,0,0,0,0,1,1,0,0,0,0,0,0,0,0,2,0,0,2,0,0,0,0,1,1,1,0,1,1,1,1,1,0,1,1,2,0,0,0,0,0,0,1,307,35
526,Female,0,4,496,16.3,0,2,0,2,0,2,2,2,2,0,2,2,0,0,2,2,2,2,0,1,1,0,2,2,2,1,2,0,1,0,1,0,0,1,0,0,0,0,1,0,0,1,0,0,1,0,0,0,0,1,0,0,0,1,0,0,0,2,2,0,1,2,2,0,1,1,1,2,1,0,0,0,1,0,2,0,0,0,1,1,2,1,0,0,0,0,1,1,1,1,0,0,0,1,1,0,1,0,1,1,0,0,1,1,1,1,1,1,1,0,0,1,1,1,1,0,0,0,1,1,0,1,0,0,0,1,0,0,0,2,0,1,0,0,1,1,1,1,1,0,0,1,0,0,1,1,0,0,1,0,0,0,0,1,0,1,1,0,0,0,2,0,0,0,0,0,0,0,0,0,0,1,1,0,0,0,0,0,1,1,0,1,0,0,1,0,0,0,0,0,0,0,0,0,0,0,0,0,0,0,0,0,0,2,0,0,0,0,0,0,0,0,1,0,0,1,0,0,0,1,1,0,0,0,2,0,0,0,2,0,0,0,0,0,0,2,0,0,0,2,2,0,0,0,1,1,2,0,0,2,0,1,1,1,2,1,2,2,1,1,2,0,0,1,0,1,0,0,0,0,0,0,0,0,1,0,1,1,1,0,0,1,0,1,0,0,0,0,0,0,0,0,0,1,0,1,0,0,0,0,0,0,0,1,1,0,1,0,1,0,1,1,0,0,0,1,1,1,0,1,1,1,1,0,0,1,1,1,1,0,0,0,2,0,0,0,0,0,1,0,0,0,0,0,0,0,0,1,0,0,0,0,1,0,0,0,0,2,0,0,0,0,0,0,0,0,0,1,1,0,0,0,0,0,0,0,0,0,0,0,0,0,0,0,0,0,0,0,0,2,2,0,0,0,0,0,0,0,0,0,0,1,1,0,1,0,0,0,1,1,1,0,0,0,0,0,0,0,154,41
526,Female,0,4,539,17.7,2,2,0,2,2,2,2,2,2,0,2,2,2,2,2,2,1,2,1,2,1,0,2,2,2,1,2,0,1,0,1,0,0,1,1,0,2,0,1,0,2,1,1,0,2,0,2,0,0,1,0,0,1,1,0,0,0,2,2,0,2,2,1,0,2,2,2,2,2,0,0,0,1,0,2,2,0,0,2,1,2,2,0,0,0,0,2,1,1,1,0,0,2,2,2,2,1,1,2,2,0,1,1,1,2,2,1,2,2,0,0,2,1,1,1,0,0,0,2,1,0,2,0,0,0,1,0,1,0,2,0,1,0,0,2,1,1,1,2,0,0,1,0,0,1,1,0,0,1,0,0,1,0,1,0,2,1,0,0,0,2,0,0,0,0,0,2,0,2,0,0,1,1,0,0,0,0,0,1,1,0,1,0,0,1,0,0,0,0,0,0,2,0,0,0,0,0,0,0,0,0,2,0,2,1,0,0,0,0,0,0,0,1,0,0,1,0,0,2,1,1,0,0,0,2,2,0,0,2,0,0,0,0,0,1,2,0,2,0,2,2,0,0,0,1,2,2,2,0,2,0,2,1,1,2,1,2,2,1,2,2,0,0,2,0,1,0,0,0,0,0,0,0,1,1,0,1,1,1,0,0,1,0,1,0,0,0,0,0,0,0,0,0,1,0,1,0,1,0,0,1,1,0,1,1,0,1,0,1,0,1,1,0,0,0,1,1,1,0,1,1,1,1,0,0,1,1,1,1,0,0,0,2,0,0,0,0,0,1,1,1,0,1,0,0,0,0,1,0,0,0,0,2,0,0,0,0,2,0,0,0,0,0,0,0,0,0,1,1,0,2,0,0,0,0,0,0,0,0,0,0,0,0,0,0,0,0,0,0,2,2,0,0,0,0,0,0,0,0,0,0,1,1,0,1,1,0,0,1,1,2,0,0,0,0,0,0,0,190,88
526,Female,0,4,720,23.7,2,2,2,2,2,2,2,2,2,2,2,2,2,2,2,2,2,2,2,2,2,2,2,2,2,2,2,2,2,2,2,0,0,2,2,0,2,2,2,0,2,2,2,2,2,2,2,2,2,2,0,2,2,2,0,2,2,2,2,0,2,2,2,2,2,2,2,2,2,2,0,2,2,0,2,2,2,0,2,2,2,2,2,2,2,1,2,2,2,2,2,2,2,2,2,2,2,2,2,2,2,2,2,2,2,2,2,2,2,2,2,2,2,2,2,2,0,2,2,2,2,2,2,0,0,2,2,2,0,2,0,2,2,0,2,1,2,1,2,1,2,2,1,2,2,2,1,0,2,0,0,2,2,2,2,2,2,2,2,2,2,2,2,2,0,2,2,2,2,2,2,2,2,0,2,2,0,2,2,2,0,2,2,2,2,2,2,2,0,0,0,2,2,2,2,2,2,2,0,0,0,2,0,2,2,2,0,2,0,0,2,2,2,0,0,2,0,2,2,2,2,2,0,1,2,2,0,0,2,0,2,0,0,2,2,2,2,2,2,2,2,0,0,1,2,2,2,2,2,2,2,2,2,2,2,2,2,2,2,2,2,2,2,2,1,2,2,0,2,0,2,2,2,2,2,0,2,2,2,0,2,2,2,2,1,2,2,1,0,2,0,2,1,2,0,2,1,2,0,2,2,2,0,2,2,2,2,0,2,0,2,1,2,0,1,1,2,2,2,2,2,2,2,0,0,2,2,2,2,0,2,0,2,2,1,2,2,2,2,2,2,2,2,0,2,2,0,1,2,2,2,1,2,2,2,2,1,2,2,0,2,2,2,2,1,2,1,1,2,2,2,0,0,0,0,0,2,0,1,1,2,1,0,0,0,2,0,0,0,2,2,2,0,0,0,0,0,0,2,0,2,2,2,2,1,2,2,0,2,1,2,0,0,0,0,0,0,1,328,300
526,Female,0,4,951,31.3,2,2,2,2,2,2,2,2,2,2,2,2,2,2,2,2,2,2,2,2,2,2,2,2,2,2,2,2,2,2,2,2,2,2,2,2,2,2,2,2,2,2,2,2,2,2,2,2,2,2,0,2,2,2,2,2,2,2,2,2,2,2,2,2,2,2,2,2,2,2,2,2,2,2,2,2,2,2,2,2,2,2,2,2,2,2,2,2,2,2,2,2,2,2,2,2,2,2,2,2,2,2,2,2,2,2,2,2,2,2,2,2,2,2,2,2,2,2,2,2,2,2,2,2,2,2,2,2,0,2,2,2,2,2,2,2,2,2,2,2,2,2,2,2,2,2,2,2,2,2,2,2,2,2,2,2,2,2,2,2,2,2,2,2,2,2,2,2,2,2,2,2,2,2,2,2,2,2,2,2,2,2,2,2,2,2,2,2,2,2,2,2,2,2,2,2,2,2,2,2,2,2,2,2,2,2,2,2,0,2,2,2,2,0,0,2,2,2,2,2,2,2,2,2,2,2,2,2,2,2,2,2,2,2,2,2,2,2,2,2,2,2,2,2,2,2,2,2,2,2,2,2,2,2,2,2,2,2,2,2,2,2,2,2,2,2,2,2,2,2,2,2,2,2,2,2,2,2,2,2,2,2,2,2,2,2,2,2,2,2,2,2,2,2,2,2,2,2,2,2,2,2,2,2,2,2,2,2,2,2,2,2,2,2,2,2,2,2,2,2,2,2,2,2,2,2,2,2,2,2,2,2,2,2,2,2,2,2,2,2,2,2,2,2,2,2,2,2,2,2,2,2,2,2,2,2,2,2,2,0,2,2,2,2,2,2,2,2,2,2,2,2,2,0,2,2,2,2,2,2,2,2,2,2,2,2,2,0,2,2,2,2,2,2,2,2,2,2,2,2,2,2,2,2,2,2,2,2,2,2,2,2,2,2,2,2,2,2,405,410
527,Male,0,2,604,19.9,0,0,0,2,0,0,0,2,0,2,0,2,0,0,0,0,0,0,0,0,0,0,0,0,2,0,0,0,0,0,0,0,0,0,0,0,0,0,0,0,0,0,0,0,0,0,0,0,0,0,0,0,0,2,0,0,0,0,0,0,0,0,0,0,0,0,0,1,1,0,0,0,0,0,0,0,0,0,2,0,0,1,0,0,2,0,2,0,0,0,0,0,0,0,0,0,0,0,0,1,0,0,1,0,1,1,1,0,0,0,0,0,0,1,0,0,0,0,1,0,0,0,0,0,0,1,0,1,0,1,0,1,1,0,1,0,1,0,1,0,1,1,0,0,0,1,0,0,0,0,0,1,0,1,0,1,0,0,0,0,2,0,0,0,0,0,0,0,0,0,0,1,1,0,0,0,0,0,0,0,0,0,0,0,1,0,1,0,0,0,0,0,0,0,0,0,0,0,0,0,0,0,0,0,0,0,0,0,0,0,0,0,0,0,0,0,0,0,1,0,1,0,0,0,0,0,0,0,2,0,0,0,0,0,0,0,0,0,0,2,1,0,0,0,1,1,1,0,0,1,1,0,1,1,2,0,1,0,1,0,2,1,0,1,1,1,0,0,0,0,0,0,0,1,1,0,0,0,2,0,1,1,0,0,0,0,0,0,0,0,0,0,1,0,0,0,0,1,0,0,2,0,0,0,0,0,0,0,0,1,0,0,0,0,0,0,0,1,0,1,1,0,1,0,0,1,0,1,1,0,1,0,1,0,0,0,0,0,1,0,0,2,1,0,1,0,0,1,1,0,0,1,1,0,0,0,0,1,0,0,0,0,0,0,0,1,0,0,1,0,0,0,0,0,0,0,0,0,0,0,0,0,0,0,0,0,0,0,0,0,0,0,0,0,0,0,0,0,0,0,0,1,0,0,0,0,0,0,0,0,0,0,0,0,0,0,0,0,88,17
527,Male,0,2,968,31.8,2,2,0,2,2,2,2,2,0,2,2,2,1,2,0,2,2,0,2,2,1,0,2,0,2,2,2,1,0,0,0,0,0,1,2,2,0,0,2,0,0,1,0,0,1,0,0,2,1,0,0,0,0,2,0,0,0,0,0,0,2,2,0,0,2,2,2,2,2,2,0,2,2,2,2,2,2,0,2,2,2,1,2,2,2,1,2,2,2,1,2,2,2,2,2,0,0,0,2,2,1,2,1,1,1,2,2,2,1,1,1,2,1,2,2,0,0,2,1,0,1,2,0,0,1,2,0,1,0,2,0,2,1,0,2,1,1,1,1,0,1,2,0,0,0,1,0,0,2,0,0,2,0,2,2,1,1,0,0,0,2,1,2,2,2,2,0,0,0,0,2,2,2,2,0,2,0,2,2,0,0,2,2,0,2,2,2,2,1,0,1,0,0,1,0,0,2,0,0,2,0,2,0,2,1,1,0,2,0,1,2,0,1,0,0,2,0,0,2,0,1,1,0,1,2,2,1,0,2,0,0,0,1,1,2,2,2,0,2,2,2,0,0,1,2,1,2,2,2,2,2,1,2,2,2,0,2,2,2,2,2,2,2,2,2,2,1,0,2,0,2,1,1,2,2,0,1,1,2,1,1,2,2,0,0,1,0,1,2,2,0,2,2,1,1,2,2,2,0,2,2,2,0,2,2,0,2,0,2,1,2,0,0,0,0,1,0,2,0,2,2,0,2,0,0,1,2,2,1,0,1,0,2,1,0,2,2,2,2,1,2,2,1,1,1,0,0,1,1,2,2,1,2,2,2,0,2,2,1,0,2,2,1,1,0,1,0,1,1,1,2,0,2,0,2,1,1,2,1,2,2,2,2,1,1,0,0,1,0,2,1,2,2,0,2,0,2,2,2,2,2,2,1,2,1,0,2,2,2,1,2,0,2,0,0,2,1,0,285,195
531,Male,0,2,487,16,2,0,0,1,1,1,1,1,1,1,1,1,0,0,0,0,0,0,1,0,0,0,1,0,1,0,1,0,0,0,0,0,0,0,1,0,0,1,0,0,0,1,1,0,0,0,0,1,0,0,0,0,1,1,0,1,0,1,1,0,1,1,0,0,1,1,0,1,1,0,0,1,0,1,1,0,1,0,1,0,0,1,1,0,1,0,1,0,1,0,0,1,1,1,1,0,0,0,0,1,1,1,0,0,1,1,0,0,0,0,0,1,0,0,0,0,1,0,0,0,1,1,1,0,1,1,1,1,0,1,0,1,1,1,1,1,1,1,1,0,1,1,1,0,1,1,1,0,0,0,0,1,0,1,0,1,1,0,0,0,0,0,0,0,0,0,0,0,0,0,0,0,0,0,0,0,0,0,0,0,0,0,0,0,1,1,1,1,0,0,1,0,0,0,0,1,1,0,0,1,0,1,0,0,1,0,0,0,0,1,0,0,0,0,0,0,0,0,0,1,1,1,0,0,1,0,0,0,0,0,0,0,0,0,0,1,1,0,0,2,2,0,0,0,1,1,1,0,1,0,1,1,1,1,1,0,1,1,1,1,1,0,0,1,0,0,0,0,0,0,1,0,0,1,1,0,1,0,1,0,0,1,0,0,0,0,0,1,0,0,0,0,0,1,0,0,0,0,0,0,0,0,0,0,1,0,0,0,0,0,0,0,0,0,0,0,0,0,0,1,0,0,0,0,0,1,1,1,0,0,0,0,1,1,1,0,0,0,1,0,0,0,0,0,1,0,0,0,0,0,0,0,0,0,0,0,0,1,1,0,0,0,0,0,0,1,0,1,1,1,0,0,0,0,0,0,0,0,0,0,1,0,0,0,0,0,0,0,0,0,0,0,0,0,0,0,1,0,0,0,0,0,0,0,0,0,0,0,0,0,0,0,0,0,0,0,0,0,137,3
531,Male,0,2,720,23.7,2,2,0,2,1,2,2,1,2,2,1,2,1,1,1,1,1,0,1,1,2,0,1,1,1,1,1,0,0,0,0,0,0,1,1,0,0,1,1,0,0,1,1,0,1,0,1,1,1,1,0,1,1,1,1,1,1,1,1,0,1,1,0,0,1,1,1,1,1,0,0,1,0,1,1,1,1,0,1,1,1,1,1,1,1,0,1,1,1,1,0,1,1,1,1,0,1,1,1,1,1,1,1,1,1,1,1,1,1,1,1,1,1,1,1,1,1,1,1,0,1,1,1,0,1,1,1,1,1,1,1,1,1,1,1,1,1,1,1,0,1,1,1,0,1,1,1,0,0,1,1,1,1,1,1,1,1,0,1,0,0,1,1,0,0,1,0,0,0,1,0,1,1,1,0,1,0,1,1,0,0,1,1,0,1,1,1,1,1,1,1,1,1,1,0,1,1,1,1,1,0,1,0,1,1,1,1,1,1,1,1,1,1,1,1,1,1,0,1,1,1,1,0,1,1,0,0,1,1,0,1,1,0,0,0,1,1,0,0,2,2,1,0,0,1,1,1,1,1,2,1,1,1,2,1,1,1,1,1,1,1,0,0,1,1,1,1,1,1,1,1,1,1,1,1,1,1,1,1,1,1,1,1,1,0,0,1,1,1,1,1,1,0,1,1,1,1,1,1,0,1,1,1,1,1,1,1,1,1,1,1,1,1,1,1,1,0,1,1,1,1,1,1,1,1,1,1,1,1,1,1,1,1,1,1,1,0,1,1,1,1,1,1,0,1,0,0,1,1,0,1,0,1,1,1,1,1,1,1,1,1,0,1,1,0,1,0,1,1,1,0,0,0,0,0,0,0,0,1,1,1,0,1,1,1,1,1,0,0,0,1,0,0,0,1,1,1,0,0,0,0,0,0,1,1,1,0,0,0,0,0,0,0,0,0,0,0,1,309,13
532,Female,0,2,546,17.9,0,0,0,0,0,0,0,0,2,0,0,0,0,0,0,0,0,0,2,0,0,0,1,0,0,0,1,0,0,0,0,0,0,0,0,0,0,0,0,0,0,0,0,0,0,0,0,0,0,0,0,0,0,1,0,0,0,2,1,0,1,1,1,1,1,1,0,1,1,0,0,1,0,1,1,0,1,0,1,0,1,0,0,0,0,0,1,1,0,1,0,1,0,0,1,0,0,0,1,2,1,1,1,1,1,1,1,1,1,0,0,1,1,0,1,0,1,0,1,0,0,2,0,0,0,1,0,1,0,1,0,1,0,0,1,1,1,1,1,0,0,1,1,0,0,0,0,0,0,0,0,0,0,1,1,1,1,0,0,0,1,0,0,0,0,0,0,0,0,0,0,0,0,0,0,0,0,0,0,0,0,1,0,0,0,1,1,1,1,0,1,0,0,1,0,0,0,1,0,1,0,0,0,1,0,1,0,1,0,0,0,0,0,0,0,1,0,0,0,1,1,0,0,1,2,0,0,0,1,0,0,0,0,0,0,1,1,0,0,1,1,0,0,0,1,0,1,0,1,1,1,0,0,1,2,0,0,0,0,1,1,1,0,2,0,0,0,0,0,0,1,0,1,1,1,0,1,0,1,0,0,1,0,1,1,0,1,1,1,0,0,1,0,1,0,1,0,1,0,0,1,1,0,1,1,0,1,0,1,1,1,1,0,2,1,1,0,1,0,0,1,0,0,0,0,0,1,1,1,1,0,0,1,1,0,0,0,0,0,0,0,0,0,0,0,0,0,1,1,0,0,0,1,0,0,0,0,0,1,0,1,0,1,0,1,0,1,0,1,1,0,0,1,0,0,0,0,0,0,0,0,0,0,0,0,0,0,0,0,2,2,0,1,1,0,0,0,1,1,0,0,1,1,1,1,1,2,0,1,1,0,0,0,0,0,0,0,0,153,12
532,Female,0,2,585,19.2,1,0,0,1,2,1,2,2,2,0,2,0,1,0,2,1,1,0,2,1,1,0,1,0,2,1,1,1,1,0,0,1,0,1,1,1,2,1,1,0,0,1,1,0,0,0,0,0,0,1,0,0,1,1,0,1,0,2,1,0,2,2,1,1,1,1,0,1,1,1,0,1,0,1,2,0,2,0,1,0,1,1,0,0,0,0,2,1,0,1,1,2,2,1,1,1,0,1,1,2,1,1,1,1,1,2,1,1,1,1,0,1,2,0,1,1,1,1,1,0,1,2,0,0,0,1,1,1,0,1,0,1,1,0,2,1,1,1,1,0,0,2,1,0,1,1,1,0,0,1,0,1,1,1,1,1,1,0,1,0,1,1,1,0,0,1,0,0,0,0,0,1,1,0,0,1,0,1,0,0,1,1,0,0,2,1,1,1,1,0,1,1,0,1,0,1,1,1,0,1,1,2,0,1,1,1,0,1,1,0,0,0,1,1,1,1,0,0,2,1,1,1,0,1,2,0,0,0,1,0,0,0,0,0,0,2,2,0,0,2,1,0,0,0,1,1,1,1,1,1,1,1,1,1,2,0,1,0,1,2,1,1,0,2,1,1,0,1,0,0,1,0,1,1,1,1,1,0,1,1,1,1,1,1,1,0,1,1,1,0,0,1,1,1,1,1,0,2,0,1,1,1,0,1,1,1,1,0,1,1,1,1,1,2,1,1,1,1,1,0,1,0,0,1,0,1,1,1,1,1,1,1,1,1,1,1,0,2,1,1,1,1,1,0,0,0,0,1,1,0,0,0,1,1,1,0,0,1,1,0,1,0,1,0,1,0,1,1,1,1,0,0,1,0,1,0,0,0,0,0,1,0,0,0,0,0,0,0,0,2,2,1,1,1,1,0,1,1,1,1,0,1,1,1,1,1,2,0,1,1,0,0,0,1,0,0,0,0,266,39
536,Female,0,3,589,19.4,2,0,0,2,0,2,2,2,2,0,2,0,0,0,0,0,0,0,2,0,2,0,2,0,2,0,2,0,0,0,2,0,0,1,0,0,0,0,0,0,0,0,0,0,0,0,0,0,0,0,0,0,0,2,0,0,2,2,0,0,0,0,0,0,0,0,0,0,0,0,0,0,0,0,0,0,0,0,0,0,0,0,0,0,0,0,0,0,0,0,0,0,0,0,0,0,0,0,0,0,0,0,0,0,0,0,0,0,0,0,0,0,0,0,0,0,0,0,0,0,2,2,0,0,0,0,0,0,0,2,0,2,0,0,1,0,2,0,1,0,0,2,0,0,0,0,0,0,1,0,0,0,0,1,0,0,1,0,0,0,1,0,0,2,0,0,0,0,1,0,1,0,2,0,0,0,0,0,0,2,0,1,0,0,2,0,0,0,0,0,1,2,0,0,0,2,0,0,0,1,0,2,0,1,0,0,0,0,0,0,0,0,0,0,0,0,0,1,1,1,1,1,0,0,2,0,0,0,2,0,0,0,0,0,0,0,0,1,1,2,2,0,0,0,1,0,2,1,1,2,2,0,0,1,2,0,2,2,2,0,1,0,0,2,1,1,0,0,0,0,0,0,0,1,2,0,1,0,1,0,0,1,0,0,0,0,0,0,2,0,0,0,0,0,0,1,1,1,0,1,2,0,0,1,0,1,0,0,0,0,1,1,0,2,0,0,0,0,1,1,1,1,0,0,0,1,2,0,0,0,1,0,2,1,0,0,0,0,1,1,1,0,2,0,0,0,0,2,1,0,0,0,2,0,0,0,0,1,0,0,1,2,0,0,0,1,0,0,0,1,2,0,0,0,0,0,0,0,0,0,0,0,0,0,0,0,0,0,0,0,2,0,0,0,0,0,0,0,2,0,0,0,0,0,0,0,2,0,2,0,2,0,0,1,0,0,0,0,111,57
536,Female,0,3,717,23.6,2,2,0,2,2,2,2,2,2,0,2,2,2,0,2,2,2,2,2,2,2,0,2,0,2,2,2,2,0,0,2,0,0,1,2,2,2,0,2,0,0,2,2,2,2,0,2,2,2,2,0,0,2,2,2,2,2,2,2,0,2,2,2,2,2,2,2,2,2,2,0,2,2,0,2,2,2,0,2,2,2,0,2,0,2,0,2,2,0,2,2,2,0,2,2,2,2,2,2,2,0,2,2,2,2,2,2,2,2,2,2,2,2,2,2,0,0,0,2,2,2,2,0,0,0,2,2,2,0,2,0,2,2,0,2,2,2,2,2,0,0,2,0,0,2,2,0,0,2,0,0,2,0,2,2,2,2,0,2,0,2,0,2,2,2,2,0,0,2,0,2,2,2,2,2,2,0,2,2,2,2,2,2,0,2,2,0,0,0,0,2,2,0,2,0,2,2,0,0,2,2,2,0,2,0,2,0,0,2,2,0,0,2,0,0,0,0,2,2,2,2,2,0,2,2,2,0,0,2,0,0,0,0,0,0,2,0,2,2,2,2,0,0,0,2,2,2,2,2,2,2,2,2,2,2,0,2,2,2,0,2,0,0,2,2,2,2,0,2,0,2,2,0,2,2,0,2,2,2,2,2,2,2,0,0,0,0,0,2,0,0,2,0,2,0,2,2,2,0,2,2,2,0,2,2,2,2,0,0,0,2,2,0,2,0,0,2,2,2,2,2,2,2,0,0,2,2,2,0,0,2,0,2,2,0,2,2,2,2,2,2,2,2,0,0,2,0,2,2,2,0,0,2,0,2,0,0,2,2,0,2,2,2,0,0,2,0,0,2,2,2,0,0,0,0,0,0,0,2,0,2,2,0,0,0,0,0,2,0,2,2,0,0,0,0,0,0,0,2,2,0,0,0,2,2,0,2,0,2,0,2,0,0,2,0,0,0,2,260,259
536,Female,0,3,759,25,2,2,0,2,2,2,2,2,2,0,2,2,2,2,2,2,2,2,2,2,2,0,2,0,2,2,2,2,0,0,2,0,0,2,2,2,2,2,2,0,0,2,2,2,2,0,2,2,2,2,2,2,2,2,2,2,2,2,2,0,2,2,2,2,2,2,2,2,2,2,0,2,2,0,2,2,2,2,2,2,2,0,2,2,2,0,2,2,0,2,2,2,2,2,2,2,2,2,2,2,2,2,2,2,2,2,2,2,2,2,2,2,2,2,2,0,2,0,2,2,2,2,0,0,2,2,2,2,0,2,0,2,2,2,2,2,2,2,2,0,0,2,0,0,2,2,0,0,2,0,0,2,0,2,2,2,2,0,2,0,2,2,2,2,2,2,0,0,2,2,2,2,2,2,2,2,0,2,2,2,2,2,2,0,2,2,0,0,2,0,2,2,0,2,0,2,2,0,0,2,2,2,0,2,0,2,2,2,2,2,0,0,2,0,0,2,0,2,2,2,2,2,0,2,2,2,0,0,2,0,0,0,0,0,2,2,0,2,2,2,2,0,0,2,2,2,2,2,2,2,2,2,2,2,2,0,2,2,2,2,2,2,0,2,2,2,2,0,2,0,2,2,2,2,2,0,2,2,2,2,2,2,2,0,2,0,0,0,2,0,0,2,2,2,2,2,2,2,0,2,2,2,0,2,2,2,2,0,2,2,2,2,2,2,2,2,2,2,2,2,2,2,2,0,0,2,2,2,0,2,2,0,2,2,0,2,2,2,2,2,2,2,2,0,0,2,0,2,2,2,2,0,2,2,2,0,0,2,2,0,2,2,2,2,0,2,2,0,2,2,2,0,0,0,2,0,0,0,2,0,2,2,0,0,0,0,0,2,2,2,2,0,0,2,2,0,2,0,2,2,0,0,0,2,2,0,2,0,2,0,2,0,0,2,0,0,2,2,301,301
538,Male,0,3,275,9,0,0,0,0,0,0,0,0,0,0,0,0,0,0,0,0,0,0,0,0,0,0,0,0,0,0,0,0,0,0,0,0,0,0,0,0,0,0,0,0,0,0,0,0,0,0,0,0,0,0,0,0,0,0,0,0,0,0,0,0,0,0,0,0,0,0,0,0,0,0,0,0,0,0,0,0,0,0,0,0,0,0,0,0,0,0,1,0,0,0,0,0,0,0,0,0,0,0,0,0,0,0,0,0,0,0,0,0,0,0,0,0,0,0,0,0,0,0,0,0,0,0,0,0,0,0,0,0,0,0,0,0,0,0,0,0,0,0,0,0,0,0,0,0,0,0,0,0,0,0,0,0,0,0,0,0,0,0,0,0,0,0,0,0,0,0,0,0,0,0,0,0,0,0,0,0,0,0,0,0,0,0,0,0,0,0,0,0,0,0,0,0,0,0,0,0,0,0,0,0,0,0,0,0,0,0,0,0,0,0,0,0,0,0,0,0,0,0,0,0,0,0,0,0,0,0,0,0,0,0,0,0,0,0,0,0,0,0,0,1,0,0,0,0,0,0,0,0,0,0,1,0,0,1,0,0,0,0,0,0,0,0,0,0,0,0,0,0,0,0,0,0,0,0,0,0,0,0,0,0,0,0,0,0,0,0,0,0,0,0,0,0,0,0,0,0,0,1,0,0,0,0,0,0,0,0,0,0,0,0,0,0,0,0,0,0,0,0,0,0,0,0,0,0,0,0,0,0,0,0,0,0,0,0,0,0,0,0,0,0,0,0,0,0,0,0,0,0,0,0,0,0,0,0,0,0,0,0,0,0,0,0,0,0,0,0,0,0,0,0,0,0,0,0,0,0,0,0,0,0,0,0,0,0,0,0,0,0,0,0,0,0,0,0,0,0,0,0,0,0,0,0,0,0,0,0,0,0,0,0,0,0,0,0,0,0,0,0,5,0
538,Male,0,3,481,15.8,2,2,2,2,2,2,2,2,1,2,2,1,0,0,0,1,1,2,1,1,2,0,1,0,1,1,1,1,1,0,1,0,0,1,1,0,0,0,1,0,0,1,0,0,0,0,0,0,2,1,0,0,1,2,0,0,1,2,2,0,2,2,0,0,0,1,2,2,2,0,0,2,0,1,2,0,0,0,2,1,1,0,2,0,0,0,2,1,0,1,0,0,0,2,0,0,0,0,2,2,0,1,1,0,2,2,2,1,0,0,0,2,0,0,2,0,0,0,1,0,2,2,0,0,0,2,0,1,0,2,0,1,1,0,2,0,1,0,2,0,0,1,0,0,2,0,0,0,1,0,0,0,0,2,0,0,0,0,0,0,1,1,0,0,0,0,0,0,2,0,0,0,1,0,0,0,0,0,0,2,0,0,0,0,1,0,0,2,0,0,0,0,0,1,0,0,0,0,0,0,0,0,0,0,0,0,0,0,0,0,0,0,0,0,0,0,0,1,0,1,1,0,0,0,2,0,0,0,2,0,0,0,0,0,0,2,2,0,0,2,2,0,0,0,2,2,2,2,0,0,2,2,0,1,2,0,2,2,0,0,1,1,0,1,0,1,0,1,0,0,0,0,0,0,1,0,1,0,1,0,0,1,0,0,0,1,0,1,0,0,0,0,0,0,0,1,0,1,0,0,0,1,0,0,0,0,1,1,0,0,0,0,0,0,0,0,0,0,0,1,2,1,0,0,0,0,0,2,0,0,0,0,2,0,0,0,0,0,0,0,0,0,0,0,0,0,0,0,0,0,0,0,0,0,0,0,0,0,0,0,0,0,0,0,0,0,0,0,0,0,0,0,0,0,0,0,0,0,0,0,0,0,0,0,0,0,0,0,0,0,0,0,0,0,0,0,0,0,1,0,0,0,0,0,0,0,0,0,0,0,0,0,0,0,0,0,0,0,127,63
538,Male,0,3,568,18.7,2,2,2,2,2,2,2,2,2,2,2,2,0,0,2,2,2,2,2,1,2,0,2,0,2,1,1,1,2,0,2,0,0,1,1,2,1,1,1,0,0,2,1,1,1,0,0,1,2,1,1,2,2,2,1,0,2,2,2,1,2,2,0,0,1,1,2,2,2,1,0,2,1,1,2,1,2,0,2,1,1,1,2,0,1,0,2,1,2,1,0,0,0,2,2,0,0,2,2,2,0,1,1,1,2,2,2,1,1,1,0,2,1,1,2,0,2,0,1,0,2,2,0,0,0,2,0,1,0,2,0,1,1,0,2,1,1,1,2,0,0,1,0,0,2,1,0,0,1,0,0,0,0,2,1,1,1,0,1,1,1,1,1,0,0,1,0,0,2,0,1,2,1,0,0,0,0,0,0,2,0,2,0,0,1,1,0,2,0,0,0,1,1,1,0,0,1,0,2,1,0,2,0,1,0,0,0,0,0,0,1,0,1,0,0,0,0,1,1,1,1,0,1,0,2,0,0,0,2,0,0,1,0,0,0,2,2,0,0,2,2,2,0,1,2,2,2,2,0,2,2,2,0,2,2,0,2,2,2,0,2,2,0,2,0,1,0,1,1,0,1,1,0,1,1,0,1,0,1,0,0,1,0,0,1,1,1,1,1,0,0,2,0,1,0,1,0,1,0,0,2,2,0,0,1,1,1,1,1,1,1,0,0,0,0,1,1,1,1,1,2,2,2,0,0,2,0,2,1,1,0,0,2,1,0,0,0,0,2,0,1,0,2,0,0,0,0,1,1,0,0,0,2,0,0,0,0,0,0,0,0,0,0,0,0,0,0,0,0,0,0,0,0,0,0,0,0,0,1,0,1,0,0,0,0,0,0,0,0,0,0,0,0,0,0,0,0,0,1,0,0,0,0,0,0,0,0,0,0,0,2,0,0,0,0,0,0,0,218,104
540,Female,0,4,535,17.6,0,0,0,2,0,0,0,0,0,0,0,0,0,0,0,0,1,0,1,0,0,0,1,0,0,0,0,0,0,0,0,0,0,0,0,0,0,0,0,0,0,0,0,0,0,0,0,0,0,0,0,0,0,0,0,0,0,0,0,0,1,0,0,0,0,0,0,0,0,0,0,0,0,0,0,0,0,0,0,0,0,0,0,0,0,0,1,0,0,0,0,0,0,0,0,0,0,0,0,0,0,0,0,0,0,0,0,0,0,0,0,0,0,0,0,0,0,0,0,0,0,0,0,0,0,1,0,0,0,0,0,0,0,0,1,0,1,0,0,0,1,0,0,0,0,0,0,0,0,0,0,0,0,0,0,0,0,0,0,0,0,0,0,0,0,1,0,0,0,0,0,0,0,0,0,0,0,0,0,0,0,0,0,0,0,0,1,0,0,0,0,0,0,0,0,0,0,0,0,1,0,0,0,0,0,0,0,0,0,0,0,0,0,0,0,0,0,0,0,1,1,0,0,0,2,0,0,0,2,0,0,0,0,0,0,0,0,0,0,2,2,0,0,0,1,0,1,0,0,1,0,0,0,0,2,0,0,0,0,0,0,0,0,1,0,0,0,0,0,0,0,0,0,0,0,0,1,0,0,0,0,1,0,0,0,0,0,0,0,0,0,0,0,0,0,0,0,0,0,0,0,0,0,0,0,0,0,0,0,0,0,0,0,0,0,0,0,0,0,0,0,0,0,0,0,0,0,0,1,0,0,0,0,0,0,0,0,0,0,0,0,0,0,0,0,0,0,0,0,0,0,0,0,0,0,0,0,1,0,0,0,0,0,0,0,0,0,0,0,0,0,0,0,0,0,0,0,0,0,0,0,0,0,0,0,0,0,0,0,0,2,0,0,0,0,0,0,0,0,0,0,0,0,0,0,0,0,0,0,0,0,0,0,0,0,0,0,0,29,7
540,Female,0,4,618,20.3,2,0,0,2,1,1,1,1,0,0,1,0,1,0,0,1,1,0,1,1,1,1,1,0,0,0,1,0,1,0,0,1,1,1,1,0,0,1,1,0,1,1,0,0,1,0,1,0,0,1,0,1,1,1,0,1,0,1,1,0,1,0,1,0,1,1,0,0,1,1,0,0,1,1,0,1,1,0,1,0,0,1,0,0,1,0,1,0,0,0,0,1,0,0,0,0,0,0,0,0,0,0,0,0,0,0,0,0,0,0,0,0,0,0,0,0,0,0,1,0,0,0,0,0,0,1,0,0,0,1,0,0,0,0,1,1,1,1,0,0,1,1,0,0,1,1,0,0,0,0,0,0,0,1,0,1,0,0,0,0,0,0,0,0,0,1,0,0,0,0,0,0,0,0,0,0,0,0,0,0,0,0,0,1,0,1,1,0,0,0,1,0,0,0,0,0,0,0,0,1,0,1,0,0,0,0,0,0,0,0,0,0,0,0,0,0,0,0,0,1,1,0,0,0,2,1,1,0,2,0,0,0,0,0,0,1,1,0,0,2,2,0,0,0,1,1,2,0,1,1,1,1,0,1,2,0,0,0,0,0,0,0,0,1,0,0,0,0,0,0,0,0,0,0,0,0,1,0,0,0,0,1,0,0,0,0,0,0,0,0,0,0,0,0,0,0,0,1,0,0,0,0,0,0,0,0,0,0,0,0,0,0,0,0,0,0,0,0,0,0,1,0,0,0,0,0,0,0,1,0,0,0,0,0,0,0,0,0,0,0,0,0,1,0,0,0,0,0,1,0,0,0,0,0,0,0,1,1,0,0,0,0,1,0,0,0,0,0,0,0,0,0,0,0,0,0,0,0,0,0,0,0,0,0,0,0,0,0,0,0,2,0,0,0,0,0,0,0,0,0,0,0,0,0,0,0,0,0,0,0,0,0,0,0,0,0,0,0,100,9
540,Female,0,4,718,23.6,2,0,0,2,2,1,1,1,2,0,1,0,1,0,0,1,2,0,2,1,1,1,1,0,1,0,1,0,1,0,0,1,1,1,1,0,0,1,1,0,1,1,0,0,1,0,1,0,0,1,0,1,1,1,0,1,0,1,1,0,2,0,2,0,2,2,2,0,1,1,0,1,1,1,0,1,1,0,1,1,0,1,1,0,1,0,1,0,0,0,1,2,0,0,0,1,1,0,2,2,2,1,1,0,0,1,1,1,1,1,0,1,0,1,1,0,0,0,1,0,0,0,1,0,0,1,0,1,0,1,0,0,0,0,1,1,1,1,0,0,1,1,0,0,1,1,0,0,1,0,0,0,0,1,1,1,0,0,0,0,0,0,0,0,0,1,0,0,0,0,0,1,0,0,0,0,1,1,1,0,0,0,1,1,0,1,1,1,0,0,1,0,0,2,0,1,0,0,0,1,0,1,0,0,0,1,0,0,0,0,1,0,0,1,0,0,0,0,1,1,1,0,0,0,2,1,1,0,2,0,0,0,0,1,0,2,1,0,0,2,2,0,0,0,1,1,2,0,2,2,2,1,1,2,2,0,0,2,0,0,1,0,0,1,0,0,0,0,0,0,0,0,0,0,0,0,1,0,2,0,0,1,0,0,0,0,0,0,0,0,0,0,0,1,0,0,0,1,0,0,0,1,0,0,0,0,0,0,0,0,0,0,0,0,0,1,1,1,0,0,1,1,0,0,0,0,0,1,1,0,0,0,0,0,0,0,0,0,0,0,0,0,1,0,0,0,0,0,1,0,0,0,0,0,0,0,1,1,0,0,0,0,1,0,0,0,0,0,0,0,0,0,0,0,0,0,0,0,0,0,1,0,0,0,0,0,0,0,0,0,2,0,0,0,0,0,0,0,0,0,0,0,0,0,0,0,0,0,0,0,0,0,0,0,0,0,0,0,151,30
540,Female,0,4,765,25.1,2,0,0,2,2,2,1,1,2,0,2,0,1,0,0,1,2,0,2,1,1,1,1,0,1,0,2,0,1,0,1,1,1,1,2,0,0,1,2,0,1,1,0,0,1,0,1,0,0,1,0,1,2,2,0,1,0,2,1,0,2,1,2,0,2,2,2,0,1,1,0,2,1,1,0,1,2,0,1,2,0,1,1,0,2,0,2,0,0,0,1,2,0,0,0,1,1,1,2,2,2,2,2,2,2,2,2,2,1,1,0,1,1,1,1,1,1,0,1,1,0,2,1,0,0,2,0,1,0,2,0,2,0,0,2,1,2,1,0,0,2,1,0,0,1,1,0,0,1,0,0,0,0,1,1,2,0,0,0,0,0,0,0,0,0,2,0,0,0,0,0,1,0,0,0,0,1,1,1,0,0,2,2,1,0,1,2,1,0,0,2,0,0,2,0,1,0,0,0,1,0,1,0,0,0,1,0,0,0,0,1,0,0,1,0,0,0,0,1,1,1,1,0,0,2,1,1,0,2,0,0,0,0,1,0,2,1,0,0,2,2,0,0,0,2,1,2,0,2,2,2,1,1,2,2,0,0,2,0,0,2,1,0,2,1,0,0,0,0,0,0,0,0,0,2,0,1,0,2,0,0,1,0,0,0,0,1,0,1,0,0,0,0,1,0,0,1,1,0,0,1,1,0,1,1,0,1,0,0,0,0,0,0,0,0,1,1,1,0,0,1,1,1,0,0,1,0,1,1,0,0,0,0,0,0,0,0,0,0,0,0,0,1,0,0,0,0,0,1,0,0,0,0,0,0,0,1,1,0,0,0,0,1,0,0,0,0,0,0,0,0,0,0,0,0,0,0,0,0,0,1,0,0,0,0,0,0,0,0,0,2,0,0,0,0,0,0,0,0,0,0,0,0,0,0,0,0,0,0,0,0,0,0,0,0,0,0,0,176,67
542,Female,1,2,487,16,2,2,2,2,2,2,0,1,0,1,2,1,0,2,2,1,2,1,1,1,1,0,2,0,2,1,2,1,1,1,1,0,0,1,1,1,1,1,2,0,0,1,1,1,1,0,1,0,1,1,2,2,2,2,0,0,1,2,0,0,2,2,0,1,1,0,1,2,2,1,0,2,2,0,1,1,2,0,1,2,2,1,0,0,0,0,2,1,1,1,0,0,0,0,1,0,1,0,1,1,0,0,1,1,2,1,1,1,0,0,0,1,2,1,1,1,2,1,2,0,1,2,0,0,0,1,0,0,0,2,0,0,0,1,2,1,2,1,1,0,0,2,0,0,0,1,0,0,1,0,0,0,0,1,0,0,1,0,1,0,1,0,0,0,0,0,0,0,1,0,1,1,2,0,1,0,0,0,1,1,0,0,1,0,1,2,1,0,1,0,1,2,0,1,0,0,0,0,0,0,0,2,0,2,2,0,0,1,0,1,0,0,0,0,0,0,0,0,1,1,1,0,1,0,2,0,0,0,2,0,0,0,0,0,0,1,2,1,0,2,0,0,0,0,2,2,2,0,1,2,0,0,0,2,2,0,2,2,2,0,2,1,0,1,0,1,0,1,1,0,0,0,0,0,1,0,1,1,1,0,0,1,0,0,0,1,1,1,1,0,1,0,0,0,0,0,2,1,0,0,2,0,0,1,2,2,2,0,1,0,1,0,0,0,0,1,1,1,0,2,1,1,1,1,0,1,1,1,1,1,1,0,1,0,0,0,1,0,1,0,0,0,1,1,0,1,0,1,0,0,1,0,1,1,0,0,0,0,0,0,0,0,0,0,0,0,0,0,0,1,0,0,0,0,0,0,0,0,0,0,0,0,0,0,0,0,0,0,0,0,0,0,0,0,0,0,0,0,2,1,0,0,0,1,0,0,1,0,2,0,2,0,0,0,0,0,0,0,197,67
542,Female,1,2,780,25.6,2,2,2,2,2,2,1,2,0,2,2,2,2,2,2,2,2,2,2,2,2,2,2,2,2,2,2,2,2,2,2,2,2,2,2,2,2,2,2,2,2,2,2,2,2,2,2,2,2,2,2,2,2,2,1,0,2,2,2,0,2,2,2,2,2,2,2,2,2,2,2,2,2,2,2,2,2,2,2,2,2,2,2,2,2,2,2,2,2,2,2,2,2,2,2,2,2,2,2,2,2,2,2,2,2,2,2,2,2,2,2,2,2,2,2,2,2,2,2,2,2,2,2,0,2,2,2,2,2,2,2,2,2,2,2,2,2,2,2,2,1,2,2,0,2,2,0,0,2,2,0,2,2,2,2,2,2,2,2,2,2,2,2,2,2,2,2,2,2,2,2,2,2,2,2,2,2,2,2,2,2,2,2,2,2,2,2,2,2,2,2,2,1,2,0,0,2,2,2,2,0,2,2,2,2,2,0,2,2,2,2,2,2,2,0,2,2,2,2,2,2,2,1,0,2,2,2,1,2,2,2,2,0,2,2,2,2,2,2,2,0,2,0,2,2,2,2,2,2,2,1,2,2,2,2,0,2,2,2,2,2,2,2,2,2,2,2,1,2,2,2,2,2,2,2,2,2,2,2,2,2,2,2,1,2,2,2,2,2,2,2,2,1,2,1,2,2,2,1,2,2,2,2,2,2,2,2,2,2,2,2,2,2,2,2,2,2,2,2,2,2,2,2,2,0,2,2,2,2,2,2,1,2,2,2,2,2,2,2,2,2,2,2,2,2,2,0,2,2,2,2,2,2,2,2,2,1,2,2,2,2,2,2,2,2,1,2,2,2,2,2,1,2,0,2,2,1,2,2,2,2,2,1,0,0,2,2,2,2,0,0,2,2,0,2,2,2,2,2,2,2,2,2,2,2,2,2,2,2,2,2,2,2,2,2,0,2,2,391,373
543,Female,0,3,570,18.7,2,0,1,1,2,2,2,2,2,0,2,2,0,1,1,1,1,1,1,1,1,0,2,1,2,1,2,1,1,1,1,1,1,1,1,1,1,1,1,1,1,1,1,0,1,0,0,0,1,1,0,0,1,1,0,1,1,2,2,1,2,2,1,1,1,1,1,1,1,1,1,1,1,1,2,1,1,0,1,1,2,1,0,0,1,0,1,1,1,1,1,0,1,1,1,1,1,1,1,1,1,1,1,1,1,1,1,1,1,1,0,1,1,1,1,1,1,1,1,1,1,1,1,0,0,1,0,0,0,1,0,1,1,0,1,1,1,1,1,1,1,1,1,0,1,1,1,0,0,0,0,1,1,1,1,1,1,0,1,0,0,0,1,0,0,1,0,1,1,1,1,1,1,0,0,0,0,1,1,2,1,1,1,0,1,1,0,1,1,1,1,0,0,1,1,0,1,1,1,1,0,1,1,1,1,2,1,1,0,0,1,1,1,1,1,1,0,1,1,1,1,1,0,1,2,1,0,1,2,0,1,0,0,0,1,2,0,1,1,2,0,0,0,0,1,1,2,1,2,2,2,1,1,1,2,1,1,2,2,1,2,2,1,2,1,1,0,1,1,1,1,1,1,1,2,0,1,1,1,1,1,1,1,1,1,1,1,1,1,1,0,1,1,1,0,1,0,2,1,1,1,1,0,1,1,0,1,0,1,1,1,0,0,1,1,1,1,1,1,2,1,0,1,1,0,1,1,1,1,0,1,0,2,1,0,0,0,0,1,1,0,0,1,1,0,0,0,1,1,0,1,0,1,1,1,0,0,0,1,0,0,0,1,0,1,1,1,1,1,1,0,0,1,0,1,1,0,0,0,0,1,0,0,0,0,0,0,1,0,1,2,1,0,0,1,0,0,0,1,0,1,1,1,1,1,0,1,1,1,1,1,1,0,0,0,1,0,0,300,38
543,Female,0,3,736,24.2,2,0,1,2,2,2,2,2,2,2,2,2,1,2,2,2,2,2,2,2,2,0,2,2,2,2,2,2,2,1,2,2,2,2,2,1,2,2,2,1,2,2,2,1,1,0,1,1,2,1,1,1,2,2,1,2,2,2,2,2,2,2,2,2,2,2,2,2,2,2,2,2,2,2,2,2,2,1,2,2,2,2,2,1,2,2,2,2,2,2,2,2,2,2,2,2,2,2,2,2,1,2,2,1,2,2,2,2,2,2,1,2,2,2,2,2,2,2,2,2,2,2,2,1,2,2,1,1,1,2,0,2,2,2,2,1,2,1,2,1,2,2,1,0,2,2,1,0,1,1,1,2,2,2,2,2,1,1,2,0,2,2,2,2,1,2,1,2,2,2,2,2,2,2,2,2,0,2,2,2,1,2,2,2,1,2,1,1,2,1,2,1,1,2,1,1,2,1,1,1,1,2,1,2,1,2,1,2,1,2,1,1,1,1,1,1,1,1,2,1,2,2,1,2,2,2,0,1,2,0,1,0,0,1,1,2,0,1,1,2,2,0,0,1,2,2,2,2,2,2,2,2,2,1,2,1,1,2,2,2,2,2,2,2,1,2,0,1,1,1,2,1,1,1,2,0,1,2,2,1,1,1,1,1,1,1,2,1,1,2,1,2,1,2,0,1,1,2,1,2,1,2,1,2,2,1,1,1,1,1,2,1,0,1,1,1,1,2,1,2,1,0,2,1,0,1,1,2,2,0,2,0,2,2,0,0,2,0,1,1,0,1,2,1,0,0,0,2,1,2,2,0,2,1,1,1,0,0,2,0,1,2,1,0,1,1,2,1,1,1,2,0,2,0,2,1,0,1,1,1,1,1,1,0,0,0,0,1,0,1,2,1,2,2,1,0,0,0,1,2,1,2,2,2,2,0,2,1,2,1,2,1,0,0,0,1,0,0,366,224
543,Female,0,3,1059,34.8,2,2,2,2,2,2,2,2,2,2,2,2,2,2,2,2,2,2,2,2,2,2,2,2,2,2,2,2,2,2,2,2,2,2,2,2,2,2,2,2,2,2,2,2,2,0,2,2,2,2,2,2,2,2,2,2,2,2,2,2,2,2,2,2,2,2,2,2,2,2,2,2,2,2,2,2,2,2,2,2,2,2,2,2,2,2,2,2,2,2,2,2,2,2,2,2,2,2,2,2,2,2,2,2,2,2,2,2,2,2,2,2,2,2,2,2,2,2,2,2,2,2,2,2,2,2,2,2,2,2,2,2,2,2,2,2,2,2,2,2,2,2,2,2,2,2,2,0,2,2,2,2,2,2,2,2,2,2,2,2,2,2,2,2,2,2,2,2,2,2,2,2,2,2,2,2,2,2,2,2,2,2,2,2,2,2,2,2,2,2,2,2,2,2,2,2,2,2,2,2,2,2,2,2,2,2,2,2,2,2,2,2,2,2,2,2,2,2,2,2,2,2,2,2,2,2,2,2,2,2,2,2,2,2,2,2,2,2,2,2,2,2,2,2,2,2,2,2,2,2,2,2,2,2,2,2,2,2,2,2,2,2,2,2,2,2,2,2,2,2,2,2,2,2,2,2,2,2,2,2,2,2,2,2,2,2,2,2,2,2,2,2,2,2,2,2,2,2,2,2,2,2,2,2,2,2,2,2,2,2,2,2,2,2,2,2,2,2,2,2,2,2,2,2,2,2,2,2,2,2,2,2,2,2,2,2,2,2,2,2,2,2,2,2,2,2,2,2,2,2,2,2,2,2,2,2,0,2,2,2,2,2,2,2,2,2,2,2,2,2,2,2,2,2,2,2,2,2,2,2,2,2,2,2,2,2,2,2,2,2,2,2,2,2,2,2,2,2,2,2,2,2,2,2,2,2,2,2,2,2,2,2,2,2,2,2,2,2,415,415
545,Male,0,2,587,19.3,0,2,0,0,2,2,2,2,2,2,2,2,0,0,0,1,0,0,1,0,0,0,2,0,1,0,1,0,0,0,0,0,0,0,0,0,0,0,1,0,0,0,0,0,0,0,0,1,0,1,0,0,1,2,0,0,1,2,2,0,2,2,1,1,1,1,1,2,2,0,0,1,0,0,2,0,1,0,0,0,0,0,0,0,2,0,2,1,0,0,0,1,0,1,1,0,1,0,0,2,0,0,1,1,0,1,1,2,0,0,0,2,1,1,1,1,0,0,1,0,0,2,1,0,0,1,0,1,0,2,0,1,1,0,2,0,1,0,0,0,1,1,0,0,1,1,1,0,0,0,0,1,0,0,1,1,1,0,0,0,0,0,1,1,2,0,0,0,1,0,0,1,1,0,0,0,0,0,1,2,0,0,0,0,0,0,1,0,0,0,0,0,0,0,0,1,0,0,0,1,0,0,0,0,0,0,0,0,0,1,1,0,0,0,0,0,0,0,0,1,1,0,0,0,1,0,0,0,2,0,0,0,0,1,0,0,0,0,0,2,2,0,0,0,0,0,2,0,0,1,2,1,1,1,1,1,1,2,0,0,1,0,0,1,1,1,0,0,0,0,0,2,0,1,1,0,1,1,1,0,0,1,0,0,0,0,0,0,2,0,0,0,1,0,0,1,1,1,0,0,1,0,0,1,1,0,0,0,0,0,1,0,0,0,0,0,1,1,0,1,1,0,0,0,0,1,1,1,1,0,0,0,1,0,0,0,0,0,0,0,0,2,1,0,0,0,0,0,0,0,0,0,0,0,1,0,0,1,0,0,0,0,0,0,0,0,0,0,1,0,0,0,0,0,0,0,0,0,0,0,0,0,0,0,0,0,0,0,0,0,2,0,0,0,0,0,0,0,0,0,0,0,0,0,0,0,0,0,0,0,0,0,0,0,0,0,0,0,136,38
545,Male,0,2,741,24.4,2,2,0,2,2,2,2,2,2,2,2,2,0,0,2,1,0,2,1,2,2,0,2,0,1,0,1,0,0,0,2,0,0,1,0,2,0,0,2,0,0,2,0,0,0,0,0,2,0,2,0,0,2,2,0,2,1,2,2,0,2,2,2,1,2,1,2,2,2,0,0,2,2,0,2,2,2,0,2,0,0,0,2,2,2,0,2,2,0,2,0,2,2,2,2,2,1,0,0,2,0,0,2,1,0,2,2,2,2,2,0,2,2,2,1,1,0,0,2,0,0,2,1,0,0,2,0,2,0,2,0,1,1,0,2,0,2,0,2,0,1,2,0,0,1,1,1,0,0,0,0,1,1,2,1,1,1,0,0,0,0,1,1,2,2,2,0,0,1,0,0,2,2,0,0,0,0,0,1,2,0,0,0,0,2,0,1,0,0,0,1,0,0,2,0,2,0,0,0,1,0,0,0,2,0,0,0,0,0,1,1,0,1,0,0,0,0,1,1,1,1,0,0,0,2,0,0,0,2,0,0,0,0,1,0,0,0,0,0,2,2,0,0,0,2,2,2,2,0,1,2,2,1,2,1,1,2,2,0,2,2,0,0,2,1,1,0,0,1,0,1,2,0,1,1,0,1,1,1,0,0,1,0,0,0,0,0,0,2,0,0,2,1,1,0,2,2,1,0,2,2,0,0,2,1,0,0,0,0,0,1,0,0,0,0,0,1,1,1,1,1,1,1,0,0,1,1,2,1,0,0,0,2,0,0,0,0,0,0,0,0,2,1,0,0,0,0,0,0,0,0,0,2,0,1,0,0,1,0,0,0,0,1,0,0,0,0,0,1,2,0,0,0,0,0,0,0,0,0,0,0,0,0,0,0,0,0,2,0,0,2,2,0,0,0,0,0,2,0,0,0,2,2,1,0,0,0,0,0,0,0,0,0,0,0,0,0,0,188,116
548,Female,0,3,446,14.7,0,0,0,0,1,0,1,2,0,0,1,2,0,0,1,2,0,0,2,1,1,0,2,0,2,0,1,1,0,0,0,0,0,0,0,0,0,1,0,0,0,0,1,0,0,0,0,0,0,1,0,1,0,1,0,1,0,2,1,0,1,0,0,0,1,1,1,0,0,0,0,0,0,0,0,0,0,0,1,0,0,1,1,0,1,0,0,0,0,0,0,0,0,0,1,0,0,0,1,1,1,0,1,0,1,1,1,1,0,1,0,2,1,0,1,1,0,2,1,0,0,1,1,0,0,1,0,1,0,1,0,1,1,0,1,0,1,0,0,0,0,1,0,0,1,0,0,1,0,0,0,1,0,1,1,1,1,0,0,0,1,1,1,0,0,0,0,0,0,0,0,1,0,0,0,0,0,0,1,1,0,0,0,0,0,0,1,0,0,0,1,0,0,0,0,0,0,0,0,0,0,0,0,1,0,0,0,0,0,0,0,0,0,0,0,0,0,0,1,1,0,0,1,0,1,0,0,0,0,0,0,0,0,0,0,2,2,0,0,2,0,0,0,0,1,1,0,1,1,1,1,1,1,0,1,0,1,0,0,0,2,0,0,0,0,0,0,1,0,0,0,0,1,0,1,0,0,0,1,0,0,1,0,0,1,0,0,1,1,0,0,0,0,0,0,0,1,1,0,0,1,0,0,0,0,0,0,0,1,0,0,0,0,0,1,0,0,1,0,1,0,0,0,1,0,0,0,0,0,1,1,0,0,0,0,0,0,0,0,1,0,0,1,0,0,0,0,1,1,0,0,0,0,1,0,0,0,1,0,0,0,0,0,0,0,1,0,1,0,0,0,0,0,0,1,0,0,0,0,0,0,0,0,0,0,0,0,0,1,1,1,0,1,0,1,1,1,0,0,1,0,0,0,0,1,0,0,0,0,1,1,0,0,0,0,0,0,0,128,13
548,Female,0,3,534,17.6,1,0,0,0,2,1,1,2,0,0,1,2,0,1,1,2,1,0,2,1,1,0,2,0,2,0,2,1,1,0,1,0,0,0,0,0,1,1,1,0,0,1,1,1,0,0,0,1,0,1,0,1,1,1,0,1,0,2,1,0,1,1,0,1,1,1,1,0,0,1,0,1,1,0,1,0,0,0,1,1,0,1,1,1,1,0,1,0,1,0,0,0,0,0,1,1,0,1,1,1,1,1,1,1,1,1,1,1,1,1,0,2,1,1,1,1,0,2,1,1,1,1,1,0,0,1,0,1,0,1,0,1,1,0,1,1,1,1,1,0,0,1,0,0,1,1,1,1,1,0,0,1,0,1,1,1,1,0,0,1,1,1,1,1,1,0,0,0,1,1,1,1,1,0,0,0,0,0,1,1,0,1,0,0,1,0,1,1,0,0,1,1,0,1,0,0,0,0,0,1,0,0,0,1,1,0,0,1,0,0,0,0,1,0,0,1,0,0,1,1,1,1,1,1,1,0,0,0,0,0,0,0,0,0,0,2,2,0,0,2,0,0,0,0,1,1,1,1,1,1,2,1,1,1,2,0,1,2,0,1,2,0,0,2,1,0,0,1,2,0,0,0,1,0,1,0,1,1,1,0,0,1,0,1,1,0,1,1,1,0,1,0,1,1,0,0,1,1,0,1,1,0,0,1,1,0,0,1,1,1,0,1,0,1,1,0,1,1,0,1,1,1,1,1,0,1,2,1,1,1,1,0,0,1,0,0,0,0,0,1,0,0,1,0,1,0,0,1,1,0,0,0,0,1,1,0,0,1,0,0,0,0,0,0,0,1,0,1,1,1,0,0,1,0,1,0,0,0,0,0,1,0,0,0,0,0,0,0,1,1,1,0,1,1,1,1,1,1,1,1,1,0,0,0,1,1,1,0,1,1,1,0,0,0,0,0,0,1,228,21
548,Female,0,3,547,18,2,0,0,2,2,2,2,2,0,0,1,2,0,1,1,2,1,0,2,1,1,0,2,0,2,1,2,1,1,0,1,0,0,1,1,1,1,1,1,0,0,1,1,1,1,0,0,1,0,1,0,1,1,1,0,1,0,2,1,0,2,1,0,1,1,1,1,0,1,1,0,1,1,0,1,0,0,0,1,1,1,1,1,1,1,0,1,0,1,1,0,0,0,0,1,1,0,1,1,1,1,1,1,1,1,1,1,1,1,1,0,2,1,1,1,1,1,2,1,1,1,1,1,0,0,1,0,1,0,1,0,1,1,0,1,1,2,1,1,0,0,1,0,0,1,1,1,1,1,0,0,1,0,1,1,1,1,0,0,1,1,1,1,1,1,0,0,0,1,1,1,1,1,0,0,0,0,1,1,1,0,1,0,0,1,0,1,1,1,0,1,1,0,1,0,0,0,0,0,1,0,1,0,1,1,0,0,1,0,0,0,0,1,0,0,1,0,0,1,1,1,1,1,1,1,0,0,1,0,0,0,0,0,0,0,2,2,0,0,2,0,0,0,0,1,1,1,1,1,1,2,1,1,1,2,0,1,2,2,1,2,0,1,2,1,1,0,1,2,0,0,0,1,0,1,0,1,1,1,0,0,1,0,1,1,0,1,1,1,0,1,0,1,1,0,0,1,1,0,1,1,0,0,1,1,0,0,1,1,1,2,1,0,1,1,1,1,1,0,1,1,1,1,1,0,1,2,1,1,1,1,0,0,1,2,2,0,0,0,1,0,0,1,0,1,0,0,1,1,0,0,0,0,1,1,0,0,1,0,0,0,0,0,0,0,1,0,1,1,1,0,0,1,0,1,0,0,0,0,0,1,0,0,0,0,0,0,0,1,1,2,0,1,1,1,1,1,1,1,1,1,0,1,0,1,1,1,0,1,1,1,0,0,0,0,0,0,1,250,32
549,Female,0,3,503,16.5,2,0,0,1,1,1,2,2,2,2,2,2,1,0,0,2,0,0,1,1,1,0,1,0,1,0,2,0,0,0,0,0,0,1,1,0,0,0,1,0,0,1,0,0,1,0,0,0,0,0,0,1,0,2,0,1,0,2,1,0,2,0,1,0,1,0,1,2,1,1,0,1,0,1,2,1,0,0,2,0,2,1,0,0,0,0,2,1,1,1,1,0,0,1,1,1,1,0,1,1,1,1,1,1,1,1,1,1,0,1,1,1,1,1,1,0,1,0,1,1,1,1,0,0,0,1,0,1,0,2,0,1,1,0,1,1,1,1,1,1,1,1,1,0,1,1,1,0,0,1,0,1,1,1,1,1,1,0,0,0,1,1,1,0,0,0,0,0,0,0,1,1,1,0,0,0,0,1,1,1,0,1,0,0,1,0,1,1,0,0,0,0,1,1,1,0,1,0,0,1,0,0,1,1,0,0,0,0,0,0,1,1,1,1,0,1,0,1,1,1,1,1,0,0,2,0,1,0,2,0,0,0,0,0,0,2,2,0,0,2,2,0,0,0,1,1,2,1,1,1,1,1,1,2,2,0,1,2,2,1,2,0,0,2,1,0,0,0,0,0,1,0,0,1,1,0,1,1,1,0,0,1,0,1,1,0,1,1,1,0,0,0,0,2,0,1,0,2,0,1,0,0,0,1,0,1,1,1,0,0,0,0,0,0,1,1,0,1,1,1,1,0,1,0,0,1,1,1,1,0,1,0,2,1,0,0,0,0,0,0,1,0,1,0,0,0,0,1,0,0,1,0,2,1,0,0,0,1,0,0,1,0,1,0,0,0,1,1,1,0,0,0,0,0,0,0,0,0,0,0,0,0,0,0,0,0,0,0,0,0,2,0,0,0,0,0,0,0,0,0,0,0,0,0,0,0,0,0,1,1,2,0,0,0,0,0,0,1,202,37
549,Female,0,3,513,16.9,2,0,1,1,1,1,2,2,2,2,2,2,1,0,0,2,0,0,2,1,1,0,1,0,1,0,2,0,0,0,0,0,0,1,1,0,0,0,1,0,0,1,0,0,1,0,0,0,0,0,0,1,0,2,0,1,0,2,2,0,2,2,1,0,1,1,1,2,1,1,0,1,1,1,2,1,0,0,2,1,2,1,0,0,0,0,2,1,1,1,1,0,0,1,1,1,1,0,1,2,1,1,1,1,1,1,1,1,1,1,1,2,1,1,1,1,1,2,1,1,2,2,0,0,0,1,0,1,0,2,0,2,1,0,1,1,1,1,1,1,1,1,1,0,1,1,1,0,0,1,0,1,1,1,1,1,1,0,0,0,1,1,1,0,0,1,0,0,0,0,1,1,1,0,0,0,0,1,1,1,0,1,0,0,1,0,1,1,1,0,1,0,1,1,1,0,1,0,0,1,0,0,1,1,0,0,0,0,0,0,1,1,1,1,0,1,0,1,2,1,1,1,0,0,2,0,1,0,2,0,0,0,0,0,0,2,2,1,1,2,2,0,0,0,1,1,2,1,1,2,2,1,1,2,2,0,1,2,2,1,2,0,0,2,1,0,0,0,0,0,1,0,0,1,1,0,1,1,1,0,0,1,0,1,1,0,1,1,1,0,0,0,0,2,0,1,0,2,0,1,0,0,0,1,0,1,1,1,0,0,0,0,0,0,1,1,0,1,1,1,1,0,1,0,0,1,1,1,1,0,1,0,2,1,0,0,0,0,0,0,1,0,1,0,0,0,0,1,0,0,1,0,2,1,0,0,0,1,0,0,2,0,1,0,0,0,1,1,1,1,0,0,0,0,2,0,0,0,0,0,1,0,0,0,0,0,0,0,0,0,2,0,0,0,0,0,0,0,0,0,0,0,0,0,0,0,0,0,1,1,2,0,0,0,0,0,0,1,218,51
549,Female,0,3,642,21.1,2,2,2,2,2,2,2,2,2,2,2,2,1,0,2,2,2,2,2,1,2,0,2,1,1,1,2,2,1,0,2,1,1,1,1,1,2,1,1,0,1,2,1,0,1,0,1,1,1,2,1,2,2,2,1,1,1,2,2,1,2,2,2,2,2,2,2,2,2,1,1,2,1,1,2,2,1,0,2,2,2,2,1,1,2,1,2,1,2,2,1,1,2,2,2,1,1,1,2,2,1,2,2,1,1,2,2,1,1,1,1,2,2,1,1,2,2,2,2,2,2,2,1,1,1,2,1,2,1,2,1,2,1,1,2,1,2,1,2,1,2,2,1,0,1,1,1,0,2,1,0,1,2,1,1,1,1,0,1,0,2,1,1,1,1,2,0,0,0,2,1,1,1,0,0,1,2,1,1,2,1,2,2,0,2,1,2,2,2,1,1,1,1,2,1,0,2,1,0,1,0,2,1,2,1,1,1,2,2,1,1,1,2,1,0,1,1,2,2,2,1,2,0,0,2,1,1,1,2,1,1,0,0,0,0,2,2,1,2,2,2,0,0,1,2,1,2,1,1,2,2,1,2,2,2,0,2,2,2,1,2,0,2,2,2,1,2,1,1,0,1,1,1,1,2,0,2,1,2,1,1,2,1,1,1,0,1,1,1,1,1,2,2,2,0,1,2,2,1,1,2,1,1,2,1,1,1,1,1,1,2,2,1,2,1,1,2,2,1,1,1,1,1,1,1,1,1,2,1,1,2,0,2,2,1,1,0,2,1,2,2,1,2,1,1,1,1,1,1,0,1,1,2,2,1,1,1,1,1,1,2,0,1,1,1,2,1,1,2,2,0,1,1,1,2,1,2,0,1,0,2,1,0,0,0,1,1,1,1,1,2,2,1,1,1,1,1,1,2,1,1,2,2,2,1,1,2,1,2,1,2,1,1,1,0,0,0,2,369,166
552,Female,0,4,315,10.4,1,1,0,1,1,2,0,1,1,0,1,2,0,0,1,1,1,1,1,1,1,0,1,0,1,0,1,1,0,0,0,0,0,0,1,1,1,0,0,0,0,0,0,0,0,0,0,0,0,0,0,0,0,0,0,0,0,1,0,0,1,1,0,0,0,0,1,1,1,1,0,0,1,0,1,0,0,0,1,0,1,0,0,0,0,0,1,0,0,0,0,0,0,1,1,0,0,0,1,1,1,1,1,0,1,1,0,0,0,0,0,1,0,1,0,1,0,0,1,0,0,1,0,0,0,1,0,1,0,1,0,1,0,0,1,0,0,0,0,0,1,0,0,0,1,0,0,0,0,0,0,0,0,0,0,0,0,0,0,0,1,0,0,0,0,0,0,0,0,0,0,0,0,0,0,0,0,0,0,0,0,1,0,0,0,1,1,1,0,0,0,1,0,1,1,0,0,0,0,1,0,0,0,1,0,0,0,0,0,0,0,1,1,0,1,0,0,0,1,0,1,1,0,0,1,0,0,0,2,0,0,0,0,0,0,2,2,0,0,2,2,0,0,0,0,1,0,0,0,1,0,1,0,0,0,0,1,0,1,0,2,1,0,1,0,0,0,0,0,0,0,0,0,0,1,0,0,0,0,0,0,1,0,0,0,0,0,0,0,0,0,0,0,0,0,0,0,1,0,0,2,1,0,0,1,0,0,0,1,0,0,0,0,0,0,0,1,1,1,1,0,0,0,0,0,0,1,1,1,0,1,0,1,0,0,0,0,0,0,0,0,0,0,0,0,0,0,0,1,0,0,0,0,0,0,0,0,1,0,0,1,0,0,0,0,0,0,0,1,0,0,0,1,0,0,1,0,0,0,0,0,0,0,0,0,0,0,0,0,0,0,0,0,0,0,0,0,0,0,0,0,0,0,0,0,0,0,0,1,0,1,0,0,0,0,0,0,0,110,9
552,Female,0,4,524,17.2,2,2,1,2,2,2,2,2,2,0,2,2,1,2,2,2,2,2,2,2,2,2,2,1,2,1,2,2,1,0,1,0,1,2,2,2,2,1,2,1,0,2,2,1,2,0,1,2,1,2,2,2,2,2,1,1,2,2,1,1,2,2,2,2,2,2,2,2,2,2,2,0,2,2,2,2,0,0,2,2,2,2,0,0,0,2,2,1,2,2,0,0,0,2,2,2,2,2,2,2,2,2,2,2,2,2,2,2,2,2,0,2,2,2,2,2,2,2,2,2,1,2,2,1,1,2,2,1,2,2,0,2,2,2,2,1,2,1,2,1,2,2,1,1,1,1,1,0,2,1,0,2,2,2,2,1,1,1,1,0,2,1,2,2,1,1,0,1,2,1,2,1,2,1,0,2,0,2,1,2,1,2,2,0,2,1,1,1,1,0,2,1,1,2,2,0,1,1,2,2,1,2,1,2,2,1,1,2,1,1,1,2,2,1,1,1,1,2,1,1,1,1,1,1,2,2,0,1,2,1,1,1,1,0,1,2,2,2,2,2,2,0,0,0,2,2,2,2,1,2,1,2,1,2,2,1,2,2,2,0,2,1,0,2,1,1,1,1,1,1,1,2,1,1,2,1,2,1,1,0,1,2,1,1,1,1,1,1,1,1,1,2,1,2,1,1,1,2,1,1,2,2,1,1,2,1,1,1,1,1,1,1,2,1,1,1,1,1,1,2,1,1,1,1,1,1,1,1,2,1,1,1,2,1,1,1,2,1,1,1,1,1,1,1,1,0,0,1,2,1,2,0,2,0,0,0,0,1,2,0,2,2,2,1,0,1,1,1,1,1,2,0,1,0,1,1,0,0,1,0,1,0,0,0,0,0,0,0,0,0,0,0,0,0,0,0,0,1,1,0,1,1,1,1,1,1,2,0,1,1,1,0,1,0,1,0,0,1,349,177
552,Female,0,4,574,18.9,2,2,2,2,2,2,2,2,2,0,2,2,2,2,2,2,2,2,2,2,2,2,2,2,2,2,2,2,2,1,2,1,1,2,2,2,2,1,2,1,2,2,2,2,2,2,2,2,1,2,2,2,2,2,2,1,2,2,2,2,2,2,2,2,2,2,2,2,2,2,2,2,2,2,2,2,2,2,2,2,2,2,2,1,1,2,2,2,2,2,2,0,2,2,2,2,2,2,2,2,2,2,2,2,2,2,2,2,2,2,2,2,2,2,2,2,2,2,2,2,2,2,2,2,2,2,2,2,2,2,0,2,2,2,2,2,2,2,2,2,2,2,2,2,2,2,2,0,2,1,0,2,2,2,2,2,2,2,2,0,2,2,2,2,2,2,2,2,2,2,2,2,2,2,2,2,0,2,2,2,2,2,2,1,2,2,2,2,2,0,2,2,2,2,2,1,2,2,2,2,1,2,1,2,2,2,1,2,2,2,2,2,2,2,2,2,2,2,2,2,2,2,2,2,2,2,0,2,2,2,2,1,2,0,2,2,2,2,2,2,2,2,0,2,2,2,2,2,2,2,2,2,2,2,2,2,2,2,2,2,2,2,1,2,2,2,2,2,2,2,2,2,2,2,2,2,2,2,2,1,2,2,1,1,1,1,1,1,2,1,1,2,1,2,1,1,1,2,1,1,2,2,1,2,2,1,1,1,1,1,1,1,2,1,1,2,1,1,2,2,2,2,2,1,1,1,2,2,2,1,1,2,2,1,1,2,2,2,2,2,2,2,2,1,1,0,0,2,2,2,2,0,2,2,0,0,0,1,2,0,2,2,2,1,0,2,2,2,2,2,2,0,1,0,1,1,0,0,2,2,2,0,0,0,0,0,0,0,0,1,1,0,0,0,1,0,0,1,2,0,1,2,2,1,1,1,2,0,2,1,1,0,1,0,1,0,0,1,376,305
552,Female,0,4,761,25,2,2,2,2,2,2,2,2,2,0,2,2,2,2,2,2,2,2,2,2,2,2,2,2,2,2,2,2,2,2,2,2,2,2,2,2,2,2,2,2,2,2,2,2,2,2,2,2,2,2,2,2,2,2,2,2,2,2,2,2,2,2,2,2,2,2,2,2,2,2,2,2,2,2,2,2,2,2,2,2,2,2,2,2,2,2,2,2,2,2,2,2,2,2,2,2,2,2,2,2,2,2,2,2,2,2,2,2,2,2,2,2,2,2,2,2,2,2,2,2,2,2,2,2,2,2,2,2,2,2,2,2,2,2,2,2,2,2,2,2,2,2,2,2,2,2,2,0,2,2,0,2,2,2,2,2,2,2,2,0,2,2,2,2,2,2,2,2,2,2,2,2,2,2,2,2,2,2,2,2,2,2,2,2,2,2,2,2,2,2,2,2,2,2,2,2,2,2,2,2,2,2,2,2,2,2,2,2,2,2,2,2,2,2,2,2,2,2,2,2,2,2,2,2,2,2,2,2,2,2,2,2,2,2,2,2,2,2,2,2,2,2,0,2,2,2,2,2,2,2,2,2,2,2,2,2,2,2,2,2,2,2,2,2,2,2,2,2,2,2,2,2,2,2,2,2,2,2,2,2,2,2,2,2,2,2,2,2,2,2,2,2,2,2,2,2,2,2,2,2,2,2,2,2,2,2,2,2,2,2,2,2,2,2,2,2,2,2,2,2,2,2,2,2,2,2,2,2,2,2,2,2,2,2,2,2,2,2,2,2,2,2,2,2,2,2,2,2,2,2,2,2,2,2,2,2,2,2,2,2,2,2,2,2,2,2,2,2,2,2,2,2,2,2,2,2,1,2,2,2,2,2,2,2,2,2,2,2,2,2,2,2,2,2,2,2,2,2,2,2,2,2,2,2,2,2,2,2,2,2,2,2,2,2,2,2,2,2,413,412
553,Male,0,2,601,19.8,2,2,2,0,2,2,0,2,2,2,2,1,1,2,2,1,1,1,1,1,1,0,2,1,2,1,2,1,1,1,1,0,0,1,1,1,1,1,1,0,1,1,1,1,1,0,2,1,1,2,2,1,1,2,1,1,1,2,2,0,2,2,1,1,2,1,2,2,1,1,1,2,1,0,1,1,0,0,2,1,1,1,1,1,2,0,2,1,1,2,1,0,2,1,1,1,1,0,2,2,0,1,1,0,2,1,1,1,1,1,0,2,1,1,1,1,2,0,1,0,1,1,1,0,1,2,0,1,0,1,0,1,1,0,1,1,0,1,1,0,1,2,0,0,1,1,0,0,2,0,0,0,0,1,0,0,1,0,0,0,1,0,1,2,0,1,0,0,2,0,1,0,1,0,0,1,0,0,1,1,0,1,0,0,2,0,0,1,0,0,1,2,0,0,0,0,1,0,0,1,0,2,0,0,0,0,0,0,0,1,0,0,1,0,0,0,0,0,2,1,1,1,0,0,2,2,0,0,2,0,0,1,0,0,1,2,0,1,1,2,0,0,0,0,1,1,2,1,1,2,2,1,1,1,2,0,1,2,1,2,1,0,0,2,0,0,0,1,1,0,1,0,1,1,1,0,1,0,1,0,1,1,0,0,1,0,0,1,0,0,0,0,0,1,0,0,0,1,0,0,0,0,0,0,1,0,0,0,0,0,0,0,0,0,0,0,1,1,1,0,0,0,0,0,0,0,0,0,0,0,0,0,2,1,0,0,0,0,1,0,1,2,1,0,0,0,0,0,1,0,0,0,0,1,0,0,0,0,0,0,0,0,0,0,0,1,0,0,0,0,0,0,0,0,0,0,0,0,0,0,0,0,0,0,0,0,0,0,0,0,0,0,0,0,0,0,0,0,0,0,0,1,1,0,0,0,0,0,0,0,0,0,0,0,0,0,0,0,200,59
553,Male,0,2,740,24.3,2,2,2,2,2,2,1,2,2,2,2,2,2,2,2,2,2,2,2,2,2,0,2,2,2,2,2,2,2,2,2,2,0,2,2,2,2,2,2,0,2,1,2,2,2,0,2,2,2,2,2,2,2,2,2,1,2,2,2,1,2,2,1,2,2,2,2,2,2,2,2,2,2,1,2,2,2,1,2,2,2,2,2,2,2,0,2,2,2,2,1,0,2,2,2,2,1,1,2,2,2,2,2,2,2,2,2,2,2,2,0,2,2,2,2,2,2,2,2,0,1,2,1,1,2,2,2,2,2,2,0,2,2,0,2,2,2,2,2,2,2,2,1,1,2,2,2,0,2,2,0,2,1,2,2,2,2,2,2,1,2,2,2,2,2,2,2,2,2,2,2,2,2,1,1,2,2,2,2,2,1,2,1,2,2,2,2,2,2,2,2,2,0,2,1,0,2,2,2,1,0,2,0,2,0,2,0,1,0,1,2,0,2,2,2,0,1,2,2,2,2,2,0,0,2,2,0,0,2,0,2,2,2,0,2,2,2,2,2,2,0,2,0,0,2,2,2,2,1,2,2,2,2,2,2,0,1,2,1,2,2,1,1,2,1,1,1,1,1,1,2,2,2,1,2,0,2,2,2,1,2,2,1,0,2,0,1,1,1,1,2,2,1,2,1,2,1,2,0,2,2,1,2,2,2,2,2,2,2,2,2,1,0,2,1,2,2,2,1,2,2,2,2,1,1,2,2,2,2,1,2,0,2,1,1,2,2,2,2,2,2,2,2,2,1,1,0,1,1,2,1,0,2,1,2,2,0,2,2,0,2,2,2,1,1,2,1,1,2,2,2,0,1,0,1,2,0,0,1,1,2,1,0,0,0,1,1,1,0,1,1,2,0,0,1,1,1,2,2,2,2,2,2,2,1,2,2,2,1,1,2,1,1,1,1,1,1,1,367,278
555,Male,0,2,547,18,2,1,0,0,2,2,0,0,0,2,0,0,0,0,0,0,0,0,1,0,0,0,2,0,0,1,1,0,0,0,0,0,0,0,0,0,0,0,0,0,0,0,0,0,0,0,0,0,0,0,0,0,0,0,0,0,1,1,1,0,1,1,0,0,2,0,0,1,1,0,0,0,0,0,0,0,1,0,1,0,0,0,0,0,1,0,1,0,0,0,0,0,2,0,0,0,0,0,0,0,0,0,0,0,1,0,0,1,1,0,0,0,0,0,0,0,0,0,0,0,0,0,0,0,0,1,0,0,0,1,0,1,0,0,0,0,0,0,0,0,0,1,0,0,0,0,0,0,0,0,0,0,0,0,0,1,0,0,0,0,0,0,0,0,0,0,0,0,0,0,0,0,0,0,0,0,0,0,1,1,0,0,0,0,1,0,0,0,0,0,0,0,0,0,0,0,0,0,0,1,0,0,0,0,0,0,0,0,0,0,0,0,0,0,0,0,0,0,0,1,1,0,0,0,0,0,0,0,1,0,0,0,0,0,0,1,1,0,0,1,0,0,0,0,0,0,1,0,0,2,0,1,0,0,0,0,2,0,0,1,2,0,0,0,0,0,0,0,0,0,0,0,0,0,1,0,0,0,0,0,0,1,0,0,1,0,1,0,0,0,0,0,0,0,0,0,0,1,0,0,0,0,0,1,0,0,0,0,0,0,0,0,0,0,0,1,0,0,0,0,0,0,0,0,0,0,0,0,0,0,0,0,0,0,0,0,0,0,0,0,0,0,0,0,0,0,0,1,0,0,0,0,0,0,0,0,0,0,0,0,0,0,0,0,0,0,0,0,0,0,0,0,0,0,0,0,0,0,0,0,0,0,0,0,0,0,0,0,0,0,0,0,0,0,0,0,0,0,0,0,0,1,1,0,0,0,0,0,0,0,0,0,0,0,0,0,0,0,56,10
555,Male,0,2,799,26.3,2,2,0,2,2,2,2,0,2,2,2,2,1,0,2,2,2,2,1,2,2,0,2,0,0,2,2,2,0,0,0,0,0,2,0,2,2,0,2,0,2,2,0,0,0,0,0,2,2,2,2,2,2,2,2,2,2,2,2,2,2,2,0,0,2,2,2,2,2,2,1,2,2,1,2,1,1,1,2,2,1,2,2,2,2,1,2,2,2,2,2,2,2,2,2,1,1,0,2,2,0,1,1,1,1,2,1,1,1,1,1,2,0,0,2,0,2,0,1,0,1,1,2,1,1,1,0,1,1,2,0,2,1,0,2,0,2,2,2,2,2,1,1,0,1,1,1,0,2,1,0,1,1,1,1,1,1,2,0,0,2,0,2,2,1,2,0,0,0,0,2,0,2,0,0,0,0,1,2,2,1,2,1,0,1,0,2,1,1,1,1,2,1,2,1,1,2,1,0,1,0,2,1,2,1,2,1,1,1,1,1,0,1,1,1,2,0,1,1,1,1,1,2,0,2,0,0,0,2,0,0,0,0,0,0,2,2,0,0,2,2,0,0,1,0,1,1,0,0,2,2,1,1,2,2,0,2,2,2,2,2,1,1,2,1,1,1,1,0,1,1,1,1,1,1,1,1,1,1,1,1,1,1,1,1,0,1,1,1,1,1,2,1,1,0,1,1,2,0,0,1,2,0,1,0,1,1,1,1,1,1,1,0,1,0,1,1,1,1,0,1,0,0,1,1,0,0,1,1,1,1,0,2,0,1,2,2,0,2,1,2,1,2,1,1,1,0,1,1,2,1,0,2,1,2,0,0,0,0,2,0,2,0,0,0,1,0,1,1,1,2,0,0,0,0,0,0,0,1,0,1,0,0,0,0,0,0,0,0,2,2,2,0,1,1,1,1,0,1,1,1,2,2,1,0,1,1,0,0,0,0,0,0,0,0,0,0,1,290,136
556,Male,0,2,742,24.4,0,2,1,2,1,1,0,2,2,0,1,1,0,0,0,1,1,0,1,0,0,0,2,1,1,0,0,0,0,0,1,0,0,0,1,0,0,0,1,0,0,0,0,0,0,0,0,1,1,0,1,1,1,2,0,1,1,1,1,1,1,1,1,1,1,2,1,1,1,1,1,2,1,1,2,0,0,0,1,2,0,1,0,0,2,0,1,1,1,1,1,0,2,1,1,0,0,0,1,1,1,1,1,0,2,1,1,1,0,0,1,1,1,1,0,0,0,0,1,0,1,1,0,0,0,1,1,0,0,0,0,1,1,0,1,1,1,1,2,1,1,1,0,1,1,1,0,0,0,1,0,1,1,2,1,2,1,1,1,0,1,1,1,0,0,1,0,1,1,1,0,1,1,0,0,1,0,1,1,0,0,1,0,1,1,1,1,1,1,0,1,0,1,1,0,1,1,0,0,1,0,2,0,1,1,0,0,0,0,1,1,0,1,0,0,0,0,0,1,0,1,1,1,0,1,0,0,0,1,0,0,0,0,0,0,1,1,0,0,1,0,0,0,0,1,1,1,1,1,1,1,1,1,1,2,0,0,0,1,1,2,1,1,2,0,0,0,0,0,0,1,0,1,1,0,1,1,1,1,0,0,1,0,0,1,1,1,1,2,0,0,1,1,1,0,1,1,1,0,0,0,0,0,1,1,1,1,1,1,1,1,0,0,1,1,1,0,1,1,0,1,0,0,0,0,0,1,1,1,1,0,0,2,0,0,0,0,1,0,0,1,0,1,0,1,0,0,0,0,0,0,0,1,1,1,0,0,1,1,0,0,0,1,1,0,0,0,0,0,0,0,0,1,0,1,0,0,0,0,0,0,0,0,0,0,0,0,0,0,0,0,0,0,0,1,0,0,0,1,0,0,0,1,0,1,0,0,0,1,0,1,0,0,0,1,0,0,1,212,22
556,Male,0,2,1039,34.2,2,2,1,2,2,2,2,2,2,2,2,2,2,2,2,2,2,2,2,2,2,0,2,1,2,2,2,2,2,0,2,0,2,2,2,1,2,2,2,2,0,2,2,0,2,0,2,2,2,2,2,2,2,2,2,2,2,2,2,2,2,2,2,2,2,2,2,2,2,2,2,2,2,2,2,2,2,2,2,2,2,2,2,2,2,2,2,2,2,2,2,2,2,2,2,2,1,1,2,2,2,2,2,2,2,2,2,2,2,2,2,2,2,2,2,1,2,2,2,2,2,2,2,2,2,2,2,2,2,2,2,2,2,2,2,2,2,2,2,2,2,2,2,2,2,2,2,0,2,2,0,2,2,2,2,2,2,2,2,2,2,2,2,2,2,2,2,2,2,2,2,2,2,2,2,2,2,2,2,2,2,2,2,1,2,2,2,2,2,2,2,2,2,2,2,2,2,2,2,2,2,2,2,2,2,2,2,2,2,2,2,2,2,2,2,2,2,2,2,2,2,2,2,2,2,2,0,2,2,2,2,2,2,0,2,2,2,2,2,2,2,2,2,1,2,2,2,2,2,2,2,2,2,2,2,2,2,2,2,2,2,2,2,2,2,2,2,2,2,2,2,2,2,2,2,2,2,2,2,2,2,2,2,2,2,2,2,2,2,2,2,2,2,2,2,2,2,2,2,2,2,2,2,2,2,2,2,2,2,2,2,2,2,2,2,2,2,2,2,2,2,2,2,2,2,2,2,2,2,2,2,2,2,2,2,2,2,2,2,2,2,2,2,2,2,2,2,2,2,2,2,2,2,2,2,2,1,2,2,0,2,2,2,2,2,2,2,2,2,2,2,2,2,2,2,2,2,2,2,2,2,2,2,2,2,2,2,2,2,2,2,2,2,2,2,2,2,2,2,2,2,2,2,2,2,2,2,2,2,2,2,2,2,2,2,2,2,2,407,398
557,Male,0,4,526,17.3,2,1,0,2,1,2,0,1,2,2,2,2,1,2,2,1,1,2,1,0,2,0,2,0,2,2,2,2,1,0,1,0,0,1,2,0,0,0,1,0,0,1,1,1,1,0,0,1,2,1,1,2,1,1,1,1,1,2,2,1,2,2,1,1,1,1,2,2,1,2,0,1,1,1,2,1,1,0,1,1,1,1,1,1,2,0,2,2,1,2,0,1,1,1,1,1,1,1,1,1,1,1,1,1,1,2,1,2,1,1,1,2,1,1,1,1,1,1,1,1,0,2,1,1,1,1,1,1,1,2,1,2,1,1,1,1,1,1,1,1,1,2,1,1,1,1,0,1,0,0,0,1,0,1,1,1,1,0,1,0,1,1,1,1,1,1,0,1,2,1,1,1,1,0,1,1,0,0,1,2,1,1,0,0,1,1,1,1,1,0,0,1,0,1,0,1,0,0,2,1,0,1,0,2,1,0,0,1,0,1,1,1,1,0,0,1,0,1,2,2,1,1,0,0,2,1,0,0,2,0,0,0,0,0,2,2,2,1,1,2,0,1,0,1,1,1,2,1,1,1,2,1,0,2,2,0,1,1,2,1,1,1,1,2,1,1,1,1,1,1,1,0,1,1,1,0,1,1,1,1,1,1,1,1,1,1,1,1,1,1,1,1,1,1,0,1,1,1,1,1,1,1,0,1,1,1,1,1,1,1,1,1,0,1,1,1,1,1,1,1,1,1,0,0,0,1,1,1,1,0,1,0,1,1,1,1,1,1,1,1,1,1,1,0,0,1,0,1,1,1,1,0,1,1,1,0,0,0,0,0,0,0,0,0,0,0,0,0,0,0,0,0,0,0,0,0,0,0,0,0,0,0,0,0,0,0,0,0,0,0,0,0,0,0,0,0,0,0,0,0,0,0,0,0,0,0,0,0,0,0,0,0,0,0,0,0,0,0,281,56
557,Male,0,4,602,19.8,2,2,0,2,2,2,2,2,2,2,2,2,2,2,2,2,2,2,2,2,2,0,2,2,2,2,2,2,2,0,2,2,1,2,2,2,2,2,2,2,2,2,2,2,2,0,2,2,2,2,2,2,2,2,2,2,2,2,2,2,2,2,2,2,2,2,2,2,2,2,1,2,2,1,2,2,2,0,2,1,2,2,2,2,2,0,2,2,2,2,0,2,1,2,2,2,1,2,2,2,2,1,1,1,2,2,2,2,2,2,1,2,2,2,2,1,1,2,2,1,0,2,1,1,1,2,1,2,1,2,1,2,1,1,2,1,2,1,2,1,2,2,1,1,2,1,1,1,2,1,1,1,1,2,2,2,1,1,1,0,2,2,2,2,2,2,2,2,2,1,2,2,2,1,2,2,1,2,2,2,2,2,1,1,2,1,2,1,1,0,1,2,1,2,1,1,2,1,2,2,1,1,1,2,1,2,1,1,1,2,1,1,1,1,1,1,0,1,2,2,2,1,1,1,2,2,0,1,2,2,2,1,2,0,2,2,2,2,2,2,0,2,1,2,2,2,2,1,1,2,2,2,0,2,2,0,2,1,2,2,2,2,1,2,1,1,1,1,1,1,1,1,1,1,1,1,2,2,2,1,2,1,1,1,1,1,1,1,2,1,1,1,1,1,1,1,1,1,1,1,1,1,1,1,2,1,1,1,1,2,2,1,0,1,1,1,2,2,2,2,1,1,1,1,1,1,1,2,1,2,1,1,2,1,1,2,2,1,1,1,2,2,2,1,1,2,1,1,1,2,1,2,2,1,2,1,1,1,2,1,1,2,1,0,2,1,1,1,2,2,2,0,1,0,2,1,0,2,2,2,2,1,2,1,1,1,1,1,1,2,1,1,1,1,1,1,1,1,1,1,1,2,2,2,2,1,2,2,2,1,2,1,1,1,1,1,1,2,397,222
557,Male,0,4,625,20.5,2,2,0,2,2,2,2,2,2,2,2,2,2,2,2,2,2,2,2,2,2,0,2,2,2,2,2,2,2,0,2,2,1,2,2,2,2,2,2,2,2,2,2,2,2,0,2,2,2,2,2,2,2,2,2,2,2,2,2,2,2,2,2,2,2,2,2,2,2,2,1,2,2,1,2,2,2,0,2,1,2,2,2,2,2,0,2,2,2,2,0,2,1,2,2,2,1,2,2,2,2,1,1,1,2,2,2,2,2,2,1,2,2,2,2,1,1,2,2,1,0,2,1,1,1,2,1,2,1,2,1,2,1,1,2,1,2,1,2,1,2,2,1,1,2,1,1,1,2,1,1,1,1,2,2,2,1,1,1,0,2,2,2,2,2,2,2,2,2,1,2,2,2,1,2,2,1,2,2,2,0,0,0,0,0,0,0,0,0,0,0,0,0,0,0,0,0,0,0,0,0,0,0,0,0,0,0,0,0,0,0,0,0,0,0,0,0,0,0,0,0,0,0,0,0,0,0,0,0,0,0,0,0,0,0,0,0,0,0,0,0,0,0,0,0,0,0,0,0,0,0,0,0,0,0,0,0,0,0,0,0,0,0,0,0,0,0,0,0,0,0,0,0,0,0,0,0,0,0,0,0,0,0,0,0,0,0,0,0,0,0,0,0,0,0,0,0,0,0,0,0,0,0,0,0,0,0,0,0,0,0,0,0,0,0,0,0,0,0,0,0,0,0,0,0,0,0,0,0,0,0,0,0,0,0,0,0,0,0,0,0,0,0,0,0,0,0,0,0,0,0,0,0,0,0,0,0,0,0,0,0,0,0,0,0,0,0,0,0,0,0,0,0,0,0,0,0,0,0,0,0,0,0,0,0,0,0,0,0,0,0,0,0,0,0,0,0,0,0,0,0,0,0,0,0,0,0,0,0,0,0,0,0,0,0,0,0,0,171,132
557,Male,0,4,713,23.4,2,2,2,2,2,2,2,2,2,2,2,2,2,2,2,2,2,2,2,2,2,0,2,2,2,2,2,2,2,2,2,2,2,2,2,2,2,2,2,2,2,2,2,2,2,0,2,2,2,2,2,2,2,2,2,2,2,2,2,2,2,2,2,2,2,2,2,2,2,2,2,2,2,2,2,2,2,0,2,2,2,2,2,2,2,0,2,2,2,2,2,2,2,2,2,2,2,2,2,2,2,2,2,2,2,2,2,2,2,2,2,2,2,2,2,2,2,2,2,2,2,2,2,2,2,2,2,2,2,2,2,2,2,2,2,2,2,2,2,2,2,2,2,2,2,2,2,2,2,2,2,2,2,2,2,2,2,2,2,0,2,2,2,2,2,2,2,2,2,2,2,2,2,2,2,2,2,2,2,2,2,2,2,2,2,2,2,2,2,2,2,2,2,2,2,2,2,2,2,2,2,2,2,2,2,2,2,2,2,2,2,2,2,2,2,2,2,2,2,2,2,2,2,2,2,2,2,2,2,2,2,2,2,2,2,2,2,2,2,2,0,2,2,2,2,2,2,2,2,2,2,2,2,2,2,0,2,2,2,2,2,2,2,2,2,2,2,2,2,2,2,2,2,2,2,2,2,2,2,2,2,1,1,1,1,1,1,1,2,1,1,1,1,1,1,1,1,1,1,1,2,2,2,2,2,2,2,2,2,2,2,2,2,2,2,2,2,2,2,2,2,2,2,2,2,2,2,2,2,2,2,2,2,2,2,2,2,2,2,2,2,2,2,2,2,2,2,2,2,2,2,2,2,2,2,2,2,2,2,2,2,2,2,2,2,2,2,2,2,2,2,2,2,2,2,2,2,2,2,2,2,2,2,2,2,1,1,1,2,2,2,2,2,2,2,2,2,2,2,2,2,2,2,2,2,2,2,2,2,2,2,2,2,2,2,2,2,2,411,390
560,Female,0,5,334,11,0,0,0,0,0,0,0,0,1,1,1,0,0,0,0,2,1,0,0,0,0,0,2,0,1,0,2,0,0,0,0,0,0,0,0,0,0,0,0,0,0,0,0,0,0,0,0,0,0,0,0,1,2,1,1,1,1,1,1,1,1,1,1,0,1,0,0,1,1,0,0,0,0,0,2,0,0,0,2,0,2,1,0,0,0,0,1,0,0,0,0,0,0,0,1,0,0,0,0,0,0,0,1,0,1,1,0,0,0,0,0,1,1,0,0,1,0,0,1,0,0,0,0,0,0,1,0,0,0,1,0,0,0,0,1,0,1,0,0,0,0,0,0,0,1,0,0,0,0,0,0,0,0,0,1,0,1,0,0,0,0,1,0,0,0,0,0,0,0,0,0,0,0,0,0,0,0,1,0,2,0,1,0,0,0,0,1,1,0,0,0,0,0,1,0,2,0,0,0,1,0,0,0,1,0,0,0,0,0,0,0,0,0,0,0,0,0,0,1,0,1,0,0,0,0,0,0,0,2,0,0,0,0,0,0,1,2,0,0,1,0,0,0,0,1,0,1,1,0,1,0,1,0,1,0,0,1,0,0,0,0,0,0,1,0,0,0,0,0,0,0,0,0,0,1,0,0,0,1,0,0,1,0,0,0,0,1,0,0,0,0,0,0,0,0,0,1,0,0,0,0,0,0,0,0,0,0,0,0,0,0,0,0,0,0,0,0,0,0,1,0,0,0,0,0,0,0,0,0,0,0,0,1,0,0,0,0,0,0,0,0,0,0,0,0,0,0,0,0,0,0,0,0,0,0,0,0,0,0,0,0,0,0,0,0,0,0,0,0,0,0,0,0,0,0,0,0,0,0,0,0,0,0,0,0,0,0,0,0,0,0,0,0,0,0,0,0,0,0,0,0,0,0,0,0,0,1,0,0,0,0,0,0,0,0,0,0,0,75,11
560,Female,0,5,534,17.6,2,2,0,2,2,2,0,2,1,1,2,0,0,1,2,2,2,1,2,1,2,0,2,0,1,1,2,1,2,0,1,0,0,2,2,1,1,2,2,0,0,2,1,1,0,0,1,2,1,2,1,1,2,2,1,1,1,2,2,1,2,2,1,1,2,0,2,2,1,2,0,2,2,1,2,1,1,0,2,1,2,1,2,0,0,0,1,2,1,1,0,0,0,1,1,2,0,1,1,2,1,1,1,0,1,2,1,2,1,1,0,2,2,2,2,2,1,0,1,0,0,2,0,0,0,1,0,1,0,2,0,1,2,0,1,1,2,2,2,0,1,2,0,0,1,1,0,0,0,0,0,2,2,1,1,1,1,0,0,0,1,2,1,2,0,1,0,0,2,0,2,2,0,0,0,1,0,1,1,2,0,1,0,0,1,2,0,1,1,0,2,2,1,2,0,2,1,0,0,1,0,1,0,2,0,0,0,2,0,0,0,0,1,0,0,0,0,0,2,2,1,1,0,0,1,0,0,0,2,0,0,0,0,0,0,2,2,0,0,2,0,0,0,0,1,2,2,2,0,1,0,2,1,1,2,1,1,1,0,0,1,0,0,2,1,0,0,0,1,0,0,1,0,0,1,0,1,1,1,0,0,1,0,0,1,0,1,1,1,0,0,2,0,0,0,2,1,2,0,0,1,0,0,1,0,1,0,0,0,0,2,0,0,0,0,0,0,1,0,2,1,0,1,0,0,1,1,1,0,0,0,0,2,1,0,0,2,0,0,0,0,1,1,0,0,0,0,0,0,2,0,0,1,0,0,0,0,0,0,0,0,2,0,0,0,0,0,0,0,0,2,0,0,0,1,0,0,0,0,0,0,0,0,0,0,0,0,0,0,0,2,0,1,0,0,0,0,1,2,1,0,1,2,0,2,0,2,0,2,0,1,0,0,0,0,0,0,0,212,98
560,Female,0,5,585,19.2,2,2,0,2,2,2,1,2,1,2,2,0,1,2,2,2,2,1,2,2,2,0,2,2,2,2,2,1,2,0,2,0,2,2,2,1,2,2,2,1,0,2,2,1,2,0,2,2,1,2,2,1,2,2,2,2,2,2,2,1,2,2,1,1,2,0,2,2,2,2,0,2,2,1,2,2,2,1,2,2,2,1,2,0,0,0,2,2,2,2,0,0,1,1,2,2,0,2,1,2,1,2,2,1,1,2,1,2,2,1,0,2,2,2,2,2,2,1,2,0,1,2,0,0,2,2,0,2,0,2,0,2,2,1,1,1,2,2,2,1,1,2,0,1,2,1,1,0,2,1,0,2,2,2,2,1,1,0,0,0,2,2,2,2,0,1,0,0,2,0,2,2,1,2,0,2,0,2,1,2,0,1,0,1,1,2,1,2,1,0,2,2,1,2,0,2,2,0,1,2,0,1,0,2,0,0,0,2,0,0,1,0,1,0,1,0,0,1,2,2,1,1,0,0,2,0,0,0,2,0,0,0,0,0,0,2,2,0,0,2,1,0,0,0,1,2,2,2,0,1,0,2,1,1,2,1,2,2,0,2,2,1,0,2,1,1,0,0,1,0,0,1,0,1,2,0,1,1,2,0,0,1,0,0,1,0,1,1,1,0,0,2,0,0,0,2,1,2,0,0,1,0,0,2,1,1,1,0,0,0,2,0,0,0,0,1,1,1,1,2,1,0,1,0,0,1,1,1,1,0,0,0,2,1,0,0,2,0,2,0,2,2,1,0,0,0,0,0,0,2,0,0,1,1,0,0,0,0,0,0,0,2,0,0,0,0,0,0,0,1,2,0,0,0,1,0,0,0,0,0,0,1,0,0,0,0,0,0,0,0,2,0,1,0,0,0,0,1,2,1,0,2,2,1,2,1,2,0,2,0,1,0,0,0,0,0,0,0,257,156
560,Female,0,5,594,19.5,2,2,0,2,2,2,2,2,1,2,2,2,2,2,2,2,2,1,2,2,2,2,2,2,2,2,2,2,2,0,2,0,2,2,2,2,2,2,2,1,2,2,2,1,2,0,2,2,2,2,2,2,2,2,2,2,2,2,2,2,2,2,2,1,2,0,2,2,2,2,0,2,2,1,2,2,2,2,2,2,2,1,2,2,0,0,2,2,2,2,1,0,2,2,2,2,0,2,2,2,1,2,2,1,1,2,2,2,2,2,1,2,2,2,2,2,2,1,2,0,1,2,0,0,2,2,1,2,0,2,0,2,2,2,2,1,2,2,2,1,2,2,1,1,2,2,1,0,2,1,0,2,2,2,2,1,2,0,0,0,2,2,2,2,2,1,2,0,2,0,2,2,2,2,0,2,0,2,1,2,2,2,2,2,2,2,1,2,1,1,2,2,1,2,0,2,2,0,2,2,0,1,0,2,0,2,0,2,0,0,1,0,2,1,2,0,0,2,2,2,1,1,1,0,2,0,0,0,2,0,0,0,0,0,0,2,2,0,2,2,2,0,0,0,2,2,2,2,0,2,0,2,1,1,2,1,2,2,1,2,2,1,0,2,1,1,0,1,2,1,0,1,0,1,2,0,1,1,2,1,0,1,0,1,1,1,1,1,2,0,0,2,0,2,0,2,1,2,0,0,1,2,0,2,2,1,1,0,0,0,2,1,1,2,0,1,1,2,1,2,2,1,1,0,0,1,1,1,1,0,0,0,2,1,0,1,2,0,2,0,2,2,1,0,0,0,0,0,0,2,0,0,2,1,0,1,0,0,0,0,0,2,0,0,0,0,0,0,1,1,2,0,0,0,1,1,0,0,0,0,1,1,0,0,0,0,0,0,0,0,2,0,1,0,0,0,0,1,2,1,1,2,2,1,2,1,2,0,2,2,2,0,0,0,0,0,0,0,293,207
560,Female,0,5,752,24.7,2,2,2,2,2,2,2,2,2,2,2,2,2,2,2,2,2,2,2,2,2,2,2,2,2,2,2,2,2,2,2,0,2,2,2,2,2,2,2,1,2,2,2,1,2,2,2,2,2,2,2,2,2,2,2,2,2,2,2,2,2,2,2,1,2,2,2,2,2,2,2,2,2,2,2,2,2,2,2,2,2,2,2,2,2,0,2,2,2,2,2,0,2,2,2,2,2,2,2,2,1,2,2,2,2,2,2,2,2,2,2,2,2,2,2,2,2,2,2,2,2,2,2,0,2,2,2,2,0,2,2,2,2,2,2,2,2,2,2,2,2,2,1,2,2,2,2,0,2,2,0,2,2,2,2,2,2,2,2,2,2,2,2,2,2,2,2,2,2,2,2,2,2,2,2,2,0,2,2,2,2,2,2,2,2,2,1,2,1,2,2,2,2,2,0,2,2,0,2,2,0,2,0,2,0,2,0,2,0,2,2,2,2,1,2,2,2,2,2,2,2,2,1,2,2,2,0,0,2,2,0,0,2,0,0,2,2,2,2,2,2,0,0,2,2,2,2,2,2,2,2,2,2,2,2,1,2,2,2,2,2,2,2,2,2,2,1,1,2,1,0,2,2,2,2,2,2,2,2,2,1,2,2,2,2,1,1,2,2,2,0,2,0,2,2,2,2,2,2,2,2,2,0,2,2,1,2,1,2,2,2,2,1,2,1,2,2,2,2,2,2,2,2,0,0,2,2,2,2,0,0,0,2,2,0,2,2,1,2,2,2,2,2,0,2,2,0,1,0,2,2,1,2,2,2,2,0,2,0,0,2,2,2,0,0,0,2,1,1,2,2,0,2,0,1,1,0,1,1,2,2,2,2,1,0,0,0,0,0,0,2,2,1,1,1,0,1,1,2,2,1,2,2,2,2,1,2,0,2,2,2,0,0,0,2,0,0,1,360,322
565,Female,0,6,493,16.2,1,0,0,2,1,2,1,2,2,0,2,1,1,1,1,1,1,1,1,1,2,0,1,0,1,1,1,2,1,0,1,0,0,1,1,1,1,1,1,1,1,1,1,1,1,0,1,0,0,1,0,0,1,1,0,1,1,1,1,0,1,2,1,0,0,0,1,1,0,1,0,0,1,1,1,1,1,0,1,1,1,1,0,0,0,0,1,0,1,1,0,0,0,2,1,1,1,1,1,1,0,1,1,1,1,1,1,1,1,1,0,1,1,1,1,1,1,1,2,1,1,2,1,0,0,1,1,1,0,1,0,1,1,0,1,1,1,0,1,0,0,1,0,0,1,0,0,0,0,0,0,1,0,1,1,1,1,0,1,0,1,0,1,0,0,0,0,0,1,0,1,0,1,0,1,1,0,1,1,1,1,1,0,0,0,0,0,1,0,0,1,0,0,0,0,0,0,0,0,0,0,1,0,1,0,0,0,0,0,0,0,0,1,0,0,1,1,1,1,1,1,1,0,0,1,0,0,0,2,0,0,0,0,0,0,1,0,0,0,2,1,0,0,0,1,0,1,0,1,1,1,0,1,0,2,0,1,1,1,0,2,0,0,2,1,1,0,1,0,0,0,1,0,1,1,0,1,1,1,0,1,1,1,1,1,0,1,1,1,0,0,1,0,0,0,1,1,1,0,0,1,0,0,1,0,1,1,0,1,0,1,1,0,0,0,1,1,1,0,1,1,1,1,0,0,1,1,1,1,0,1,0,1,1,0,0,0,0,1,0,1,0,1,0,0,0,0,1,1,0,0,0,1,0,0,0,0,1,1,0,0,0,0,0,0,0,0,0,0,1,0,0,0,0,0,0,0,0,0,0,0,0,0,0,0,0,0,0,0,1,1,0,0,0,0,0,0,1,2,0,0,1,1,0,2,0,2,0,0,0,1,0,0,0,0,0,1,1,212,19
565,Female,0,6,560,18.4,1,0,0,2,1,2,1,2,2,1,2,2,1,2,2,1,1,1,2,1,2,0,2,0,1,2,1,2,1,0,1,0,0,1,2,1,2,2,2,1,1,1,1,1,1,0,1,0,1,1,0,0,1,1,0,1,1,2,2,0,2,2,1,1,1,1,1,1,1,1,0,1,1,1,1,1,1,0,1,1,1,1,0,0,0,0,1,1,1,2,1,1,2,2,1,1,1,1,2,2,1,1,2,1,2,2,1,1,1,1,0,2,2,1,1,1,1,1,2,1,1,2,1,0,1,2,1,1,0,2,0,2,1,1,1,1,1,1,1,1,0,1,0,0,1,0,0,0,1,0,0,1,0,1,1,2,1,0,1,0,2,1,1,1,0,1,0,0,1,1,1,1,1,0,1,1,0,1,2,2,1,1,2,0,1,0,0,1,1,1,1,1,0,1,0,0,1,0,0,0,0,1,0,1,1,0,0,0,0,0,1,0,1,0,0,1,1,1,1,1,1,1,0,0,1,1,0,0,2,0,0,0,0,0,1,1,2,0,0,2,1,0,0,0,1,1,1,1,1,2,2,0,1,1,2,0,1,2,2,2,2,1,1,2,1,1,1,1,0,0,1,1,1,1,2,0,1,1,1,1,1,1,2,1,1,0,1,1,1,1,0,1,1,1,0,1,1,1,0,1,2,2,0,1,1,1,1,1,1,1,1,1,0,0,1,1,1,1,1,1,1,1,2,0,0,1,1,1,1,0,1,1,2,1,0,0,0,1,1,1,2,0,1,1,0,1,0,1,1,0,0,0,1,0,0,0,0,1,1,0,1,0,0,0,0,1,0,0,1,1,0,0,0,0,1,0,0,0,0,0,0,0,0,1,0,0,0,1,0,1,1,0,2,0,1,0,0,1,2,0,0,1,1,0,2,0,2,0,1,0,2,0,0,0,0,0,1,1,280,64
565,Female,0,6,591,19.4,1,0,1,1,2,2,2,2,2,1,2,2,1,2,2,1,1,1,2,1,2,0,2,0,1,2,1,2,1,1,1,0,0,1,2,1,2,2,2,1,1,1,1,1,1,0,1,1,1,1,0,0,1,1,0,1,1,2,2,0,2,2,1,1,1,1,1,2,1,1,1,1,1,1,2,1,1,0,1,1,2,1,1,0,1,0,1,1,1,2,1,1,2,2,1,1,1,1,2,2,1,1,2,1,2,2,1,1,1,1,0,2,2,1,2,1,2,1,2,1,1,2,1,0,1,2,1,1,0,2,0,2,1,1,1,1,1,1,1,1,0,1,0,0,1,1,0,0,1,0,0,1,1,1,1,2,1,0,1,0,2,1,1,1,0,1,0,0,1,1,1,1,1,0,1,1,0,1,2,2,1,1,2,0,2,0,0,1,1,1,1,1,1,1,0,0,1,0,0,0,0,1,0,1,1,0,0,1,0,0,1,0,1,0,0,1,1,1,1,1,1,1,0,0,1,1,0,0,2,0,1,0,0,0,1,1,2,0,1,2,1,0,0,0,1,1,1,1,1,2,2,0,1,1,2,0,1,2,2,2,2,1,1,2,1,1,1,1,0,0,1,1,1,1,2,0,1,1,1,1,1,1,2,1,1,0,1,1,1,1,0,1,1,1,0,1,1,1,0,1,2,2,0,1,1,1,1,1,1,1,1,1,0,2,1,1,1,1,1,1,1,1,2,0,0,1,1,1,1,0,1,1,2,1,0,1,0,1,1,1,2,0,1,1,0,1,0,1,1,0,0,0,1,1,0,0,0,1,1,0,1,0,0,0,0,1,0,0,1,1,0,0,0,0,1,0,0,0,0,0,0,0,0,1,0,0,0,1,0,1,1,0,2,0,1,0,0,1,2,0,0,1,1,1,2,1,2,0,1,1,2,0,0,0,0,1,1,1,298,72
565,Female,0,6,638,21,2,2,1,2,2,2,2,2,2,2,2,2,1,2,2,2,2,2,2,2,2,1,2,2,2,2,2,2,1,1,1,0,0,2,2,2,2,2,2,1,1,2,2,2,1,0,1,1,1,1,0,0,1,1,0,2,2,2,2,1,2,2,1,1,1,1,2,2,2,1,1,2,2,2,2,2,2,1,2,2,2,2,2,1,1,0,2,1,2,2,1,2,2,2,1,2,1,2,2,2,1,1,2,2,2,2,2,1,2,1,1,2,2,2,2,2,2,2,2,1,1,2,1,1,1,2,1,1,0,2,0,2,1,1,1,1,1,1,2,1,0,2,0,0,1,1,0,0,2,0,0,1,1,2,2,2,1,0,1,0,2,1,2,1,0,2,0,0,2,1,1,1,2,0,1,1,1,1,2,2,2,1,2,0,2,1,0,1,1,1,1,1,1,2,0,0,2,0,0,0,0,2,0,1,1,0,0,1,0,0,1,0,1,0,0,1,1,1,2,2,1,1,0,0,2,1,0,1,2,0,1,0,0,0,1,1,2,0,1,2,1,0,0,0,1,1,2,2,1,2,2,1,1,1,2,0,2,2,2,2,2,1,1,2,1,1,1,1,0,0,1,1,1,1,2,0,1,1,2,1,1,1,2,1,1,1,1,1,1,1,0,1,1,1,0,1,1,1,0,1,2,2,0,2,1,1,2,1,1,1,1,1,0,2,1,2,2,2,1,2,2,1,2,0,0,1,2,2,1,0,2,1,2,1,0,1,0,1,2,1,2,0,2,1,0,1,0,1,1,0,1,0,1,1,0,0,0,1,1,0,1,0,0,1,0,1,0,0,1,1,0,0,0,0,1,2,0,0,0,0,0,0,0,1,0,0,0,1,0,2,2,2,2,0,1,0,0,1,2,1,0,1,1,1,2,1,2,0,2,1,2,0,0,1,0,1,1,1,318,149
565,Female,0,6,717,23.6,2,2,1,2,2,2,2,2,2,2,2,2,2,2,2,2,2,2,2,2,2,1,2,2,2,2,2,2,2,1,1,1,1,2,2,2,2,2,2,2,2,2,2,2,2,0,2,2,2,2,1,1,2,2,0,2,2,2,2,1,2,2,2,2,2,2,2,2,2,2,1,2,2,2,2,2,2,2,2,2,2,2,2,1,2,0,2,2,2,2,2,2,2,2,2,2,2,2,2,2,2,2,2,2,2,2,2,2,2,2,2,2,2,2,2,2,2,2,2,2,2,2,2,2,2,2,2,2,0,2,0,2,1,2,2,2,2,2,2,2,0,2,1,0,1,1,0,0,2,0,0,2,2,2,2,2,2,1,2,0,2,2,2,2,2,2,1,2,2,2,2,2,2,0,2,2,1,2,2,2,2,2,2,0,2,2,0,2,2,2,2,2,1,2,2,1,2,1,0,0,0,2,1,2,1,2,0,1,0,2,2,0,2,1,1,1,1,2,2,2,2,2,0,0,2,2,0,2,2,2,1,2,0,0,2,2,2,0,2,2,1,2,1,0,2,2,2,2,2,2,2,2,2,2,2,0,2,2,2,2,2,2,1,2,2,2,2,1,2,0,1,1,2,2,2,2,2,2,2,2,1,2,2,1,1,1,1,1,2,1,0,2,2,2,0,2,2,2,0,1,2,2,0,2,2,2,2,1,2,2,2,2,1,2,1,2,2,2,1,2,2,2,2,0,0,2,2,2,2,0,2,1,2,2,0,2,2,2,2,2,2,1,2,2,2,2,0,2,2,2,2,0,2,1,0,2,0,2,1,0,2,2,2,1,2,1,0,0,1,2,2,0,0,0,1,2,0,0,0,2,2,0,0,1,0,0,0,2,0,2,2,2,2,0,1,0,0,2,2,1,1,1,2,2,2,1,2,2,2,2,2,1,0,1,1,1,1,1,357,290
565,Female,0,6,830,27.3,2,2,2,2,2,2,2,2,2,2,2,2,2,2,2,2,2,2,2,2,2,2,2,2,2,2,2,2,2,1,2,1,1,2,2,2,2,2,2,2,2,2,2,2,2,1,2,2,2,2,1,1,2,2,2,2,2,2,2,1,2,2,2,2,2,2,2,2,2,2,2,2,2,2,2,2,2,2,2,2,2,2,2,2,2,2,2,2,2,2,2,2,2,2,2,2,2,2,2,2,2,2,2,2,2,2,2,2,2,2,2,2,2,2,2,2,2,2,2,2,2,2,2,2,2,2,2,2,2,2,2,2,2,2,2,2,2,2,2,2,0,2,2,0,2,2,2,0,2,2,0,2,2,2,2,2,2,1,2,0,2,2,2,2,2,2,2,2,2,2,2,2,2,2,2,2,2,2,2,2,2,2,2,2,2,2,2,2,2,2,2,2,2,2,2,2,2,2,2,0,0,2,2,2,2,2,2,2,2,2,2,2,2,2,2,2,2,2,2,2,2,2,2,0,2,2,0,2,2,2,2,2,2,0,2,2,2,2,2,2,1,2,2,2,2,2,2,2,2,2,2,2,2,2,2,2,2,2,2,2,2,2,2,2,2,2,2,2,2,2,2,2,2,2,2,2,2,2,2,2,2,2,2,2,2,2,2,2,2,2,2,2,2,2,2,2,2,2,2,2,2,2,2,2,2,2,2,2,2,2,2,2,2,2,2,2,2,2,2,2,2,2,2,2,2,2,2,2,2,2,2,2,2,2,2,2,2,2,2,2,2,2,2,2,2,2,2,2,2,2,2,2,2,2,2,2,0,2,2,0,2,2,2,2,2,2,2,2,2,2,2,2,2,2,2,2,2,2,2,2,2,2,2,2,2,0,0,2,2,2,2,2,2,2,2,1,2,2,2,2,2,2,2,2,2,2,2,2,2,2,2,2,2,2,2,2,2,2,404,394
566,Male,0,2,553,18.2,1,2,1,2,1,1,1,1,2,2,2,1,1,1,1,1,1,1,1,2,1,0,1,0,2,0,2,1,1,0,1,0,0,1,1,1,0,0,1,0,0,1,1,0,1,0,0,0,1,1,0,1,1,2,1,1,1,2,2,0,2,1,1,1,2,0,0,1,2,0,0,2,1,0,2,2,2,0,2,1,2,1,1,0,2,0,1,0,0,1,1,0,2,1,1,1,0,0,1,1,1,1,1,1,1,2,1,1,0,1,0,2,0,1,1,2,0,0,1,1,1,2,0,0,1,1,1,1,0,2,0,2,1,0,1,1,1,1,1,1,0,1,0,0,1,1,1,0,0,1,0,0,0,2,1,1,1,1,1,0,1,1,1,0,1,1,0,0,1,2,0,1,0,0,0,0,1,1,0,1,0,1,1,0,1,1,1,0,1,0,1,1,1,1,1,1,0,0,0,1,0,1,0,1,1,1,0,1,0,0,0,0,1,1,0,1,0,0,1,2,1,0,0,0,2,1,0,0,2,0,0,0,0,1,1,1,1,1,1,2,2,1,0,0,1,1,2,2,1,2,2,0,0,1,2,1,2,1,2,2,1,1,1,1,1,0,0,1,1,1,1,1,1,1,1,0,2,1,1,1,1,1,1,1,1,1,1,1,1,0,1,1,0,1,0,1,1,1,0,0,1,1,0,1,1,1,1,1,1,1,1,0,0,1,1,1,1,1,1,1,1,0,0,0,0,1,1,1,1,1,1,1,1,1,0,0,0,1,0,1,0,1,1,1,0,0,0,0,1,0,0,0,2,0,0,0,0,0,0,0,1,0,1,0,0,1,0,0,1,0,0,0,0,0,1,1,0,0,0,0,0,0,0,0,0,0,0,0,0,0,1,0,1,1,0,1,0,0,2,1,0,1,1,1,1,0,0,0,0,0,1,1,0,0,0,0,0,1,258,46
566,Male,0,2,627,20.6,2,2,1,2,2,2,1,2,2,2,2,2,1,2,1,2,2,1,2,2,2,0,2,0,2,1,2,2,2,0,1,0,0,2,1,1,1,1,1,0,0,2,1,0,1,0,2,1,2,2,0,1,2,2,1,1,1,2,2,0,2,2,1,1,2,1,1,2,2,1,1,2,1,0,2,2,2,0,2,2,2,2,2,0,2,0,2,1,1,1,1,1,2,2,1,1,0,0,2,2,1,1,1,1,1,2,1,1,1,1,1,2,1,1,2,2,2,1,2,1,1,2,0,0,1,1,1,1,1,2,0,2,1,0,2,1,2,1,2,1,1,1,0,1,2,1,1,0,1,1,0,0,0,2,1,1,1,1,1,0,2,2,2,0,1,2,0,0,1,2,1,1,1,0,0,1,1,1,0,2,2,1,1,0,1,1,1,0,1,0,1,1,1,2,2,1,1,0,1,1,0,1,0,2,1,1,0,1,0,1,1,0,1,1,0,1,0,1,1,2,1,1,1,0,2,1,0,0,2,0,0,0,0,1,1,1,1,1,1,2,2,1,0,0,2,2,2,2,1,2,2,0,0,1,2,2,2,1,2,2,1,1,1,1,1,1,0,1,1,1,1,1,1,1,1,0,2,1,2,1,1,1,1,1,1,1,1,1,1,0,1,1,0,1,0,1,1,2,0,0,1,1,1,1,1,1,1,1,1,1,1,1,0,1,1,1,1,2,1,2,1,0,0,0,0,1,1,1,1,1,1,1,2,2,0,0,0,1,0,1,0,1,1,1,0,0,0,0,1,0,0,0,2,1,0,1,0,1,0,0,1,0,1,0,0,1,0,0,1,0,0,0,0,0,1,1,0,0,0,0,1,0,0,0,0,1,1,0,1,1,1,1,1,1,0,1,1,1,2,1,1,1,1,1,2,1,2,0,2,0,1,1,0,0,0,0,1,1,309,102
569,Female,0,2,298,9.8,0,0,0,0,0,0,0,0,0,0,0,0,0,0,0,0,0,0,0,0,0,0,0,0,0,0,0,0,0,0,0,0,0,0,0,0,0,0,0,0,0,0,0,0,0,0,0,0,0,0,0,0,0,0,0,0,0,0,0,0,0,0,0,0,0,0,0,0,0,0,0,0,0,0,0,0,0,0,0,0,0,0,0,0,0,0,0,0,0,0,0,0,0,0,0,0,0,0,0,0,0,0,0,0,0,0,0,0,0,0,0,0,0,0,0,0,0,0,0,0,0,0,0,0,0,0,0,0,0,0,0,0,0,0,0,0,0,0,0,0,0,0,0,0,0,0,0,0,0,0,0,0,0,0,0,0,0,0,0,0,0,0,0,0,0,0,0,0,0,0,0,0,0,0,0,0,0,0,0,0,0,0,0,0,0,0,0,0,0,0,0,0,0,0,0,0,0,0,0,0,0,0,0,0,0,0,0,0,0,0,0,0,0,0,0,0,0,0,0,0,0,0,0,0,0,0,0,0,1,0,0,0,0,0,0,0,0,0,0,1,0,0,0,0,0,0,1,0,0,0,1,0,0,0,0,0,0,0,1,0,0,0,0,0,0,0,0,0,0,0,0,0,0,0,0,0,0,0,0,0,0,1,0,0,0,0,0,0,0,0,0,0,0,0,0,0,0,0,0,0,1,0,0,0,0,0,0,0,0,0,0,0,0,0,0,0,0,0,0,0,0,0,0,0,0,0,0,0,0,0,0,0,0,0,0,0,0,0,0,0,0,0,0,0,0,0,0,0,0,0,0,0,0,0,0,0,0,0,0,0,0,0,0,0,0,0,0,0,0,0,0,0,0,0,0,0,0,0,0,0,0,0,0,0,0,0,0,0,0,0,0,0,0,0,0,0,0,0,0,0,0,0,0,0,0,0,0,0,0,0,0,0,0,0,0,0,0,0,7,0
569,Female,0,2,543,17.9,0,0,0,2,0,0,2,2,2,0,2,0,0,0,1,1,1,0,2,1,1,0,2,0,2,0,2,0,0,0,0,0,0,1,1,1,0,0,0,0,0,2,0,1,0,0,0,0,0,2,0,0,0,2,0,0,0,2,2,0,2,2,0,0,0,0,0,1,0,0,0,0,0,1,2,0,0,0,2,0,2,0,0,0,0,0,1,0,0,0,0,0,0,0,0,0,1,0,0,0,0,0,1,0,0,1,1,1,0,1,0,1,1,1,0,0,0,0,0,0,0,0,0,0,0,0,0,0,0,2,0,0,0,0,1,0,1,0,2,0,0,2,0,0,0,0,0,0,0,0,0,1,0,0,0,1,0,0,0,0,0,0,0,0,0,0,0,0,0,0,0,0,1,0,0,0,0,0,0,0,0,0,0,0,0,0,0,0,0,0,0,2,0,0,0,0,0,0,0,0,0,0,0,0,0,0,0,0,0,0,0,0,0,0,0,0,0,0,0,1,1,0,0,0,0,0,0,0,1,0,0,0,0,0,0,0,0,0,0,2,0,0,0,0,0,0,1,0,0,0,2,0,0,0,2,0,1,1,2,0,1,1,0,1,0,1,0,0,0,0,0,2,0,0,0,0,1,1,1,0,0,1,0,0,0,0,0,0,1,0,0,0,0,1,0,1,0,1,0,0,1,0,0,1,0,0,0,0,0,0,1,0,0,0,0,1,0,1,0,1,1,0,0,0,0,1,1,0,0,0,1,0,2,0,0,0,0,0,0,0,0,0,0,0,0,0,0,0,0,0,0,0,2,0,0,0,0,0,0,0,0,0,0,0,0,0,0,0,0,0,0,0,1,0,1,0,0,0,0,0,0,0,0,0,0,0,0,0,0,0,0,0,0,2,0,0,0,0,0,1,0,0,0,0,0,0,1,0,0,0,2,0,0,0,0,0,0,1,91,32
571,Male,0,4,510,16.8,0,0,0,0,0,0,2,0,2,0,0,0,0,0,0,0,0,0,0,0,0,0,0,0,0,0,0,0,0,0,0,0,0,0,0,0,0,0,0,0,0,0,0,0,0,0,0,0,0,0,0,0,0,0,0,0,0,0,0,0,0,0,0,0,0,0,0,0,0,0,0,0,0,0,0,0,0,0,0,0,0,0,0,0,0,0,0,0,0,0,0,0,0,0,0,0,0,0,0,0,0,0,0,0,0,0,0,0,0,0,0,0,0,0,0,0,0,0,0,0,0,0,0,0,0,0,0,0,0,1,0,0,0,0,0,0,0,0,0,0,0,0,0,0,0,0,0,0,0,0,0,0,0,0,0,0,0,0,0,0,0,0,0,0,0,0,0,0,0,0,0,0,0,0,0,0,0,0,0,0,0,0,0,0,0,0,1,0,0,0,0,0,0,0,0,0,0,0,0,0,0,0,0,0,0,0,0,0,0,0,0,0,0,0,0,0,0,0,0,0,0,0,0,0,0,0,0,0,0,0,0,0,0,0,0,1,1,0,0,1,1,0,0,0,0,0,2,0,1,2,2,0,0,0,1,0,1,0,0,0,0,0,0,0,0,0,0,0,0,0,0,0,0,0,0,0,0,0,0,0,0,0,0,0,0,0,0,0,0,0,0,0,0,0,0,0,0,0,0,0,0,0,0,0,0,0,0,0,0,0,0,0,0,0,0,0,0,0,0,0,0,0,0,0,0,0,0,0,0,0,0,0,0,0,0,0,0,0,0,0,0,0,0,0,0,0,0,0,0,0,0,0,0,0,0,0,0,0,0,0,0,0,0,0,0,0,0,0,0,0,0,0,0,0,0,0,0,0,0,0,0,0,0,0,0,0,0,0,0,0,0,0,0,0,0,0,0,0,0,0,0,0,0,0,0,0,0,0,0,0,0,0,0,0,0,0,0,0,14,5
571,Male,0,4,548,18,0,0,0,0,0,0,2,0,2,0,0,2,0,0,0,0,0,0,0,0,0,0,0,0,0,0,0,0,0,0,0,0,0,0,0,0,0,0,0,0,0,0,0,0,0,0,0,0,0,0,0,0,0,1,0,1,0,1,0,0,1,0,0,0,0,0,0,0,0,0,0,0,0,0,0,0,0,0,0,0,0,0,0,0,0,0,0,0,0,0,0,0,0,0,0,0,0,0,0,0,0,0,0,0,0,0,0,0,0,0,0,0,0,0,0,0,0,0,0,0,0,0,0,0,0,0,0,0,0,1,0,0,0,0,0,0,0,0,0,0,0,0,0,0,0,0,0,0,0,0,0,0,0,0,0,0,0,0,0,0,0,0,0,0,0,0,0,0,0,0,0,0,0,0,0,0,0,0,0,0,0,0,0,0,0,0,1,0,0,0,0,0,0,0,0,1,0,0,0,0,0,1,0,0,0,0,0,0,0,0,0,0,0,0,0,0,0,0,0,0,0,0,0,0,1,0,0,0,0,0,0,0,0,0,0,1,1,0,0,1,1,0,0,0,0,0,2,0,1,2,2,0,0,0,1,0,2,0,0,0,0,0,0,0,0,0,0,0,0,0,0,0,0,0,2,0,0,0,0,0,0,0,0,0,0,1,0,1,0,0,0,0,0,1,0,0,0,1,0,0,0,0,0,0,0,0,0,0,0,0,0,0,0,0,0,0,0,0,0,0,0,0,0,0,0,0,0,0,0,0,0,0,0,0,0,0,0,0,1,0,0,0,0,0,0,0,0,0,0,0,0,0,0,0,0,0,0,0,0,0,0,0,0,0,0,0,0,0,0,0,0,0,0,0,0,0,0,0,0,0,0,0,0,0,0,0,0,0,0,0,0,0,0,0,0,0,0,0,0,0,0,0,0,0,0,0,0,0,0,0,0,0,0,0,0,0,0,0,28,8
571,Male,0,4,653,21.5,0,0,0,0,0,0,2,0,2,0,0,2,0,0,0,0,0,0,0,0,0,0,1,0,0,0,0,0,0,0,0,0,0,0,0,0,0,0,0,0,0,0,0,0,0,0,0,0,0,1,0,0,0,1,0,1,1,1,0,0,1,1,0,0,0,0,1,1,0,0,0,0,0,0,0,0,0,0,0,0,0,0,0,0,0,0,0,0,0,0,0,0,0,0,0,0,0,0,0,0,0,0,0,0,0,0,0,0,0,0,0,1,0,1,0,0,0,0,0,0,1,0,0,0,0,1,0,0,0,2,0,0,0,0,1,0,0,0,0,0,0,0,0,0,0,0,0,0,0,0,0,0,0,0,0,0,0,0,0,0,0,0,0,0,0,0,0,0,0,0,0,0,0,0,0,0,0,0,0,0,0,0,0,0,0,0,1,0,0,0,0,0,0,0,0,1,0,0,0,0,0,1,0,0,0,0,0,0,0,0,0,0,0,0,0,0,1,0,0,0,1,0,0,0,1,0,0,0,0,0,0,0,0,0,0,1,1,0,0,2,2,0,0,0,1,0,2,0,2,2,2,0,0,1,2,0,2,0,2,0,0,0,0,1,0,1,0,0,0,0,0,0,0,0,2,0,0,0,0,0,0,0,0,0,0,1,0,1,0,0,0,0,1,1,0,0,0,1,0,0,0,0,0,0,0,0,0,0,0,0,0,1,0,0,0,0,0,0,0,0,0,0,0,0,0,0,1,0,0,0,0,0,1,0,0,0,0,0,1,0,0,0,0,0,0,0,0,0,0,0,0,0,0,0,0,0,0,1,0,0,0,0,0,0,0,0,0,0,0,0,0,0,0,0,1,0,0,0,0,0,0,0,0,0,0,0,0,0,0,0,1,0,0,0,0,0,0,0,0,0,0,2,0,0,0,0,0,0,0,0,0,0,0,0,0,0,0,0,54,15
571,Male,0,4,844,27.7,2,0,0,0,2,2,2,2,2,0,2,2,0,0,0,0,2,2,2,0,2,0,2,2,2,2,2,2,2,0,0,0,2,2,2,0,0,0,2,0,0,2,0,0,2,0,0,0,0,2,0,0,2,2,0,1,2,2,0,0,2,2,0,2,2,0,2,2,2,0,0,2,0,0,2,0,0,2,0,0,2,0,0,0,2,0,2,2,0,0,0,0,0,0,0,0,0,0,2,2,1,2,0,0,0,2,2,0,0,1,0,2,0,1,2,0,0,2,2,0,2,0,0,0,0,2,0,0,0,2,0,2,0,0,2,0,0,0,0,0,0,2,0,0,0,0,0,0,0,0,0,2,0,2,0,2,0,0,0,0,0,0,0,0,2,2,0,0,2,0,0,0,0,0,0,0,0,0,1,0,0,2,0,0,1,0,1,0,0,0,0,2,0,0,0,1,2,0,0,1,0,1,0,2,0,0,0,0,0,0,0,0,0,0,0,0,2,0,2,0,2,2,0,0,2,0,0,0,0,0,0,0,0,0,0,2,2,0,0,2,2,0,0,0,2,2,2,0,2,2,2,0,0,2,2,0,2,2,2,2,2,0,0,2,0,1,0,0,0,0,0,0,0,0,2,0,2,2,2,0,0,0,0,0,0,1,0,1,2,0,0,0,2,2,0,2,0,2,0,0,2,2,0,0,2,0,0,2,0,0,0,2,0,2,0,2,0,2,0,2,2,2,2,0,0,0,2,2,0,0,0,0,2,0,0,0,0,0,2,0,0,1,0,0,0,0,0,1,0,0,0,0,2,0,0,0,2,1,0,0,0,0,0,0,0,0,1,0,0,1,0,0,0,0,1,0,0,0,0,0,0,0,0,0,0,0,0,0,0,0,1,0,0,0,0,0,0,0,2,0,0,2,2,0,0,0,0,0,0,0,0,0,0,0,0,0,0,0,141,122
574,Male,0,2,553,18.2,2,2,0,0,2,2,0,2,2,0,0,2,0,2,2,0,0,0,2,0,2,0,2,0,0,0,2,0,0,0,0,0,0,0,0,0,0,0,2,0,0,2,2,0,0,0,0,0,0,0,0,0,2,2,0,0,0,2,2,0,2,2,0,0,2,0,2,2,1,0,0,0,0,0,0,0,0,0,2,0,2,1,0,0,0,0,2,0,0,0,0,0,0,0,1,0,0,0,1,1,0,1,1,1,1,1,1,1,1,0,0,1,2,0,1,0,2,0,2,0,0,2,0,0,0,0,0,0,0,1,0,1,0,0,2,0,0,0,0,0,1,1,0,0,0,0,0,0,0,0,0,1,0,1,0,1,0,0,0,0,0,0,0,0,0,0,0,0,1,0,0,0,1,0,0,0,0,0,0,0,0,0,0,0,1,1,1,0,2,0,1,0,0,2,0,1,0,0,0,1,0,0,1,1,0,0,0,0,0,0,0,0,0,0,0,0,0,0,0,1,1,0,0,0,2,0,0,0,2,0,0,0,0,0,0,1,1,0,0,2,0,0,0,0,2,0,2,0,0,1,0,0,0,2,1,1,2,0,2,0,1,1,0,1,1,1,0,0,0,0,0,0,0,0,1,0,1,0,1,0,0,1,0,0,0,0,1,1,0,0,0,0,0,0,0,1,0,1,0,0,2,0,0,0,0,0,0,0,0,0,0,1,0,1,0,1,1,1,0,0,1,0,0,0,0,0,0,0,0,0,0,0,2,1,2,0,0,0,0,0,0,0,0,0,0,0,0,1,1,0,0,0,2,0,0,0,0,0,0,0,0,0,0,0,0,0,0,0,0,0,0,0,0,0,0,0,0,0,0,0,0,0,0,0,0,0,0,0,0,0,2,0,0,0,0,0,0,0,0,0,0,0,0,2,0,0,0,0,0,0,0,0,0,0,0,0,0,0,110,49
574,Male,0,2,612,20.1,2,2,0,2,2,2,2,2,2,0,2,2,0,2,2,2,2,0,2,0,2,0,2,0,2,0,2,2,0,0,0,0,0,0,0,0,2,0,2,0,0,2,2,0,0,0,0,0,2,2,0,0,2,2,0,0,0,2,2,0,2,2,0,0,2,0,2,2,2,2,0,2,0,0,2,0,2,0,2,0,2,1,0,0,2,0,2,0,0,0,0,0,2,0,1,0,0,0,2,2,0,2,2,1,2,2,2,2,2,2,0,2,2,2,2,0,2,0,2,0,0,2,0,0,0,2,0,1,0,1,0,2,0,0,2,1,2,1,1,0,1,1,1,0,1,1,0,0,2,0,0,1,0,1,0,1,0,0,0,0,1,0,1,0,1,0,0,0,2,0,0,0,1,2,0,0,2,0,1,0,0,0,1,0,1,1,2,0,2,0,1,2,0,2,0,1,0,0,0,1,0,2,1,1,1,0,0,0,0,0,0,0,0,0,0,0,0,0,2,1,1,0,0,0,2,0,0,0,2,0,1,0,0,0,0,2,1,0,0,2,2,0,0,0,2,1,2,1,0,1,2,0,1,2,2,1,2,0,2,0,1,2,0,2,1,1,0,1,0,0,0,0,0,1,1,0,1,0,2,0,0,1,1,1,0,0,1,1,2,0,0,0,0,0,0,1,0,2,0,0,2,0,0,1,1,0,0,0,1,0,0,1,0,1,0,1,1,1,1,0,1,1,0,0,0,0,0,1,0,0,0,0,2,1,2,0,0,0,2,0,0,0,0,0,0,0,0,1,1,0,0,0,2,0,0,0,0,0,0,0,0,0,0,0,0,0,0,0,1,0,0,0,0,0,0,0,0,0,0,0,0,0,0,0,0,0,0,0,0,1,2,0,0,0,0,0,0,0,1,0,0,0,0,2,0,0,0,0,0,0,0,0,0,0,0,0,0,0,170,100
575,Female,0,3,542,17.8,2,1,1,2,2,2,0,2,2,2,2,1,1,1,1,1,1,2,1,1,1,0,1,1,2,1,1,1,1,1,1,0,0,1,1,1,1,1,1,0,1,1,1,0,1,0,1,1,1,1,0,0,1,2,0,1,1,2,1,1,2,2,1,0,2,1,2,2,1,1,0,1,1,1,1,1,1,0,1,0,1,1,1,1,1,1,1,1,1,1,0,1,1,1,2,1,1,0,1,2,1,1,1,1,1,1,1,1,1,1,0,1,1,1,1,2,0,2,1,1,1,1,1,0,0,2,1,0,0,1,1,1,1,1,1,1,1,1,1,1,1,1,1,0,1,1,1,0,1,1,0,1,1,1,1,1,1,1,1,0,2,0,1,1,2,1,0,1,2,1,1,1,2,0,2,1,0,1,1,1,1,2,1,0,1,1,1,1,1,1,1,0,1,2,0,0,1,0,0,1,0,1,0,1,1,0,0,1,0,1,0,0,1,0,0,1,0,1,1,1,1,1,1,0,2,1,0,0,2,0,1,0,0,0,1,2,2,1,1,2,0,0,0,0,1,1,2,0,1,1,2,1,1,1,2,0,2,1,2,1,1,1,1,1,1,1,1,1,1,1,1,1,1,1,1,1,1,1,1,0,1,1,1,1,1,1,1,1,1,1,1,1,1,1,0,1,1,1,0,0,1,0,1,1,1,1,1,0,1,1,1,1,1,1,1,1,1,1,0,1,1,1,1,1,1,1,1,1,1,1,1,0,2,0,1,1,2,1,1,1,0,0,1,0,1,0,0,1,1,2,1,0,1,1,1,1,0,1,0,0,1,1,1,0,1,1,1,1,1,1,1,0,1,0,1,0,0,1,0,0,1,0,0,0,0,0,0,0,0,0,1,0,1,1,1,1,0,1,1,1,0,1,1,1,1,1,1,0,1,0,2,0,0,0,1,0,0,1,315,43
575,Female,0,3,607,20,2,2,1,2,2,2,2,2,2,2,2,1,1,1,2,1,1,2,2,1,1,0,2,1,2,1,1,1,1,1,1,0,0,1,1,1,1,1,1,0,1,1,1,0,1,0,1,1,1,1,0,1,1,2,0,1,1,2,2,1,2,2,1,1,2,1,2,2,1,1,0,1,1,1,1,1,1,0,1,0,1,1,1,1,1,1,1,1,1,1,0,1,2,2,2,1,1,1,2,2,1,1,1,1,1,2,1,1,2,1,1,2,2,2,2,2,1,2,1,1,1,2,1,0,0,2,1,1,0,1,1,1,1,2,2,1,2,1,1,1,2,2,1,0,1,1,1,0,1,1,0,1,1,1,1,2,1,1,1,0,2,0,2,1,2,1,0,1,2,1,1,1,2,0,2,1,0,2,1,1,1,2,1,0,1,1,2,1,1,1,1,0,1,2,0,0,1,1,0,1,0,1,0,2,1,0,0,1,0,1,1,1,1,1,1,1,0,1,1,1,1,2,1,1,2,1,0,0,2,0,1,0,0,0,1,2,2,1,1,2,0,0,0,0,1,1,2,0,1,1,2,1,1,2,2,1,2,2,2,2,2,1,1,1,1,1,1,1,1,1,1,1,1,1,1,1,1,1,1,1,1,1,1,1,1,1,1,1,1,1,1,1,1,1,1,1,1,1,1,1,1,1,1,2,2,1,1,1,1,1,1,1,1,1,1,1,1,1,1,1,2,1,1,1,1,1,2,1,1,1,1,0,2,1,1,1,2,1,1,1,2,2,2,2,1,1,1,1,1,2,1,1,2,1,1,1,0,1,1,0,1,2,1,1,1,1,1,1,1,1,1,1,1,0,1,0,0,1,0,1,1,0,0,0,0,0,0,0,0,0,1,0,1,1,1,1,1,1,1,1,1,1,1,1,1,1,1,2,1,0,2,1,1,0,1,0,0,1,352,85
575,Female,0,3,724,23.8,2,2,1,2,2,2,2,2,2,2,2,2,2,2,2,2,2,2,2,2,2,0,2,2,2,2,2,2,2,1,2,1,0,2,2,2,2,2,2,0,2,1,2,2,2,0,2,2,2,2,0,2,2,2,1,2,2,2,2,2,2,2,2,2,2,2,2,2,2,2,1,2,2,1,2,2,2,0,2,1,2,2,1,1,2,2,2,2,1,2,1,2,2,2,2,2,2,2,2,2,2,2,2,1,2,2,2,2,2,2,2,2,2,2,2,2,2,2,2,1,2,2,1,1,1,2,1,1,1,2,1,2,2,2,2,1,2,1,2,2,2,2,1,0,1,2,1,0,2,2,0,1,1,2,2,2,2,2,1,1,2,0,2,2,2,2,2,1,2,2,2,2,2,1,2,2,0,2,2,2,2,2,2,0,2,2,2,2,2,1,2,1,1,2,0,2,1,1,0,1,0,2,0,2,1,2,0,2,0,2,2,1,1,1,1,1,1,2,1,2,2,2,2,1,2,2,0,0,2,2,1,0,0,0,1,2,2,2,2,2,2,2,0,2,2,1,2,0,2,2,2,1,1,2,2,1,2,2,2,2,2,1,1,2,1,1,1,1,2,1,1,2,2,1,2,1,2,2,1,1,1,1,1,1,1,1,1,1,1,1,1,2,1,1,2,2,1,2,1,2,2,2,1,2,2,1,2,1,1,1,2,1,1,1,1,2,2,2,1,1,2,1,2,1,1,1,2,1,2,1,2,0,2,1,1,1,2,2,2,2,2,2,2,2,1,1,1,1,1,2,2,1,2,1,1,1,0,2,2,0,2,2,1,1,1,1,1,1,1,2,2,1,1,0,1,0,0,1,1,1,1,0,0,0,0,0,0,0,0,0,2,2,1,1,2,1,1,2,2,1,1,1,1,1,1,1,2,2,1,2,2,1,1,0,1,1,2,1,377,237
576,Female,0,2,631,20.7,2,2,0,2,2,2,1,2,2,0,2,2,0,2,2,2,2,1,2,2,2,2,2,1,2,1,2,2,2,0,2,0,0,2,2,2,2,2,2,1,0,2,2,0,1,0,0,2,0,2,2,0,2,2,0,2,2,2,2,0,2,2,1,2,2,2,2,2,2,2,1,2,2,0,2,2,2,0,2,2,2,1,2,0,2,1,2,2,2,2,0,2,0,2,1,2,0,1,2,2,2,2,2,1,2,2,2,2,1,2,1,2,2,2,2,2,2,2,2,2,2,2,0,0,2,2,1,1,0,2,0,2,1,0,2,1,2,1,2,1,0,2,1,0,2,2,1,0,2,1,0,1,1,2,2,2,1,2,1,0,2,2,2,2,2,2,0,1,2,2,2,2,2,2,0,2,0,2,2,2,1,1,2,0,1,2,0,2,2,0,2,2,0,2,0,0,0,0,0,2,0,2,0,2,1,0,0,2,0,2,1,1,2,0,0,0,2,2,2,1,1,2,0,0,2,2,0,0,2,0,0,0,0,0,2,2,2,2,2,2,2,0,0,1,2,2,2,1,1,2,0,0,0,1,0,0,0,2,2,0,2,1,0,2,1,1,0,1,0,1,1,2,2,2,2,0,1,2,1,2,0,1,0,1,0,0,1,1,1,0,1,2,0,1,1,1,0,2,0,2,2,1,0,2,1,1,1,1,1,1,2,0,0,2,1,1,2,1,1,2,2,2,2,1,0,1,2,2,2,0,2,0,2,2,2,2,2,1,2,2,1,2,1,2,0,1,2,1,2,2,1,0,2,0,1,1,0,2,1,0,2,2,2,0,2,0,0,0,2,2,2,0,1,0,1,1,2,1,1,0,2,1,0,0,0,0,0,0,0,2,0,0,0,0,0,0,2,2,2,2,2,2,2,2,0,0,2,0,2,0,2,0,2,0,1,0,1,2,300,212
576,Female,0,2,721,23.7,2,2,2,2,2,2,2,2,2,2,2,2,2,2,2,2,2,2,2,2,2,2,2,2,2,2,2,2,2,2,2,2,2,2,2,2,2,2,2,2,2,2,2,0,2,0,2,2,2,2,2,2,2,2,0,2,2,2,2,2,2,2,2,2,2,2,2,2,2,2,2,2,2,2,2,2,2,2,2,2,2,2,2,2,2,2,2,2,2,2,2,2,0,2,2,2,2,2,2,2,2,2,2,2,2,2,2,2,2,2,2,2,2,2,2,2,2,2,2,2,2,2,2,1,2,2,2,2,1,2,1,2,2,2,2,2,2,2,2,2,0,2,2,1,2,2,2,0,2,2,0,2,2,2,2,2,2,2,2,0,2,2,2,2,2,2,2,2,2,2,2,2,2,2,2,2,0,2,2,2,2,2,2,2,2,2,2,2,2,0,2,2,1,2,2,0,2,2,0,2,0,2,2,2,2,2,2,2,0,2,2,2,2,2,0,2,2,2,2,2,2,2,2,0,2,2,0,0,2,2,2,0,2,0,2,2,2,2,2,2,2,0,0,2,2,2,2,2,2,2,0,2,0,2,2,0,2,2,2,0,2,2,2,2,2,2,2,2,2,2,2,2,2,2,2,0,2,2,2,2,2,2,1,2,2,1,2,2,2,2,2,2,2,2,2,2,2,2,1,2,2,2,2,2,2,2,2,2,2,2,2,2,2,2,2,2,2,2,2,2,2,2,2,2,2,2,2,2,2,2,2,2,2,2,2,2,2,2,2,2,2,2,2,2,1,2,2,2,2,2,2,2,2,2,2,2,0,2,2,0,2,2,2,2,2,2,1,1,2,2,2,1,1,0,1,2,2,2,2,2,2,2,1,1,1,1,1,1,2,2,2,2,2,2,2,0,2,2,2,2,2,2,2,2,2,2,2,2,2,2,2,1,2,0,2,0,2,2,384,364
577,Female,0,2,603,19.8,2,0,0,0,2,2,1,0,2,0,2,2,1,0,0,2,0,0,1,0,1,0,1,0,0,1,0,0,1,0,1,0,0,1,1,0,0,0,1,0,0,1,1,0,0,0,0,0,1,1,0,0,1,2,0,1,0,2,1,0,2,1,1,0,1,1,2,2,1,1,0,1,1,0,1,0,0,0,1,0,0,1,0,0,0,0,1,0,1,1,0,0,0,1,1,1,1,1,1,1,1,1,1,1,1,1,1,1,0,0,0,1,1,1,1,1,1,1,1,1,1,1,1,0,1,1,2,1,0,2,0,2,1,1,2,1,1,1,1,0,1,2,1,0,0,1,1,0,0,0,0,1,0,1,1,1,1,0,0,0,2,2,1,0,0,1,0,0,0,0,1,1,1,0,0,1,1,1,0,0,0,1,0,0,2,1,2,1,0,0,1,1,1,1,1,0,0,0,0,1,0,1,0,1,1,0,0,1,0,2,0,0,1,1,0,1,1,0,1,1,1,1,0,0,2,0,0,0,2,0,0,0,0,1,0,2,2,0,0,2,2,0,0,0,2,2,2,1,1,2,1,1,1,2,2,0,2,2,2,1,1,1,1,2,1,1,0,0,0,1,1,1,0,1,1,0,1,0,1,0,1,1,1,0,0,1,0,0,0,0,1,1,0,1,1,1,1,1,1,1,1,1,0,1,1,1,1,1,1,1,1,1,0,1,1,1,1,1,1,1,1,1,0,1,1,1,2,1,1,0,1,0,2,1,0,0,0,0,1,0,1,0,1,0,1,1,0,1,1,0,1,0,1,1,0,1,0,1,1,0,1,0,1,0,1,1,1,1,1,1,0,0,0,0,1,0,0,0,0,0,1,0,0,0,0,0,0,0,0,1,0,1,0,0,1,0,0,0,1,0,1,1,1,1,1,1,2,1,1,1,1,0,0,0,0,0,0,0,243,41
577,Female,0,2,721,23.7,2,1,0,0,2,2,2,2,2,2,2,2,2,2,2,2,1,0,2,0,2,0,1,0,1,1,1,0,1,0,1,0,1,1,1,1,1,1,1,0,0,2,2,0,1,0,0,1,1,2,0,0,1,2,0,1,1,2,1,0,2,2,2,1,2,2,2,2,1,1,0,1,1,1,1,0,1,0,2,1,1,1,1,0,1,0,1,1,1,1,1,1,0,1,2,2,1,1,2,2,1,2,1,2,1,2,2,2,2,1,2,2,2,2,2,2,2,2,2,2,1,2,1,0,1,1,2,1,0,2,0,2,1,1,2,1,2,1,1,1,1,2,1,0,0,1,1,0,1,1,0,1,1,2,2,2,1,0,0,0,2,2,2,2,1,2,2,0,2,1,1,1,1,1,1,1,1,1,1,2,1,2,2,0,2,1,2,1,1,1,1,1,1,1,1,1,1,0,0,2,0,1,0,2,1,0,0,1,0,2,2,0,1,1,0,1,1,1,2,1,2,1,1,0,2,1,0,0,2,1,0,0,0,1,1,2,2,1,2,2,2,0,0,0,2,2,2,1,1,2,1,2,2,2,2,0,2,2,2,1,2,1,2,2,1,2,0,0,2,1,1,1,1,1,1,0,2,2,1,1,1,1,1,1,1,1,1,1,2,1,1,1,1,2,1,1,2,2,1,1,2,1,0,2,2,2,2,1,1,1,2,1,0,2,1,2,1,1,2,2,1,1,1,1,1,2,2,2,2,1,1,1,2,1,0,1,1,1,1,1,2,1,2,1,1,1,0,1,1,0,2,0,2,1,0,1,0,1,1,0,2,0,2,0,1,2,1,1,1,1,0,0,1,0,1,1,0,0,1,2,2,1,1,0,0,0,0,1,1,2,2,2,0,0,1,1,1,1,2,1,1,1,1,2,1,1,2,1,1,1,2,1,1,0,0,0,0,0,333,136
579,Female,0,3,544,17.9,2,2,0,2,2,2,1,2,2,2,2,2,1,2,2,2,2,2,2,2,2,0,2,0,2,1,2,2,2,0,2,0,0,2,2,2,2,2,2,0,2,2,2,2,0,0,2,2,0,2,2,2,2,2,0,2,2,2,2,0,2,2,2,2,2,2,2,2,2,1,2,2,1,0,2,2,2,2,2,2,2,1,2,1,2,0,2,2,2,2,0,0,2,2,2,2,2,2,2,2,2,2,2,2,2,2,2,2,2,2,2,2,2,2,2,2,2,2,2,1,2,2,1,1,1,2,0,1,0,2,0,2,2,2,2,1,2,2,2,1,2,2,1,0,1,2,1,0,2,1,1,1,1,2,2,2,2,1,0,0,2,2,2,2,1,2,2,0,2,0,2,1,1,1,0,2,0,2,2,2,2,2,0,0,2,2,2,2,2,0,2,2,1,2,0,0,2,0,2,2,0,2,0,2,1,0,0,2,0,2,2,1,2,0,2,1,1,2,2,2,2,2,1,0,2,2,0,1,2,0,2,2,0,0,2,2,2,2,2,2,2,2,0,0,2,2,2,2,1,2,2,1,2,2,2,0,2,2,2,2,2,2,1,2,2,2,1,1,2,1,1,1,1,2,2,0,1,2,2,1,2,1,1,1,1,1,1,1,2,1,1,2,1,1,1,2,1,2,0,1,2,2,2,2,2,2,1,1,1,1,1,1,1,2,2,1,1,2,1,1,1,1,2,1,1,1,1,2,1,0,2,0,2,2,0,1,0,1,2,2,1,2,2,2,1,0,0,1,0,0,2,0,2,1,0,0,0,0,2,0,2,0,2,1,1,2,1,1,1,2,0,1,1,1,1,1,1,2,0,2,2,0,0,0,0,1,1,1,0,1,2,1,0,0,2,0,0,2,2,2,1,1,2,1,1,1,1,0,2,0,2,1,0,0,0,1,0,1,337,230
579,Female,0,3,622,20.4,2,2,0,2,2,2,1,2,2,2,2,2,1,2,2,2,2,2,2,2,2,0,2,0,2,2,2,2,2,0,2,1,1,2,2,2,2,2,2,0,2,2,2,2,2,0,2,2,0,2,2,2,2,2,1,2,2,2,2,1,2,2,2,2,2,2,2,2,2,2,2,2,2,2,2,2,2,2,2,2,2,2,2,2,2,0,2,2,2,2,0,0,2,2,2,2,2,2,2,2,2,2,2,2,2,2,2,2,2,2,2,2,2,2,2,2,2,2,2,2,2,2,1,1,2,2,0,2,0,2,0,2,2,2,2,2,2,2,2,1,2,2,2,0,2,2,1,0,2,1,1,1,2,2,2,2,2,2,2,0,2,2,2,2,2,2,2,2,2,2,2,2,2,2,1,2,0,2,2,2,2,2,2,2,2,2,2,2,2,2,2,2,1,2,0,0,2,0,2,2,1,2,0,2,2,0,0,2,2,2,2,2,2,0,2,2,1,2,2,2,2,2,2,0,2,2,0,1,2,2,2,2,0,0,2,2,2,2,2,2,2,2,0,0,2,2,2,2,1,2,2,2,2,2,2,2,2,2,2,2,2,2,1,2,2,2,2,2,2,2,2,2,2,2,2,0,2,2,2,2,2,2,2,1,2,2,1,2,2,2,2,2,1,2,1,2,2,2,0,2,2,2,2,2,2,2,2,1,2,2,2,2,2,2,2,2,2,2,2,2,2,2,2,1,1,2,2,2,2,2,2,2,2,2,2,2,2,2,2,2,2,2,2,2,1,0,0,2,2,2,2,2,2,1,0,2,0,2,2,0,2,2,2,1,2,2,2,2,2,2,2,1,1,1,2,2,1,2,2,2,2,0,0,2,0,1,1,1,2,2,2,2,0,0,2,0,2,2,2,2,2,2,2,2,2,2,2,2,2,2,2,1,2,2,2,2,0,2,374,336
579,Female,0,3,814,26.8,2,2,0,2,2,2,2,2,2,2,2,2,2,2,2,2,2,2,2,2,2,0,2,2,2,2,2,2,2,1,2,2,2,2,2,2,2,2,2,2,2,2,2,2,2,0,2,2,2,2,2,2,2,2,2,2,2,2,2,2,2,2,2,2,2,2,2,2,2,2,2,2,2,2,2,2,2,2,2,2,2,2,2,2,2,0,2,2,2,2,2,2,2,2,2,2,2,2,2,2,2,2,2,2,2,2,2,2,2,2,2,2,2,2,2,2,2,2,2,2,2,2,2,2,2,2,2,2,2,2,2,2,2,2,2,2,2,2,2,2,2,2,2,0,2,2,2,0,2,2,1,2,2,2,2,2,2,2,2,2,2,2,2,2,2,2,2,2,2,2,2,2,2,2,2,2,2,2,2,2,2,2,2,2,2,2,2,2,2,2,2,2,2,2,2,2,2,2,2,2,2,2,0,2,2,2,2,2,2,2,2,2,2,2,2,2,2,2,2,2,2,2,2,2,2,2,2,2,2,2,2,2,2,2,2,2,2,2,2,2,2,2,0,2,2,2,2,2,2,2,2,2,2,2,2,2,2,2,2,2,2,2,2,2,2,2,2,2,2,2,2,2,2,2,2,2,2,2,2,2,2,2,2,2,2,2,2,2,2,2,2,2,2,2,2,2,2,2,2,2,2,2,2,2,2,2,2,2,2,2,2,2,2,2,2,2,2,2,2,2,2,2,2,2,2,2,2,2,2,2,2,2,2,2,2,2,2,2,2,2,2,2,2,2,2,2,2,2,2,2,2,2,2,2,2,2,2,2,2,2,2,2,2,2,2,2,2,2,2,2,2,2,2,2,2,2,2,2,2,2,2,2,2,2,2,2,2,2,2,2,2,2,2,2,2,2,2,2,2,2,2,2,2,2,2,2,2,2,2,2,2,2,2,2,2,2,2,2,410,408
582,Female,0,2,484,15.9,2,0,0,2,1,2,0,1,2,0,0,0,0,0,0,0,0,0,2,0,1,0,2,1,1,1,0,1,1,0,1,0,0,1,1,0,0,0,1,0,0,1,0,0,1,0,0,0,0,0,0,0,0,1,0,1,0,1,0,0,1,0,1,1,0,0,1,2,1,0,0,1,1,1,1,0,0,0,1,0,0,1,0,0,0,0,0,0,0,1,0,0,0,1,1,0,0,0,0,0,0,1,0,0,0,1,1,1,0,1,0,1,1,1,0,0,1,0,1,1,1,0,0,0,0,1,0,0,0,1,0,0,0,0,1,1,1,1,1,1,1,2,0,0,1,1,1,0,0,0,0,1,0,1,1,1,0,0,0,0,0,0,0,0,0,0,0,0,0,0,0,0,0,0,0,1,0,0,0,0,0,0,0,0,0,0,1,0,0,0,1,0,1,0,0,0,1,0,0,1,0,1,0,0,0,0,0,1,0,0,0,0,0,0,0,0,0,1,0,1,1,0,0,0,0,1,1,0,2,0,0,0,0,0,0,0,0,0,0,2,0,0,0,0,1,0,2,0,0,0,0,0,0,2,2,0,1,0,1,0,1,0,0,2,0,0,0,0,0,0,0,0,0,0,1,0,0,0,0,0,0,0,0,0,0,0,0,1,0,0,0,0,0,1,0,0,0,1,0,0,2,0,0,0,0,0,0,0,1,0,0,0,0,0,0,1,0,1,0,0,0,1,0,0,0,0,1,0,0,0,0,0,0,0,0,0,0,0,1,0,0,0,0,0,0,0,0,1,0,0,0,0,0,0,0,0,0,0,0,0,0,0,0,0,0,0,0,0,0,0,0,0,0,0,0,0,0,0,0,0,0,0,0,0,0,0,0,0,0,0,1,0,0,0,0,0,0,0,0,1,0,0,0,0,0,0,0,0,0,0,0,0,0,0,0,0,0,0,104,15
582,Female,0,2,602,19.8,2,2,0,2,2,2,0,1,2,0,1,0,1,0,0,0,0,1,2,1,1,0,2,2,2,1,0,1,1,0,2,2,0,2,2,0,0,0,1,0,0,1,0,0,1,0,0,0,0,1,1,0,2,2,0,2,2,2,1,0,2,2,2,2,0,0,2,2,2,2,0,2,2,1,1,0,0,0,2,0,0,1,0,0,2,0,0,0,1,2,0,0,0,1,1,2,1,0,2,2,2,1,2,2,2,2,2,2,2,2,0,2,2,2,2,0,2,0,2,1,1,2,1,1,1,1,1,1,1,2,0,2,1,1,1,1,1,1,1,1,1,2,0,0,1,1,1,0,0,0,0,1,1,1,1,1,1,0,0,1,0,0,1,0,1,0,1,0,0,0,1,1,1,0,1,1,0,0,0,0,0,0,0,0,0,0,1,1,0,0,1,0,1,0,0,0,1,0,0,1,0,1,0,1,1,0,0,1,0,0,0,0,1,1,0,0,2,1,0,1,1,1,1,0,2,1,1,0,2,0,0,0,0,0,0,2,2,0,0,2,2,0,0,0,1,0,2,0,1,0,2,0,0,2,2,0,1,2,1,0,1,1,0,2,0,0,0,0,0,0,1,0,0,1,2,0,1,1,1,0,0,1,0,0,0,0,0,1,2,0,0,0,0,1,0,1,0,1,0,0,2,0,0,0,1,0,0,0,1,1,0,0,1,0,0,1,0,1,0,1,1,1,0,0,0,1,1,1,1,0,0,1,2,0,0,0,0,0,1,0,1,0,1,0,0,0,0,1,0,0,0,0,2,0,0,0,0,0,0,0,1,0,0,0,1,0,0,1,0,1,0,0,0,0,1,0,0,0,1,0,0,0,0,0,0,0,0,0,0,1,2,0,0,0,0,0,0,0,2,1,0,1,1,2,2,1,0,0,0,0,0,0,0,0,0,0,0,0,199,76
585,Male,0,2,273,9,0,0,0,0,0,0,0,0,0,0,0,0,0,0,0,0,0,0,0,0,0,0,0,0,0,0,0,0,0,0,0,0,0,0,0,0,0,0,0,0,0,0,0,0,0,0,0,0,0,0,0,0,0,0,0,0,0,0,0,0,0,0,0,0,0,0,0,0,0,0,0,0,0,0,0,0,0,0,0,0,0,0,0,0,0,0,0,0,0,0,0,0,0,0,0,0,0,0,0,0,0,0,0,0,0,0,0,0,0,0,0,0,0,0,0,0,0,0,0,0,0,0,0,0,0,0,0,0,0,0,0,0,0,0,0,0,0,0,0,0,0,0,0,0,0,0,0,0,0,0,0,0,0,0,0,0,0,0,0,0,0,0,0,0,0,0,0,0,0,0,0,0,0,0,0,0,0,0,0,0,0,0,0,0,0,0,0,0,0,0,0,0,0,0,0,0,0,0,0,0,0,0,0,0,0,0,0,0,0,0,0,0,0,0,0,0,0,0,0,0,0,0,0,0,0,0,0,0,2,0,0,0,0,0,0,0,0,0,0,1,0,0,0,0,0,0,0,0,0,0,0,0,0,0,1,0,0,0,0,0,0,0,0,0,0,0,0,0,0,0,0,0,0,0,0,0,0,0,0,0,0,0,0,0,0,0,0,0,0,0,0,0,0,0,0,0,0,0,0,0,0,0,0,0,0,0,0,0,0,0,0,0,0,0,0,0,0,0,0,0,0,0,0,0,0,0,0,0,0,0,0,0,0,0,0,0,0,0,0,0,0,0,0,0,0,0,0,0,0,0,0,0,0,0,0,0,0,0,0,0,0,0,0,0,0,0,0,0,0,0,0,0,0,0,0,0,0,0,0,0,0,0,0,0,0,0,0,0,0,0,0,0,0,0,0,0,0,0,0,0,0,0,0,0,0,0,0,0,0,0,0,0,0,0,0,0,0,0,3,1
585,Male,0,2,368,12.1,0,2,0,0,0,0,0,0,2,0,0,1,0,0,0,0,0,0,0,0,0,0,2,0,2,0,0,0,0,0,0,0,0,0,0,0,0,0,0,0,0,0,0,0,0,0,0,0,0,0,0,0,0,0,0,0,0,0,0,0,0,0,0,0,0,0,0,0,0,0,0,0,0,0,0,0,0,0,0,0,0,0,0,0,0,0,1,0,0,0,0,0,0,0,0,0,0,0,0,0,0,0,0,0,0,0,0,0,0,0,0,0,0,0,0,0,0,0,0,0,0,0,0,0,0,0,0,0,0,0,0,0,0,0,0,0,0,0,0,0,0,0,0,0,0,0,0,0,0,0,0,0,0,0,0,0,0,0,0,0,0,0,0,0,0,0,0,0,0,0,0,0,0,0,0,0,0,0,0,0,0,0,0,0,0,0,0,0,0,0,0,0,0,0,0,0,0,0,0,0,0,0,0,0,0,0,0,0,0,0,0,0,0,0,0,0,0,0,0,0,0,0,0,0,0,0,0,0,2,0,0,0,0,0,0,0,0,0,0,2,0,0,0,0,0,0,2,0,0,0,0,0,0,0,2,0,2,0,0,0,0,0,0,0,0,0,0,0,0,0,0,0,0,0,0,0,0,0,0,0,0,0,0,0,0,0,0,0,0,0,0,0,0,0,0,0,0,0,0,0,0,0,0,0,0,0,0,0,0,0,0,0,0,0,0,0,0,0,0,0,0,0,0,0,0,0,0,0,0,0,0,0,0,0,0,0,0,0,0,0,0,0,0,0,0,0,0,0,0,0,0,0,0,0,0,0,0,0,0,0,0,0,0,0,0,0,0,0,0,0,0,0,0,0,0,0,0,0,0,0,0,0,0,0,0,0,0,0,0,0,0,0,0,0,0,0,0,0,0,0,0,0,0,0,0,0,0,0,0,0,0,0,0,0,0,0,0,0,11,9
587,Male,0,2,549,18,2,2,0,0,2,2,2,2,2,0,2,2,0,2,2,1,2,0,2,1,2,0,2,1,2,0,1,1,0,0,1,0,0,1,1,1,1,0,1,0,2,1,0,0,2,0,2,2,1,2,0,1,2,2,1,0,2,2,1,0,0,2,2,0,0,0,2,2,1,0,0,2,1,0,2,1,0,0,0,2,2,0,0,2,1,0,2,1,1,0,0,0,0,0,2,2,2,0,2,2,0,0,2,0,1,2,2,2,2,1,0,2,2,2,0,0,0,2,0,0,2,2,0,0,0,2,0,0,0,2,0,2,1,1,2,0,0,0,2,0,2,2,0,0,1,1,0,0,1,1,0,0,0,1,1,0,1,0,2,0,2,2,1,2,0,0,0,2,2,0,0,0,0,0,0,0,0,0,0,1,2,2,0,0,2,0,2,2,1,1,1,2,1,2,0,0,1,1,0,2,1,2,0,2,0,0,0,0,0,1,0,0,1,1,0,0,0,1,1,2,1,2,1,0,2,0,0,0,2,0,0,0,0,0,0,2,2,2,2,2,0,1,0,0,2,1,2,1,1,2,1,0,2,1,2,0,1,1,1,0,1,1,0,2,1,0,0,1,2,0,1,1,0,0,2,0,1,0,0,0,0,1,0,1,1,0,0,1,1,0,0,1,0,0,0,0,1,1,0,0,0,0,0,1,1,0,0,0,1,0,0,0,0,0,0,1,1,0,0,1,1,0,0,0,0,1,1,2,1,1,0,0,1,1,2,0,0,0,1,1,2,0,1,0,1,0,0,1,1,0,0,0,2,1,1,0,0,0,0,0,0,0,0,0,0,0,0,0,0,0,0,0,0,0,0,0,0,0,0,0,0,0,0,0,0,0,0,0,0,0,0,0,0,0,0,1,1,0,2,1,0,1,2,0,0,0,2,0,1,0,0,0,0,0,0,0,0,0,197,98
587,Male,0,2,569,18.7,2,2,0,0,2,2,2,2,2,0,2,2,0,2,2,2,2,1,2,1,2,0,2,1,2,1,1,1,0,0,1,0,0,1,2,2,1,2,1,0,2,1,0,0,2,0,2,2,2,2,2,1,2,2,1,2,2,2,1,0,2,2,2,0,2,1,2,2,2,1,0,2,1,0,2,1,0,0,1,2,2,1,1,2,2,1,2,2,1,0,0,0,0,0,2,2,2,0,2,2,1,1,2,0,1,2,2,2,2,1,0,2,2,2,1,0,0,2,0,0,2,2,0,0,0,2,1,1,0,2,1,2,1,1,2,0,1,1,2,1,2,2,0,0,1,1,0,0,2,1,0,0,0,1,1,0,2,0,2,0,2,2,1,2,0,1,0,2,2,0,0,1,1,0,0,1,0,0,0,1,2,2,1,0,2,0,2,2,1,1,1,2,1,2,0,0,1,1,0,2,1,2,0,2,0,0,0,0,0,1,0,0,1,1,0,0,0,1,2,2,1,2,2,0,2,1,0,0,2,0,0,0,0,0,1,2,2,2,2,2,0,1,0,0,2,1,2,2,1,2,2,1,2,1,2,0,1,1,1,0,2,2,0,2,1,0,0,1,2,0,1,1,0,0,2,0,1,0,1,0,0,1,0,1,1,1,1,1,1,0,0,1,1,0,0,1,1,1,0,0,1,0,0,1,1,0,2,1,1,0,1,0,0,0,0,1,1,0,0,1,2,1,0,0,0,1,2,2,1,1,1,0,1,1,2,0,0,0,1,1,2,0,1,0,2,0,0,1,1,0,2,1,2,1,1,0,0,1,0,0,2,1,0,0,0,0,0,1,1,0,0,0,0,0,0,0,0,0,1,0,0,0,0,0,0,0,0,0,0,0,0,0,0,0,0,1,1,2,2,2,1,1,2,1,1,1,2,0,1,0,0,0,0,0,0,0,0,1,252,126
591,Male,0,4,491,16.1,2,1,1,2,1,2,0,1,2,2,2,1,1,1,1,2,1,1,1,1,1,0,1,1,2,1,2,1,1,0,1,1,0,1,1,1,1,1,1,0,0,1,1,0,1,0,1,1,1,1,1,1,1,2,0,1,1,2,1,0,1,1,0,1,2,0,1,2,1,1,0,1,0,1,1,1,0,0,1,1,2,1,0,0,0,0,1,0,1,1,0,0,0,1,1,1,1,1,1,1,1,1,1,1,1,1,1,1,1,1,0,1,1,1,1,1,0,0,1,0,1,1,1,0,0,1,0,1,0,1,0,1,1,1,1,1,1,1,1,1,1,1,1,0,1,1,1,1,0,0,0,1,0,1,1,1,1,0,0,0,1,1,1,0,1,1,0,0,1,1,0,0,1,0,0,1,0,0,1,1,0,1,0,0,0,0,0,1,1,1,1,1,1,1,1,0,1,1,0,0,0,1,0,1,1,0,0,0,0,0,0,0,0,0,0,0,0,0,1,1,1,0,0,0,2,0,0,0,2,1,1,0,0,0,0,0,0,0,0,2,1,0,0,0,1,1,2,1,1,2,0,1,1,1,1,0,1,0,1,0,0,1,0,1,0,1,0,1,0,0,1,2,1,0,1,0,1,1,1,0,0,1,0,0,1,1,1,1,1,1,1,1,0,1,0,0,0,1,0,0,1,0,0,1,1,1,1,1,1,0,0,0,0,1,0,1,1,1,0,1,1,1,0,1,0,1,1,1,1,0,0,0,2,1,0,1,0,0,1,1,0,0,2,0,0,0,0,1,0,0,0,0,2,0,0,0,0,0,0,0,0,0,0,1,0,0,0,0,0,0,0,0,1,0,2,0,0,0,0,0,0,0,0,0,0,0,0,0,0,0,0,0,0,0,0,0,1,0,1,0,1,0,0,0,2,1,2,0,1,0,1,0,0,0,0,0,0,0,225,26
591,Male,0,4,582,19.1,2,2,1,2,1,2,2,1,2,2,2,1,1,2,2,2,2,1,2,1,1,1,2,1,2,1,2,1,1,1,2,2,1,1,2,1,2,2,1,1,1,1,1,2,1,0,2,2,1,2,1,1,2,2,1,1,2,2,2,1,2,2,1,2,2,2,2,2,2,1,1,2,2,2,2,1,1,1,2,1,2,2,1,2,1,1,1,1,2,2,2,1,1,2,2,1,2,1,2,2,1,2,2,1,1,2,2,2,2,1,1,2,2,2,1,2,2,1,2,1,1,2,1,1,1,1,1,2,1,2,0,2,1,1,2,1,2,1,2,1,1,2,1,1,1,1,1,1,0,1,0,1,1,2,2,1,2,1,1,1,2,1,2,1,1,1,1,0,2,1,2,1,2,0,0,2,0,1,2,2,1,2,2,1,2,1,2,2,1,1,1,2,1,2,2,0,1,1,0,1,0,2,1,2,1,1,1,2,0,1,1,0,2,0,1,0,0,1,2,2,1,1,0,1,2,1,0,0,2,1,2,1,0,0,1,2,1,1,2,2,1,2,0,1,2,2,2,1,1,2,1,1,1,1,1,0,2,2,2,1,2,2,1,1,1,1,1,1,1,1,2,2,2,1,1,2,1,1,1,1,1,2,1,1,1,2,1,1,1,1,2,2,1,1,1,1,2,1,0,1,1,1,1,2,2,1,2,1,1,1,1,1,1,1,1,1,1,2,1,1,1,1,1,1,1,1,1,2,1,0,1,1,2,1,0,1,2,1,1,2,2,2,2,1,1,1,1,1,1,2,2,1,2,1,2,1,1,1,1,0,0,2,2,1,1,1,1,1,1,2,2,1,1,1,2,1,1,1,1,1,1,1,1,1,1,0,0,0,0,1,1,0,0,0,1,0,1,1,1,1,1,2,2,2,2,1,2,1,2,1,2,1,1,1,1,1,1,1,382,151
591,Male,0,4,632,20.8,2,2,1,2,1,2,2,2,2,2,2,2,1,2,2,2,2,2,2,2,2,1,2,1,2,2,2,2,2,1,2,2,1,2,2,2,2,2,2,1,1,2,2,2,2,0,2,2,1,2,1,1,2,2,2,2,2,2,2,1,2,2,1,2,2,2,2,2,2,2,2,2,2,2,2,2,1,1,2,2,2,2,1,2,1,1,2,1,2,2,2,1,1,2,2,2,2,2,2,2,2,2,2,1,2,2,2,2,2,2,1,2,2,2,2,2,2,1,2,1,1,2,1,2,1,2,1,2,1,2,0,2,2,2,2,1,2,1,2,1,2,2,1,1,2,2,2,1,2,1,0,1,2,2,2,1,2,1,1,1,2,1,2,2,2,2,1,0,2,2,2,2,2,0,1,2,1,1,2,2,2,2,2,2,2,2,2,2,2,2,2,2,1,2,2,1,2,1,1,2,1,2,1,2,2,1,1,2,1,1,2,1,2,0,2,1,1,2,2,2,2,2,2,1,2,1,0,1,2,1,2,1,1,1,1,2,1,2,2,2,2,2,0,1,2,2,2,2,1,2,2,2,2,2,2,1,2,2,2,2,2,2,1,2,1,1,2,1,2,1,2,2,2,1,1,2,1,1,2,1,2,2,2,1,2,2,2,1,2,2,2,2,2,2,2,2,2,2,1,2,2,1,1,2,2,1,2,1,1,1,1,1,1,2,1,1,1,2,1,2,2,1,1,1,1,1,2,2,2,1,2,1,2,1,0,2,2,2,2,2,2,2,2,1,1,1,1,2,1,2,2,1,2,1,2,2,1,2,1,0,2,2,2,1,1,1,1,2,1,2,2,1,1,1,2,1,1,1,2,1,1,1,1,1,1,1,1,1,1,1,1,1,1,1,1,1,1,1,2,2,1,2,2,2,2,2,2,1,2,2,2,1,1,1,1,1,2,1,408,254
591,Male,0,4,734,24.1,2,2,2,2,2,2,2,2,2,2,2,2,2,2,2,2,2,2,2,2,2,2,2,2,2,2,2,2,2,1,2,2,2,2,2,2,2,2,2,1,2,2,2,2,2,1,2,2,2,2,1,2,2,2,2,2,2,2,2,2,2,2,1,2,2,2,2,2,2,2,2,2,2,2,2,2,2,1,2,2,2,2,2,2,2,2,2,2,2,2,2,1,2,2,2,2,2,2,2,2,2,2,2,2,2,2,2,2,2,2,2,2,2,2,2,2,2,2,2,1,2,2,1,2,2,2,1,2,1,2,1,2,2,2,2,2,2,2,2,2,2,2,1,2,2,2,2,1,2,2,1,2,2,2,2,2,2,2,2,2,2,2,2,2,2,2,1,2,2,2,2,2,2,1,2,2,2,2,2,2,2,2,2,2,2,2,2,2,2,2,2,2,1,2,2,1,2,2,2,2,2,2,2,2,2,2,2,2,1,1,2,2,2,1,2,2,2,2,2,2,2,2,2,2,2,2,2,2,2,2,2,2,2,2,2,2,2,2,2,2,2,2,0,2,2,2,2,2,2,2,2,2,2,2,2,2,2,2,2,2,2,2,1,2,1,2,2,1,2,1,2,2,2,2,2,2,2,2,2,2,2,2,2,1,2,2,2,2,2,2,2,2,2,2,2,2,2,2,1,2,2,1,1,2,2,2,2,1,2,1,2,2,1,2,2,2,2,2,1,2,2,2,2,1,1,2,2,2,2,1,2,1,2,2,1,2,2,2,2,2,2,2,2,2,2,2,1,2,2,2,2,2,2,1,2,2,1,2,1,1,2,2,2,2,1,2,1,2,2,2,2,1,2,1,2,1,2,1,2,2,1,2,1,1,1,1,1,1,1,1,1,1,1,1,1,1,2,2,2,2,2,2,2,2,2,2,2,1,2,2,2,1,1,1,1,1,2,1,417,345
593,Male,0,2,486,16,0,0,0,2,0,0,0,0,1,0,0,2,0,0,2,0,0,2,1,0,0,0,2,0,1,0,2,0,0,0,0,0,0,0,0,0,0,0,1,0,0,0,0,0,0,0,0,0,0,0,0,0,0,1,0,0,0,2,0,1,2,2,1,1,1,1,0,2,0,1,0,0,0,0,2,0,0,0,1,0,2,0,0,0,2,0,1,0,0,0,0,0,0,1,1,1,0,0,2,2,0,0,1,1,1,2,1,1,0,1,0,2,0,0,1,1,0,2,1,0,0,2,0,0,1,1,0,0,0,2,0,2,0,1,2,0,1,0,1,0,0,2,0,0,0,0,0,0,0,0,0,0,0,0,0,0,1,0,1,0,1,0,0,1,0,0,0,0,1,0,0,1,0,0,0,2,0,0,0,1,0,1,0,0,1,0,0,2,0,0,1,1,0,1,0,2,0,0,1,1,0,1,0,1,0,0,0,0,0,0,0,0,0,0,0,0,0,0,2,0,1,0,0,0,2,0,0,0,2,0,0,0,0,0,0,0,0,0,0,2,0,0,0,0,2,0,2,1,0,1,0,1,1,1,2,1,1,0,1,0,0,1,0,1,0,0,0,0,0,0,0,0,0,0,0,0,0,0,1,0,0,0,0,0,0,0,0,0,0,0,0,0,0,1,0,0,0,1,0,0,1,0,0,0,1,0,0,0,0,0,0,0,0,0,0,0,0,0,1,1,0,0,0,0,0,0,0,1,0,0,2,0,1,0,0,0,2,0,1,0,0,0,0,0,0,0,0,0,1,0,0,0,2,0,0,0,0,0,0,0,0,0,0,0,0,0,0,0,0,2,0,0,0,0,0,0,0,0,0,0,0,0,0,0,0,0,0,0,0,2,0,0,0,0,0,0,0,0,0,0,0,0,0,0,0,0,2,0,0,0,0,0,0,0,0,0,0,0,107,39
593,Male,0,2,524,17.2,2,2,0,2,2,2,2,1,1,2,2,2,0,1,2,1,1,2,1,0,0,0,2,0,2,0,2,0,0,0,0,1,0,0,1,1,0,1,1,1,0,1,0,0,0,0,2,0,0,1,0,0,1,1,0,0,1,2,1,1,2,2,1,1,1,1,0,2,0,1,0,0,0,0,2,0,0,0,1,1,2,0,0,0,2,0,1,0,0,0,0,0,0,1,1,1,0,0,2,2,0,0,1,1,1,2,1,2,0,1,0,2,0,0,1,2,0,2,1,0,0,2,0,0,1,1,0,0,0,2,0,2,0,1,2,0,1,0,1,0,0,2,0,0,1,0,0,0,0,0,0,0,0,0,2,1,1,0,1,0,1,1,2,1,0,0,0,0,1,0,0,1,0,0,0,2,1,0,0,1,0,1,0,0,1,1,0,2,0,0,1,1,1,1,0,2,0,0,1,1,0,1,0,1,0,0,0,0,0,0,0,0,0,0,0,0,2,0,2,0,1,0,0,0,2,0,0,0,2,0,0,0,0,0,0,0,0,0,0,2,0,0,0,0,2,1,2,1,0,2,0,1,1,2,2,1,1,0,1,0,0,1,0,1,0,0,0,0,0,0,0,0,0,0,0,0,0,0,1,0,0,0,0,0,0,0,0,0,0,0,0,0,0,1,0,0,0,1,0,0,1,0,0,1,1,0,0,0,0,0,0,0,0,0,0,1,0,0,1,1,0,0,0,0,0,0,0,1,0,0,2,0,1,0,0,0,2,0,1,0,0,0,1,0,0,0,0,0,1,0,0,0,2,0,0,0,0,0,0,0,0,0,0,0,0,0,0,0,0,2,2,0,0,0,0,0,0,0,0,0,0,0,0,0,0,0,0,0,0,2,0,0,0,0,0,0,2,0,1,0,0,0,1,1,0,0,2,0,0,0,2,0,0,0,0,0,0,0,149,58
595,Male,0,4,627,20.6,2,2,2,2,2,2,2,2,2,2,2,2,2,2,2,2,2,2,2,2,2,0,2,2,2,2,2,2,2,2,2,1,1,2,2,2,2,2,2,2,2,2,2,2,2,2,2,2,2,2,2,2,2,2,2,2,2,2,2,2,2,2,1,2,2,2,2,2,2,2,2,2,2,0,2,2,2,0,2,2,2,2,2,2,2,2,2,2,2,2,2,2,2,2,2,2,2,2,2,2,2,2,2,2,2,2,2,2,2,2,1,2,2,2,2,2,2,2,2,2,2,2,1,0,2,2,2,2,1,2,1,2,2,2,2,2,2,2,2,2,1,2,2,0,1,2,1,0,2,1,1,2,1,2,2,2,2,2,2,1,2,2,2,2,2,2,1,2,2,2,2,2,2,1,2,2,1,2,2,2,2,2,2,2,2,2,2,2,2,1,2,2,1,2,1,1,2,2,2,2,1,2,1,2,2,2,1,2,0,2,2,2,2,2,0,1,2,2,2,2,2,2,2,1,2,2,0,2,2,2,2,1,1,0,2,2,2,2,2,2,2,2,0,1,2,2,2,2,2,2,2,2,2,2,2,1,2,2,2,2,2,2,1,2,1,2,1,1,2,1,2,2,2,2,2,2,2,2,2,2,2,2,2,2,1,2,2,2,2,2,2,2,1,1,2,2,2,2,1,2,2,2,2,2,2,2,2,2,2,2,2,1,1,2,2,2,2,2,2,2,2,2,0,1,1,2,2,2,2,2,2,2,2,2,1,2,2,1,2,2,2,2,2,2,2,2,1,2,2,2,2,2,2,2,2,2,0,1,2,1,2,2,2,1,2,2,1,1,2,2,2,2,2,1,2,1,0,1,1,1,1,1,1,1,0,1,1,2,2,2,2,2,2,2,2,2,2,2,2,2,1,2,2,2,2,2,2,2,2,2,2,1,2,1,1,1,2,2,403,336
595,Male,0,4,712,23.4,2,2,2,2,2,2,2,2,2,2,2,2,2,2,2,2,2,2,2,2,2,2,2,2,2,2,2,2,2,2,2,2,1,2,2,2,2,2,2,2,2,2,2,2,2,2,2,2,2,2,2,2,2,2,2,2,2,2,2,2,2,2,2,2,2,2,2,2,2,2,2,2,2,1,2,2,2,2,2,2,2,2,2,2,2,2,2,2,2,2,2,2,2,2,2,2,2,2,2,2,2,2,2,2,2,2,2,2,2,2,2,2,2,2,2,2,2,2,2,2,2,2,2,2,2,2,2,2,2,2,2,2,2,2,2,2,2,2,2,2,2,2,2,2,2,2,2,0,2,2,2,2,2,2,2,2,2,2,2,2,2,2,2,2,2,2,2,2,2,2,2,2,2,2,2,2,2,2,2,2,2,2,2,2,2,2,2,2,2,1,2,2,2,2,2,2,2,2,2,2,2,2,2,2,2,2,2,2,2,2,2,2,2,2,2,2,2,2,2,2,2,2,2,2,2,2,2,2,2,2,2,2,2,2,2,2,2,2,2,2,2,2,1,2,2,2,2,2,2,2,2,2,2,2,2,2,2,2,2,2,2,2,2,2,2,2,2,2,2,2,2,2,2,2,2,2,2,2,2,2,2,2,2,2,2,2,2,2,2,2,2,2,2,2,2,2,2,2,2,2,2,2,2,2,2,2,2,2,2,2,2,2,2,2,2,2,2,2,2,2,2,2,2,2,2,2,2,2,2,2,2,2,2,2,2,2,2,2,2,2,2,2,2,2,2,2,2,2,2,2,2,2,2,2,2,2,2,2,2,2,2,2,2,2,2,2,2,2,2,2,2,2,2,2,2,2,2,2,2,2,2,2,2,2,1,2,2,2,2,2,2,2,2,2,2,2,2,2,2,2,2,2,2,2,2,2,2,2,2,2,2,2,2,2,2,2,2,2,416,412
595,Male,0,4,842,27.7,2,2,2,2,2,2,2,2,2,2,2,2,2,2,2,2,2,2,2,2,2,2,2,2,2,2,2,2,2,2,2,2,2,2,2,2,2,2,2,2,2,2,2,2,2,2,2,2,2,2,2,2,2,2,2,2,2,2,2,2,2,2,2,2,2,2,2,2,2,2,2,2,2,2,2,2,2,2,2,2,2,2,2,2,2,2,2,2,2,2,2,2,2,2,2,2,2,2,2,2,2,2,2,2,2,2,2,2,2,2,2,2,2,2,2,2,2,2,2,2,2,2,2,2,2,2,2,2,2,2,2,2,2,2,2,2,2,2,2,2,2,2,2,2,2,2,2,0,2,2,2,2,2,2,2,2,2,2,2,2,2,2,2,2,2,2,2,2,2,2,2,2,2,2,2,2,2,2,2,2,2,2,2,2,2,2,2,2,2,1,2,2,2,2,2,2,2,2,2,2,2,2,2,2,2,2,2,2,2,2,2,2,2,2,2,2,2,2,2,2,2,2,2,2,2,2,2,2,2,2,2,2,2,2,2,2,2,2,2,2,2,2,1,2,2,2,2,2,2,2,2,2,2,2,2,2,2,2,2,2,2,2,2,2,2,2,2,2,2,2,2,2,2,2,2,2,2,2,2,2,2,2,2,2,2,2,2,2,2,2,2,2,2,2,2,2,2,2,2,2,2,2,2,2,2,2,2,2,2,2,2,2,2,2,2,2,2,2,2,2,2,2,2,2,2,2,2,2,2,2,2,2,2,2,2,2,2,2,2,2,2,2,2,2,2,2,2,2,2,2,2,2,2,2,2,2,2,2,2,2,2,2,2,2,2,2,2,2,2,2,2,2,2,2,2,2,1,2,2,2,2,2,2,2,2,2,2,2,2,2,2,2,2,2,2,2,2,2,2,2,2,2,2,2,2,2,2,2,2,2,2,2,2,2,2,2,2,2,417,414
595,Male,0,4,872,28.7,2,2,2,2,2,2,2,2,2,2,2,2,2,2,2,2,2,2,2,2,2,2,2,2,2,2,2,2,2,2,2,2,2,2,2,2,2,2,2,2,2,2,2,2,2,2,2,2,2,2,2,2,2,2,2,2,2,2,2,2,2,2,2,2,2,2,2,2,2,2,2,2,2,2,2,2,2,2,2,2,2,2,2,2,2,2,2,2,2,2,2,2,2,2,2,2,2,2,2,2,2,2,2,2,2,2,2,2,2,2,2,2,2,2,2,2,2,2,2,2,2,2,2,2,2,2,2,2,2,2,2,2,2,2,2,2,2,2,2,2,2,2,2,2,2,2,2,0,2,2,2,2,2,2,2,2,2,2,2,2,2,2,2,2,2,2,2,2,2,2,2,2,2,2,2,2,2,2,2,2,2,2,2,2,2,2,2,2,2,1,2,2,2,2,2,2,2,2,2,2,2,2,2,2,2,2,2,2,2,2,2,2,2,2,2,2,2,2,2,2,2,2,2,2,2,2,2,2,2,2,2,2,2,2,2,2,2,2,2,2,2,2,1,2,2,2,2,2,2,2,2,2,2,2,2,2,2,2,2,2,2,2,2,2,2,2,2,2,2,2,2,2,2,2,2,2,2,2,2,2,2,2,2,2,2,2,2,2,2,2,2,2,2,2,2,2,2,2,2,2,2,2,2,2,2,2,2,2,2,2,2,2,2,2,2,2,2,2,2,2,2,2,2,2,2,2,2,2,2,2,2,2,2,2,2,2,2,2,2,2,2,2,2,2,2,2,2,2,2,2,2,2,2,2,2,2,2,2,2,2,2,2,2,2,2,2,2,2,2,2,2,2,2,2,2,2,2,2,2,2,2,2,2,2,2,2,2,2,2,2,2,2,2,2,2,2,2,2,2,2,2,2,2,2,2,2,2,2,2,2,2,2,2,2,2,2,2,2,417,415
596,Male,0,2,504,16.6,2,1,0,2,1,2,1,2,2,2,1,2,0,2,0,2,1,0,1,1,1,0,1,0,2,1,1,2,1,0,0,0,0,1,2,2,1,0,1,0,0,1,1,0,1,0,0,0,0,1,0,0,1,1,1,1,1,2,2,1,2,2,1,0,1,1,1,2,2,1,0,1,0,0,1,0,0,0,2,0,2,1,1,0,2,0,1,0,0,1,0,0,0,2,1,2,1,0,1,1,1,1,1,0,1,1,1,1,1,1,0,2,2,1,2,2,1,1,1,0,0,1,0,0,0,1,0,1,0,2,0,1,1,1,2,1,1,1,1,1,1,1,0,0,1,1,1,0,0,0,0,0,0,1,1,1,1,0,0,0,2,1,1,0,0,0,0,0,0,0,0,1,1,0,0,1,0,1,1,1,0,1,0,0,0,0,0,2,1,0,1,0,1,1,0,0,1,0,1,1,0,0,0,1,1,0,0,0,0,0,1,0,1,0,0,0,0,0,2,2,1,1,0,0,1,0,0,0,2,0,0,0,0,0,0,2,2,1,1,2,2,0,0,0,2,1,2,0,0,2,0,1,1,2,2,0,2,2,2,0,2,1,0,2,0,1,0,1,1,0,1,0,0,1,2,0,1,1,2,0,1,1,0,0,1,1,1,1,1,0,0,1,1,0,1,0,0,1,0,1,1,1,0,1,1,0,0,0,1,0,0,1,1,0,0,1,0,1,0,1,1,0,1,0,1,0,1,1,1,0,1,0,2,1,0,0,0,0,1,0,1,2,0,0,1,0,0,1,1,0,1,1,1,1,1,0,0,1,0,0,0,0,0,0,0,1,0,1,1,1,0,0,0,0,1,0,0,0,1,0,0,0,0,0,0,0,0,0,0,0,1,1,0,0,1,1,0,0,0,0,1,0,1,0,1,1,1,0,2,1,2,0,0,0,0,0,0,1,222,55
596,Male,0,2,633,20.8,2,2,0,2,2,2,2,2,2,2,2,2,1,2,2,2,2,1,2,2,2,0,2,1,2,2,2,2,2,0,2,0,0,2,2,2,2,2,2,0,0,2,2,0,1,0,2,2,2,2,2,2,2,2,2,1,2,2,2,2,2,2,1,1,1,1,1,2,2,2,1,2,1,1,2,2,2,0,2,2,2,2,2,1,2,1,1,1,0,1,0,0,2,2,2,2,1,2,2,2,2,1,2,1,2,2,2,2,2,2,1,2,2,1,2,2,1,2,2,0,2,2,0,0,0,1,0,1,1,2,2,2,2,1,2,1,2,1,2,1,2,2,1,1,1,1,1,0,1,1,0,1,1,2,1,2,1,2,2,0,2,2,1,2,2,2,2,2,0,0,2,1,2,0,1,2,0,2,2,2,2,2,2,1,2,2,2,2,1,1,1,2,1,2,1,0,2,1,1,1,0,2,0,2,2,1,0,1,0,2,2,1,2,0,1,1,1,1,2,2,1,1,0,0,2,0,0,0,2,2,1,0,1,0,0,2,2,2,2,2,2,0,0,0,2,2,2,2,1,2,1,2,2,2,2,0,2,2,2,2,2,1,1,2,1,1,1,1,1,1,2,1,1,1,2,1,1,1,2,1,1,2,2,1,1,2,2,1,2,1,1,2,1,1,1,1,1,1,1,1,2,1,0,1,2,0,1,1,1,1,1,1,1,1,1,1,1,2,1,1,1,1,2,1,1,1,2,2,1,1,1,0,2,2,1,1,2,2,1,1,2,2,2,1,1,1,0,1,1,2,1,1,2,2,1,1,0,1,1,0,0,2,1,0,1,1,0,2,1,1,2,0,1,1,1,1,1,1,1,1,1,1,1,1,1,0,0,1,1,2,2,2,2,1,1,1,1,1,1,1,1,1,1,1,2,1,1,2,2,1,2,1,1,1,0,0,0,1,360,188
597,Male,0,2,288,9.5,0,0,0,0,0,0,0,0,0,0,0,1,0,0,0,0,0,0,0,0,0,0,0,0,0,0,0,0,0,0,0,0,0,0,0,0,0,0,0,0,0,0,0,0,0,0,0,0,0,0,0,0,0,0,0,0,0,0,0,0,0,0,0,0,0,0,0,1,0,0,0,0,0,0,0,0,0,0,1,0,0,0,0,0,0,0,0,0,0,0,0,0,0,0,0,0,0,0,0,0,0,0,0,0,0,0,0,0,0,0,0,0,0,0,0,0,0,0,0,0,0,0,0,0,0,0,0,0,0,0,0,0,0,0,0,0,0,0,0,0,0,0,0,0,0,0,0,0,0,0,0,0,0,0,0,0,0,0,0,0,0,0,0,0,0,0,0,0,0,0,0,0,0,0,0,0,0,0,0,0,0,1,0,0,0,0,0,0,0,0,0,0,0,0,0,0,0,0,0,0,0,0,0,0,0,0,0,0,0,0,0,0,0,0,0,0,0,0,0,0,0,0,0,0,0,0,0,0,0,0,0,0,0,0,0,0,0,0,0,2,0,0,0,0,0,0,1,0,1,0,2,0,0,0,1,0,1,0,0,0,0,0,0,2,0,0,0,0,0,0,0,0,0,0,0,0,0,0,0,0,0,0,0,0,0,0,0,0,0,0,0,0,0,0,0,0,0,0,0,0,0,0,0,0,0,0,0,0,0,0,0,0,0,0,0,0,0,0,0,0,0,0,0,0,0,0,0,0,0,0,0,0,0,0,0,0,0,0,0,0,0,0,0,0,0,0,0,0,0,0,0,0,0,0,0,0,0,0,0,0,0,0,0,0,0,0,0,0,0,0,0,0,0,0,0,0,0,0,0,0,0,0,0,0,0,0,0,0,0,0,0,0,0,0,0,0,0,0,0,0,0,0,0,0,0,0,0,0,0,0,0,0,0,0,0,0,0,0,11,3
597,Male,0,2,443,14.6,0,0,0,0,0,0,2,0,2,2,0,2,0,0,0,0,0,0,0,0,0,0,0,0,0,0,0,0,0,0,0,0,0,0,0,0,0,0,0,0,0,0,0,0,0,0,0,0,0,0,0,0,0,2,0,0,0,0,0,0,0,2,0,0,1,0,0,2,0,0,0,0,0,0,0,0,0,0,1,0,0,1,0,0,0,0,2,1,0,0,0,0,0,0,0,0,2,0,1,1,0,0,1,1,2,1,0,0,2,0,0,1,1,1,1,0,1,0,0,0,0,1,0,0,0,0,0,0,0,2,0,1,0,0,1,1,2,0,0,0,0,2,0,0,0,0,0,0,0,0,0,0,0,0,0,0,0,0,0,0,0,0,0,0,0,0,0,0,2,0,0,0,0,0,0,0,0,0,0,0,0,1,0,0,1,0,0,0,0,0,0,0,0,0,0,1,1,0,0,0,0,2,0,1,0,0,0,0,0,0,0,0,0,0,0,0,0,0,0,1,1,0,0,0,2,0,0,0,2,0,0,0,0,0,0,0,0,0,0,2,0,0,0,0,1,0,1,0,1,2,2,0,0,1,2,0,2,0,2,0,1,1,0,2,1,1,0,0,0,0,0,0,0,0,1,0,1,0,1,0,0,0,0,0,1,0,0,1,1,0,0,0,0,0,0,0,0,1,0,0,0,0,0,1,0,0,0,0,0,0,0,0,0,0,0,1,0,0,0,0,1,0,0,0,0,1,1,1,0,0,1,0,0,0,0,0,0,0,1,0,0,0,0,0,0,0,0,1,1,2,0,0,0,0,0,0,0,1,1,0,0,0,0,0,0,0,0,0,0,0,0,0,0,0,0,0,0,0,0,0,0,0,0,0,0,0,0,0,0,2,1,0,0,0,0,0,0,0,1,0,0,1,0,0,0,0,1,0,0,0,0,0,0,0,0,0,0,0,82,27
599,Male,0,3,610,20.1,1,0,0,0,1,2,0,2,2,0,2,0,2,0,0,0,1,1,1,0,1,0,1,0,2,1,0,0,2,0,1,0,0,1,1,0,0,0,1,0,0,1,0,0,0,1,0,0,0,0,0,0,1,1,0,0,0,2,2,0,2,2,0,0,0,1,1,2,1,0,0,0,0,1,0,0,1,0,1,0,2,1,0,0,2,0,1,2,0,0,0,0,0,1,0,0,1,0,1,2,1,1,1,1,0,2,1,1,0,1,0,2,0,1,1,1,0,0,1,0,1,0,0,0,0,1,0,1,0,1,0,1,1,0,1,0,0,0,1,0,1,0,0,0,0,1,1,0,0,0,0,0,0,1,1,0,0,0,0,0,1,1,0,0,0,0,0,0,0,0,0,1,0,0,0,2,1,0,0,0,0,0,0,0,1,1,0,2,0,0,1,0,0,0,0,2,0,0,0,0,0,0,0,0,1,0,0,1,0,0,0,0,1,0,0,0,0,0,1,1,1,1,0,0,1,0,0,0,2,0,2,0,0,0,0,0,0,0,0,2,0,0,0,0,2,1,2,0,0,2,2,1,1,0,2,1,1,2,0,0,2,0,0,2,0,1,0,0,0,0,1,1,0,0,1,0,1,1,1,0,0,1,0,0,0,0,0,0,0,0,0,0,0,0,0,0,0,1,0,0,0,0,0,0,1,0,0,0,1,0,0,0,0,0,0,0,1,1,0,0,0,0,0,0,0,0,1,0,0,0,1,0,2,0,0,0,0,0,0,1,0,0,1,1,0,0,0,1,0,0,0,0,0,0,0,0,0,0,0,0,0,0,0,0,0,1,0,0,0,0,0,0,0,0,1,0,0,0,0,0,0,0,0,0,0,0,0,0,0,0,0,0,0,0,0,0,0,0,0,0,0,0,1,0,0,0,0,0,2,0,2,0,0,0,0,0,0,0,128,35
599,Male,0,3,652,21.4,1,0,0,2,1,2,0,2,2,0,2,0,2,2,0,2,1,1,2,2,2,0,2,0,2,1,2,0,2,0,1,0,0,1,1,0,0,0,2,0,0,2,0,0,0,1,0,0,0,0,0,0,1,1,0,0,0,2,2,0,2,2,0,0,2,1,2,2,2,0,0,0,0,1,0,0,1,0,1,0,2,1,1,0,2,0,1,2,0,0,0,0,0,1,0,1,1,0,1,2,1,1,1,1,1,2,1,1,0,1,0,2,0,1,1,1,0,0,1,0,1,0,0,0,0,2,0,1,0,1,0,2,1,0,2,0,0,0,1,0,1,0,0,0,0,1,1,0,0,0,0,0,0,1,1,0,0,0,0,0,2,1,0,0,0,0,0,0,1,0,0,1,0,0,0,2,1,0,0,1,0,1,0,0,1,1,0,2,0,0,1,0,0,0,0,2,0,0,0,0,0,0,0,0,1,0,0,1,0,0,0,0,1,0,0,0,0,0,2,1,1,1,0,0,2,0,0,0,2,0,2,0,0,0,0,2,2,0,0,2,0,0,0,0,2,1,2,0,0,2,2,1,1,0,2,1,1,2,0,0,2,1,0,2,0,1,0,0,0,0,1,1,0,0,2,0,1,1,1,0,0,1,0,0,0,0,0,0,0,0,0,0,0,0,0,0,0,1,0,0,1,0,0,0,1,0,0,0,1,0,0,1,0,0,0,0,1,1,0,0,0,0,0,0,0,0,1,0,0,0,1,0,2,0,0,0,0,0,0,1,0,0,1,1,0,0,0,1,0,0,1,0,0,0,0,0,0,0,0,0,0,2,2,0,0,1,0,0,0,1,0,0,0,0,1,0,0,0,0,0,0,0,0,0,0,0,0,0,0,0,0,0,0,0,0,0,0,0,0,0,0,0,1,0,0,0,0,0,2,0,2,0,0,0,0,0,0,0,149,59
599,Male,0,3,867,28.5,2,2,1,2,2,2,2,2,2,2,2,2,2,2,2,2,2,2,2,2,2,2,2,2,2,1,2,2,2,2,2,2,2,2,2,2,2,2,2,2,2,2,2,2,2,2,2,2,2,1,2,2,1,2,2,2,2,2,2,2,2,2,2,2,2,2,2,2,2,2,2,2,2,2,2,2,2,0,2,2,2,2,2,0,2,1,2,2,1,2,2,2,2,2,2,2,2,2,2,2,2,2,2,2,2,2,2,2,2,2,2,2,1,2,2,2,2,2,2,2,2,2,2,2,2,2,2,2,2,2,2,2,2,2,2,2,2,2,2,2,1,0,0,0,2,2,2,2,2,2,2,2,2,2,2,2,2,2,2,0,2,2,2,2,2,2,2,2,2,2,2,2,2,2,2,2,2,2,2,2,2,2,2,2,2,2,2,2,2,0,2,2,2,2,2,2,2,2,2,2,2,2,2,2,2,2,0,2,2,2,2,2,2,2,2,2,2,2,2,2,2,2,2,0,2,2,0,2,2,0,2,0,2,2,2,2,2,2,2,2,2,0,0,0,2,2,2,2,2,2,2,2,2,2,2,2,2,2,2,2,2,2,0,2,1,1,0,0,0,0,1,2,2,2,2,0,2,2,2,0,0,2,0,2,2,2,0,0,0,0,0,2,0,2,0,2,0,2,0,2,2,2,2,2,2,0,2,0,2,0,2,2,0,0,0,0,2,2,2,2,2,0,0,0,0,0,2,1,2,2,2,2,2,2,0,2,2,2,0,2,2,2,2,2,2,0,0,2,2,2,2,0,2,2,2,0,0,0,0,0,0,2,2,0,2,2,0,0,2,2,2,0,0,0,2,0,0,0,0,0,2,0,0,0,0,0,0,0,0,0,2,0,0,0,0,0,0,0,0,0,0,2,2,2,2,0,0,0,2,0,2,0,0,0,0,0,0,0,321,309
600,Male,0,2,276,9.1,2,0,0,0,0,0,0,0,0,0,0,0,0,0,0,0,0,0,0,0,0,0,0,0,0,0,0,0,0,0,0,0,0,0,0,0,0,0,0,0,0,0,0,0,0,0,0,0,0,0,0,0,0,0,0,0,0,0,0,0,0,0,0,0,0,0,0,0,0,0,0,0,0,0,0,0,0,0,0,0,0,0,0,0,0,0,0,0,0,0,0,0,0,0,0,0,0,0,0,0,0,0,0,0,0,0,0,0,0,0,0,0,0,0,0,0,0,0,0,0,0,0,0,0,0,0,0,0,0,0,0,0,0,0,0,0,0,0,0,0,0,0,0,0,0,0,0,0,0,0,0,0,0,0,0,0,0,0,0,0,0,0,0,0,0,0,0,0,0,0,0,0,0,0,0,0,0,0,0,0,0,0,0,0,0,0,0,0,0,0,0,0,0,0,0,0,0,0,0,0,0,0,0,0,0,0,0,0,0,0,0,0,0,0,0,0,0,0,0,0,0,0,0,0,0,0,0,0,1,0,0,0,0,0,0,1,1,0,0,1,0,0,0,0,0,0,0,0,0,0,0,0,0,0,0,0,0,0,1,0,0,0,0,0,0,0,0,0,0,0,0,0,0,0,0,0,0,0,1,0,0,0,0,0,0,0,0,0,0,0,0,0,0,0,0,0,0,0,0,0,0,0,0,0,0,0,0,0,0,0,0,0,0,0,0,0,0,0,0,0,0,0,0,0,0,0,0,0,0,0,0,0,1,0,0,0,0,0,0,0,0,0,0,0,0,0,0,0,0,0,0,0,0,0,0,0,0,0,0,0,0,0,0,0,0,0,0,0,0,0,0,0,0,0,0,0,0,0,0,0,0,0,0,0,0,0,0,0,0,0,0,0,0,0,0,0,0,0,0,0,0,0,0,0,0,0,0,0,0,0,0,0,0,0,0,0,0,0,8,1
600,Male,0,2,569,18.7,2,0,2,2,0,2,0,2,2,2,2,0,1,1,1,1,1,0,0,0,1,0,1,0,1,1,1,1,1,0,1,0,0,1,1,0,0,1,1,0,0,1,1,0,1,0,0,0,0,1,0,0,0,1,0,1,0,2,1,0,0,2,0,0,1,1,0,1,0,1,0,0,0,0,1,0,0,0,1,0,0,1,0,0,0,0,1,0,1,0,0,0,0,1,1,0,1,0,1,1,0,0,1,0,0,0,0,0,1,1,0,1,0,1,0,0,0,0,0,0,0,0,0,0,0,0,0,0,0,1,0,0,0,0,0,1,0,1,0,0,0,0,0,0,1,0,0,0,1,0,0,0,0,0,0,0,0,0,0,0,1,1,0,0,0,0,0,0,0,0,0,0,0,0,0,0,0,0,0,0,0,0,0,0,0,0,0,0,0,0,0,0,0,0,0,0,0,0,0,0,0,0,0,0,0,0,0,0,0,0,0,0,0,0,0,0,0,0,0,0,1,0,0,0,0,0,0,0,2,0,0,0,0,0,0,1,1,0,0,2,0,0,0,0,0,1,2,0,1,1,2,0,0,1,2,0,0,1,1,0,1,0,0,1,0,0,0,1,0,0,1,0,0,0,1,0,0,0,1,0,1,1,0,0,0,0,0,1,0,0,0,0,0,1,0,0,1,1,0,0,1,0,0,1,0,0,0,0,0,0,0,0,0,0,0,0,1,1,1,0,1,0,0,0,0,1,0,0,0,0,1,0,1,0,0,0,0,0,1,0,0,0,0,0,0,0,0,1,0,0,0,0,1,0,0,0,0,0,0,0,0,0,0,0,0,0,0,1,0,0,0,0,0,0,0,0,0,0,0,0,0,0,0,0,0,0,0,0,0,0,0,0,0,0,0,0,0,0,0,0,0,0,0,0,0,0,0,0,0,0,1,0,0,0,0,0,0,0,100,15
603,Male,0,3,614,20.2,2,2,0,2,2,2,2,2,2,2,2,0,2,2,2,2,0,0,2,0,2,0,2,2,2,2,2,1,1,0,1,0,0,1,1,1,1,2,1,0,0,1,1,2,1,0,2,1,2,2,2,2,2,2,1,2,1,2,2,0,2,2,1,2,0,1,2,2,2,1,1,2,1,1,1,2,1,1,2,2,2,1,1,2,1,0,2,2,0,2,0,0,1,2,2,2,0,1,2,2,1,1,2,1,2,2,2,2,2,2,1,2,2,2,1,2,2,1,1,0,1,2,1,1,1,1,0,1,0,2,0,2,1,1,2,1,1,1,1,1,1,2,1,1,1,2,1,0,1,1,0,1,1,2,1,2,1,1,0,1,2,1,2,2,1,1,2,0,2,2,1,1,1,1,1,2,2,1,1,1,1,2,2,0,2,0,1,2,2,1,1,2,0,1,1,1,2,1,0,1,0,2,1,2,2,0,1,1,0,1,1,0,1,0,1,1,1,1,2,1,1,1,1,1,2,2,0,0,2,2,0,0,0,0,0,2,0,2,2,2,2,0,0,0,2,2,2,1,1,2,0,1,1,2,2,0,2,2,2,1,2,1,1,2,2,1,1,1,1,0,1,0,1,1,2,0,1,1,2,1,2,2,0,0,1,1,1,1,1,1,1,1,1,0,1,1,1,1,1,1,2,1,1,1,1,1,1,1,1,1,1,1,0,1,1,1,0,2,1,2,1,2,0,1,1,2,1,2,1,1,1,1,2,1,0,1,2,1,1,1,2,2,2,1,1,1,1,1,1,1,1,2,2,1,1,1,0,0,2,0,0,0,0,0,0,1,0,1,1,2,0,0,1,1,1,1,1,1,1,0,1,1,0,0,0,0,0,0,0,0,2,0,2,0,0,0,2,2,2,0,1,2,2,2,1,1,1,1,0,0,2,0,0,0,0,0,1,0,326,141
603,Male,0,3,728,23.9,2,2,0,2,2,2,2,2,2,2,2,0,2,2,2,2,2,2,2,2,2,0,2,2,2,2,2,2,1,0,2,0,0,1,1,1,1,2,2,0,0,2,2,2,1,0,2,2,2,2,2,2,2,2,2,2,2,2,2,0,2,2,1,2,0,1,2,2,2,1,1,2,2,2,2,2,2,1,2,2,2,1,1,2,2,0,2,2,2,2,0,0,2,2,2,2,1,1,2,2,1,1,2,1,2,2,2,2,2,2,1,2,2,2,1,2,2,1,1,0,2,2,1,1,1,1,1,1,1,2,1,2,2,1,2,2,2,2,2,1,1,2,1,1,1,2,1,0,1,2,0,1,1,2,2,2,2,2,2,1,2,2,2,2,2,2,2,2,2,2,2,2,2,1,1,2,2,2,2,2,1,2,2,0,2,0,2,2,2,1,1,2,0,2,1,2,2,1,0,1,0,2,1,2,2,1,1,1,0,2,1,1,1,0,2,1,1,1,2,2,1,1,1,1,2,2,0,0,2,2,0,2,2,0,0,2,0,2,2,2,2,2,0,0,2,2,2,1,1,2,0,1,1,2,2,0,2,2,2,2,2,2,1,2,2,1,1,1,2,0,2,2,1,1,2,0,1,1,2,2,2,2,2,0,1,2,2,1,1,2,1,2,2,0,1,2,2,2,2,1,2,1,2,2,2,1,2,1,1,1,2,1,1,1,2,2,1,2,1,2,2,2,2,1,1,2,2,2,2,1,1,1,2,1,0,2,2,1,1,1,2,2,2,2,1,1,1,1,1,1,2,2,2,1,1,1,0,0,2,0,0,2,2,0,0,1,1,1,1,2,2,0,1,1,1,1,1,1,1,1,2,2,1,1,1,0,0,0,0,0,2,0,2,0,0,0,2,2,2,1,2,2,2,2,2,2,1,1,2,0,2,0,0,0,0,0,1,0,356,228
603,Male,0,3,1043,34.3,2,2,1,2,2,2,2,2,2,2,2,2,2,2,2,2,2,2,2,2,2,0,2,2,2,2,2,2,1,0,2,1,1,1,1,1,1,2,2,1,2,2,2,2,2,0,2,2,2,2,2,2,2,2,2,2,2,2,2,0,2,2,2,2,2,2,2,2,2,2,2,2,2,2,2,2,2,2,2,2,2,2,2,2,2,0,2,2,2,2,0,2,2,2,2,2,1,2,2,2,2,2,2,2,2,2,2,2,2,2,2,2,2,2,2,2,2,2,2,2,2,2,2,1,2,2,1,2,2,2,2,2,2,2,2,2,2,2,2,2,2,2,2,1,1,2,2,0,2,2,0,2,2,2,2,2,2,2,2,2,2,2,2,2,2,2,2,2,2,2,2,2,2,2,2,2,2,2,2,2,2,2,2,2,2,2,2,2,2,2,2,2,0,2,2,2,2,2,1,1,1,2,2,2,2,2,1,2,2,2,2,2,2,2,2,2,2,2,2,2,2,2,2,1,2,2,2,0,2,2,2,2,2,2,2,2,0,2,2,2,2,2,0,0,2,2,2,2,2,2,2,2,1,2,2,0,2,2,2,2,2,2,2,2,2,2,2,2,2,2,2,2,2,2,2,2,2,2,2,2,2,2,2,2,2,2,2,2,2,2,2,2,2,2,2,2,2,2,2,2,2,2,2,2,2,2,2,2,2,2,2,2,2,2,2,2,2,2,2,2,2,2,2,2,2,2,2,2,2,2,2,2,2,2,2,2,2,2,2,2,2,2,2,2,2,2,2,2,2,2,2,2,2,2,2,2,1,2,2,2,2,2,2,2,2,2,2,2,2,2,2,2,2,2,2,2,2,2,2,2,2,2,2,2,2,2,2,2,2,2,2,2,2,2,2,2,2,2,2,2,2,2,2,2,2,2,2,2,2,2,2,1,2,2,2,2,1,2,404,381
605,Male,0,2,271,8.9,0,0,0,0,0,0,0,0,0,0,0,0,0,0,0,0,0,0,0,0,0,0,1,0,0,0,0,0,0,0,0,0,0,0,0,0,0,0,0,0,0,0,0,0,0,0,0,0,0,0,0,0,1,1,0,1,0,0,0,0,0,0,0,0,0,1,0,0,0,0,0,0,0,0,0,0,0,0,1,0,0,0,0,0,0,0,1,0,0,0,0,0,0,0,0,0,0,0,0,0,0,0,0,0,0,0,0,0,0,0,0,0,0,0,0,1,0,0,0,0,0,1,0,0,0,0,0,0,0,0,0,0,0,0,1,0,1,0,0,0,0,0,0,0,0,0,0,0,0,0,0,0,0,0,0,0,0,0,0,0,0,0,0,0,0,0,0,0,0,0,0,0,0,0,0,0,0,1,0,0,0,0,0,0,0,0,1,0,0,0,0,0,0,0,0,0,0,0,0,0,0,0,0,0,0,0,0,0,0,0,0,0,0,0,0,0,0,0,0,1,0,0,0,1,0,0,0,0,2,0,0,0,0,0,0,1,0,0,0,1,1,0,0,1,0,0,1,0,0,0,0,0,0,1,1,0,1,0,0,0,1,0,0,0,0,0,0,0,0,0,0,0,0,0,1,0,0,0,1,0,0,1,0,0,0,0,0,0,0,0,0,0,0,0,0,0,0,0,0,0,0,1,0,0,1,0,0,0,0,0,0,0,0,0,0,0,0,1,0,0,0,1,0,0,0,0,0,0,0,0,0,0,1,0,0,0,0,0,1,0,0,0,1,0,0,0,0,0,0,0,0,0,0,0,0,0,0,0,0,0,0,0,0,0,0,0,0,0,0,0,0,0,0,0,0,0,0,0,0,0,0,0,0,0,0,0,0,0,0,0,0,0,0,0,0,0,0,0,0,0,0,0,0,0,0,0,0,0,0,0,0,0,0,0,0,0,0,0,35,1
605,Male,0,2,374,12.3,0,0,0,0,0,0,0,0,1,0,0,0,0,0,0,0,0,0,0,0,0,0,1,0,0,0,0,0,0,0,0,0,0,0,0,0,0,1,0,0,0,0,0,0,0,0,0,0,0,0,0,0,1,1,0,1,0,1,1,0,1,0,0,0,0,1,0,1,1,0,0,0,0,0,0,0,0,0,1,0,0,0,0,0,0,0,1,0,0,0,0,0,1,0,0,0,0,0,0,0,0,0,1,0,0,0,0,0,0,0,0,1,0,0,0,1,0,0,0,0,0,1,0,0,0,1,0,0,0,0,0,1,0,0,1,0,1,0,0,0,0,0,0,0,0,0,0,0,0,0,0,0,0,0,0,1,0,0,0,0,0,0,0,0,0,0,0,0,0,0,0,0,0,0,0,0,0,1,0,0,0,1,1,0,0,0,1,0,0,0,0,0,0,0,0,1,0,0,0,0,0,1,0,0,0,0,0,0,0,0,0,0,0,0,0,0,0,0,0,1,0,0,0,1,0,0,0,0,2,0,0,0,0,0,0,1,0,0,0,2,1,0,0,1,1,1,1,1,0,1,1,0,0,1,2,0,1,1,0,1,1,0,0,2,0,0,0,0,0,0,0,0,0,0,1,0,0,0,1,0,0,1,0,0,0,1,0,1,0,0,0,0,0,0,0,0,0,1,0,0,1,1,0,0,1,0,0,0,0,0,0,0,0,0,0,0,0,1,0,0,0,1,0,0,0,0,0,0,1,0,0,0,1,0,0,0,0,0,1,1,0,0,1,0,0,0,0,1,0,0,0,0,0,1,0,0,0,0,0,0,0,0,0,0,0,1,0,0,1,0,0,0,0,0,0,0,0,0,0,0,0,0,0,0,0,0,0,0,0,0,0,0,0,0,0,0,0,0,0,0,0,0,0,0,0,0,0,0,0,0,0,1,0,0,0,0,0,0,71,4
612,Female,0,2,479,15.7,2,0,1,0,2,1,0,2,0,0,2,0,0,0,0,0,0,0,2,0,0,0,1,0,1,0,1,0,0,0,0,0,0,0,0,1,0,0,0,0,0,0,0,0,1,0,0,0,0,0,0,0,0,0,0,0,0,0,0,0,1,0,1,0,0,0,0,0,1,0,0,0,0,0,0,0,0,0,1,0,1,0,0,0,1,0,1,0,0,0,0,0,0,1,0,0,0,0,0,0,0,0,1,0,0,0,1,0,0,0,0,0,0,0,0,0,0,0,1,0,0,0,0,0,0,1,0,0,0,0,0,0,0,0,2,0,0,0,1,0,0,0,0,0,0,0,0,0,0,0,0,0,0,0,0,0,0,0,0,0,0,0,0,0,0,0,0,0,0,0,0,0,0,0,0,0,0,0,0,0,0,0,0,0,0,0,1,0,0,0,1,0,0,0,0,1,0,0,0,0,0,0,0,0,1,0,0,0,0,0,0,0,0,0,0,0,0,1,0,0,0,0,0,0,2,0,0,0,2,0,0,0,0,0,0,2,2,0,0,2,2,0,0,0,2,0,2,0,0,0,2,0,0,1,0,0,1,0,1,0,0,0,0,2,0,0,0,0,0,0,0,0,0,0,0,0,1,0,0,0,0,0,0,0,0,0,0,0,0,0,0,0,0,1,0,0,0,1,0,0,1,1,0,0,0,0,0,0,0,0,0,0,0,0,0,0,0,0,0,0,0,0,0,0,0,0,0,0,0,0,0,0,1,0,0,0,0,0,0,0,0,0,1,0,0,0,0,0,0,0,0,0,0,0,0,0,0,0,0,0,0,0,0,0,0,0,0,0,0,0,0,0,0,0,0,0,0,0,1,0,1,0,0,0,0,0,0,0,0,0,0,0,0,0,0,0,0,0,1,0,0,1,0,0,0,0,0,0,0,0,0,0,0,0,0,0,0,0,55,16
612,Female,0,2,560,18.4,2,0,1,0,2,1,0,2,2,0,2,0,0,0,0,0,0,0,2,0,0,0,2,0,2,2,1,0,0,0,0,0,0,0,0,1,0,0,1,0,0,0,0,0,1,0,0,0,0,0,0,0,0,0,0,0,0,2,2,0,2,0,1,0,0,0,0,2,1,0,0,0,0,0,0,0,2,0,1,0,1,0,0,0,2,0,1,0,0,0,0,0,0,1,0,0,0,0,1,1,0,0,1,0,1,1,1,0,0,0,0,1,0,1,0,0,0,0,1,0,0,1,1,0,0,1,0,1,0,0,0,0,0,0,2,0,0,0,1,0,0,0,0,0,0,0,0,0,1,0,0,0,0,0,0,0,0,0,0,0,0,0,0,0,0,0,0,0,0,0,0,0,0,0,0,0,1,0,0,0,0,0,0,0,0,0,2,0,0,0,1,0,0,1,0,1,0,0,0,0,0,2,0,0,1,0,0,0,0,0,0,0,0,0,0,0,0,1,0,0,1,0,0,0,2,0,0,0,2,0,0,0,0,0,0,2,2,0,0,2,2,0,0,0,2,0,2,0,0,0,2,0,0,1,0,0,1,2,1,0,2,0,0,2,0,0,0,0,0,0,0,0,0,0,0,0,1,0,0,0,0,0,0,0,0,0,0,0,0,0,0,0,0,1,0,0,0,1,0,0,1,1,0,0,0,0,0,0,0,0,0,0,0,0,0,1,0,0,0,0,0,0,0,0,0,0,0,0,0,0,0,0,1,0,0,0,0,0,0,0,0,0,1,0,0,0,0,0,0,0,0,0,2,0,0,0,0,0,0,0,0,0,0,0,0,0,0,0,0,0,0,0,0,0,0,0,0,0,1,0,1,0,0,0,0,0,0,0,0,0,0,0,0,0,0,0,0,0,1,0,0,1,0,0,0,0,0,0,0,0,0,0,0,0,0,0,0,0,80,31
617,Male,0,2,490,16.1,0,2,0,0,0,0,0,0,0,0,0,0,0,0,0,1,0,0,0,1,0,0,1,0,2,0,0,0,0,0,0,0,0,0,1,0,0,0,0,0,0,2,0,0,0,0,0,0,0,0,0,0,0,0,0,0,0,1,2,0,1,1,0,0,1,0,1,1,1,1,0,0,0,0,0,1,1,0,0,0,0,0,0,0,0,0,1,0,0,0,0,0,0,0,1,0,0,0,0,0,0,0,0,0,0,0,1,1,0,0,0,0,0,0,0,0,0,0,0,0,0,0,0,0,0,1,0,0,0,2,0,1,1,0,1,0,1,0,0,0,0,1,0,0,0,0,0,0,0,1,0,0,0,1,0,0,0,0,0,0,1,0,0,0,0,0,0,0,0,1,0,0,0,0,0,0,0,0,0,0,0,1,0,0,1,0,1,0,0,0,1,0,0,0,0,0,0,0,0,0,0,0,0,0,0,0,0,0,0,0,0,0,0,0,0,1,0,0,0,0,1,0,0,0,0,0,0,0,2,0,0,0,0,0,0,1,1,0,0,2,0,0,0,0,1,0,2,0,0,0,2,0,1,0,2,0,1,0,1,0,1,0,0,2,0,0,0,0,0,0,0,0,1,0,1,0,1,0,1,0,0,0,0,0,0,1,0,0,1,0,0,0,0,0,0,0,0,1,0,0,1,0,0,0,0,0,1,0,0,0,0,0,0,0,0,1,0,1,0,0,0,0,0,0,0,0,1,1,1,0,1,0,0,0,0,0,0,0,0,1,0,0,1,0,0,0,0,0,0,0,0,0,0,0,0,0,0,0,0,0,0,0,0,0,0,0,0,0,0,0,0,0,0,0,0,0,0,0,0,0,0,0,0,0,0,0,0,0,0,0,0,0,0,0,0,0,0,0,0,0,0,0,0,0,0,0,0,0,0,0,0,0,0,0,1,0,0,0,70,11
617,Male,0,2,624,20.5,2,2,0,2,2,2,0,2,2,2,2,1,1,2,2,1,2,1,2,2,2,1,2,1,2,0,2,1,1,0,2,0,0,1,1,2,2,0,2,0,1,2,0,2,0,0,2,1,2,2,1,0,2,2,1,1,2,2,2,1,2,1,1,2,2,1,2,2,1,1,0,2,1,0,2,2,2,0,2,1,2,2,1,0,1,1,1,1,1,2,0,0,2,2,2,1,0,2,2,2,1,1,2,2,2,1,1,1,2,2,0,2,2,1,2,2,2,1,2,1,1,2,1,0,1,1,0,0,1,2,0,2,1,1,1,1,1,1,1,1,1,2,1,0,1,1,1,0,1,1,0,1,1,1,1,1,1,1,1,0,1,1,2,1,0,1,1,1,1,2,1,1,0,0,0,1,0,1,1,2,1,2,0,1,1,1,1,1,1,0,1,0,1,2,0,0,2,1,1,1,0,2,0,0,0,1,0,1,0,1,1,1,1,0,1,1,1,1,2,1,1,1,0,1,2,1,0,1,2,0,1,1,1,0,1,2,2,1,1,2,0,1,0,0,1,1,2,1,1,2,2,1,1,2,2,0,2,2,2,2,2,1,0,2,1,1,0,1,1,0,1,1,1,1,1,1,1,1,2,1,1,1,1,1,1,1,1,1,1,0,0,1,1,1,0,1,1,1,0,1,1,0,1,1,1,1,2,1,1,1,1,1,0,0,0,2,1,1,1,1,1,1,1,1,0,1,1,1,1,0,1,0,2,1,1,0,2,0,1,1,1,2,2,0,1,0,0,1,1,2,1,0,2,1,1,1,1,1,2,0,1,2,1,1,1,1,1,1,1,1,2,0,1,0,1,1,1,0,1,1,1,0,0,0,0,0,0,0,0,1,2,0,0,2,0,2,1,1,1,1,1,1,1,1,2,1,1,2,2,0,2,1,1,1,2,0,0,0,326,110
620,Male,0,4,438,14.4,0,1,0,0,2,0,1,0,2,0,2,1,0,0,0,2,0,0,1,0,0,0,1,0,0,0,0,0,0,0,0,0,0,0,0,0,0,0,0,0,0,0,0,0,0,0,0,0,0,0,0,0,0,0,0,0,0,1,0,0,1,0,0,0,0,0,0,1,0,0,0,0,0,0,0,0,0,0,0,0,0,1,0,0,1,0,2,0,0,0,0,0,0,0,0,0,0,0,0,1,0,0,0,0,0,1,0,0,0,0,0,1,0,0,0,0,0,0,0,0,0,0,0,0,0,0,0,0,0,0,0,0,0,0,1,0,0,0,0,0,0,0,0,0,0,0,0,0,0,0,0,0,0,0,0,0,0,0,0,0,0,0,0,0,0,0,0,0,0,0,0,0,0,0,0,0,0,0,0,0,0,0,0,0,0,0,1,0,0,0,0,0,0,0,0,1,0,0,0,0,0,0,0,0,0,0,0,0,0,0,0,0,0,0,0,0,0,0,0,0,0,0,0,0,2,0,0,0,2,0,0,0,0,0,0,0,0,0,0,2,0,0,0,0,1,0,2,0,0,2,0,0,0,1,1,0,1,0,0,0,2,0,0,0,0,0,0,0,0,0,0,0,0,0,0,0,0,0,1,0,0,0,0,0,0,0,0,0,0,0,0,0,1,0,0,0,0,1,0,0,0,0,0,0,0,0,1,0,0,0,0,0,0,0,0,1,0,0,0,1,0,0,1,0,0,0,0,0,0,0,0,0,1,0,0,0,0,0,0,0,0,0,0,0,0,0,0,1,0,0,0,0,0,0,0,0,0,0,0,0,0,0,0,0,0,0,0,0,0,0,0,0,0,0,0,0,0,0,0,0,0,0,0,0,0,0,0,0,0,0,0,0,0,0,0,0,0,0,0,0,0,0,0,0,0,0,1,0,1,0,0,0,0,0,0,0,0,0,42,11
620,Male,0,4,475,15.6,0,1,0,0,2,0,2,0,2,1,2,1,0,0,0,2,0,0,1,0,0,0,1,0,0,0,0,0,0,0,0,0,0,0,0,0,0,0,0,0,0,0,0,0,0,0,0,0,0,0,0,0,0,1,0,0,0,1,1,0,1,1,0,0,0,0,0,1,1,0,0,0,0,0,0,0,0,0,1,0,0,1,0,0,1,0,2,0,0,0,0,0,0,0,0,0,0,0,0,1,0,0,0,0,0,1,0,0,0,0,0,1,0,0,0,0,0,0,0,0,0,0,0,0,0,1,0,0,0,0,0,0,0,0,1,0,0,0,0,0,0,0,0,0,0,0,0,0,0,0,0,0,0,0,0,0,0,0,0,0,0,0,0,0,0,0,0,0,0,0,0,0,0,0,0,0,0,0,0,0,0,0,0,0,0,0,1,1,0,0,0,0,0,1,0,1,0,0,0,0,0,0,0,0,0,0,0,0,0,0,0,0,0,0,0,0,0,0,0,1,0,0,0,0,2,0,0,0,2,0,0,0,0,0,0,0,0,0,0,2,0,0,0,0,1,0,2,0,0,2,2,0,0,1,1,0,1,0,0,0,2,0,0,2,1,0,0,0,0,0,0,1,0,0,0,0,1,0,1,0,0,0,0,0,0,0,0,0,0,0,0,0,1,0,0,0,0,1,0,0,0,0,0,1,0,0,1,0,0,0,0,0,0,0,0,1,0,0,0,1,0,0,1,0,0,0,0,0,0,0,0,0,1,0,0,0,0,0,1,0,0,0,0,0,0,0,0,1,0,0,0,0,2,0,0,0,0,0,0,0,0,0,0,0,0,0,0,0,0,0,0,0,0,0,0,0,0,0,0,0,1,0,0,0,0,0,0,0,0,0,0,0,0,0,0,0,0,0,1,1,0,0,0,0,0,0,2,0,1,0,0,0,0,0,0,0,0,0,63,16
620,Male,0,4,523,17.2,0,1,0,0,2,0,2,1,2,2,2,2,0,0,0,2,0,0,1,0,0,0,1,0,0,0,0,0,0,0,0,0,0,0,0,0,0,0,0,0,0,0,0,0,0,0,0,0,0,0,0,0,1,1,0,1,0,1,1,1,1,1,0,0,0,0,0,1,1,0,0,0,0,0,0,0,0,0,1,0,0,1,0,0,2,0,2,0,0,0,0,0,0,0,1,0,0,0,0,1,1,1,1,0,0,1,1,1,0,0,0,1,1,1,1,0,1,0,1,0,0,0,0,0,1,1,0,0,0,0,0,1,0,0,1,0,1,0,0,0,1,1,0,0,1,0,0,0,1,0,0,0,0,0,0,1,0,0,0,0,0,0,0,0,0,1,0,0,0,0,0,0,0,0,0,0,0,0,0,1,0,1,0,0,0,1,1,1,0,0,0,1,0,1,0,1,0,0,0,1,0,0,0,0,0,0,0,0,0,0,0,0,0,0,0,0,0,0,0,1,1,0,0,0,2,0,0,0,2,0,0,0,0,0,0,0,0,0,0,2,0,0,0,0,1,0,2,0,1,2,2,1,0,1,1,0,1,2,0,0,2,1,0,2,1,1,0,0,1,0,0,1,0,0,1,0,1,0,1,0,0,1,0,0,0,0,0,1,1,0,0,0,1,0,0,1,0,1,0,0,0,0,0,1,0,1,1,0,0,0,0,0,0,0,0,1,1,0,0,1,1,0,1,0,0,0,1,0,1,0,0,0,1,0,1,0,0,0,1,0,0,0,1,0,0,0,0,1,0,0,0,0,2,0,1,0,0,0,0,0,0,0,0,0,0,0,0,0,0,0,0,0,0,0,0,0,0,0,0,0,1,0,0,0,0,0,0,0,0,0,1,1,0,0,0,0,0,0,1,1,0,1,1,0,0,0,2,0,1,0,2,0,0,0,0,0,0,0,117,21
620,Male,0,4,620,20.4,0,1,0,0,2,0,2,1,2,2,2,2,0,0,2,2,0,0,2,1,0,0,2,0,1,0,0,0,0,0,0,0,0,0,0,0,0,0,1,0,0,0,0,0,0,0,0,0,2,0,0,2,2,2,0,1,0,2,1,2,2,2,0,0,0,0,2,2,2,0,0,0,0,0,2,0,1,0,2,0,0,1,0,1,2,0,2,0,0,0,0,1,0,0,1,0,1,0,1,1,1,1,1,0,2,1,1,1,0,0,0,1,1,1,1,0,1,0,1,0,0,2,0,0,1,1,0,0,0,1,0,2,0,0,2,0,2,0,1,0,2,1,0,0,1,0,0,0,1,0,0,0,0,0,0,1,1,0,1,0,1,0,0,0,0,1,0,0,0,1,0,0,2,0,0,1,0,0,1,1,0,2,0,0,0,1,2,2,2,0,0,1,0,1,0,2,1,0,0,1,0,2,0,0,1,0,0,0,2,0,0,0,0,0,0,0,0,0,1,1,1,0,0,0,2,0,0,0,2,0,0,0,0,0,0,2,2,0,0,2,2,0,0,0,1,0,2,0,1,2,2,1,1,2,2,0,1,2,0,2,2,1,0,2,1,1,0,0,1,0,0,1,0,0,1,0,1,0,1,0,1,2,0,0,0,0,0,1,1,0,0,0,2,0,0,1,0,2,0,0,0,0,0,2,0,2,1,0,0,0,0,0,0,0,0,1,1,1,0,1,1,0,1,0,0,1,1,0,1,0,0,0,2,0,1,0,0,0,1,0,2,0,2,0,0,0,0,1,0,0,0,0,2,0,1,0,0,1,0,0,2,0,0,0,0,0,0,0,0,2,0,0,0,0,0,0,0,0,0,0,2,0,0,0,0,0,0,0,0,2,2,1,0,0,0,0,0,0,1,1,0,1,1,0,0,0,2,0,1,0,2,0,0,0,0,0,0,0,160,70
622,Male,0,3,351,11.5,0,0,0,0,0,0,0,0,0,0,0,0,0,0,0,0,0,0,0,0,0,0,0,0,0,0,0,0,0,0,0,0,0,0,0,0,0,0,0,0,0,0,0,0,0,0,0,0,0,0,0,0,0,0,0,0,0,0,0,0,1,0,0,0,0,0,0,1,0,0,0,0,0,0,0,0,0,0,0,0,0,1,0,0,0,0,2,0,0,0,0,0,0,0,0,1,0,0,0,0,0,0,0,0,0,0,1,0,0,0,0,0,0,0,0,0,0,0,0,0,0,0,0,0,0,0,0,0,0,0,0,0,0,0,0,0,0,0,0,0,0,0,0,0,0,0,0,0,0,0,0,0,0,0,0,0,0,0,0,0,0,0,0,0,0,0,0,0,0,0,0,0,0,0,0,0,0,0,0,0,0,0,0,0,0,0,0,0,0,0,0,0,0,0,0,0,0,0,0,0,0,0,0,0,0,0,0,0,0,0,0,0,0,0,0,0,0,0,0,0,0,0,0,0,0,0,1,0,2,0,0,0,0,0,0,1,2,0,0,2,2,0,0,0,0,0,2,0,0,1,2,0,0,1,0,0,0,0,0,0,0,0,0,1,0,0,0,0,0,0,0,0,0,0,1,0,0,0,0,0,0,0,0,1,0,0,0,0,0,0,0,0,0,1,0,0,0,1,0,0,0,0,0,0,0,0,0,0,0,0,0,0,0,0,0,0,0,0,0,0,0,0,0,0,0,0,0,1,0,0,0,0,0,0,0,0,0,0,0,0,0,0,0,0,0,0,0,0,0,0,0,0,0,0,0,0,0,0,0,0,0,0,0,0,0,0,0,1,0,0,0,0,0,0,0,0,0,0,0,0,0,0,0,0,0,0,0,0,0,0,0,0,0,0,0,0,0,0,0,0,0,0,0,0,0,0,0,0,0,0,0,0,0,0,0,0,0,0,23,7
622,Male,0,3,463,15.2,2,1,0,0,0,0,1,0,1,0,0,2,1,1,1,2,1,0,1,1,1,0,1,0,0,0,1,0,0,0,0,0,0,0,1,0,1,0,0,0,0,1,1,0,0,0,0,0,1,1,1,1,0,2,0,1,0,2,2,1,2,2,0,1,0,1,1,1,0,0,0,0,0,0,0,0,0,0,0,0,0,1,0,0,0,0,2,0,0,0,0,0,0,0,0,1,0,0,0,0,0,0,0,0,0,0,1,1,0,0,0,2,0,0,1,0,1,0,0,0,1,2,0,0,0,1,0,0,0,2,0,2,0,0,0,1,1,1,1,0,1,1,0,0,1,0,0,0,0,0,0,0,0,1,0,0,0,0,1,0,1,0,0,0,0,0,0,0,0,0,0,0,0,0,0,0,0,0,0,0,0,0,0,0,0,0,0,0,0,0,0,0,0,0,0,0,0,0,0,0,0,0,0,0,0,0,0,0,0,0,0,0,0,0,0,0,0,0,2,0,1,1,0,0,2,0,1,0,2,0,0,0,0,0,0,1,2,0,2,2,2,0,0,0,0,1,2,0,0,2,2,0,1,2,2,0,0,1,2,0,2,0,0,1,1,0,0,0,0,0,0,1,0,0,1,0,1,0,1,0,0,0,0,1,0,0,0,0,0,0,0,0,0,1,0,0,0,1,0,0,0,0,0,0,0,0,0,0,0,0,0,0,0,0,0,0,1,1,1,2,1,0,0,0,0,1,1,1,1,0,0,0,1,1,0,0,0,0,0,1,0,0,0,0,0,0,0,0,0,0,0,0,0,1,0,0,0,0,0,0,0,0,0,0,0,0,0,1,0,0,0,0,0,0,0,0,0,0,0,0,0,0,0,0,0,0,0,0,0,0,0,0,0,0,0,0,0,0,0,0,0,0,0,0,0,0,0,0,1,0,0,0,0,0,0,0,0,0,102,28
622,Male,0,3,535,17.6,2,2,2,2,2,2,2,2,2,2,2,2,1,1,2,2,1,1,1,1,1,1,2,1,2,1,1,1,1,0,1,0,0,1,1,1,2,1,1,0,0,2,1,1,1,1,1,1,1,1,1,1,1,2,1,1,1,2,2,1,2,2,1,1,2,1,2,2,1,1,1,1,1,0,2,1,1,0,1,1,1,1,1,0,0,0,2,1,1,1,1,0,1,2,2,1,1,1,1,2,1,1,1,1,1,2,2,1,1,1,0,2,0,2,1,0,2,0,1,0,1,2,0,0,0,1,1,0,0,2,0,2,1,0,0,1,1,1,1,0,1,2,0,0,1,1,0,0,0,0,0,1,0,1,1,1,1,0,1,0,1,1,1,0,0,1,0,0,0,0,0,1,1,0,0,1,1,0,1,0,0,1,0,0,2,0,0,1,1,0,1,0,0,1,1,0,1,0,0,1,0,1,0,1,0,0,0,1,0,0,1,0,1,0,0,0,0,0,2,0,1,1,0,0,2,0,1,0,2,0,0,0,0,1,0,1,2,0,2,2,2,0,0,0,0,1,2,1,0,2,2,0,1,2,2,0,2,1,2,0,2,0,0,2,1,1,0,1,0,0,1,1,0,0,1,0,1,1,1,0,0,1,0,1,1,0,1,0,1,0,0,0,1,1,0,1,1,1,0,0,1,0,0,1,1,1,1,1,0,1,1,0,0,0,0,1,1,1,1,2,1,1,0,0,0,1,1,1,1,0,1,0,2,1,0,0,0,1,0,1,1,0,0,0,0,0,0,0,0,0,1,0,2,1,0,0,0,0,0,0,0,0,1,0,0,1,0,1,1,2,0,0,2,0,1,0,0,0,0,0,0,0,0,0,0,0,0,0,0,0,0,0,0,0,1,1,0,0,1,1,1,0,1,0,0,1,1,1,1,0,1,0,0,0,0,0,0,1,239,62
623,Male,0,2,281,9.2,0,0,0,0,0,0,0,0,1,0,0,2,0,0,0,0,0,0,0,0,0,0,0,0,0,0,0,0,0,0,0,0,0,0,0,0,0,0,0,0,0,0,0,0,0,0,0,0,0,0,0,0,0,0,0,0,0,0,0,0,0,1,0,0,2,0,0,0,0,0,0,0,0,0,0,0,0,0,0,0,0,0,0,0,0,0,0,0,0,0,0,0,0,0,0,0,0,0,0,0,0,0,0,0,0,0,0,0,0,0,0,0,0,0,0,0,0,0,0,0,0,0,0,0,0,0,0,0,0,0,0,0,0,0,0,0,0,0,0,0,0,0,0,0,0,0,0,0,0,0,0,0,0,0,0,0,0,0,0,0,0,0,0,0,0,0,0,0,0,0,0,0,0,0,0,0,0,0,0,0,0,0,0,0,0,0,0,0,0,0,0,0,0,0,0,0,0,0,0,0,0,0,0,0,0,0,0,0,0,0,0,0,0,0,0,0,0,0,0,0,0,0,0,0,0,0,0,0,2,0,0,0,0,0,0,0,0,0,0,0,0,0,0,0,0,0,0,0,0,0,0,0,0,0,0,0,0,0,0,0,0,0,0,0,0,0,0,0,0,0,0,0,0,0,0,0,0,0,0,0,0,0,0,0,0,0,0,0,0,0,0,0,0,0,0,0,0,0,0,0,0,0,0,0,0,0,0,0,0,0,0,0,0,0,0,0,0,0,0,1,0,0,0,0,0,0,0,0,0,0,0,0,0,0,0,0,0,0,0,0,0,0,0,0,0,0,0,0,0,0,0,0,0,0,0,0,0,0,0,0,0,0,0,0,0,0,0,0,0,0,0,0,0,0,0,0,0,0,0,0,0,0,0,0,0,0,0,0,0,0,0,0,0,0,0,0,0,0,0,0,0,0,0,0,0,0,0,0,0,0,0,0,0,0,0,0,0,0,6,3
623,Male,0,2,549,18,2,2,2,2,2,2,2,2,2,2,2,2,0,2,2,1,1,1,1,2,1,0,2,1,2,1,1,1,1,0,1,0,0,1,1,1,1,0,1,1,0,2,2,0,2,0,0,1,2,0,0,0,2,2,0,0,1,2,2,2,2,2,0,0,2,2,0,2,2,2,0,2,0,0,2,2,0,0,2,0,1,0,0,0,2,0,2,1,0,2,0,0,2,2,1,1,1,0,2,2,1,1,2,1,2,2,1,1,2,1,0,2,2,2,1,2,2,2,2,0,0,2,0,0,0,2,0,0,0,2,0,2,2,2,2,0,0,2,2,0,1,2,0,0,0,0,1,0,0,0,0,0,0,1,0,1,1,0,0,0,2,1,0,0,0,0,0,0,2,0,0,1,0,0,1,1,0,0,1,1,0,1,0,0,2,0,2,1,0,0,1,1,0,1,0,0,2,0,0,1,0,2,0,2,0,0,0,0,0,0,0,0,0,0,0,0,0,0,2,1,1,1,0,0,2,0,0,0,2,0,0,0,0,0,0,2,2,0,0,2,2,0,0,2,2,2,2,2,0,2,0,1,0,2,2,0,2,2,2,2,2,2,0,2,1,1,0,0,0,0,0,0,0,0,1,2,0,0,2,0,0,0,0,0,0,1,1,0,2,0,0,1,1,0,2,1,2,1,0,0,2,0,0,1,1,2,0,0,0,0,1,0,0,0,0,0,0,0,0,2,0,0,1,0,0,1,1,0,0,1,1,0,2,0,0,2,2,0,1,0,0,0,0,0,0,0,0,0,0,0,0,0,0,0,1,0,0,0,0,0,0,0,1,0,0,0,0,0,0,0,2,0,0,0,1,0,0,0,1,0,2,0,0,0,0,0,0,0,0,0,0,0,0,0,0,0,0,0,2,1,0,0,0,0,2,0,2,0,2,0,2,0,0,0,0,0,0,1,188,112
624,Male,0,3,297,9.8,2,0,0,0,1,0,1,0,1,0,0,1,0,0,0,0,0,0,1,0,0,0,1,0,0,0,0,0,0,0,0,0,0,0,0,0,0,0,0,0,0,0,0,0,0,0,0,0,0,0,0,0,0,0,0,0,0,1,0,0,0,0,0,0,0,1,0,0,0,0,0,0,0,0,0,0,0,0,1,0,0,0,0,0,0,0,0,0,0,0,0,0,0,0,0,0,0,0,0,0,0,0,0,0,0,0,0,0,0,0,0,0,0,0,0,0,0,0,0,0,0,0,0,0,0,0,0,0,0,0,0,0,0,0,0,0,0,0,0,0,0,0,0,0,0,0,0,0,0,0,0,0,0,0,0,0,0,0,0,0,0,1,0,0,0,0,0,0,0,0,0,0,0,0,0,0,0,0,0,0,0,0,0,0,0,0,1,0,0,0,0,0,0,0,0,0,0,0,0,0,0,0,0,0,1,0,0,0,0,0,0,0,0,0,0,0,0,0,0,0,0,0,0,0,0,0,0,0,1,0,0,0,0,0,0,0,0,0,0,1,0,0,0,0,1,0,1,0,1,1,1,0,1,1,1,0,1,0,0,0,0,0,0,0,0,0,0,0,0,0,0,0,0,0,0,0,1,0,0,0,1,1,1,0,0,0,1,0,0,0,0,0,0,0,0,0,0,1,0,0,1,0,0,0,0,0,0,0,0,0,0,0,0,0,0,0,0,0,0,1,1,0,0,0,0,0,1,1,0,0,0,0,1,0,0,0,0,0,0,0,0,0,0,0,0,0,0,0,0,0,0,0,1,0,0,0,0,0,0,0,0,0,0,0,0,0,0,0,0,0,0,0,0,0,0,0,0,0,0,0,0,0,0,0,0,0,0,0,0,0,0,0,0,0,0,0,0,0,0,0,0,0,0,0,0,0,0,0,1,0,0,0,0,0,0,0,0,0,38,1
624,Male,0,3,547,18,2,2,0,0,1,2,2,1,1,2,1,1,0,0,0,0,0,0,1,0,1,0,1,0,0,1,1,0,0,0,1,0,0,1,1,0,0,0,0,0,0,1,0,0,1,0,0,1,0,1,0,0,0,1,1,1,1,1,2,0,1,2,0,1,1,1,1,2,1,0,0,0,1,0,2,0,1,0,1,0,0,1,1,0,2,0,1,0,0,1,1,0,0,1,0,0,1,0,1,1,0,0,1,0,0,0,0,0,0,0,0,1,0,1,1,0,0,0,1,0,0,1,1,0,0,1,0,0,0,1,0,1,0,0,1,1,1,1,1,0,0,1,0,0,1,0,0,0,0,0,0,1,0,1,0,0,0,0,0,0,0,1,1,0,0,1,0,0,0,0,0,1,0,0,0,0,0,0,0,0,0,0,0,0,2,1,1,0,0,1,1,0,1,1,1,0,1,0,0,1,0,1,0,0,1,0,0,0,0,0,0,0,1,0,0,1,0,0,1,1,1,1,0,0,1,0,0,0,1,0,0,0,0,0,0,1,0,1,1,1,2,0,0,0,1,1,2,1,1,2,2,1,1,1,2,0,2,2,2,1,2,1,1,1,1,1,0,1,0,0,1,1,1,0,1,0,1,1,1,0,1,1,1,0,1,2,1,1,1,0,0,1,0,1,0,1,1,1,0,0,1,0,0,1,1,1,1,1,1,1,1,0,0,0,1,1,1,1,1,2,1,1,0,1,0,1,1,1,1,0,1,0,1,0,0,0,0,1,1,1,0,0,1,0,1,0,0,1,1,0,0,0,1,0,1,0,0,1,0,0,0,0,0,0,0,1,0,1,1,1,0,0,0,0,1,1,0,0,0,0,0,0,0,0,0,0,0,0,0,0,1,0,0,0,0,0,0,1,2,0,1,1,1,1,1,1,0,0,1,0,2,0,0,0,0,0,0,0,191,24
624,Male,0,3,692,22.7,2,2,0,2,2,2,2,1,2,2,2,2,0,0,0,0,0,0,1,0,1,0,1,0,0,1,1,0,0,0,1,0,0,1,1,0,0,0,1,0,0,2,0,0,1,0,0,1,0,1,1,1,1,2,1,1,1,2,2,0,1,2,0,1,1,1,1,2,1,0,0,0,1,1,2,0,1,0,1,0,0,1,1,0,2,0,2,0,0,1,1,0,2,1,0,0,1,1,1,1,1,1,1,1,0,1,1,1,0,1,0,1,1,1,1,0,0,0,1,0,0,1,1,0,0,1,0,1,0,2,0,2,1,0,2,1,1,1,1,0,0,2,0,0,1,1,1,0,1,1,0,1,0,1,0,1,2,0,0,0,1,1,1,0,0,1,0,0,1,1,0,1,1,0,0,0,0,0,0,0,0,1,0,0,2,1,1,1,1,1,1,0,1,1,1,0,1,0,0,1,0,1,0,0,1,1,0,0,0,0,0,0,1,0,0,1,0,0,1,2,1,1,0,1,1,0,0,0,1,0,0,0,0,0,0,2,0,1,1,1,2,0,0,1,1,2,2,1,1,2,2,1,1,1,2,1,2,2,2,2,2,1,2,2,1,1,0,1,1,1,1,1,1,0,1,0,1,1,1,0,1,1,1,1,1,2,1,1,2,1,0,1,0,1,0,1,1,1,0,1,1,1,0,2,1,1,1,1,1,1,1,0,0,0,1,1,1,1,1,2,1,1,0,1,0,1,2,1,1,0,1,0,2,1,1,0,0,1,1,1,0,0,1,0,1,0,0,1,1,0,0,0,1,1,1,0,0,1,0,0,1,2,2,1,0,2,1,1,2,2,2,1,2,1,1,1,2,0,2,1,1,2,0,0,0,1,1,2,2,2,2,2,1,0,2,0,2,2,2,1,2,2,2,2,2,1,2,0,2,1,2,0,0,0,0,0,2,1,263,75
625,Male,0,5,282,9.3,0,0,0,0,1,0,0,0,0,0,0,0,0,0,0,0,0,0,0,0,0,0,0,0,0,0,0,0,0,0,0,0,0,0,0,0,0,0,0,0,0,0,0,0,0,0,0,0,0,0,0,0,0,1,0,0,0,0,0,0,0,0,0,0,0,0,0,0,0,0,0,0,0,0,0,0,0,0,0,0,0,0,0,0,0,0,0,0,0,0,0,0,0,0,0,0,0,0,0,0,0,0,0,0,0,0,0,0,0,0,0,0,0,0,0,0,0,0,0,0,0,0,0,0,0,0,0,0,0,0,0,0,0,0,0,0,0,0,0,0,0,0,0,0,0,0,0,0,0,0,0,0,0,0,0,0,0,0,0,0,0,0,0,0,0,0,0,0,0,0,0,0,0,0,0,0,0,0,0,0,0,0,0,0,0,0,0,0,0,0,0,0,0,0,0,0,0,0,0,0,0,0,0,0,0,0,0,0,0,0,0,0,0,0,0,0,0,0,0,0,0,0,0,0,0,0,0,0,1,0,0,0,0,0,0,0,0,0,0,1,0,0,0,0,1,0,0,0,0,1,0,0,0,0,0,0,0,0,0,0,0,0,0,0,0,0,0,0,0,0,0,0,0,0,0,0,0,0,0,0,0,0,0,0,0,0,0,0,0,0,0,0,0,0,0,0,0,1,0,0,0,0,0,0,0,0,0,0,0,0,0,0,0,0,0,0,0,0,0,0,0,0,0,0,0,0,0,0,0,0,0,0,0,0,0,0,0,0,0,0,0,0,0,0,0,0,0,0,0,0,0,0,0,0,0,0,0,0,0,0,0,0,0,0,0,0,0,0,0,0,0,0,0,0,0,0,0,0,0,0,0,0,0,0,0,0,0,0,0,0,0,0,0,0,0,0,0,0,0,0,0,0,0,0,0,0,0,0,0,0,0,0,0,0,0,0,0,0,7,0
625,Male,0,5,531,17.5,2,2,1,2,2,2,0,2,2,2,2,0,0,1,1,1,1,1,1,1,1,1,1,0,1,0,2,0,0,0,1,0,0,1,1,1,1,0,0,0,0,1,1,0,1,0,0,1,1,1,0,0,1,1,0,1,1,2,1,0,2,1,1,1,2,1,1,2,1,1,0,1,0,1,0,0,0,0,1,0,2,0,0,0,0,0,2,0,0,0,0,0,0,0,1,0,1,0,1,1,0,0,0,1,0,1,0,1,0,0,0,1,0,1,1,0,0,0,1,0,0,2,1,0,0,1,0,1,0,2,0,1,0,0,1,0,1,0,1,0,1,2,0,0,0,1,0,0,0,1,0,0,0,0,1,1,0,0,0,0,0,1,1,0,0,0,0,0,0,0,0,1,0,0,0,0,0,0,0,2,0,1,0,0,1,0,1,0,0,0,0,0,0,0,0,0,1,0,0,0,0,0,0,1,0,0,0,0,0,0,0,0,0,0,0,1,0,0,1,1,1,0,0,0,0,0,0,0,2,0,0,0,0,0,0,0,0,0,0,2,0,0,0,0,1,0,2,0,0,1,0,1,0,2,2,0,2,0,2,0,0,0,0,1,0,0,0,0,0,0,0,0,0,0,1,0,0,0,0,0,1,1,0,0,0,0,1,1,1,0,0,0,0,1,0,1,0,1,0,0,1,0,0,1,0,1,1,0,0,1,0,0,0,0,0,1,1,1,1,0,1,1,0,0,0,0,2,0,0,0,0,0,1,0,0,0,0,0,0,0,0,0,0,0,0,0,0,0,0,0,0,0,0,0,0,0,0,0,0,0,0,0,0,0,0,0,0,0,0,0,0,0,0,0,0,0,0,0,0,0,0,0,0,0,0,0,0,0,0,0,0,0,0,0,0,0,0,0,0,0,0,0,0,0,0,0,0,0,0,0,0,0,0,0,0,0,0,0,126,28
625,Male,0,5,627,20.6,2,2,1,2,2,2,2,2,2,2,2,1,0,1,1,1,1,1,2,1,1,1,2,0,2,1,2,1,1,0,1,0,1,1,1,1,1,0,2,0,1,1,1,1,1,1,1,1,1,1,2,1,1,2,1,1,1,2,2,0,2,2,1,1,2,1,1,2,2,1,1,1,1,1,2,1,1,0,1,1,2,1,1,0,2,1,2,1,1,1,1,0,2,2,1,1,0,0,2,1,1,1,1,1,1,1,1,1,0,1,0,2,2,1,1,0,0,0,1,0,1,2,1,0,1,1,0,1,0,2,0,1,1,0,1,0,1,1,1,1,1,2,0,0,1,1,0,0,0,1,0,1,0,1,1,1,1,1,1,0,1,1,1,1,0,1,0,0,2,1,1,1,1,0,1,1,0,1,1,2,0,1,0,1,1,1,1,2,1,1,1,0,1,1,1,0,1,0,0,0,0,1,1,1,0,0,0,1,0,1,0,0,0,0,0,1,1,0,2,1,1,1,0,0,2,1,0,0,2,0,0,0,0,1,1,1,1,0,1,2,0,0,0,1,1,1,2,1,0,2,2,1,1,2,2,0,2,2,2,2,1,0,0,1,0,1,0,0,0,0,1,1,0,1,1,0,1,1,1,1,1,1,0,1,0,0,1,1,1,0,1,1,1,1,0,1,1,1,0,0,1,0,0,1,2,1,1,0,1,1,1,0,0,0,1,1,1,1,1,1,1,1,1,0,0,1,2,1,1,0,1,0,1,1,0,0,0,0,0,0,0,1,0,0,1,0,0,0,0,0,1,0,0,1,1,0,0,0,0,0,0,0,0,0,0,1,0,0,1,0,0,0,0,0,1,0,0,0,0,0,2,0,0,0,0,0,0,0,0,2,0,0,0,0,0,0,0,0,1,1,1,0,1,0,0,0,1,0,0,0,2,0,0,0,0,0,0,0,255,57
625,Male,0,5,704,23.1,2,2,1,2,2,2,2,2,2,2,2,1,1,1,2,2,2,2,2,1,2,1,2,1,2,1,2,2,1,0,1,0,1,2,2,2,1,1,2,0,1,2,1,1,2,1,1,1,1,2,2,1,2,2,1,2,2,2,2,0,2,2,1,2,2,1,1,2,2,1,1,2,1,1,2,1,1,0,2,1,2,1,1,0,2,1,2,1,1,1,1,2,2,2,2,1,1,1,2,2,1,1,1,1,2,2,1,1,1,1,1,2,2,1,1,0,1,1,1,0,2,2,1,1,1,2,1,1,1,2,0,2,1,0,2,1,2,1,1,1,2,2,1,0,1,1,0,0,0,1,0,1,1,1,1,2,1,1,1,0,1,1,2,2,0,1,0,1,2,2,1,1,1,0,1,1,0,1,1,2,0,1,0,1,2,1,1,2,1,1,1,0,1,2,1,0,1,0,0,0,0,1,1,1,0,0,0,1,0,1,0,0,1,0,0,1,1,0,2,1,1,1,0,0,2,1,0,1,2,1,1,0,0,1,1,2,2,0,1,2,0,0,0,2,2,2,2,1,0,2,2,1,1,2,2,0,2,2,2,2,2,0,0,1,1,1,1,0,1,0,1,1,1,1,1,1,1,1,1,1,1,1,0,1,1,1,1,1,1,0,1,1,1,1,0,1,1,1,0,1,1,0,1,1,2,1,1,1,1,1,1,1,0,1,1,1,1,2,1,2,1,1,1,0,0,2,2,1,1,0,1,0,1,2,0,1,0,0,0,1,0,1,0,0,1,0,0,0,0,0,1,0,0,1,1,0,0,0,0,0,0,0,0,0,0,1,0,0,1,0,0,0,0,0,1,0,0,0,0,0,2,0,0,0,0,0,0,0,0,2,1,0,0,0,0,0,0,0,1,1,1,2,1,0,0,1,1,0,0,0,2,0,0,0,0,0,0,0,293,103
625,Male,0,5,753,24.8,2,2,1,2,2,2,2,2,2,2,2,1,2,2,2,2,2,2,2,2,2,2,2,1,2,1,2,2,1,1,1,1,1,2,2,2,1,1,2,0,1,2,2,1,2,1,2,2,2,2,2,1,2,2,1,2,2,2,2,1,2,2,1,2,2,2,1,2,2,2,1,2,2,1,2,2,2,0,2,2,2,2,2,0,2,1,2,2,2,2,2,2,2,2,2,1,1,1,2,2,1,1,1,1,2,2,2,2,1,1,1,2,2,1,2,0,1,1,1,0,2,2,2,1,1,2,1,1,1,2,2,2,1,0,2,1,2,1,2,1,2,2,1,0,1,1,0,0,0,1,0,2,1,2,2,2,1,1,2,0,1,1,2,2,1,1,1,1,2,2,1,1,1,2,1,1,0,2,2,2,1,1,0,1,2,2,1,2,1,1,1,1,1,2,1,0,1,0,0,0,0,1,1,1,1,1,0,1,0,1,1,1,2,0,1,1,1,2,2,1,1,1,0,0,2,1,0,1,2,1,1,0,0,1,1,2,2,0,1,2,0,0,0,2,2,2,2,1,1,2,2,1,1,2,2,0,2,2,2,2,2,1,0,1,1,2,1,1,1,1,2,1,1,1,2,1,1,1,2,1,1,1,1,1,1,1,1,1,1,0,1,1,1,1,0,1,1,2,0,1,2,0,1,2,2,1,1,1,2,1,1,1,0,1,1,1,1,2,1,2,2,1,1,0,0,2,2,2,1,0,1,0,1,2,0,1,0,2,0,1,1,1,1,0,1,1,0,1,0,0,1,0,2,1,1,1,0,1,1,0,0,2,0,0,0,1,0,1,1,0,0,0,2,0,1,0,0,0,0,0,2,0,0,0,0,0,0,0,0,2,1,0,0,0,0,0,0,0,1,1,1,2,1,0,0,1,1,0,1,0,2,0,0,0,0,0,0,0,326,153
627,Male,0,3,539,17.7,2,2,1,2,2,2,1,2,2,2,1,1,1,1,2,1,1,0,1,0,1,0,1,0,1,1,1,0,0,0,1,0,0,1,1,1,1,0,1,0,0,1,1,0,1,0,0,1,0,1,1,0,1,2,0,1,1,2,1,0,1,2,0,1,2,2,1,2,1,0,0,1,0,0,0,0,0,0,1,0,0,1,0,0,1,0,1,0,0,0,0,1,0,0,1,0,1,0,1,1,0,0,1,1,1,0,0,0,0,0,0,1,0,1,1,0,0,0,2,0,0,0,0,0,0,1,0,0,0,2,0,1,0,0,1,0,1,0,2,0,1,2,0,0,1,0,0,0,0,0,0,0,0,1,1,1,0,0,0,0,0,0,0,1,0,0,0,0,0,0,0,1,0,0,0,0,0,0,1,0,0,1,0,0,1,1,0,1,1,0,1,0,0,1,0,0,0,0,0,1,0,0,0,1,1,0,0,0,0,0,0,0,0,0,0,1,0,0,2,0,1,0,0,0,2,0,0,0,1,0,0,0,0,0,0,2,0,0,0,2,0,0,0,0,1,0,2,0,0,2,0,0,1,2,1,0,2,0,1,0,0,0,0,1,0,0,0,1,0,0,1,0,0,0,1,0,1,0,1,0,1,1,1,0,1,1,1,1,1,0,0,0,0,1,0,2,0,1,0,0,2,1,0,1,1,0,0,1,1,0,0,0,0,0,1,1,0,1,0,1,0,0,1,0,0,1,1,1,0,0,1,0,2,1,0,0,0,1,0,0,0,0,1,1,1,0,0,1,1,0,0,0,1,0,1,0,0,0,0,0,0,0,0,0,0,1,0,0,0,0,0,0,0,0,0,0,0,0,0,0,0,0,0,0,0,0,0,0,0,0,0,0,0,0,0,0,0,0,0,0,0,0,0,0,0,0,1,0,0,0,1,0,0,0,0,0,0,1,152,30
627,Male,0,3,638,21,2,2,1,2,2,2,1,2,2,2,1,1,1,1,2,1,1,0,1,0,1,0,1,0,1,1,1,0,0,0,1,0,0,1,1,1,1,0,1,0,0,1,1,0,1,0,0,1,0,1,1,0,1,2,0,1,1,2,1,0,1,2,0,1,2,2,1,2,1,0,0,1,0,0,1,0,0,0,1,0,0,1,0,0,1,0,1,0,0,1,0,1,0,1,1,0,1,0,1,1,0,0,1,1,1,1,0,0,0,0,0,1,0,1,1,1,0,0,2,0,0,0,0,0,0,1,0,0,0,2,0,1,0,0,1,0,1,0,2,0,1,2,0,0,1,0,0,0,0,0,0,1,1,1,1,1,0,1,0,0,0,0,0,1,0,0,0,0,2,0,0,1,1,0,0,0,0,1,1,0,0,1,0,0,1,1,1,1,1,1,1,0,0,1,0,0,0,0,0,1,0,2,0,1,1,0,0,0,0,0,0,1,0,0,0,1,0,0,2,1,1,0,0,0,2,0,0,0,1,0,0,0,0,0,0,2,1,0,0,2,1,0,0,0,1,1,2,0,0,2,0,0,1,2,1,0,2,0,1,0,0,0,0,1,1,1,0,1,0,0,1,0,0,0,1,0,1,1,1,0,1,1,1,0,1,1,1,1,1,0,1,0,0,1,0,2,0,1,0,0,2,1,0,1,1,0,0,1,1,0,1,0,0,0,1,1,0,1,0,1,1,0,1,0,0,1,1,1,0,0,1,0,2,1,0,0,0,1,1,0,0,0,1,1,1,0,0,1,1,0,1,0,1,0,1,0,0,0,0,0,0,0,0,0,0,1,0,0,0,1,0,0,0,0,0,0,0,0,0,0,0,0,0,0,0,0,0,0,0,0,1,0,0,0,0,0,0,0,1,0,0,0,0,0,0,1,1,0,0,0,1,0,0,0,0,0,0,1,183,32
627,Male,0,3,811,26.7,2,2,1,2,2,2,2,2,2,2,2,1,2,2,2,2,2,2,2,0,1,1,2,0,2,1,2,2,1,0,2,0,0,2,1,1,2,1,1,0,1,2,2,1,2,0,2,2,2,2,2,0,2,2,1,2,2,2,2,0,2,2,0,2,2,2,2,2,2,1,0,2,2,1,1,1,0,0,2,1,1,2,2,2,2,0,2,2,1,2,2,2,0,2,2,2,2,2,2,2,2,2,2,2,2,2,2,2,2,2,0,2,2,2,2,1,2,0,2,0,2,2,1,0,1,2,0,0,0,2,1,2,2,1,2,1,2,0,2,1,1,2,1,2,1,1,0,0,1,1,0,1,1,2,2,2,1,2,1,1,1,1,1,2,2,2,0,1,2,1,2,1,2,1,0,2,1,1,2,2,1,2,1,0,2,1,2,2,2,1,2,2,0,2,0,0,0,1,0,2,0,2,1,2,2,0,0,1,0,1,1,2,2,0,0,1,1,1,2,1,2,0,1,0,2,1,1,0,1,0,0,0,1,0,0,2,2,0,2,2,2,0,1,0,2,1,2,0,1,2,1,1,1,2,2,0,2,2,2,0,2,1,0,2,1,2,2,1,2,0,1,2,2,0,2,2,1,2,2,2,2,2,1,0,2,1,1,1,1,0,1,0,2,2,1,2,2,2,0,2,2,2,0,2,2,0,0,1,1,1,2,0,1,0,1,1,0,2,1,2,2,0,2,2,0,2,2,2,2,2,2,1,2,2,1,1,0,2,1,1,2,1,1,2,2,0,0,1,1,0,1,0,2,2,2,1,0,2,0,0,1,0,1,0,1,2,2,2,2,2,0,0,0,0,0,0,0,0,0,0,1,0,1,0,0,0,0,0,0,2,2,1,0,0,0,0,0,0,2,2,0,2,2,2,2,2,2,0,2,0,2,0,0,0,0,0,1,1,308,199
629,Male,0,3,483,15.9,0,1,0,0,1,0,1,0,2,0,1,1,0,0,0,0,1,0,2,0,0,0,2,0,0,0,0,0,0,0,0,0,0,0,0,0,0,0,0,0,0,0,0,0,0,0,0,0,0,0,0,0,0,2,0,0,0,2,0,0,1,0,0,0,1,0,0,0,0,0,0,0,0,0,0,0,0,0,0,0,0,1,0,0,1,0,0,0,0,0,0,0,0,0,0,0,0,0,0,0,0,0,0,0,0,0,0,1,0,0,0,0,0,0,0,0,0,0,0,0,0,0,0,0,0,0,0,0,0,2,0,1,0,0,1,0,0,0,0,0,0,0,0,0,0,0,0,0,0,0,0,0,0,0,0,0,0,0,0,0,2,0,0,0,0,0,0,0,0,0,0,1,1,0,0,0,0,0,0,0,0,0,0,0,0,0,0,0,0,0,0,0,0,0,0,0,0,0,0,0,0,0,0,0,0,0,0,0,0,0,0,0,0,0,0,0,0,0,0,1,1,0,0,0,0,0,0,0,2,0,0,0,0,0,0,1,1,0,0,2,1,0,0,0,1,0,2,1,1,2,1,1,0,1,0,0,1,1,1,1,1,1,1,1,0,0,0,0,0,0,0,0,0,0,1,0,1,0,0,0,0,1,0,0,0,0,1,0,1,0,0,0,0,0,0,0,0,1,0,0,1,0,0,1,0,1,1,1,0,0,0,1,0,1,0,1,0,0,0,0,0,0,0,0,0,1,1,1,1,0,1,0,2,0,0,0,0,0,1,1,0,0,0,0,0,0,0,1,1,0,0,0,1,0,0,0,0,0,1,0,0,0,0,0,0,0,0,0,0,0,0,0,0,0,1,0,0,0,0,0,0,0,0,0,0,0,0,0,0,0,0,0,1,0,0,0,0,0,0,1,0,0,0,1,0,0,0,0,0,0,2,0,0,0,0,0,0,0,76,13
629,Male,0,3,568,18.7,1,1,0,0,2,2,1,1,2,2,2,2,1,0,2,1,2,1,1,1,1,0,1,1,1,0,0,0,0,0,1,0,0,1,1,0,0,1,0,0,0,0,0,0,0,0,0,1,1,1,1,1,0,2,1,0,0,2,1,0,1,2,0,0,1,0,0,2,1,0,0,0,0,0,0,0,0,0,1,0,1,1,0,0,1,0,1,0,0,0,0,1,0,0,0,0,0,0,2,2,1,1,1,0,1,1,2,1,1,0,0,0,0,2,1,0,0,0,1,0,0,0,0,0,0,1,0,0,0,2,0,1,1,0,1,0,1,0,1,0,0,2,1,1,0,0,0,0,0,0,0,1,0,1,0,1,1,0,0,0,2,1,1,0,0,1,0,0,1,1,0,1,1,0,0,1,0,0,0,0,0,0,0,0,0,0,0,0,0,0,0,1,0,0,0,0,0,0,0,2,0,1,0,0,0,0,0,0,0,0,0,0,0,0,0,0,0,0,0,1,1,0,0,0,0,0,0,0,2,0,0,0,0,0,0,1,1,0,0,2,1,0,0,0,1,0,2,1,1,2,2,1,0,2,1,0,1,1,1,1,1,1,1,1,0,1,0,1,0,0,0,0,0,0,1,0,1,0,1,0,0,1,0,0,0,0,1,1,1,0,0,0,0,0,0,1,1,1,0,0,1,0,0,1,0,1,1,1,1,0,0,1,0,1,1,1,0,0,0,0,1,0,1,0,0,1,1,1,1,0,1,0,2,0,0,0,0,0,1,1,1,0,0,0,0,0,0,1,1,0,0,0,1,0,0,0,0,0,1,0,0,0,0,0,0,0,0,0,0,0,0,0,0,0,1,0,0,0,0,0,0,0,0,0,0,0,0,0,0,0,0,0,1,0,0,0,0,0,0,1,1,0,0,1,0,1,1,0,2,0,2,0,0,0,0,0,0,0,154,29
629,Male,0,3,622,20.4,1,1,1,0,2,2,1,1,2,2,2,2,1,0,2,1,2,1,2,1,1,0,2,1,1,0,1,0,0,0,1,0,0,1,1,0,0,1,1,0,0,1,0,0,0,0,0,2,1,1,2,1,1,2,1,1,1,2,2,0,1,2,0,0,1,1,1,2,1,0,0,0,0,0,0,0,0,0,1,0,1,1,0,0,1,0,1,1,0,0,0,1,0,0,0,0,0,0,2,2,1,1,1,0,1,1,2,1,1,1,0,2,1,2,1,1,0,0,1,0,0,0,0,0,0,1,0,0,1,2,0,1,1,2,2,1,1,1,1,0,0,2,1,1,0,1,0,0,1,0,0,1,1,1,1,1,1,0,0,0,2,1,1,2,1,1,0,0,1,1,0,1,1,0,0,1,0,1,1,1,0,0,0,0,0,0,0,0,0,0,0,1,0,0,0,0,0,0,0,2,0,1,0,1,0,1,0,0,0,0,1,0,0,0,0,0,0,0,1,1,1,0,0,0,0,0,0,0,2,0,0,0,0,0,0,1,1,0,0,2,1,0,0,0,1,1,2,1,1,2,2,1,0,2,2,0,2,1,1,1,1,1,1,1,1,1,0,1,1,0,1,1,0,0,1,0,1,1,1,1,0,1,1,0,0,0,1,1,1,0,0,1,0,0,0,1,1,1,0,1,1,0,0,1,1,1,1,1,1,1,1,1,0,1,1,1,0,0,0,0,1,0,1,1,0,1,1,1,1,0,1,0,2,1,0,1,0,1,1,1,1,0,0,0,0,0,0,1,1,0,0,0,1,0,0,0,0,0,1,0,1,0,0,0,0,0,0,0,1,0,0,0,1,0,1,0,0,0,0,0,0,0,0,0,0,0,0,0,0,0,0,0,2,0,0,0,0,0,0,1,1,0,0,1,1,1,1,0,2,0,2,0,0,0,0,0,0,1,207,41
630,Female,0,3,355,11.7,1,0,0,1,0,1,0,1,0,0,1,0,0,0,0,0,1,0,1,1,1,0,1,0,1,0,1,0,0,0,0,0,0,1,0,0,0,0,0,0,0,1,0,0,0,0,0,0,0,0,0,0,0,1,0,0,0,2,1,0,1,1,0,0,0,0,1,0,1,1,0,1,0,0,1,0,0,0,0,0,1,1,0,1,0,0,1,1,1,0,0,0,0,1,1,0,0,0,0,0,0,0,0,0,0,0,0,0,0,0,0,0,0,0,0,0,0,0,0,0,0,0,0,0,0,1,0,0,0,0,0,0,0,0,1,1,1,1,0,0,0,0,0,0,0,1,1,0,0,0,0,0,0,0,0,1,1,0,0,0,0,0,0,0,0,0,0,0,0,0,0,1,0,0,0,0,0,0,0,0,0,1,0,0,0,1,1,0,1,0,1,0,0,1,0,0,0,0,0,0,0,0,0,1,0,0,0,1,0,0,0,0,0,1,0,0,0,0,0,0,1,0,0,0,0,0,1,0,2,0,0,0,0,0,0,1,1,0,0,2,0,0,0,0,0,1,1,0,0,2,2,0,1,0,2,0,0,0,1,0,0,0,0,2,0,0,0,0,0,0,0,0,1,0,0,0,0,0,1,0,0,1,0,0,0,0,0,0,0,0,0,0,0,0,0,0,0,0,0,0,1,0,0,1,0,0,0,0,1,0,0,1,0,0,0,0,0,0,0,1,1,1,0,0,0,0,1,0,0,0,0,0,0,0,0,0,0,0,1,1,0,0,0,0,0,0,0,0,0,0,0,0,0,1,0,0,0,0,0,0,0,0,0,0,0,0,0,0,0,0,0,0,0,0,0,0,0,0,0,0,0,0,0,0,0,0,0,0,0,0,0,0,0,0,0,0,0,0,0,0,0,0,0,0,0,0,0,0,1,0,1,0,0,0,0,0,0,0,81,7
630,Female,0,3,509,16.7,2,2,0,2,2,2,0,2,2,0,1,0,0,0,0,1,1,0,1,1,1,0,1,0,1,0,1,0,0,0,1,0,0,1,0,1,0,0,1,0,0,1,1,0,0,0,0,1,0,0,1,0,1,1,0,0,1,2,1,0,1,1,0,1,1,1,1,1,1,1,0,1,1,1,1,1,1,0,1,0,1,1,1,1,0,0,1,1,1,1,1,0,0,1,1,0,0,0,0,0,0,0,1,1,1,1,1,0,0,0,0,1,0,1,1,0,0,0,0,1,1,1,0,0,0,1,0,1,0,1,0,1,0,0,1,1,1,1,1,1,0,1,1,0,1,1,1,0,0,0,0,1,0,1,1,1,1,0,1,0,1,0,1,0,0,1,0,0,1,0,1,1,1,0,1,0,0,1,0,0,0,1,0,0,1,1,1,1,1,1,1,1,1,1,0,0,1,0,1,1,0,1,0,1,0,1,1,1,0,0,1,1,1,1,0,1,0,0,1,1,1,1,0,0,0,0,1,0,2,0,0,0,0,0,0,1,1,0,0,2,0,0,0,0,1,1,1,1,1,2,2,1,1,1,2,0,1,0,1,0,0,1,0,2,0,0,0,1,0,0,1,0,1,0,1,0,1,0,1,0,1,1,0,0,1,0,1,1,1,0,0,0,1,1,0,1,0,1,0,0,1,0,0,1,1,1,1,1,1,0,1,1,0,1,0,1,1,1,1,1,1,1,1,1,0,1,1,1,0,0,0,0,1,0,0,0,0,0,1,1,0,0,0,0,1,0,0,0,0,0,0,0,0,1,0,0,0,0,0,0,0,0,0,0,0,0,0,0,0,0,0,0,0,0,1,0,0,0,0,0,0,0,0,0,0,0,0,0,0,0,1,0,0,0,0,0,0,0,0,1,0,1,1,0,0,0,0,0,1,0,1,0,0,1,0,0,0,0,196,14
630,Female,0,3,545,17.9,2,2,0,2,2,2,0,2,2,2,1,2,0,0,1,1,1,1,1,1,1,0,1,0,2,1,1,1,1,1,1,0,0,1,1,1,0,0,1,0,0,1,1,0,0,0,0,1,1,2,1,0,1,1,0,0,1,2,1,0,1,1,0,1,1,1,1,1,1,1,0,2,1,1,2,1,1,0,1,1,1,1,1,1,0,0,1,1,1,1,1,1,0,1,1,0,1,0,0,1,0,1,1,1,1,1,1,1,0,1,1,1,1,1,1,1,0,0,0,1,1,1,0,0,1,1,1,1,0,2,0,1,0,0,1,1,1,1,1,1,0,1,1,0,1,1,1,0,1,1,0,1,1,1,1,1,1,0,1,0,1,1,1,2,0,1,0,0,1,2,1,1,1,0,1,1,0,1,1,1,0,1,0,0,1,1,1,1,1,1,1,1,1,1,0,0,1,0,1,1,0,1,0,1,0,1,1,1,0,1,1,1,1,1,0,1,0,1,2,1,1,1,1,0,0,0,1,0,2,0,0,0,0,0,0,1,1,0,0,2,0,1,0,0,1,1,2,1,1,2,2,1,1,1,2,0,2,1,2,1,1,1,1,2,0,1,0,1,0,1,1,0,1,0,1,0,1,1,1,0,1,1,1,0,1,1,1,1,1,0,1,0,1,1,1,1,1,1,0,0,1,0,0,1,1,2,2,1,1,0,1,1,0,1,1,1,1,1,1,1,2,1,1,1,1,1,1,1,1,1,1,1,1,1,1,0,0,0,1,1,0,0,0,0,1,0,0,0,0,0,0,0,0,1,0,0,0,0,0,0,0,0,0,0,0,1,1,1,1,1,0,0,1,0,1,0,0,0,0,0,0,0,0,0,0,0,0,0,0,0,1,0,2,0,0,0,0,0,0,1,0,1,1,0,2,1,0,0,1,0,1,0,0,1,0,0,1,1,263,32
631,Female,0,3,324,10.7,0,0,0,0,0,0,1,0,0,0,0,0,0,0,0,0,0,0,1,0,0,0,0,0,1,0,0,0,0,0,0,0,0,1,0,0,0,0,0,0,0,0,0,0,0,0,0,0,0,0,0,0,0,1,0,1,0,1,0,0,1,0,0,0,1,1,0,1,0,1,0,0,0,0,1,0,0,0,1,0,0,1,0,0,0,0,0,0,0,0,0,0,0,1,1,0,0,0,1,1,0,0,0,1,1,1,0,1,0,0,0,1,0,0,0,1,0,0,1,1,1,1,0,0,0,1,0,0,0,1,0,1,0,0,1,1,1,1,1,0,1,1,0,0,1,1,1,0,0,0,0,1,0,1,1,0,0,0,0,0,0,0,0,0,0,0,0,0,0,0,0,1,0,0,0,1,0,0,0,0,0,1,0,0,0,0,1,0,0,0,0,0,0,0,0,0,1,0,0,0,0,0,0,0,0,0,0,0,0,0,0,0,1,0,0,0,0,0,1,1,1,1,0,1,0,0,0,0,2,0,0,0,0,0,0,1,1,0,0,1,0,0,0,0,1,1,1,1,1,1,1,1,1,1,1,0,1,0,0,0,0,0,0,1,0,0,0,0,0,0,0,1,0,1,1,0,1,0,1,0,0,1,0,1,1,0,1,1,1,0,0,0,0,1,0,0,0,1,0,0,1,0,0,0,1,0,1,0,1,0,0,0,0,0,0,1,0,1,1,1,0,0,0,0,0,1,1,0,1,0,0,0,1,0,0,0,0,0,1,0,0,0,0,0,1,0,0,0,1,0,1,0,0,1,1,0,0,0,0,0,0,0,0,0,1,1,0,1,1,0,0,0,0,0,0,0,0,0,0,0,0,0,0,0,0,0,0,0,0,0,0,0,0,0,0,0,0,0,0,0,0,0,0,0,0,0,0,0,0,0,0,0,0,0,0,0,0,0,108,1
631,Female,0,3,534,17.6,1,1,1,1,1,2,1,2,2,1,1,1,1,2,2,1,1,1,2,2,2,0,2,0,2,1,2,1,1,1,1,1,1,1,1,1,1,1,2,1,1,1,1,1,1,0,1,0,0,2,1,0,2,1,2,1,1,2,2,1,2,2,1,0,1,1,1,2,1,1,0,1,0,0,2,2,1,0,1,1,2,1,1,0,1,1,1,1,1,2,0,0,1,1,1,2,1,1,1,1,1,1,1,1,1,1,1,1,1,1,0,1,0,1,1,1,0,1,1,1,1,1,0,0,0,1,0,0,0,1,0,1,0,1,1,1,1,1,1,1,1,1,0,0,1,1,1,0,0,0,0,1,0,1,1,1,0,0,0,0,1,0,1,1,0,1,0,0,2,0,1,1,1,0,0,1,0,0,2,2,0,1,0,0,1,1,1,1,1,0,0,0,0,0,0,0,1,1,0,1,0,1,1,1,1,0,1,1,0,1,0,0,1,1,1,0,0,0,2,1,1,1,0,1,2,1,0,0,2,0,1,0,0,0,0,2,2,0,0,2,1,0,0,0,1,1,2,1,1,2,1,1,1,1,1,0,2,1,2,0,1,1,0,1,1,1,0,1,0,1,1,1,1,1,1,0,1,1,1,0,1,1,0,1,1,0,1,1,1,0,0,1,1,1,0,1,1,1,0,1,1,0,0,1,1,1,1,1,1,1,1,0,0,0,0,1,1,1,1,1,1,1,1,1,0,1,1,1,1,1,1,0,1,1,1,1,1,0,1,1,1,1,1,0,1,0,0,1,1,1,1,0,1,1,1,1,0,1,1,0,0,1,1,0,1,1,1,1,1,1,1,0,0,0,1,1,0,0,1,0,0,0,0,0,0,0,0,0,0,0,0,0,0,0,1,0,0,0,0,0,0,1,1,0,0,0,1,0,1,1,0,0,0,0,0,0,0,0,273,38
631,Female,0,3,725,23.8,2,2,2,2,2,2,2,2,2,2,2,2,2,2,2,2,2,2,2,2,2,2,2,2,2,2,2,2,2,2,2,2,2,2,2,2,2,2,2,2,2,2,2,2,2,1,2,2,2,2,2,2,2,2,2,2,2,2,2,2,2,2,2,2,2,2,2,2,2,2,2,2,2,2,2,2,2,1,2,2,2,2,2,2,2,2,2,2,2,2,2,2,2,2,2,2,2,2,2,2,2,2,2,2,2,2,2,2,2,2,2,2,2,2,2,2,2,2,2,2,2,2,1,2,2,2,2,2,2,2,2,2,2,2,2,2,2,2,2,2,2,2,1,1,2,2,1,1,1,1,0,2,2,2,2,2,2,2,2,0,2,2,2,2,2,2,1,2,2,2,2,2,2,2,2,2,0,2,2,2,0,0,0,0,0,0,0,0,0,0,0,0,0,0,0,0,0,0,0,0,0,0,0,0,0,0,0,0,0,0,0,0,0,0,0,0,0,0,0,0,0,0,0,0,0,0,0,0,0,0,0,0,0,0,0,0,0,0,0,0,0,0,0,0,0,0,0,0,0,0,0,0,0,0,0,0,0,0,0,0,0,0,0,0,0,0,0,0,0,0,0,0,0,0,0,0,0,0,0,0,0,0,0,0,0,0,0,0,0,0,0,0,0,0,0,0,0,0,0,0,0,0,0,0,0,0,0,0,0,0,0,0,0,0,0,0,0,0,0,0,0,0,0,0,0,0,0,0,0,0,0,0,0,0,0,0,0,0,0,0,0,0,0,0,0,0,0,0,0,0,0,0,0,0,0,0,0,0,0,0,0,0,0,0,0,0,0,0,0,0,0,0,0,0,0,0,0,0,0,0,0,0,0,0,0,0,0,0,0,0,0,0,0,0,0,0,0,0,0,0,0,0,0,0,0,0,0,0,0,0,0,0,0,0,0,0,0,0,177,167
632,Female,0,4,324,10.7,0,0,0,2,0,0,0,0,1,0,0,2,0,0,0,0,0,0,0,0,0,0,0,0,0,0,0,0,0,0,0,0,0,0,0,0,0,0,0,0,0,0,0,0,0,0,0,0,0,0,0,0,0,0,0,0,0,1,0,0,1,0,0,0,0,1,0,1,1,0,0,0,0,0,0,0,0,0,1,0,0,1,0,0,0,0,1,0,0,0,0,0,0,0,0,0,0,0,0,0,0,0,0,0,0,1,0,0,0,0,0,0,0,0,0,0,0,0,0,0,0,0,0,0,0,1,0,0,0,0,0,0,0,0,1,0,0,0,0,0,0,0,0,0,0,0,0,0,0,0,0,0,0,0,0,0,0,0,0,0,0,0,0,0,0,0,0,0,0,0,0,0,0,0,0,0,0,0,0,0,0,1,0,0,0,0,1,0,0,0,0,0,0,0,0,1,0,0,0,0,0,0,0,0,0,0,0,0,0,0,0,0,0,0,0,0,0,0,0,1,0,0,0,0,0,0,0,0,2,0,0,0,0,0,0,1,1,0,0,2,2,0,0,0,0,1,1,1,0,1,1,1,0,1,2,0,1,0,1,1,1,0,0,1,0,0,0,0,0,0,0,0,0,0,1,0,0,0,1,0,0,1,0,0,0,0,1,1,1,0,0,0,0,0,0,0,0,1,0,0,1,1,0,0,1,0,0,1,1,0,0,1,0,0,1,0,0,0,0,0,0,0,0,0,0,1,0,0,0,0,0,0,1,0,0,0,0,0,0,0,0,0,0,0,0,0,0,0,1,0,0,0,0,0,0,0,0,0,0,0,0,0,0,0,0,0,0,0,0,0,0,0,0,0,1,0,0,0,0,0,0,0,0,0,0,0,0,0,0,0,0,0,0,0,0,0,0,0,0,0,0,0,0,0,1,0,0,0,0,0,1,0,0,0,0,0,0,0,56,6
632,Female,0,4,549,18,2,0,0,2,2,2,1,2,2,1,2,2,1,2,1,2,1,1,2,1,2,0,1,0,1,2,1,1,2,0,1,1,1,1,1,1,1,1,1,0,1,1,2,0,2,0,2,1,1,1,0,0,1,2,0,1,1,1,2,1,1,2,1,1,1,1,2,2,1,1,1,1,2,1,2,1,1,0,1,1,1,1,2,0,0,0,1,2,1,1,0,1,2,1,1,1,1,1,1,1,1,1,1,1,1,1,1,1,1,1,0,1,1,1,1,1,1,0,1,1,1,2,1,0,1,1,0,1,0,2,0,1,1,0,1,1,1,1,1,1,2,2,1,0,2,1,1,0,0,1,0,1,1,1,1,1,1,0,0,0,2,1,1,1,1,1,0,0,2,0,1,1,1,0,1,1,2,1,1,1,0,1,1,1,1,1,1,1,0,0,1,0,0,1,0,2,1,0,0,1,0,1,0,1,1,0,0,1,1,1,1,0,1,0,0,0,0,0,1,1,1,1,0,2,2,1,2,0,2,2,1,0,0,1,1,2,2,0,0,2,2,1,0,0,1,1,2,1,0,2,2,1,1,2,2,0,2,1,2,2,2,1,1,2,1,1,1,1,1,1,1,1,1,1,2,0,1,1,2,0,0,1,1,1,1,1,1,1,2,1,1,1,1,1,0,1,0,1,1,1,1,1,1,1,1,1,1,1,1,1,1,1,0,1,1,1,1,1,1,1,1,1,1,1,1,1,1,1,1,1,0,0,1,1,0,1,0,0,1,1,1,0,2,1,1,1,0,1,1,0,1,0,1,1,1,1,0,1,1,0,1,0,1,0,0,1,1,1,1,1,2,0,1,1,1,1,1,0,1,0,1,1,0,0,0,0,0,1,1,2,1,1,1,1,1,0,1,1,0,0,0,1,1,1,1,1,1,1,1,1,2,0,0,1,1,0,1,1,321,62
632,Female,0,4,610,20.1,2,2,1,2,2,2,1,2,2,1,2,2,1,2,2,2,1,1,2,1,2,0,2,2,1,2,1,1,2,2,1,1,2,1,2,1,1,1,2,0,1,2,2,0,2,0,2,1,2,1,1,0,1,2,0,1,2,2,2,1,2,2,1,1,2,1,2,2,2,2,2,2,2,1,2,1,1,2,2,2,1,1,2,2,2,0,1,2,2,2,2,2,2,2,2,1,1,2,1,1,1,1,2,1,1,2,1,1,1,1,0,2,2,1,1,2,1,0,1,1,1,2,1,0,1,2,1,1,0,2,1,2,1,0,2,1,2,1,2,1,2,2,1,0,2,1,1,0,0,1,0,1,1,2,2,1,1,0,0,0,2,1,1,2,1,1,0,0,2,2,1,1,2,1,2,2,2,1,1,2,1,2,1,1,2,1,2,1,1,1,1,2,1,2,0,2,1,0,0,1,0,2,0,1,1,0,0,1,1,1,1,0,1,1,0,1,0,1,1,1,1,1,0,2,2,1,2,0,2,2,1,1,0,1,1,2,2,2,2,2,2,1,0,0,2,1,2,1,1,2,2,1,2,2,2,0,2,2,2,2,2,1,1,2,1,1,1,1,2,1,1,1,2,2,2,0,1,1,2,1,1,2,2,1,1,1,1,1,2,1,1,1,1,1,1,1,1,2,1,1,1,2,1,1,2,1,1,1,1,1,1,1,1,1,1,1,1,1,1,1,1,1,1,1,1,1,1,1,1,1,0,1,1,1,0,1,2,1,2,1,2,1,2,1,1,1,0,2,1,2,1,1,1,1,1,1,0,1,1,0,2,0,1,0,2,1,2,1,1,2,2,1,1,1,1,1,1,0,1,0,1,1,0,0,0,1,1,1,1,2,2,2,1,1,1,1,1,1,1,1,1,1,1,2,1,1,1,1,2,1,2,1,1,1,1,1,1,1,367,142
632,Female,0,4,819,26.9,2,2,2,2,2,2,2,2,2,2,2,2,2,2,2,2,2,2,2,2,2,2,2,2,2,2,2,2,2,2,2,2,2,2,2,2,2,2,2,0,2,2,2,0,2,0,2,2,2,2,2,2,2,2,2,2,2,2,2,2,2,2,2,2,2,2,2,2,2,2,2,2,2,2,2,2,2,2,2,2,2,2,2,2,2,2,2,2,2,2,2,2,2,2,2,2,2,2,2,2,2,2,2,2,2,2,2,2,2,2,2,2,2,2,2,2,2,2,2,1,2,2,1,2,2,2,2,2,0,2,2,2,2,2,2,2,2,2,2,2,2,2,2,2,2,2,2,0,2,2,2,2,2,2,2,2,2,2,2,0,2,2,2,2,2,2,0,0,2,2,2,2,2,2,2,2,2,2,2,2,2,2,2,2,2,2,2,2,2,1,2,2,1,2,0,2,2,2,2,2,2,2,1,2,2,2,0,2,2,2,2,0,2,2,0,1,0,1,1,1,2,2,2,2,2,2,2,2,2,2,2,2,2,2,2,2,2,2,2,2,2,2,0,2,2,2,2,2,2,2,2,2,2,2,2,2,2,2,2,2,2,2,2,2,2,2,2,2,2,2,2,2,2,2,2,2,2,2,2,2,2,2,2,2,2,2,2,2,2,2,2,2,2,2,2,2,2,2,2,2,2,2,2,2,2,2,2,2,2,2,2,2,2,2,2,2,2,2,2,2,2,2,2,2,2,2,2,2,2,2,2,2,2,2,0,2,2,2,2,2,2,2,2,2,2,2,0,2,2,2,2,2,2,2,2,2,0,2,2,2,2,2,2,2,2,2,2,2,2,2,2,2,2,2,2,2,2,2,2,2,2,2,2,2,2,2,2,2,2,2,2,2,2,2,2,2,2,2,2,2,2,2,2,2,2,2,2,2,2,2,2,2,2,2,2,2,2,2,399,392
633,Female,0,4,453,14.9,2,1,0,0,0,1,0,1,0,0,1,0,0,0,0,0,0,0,0,0,0,0,1,0,0,0,0,0,0,0,0,0,0,0,0,0,0,0,0,0,0,0,0,0,0,0,0,0,0,0,0,0,1,0,0,0,0,0,0,0,0,0,0,0,0,0,0,0,1,0,0,0,0,0,0,0,0,0,0,0,0,0,0,0,0,0,0,0,0,0,0,0,0,0,0,0,0,0,0,0,0,0,0,0,0,0,0,0,0,0,0,0,0,0,0,0,0,0,0,0,0,0,0,0,0,1,0,0,0,0,0,0,0,0,1,0,1,0,0,0,0,0,0,0,0,0,0,0,0,0,0,0,0,1,0,0,0,0,0,0,0,0,0,0,0,0,0,0,0,0,0,0,0,0,0,0,0,0,0,0,0,0,0,0,0,0,0,0,0,0,0,0,0,0,0,1,0,0,0,0,0,1,0,0,0,0,0,0,0,0,0,0,0,1,0,0,0,0,0,0,0,0,0,0,0,0,0,0,2,0,0,0,0,1,0,1,1,0,0,2,1,0,0,0,1,0,2,0,1,0,2,0,0,2,1,0,1,0,1,0,0,0,0,0,0,0,0,0,0,0,0,0,0,0,1,0,0,0,0,0,0,0,0,0,0,0,0,0,0,0,0,0,0,0,0,0,0,1,0,0,0,0,0,0,0,0,1,0,0,0,0,0,0,0,0,0,0,0,1,0,0,0,0,0,0,0,0,0,0,0,0,0,1,0,0,0,0,0,0,0,0,0,0,0,0,0,0,0,0,0,0,0,0,0,0,0,0,0,0,0,0,0,0,0,0,0,0,0,0,0,0,0,0,0,0,0,0,0,0,0,0,0,0,0,0,0,0,0,0,0,0,0,0,0,0,0,0,0,0,0,0,0,0,0,0,0,0,0,0,0,0,0,0,0,0,0,0,0,34,6
633,Female,0,4,477,15.7,2,1,0,0,0,1,0,1,0,0,1,2,0,0,0,0,0,0,0,0,0,0,2,0,0,0,0,0,0,0,0,0,0,0,0,0,0,0,0,0,0,0,0,0,0,0,0,0,0,0,0,0,1,0,0,0,0,0,0,0,0,0,0,0,0,0,0,0,1,0,0,0,0,0,0,0,0,0,0,0,0,0,0,0,1,0,0,0,0,0,0,0,0,0,0,0,0,0,0,0,1,0,0,0,0,0,0,0,0,0,0,0,0,0,0,0,0,0,0,0,0,0,0,0,0,1,0,0,0,0,0,0,0,0,1,0,1,0,0,0,0,0,0,0,0,0,0,0,1,0,0,0,0,1,0,0,0,0,0,0,0,0,0,0,0,0,0,0,0,0,0,0,0,0,0,0,0,0,0,0,0,0,0,0,0,0,1,0,0,0,0,0,0,0,0,1,0,0,0,0,0,1,0,0,0,0,0,0,0,0,0,0,0,1,0,0,0,0,0,0,0,0,0,0,1,0,0,0,2,0,0,0,0,1,0,1,1,0,0,2,1,0,0,0,1,0,2,0,1,1,2,0,0,2,1,0,1,0,1,0,0,0,0,0,0,1,0,0,0,0,1,1,0,0,1,0,0,0,0,0,0,0,0,0,0,0,0,0,0,0,0,0,0,0,0,0,0,1,0,0,0,0,0,0,0,0,1,0,0,0,0,0,0,0,0,0,0,0,1,0,0,0,0,0,0,0,0,0,0,0,0,0,1,0,0,0,0,0,0,0,0,0,0,0,0,0,0,0,0,0,0,0,0,0,0,0,0,0,0,0,0,0,0,0,0,0,0,0,0,0,0,0,0,0,0,0,0,0,0,0,0,0,0,0,0,0,0,0,0,0,0,0,0,0,0,0,0,0,0,0,0,0,0,0,0,0,0,0,0,0,0,0,0,0,0,0,0,0,44,8
633,Female,0,4,522,17.2,2,1,0,0,0,1,0,1,0,0,1,2,0,0,0,0,0,0,0,0,0,0,2,0,0,0,1,0,0,0,0,0,0,0,0,0,0,0,0,0,0,0,0,0,0,0,0,0,1,0,0,0,1,0,0,0,0,0,0,0,1,0,0,0,0,1,0,0,1,0,0,0,0,0,1,0,0,0,0,0,1,0,0,0,1,0,0,0,0,0,0,0,0,0,0,0,0,0,0,0,1,1,0,0,0,0,0,0,0,0,0,0,1,0,0,0,0,0,0,0,1,0,0,0,0,1,0,0,0,0,0,0,0,0,1,0,1,0,0,0,0,0,0,0,0,0,0,0,1,0,0,0,0,1,0,0,0,0,0,0,0,0,0,0,0,0,0,0,0,0,0,0,0,0,0,0,0,0,0,0,0,0,0,0,0,0,1,1,0,0,0,0,0,0,0,1,0,0,0,0,0,1,0,0,0,0,0,0,0,0,0,0,0,1,0,0,0,0,1,0,1,0,0,0,1,0,0,0,2,0,0,0,0,1,0,1,1,0,0,2,2,0,0,0,1,0,2,1,1,1,2,0,0,2,2,0,1,0,1,0,0,0,0,0,0,1,0,0,0,0,1,1,0,0,1,0,1,0,0,0,0,0,0,0,0,0,0,0,0,0,0,0,0,0,0,0,0,1,0,0,0,0,0,0,0,0,1,0,0,0,0,0,0,0,0,0,0,0,1,0,0,0,0,0,0,0,0,0,0,0,0,0,1,0,0,0,0,0,0,0,0,0,0,0,0,0,0,0,0,0,0,0,0,0,0,0,0,0,0,0,0,0,0,0,0,0,0,0,0,0,0,0,0,0,0,2,0,0,0,0,0,0,0,0,0,0,0,0,0,0,0,0,2,0,0,0,0,0,0,0,0,0,0,0,0,0,0,0,0,0,0,0,0,0,0,0,0,0,60,12
633,Female,0,4,621,20.4,2,1,0,0,1,1,1,1,2,1,2,2,0,0,0,1,1,1,1,0,1,0,2,0,1,0,1,0,0,0,0,0,0,0,1,0,0,0,2,0,0,0,0,0,0,0,0,1,1,0,0,0,2,1,0,1,1,2,1,0,1,2,1,1,1,1,0,0,1,1,0,1,0,0,1,0,0,0,0,0,1,1,0,0,1,0,2,0,0,0,0,0,0,0,0,0,1,0,0,0,1,1,0,0,0,1,0,0,0,1,0,1,1,1,1,0,0,0,1,1,1,1,0,0,0,1,1,0,0,2,0,1,0,0,1,0,1,0,1,1,1,1,0,0,0,0,0,0,1,0,0,1,0,1,0,1,1,0,0,0,1,0,1,0,0,0,0,0,1,0,0,1,0,0,0,0,0,0,0,0,0,1,0,0,0,0,1,1,0,0,1,0,0,0,0,1,0,0,0,1,0,1,0,1,0,0,0,0,0,0,0,0,0,1,0,0,0,0,1,1,1,0,0,0,1,0,0,0,2,0,0,0,0,1,0,1,1,0,0,2,2,0,0,0,2,0,2,1,1,1,2,0,1,2,2,0,2,0,1,0,0,1,0,2,0,1,0,0,0,0,1,1,0,0,1,0,1,0,0,0,0,1,0,0,0,0,1,0,0,0,0,0,0,1,0,0,0,1,0,0,0,0,0,0,0,1,1,0,1,0,1,0,0,0,0,1,0,0,1,1,1,0,0,0,0,1,0,1,0,0,0,0,1,0,0,0,0,0,0,0,0,0,0,0,0,0,0,0,0,0,0,0,0,0,0,0,0,0,0,0,1,0,0,0,0,0,0,1,1,0,0,0,0,0,2,2,0,0,0,0,0,0,0,0,0,0,0,0,0,0,0,2,2,0,0,0,0,0,0,0,0,0,0,0,1,0,0,0,0,0,0,0,0,0,0,0,0,0,134,25
634,Female,0,4,539,17.7,2,2,0,0,2,2,2,2,2,2,2,0,0,0,0,2,1,1,2,1,1,0,1,0,2,1,2,0,0,0,1,0,0,0,1,1,0,0,1,0,0,1,0,0,0,0,0,0,0,0,0,0,2,2,0,0,1,2,2,2,2,2,1,0,2,1,1,2,0,1,0,0,1,0,2,0,0,0,1,2,0,1,0,0,0,0,2,1,1,2,0,0,0,0,1,2,2,1,1,2,1,1,1,1,1,1,1,2,1,1,0,1,1,1,1,0,1,1,2,0,0,2,0,0,1,1,0,0,0,1,0,1,1,1,2,0,1,0,1,1,0,2,1,0,1,1,1,0,1,0,0,1,0,2,1,1,0,0,1,0,2,1,0,0,0,1,0,0,0,0,0,1,1,0,0,0,0,0,1,0,0,1,0,0,1,2,0,1,0,0,2,0,1,1,0,0,1,0,0,0,0,2,0,1,0,0,0,1,0,0,0,0,0,0,0,1,0,0,1,1,1,1,0,1,2,0,0,0,2,0,0,0,0,0,0,2,1,0,0,2,1,0,0,1,2,1,2,1,1,2,0,1,1,1,1,0,2,2,2,0,2,0,0,2,0,1,0,0,0,0,1,0,1,1,1,0,1,1,1,1,1,1,0,0,1,1,1,1,1,1,1,2,0,0,0,1,0,1,0,0,1,0,0,1,1,1,1,1,1,1,1,1,0,0,0,1,1,1,0,1,1,1,1,1,0,1,2,1,1,0,1,0,2,0,0,0,0,0,0,1,0,0,1,0,0,1,0,1,0,0,0,0,1,1,0,0,0,0,0,0,0,0,0,0,0,0,1,0,1,0,0,0,0,0,0,0,0,0,0,0,0,0,0,0,0,0,0,0,0,0,0,0,0,0,0,0,0,0,1,1,0,1,1,0,1,0,1,0,0,0,2,0,0,0,0,0,0,1,196,55
634,Female,0,4,681,22.4,2,2,1,0,2,2,2,2,2,2,2,1,2,2,2,2,2,1,2,2,2,0,2,2,2,1,2,2,2,0,2,0,0,2,2,2,2,2,2,1,0,2,2,0,1,0,0,2,2,2,2,2,2,2,0,2,2,2,2,2,2,2,2,2,2,1,2,2,1,1,0,2,2,1,2,2,0,2,2,2,2,1,0,0,0,2,2,2,2,2,1,0,2,2,2,2,2,2,2,2,2,2,2,1,2,2,2,2,2,2,2,2,2,2,2,2,2,2,2,2,2,2,2,0,2,2,0,2,0,2,2,2,2,2,2,2,2,1,2,1,2,2,1,2,2,2,1,0,1,0,0,1,0,2,2,1,2,1,1,0,2,2,2,2,2,2,0,2,2,2,2,2,2,0,2,2,0,2,2,2,2,2,2,0,2,2,2,2,1,0,2,2,1,2,0,0,2,2,0,1,0,2,0,2,1,2,0,2,2,1,2,1,2,2,0,1,0,0,2,2,2,2,2,1,2,1,0,1,2,0,1,0,0,1,2,2,2,2,2,2,2,1,0,1,2,2,2,2,1,2,1,1,1,2,2,0,2,2,2,2,2,1,1,2,2,2,2,1,1,1,2,1,1,1,2,0,1,2,2,1,1,2,1,0,1,2,2,1,2,1,1,2,1,1,1,1,1,1,0,1,1,2,1,2,2,2,2,2,2,1,2,1,0,1,1,2,1,1,1,2,2,2,2,1,1,2,2,2,2,1,1,2,2,1,0,0,2,2,1,1,2,1,2,2,1,1,0,1,1,2,2,0,2,1,0,0,0,2,2,0,2,2,1,1,0,0,1,1,1,2,2,0,0,0,1,1,0,0,0,1,1,0,0,0,0,0,0,0,0,0,1,0,0,0,1,2,2,2,2,2,2,2,2,1,1,0,2,0,1,2,2,1,0,0,1,0,1,1,337,234
634,Female,0,4,734,24.1,2,2,2,0,2,2,2,2,2,2,2,1,2,2,2,2,2,2,2,2,2,0,2,2,2,2,2,2,2,0,2,0,0,2,2,2,2,2,2,1,0,2,2,2,1,0,2,2,2,2,2,2,2,2,0,2,2,2,2,2,2,2,2,2,2,2,2,2,2,2,2,2,2,2,2,2,2,2,2,2,2,2,2,0,2,2,2,2,2,2,2,0,2,2,2,2,2,2,2,2,2,2,2,2,2,2,2,2,2,2,2,2,2,2,2,2,2,2,2,2,2,2,2,0,2,2,2,2,0,2,2,2,2,2,2,2,2,2,2,2,2,2,1,2,2,2,1,0,2,2,0,2,1,2,2,2,2,2,2,0,2,2,2,2,2,2,0,2,2,2,2,2,2,0,2,2,2,2,2,2,2,2,2,0,2,2,2,2,2,0,2,2,2,2,0,0,2,2,1,2,0,2,0,2,2,2,0,2,2,2,2,2,2,2,0,2,2,2,2,2,2,2,2,2,2,2,0,1,2,0,1,0,0,1,2,2,2,2,2,2,2,2,0,2,2,2,2,2,1,2,1,2,2,2,2,0,2,2,2,2,2,1,2,2,2,2,2,1,2,1,2,2,2,2,2,0,1,2,2,2,1,2,2,0,2,2,2,2,2,2,2,2,1,2,2,2,2,2,0,2,2,2,1,2,2,2,2,2,2,1,2,1,0,2,1,2,2,2,2,2,2,2,2,1,1,2,2,2,2,1,2,2,2,1,0,2,2,2,2,2,2,1,2,2,2,1,0,1,1,2,2,0,2,2,2,2,0,2,2,0,2,2,2,2,0,0,1,2,2,2,2,0,0,0,1,1,0,0,2,2,1,1,0,0,0,0,0,0,0,2,1,0,2,2,2,2,2,2,2,2,2,2,2,1,1,1,2,0,1,2,2,1,0,0,1,0,2,2,356,317
634,Female,0,4,807,26.5,2,2,2,2,2,2,2,2,2,2,2,1,2,2,2,2,2,2,2,2,2,2,2,2,2,2,2,2,2,2,2,2,2,2,2,2,2,2,2,1,2,2,2,2,2,0,2,2,2,2,2,2,2,2,2,2,2,2,2,2,2,2,2,2,2,2,2,2,2,2,2,2,2,2,2,2,2,2,2,2,2,2,2,0,2,2,2,2,2,2,2,0,2,2,2,2,2,2,2,2,2,2,2,2,2,2,2,2,2,2,2,2,2,2,2,2,2,2,2,2,2,2,2,0,2,2,2,2,2,2,2,2,2,2,2,2,2,2,2,2,2,2,2,2,2,2,2,0,2,2,0,2,2,2,2,2,2,2,2,2,2,2,2,2,2,2,2,2,2,2,2,2,2,2,2,2,2,2,2,2,2,2,2,2,2,2,2,2,2,0,2,2,2,2,0,0,2,2,2,2,2,2,2,2,2,2,0,2,2,2,2,2,2,2,2,2,2,2,2,2,2,2,2,2,2,2,2,1,2,2,2,0,0,2,2,2,2,2,2,2,2,2,2,2,2,2,2,2,2,2,1,2,2,2,2,0,2,2,2,2,2,2,2,2,2,2,2,2,2,2,2,2,2,2,2,2,2,2,2,2,2,2,2,2,2,2,2,2,2,2,2,2,2,2,2,2,2,2,2,2,2,2,2,2,2,2,2,2,2,2,2,2,2,2,1,2,2,2,2,2,2,2,2,2,1,2,2,2,2,1,2,2,2,2,2,2,2,2,2,2,2,2,2,2,2,1,0,2,2,2,2,2,2,2,2,2,0,2,2,0,2,2,2,2,2,1,1,2,2,2,2,0,2,0,2,1,0,0,2,2,2,2,1,1,1,2,2,2,2,2,2,2,2,2,2,2,2,2,2,2,2,2,2,2,2,2,2,1,2,2,2,1,2,0,1,2,2,2,397,380
635,Female,0,3,610,20.1,0,0,0,2,2,2,2,2,2,0,2,2,0,2,2,0,2,0,2,2,2,0,2,0,2,0,2,2,0,0,2,1,0,1,1,0,2,2,2,0,2,2,1,1,1,0,0,2,2,2,1,1,2,2,1,1,1,2,2,0,2,2,2,2,2,2,2,1,2,1,0,2,1,0,1,2,2,0,2,2,2,1,1,2,2,1,2,1,1,2,0,1,2,2,1,0,0,0,1,2,0,1,2,0,1,2,1,1,1,1,0,1,1,2,1,1,1,1,1,1,1,2,0,0,1,2,1,1,0,2,0,2,1,0,2,1,2,1,2,0,1,2,0,1,1,1,0,0,2,0,0,1,0,2,1,1,1,1,1,1,1,1,2,0,1,2,0,1,2,1,1,1,2,0,0,2,2,2,2,1,0,2,2,0,1,1,2,1,1,0,1,0,0,2,0,2,1,1,0,1,0,2,0,1,1,1,0,1,0,1,1,1,1,0,0,0,1,0,2,1,1,1,1,0,2,0,0,0,2,0,0,0,0,0,0,0,0,1,1,2,2,0,0,0,2,1,2,1,1,2,2,2,1,2,2,0,0,2,2,2,2,2,1,2,1,1,0,1,1,0,2,1,1,2,2,1,1,2,2,0,1,1,1,1,1,2,1,1,1,1,0,2,1,1,0,2,1,1,0,2,2,0,1,1,2,2,2,1,1,1,1,0,0,1,1,2,1,1,0,2,2,1,1,0,0,1,1,1,1,1,1,1,2,2,1,0,0,2,0,1,2,0,2,1,1,0,0,1,1,0,0,0,2,1,0,0,0,1,0,0,0,0,1,0,0,0,0,1,1,2,0,0,0,0,0,0,0,0,1,0,0,0,0,0,0,0,0,0,0,1,0,0,0,0,1,0,0,0,0,0,1,0,0,0,0,1,0,0,0,0,2,0,0,0,0,0,0,0,268,121
635,Female,0,3,632,20.8,2,2,0,2,2,2,2,2,2,0,2,2,0,2,2,1,2,1,2,2,2,0,2,0,2,0,2,2,2,0,2,1,0,1,1,1,2,2,2,0,2,2,1,1,1,0,0,2,2,2,1,1,2,2,1,1,1,2,2,0,2,2,2,2,2,2,2,1,2,1,0,2,1,0,2,2,2,0,2,2,2,1,1,2,2,1,2,1,1,2,0,1,2,2,1,0,0,0,1,2,0,1,2,0,1,2,1,1,1,1,0,1,2,2,1,1,1,1,2,2,1,2,0,1,1,2,1,1,0,2,0,2,1,0,2,1,2,1,2,0,1,2,0,1,1,2,0,0,2,0,0,1,0,2,1,1,1,1,1,1,1,1,2,0,1,2,0,1,2,1,1,1,2,0,0,2,2,2,2,1,0,2,2,0,2,1,2,1,1,0,1,0,0,2,0,2,1,1,0,1,0,2,0,1,2,1,0,1,0,1,1,1,1,0,0,0,1,0,2,1,1,1,2,0,2,0,0,0,2,0,0,0,0,0,0,0,0,1,1,2,2,0,0,0,2,1,2,1,1,2,2,2,1,2,2,0,0,2,2,2,2,2,1,2,1,1,0,1,1,0,2,1,1,2,2,1,1,2,2,0,2,1,1,1,1,2,1,1,1,1,0,2,1,1,0,2,1,1,0,2,2,0,1,1,2,2,2,1,1,1,1,0,0,1,1,2,1,1,0,2,2,1,1,0,0,1,1,1,1,1,1,1,2,2,1,0,0,2,0,1,2,0,2,1,1,0,0,1,1,0,2,0,2,1,0,0,0,1,2,0,0,0,1,0,0,0,0,1,1,2,0,0,0,0,0,0,0,0,1,0,0,0,0,0,0,0,0,0,2,1,2,0,0,0,1,0,0,0,0,0,1,0,0,0,0,1,0,0,0,0,2,0,0,0,0,0,0,0,279,137
635,Female,0,3,709,23.3,2,2,0,2,2,2,2,2,2,2,2,2,1,2,2,2,2,2,2,2,2,0,2,0,2,2,2,2,2,0,2,1,0,1,1,2,2,2,2,0,2,2,2,2,1,0,0,2,2,2,1,1,2,2,1,1,2,2,2,0,2,2,2,2,2,2,2,2,2,1,1,2,2,1,2,2,2,1,2,2,2,1,2,2,2,1,2,2,2,2,1,2,2,2,1,0,0,0,1,2,0,2,2,0,1,2,2,1,1,1,0,1,2,2,1,2,2,1,2,2,2,2,0,1,1,2,1,1,1,2,1,2,1,0,2,1,2,1,2,0,1,2,0,1,1,2,0,0,2,1,0,1,1,2,1,1,2,2,2,2,1,1,2,0,1,2,0,1,2,1,1,1,2,0,0,2,2,2,2,2,0,2,2,0,2,1,2,1,1,0,1,1,1,2,0,2,1,1,0,1,0,2,0,2,2,1,0,2,0,1,1,1,1,0,0,2,1,0,2,1,1,1,2,0,2,1,0,0,2,1,1,0,0,0,1,0,0,2,2,2,2,0,0,0,2,2,2,1,1,2,2,2,1,2,2,0,2,2,2,2,2,2,2,2,1,1,2,1,2,0,2,1,2,2,2,1,1,2,2,2,2,1,1,1,1,2,1,1,1,1,0,2,2,1,0,2,2,2,0,2,2,2,1,1,2,2,2,1,1,1,2,0,0,2,1,2,2,2,0,2,2,2,2,0,0,2,2,2,1,2,1,1,2,2,1,1,0,2,2,2,2,2,2,2,1,0,0,2,2,0,2,0,2,1,0,0,0,2,2,0,1,0,1,2,1,1,0,1,1,2,0,0,0,0,0,0,0,0,1,0,1,0,0,0,0,0,0,0,2,1,2,2,0,0,1,0,0,0,0,0,1,0,0,0,0,1,2,0,0,0,2,0,0,0,0,0,0,0,311,197
636,Female,0,3,508,16.7,1,1,0,1,1,1,0,1,1,0,1,1,0,0,1,1,1,1,2,1,1,0,1,0,1,1,1,1,1,0,1,0,0,1,0,0,1,0,1,1,0,1,1,1,1,0,1,1,1,1,0,1,1,1,1,1,1,1,1,0,1,2,2,0,1,1,1,1,1,1,1,1,1,1,1,0,0,0,1,1,0,1,1,1,1,0,1,1,1,1,1,0,1,1,1,1,1,0,1,1,0,1,1,0,1,1,1,1,0,1,0,1,1,1,1,1,1,0,1,1,1,1,1,1,1,1,0,1,0,1,0,1,1,1,1,1,1,1,1,1,1,1,1,0,1,1,1,0,1,1,1,1,1,1,1,1,1,1,1,0,1,1,1,1,1,1,0,1,1,0,1,1,1,1,1,1,0,0,1,1,1,1,1,0,1,1,1,1,1,0,1,1,0,1,1,0,1,1,0,1,0,1,0,1,1,1,0,1,0,1,1,1,1,1,0,1,0,1,1,1,1,1,1,0,2,1,0,0,2,0,1,1,0,1,1,1,1,1,1,2,0,1,0,0,1,1,1,1,1,1,1,1,1,1,1,0,1,1,2,1,1,1,1,2,1,1,1,1,1,0,1,1,1,1,1,1,1,1,1,1,1,1,1,1,1,0,1,1,1,1,1,1,1,1,1,1,1,1,1,1,1,1,1,1,1,1,1,1,1,1,1,1,1,1,1,1,1,0,1,1,1,1,1,1,1,1,1,1,1,1,1,0,1,1,0,1,0,1,1,1,1,1,1,1,1,1,0,1,1,0,1,1,1,1,1,1,0,1,1,0,0,0,1,1,1,1,1,1,1,1,0,1,0,1,1,1,1,0,0,0,0,0,0,0,0,0,0,0,0,0,0,0,0,0,0,0,0,0,1,1,1,1,1,1,0,1,1,0,1,0,1,0,1,0,0,0,1,1,316,8
636,Female,0,3,615,20.2,1,1,0,1,1,1,1,1,1,1,1,1,0,1,1,1,2,1,2,1,1,2,1,0,1,1,1,1,1,0,1,0,0,1,1,1,1,1,1,1,0,1,1,1,1,0,1,1,1,2,0,1,1,1,1,1,1,1,1,0,1,2,2,1,1,1,1,2,1,1,1,1,1,1,1,1,1,0,2,1,1,1,1,1,1,0,1,1,1,1,1,0,1,1,1,1,1,1,1,1,1,1,1,1,1,1,1,1,1,1,1,1,1,1,1,1,1,1,1,1,1,1,1,1,1,1,1,1,0,1,1,1,1,1,1,1,2,1,1,1,1,1,1,1,1,1,1,0,1,1,1,1,1,1,1,1,1,1,1,0,1,1,1,2,1,1,1,1,1,1,1,1,1,1,1,1,0,1,1,1,1,1,1,1,1,1,1,1,1,0,1,1,1,1,1,0,1,1,0,1,0,1,0,1,1,1,1,1,0,1,1,1,1,1,1,1,1,1,1,1,1,1,1,1,2,1,0,1,2,1,1,1,1,1,1,1,1,1,1,2,0,1,0,1,1,1,2,1,1,2,1,1,1,1,1,0,1,1,2,1,2,1,1,2,1,1,1,1,1,0,1,1,1,1,1,1,1,1,1,1,1,1,1,1,1,1,1,1,1,1,1,1,1,1,1,1,1,1,1,1,1,1,1,1,2,1,1,1,1,1,1,1,1,1,1,1,1,1,1,1,1,1,1,1,1,1,1,1,1,1,1,1,1,1,1,1,1,1,1,1,1,1,1,1,1,1,1,1,1,1,1,1,1,1,1,1,0,1,1,0,1,1,1,1,1,1,1,2,1,1,1,1,1,1,1,1,1,1,1,1,1,1,0,0,0,1,1,1,1,1,1,1,1,1,1,1,1,1,1,1,1,1,1,1,1,1,1,1,1,1,1,1,1,1,1,1,1,1,385,20
636,Female,0,3,747,24.6,2,1,1,2,2,2,2,2,2,2,2,1,1,2,2,2,2,2,2,2,2,2,2,1,2,1,2,2,1,0,2,1,1,1,1,2,2,1,2,1,2,2,2,1,1,1,2,2,2,2,1,2,2,1,1,1,2,2,1,1,2,2,2,1,2,1,2,2,2,2,1,2,1,1,1,2,1,1,2,2,2,1,1,1,2,1,2,1,1,1,1,1,1,2,1,1,1,1,1,2,1,2,2,1,1,2,2,2,1,1,1,2,1,2,2,2,1,1,1,2,2,2,1,1,1,2,1,1,1,2,1,2,1,1,2,1,2,1,2,1,2,2,1,1,1,1,1,0,1,1,1,1,1,1,2,1,1,1,1,1,1,1,2,2,2,1,1,1,2,1,2,1,1,1,1,1,0,1,1,2,1,1,1,1,1,1,2,1,1,1,1,1,1,2,1,1,2,1,0,1,0,1,1,1,1,1,1,1,1,1,1,1,1,1,1,1,1,1,2,1,1,1,1,1,2,2,0,1,2,1,1,1,1,1,1,2,1,1,1,2,0,1,0,1,2,1,2,1,1,2,1,1,2,2,2,1,2,2,2,1,2,1,1,2,1,1,1,1,1,1,1,1,1,1,2,1,2,1,1,1,1,1,1,1,1,1,1,1,1,1,1,2,1,2,1,1,1,1,1,1,2,1,1,1,2,1,1,1,1,1,1,1,1,2,1,1,2,2,1,1,1,1,1,1,1,1,1,2,1,1,1,1,2,1,1,1,1,1,1,1,1,1,2,1,1,1,1,1,1,1,2,1,1,1,1,1,0,1,1,1,1,1,1,1,1,1,1,2,1,2,1,1,1,1,1,1,2,1,1,1,1,1,1,1,1,1,1,1,1,1,2,2,1,2,1,1,1,1,1,1,1,1,1,1,1,1,2,1,2,1,2,1,1,1,1,1,1,1,409,123
637,Female,0,3,259,8.5,0,0,0,0,0,0,0,0,0,0,0,0,0,0,0,0,0,0,0,0,0,0,0,0,0,0,0,0,0,0,0,0,0,0,0,0,0,0,0,0,0,0,0,0,0,0,0,0,0,0,0,0,0,0,0,0,0,0,0,0,0,0,0,0,0,0,0,1,0,0,0,0,1,0,1,0,0,0,1,0,0,0,0,0,0,0,0,0,0,0,0,0,0,0,0,0,0,0,0,0,1,0,0,0,0,0,1,0,0,0,0,1,0,0,0,0,0,0,0,0,0,0,0,0,0,0,0,0,0,0,0,0,0,0,0,0,0,0,0,0,0,0,0,0,0,0,0,0,0,0,0,0,0,0,0,0,0,0,0,0,0,0,0,0,0,0,0,0,0,0,0,0,0,0,0,0,0,0,0,0,0,1,0,0,0,0,0,0,0,0,0,0,0,1,0,1,0,0,0,0,0,0,0,0,0,0,0,0,0,0,0,0,0,0,0,0,0,0,0,0,0,0,0,0,0,0,0,0,0,0,0,0,0,1,0,0,0,0,0,1,0,0,0,0,0,0,0,0,0,0,0,0,0,0,0,0,1,0,1,0,0,0,0,0,0,0,0,0,0,0,0,0,0,0,0,0,0,0,0,0,0,1,0,0,0,0,0,0,0,0,0,0,0,0,0,0,0,0,0,0,0,0,0,0,0,0,0,0,0,0,0,0,0,0,0,0,0,0,0,0,0,0,0,0,0,0,0,0,0,0,0,0,0,0,0,0,0,0,0,0,0,0,0,0,0,0,0,0,0,0,0,0,0,0,0,0,0,0,0,0,0,0,0,0,0,0,0,0,0,0,0,0,0,0,0,0,0,0,0,0,0,0,0,0,0,0,0,0,0,0,0,0,0,0,0,0,0,0,0,0,0,0,0,0,0,0,0,0,0,0,0,0,0,0,0,0,0,0,15,0
637,Female,0,3,323,10.6,0,0,0,0,0,0,0,0,0,0,0,0,0,0,0,0,0,0,0,0,1,0,1,0,0,0,1,0,0,0,1,0,0,0,1,0,0,0,1,0,0,1,0,0,0,0,0,0,1,0,0,0,0,0,0,0,0,1,0,0,0,0,0,0,1,1,0,1,0,0,0,0,1,0,1,1,0,0,1,0,0,1,0,0,0,0,1,0,0,0,0,0,0,0,0,0,0,0,0,1,1,1,1,1,1,1,1,1,0,1,0,1,0,1,1,0,0,0,0,0,0,1,0,0,0,1,1,0,0,0,0,0,1,0,0,0,0,0,0,0,0,0,0,0,0,0,0,0,0,0,0,0,0,1,0,0,1,0,0,0,0,0,0,0,0,0,0,0,0,0,1,0,0,0,0,0,0,0,0,1,0,1,0,0,0,0,0,0,0,0,1,0,0,1,0,1,0,0,0,0,0,1,0,0,0,0,0,0,0,0,0,0,1,0,0,0,0,0,0,1,1,0,0,0,0,0,0,0,1,0,0,0,0,1,0,0,0,0,0,1,1,0,0,0,0,1,1,0,0,1,0,1,0,0,0,1,1,0,1,0,1,0,0,0,0,1,0,0,0,0,0,0,0,0,1,0,0,0,1,0,0,1,0,0,0,0,0,0,0,0,0,0,0,0,0,0,0,1,0,0,1,1,0,0,1,0,0,0,0,0,0,0,0,1,0,0,0,1,1,0,0,1,0,0,0,0,1,1,0,0,0,0,1,0,0,0,0,0,0,0,0,0,0,0,0,0,0,0,0,0,0,0,1,0,0,0,0,0,0,0,1,0,0,0,0,0,0,0,0,0,0,0,0,0,0,0,0,0,0,0,0,0,0,0,0,0,0,0,0,0,0,0,0,0,0,0,0,0,0,0,0,0,0,0,0,0,0,0,0,0,0,0,0,0,0,0,0,0,76,0
637,Female,0,3,570,18.7,2,2,2,2,2,2,2,2,2,2,2,2,1,2,2,1,1,1,2,1,2,1,1,1,2,1,2,2,1,0,1,1,1,1,2,0,1,1,2,1,1,1,1,1,1,1,1,1,1,2,1,1,1,2,1,1,1,2,1,1,2,2,1,1,1,1,1,1,1,1,1,1,1,1,1,1,1,1,2,1,2,1,1,1,1,1,1,1,1,1,1,1,1,1,1,1,1,1,1,1,1,1,1,1,1,1,1,1,1,1,1,1,1,1,1,1,1,1,1,1,1,2,1,0,1,1,1,0,0,0,0,0,1,0,1,1,1,1,1,1,1,1,1,0,1,1,0,0,0,0,0,0,0,1,0,0,1,1,1,0,1,1,1,2,1,1,1,1,1,1,1,1,2,1,1,1,1,1,1,1,1,1,1,1,0,0,0,1,1,1,1,1,0,1,1,1,1,0,1,1,0,1,0,1,0,1,1,1,1,1,1,0,1,0,1,1,1,1,1,1,1,1,1,0,1,0,0,0,2,0,0,0,1,1,1,0,1,1,0,2,2,0,0,0,1,1,2,1,1,1,0,1,1,1,2,1,1,2,2,1,2,1,1,2,1,1,1,1,1,1,1,1,1,1,1,1,1,1,1,1,1,1,1,1,1,1,1,1,1,1,1,1,0,1,0,1,1,1,0,1,1,1,0,1,1,1,1,0,1,1,1,1,1,1,1,1,1,1,1,1,1,1,1,1,1,1,1,1,1,1,1,1,2,1,0,1,0,1,1,1,1,1,1,1,0,0,0,1,1,0,1,1,1,1,1,1,0,0,1,0,1,0,1,0,0,1,0,1,1,1,0,1,0,0,0,0,0,0,0,0,1,0,0,0,0,0,0,0,0,1,1,1,0,0,0,0,0,1,1,0,1,1,1,1,1,1,1,0,1,0,2,1,1,0,0,0,0,0,327,42
639,Female,0,7,435,14.3,0,2,0,2,1,2,1,2,2,2,1,2,0,2,1,1,1,1,2,0,2,0,2,1,2,1,1,1,1,0,2,0,0,2,1,2,0,0,2,1,0,1,1,1,1,0,0,1,0,2,0,0,1,2,1,1,2,2,2,2,2,2,1,0,2,1,1,2,1,2,0,1,2,0,1,1,0,0,1,0,1,1,0,0,1,0,2,1,0,1,0,0,0,1,1,1,0,0,1,1,0,1,1,0,1,1,1,1,0,1,0,1,1,1,1,2,1,2,2,0,1,2,1,0,1,1,0,1,0,2,0,2,0,0,2,1,1,1,1,0,1,2,0,0,1,1,0,0,0,0,0,1,0,0,1,0,0,0,0,0,1,0,0,0,0,0,0,0,2,0,0,0,0,0,0,0,0,0,0,1,1,1,0,0,0,1,2,1,1,0,1,2,0,2,0,0,0,0,0,1,0,1,0,1,0,0,0,0,0,0,0,1,0,0,0,1,0,1,2,1,1,1,0,0,2,0,0,0,2,0,0,0,0,0,0,0,2,0,0,2,2,0,0,0,2,0,2,1,0,2,0,1,1,1,2,0,2,0,2,0,1,0,0,1,0,0,0,0,1,0,0,0,0,0,2,0,1,0,2,0,1,1,0,0,0,0,1,1,2,0,0,0,0,1,0,1,1,1,0,0,2,0,0,1,1,0,0,0,0,0,0,1,1,0,0,1,1,1,0,2,1,0,0,0,0,1,1,0,1,0,1,0,2,0,0,0,2,1,1,0,0,0,1,0,1,0,0,0,0,0,0,0,0,0,0,0,0,0,0,0,0,0,0,0,0,0,0,0,0,1,0,0,0,0,0,0,0,0,0,0,0,0,0,0,0,0,0,0,0,0,0,0,0,0,0,0,0,0,0,0,0,0,0,0,0,0,2,0,2,0,1,0,0,0,0,0,0,0,179,62
639,Female,0,7,492,16.2,2,2,0,2,2,2,2,2,2,2,2,2,0,2,2,2,2,1,2,2,2,1,2,2,2,2,2,2,2,0,2,0,0,2,2,2,2,2,2,2,1,2,1,1,2,0,2,1,2,2,0,2,2,2,1,2,2,2,2,2,2,2,2,0,2,2,2,2,2,2,0,2,2,0,2,2,2,0,2,2,2,2,2,2,2,0,2,2,0,2,2,0,2,2,2,2,0,2,2,2,2,2,2,1,2,2,2,2,1,1,0,2,1,1,2,2,2,2,2,2,2,2,1,1,2,2,2,1,0,2,0,2,0,2,2,1,2,2,2,0,1,2,0,0,2,1,0,0,2,1,0,2,0,2,2,0,0,0,0,0,1,0,2,2,1,2,0,0,2,0,2,2,1,0,0,0,0,0,2,1,1,1,0,0,1,2,2,2,2,0,2,2,0,2,1,0,1,0,0,1,0,2,1,1,0,0,0,1,0,1,0,2,1,0,0,1,1,1,2,1,1,1,0,0,2,0,0,0,2,0,0,0,0,0,0,0,2,0,2,2,2,0,0,0,2,1,2,1,0,2,2,1,2,2,2,1,2,2,2,2,2,1,0,2,1,1,0,1,2,0,0,1,1,1,2,0,1,1,2,0,1,1,1,0,1,1,1,1,2,0,0,0,1,2,0,2,2,2,0,1,2,0,0,1,1,0,0,1,1,0,0,2,1,2,2,1,2,1,1,2,1,1,2,0,0,1,2,1,2,0,1,0,2,0,0,0,2,1,1,1,2,0,1,1,1,0,0,1,2,0,1,0,2,1,0,0,0,0,0,0,2,0,0,0,0,1,0,1,1,1,0,0,1,0,1,1,0,0,0,0,0,0,0,0,0,0,0,0,0,0,1,0,0,0,0,0,0,0,1,0,1,1,1,1,0,0,2,0,2,1,2,0,0,0,0,2,0,1,272,173
639,Female,0,7,541,17.8,2,2,1,2,2,2,2,2,2,2,2,2,1,2,2,2,2,2,2,2,2,2,2,2,2,2,2,2,2,0,2,1,1,2,2,2,2,2,2,2,2,2,2,2,2,0,2,2,2,2,2,2,2,2,2,2,2,2,2,2,2,2,2,2,2,2,2,2,2,2,1,2,2,0,2,2,2,2,2,2,2,2,2,2,2,0,2,2,2,2,2,2,2,2,2,2,0,2,2,2,2,2,2,2,2,2,2,2,2,2,0,2,2,2,2,2,2,2,2,2,2,2,2,2,2,2,2,2,2,2,2,2,2,2,2,1,2,2,2,2,2,2,2,0,2,2,0,0,2,2,0,2,2,2,2,2,2,2,2,0,2,2,2,2,2,2,0,2,2,2,2,2,2,2,2,2,2,2,2,2,2,2,0,2,2,2,2,2,2,0,2,2,0,2,2,0,2,0,0,1,2,2,1,2,1,2,1,2,0,2,2,2,2,2,0,2,2,2,2,2,2,2,1,0,2,2,0,0,2,2,2,0,0,0,0,2,2,0,2,2,2,1,0,0,2,2,2,2,2,2,2,2,2,2,2,2,2,2,2,2,2,2,1,2,2,2,1,1,2,1,1,2,2,2,2,0,2,1,2,1,2,2,2,1,2,2,2,1,2,1,1,2,1,2,1,2,2,2,1,1,2,1,1,2,2,2,2,1,1,1,2,2,1,2,2,2,2,2,1,2,2,2,2,1,1,2,2,2,2,1,2,1,2,2,1,2,2,2,2,2,2,1,2,1,1,1,0,1,2,2,2,1,2,1,1,1,0,0,0,0,2,2,2,0,2,1,2,1,2,2,2,1,1,0,1,1,0,0,1,0,1,1,0,0,0,0,0,2,0,2,2,2,1,1,1,1,0,2,2,2,1,2,2,2,1,1,2,1,2,2,2,1,1,0,0,2,0,2,367,300
639,Female,0,7,592,19.5,2,2,2,2,2,2,2,2,2,2,2,2,1,2,2,2,2,2,2,2,2,2,2,2,2,2,2,2,2,2,2,2,2,2,2,2,2,2,2,2,2,2,2,2,2,2,2,2,2,2,2,2,2,2,2,2,2,2,2,2,2,2,2,2,2,2,2,2,2,2,1,2,2,1,2,2,2,2,2,2,2,2,2,2,2,1,2,2,2,2,2,2,2,2,2,2,1,2,2,2,2,2,2,2,2,2,2,2,2,2,1,2,2,2,2,2,2,2,2,2,2,2,2,2,2,2,2,2,2,2,2,2,2,2,2,2,2,2,2,2,2,2,2,0,2,2,2,1,2,2,0,2,2,2,2,2,2,2,2,1,2,2,2,2,2,2,0,2,2,2,2,2,2,2,2,2,2,2,2,2,2,2,0,2,2,2,2,2,2,0,2,2,1,2,2,1,2,0,0,1,2,2,1,2,2,2,1,2,0,2,2,2,2,2,0,2,2,2,2,2,2,2,2,1,2,2,0,0,2,2,2,0,0,0,1,2,2,1,2,2,2,1,0,1,2,2,2,2,2,2,2,2,2,2,2,2,2,2,2,2,2,2,1,2,2,2,2,1,2,2,2,2,2,2,2,0,2,1,2,2,2,2,2,2,2,2,2,2,2,1,1,2,1,2,1,2,2,2,1,1,2,1,1,2,2,2,2,1,1,1,2,2,2,2,2,2,2,2,2,2,2,2,2,1,1,2,2,2,2,2,2,1,2,2,1,2,2,2,2,2,2,2,2,1,1,2,0,2,2,2,2,1,2,1,1,1,0,0,0,0,2,2,2,0,2,2,2,1,2,2,2,1,1,0,1,1,0,0,1,2,1,1,0,0,0,1,1,2,0,2,2,2,1,2,1,1,0,2,2,2,1,2,2,2,1,1,2,1,2,2,2,1,1,0,0,2,0,2,385,324
639,Female,0,7,628,20.6,2,2,2,2,2,2,2,2,2,2,2,2,2,2,2,2,2,2,2,2,2,2,2,2,2,2,2,2,2,2,2,2,2,2,2,2,2,2,2,2,2,2,2,2,2,2,2,2,2,2,2,2,2,2,2,2,2,2,2,2,2,2,2,2,2,2,2,2,2,2,1,2,2,2,2,2,2,2,2,2,2,2,2,2,2,2,2,2,2,2,2,2,2,2,2,2,2,2,2,2,2,2,2,2,2,2,2,2,2,2,2,2,2,2,2,2,2,2,2,2,2,2,2,2,2,2,2,2,2,2,2,2,2,2,2,2,2,2,2,2,2,2,2,0,2,2,2,2,2,2,2,2,2,2,2,2,2,2,2,1,2,2,2,2,2,2,2,2,2,2,2,2,2,2,2,2,2,2,2,2,2,2,2,2,2,2,2,2,2,0,2,2,2,2,2,1,2,0,2,2,2,2,1,2,2,2,1,2,2,2,2,2,2,2,0,2,2,2,2,2,2,2,2,2,2,2,0,0,2,2,2,2,2,0,2,2,2,2,2,2,2,2,0,1,2,2,2,2,2,2,2,2,2,2,2,2,2,2,2,2,2,2,1,2,2,2,2,2,2,2,2,2,2,2,2,0,2,2,2,2,2,2,2,2,2,2,2,2,2,1,2,2,2,2,2,2,2,2,1,2,2,2,2,2,2,2,2,2,2,2,2,2,2,2,2,2,2,2,2,2,2,2,2,1,2,2,2,2,2,2,2,1,2,2,2,2,2,2,2,2,2,2,2,2,2,2,0,2,2,2,2,2,2,2,1,2,0,2,2,0,2,2,2,2,2,2,2,2,2,2,2,1,1,0,1,1,2,2,2,2,2,2,0,0,0,1,1,2,2,2,2,2,1,2,2,2,0,2,2,2,2,2,2,2,1,2,2,1,2,2,2,1,1,0,0,2,2,2,399,376
639,Female,0,7,736,24.2,2,2,2,2,2,2,2,2,2,2,2,2,2,2,2,2,2,2,2,2,2,2,2,2,2,2,2,2,2,2,2,2,2,2,2,2,2,2,2,2,2,2,2,2,2,2,2,2,2,2,2,2,2,2,2,2,2,2,2,2,2,2,2,2,2,2,2,2,2,2,2,2,2,2,2,2,2,2,2,2,2,2,2,2,2,2,2,2,2,2,2,2,2,2,2,2,2,2,2,2,2,2,2,2,2,2,2,2,2,2,2,2,2,2,2,2,2,2,2,2,2,2,2,2,2,2,2,2,2,2,2,2,2,2,2,2,2,2,2,2,2,2,2,2,2,2,2,2,2,2,2,2,2,2,2,2,2,2,2,1,2,2,2,2,2,2,2,2,2,2,2,2,2,2,2,2,2,2,2,2,2,2,2,2,2,2,2,2,2,0,2,2,2,2,2,2,2,2,2,2,2,2,2,2,2,2,2,2,2,2,2,2,2,2,2,2,2,2,2,2,2,2,2,2,2,2,2,2,2,2,2,2,2,2,2,2,2,2,2,2,2,2,1,2,2,2,2,2,2,2,2,2,2,2,2,2,2,2,2,2,2,2,2,2,2,2,2,2,2,2,2,2,2,2,2,2,2,2,2,2,2,2,2,2,2,2,2,2,2,2,2,2,2,2,2,2,2,2,2,2,2,2,2,2,2,2,2,2,2,2,2,2,2,2,2,2,2,2,2,2,2,2,2,2,2,2,2,2,2,2,2,2,2,2,2,2,2,2,2,2,2,2,2,2,2,2,2,2,2,2,2,2,2,2,2,2,1,2,2,1,2,2,2,2,2,2,2,2,2,2,2,1,2,1,2,1,2,2,2,2,2,2,2,2,2,2,2,2,2,2,2,2,2,2,2,2,2,2,2,2,2,2,2,2,2,2,2,2,2,2,2,2,2,2,0,2,2,2,416,409
639,Female,0,7,811,26.7,2,2,2,2,2,2,2,2,2,2,2,2,2,2,2,2,2,2,2,2,2,2,2,2,2,2,2,2,2,2,2,2,2,2,2,2,2,2,2,2,2,2,2,2,2,2,2,2,2,2,2,2,2,2,2,2,2,2,2,2,2,2,2,2,2,2,2,2,2,2,2,2,2,2,2,2,2,2,2,2,2,2,2,2,2,2,2,2,2,2,2,2,2,2,2,2,2,2,2,2,2,2,2,2,2,2,2,2,2,2,2,2,2,2,2,2,2,2,2,2,2,2,2,2,2,2,2,2,2,2,2,2,2,2,2,2,2,2,2,2,2,2,2,2,2,2,2,2,2,2,2,2,2,2,2,2,2,2,2,2,2,2,2,2,2,2,2,2,2,2,2,2,2,2,2,2,2,2,2,2,2,2,2,2,2,2,2,2,2,0,2,2,2,2,2,2,2,2,2,2,2,2,2,2,2,2,2,2,2,2,2,2,2,2,2,2,2,2,2,2,2,2,2,2,2,2,2,2,2,2,2,2,2,2,2,2,2,2,2,2,2,2,2,2,2,2,2,2,2,2,2,2,2,2,2,2,2,2,2,2,2,2,2,2,2,2,2,2,2,2,2,2,2,2,2,2,2,2,2,2,2,2,2,2,2,2,2,2,2,2,2,2,2,2,2,2,2,2,2,2,2,2,2,2,2,2,2,2,2,2,2,2,2,2,2,2,2,2,2,2,2,2,2,2,2,2,2,2,2,2,2,2,2,2,2,2,2,2,2,2,2,2,2,2,2,2,2,2,2,2,2,2,2,2,2,2,2,2,2,2,2,2,2,2,2,2,2,2,2,2,2,2,2,2,2,2,2,2,2,2,2,2,2,2,2,2,2,2,2,2,2,2,2,2,2,2,2,2,2,2,2,2,2,2,2,2,2,2,2,2,2,2,2,2,2,2,2,2,417,417
641,Female,0,2,593,19.5,2,1,0,1,1,2,2,2,2,1,2,2,1,2,2,2,1,1,2,1,1,1,1,0,1,1,2,1,1,1,1,1,1,2,1,1,1,1,1,1,1,1,1,0,1,1,1,1,0,2,1,0,1,2,1,1,2,2,2,2,2,2,2,1,2,2,2,2,2,1,1,1,1,1,2,1,1,0,2,1,2,1,1,1,1,1,2,1,1,1,1,0,2,2,2,0,1,2,2,2,1,1,1,1,1,1,1,1,1,1,1,1,2,2,1,1,2,1,2,1,1,2,1,1,1,1,1,1,1,2,1,2,1,1,2,1,1,1,1,1,1,1,1,0,1,1,1,0,2,1,0,1,0,1,1,1,1,1,1,0,1,1,1,1,1,1,0,0,1,2,1,1,1,0,1,1,1,1,1,1,1,2,1,0,2,1,2,2,1,0,1,1,1,1,1,0,1,1,0,1,0,2,1,1,1,0,0,1,0,1,1,1,1,0,1,1,0,1,1,1,1,1,2,1,2,1,1,1,2,1,1,1,0,1,1,1,2,1,1,2,2,1,0,1,1,1,2,1,1,1,2,1,1,2,2,1,2,2,2,2,2,1,1,2,1,1,1,1,1,1,1,1,1,1,1,1,1,1,2,1,1,2,1,1,1,1,1,1,1,1,1,1,1,1,1,1,1,1,1,1,1,1,1,1,1,2,1,1,0,1,1,1,1,1,1,1,1,2,1,1,1,1,1,1,1,1,1,1,1,2,2,1,2,2,1,1,1,1,1,1,2,1,1,1,1,1,1,1,1,1,1,1,2,1,1,1,1,1,1,1,1,1,1,1,1,1,1,1,1,1,1,1,2,1,1,1,2,1,0,1,1,1,1,1,1,1,1,1,1,2,2,1,2,1,1,1,1,1,1,1,1,1,1,1,2,1,1,1,2,1,1,1,1,1,0,0,0,1,385,85
641,Female,0,2,822,27,2,2,2,2,2,2,2,2,2,2,2,2,2,2,2,2,2,2,2,2,2,2,2,2,2,2,2,2,2,2,2,2,2,2,2,2,2,2,2,2,2,2,2,2,2,2,2,2,2,2,2,2,2,2,2,2,2,2,2,2,2,2,2,2,2,2,2,2,2,2,2,2,2,2,2,2,2,2,2,2,2,2,2,2,2,2,2,2,2,2,2,2,2,2,2,2,2,2,2,2,2,2,2,2,2,2,2,2,2,2,2,2,2,2,2,2,2,2,2,2,2,2,2,2,2,2,2,2,2,2,2,2,2,2,2,2,2,2,2,2,2,2,2,2,2,2,2,1,2,2,1,2,2,2,2,2,2,2,2,0,2,2,2,2,2,2,2,2,2,2,2,2,2,2,2,2,2,2,2,2,2,2,2,0,2,2,2,2,2,2,2,2,2,2,2,2,2,2,2,2,2,2,2,2,2,2,2,2,2,2,2,2,2,2,2,2,2,2,2,2,2,2,2,2,2,2,2,2,2,2,2,2,2,2,2,2,2,2,2,2,2,2,2,2,2,2,2,2,2,2,2,2,2,2,2,2,2,2,2,2,2,2,2,2,2,2,2,1,2,2,2,2,2,2,2,1,2,2,2,2,2,2,2,2,2,2,2,2,2,2,2,2,2,2,2,2,2,2,2,2,2,2,2,2,2,2,2,2,2,2,2,2,1,2,2,2,2,2,2,2,2,2,2,2,1,2,2,2,2,2,2,2,2,2,2,2,2,2,2,2,2,2,2,2,2,2,1,1,2,2,2,2,2,2,2,2,2,2,2,2,2,2,2,2,2,2,2,2,2,2,2,2,2,2,2,2,2,2,2,2,2,2,2,2,2,2,2,2,2,2,2,2,2,2,2,2,2,2,2,2,2,2,2,2,2,2,2,2,2,1,2,2,1,1,2,1,2,2,416,404
642,Female,0,2,266,8.7,0,0,0,0,0,0,0,0,0,0,0,0,0,0,0,0,0,0,0,0,0,0,0,0,0,0,0,0,0,0,0,0,0,0,0,0,0,0,0,0,0,0,0,0,0,0,0,0,0,0,0,0,0,0,0,0,0,0,0,0,0,0,0,0,0,0,0,0,0,0,0,0,0,0,0,0,0,0,0,0,0,0,0,0,0,0,0,0,0,0,0,0,0,0,0,0,0,0,0,0,0,0,0,0,0,0,0,0,0,0,0,0,0,0,0,0,0,0,0,0,0,0,0,0,0,0,0,0,0,0,0,0,0,0,0,0,0,0,0,0,0,0,0,0,0,0,0,0,0,0,0,0,0,0,0,0,0,0,0,0,0,0,0,0,0,0,0,0,0,0,0,0,0,0,0,0,0,0,0,0,0,0,0,0,0,0,0,0,0,0,0,0,0,0,0,0,0,0,0,0,0,0,0,0,0,0,0,0,0,0,0,0,0,0,0,0,0,0,0,0,0,0,0,0,0,0,0,0,2,0,0,0,0,0,0,0,0,0,0,2,0,0,0,0,0,0,0,0,0,0,0,0,0,0,0,0,0,0,0,0,0,0,0,0,0,0,0,0,0,0,0,0,0,0,0,0,0,0,0,0,0,0,0,0,0,0,0,0,0,0,0,0,0,0,0,0,0,0,0,0,0,0,0,0,0,0,0,0,0,0,0,0,0,0,0,0,0,0,0,0,0,0,0,0,0,0,0,0,0,0,0,0,0,0,0,0,0,0,0,0,0,0,0,0,0,0,0,0,0,0,0,0,0,0,0,0,0,0,0,0,0,0,0,0,0,0,0,0,0,0,0,0,0,0,0,0,0,0,0,0,0,0,0,0,0,0,0,0,0,0,0,0,0,0,0,0,0,0,0,0,0,0,0,0,0,0,0,0,0,0,0,0,0,0,0,0,0,0,2,2
642,Female,0,2,356,11.7,0,0,0,0,0,0,0,0,0,0,0,0,0,0,0,0,0,0,0,0,0,0,0,0,0,0,0,0,0,0,0,0,0,0,0,0,0,0,0,0,0,0,0,0,0,0,0,0,0,0,0,0,0,0,0,0,0,0,0,0,0,0,0,0,0,0,0,0,0,0,0,0,0,0,0,0,0,0,0,0,0,0,0,0,0,0,0,0,0,0,0,0,0,0,0,0,0,0,0,0,0,0,0,0,0,0,0,0,0,0,0,0,0,0,0,0,0,0,0,0,0,0,0,0,0,0,0,0,0,0,0,0,0,0,0,0,0,0,0,0,0,0,0,0,0,0,0,0,0,0,0,0,0,0,0,0,0,0,0,0,0,0,0,0,0,0,0,0,0,0,0,0,0,0,0,0,0,0,0,0,0,0,0,0,0,0,0,0,0,0,0,0,0,0,0,0,0,0,0,0,0,0,0,0,0,0,0,0,0,0,0,0,0,0,0,0,0,0,0,0,0,0,0,0,0,0,0,0,2,0,0,0,0,0,0,0,0,0,0,2,0,0,0,0,0,0,0,0,0,0,0,0,0,1,2,0,0,0,1,0,1,0,0,0,0,0,0,0,0,0,0,0,0,0,0,0,0,0,0,0,0,0,0,0,0,0,0,0,0,0,0,0,0,0,0,0,0,0,0,0,0,0,0,0,0,0,0,0,0,0,0,0,0,0,0,0,0,0,0,0,0,0,0,0,0,0,0,0,0,0,0,0,1,0,0,0,0,0,0,0,0,0,0,0,0,0,0,0,0,0,0,0,0,0,0,0,0,0,0,0,0,0,0,0,0,0,0,0,0,0,0,0,0,0,0,0,0,0,0,0,0,0,0,0,0,0,0,0,0,0,0,0,0,0,0,0,0,0,0,0,0,0,0,0,0,0,0,0,0,0,0,0,0,0,0,0,0,0,7,3
645,Female,0,2,756,24.9,2,2,2,2,2,2,2,2,2,1,2,2,2,2,2,2,2,2,2,2,2,0,2,2,2,2,2,2,2,0,2,2,2,2,2,2,2,2,2,0,2,2,2,2,2,0,2,2,2,2,2,2,2,2,2,2,2,2,2,2,2,2,2,2,2,2,2,2,2,2,2,2,2,2,2,2,2,2,2,2,2,2,2,2,2,2,2,2,2,2,2,2,2,2,2,2,2,2,2,2,2,2,2,2,2,2,2,2,2,2,2,2,2,2,2,0,2,2,2,2,2,2,2,0,2,2,2,2,2,2,2,2,2,2,2,2,2,2,2,2,0,2,2,2,1,2,2,0,2,2,0,2,2,2,2,2,2,2,2,0,2,2,2,2,2,2,2,2,2,2,2,2,2,2,2,2,2,2,2,2,2,2,2,0,2,2,2,2,2,0,2,2,0,2,2,2,2,2,2,2,2,2,0,2,2,2,0,2,2,2,2,2,2,2,2,2,2,2,2,2,2,2,2,0,2,2,2,2,2,2,2,2,2,2,2,2,2,2,2,2,2,2,2,0,2,2,2,2,2,2,2,2,2,2,2,0,2,2,2,2,2,2,2,2,2,2,2,2,2,2,2,2,2,2,2,2,2,2,2,2,2,2,2,2,2,2,2,2,2,2,2,2,2,0,2,2,2,2,2,2,2,2,2,2,2,2,2,2,2,2,2,2,2,2,2,2,2,2,2,2,2,2,2,2,2,2,2,2,2,2,2,2,2,2,0,2,2,2,2,2,2,2,2,2,2,2,2,2,2,2,2,2,2,2,2,2,0,0,2,2,2,2,0,2,0,2,2,2,2,2,2,0,0,0,0,0,0,2,2,2,2,2,2,2,2,2,2,2,2,2,2,2,0,0,2,2,2,2,2,2,2,2,2,2,2,2,2,2,2,2,2,2,2,2,0,2,2,2,382,383
645,Female,0,2,792,26,2,2,2,2,2,2,2,2,2,1,2,2,2,2,2,2,2,2,2,2,2,0,2,2,2,2,2,2,2,0,2,2,2,2,2,2,2,2,2,0,2,2,2,2,2,0,2,2,2,2,2,2,2,2,2,2,2,2,2,2,2,2,2,2,2,2,2,2,2,2,2,2,2,2,2,2,2,2,2,2,2,2,2,2,2,2,2,2,2,2,2,2,2,2,2,2,2,2,2,2,2,2,2,2,2,2,2,2,2,2,2,2,2,2,2,0,2,2,2,2,2,2,2,2,2,2,2,2,2,2,2,2,2,2,2,2,2,2,2,2,0,2,2,2,1,2,2,0,2,2,0,2,2,2,2,2,2,2,2,0,2,2,2,2,2,2,2,2,2,2,2,2,2,2,2,2,2,2,2,2,2,2,2,0,2,2,2,2,2,2,2,2,0,2,2,2,2,2,2,2,2,2,0,2,2,2,0,2,2,2,2,2,2,2,2,2,2,2,2,2,2,2,2,0,2,2,2,2,2,2,2,2,2,2,2,2,2,2,2,2,2,2,2,2,2,2,2,2,2,2,2,2,2,2,2,0,2,2,2,2,2,2,2,2,2,2,2,2,2,2,2,2,2,2,2,2,2,2,2,2,2,2,2,2,2,2,2,2,2,2,2,2,2,2,2,2,2,2,2,2,2,2,2,2,2,2,2,2,2,2,2,2,2,2,2,2,2,2,2,2,2,2,2,2,2,2,2,2,2,2,2,2,2,2,2,2,2,2,2,2,2,2,2,2,2,2,2,2,2,2,2,2,2,2,2,2,0,2,2,2,2,2,2,2,0,2,2,2,2,2,2,0,2,0,2,2,2,2,2,2,2,2,2,2,2,2,2,2,2,2,2,2,2,2,2,2,2,2,2,2,2,2,2,2,2,2,2,2,2,2,2,2,2,2,2,2,2,2,399,397
646,Female,0,2,265,8.7,0,0,0,2,0,0,0,0,0,0,0,0,0,0,0,0,0,0,0,0,0,0,0,0,0,0,0,0,0,0,0,0,0,0,0,0,0,0,0,0,0,0,0,0,0,0,0,0,0,0,0,0,0,0,0,0,0,0,0,0,1,0,0,0,0,0,0,0,0,0,0,0,0,0,0,0,0,0,0,0,0,0,0,0,0,0,0,0,0,0,0,0,0,0,0,0,0,0,0,0,0,0,0,0,0,0,0,0,0,0,0,0,0,0,0,0,0,0,0,0,0,0,0,0,0,0,0,0,0,0,0,0,0,0,1,0,0,0,0,0,0,0,0,0,0,0,0,0,0,0,0,0,0,0,0,0,0,0,0,0,0,0,0,0,0,0,0,0,0,0,0,0,0,0,0,0,0,0,0,0,0,1,0,0,0,0,0,0,0,0,0,0,0,0,0,0,0,0,0,0,0,0,0,0,0,0,0,0,0,0,0,0,0,0,0,0,0,0,0,0,0,0,0,0,1,0,0,0,0,0,0,0,0,0,0,1,1,0,0,1,0,0,0,0,0,0,1,0,0,1,0,0,0,0,0,0,0,0,0,0,0,0,0,0,0,0,0,0,0,0,0,0,0,0,0,0,0,0,0,0,0,0,0,0,0,0,0,0,0,0,0,0,0,0,0,0,0,1,0,0,0,0,0,0,0,0,0,0,0,0,0,0,0,0,0,0,0,0,0,0,0,0,0,0,0,0,0,0,0,0,0,0,0,0,0,0,0,0,0,0,0,0,0,0,0,0,0,0,0,0,0,0,0,0,0,0,0,0,0,0,0,0,0,0,0,0,0,0,0,0,0,0,0,0,0,0,0,0,0,0,0,0,0,0,0,0,0,0,0,0,0,0,0,0,0,0,0,0,0,0,0,0,0,0,0,0,0,0,0,0,0,0,0,0,0,0,0,0,11,1
646,Female,0,2,448,14.7,1,1,1,2,2,2,0,2,2,1,2,1,1,1,2,2,0,0,2,2,1,0,2,0,2,1,2,1,0,0,1,1,1,1,2,0,0,0,2,0,1,2,0,0,0,0,0,0,1,0,0,1,1,2,0,0,0,2,2,1,2,1,1,2,2,2,2,2,1,0,0,2,0,0,2,2,0,0,2,0,0,1,0,0,2,0,2,1,0,1,0,0,2,2,2,2,0,0,2,2,2,1,1,1,2,2,2,2,1,2,0,2,1,1,2,0,0,1,1,0,1,1,0,0,0,1,0,1,0,2,0,0,0,1,2,1,2,1,1,0,1,2,1,0,1,0,1,0,0,1,0,1,0,2,2,0,0,0,1,0,1,1,0,0,0,0,0,0,0,0,0,0,0,0,1,1,0,1,0,2,0,2,0,0,1,0,1,1,1,1,2,2,1,2,0,0,0,1,0,2,0,2,0,2,1,1,1,1,0,1,1,1,1,0,1,0,0,0,1,1,2,1,0,0,2,2,1,0,2,0,0,0,0,1,2,2,2,2,2,2,0,0,0,1,2,1,2,2,0,2,0,1,0,1,1,1,2,0,2,2,2,0,0,1,0,1,1,0,1,0,0,0,0,1,2,0,2,0,2,0,0,0,0,0,0,0,1,1,1,0,0,0,0,0,0,0,0,1,0,0,1,0,0,1,1,1,1,1,0,0,0,0,0,1,0,1,0,1,0,1,0,1,0,0,0,0,1,1,0,0,0,0,0,1,0,0,0,0,1,0,2,2,0,0,0,0,0,1,0,0,1,0,1,0,0,0,0,0,0,0,0,0,0,0,0,0,0,0,0,1,0,0,0,0,1,0,0,0,0,0,1,1,0,0,0,0,0,0,0,1,1,0,0,0,1,0,0,1,0,0,0,1,1,1,0,0,1,0,0,1,0,0,0,0,0,0,0,0,202,82
649,Male,0,6,504,16.6,0,0,0,0,0,0,2,0,2,2,0,1,0,0,0,0,0,0,2,0,0,0,0,0,0,0,0,0,0,0,0,0,0,0,0,0,0,0,0,0,0,0,0,0,0,0,0,0,0,0,0,0,0,0,0,0,0,1,0,0,0,0,0,0,0,0,0,0,0,0,0,0,0,0,0,0,0,0,1,0,0,1,0,0,0,0,0,0,0,0,0,0,0,0,0,0,0,0,0,0,0,0,0,0,0,0,0,0,0,0,0,1,0,0,0,0,0,0,0,0,0,0,0,0,0,1,0,0,0,0,0,0,0,0,0,0,0,0,0,0,0,0,0,0,0,0,0,0,0,0,0,0,0,0,0,0,0,0,0,0,0,0,0,0,0,0,0,0,0,0,0,0,0,0,0,0,0,0,0,0,0,0,0,0,0,0,0,0,0,0,0,0,0,1,0,0,0,0,0,0,0,0,0,0,0,0,0,0,0,0,0,0,0,0,0,0,0,0,0,0,0,0,0,0,0,0,0,0,2,0,0,0,0,1,0,1,1,0,0,2,0,0,0,0,0,0,1,0,0,1,0,0,1,1,1,0,1,0,1,0,0,0,0,0,0,1,0,0,0,0,0,0,0,0,1,0,0,0,1,0,0,1,0,0,0,0,1,0,0,0,0,0,0,0,0,0,0,0,0,0,0,1,0,0,0,0,0,0,0,0,0,0,0,0,0,0,0,1,1,0,0,0,0,0,0,1,1,1,1,0,1,0,0,0,0,0,0,0,0,0,0,0,0,0,0,0,0,0,0,0,0,0,0,0,0,0,0,0,0,0,0,0,0,0,0,0,0,0,0,0,0,0,0,0,0,0,0,0,0,0,0,0,0,0,0,0,0,0,0,0,0,0,0,0,0,0,0,0,0,0,0,0,0,0,0,0,0,0,0,0,0,0,0,0,0,0,0,0,36,6
649,Male,0,6,619,20.3,1,1,0,1,1,1,2,1,2,2,1,1,0,0,0,1,1,0,2,0,1,0,2,0,1,0,1,0,0,0,1,0,0,1,1,0,0,0,1,0,0,1,1,0,0,0,0,1,1,1,1,1,1,1,1,1,1,1,1,1,1,0,1,1,1,1,0,0,1,1,0,0,0,1,1,0,0,0,2,0,1,1,0,0,0,0,1,0,0,0,0,0,0,0,2,1,0,0,1,1,1,1,1,0,1,1,1,0,0,0,0,1,1,1,1,0,1,0,0,0,0,1,0,0,0,1,0,0,0,2,1,1,1,0,1,1,1,1,1,0,1,2,0,0,0,1,1,0,0,0,0,0,1,1,1,0,0,1,1,0,1,0,0,0,0,1,0,0,0,0,0,1,0,0,0,0,0,0,1,0,0,2,0,0,1,1,0,2,1,1,1,0,0,1,0,0,0,0,0,0,0,0,0,0,0,0,0,0,0,0,0,0,1,0,0,1,0,0,1,1,1,0,0,0,2,0,0,0,2,0,0,0,0,1,0,1,1,0,0,2,0,0,0,0,1,1,1,1,1,2,0,1,1,1,1,0,2,1,1,1,2,0,0,2,0,1,0,1,0,1,1,1,1,0,1,0,0,0,1,0,1,1,0,1,0,0,1,1,1,0,0,1,0,1,0,0,1,1,0,0,1,1,0,0,0,0,0,0,0,0,0,0,0,0,0,0,0,1,1,0,1,0,0,0,0,1,1,1,1,0,1,0,1,0,1,0,0,0,1,1,0,0,1,0,0,0,0,1,1,0,0,0,1,0,1,0,0,1,0,0,0,0,0,0,0,1,1,1,1,0,0,0,0,0,1,0,0,0,0,0,2,0,0,0,0,0,0,0,0,0,0,0,0,0,0,1,0,0,1,1,1,0,0,0,0,0,0,0,1,0,0,0,0,0,0,0,1,0,174,19
649,Male,0,6,645,21.2,1,1,0,1,1,1,2,2,2,2,2,1,0,0,0,1,1,0,2,0,1,0,2,0,1,0,1,0,0,0,2,0,0,1,1,0,0,0,1,0,0,1,1,0,0,0,0,1,1,1,1,1,1,1,1,1,1,2,2,1,1,0,1,1,1,1,0,0,1,1,0,0,0,1,1,0,0,0,2,0,1,1,0,0,1,0,2,0,0,0,0,0,0,1,2,1,0,1,1,1,1,1,1,0,1,1,1,1,0,1,0,1,2,1,1,0,1,0,1,0,0,1,1,0,1,1,0,0,0,2,1,1,1,0,1,1,1,1,1,0,1,2,0,0,0,1,1,0,0,0,0,0,1,1,1,0,0,1,1,0,1,0,1,0,0,1,0,0,0,0,0,1,0,0,0,0,0,0,1,0,0,2,0,0,1,1,0,2,1,1,1,0,0,1,0,0,0,0,0,0,0,0,0,1,0,0,0,0,0,0,0,0,1,0,0,1,0,0,1,1,1,0,0,0,2,0,0,0,2,0,0,0,0,1,0,1,1,0,0,2,0,0,0,0,1,1,2,1,1,2,1,1,1,2,2,0,2,1,1,1,2,0,0,2,0,1,0,1,0,1,1,1,1,0,2,0,0,0,2,0,1,1,0,1,0,0,1,1,1,0,0,1,1,1,0,0,1,1,0,0,1,1,0,1,0,0,0,1,1,0,1,0,0,0,0,1,0,1,1,0,1,0,0,0,0,2,1,1,1,0,1,0,2,0,1,0,0,0,1,1,0,0,1,0,0,0,0,1,1,0,0,0,1,0,1,0,0,1,0,0,0,0,0,0,0,1,1,2,1,0,0,0,0,0,1,0,0,0,0,0,2,0,0,0,0,0,0,0,0,2,2,0,0,0,0,1,0,0,1,1,1,1,1,0,0,0,0,0,1,0,2,0,0,0,0,0,1,0,196,37
649,Male,0,6,689,22.6,1,1,0,1,2,2,2,2,2,2,2,1,0,0,0,1,1,0,2,0,1,0,2,0,1,0,1,0,0,0,2,0,0,1,1,0,0,0,1,0,0,2,1,0,0,0,0,1,1,1,1,1,1,2,1,1,1,2,2,1,1,0,1,1,2,1,0,0,1,1,0,0,0,1,1,0,0,0,2,0,1,1,1,0,1,0,2,0,0,0,0,0,0,1,2,1,0,1,1,1,1,1,1,1,1,1,1,1,0,1,0,1,2,1,1,0,1,0,1,0,0,1,1,0,1,1,0,0,0,2,1,2,1,0,1,1,1,1,1,0,1,2,0,0,0,1,1,0,0,0,0,0,1,1,1,1,0,1,1,0,1,0,1,0,0,1,0,0,0,0,0,1,0,0,0,0,0,0,1,1,0,2,0,0,1,1,0,2,1,1,1,0,0,1,0,0,0,0,0,0,0,0,0,1,0,0,0,0,0,0,0,0,1,0,0,1,0,0,1,1,1,0,0,0,2,0,0,0,2,0,0,0,0,1,0,1,1,0,0,2,0,0,0,0,1,1,2,1,1,2,1,1,1,2,2,0,2,1,2,1,2,0,0,2,1,1,0,1,0,1,1,1,1,0,2,0,0,0,2,0,1,1,0,1,1,0,1,1,1,0,0,1,1,1,0,0,1,1,0,0,1,1,0,1,0,0,0,1,1,0,1,0,0,0,0,1,0,1,1,0,1,0,0,0,0,2,1,1,1,0,1,0,2,0,1,0,0,0,1,1,2,0,1,0,1,0,0,1,1,0,0,0,1,0,1,0,0,1,0,0,0,0,0,0,0,1,1,2,1,0,0,0,0,0,1,0,0,0,0,0,2,0,0,0,0,0,0,0,0,2,2,0,0,0,0,1,0,0,1,1,1,1,1,0,1,0,0,0,1,0,2,0,0,0,0,0,1,0,205,45
649,Male,0,6,717,23.6,2,2,0,2,2,2,2,2,2,2,2,1,0,0,0,1,1,0,2,0,2,0,2,0,1,1,1,1,1,0,2,0,0,1,1,1,0,0,1,0,0,2,1,0,1,0,0,2,1,2,2,1,2,2,1,1,2,2,2,1,1,2,1,1,2,1,0,0,1,1,0,2,0,1,1,0,0,0,2,0,1,1,1,0,1,0,2,0,1,0,0,0,0,1,2,1,0,2,2,2,1,1,1,1,1,1,1,1,1,1,0,2,2,1,1,0,1,0,1,0,0,1,1,0,1,1,0,1,0,2,1,2,1,0,1,1,1,1,1,0,1,2,0,0,0,1,1,0,0,0,0,0,1,1,1,1,0,1,1,0,1,0,1,0,0,1,0,0,1,0,0,1,0,0,0,0,0,0,1,1,0,2,0,0,1,1,0,2,1,1,1,0,0,1,0,0,2,0,0,0,0,2,0,1,1,0,0,1,0,0,0,0,1,0,0,1,0,0,1,2,1,0,1,0,2,0,0,0,2,0,0,0,0,1,0,2,2,0,0,2,0,0,0,0,1,1,2,1,1,2,2,1,1,2,2,0,2,2,2,1,2,0,1,2,1,1,0,1,0,1,1,1,1,0,2,0,0,0,2,0,1,1,0,1,1,0,1,1,1,0,0,1,1,1,0,0,2,1,0,0,1,1,0,1,0,0,0,1,1,0,1,0,0,0,0,1,1,1,1,1,1,0,0,0,0,2,1,1,1,1,1,0,2,1,1,0,0,0,1,1,2,0,1,0,1,0,0,1,1,0,1,0,1,1,1,0,0,1,1,0,0,0,0,0,0,1,1,2,1,0,0,0,0,0,1,0,0,0,0,0,2,0,0,0,0,0,0,0,0,2,2,1,0,0,0,1,0,0,1,1,1,1,1,0,1,1,0,0,1,0,2,0,0,0,0,0,1,0,231,68
649,Male,0,6,734,24.1,2,2,0,2,2,2,2,2,2,2,2,2,0,2,0,1,1,0,2,1,2,0,2,0,1,1,1,1,1,0,2,0,0,1,1,1,0,0,1,0,0,2,1,0,1,0,0,2,1,2,2,1,2,2,1,1,2,2,2,1,2,2,1,1,2,1,2,2,1,1,1,2,1,1,1,1,1,0,2,0,1,1,1,1,1,0,2,0,1,0,0,0,0,2,2,1,1,2,2,2,2,1,2,1,1,1,1,1,1,1,1,2,2,1,1,0,1,0,1,0,0,1,1,0,1,1,0,1,1,2,1,2,1,1,1,1,1,1,1,0,1,2,0,0,0,1,1,0,0,0,0,0,1,1,1,1,0,1,1,0,1,0,1,0,0,1,0,0,1,0,0,1,0,0,0,0,1,0,1,1,0,2,1,0,1,1,0,2,1,1,1,0,0,1,1,0,2,0,0,0,0,2,0,1,1,0,0,1,0,0,0,0,1,1,0,1,0,0,1,2,1,0,1,0,2,0,0,0,2,0,0,0,0,1,0,2,2,0,0,2,0,0,0,0,1,1,2,1,1,2,2,1,1,2,2,0,2,2,2,1,2,1,1,2,2,1,0,1,1,1,1,1,1,1,2,0,0,1,2,1,2,1,1,1,1,1,1,1,2,0,1,1,1,1,0,1,2,1,0,0,2,1,0,1,0,2,0,1,1,0,1,0,0,0,0,1,1,1,1,1,1,0,0,0,0,2,1,1,1,1,1,0,2,1,1,0,0,1,1,1,2,0,1,1,1,0,0,1,1,0,1,0,1,1,1,0,0,1,1,0,0,0,0,0,1,1,1,2,1,0,0,0,0,0,1,0,0,0,0,0,2,0,0,0,0,0,0,0,0,2,2,1,1,1,1,1,0,0,1,1,1,1,1,1,1,1,0,0,1,0,2,0,0,0,0,0,1,0,265,81
650,Male,0,3,452,14.9,0,0,0,0,0,1,0,0,2,2,1,0,0,0,0,0,0,0,0,1,1,0,1,0,1,0,1,0,0,0,0,0,0,1,1,0,0,0,0,0,0,0,0,0,0,0,0,0,1,0,0,0,0,1,0,0,0,1,0,0,1,0,0,0,0,0,0,1,1,0,0,0,0,0,0,0,0,0,1,0,0,1,0,0,0,0,0,0,0,0,0,0,0,0,0,0,0,0,0,0,0,0,0,0,0,0,0,0,0,0,0,1,0,0,0,0,0,0,0,0,0,1,0,0,0,0,0,0,0,1,0,0,0,0,1,0,1,0,0,0,0,0,0,0,0,0,0,0,0,0,0,0,0,0,0,0,0,0,0,0,0,0,0,0,0,0,0,0,0,0,0,0,0,0,0,0,0,0,0,1,0,0,0,0,0,0,0,0,0,0,0,0,0,1,0,0,0,0,0,0,0,0,0,0,0,0,0,0,0,0,0,0,0,0,0,0,0,0,0,0,0,0,0,0,0,0,0,0,0,0,0,0,0,0,0,0,0,0,0,1,0,0,0,0,1,0,0,1,0,1,0,0,0,1,0,0,0,0,0,0,0,0,0,0,0,0,0,0,0,0,0,0,0,0,1,0,1,0,1,0,0,1,0,0,0,0,0,0,0,0,0,0,0,1,0,0,0,0,0,0,0,0,0,1,0,0,0,0,0,0,0,0,0,0,0,1,0,0,0,0,0,1,0,0,0,0,0,1,0,0,0,0,1,0,0,0,0,0,0,0,0,0,0,0,0,0,0,0,0,0,0,0,0,0,0,0,0,0,0,0,0,0,0,0,0,0,0,0,0,0,0,0,0,0,1,0,0,0,0,0,0,0,0,0,0,0,0,0,0,0,0,0,0,0,0,0,0,0,0,0,0,0,0,0,0,0,0,0,0,0,0,0,0,0,0,0,0,0,42,2
650,Male,0,3,488,16,0,0,0,0,0,1,0,1,2,2,1,0,0,0,0,1,0,0,1,1,1,0,1,0,1,1,1,0,0,0,0,0,0,1,1,0,0,0,0,0,0,0,0,0,0,0,0,0,1,0,0,0,0,1,0,0,0,1,0,0,1,0,0,0,0,0,0,1,1,0,0,1,0,0,0,0,0,0,1,0,0,1,0,0,1,0,1,0,0,0,0,0,0,0,0,0,0,0,0,0,0,0,0,0,0,0,0,0,0,0,0,1,0,0,0,0,0,0,1,0,0,1,0,0,0,1,0,0,0,1,0,1,0,0,1,0,1,0,0,0,0,1,0,0,0,0,0,0,0,0,0,0,0,0,0,0,0,0,0,0,1,0,0,0,0,0,0,0,0,0,0,0,0,0,0,0,0,0,0,1,0,0,0,0,0,0,0,0,0,0,0,0,0,1,0,0,0,0,0,0,0,0,0,0,0,0,0,0,0,0,0,0,0,0,0,0,0,0,0,0,0,1,0,0,0,0,0,0,2,0,0,0,0,0,0,0,0,0,0,2,0,0,0,0,1,0,0,1,0,1,0,0,0,1,1,0,0,0,0,0,0,0,0,0,0,0,0,0,0,0,0,0,0,0,1,0,1,0,1,0,0,1,0,0,0,0,0,0,0,0,0,0,0,1,0,0,0,0,0,0,0,0,0,1,0,0,0,0,0,0,0,0,0,0,0,1,0,0,0,0,0,1,0,0,0,0,0,1,0,0,0,0,1,0,0,0,0,0,0,0,0,0,0,0,0,0,0,0,0,0,0,0,0,1,0,0,0,0,0,0,0,0,0,0,0,0,0,0,0,0,0,0,0,0,1,0,0,0,0,0,0,0,0,0,0,0,0,0,0,0,0,0,0,0,0,0,0,0,0,0,0,0,0,0,0,0,0,0,0,0,0,0,0,0,0,0,0,0,58,4
650,Male,0,3,558,18.3,1,1,0,1,2,2,0,2,2,2,1,0,1,1,1,1,1,0,1,1,1,0,1,0,1,1,1,0,1,0,1,0,0,1,1,1,1,1,1,0,0,1,0,0,1,0,0,1,1,1,0,0,1,1,1,0,1,1,1,1,1,2,0,0,1,1,1,1,1,1,1,1,1,0,1,0,0,0,1,0,1,1,1,0,1,0,1,0,1,1,1,0,0,1,1,0,0,0,1,1,0,0,1,0,1,1,1,1,0,0,0,1,0,1,0,0,0,0,1,0,1,1,0,1,1,1,0,1,0,1,0,1,1,0,1,0,1,0,1,0,1,1,0,1,0,0,0,0,1,1,0,1,0,1,1,0,0,1,1,0,1,1,1,0,0,1,0,1,1,0,0,1,1,0,1,0,0,0,1,1,0,1,1,1,1,0,1,1,0,0,0,0,0,1,0,0,0,1,0,1,0,1,1,1,0,0,0,1,0,1,1,0,1,1,0,0,0,0,1,1,1,1,0,0,0,0,0,0,2,0,0,0,0,0,0,0,0,0,0,2,0,0,0,0,1,1,2,1,1,1,1,1,0,1,1,0,0,1,0,0,1,1,0,1,0,0,0,0,0,0,0,0,0,1,1,0,1,0,1,0,0,1,0,0,0,0,0,0,0,0,0,1,0,1,0,0,0,1,0,0,0,0,0,1,1,0,0,0,1,0,0,0,0,0,0,1,1,1,0,1,0,1,1,0,0,0,0,1,1,0,0,0,1,0,0,0,0,0,0,0,0,0,1,0,0,0,0,1,0,0,1,0,0,1,0,0,0,0,0,0,0,1,0,0,0,0,0,1,1,1,0,0,0,0,1,0,0,0,0,0,0,0,0,0,0,0,0,0,0,0,0,0,0,0,0,0,0,0,0,0,0,0,0,0,0,0,0,0,0,0,0,0,0,0,0,0,0,0,173,9
651,Male,0,4,271,8.9,2,0,0,0,0,0,1,0,1,0,0,1,0,0,0,0,0,0,0,0,0,0,0,0,0,0,0,0,0,0,0,0,0,0,0,0,0,0,0,0,0,0,0,0,0,0,0,0,0,0,0,0,0,0,0,0,0,0,0,0,0,0,0,0,1,1,0,0,0,0,0,0,0,0,0,0,0,0,0,0,0,0,0,0,0,0,0,0,0,0,0,0,0,0,0,0,0,0,0,0,0,0,0,0,0,0,0,0,0,0,0,0,0,0,0,0,0,0,0,0,0,1,0,0,0,1,0,0,0,0,0,0,0,0,1,0,1,0,0,0,1,0,0,0,1,0,0,0,0,0,0,0,0,0,0,0,0,0,0,0,0,0,0,0,0,0,0,0,0,0,0,0,0,0,0,0,0,0,0,0,0,1,0,0,0,0,1,0,0,0,0,0,0,0,0,1,0,0,0,0,0,0,0,0,0,0,0,0,0,0,0,0,0,0,0,0,0,0,0,0,1,0,0,1,0,0,0,0,2,0,0,0,0,0,0,0,0,0,0,2,1,0,0,0,1,1,1,1,0,1,1,1,1,1,0,0,1,0,1,0,0,0,0,0,0,0,0,0,0,0,0,0,0,0,1,0,0,0,0,0,0,0,0,0,0,0,0,0,0,0,0,0,0,0,0,0,0,0,0,0,0,1,0,0,0,0,0,0,0,0,0,0,1,0,0,0,0,1,0,0,0,0,0,0,0,0,0,0,0,0,0,0,0,0,0,0,0,0,0,0,0,0,0,0,0,0,0,0,0,0,0,0,0,0,0,0,0,0,0,0,0,0,0,0,0,0,0,0,0,0,0,0,0,0,0,0,0,0,0,0,0,0,0,0,0,0,0,0,0,0,0,0,0,0,0,0,0,0,0,0,0,0,0,0,0,0,0,0,0,0,0,0,0,0,0,0,0,0,35,3
651,Male,0,4,354,11.6,2,0,0,0,1,1,1,1,2,0,0,1,0,1,0,0,1,0,1,0,0,0,1,0,1,0,0,1,0,0,0,0,0,0,1,0,0,0,1,0,1,0,1,0,0,0,0,1,0,0,0,0,1,1,0,1,0,0,1,1,1,1,0,0,1,1,1,1,1,1,0,0,0,1,1,0,0,0,1,1,0,1,0,0,1,0,1,0,0,0,0,0,0,1,0,0,0,0,1,0,1,1,1,1,1,0,0,0,0,0,0,0,0,1,1,1,0,0,1,0,1,1,1,0,0,1,0,1,0,0,0,0,0,1,1,0,1,0,0,0,1,0,1,0,1,0,0,0,0,0,0,0,0,0,0,0,0,0,0,0,0,0,0,0,0,0,0,0,0,0,0,1,0,0,0,0,0,0,0,0,0,1,0,0,1,0,1,0,0,0,1,0,0,0,0,1,0,0,0,0,0,0,0,0,0,0,0,0,0,0,0,0,0,0,0,0,0,0,1,0,1,1,0,1,1,0,0,0,2,0,0,0,0,0,0,2,1,0,0,2,2,0,0,0,1,1,1,1,1,1,1,1,1,1,1,0,1,0,1,1,0,1,0,1,1,0,0,0,1,0,0,0,1,0,1,0,0,0,1,0,0,0,0,0,0,0,0,0,0,0,0,0,0,1,0,0,1,1,0,1,0,1,0,1,1,0,0,0,0,0,0,1,1,0,0,0,0,1,1,0,1,0,0,0,0,0,1,1,0,0,1,0,0,0,0,0,0,0,1,0,0,0,0,0,0,0,0,0,1,0,0,0,0,0,0,0,0,1,0,0,0,0,0,0,0,1,0,0,0,0,0,0,0,0,0,0,0,0,0,1,1,0,0,0,0,0,0,0,0,0,1,0,0,0,0,0,0,0,0,0,0,0,0,0,0,0,0,0,0,0,0,0,0,0,0,0,0,0,119,6
651,Male,0,4,480,15.8,2,0,0,0,1,1,1,2,2,0,1,1,0,1,0,1,0,0,1,0,1,0,1,0,1,0,0,1,0,0,0,0,0,0,1,0,0,0,1,0,1,0,1,0,0,0,0,1,0,0,1,0,1,1,0,1,0,0,1,1,1,1,0,1,1,1,1,1,1,1,0,1,1,1,1,1,0,0,1,1,1,1,0,0,1,0,1,0,0,0,0,0,1,1,0,0,0,0,1,0,1,1,1,1,1,0,1,1,0,1,0,0,0,1,1,1,0,0,1,0,1,1,1,1,1,1,0,1,0,1,0,1,1,1,1,0,1,1,0,0,1,1,1,0,1,0,0,0,0,0,0,1,0,1,0,1,1,0,0,0,0,0,0,0,0,0,0,0,0,0,0,1,0,0,0,0,0,0,0,0,0,1,0,0,1,1,1,1,0,0,1,0,0,0,0,1,0,0,0,0,0,0,0,0,0,0,0,0,0,0,0,0,0,0,0,0,0,0,1,1,1,1,0,1,1,0,0,0,2,0,0,0,0,0,0,2,1,0,0,2,2,1,0,1,1,1,1,1,1,1,1,1,1,1,1,0,1,0,1,1,1,1,0,1,1,0,0,0,1,0,0,0,1,1,1,0,0,0,1,0,0,1,0,0,1,0,0,0,1,0,0,0,1,1,1,0,1,1,0,1,1,1,0,1,1,0,0,0,1,1,0,1,1,0,1,0,0,1,1,1,1,0,0,0,0,0,1,1,1,1,1,0,0,0,0,0,0,0,1,1,0,0,0,0,0,0,0,1,1,0,0,0,0,1,0,0,0,1,0,0,0,0,1,0,0,1,0,1,1,0,0,0,2,0,0,2,0,0,0,1,1,1,0,0,0,0,0,0,0,0,1,0,2,2,1,0,1,1,1,1,0,0,0,1,0,0,0,0,0,0,1,0,0,0,0,0,1,1,181,11
651,Male,0,4,549,18,2,0,0,0,1,1,1,2,2,1,1,1,1,1,0,1,1,0,2,0,1,0,1,0,1,0,0,1,0,0,0,0,0,1,1,0,0,0,1,0,1,0,1,0,1,0,0,1,0,0,1,0,1,2,0,1,0,1,1,1,1,1,0,1,1,1,1,1,1,1,0,1,1,1,1,1,0,0,1,1,1,1,0,0,1,0,1,0,0,0,0,0,1,1,0,0,0,0,1,1,1,1,1,1,1,1,1,1,0,1,0,1,1,1,1,1,1,0,2,0,1,1,1,1,1,1,0,1,0,1,0,1,1,1,1,0,1,1,1,0,1,1,1,0,1,1,0,0,0,1,0,1,0,1,1,1,1,0,0,0,0,1,1,0,0,0,0,0,0,0,0,1,1,0,0,0,0,0,0,0,0,1,0,0,1,1,1,1,0,0,1,0,0,0,0,1,0,0,0,0,0,1,0,1,0,0,0,0,0,0,0,0,0,0,0,0,0,0,1,1,1,1,0,1,1,0,0,0,2,0,0,0,0,0,0,2,1,0,0,2,2,1,0,1,1,1,1,1,1,1,1,1,1,1,1,0,1,0,1,1,1,1,0,2,1,0,0,1,1,0,1,0,1,1,1,0,1,0,1,0,0,1,0,1,1,0,0,1,1,0,0,0,1,1,1,0,1,1,0,1,1,1,0,1,1,0,0,0,1,1,0,1,1,0,1,0,0,1,1,1,1,0,0,0,0,0,1,1,1,1,1,0,0,0,0,0,0,0,1,1,0,0,0,0,0,0,0,1,1,0,0,0,0,1,0,0,0,1,0,0,0,0,1,0,0,1,0,1,1,0,0,0,2,0,0,2,0,0,0,1,1,1,0,0,0,0,0,0,0,0,1,0,2,2,1,0,1,1,1,1,0,1,1,1,0,1,1,0,0,0,1,0,0,0,0,0,1,1,210,15
653,Male,0,3,609,20,2,2,1,2,1,2,0,2,2,1,2,0,1,2,2,2,1,1,2,2,2,0,2,1,1,1,2,2,1,0,1,0,0,2,2,2,1,2,2,0,0,2,2,0,1,0,1,2,1,1,0,1,2,2,1,1,1,2,2,0,1,2,1,1,1,1,2,2,1,1,0,1,2,1,1,0,1,0,1,2,2,1,1,1,1,0,2,1,0,2,0,1,1,0,0,1,1,0,1,1,1,0,1,1,1,1,1,1,1,1,0,1,1,1,1,0,0,0,1,0,0,2,0,0,0,1,0,0,0,2,0,1,1,0,1,1,2,1,1,0,1,2,0,0,1,1,0,0,0,0,0,1,1,1,1,1,1,1,0,0,2,1,1,2,1,0,0,0,2,0,1,1,1,0,1,0,1,1,1,1,0,1,1,0,2,0,1,1,1,0,0,2,0,1,1,0,0,0,0,0,0,0,0,1,0,0,0,0,0,0,0,1,0,0,0,0,0,0,2,1,1,0,1,0,2,1,0,1,2,0,0,0,0,1,1,1,1,1,1,2,0,0,0,0,1,1,2,1,1,1,1,1,1,1,2,0,1,1,0,1,1,0,1,2,1,0,0,1,0,0,1,0,0,1,1,0,1,1,1,1,0,1,1,0,1,0,1,1,1,0,0,0,1,1,0,0,0,1,0,0,1,1,0,1,1,0,0,0,1,0,1,0,0,1,0,0,1,1,0,0,1,1,1,1,0,0,0,1,1,1,0,0,2,0,1,0,2,0,1,0,0,0,1,0,1,0,0,1,1,1,0,0,1,0,0,0,0,0,0,0,0,1,1,0,0,0,0,0,1,0,1,0,0,0,1,1,0,0,0,0,0,0,0,0,0,0,0,0,0,0,0,0,0,0,0,0,1,0,1,0,1,0,0,1,0,0,0,0,2,0,2,0,1,0,0,0,0,0,228,56
653,Male,0,3,652,21.4,2,2,1,2,1,2,0,2,2,1,2,0,1,2,2,2,2,2,2,2,2,0,2,1,2,2,2,2,1,0,1,0,0,2,2,2,2,2,2,0,0,2,2,0,1,0,1,2,1,1,1,1,2,2,1,1,2,2,2,0,2,2,1,1,2,1,2,2,2,1,0,2,2,1,2,0,1,0,1,2,2,1,2,1,2,0,2,2,1,2,0,2,2,2,0,1,1,0,2,2,1,2,2,2,2,2,2,1,1,1,0,2,2,2,2,1,0,0,1,0,1,2,1,0,0,1,0,1,0,2,0,2,1,0,1,2,2,2,2,1,1,2,0,0,1,1,0,1,1,0,0,1,1,1,1,1,1,1,1,0,2,2,1,2,1,0,0,1,2,0,2,1,1,0,1,1,1,1,1,2,0,1,1,1,2,0,1,1,1,0,1,2,0,1,1,0,0,0,0,1,0,1,0,1,0,2,0,0,0,1,1,1,1,0,0,0,0,0,2,1,1,1,1,0,2,1,0,1,2,0,0,0,1,1,1,1,1,1,2,2,0,0,0,0,1,1,2,2,1,2,1,1,1,1,2,0,1,1,1,1,1,0,1,2,1,0,0,1,0,0,1,1,1,1,2,0,1,1,2,1,0,1,1,0,1,1,1,1,1,0,0,2,1,2,0,0,1,1,0,0,1,1,0,1,1,1,1,1,1,0,1,1,0,1,0,1,1,1,1,0,1,1,1,1,1,0,1,1,1,1,0,0,2,0,1,2,2,0,1,1,1,1,1,0,1,0,0,1,1,1,1,0,1,1,0,1,0,1,0,0,0,2,1,0,0,0,0,0,1,0,1,0,0,0,1,1,0,0,0,0,1,0,0,0,0,0,0,0,0,0,0,0,0,0,0,0,1,0,1,0,1,1,2,1,0,0,2,0,2,0,2,0,1,0,0,0,0,0,278,104
653,Male,0,3,704,23.1,2,2,1,2,1,2,1,2,2,1,2,1,2,2,2,2,2,2,2,2,2,0,2,2,2,2,2,2,2,0,2,1,1,2,2,2,2,2,2,0,1,2,2,2,2,0,1,2,1,2,2,2,2,2,2,2,2,2,2,1,2,2,2,2,2,2,2,2,2,2,2,2,2,2,2,1,2,2,2,2,2,2,2,1,2,2,2,2,2,2,2,2,2,2,2,2,2,2,2,2,2,2,2,2,2,2,2,2,2,2,2,2,2,2,2,2,2,2,2,1,2,2,1,2,2,2,1,2,2,2,2,2,2,2,2,2,2,2,2,2,2,2,1,2,2,2,1,1,2,1,0,2,2,2,2,2,2,2,2,0,2,2,2,2,2,1,1,1,2,1,2,2,2,2,2,2,2,2,2,2,1,2,2,2,2,2,2,2,2,1,2,2,2,2,1,1,2,2,2,2,2,2,1,2,1,2,1,1,0,2,1,1,1,1,1,2,2,1,2,2,2,2,2,2,2,2,2,2,2,2,2,2,2,2,2,2,2,2,2,2,0,2,2,2,2,2,2,2,2,2,2,2,2,2,2,1,2,2,2,2,1,2,2,2,2,2,2,2,2,2,2,2,2,2,2,2,2,2,2,2,2,2,2,1,2,2,2,2,2,2,2,2,2,2,2,2,2,2,1,2,2,2,2,2,2,2,2,2,2,2,2,2,2,2,2,2,2,2,2,2,2,2,2,2,2,2,2,2,2,2,2,2,2,2,2,2,2,2,2,2,2,2,2,1,2,1,1,2,1,2,2,1,2,1,2,2,0,1,2,0,0,2,2,1,2,1,1,1,1,2,2,1,1,0,1,1,0,1,2,2,2,1,1,1,1,0,0,0,0,2,2,0,0,0,0,0,2,2,2,0,2,2,2,1,0,0,2,2,2,2,2,2,1,0,0,0,0,2,389,324
655,Male,0,3,479,15.7,0,0,0,0,1,0,0,0,0,1,0,0,0,0,0,0,0,0,1,0,0,0,1,0,0,0,0,0,0,0,0,0,0,0,0,0,0,0,0,0,0,0,0,0,0,0,0,0,0,0,0,0,0,1,0,1,0,0,0,0,1,0,0,0,0,0,0,0,0,0,0,0,0,0,0,0,0,0,1,0,0,0,0,0,0,0,1,0,0,0,0,0,0,0,0,0,0,0,0,0,0,0,0,0,0,0,0,1,0,0,0,0,0,0,0,0,0,0,0,0,0,1,0,0,0,0,0,0,0,1,0,1,0,0,0,0,0,0,0,0,0,0,0,0,0,0,0,0,0,0,0,0,0,0,0,0,0,0,0,0,0,0,0,0,0,0,0,0,0,0,0,1,0,0,0,0,0,0,0,0,0,0,0,0,0,0,0,0,0,0,0,0,0,0,0,0,0,0,0,0,0,0,0,0,0,0,0,0,0,0,0,0,0,0,0,0,0,0,0,0,0,0,0,0,0,0,0,0,2,0,0,0,0,0,0,0,0,0,0,1,0,0,0,0,0,0,1,0,0,1,0,0,0,0,1,0,1,0,0,0,0,0,0,2,0,0,0,0,0,0,0,0,1,0,0,0,0,0,1,0,0,0,0,0,0,0,0,0,0,0,0,0,0,0,0,0,0,0,0,0,0,0,0,0,0,0,0,0,0,0,0,0,0,0,0,0,0,0,0,0,0,0,0,0,0,0,0,0,0,0,0,0,1,0,0,0,0,0,0,1,0,0,0,0,0,0,0,0,0,0,0,0,0,0,0,0,0,0,0,0,0,0,0,0,0,0,0,0,0,0,0,0,0,0,1,0,0,0,0,0,0,0,0,0,0,0,0,0,0,0,0,0,0,0,0,0,0,0,0,0,0,0,0,1,0,0,0,0,0,0,1,0,0,0,0,0,0,0,28,2
655,Male,0,3,543,17.9,0,0,0,0,1,0,0,1,0,1,1,1,0,1,1,1,1,1,1,1,1,0,2,1,1,1,0,1,0,0,1,1,0,1,1,1,1,0,1,0,0,1,1,0,0,0,0,0,1,0,1,0,1,1,0,1,1,1,1,1,1,0,0,0,0,0,1,1,0,1,0,0,0,0,0,1,0,0,1,0,0,1,0,0,0,0,1,1,0,0,0,0,0,0,1,0,1,0,1,1,0,1,1,0,1,1,1,1,1,0,0,0,1,1,1,0,0,0,1,0,0,1,0,0,0,1,1,0,0,1,0,1,0,0,1,0,1,0,0,0,1,0,0,0,1,0,0,0,0,0,0,0,0,0,0,0,0,0,0,0,0,0,1,0,0,0,0,0,0,0,0,1,1,0,0,0,0,0,0,1,0,1,0,0,0,0,0,0,0,0,0,1,0,0,0,0,0,0,0,0,0,0,0,0,0,0,0,0,0,0,0,0,0,0,0,0,0,0,0,0,0,0,0,0,0,0,0,0,2,0,1,0,0,0,0,1,1,0,0,2,0,0,0,0,0,0,1,0,0,1,0,0,1,0,2,0,1,0,0,0,0,0,0,2,0,0,0,0,0,0,0,0,1,1,1,0,0,0,1,0,0,1,0,0,1,0,0,1,0,0,0,1,0,0,0,0,0,1,0,0,0,0,0,1,0,0,0,0,0,0,0,0,0,0,0,1,0,0,0,0,1,0,0,0,0,0,0,0,0,0,0,0,1,0,0,0,0,0,0,1,1,0,0,0,0,0,0,0,1,0,0,0,1,1,0,0,0,0,0,0,0,0,0,0,0,0,0,1,1,0,0,0,0,0,1,0,0,0,0,0,0,0,0,0,0,0,0,0,0,0,0,0,0,0,0,0,0,0,0,0,0,0,0,1,0,0,1,0,0,0,1,0,0,0,0,0,0,0,110,5
655,Male,0,3,640,21,2,1,0,0,1,2,0,2,0,1,1,2,0,2,2,1,1,1,2,1,2,0,2,1,2,1,1,2,1,0,1,1,0,1,2,1,2,0,2,0,1,1,1,0,0,0,0,1,1,2,1,1,1,2,1,1,1,2,1,2,2,0,0,0,1,1,2,2,1,1,0,2,1,0,0,1,0,0,1,2,1,1,0,0,0,2,2,2,0,2,0,0,2,1,1,1,1,0,2,2,0,1,1,1,1,1,1,1,2,1,0,2,2,1,1,2,2,0,2,0,0,1,0,0,0,1,1,0,0,1,0,1,0,0,1,0,1,0,1,1,2,2,0,0,1,0,1,0,0,1,0,0,0,0,1,0,1,0,0,0,1,0,1,2,0,1,0,0,1,0,1,1,2,0,0,1,0,1,1,1,1,1,1,0,0,0,0,2,1,0,0,1,0,1,0,0,2,1,0,0,0,2,0,1,0,0,1,0,0,0,0,0,1,0,0,0,0,0,1,1,1,0,1,0,2,1,0,0,2,0,1,0,0,0,1,1,1,0,0,2,0,0,0,0,1,1,2,1,1,2,0,1,1,0,2,0,1,0,0,2,0,0,0,2,0,0,0,1,0,0,0,0,1,1,1,0,0,0,1,0,0,2,0,0,1,1,0,1,0,0,0,1,0,1,0,0,1,1,0,0,0,1,0,1,0,0,0,0,0,0,0,0,0,0,0,1,0,1,0,0,1,1,1,0,0,1,0,1,1,0,0,0,1,0,0,0,0,0,0,1,2,2,1,0,1,0,0,1,1,1,2,0,1,1,0,0,0,0,0,0,0,2,0,0,0,0,0,1,1,2,2,0,0,0,1,0,0,0,1,0,0,0,0,0,0,0,0,0,0,0,0,0,0,0,0,0,0,0,0,1,0,0,0,2,0,0,2,0,1,1,2,0,0,0,0,0,0,0,200,61
656,Male,0,2,529,17.4,0,0,0,1,0,0,0,1,0,1,1,0,0,0,0,0,0,0,2,0,0,0,2,0,0,0,0,0,0,0,0,0,0,0,0,0,0,0,0,0,0,0,0,0,0,0,0,0,0,0,0,0,0,2,0,0,0,0,0,2,2,0,0,0,0,0,1,1,1,0,0,0,0,0,0,0,0,0,1,0,0,1,0,0,1,0,0,0,0,0,0,0,0,0,0,0,0,0,0,0,0,0,1,0,0,0,0,0,0,1,0,0,0,1,0,0,0,0,0,0,0,0,1,0,0,1,0,1,0,1,0,0,0,0,0,0,0,0,0,0,0,1,0,0,0,0,0,0,0,0,0,0,0,0,0,1,0,0,0,0,0,0,1,0,0,0,0,0,1,0,0,0,1,0,0,0,0,0,0,0,0,1,0,0,0,1,1,0,0,0,0,0,0,1,1,0,0,0,0,0,0,0,0,0,0,0,0,0,0,0,0,0,0,0,0,0,0,0,1,0,1,1,0,0,0,0,0,0,2,0,0,0,0,0,0,0,0,0,0,2,0,0,0,0,1,0,1,1,1,1,1,0,0,1,1,1,1,1,1,0,1,1,0,1,0,0,0,0,0,0,0,0,0,0,1,0,0,0,1,0,0,1,0,0,0,0,0,0,0,0,0,0,0,0,0,0,0,0,0,1,2,1,0,0,1,0,0,0,0,0,0,0,0,1,0,0,0,1,1,0,1,1,0,0,0,0,0,0,0,0,0,0,1,0,1,1,0,0,0,0,0,0,0,0,0,0,0,0,1,0,1,0,0,1,0,0,0,0,0,0,0,0,0,0,0,0,1,0,1,0,0,0,0,0,0,0,0,0,0,0,0,0,0,0,0,0,0,0,0,0,0,0,0,0,0,0,0,0,0,0,0,0,0,0,0,0,0,0,0,0,0,0,0,0,0,0,0,0,72,8
656,Male,0,2,596,19.6,1,0,0,1,2,0,0,1,2,1,1,0,0,0,2,0,0,0,2,0,0,0,2,0,0,0,0,0,0,0,0,0,0,0,1,0,0,0,2,0,0,2,0,0,1,0,0,0,0,1,0,0,0,2,0,0,0,1,0,2,2,0,0,0,0,0,1,1,1,0,0,0,0,0,0,0,0,0,2,0,0,1,0,0,2,0,2,1,0,0,0,0,0,1,0,0,0,0,0,0,0,1,1,0,0,0,0,0,0,1,0,0,0,1,1,0,1,0,1,0,0,2,1,0,0,1,0,1,0,1,0,1,1,0,2,1,0,1,0,0,1,1,0,0,1,0,0,0,0,0,0,0,0,1,0,1,1,0,0,0,0,1,1,0,0,0,0,0,1,0,0,0,1,0,1,0,0,0,0,1,0,1,0,0,0,1,1,0,0,0,0,0,0,1,1,0,0,0,0,0,0,1,0,0,0,0,0,0,0,0,0,0,0,0,0,0,0,0,1,0,1,1,0,1,0,0,0,0,2,0,0,0,0,0,0,1,1,0,0,2,0,0,0,1,1,1,1,1,1,1,1,1,1,1,1,1,1,1,1,0,1,1,0,1,0,0,0,0,0,0,0,0,0,0,1,0,0,0,1,0,0,1,0,0,0,0,0,1,0,0,0,0,0,1,0,0,0,0,0,1,2,1,0,0,1,0,0,0,0,0,0,0,0,1,0,0,0,1,1,0,1,1,0,0,0,0,0,0,0,0,0,0,1,0,1,1,0,0,1,0,0,0,1,0,1,0,0,1,1,2,1,0,0,1,0,0,0,0,1,0,0,2,0,0,0,1,1,1,1,0,0,0,1,0,0,0,0,0,0,0,0,1,0,0,0,0,0,0,0,0,0,0,0,0,0,0,0,0,0,0,0,0,0,0,0,0,2,0,0,0,0,0,0,0,0,0,0,0,124,21
657,Female,0,3,527,17.3,1,0,0,0,1,1,1,1,1,0,1,0,0,0,0,1,0,0,1,0,0,0,1,0,1,0,0,0,0,0,0,0,0,0,0,0,0,0,1,0,1,1,0,0,0,0,0,0,0,0,0,0,0,1,0,0,0,1,1,0,1,1,1,0,1,1,1,1,0,1,0,0,0,0,1,0,1,0,0,1,0,0,0,0,0,0,1,0,0,0,0,0,0,0,1,0,1,0,1,1,0,1,0,1,1,1,1,0,0,0,0,1,1,0,1,1,0,0,1,0,0,1,1,0,0,1,0,1,0,1,0,0,1,0,1,1,1,1,0,0,1,1,0,0,1,0,0,0,0,0,0,0,0,0,0,0,1,0,0,0,0,0,0,1,1,0,0,0,0,0,0,0,0,0,0,0,0,0,1,1,0,1,0,0,1,1,0,0,1,0,0,0,0,1,1,0,1,0,0,0,0,1,0,1,0,0,0,1,0,0,0,0,0,0,0,0,0,0,1,0,1,1,0,0,1,0,0,0,1,0,0,0,0,1,0,1,1,0,0,1,0,0,0,0,1,0,2,0,0,2,1,1,0,0,1,0,1,2,1,1,1,1,0,2,0,0,0,0,0,0,0,0,0,1,1,0,0,0,0,0,0,1,0,1,0,0,0,0,0,0,0,0,0,1,0,0,0,0,0,0,1,0,0,0,1,1,1,0,1,0,0,0,0,0,0,0,1,1,1,1,1,1,1,0,0,1,1,1,1,1,0,0,1,0,0,0,0,0,1,0,1,0,0,0,1,0,0,1,1,0,0,0,1,1,0,0,0,0,0,0,0,0,0,0,0,0,0,1,0,0,0,0,0,0,0,0,0,0,0,0,0,0,0,0,0,0,0,0,0,0,0,0,0,0,0,0,0,0,0,0,0,1,1,0,0,0,0,0,1,0,1,0,0,0,0,0,0,0,128,4
657,Female,0,3,597,19.6,2,0,1,0,1,2,1,1,1,0,2,0,0,0,0,1,1,1,1,1,1,0,1,0,1,1,1,0,0,0,1,0,0,0,0,1,0,0,1,0,1,1,0,0,0,0,0,0,0,0,0,0,0,1,0,1,1,1,1,0,1,1,1,0,1,1,1,1,0,1,0,0,0,0,1,1,1,0,1,1,0,0,0,0,0,0,1,0,1,1,1,0,1,1,1,1,1,0,1,1,0,1,1,1,1,1,1,1,1,1,0,1,1,1,1,1,0,0,1,1,1,1,1,0,0,1,0,1,0,1,0,1,1,1,1,1,1,1,1,1,1,1,0,0,1,0,0,0,1,0,0,0,1,1,1,1,1,0,0,0,0,0,1,1,1,1,0,0,0,0,0,1,1,0,0,0,0,0,1,1,0,1,0,0,1,1,0,0,1,0,0,0,1,1,1,0,1,1,0,1,0,1,0,1,1,0,0,1,0,0,0,0,1,0,0,0,0,0,1,1,1,1,0,0,1,1,0,0,1,0,0,0,0,1,0,1,1,0,0,1,0,0,0,0,1,1,2,1,1,2,1,1,0,1,1,0,1,2,1,1,1,1,0,2,0,0,0,0,0,0,0,0,1,1,1,0,1,1,0,1,1,1,1,1,0,0,0,0,0,0,0,0,0,1,0,0,0,1,0,1,1,0,0,1,1,1,1,0,1,0,0,0,0,0,0,0,1,1,1,1,1,1,1,0,0,1,1,1,1,1,0,0,1,0,0,0,0,0,1,1,1,0,1,0,1,0,0,1,1,0,0,0,1,1,0,0,0,1,1,0,1,0,0,0,0,0,0,1,1,0,0,0,0,0,1,0,0,0,0,0,0,0,0,0,0,0,0,0,0,0,1,0,0,0,0,0,1,1,0,0,0,1,1,0,0,0,1,0,1,0,1,0,0,1,0,0,0,0,199,7
657,Female,0,3,633,20.8,2,0,1,0,1,2,1,2,1,0,2,0,1,0,1,1,1,1,1,1,2,0,1,1,1,1,1,1,1,0,1,0,1,1,1,1,0,0,1,0,1,1,1,0,1,0,1,1,0,0,1,0,0,1,0,1,1,1,1,0,1,1,1,1,1,1,1,1,1,1,0,0,1,0,1,1,1,0,1,1,0,0,0,0,1,0,1,0,1,1,1,0,1,1,1,1,1,0,1,1,0,1,1,1,1,1,1,1,1,1,0,1,1,1,1,1,0,0,1,1,1,1,1,0,0,1,0,1,0,1,0,1,1,1,1,1,1,1,1,1,1,1,0,0,1,1,0,0,1,0,0,0,1,1,1,1,1,0,0,0,1,1,1,1,1,1,0,0,2,0,0,1,1,0,0,1,0,1,1,1,0,1,0,0,1,1,0,0,1,0,1,0,1,1,1,0,1,1,0,1,0,1,0,1,1,0,0,1,0,0,0,0,1,1,1,0,0,0,1,1,1,1,1,0,1,1,0,0,2,0,0,0,0,1,0,1,1,0,0,2,0,0,0,0,1,1,2,1,1,2,1,1,0,1,1,0,1,2,1,1,1,1,0,2,1,1,0,0,0,0,0,0,1,1,1,0,1,1,1,1,1,1,1,1,0,1,1,1,1,0,0,1,0,1,1,1,0,1,0,1,1,0,0,1,1,1,1,0,1,0,1,0,0,0,1,1,1,1,1,1,1,1,1,0,0,1,1,1,1,1,1,0,1,0,0,0,0,1,1,1,1,0,1,0,1,0,0,1,1,0,0,0,1,1,0,0,0,1,1,0,1,0,0,0,0,0,0,1,1,0,0,0,1,0,1,0,0,0,1,0,0,0,0,0,0,0,0,0,0,0,1,0,0,0,1,0,1,1,0,0,0,1,1,0,0,0,1,0,1,0,1,0,0,1,0,0,0,0,244,12
660,Male,0,2,470,15.5,0,0,0,0,0,0,1,1,1,0,0,0,0,0,0,0,1,0,0,0,0,0,0,0,1,0,0,0,0,0,0,0,0,0,0,0,0,0,0,0,0,0,0,0,0,0,0,0,0,0,0,0,0,1,1,1,1,1,0,0,1,0,0,0,0,0,0,0,1,0,0,0,0,1,1,0,1,0,1,0,0,1,0,0,0,0,1,0,0,0,0,0,0,0,1,0,0,0,0,0,0,0,0,0,1,0,0,0,0,0,0,0,1,0,0,0,0,0,0,0,0,0,0,0,0,1,0,0,0,0,0,1,0,0,1,0,1,1,0,0,0,0,0,0,0,0,0,0,0,0,0,0,0,0,1,1,0,0,0,0,0,0,0,0,0,0,0,0,0,0,0,0,0,0,0,0,0,0,0,0,0,0,0,0,0,0,0,0,0,0,0,0,0,0,0,0,0,0,0,1,0,0,0,0,0,0,0,0,0,0,0,0,0,0,0,0,0,0,1,1,1,0,0,0,0,0,1,0,1,0,0,0,0,0,0,0,0,0,0,1,0,0,0,0,1,1,1,0,0,1,2,0,0,0,1,0,1,0,1,0,1,0,0,0,0,0,0,0,0,0,0,0,0,0,0,0,0,0,0,0,0,0,0,0,0,0,0,0,0,0,0,0,0,0,0,0,0,1,0,0,0,0,0,0,0,0,0,0,0,0,0,0,0,0,0,0,0,0,0,0,0,0,0,0,0,0,0,0,0,0,0,0,1,0,0,0,0,0,0,0,0,0,0,0,0,0,0,0,0,0,0,0,0,0,0,0,0,0,0,0,0,0,0,0,0,0,0,0,0,0,0,0,0,0,0,0,0,0,0,0,0,0,0,0,0,0,0,0,0,0,0,0,0,0,0,0,0,0,0,0,0,0,0,0,0,0,0,0,0,0,0,0,0,0,0,0,0,1,47,1
660,Male,0,2,540,17.8,0,1,1,1,0,1,1,1,1,0,1,1,1,0,0,1,1,0,1,0,0,0,1,0,1,0,1,0,0,0,0,0,0,1,0,0,1,0,0,0,0,0,1,0,0,0,0,0,0,1,1,0,1,1,1,1,1,1,0,0,1,0,0,1,1,1,0,1,1,1,0,1,0,1,1,0,1,0,1,0,1,1,0,0,1,0,1,0,1,0,1,1,0,0,1,0,1,0,1,1,0,1,1,0,1,1,0,1,1,0,0,1,1,1,0,0,1,0,1,0,0,0,0,0,1,1,0,1,0,1,0,1,1,0,1,1,1,1,1,1,0,1,1,0,1,1,0,0,0,1,0,1,0,1,1,1,1,0,0,0,0,0,1,0,0,1,0,0,1,0,1,1,0,0,0,1,0,1,1,1,0,1,0,0,1,1,0,1,0,0,0,0,0,1,0,0,1,0,0,1,0,1,0,0,0,0,0,0,0,0,1,0,0,0,0,1,0,0,1,1,1,0,0,0,1,0,1,1,1,0,0,0,0,0,0,1,0,0,0,1,0,0,0,0,1,1,1,0,1,1,2,1,0,1,1,0,1,0,1,0,1,0,0,1,0,0,0,0,1,0,0,0,0,1,0,0,0,0,1,0,0,1,0,0,0,0,0,0,0,0,0,0,1,0,0,0,0,1,0,0,1,0,0,0,1,0,0,0,1,0,0,0,0,0,0,1,1,1,0,1,0,0,0,0,0,0,0,0,0,0,0,0,1,1,0,0,0,0,0,0,0,0,1,0,0,0,0,0,0,0,0,0,0,0,0,0,0,0,0,0,0,0,0,0,0,0,0,1,0,1,0,0,0,0,0,0,0,0,0,0,0,0,0,0,0,0,0,0,0,0,0,0,0,0,0,0,0,0,0,0,0,0,0,0,0,0,0,0,0,0,0,0,0,0,0,0,0,1,143,1
662,Female,0,3,454,14.9,0,0,0,2,0,0,0,0,1,0,0,1,0,0,0,0,0,0,0,0,0,0,0,0,0,0,0,0,0,0,0,0,0,0,0,0,0,0,0,0,0,0,0,0,0,0,0,0,0,0,0,0,0,0,0,0,0,1,0,0,1,0,0,0,0,0,0,1,0,0,0,0,0,0,0,0,0,0,0,0,0,0,0,0,0,0,1,0,0,0,0,0,0,0,0,0,0,0,0,0,0,0,0,0,0,1,0,1,0,0,0,0,0,0,0,0,0,0,1,0,0,0,0,0,0,0,0,0,0,1,0,0,0,0,1,0,0,0,0,0,0,1,0,0,0,1,1,0,0,0,0,0,0,0,0,0,0,0,0,0,0,0,0,0,0,0,0,0,0,0,0,0,0,0,0,0,0,0,0,0,0,0,0,0,0,0,1,0,0,0,1,0,0,0,0,0,0,0,0,0,0,0,0,0,0,0,0,0,0,0,0,0,0,0,0,0,0,0,0,0,0,0,0,0,1,0,0,0,1,0,0,0,0,1,0,0,0,0,0,1,0,0,0,0,1,1,1,0,0,1,0,1,0,0,0,0,1,0,0,0,1,0,0,1,0,0,0,1,0,0,0,0,0,0,1,0,0,0,0,0,0,1,0,0,0,0,0,1,0,0,0,0,0,1,0,0,0,1,0,0,0,0,0,0,0,0,0,0,0,0,0,0,0,0,0,0,0,0,0,0,0,0,0,0,0,0,0,0,0,0,0,0,0,0,0,0,0,0,0,0,0,0,0,0,0,0,0,0,0,0,0,0,0,0,0,0,0,0,0,0,0,0,0,0,0,0,0,0,0,0,0,0,0,0,0,0,0,0,0,0,0,0,0,0,0,0,0,0,0,0,0,0,0,0,0,0,0,0,0,0,0,0,0,0,0,0,0,0,0,0,0,0,0,0,0,0,0,0,35,1
662,Female,0,3,619,20.3,0,0,0,2,1,1,2,1,1,1,1,1,1,1,1,1,1,1,1,1,1,0,1,0,1,1,1,1,0,0,1,0,0,1,1,0,1,1,1,0,0,1,1,0,1,1,0,0,0,1,1,0,1,1,0,1,1,1,1,1,2,2,2,1,1,1,2,1,1,1,1,2,1,0,0,0,1,0,1,1,0,1,1,0,1,0,1,0,1,1,1,1,1,1,1,1,0,1,1,2,1,1,2,1,2,2,1,1,2,1,1,2,2,2,1,2,1,1,2,1,1,2,1,0,0,1,1,0,0,2,0,1,1,1,2,1,1,1,1,1,1,1,1,0,1,1,1,0,0,1,0,1,1,1,1,1,1,0,1,0,1,1,1,0,0,1,0,0,1,1,0,2,2,0,0,1,1,1,1,1,1,1,0,0,1,1,1,1,1,0,1,1,1,1,0,0,1,0,0,2,0,2,0,1,1,1,1,1,0,1,1,1,1,2,1,1,1,1,1,1,1,2,1,1,2,1,0,0,1,0,1,1,0,1,1,2,1,0,2,1,2,1,0,1,2,2,2,0,1,2,1,1,1,2,2,0,1,1,2,1,1,1,1,2,0,1,0,1,1,1,1,1,1,1,1,0,1,1,1,1,1,1,1,1,1,0,1,1,1,0,0,0,1,1,0,1,1,1,0,1,1,1,1,1,1,1,2,1,1,1,1,1,0,1,1,1,1,1,1,1,1,0,1,1,1,1,1,1,1,1,1,1,2,1,1,1,1,0,0,1,1,0,2,1,1,1,0,1,1,1,1,0,1,1,0,0,0,0,0,0,0,1,0,0,0,1,1,1,1,2,1,0,0,0,0,0,0,0,0,0,0,0,0,0,0,0,0,0,0,0,0,0,0,0,0,0,2,0,2,1,0,1,1,2,0,1,2,0,2,0,2,0,0,0,0,0,0,0,292,48
662,Female,0,3,819,26.9,0,0,0,2,2,2,2,2,2,1,2,2,2,2,2,2,2,2,2,2,2,0,2,1,2,2,2,2,2,1,2,1,0,2,2,2,1,2,2,1,1,1,2,1,1,1,0,2,2,2,2,2,2,2,1,2,2,2,2,1,2,2,2,2,2,2,2,2,2,2,1,2,2,2,2,1,2,2,2,2,2,2,2,1,2,0,2,1,2,2,2,2,2,2,2,2,1,2,2,2,2,2,2,2,2,2,2,2,2,2,2,2,2,2,2,2,2,2,2,2,2,2,1,2,0,2,2,2,1,2,2,2,2,2,2,2,2,2,2,2,2,2,2,2,1,2,2,0,0,2,1,2,2,2,2,2,2,2,2,0,2,2,2,2,2,2,1,1,2,2,2,2,2,2,1,2,2,2,2,2,2,2,2,1,2,2,2,2,2,0,2,2,2,2,2,2,2,2,1,2,1,2,2,2,2,2,2,2,2,2,2,2,2,2,2,2,2,1,2,2,2,2,2,2,2,2,0,1,2,1,1,1,0,2,2,2,2,1,2,2,2,2,0,2,2,2,2,0,2,2,2,2,2,2,2,0,1,2,2,2,2,2,2,2,2,2,2,2,2,2,2,2,2,2,2,2,2,2,2,2,2,2,2,2,2,2,2,2,2,1,2,2,2,2,1,2,2,2,2,2,2,2,2,2,2,2,2,2,2,2,2,2,2,2,2,2,2,2,2,2,2,2,2,2,2,2,2,2,2,2,2,2,2,2,2,2,2,2,2,2,2,2,2,2,2,2,1,2,2,1,2,0,2,2,2,2,1,2,2,0,2,1,2,2,1,2,2,2,2,2,1,1,2,1,2,1,1,1,1,1,2,1,0,0,0,0,0,2,2,2,2,2,2,2,2,2,2,2,2,2,2,2,2,2,2,2,2,2,2,2,2,2,2,2,1,2,2,2,394,342
664,Female,0,3,537,17.7,2,2,2,2,2,2,1,2,2,2,2,2,1,2,2,2,2,2,2,2,2,0,2,1,2,1,2,2,1,1,2,1,1,1,2,2,2,1,2,0,1,2,2,1,2,0,2,1,1,2,0,0,2,2,1,2,2,2,2,2,2,2,2,2,2,2,2,2,2,2,2,2,1,1,2,2,2,1,2,2,2,1,2,2,2,2,2,2,2,2,2,0,2,2,2,2,2,2,2,2,2,2,2,1,2,2,2,2,2,2,0,2,2,2,2,2,1,2,1,1,2,2,1,0,1,2,2,1,0,2,1,2,2,2,2,1,2,1,2,0,2,2,1,0,1,1,0,1,1,0,0,1,1,2,2,1,1,2,2,2,2,2,2,2,1,2,2,1,2,2,2,1,2,0,1,2,0,2,2,2,0,2,2,0,2,2,2,2,2,0,2,1,0,2,0,0,2,0,0,0,0,2,0,2,0,0,0,1,0,2,0,0,2,0,0,1,0,1,2,2,2,2,2,1,2,2,0,1,2,0,1,1,1,0,2,2,2,1,2,2,2,1,0,1,2,2,2,0,1,2,2,2,1,2,2,2,2,2,2,2,2,2,1,2,2,2,1,1,2,0,2,2,2,1,2,0,2,2,2,0,1,2,0,0,1,2,1,1,2,1,1,2,1,2,1,2,2,2,1,1,1,1,1,2,2,1,2,1,2,2,1,1,0,1,1,2,2,2,1,2,2,2,2,1,0,1,2,2,2,0,1,1,2,1,1,2,1,2,1,2,2,2,2,1,2,1,0,1,2,2,2,1,2,1,0,2,0,2,2,0,2,2,2,0,2,2,1,1,2,2,2,0,1,0,2,1,0,0,1,2,2,1,0,0,0,0,0,0,0,2,2,2,2,2,1,1,0,2,2,2,1,2,2,1,2,1,2,0,2,2,2,1,1,1,2,0,2,1,350,242
664,Female,0,3,597,19.6,2,2,2,2,2,2,2,2,2,2,2,2,1,2,2,2,2,2,2,2,2,2,2,2,2,1,2,2,2,2,2,2,2,2,2,2,2,2,2,0,1,2,2,2,2,1,2,1,2,2,2,0,2,2,2,2,2,2,2,2,2,2,2,2,2,2,2,2,2,2,2,2,2,1,2,2,2,2,2,2,2,2,2,2,2,2,2,2,2,2,2,1,2,2,2,2,2,2,2,2,2,2,2,1,2,2,2,2,2,2,2,2,2,2,2,2,2,2,2,2,2,2,1,2,2,2,2,2,2,2,1,2,2,2,2,2,2,2,2,1,2,2,2,0,2,2,1,2,2,1,1,2,2,2,2,2,2,2,2,2,2,2,2,2,2,2,2,2,2,2,2,2,2,2,1,2,0,2,2,2,2,2,2,2,2,2,2,2,2,1,2,2,1,2,1,0,2,2,0,1,1,2,1,2,2,1,0,2,0,2,1,0,2,0,0,2,0,2,2,2,2,2,2,2,2,2,1,1,2,2,2,2,2,0,2,2,2,2,2,2,2,2,0,2,2,2,2,2,2,2,2,2,2,2,2,2,2,2,2,2,2,2,1,2,2,2,2,2,2,0,2,2,2,2,2,2,2,2,2,1,2,2,2,1,2,2,2,1,2,2,1,2,2,2,2,2,2,2,1,2,2,1,2,2,2,1,2,2,2,2,2,1,1,2,2,2,2,2,2,2,2,2,2,1,1,2,2,2,2,2,2,1,2,2,1,2,2,2,1,2,2,2,2,2,2,2,0,1,2,2,2,1,2,1,1,2,0,2,2,0,2,2,2,2,2,2,2,2,2,2,2,0,2,0,2,2,0,2,2,2,2,1,0,0,0,0,0,0,2,2,2,2,2,2,1,1,2,2,2,2,2,2,2,2,2,2,2,2,2,2,2,1,2,2,2,2,2,1,391,342
664,Female,0,3,770,25.3,2,2,2,2,2,2,2,2,2,2,2,2,2,2,2,2,2,2,2,2,2,2,2,2,2,2,2,2,2,2,2,2,2,2,2,2,2,2,2,2,2,2,2,2,2,2,2,2,2,2,2,2,2,2,2,2,2,2,2,2,2,2,2,2,2,2,2,2,2,2,2,2,2,2,2,2,2,2,2,2,2,2,2,2,2,2,2,2,2,2,2,2,2,2,2,2,2,2,2,2,2,2,2,2,2,2,2,2,2,2,2,2,2,2,2,2,2,2,2,2,2,2,2,2,2,2,2,2,2,2,2,2,2,2,2,2,2,2,2,2,2,2,2,2,2,2,2,2,2,2,2,2,2,2,2,2,2,2,2,2,2,2,2,2,2,2,2,2,2,2,2,2,2,2,2,2,2,2,2,2,2,2,2,2,2,2,2,2,2,2,2,2,2,2,2,0,2,2,2,2,2,2,2,2,2,2,2,2,2,2,2,2,2,2,0,2,2,2,2,2,2,2,2,2,2,2,2,1,2,2,2,2,2,2,2,2,2,2,2,2,2,2,2,2,2,2,2,2,2,2,2,2,2,2,2,2,2,2,2,2,2,2,2,2,2,2,2,2,2,2,2,2,2,2,2,2,2,2,2,2,2,2,2,2,2,2,2,2,2,2,2,2,2,2,2,2,2,2,2,2,2,2,2,2,2,2,2,2,2,2,2,2,2,2,2,2,2,2,2,2,2,2,2,2,2,2,2,2,2,2,2,2,2,2,2,2,2,2,2,2,2,2,2,2,2,2,2,2,2,2,2,2,2,2,2,2,0,2,2,2,2,2,2,2,2,2,2,2,2,2,2,2,2,2,2,2,1,2,2,2,2,2,2,2,0,2,2,2,2,2,2,2,2,2,2,2,2,2,2,2,2,2,2,2,2,2,2,2,2,2,2,2,2,2,2,2,2,2,414,412
666,Female,0,3,619,20.3,2,2,2,2,2,2,2,2,2,1,2,2,2,2,2,2,1,1,2,2,2,0,2,0,2,2,2,2,0,0,2,0,0,1,2,0,2,0,2,0,2,2,0,0,1,0,2,0,0,1,0,0,1,2,0,2,1,2,2,1,2,2,1,2,2,1,2,2,2,2,0,2,2,2,2,2,2,0,2,2,2,1,1,2,2,0,1,2,2,2,2,0,2,2,2,1,2,0,2,2,2,0,2,0,2,2,2,2,2,2,0,2,2,2,2,2,0,0,2,0,1,2,0,0,1,2,0,1,0,2,0,2,2,0,2,2,2,2,2,0,2,0,0,0,2,2,2,0,2,0,0,0,0,2,1,2,1,0,1,0,2,2,2,2,2,2,0,0,0,0,2,2,2,0,0,0,0,0,2,2,0,2,0,2,2,2,2,1,0,0,2,2,0,2,0,0,2,0,0,0,2,2,0,2,1,0,0,2,0,0,0,0,0,2,0,0,0,2,2,0,2,2,2,1,2,2,0,0,2,0,0,0,0,0,2,2,2,2,2,2,0,0,0,0,2,2,2,2,1,2,2,2,0,2,2,0,2,2,2,2,2,2,0,2,1,1,2,0,1,0,1,1,0,1,2,0,2,1,2,0,0,2,1,0,0,1,2,1,2,1,1,2,0,0,0,2,0,2,0,0,1,0,0,2,2,2,2,2,2,1,2,1,0,2,0,2,2,2,0,2,2,1,2,1,0,0,1,2,2,2,2,0,2,0,0,0,2,2,1,2,2,0,2,0,1,0,0,2,0,2,0,0,2,0,0,0,0,1,0,0,0,2,0,0,0,0,0,0,0,2,0,0,0,0,0,0,0,0,0,1,2,0,0,0,0,0,0,0,0,0,0,0,0,0,0,0,2,2,2,1,2,2,2,2,2,0,2,2,2,0,2,0,2,0,0,0,0,0,247,202
666,Female,0,3,646,21.2,2,2,2,2,2,2,2,2,2,1,2,2,2,2,2,2,2,2,2,2,2,0,2,2,2,2,2,2,0,0,2,2,0,2,2,2,2,2,2,2,2,2,0,2,1,0,2,2,0,2,2,2,2,2,0,2,2,2,2,1,2,2,2,2,2,2,2,2,2,2,2,2,2,2,2,2,2,1,2,2,2,2,2,2,2,0,2,2,2,2,2,2,2,2,2,2,2,1,2,2,2,0,2,0,2,2,2,2,2,2,0,2,2,2,2,2,0,2,2,2,2,2,0,0,2,2,1,1,0,2,0,2,2,2,2,2,2,2,2,0,2,0,0,0,2,2,2,0,2,0,0,0,0,2,2,2,1,0,1,0,2,2,2,2,2,2,0,0,2,0,2,2,2,0,0,2,0,0,2,2,0,2,0,2,2,2,2,1,0,0,2,2,0,2,0,0,2,0,0,0,2,2,0,2,1,2,0,2,0,2,0,0,2,2,0,2,0,2,2,2,2,2,2,1,2,2,0,0,2,2,0,2,0,0,2,2,2,2,2,2,0,2,0,0,2,2,2,2,2,2,2,2,2,2,2,0,2,2,2,2,2,2,0,2,2,2,2,1,2,0,1,2,0,2,2,0,2,2,2,0,2,2,2,1,1,1,2,1,2,1,1,2,1,0,0,2,1,2,0,0,2,0,0,2,2,2,2,2,2,1,2,1,0,2,1,2,2,2,0,2,2,1,2,1,0,1,1,2,2,2,2,0,2,1,0,0,2,2,2,2,2,0,2,1,1,1,0,2,1,2,2,0,2,1,0,0,0,1,0,0,0,2,1,0,0,0,0,1,1,2,0,0,0,0,0,0,0,0,0,2,2,0,0,0,0,0,0,0,0,0,0,0,0,0,0,0,2,2,2,2,2,2,2,2,2,0,2,2,2,0,2,0,2,0,0,0,2,2,295,258
666,Female,0,3,703,23.1,2,2,2,2,2,2,2,2,2,2,2,2,2,2,2,2,2,2,2,2,2,0,2,2,2,2,2,2,2,2,2,2,0,2,2,2,2,2,2,2,2,2,2,2,1,0,2,2,2,2,2,2,2,2,2,2,2,2,2,2,2,2,2,2,2,2,2,2,2,2,2,2,2,2,2,2,2,2,2,2,2,2,2,2,2,2,2,2,2,2,2,2,2,2,2,2,2,1,2,2,2,2,2,2,2,2,2,2,2,2,0,2,2,2,2,2,2,2,2,2,2,2,0,2,2,2,1,2,0,2,2,2,2,2,2,2,2,2,2,1,2,2,2,1,2,2,2,0,2,0,0,0,0,2,2,2,1,0,1,0,2,2,2,2,2,2,0,2,2,0,2,2,2,0,0,2,0,2,2,2,0,2,2,2,2,2,2,2,1,2,2,2,0,2,2,0,2,2,0,1,2,2,2,2,2,2,0,2,0,2,2,0,2,2,0,2,2,2,2,2,2,2,2,1,2,2,0,0,2,2,2,2,0,0,2,2,2,2,2,2,0,2,0,0,2,2,2,2,2,2,2,2,2,2,2,0,2,2,2,2,2,2,0,2,2,2,2,1,2,0,2,2,2,2,2,0,2,2,2,2,2,2,2,1,2,1,2,1,2,2,1,2,1,2,0,2,2,2,2,0,2,2,0,2,2,2,2,2,2,2,2,2,1,2,1,2,2,2,2,2,2,2,2,2,0,2,2,2,2,2,2,0,2,1,0,2,2,2,2,2,2,2,2,2,2,2,2,2,1,2,2,1,2,2,0,0,0,2,0,0,2,2,2,2,2,2,2,2,2,2,2,0,0,0,0,0,0,0,0,2,2,0,0,0,0,0,0,2,0,1,2,2,2,0,0,0,2,2,2,2,2,2,2,2,2,0,2,2,2,2,2,0,2,0,0,2,2,2,348,326
669,Male,0,6,312,10.3,2,0,0,0,0,0,0,0,1,0,0,1,0,0,0,0,0,0,0,0,0,0,0,0,0,0,0,0,0,0,0,0,0,0,0,0,0,0,0,0,1,0,0,0,0,0,0,0,0,0,0,0,0,0,0,0,0,0,0,0,0,0,0,0,0,0,0,0,0,0,0,0,0,0,0,0,0,0,0,0,0,0,0,0,0,0,0,0,0,0,0,0,0,0,0,0,0,0,0,0,0,0,0,0,0,0,0,0,0,0,0,0,0,0,0,0,0,0,0,0,0,0,0,0,0,0,0,0,0,0,0,0,0,0,0,0,0,0,0,0,0,0,0,0,0,0,0,0,0,0,0,0,0,0,0,0,0,0,0,0,0,0,0,0,0,0,0,0,0,0,0,0,0,0,0,0,0,0,0,0,0,1,0,0,0,0,0,0,0,0,0,0,0,0,0,0,0,0,0,0,0,0,0,0,0,0,0,0,0,0,0,0,0,0,0,0,0,0,0,0,0,0,0,0,0,0,0,0,0,0,0,0,0,0,0,0,0,0,0,0,0,0,0,0,1,0,1,0,0,0,0,0,0,0,0,0,0,0,1,0,0,0,0,0,1,0,0,0,0,0,0,0,0,0,0,0,0,0,0,0,0,0,0,0,0,0,0,0,0,0,0,0,0,0,0,0,0,0,0,0,0,0,0,0,0,0,0,0,0,0,0,0,0,0,0,0,0,0,0,0,0,0,0,0,0,0,0,0,0,0,0,0,0,0,0,0,0,0,0,0,0,0,0,0,0,0,0,1,0,0,0,0,0,0,0,0,0,0,0,0,0,0,0,0,0,0,0,0,0,0,0,0,0,0,0,0,0,0,0,0,0,0,0,0,0,0,0,0,0,0,0,0,0,0,0,0,0,0,0,0,0,0,0,0,0,0,1,0,0,0,1,0,0,0,0,0,0,0,11,1
669,Male,0,6,517,17,2,0,0,0,2,2,0,0,2,1,0,1,0,1,0,1,1,0,1,2,1,0,2,0,0,0,2,0,0,0,0,0,0,0,2,1,0,0,1,0,1,1,0,0,0,0,2,0,0,2,0,0,0,2,0,0,0,2,0,0,1,1,0,0,0,0,2,2,0,0,0,0,0,0,0,0,0,0,0,0,2,0,0,0,0,0,1,0,0,0,0,0,0,2,2,0,1,2,2,2,1,1,1,1,2,1,1,1,0,1,0,2,2,1,1,1,0,0,0,0,1,2,0,0,0,0,0,1,0,2,0,1,1,0,2,1,0,0,1,1,1,1,0,0,1,1,0,0,1,0,0,0,0,1,0,0,0,0,0,0,1,0,0,2,0,0,0,0,0,0,0,1,0,0,0,0,0,0,0,0,0,2,0,0,1,0,2,0,0,0,1,0,0,1,0,0,0,0,0,0,0,0,0,1,0,0,0,0,0,0,0,0,0,0,0,0,0,0,0,1,1,0,0,0,1,0,0,0,2,0,0,0,0,0,0,0,0,0,0,2,0,1,0,0,1,0,2,0,1,1,1,0,0,1,2,0,1,1,1,1,2,0,0,1,1,1,0,0,0,0,0,0,0,0,1,0,0,0,1,0,0,1,0,0,0,0,1,1,0,0,0,0,0,1,0,0,0,1,0,0,1,0,0,1,1,0,1,1,1,1,0,1,0,1,1,1,0,0,1,1,1,0,0,1,0,1,0,1,0,1,0,0,1,0,0,0,0,0,0,0,1,0,2,0,0,0,0,1,0,0,0,0,2,0,0,0,0,0,0,0,0,0,0,0,0,0,0,0,0,0,0,0,0,0,0,0,0,0,0,0,0,0,0,0,0,0,0,1,0,1,0,0,0,0,1,1,0,0,0,1,1,1,1,0,0,0,1,0,0,1,1,0,0,0,0,0,0,0,136,36
669,Male,0,6,615,20.2,2,0,0,0,2,2,2,2,2,1,0,1,0,1,2,2,2,2,2,2,2,0,2,0,2,1,2,2,2,1,2,0,1,2,2,2,2,2,2,0,2,2,2,2,0,0,2,2,2,2,0,0,2,2,0,1,2,2,2,1,2,2,1,0,0,2,2,2,0,2,1,2,1,1,2,2,2,0,1,2,2,1,0,2,2,2,2,2,0,2,0,0,2,2,2,1,2,2,2,2,1,1,2,1,2,2,2,2,2,2,0,2,2,2,2,2,2,2,2,0,1,2,0,1,1,0,2,2,2,2,2,2,1,0,2,1,1,1,2,2,1,2,0,0,2,2,1,0,1,1,0,0,2,2,2,1,1,2,1,0,2,0,2,2,1,2,2,0,2,2,2,2,2,0,2,2,0,0,2,2,1,2,0,0,1,1,2,2,2,1,2,2,0,2,0,0,2,1,0,1,0,1,0,2,0,0,0,2,0,1,0,1,2,1,0,1,0,2,2,2,2,1,1,0,1,2,0,1,2,0,2,0,0,0,2,2,0,0,2,2,0,2,0,0,2,1,2,2,1,2,2,1,1,2,2,0,1,2,2,2,2,2,2,2,2,1,1,0,0,1,1,1,2,1,1,0,2,1,1,1,1,1,1,0,0,0,1,1,2,2,0,2,1,1,0,1,2,2,0,1,1,0,0,2,2,0,1,1,2,2,1,2,0,2,1,2,1,1,1,2,1,1,0,1,0,2,0,2,2,2,0,2,2,0,1,1,2,1,0,2,1,2,2,2,1,1,0,1,1,2,0,2,2,2,0,0,0,1,1,0,0,2,0,0,0,0,2,1,0,2,2,0,0,0,0,0,0,0,0,0,2,0,0,0,0,0,0,2,0,1,0,2,2,0,2,1,0,2,2,2,2,2,2,2,0,0,2,0,0,1,2,0,0,0,0,0,0,1,290,195
669,Male,0,6,622,20.4,2,0,0,2,2,2,2,2,2,2,0,2,0,2,2,2,2,2,2,2,2,0,2,0,2,1,2,2,2,2,2,0,2,2,2,2,2,2,2,0,2,2,2,2,1,0,2,2,2,2,0,0,2,2,0,1,2,2,2,2,2,2,2,0,0,2,2,2,1,2,1,2,1,2,2,2,2,0,1,2,2,1,1,2,2,2,2,2,2,2,0,0,2,2,2,2,2,2,2,2,1,2,2,2,2,2,2,2,2,2,0,2,2,2,2,2,2,2,2,0,1,2,2,1,2,0,2,2,2,2,2,2,1,0,2,2,2,2,2,2,1,2,1,0,2,2,1,0,2,1,0,0,2,2,2,1,1,2,2,0,2,0,2,2,2,2,2,0,2,2,2,2,2,0,2,2,0,1,2,2,2,2,2,0,2,1,2,2,2,2,2,2,0,2,0,0,2,2,0,1,0,2,0,2,0,0,0,2,0,1,0,1,2,1,0,1,0,2,2,2,2,1,1,0,2,2,0,1,2,0,2,0,0,0,2,2,0,0,2,2,0,2,0,0,2,1,1,2,1,2,2,1,2,2,2,0,1,2,2,2,2,2,2,2,2,1,1,1,0,1,1,1,2,1,1,0,2,1,1,1,1,1,1,0,0,0,1,1,2,2,0,2,1,1,0,1,2,2,0,1,1,0,0,2,2,0,1,1,2,2,1,2,0,2,1,2,1,1,1,2,1,1,2,1,0,2,0,2,2,1,0,1,2,1,1,1,2,1,1,2,1,2,2,1,1,1,0,1,1,2,0,2,2,1,0,0,0,1,1,0,0,2,0,0,0,0,2,1,0,2,1,0,1,0,1,1,0,0,0,0,2,0,1,0,0,1,1,2,2,1,1,2,2,1,2,1,0,2,2,2,2,2,2,2,1,1,2,0,0,1,2,0,1,0,0,1,0,1,315,220
669,Male,0,6,689,22.6,2,2,0,2,2,2,2,2,2,2,2,2,2,2,2,2,2,2,2,2,2,0,2,2,2,2,2,2,2,2,2,2,2,2,2,2,2,2,2,0,2,2,2,2,2,0,2,2,2,2,1,1,2,2,2,1,2,2,2,2,2,2,2,2,0,2,2,2,2,2,2,2,2,2,2,2,2,2,2,2,2,2,2,2,2,2,2,2,2,2,2,2,2,2,2,2,2,2,2,2,2,2,2,2,2,2,2,2,2,2,0,2,2,2,2,2,2,2,2,0,2,2,2,1,2,2,2,2,2,2,2,2,2,2,2,2,2,2,2,2,1,2,2,0,2,2,1,0,2,2,2,2,2,2,2,2,2,2,2,0,2,0,2,2,2,2,2,0,2,2,2,2,2,0,2,2,0,2,2,2,2,2,2,0,2,1,2,2,2,2,2,2,0,2,2,0,2,2,0,2,0,2,2,2,1,1,1,2,0,2,2,2,2,2,1,1,2,2,2,2,2,2,2,2,2,2,0,1,2,0,1,1,0,2,2,2,2,1,2,2,0,2,0,2,2,2,2,2,2,2,2,2,2,2,2,0,2,2,2,2,2,2,2,2,2,2,2,2,0,2,2,2,2,2,2,0,2,2,2,1,2,2,2,0,2,2,2,1,2,2,2,2,2,2,1,2,2,2,0,2,2,0,1,2,2,1,1,1,2,2,1,2,0,2,1,2,2,2,1,2,2,2,2,2,0,2,2,2,2,2,2,2,2,2,2,2,2,2,2,2,2,2,2,2,2,2,0,1,2,2,0,2,2,2,1,2,1,1,1,0,2,2,1,1,1,2,2,2,1,2,2,0,1,0,1,1,0,1,1,2,2,1,1,0,1,1,1,2,2,1,2,2,2,2,2,2,0,2,2,2,2,2,2,2,2,1,2,1,2,1,2,0,1,0,1,1,2,2,375,323
669,Male,0,6,740,24.3,2,2,0,2,2,2,2,2,2,2,2,2,2,2,2,2,2,2,2,2,2,0,2,2,2,2,2,2,2,2,2,2,2,2,2,2,2,2,2,0,2,2,2,2,2,0,2,2,2,2,2,2,2,2,2,2,2,2,2,2,2,2,2,2,2,2,2,2,2,2,2,2,2,2,2,2,2,2,2,2,2,2,2,2,2,2,2,2,2,2,2,2,2,2,2,2,2,2,2,2,2,2,2,2,2,2,2,2,2,2,2,2,2,2,2,2,2,2,2,2,2,2,2,2,2,2,2,2,2,2,2,2,2,2,2,2,2,2,2,2,2,2,2,0,2,2,2,0,2,2,2,2,2,2,2,2,2,2,2,0,2,2,2,2,2,2,2,0,2,2,2,2,2,2,2,2,2,2,2,2,2,2,2,0,2,2,2,2,2,2,2,2,0,2,2,0,2,2,0,2,0,2,2,2,2,2,2,2,0,2,2,2,2,2,2,1,2,2,2,2,2,2,2,2,2,2,2,2,2,0,2,2,2,2,2,2,2,2,2,2,0,2,0,2,2,2,2,2,2,2,2,2,2,2,2,0,2,2,2,2,2,2,2,2,2,2,2,2,1,2,2,2,2,2,2,1,2,2,2,2,2,2,2,2,2,2,2,2,2,2,2,2,2,2,2,2,2,2,0,2,2,1,2,2,2,2,2,2,2,2,2,2,2,2,2,2,2,2,2,2,2,2,2,2,2,2,2,2,2,2,2,2,2,2,2,2,2,2,2,2,2,2,2,2,2,2,2,2,2,2,2,2,2,2,1,2,2,1,2,0,2,2,1,1,1,2,2,2,1,2,2,0,2,0,2,2,2,2,1,2,2,2,2,0,1,2,2,2,2,2,2,2,2,2,2,2,2,2,2,2,2,2,2,2,2,2,2,2,2,2,2,2,2,2,2,2,2,2,395,383
670,Male,0,3,443,14.6,1,1,0,2,1,2,1,1,1,2,1,1,0,1,0,1,1,0,1,1,1,0,2,0,1,1,1,1,0,0,1,0,0,1,1,0,0,0,1,0,0,1,0,0,0,0,0,0,0,1,0,1,1,1,0,0,1,1,1,0,1,2,1,0,1,1,1,1,1,0,0,1,1,1,1,1,0,1,0,0,1,0,1,0,1,0,1,1,1,1,1,1,0,1,1,1,1,1,1,1,1,1,1,1,1,1,1,1,1,1,0,1,1,1,1,1,1,0,1,0,1,1,1,0,1,1,1,1,0,1,0,1,1,0,1,1,1,1,1,1,1,1,1,1,1,1,1,0,1,1,0,1,1,1,1,1,1,0,1,0,1,1,1,0,0,0,0,0,0,1,0,1,1,0,0,0,0,1,1,1,0,1,0,0,1,1,1,1,1,0,1,0,0,1,0,0,1,1,1,1,0,1,0,1,0,0,0,0,0,0,0,0,1,1,0,1,1,1,1,1,1,1,0,0,1,0,0,0,2,0,0,0,0,1,0,1,1,0,0,1,0,0,0,0,1,1,1,1,1,2,0,1,0,1,1,0,1,0,1,0,0,0,0,1,0,1,0,1,0,0,1,1,1,0,1,0,1,1,1,0,0,1,0,0,0,0,1,1,0,0,0,0,0,0,0,0,1,1,0,0,1,0,0,1,0,0,0,0,0,1,0,0,0,0,0,1,0,0,0,1,1,0,0,0,0,1,0,1,1,1,1,0,1,0,0,0,0,0,0,1,0,0,0,0,1,0,0,1,1,0,0,0,1,1,0,0,0,0,0,0,0,0,0,0,0,0,0,0,0,0,0,0,0,0,0,0,0,0,0,0,0,0,0,0,0,0,0,0,0,0,0,0,0,0,0,0,0,0,0,1,0,1,0,1,0,1,0,0,1,0,1,0,0,0,0,0,0,0,201,7
670,Male,0,3,525,17.3,1,1,1,2,1,2,1,1,2,2,1,1,1,1,1,1,1,1,1,1,1,0,2,1,1,1,1,1,1,0,1,0,0,1,1,1,1,1,1,0,1,1,1,0,1,0,1,1,1,1,1,1,1,1,1,1,1,1,1,1,1,1,1,1,1,1,1,1,1,1,2,1,1,1,1,1,1,1,1,1,1,1,1,1,1,1,1,1,1,1,1,1,1,1,1,1,1,1,1,1,1,1,1,1,1,1,1,1,1,1,1,1,1,1,1,1,1,1,1,1,1,1,1,1,1,1,1,1,1,1,1,1,1,1,1,1,1,1,1,1,1,1,1,1,1,1,1,0,1,1,0,1,1,1,1,1,1,1,1,0,1,1,1,1,1,1,0,1,1,1,1,1,1,0,1,1,1,1,1,1,1,1,0,0,1,1,1,1,1,0,1,1,0,1,1,0,1,1,1,1,0,1,0,1,1,1,1,1,0,1,1,1,1,1,1,1,1,1,1,1,1,1,1,0,1,1,0,0,2,0,0,0,1,1,1,1,1,1,1,2,0,0,0,0,1,1,1,1,1,2,1,1,1,1,1,0,1,0,1,1,0,0,0,1,1,1,0,1,1,0,1,1,1,1,1,0,1,1,1,1,1,1,0,1,1,1,1,1,1,0,0,0,1,1,0,1,1,1,0,0,1,0,0,1,1,1,1,0,0,1,1,0,0,1,1,1,1,1,1,1,1,1,1,1,0,1,0,1,1,1,1,0,1,0,0,0,0,0,0,1,0,0,1,1,1,0,0,1,1,0,0,0,1,1,1,0,0,0,0,0,0,0,1,0,0,0,1,0,0,1,0,0,0,0,1,1,0,0,0,0,0,0,0,0,0,0,0,0,0,0,0,0,0,0,0,0,0,0,1,1,1,1,1,1,0,1,1,0,2,0,2,0,0,0,0,0,1,1,305,11
670,Male,0,3,613,20.2,2,2,1,2,1,2,1,2,2,2,2,2,1,1,2,2,1,1,2,1,2,1,2,1,2,1,1,2,1,1,1,0,1,1,1,1,1,2,2,0,1,2,1,0,1,0,1,1,1,1,2,2,2,2,1,1,2,2,1,1,2,2,2,2,1,1,2,1,1,1,2,2,1,1,1,1,1,1,1,2,1,1,1,2,1,1,2,1,1,1,1,1,1,1,1,1,1,1,2,2,1,1,2,1,1,2,1,1,2,1,1,2,1,1,1,1,1,1,1,1,1,2,1,1,1,2,1,1,1,2,1,2,1,1,1,1,1,1,1,1,2,2,1,1,1,1,1,0,1,1,1,1,1,1,1,1,1,1,1,0,1,1,1,1,1,1,0,1,2,1,1,1,1,1,1,1,1,1,2,2,1,2,0,1,1,1,1,2,1,0,1,1,0,2,1,0,2,1,2,1,1,2,0,1,1,1,1,1,1,1,1,1,1,1,1,1,1,1,2,1,1,1,1,1,1,1,1,1,2,1,1,0,1,2,2,2,2,1,2,2,2,0,0,1,1,1,2,1,1,2,1,1,1,1,2,1,1,1,2,1,2,1,1,1,1,1,1,1,1,1,1,1,1,1,1,1,1,1,1,1,1,1,1,1,1,1,1,1,1,1,1,2,1,1,1,2,1,1,1,1,1,1,1,2,1,1,1,1,1,1,1,1,0,1,1,1,1,1,1,1,1,1,2,1,0,1,1,1,1,1,1,0,2,1,1,1,1,1,1,1,2,1,1,1,1,1,0,1,1,2,1,1,1,1,1,1,0,1,1,1,0,1,1,1,0,1,1,1,1,1,1,0,1,0,1,1,0,0,0,0,1,1,0,0,0,1,1,0,0,0,1,0,0,0,1,0,0,1,1,1,1,1,1,1,1,1,2,0,2,0,2,0,0,0,0,1,1,1,373,80
672,Male,0,3,453,14.9,0,0,0,0,0,1,0,1,0,1,0,0,0,0,0,0,0,0,1,0,0,0,1,0,0,0,0,0,0,0,0,0,0,0,0,0,0,0,0,0,0,0,0,0,0,0,0,0,0,0,0,0,0,0,0,0,0,0,0,0,1,0,0,0,0,0,0,2,0,0,0,0,0,0,0,0,0,0,1,0,0,0,0,0,0,0,1,0,0,0,0,0,0,0,0,0,0,0,0,0,0,0,0,0,0,0,0,0,0,0,0,0,0,0,0,0,0,0,0,0,0,0,0,0,0,0,0,0,0,0,0,0,0,0,0,0,0,0,0,0,0,0,0,0,0,0,0,0,0,0,0,0,0,0,0,0,0,0,0,0,0,0,0,0,0,0,0,0,0,0,0,0,0,0,0,0,0,0,0,0,0,0,0,0,0,0,0,0,0,0,0,0,0,0,0,0,0,0,0,1,0,0,0,0,0,0,0,0,0,0,0,0,0,0,0,0,0,0,0,0,0,0,0,0,0,0,0,0,2,0,0,0,0,0,0,0,0,0,0,2,2,0,0,0,0,0,0,0,0,0,2,0,0,1,1,0,0,0,0,0,0,0,0,0,0,0,0,0,0,0,0,0,0,0,0,0,0,0,0,0,0,0,0,0,0,1,0,0,0,0,0,0,0,0,0,0,0,0,0,0,0,0,0,0,0,0,0,0,1,0,0,0,0,0,0,0,0,0,0,0,0,0,0,0,0,0,0,0,0,0,0,0,1,0,0,0,0,0,0,0,0,0,0,0,0,0,0,0,0,0,0,0,0,0,0,0,0,0,0,0,0,0,0,0,0,0,0,0,0,0,0,0,0,0,0,0,0,0,0,0,0,0,0,0,0,0,0,0,0,0,0,0,0,0,0,0,0,0,0,0,0,0,0,0,0,0,0,0,0,0,0,0,0,0,0,0,0,0,19,5
672,Male,0,3,532,17.5,0,0,0,0,0,1,0,1,2,1,0,2,0,0,0,0,0,0,1,0,0,0,1,0,0,0,0,0,0,0,0,0,0,0,0,0,0,0,0,0,0,0,0,0,0,0,0,0,0,0,0,0,0,0,0,0,0,1,0,0,1,0,0,0,0,0,0,2,0,0,0,0,0,0,0,0,0,0,1,0,0,0,0,0,0,0,1,0,0,0,0,0,0,0,0,0,0,0,0,0,0,0,0,0,0,0,0,1,0,0,0,0,0,0,0,0,0,0,0,0,0,0,0,0,0,0,0,0,0,0,0,0,0,0,0,0,0,0,0,0,0,0,0,0,0,0,0,0,0,0,0,0,0,0,0,0,0,0,0,0,0,0,0,0,0,0,0,0,0,0,0,0,0,0,0,0,0,0,0,0,0,0,0,0,0,0,0,0,0,0,0,0,0,0,0,0,0,0,0,1,0,0,0,0,0,0,0,0,0,0,0,0,0,0,0,0,0,0,0,0,0,0,0,0,0,0,0,0,2,0,0,0,0,0,0,0,0,0,0,2,2,0,0,0,0,0,2,0,0,0,2,0,0,1,2,0,0,0,0,0,1,0,0,0,0,0,0,0,0,0,0,0,0,0,0,0,0,0,0,0,0,0,0,0,0,1,0,0,0,0,0,0,0,0,0,0,0,0,0,0,1,0,0,0,0,0,0,0,1,0,0,0,0,0,0,0,0,0,0,0,1,0,0,0,0,0,0,0,0,0,0,0,1,0,0,0,0,0,0,0,0,0,0,0,0,0,0,0,0,0,0,0,0,0,0,0,0,0,0,0,0,0,0,0,0,0,0,0,0,0,0,0,0,0,0,0,0,0,0,0,0,0,0,0,0,0,0,0,0,0,0,0,0,0,0,0,0,0,0,0,0,0,0,0,0,0,0,0,0,0,0,0,0,0,0,0,0,0,27,9
672,Male,0,3,617,20.3,0,1,0,2,0,1,0,1,2,1,0,2,0,2,0,0,0,0,1,0,0,0,1,0,0,0,0,0,0,0,0,0,0,0,0,0,0,0,0,0,0,0,0,0,0,0,0,0,0,0,0,0,0,0,0,0,0,2,1,0,1,1,0,0,0,0,0,2,0,0,0,0,0,0,0,0,0,0,1,0,0,0,0,0,0,0,1,0,0,0,0,0,0,0,0,0,0,0,0,0,0,0,0,0,0,0,0,1,0,0,0,0,0,0,0,0,0,0,0,0,0,0,0,0,0,1,0,0,0,0,0,0,0,0,0,0,0,0,0,0,0,1,0,0,0,0,0,0,0,0,0,0,0,0,0,0,0,0,0,0,0,0,0,0,0,0,0,0,0,0,0,0,0,0,0,0,0,0,0,0,0,0,0,0,0,0,0,0,0,0,0,0,0,0,0,0,0,0,0,1,0,0,0,0,0,0,0,0,0,0,0,0,0,0,0,0,0,0,0,0,0,0,0,0,0,0,0,0,2,0,0,0,0,0,0,0,0,0,0,2,2,0,0,0,0,0,2,0,0,0,2,0,0,1,2,0,2,2,0,0,1,0,0,0,0,1,0,1,0,0,0,0,0,0,1,0,0,0,0,0,0,0,0,0,0,1,0,0,0,0,0,0,0,0,0,0,0,0,0,0,1,0,0,0,0,0,0,0,1,0,0,0,0,0,0,0,0,0,0,0,1,0,0,0,0,0,0,0,0,0,0,0,1,0,0,0,0,0,0,0,0,0,0,0,0,0,0,0,1,0,0,0,0,0,0,0,0,0,2,0,0,0,0,0,0,0,0,0,0,0,0,0,0,0,0,0,0,0,0,0,0,0,0,0,0,0,0,0,0,0,0,0,0,0,0,0,0,0,0,0,0,0,0,0,0,0,0,0,0,0,0,0,0,0,0,0,0,0,41,15
673,Female,0,4,501,16.5,1,2,1,2,1,1,1,2,2,1,1,1,1,0,0,2,1,1,1,1,1,0,1,1,2,1,1,0,0,0,1,0,0,1,0,0,0,0,1,0,0,1,0,0,1,0,0,0,0,0,0,0,0,1,0,1,0,1,1,0,1,1,1,1,1,1,1,2,2,1,0,1,1,1,1,0,1,0,1,0,0,0,0,0,2,0,1,0,0,0,0,0,0,1,0,0,0,0,1,1,1,1,1,0,1,1,1,1,0,1,0,1,0,0,1,1,1,1,1,1,1,1,0,0,0,1,0,1,0,2,0,0,1,1,1,1,1,1,1,1,1,1,1,0,1,1,1,0,0,1,0,1,0,1,0,1,1,1,1,0,1,0,1,0,0,0,0,0,0,1,0,0,0,0,0,0,0,0,1,0,0,1,0,0,1,1,1,1,0,0,1,1,1,1,0,2,1,0,0,1,0,1,0,0,0,0,0,0,0,0,0,0,1,0,0,0,0,0,1,1,1,0,0,0,2,0,0,0,2,0,0,0,0,0,0,1,2,0,0,2,0,0,0,0,1,1,2,1,1,1,2,1,0,1,2,0,2,2,1,0,2,1,0,1,1,1,0,0,0,0,0,1,0,1,1,0,1,0,1,0,0,1,0,0,1,0,1,1,1,0,0,0,0,0,0,1,0,1,0,0,1,0,0,1,1,0,1,0,1,0,0,0,0,0,0,1,1,1,1,2,1,1,0,0,0,1,1,1,1,0,0,0,1,0,0,0,0,0,1,0,0,0,0,0,0,0,0,1,0,0,0,0,1,1,1,0,0,0,0,0,0,0,0,0,0,0,0,0,1,1,0,0,1,0,1,0,0,0,0,0,0,0,0,0,0,0,0,0,0,0,0,0,0,0,0,0,0,0,1,0,0,0,0,0,0,0,2,0,0,0,0,0,0,0,0,0,0,0,179,23
673,Female,0,4,533,17.5,1,2,1,2,1,1,1,2,2,1,2,1,1,0,0,2,1,1,1,1,1,0,2,1,2,1,1,0,0,0,1,0,0,1,0,0,0,0,1,0,0,1,0,0,1,0,0,0,0,0,0,0,2,1,0,1,1,1,1,0,1,1,1,1,1,1,1,2,2,1,0,1,1,1,2,0,1,0,1,0,0,0,0,0,2,0,1,0,0,0,0,1,0,1,1,0,0,0,1,1,1,1,1,0,1,1,1,1,0,1,0,1,0,1,1,1,1,1,1,1,1,1,0,0,0,1,0,1,0,2,0,1,1,1,1,1,1,1,1,1,1,1,1,0,1,1,1,0,1,1,0,1,0,1,0,1,1,1,1,0,1,1,1,0,0,1,0,0,0,1,0,0,0,0,0,0,0,0,1,0,0,1,0,0,1,1,1,1,0,0,1,1,1,1,0,2,1,0,0,1,0,1,0,1,0,0,0,0,0,0,0,0,1,0,0,0,0,0,1,1,1,0,0,0,2,0,0,0,2,0,0,0,0,0,0,1,2,0,0,2,0,0,0,0,1,1,2,1,1,1,2,1,0,1,2,0,2,2,1,0,2,1,0,1,1,1,0,0,0,0,0,1,1,1,1,0,1,0,1,0,0,1,0,0,1,0,1,1,1,0,0,0,0,0,0,1,0,1,0,0,1,0,0,1,1,0,1,0,1,0,1,0,0,0,0,1,1,1,1,2,1,1,0,0,0,1,1,1,1,0,0,0,1,1,0,0,0,0,1,0,0,0,0,0,0,0,0,1,0,0,0,0,1,1,1,0,0,0,0,0,0,0,0,0,0,0,0,0,1,1,0,0,1,0,1,0,0,0,0,0,0,0,0,0,0,0,0,0,0,0,0,0,0,0,0,0,0,0,1,0,0,0,0,0,0,0,2,0,0,0,0,0,0,0,0,0,0,0,192,27
673,Female,0,4,654,21.5,1,2,1,2,1,1,1,2,2,1,2,1,1,0,0,2,1,1,1,1,1,0,2,1,2,1,1,0,0,0,1,0,0,1,0,0,0,0,1,0,0,1,0,0,1,0,0,0,0,0,0,0,2,1,0,1,1,1,1,0,2,2,1,2,1,1,2,2,2,1,0,2,1,1,2,0,2,1,2,1,2,1,1,1,2,0,2,1,1,0,0,2,2,1,1,2,1,1,2,2,1,1,2,1,2,2,2,1,2,2,1,2,2,2,2,2,2,2,2,1,2,2,0,0,1,2,0,2,0,2,0,2,1,2,2,1,2,1,1,1,2,2,1,0,1,1,1,0,2,1,0,1,0,1,1,2,1,2,1,1,2,2,1,1,0,2,0,1,1,1,0,0,2,0,0,1,0,1,2,2,0,2,2,0,2,2,2,1,1,0,1,1,1,2,0,2,2,0,0,1,0,2,0,2,1,0,0,0,0,0,1,0,1,1,0,1,1,1,2,2,2,1,0,0,2,0,0,0,2,0,0,0,0,0,0,2,2,0,0,2,0,0,0,0,2,1,2,1,1,2,2,1,1,2,2,1,2,2,1,2,2,2,0,2,1,1,1,1,0,1,1,1,1,1,1,0,2,1,2,0,1,1,0,0,1,2,1,1,1,1,0,1,0,0,1,2,2,1,0,1,2,0,0,1,1,0,1,0,1,1,1,0,0,0,0,2,1,1,1,2,1,1,1,0,0,1,2,2,1,1,0,0,2,2,0,1,0,2,1,1,1,2,2,0,0,0,0,1,1,0,0,0,2,1,1,1,0,2,2,0,2,0,0,1,0,1,1,2,1,1,0,0,1,0,1,1,0,0,0,1,1,0,0,0,0,0,0,0,2,0,2,0,0,0,0,1,1,1,1,0,0,1,1,0,2,1,2,0,1,0,1,1,0,0,0,0,0,1,275,115
673,Female,0,4,753,24.8,2,2,1,2,2,2,2,2,2,1,2,1,1,0,2,2,2,2,2,1,2,0,2,1,2,1,2,2,2,0,2,0,1,2,2,2,1,0,2,1,1,2,1,1,1,0,1,2,2,2,1,2,2,2,1,2,2,2,2,0,2,2,1,2,2,1,2,2,2,2,1,2,2,1,2,1,2,1,2,2,2,1,1,1,2,0,2,2,2,2,1,2,2,2,2,2,2,1,2,2,1,2,2,1,2,2,2,2,2,2,1,2,2,2,2,2,2,2,2,2,2,2,0,1,1,2,1,2,0,2,0,2,1,2,2,1,2,2,2,1,2,2,1,0,1,1,1,0,2,1,0,1,1,2,1,2,1,2,1,2,2,2,2,1,2,2,1,1,2,2,1,2,2,1,0,1,1,1,2,2,1,2,2,1,2,2,2,1,1,0,1,1,1,2,0,2,2,0,0,2,0,2,0,2,1,0,0,2,0,2,1,0,1,1,0,1,1,1,2,2,2,1,0,0,2,0,0,0,2,1,1,0,0,0,0,2,2,1,2,2,0,0,0,0,2,1,2,1,1,2,2,1,1,2,2,1,2,2,2,2,2,2,0,2,1,1,2,1,0,1,1,2,1,1,2,0,2,2,2,1,1,1,0,0,1,2,1,1,1,1,0,2,1,0,1,2,2,2,1,1,2,2,0,2,2,1,1,0,1,1,2,0,0,0,1,2,1,2,1,2,2,1,2,1,0,1,2,2,1,1,0,0,2,2,0,1,0,2,2,1,1,2,2,0,1,0,0,1,1,0,2,0,2,1,2,1,0,2,2,1,2,0,1,1,0,1,1,2,2,1,0,0,1,0,1,1,1,0,1,1,1,0,0,1,0,0,0,0,2,0,2,0,0,0,0,1,1,1,1,1,0,2,1,0,2,1,2,0,1,0,1,1,0,0,0,0,0,1,329,187
674,Female,0,3,287,9.4,0,0,0,1,0,0,0,0,1,0,0,1,0,0,0,0,0,0,0,0,0,0,0,0,0,0,0,0,0,0,0,0,0,0,1,0,0,0,0,0,0,0,0,0,0,0,0,0,0,0,0,0,0,0,0,1,0,1,1,1,0,1,0,0,1,1,0,1,1,1,0,0,0,0,0,0,0,0,0,0,1,0,0,0,0,0,1,0,0,0,0,0,0,0,0,0,0,0,0,0,0,1,1,0,0,0,0,0,0,0,0,0,0,0,0,0,0,0,0,0,0,0,0,0,0,1,0,0,0,0,0,0,0,0,1,0,1,0,0,0,1,0,0,0,1,0,0,0,0,0,0,0,0,0,0,0,0,0,0,0,0,0,0,0,0,1,0,0,0,0,0,0,0,0,1,0,0,0,1,0,0,0,0,0,0,1,1,0,0,0,0,0,0,0,0,1,0,0,1,1,0,0,0,0,0,0,0,0,0,0,0,0,0,0,0,0,0,0,0,0,0,0,0,0,0,0,0,0,1,0,0,0,0,1,0,1,1,0,0,1,1,0,0,0,0,0,1,0,0,1,1,0,0,1,0,1,1,0,1,0,0,0,0,0,0,0,0,0,0,0,0,0,0,0,1,0,0,0,0,0,1,0,0,1,0,1,0,0,0,0,0,0,0,1,0,0,0,1,0,0,0,0,0,0,0,0,0,0,0,0,0,0,0,0,0,0,0,0,1,1,0,1,1,0,0,0,1,0,0,0,0,0,1,0,0,0,0,0,0,0,0,0,0,0,0,0,0,0,1,0,0,0,0,1,0,0,0,0,0,0,0,0,0,0,0,0,0,0,1,0,0,0,0,0,0,0,0,0,0,0,0,0,0,0,0,0,0,0,0,0,0,0,0,0,0,0,0,0,0,0,0,0,0,0,0,0,0,0,0,0,0,0,0,0,0,0,1,0,60,0
674,Female,0,3,493,16.2,1,1,0,1,1,1,1,1,1,1,1,2,1,1,1,1,1,1,1,1,1,1,1,1,1,1,1,1,1,1,1,1,1,1,2,1,1,1,1,1,1,1,1,1,1,1,1,1,1,1,1,1,1,1,1,1,1,1,1,1,1,1,1,1,1,1,1,1,1,1,1,1,1,1,2,1,1,0,1,1,1,1,1,1,1,1,1,1,1,1,1,0,0,1,1,1,1,1,2,1,1,1,1,1,1,2,1,1,1,1,1,1,1,1,1,1,1,1,1,1,0,0,1,0,0,1,0,1,0,1,0,1,1,1,1,1,1,1,1,1,1,1,1,0,1,1,1,0,1,1,0,1,1,1,1,1,1,1,1,0,1,1,1,1,1,1,0,0,1,1,1,1,1,0,1,1,0,0,1,0,1,1,1,0,1,1,2,2,0,0,0,0,0,1,1,1,1,0,1,1,0,1,0,0,1,0,0,1,0,1,1,1,1,0,1,1,0,1,1,1,1,1,0,0,1,1,0,1,1,1,1,0,0,1,1,2,1,1,1,2,2,0,0,1,1,1,2,1,1,1,1,1,1,2,1,1,2,1,1,1,2,1,1,2,1,1,1,1,1,1,1,0,0,1,1,0,1,1,1,0,1,0,0,1,0,1,0,0,0,0,0,0,0,1,0,0,0,1,0,0,1,1,1,1,1,1,1,1,1,1,1,1,0,1,0,1,1,1,1,1,2,1,1,1,1,1,1,1,1,0,1,1,2,1,1,1,1,1,1,1,1,1,1,1,1,1,1,1,1,1,1,1,1,1,1,1,1,1,1,0,1,1,1,1,1,1,1,1,1,1,1,1,1,1,2,1,1,1,1,1,2,1,1,1,1,1,1,1,1,1,1,1,1,1,1,1,1,1,1,1,1,1,1,1,1,1,2,1,2,1,2,1,1,1,1,1,1,1,352,22
674,Female,0,3,568,18.7,2,2,1,2,2,2,2,2,2,1,2,2,1,1,2,2,1,1,2,1,2,1,2,1,2,1,2,1,1,1,1,1,1,1,2,1,1,1,2,1,1,1,2,1,1,1,1,2,2,2,2,1,2,2,1,2,1,2,2,2,2,2,2,2,2,2,2,2,2,2,1,1,1,1,2,1,1,0,2,2,2,2,1,1,1,1,2,1,1,2,1,1,1,2,2,1,2,2,2,2,1,1,2,1,1,2,2,2,1,2,1,2,2,2,2,2,2,1,1,1,2,2,1,1,1,2,1,1,1,2,1,2,1,2,1,1,2,1,2,1,2,2,1,0,1,1,1,0,2,1,0,1,1,2,1,1,1,1,1,0,2,2,2,1,1,2,1,1,2,2,1,1,1,1,2,2,1,1,2,1,2,2,1,1,2,2,2,2,2,1,1,1,1,2,1,2,2,2,1,1,1,1,1,2,1,1,1,1,1,1,1,1,2,1,1,1,1,1,2,2,1,1,0,0,1,1,0,1,1,1,1,0,0,1,1,2,1,1,1,2,2,1,1,1,2,1,2,1,1,2,2,1,2,2,2,2,2,2,2,1,2,2,1,2,1,1,1,1,1,1,2,1,1,2,2,1,2,1,2,1,2,2,1,1,1,2,1,1,2,1,1,1,1,1,1,1,1,2,1,1,2,1,1,1,2,1,1,1,1,1,1,1,1,1,1,1,2,2,1,2,2,2,2,1,1,1,2,2,2,1,1,1,2,2,1,1,1,1,1,1,2,1,1,1,2,1,1,1,2,1,1,1,2,1,1,1,1,1,1,1,1,1,1,1,1,1,1,1,1,1,1,1,1,1,2,1,1,1,1,1,2,1,1,1,1,1,1,1,1,2,1,1,1,1,1,1,1,1,2,1,1,1,2,1,1,1,2,2,2,1,2,1,1,1,1,1,1,1,408,153
679,Male,0,2,508,16.7,0,0,0,0,0,0,0,0,0,0,0,0,0,0,0,0,0,0,0,0,0,0,0,0,0,0,0,0,0,0,0,0,0,0,0,0,0,0,0,0,0,0,0,0,0,0,0,0,0,0,0,0,0,0,0,0,0,1,0,0,1,0,0,0,1,0,1,1,0,0,0,0,0,0,0,0,0,0,0,0,0,0,0,0,0,0,1,0,0,0,0,0,0,0,0,0,0,0,0,0,0,0,0,0,0,0,0,0,0,0,0,0,0,0,0,0,0,0,0,0,0,0,0,0,0,0,0,0,0,0,0,0,0,0,0,0,0,0,0,0,0,0,0,0,0,0,0,0,0,0,0,0,0,0,0,1,0,0,0,0,0,0,0,0,0,0,0,0,0,0,0,0,0,0,0,0,0,0,0,0,0,0,0,0,0,0,0,0,0,0,0,0,0,1,0,0,0,0,0,0,0,0,0,0,0,0,0,0,0,0,0,0,0,0,0,0,0,0,0,1,0,0,0,0,2,2,0,0,2,0,0,0,0,0,0,0,0,0,0,2,0,0,0,0,0,0,2,0,0,2,2,0,0,1,2,0,2,0,2,0,2,0,0,0,1,0,0,0,0,0,0,0,0,0,1,0,0,0,1,0,0,0,0,0,0,0,0,0,2,0,0,0,0,0,0,0,0,0,0,0,1,0,0,0,0,0,0,0,0,0,0,0,0,0,0,0,1,1,0,0,0,0,0,0,0,0,0,0,0,0,0,0,0,0,0,0,0,0,0,0,0,0,0,0,0,0,0,0,0,0,0,0,0,0,0,0,0,0,0,0,0,0,0,0,0,0,0,0,0,0,0,0,0,0,0,0,0,0,0,0,0,0,0,0,0,0,0,0,0,0,0,0,0,0,0,0,0,0,0,0,0,0,0,1,0,0,0,0,0,0,0,0,0,0,0,0,0,0,29,12
679,Male,0,2,530,17.4,0,0,0,0,2,0,0,0,0,0,0,0,0,0,0,0,0,0,0,0,0,0,0,0,0,0,0,0,0,0,0,0,0,1,0,0,0,0,0,0,0,0,0,0,0,0,0,0,0,0,0,0,0,1,0,0,0,1,0,0,1,0,0,0,1,0,2,1,0,0,0,0,0,0,0,0,0,0,0,0,0,0,0,0,0,0,1,0,0,0,0,0,0,0,0,0,0,0,0,0,0,0,0,0,0,0,0,0,0,0,0,0,0,0,0,0,0,0,0,0,0,0,0,0,0,0,0,0,0,0,0,0,0,0,1,0,0,0,0,0,0,0,0,0,0,0,0,0,0,0,0,0,0,0,0,1,0,0,0,0,0,0,0,0,0,0,0,0,0,0,0,0,0,0,0,0,0,0,0,0,0,0,0,0,0,0,0,0,0,0,0,0,0,1,0,0,0,0,0,0,0,0,0,0,0,0,0,0,0,0,0,0,0,0,0,0,0,0,0,1,0,0,0,0,2,2,0,0,2,0,0,0,0,0,0,0,0,0,0,2,0,0,0,0,0,0,2,0,0,2,2,0,0,1,2,0,2,0,2,0,2,0,0,0,1,0,0,0,0,0,0,0,0,1,1,0,0,0,1,0,0,0,0,0,0,0,0,0,2,0,0,0,0,0,0,0,0,1,0,0,1,0,0,0,0,0,0,0,1,0,0,0,0,0,0,0,1,1,0,0,0,0,0,0,0,0,2,1,0,0,0,0,0,0,0,0,0,0,0,0,0,0,0,0,0,0,0,0,2,0,0,0,0,0,0,0,0,0,0,0,0,0,0,0,0,0,0,0,0,0,0,0,0,0,0,0,0,0,0,0,0,0,0,0,0,0,0,0,0,0,0,0,0,0,0,0,0,0,0,0,0,0,0,1,0,0,0,0,0,0,0,0,0,0,0,0,0,0,39,16
680,Male,0,2,504,16.6,2,2,1,1,1,2,1,2,2,0,2,1,0,2,2,1,2,1,1,1,1,0,1,0,2,1,2,1,1,1,1,0,0,1,1,1,1,1,1,0,1,1,1,1,1,0,2,1,1,2,0,0,1,1,1,1,1,2,2,1,2,2,0,0,0,0,1,2,1,0,0,1,1,0,2,0,0,0,1,0,2,1,1,0,1,0,2,1,1,0,0,0,1,1,1,1,0,2,1,2,1,1,2,1,1,1,1,1,2,1,0,1,1,1,1,0,1,1,1,0,2,1,0,0,1,2,0,0,0,1,0,2,2,2,2,1,1,1,1,1,1,2,1,0,1,1,0,0,0,1,0,1,0,2,1,1,1,0,1,0,2,1,1,2,0,1,1,0,2,1,1,0,0,0,0,1,1,0,1,2,0,1,0,0,2,1,1,1,1,0,1,2,0,1,0,0,0,1,0,1,0,2,0,1,1,0,0,0,0,1,1,0,0,1,0,0,0,0,2,1,1,1,1,0,2,0,0,0,2,0,0,0,0,0,0,2,2,0,0,2,2,0,0,0,2,1,2,1,0,1,1,1,0,1,1,0,1,1,1,0,2,1,0,1,0,0,0,0,0,0,0,0,0,0,1,0,1,0,1,0,0,1,0,0,0,0,0,0,0,0,1,0,0,1,0,0,2,1,0,0,1,0,0,1,0,0,0,0,1,0,0,0,0,0,0,0,0,1,1,0,0,1,1,0,0,0,1,1,0,0,0,0,2,0,0,0,2,0,1,0,0,0,1,0,0,0,0,1,0,1,1,0,0,1,0,0,0,1,0,0,0,1,0,0,0,1,1,0,1,0,2,0,0,0,0,0,0,0,0,0,1,0,0,0,0,0,0,0,0,0,0,0,0,0,0,0,0,0,0,0,0,0,0,0,0,0,1,0,0,0,0,0,0,0,0,0,0,0,205,54
680,Male,0,2,650,21.4,2,2,2,1,2,2,1,2,2,1,2,1,1,2,2,2,2,2,2,2,2,0,2,0,2,2,2,2,2,2,2,1,1,2,2,2,2,2,2,0,1,2,2,1,1,0,2,2,2,2,1,2,2,2,1,1,2,2,2,1,2,2,1,1,1,1,2,2,2,2,2,2,2,0,2,2,2,2,2,1,2,1,1,2,2,2,2,2,2,2,2,1,2,2,2,2,1,2,2,2,1,2,2,2,2,2,1,2,2,2,1,2,2,2,2,1,2,2,2,0,2,2,0,1,2,2,0,1,1,2,1,2,2,2,2,2,2,1,2,2,1,2,1,1,1,2,1,1,2,2,0,2,2,2,2,2,2,2,2,1,2,2,2,2,1,2,2,2,2,2,2,1,1,1,1,2,1,2,2,2,2,2,1,1,2,2,2,2,2,0,1,2,1,2,1,0,2,1,2,2,1,2,1,2,2,1,0,2,0,1,2,1,2,1,2,1,1,2,2,2,2,2,1,0,2,1,0,0,2,0,1,0,0,0,0,2,2,0,1,2,2,0,0,0,2,2,2,2,0,2,1,1,0,2,2,0,2,2,2,2,2,1,0,1,1,2,0,0,2,0,1,1,0,1,1,0,1,1,2,1,1,1,1,0,1,1,0,0,1,1,1,1,1,1,1,1,2,2,0,1,1,0,0,1,1,1,1,0,1,1,1,0,0,1,0,1,1,1,1,0,1,2,1,0,0,1,2,1,2,1,2,0,2,0,0,0,2,1,1,0,1,0,2,0,1,0,0,1,1,2,1,0,1,1,1,1,0,1,0,0,0,2,0,0,1,1,1,1,1,1,2,0,0,0,0,0,0,0,0,0,2,0,0,0,0,0,0,0,0,0,0,0,0,0,0,0,0,0,0,0,0,0,0,0,0,0,2,0,0,0,2,0,0,0,0,0,0,0,311,186
684,Male,0,2,442,14.5,0,0,0,0,0,0,0,0,1,0,2,0,0,0,0,0,0,0,0,0,1,0,1,0,0,0,0,0,0,0,0,0,0,0,0,0,0,0,0,0,0,0,0,0,0,0,0,0,0,0,0,0,0,0,0,0,0,0,0,0,1,0,0,0,0,1,0,1,0,0,0,0,0,0,0,0,0,0,1,0,0,0,0,0,0,0,1,0,0,0,0,0,0,0,0,0,0,0,0,0,0,0,0,0,0,0,0,0,0,0,0,0,0,0,0,0,0,0,0,0,0,0,0,0,0,1,0,0,0,1,0,1,0,0,0,0,0,0,1,0,0,0,0,0,0,0,0,0,0,0,0,0,0,0,0,1,0,0,0,0,0,0,0,0,0,0,0,0,0,0,0,0,0,0,0,0,0,0,0,0,0,0,0,0,0,0,1,0,0,0,0,0,0,0,0,1,0,0,0,0,0,0,0,0,0,0,0,0,0,0,0,0,0,0,0,0,0,0,0,1,0,0,0,0,1,0,0,0,1,0,0,0,0,0,0,1,1,0,0,1,0,0,0,0,1,1,1,1,0,1,2,1,0,0,0,0,0,0,0,0,0,0,0,1,0,1,0,0,0,0,0,0,0,0,0,0,0,0,1,0,0,0,0,0,0,1,0,0,0,0,0,0,0,0,0,0,0,0,0,0,0,0,0,0,0,0,0,0,0,0,0,0,0,0,0,0,0,1,0,0,0,0,0,0,0,0,0,0,0,0,0,0,0,0,0,0,0,0,0,0,0,0,0,0,0,0,0,0,0,0,0,0,0,0,0,0,0,1,0,0,0,0,0,0,0,0,0,0,0,0,0,0,0,0,0,0,0,0,0,0,0,0,0,0,0,0,0,0,0,0,0,0,0,0,0,0,0,0,0,0,0,0,0,0,0,0,0,0,0,0,0,0,0,0,0,0,0,0,35,2
684,Male,0,2,531,17.5,1,2,0,0,1,1,0,0,2,1,2,1,0,0,0,1,0,0,1,0,1,0,1,0,0,1,0,0,1,0,0,0,0,1,1,0,0,0,1,0,0,1,0,0,0,0,0,1,0,1,0,0,1,1,0,1,1,1,0,0,1,1,0,0,1,1,0,1,1,0,0,0,0,0,1,0,0,0,1,0,0,0,0,0,1,0,1,0,1,0,0,0,0,1,0,0,0,0,1,0,0,0,0,0,0,0,0,0,0,0,0,1,2,0,0,0,0,0,0,0,0,1,0,0,0,1,0,1,0,1,1,1,0,0,1,1,1,0,1,0,1,1,0,0,1,1,0,0,0,0,0,0,0,0,1,1,1,0,0,0,0,1,0,0,1,1,0,0,0,0,0,1,1,0,1,0,0,0,1,1,0,1,0,0,1,0,1,1,1,0,0,0,0,1,0,1,0,0,0,0,0,1,0,1,0,0,0,0,0,0,0,0,0,0,0,0,0,0,1,1,1,1,0,0,1,0,0,0,1,0,0,0,0,0,0,1,1,0,0,1,0,0,0,0,1,1,1,1,0,1,2,1,0,0,2,0,0,0,0,0,0,0,0,1,0,1,0,0,0,0,1,0,0,0,1,0,0,0,1,0,0,1,0,0,0,1,1,0,0,0,0,0,0,0,0,0,0,0,0,0,0,0,0,0,1,0,0,0,0,0,0,0,0,0,0,1,0,1,1,0,0,1,1,0,0,1,0,0,0,0,0,0,2,0,0,0,0,1,0,0,0,0,0,0,1,0,0,1,0,0,0,0,0,1,0,0,0,1,0,0,0,0,0,0,0,0,0,1,0,0,0,0,0,0,0,0,0,0,0,0,0,0,0,0,0,0,0,0,0,0,0,0,0,0,0,0,0,0,0,0,0,0,0,0,0,0,0,0,0,0,0,0,0,0,0,0,0,0,113,7
685,Male,0,3,604,19.9,1,1,1,0,1,1,0,1,1,0,1,0,0,1,1,1,1,1,1,1,1,0,1,1,1,1,1,0,1,0,1,0,0,1,1,1,1,0,1,0,0,1,1,1,1,0,1,1,1,1,0,0,1,1,1,1,1,1,1,0,1,1,1,1,1,1,1,1,1,1,1,1,1,1,1,1,1,0,1,0,1,1,0,1,0,0,1,1,0,1,0,0,0,1,1,0,1,0,1,1,1,1,1,1,1,1,1,1,1,0,0,1,1,1,1,1,1,0,1,0,1,1,1,0,1,1,0,0,0,1,0,1,1,1,1,0,1,0,1,1,1,1,1,0,1,1,0,0,1,1,0,1,1,1,1,1,1,0,1,0,1,1,1,1,1,0,0,0,1,1,1,1,1,0,1,1,0,1,1,1,1,1,0,0,1,1,1,1,1,1,1,0,0,1,0,0,0,0,1,1,0,1,0,2,1,0,0,0,0,1,0,0,0,0,0,0,0,0,1,1,1,0,1,0,1,0,0,0,1,0,1,0,0,0,0,1,1,0,0,1,0,1,0,0,1,1,1,0,1,1,1,0,1,1,1,0,1,0,0,0,0,0,0,2,0,1,0,0,1,0,1,0,1,0,1,0,1,1,1,1,0,1,1,1,0,1,1,1,1,0,0,1,1,1,0,1,1,1,0,0,1,0,0,1,1,1,0,0,1,1,0,0,0,1,1,1,0,1,1,1,1,1,1,1,0,0,1,1,1,1,1,1,1,1,0,1,1,0,0,0,0,0,1,0,1,0,0,1,1,1,0,0,1,0,0,0,0,0,0,0,0,1,0,0,0,0,0,0,0,1,1,0,0,0,0,0,0,0,0,0,0,0,0,0,0,0,0,0,0,0,0,0,0,0,0,0,0,0,0,0,1,1,1,1,0,1,1,0,0,0,0,0,0,0,0,0,1,0,232,2
685,Male,0,3,713,23.4,1,2,1,0,1,1,1,2,2,0,1,0,1,1,1,1,1,1,1,1,1,0,1,1,2,1,1,1,1,0,1,1,1,1,1,1,1,1,1,1,1,1,1,1,1,0,1,1,1,1,1,1,1,1,1,1,1,1,1,1,1,1,1,1,1,1,1,1,1,1,1,1,1,1,1,1,1,1,1,1,1,1,0,1,1,0,1,1,0,1,0,0,1,1,1,1,1,1,1,1,1,1,1,1,1,1,1,1,1,1,1,1,1,1,1,1,1,1,1,1,1,1,1,1,1,1,1,1,1,1,1,1,1,1,1,1,1,1,1,1,1,1,1,0,1,1,0,0,1,1,0,1,1,1,1,1,1,1,1,0,1,1,1,1,1,1,1,1,1,1,1,1,1,1,1,1,0,1,1,1,1,1,1,0,1,1,1,1,1,1,1,1,0,1,1,0,1,1,1,1,0,1,1,2,1,1,1,1,0,1,1,1,1,1,1,1,1,1,1,1,1,1,1,0,1,1,0,1,1,0,1,0,0,0,1,1,1,1,1,2,0,1,0,0,1,1,1,1,1,1,1,1,1,1,1,0,1,1,1,1,1,1,0,2,1,1,1,1,1,1,1,1,1,1,1,1,1,1,1,1,1,1,1,1,1,1,1,1,1,0,1,1,1,1,1,1,1,1,1,1,1,1,1,1,1,1,1,1,1,1,1,1,1,1,1,1,1,1,1,1,1,1,1,1,0,1,1,1,1,1,1,1,1,1,1,1,1,1,1,1,1,1,1,1,1,1,0,1,1,1,1,1,1,1,1,1,0,1,0,1,0,1,0,0,1,1,1,1,1,1,1,0,0,0,1,1,0,1,0,1,1,0,0,0,1,0,0,0,0,1,0,0,0,0,0,0,1,1,1,1,1,1,1,1,0,1,1,0,1,0,1,1,0,0,0,0,1,1,352,7
685,Male,0,3,1045,34.4,1,2,2,2,1,2,2,2,2,0,2,1,1,2,2,2,2,1,2,1,2,2,2,2,2,2,2,2,1,1,2,1,1,2,2,2,2,2,2,1,1,2,2,2,2,1,2,1,2,2,1,1,2,2,1,1,2,2,2,1,2,2,1,2,2,2,2,2,1,1,1,2,2,1,2,1,2,1,2,2,2,1,1,2,2,0,2,2,1,2,1,1,2,2,1,1,1,1,2,2,1,2,2,1,2,2,2,2,2,2,2,2,2,1,1,1,1,1,1,1,1,2,1,1,1,1,1,1,1,2,1,2,2,1,2,1,2,1,2,1,1,2,1,1,1,1,0,0,2,1,0,1,2,2,2,2,1,2,2,0,2,1,2,2,1,2,2,2,2,2,2,1,2,2,2,2,1,2,2,2,2,2,1,0,2,1,2,1,2,1,2,2,1,2,1,0,2,1,2,1,0,2,2,2,1,1,2,1,0,1,1,1,1,1,1,1,2,1,1,1,1,1,2,0,2,1,0,1,2,2,1,0,2,0,1,2,2,1,1,2,0,1,0,0,2,1,2,1,1,1,1,1,1,2,2,0,1,2,2,2,2,2,0,2,1,1,1,1,1,1,1,2,1,1,1,1,1,1,1,1,1,1,1,1,1,2,1,1,2,0,1,2,1,2,1,2,1,2,1,1,2,2,1,2,2,1,2,1,2,2,1,1,1,2,1,1,1,1,1,1,2,2,2,1,0,1,2,2,2,2,1,1,2,1,1,2,2,1,1,1,2,2,1,1,1,1,0,1,1,2,1,1,2,1,2,1,0,1,0,1,0,2,1,1,1,1,1,1,2,2,2,0,0,0,1,1,0,1,1,1,1,0,1,1,1,1,1,1,0,1,1,1,1,1,2,1,1,1,2,1,1,1,1,2,0,1,2,1,1,0,1,1,1,1,1,0,1,1,384,176
688,Female,0,5,551,18.1,2,2,0,0,0,0,0,0,2,0,2,0,0,0,1,1,0,0,0,0,0,0,2,0,0,0,2,0,0,0,0,0,0,1,0,0,0,0,0,0,0,0,0,0,0,0,1,0,0,0,0,0,0,2,0,1,0,2,0,0,1,0,2,0,1,1,0,2,1,0,0,0,0,0,0,0,1,0,2,0,2,1,0,0,2,0,0,0,0,0,1,0,0,1,0,0,0,0,1,1,0,0,1,0,1,0,0,0,0,0,0,1,2,0,0,0,0,0,1,0,0,1,1,0,0,1,0,0,0,2,0,0,0,0,1,0,1,0,0,0,1,2,1,0,0,0,0,0,0,0,0,0,0,0,0,1,0,0,0,0,0,0,0,0,0,0,0,0,0,0,0,0,0,0,0,0,0,1,0,0,0,0,0,0,0,1,1,0,0,0,1,0,0,0,0,2,0,0,0,0,0,0,0,0,0,0,0,0,0,0,0,0,0,0,0,0,0,0,0,0,1,0,0,0,2,0,0,0,2,0,0,0,0,0,0,0,0,0,0,2,2,0,0,0,1,2,2,1,0,0,2,1,1,1,1,1,1,1,2,0,1,0,0,1,0,0,0,0,0,0,0,0,0,0,1,0,1,0,0,0,0,0,0,0,0,0,0,0,0,0,0,0,0,1,0,0,0,1,0,0,1,0,0,0,1,0,1,0,0,0,1,0,0,0,0,0,0,1,1,1,0,1,0,0,0,0,0,1,0,0,0,0,2,0,0,0,0,0,0,0,0,0,1,0,0,0,0,1,0,0,0,0,0,1,0,0,0,1,1,0,0,0,0,0,0,1,0,0,1,0,0,0,0,0,0,1,0,0,0,0,0,0,0,0,0,0,0,0,0,0,0,0,0,0,0,0,0,0,0,0,0,1,1,0,0,0,2,0,2,0,1,0,0,0,0,0,0,0,95,28
688,Female,0,5,648,21.3,2,2,0,2,2,2,1,1,2,1,2,1,1,0,1,1,1,1,1,0,1,0,2,0,1,0,2,0,1,0,1,0,1,1,1,0,0,0,0,0,1,2,0,0,1,0,1,1,0,2,0,0,0,2,0,1,2,2,1,0,1,0,2,1,1,1,1,2,1,0,0,0,1,1,1,1,1,0,2,0,2,1,2,1,2,1,1,1,1,0,1,0,0,1,1,0,1,1,2,2,1,1,1,1,1,1,1,1,0,1,0,1,2,2,1,1,1,0,1,1,0,1,1,0,1,1,0,1,0,2,0,2,0,0,1,1,1,1,1,0,1,2,1,0,1,1,0,0,1,0,0,1,0,1,1,1,0,1,1,0,2,1,2,1,1,2,0,0,0,0,0,1,2,0,0,1,1,1,2,1,0,2,0,2,2,1,1,1,0,0,1,0,0,2,0,2,0,0,0,0,0,2,0,1,0,0,0,0,0,0,0,0,0,0,0,0,0,0,2,1,2,0,0,0,2,1,0,1,2,0,0,0,0,0,1,2,2,0,0,2,2,0,0,1,1,2,2,1,0,2,2,1,1,2,1,1,2,2,2,1,2,0,0,1,0,1,0,0,2,0,0,0,1,1,1,0,1,0,2,0,0,0,1,1,0,0,0,0,1,0,0,0,0,1,0,0,0,2,0,0,1,2,0,0,1,1,1,0,0,0,1,0,0,1,0,1,1,1,1,1,0,1,2,0,0,0,1,1,0,1,1,0,2,0,0,0,0,0,0,0,0,0,1,0,0,0,0,1,2,0,1,0,0,1,0,0,0,1,1,0,1,0,0,0,0,1,0,1,1,0,0,0,2,0,0,2,2,0,0,0,1,0,0,0,0,0,0,0,0,2,0,0,0,0,0,0,0,0,0,0,1,1,1,0,0,0,2,0,2,0,1,0,0,0,0,0,0,0,215,68
688,Female,0,5,704,23.1,2,2,0,2,2,2,2,2,2,2,2,2,1,0,2,1,2,2,2,0,2,0,2,1,2,0,2,2,1,0,1,0,1,2,2,0,0,0,1,0,1,2,0,0,1,0,1,1,2,2,0,0,0,2,0,1,2,2,2,0,2,2,2,2,2,2,1,2,2,0,0,0,1,1,2,1,2,0,2,0,2,1,2,1,2,1,2,1,1,1,1,2,2,2,2,2,1,2,2,2,2,2,1,1,2,2,2,2,0,1,2,2,2,2,2,2,1,0,2,1,1,2,2,0,1,2,1,1,0,2,0,2,0,0,2,1,2,1,2,1,2,2,1,1,1,1,0,1,2,1,0,1,1,1,1,1,2,2,2,0,2,1,2,2,1,2,0,0,1,0,1,2,2,1,0,1,1,2,2,2,0,2,0,2,2,2,2,2,1,0,2,0,0,1,2,2,1,1,0,1,1,2,0,1,0,0,0,0,0,1,0,0,1,2,0,0,0,0,2,1,2,0,0,1,2,1,0,1,2,0,1,0,0,0,1,2,2,1,0,2,2,1,1,1,2,2,2,1,1,2,2,1,1,2,2,1,2,2,2,2,2,1,2,2,1,1,1,1,2,0,1,0,1,1,2,0,1,0,2,1,0,0,1,1,1,0,1,2,1,1,0,1,1,2,1,1,0,2,0,1,1,2,0,1,1,1,1,0,1,1,2,1,0,2,1,1,1,1,1,2,2,1,2,1,0,1,1,2,1,1,1,1,2,1,0,0,1,0,1,2,1,1,2,0,1,0,0,1,2,0,1,0,2,1,1,1,0,1,1,0,1,0,2,0,1,1,1,1,2,1,0,2,2,2,0,2,2,0,1,0,2,0,0,0,0,0,0,2,0,2,2,2,2,0,1,0,0,2,1,0,1,2,2,2,0,1,2,2,2,0,0,1,0,0,1,0,1,1,307,159
688,Female,0,5,837,27.5,2,2,0,2,2,2,2,2,2,2,2,2,2,2,2,2,2,2,2,0,2,2,2,2,2,2,2,2,2,0,2,0,2,2,2,2,0,2,2,2,2,2,2,0,2,0,2,2,2,2,0,2,2,2,0,2,2,2,2,2,2,2,2,2,2,2,2,2,2,2,2,2,2,2,2,2,2,0,2,2,2,2,2,2,2,2,2,2,2,2,2,2,2,2,2,2,1,2,2,2,2,2,2,2,2,2,2,2,2,2,2,2,2,2,2,2,2,2,2,2,2,2,2,0,2,2,2,2,1,2,0,2,2,2,2,2,2,2,2,2,2,2,2,2,2,2,2,1,2,1,0,2,2,2,2,2,2,2,2,0,2,2,2,2,2,2,2,0,2,1,2,2,2,2,2,2,2,2,2,2,2,2,2,2,2,2,2,2,2,2,2,2,2,2,2,2,2,2,1,2,2,2,2,2,2,2,0,2,2,2,2,0,2,2,0,2,2,2,2,2,2,2,2,1,2,2,1,2,2,2,2,1,1,2,2,2,2,2,2,2,2,2,2,2,2,2,2,2,2,2,2,2,1,2,2,2,2,2,2,2,2,2,2,2,2,1,1,1,2,2,2,2,2,2,2,2,2,0,2,1,2,2,1,1,2,2,1,2,2,2,2,2,2,2,2,2,2,2,2,2,2,2,2,2,2,2,2,1,2,2,2,2,1,2,2,2,2,2,2,2,2,2,2,2,2,2,2,2,1,2,2,1,2,2,2,2,2,2,2,2,2,2,2,1,2,2,2,2,2,2,2,1,2,1,2,2,0,2,2,1,2,2,2,0,2,2,2,2,2,2,2,2,2,2,2,2,2,2,2,2,2,2,1,0,0,1,0,2,2,2,2,2,2,2,2,2,2,2,2,1,1,2,2,2,2,2,2,2,2,0,2,2,2,0,1,2,1,2,392,360
688,Female,0,5,970,31.9,2,2,0,2,2,2,2,2,2,2,2,2,2,2,2,2,2,2,2,2,2,2,2,2,2,2,2,2,2,0,2,2,2,2,2,2,2,2,2,2,2,2,2,2,2,0,2,2,2,2,0,2,2,2,2,2,2,2,2,2,2,2,2,2,2,2,2,2,2,2,2,2,2,2,2,2,2,2,2,2,2,2,2,2,2,2,2,2,2,2,2,2,2,2,2,2,1,2,2,2,2,2,2,2,2,2,2,2,2,2,2,2,2,2,2,2,2,2,2,2,2,2,2,2,2,2,2,2,2,2,2,2,2,2,2,2,2,2,2,2,2,2,2,2,2,2,2,2,2,1,1,2,2,2,2,2,2,2,2,2,2,2,2,2,2,2,2,0,2,2,2,2,2,2,2,2,2,2,2,2,2,2,2,2,2,2,2,2,2,2,2,2,2,2,2,2,2,2,2,2,2,2,2,2,2,2,2,2,2,2,2,0,2,2,2,2,2,2,2,2,2,2,2,2,2,2,2,2,2,2,2,1,2,2,2,2,2,2,2,2,2,2,2,2,2,2,2,2,2,2,2,2,1,2,2,2,2,2,2,2,2,2,2,2,2,2,2,2,2,2,2,2,2,2,2,2,2,2,2,2,2,2,2,2,2,2,2,2,2,2,2,2,2,2,2,2,2,2,2,2,2,2,2,2,2,2,2,2,2,2,2,2,2,2,2,2,2,2,2,2,2,2,2,2,2,2,2,2,2,2,2,2,2,2,2,2,2,2,2,2,2,2,2,2,2,2,2,2,2,2,2,2,2,2,2,2,2,2,2,2,2,2,2,1,2,2,2,2,2,2,2,2,2,2,2,2,2,2,2,2,2,2,2,2,2,2,2,2,2,2,2,2,2,2,2,2,2,2,2,2,2,2,2,2,2,2,2,2,2,2,2,2,2,2,2,2,2,2,412,406
690,Male,0,2,608,20,2,1,1,2,1,2,2,2,2,2,2,2,0,2,2,1,1,1,2,1,1,1,1,1,1,1,1,1,1,1,1,1,1,2,1,1,1,1,1,1,1,1,1,1,1,1,1,1,1,1,1,1,1,1,1,1,1,2,1,2,1,2,0,1,1,0,1,1,1,1,2,1,1,1,1,1,1,1,1,0,1,0,1,1,1,0,2,1,0,1,0,1,0,1,1,1,1,1,2,2,1,1,1,1,1,1,1,1,1,1,1,1,1,1,1,0,1,0,1,1,1,2,1,1,1,1,1,1,0,1,1,1,1,2,2,1,2,1,1,1,1,1,0,0,1,1,0,0,0,0,0,0,0,0,0,1,0,0,1,0,1,1,1,1,0,0,0,0,1,1,1,1,1,1,1,1,0,1,1,1,1,1,0,0,2,1,1,2,1,1,1,0,0,2,1,0,1,1,0,1,1,1,1,1,1,1,1,1,1,1,1,1,1,1,1,1,1,1,1,0,1,1,0,1,1,0,1,0,2,0,1,0,0,1,0,2,1,0,0,2,0,0,0,1,2,1,2,1,1,1,2,1,1,1,1,1,2,1,1,0,1,1,0,1,1,2,1,1,1,0,1,1,1,1,1,1,1,1,1,1,1,1,1,1,1,1,1,1,1,1,1,0,1,1,1,1,1,1,1,1,1,1,1,1,1,1,1,1,1,1,1,1,1,1,1,1,1,1,1,0,1,1,1,1,1,1,1,1,1,1,1,1,1,0,1,1,1,1,1,1,1,1,1,0,0,1,0,1,1,1,1,0,1,1,0,1,0,0,0,0,0,1,1,0,0,1,1,1,1,1,1,1,1,1,1,1,0,0,0,1,1,0,1,1,1,0,0,0,0,1,0,0,0,0,1,1,1,1,1,0,1,1,1,1,1,1,1,1,1,1,0,0,1,0,1,1,1,1,328,35
690,Male,0,2,667,21.9,2,2,2,2,1,2,2,2,2,2,2,2,1,2,2,2,2,1,2,1,2,2,2,1,2,1,2,1,1,1,1,1,1,2,2,1,1,1,2,1,1,2,1,2,1,1,1,1,2,1,1,1,2,2,1,1,2,2,1,2,1,2,1,1,1,1,1,1,2,2,2,1,1,1,1,1,0,0,2,2,2,1,2,1,1,0,2,1,0,2,1,1,2,1,1,1,1,1,2,2,1,1,1,1,1,2,1,1,2,1,1,2,2,2,1,0,1,0,1,1,1,2,1,1,1,1,1,1,0,2,1,1,1,2,2,1,2,1,1,1,1,2,1,0,1,1,1,0,1,1,1,1,1,1,1,1,1,1,1,1,1,1,1,2,1,1,0,0,1,1,1,1,2,1,1,1,0,1,2,1,1,1,0,1,2,2,1,2,1,1,1,1,1,2,1,0,1,1,1,1,1,1,1,1,1,1,1,1,1,1,1,1,1,1,1,1,1,1,1,1,1,1,0,1,1,0,1,0,2,1,1,0,1,1,1,2,1,1,0,2,1,0,0,1,2,1,2,1,1,1,2,1,1,2,1,1,2,1,1,0,1,1,0,1,1,2,1,1,1,0,1,1,1,1,1,1,2,1,1,1,1,1,1,1,1,1,1,1,2,1,1,0,1,1,1,1,2,1,1,1,1,1,1,1,1,1,1,1,1,1,1,1,1,1,1,1,1,1,1,1,1,1,1,1,1,1,1,1,1,1,1,1,1,1,1,1,1,1,1,1,1,1,1,0,0,1,0,1,2,1,1,0,1,1,0,1,0,0,0,0,0,1,1,0,0,1,1,1,1,1,1,1,1,1,1,1,0,0,0,1,1,0,1,1,1,0,0,0,0,1,1,1,1,1,1,1,1,1,1,0,1,1,1,1,1,1,2,1,1,1,0,0,1,0,1,1,1,1,369,77
691,Male,0,4,340,11.2,0,0,0,0,0,0,0,0,0,0,0,0,0,0,0,0,0,0,0,0,0,0,0,0,0,0,0,0,0,0,0,0,0,0,0,0,0,0,0,0,0,0,0,0,0,0,0,0,0,0,0,0,0,0,0,0,0,0,0,0,0,0,0,0,0,0,0,0,0,0,0,0,0,0,0,0,0,0,0,0,0,0,0,0,0,0,0,0,0,0,0,0,0,0,0,0,0,0,0,0,0,0,0,0,0,0,0,0,0,0,0,0,0,0,0,0,0,0,0,0,0,0,0,0,0,0,0,0,0,0,0,0,0,0,0,0,0,0,0,0,0,0,0,0,0,0,0,0,0,0,0,0,0,0,0,0,0,0,0,0,0,0,0,0,0,0,0,0,0,0,0,0,0,0,0,0,0,0,0,0,0,0,0,0,0,0,0,0,0,0,0,0,0,0,0,0,0,0,0,0,0,0,0,0,0,0,0,0,0,0,0,0,0,0,0,0,0,0,0,0,0,0,0,0,0,0,0,0,1,0,0,0,0,1,0,0,0,0,0,1,0,0,0,0,0,0,0,0,0,0,0,0,0,0,0,0,0,0,0,0,0,0,0,0,0,0,0,0,0,0,0,0,0,0,0,0,0,0,0,0,0,0,0,0,0,0,0,0,0,0,0,0,0,0,0,0,0,0,0,0,0,0,0,0,0,0,0,0,0,0,0,0,0,0,0,0,0,0,0,0,1,0,0,0,0,0,0,0,0,0,0,0,0,0,0,0,0,0,0,0,0,0,0,0,0,0,0,0,0,0,0,0,0,0,0,0,0,0,0,0,0,0,0,0,0,0,0,0,0,0,0,0,0,0,0,0,0,0,0,0,0,0,0,0,0,0,0,0,0,0,0,0,0,0,0,0,0,0,0,0,0,0,0,0,0,0,0,0,0,0,0,0,0,0,0,0,0,0,4,0
691,Male,0,4,646,21.2,2,1,1,2,2,1,1,1,2,0,1,2,0,0,0,0,0,0,2,0,0,0,2,0,0,0,2,0,0,0,1,0,0,1,1,0,0,0,0,1,1,0,0,0,0,0,0,1,0,0,1,0,1,1,0,1,1,1,0,0,1,0,0,1,2,0,0,1,1,0,0,1,0,1,0,0,0,0,1,0,0,0,0,0,1,0,1,0,1,1,0,0,0,0,1,0,0,0,1,1,0,0,1,0,0,0,0,0,0,0,0,1,0,1,0,0,0,0,0,0,0,1,0,0,0,1,0,0,0,0,0,0,0,0,1,1,1,1,0,0,1,1,0,0,0,0,0,0,0,0,0,0,0,0,0,0,0,0,0,0,0,0,0,0,0,1,0,0,0,0,0,0,0,0,1,0,1,0,0,2,0,1,1,0,0,0,0,0,0,1,1,0,0,1,0,0,0,0,0,1,0,0,0,0,0,0,0,1,0,0,0,0,0,0,0,0,0,0,0,1,0,0,0,0,1,0,0,0,1,0,0,0,0,1,0,0,0,0,0,1,1,0,0,0,1,0,2,0,0,2,2,1,1,1,1,0,0,0,0,0,2,0,0,1,0,0,0,0,0,0,0,0,0,0,1,0,0,0,0,0,0,0,0,0,0,1,0,0,0,0,0,0,0,1,0,0,0,1,0,0,0,0,0,0,0,0,0,0,0,0,0,0,0,0,0,0,0,1,0,0,1,0,0,0,0,0,0,1,0,0,0,0,1,0,0,0,0,0,0,0,0,0,1,0,0,0,0,0,0,0,0,0,0,0,0,0,0,1,0,0,0,0,0,0,0,0,0,0,0,0,0,0,0,0,0,0,0,0,0,0,0,0,0,0,0,0,0,0,0,0,0,0,0,0,0,0,0,0,0,0,0,0,1,0,0,0,0,0,0,1,0,0,0,0,0,0,0,0,91,14
691,Male,0,4,655,21.5,2,1,1,2,2,1,1,1,2,0,1,2,0,0,0,0,0,0,2,0,0,0,2,0,0,0,2,0,0,0,1,0,0,1,1,0,0,0,0,1,1,0,0,0,0,0,0,1,0,0,1,0,1,1,0,1,1,1,1,0,1,0,0,1,2,0,0,1,1,0,0,1,0,1,0,0,0,0,1,0,0,0,0,0,1,0,1,0,1,1,1,0,0,1,1,0,1,0,1,1,0,0,1,0,1,1,0,0,0,0,0,1,0,1,0,0,0,0,0,0,1,1,0,0,0,1,0,0,0,0,0,0,0,0,1,1,1,1,0,0,1,1,0,0,0,0,0,0,0,0,0,0,0,0,0,0,0,0,0,1,0,0,0,0,0,1,0,0,0,0,0,0,0,0,1,0,1,0,0,2,0,1,1,0,0,0,0,0,0,1,1,0,0,1,0,0,0,0,0,1,0,1,0,0,0,0,0,1,0,0,0,0,0,0,0,0,0,0,0,1,0,0,0,0,2,0,0,0,2,0,0,0,0,1,0,0,0,0,0,2,1,0,0,0,1,0,2,0,0,2,2,1,1,1,1,0,0,0,0,0,2,0,0,1,0,0,0,0,0,0,0,0,0,0,1,0,0,0,0,0,0,0,0,0,0,1,0,0,0,0,0,0,0,1,0,0,0,1,0,0,0,0,0,0,0,0,1,0,0,0,0,0,0,0,0,1,0,1,0,0,1,0,0,0,0,0,0,1,0,0,0,0,1,0,0,0,0,0,0,0,0,0,1,0,0,0,0,0,0,0,0,0,1,0,0,0,0,1,0,0,0,0,0,0,0,0,0,0,1,0,0,0,0,0,0,0,0,0,0,0,0,0,0,0,0,0,0,0,0,0,0,0,0,0,0,0,0,0,0,0,0,0,1,0,0,0,0,0,0,1,0,0,0,0,0,0,0,0,104,17
691,Male,0,4,835,27.4,2,2,1,2,2,1,2,1,2,1,1,2,1,0,0,1,1,1,2,2,1,0,2,0,1,0,2,0,0,0,1,0,0,1,2,0,0,0,1,1,1,0,1,0,0,0,0,2,0,2,1,1,2,2,1,1,2,2,1,0,2,1,0,1,2,1,1,2,2,1,0,1,0,1,1,1,2,0,1,1,1,1,0,0,2,0,1,1,1,1,1,1,0,2,1,0,1,0,1,2,1,1,1,0,2,1,0,2,0,1,0,2,0,1,2,0,2,0,2,0,1,2,0,0,2,2,0,1,0,2,0,1,1,0,1,1,2,1,0,0,1,1,0,0,1,1,1,0,0,0,0,1,0,0,0,1,0,0,0,2,0,0,0,1,0,1,0,0,1,0,0,0,1,0,1,0,1,1,0,2,0,2,1,0,1,1,1,0,0,1,1,1,0,1,0,0,1,0,0,1,0,1,0,0,0,0,0,1,0,0,1,0,0,0,0,0,1,0,2,1,1,1,0,0,2,0,0,0,2,1,1,0,0,2,1,1,0,0,0,2,2,0,0,0,1,1,2,0,0,2,2,1,1,2,2,0,0,2,1,0,2,1,0,2,1,1,0,0,0,0,0,0,0,1,1,0,1,1,2,0,0,1,0,0,1,1,1,1,0,1,0,0,0,1,0,0,0,2,0,0,2,1,1,1,0,0,1,0,1,0,0,0,0,1,0,1,1,1,1,0,1,1,0,0,0,0,0,1,0,1,0,0,1,1,0,0,0,0,1,0,1,0,1,0,1,0,0,1,1,0,0,0,2,0,2,0,0,1,0,0,0,0,0,0,0,0,0,0,1,0,0,0,0,0,2,0,0,0,1,0,1,0,0,0,0,0,0,0,0,0,0,0,0,0,0,0,0,0,0,1,0,0,1,0,0,1,0,0,0,1,2,0,0,0,0,0,0,1,203,61
692,Female,0,2,707,23.2,2,2,0,0,2,2,2,2,2,0,2,2,0,0,2,2,0,0,2,0,2,0,2,0,2,2,0,2,2,0,0,0,0,2,2,2,0,0,2,0,0,1,2,0,0,0,0,1,1,1,0,0,2,2,0,2,2,2,2,0,2,1,2,2,2,0,2,2,2,0,0,1,2,0,2,2,2,0,2,0,0,0,2,0,2,0,2,2,2,2,2,2,2,2,2,0,2,2,2,2,1,2,2,0,1,2,2,2,2,1,0,2,1,2,2,2,2,2,1,1,1,2,1,1,1,2,2,1,0,2,0,2,1,0,2,0,2,1,2,0,2,2,0,0,2,1,0,0,2,0,0,2,0,2,1,1,1,2,0,0,2,1,2,0,0,2,0,0,2,0,2,2,2,1,0,2,0,0,2,2,0,2,2,0,2,2,0,2,0,0,0,2,0,2,0,2,2,0,0,0,0,2,0,2,0,2,0,0,0,2,0,0,0,0,0,0,0,2,2,2,2,1,0,0,2,1,0,0,2,0,0,0,0,2,2,2,2,0,2,2,2,0,0,2,2,0,2,0,2,2,2,0,0,2,1,2,2,2,2,0,1,0,0,2,0,0,0,0,1,0,0,2,0,2,1,0,2,2,2,0,0,0,1,0,0,2,0,2,0,0,0,0,0,2,0,2,0,2,0,0,1,0,0,1,1,1,0,0,1,0,1,0,0,0,1,1,1,2,0,2,1,2,2,0,0,1,1,0,1,0,0,0,2,1,0,0,0,2,0,0,1,0,2,0,0,0,0,1,1,0,0,0,2,0,0,0,0,0,0,0,0,2,0,0,0,2,0,2,2,0,2,0,0,0,0,0,0,0,0,0,0,0,0,0,0,0,0,0,0,2,0,2,2,0,0,2,0,0,0,0,0,2,2,2,0,0,2,0,2,0,2,0,0,2,0,0,0,0,214,165
692,Female,0,2,742,24.4,2,2,0,0,2,2,2,2,2,0,2,2,0,0,2,2,2,1,2,2,2,0,2,0,2,2,2,2,2,0,2,0,0,2,2,2,2,2,2,0,0,1,2,0,2,0,2,1,1,1,1,0,2,2,0,2,2,2,2,0,2,2,2,2,2,0,2,2,2,0,2,1,2,0,2,2,2,0,2,0,2,0,2,2,2,0,2,2,2,2,2,2,2,2,2,2,2,2,2,2,1,2,2,2,1,2,2,2,2,1,0,2,2,2,2,2,2,2,1,1,2,2,2,2,2,2,2,2,0,2,0,2,2,2,2,2,2,1,2,2,2,2,0,0,2,2,0,0,2,0,0,2,2,2,2,1,2,2,2,0,2,1,2,2,0,2,0,2,2,2,2,2,2,2,2,2,0,2,2,2,0,2,2,0,2,2,2,2,2,2,0,2,1,2,0,2,2,0,0,0,0,2,0,2,2,2,0,2,0,2,2,0,2,0,0,0,2,2,2,2,2,2,2,0,2,2,0,0,2,0,0,0,0,2,0,2,2,0,2,2,2,0,0,2,2,1,2,0,2,2,2,0,0,2,1,2,2,2,2,0,2,1,2,2,2,2,0,1,2,0,2,2,1,2,1,0,2,2,2,0,2,2,1,0,2,2,2,2,2,1,1,0,1,2,0,2,1,2,0,2,2,1,1,1,1,1,1,1,2,0,2,1,0,0,1,1,2,2,0,2,1,2,2,0,0,2,2,1,1,0,2,0,2,2,0,0,2,2,1,1,2,0,2,0,0,0,0,1,1,2,2,0,2,0,0,0,0,2,0,0,0,2,2,1,0,2,0,2,2,2,2,0,0,0,0,0,0,0,0,0,0,0,0,0,0,0,0,2,0,2,2,2,2,0,2,2,0,0,0,2,2,2,2,2,2,2,2,0,2,0,2,0,2,2,0,0,0,0,290,245
695,Female,0,3,549,18,0,0,0,0,0,0,1,0,2,0,0,0,0,0,0,0,0,0,2,0,0,0,0,0,1,0,1,0,0,0,0,0,0,0,0,0,0,0,0,0,0,0,0,0,0,0,0,0,0,0,0,0,0,1,0,0,0,2,0,0,1,0,0,0,0,0,0,1,1,0,0,0,0,0,0,0,0,0,0,0,0,0,0,0,2,0,0,0,0,0,0,0,0,0,0,0,0,0,0,0,0,0,0,0,0,0,0,1,1,0,0,1,1,0,0,1,0,0,1,0,0,0,0,0,0,1,0,0,0,2,0,0,0,0,0,0,1,0,0,0,0,0,0,0,1,0,0,0,0,0,0,0,0,0,0,1,0,0,0,0,0,0,0,0,0,0,0,0,0,0,0,0,0,0,0,0,0,0,0,0,0,0,0,0,1,0,1,0,0,0,1,0,0,0,0,1,0,0,0,0,0,0,0,0,0,0,0,0,0,0,0,0,0,0,0,0,0,0,0,0,0,0,0,0,1,0,0,0,2,0,0,0,0,0,0,0,0,0,0,1,0,0,0,0,0,0,1,0,1,0,0,0,0,1,1,0,0,0,0,0,0,1,0,0,0,0,0,1,0,0,0,0,0,0,0,0,0,0,0,0,0,0,0,0,0,0,0,0,0,0,0,0,0,0,0,0,0,0,0,0,2,0,0,0,0,0,0,0,0,0,0,0,0,0,0,1,0,0,0,0,0,0,0,0,0,0,0,0,0,0,0,0,2,0,0,0,0,0,1,0,0,0,0,0,0,0,0,0,1,0,0,0,0,0,0,0,0,1,0,0,0,0,0,0,0,0,0,0,1,0,0,0,0,0,1,0,0,0,0,0,0,0,0,0,0,0,0,0,0,0,0,0,0,0,0,0,0,0,0,0,0,0,0,0,1,0,0,0,0,0,0,0,0,0,0,0,0,0,44,8
695,Female,0,3,625,20.5,0,0,0,2,0,0,1,2,2,0,2,2,0,0,0,0,0,0,2,0,0,0,1,0,1,1,1,0,0,0,0,0,0,0,0,0,0,0,1,0,0,0,0,0,0,0,0,0,0,0,0,0,0,1,0,0,0,2,1,0,1,0,0,0,0,0,0,2,1,0,0,0,0,0,0,0,0,0,0,0,0,0,0,0,2,0,2,0,0,0,0,0,0,0,0,0,1,0,1,0,0,0,0,0,0,0,0,1,1,0,0,1,1,0,1,1,0,0,1,0,0,1,0,0,0,1,0,0,0,2,0,0,0,0,0,0,1,0,0,0,0,0,0,0,1,0,0,0,1,0,0,0,0,0,0,1,0,0,0,0,0,0,0,0,0,0,0,0,0,0,0,0,0,0,0,0,0,0,0,0,0,0,0,0,1,0,1,0,0,0,1,0,0,0,0,1,0,0,0,0,0,2,0,0,0,2,0,0,0,0,0,0,0,0,0,0,0,0,1,0,0,0,0,0,2,0,0,0,2,0,0,0,0,0,0,0,0,0,0,2,0,0,0,0,0,0,1,0,1,0,0,0,0,1,2,0,0,0,0,0,0,1,0,0,0,0,0,1,0,0,0,0,0,0,2,0,0,0,0,0,0,0,0,0,0,0,0,0,0,0,0,0,0,1,0,0,0,1,0,0,2,0,0,0,0,0,0,0,0,0,0,1,0,0,0,1,0,0,0,1,0,0,0,0,0,0,0,0,0,0,0,0,2,0,0,0,0,0,1,0,0,0,0,0,0,0,0,0,1,0,0,0,0,0,0,0,0,1,0,0,0,0,0,0,0,0,0,0,1,0,0,0,0,0,1,0,0,0,0,0,0,0,0,0,0,0,0,0,0,0,0,0,0,0,0,0,0,0,0,0,0,0,0,0,1,0,0,0,0,0,2,0,0,0,0,0,0,0,67,21
695,Female,0,3,738,24.3,2,2,0,2,0,2,2,2,2,0,2,2,0,2,2,2,2,0,2,2,2,0,2,0,2,1,2,0,1,0,2,0,0,1,2,1,2,0,2,0,0,1,2,0,2,0,2,2,2,1,0,0,0,2,0,0,2,2,2,0,2,2,0,0,2,2,2,2,2,0,2,2,2,0,2,2,2,1,0,0,2,1,2,0,2,0,2,0,0,2,0,0,0,0,1,0,1,0,2,2,2,0,0,1,0,2,2,1,2,0,0,2,1,2,2,2,2,0,2,0,1,1,0,0,0,2,0,0,0,2,0,2,1,0,1,0,1,1,1,0,1,2,0,0,1,1,1,0,2,0,0,0,0,2,0,1,0,0,0,0,0,1,2,2,0,0,0,0,2,2,2,1,0,1,0,0,1,0,0,1,0,2,0,1,1,1,1,1,0,0,1,2,0,2,0,1,0,0,0,1,0,2,0,0,1,2,0,0,0,1,0,0,0,1,0,1,0,0,2,1,1,0,0,0,2,2,0,0,2,0,0,0,0,0,1,1,0,0,0,2,0,0,0,0,0,1,2,1,1,2,0,1,1,2,2,0,0,2,1,0,1,1,0,2,0,1,0,1,0,0,0,1,0,0,2,0,1,1,0,0,1,2,0,0,1,0,1,0,1,0,0,1,0,1,0,1,0,1,0,0,2,0,0,2,1,0,0,0,1,0,1,1,0,0,0,2,0,1,1,1,1,0,0,0,0,0,0,0,0,0,0,0,2,1,0,0,2,0,1,0,2,0,2,0,0,0,0,0,1,1,1,0,2,0,2,0,0,1,0,0,2,2,0,0,0,0,0,0,1,2,2,0,0,0,1,0,2,0,0,0,0,0,0,0,0,0,0,0,0,0,2,0,0,0,0,0,2,0,0,0,1,1,1,0,1,0,1,0,2,0,2,0,0,0,0,0,0,0,197,109
696,Male,0,2,714,23.5,2,2,1,1,2,2,2,2,2,2,2,2,2,2,2,2,2,2,2,2,2,0,2,2,2,2,2,2,2,0,2,0,2,2,2,2,1,1,2,2,1,2,1,2,1,0,0,2,1,2,2,2,2,2,2,2,2,2,2,1,2,2,1,2,2,2,2,1,2,2,2,2,2,1,2,0,2,2,2,2,1,2,2,2,2,0,2,2,2,1,2,2,2,2,2,2,1,1,2,2,1,2,2,1,1,2,2,2,2,2,0,2,2,2,2,0,2,2,2,1,2,2,1,0,2,2,2,2,2,2,2,2,2,1,2,2,2,2,2,1,2,2,2,0,0,2,0,0,0,2,0,2,1,2,1,2,2,2,2,2,2,2,2,1,2,2,1,2,1,1,1,2,2,1,1,2,1,2,2,2,1,2,1,0,2,2,2,2,1,0,2,2,0,2,2,0,1,1,2,2,0,2,0,2,0,0,1,1,2,1,1,0,1,1,1,1,2,2,2,2,1,2,1,1,2,2,1,1,2,1,0,1,1,0,2,2,0,2,2,2,0,2,0,2,2,2,2,2,2,2,2,2,1,2,2,0,2,2,2,0,2,1,2,2,1,1,2,1,1,0,1,1,2,2,2,0,2,1,2,2,2,2,2,1,2,2,2,1,2,1,1,2,2,1,1,2,2,1,0,2,2,2,1,2,2,1,2,1,2,1,2,1,0,2,1,2,2,2,1,1,2,1,2,1,1,2,1,2,1,1,2,1,2,2,1,2,0,2,1,2,0,2,2,0,2,2,0,0,1,0,2,0,2,0,1,2,0,2,0,0,0,0,2,2,2,0,0,0,2,2,0,0,0,0,0,0,0,0,0,2,2,1,0,0,0,1,1,2,0,2,2,2,2,1,1,1,0,0,2,1,2,2,2,1,1,1,2,0,1,1,2,1,1,2,0,1,0,1,348,243
696,Male,0,2,741,24.4,2,2,1,2,2,2,2,2,2,2,2,2,2,2,2,2,2,2,2,2,2,0,2,2,2,2,2,2,2,0,2,1,2,2,2,2,1,1,2,2,1,2,1,2,1,0,0,2,1,2,2,2,2,2,2,2,2,2,2,1,2,2,2,2,2,2,2,2,2,2,2,2,2,2,2,0,2,2,2,2,1,2,2,2,2,0,2,2,2,2,2,2,2,2,2,2,2,1,2,2,2,2,2,1,2,2,2,2,2,2,0,2,2,2,2,0,2,2,2,1,2,2,1,0,2,2,2,2,2,2,2,2,2,2,2,2,2,2,2,2,2,2,2,0,0,2,0,0,0,2,0,2,1,2,2,2,2,2,2,2,2,2,2,1,2,2,1,2,2,1,2,2,2,2,1,2,1,2,2,2,1,2,1,0,2,2,2,2,2,0,2,2,0,2,2,0,1,1,2,2,0,2,0,2,1,0,1,1,2,1,1,0,1,1,1,1,2,2,2,2,2,2,2,2,2,2,1,1,2,2,1,1,1,0,2,2,2,2,2,2,0,2,0,2,2,2,2,2,2,2,2,2,1,2,2,0,2,2,2,2,2,1,2,2,2,1,2,1,2,1,1,1,2,2,2,0,2,2,2,2,2,2,2,1,2,2,2,1,2,2,1,2,2,1,1,2,2,2,0,2,2,2,1,2,2,1,2,2,2,1,2,1,1,2,1,2,2,2,1,2,2,2,2,1,1,2,1,2,2,1,2,1,2,2,1,2,0,2,1,2,1,2,2,2,2,2,0,0,1,0,2,0,2,2,1,2,0,2,0,0,0,0,2,2,2,1,0,2,2,2,0,0,2,0,0,0,2,0,0,2,2,1,0,0,0,1,1,2,2,2,2,2,2,2,2,1,0,0,2,1,2,2,2,1,1,1,2,0,1,1,2,1,2,2,0,1,0,1,363,282
698,Female,1,3,726,23.9,2,2,0,0,2,2,0,2,0,2,2,0,1,1,1,2,2,2,2,1,2,0,2,1,2,2,1,2,2,0,1,0,0,2,2,2,0,1,2,2,0,2,2,0,1,1,1,2,1,1,0,0,2,2,0,1,2,2,1,0,2,0,2,1,2,1,1,2,1,1,0,1,1,1,1,1,1,2,1,0,2,1,1,0,2,0,1,1,2,1,2,1,1,1,1,0,0,1,2,2,1,1,1,0,1,1,1,2,1,1,1,1,1,1,1,0,1,1,1,1,0,1,1,0,1,1,0,1,0,1,0,1,1,0,1,1,1,0,1,0,1,1,0,0,1,1,0,0,0,0,0,1,0,1,1,1,1,0,0,1,0,1,1,0,2,0,0,0,2,0,2,1,1,1,2,2,1,1,1,0,1,1,0,0,0,1,1,1,1,1,0,0,1,1,1,0,1,0,0,0,0,1,0,1,1,2,0,1,0,1,0,0,1,0,1,0,0,0,1,1,0,0,0,0,2,1,0,0,2,1,0,0,0,0,1,0,0,1,1,2,0,0,0,0,1,1,2,1,0,2,2,1,1,2,2,0,2,2,2,1,2,1,0,1,1,0,0,1,0,1,0,0,1,1,1,0,1,0,1,0,0,1,0,0,0,1,0,1,2,0,1,0,0,0,0,1,0,1,0,0,2,1,0,2,1,0,1,1,1,1,1,1,0,1,1,2,1,1,1,2,2,1,0,0,1,1,0,1,1,1,0,1,1,1,1,1,1,1,1,1,1,1,1,1,1,1,0,1,1,1,2,1,1,1,0,1,0,1,1,1,0,1,0,1,0,1,1,0,1,1,1,0,2,1,1,1,1,2,1,2,1,1,0,0,0,0,0,0,0,0,1,1,0,0,1,0,0,2,2,0,1,0,0,1,0,0,1,1,2,0,1,0,0,0,0,0,0,0,269,72
698,Female,1,3,762,25,2,2,0,0,2,2,0,2,2,2,2,2,1,1,1,2,2,2,2,1,2,0,2,1,2,2,1,2,2,0,1,0,0,2,2,2,0,1,2,2,1,2,2,0,1,1,1,2,1,1,0,0,2,2,0,1,2,2,2,0,2,0,2,1,2,1,1,2,2,1,0,2,2,1,2,1,2,2,1,0,2,1,1,1,2,0,1,1,2,1,2,1,1,1,2,1,0,1,2,2,1,1,1,0,1,1,1,2,2,1,1,2,2,1,1,0,1,1,1,1,0,1,1,0,1,1,0,1,0,2,0,2,1,0,1,1,1,1,1,0,1,1,0,0,1,1,0,0,1,0,0,1,0,1,1,1,1,0,0,1,2,1,1,1,2,2,1,0,2,0,2,1,1,1,2,2,1,1,2,1,1,2,0,1,1,1,1,1,1,1,1,0,1,1,1,1,1,0,0,0,1,1,0,1,1,2,0,1,0,1,1,0,1,0,1,1,0,1,1,1,1,0,0,0,2,1,0,0,2,2,0,0,0,0,1,0,0,1,1,2,0,2,1,0,1,1,2,1,0,2,2,1,1,2,2,0,2,2,2,1,2,1,0,1,1,1,1,1,0,1,0,0,1,1,1,0,1,1,1,1,0,1,0,0,0,1,0,1,2,0,1,1,0,0,0,1,0,1,1,1,2,2,0,2,1,0,1,1,1,1,1,1,0,1,1,2,1,1,1,2,2,1,0,1,1,1,2,1,1,1,1,1,1,1,1,1,2,1,1,1,1,1,1,1,1,1,0,1,1,1,2,1,1,1,0,1,0,2,1,1,0,1,0,1,1,1,1,1,1,1,1,0,2,1,1,1,1,2,1,2,1,1,0,0,0,0,0,1,0,1,1,1,1,1,1,0,0,2,2,0,1,1,1,1,1,1,1,1,2,1,1,1,0,1,1,0,0,0,316,96
698,Female,1,3,922,30.3,2,2,1,2,2,2,2,2,2,2,2,2,2,2,2,2,2,2,2,2,2,0,2,1,2,2,1,2,2,0,1,0,1,2,2,2,2,2,2,2,1,2,2,1,1,1,1,2,1,1,0,0,2,2,1,1,2,2,2,1,2,2,2,1,2,2,2,2,2,1,0,2,2,1,2,1,2,2,1,1,2,2,2,1,2,1,1,1,2,1,2,1,1,2,2,1,0,1,2,2,1,1,1,0,1,1,1,2,2,1,1,2,2,1,1,0,2,1,1,1,0,1,2,0,1,1,0,1,0,2,0,2,1,0,2,1,1,1,1,0,1,1,0,0,1,1,1,0,1,0,0,1,0,1,1,1,1,0,0,1,2,1,1,1,2,2,1,0,2,2,2,2,2,1,2,2,1,2,2,2,1,2,1,1,1,1,1,1,1,1,1,0,1,1,1,1,1,0,0,0,1,1,0,1,1,2,0,1,0,1,1,0,1,0,1,1,0,1,1,1,1,0,0,0,2,2,1,1,2,2,1,1,0,1,1,1,1,1,1,2,0,2,1,0,1,1,2,1,2,2,2,1,1,2,2,0,2,2,2,1,2,1,1,1,1,1,1,1,0,1,1,0,1,1,1,0,1,1,1,1,1,1,0,1,0,1,0,1,2,0,1,1,0,0,1,1,0,1,1,1,2,2,1,2,1,1,1,1,1,1,1,1,1,1,1,2,1,1,1,2,2,1,1,1,1,1,2,1,1,1,1,1,1,1,1,1,2,1,1,1,1,1,1,1,1,1,0,1,1,1,2,1,1,1,0,2,0,2,1,1,1,1,1,1,1,1,1,1,1,1,1,1,2,1,1,1,1,2,1,2,1,1,0,0,0,0,0,1,0,1,1,1,1,1,2,1,1,2,2,0,1,1,1,1,1,1,1,1,2,1,1,1,0,1,1,0,0,0,352,122
701,Male,0,6,447,14.7,0,0,0,0,0,0,0,0,0,0,0,0,0,0,0,0,0,0,0,0,0,0,0,0,0,0,0,0,0,0,0,0,0,0,0,0,0,0,0,0,0,0,0,0,0,0,0,0,0,0,0,0,0,0,0,0,0,0,0,0,0,0,0,0,0,0,0,0,0,0,0,0,0,0,0,0,0,0,0,0,0,0,0,0,0,0,0,0,0,0,0,0,0,0,0,0,0,0,0,0,0,0,0,0,0,0,0,0,0,0,0,0,0,0,0,0,0,0,0,0,0,0,0,0,0,0,0,0,0,0,0,0,0,0,0,0,0,0,0,0,0,0,0,0,0,0,0,0,0,0,0,0,0,0,0,0,0,0,0,0,0,0,0,0,0,0,0,0,0,0,0,0,0,0,0,0,0,0,0,0,0,0,0,0,0,0,0,0,0,0,0,0,0,0,0,0,0,0,0,0,0,0,0,0,0,0,0,0,0,0,0,0,0,0,0,0,0,0,0,0,0,0,0,0,0,0,0,0,2,0,0,0,0,0,0,0,0,0,0,2,0,0,0,0,0,0,2,0,0,0,2,0,0,2,0,0,0,0,0,0,0,0,0,0,0,0,0,0,0,0,0,0,0,0,0,0,0,0,0,0,0,0,0,0,0,0,0,0,0,0,0,0,0,0,0,0,0,1,0,0,0,0,0,0,0,0,0,0,0,0,0,0,0,0,0,0,0,0,0,0,0,0,0,0,0,0,0,0,0,0,0,0,1,0,0,0,0,0,0,0,0,0,0,0,0,0,0,0,0,0,0,0,0,0,0,0,0,0,0,0,0,0,0,0,0,0,0,0,0,0,0,0,0,0,0,0,0,0,0,0,0,0,0,0,0,0,0,0,0,0,0,0,0,0,0,0,0,0,0,0,0,0,0,0,0,0,0,0,0,0,0,0,0,0,0,0,0,0,7,5
701,Male,0,6,523,17.2,0,0,0,1,1,0,0,1,1,0,1,1,1,0,0,1,1,0,1,0,0,0,1,0,1,0,0,0,0,0,1,1,0,0,1,1,0,0,0,0,0,0,0,0,0,0,0,0,0,0,0,0,0,1,0,1,0,1,1,0,1,0,0,0,0,1,0,1,1,0,0,0,0,0,1,0,0,0,1,0,0,0,0,0,0,0,1,0,0,0,0,0,1,1,1,0,0,0,1,1,0,0,0,0,0,0,0,1,0,0,0,1,1,0,1,1,0,0,1,0,0,1,0,0,0,1,0,0,0,1,0,1,1,0,1,0,1,0,0,1,1,1,1,0,0,0,0,0,0,0,0,0,0,0,0,1,0,0,0,0,0,0,0,0,0,0,0,0,0,0,0,1,0,0,0,0,0,0,0,0,0,1,1,0,1,0,1,1,1,0,0,0,1,1,0,0,0,0,0,1,0,0,0,1,1,0,0,1,0,0,0,0,0,1,0,0,0,0,1,1,1,1,0,0,1,0,1,0,2,0,0,0,0,0,0,0,1,0,0,2,1,0,0,0,1,1,2,0,0,2,2,1,0,2,1,1,1,1,2,0,2,1,0,1,1,1,0,0,0,0,0,0,0,1,1,0,1,0,1,0,0,1,0,0,1,1,0,0,0,0,0,0,0,1,0,0,0,1,0,0,1,0,0,1,1,0,0,0,0,0,0,1,0,0,0,1,1,1,0,1,1,0,0,0,0,0,0,1,0,0,0,0,1,1,0,0,0,0,1,0,0,0,0,0,0,0,0,1,1,0,0,0,1,1,0,0,0,0,0,0,0,0,0,0,0,0,0,1,0,0,0,0,1,0,1,0,1,0,0,0,2,0,0,0,0,0,0,1,1,0,0,1,0,0,1,0,0,1,2,0,1,1,1,1,0,1,1,0,1,1,1,0,0,0,0,0,1,0,138,10
701,Male,0,6,546,17.9,1,0,0,1,1,1,0,1,1,0,1,1,1,0,1,1,1,1,1,1,1,0,1,0,1,0,2,0,0,0,1,1,0,0,1,1,0,0,1,0,0,1,0,0,0,0,0,0,0,1,0,1,1,1,0,1,0,1,1,1,1,0,1,0,1,1,1,1,1,0,0,1,0,0,1,0,1,0,1,0,1,1,0,0,0,0,1,0,0,0,0,0,1,1,1,1,0,0,1,1,1,1,1,0,0,1,1,1,1,0,0,1,1,1,1,1,0,1,1,0,0,1,0,1,0,1,0,1,0,1,0,1,1,0,1,0,1,1,0,1,1,1,1,0,0,1,0,0,1,0,0,0,0,0,1,1,0,0,0,0,0,0,0,0,0,0,0,0,0,0,1,1,0,0,0,0,0,1,0,1,0,1,1,0,1,1,1,1,1,0,0,0,1,1,1,0,0,0,0,1,0,0,0,1,1,0,0,1,0,1,0,0,0,1,0,0,0,0,1,1,1,1,0,0,1,1,1,0,2,0,0,0,0,0,0,0,1,0,0,2,1,0,0,0,1,1,2,0,0,2,2,1,0,2,1,1,1,1,2,1,2,1,0,1,1,1,0,0,0,0,0,0,0,1,1,0,1,0,1,0,1,1,1,0,1,1,1,0,1,0,0,1,0,1,0,0,0,1,1,0,1,0,0,1,1,1,0,1,0,0,0,1,0,0,0,1,1,1,1,1,1,0,0,0,0,0,1,1,1,0,1,0,1,1,0,0,0,0,1,0,0,0,1,0,1,0,0,1,1,0,0,0,1,1,0,0,0,0,0,0,0,0,0,0,0,0,0,1,0,1,0,0,1,0,1,0,1,0,0,0,2,0,0,0,0,0,0,1,1,0,0,1,1,0,1,0,0,1,2,0,1,1,1,1,0,1,1,1,1,1,1,0,0,0,0,0,1,0,198,11
701,Male,0,6,603,19.8,1,0,0,2,1,2,1,1,2,2,1,1,1,0,1,1,1,1,2,1,1,0,2,1,2,0,2,1,1,0,1,1,0,0,1,1,0,1,1,0,0,1,0,0,1,0,0,1,0,1,0,1,1,1,0,1,0,1,1,1,1,1,1,1,1,1,1,1,1,0,0,1,0,0,1,1,1,0,1,0,2,1,1,0,0,0,1,0,0,1,0,0,1,1,1,1,1,1,1,1,1,1,1,0,1,1,1,1,1,0,0,1,1,1,1,1,0,1,1,0,1,1,0,1,0,1,0,1,0,1,0,1,1,1,2,0,2,1,0,1,1,1,1,0,0,1,0,0,1,1,0,0,0,1,1,1,1,0,0,0,0,1,1,0,0,0,0,0,0,0,1,1,0,0,1,1,0,1,0,1,1,1,1,0,1,1,1,1,1,0,0,0,1,1,1,0,1,0,0,1,0,0,0,1,1,1,0,1,0,1,0,0,0,1,0,1,0,0,1,1,2,1,0,1,1,1,1,0,2,0,1,0,0,0,0,0,1,0,0,2,1,0,0,0,1,1,2,1,1,2,2,1,0,2,1,1,1,1,2,2,2,1,1,1,1,1,0,0,0,0,0,0,0,1,1,0,1,1,1,0,1,1,1,1,1,1,1,0,1,1,1,1,0,1,0,0,0,1,1,1,1,0,1,1,1,1,0,1,1,0,1,1,0,1,0,1,1,1,1,1,1,1,0,1,0,0,1,1,1,1,1,0,2,1,0,0,0,1,1,1,0,1,1,1,1,0,0,1,1,0,1,1,1,1,0,0,0,0,1,0,0,0,1,0,0,1,1,1,1,1,0,0,1,0,1,2,1,0,0,0,2,0,1,0,1,0,0,1,1,0,0,1,1,0,1,0,0,1,2,1,1,1,1,1,0,1,1,1,2,1,1,0,0,0,0,0,1,0,259,26
701,Male,0,6,637,20.9,1,1,0,2,1,2,1,1,2,2,1,1,1,1,2,1,1,1,2,1,1,0,2,1,2,1,2,1,1,1,1,1,0,1,1,1,1,1,1,1,1,1,1,0,1,0,1,1,1,1,0,1,1,2,0,1,1,1,1,1,1,1,1,1,1,1,1,1,1,1,0,1,0,1,1,1,1,0,1,1,2,1,1,0,0,0,1,1,1,1,1,0,1,1,1,1,1,1,1,1,1,1,1,1,1,1,1,1,1,1,0,1,1,1,1,1,0,1,1,0,1,1,0,1,0,1,0,1,1,1,1,1,1,1,2,1,2,1,1,1,1,1,1,0,0,1,0,0,1,1,0,0,1,1,1,1,1,1,1,0,1,1,1,0,1,0,0,1,1,1,1,1,1,0,1,1,0,1,1,1,1,1,1,0,1,1,1,1,1,0,1,0,1,1,1,0,1,0,0,1,0,1,0,1,1,1,0,1,1,1,0,0,1,1,0,1,0,0,1,1,2,1,1,1,1,1,1,0,2,0,1,0,0,0,1,0,1,1,1,2,2,1,0,0,2,1,2,1,1,2,2,1,0,2,1,1,1,1,2,2,2,1,1,1,1,1,1,1,1,1,1,0,1,1,1,0,1,1,1,1,1,1,1,1,1,1,1,1,1,1,1,1,1,1,1,1,1,1,1,1,1,1,1,1,1,1,1,1,1,1,1,1,1,1,1,1,1,1,1,1,1,1,1,1,1,1,1,1,1,1,1,0,2,1,0,1,0,1,1,1,1,1,1,1,1,0,1,1,1,0,1,1,1,1,1,1,0,1,1,0,1,0,1,0,0,1,1,1,1,1,0,1,1,1,1,2,1,1,1,1,2,1,1,1,1,1,1,1,2,0,1,1,2,1,1,1,1,1,2,1,1,1,1,1,2,1,1,1,2,1,1,1,1,1,1,1,1,0,348,33
701,Male,0,6,812,26.7,2,2,0,2,2,2,2,2,2,1,2,2,1,2,2,2,2,2,2,2,2,0,2,2,2,2,2,2,2,1,2,1,1,2,2,2,2,2,2,1,1,2,2,1,2,0,2,2,2,2,1,2,2,2,1,1,2,2,2,1,2,2,1,1,2,1,2,2,2,1,0,2,2,1,2,2,2,0,2,1,2,2,2,1,2,0,2,2,1,2,2,0,2,2,1,2,2,2,2,2,2,2,2,2,2,2,2,2,2,2,1,2,2,2,2,2,1,2,2,0,2,2,2,1,1,2,1,2,1,1,1,2,2,2,2,1,2,2,2,2,2,1,1,1,1,1,1,0,2,2,0,0,1,2,2,2,1,2,2,0,1,1,1,2,2,1,0,1,2,2,2,1,2,2,2,2,0,2,2,2,1,2,2,1,2,2,2,2,1,1,2,2,2,2,2,0,2,1,0,2,0,2,2,2,1,2,1,1,2,1,1,1,2,2,1,2,2,1,2,2,2,2,2,1,2,2,2,2,2,1,2,1,0,0,1,1,2,1,1,2,2,1,0,0,2,2,2,2,2,2,2,2,2,2,2,1,1,2,2,2,2,2,2,2,1,2,2,1,2,1,2,1,1,1,2,1,2,1,2,1,2,1,1,1,1,2,1,1,1,1,1,2,1,2,2,2,2,2,2,2,2,1,1,2,2,2,1,1,1,1,1,1,1,1,1,2,1,2,1,2,2,1,1,1,1,1,1,2,1,2,1,0,2,2,0,2,2,2,2,1,2,2,2,2,1,0,1,2,1,2,2,1,2,2,2,2,0,1,1,0,0,2,1,1,0,1,1,1,1,2,2,1,2,1,1,2,2,1,2,1,2,1,1,1,1,1,1,1,2,2,2,2,2,1,1,1,1,1,2,1,2,1,1,2,2,1,2,2,2,1,2,1,1,1,1,1,1,1,390,241
702,Male,0,2,283,9.3,0,0,0,0,0,0,0,0,0,0,0,0,0,0,0,0,0,0,0,0,0,0,0,0,0,0,0,0,0,0,0,0,0,0,0,0,0,0,0,0,0,0,0,0,0,0,0,0,0,0,0,0,0,0,0,0,0,0,0,0,0,0,0,0,0,0,0,0,1,0,0,0,0,0,0,0,0,0,1,0,0,1,0,0,0,0,0,0,0,0,0,0,0,0,1,0,0,0,0,0,0,0,0,0,0,0,0,0,0,0,0,0,0,0,0,0,0,0,0,0,0,0,0,0,0,0,0,0,0,0,0,0,0,0,1,0,1,0,0,0,0,0,0,0,0,0,0,0,0,0,0,0,0,0,0,0,0,0,0,0,0,0,0,0,0,0,0,0,0,0,0,0,0,0,0,0,0,0,0,0,0,1,0,0,0,0,1,0,0,0,0,0,0,0,0,0,0,0,0,0,0,0,0,0,0,0,0,0,0,0,0,0,0,0,0,0,0,0,0,0,0,0,0,0,0,0,0,0,1,0,0,0,0,0,0,0,0,0,0,1,1,0,0,0,0,0,1,0,0,0,1,0,1,0,0,0,1,0,0,0,0,0,0,0,0,0,0,0,0,0,0,0,0,0,1,0,0,0,0,0,0,0,0,0,0,0,0,0,0,0,0,0,0,0,0,0,0,0,0,0,0,0,0,0,0,0,0,0,0,0,0,0,0,0,0,0,0,0,0,0,0,0,0,0,0,0,1,0,0,0,0,0,1,0,0,0,0,0,0,0,0,0,0,0,0,0,0,0,0,0,0,0,0,0,0,0,0,0,0,0,0,0,0,0,0,0,0,0,0,0,0,0,0,0,0,0,0,0,0,0,0,0,0,0,0,0,0,0,0,0,0,0,0,0,0,0,0,0,0,0,0,0,0,0,0,0,0,0,0,0,0,0,0,0,0,0,0,0,18,0
702,Male,0,2,479,15.7,2,1,0,1,1,1,1,1,2,1,1,1,1,1,2,1,1,0,1,0,1,0,1,0,1,1,1,0,0,0,1,1,0,1,1,1,1,1,1,0,1,1,1,1,1,0,0,1,0,1,1,1,1,1,1,1,1,2,1,0,1,0,0,0,1,1,0,1,1,1,0,1,1,0,0,0,1,0,1,0,1,1,0,0,1,0,1,0,1,0,0,0,1,0,1,1,1,0,1,1,1,1,0,0,0,1,1,1,1,1,0,1,0,1,1,1,1,0,0,0,0,1,0,0,0,1,1,0,0,1,0,1,1,0,1,0,1,0,0,0,0,1,0,0,1,0,0,0,0,0,0,0,0,1,0,1,0,0,0,0,0,0,1,0,1,0,0,0,1,0,1,1,0,0,0,1,0,0,1,0,0,1,0,0,0,1,1,0,0,0,0,0,0,0,0,0,0,0,0,0,0,0,0,0,1,0,0,0,0,0,0,0,0,0,0,1,0,0,0,1,1,1,0,0,2,0,0,0,2,0,0,0,0,0,0,1,1,0,0,2,1,0,0,0,1,1,2,1,0,1,1,1,1,1,1,1,1,1,1,1,1,1,1,1,1,0,0,0,1,0,0,1,1,1,1,0,1,0,1,0,0,1,1,1,0,1,0,1,1,0,1,1,0,1,0,0,0,1,0,0,1,0,0,1,1,1,1,0,0,0,0,0,0,1,0,1,1,1,1,0,1,0,0,0,0,0,1,1,1,0,0,0,1,0,0,0,0,0,0,1,0,0,1,0,0,0,0,1,1,0,0,0,1,0,1,0,0,0,1,0,0,0,0,0,0,0,1,1,1,0,0,0,0,0,0,0,0,0,0,1,1,0,0,0,0,0,0,0,0,0,0,0,0,0,0,0,0,0,1,0,0,0,0,0,0,0,1,0,1,0,0,0,0,0,0,0,0,0,179,8
703,Female,0,2,568,18.7,1,1,0,2,1,1,1,1,2,1,1,1,0,1,0,1,1,0,1,0,1,0,1,0,1,1,1,1,0,0,1,0,0,1,1,0,0,0,1,0,0,1,0,1,1,0,1,1,0,1,1,1,1,1,1,1,1,2,1,0,1,2,1,1,1,0,2,1,1,1,0,1,0,1,2,0,1,0,1,0,1,1,1,1,1,0,1,1,1,1,1,0,0,1,1,1,1,0,1,1,1,1,1,1,1,2,1,1,1,1,0,1,1,2,1,1,0,1,1,1,2,1,0,0,1,1,0,1,0,1,0,1,0,0,1,1,1,0,1,1,0,1,0,0,1,1,0,0,1,1,0,1,0,1,1,1,1,1,1,0,1,1,1,0,1,1,0,1,1,0,0,1,1,0,0,0,0,0,1,1,1,1,0,0,1,1,1,1,1,0,1,0,0,1,0,1,1,0,0,1,0,1,0,2,0,1,0,1,0,1,1,0,1,0,0,1,0,1,1,1,1,1,0,0,1,0,0,0,2,0,0,0,0,0,0,2,2,0,0,1,0,0,0,0,1,1,2,1,1,2,0,1,0,2,2,0,2,0,2,0,1,1,0,1,0,0,0,1,0,0,1,1,1,0,1,0,1,1,1,0,0,1,0,0,1,1,1,1,2,1,1,0,0,0,0,0,0,1,0,0,1,0,0,1,1,0,0,1,0,0,0,1,0,0,0,1,0,1,1,1,1,0,1,0,0,1,1,0,0,0,0,0,2,0,0,0,0,1,1,0,0,0,1,0,1,0,0,1,1,0,0,0,0,0,0,0,0,0,1,0,0,0,0,0,0,0,0,0,1,0,0,0,0,0,1,0,0,0,0,0,0,0,0,0,0,0,0,0,0,0,0,0,0,1,0,0,0,0,1,0,0,0,0,0,0,0,1,0,1,0,1,0,0,0,0,0,0,0,212,21
703,Female,0,2,733,24.1,2,2,0,2,2,2,2,2,2,2,2,2,1,1,1,2,1,2,2,1,2,0,2,0,2,2,2,2,2,1,1,1,1,1,2,2,2,1,2,1,1,2,1,1,1,0,1,2,2,2,2,2,2,2,1,2,2,2,2,0,2,2,2,1,2,1,2,2,2,1,1,2,1,1,2,1,2,0,2,0,2,1,2,2,2,1,2,1,1,1,1,0,2,2,1,2,2,2,2,2,2,2,2,2,2,2,2,2,2,2,1,2,2,2,2,2,2,1,2,2,2,2,0,1,1,2,1,2,1,2,1,2,2,2,2,2,2,1,2,1,1,2,1,0,1,2,2,0,1,2,0,1,1,2,2,2,1,1,1,0,2,2,2,1,2,2,0,1,2,0,1,2,1,0,2,2,0,1,1,2,1,1,1,0,2,2,2,2,1,0,1,1,1,2,1,1,2,1,0,2,0,2,0,2,2,2,1,1,0,2,1,0,2,2,1,1,1,1,2,2,2,2,0,0,1,1,0,0,2,0,0,1,0,0,1,2,2,1,1,2,2,1,0,1,2,2,2,2,1,2,0,2,1,2,2,0,2,1,2,2,2,2,0,1,1,2,0,1,2,0,2,2,2,2,2,0,2,2,2,1,1,2,1,1,1,2,1,1,2,1,1,1,1,1,1,2,2,1,0,0,2,0,0,2,2,1,1,1,1,0,1,1,0,1,1,2,0,2,1,2,1,2,2,0,1,1,2,2,1,1,1,1,2,2,0,2,2,1,2,2,2,1,2,1,1,1,0,2,1,2,1,0,2,1,1,0,0,1,1,0,0,2,2,0,0,1,2,1,1,2,0,0,0,0,1,0,0,0,1,0,2,0,0,0,0,0,0,0,0,0,2,0,0,1,0,2,0,0,2,0,0,2,2,2,0,0,2,0,2,0,2,0,0,0,0,0,0,0,327,193
704,Female,0,2,266,8.7,0,0,0,0,0,0,0,0,0,0,0,1,0,0,0,0,0,0,0,0,0,0,0,0,0,0,0,0,0,0,0,0,0,0,0,0,0,0,0,0,0,0,0,0,0,0,0,0,0,0,0,0,0,0,0,0,0,0,0,0,0,0,0,0,0,0,0,0,0,0,0,0,0,0,0,0,0,0,0,0,0,0,0,0,0,0,0,0,0,0,0,0,0,0,0,0,0,0,0,0,0,0,0,0,0,0,0,0,0,0,0,0,0,0,0,0,0,0,0,0,0,0,0,0,0,0,0,0,0,0,0,0,0,0,1,0,0,0,0,0,0,0,0,0,0,0,0,0,0,0,0,0,0,0,0,0,0,0,0,0,0,0,0,0,0,0,0,0,0,0,0,0,0,0,0,0,0,0,0,0,0,1,0,0,0,0,0,0,0,0,0,0,0,0,0,0,0,0,0,0,0,0,0,0,0,0,0,0,0,0,0,0,0,0,0,0,0,0,0,0,0,0,0,0,0,0,0,0,1,0,0,0,0,0,0,0,0,0,0,1,1,0,0,0,0,1,1,0,0,0,0,0,0,0,1,0,1,0,0,0,0,0,0,0,0,0,0,0,0,0,0,0,0,0,0,0,0,0,0,0,0,0,0,0,0,0,0,0,0,0,0,0,0,0,0,0,0,0,0,0,0,0,0,0,0,0,0,0,0,0,0,0,0,0,0,0,0,0,0,0,0,0,0,0,0,0,0,0,0,0,0,0,0,0,0,0,0,0,0,0,0,0,0,0,0,0,0,0,0,0,0,0,0,0,0,0,0,0,0,0,0,0,0,0,0,0,0,0,0,0,0,0,0,0,0,0,0,0,0,0,1,0,0,0,0,0,0,0,0,0,0,0,0,0,0,0,0,0,0,0,0,0,0,0,0,0,0,0,0,0,0,0,0,0,0,0,0,0,11,0
704,Female,0,2,446,14.7,1,0,0,0,2,2,2,2,2,0,2,1,0,0,0,0,0,0,0,0,1,0,0,0,0,0,0,0,0,0,0,0,0,0,0,0,0,0,0,0,0,0,0,0,0,0,0,0,0,0,0,0,0,0,0,0,0,0,0,0,1,1,1,0,1,1,1,1,1,0,0,0,0,0,0,0,0,0,2,0,0,0,0,0,0,0,0,0,0,0,0,0,0,0,1,0,1,0,1,1,0,0,0,1,1,1,1,1,0,0,0,1,0,1,1,0,0,0,0,0,0,0,0,0,0,0,0,0,0,0,0,0,0,0,0,0,0,0,0,0,0,0,0,0,0,0,0,0,0,0,0,0,0,0,0,0,0,0,0,0,0,0,0,0,0,0,0,0,0,0,0,0,0,0,0,0,0,0,0,0,0,0,0,0,0,0,0,0,0,0,0,0,0,0,0,0,0,0,0,0,0,0,0,0,0,0,0,0,0,0,0,0,0,0,0,0,0,0,0,0,0,0,0,0,0,0,0,0,0,0,0,0,0,0,0,0,0,0,0,0,0,0,0,0,0,0,0,0,0,0,0,0,0,0,0,0,0,0,0,0,0,0,0,0,0,0,0,0,0,0,0,0,0,0,0,0,0,0,0,0,0,0,0,0,0,0,0,0,0,0,0,0,0,0,0,0,0,0,0,0,0,0,0,0,0,0,0,0,0,0,0,0,0,0,0,0,0,0,0,0,0,0,0,0,0,0,0,0,0,0,0,0,0,0,0,0,0,0,0,0,0,0,0,0,0,0,0,0,0,0,0,0,0,0,0,0,0,0,0,0,0,0,0,0,0,0,0,0,0,0,0,0,0,0,0,0,0,0,0,0,0,0,0,0,0,0,0,0,0,0,0,0,0,0,0,0,0,0,0,0,0,0,0,0,0,0,0,0,0,0,0,0,0,0,0,0,0,0,30,7
705,Female,0,4,538,17.7,0,0,0,0,0,0,1,0,0,0,0,1,0,0,0,0,1,0,0,0,0,0,1,0,0,0,0,0,0,0,0,0,0,0,0,0,0,0,0,0,0,0,0,1,0,0,0,0,0,0,0,0,0,1,0,1,0,1,1,0,1,0,1,1,0,0,1,1,1,0,0,1,0,0,0,0,0,0,0,0,0,0,0,0,1,0,0,0,0,0,0,0,0,0,0,1,1,0,0,0,0,0,0,0,0,0,1,1,0,1,0,0,0,0,1,1,1,0,1,0,0,0,0,0,0,1,0,1,0,1,0,0,1,0,1,0,1,1,0,0,0,1,0,1,1,1,0,0,0,0,0,1,0,1,0,1,1,0,0,0,1,0,0,0,0,0,1,0,0,0,0,0,0,0,0,0,0,0,0,0,0,0,0,0,1,1,1,0,0,0,1,0,0,1,0,0,0,0,0,0,0,0,0,1,0,0,0,0,0,0,0,0,0,0,0,0,0,0,0,0,1,0,0,0,1,0,0,0,2,0,0,0,0,0,0,0,0,0,0,2,1,0,0,0,1,0,2,1,0,0,2,0,0,1,2,0,0,0,0,0,1,0,0,1,0,0,0,0,0,0,0,0,0,0,1,0,1,0,0,0,0,1,0,0,0,0,1,0,0,0,0,0,0,0,0,0,1,0,0,0,0,0,0,1,1,0,0,0,0,0,0,0,0,0,0,1,0,0,1,0,1,0,0,0,0,0,1,1,1,0,0,0,1,0,0,0,0,0,1,0,0,0,1,0,1,0,0,0,0,0,0,0,0,0,0,0,0,1,1,0,1,0,0,0,0,0,0,0,1,0,0,0,0,0,0,0,0,0,0,0,0,0,0,0,0,0,0,0,0,0,1,0,0,0,0,0,0,0,1,0,0,0,0,0,0,0,0,0,0,0,0,0,0,0,0,0,0,0,85,5
705,Female,0,4,610,20.1,0,0,0,2,2,0,1,0,2,0,2,1,0,0,0,2,1,0,2,0,0,0,2,0,2,0,0,0,0,0,0,0,0,0,0,0,0,0,0,0,1,0,0,1,0,0,0,0,1,0,0,1,1,1,0,1,0,2,1,0,1,2,2,1,0,1,1,1,1,1,0,1,0,0,1,0,1,0,1,0,0,1,0,0,1,0,0,0,0,1,0,0,0,1,0,1,1,0,0,1,0,1,1,1,1,1,1,1,0,1,0,1,0,1,1,1,1,1,1,1,1,0,0,1,0,1,0,1,0,2,0,2,1,0,2,0,2,1,0,1,1,1,0,1,1,1,1,0,0,1,0,1,1,1,1,1,1,1,0,0,1,1,1,0,1,1,1,0,0,0,1,1,1,1,0,0,0,1,0,1,1,0,0,0,1,1,1,1,1,0,1,0,1,1,0,0,1,0,0,1,0,1,0,1,1,0,0,1,1,1,1,0,1,0,0,0,0,0,1,1,1,1,1,0,2,0,0,0,2,0,0,0,0,0,0,1,1,1,1,2,1,0,0,0,1,1,2,1,1,2,2,1,0,2,2,0,1,1,2,0,1,1,1,2,1,1,0,1,1,1,1,1,0,1,1,0,1,1,1,1,1,1,1,1,1,1,1,1,1,1,0,1,1,1,0,1,1,1,0,1,1,1,0,1,1,1,1,1,0,1,1,1,0,1,1,1,1,1,1,1,1,0,0,1,0,1,1,1,1,0,1,1,2,1,1,0,0,1,1,1,0,1,1,0,1,0,0,1,1,0,1,0,1,0,0,0,0,1,1,0,1,0,1,0,1,1,1,0,1,0,0,0,0,0,0,0,0,0,0,1,0,0,0,0,0,0,0,0,0,1,1,0,0,0,1,0,1,1,1,1,0,1,2,1,1,1,1,0,1,0,1,1,0,0,0,0,0,1,236,27
705,Female,0,4,726,23.9,2,2,2,2,2,2,2,2,2,2,2,2,0,2,2,2,2,2,2,2,2,0,2,0,2,1,2,2,0,0,1,0,0,0,1,1,2,1,2,1,1,1,2,2,0,0,0,2,1,2,1,1,1,1,1,1,1,2,1,0,2,2,2,2,1,1,2,2,2,2,2,2,1,1,1,1,1,1,1,2,1,1,2,1,1,0,1,1,1,1,1,2,2,2,2,2,2,2,2,2,2,2,2,2,2,2,2,2,2,2,2,2,2,2,2,2,2,2,2,2,1,2,1,2,1,2,1,2,1,2,2,2,1,1,2,2,2,1,1,2,2,2,1,1,1,1,1,0,2,1,0,2,2,2,2,2,2,2,2,1,2,2,2,2,2,2,2,1,2,1,2,1,2,2,2,2,2,2,2,2,2,2,2,1,2,2,2,2,2,1,2,1,2,2,2,0,2,1,1,1,2,2,1,2,1,1,1,1,1,1,1,1,2,1,1,1,1,1,2,1,2,2,1,0,2,2,1,1,2,1,1,1,1,1,1,1,1,2,2,2,2,1,1,0,2,2,2,2,2,2,2,1,1,2,2,1,1,1,2,2,2,2,2,2,2,2,2,1,1,1,1,1,0,2,2,2,2,1,2,1,2,2,2,1,2,1,1,2,2,1,1,2,2,2,1,2,2,2,0,2,2,1,1,2,2,1,2,1,1,1,1,1,1,2,1,2,1,2,1,1,2,1,2,1,1,1,1,2,2,1,2,1,2,1,1,1,0,2,1,1,1,1,2,1,1,1,1,1,1,0,1,0,1,1,2,1,0,1,1,0,2,1,1,1,1,1,1,1,1,2,0,0,1,0,0,0,0,0,0,1,1,1,0,0,0,0,1,0,0,1,2,1,0,0,1,1,1,1,1,1,1,2,2,1,1,1,1,1,1,1,1,1,1,1,0,0,0,1,374,195
705,Female,0,4,773,25.4,2,2,1,2,2,2,2,2,2,2,2,2,0,1,2,2,2,2,2,1,2,0,2,0,2,1,2,2,0,0,1,1,0,1,1,1,1,1,2,1,1,1,2,2,1,0,0,2,2,2,1,2,1,2,1,2,1,2,2,0,2,2,2,2,1,2,2,2,2,1,1,2,1,1,2,1,1,1,1,1,2,1,2,1,2,0,1,1,1,2,2,2,1,2,2,2,2,1,2,2,2,2,2,1,2,2,2,2,1,1,2,2,1,1,2,2,2,2,2,1,1,2,1,2,1,2,1,2,1,2,2,2,1,1,2,1,2,1,2,1,1,2,1,1,1,1,1,0,2,1,0,1,2,2,2,2,2,1,1,0,2,2,2,2,2,2,1,1,1,1,2,1,1,1,1,2,2,2,2,2,2,2,2,1,2,2,2,2,2,1,2,1,1,2,1,0,2,1,1,1,1,2,1,2,1,2,1,2,1,2,1,1,2,1,1,1,1,1,2,2,2,2,1,0,2,1,1,1,2,1,1,1,1,1,1,1,1,2,2,2,2,1,1,0,2,2,2,2,1,2,2,1,1,2,2,1,1,2,2,1,2,1,2,2,1,2,2,1,1,1,1,1,2,2,2,1,2,1,2,1,2,2,1,1,2,1,1,2,2,1,1,2,1,1,1,2,2,2,0,1,2,1,1,2,2,1,2,1,1,1,1,1,1,2,1,2,1,2,1,1,2,1,2,1,1,1,1,2,2,1,2,1,2,2,1,1,1,2,1,2,1,2,2,1,1,1,1,1,1,2,1,1,1,1,2,1,0,1,1,0,2,1,1,2,2,1,1,1,1,2,1,0,1,0,2,1,0,0,0,1,1,1,0,0,0,1,1,0,0,2,2,1,2,0,1,1,1,1,1,1,1,2,2,2,2,1,2,1,1,1,1,1,1,1,0,0,1,1,386,186
706,Female,0,2,738,24.3,2,2,0,2,2,2,2,2,2,0,2,2,0,2,2,2,2,2,2,2,2,0,2,2,2,2,1,2,2,0,2,0,0,2,2,2,2,0,2,2,2,2,2,2,2,0,0,2,2,2,0,0,2,2,0,2,2,2,2,0,2,2,0,2,2,2,2,2,2,2,2,2,2,2,2,2,2,0,2,2,2,2,2,2,2,0,2,2,2,2,2,0,0,2,2,2,1,1,2,2,1,2,2,0,2,2,2,2,1,1,0,2,0,2,2,2,2,2,2,2,2,2,0,0,0,2,2,2,0,2,2,2,2,2,2,1,2,1,2,2,2,2,0,0,2,2,0,0,0,2,0,1,1,2,2,2,1,2,2,0,2,1,2,2,2,2,0,2,2,2,2,2,2,0,0,2,0,2,2,2,1,2,0,0,2,2,2,1,2,0,2,0,1,2,0,0,2,2,0,1,0,2,0,2,2,0,2,2,0,2,2,0,2,0,0,0,2,2,2,2,2,2,1,1,2,2,0,1,2,0,1,0,0,0,2,2,2,2,2,2,2,0,0,2,2,2,2,2,0,1,0,2,2,2,2,0,2,2,2,2,2,1,1,2,1,2,0,0,1,0,1,2,2,1,2,1,2,2,2,2,2,2,1,1,1,1,1,1,1,1,1,2,1,2,1,2,2,2,1,2,2,0,1,2,2,1,1,1,2,2,2,1,1,1,0,2,1,2,1,1,2,0,2,1,0,1,2,2,2,0,2,2,2,2,0,0,2,1,1,1,2,2,2,2,1,2,0,1,0,2,1,0,2,1,0,0,0,2,0,0,2,2,2,0,0,1,1,1,2,2,2,0,0,0,0,0,0,2,0,0,0,0,0,0,0,0,0,0,0,1,0,1,0,1,0,1,0,0,0,0,2,2,2,0,0,0,0,0,2,0,2,0,0,0,0,0,0,0,299,233
706,Female,0,2,813,26.7,2,2,2,2,2,2,2,2,2,2,2,2,2,2,2,2,2,2,2,2,2,2,2,2,2,2,2,2,2,0,2,0,2,2,2,2,2,2,2,2,2,2,2,2,2,0,2,2,2,2,2,2,2,2,2,2,2,2,2,2,2,2,2,2,2,2,2,2,2,2,2,2,2,2,2,2,2,2,2,2,2,2,2,2,2,2,2,2,2,2,2,2,2,2,2,2,1,2,2,2,2,2,2,1,2,2,2,2,2,2,2,2,2,2,2,2,2,2,2,2,2,2,2,2,2,2,2,2,2,2,2,2,2,2,2,2,2,2,2,2,2,2,2,2,2,2,1,0,0,2,0,2,2,2,2,2,2,2,2,2,2,2,2,2,2,2,2,2,2,2,2,2,2,0,0,2,0,2,2,2,1,2,0,0,2,2,2,1,2,0,2,0,1,2,0,0,2,2,0,1,0,2,0,2,2,0,2,2,0,2,2,0,2,0,0,0,2,2,2,2,2,2,1,1,2,2,0,1,2,0,1,0,0,0,2,2,2,2,2,2,2,0,0,2,2,2,2,2,0,1,0,2,2,2,2,0,2,2,2,2,2,1,1,2,1,2,0,0,1,0,1,2,2,1,2,1,2,2,2,2,2,2,1,1,1,1,1,1,1,1,1,2,1,2,1,2,2,2,1,2,2,0,1,2,2,1,1,1,2,2,2,1,1,1,0,2,1,2,1,1,2,0,2,1,0,1,2,2,2,0,2,2,2,2,0,0,2,1,1,1,2,2,2,2,1,2,0,1,0,2,1,0,2,1,0,0,0,2,0,0,2,2,2,0,0,1,1,1,2,2,2,0,0,0,0,0,0,2,0,0,0,0,0,0,0,0,0,0,0,1,0,1,0,1,0,1,0,0,0,0,2,2,2,0,0,0,0,0,2,0,2,0,0,0,0,0,0,0,327,270
707,Female,0,2,519,17.1,0,0,0,2,0,0,0,0,2,0,0,0,0,0,1,1,0,0,1,0,0,0,0,0,0,0,0,0,0,0,0,0,0,1,1,1,0,0,1,0,0,0,1,0,1,0,0,0,0,0,0,0,0,0,0,0,0,1,0,0,1,0,1,0,1,0,0,0,0,0,0,0,0,0,0,0,0,0,0,0,0,0,0,0,0,0,1,0,0,0,0,0,0,0,0,0,0,0,1,1,0,0,0,0,0,1,0,0,0,0,0,1,0,0,1,0,0,0,0,0,0,0,0,0,0,0,0,0,0,0,0,1,0,0,0,0,0,0,0,0,0,0,0,0,0,0,0,0,0,0,0,0,0,0,0,0,0,0,0,0,0,0,0,0,0,0,0,0,0,0,0,0,0,0,0,0,0,0,0,0,0,0,0,0,0,0,0,0,0,0,0,0,0,0,0,0,0,0,0,2,0,0,0,1,0,0,0,0,0,0,0,0,0,0,0,0,0,0,0,0,0,0,0,0,1,0,0,0,2,0,0,0,0,0,0,2,2,0,0,2,0,0,0,0,0,0,1,0,0,0,0,0,0,0,1,0,0,0,0,0,0,0,0,1,0,0,0,0,0,0,0,0,0,0,0,0,0,0,0,0,0,0,0,0,0,0,0,0,0,0,0,0,0,0,0,0,0,0,0,0,0,0,0,1,0,1,1,0,0,0,0,0,0,0,0,1,0,0,0,0,0,0,0,0,0,0,0,0,0,0,0,0,1,0,0,0,0,0,0,0,0,0,0,0,0,0,0,0,0,0,0,0,1,0,0,0,0,0,0,0,0,0,0,0,0,0,0,0,0,0,0,0,0,0,0,0,0,0,0,0,0,0,0,0,0,0,0,0,0,0,0,0,0,0,0,0,0,0,0,0,0,0,0,0,0,0,0,0,0,0,2,0,0,0,0,0,0,0,39,8
707,Female,0,2,656,21.6,1,2,2,2,2,2,1,2,2,1,2,1,1,2,1,1,2,2,2,2,2,0,2,0,2,1,2,1,1,1,2,1,1,1,1,1,2,0,1,0,0,1,2,0,2,0,2,2,2,2,0,1,1,2,1,1,2,2,1,0,2,2,2,2,2,1,2,2,2,1,1,2,1,1,2,2,1,1,2,2,2,1,1,1,2,1,1,1,1,2,1,1,2,2,1,2,2,1,2,2,2,2,2,1,2,2,2,2,2,2,1,2,2,2,2,2,1,1,2,1,2,2,0,0,0,1,1,1,0,2,1,2,1,2,1,1,2,1,2,1,1,2,1,0,1,1,0,0,2,1,0,0,0,2,1,1,1,1,1,0,2,2,1,1,2,2,0,1,2,2,2,1,2,0,0,1,0,2,2,2,1,1,0,0,2,1,1,1,2,0,1,2,1,2,1,0,2,0,0,2,0,2,0,2,0,1,1,1,0,1,0,0,1,2,0,1,1,2,2,2,1,1,1,0,2,0,0,0,2,0,0,0,0,0,0,2,2,0,2,2,2,1,0,0,0,0,2,2,0,2,1,1,1,2,2,1,2,2,1,2,2,1,1,2,1,2,1,0,0,0,1,1,2,1,1,1,1,1,2,1,0,1,1,1,1,1,1,1,1,1,1,1,1,1,0,1,1,1,0,0,2,1,1,1,1,2,2,1,1,1,1,1,0,0,0,1,1,1,0,1,1,1,2,1,0,1,1,1,2,1,2,0,2,0,0,1,2,1,2,2,2,1,2,1,1,0,0,2,1,2,1,0,1,1,0,1,0,0,2,0,1,2,1,1,1,0,0,1,1,2,2,0,1,0,1,1,0,0,0,0,0,0,0,0,0,0,0,0,0,0,2,0,0,0,0,0,0,0,1,1,0,1,1,2,0,1,1,0,0,0,2,0,0,0,0,0,0,0,306,139
708,Female,0,4,504,16.6,2,0,1,2,2,1,1,1,2,2,2,0,0,0,0,0,2,0,1,0,1,0,1,1,1,0,1,0,0,0,1,0,0,0,0,0,1,0,0,1,0,0,0,0,1,0,0,0,0,1,0,0,1,1,0,0,1,2,0,1,1,0,0,0,1,0,1,1,0,0,0,0,0,0,0,0,0,0,1,0,0,0,0,0,0,0,0,0,0,0,0,0,0,1,0,0,0,0,0,2,0,1,1,0,2,1,1,0,0,0,0,1,0,0,1,0,0,0,0,0,0,0,0,0,0,0,0,0,0,0,0,0,0,0,0,0,0,0,0,0,0,0,0,0,0,0,0,0,0,0,0,0,0,0,0,0,0,0,0,0,0,0,0,0,0,0,0,0,0,0,0,0,0,0,0,0,0,0,0,0,0,0,0,0,0,0,0,0,0,0,0,0,0,0,0,0,0,0,0,0,0,0,0,0,0,0,0,0,0,0,0,0,0,0,0,0,0,0,0,0,0,0,0,0,0,0,0,0,0,0,0,0,0,0,0,0,0,0,0,0,0,0,0,0,0,0,0,0,0,0,0,0,0,0,0,0,0,0,0,0,0,0,0,0,0,0,0,0,0,0,0,0,0,0,0,0,0,0,0,0,0,0,0,0,0,0,0,0,0,0,0,0,0,0,0,0,0,0,0,0,0,0,0,0,0,0,0,0,0,0,0,0,0,0,0,0,0,0,0,0,0,0,0,0,0,0,0,0,0,0,0,0,0,0,0,0,0,0,0,0,0,0,0,0,0,0,0,0,0,0,0,0,0,0,0,0,0,0,0,0,0,0,0,0,0,0,0,0,0,0,0,0,0,0,0,0,0,0,0,0,0,0,0,0,0,0,0,0,0,0,0,0,0,0,0,0,0,0,0,0,0,0,0,0,0,0,0,0,0,0,0,0,0,0,0,0,0,0,41,10
708,Female,0,4,567,18.6,2,1,1,2,2,1,1,2,2,2,2,1,0,0,0,1,2,0,1,0,1,0,1,1,1,0,1,1,0,0,1,0,0,1,0,1,1,0,0,1,0,1,0,0,1,0,0,0,0,1,0,0,1,1,0,0,1,2,0,1,1,0,0,0,1,0,1,2,1,0,0,0,1,0,1,0,0,0,1,0,1,0,0,0,0,0,1,0,1,0,0,0,1,1,1,0,0,0,0,2,0,1,1,0,2,1,1,1,0,0,0,1,1,0,1,0,0,0,0,0,1,1,1,0,0,1,0,0,0,0,0,1,0,0,1,0,0,1,0,0,0,0,0,0,0,0,0,0,1,0,0,0,0,0,0,0,0,0,0,0,0,0,0,1,0,0,0,0,0,0,0,0,0,0,0,0,0,0,0,0,0,1,0,0,0,0,0,0,0,0,0,1,0,0,0,0,0,0,0,0,0,0,0,0,0,0,0,0,0,0,0,0,0,0,0,0,0,0,1,0,0,0,1,0,0,0,0,0,2,1,0,0,0,1,0,0,0,0,0,2,0,0,0,0,2,0,2,0,0,2,2,0,0,1,1,1,1,1,1,1,1,0,0,2,0,0,0,0,0,0,1,0,0,0,1,0,0,0,0,0,0,1,0,0,0,0,1,0,0,0,0,0,0,0,0,0,0,1,0,0,1,1,0,0,1,0,0,0,0,1,0,0,0,0,0,0,1,1,1,0,1,1,0,0,0,0,0,0,0,0,0,0,1,1,0,0,0,0,1,0,0,0,0,0,1,0,0,1,1,0,0,0,2,1,0,0,0,0,0,0,0,0,0,0,0,1,0,0,0,0,0,0,0,0,0,0,0,0,0,0,1,0,0,0,0,0,0,0,0,0,0,0,0,0,0,0,0,1,1,1,1,0,0,0,0,1,1,0,0,0,2,1,0,0,0,0,0,0,120,21
708,Female,0,4,761,25,2,2,2,2,2,2,2,2,2,2,2,1,0,0,2,1,2,1,2,2,2,2,2,1,2,1,2,1,0,0,2,0,0,2,1,2,2,0,2,1,1,2,0,0,2,0,0,0,0,2,2,0,2,2,1,1,1,2,2,1,2,2,2,0,1,1,1,2,2,2,1,2,1,0,1,2,0,0,2,2,2,0,2,1,2,0,2,1,1,2,1,0,1,2,2,1,1,0,2,2,1,1,2,0,2,2,1,2,1,1,0,2,2,1,1,2,0,0,2,0,1,2,2,0,0,2,0,1,0,2,0,2,0,0,2,1,2,2,2,1,0,1,1,1,0,1,0,0,1,1,0,2,1,1,1,1,1,0,0,0,2,1,1,1,1,1,0,0,2,0,1,2,2,1,1,0,0,1,1,2,0,2,0,1,1,1,1,1,1,1,1,1,0,1,1,0,1,1,0,0,0,1,0,1,1,0,0,0,1,1,0,0,0,0,0,0,1,1,1,2,1,1,1,0,2,2,0,0,2,1,1,1,0,1,1,1,1,2,2,2,0,0,0,0,2,1,2,1,1,2,2,1,0,2,2,1,2,2,2,1,2,1,0,2,1,0,1,0,2,0,1,1,0,1,1,1,1,1,2,0,1,1,0,1,1,0,1,1,0,0,1,1,1,1,0,1,0,2,0,1,1,1,1,1,2,1,1,0,0,2,2,1,0,1,0,1,1,1,1,2,1,1,1,1,0,0,2,1,1,1,0,0,2,1,0,0,0,0,1,0,0,0,1,0,1,0,0,2,1,0,0,0,2,1,1,0,0,0,0,0,1,0,0,0,0,1,0,0,1,0,0,0,0,0,1,1,1,0,0,0,1,0,0,0,0,0,0,1,0,1,2,2,0,0,1,0,0,1,1,1,1,0,0,0,0,1,2,0,0,0,2,1,0,0,1,0,0,0,269,109
708,Female,0,4,863,28.4,2,2,2,2,2,2,2,2,2,2,2,2,0,2,2,2,2,2,2,2,2,2,2,1,2,1,2,1,2,2,2,1,2,2,2,2,2,2,2,1,1,2,2,1,2,1,2,2,2,2,2,0,2,2,1,1,2,2,2,2,2,2,2,1,2,2,2,2,2,2,2,2,1,2,2,2,0,1,2,2,2,2,2,2,2,0,2,2,2,2,2,1,2,2,2,1,1,1,2,2,1,2,2,1,2,2,2,2,2,2,0,2,2,2,2,2,2,2,2,2,2,2,2,0,2,2,1,1,2,2,2,2,2,2,2,1,2,2,2,1,2,1,1,1,1,1,1,0,2,1,0,2,1,2,2,2,2,1,1,0,2,2,2,2,2,2,1,1,2,1,2,2,2,2,1,2,2,2,1,2,2,2,2,2,2,2,1,2,2,2,2,2,1,2,2,0,2,2,2,1,1,2,2,2,2,2,2,1,2,1,2,2,2,1,2,1,1,2,2,2,2,2,2,0,2,2,1,2,2,2,2,1,1,2,2,2,2,2,2,2,0,1,2,0,2,2,2,2,2,2,2,2,2,2,2,1,2,2,2,2,2,1,1,2,2,2,1,1,2,1,2,2,2,2,2,2,1,2,2,2,2,2,2,2,2,2,1,1,2,2,2,2,1,2,1,2,1,2,1,1,2,2,2,2,2,2,2,2,2,2,2,2,2,2,2,1,2,2,2,2,2,2,2,2,2,2,2,2,2,2,2,2,2,2,2,2,2,2,1,0,2,2,2,2,1,2,2,2,2,1,2,1,2,2,2,2,0,2,2,2,1,0,1,0,1,2,1,0,1,1,0,2,2,2,2,2,2,1,1,2,2,2,0,0,0,2,2,2,2,2,2,2,1,1,2,2,2,1,2,1,1,2,2,1,2,2,2,2,2,2,2,1,2,2,2,2,1,0,395,309
709,Female,0,2,706,23.2,1,2,1,1,2,2,1,1,0,2,2,2,2,2,2,1,2,2,2,2,2,2,2,2,2,2,2,2,2,2,2,2,2,1,2,1,2,2,2,2,2,2,2,2,2,2,2,2,1,2,2,2,2,2,1,2,2,2,2,1,2,1,1,2,2,2,2,2,1,2,2,1,2,1,2,2,2,0,2,2,2,2,2,0,2,2,2,2,2,2,1,0,2,2,2,2,2,2,2,2,2,2,2,2,2,2,2,2,2,2,2,2,2,2,2,2,2,2,2,1,1,2,1,1,2,2,2,2,1,2,0,2,2,2,2,2,2,2,2,1,0,2,1,0,2,2,2,0,1,2,0,2,2,2,2,2,1,1,1,1,2,2,2,2,2,2,2,1,2,2,2,2,1,0,0,1,1,2,1,2,1,2,1,0,2,1,2,2,1,0,1,2,2,2,1,0,2,2,1,2,1,1,2,2,1,1,1,2,2,1,1,2,2,1,0,1,0,1,2,1,2,1,1,0,2,1,0,1,2,0,0,1,0,0,1,2,0,1,1,2,0,1,0,0,2,1,1,1,1,1,1,1,0,1,2,0,0,2,1,2,2,1,1,2,1,1,1,1,2,0,2,0,2,1,1,1,1,1,2,1,1,1,1,1,1,1,1,1,1,1,1,1,1,1,1,1,2,1,1,1,1,1,1,1,1,1,1,1,1,1,1,1,1,1,1,1,1,1,1,1,1,1,1,1,0,1,1,1,1,0,1,1,2,1,1,1,2,1,1,2,2,1,1,1,1,1,0,1,1,2,1,1,2,1,1,1,0,1,1,2,1,2,1,1,0,1,1,1,1,1,2,1,1,0,1,1,0,1,1,1,1,0,1,1,0,0,0,1,1,2,1,1,1,1,2,1,2,1,2,2,2,2,2,2,2,2,2,2,1,1,1,2,1,1,2,1,0,1,375,192
709,Female,0,2,1064,35,2,2,2,2,2,2,1,2,0,1,2,2,2,2,2,2,2,2,2,2,2,2,2,2,2,2,2,2,2,2,2,2,2,2,2,2,2,2,2,2,2,2,2,2,2,2,2,2,1,2,2,2,2,2,2,2,2,2,2,1,2,2,2,2,2,2,2,2,2,2,2,2,2,1,2,2,2,1,2,2,2,2,2,1,2,2,2,2,2,2,2,1,2,2,2,2,2,2,2,2,2,2,2,2,2,2,2,2,2,2,2,2,2,2,2,2,2,2,2,2,2,2,2,2,2,2,2,2,2,2,1,2,2,2,2,2,2,2,2,2,1,2,2,0,2,2,2,1,2,2,2,2,2,2,2,2,2,2,2,2,2,2,2,2,2,2,2,2,2,2,2,2,2,2,2,2,2,2,2,2,2,2,2,2,2,2,2,2,2,1,2,2,2,2,2,2,2,2,2,2,2,2,2,2,2,2,2,2,2,2,2,2,2,2,2,2,2,2,2,2,2,2,2,0,2,2,0,2,2,1,2,2,0,0,2,2,2,2,2,2,0,2,1,0,2,2,2,2,2,2,2,2,1,2,2,2,2,2,1,2,2,2,2,2,2,2,2,2,2,2,2,2,2,2,2,2,2,2,2,2,2,2,2,2,2,2,2,2,2,2,2,2,2,2,2,2,2,2,2,2,2,2,2,2,2,2,2,2,2,2,2,2,2,2,2,2,2,2,2,2,2,2,2,2,1,2,2,2,2,1,2,2,2,2,2,2,2,2,2,2,2,2,2,2,2,2,1,2,2,2,2,2,2,2,2,2,0,2,2,2,2,2,2,2,2,2,2,2,2,2,2,2,2,2,2,2,2,2,2,2,2,2,2,2,1,2,2,2,2,2,1,2,2,2,2,2,2,2,2,2,2,2,2,2,2,2,2,2,2,2,2,2,2,2,2,2,2,2,409,388
710,Female,0,5,503,16.5,2,1,0,2,1,2,1,2,2,0,1,0,1,1,1,1,1,1,1,0,1,0,1,0,1,1,1,0,1,0,1,1,0,1,1,1,1,1,1,0,0,0,1,0,1,0,0,1,1,1,0,0,0,1,0,1,1,1,1,0,1,1,1,1,1,1,1,1,1,0,0,0,1,0,1,0,1,1,1,0,1,1,0,0,0,0,0,1,1,1,0,1,0,1,1,1,0,0,1,2,1,1,1,0,1,1,1,1,0,1,0,1,0,1,1,1,1,0,1,0,0,1,0,0,0,1,0,0,0,1,0,1,0,0,1,0,1,0,1,0,0,1,0,0,1,0,0,0,0,1,0,0,0,1,0,1,1,0,0,0,1,1,1,0,0,1,0,0,1,0,0,1,1,0,0,0,0,1,1,0,0,1,0,0,1,1,0,1,0,0,1,0,0,0,0,0,0,0,0,1,0,1,0,1,1,1,0,0,1,0,0,0,0,0,0,0,0,0,0,1,1,0,0,1,1,0,0,0,1,0,0,0,0,1,0,1,1,1,1,1,1,0,0,1,1,1,2,1,0,2,2,1,0,1,2,0,1,1,1,0,2,1,0,2,1,1,0,1,0,0,1,0,1,1,1,0,1,0,1,0,0,1,0,0,0,1,0,0,0,0,0,1,0,1,1,1,1,1,0,0,1,0,0,0,1,0,0,0,1,0,1,0,0,0,0,0,1,1,1,2,1,0,1,0,0,0,1,0,1,0,1,0,2,1,0,0,0,0,1,0,0,0,1,0,0,0,0,1,1,0,0,0,2,0,0,0,0,0,0,0,1,0,0,0,0,0,0,0,1,1,0,0,0,0,0,0,0,0,0,0,1,0,0,0,0,0,0,0,0,0,2,2,0,0,0,0,2,0,0,0,0,1,1,0,0,0,1,0,2,0,1,0,0,0,0,0,0,1,190,19
710,Female,0,5,537,17.7,2,2,0,2,1,2,2,2,2,0,2,0,1,1,1,1,1,1,1,1,1,0,1,0,1,1,1,0,1,0,1,1,0,1,1,1,1,1,1,1,1,1,1,0,1,0,1,1,1,1,0,1,1,1,0,1,1,1,1,0,1,1,1,1,1,1,1,1,1,1,0,1,1,0,1,1,1,1,1,1,1,1,0,0,0,0,1,1,1,1,1,1,1,1,1,1,1,1,1,2,1,1,1,1,1,1,1,1,1,1,0,1,1,1,1,1,1,1,1,1,1,1,0,0,0,1,0,0,0,1,0,1,0,0,1,1,1,1,1,0,1,1,0,0,1,1,0,0,0,1,0,1,0,1,1,1,1,0,0,0,1,1,1,1,0,1,0,0,1,0,1,1,1,0,0,0,0,1,1,1,0,1,0,0,1,1,0,1,0,0,1,1,0,1,0,1,0,0,1,1,0,1,0,1,1,1,0,0,1,1,1,0,1,0,0,0,1,0,1,1,1,1,1,1,1,1,0,0,1,0,0,1,0,1,1,1,1,1,1,1,1,0,0,1,1,1,2,1,1,2,2,1,0,1,2,0,1,1,1,1,2,1,0,2,1,1,0,1,1,0,1,0,1,1,1,0,1,1,1,0,1,1,1,1,1,1,1,1,1,0,0,1,1,1,1,1,1,1,0,0,1,0,0,0,1,0,0,0,1,0,1,0,0,0,0,0,1,1,1,2,1,1,1,0,0,1,1,0,1,1,1,0,2,1,0,0,0,0,1,1,0,0,1,0,0,0,0,1,1,0,0,0,2,0,1,0,0,1,1,0,1,0,0,0,0,0,0,0,1,1,0,0,0,0,0,0,0,0,0,0,1,0,0,0,0,0,0,0,0,0,2,2,0,0,0,0,2,0,1,0,0,1,1,0,0,0,1,0,2,0,1,0,0,0,0,0,0,1,255,22
710,Female,0,5,607,20,2,2,0,2,2,2,2,2,2,0,2,2,1,1,2,1,1,1,2,1,1,0,2,0,2,1,1,1,1,0,1,1,1,1,1,1,1,1,1,1,1,1,1,0,1,0,1,1,1,1,0,1,1,1,0,1,1,1,1,0,1,1,1,2,1,1,1,2,1,1,0,1,1,0,2,1,1,1,1,1,1,1,1,0,1,0,1,1,1,1,1,1,1,1,1,1,1,1,2,2,1,1,1,1,1,1,1,1,1,1,0,2,1,1,1,1,1,1,1,1,1,1,0,0,1,1,1,0,0,1,0,1,0,1,1,1,1,1,1,1,1,1,0,0,1,1,0,0,0,1,0,1,0,1,1,1,1,0,0,0,1,1,1,1,0,1,0,0,1,0,1,1,1,0,0,0,0,1,1,1,1,1,0,0,1,1,0,1,0,0,1,1,0,1,1,1,1,1,1,1,0,1,0,1,1,1,0,1,1,1,1,0,1,1,0,1,1,0,1,1,1,1,1,1,1,1,0,0,1,0,0,1,0,1,1,1,1,1,1,1,2,0,0,1,1,1,2,1,1,2,2,1,0,1,2,0,1,1,1,1,2,1,0,2,1,1,0,1,1,0,1,1,1,1,1,0,1,1,1,0,1,1,1,1,1,1,1,1,1,0,0,1,1,1,1,1,1,1,0,1,1,0,0,0,1,0,0,0,1,0,1,0,0,0,0,0,1,1,1,2,1,1,1,0,0,1,1,1,1,1,1,1,2,1,0,0,2,1,1,1,0,0,1,0,0,0,0,1,1,2,0,0,2,1,1,0,0,1,1,0,1,2,0,0,0,1,0,1,1,1,2,0,0,0,0,1,0,0,0,1,1,0,0,0,0,0,0,0,0,1,2,2,0,0,0,0,2,0,1,0,0,1,1,0,0,0,1,0,2,0,1,0,0,0,0,0,0,1,286,38
710,Female,0,5,638,21,2,2,0,2,2,2,2,2,2,0,2,2,1,1,2,2,1,1,2,1,1,0,2,0,2,1,1,1,1,0,1,1,1,1,1,1,1,1,1,1,1,1,2,1,1,0,1,1,1,1,0,1,1,1,0,1,1,1,1,1,2,2,1,2,1,1,1,2,1,1,0,1,1,1,2,1,1,1,1,1,1,1,1,0,1,0,1,1,1,1,1,1,1,1,1,1,1,1,2,2,1,1,1,1,1,1,1,1,1,1,0,2,1,1,1,1,2,1,1,1,1,2,0,0,1,1,1,0,0,2,0,1,0,1,2,1,2,1,1,1,1,1,0,0,1,1,0,0,0,1,0,1,0,1,1,1,1,0,0,0,1,1,1,1,0,1,0,0,1,0,1,1,1,0,0,0,2,1,1,1,1,1,0,0,1,1,0,1,0,0,1,1,0,2,1,1,1,1,1,1,0,1,0,1,1,1,0,1,1,1,1,0,1,1,0,1,1,0,1,1,1,1,1,1,2,1,0,0,2,0,1,1,0,1,1,2,1,2,2,2,2,0,0,1,2,1,2,1,1,2,2,1,0,2,2,0,2,2,2,1,2,1,0,2,1,1,0,1,2,0,1,1,1,1,1,0,1,1,1,0,1,1,1,1,1,1,1,1,2,1,0,1,1,1,1,2,1,2,0,1,1,2,0,1,1,1,0,0,1,1,1,0,1,1,0,1,1,1,1,2,1,1,1,0,0,1,1,1,1,1,1,1,2,1,1,0,2,1,1,1,0,0,1,0,0,1,0,1,1,2,1,0,2,1,1,1,0,1,1,0,1,2,1,0,0,1,1,1,1,1,2,0,0,0,1,1,0,0,1,1,2,0,0,0,0,0,0,0,0,2,2,2,0,0,0,0,2,0,1,0,0,1,1,0,0,0,1,0,2,0,1,0,0,0,0,0,1,1,308,67
710,Female,0,5,972,32,2,2,2,2,2,2,2,2,2,2,2,2,2,2,2,2,2,2,2,2,2,2,2,2,2,2,2,2,2,2,2,2,2,2,2,2,2,2,2,2,2,2,2,2,2,2,2,2,2,2,2,2,2,2,2,2,2,2,2,2,2,2,2,2,2,2,2,2,2,2,2,2,2,0,2,2,2,2,2,2,2,2,2,2,2,2,2,2,2,2,2,2,2,2,2,2,2,2,2,2,2,2,2,2,2,2,2,2,2,2,2,2,2,2,2,2,2,2,2,2,2,2,2,2,2,2,2,2,2,2,2,2,2,2,2,2,2,2,2,2,2,2,2,0,2,2,2,0,2,2,0,2,2,2,2,2,2,2,2,2,2,2,2,2,2,2,2,2,2,2,2,2,2,2,2,2,2,2,2,2,2,2,2,2,2,2,2,2,2,2,2,2,2,2,2,2,2,2,2,2,2,2,2,2,2,2,2,2,2,2,2,2,2,2,2,2,2,2,2,2,2,2,2,2,2,2,2,2,2,2,2,2,2,2,2,2,2,2,2,2,2,2,2,2,2,2,2,2,2,2,2,2,2,2,2,2,2,2,2,2,2,2,2,2,2,2,2,2,2,2,2,2,2,2,2,2,2,2,2,2,2,2,2,2,2,2,2,2,2,2,2,2,2,2,2,2,2,2,2,2,2,2,2,2,2,2,2,2,2,2,2,2,2,2,2,2,2,2,2,2,2,2,2,2,2,2,2,2,2,2,2,2,2,2,2,2,2,2,2,2,2,2,2,2,2,2,2,2,2,2,2,2,2,2,2,2,2,2,2,2,2,2,2,2,2,2,2,2,2,2,2,2,2,2,2,2,2,2,2,2,2,2,2,2,2,2,2,2,2,2,2,2,2,2,2,2,2,2,2,2,2,2,2,2,2,2,2,2,2,2,2,2,2,2,2,2,2,2,414,414
712,Male,0,2,615,20.2,2,2,1,2,2,2,2,2,2,2,2,2,2,2,2,2,2,1,2,2,2,1,2,1,2,2,2,2,2,1,2,0,0,1,2,1,1,1,2,1,0,2,2,1,0,0,0,0,0,2,1,1,2,2,1,2,1,2,2,0,2,2,1,0,0,2,2,2,2,1,0,2,0,0,0,2,2,0,0,2,2,1,1,0,2,1,2,2,1,1,1,2,0,0,0,2,1,1,1,1,1,1,1,1,1,1,1,1,1,1,0,2,1,1,1,0,0,0,2,0,0,1,1,1,1,1,1,1,1,2,1,1,1,0,2,0,1,0,1,0,1,0,0,0,0,1,0,0,1,0,0,1,0,1,1,1,1,1,1,0,2,2,1,2,1,2,0,0,2,0,2,1,1,0,1,1,0,1,1,1,0,1,0,0,0,0,2,0,0,0,0,0,0,0,0,0,1,0,0,1,0,0,0,1,0,0,0,0,0,0,0,0,0,0,0,0,0,0,0,1,1,1,1,1,2,0,0,0,2,0,0,0,0,0,0,2,0,0,0,2,0,0,0,0,2,1,2,2,1,2,0,0,1,2,2,0,2,2,2,0,2,0,0,2,1,0,0,0,0,0,1,0,0,0,1,0,1,0,1,0,1,1,0,0,0,0,1,1,0,0,0,2,0,2,0,1,0,0,0,0,2,1,0,0,2,0,0,0,0,0,0,0,0,0,0,0,2,0,0,0,2,2,2,0,0,0,1,2,0,0,0,0,2,0,0,0,0,0,0,0,0,0,0,0,0,0,0,0,0,0,0,0,0,0,2,0,0,0,0,0,0,0,0,0,0,0,0,0,0,2,0,0,0,0,0,0,0,0,0,0,0,0,0,0,0,0,0,0,0,0,2,0,0,0,0,0,0,0,0,1,0,0,1,0,0,1,0,0,2,0,0,0,0,0,0,0,1,0,192,92
712,Male,0,2,670,22,2,2,2,2,2,2,2,2,2,2,2,2,2,2,2,2,2,2,2,2,2,2,2,2,2,2,2,2,2,1,2,2,0,2,2,2,2,2,2,2,2,2,2,2,2,0,2,2,0,2,2,2,2,2,2,2,2,2,2,0,2,2,2,2,2,2,2,2,2,2,2,2,2,2,2,2,2,0,2,2,2,1,2,0,2,1,2,2,1,1,2,2,0,0,2,2,2,2,2,2,2,2,2,2,2,2,2,2,2,2,0,2,1,2,2,0,2,0,2,0,2,2,1,1,1,2,1,2,1,2,1,2,2,0,2,0,2,0,2,0,2,2,0,0,0,2,0,0,2,0,0,2,0,2,1,2,1,1,1,0,2,2,1,2,2,2,0,0,2,0,2,2,2,0,1,2,1,2,2,2,0,1,0,1,2,2,2,1,1,0,0,1,0,1,0,0,1,0,0,1,0,0,1,1,0,1,0,0,1,0,1,1,0,0,0,1,1,1,1,1,1,1,1,1,2,1,1,0,2,0,1,0,0,1,1,2,0,0,0,2,2,0,0,0,2,2,2,2,2,2,0,2,2,2,2,0,2,2,2,0,2,1,2,2,1,1,0,1,0,0,1,1,2,2,1,0,1,0,1,2,1,1,1,1,1,1,1,1,1,1,1,2,1,2,0,1,1,1,0,1,2,1,1,1,2,1,1,0,2,1,2,0,1,0,0,1,2,2,1,1,2,2,2,1,0,1,1,2,1,0,1,0,2,1,1,0,0,1,0,1,1,1,0,0,1,0,0,0,1,0,1,0,0,2,2,1,0,0,0,0,0,0,0,0,0,0,0,0,0,2,0,0,0,0,0,0,0,0,0,0,1,0,0,0,0,0,0,0,0,0,2,0,0,0,0,0,0,0,0,1,1,0,1,0,0,1,0,0,2,0,2,0,0,0,0,0,1,0,281,178
713,Female,0,2,256,8.4,0,0,0,0,0,0,0,0,0,0,0,0,0,0,0,0,0,0,0,0,0,0,0,0,0,0,0,0,0,0,0,0,0,0,0,0,0,0,0,0,0,0,0,0,0,0,0,0,0,0,0,0,0,0,0,0,0,0,0,0,0,0,0,0,0,0,0,0,0,0,0,0,0,0,0,0,0,0,0,0,0,0,0,0,0,0,1,0,0,0,0,0,0,0,0,0,0,0,0,0,0,0,0,0,0,0,0,0,0,0,0,0,0,0,0,0,0,0,0,0,0,0,0,0,0,0,0,0,0,0,0,0,0,0,0,0,0,0,0,0,0,0,0,0,0,0,0,0,0,0,0,0,0,0,0,0,0,0,0,0,0,0,0,0,0,0,0,0,0,0,0,0,0,0,0,0,0,0,0,0,0,0,0,0,0,0,0,0,0,0,0,0,0,0,0,0,0,0,0,0,0,0,0,0,0,0,0,0,0,0,0,0,0,0,0,0,0,0,0,0,0,0,0,0,0,0,0,0,1,0,0,0,0,0,0,1,0,0,0,1,0,0,0,0,0,0,0,0,0,1,0,0,0,0,0,0,0,0,0,0,0,0,0,0,0,0,0,0,0,0,0,0,0,0,0,0,0,0,0,0,0,0,0,0,0,0,0,0,0,0,0,0,0,0,0,0,0,0,0,0,0,0,0,0,0,0,0,0,0,0,0,0,0,0,0,0,0,0,0,0,0,0,0,0,0,0,0,0,0,0,0,0,0,0,0,0,0,0,0,0,0,0,0,0,0,0,0,0,0,0,0,0,0,0,0,0,0,0,0,0,0,0,0,0,0,0,0,0,0,0,0,0,0,0,0,0,0,0,0,0,0,0,0,0,0,0,0,0,0,0,0,0,0,0,0,0,0,0,0,0,0,0,0,0,0,0,0,0,0,0,0,0,0,0,0,0,0,0,5,0
713,Female,0,2,722,23.7,2,2,2,2,2,2,2,2,2,2,2,2,2,2,2,2,2,2,2,2,2,2,2,2,2,2,2,2,2,2,2,2,2,2,2,2,2,2,2,2,2,2,2,2,2,2,2,2,2,2,2,2,2,2,2,2,2,2,2,2,2,2,2,2,2,2,2,2,2,2,2,2,2,2,2,2,2,2,2,2,2,2,2,2,2,2,2,2,2,2,2,2,2,2,2,2,2,2,2,2,2,2,2,2,2,2,2,2,2,2,2,2,2,2,2,2,2,2,2,2,2,2,2,2,2,2,2,2,2,2,2,2,2,2,2,2,2,2,2,2,2,2,2,2,2,2,2,2,2,2,2,2,2,2,2,2,2,2,2,2,2,2,2,2,2,2,2,2,2,2,2,2,2,2,2,2,2,2,2,2,2,2,2,2,2,2,2,2,2,2,2,2,2,2,2,2,2,2,2,2,2,2,2,2,2,2,2,2,2,2,2,2,2,2,2,2,2,2,2,2,2,2,2,2,2,2,2,2,2,2,2,1,2,2,2,2,2,2,2,2,2,2,2,2,2,2,2,2,2,2,2,2,2,2,2,2,2,2,2,2,2,2,2,2,2,2,2,2,2,2,2,2,2,2,2,2,2,2,2,2,2,2,2,2,2,2,2,2,2,2,2,2,2,2,2,2,2,2,2,2,2,2,2,2,2,2,2,2,2,2,2,2,2,2,2,2,2,2,2,2,2,2,2,2,2,2,2,2,2,2,2,2,2,2,2,2,2,2,2,2,2,2,2,2,2,2,2,2,2,2,2,2,2,2,2,2,2,2,2,2,2,2,2,2,2,2,2,2,2,2,2,2,2,2,2,2,2,2,2,2,2,2,2,2,2,2,2,2,2,2,2,2,2,2,2,2,2,2,2,2,2,2,2,2,2,2,2,2,2,2,2,2,2,2,2,2,2,2,418,417
715,Female,0,3,259,8.5,0,0,0,0,0,0,0,0,1,0,0,1,0,0,0,0,0,0,0,0,0,0,0,0,0,0,0,0,0,0,0,0,0,0,0,0,0,0,0,0,0,0,0,0,0,0,0,0,0,0,0,0,0,0,0,0,0,0,0,0,0,0,0,0,0,0,0,0,0,0,0,0,0,0,0,0,0,0,1,0,0,0,0,0,0,0,0,0,0,0,0,0,0,0,1,0,0,0,0,0,0,0,0,0,0,0,0,0,0,0,0,0,0,0,0,0,0,0,0,0,0,0,0,0,0,0,0,0,0,0,0,0,0,0,0,0,0,0,0,0,0,0,0,0,0,0,0,0,0,0,0,0,0,0,0,0,0,0,0,0,0,0,0,0,0,0,0,0,0,0,0,0,0,0,0,0,0,0,0,0,0,0,0,0,0,0,0,0,0,0,0,0,0,0,0,0,0,0,0,0,0,0,0,0,0,0,0,0,0,0,0,0,0,0,0,0,0,0,0,0,0,0,0,0,0,0,0,0,0,0,0,0,0,0,0,0,0,0,0,0,0,0,0,0,0,0,0,0,0,0,1,0,0,0,1,1,1,0,0,0,0,0,0,0,0,0,0,0,0,0,0,0,0,0,1,0,0,0,0,0,0,0,0,0,0,0,0,0,0,0,0,0,0,0,0,0,0,0,0,0,0,0,0,0,0,0,0,0,0,0,0,0,0,0,0,0,0,0,1,0,0,0,0,0,0,0,1,0,0,0,0,0,0,0,0,0,0,0,0,0,0,0,0,0,0,0,0,0,0,0,0,0,0,0,0,0,0,0,0,0,0,0,0,0,0,0,0,0,0,0,0,0,0,0,0,0,0,0,0,0,0,0,0,0,0,0,0,0,0,0,0,0,0,0,0,0,0,0,0,0,0,0,0,0,0,0,0,0,0,0,0,0,0,0,0,0,0,0,11,0
715,Female,0,3,354,11.6,0,0,0,1,1,1,1,0,1,0,1,1,0,0,0,0,0,0,1,0,0,0,1,0,0,0,0,0,0,0,0,0,0,0,0,0,0,0,0,0,0,0,0,0,0,0,0,0,0,0,0,0,0,0,0,0,0,0,0,0,1,1,0,0,0,0,0,2,0,0,0,0,0,0,0,0,0,0,1,0,0,1,0,0,0,0,0,0,0,0,0,0,0,0,1,0,0,0,0,0,0,0,0,0,1,0,0,0,0,0,0,0,0,0,0,0,0,0,1,0,0,0,0,0,0,1,0,0,0,0,0,0,0,0,0,0,0,0,0,0,0,0,0,0,0,0,0,0,0,0,0,0,0,0,0,0,0,0,0,0,0,0,0,0,0,0,0,0,0,0,0,0,0,0,0,0,0,0,0,0,0,0,0,0,0,0,1,0,0,0,0,0,0,0,0,1,0,0,0,0,0,0,0,0,0,0,0,0,0,0,0,0,0,0,0,0,0,0,0,0,0,0,0,0,1,0,0,0,1,0,0,0,0,0,0,1,1,0,0,1,1,0,0,0,0,0,1,1,0,1,1,1,0,1,1,1,1,0,0,1,1,0,0,0,0,0,0,0,0,0,0,0,0,0,1,0,0,0,0,0,0,0,0,0,0,0,0,0,0,0,0,0,0,0,0,0,0,1,0,0,0,0,0,0,0,0,0,0,0,0,0,0,0,0,0,0,0,1,1,1,0,0,0,0,0,0,1,0,0,0,0,0,0,0,0,0,0,0,0,0,0,0,0,0,0,0,0,0,0,0,0,0,0,0,0,0,0,0,0,0,0,0,0,0,0,1,0,1,1,0,0,0,0,0,1,0,0,0,0,0,1,0,0,0,0,0,0,0,0,0,1,0,0,0,1,0,0,0,0,0,0,0,0,0,0,0,0,0,0,0,0,0,0,0,0,0,0,0,50,1
715,Female,0,3,543,17.9,1,2,0,2,2,2,2,1,2,0,2,2,0,0,0,1,0,0,1,0,1,0,1,0,1,0,1,0,0,0,1,0,0,0,1,1,0,0,1,0,0,0,1,0,1,0,1,0,0,0,0,0,0,0,0,1,1,1,1,0,1,1,1,1,2,1,1,2,1,0,0,1,0,1,2,0,0,0,1,0,1,1,1,0,2,0,1,0,0,1,0,1,1,1,1,1,1,0,1,1,0,0,1,0,1,1,1,0,0,1,0,1,1,1,1,1,1,1,1,1,1,1,0,0,1,1,0,1,0,1,1,1,0,0,1,1,1,1,1,1,1,1,0,0,1,1,0,0,0,0,0,0,0,1,1,1,1,0,1,0,1,0,0,0,1,1,0,0,1,0,0,0,1,0,0,1,0,0,0,1,1,1,0,0,1,0,1,0,0,0,1,0,1,1,0,1,1,0,0,1,0,1,0,0,1,0,0,2,0,0,0,0,0,0,0,0,0,0,1,0,1,0,0,0,2,0,0,0,1,1,0,0,0,0,0,1,1,0,0,1,1,0,0,0,0,0,1,1,0,1,2,1,1,1,1,1,1,0,2,1,1,0,0,2,0,0,0,0,0,0,0,0,0,0,1,0,0,0,0,0,0,1,1,0,0,0,1,1,0,0,0,0,1,1,1,0,0,1,0,0,1,0,0,0,1,0,0,0,1,0,0,1,0,0,1,1,1,1,1,1,1,1,1,1,0,1,1,1,1,1,1,1,2,1,0,0,0,0,1,1,1,0,1,0,0,0,0,1,1,0,0,0,1,0,0,0,0,1,1,0,0,0,0,0,0,1,0,1,1,1,0,0,1,0,1,0,0,0,1,0,1,0,0,0,0,0,0,0,0,0,1,0,1,1,1,0,0,0,0,0,0,0,0,0,1,0,0,0,0,0,1,0,0,0,0,0,0,0,189,18
716,Female,0,2,491,16.1,2,2,0,0,2,0,2,1,2,0,1,2,0,0,0,1,0,0,1,0,0,0,1,0,1,0,1,0,0,0,0,0,0,1,1,0,0,0,1,0,0,0,0,0,0,0,0,0,0,0,0,0,0,1,0,0,0,0,0,0,1,1,1,0,2,0,1,2,0,0,0,0,0,0,2,0,1,0,1,0,0,0,0,0,2,0,0,0,0,0,0,0,0,0,0,0,0,1,1,2,0,0,0,0,0,0,0,1,0,0,0,1,2,0,1,0,1,0,0,1,1,0,0,0,0,1,0,0,0,2,0,0,0,0,1,0,1,0,0,0,0,1,0,0,0,0,0,0,0,0,0,0,0,0,0,0,0,0,0,0,1,0,0,0,0,0,0,0,0,0,0,0,0,0,0,0,0,0,0,0,0,0,0,0,0,0,1,0,0,0,0,0,0,1,0,0,0,0,0,0,0,0,0,0,0,0,0,0,0,0,0,0,0,0,0,0,0,0,1,0,0,0,0,0,1,0,0,0,0,0,0,0,0,0,0,0,0,0,0,2,2,0,0,0,0,0,0,0,0,0,0,0,0,0,2,0,0,2,2,0,2,0,0,0,0,0,0,0,0,0,0,2,0,0,1,0,0,0,0,0,0,0,0,0,0,0,0,0,0,0,0,0,0,0,0,0,0,1,0,0,0,0,0,0,0,0,0,0,0,0,0,0,0,0,0,0,0,1,0,0,0,0,0,0,0,0,0,0,0,0,0,0,1,0,0,0,0,0,0,0,0,0,0,0,0,0,0,0,1,0,0,0,0,0,0,0,0,0,0,0,0,0,0,0,0,1,0,0,1,0,0,0,0,0,0,0,0,0,0,0,0,0,0,0,0,0,0,0,0,0,0,0,0,0,0,0,0,0,0,0,0,0,0,0,0,0,0,0,1,0,0,0,0,0,0,0,0,0,62,20
716,Female,0,2,551,18.1,2,2,0,0,2,2,2,2,2,0,2,2,0,0,2,2,0,0,2,0,1,0,2,0,2,0,2,0,0,0,0,0,0,1,1,0,0,0,1,0,0,1,0,0,0,0,0,0,0,1,0,0,1,1,1,0,1,0,1,0,1,1,1,1,2,1,1,2,0,0,0,0,1,0,2,0,1,0,2,0,2,1,1,0,2,0,1,0,0,1,0,0,0,0,1,0,0,2,1,2,1,1,1,0,0,1,0,1,0,0,0,2,2,0,1,0,2,0,0,1,1,2,0,0,0,1,0,0,0,2,0,2,0,0,2,0,1,0,1,0,0,1,0,0,1,0,0,0,0,0,0,0,0,0,1,0,0,0,0,0,2,0,0,2,0,0,0,1,0,1,1,0,1,0,0,0,1,0,1,1,0,1,0,0,0,0,2,0,0,0,1,2,0,1,0,0,0,0,0,0,0,0,0,0,0,0,0,0,0,0,0,0,0,0,0,0,0,0,1,1,1,0,0,0,2,0,0,0,2,0,0,0,0,1,0,0,0,0,0,2,2,0,0,0,2,0,1,1,0,1,0,1,0,0,2,1,1,2,2,1,2,0,0,1,0,1,0,0,0,0,0,2,0,0,1,0,0,0,1,0,0,0,0,0,1,0,1,1,0,0,0,0,0,1,0,0,2,1,0,0,1,0,0,1,0,0,0,0,0,0,1,0,0,0,0,0,0,1,0,0,0,0,1,0,0,0,0,1,0,0,0,0,1,0,0,0,0,0,0,0,0,0,1,0,0,0,0,0,1,0,0,0,0,0,0,0,0,1,0,0,1,0,0,0,0,1,0,0,1,0,0,0,0,0,0,0,2,0,0,0,1,0,0,0,0,0,0,0,0,0,0,0,0,0,0,0,0,0,0,0,0,0,0,0,0,0,1,0,1,0,1,0,0,0,0,0,0,0,132,46
718,Female,1,2,497,16.3,1,1,1,2,2,1,1,2,1,0,2,1,1,1,1,1,1,1,1,1,1,0,1,1,1,1,1,1,1,1,1,1,1,1,1,1,1,1,1,1,1,1,1,1,1,0,1,0,1,0,0,0,1,1,0,1,1,1,1,0,1,1,1,0,1,1,1,1,1,1,1,1,1,0,0,1,1,1,1,1,1,1,0,1,1,0,1,1,1,1,0,1,1,1,1,1,1,1,1,1,1,1,1,1,1,1,1,1,0,1,1,1,1,1,1,1,0,0,1,1,1,1,1,0,1,1,1,1,1,1,0,1,1,0,1,1,1,1,1,1,0,1,0,0,1,1,1,0,1,1,0,1,1,1,1,1,1,1,1,0,1,1,1,1,1,1,0,0,1,1,1,1,1,0,0,1,0,1,1,1,1,1,1,1,1,1,1,1,1,1,1,1,1,1,1,0,1,1,0,1,0,1,1,1,0,0,1,1,0,1,1,1,1,0,1,0,1,1,1,1,1,1,0,1,1,1,0,1,1,1,1,0,0,1,1,1,1,1,1,1,0,1,0,1,1,1,1,1,1,1,1,1,1,1,1,0,1,1,1,1,1,1,1,1,0,1,1,1,1,1,0,1,1,1,1,1,1,1,1,1,0,1,1,1,1,1,1,1,1,1,1,1,0,1,1,1,1,1,1,1,1,1,1,1,1,1,1,1,1,1,1,1,1,1,1,1,1,1,1,1,1,1,1,1,1,1,1,1,1,1,1,0,2,1,1,1,1,1,1,1,1,1,1,1,1,1,1,1,1,1,1,1,1,1,1,1,1,1,1,1,1,1,1,1,1,1,1,1,1,1,1,1,1,1,1,1,1,1,1,1,1,1,1,1,1,0,0,1,1,1,1,1,1,1,1,1,1,1,1,1,1,1,1,1,1,1,1,1,1,1,1,1,1,1,0,0,1,1,362,5
718,Female,1,2,602,19.8,2,1,1,2,2,2,2,2,2,2,2,1,1,1,1,1,1,1,2,1,1,0,2,1,2,2,2,1,1,1,1,1,1,1,1,2,1,1,1,1,1,1,2,1,1,0,1,1,1,1,1,1,1,1,1,1,1,2,2,1,1,1,2,1,1,1,1,1,1,1,1,1,1,1,1,1,1,1,1,2,2,1,1,1,2,0,1,1,1,1,1,1,1,1,1,2,1,1,1,2,1,2,1,1,1,1,2,2,1,1,1,1,1,1,1,1,1,1,1,1,1,2,1,0,1,1,1,1,1,1,0,1,1,0,1,1,1,1,1,1,0,1,0,0,2,1,1,0,1,1,0,1,1,1,2,1,1,1,1,0,2,1,1,2,1,1,1,0,2,1,1,1,1,0,0,1,0,1,1,1,1,1,1,1,1,1,1,1,1,1,1,1,1,1,1,0,1,1,0,1,0,1,1,2,1,1,1,1,0,1,1,1,1,1,1,1,1,1,1,1,1,1,0,1,1,1,0,2,2,1,1,0,0,1,1,2,2,1,1,2,0,1,0,1,1,1,2,1,1,2,1,1,1,1,2,0,1,2,2,1,1,1,1,1,1,1,1,1,1,1,1,1,1,1,1,1,1,1,1,1,1,1,1,1,1,1,1,1,1,1,1,1,1,1,1,1,1,1,1,1,1,1,1,1,1,1,1,1,1,1,1,1,1,1,1,1,1,1,1,1,1,1,1,1,1,1,1,1,1,1,1,1,2,1,1,1,1,1,1,1,2,1,1,1,1,1,1,1,1,1,1,1,2,1,1,1,1,1,1,1,1,1,1,1,1,1,1,1,1,1,1,1,1,1,1,1,1,1,1,1,1,1,1,1,1,1,0,1,1,1,1,1,1,1,1,1,1,1,1,1,1,1,1,1,1,1,1,1,1,1,1,1,1,1,1,1,1,1,390,47
720,Male,0,2,551,18.1,2,2,2,2,2,2,2,2,2,2,2,1,2,2,2,2,2,2,2,2,2,2,2,2,2,2,2,2,2,0,2,0,2,2,2,2,2,2,2,0,0,2,2,2,2,0,2,2,2,2,2,2,2,2,2,1,2,2,2,0,2,2,1,2,2,2,2,2,2,1,1,1,2,1,2,2,2,1,1,2,2,1,1,1,2,1,2,2,1,2,1,1,2,2,2,2,2,2,2,2,1,2,2,2,2,2,2,2,2,2,0,2,2,2,2,2,2,2,2,0,1,2,0,2,1,1,0,1,0,2,0,2,2,1,2,0,2,0,2,1,1,2,1,0,0,1,0,0,2,1,0,1,1,1,2,2,1,0,1,0,2,1,2,2,2,2,2,1,2,2,2,1,2,1,2,1,0,1,1,2,0,2,2,2,2,2,2,1,0,2,2,2,0,2,0,2,2,0,1,2,1,2,0,2,1,1,0,1,1,1,0,0,1,0,0,2,0,1,2,1,2,1,2,2,2,0,0,0,2,1,1,0,1,0,0,2,0,1,1,2,2,0,0,0,2,1,2,1,1,2,2,1,2,1,2,0,2,0,2,2,2,2,0,1,1,1,0,0,1,0,0,1,1,1,2,0,2,1,2,1,1,1,1,0,1,1,1,1,2,1,0,2,1,0,0,2,1,1,0,0,1,0,0,2,1,1,1,1,1,1,1,1,0,0,0,1,1,1,0,2,1,1,2,0,0,1,0,2,2,2,1,0,2,1,0,0,0,1,1,1,0,2,2,1,0,0,0,2,1,0,0,0,2,0,0,0,0,2,0,0,0,0,1,0,0,0,0,0,0,2,0,0,0,0,0,0,0,0,2,0,0,0,0,0,0,0,0,0,0,0,0,0,0,0,0,0,1,1,2,1,0,2,2,1,1,0,2,0,1,0,2,0,0,0,0,0,0,0,290,180
720,Male,0,2,644,21.2,2,2,2,2,2,2,2,2,2,2,2,2,2,2,2,2,2,2,2,2,2,2,2,2,2,2,2,2,2,0,2,0,2,2,2,2,2,2,2,0,0,2,2,2,2,0,2,2,2,2,2,2,2,2,2,2,2,2,2,2,2,2,1,2,2,2,2,2,2,2,2,2,2,2,2,2,2,1,2,2,2,2,2,1,2,2,2,2,2,2,2,1,2,2,2,2,2,2,2,2,1,2,2,2,2,2,2,2,2,2,2,2,2,2,2,2,2,2,2,0,2,2,2,2,2,2,2,1,0,2,2,2,2,2,2,0,2,0,2,1,2,2,2,0,0,1,0,0,2,1,0,2,2,2,2,2,2,2,2,2,2,2,2,2,2,2,2,2,2,2,2,2,2,2,2,2,0,2,2,2,0,2,2,2,2,2,2,2,2,2,2,2,2,2,2,2,2,2,2,2,1,2,0,2,1,2,0,2,2,2,1,1,1,1,0,2,2,1,2,2,2,2,2,2,2,2,0,0,2,1,1,0,1,0,2,2,0,2,2,2,2,0,0,2,2,2,2,1,1,2,2,1,2,2,2,0,2,2,2,2,2,2,2,2,2,2,2,0,2,0,1,2,2,1,2,1,2,2,2,2,1,2,1,1,1,1,2,1,2,1,0,2,1,0,0,2,1,2,0,2,2,2,0,2,1,1,2,2,2,2,2,1,2,2,1,2,2,2,1,2,1,2,2,0,0,2,2,2,2,2,1,1,2,2,0,2,2,2,2,1,2,2,2,2,2,2,0,2,2,2,2,0,2,2,2,2,0,2,2,1,0,2,1,0,0,0,2,2,2,2,0,0,0,0,0,0,0,0,2,1,2,0,0,1,0,0,0,0,0,0,0,0,1,0,0,0,2,2,2,2,0,2,2,1,2,0,2,0,1,0,2,0,0,0,0,0,0,2,343,293
721,Female,0,4,287,9.4,0,0,0,0,1,0,0,0,0,0,1,0,0,0,0,0,1,0,1,0,0,0,1,0,0,0,0,0,0,0,0,0,0,0,1,0,0,0,0,0,0,0,0,0,0,0,0,0,0,0,0,0,0,0,0,0,0,0,0,0,0,0,0,0,1,0,0,1,0,1,0,0,1,0,0,0,0,0,1,0,0,0,0,0,0,0,2,0,0,0,0,0,0,0,0,0,0,0,1,0,0,0,0,0,0,1,0,0,0,0,0,1,1,0,0,0,0,0,0,0,0,0,0,0,0,1,0,0,0,0,0,0,0,0,0,0,0,0,0,0,0,0,0,0,0,0,0,0,0,0,0,0,0,0,0,0,0,0,0,0,0,0,0,0,0,0,0,0,0,0,0,0,0,0,0,0,0,0,0,0,0,0,0,0,0,0,0,0,0,0,0,0,0,0,0,0,0,0,0,0,0,0,0,0,0,0,0,0,0,0,0,0,0,0,0,0,0,0,0,0,0,0,0,0,1,0,0,0,1,0,0,0,0,0,0,1,1,0,0,1,1,0,0,0,1,1,1,0,0,2,0,0,0,0,0,0,0,0,0,0,0,0,0,0,0,0,0,0,0,0,0,0,0,1,1,0,0,0,0,0,0,0,0,0,0,1,0,0,0,0,0,0,0,0,0,0,0,1,0,0,0,0,0,0,1,0,0,0,0,0,0,0,0,0,0,0,0,1,0,0,0,0,0,0,0,0,0,0,0,0,0,0,1,0,0,0,0,0,0,0,0,0,0,0,0,0,0,0,0,0,0,0,0,0,0,0,0,0,0,0,0,0,0,0,0,0,0,0,0,0,0,0,0,0,0,0,0,0,0,0,0,0,0,0,0,0,0,0,0,0,0,0,0,0,0,0,0,0,0,0,0,0,0,0,0,0,0,0,0,0,0,0,0,0,0,0,0,0,34,2
721,Female,0,4,525,17.3,2,1,0,2,1,2,2,2,2,0,2,0,0,2,2,2,1,1,1,0,2,0,1,0,2,1,2,2,1,0,1,0,1,1,1,2,2,0,2,0,0,2,1,0,1,0,1,1,2,1,0,1,1,1,0,0,1,2,1,0,2,0,2,1,1,1,1,1,1,1,0,2,1,0,1,1,1,0,1,1,2,0,1,0,0,1,2,1,2,2,1,0,0,2,1,1,0,0,2,2,1,1,2,2,1,2,1,2,2,1,1,2,2,1,2,0,0,1,0,1,0,2,1,1,0,1,0,0,1,2,0,2,0,0,2,1,1,1,1,0,1,1,0,0,0,0,0,0,1,0,0,1,0,2,1,0,1,1,0,0,1,0,1,2,0,0,2,0,2,2,1,1,1,0,1,0,0,0,1,1,1,1,1,0,1,1,0,1,1,0,0,0,0,2,0,0,1,0,0,1,0,2,0,0,0,0,0,0,0,0,0,0,0,0,0,0,1,0,2,1,1,0,1,0,2,1,0,0,1,0,0,0,0,0,1,2,1,0,0,2,2,0,0,0,2,1,2,0,0,2,2,1,1,2,2,1,1,2,1,0,1,0,0,2,0,0,0,0,2,0,0,0,0,1,1,0,0,0,1,1,0,1,0,0,0,1,0,0,0,0,0,0,0,1,0,1,0,1,0,0,1,1,0,0,1,0,0,0,1,1,0,0,0,0,0,0,1,1,0,1,0,0,0,0,0,0,1,0,1,0,1,0,1,0,0,0,0,0,0,0,0,0,1,0,0,0,0,0,0,0,1,0,2,0,0,1,0,0,0,0,0,1,1,0,0,0,0,0,1,1,0,0,0,0,0,0,1,0,0,0,2,0,0,0,0,0,0,0,0,0,0,0,0,0,0,0,0,0,0,0,0,0,0,0,0,0,0,0,0,0,0,0,0,0,0,0,0,0,191,65
721,Female,0,4,632,20.8,2,2,0,2,2,2,2,2,2,0,2,2,0,2,2,2,2,1,2,1,2,2,2,0,2,1,2,2,1,0,1,0,1,2,2,2,2,2,2,0,2,2,2,0,1,0,2,2,2,2,0,1,2,2,0,1,2,2,2,0,2,0,2,2,1,2,2,2,2,2,0,2,1,0,2,2,2,0,1,2,2,0,2,0,2,2,2,2,2,2,2,1,0,2,2,1,0,0,2,2,2,1,2,2,1,2,1,2,2,2,1,2,2,2,2,2,1,1,1,2,0,2,2,1,0,2,1,1,2,2,1,2,2,2,2,1,2,1,2,1,1,1,0,1,1,2,1,0,2,0,0,1,1,2,1,2,2,2,0,0,1,1,2,2,2,2,2,1,2,2,2,1,2,2,1,2,0,1,2,2,1,2,1,0,2,2,2,1,2,0,1,0,1,2,0,0,1,0,0,1,0,2,0,0,1,0,0,2,0,0,2,0,0,0,2,1,1,1,2,2,1,1,2,0,2,2,0,0,2,1,0,0,0,0,2,2,1,0,0,2,2,2,0,0,2,2,2,1,0,2,2,2,1,2,2,1,1,2,2,0,2,1,0,2,1,0,0,1,2,0,0,0,0,2,1,0,2,0,2,2,0,2,2,0,2,1,0,1,1,0,0,0,2,2,2,1,0,2,0,0,2,1,0,0,2,0,0,0,2,2,2,0,0,2,0,0,2,2,0,1,1,2,2,0,0,2,2,2,1,2,1,1,1,0,0,0,0,2,0,0,1,2,1,0,0,1,0,0,0,0,2,2,2,0,0,2,0,1,0,0,2,1,1,0,0,0,0,2,1,2,2,0,0,0,0,0,1,0,0,2,2,0,1,1,0,0,0,0,0,0,0,0,0,0,0,0,0,0,2,0,0,0,0,0,0,0,0,0,0,0,0,0,0,0,0,0,0,0,266,180
721,Female,0,4,760,25,2,2,0,2,2,2,2,2,2,2,2,2,2,2,2,2,2,2,2,2,2,2,2,2,2,2,2,2,2,0,2,2,2,2,2,2,2,2,2,2,2,2,2,2,2,0,2,2,2,2,0,2,2,2,0,2,2,2,2,0,2,2,2,2,2,2,2,2,2,2,0,2,2,2,2,2,2,1,2,2,2,2,2,1,2,2,2,2,2,2,2,1,0,2,2,2,2,2,2,2,2,2,2,2,2,2,2,2,2,2,2,2,2,2,2,2,2,2,2,2,0,2,2,2,2,2,1,2,2,2,2,2,2,2,2,2,2,2,2,1,1,2,2,2,2,2,2,0,2,2,0,2,2,2,2,2,2,2,0,0,2,2,2,2,2,2,2,1,2,2,2,1,2,2,2,2,1,2,2,2,2,2,2,1,2,2,2,2,2,0,2,1,2,2,0,0,2,2,0,2,0,2,0,2,1,2,0,2,0,2,2,1,1,0,2,2,2,2,2,2,2,2,2,0,2,2,2,2,2,2,1,0,1,2,2,2,2,2,2,2,2,2,0,0,2,2,2,2,0,2,2,2,2,2,2,2,2,2,2,0,2,2,0,2,2,2,2,2,2,2,2,2,2,2,2,2,2,2,2,2,0,2,2,0,2,1,0,1,2,2,0,1,2,2,2,2,2,2,0,1,2,2,0,2,2,2,2,0,2,2,2,2,2,2,0,2,2,2,2,2,2,2,2,1,2,2,2,2,2,2,2,2,2,1,1,2,2,2,1,1,2,2,2,2,2,2,0,1,2,2,2,2,2,2,0,2,0,2,1,0,2,2,2,0,1,2,0,2,1,2,2,0,0,0,0,0,1,0,2,2,2,0,1,1,0,0,0,2,0,0,0,0,0,0,0,0,0,0,2,0,2,2,0,0,0,0,0,0,2,2,0,0,0,0,0,0,0,0,340,308
722,Male,0,2,484,15.9,0,0,0,2,0,0,0,0,1,0,2,2,0,0,0,0,0,0,0,0,1,0,1,0,0,0,0,0,0,0,0,0,0,1,1,0,0,0,0,0,0,0,0,0,0,0,0,0,0,0,0,0,0,1,0,0,0,0,0,0,1,0,0,0,0,0,0,2,1,0,0,0,0,0,1,0,0,0,0,1,0,1,0,0,0,0,2,0,0,0,0,0,0,0,0,0,0,0,0,0,0,0,1,0,0,1,0,1,0,0,0,0,0,1,0,0,0,0,1,0,0,0,0,0,0,1,0,0,0,1,0,1,0,0,1,1,1,1,0,0,0,1,0,0,0,0,0,0,0,0,0,0,0,0,0,0,0,0,0,0,0,1,1,0,0,0,0,0,0,0,0,0,1,0,0,0,0,0,0,0,0,1,0,0,1,0,1,0,0,0,1,0,0,0,0,0,0,0,0,0,0,1,0,1,0,0,0,0,0,1,0,0,0,0,0,1,0,0,0,1,1,0,0,0,0,0,0,0,2,0,0,0,0,0,0,2,2,0,0,2,2,0,0,0,0,1,2,1,0,2,2,0,0,1,2,0,0,0,0,0,2,0,0,2,0,0,0,0,0,0,0,0,0,0,0,0,0,0,1,0,0,1,0,0,0,1,0,0,0,0,0,0,0,0,0,0,0,1,0,0,0,0,0,1,0,0,0,0,1,0,0,0,0,0,0,1,0,1,0,0,0,1,0,0,0,0,0,1,0,0,0,0,2,0,0,0,0,0,1,0,0,1,1,0,1,0,0,0,0,0,0,0,0,0,0,0,0,0,0,0,0,0,0,0,0,0,0,0,0,0,0,0,0,0,0,0,0,0,0,2,0,0,0,0,0,0,0,0,0,0,0,0,0,0,0,0,0,0,0,0,0,0,1,0,0,0,0,0,0,0,1,0,0,0,0,0,0,0,74,18
722,Male,0,2,522,17.2,0,0,0,2,0,2,0,2,1,2,2,2,0,0,0,0,0,0,0,0,1,0,2,0,1,1,0,0,0,0,0,0,0,1,1,0,0,0,0,0,0,0,0,0,0,0,0,0,0,0,0,0,0,1,0,0,0,0,0,0,1,1,0,0,1,0,0,2,1,0,0,0,0,0,1,0,0,0,1,1,0,1,0,0,1,0,2,0,0,0,0,0,0,0,0,0,0,0,1,1,0,0,1,0,0,1,1,1,0,0,0,1,0,1,1,0,0,0,1,0,0,0,0,0,0,1,0,0,0,1,0,1,0,0,1,1,1,1,0,0,1,1,0,0,1,0,0,0,0,0,0,0,0,0,0,0,0,0,0,0,1,1,1,0,0,0,0,0,0,0,0,0,1,0,0,0,0,0,0,0,0,1,0,0,1,0,1,0,0,0,1,0,0,0,0,0,0,0,0,0,0,1,0,1,0,0,0,0,0,1,0,0,0,0,0,1,0,0,0,1,1,0,0,0,0,0,0,0,2,0,0,0,0,0,0,2,2,0,0,2,2,0,0,1,1,1,2,1,1,2,2,1,1,1,2,0,0,0,0,0,2,0,0,2,0,0,0,0,0,0,0,0,0,0,0,0,1,0,1,0,0,1,0,0,0,1,1,1,0,0,0,0,0,0,0,1,0,1,0,0,1,0,0,1,1,0,0,0,1,0,0,1,0,0,0,1,1,1,0,0,0,1,0,0,0,0,2,1,1,0,1,0,2,0,0,0,0,0,1,0,0,1,1,0,1,0,0,1,0,0,0,0,1,0,0,0,0,0,0,0,0,0,0,0,0,0,0,0,0,1,0,0,0,0,0,0,0,0,0,2,2,0,0,0,0,0,0,0,0,0,1,0,0,0,0,0,1,0,0,0,0,1,1,0,0,0,0,0,0,0,1,0,0,0,0,0,0,0,114,24
723,Male,0,2,485,15.9,0,0,0,2,1,1,0,2,0,1,2,2,0,0,0,0,0,0,1,0,1,0,1,0,1,0,0,0,0,0,0,0,0,1,1,0,0,0,1,0,0,1,0,0,1,0,0,0,0,0,0,0,0,2,0,1,0,2,0,0,1,0,0,0,1,1,1,2,1,1,1,1,1,0,2,0,0,0,1,0,0,1,0,0,1,0,1,0,1,1,0,0,1,1,1,0,0,0,0,0,0,0,1,1,1,1,0,1,1,1,0,0,1,0,1,0,0,0,0,0,1,1,1,0,0,1,0,0,0,1,0,2,0,0,1,1,1,0,0,0,1,1,0,0,1,0,0,0,0,0,0,1,0,1,0,1,0,0,0,0,0,0,0,0,1,0,0,0,0,0,0,1,1,0,0,1,0,0,0,1,0,1,0,0,0,0,1,1,0,1,0,0,0,0,0,0,0,0,0,0,0,0,0,0,1,0,0,0,0,0,0,0,0,0,0,0,0,0,1,1,1,1,0,0,1,0,0,0,0,0,0,0,0,0,0,0,0,0,0,1,1,0,0,0,1,0,1,1,1,1,2,1,1,1,2,1,1,0,1,0,0,1,0,1,1,2,0,0,0,1,0,1,0,0,1,0,1,0,1,0,1,1,0,0,1,0,1,1,2,0,0,1,1,1,1,1,1,1,0,0,0,0,0,0,1,0,0,0,1,1,1,1,0,0,0,0,1,1,1,1,1,1,0,1,0,1,1,1,1,1,1,0,0,0,0,0,0,0,1,0,0,0,1,0,0,0,0,1,1,0,1,0,0,1,1,0,0,0,0,0,0,0,0,0,0,1,0,1,0,0,0,0,0,0,0,0,0,0,0,0,0,0,0,0,0,0,0,0,0,0,0,0,0,0,0,0,0,0,0,1,1,0,0,0,0,1,0,0,0,0,0,0,0,0,0,0,0,0,145,13
723,Male,0,2,544,17.9,2,2,0,2,2,2,0,2,2,1,2,2,1,0,0,1,0,0,1,1,1,0,1,0,1,1,1,0,0,0,1,0,0,1,1,1,0,0,1,0,0,1,0,1,1,0,0,0,1,0,1,1,1,2,0,1,1,2,1,1,1,1,0,0,1,1,1,2,1,1,1,1,1,1,2,0,0,0,1,0,0,1,0,0,1,0,1,0,1,1,0,0,1,1,1,0,1,0,1,1,1,1,1,1,1,1,1,1,1,1,0,1,1,1,1,0,0,0,0,0,1,1,1,0,0,1,0,0,0,2,0,2,0,0,1,1,1,0,0,0,1,1,0,0,1,0,0,0,1,0,0,1,0,1,1,1,1,0,0,0,0,0,0,0,1,1,0,0,1,0,0,1,1,0,0,1,0,0,1,1,0,1,0,0,0,0,1,1,0,1,0,0,0,1,0,0,0,0,0,0,0,0,0,0,1,0,0,0,0,0,1,0,1,0,0,0,0,0,1,1,1,1,0,0,1,0,0,0,1,0,0,0,0,0,0,0,0,0,0,1,1,0,0,0,1,1,1,1,1,1,2,1,1,1,2,1,1,0,1,0,1,1,0,1,1,2,0,0,0,1,0,1,1,0,1,0,1,1,1,1,1,1,0,1,1,0,1,1,2,0,0,1,1,1,1,1,1,1,0,0,1,0,0,1,1,0,0,0,1,1,1,1,0,0,0,1,1,1,1,1,1,1,0,1,0,1,1,1,1,1,1,0,1,1,0,0,0,0,1,0,0,0,1,1,0,0,0,1,1,0,1,0,0,1,1,0,0,0,0,0,0,0,0,0,0,1,1,1,0,0,0,0,0,0,0,0,0,0,1,0,0,0,0,0,0,0,0,0,0,0,0,0,0,0,0,0,0,1,1,1,1,1,1,0,0,1,1,0,0,0,0,0,0,0,0,0,0,0,202,19
726,Male,0,4,520,17.1,2,2,2,2,2,2,2,1,2,2,1,1,0,1,1,1,1,1,2,1,1,1,1,1,1,1,1,1,1,1,1,1,1,1,1,1,1,1,1,0,1,1,1,0,1,0,1,1,1,1,0,1,1,1,1,1,1,2,1,1,1,1,1,0,1,0,1,0,1,1,0,0,0,0,1,0,0,1,1,1,1,1,0,0,0,0,1,0,0,0,0,0,0,0,1,1,0,0,1,1,0,1,1,1,1,1,1,1,1,1,0,1,1,1,1,1,1,1,1,0,1,1,1,0,0,1,0,0,0,1,0,1,1,1,1,1,1,1,1,1,1,1,1,0,1,0,0,0,0,0,0,0,0,1,0,0,0,0,1,0,1,0,0,1,1,1,0,1,2,0,0,0,1,0,0,0,0,0,1,2,0,1,1,0,1,1,0,0,1,0,0,0,0,1,0,0,0,0,0,0,0,1,0,1,0,0,0,0,0,0,0,0,0,1,0,0,0,0,2,0,1,1,0,0,2,0,0,0,1,0,0,0,0,0,0,2,1,1,1,2,2,0,0,0,1,1,2,1,1,1,0,1,1,1,1,1,2,1,2,1,2,1,0,1,1,0,0,1,2,0,0,1,1,0,2,0,1,1,1,1,1,1,0,0,1,0,1,1,2,0,1,0,1,0,0,0,1,1,0,0,1,0,0,1,0,0,0,0,1,0,0,0,0,0,0,2,1,1,1,1,1,0,0,0,0,1,1,1,1,0,0,0,2,1,0,0,0,0,2,1,1,0,2,0,0,0,0,1,0,0,0,0,0,0,0,0,0,0,0,0,0,0,0,0,0,0,0,0,0,0,0,0,1,0,1,0,0,0,0,0,0,0,0,0,0,0,0,0,0,0,0,0,0,0,0,0,0,0,2,1,1,1,1,1,0,0,2,0,1,1,1,0,0,0,0,0,0,0,209,31
726,Male,0,4,577,19,2,2,2,2,2,2,2,1,2,2,1,2,1,2,1,1,1,1,1,1,2,1,1,1,2,1,1,1,1,1,1,1,1,1,1,1,1,1,1,0,1,1,1,0,1,0,1,1,1,1,0,1,1,2,1,1,1,2,1,1,1,1,1,1,1,1,1,1,1,1,0,1,1,0,1,0,1,1,1,1,1,1,0,0,1,0,1,0,1,1,0,0,0,1,1,1,0,0,1,1,1,1,1,1,1,1,1,1,1,1,0,1,1,1,1,1,1,1,1,0,1,1,1,0,0,1,0,1,0,1,0,1,1,1,1,1,1,1,1,1,1,2,1,0,1,1,0,0,0,1,0,0,0,1,1,1,1,0,1,0,1,0,0,1,1,1,0,1,2,0,1,0,1,0,0,1,0,0,1,2,2,1,1,0,1,1,1,2,2,0,1,1,0,1,0,0,0,0,0,2,0,2,1,1,0,1,0,1,0,0,0,0,1,1,0,0,0,0,2,1,1,1,1,0,2,1,0,0,2,0,0,0,1,0,2,2,1,1,2,2,2,1,0,0,1,1,2,1,1,1,0,1,1,1,1,1,2,1,2,1,2,1,0,1,1,1,0,1,2,0,0,1,1,0,2,0,1,1,1,1,1,1,0,0,1,1,1,1,2,0,1,0,1,0,0,1,1,1,0,0,1,1,0,1,1,1,1,1,1,0,1,0,0,1,0,2,1,1,1,1,1,1,0,0,0,1,1,1,1,0,1,0,2,1,0,1,2,1,2,1,2,0,2,0,0,0,0,1,0,2,0,0,2,1,0,0,0,1,0,2,0,2,0,0,0,0,0,0,1,1,1,0,1,0,1,0,0,0,1,0,0,0,0,0,0,0,0,0,0,0,0,0,1,0,0,0,0,0,2,1,1,1,1,1,0,0,2,0,1,1,1,0,0,0,0,0,0,0,271,50
726,Male,0,4,684,22.5,2,2,2,2,2,2,2,2,2,2,2,2,2,2,2,1,2,2,2,2,2,2,2,1,2,1,1,1,1,2,1,1,1,2,2,1,2,1,2,1,2,1,2,2,1,2,2,2,2,1,2,2,2,2,1,2,1,2,1,1,2,2,1,1,2,2,1,2,1,1,2,1,1,0,1,2,2,2,1,2,1,1,2,0,1,0,1,1,2,2,2,0,2,2,2,1,0,0,2,2,1,2,1,1,2,2,2,2,1,2,2,2,2,1,1,2,2,1,2,1,2,2,1,0,1,2,1,1,1,2,1,2,2,1,2,2,2,2,1,2,2,2,2,1,2,2,1,0,1,2,0,1,0,2,1,1,2,0,2,0,2,2,1,2,2,2,1,1,2,2,1,2,2,0,0,2,0,1,1,2,2,2,1,2,2,1,2,2,2,1,1,1,1,1,0,0,2,1,2,2,0,2,1,1,0,1,0,1,0,1,1,0,1,1,0,1,0,2,2,1,1,2,1,0,2,1,0,0,2,2,0,0,1,0,2,2,1,1,2,2,2,2,0,0,2,1,2,1,1,1,0,1,1,2,2,1,2,1,2,2,2,1,1,1,1,1,1,1,2,0,1,1,2,1,2,2,1,2,1,1,1,1,2,0,1,1,1,1,2,1,1,1,2,0,0,1,2,1,0,1,1,2,1,2,2,2,1,2,1,1,1,1,0,1,0,2,1,1,1,1,2,1,1,1,0,1,2,1,1,1,1,1,2,1,0,2,2,1,2,2,2,2,2,2,2,1,0,2,2,2,1,0,2,1,1,2,0,1,0,2,0,2,0,0,2,0,1,1,1,2,2,0,1,0,1,1,0,0,1,0,1,2,0,0,0,1,0,0,0,0,0,0,2,2,1,0,2,2,2,2,2,2,2,2,0,2,2,2,1,1,2,0,2,0,0,0,0,0,346,187
726,Male,0,4,766,25.2,2,2,2,2,2,2,2,2,2,2,2,2,2,2,2,2,2,2,2,2,2,2,2,2,2,2,2,2,2,2,2,2,2,2,2,2,2,2,2,2,2,2,2,2,2,2,2,2,2,2,2,2,2,2,2,2,2,2,2,2,2,2,2,2,2,2,2,2,2,2,2,2,2,2,2,2,2,2,2,2,2,2,2,2,2,2,2,2,2,2,2,0,2,2,2,2,2,2,2,2,2,2,2,2,2,2,2,2,2,2,2,2,2,2,2,2,2,2,2,2,2,2,1,1,2,2,2,2,2,2,2,2,2,2,2,2,2,2,2,2,2,2,2,2,2,2,2,0,2,2,2,2,2,2,2,2,2,2,2,0,2,2,2,2,2,2,2,2,2,2,2,2,2,2,2,2,2,2,2,2,2,2,2,2,2,2,2,2,2,1,2,2,1,2,2,0,2,2,2,2,2,2,2,2,2,2,0,2,2,2,2,0,2,2,2,2,2,2,2,2,2,2,2,2,2,2,2,0,2,2,2,2,2,2,2,2,2,2,2,2,2,2,2,2,2,2,2,2,2,2,0,2,2,2,2,2,2,2,2,2,2,2,2,2,2,2,2,2,2,2,2,2,2,2,2,2,2,2,2,2,2,2,2,2,2,2,2,2,2,2,2,2,2,2,0,1,2,2,2,2,2,2,2,2,2,2,2,2,2,2,2,2,2,2,2,2,2,2,2,2,2,2,2,2,2,2,2,2,2,2,2,2,2,2,0,2,2,2,2,2,2,2,2,2,2,2,0,2,2,2,2,2,2,2,2,2,2,2,2,2,2,2,2,0,2,2,2,2,2,2,2,0,2,2,2,2,0,2,2,2,2,2,2,1,2,2,2,0,0,2,2,0,2,2,2,2,2,2,2,2,2,2,2,2,2,2,2,2,2,2,2,0,2,0,2,2,2,2,399,393
728,Male,0,4,263,8.6,0,0,0,0,0,0,0,0,0,0,0,0,0,0,0,0,0,0,0,0,0,0,0,0,0,0,0,0,0,0,0,0,0,0,0,0,0,0,0,0,0,0,0,0,0,0,0,0,0,0,0,0,0,0,0,0,0,1,0,1,1,0,0,0,0,0,0,0,0,0,0,0,0,0,0,0,0,0,0,0,0,0,0,0,0,0,0,0,0,0,0,0,0,0,0,0,0,0,0,0,0,0,0,0,0,0,0,0,0,0,0,0,0,0,0,0,0,0,0,0,0,0,0,0,0,0,0,0,0,0,0,0,0,0,1,0,0,0,0,0,0,0,0,0,0,0,0,0,0,0,0,0,0,0,0,0,0,0,0,0,0,0,0,0,0,0,0,0,0,0,0,0,0,0,0,0,0,0,0,0,0,0,0,0,0,0,1,0,0,0,0,0,0,0,0,0,0,0,0,0,0,0,0,0,0,0,0,0,0,0,0,0,0,0,0,0,0,0,0,0,0,0,0,0,0,0,0,0,1,0,0,0,0,0,0,0,0,0,0,1,0,0,0,0,0,0,0,0,0,0,0,0,0,0,1,0,0,0,0,0,0,0,0,0,0,0,0,0,0,0,0,0,0,0,1,0,0,0,0,0,0,0,0,0,0,0,0,0,0,0,0,0,0,0,0,0,0,0,0,0,0,0,0,0,0,0,0,0,0,0,0,0,0,0,0,0,0,0,0,0,0,0,0,0,0,0,0,0,0,0,0,0,0,0,0,0,0,0,0,0,0,0,0,0,0,0,0,0,0,0,0,0,0,0,0,0,0,0,0,0,0,0,0,0,0,0,0,0,0,0,0,0,0,0,0,0,0,0,0,0,0,0,0,0,0,0,0,0,0,0,0,0,0,0,0,0,0,0,0,0,0,0,0,0,0,0,0,0,0,0,0,0,0,0,0,0,0,0,9,0
728,Male,0,4,494,16.2,2,2,0,2,2,2,2,2,2,2,2,2,0,1,2,1,1,1,1,0,1,0,2,0,2,1,2,1,1,0,1,0,0,1,1,0,0,1,1,1,0,1,0,0,1,0,1,1,1,0,1,1,1,2,0,1,0,2,1,1,0,0,0,0,0,0,0,0,0,0,0,0,0,0,0,0,0,0,0,0,0,0,0,0,0,0,0,0,0,0,0,0,0,0,0,0,0,0,0,0,0,0,0,0,0,0,0,0,0,0,0,0,0,0,0,0,0,0,0,0,0,0,0,0,0,0,0,0,0,0,0,0,0,0,0,0,0,0,0,0,0,0,0,0,0,0,0,0,0,0,0,0,0,0,0,0,0,0,0,0,0,0,0,0,0,0,0,0,0,0,0,0,0,0,0,0,0,0,0,0,0,0,0,0,0,0,0,0,0,0,0,0,0,0,0,0,0,0,0,0,0,0,0,0,0,0,0,0,0,0,0,0,0,0,0,0,0,0,0,0,0,0,0,0,0,0,0,0,0,0,0,0,0,0,0,0,0,0,0,0,0,0,0,0,0,0,0,0,0,0,0,0,0,0,0,0,0,0,0,0,0,0,0,0,0,0,0,0,0,0,0,0,0,0,0,0,0,0,0,0,0,0,0,0,0,0,0,0,0,0,0,0,0,0,0,0,0,0,0,0,0,0,0,0,0,0,0,0,0,0,0,0,0,0,0,0,0,0,0,0,0,0,0,0,0,0,0,0,0,0,0,0,0,0,0,0,0,0,0,0,0,0,0,0,0,0,0,0,0,0,0,0,0,0,0,0,0,0,0,0,0,0,0,0,0,0,0,0,0,0,0,0,0,0,0,0,0,0,0,0,0,0,0,0,0,0,0,0,0,0,0,0,0,0,0,0,0,0,0,0,0,0,0,0,0,0,0,0,0,0,0,0,0,0,0,0,0,0,43,17
728,Male,0,4,537,17.7,2,2,1,2,2,2,2,2,2,2,2,2,0,1,2,1,1,1,1,0,1,0,2,1,2,1,2,1,1,0,1,0,0,1,1,1,0,1,1,1,1,1,0,0,1,0,1,1,1,1,1,1,1,2,1,1,1,2,1,1,1,2,1,0,1,0,2,2,1,1,0,1,1,1,2,0,0,1,1,0,2,1,1,0,2,0,1,1,1,2,1,0,2,2,1,1,1,0,1,2,1,1,1,0,1,1,1,1,2,1,0,2,2,1,1,1,1,2,1,0,1,1,1,0,1,1,0,1,0,2,1,1,1,0,1,1,1,1,1,1,1,2,1,0,1,1,1,0,0,1,0,1,1,1,0,1,1,0,0,0,1,1,1,0,0,1,0,1,0,1,0,1,1,0,1,1,0,0,1,1,0,1,0,0,0,1,1,1,0,1,1,0,0,1,0,0,1,0,0,1,0,2,0,1,1,0,1,0,0,0,1,0,0,1,0,1,0,0,1,1,1,1,1,0,2,1,0,0,1,0,0,0,0,0,0,1,1,0,0,1,2,0,0,0,2,1,2,1,1,2,2,1,1,1,1,0,2,2,2,2,1,0,0,2,1,1,0,0,0,0,1,1,1,1,1,0,1,1,1,0,1,1,0,0,0,1,1,1,2,0,0,0,0,1,1,0,0,1,0,0,1,0,0,0,0,0,0,0,1,0,1,1,0,2,1,1,1,1,1,1,1,1,1,0,0,1,2,1,1,1,1,0,2,1,0,0,0,0,1,0,0,0,2,0,1,1,0,1,0,0,1,0,1,1,1,1,0,1,1,0,0,1,1,0,0,1,0,1,1,0,0,0,0,0,0,0,0,1,1,1,1,1,0,0,0,0,0,0,0,1,1,0,1,1,0,0,0,0,0,0,0,1,1,0,0,1,0,0,1,1,2,0,0,0,1,0,0,0,256,51
728,Male,0,4,640,21,2,2,1,2,2,2,2,2,2,2,2,2,2,2,2,2,2,2,2,2,2,2,2,2,2,2,2,2,2,0,1,2,1,2,2,2,2,1,2,2,2,2,2,1,2,1,2,2,2,2,2,2,2,2,1,2,2,2,2,2,2,2,1,2,2,2,2,2,2,2,2,2,1,1,2,2,2,2,2,2,2,2,2,0,2,0,2,2,2,2,2,2,2,2,2,2,2,0,2,2,2,2,2,1,1,2,2,2,2,2,2,2,2,2,2,2,2,2,2,1,1,2,1,0,1,2,0,1,2,2,2,2,2,2,2,2,2,2,2,2,2,2,2,0,2,2,2,0,2,1,0,2,2,2,2,2,2,1,1,0,2,1,2,2,2,2,0,1,2,2,2,2,2,0,2,2,2,1,2,2,2,2,2,1,2,1,2,2,2,1,2,2,0,1,0,1,1,0,1,2,0,2,2,2,1,0,1,2,0,2,1,0,2,1,0,1,1,2,2,2,1,2,2,2,2,2,0,2,2,0,2,1,1,0,2,1,1,2,2,2,2,0,0,0,2,2,2,1,1,2,2,1,1,2,2,0,2,2,2,2,2,2,0,2,2,2,0,0,2,0,2,1,1,1,2,0,2,1,2,2,2,2,2,0,2,1,1,1,2,0,0,0,2,1,2,2,2,2,0,2,2,2,0,2,1,2,2,1,2,1,2,2,0,2,1,2,2,2,1,2,2,2,2,0,1,2,2,2,1,1,1,0,2,2,0,2,2,2,2,0,2,2,2,0,1,2,0,1,0,2,2,0,2,1,1,2,0,2,2,2,2,2,1,0,1,1,2,1,2,1,2,0,1,1,1,1,0,1,1,1,1,2,1,1,0,1,1,0,0,1,2,2,2,1,2,2,2,0,2,2,0,2,2,2,0,1,2,0,1,1,2,2,0,0,1,0,2,2,357,268
730,Male,0,3,312,10.3,0,0,0,0,0,0,0,0,0,0,0,0,0,0,0,0,0,0,0,0,0,0,0,0,0,0,0,0,0,0,0,0,0,0,0,0,0,0,0,0,0,0,0,0,0,0,0,0,0,0,0,0,0,0,0,0,0,0,0,0,0,0,0,0,0,0,0,0,0,0,0,0,0,0,0,0,0,0,0,0,0,0,0,0,0,0,0,0,0,0,0,0,0,0,0,0,0,0,0,0,0,0,0,0,0,0,0,0,0,0,0,0,0,0,0,0,0,0,0,0,0,0,0,0,0,0,0,0,0,0,0,0,0,0,0,0,0,0,0,0,0,0,0,0,0,0,0,0,0,0,0,0,0,0,0,0,0,0,0,0,0,0,0,0,0,0,0,0,0,0,0,0,0,0,0,0,0,0,0,0,0,0,0,0,0,0,0,0,0,0,0,0,0,0,0,0,0,0,0,0,0,0,0,0,0,0,0,0,0,0,0,0,0,0,0,0,0,0,0,0,0,0,0,0,0,0,0,0,0,0,0,0,0,0,0,0,0,0,0,1,0,0,0,0,0,0,0,0,0,0,0,0,0,0,0,0,0,0,0,0,0,0,0,0,0,0,0,0,0,0,0,0,0,0,0,0,0,0,0,0,0,0,0,0,0,0,0,0,0,0,0,0,0,0,0,0,0,0,0,0,0,0,0,0,0,0,0,0,0,0,0,0,0,0,0,0,0,0,0,0,0,0,0,0,0,0,0,0,0,0,0,0,0,0,0,0,0,0,0,0,0,0,0,0,0,0,0,0,0,0,0,0,0,0,0,0,0,0,0,0,0,0,0,0,0,0,0,0,0,0,0,0,0,0,0,0,0,0,0,0,0,0,0,0,0,0,0,0,0,0,0,0,0,0,0,0,0,0,0,0,0,0,0,0,0,0,0,0,0,0,0,0,0,0,0,0,0,0,1,0
730,Male,0,3,574,18.9,2,0,2,1,0,0,2,0,2,2,0,2,0,0,2,0,0,0,0,0,0,0,2,0,0,0,0,0,0,0,0,0,0,0,0,0,0,0,0,0,0,0,0,0,0,0,0,0,0,0,0,0,2,2,0,0,0,0,0,0,0,0,0,0,2,0,0,0,1,0,0,0,1,0,0,0,0,0,0,0,0,0,0,0,2,0,0,0,0,0,0,0,0,0,0,0,0,0,0,0,0,0,0,0,0,0,0,0,0,0,0,0,0,0,0,0,0,0,0,0,0,0,0,0,0,0,0,0,0,0,0,0,0,0,0,0,0,0,0,0,0,0,0,0,0,0,0,0,0,0,0,0,0,0,0,0,0,0,0,0,0,0,0,0,0,0,0,0,0,0,0,0,0,0,0,0,0,0,0,0,0,0,0,0,0,0,0,0,0,0,0,0,0,0,0,0,0,0,0,0,0,0,0,0,0,0,0,0,0,0,0,0,0,0,0,0,0,0,0,0,0,0,0,0,0,0,0,0,0,0,0,0,0,0,0,0,0,0,0,1,2,0,0,0,0,0,2,1,1,0,2,0,1,1,1,0,1,0,2,0,1,1,2,2,0,0,0,0,0,0,0,0,0,0,0,0,0,0,1,1,0,0,0,0,0,0,0,0,1,0,0,0,0,0,0,0,0,0,0,0,0,0,0,0,0,0,0,0,0,0,0,0,0,0,0,0,0,0,0,0,1,0,1,0,0,0,0,0,0,1,1,0,0,0,0,0,0,0,0,0,1,0,0,0,0,0,0,0,1,0,0,0,1,0,0,0,0,1,1,0,0,0,0,0,0,0,0,0,0,0,0,0,1,0,0,0,0,0,0,0,0,0,0,0,0,0,0,0,0,0,1,0,0,0,0,0,0,0,0,0,0,0,0,0,1,0,1,0,1,0,1,0,0,0,0,0,0,0,48,18
730,Male,0,3,587,19.3,2,2,2,1,0,0,2,0,2,2,0,2,0,0,2,0,0,0,0,0,0,0,2,0,0,0,0,0,0,0,0,0,0,0,0,0,0,0,0,0,2,0,0,0,0,0,0,0,0,0,0,0,2,2,0,0,0,0,0,0,0,0,0,0,2,0,0,0,1,0,0,0,1,0,0,0,0,0,0,0,0,0,0,0,2,0,0,0,0,0,0,0,0,0,0,0,0,0,0,0,0,0,0,0,0,0,0,0,0,0,0,0,0,0,1,0,0,0,0,0,0,0,0,0,0,1,0,1,0,0,0,0,0,0,0,0,0,0,0,0,0,0,0,0,0,0,0,0,1,0,0,0,0,0,1,0,0,0,0,0,0,0,0,0,0,0,0,0,0,0,1,1,1,0,0,0,0,1,1,0,0,0,0,0,0,0,0,0,0,0,0,0,0,0,0,0,0,0,0,0,0,0,0,0,0,0,0,0,0,0,0,0,0,0,0,0,0,0,0,0,0,0,0,0,0,0,0,0,1,0,0,0,0,0,0,0,0,0,0,1,2,0,0,0,0,0,2,1,1,2,2,0,1,1,2,0,1,0,2,0,1,1,2,2,0,1,0,0,0,0,0,0,0,0,0,0,0,0,1,1,1,1,0,0,0,0,0,0,1,0,0,0,0,1,0,0,0,1,0,0,1,0,0,0,1,1,0,1,0,0,0,0,0,0,0,0,0,0,0,0,1,0,1,0,0,0,0,0,0,1,1,0,1,0,0,0,0,0,1,0,1,0,0,0,0,0,0,0,1,0,0,0,1,0,0,0,0,1,1,0,0,0,0,0,0,0,0,1,1,0,0,0,2,0,0,0,0,0,0,0,0,0,0,0,0,0,0,0,0,0,1,0,0,0,0,0,0,0,0,0,0,0,0,0,1,0,1,0,1,0,1,0,0,0,0,0,0,0,75,23
736,Female,0,2,496,16.3,2,1,0,2,2,2,2,2,2,2,2,2,1,2,2,1,1,1,2,1,2,0,2,1,2,1,2,2,1,0,2,0,0,1,1,0,2,0,1,1,1,1,0,1,1,0,0,0,0,1,0,0,1,1,0,1,1,2,1,0,2,2,1,0,1,1,2,2,2,1,0,0,0,0,2,1,1,0,2,0,2,1,0,0,2,0,2,1,0,1,0,1,0,0,1,1,1,1,2,2,1,1,2,0,1,1,1,1,0,1,0,2,1,1,2,1,2,1,2,1,0,2,1,1,1,1,2,1,1,2,1,2,1,1,2,1,2,1,1,1,1,2,2,0,1,0,0,0,2,1,0,1,1,1,1,1,1,0,0,0,2,1,2,0,1,0,0,0,1,0,1,1,1,0,0,1,1,2,1,1,0,1,2,0,1,1,1,2,0,0,1,2,0,1,1,2,0,1,0,2,0,2,0,1,1,1,1,1,0,1,1,1,0,1,0,1,0,1,0,2,1,1,2,2,2,0,2,0,2,2,0,0,0,0,0,2,2,0,0,2,2,0,0,0,2,1,2,1,1,1,2,1,1,1,2,1,2,1,2,1,1,2,0,2,1,2,0,0,1,1,1,1,1,1,1,0,1,1,1,1,1,1,1,1,1,1,1,1,1,1,1,1,1,1,1,1,1,1,1,1,1,1,1,1,1,1,1,1,1,1,1,1,1,1,1,1,1,1,1,1,2,1,1,1,0,1,1,1,1,1,1,1,2,1,1,1,0,0,1,1,1,0,2,1,0,1,0,1,1,0,1,0,2,1,1,0,0,1,0,0,2,0,0,0,0,1,0,1,1,1,0,0,0,0,0,0,0,0,0,1,1,0,0,0,0,0,0,0,0,1,0,1,0,0,1,0,1,0,1,1,0,1,1,1,0,1,1,0,0,0,0,0,0,0,0,0,0,1,288,81
736,Female,0,2,607,20,2,2,1,2,2,2,2,2,2,2,2,2,2,2,2,2,2,2,2,2,2,2,2,2,2,2,2,2,2,2,2,2,2,2,2,2,2,2,2,2,2,2,2,2,2,0,2,2,2,2,2,2,2,2,2,2,2,2,2,2,2,2,2,2,2,2,2,2,2,2,2,2,2,2,2,2,2,2,2,2,2,2,2,2,2,1,2,2,2,2,1,2,2,2,2,2,2,2,2,2,2,2,2,2,2,2,2,2,2,2,2,2,2,2,2,2,2,2,2,2,2,2,2,2,2,2,2,2,2,2,2,2,2,2,2,2,2,2,2,2,2,2,2,2,2,2,2,2,2,2,2,2,2,2,2,2,2,2,2,1,2,2,2,2,2,1,2,1,2,1,2,1,2,2,2,2,2,2,2,2,2,2,2,2,2,2,2,2,2,1,2,2,2,2,2,2,2,2,1,2,1,2,2,2,2,2,2,2,2,2,2,2,2,2,2,2,2,2,2,2,2,2,2,2,2,2,2,2,2,2,2,2,0,1,2,2,2,2,2,2,2,2,1,2,2,2,2,2,2,2,2,2,2,2,2,2,2,2,2,2,2,2,2,2,2,2,2,2,2,2,2,2,2,2,2,2,2,2,2,2,2,2,2,2,2,2,2,2,2,2,2,2,2,2,2,2,2,2,2,2,2,2,2,2,2,2,2,2,2,2,2,2,2,2,2,2,2,2,2,2,2,2,2,2,2,2,2,2,2,2,2,2,2,2,2,2,2,2,2,2,2,2,2,2,2,2,2,2,2,2,2,2,2,2,2,2,2,2,2,2,2,2,2,1,2,2,2,2,2,2,2,2,2,2,2,2,2,2,1,2,2,2,2,0,0,2,2,2,2,2,2,2,2,1,1,2,2,2,2,2,2,2,2,2,2,2,2,2,2,2,2,2,2,2,2,2,2,2,413,397
737,Male,0,2,497,16.3,0,0,0,0,0,0,1,0,1,1,0,2,0,1,0,1,2,0,1,0,0,0,2,0,1,0,0,0,0,0,0,0,0,0,0,1,0,0,0,0,0,0,0,0,0,0,0,0,0,0,0,0,0,2,0,2,0,2,2,0,1,0,0,0,1,1,1,2,2,0,0,0,0,0,2,0,1,0,1,0,0,0,0,0,2,0,2,1,0,0,0,0,0,1,0,2,1,0,1,1,0,0,1,0,0,2,0,0,1,0,0,1,2,1,1,1,0,2,1,0,1,1,0,0,1,1,0,1,0,2,0,1,1,2,1,0,1,1,1,0,1,1,0,0,2,0,0,0,0,0,0,0,0,1,0,1,1,0,0,0,0,0,0,0,0,1,0,0,0,0,0,1,0,0,0,0,0,0,0,1,0,0,0,0,0,0,1,0,0,0,1,2,0,1,0,0,1,0,0,0,0,1,0,2,0,0,0,0,0,0,0,0,0,0,0,0,0,0,1,1,1,0,1,0,2,0,0,0,2,0,0,0,0,0,0,0,0,0,0,2,2,0,0,0,1,1,2,1,0,2,2,1,0,2,1,1,2,0,1,1,2,1,0,1,1,0,0,0,0,0,0,1,0,0,1,0,1,0,1,0,0,0,0,0,0,0,1,0,0,0,0,0,0,1,0,0,0,1,0,0,2,0,0,1,0,0,1,2,1,0,0,0,0,0,0,1,0,1,0,1,1,0,0,0,0,0,1,0,0,0,0,0,2,1,0,0,0,0,1,0,0,0,0,0,0,0,0,0,1,0,0,0,0,0,0,0,0,0,0,0,0,0,0,0,0,0,0,0,1,0,0,0,0,0,2,1,0,0,0,0,0,0,0,0,0,0,0,0,0,0,0,0,2,0,0,0,1,0,0,0,0,0,0,0,2,0,2,0,0,0,1,0,0,0,0,0,0,0,125,38
737,Male,0,2,940,30.9,2,2,2,1,2,2,2,2,2,2,2,2,2,2,2,2,2,2,2,2,2,2,2,2,2,2,2,2,2,2,2,2,2,2,2,2,2,1,1,2,2,2,2,2,2,2,1,2,2,2,2,2,2,2,2,2,2,2,2,2,2,2,2,2,2,2,2,2,2,2,2,2,2,2,2,2,2,2,2,2,2,2,2,2,2,2,2,2,2,2,2,2,2,2,2,2,2,2,2,2,2,2,2,2,2,2,2,2,2,2,2,2,2,2,2,2,2,2,2,2,1,1,0,0,1,1,0,2,2,2,2,2,2,2,2,2,2,2,2,0,1,1,0,0,2,0,0,0,0,0,0,0,0,1,0,1,1,0,0,0,0,0,0,0,0,1,0,0,0,0,0,1,0,0,0,0,0,0,0,1,0,0,0,0,0,0,1,0,0,0,1,2,0,1,0,0,1,0,0,0,0,1,0,2,0,0,0,0,0,0,0,0,0,0,0,0,0,0,1,1,1,0,1,0,2,0,0,0,2,0,0,0,0,0,0,0,0,0,0,2,2,0,0,0,1,1,2,1,0,2,2,1,0,2,1,1,2,0,1,1,2,1,0,1,1,0,0,0,0,0,0,1,0,0,1,0,1,0,1,0,0,0,0,0,0,0,1,0,0,0,0,0,0,1,0,0,0,1,0,0,2,0,0,1,0,0,1,2,1,0,0,0,0,0,0,1,0,1,0,1,1,0,0,0,0,0,1,0,0,0,0,0,2,1,0,0,0,0,1,0,0,0,0,0,0,0,0,0,1,0,0,0,0,0,0,0,0,0,0,0,0,0,0,0,0,0,0,0,0,0,0,0,0,0,0,0,0,0,0,0,0,0,0,0,0,0,0,0,0,0,0,0,0,0,0,0,0,0,0,0,0,0,0,0,0,0,0,0,0,0,0,0,0,0,0,0,0,0,198,144
740,Male,0,3,337,11.1,2,0,0,2,2,0,2,0,1,0,1,0,0,0,0,0,0,0,1,0,0,0,1,0,0,0,0,0,0,0,0,0,0,0,0,0,0,0,0,0,0,0,0,0,0,0,0,0,0,0,0,0,0,1,0,1,0,0,0,0,1,0,0,0,1,1,1,1,1,0,0,0,0,0,0,0,0,0,1,0,0,0,0,0,0,0,0,0,0,1,0,0,0,0,1,0,0,0,0,0,0,0,0,0,0,0,0,1,0,0,0,0,1,0,0,0,0,0,1,0,0,0,0,0,0,1,0,0,0,0,0,0,0,0,1,0,0,1,0,0,0,0,0,0,1,0,0,0,0,0,0,0,0,1,0,0,0,0,0,0,0,0,0,0,0,0,0,0,0,0,0,0,0,0,0,0,0,0,0,0,0,1,0,0,0,0,0,0,0,0,0,0,0,0,0,0,0,0,0,0,0,0,0,0,1,0,0,0,0,0,0,0,0,0,0,0,0,0,1,0,0,0,0,0,1,0,0,0,1,0,0,0,0,0,0,1,0,0,0,1,0,0,0,0,0,0,0,0,0,0,0,0,0,0,0,0,0,0,0,0,0,0,0,0,0,0,0,0,0,0,0,0,0,0,0,0,0,0,0,0,0,0,0,0,0,0,0,0,0,0,0,0,0,0,0,0,0,0,0,0,0,0,0,0,0,0,0,0,0,0,0,0,0,0,0,0,0,0,0,0,0,0,0,0,0,0,0,0,0,0,0,0,0,0,0,0,0,0,0,0,0,0,0,0,0,0,0,0,0,0,0,0,0,0,0,0,0,0,0,0,0,0,0,0,0,0,0,0,0,0,0,0,0,0,0,0,0,0,0,0,0,0,0,0,0,0,0,0,0,0,0,0,0,0,0,0,0,0,0,0,0,0,0,0,0,0,0,0,0,0,0,0,0,0,0,0,0,0,34,4
740,Male,0,3,638,21,2,2,0,2,2,2,2,2,2,0,2,2,0,0,0,1,0,0,1,0,1,0,2,0,2,1,1,0,0,0,0,0,0,0,1,0,0,0,1,0,0,0,2,1,0,0,0,0,1,1,0,0,2,1,0,1,2,2,0,0,2,2,0,0,2,1,1,2,1,0,0,1,0,0,2,0,1,0,1,2,0,0,0,1,2,0,1,0,0,2,0,2,2,0,1,0,0,0,2,2,0,1,2,0,0,2,1,1,0,0,0,2,1,0,2,0,0,0,1,0,0,2,0,0,0,1,0,1,0,2,0,1,1,0,1,0,1,1,1,0,0,1,0,0,1,1,1,0,1,0,0,1,0,1,1,1,0,0,0,0,1,0,0,0,1,0,0,0,2,1,0,0,1,0,0,1,0,1,0,1,1,1,0,0,1,1,2,1,0,0,0,0,0,1,0,0,1,1,0,1,0,0,0,0,1,0,0,0,0,0,1,0,1,0,0,1,0,0,2,0,1,0,1,0,2,0,0,0,2,0,0,0,0,0,0,1,0,0,0,2,2,0,0,0,1,1,2,2,1,2,1,1,0,2,2,0,2,2,1,2,2,1,0,2,1,1,0,2,0,0,1,0,1,0,1,0,1,0,1,0,1,1,0,1,0,1,0,0,1,0,0,1,1,0,1,1,1,1,0,1,1,0,0,1,1,2,2,1,1,0,1,1,0,1,1,1,0,1,1,2,2,0,0,0,0,1,1,1,1,1,1,0,2,1,1,1,0,1,1,1,1,0,1,0,1,0,0,1,0,0,0,0,2,1,0,0,0,0,2,0,2,0,0,0,1,1,0,1,1,1,0,0,1,0,1,0,0,0,1,0,2,0,0,0,0,0,1,0,0,2,0,0,2,0,1,0,0,0,1,1,0,1,1,1,2,1,1,0,1,1,0,0,0,0,0,0,1,1,206,64
740,Male,0,3,700,23,2,2,0,2,2,2,2,2,2,0,2,2,1,0,1,2,0,1,2,1,1,0,2,0,2,1,1,0,0,0,1,0,0,0,2,1,0,0,2,0,0,1,2,1,0,0,0,2,1,2,1,1,2,2,1,2,2,2,2,0,2,2,0,0,2,2,2,2,2,1,2,2,1,0,2,0,1,0,1,2,1,1,1,1,2,0,1,2,1,2,0,2,2,1,2,1,0,1,2,2,1,2,2,1,0,2,2,1,0,0,0,2,1,1,2,0,2,0,2,0,0,2,0,0,1,2,1,2,0,2,0,2,1,0,2,1,2,1,1,1,0,2,1,1,1,1,1,0,2,1,1,1,1,1,1,1,1,0,0,0,2,1,1,2,1,1,0,0,2,1,2,1,2,0,0,2,1,2,1,1,2,2,2,0,2,1,2,2,2,0,1,2,0,2,0,1,2,1,0,1,0,2,0,2,1,1,0,1,1,1,1,0,1,0,0,1,1,0,2,1,1,2,2,0,2,0,0,0,2,0,0,0,0,0,0,1,0,0,0,2,0,0,0,0,0,0,0,0,0,0,0,0,0,0,0,0,0,0,0,0,0,0,0,0,0,0,0,0,0,0,0,0,0,0,0,0,0,0,0,0,0,0,0,0,0,0,0,0,0,0,0,0,0,0,0,0,0,0,0,0,0,0,0,0,0,0,0,0,0,0,0,0,0,0,0,0,0,0,0,0,0,0,0,0,0,0,0,0,0,0,0,0,0,0,0,0,0,0,0,0,0,0,0,0,0,0,0,0,0,0,0,0,0,0,0,0,0,0,0,0,0,0,0,0,0,0,0,0,0,0,0,0,0,0,0,0,0,0,0,0,0,0,0,0,0,0,0,0,0,0,0,0,0,0,0,0,0,0,0,0,0,0,0,0,0,0,0,0,0,0,0,0,0,0,0,0,0,0,165,86
742,Male,0,2,486,16,0,0,0,0,0,0,0,0,0,0,0,0,0,0,0,0,0,0,0,0,0,0,0,0,0,0,0,0,0,0,0,0,0,0,0,0,0,0,0,0,0,0,0,0,0,0,0,0,0,0,0,0,0,0,0,0,0,0,0,0,0,0,0,0,0,0,0,0,0,0,0,0,0,0,0,0,0,0,0,0,0,0,0,0,0,0,0,0,0,0,0,0,0,0,0,0,0,0,0,0,0,0,0,0,0,0,0,0,0,0,0,0,0,0,0,0,0,0,0,0,0,0,0,0,0,0,0,0,0,0,0,0,0,0,0,0,0,0,0,0,0,0,0,0,0,0,0,0,0,0,0,0,0,0,0,0,0,0,0,0,0,0,0,0,0,0,0,0,0,0,0,0,0,0,0,0,0,0,0,0,0,1,0,0,0,0,0,0,0,0,0,0,0,0,0,0,0,0,0,0,0,0,0,0,0,0,0,0,0,0,0,0,0,0,0,0,0,0,0,0,0,0,0,0,0,0,0,0,1,0,0,0,0,0,0,0,0,0,0,1,0,0,0,0,0,0,1,0,0,1,0,0,0,1,1,0,0,0,0,0,1,1,0,1,0,0,0,0,0,0,0,0,0,0,0,0,0,0,0,0,0,0,0,0,0,0,0,0,0,0,0,0,0,0,0,0,0,0,0,0,0,0,0,0,0,0,0,0,0,0,0,0,0,0,0,0,0,0,0,0,0,0,0,0,0,0,0,0,0,0,0,0,0,0,0,0,0,0,0,0,0,0,0,0,0,0,0,0,0,0,0,0,1,0,0,0,0,0,0,0,0,0,0,0,0,0,0,0,0,0,0,0,0,0,0,0,0,0,0,0,0,0,0,0,0,0,0,0,0,0,0,0,0,0,0,0,0,0,0,0,0,0,0,0,0,0,0,0,0,0,0,0,0,0,0,0,0,0,11,0
742,Male,0,2,623,20.5,0,1,0,1,0,2,0,0,2,1,1,0,0,0,0,0,0,0,1,0,0,0,2,0,1,0,0,0,0,0,0,0,0,0,0,0,0,0,0,0,0,0,0,0,0,0,0,0,2,0,2,1,0,2,0,1,0,0,0,0,1,0,0,1,1,0,0,2,0,0,0,0,0,0,1,0,0,0,0,0,0,0,0,0,0,0,1,0,0,0,0,0,0,0,0,0,0,1,1,2,0,0,0,0,0,0,0,0,0,0,0,1,0,1,1,1,0,0,1,0,1,1,0,0,0,1,0,0,0,1,0,1,0,0,0,0,0,0,0,0,0,0,0,0,0,0,0,0,0,0,0,0,0,0,0,0,0,0,0,0,0,0,0,1,0,0,0,0,1,0,0,0,0,0,0,0,0,0,0,0,0,1,0,0,0,0,0,0,0,0,0,0,0,0,0,0,0,0,0,1,0,0,0,1,0,0,0,0,0,0,0,0,0,0,1,0,0,0,0,1,1,0,0,0,1,0,0,0,2,0,0,0,0,0,0,1,1,0,0,2,0,0,0,0,0,0,1,0,0,1,0,0,0,1,1,0,0,0,0,0,1,1,0,1,0,0,0,0,0,0,0,0,0,0,1,0,1,0,0,0,0,0,0,0,0,0,0,1,0,0,0,0,0,0,0,0,0,1,0,0,0,0,0,1,0,0,0,0,0,0,0,0,0,0,0,0,0,0,0,0,0,0,0,0,0,0,0,0,0,0,0,0,1,0,0,0,0,0,0,0,0,0,0,0,0,0,0,1,0,0,0,0,1,0,0,0,0,0,0,0,0,0,0,0,0,1,0,0,1,0,0,0,0,0,0,0,0,0,1,0,0,0,0,0,0,0,0,0,0,0,0,0,0,0,0,0,0,0,0,0,0,1,1,0,0,0,0,0,0,0,0,0,0,0,0,0,0,0,66,10
743,Male,0,3,562,18.5,0,0,0,0,1,2,0,1,0,0,0,0,0,0,0,0,0,0,2,0,0,0,1,0,0,0,2,0,0,0,0,0,0,0,0,0,0,0,0,0,0,0,0,0,0,0,0,0,0,0,0,0,0,0,0,1,0,1,0,0,1,1,0,0,0,1,0,0,0,0,0,0,0,0,0,0,0,0,1,0,0,0,0,0,0,0,1,0,0,0,0,0,0,0,0,0,0,0,0,0,0,0,0,0,0,0,0,1,0,0,0,1,0,0,0,0,0,0,1,0,0,0,0,0,0,0,0,0,0,0,0,0,1,0,0,0,0,0,0,0,0,0,0,0,1,0,0,0,0,0,0,0,0,1,0,0,0,0,0,0,0,0,0,0,0,0,0,0,0,0,0,1,0,0,0,0,0,0,0,1,0,0,0,0,0,0,0,0,0,0,0,0,0,0,0,0,0,0,0,0,0,0,0,0,0,0,0,0,0,0,0,0,0,0,0,0,0,0,0,0,1,0,0,0,1,0,0,0,1,0,0,0,0,0,0,0,0,0,0,1,1,0,0,0,0,1,0,1,0,1,0,1,0,1,0,0,0,0,1,0,0,0,0,1,0,0,0,0,0,0,0,0,0,0,0,0,0,0,0,0,0,0,0,0,0,0,0,0,0,0,0,0,0,1,0,0,0,1,0,0,0,0,0,0,1,0,0,0,1,0,0,0,0,0,0,1,0,0,0,0,0,0,1,0,0,0,0,0,0,0,0,0,1,0,0,0,0,0,0,0,0,0,0,0,0,0,0,0,0,0,0,0,0,0,0,0,0,0,0,0,0,0,0,0,0,0,0,0,0,0,0,0,0,0,0,0,0,0,0,0,0,0,0,0,0,0,0,0,0,0,0,0,0,0,0,0,0,0,0,0,0,0,0,0,0,0,0,0,0,1,1,0,0,0,0,0,0,0,42,3
743,Male,0,3,706,23.2,1,2,0,0,1,2,2,1,2,1,2,0,0,2,0,1,0,0,2,0,1,0,1,0,2,0,2,0,0,0,1,0,0,0,0,0,0,0,0,0,0,1,0,0,0,0,0,1,0,0,0,0,0,2,0,2,1,1,0,1,1,1,0,0,0,1,0,1,1,0,0,1,0,0,0,0,0,0,1,0,0,0,0,0,0,0,1,0,0,0,0,0,0,1,0,1,1,0,1,1,0,1,1,0,1,1,1,1,1,0,1,1,1,1,1,1,0,1,1,0,0,2,0,0,1,1,0,1,0,2,0,1,1,0,1,0,1,1,1,0,1,1,0,0,1,0,0,0,0,0,0,0,0,1,1,0,0,0,0,0,0,0,0,1,1,1,0,0,1,0,0,1,0,0,0,0,0,0,1,1,0,0,0,0,0,0,1,0,1,0,0,0,0,0,0,0,0,0,0,0,0,0,0,1,0,0,0,0,0,0,0,0,0,0,0,0,0,0,0,0,1,0,0,0,2,0,1,0,2,0,0,0,0,0,0,0,0,0,0,2,2,0,0,0,1,1,0,1,0,1,0,1,0,1,0,0,0,0,1,0,1,1,0,1,0,0,0,0,0,0,1,0,0,0,0,0,0,0,1,0,0,0,0,0,0,0,1,0,0,0,0,0,0,1,0,1,0,1,0,0,0,0,0,0,1,0,0,0,1,0,0,0,0,0,0,1,1,1,1,1,1,0,1,0,0,0,1,1,1,0,1,0,1,1,0,0,0,0,0,0,0,0,0,0,0,0,0,0,0,0,0,0,0,0,0,0,0,0,0,0,0,0,0,0,0,0,0,0,0,0,0,0,0,0,0,0,0,0,0,0,0,0,0,0,0,0,0,0,0,0,0,0,0,1,0,1,0,0,0,0,1,0,0,0,1,0,1,0,0,1,1,0,0,0,0,0,0,0,122,17
743,Male,0,3,766,25.2,1,2,2,0,2,2,2,2,2,1,2,1,0,2,2,1,1,0,2,2,1,0,1,1,2,0,2,0,0,0,1,0,0,0,0,0,0,0,1,0,0,1,0,0,0,0,0,1,0,2,0,1,2,2,0,2,1,2,0,1,1,2,0,0,2,1,2,1,1,0,0,2,0,0,0,0,0,0,2,0,0,0,1,0,0,0,1,0,0,0,0,0,2,2,1,1,1,0,1,1,0,1,1,0,1,1,2,1,1,1,1,1,1,1,1,2,2,2,1,0,0,2,1,0,1,1,0,1,0,2,0,2,1,0,1,1,1,1,1,0,1,2,0,0,1,1,0,0,0,0,0,0,0,1,1,0,1,0,0,0,0,2,1,1,1,1,0,0,2,0,0,1,1,0,0,2,0,1,2,2,1,1,0,0,2,0,1,0,1,0,2,2,0,2,0,0,0,0,0,1,0,2,0,2,0,0,0,0,0,0,0,0,0,0,0,0,0,2,2,1,1,2,0,0,2,0,1,0,2,0,0,0,0,0,0,0,0,0,0,2,2,0,0,0,1,1,2,1,0,1,0,1,1,1,2,0,0,2,2,2,1,1,1,1,0,1,0,1,0,1,1,0,0,1,1,0,0,1,1,0,1,1,1,1,1,1,1,1,1,1,1,2,0,2,0,1,0,2,0,1,1,0,0,1,1,0,2,0,1,0,0,0,0,1,1,1,1,1,1,1,2,0,2,1,1,1,1,2,2,0,1,0,2,1,0,0,0,0,2,0,2,0,2,0,0,0,0,1,0,2,0,0,2,0,0,0,0,0,0,0,0,0,0,0,0,0,0,0,0,1,0,0,2,0,2,1,0,0,1,0,0,0,0,0,0,0,0,0,0,0,2,0,0,1,0,1,0,1,2,1,1,2,1,0,1,0,2,0,1,1,2,0,0,0,0,0,0,0,210,78
750,Female,0,4,338,11.1,0,0,0,0,0,0,0,0,0,0,0,0,0,0,0,0,0,0,0,0,0,0,0,0,0,0,0,0,0,0,0,0,0,0,0,0,0,0,0,0,0,0,0,0,0,0,0,0,0,0,0,0,0,0,0,0,0,0,0,0,0,0,0,0,0,0,0,0,0,0,0,0,0,0,0,0,0,0,1,0,0,1,0,0,0,0,1,0,0,0,0,0,0,0,0,0,0,0,0,0,0,0,0,0,0,0,0,0,0,0,0,0,0,0,0,0,0,0,0,0,0,0,0,0,0,0,0,0,0,0,0,0,0,0,0,0,0,0,0,0,0,0,0,0,0,0,0,0,0,0,0,0,0,0,0,0,0,0,0,0,0,0,0,0,0,0,0,0,0,0,0,0,0,0,0,0,0,0,0,0,0,0,0,0,0,0,0,0,0,0,0,0,0,0,0,0,0,0,0,0,0,0,0,0,0,0,0,0,0,0,0,0,0,0,0,0,0,0,0,0,0,0,0,0,0,0,0,0,1,0,0,0,0,0,0,0,0,0,0,1,0,0,0,0,0,0,1,0,0,1,0,0,0,0,1,0,1,0,0,0,0,0,0,0,0,0,0,0,0,0,0,0,0,0,0,0,0,0,0,0,0,0,0,0,0,0,0,0,0,0,0,0,0,0,0,0,0,0,0,0,0,0,0,0,0,0,0,0,0,0,0,0,0,0,0,0,0,0,0,0,0,0,0,0,0,0,0,0,0,0,0,0,0,0,0,0,0,0,0,0,0,0,0,0,0,0,0,0,0,0,0,0,0,0,0,0,0,0,0,0,0,0,0,0,0,0,0,0,0,0,0,0,0,0,0,0,0,0,0,0,0,0,0,0,0,0,0,0,0,0,0,0,0,0,0,0,0,0,0,0,0,0,0,0,0,0,0,0,0,0,0,0,0,0,0,0,0,0,9,0
750,Female,0,4,525,17.3,0,2,0,0,0,0,0,0,0,0,0,0,0,2,2,2,1,1,2,0,2,0,2,0,2,0,2,1,2,0,2,0,0,0,2,1,2,0,2,0,0,2,1,0,0,0,0,0,0,2,0,0,0,2,0,2,2,2,2,0,2,2,0,2,0,0,2,2,1,0,0,1,0,2,2,1,1,0,1,2,0,2,0,0,0,0,1,1,1,0,2,0,0,2,2,1,2,2,2,2,1,0,2,0,2,2,2,1,2,1,0,2,0,2,1,2,0,2,0,1,0,2,0,0,0,2,0,0,0,2,0,2,1,1,2,0,2,0,2,0,1,2,0,0,1,1,0,1,0,0,0,0,0,0,1,1,1,0,0,0,2,2,0,2,0,0,0,0,2,0,0,1,1,0,0,0,0,0,0,2,0,2,0,0,0,0,2,0,0,0,0,2,0,2,0,0,0,0,0,2,0,2,0,0,0,0,0,2,0,2,0,0,0,0,0,0,0,0,2,1,1,0,0,0,2,0,0,0,2,0,0,0,0,0,0,2,2,0,0,2,0,0,0,0,2,0,2,0,1,1,2,0,0,0,1,0,2,0,0,0,2,0,0,2,0,0,0,0,0,0,0,0,0,0,2,0,2,1,2,0,0,2,0,0,0,0,0,0,0,0,0,0,0,0,0,0,0,1,0,0,0,0,0,1,0,0,0,0,0,0,0,0,0,0,0,1,0,2,0,1,1,0,0,0,0,0,0,1,0,0,1,0,2,0,0,0,0,0,0,0,0,0,0,0,0,0,0,0,0,0,1,0,0,0,0,0,0,0,1,0,2,0,0,0,0,0,0,0,1,0,0,0,0,0,2,0,0,0,0,0,0,0,0,0,0,0,0,0,0,0,0,0,0,0,0,0,0,0,2,0,0,0,0,0,2,0,2,0,1,0,2,0,0,0,0,0,0,0,137,91
750,Female,0,4,707,23.2,2,2,0,0,2,2,1,2,2,2,2,2,1,2,2,2,2,2,2,2,2,0,2,0,2,2,2,2,2,0,2,0,0,2,2,2,2,2,2,0,1,2,1,0,2,2,2,2,2,2,0,2,2,2,0,2,2,2,2,2,2,2,1,2,0,2,2,2,2,2,0,2,2,2,2,2,2,2,2,2,2,2,2,2,2,0,2,2,2,2,2,0,0,2,2,2,2,2,2,2,2,2,2,2,2,2,2,2,2,2,1,2,2,2,2,2,2,2,2,2,2,2,0,2,0,2,0,2,2,2,0,2,2,2,2,2,2,1,2,0,1,2,0,0,2,2,2,1,2,0,0,1,0,2,2,2,2,0,0,0,2,2,2,2,2,2,0,0,2,0,0,2,2,0,0,2,0,0,0,2,2,2,0,0,2,2,2,2,0,0,2,2,0,2,0,0,2,0,0,2,0,2,0,2,0,0,0,2,0,2,2,0,2,2,0,0,0,0,2,2,2,2,1,0,2,2,0,0,2,0,2,2,0,0,2,2,2,2,2,2,0,2,0,0,2,2,2,2,2,2,2,0,1,2,2,0,2,2,2,0,2,1,2,2,0,2,2,1,2,0,1,2,2,2,2,0,2,2,2,0,0,2,2,2,2,2,2,1,2,2,2,2,1,0,0,2,2,2,2,2,0,2,0,1,2,0,0,2,2,0,0,0,0,0,0,2,2,2,0,2,2,2,0,0,0,1,2,2,2,0,2,0,2,2,0,0,2,2,2,2,2,0,2,0,0,0,0,1,2,2,2,0,0,2,2,0,0,2,2,0,2,2,2,0,0,1,0,0,2,0,2,0,2,0,2,0,0,0,0,0,0,0,0,2,0,0,0,2,2,0,2,2,0,0,2,0,0,0,2,2,0,1,1,1,2,0,2,0,2,2,2,0,0,2,0,2,0,0,280,257
750,Female,0,4,758,24.9,2,2,0,0,2,2,1,2,2,2,2,2,2,2,2,2,2,2,2,2,2,0,2,2,2,2,2,2,2,0,2,0,0,2,2,2,2,2,2,0,1,2,2,1,2,2,2,2,2,2,0,2,2,2,0,2,2,2,2,2,2,2,2,2,0,2,2,2,2,2,0,2,2,2,2,2,2,2,2,2,2,2,2,2,2,0,2,2,2,2,2,0,2,2,2,2,2,2,2,2,2,2,2,2,2,2,2,2,2,2,2,2,2,2,2,2,2,2,2,2,2,2,2,2,2,2,0,2,2,2,2,2,2,2,2,2,2,2,2,0,1,2,0,0,2,2,2,0,2,0,0,2,0,2,2,2,2,0,0,0,2,2,2,2,2,2,0,0,2,0,2,2,2,0,2,2,0,0,0,2,2,2,2,2,2,2,2,2,2,0,2,2,0,2,0,0,2,0,0,2,0,2,0,2,2,0,0,2,0,2,2,0,2,2,0,0,2,2,2,2,2,2,2,0,2,2,0,0,2,0,2,2,0,0,2,2,2,2,2,2,0,2,0,2,2,2,2,2,2,2,2,0,2,2,2,0,2,2,2,2,2,1,2,2,1,2,2,1,2,0,1,2,2,2,2,0,2,2,2,0,2,2,2,2,2,2,2,2,2,2,2,2,2,0,0,2,2,2,2,2,2,2,2,2,2,2,2,2,2,0,2,0,0,2,0,2,2,2,2,2,2,2,0,2,0,1,2,2,2,0,2,0,2,2,0,2,2,2,2,2,2,0,2,2,0,0,2,1,2,2,2,0,2,2,2,1,0,2,2,0,2,2,2,0,0,1,2,0,2,2,2,0,2,0,2,0,0,0,0,0,0,2,0,2,0,0,0,2,2,0,2,2,2,2,2,2,0,0,2,2,0,2,2,1,2,0,2,2,2,2,2,0,0,2,0,2,0,1,318,305
752,Male,0,4,489,16.1,0,2,0,2,0,0,0,0,0,0,0,0,0,0,0,1,0,1,1,0,0,0,0,0,0,0,0,0,0,0,0,0,0,1,0,0,0,0,0,0,0,0,0,0,0,0,0,0,0,0,0,0,1,0,0,0,1,0,0,0,0,0,0,0,0,0,0,0,0,0,0,0,0,0,0,0,0,0,0,0,0,0,0,0,0,0,1,0,0,0,0,0,0,0,0,1,1,0,1,1,0,1,1,1,0,0,1,1,1,1,0,1,0,1,1,0,0,0,0,0,0,0,0,0,0,0,0,0,0,0,0,0,0,0,0,0,0,0,0,0,0,0,0,0,0,0,0,0,0,0,0,0,0,0,0,0,0,0,0,0,0,0,0,0,0,0,0,0,0,0,0,0,0,0,0,0,0,0,0,0,0,0,0,0,0,0,0,0,0,0,0,0,0,0,0,0,0,0,0,0,0,0,0,0,0,0,0,0,0,0,0,0,0,0,0,0,0,0,0,0,0,0,0,0,0,0,0,0,0,0,0,0,0,0,0,0,0,0,0,0,0,0,0,0,0,0,0,0,0,0,0,0,0,0,0,0,0,0,0,0,0,0,0,0,0,0,0,0,0,0,0,0,0,0,0,0,0,0,0,0,0,0,0,0,0,0,0,0,0,0,0,0,0,0,0,0,0,0,0,0,0,0,0,0,0,0,0,0,0,0,0,0,0,0,0,0,0,0,0,0,0,0,0,0,0,0,0,0,0,0,0,0,0,0,0,0,0,0,0,0,0,0,0,0,0,0,0,0,0,0,0,0,0,0,0,0,0,0,0,0,0,0,0,0,0,0,0,0,0,0,0,0,0,0,0,0,0,0,0,0,0,0,0,0,0,0,0,0,0,0,0,0,0,0,0,0,0,0,0,0,0,0,0,0,0,0,0,0,0,0,0,0,0,0,0,0,0,0,23,2
752,Male,0,4,514,16.9,0,2,0,2,0,0,0,1,0,2,0,1,0,0,0,1,0,1,1,0,1,0,1,0,1,1,1,1,1,0,1,0,0,1,1,0,0,0,1,0,0,0,1,0,1,0,1,1,0,1,1,1,1,1,1,0,1,1,1,0,1,2,0,0,1,1,0,1,1,1,0,0,1,1,1,0,0,0,1,0,0,1,0,0,0,0,1,0,0,1,0,0,1,1,1,1,1,0,1,1,1,1,1,1,1,1,1,1,1,1,0,1,1,1,1,1,0,0,1,0,1,1,0,0,0,1,1,0,0,1,0,1,1,1,1,1,1,1,1,0,1,1,0,0,1,1,0,0,0,0,0,1,0,1,0,1,1,0,0,0,0,0,0,0,0,0,0,0,0,0,0,1,0,0,0,0,0,0,0,1,0,1,0,0,0,0,0,0,0,0,1,0,0,1,0,0,0,0,0,1,0,1,0,1,0,0,1,0,0,0,0,0,0,0,0,0,0,0,0,1,1,1,0,0,0,0,0,0,1,0,0,0,0,0,0,1,1,0,0,1,0,0,0,0,1,1,1,1,0,1,0,1,0,1,0,0,1,0,2,1,1,0,0,0,0,0,0,0,0,0,0,0,0,0,1,0,0,0,1,0,0,1,0,0,0,0,1,1,1,0,1,0,0,1,0,1,1,1,0,0,1,0,0,1,0,1,1,0,0,0,0,0,0,0,0,1,0,1,0,1,0,0,0,0,0,1,0,0,0,0,0,0,1,0,0,0,0,0,0,0,0,0,0,0,0,0,0,0,0,0,0,0,0,0,0,0,0,0,0,0,0,0,0,0,0,0,0,0,0,0,0,0,0,0,1,0,0,0,0,0,0,0,0,0,0,0,0,0,0,0,0,0,0,0,0,0,0,0,0,0,0,0,0,0,0,0,0,0,2,0,0,0,0,0,0,0,0,1,140,6
752,Male,0,4,646,21.2,2,2,2,2,2,2,0,2,2,2,2,1,1,2,2,2,1,1,2,1,2,0,2,0,2,2,2,1,1,0,2,0,0,1,1,1,2,1,2,0,0,2,1,1,1,0,2,2,1,2,1,2,2,2,1,1,2,2,2,2,2,2,0,1,1,1,2,2,2,1,1,2,2,1,2,2,1,0,1,1,2,1,2,0,0,0,2,2,0,1,0,0,2,2,1,1,1,0,1,1,1,1,1,1,1,2,1,1,1,1,0,1,1,2,2,1,2,2,2,0,2,2,0,1,1,1,1,1,0,2,1,2,2,2,2,1,2,1,2,0,2,2,0,1,2,1,1,0,0,1,0,2,1,1,1,1,1,1,1,0,2,2,2,1,0,1,0,1,2,1,0,1,2,0,1,1,0,1,1,2,2,1,0,0,2,2,2,1,1,0,2,1,0,2,0,0,1,1,1,1,0,1,0,1,1,2,1,1,1,1,2,1,1,1,0,1,0,1,1,1,1,1,0,0,2,1,0,0,2,0,0,1,1,0,1,2,2,0,0,2,0,0,0,0,2,1,2,1,0,1,0,1,0,1,2,0,2,2,2,1,2,1,0,2,0,1,0,0,2,0,1,0,0,0,2,0,1,1,1,0,1,1,0,0,1,0,1,1,2,1,1,0,0,1,0,1,1,1,0,0,1,0,0,2,1,1,1,0,0,0,1,0,0,1,1,2,0,1,0,2,1,1,0,0,0,1,1,1,1,0,0,0,2,0,0,2,2,2,1,0,0,0,1,0,0,0,0,1,0,2,1,0,0,0,0,1,0,0,0,0,0,1,0,0,0,0,0,0,1,0,0,0,0,0,1,1,0,0,0,2,0,0,0,1,0,0,0,0,0,0,0,0,0,0,0,0,0,0,0,0,1,1,1,0,0,0,0,0,2,0,2,0,0,0,0,0,1,1,262,108
752,Male,0,4,828,27.2,2,2,2,2,2,2,2,2,2,2,2,2,2,2,2,2,2,2,2,2,2,1,2,2,2,2,2,2,2,0,2,0,0,2,2,2,2,2,2,2,0,2,2,2,2,0,2,2,2,2,2,2,2,2,2,2,2,2,2,2,2,2,0,2,2,2,2,2,2,2,2,2,2,2,2,2,2,2,2,2,2,2,2,2,2,2,2,2,2,2,2,2,2,2,2,2,2,2,2,2,2,2,2,2,2,2,2,2,2,2,2,2,2,2,2,2,2,2,2,2,2,2,2,2,2,2,2,2,2,2,2,2,2,2,2,2,2,2,2,2,2,2,2,2,2,2,2,0,2,2,2,2,2,2,2,2,2,2,2,0,2,2,2,2,2,2,2,2,2,2,2,2,2,2,2,2,0,2,2,2,2,2,2,2,2,2,2,2,2,0,2,2,0,2,2,2,2,2,2,2,2,2,2,2,2,2,2,2,2,2,2,2,2,2,2,2,2,2,2,2,2,2,2,2,2,2,2,2,2,2,2,2,2,2,2,2,2,2,2,2,2,2,0,2,2,2,2,2,2,2,0,2,2,2,2,0,2,2,2,2,2,2,2,2,2,2,2,1,2,2,2,2,2,2,2,2,2,2,2,2,2,2,2,1,2,2,2,2,2,2,2,2,2,2,2,2,2,2,1,2,2,2,2,2,2,2,2,2,2,2,2,2,2,2,2,2,2,2,2,2,2,2,2,2,2,2,2,2,2,2,2,2,2,2,2,2,2,2,2,2,2,2,2,2,0,2,2,2,2,2,2,2,2,2,2,2,0,2,2,2,2,2,2,2,2,2,2,2,2,2,2,2,2,0,2,2,0,2,2,2,2,2,2,2,2,2,2,1,1,1,1,2,2,1,1,1,1,2,2,2,2,2,2,2,2,2,2,2,2,2,2,2,1,0,2,2,2,2,399,386
754,Male,0,2,540,17.8,0,0,0,2,0,0,0,0,2,2,2,2,1,0,0,1,1,0,0,0,0,0,1,0,0,0,2,2,0,0,0,0,0,0,0,0,0,0,0,0,1,0,0,0,0,0,0,1,2,0,2,1,0,1,1,1,0,2,2,0,2,2,0,0,0,1,1,2,2,1,1,0,0,1,1,0,0,1,1,0,0,1,0,0,1,0,1,0,0,0,2,0,1,1,1,1,0,0,1,1,0,0,1,1,1,1,0,1,0,0,0,1,0,1,1,0,1,0,1,0,0,1,1,0,1,1,0,1,0,1,0,1,1,0,2,1,1,1,1,1,1,1,0,1,1,1,1,0,0,0,0,1,0,1,0,1,0,0,0,0,1,1,1,0,0,1,0,0,0,0,0,1,0,0,1,1,0,0,0,0,0,1,0,0,1,0,0,1,0,1,1,0,0,1,1,0,0,1,1,2,1,0,0,1,1,0,0,0,0,0,0,0,0,0,1,0,0,0,1,1,1,0,0,0,0,0,0,0,2,0,1,1,0,0,0,2,2,0,0,2,2,1,0,1,2,1,2,2,1,2,2,1,1,2,2,0,2,2,2,0,2,1,0,2,1,1,0,1,0,0,1,1,1,0,1,0,1,1,1,1,1,1,0,0,1,1,1,1,1,0,0,1,1,1,1,1,1,1,0,0,0,1,0,1,1,0,0,1,1,1,0,1,0,1,1,1,0,0,0,1,1,1,0,0,0,1,1,1,1,0,1,0,1,0,0,0,0,0,1,1,0,0,1,0,1,0,0,1,1,0,0,0,0,1,1,0,0,0,0,0,1,0,0,0,0,1,0,1,1,0,0,0,0,0,0,0,0,0,0,0,0,1,0,0,0,0,0,0,0,0,0,0,0,0,0,1,0,1,1,1,0,1,1,1,0,0,1,0,1,1,1,0,0,0,0,1,0,0,195,35
754,Male,0,2,600,19.7,0,1,0,2,0,0,2,0,2,2,2,2,1,0,0,2,1,0,2,2,1,0,1,0,2,0,2,2,0,0,1,0,0,0,1,0,0,0,0,0,1,1,2,0,0,0,0,2,2,0,2,1,1,1,1,1,1,2,2,0,2,2,0,0,0,1,1,2,2,1,1,1,0,1,1,2,1,1,1,1,2,1,0,0,2,0,1,0,1,0,2,0,2,1,1,1,0,0,1,1,1,1,1,1,1,1,0,1,1,0,0,1,1,1,1,0,1,0,1,0,1,1,1,0,1,1,0,1,0,1,0,1,1,0,2,1,1,1,1,1,1,1,0,1,1,1,1,0,0,0,1,1,0,1,1,1,1,0,0,0,1,1,1,0,1,1,0,0,0,0,1,1,1,0,1,1,0,1,1,0,0,1,1,0,1,0,0,1,1,1,1,0,0,1,1,0,1,1,1,2,1,1,0,1,1,0,0,0,0,1,0,0,0,0,1,0,0,0,1,1,1,0,0,0,1,0,0,0,2,0,1,1,0,0,0,2,2,0,0,2,2,1,0,1,2,1,2,2,1,2,2,1,1,2,2,0,2,2,2,0,2,1,0,2,1,1,0,1,0,0,1,1,1,0,1,1,1,1,1,1,1,1,1,0,1,1,1,1,2,0,0,2,1,1,1,1,1,1,0,1,1,1,0,1,1,1,1,1,1,1,1,1,0,2,1,1,1,1,1,1,1,1,0,1,0,1,2,1,1,0,1,0,2,0,1,0,0,2,1,1,1,0,1,1,1,0,0,1,1,0,1,0,2,1,1,0,0,1,0,0,1,0,0,0,0,1,0,1,1,1,0,0,0,0,1,0,0,0,1,0,0,1,0,0,0,0,0,0,0,0,2,0,0,0,0,1,1,1,1,1,0,2,1,2,2,1,1,0,1,1,1,0,0,0,0,1,0,0,257,57
755,Male,0,3,549,18,0,0,0,0,0,0,1,0,1,0,0,1,0,0,0,0,0,0,0,0,0,0,1,0,0,0,0,0,0,0,0,0,0,0,0,0,0,0,0,0,0,0,0,0,0,0,0,0,0,0,0,0,0,1,0,1,0,0,0,0,1,0,0,0,1,0,0,1,1,0,0,0,0,0,0,0,0,0,1,0,0,0,0,0,1,0,1,0,0,0,0,0,0,1,1,0,0,0,1,1,0,0,1,0,1,1,1,1,0,0,0,1,1,1,0,0,0,0,1,0,0,0,0,0,1,1,0,0,0,1,0,1,1,0,1,1,1,1,1,0,1,1,0,0,0,0,0,0,0,0,0,1,0,1,0,1,0,0,0,0,0,0,0,0,0,0,0,0,0,0,0,0,0,0,0,0,1,1,0,0,0,1,0,0,0,0,1,0,0,0,0,0,0,0,0,1,0,0,0,0,0,0,0,0,0,0,0,0,0,0,0,0,0,0,0,0,0,0,1,1,0,0,0,0,0,0,0,0,1,0,0,0,0,0,0,1,0,0,0,2,0,0,0,0,1,1,1,1,0,2,0,1,0,0,1,0,0,0,1,0,1,0,0,2,0,0,0,0,0,0,0,0,0,0,1,0,1,0,1,0,0,1,0,0,0,0,0,0,0,0,0,0,0,0,0,0,0,1,0,0,0,0,0,0,0,0,0,0,0,0,0,0,0,0,0,1,0,0,0,0,0,0,0,0,0,0,0,0,0,0,0,0,1,0,0,0,0,0,1,0,0,0,0,0,1,0,0,0,1,0,0,0,0,0,0,0,0,0,0,0,0,0,0,0,0,0,0,0,0,0,0,0,0,0,0,0,0,0,0,0,0,0,0,0,0,0,0,0,0,0,1,1,0,0,1,1,0,0,1,0,0,0,0,0,1,0,2,0,0,0,1,0,0,0,0,0,0,0,79,4
755,Male,0,3,598,19.7,0,0,0,0,0,0,1,0,2,0,0,1,0,0,0,1,0,0,0,0,0,0,1,0,0,0,0,0,0,0,0,0,0,0,0,0,0,0,0,0,0,0,0,0,0,0,0,0,0,0,0,0,0,1,0,1,0,1,0,0,1,0,0,0,1,0,0,1,1,0,0,0,0,0,0,0,0,0,1,0,0,0,0,0,1,0,1,0,0,0,0,0,0,1,1,0,0,0,1,1,0,1,1,0,1,1,1,1,1,0,0,1,1,1,1,0,0,0,1,0,0,1,0,0,1,1,0,0,0,1,0,1,1,0,1,1,1,1,1,0,1,1,0,0,0,0,0,0,0,0,0,1,0,1,0,1,0,0,0,0,0,0,0,0,0,0,0,0,0,0,0,1,0,0,0,0,1,1,0,0,0,1,0,0,0,1,1,0,0,0,1,0,0,0,0,1,0,0,0,0,0,0,0,0,0,0,0,0,0,0,0,0,0,0,0,0,0,0,1,1,1,0,0,0,0,0,0,0,1,0,0,0,0,0,0,1,0,0,0,2,0,0,0,0,1,1,1,1,0,2,2,1,1,0,1,0,1,0,1,0,1,0,0,2,0,0,0,0,0,0,0,1,0,0,1,0,1,0,1,0,0,1,0,0,0,1,0,0,1,0,0,0,0,1,0,0,0,1,0,0,0,1,0,1,0,0,1,0,0,0,0,0,0,0,0,1,1,1,0,1,0,0,0,0,0,1,1,1,1,1,0,0,1,1,0,0,0,0,1,0,1,0,0,0,1,0,0,1,1,0,0,0,1,0,0,0,0,0,1,0,0,0,0,0,0,0,0,0,0,1,0,0,0,0,0,0,0,0,0,0,0,0,0,0,0,0,0,1,0,1,1,1,0,0,1,1,0,1,1,1,1,1,1,0,1,0,2,0,1,0,1,0,0,0,0,0,0,0,121,6
755,Male,0,3,714,23.5,2,2,0,2,2,2,2,1,2,1,2,1,0,0,0,1,1,0,1,0,1,0,2,0,1,1,1,0,0,0,1,0,0,1,1,1,0,0,1,0,0,1,1,0,1,0,0,1,1,1,1,1,1,1,1,1,1,1,0,0,1,0,0,0,1,0,1,1,1,1,0,1,0,1,1,1,1,0,1,1,1,0,1,0,1,1,1,0,0,1,0,0,0,1,1,1,1,1,1,1,1,1,1,1,1,1,1,1,1,1,0,1,1,1,1,0,0,1,1,0,0,1,1,0,1,1,0,1,1,1,1,1,1,1,1,1,1,1,1,1,1,1,0,0,1,0,1,0,0,0,0,1,0,1,1,1,1,0,0,0,1,1,1,0,1,0,0,0,0,0,1,1,1,0,0,0,1,1,0,1,0,1,0,0,0,1,1,1,0,0,1,0,1,1,1,1,1,0,0,1,0,0,0,1,1,0,0,0,0,1,1,0,1,0,0,0,0,0,1,1,1,0,0,0,1,0,0,0,1,0,0,0,0,0,0,1,0,0,0,2,0,0,0,0,1,1,2,1,1,2,2,1,1,0,2,0,1,1,2,0,1,1,1,2,1,1,1,1,1,0,1,1,0,0,1,0,1,1,1,0,1,1,0,0,1,1,1,1,1,1,0,1,1,1,0,1,0,1,0,1,1,1,0,1,0,0,1,1,1,0,1,1,0,1,0,1,1,1,0,1,1,0,0,0,0,1,1,1,1,1,1,0,1,1,0,1,0,0,1,0,1,0,0,0,1,1,0,1,1,0,0,0,1,0,1,0,0,0,1,0,0,0,0,0,0,0,1,1,1,1,0,0,1,0,1,1,0,0,0,0,0,0,0,0,0,0,0,1,0,1,1,2,0,0,1,1,0,1,1,1,1,1,1,1,1,0,2,0,1,1,2,1,1,0,0,0,0,0,240,19
756,Male,0,4,569,18.7,0,0,0,0,2,2,0,1,0,0,2,0,1,0,0,1,0,0,1,1,1,0,2,0,0,0,1,0,0,0,0,0,0,0,1,2,0,0,1,0,0,0,0,0,0,0,0,2,0,2,0,0,2,2,0,0,0,2,0,0,1,0,0,0,2,0,0,0,1,0,0,2,0,0,2,1,0,0,2,0,2,0,0,0,0,1,1,0,0,0,0,0,2,0,1,0,0,0,2,2,0,1,1,0,2,1,1,1,2,0,0,2,2,0,2,0,0,0,0,0,0,0,0,0,0,1,0,1,0,2,0,1,0,0,1,0,0,0,0,1,1,0,0,0,0,0,0,0,1,1,0,0,0,0,0,1,0,0,0,0,2,0,2,0,1,1,0,0,0,0,0,0,0,0,0,0,0,0,0,2,0,1,0,0,0,0,0,0,0,0,0,0,0,1,0,0,0,0,0,0,0,0,0,2,1,0,0,0,0,0,0,0,0,0,0,0,0,0,0,1,1,0,0,0,2,0,0,0,2,0,0,0,0,0,0,2,0,0,0,2,2,0,0,0,1,1,1,1,2,1,1,1,0,2,2,1,1,0,1,2,1,1,0,2,0,1,0,0,0,0,0,0,0,0,1,0,1,0,2,0,0,1,0,0,0,1,0,0,2,0,0,0,0,0,0,1,0,1,0,0,0,0,0,0,0,0,0,0,0,0,0,0,0,0,0,0,0,0,0,1,1,1,1,0,0,1,1,0,1,0,0,0,1,0,0,0,0,0,0,0,2,0,0,0,0,0,0,1,1,0,0,0,0,0,0,0,0,0,0,0,0,0,0,0,0,0,0,0,0,0,0,0,0,0,0,0,0,0,0,0,0,0,0,0,0,0,0,0,0,0,0,0,0,0,0,0,0,0,0,0,0,0,0,0,0,0,0,0,0,0,0,0,0,0,0,0,0,0,106,41
756,Male,0,4,601,19.8,0,0,0,0,2,2,0,2,1,0,2,0,1,2,0,2,0,2,1,1,1,0,2,0,2,2,1,0,0,0,2,0,0,1,1,2,0,0,1,0,0,1,0,0,1,0,0,2,1,2,0,1,2,2,0,1,2,2,0,0,2,0,0,0,2,0,0,2,1,0,0,2,0,0,2,1,0,0,2,0,2,0,0,0,0,1,1,0,0,0,0,1,2,0,1,0,0,2,2,2,0,1,1,1,2,2,1,2,2,0,0,2,2,1,2,0,1,0,0,0,0,0,0,0,0,1,0,1,0,2,0,1,0,0,2,0,0,0,0,1,1,0,0,0,0,1,0,0,1,1,0,0,0,0,0,1,0,0,0,0,2,0,2,0,1,1,0,0,0,0,2,0,0,0,1,0,0,0,0,2,0,1,0,0,0,0,0,0,0,0,0,2,0,1,0,0,0,0,0,0,0,2,0,2,1,0,0,0,0,0,0,0,0,0,0,0,0,0,0,2,1,0,0,0,2,0,0,0,2,0,0,0,0,0,0,2,2,0,0,2,2,0,0,0,2,1,2,1,2,1,1,1,0,2,2,1,2,1,1,2,1,1,0,2,0,1,0,0,0,0,0,0,0,0,1,0,1,0,2,0,0,1,0,0,0,1,0,0,2,0,0,0,0,0,0,1,0,1,0,0,0,0,0,0,0,0,0,0,0,0,0,0,0,0,0,0,0,0,0,1,1,1,1,0,0,1,1,0,1,0,0,0,1,0,0,0,0,0,0,0,2,0,0,0,0,0,0,1,1,0,0,0,0,0,0,0,0,0,0,0,0,0,0,0,0,0,0,0,0,0,0,0,0,0,0,0,0,0,0,0,0,0,0,0,0,0,0,0,0,0,0,0,0,0,0,0,0,0,0,0,0,0,0,0,0,0,0,0,0,0,0,0,0,0,0,0,0,0,132,63
756,Male,0,4,706,23.2,2,2,0,0,2,2,0,2,2,0,2,2,1,2,2,2,2,2,2,2,2,0,2,0,2,2,2,2,2,0,2,0,0,2,2,2,2,0,2,0,0,2,0,2,2,0,0,2,2,2,2,1,2,2,0,2,2,2,2,0,2,2,1,0,2,2,2,2,2,2,0,2,0,2,2,2,2,0,2,2,2,1,2,0,2,2,2,2,0,0,0,2,2,2,2,2,2,2,2,2,0,2,1,1,2,2,2,2,2,2,0,2,2,1,2,0,2,2,2,0,1,2,0,0,2,2,0,1,0,2,0,2,2,0,2,1,2,1,2,1,1,2,0,0,0,1,1,0,2,1,0,0,0,2,1,2,2,0,2,0,2,0,2,2,1,2,2,0,2,0,2,1,2,0,1,2,0,0,2,2,1,1,1,0,2,0,0,1,1,0,1,2,0,2,0,0,1,0,0,1,0,2,0,2,2,0,0,0,0,0,0,0,1,0,0,0,0,0,2,2,1,0,0,0,2,0,0,0,2,0,0,0,0,0,0,2,2,0,0,2,2,0,0,0,2,2,2,2,2,2,1,1,1,2,2,1,2,2,2,2,2,1,0,2,1,1,2,0,2,0,1,1,0,1,1,0,1,2,2,0,0,1,0,0,0,1,0,0,2,0,0,0,0,1,0,2,1,1,1,1,1,2,0,1,2,0,2,0,1,0,1,1,0,1,0,1,0,1,1,1,1,2,2,1,0,1,2,2,1,0,1,0,1,1,0,0,2,2,0,0,2,2,2,0,0,0,0,1,1,2,2,0,2,0,1,0,0,2,2,0,1,2,1,0,0,0,0,0,0,1,2,0,1,0,0,0,0,0,0,2,2,0,0,0,0,0,0,0,0,0,0,0,0,0,0,0,0,0,2,0,0,2,0,2,0,0,2,0,0,0,2,0,0,0,0,0,0,0,243,170
756,Male,0,4,868,28.5,2,2,0,2,2,2,2,2,2,2,2,2,2,2,2,2,2,2,2,2,2,2,2,2,2,2,2,2,2,2,2,2,2,2,2,2,2,2,2,2,2,2,2,2,2,0,2,2,2,2,2,2,2,2,2,2,2,2,2,2,2,2,2,2,2,2,2,2,2,2,2,2,2,2,2,2,2,0,2,2,2,2,2,2,2,2,2,2,2,2,2,2,2,2,2,2,2,2,2,2,2,2,2,2,2,2,2,2,2,2,1,2,2,2,2,0,2,2,2,2,2,2,2,2,2,2,2,2,2,2,2,2,2,2,2,2,2,2,2,2,2,2,2,2,2,2,2,0,2,1,0,2,2,2,2,2,2,2,2,2,2,2,2,2,2,2,2,2,2,2,2,2,2,2,2,2,2,2,2,2,2,2,2,2,2,2,2,2,2,2,2,2,2,2,2,0,2,2,2,2,0,2,0,2,2,2,0,2,2,2,2,2,2,2,2,2,2,2,2,2,1,0,0,0,2,0,0,0,2,0,0,0,0,0,0,2,2,0,0,2,2,2,2,0,2,2,2,2,2,2,0,2,2,2,2,2,2,2,2,2,2,2,2,2,2,2,2,2,2,2,2,2,2,2,2,2,2,2,2,2,2,2,2,2,2,2,2,2,2,2,2,2,2,2,2,2,2,2,2,2,2,2,2,2,2,2,2,2,2,2,2,2,2,2,2,2,2,2,2,2,2,2,2,2,1,2,2,2,2,2,2,2,2,2,2,2,2,2,2,2,2,2,2,2,1,2,0,2,2,2,2,2,2,2,2,2,2,2,2,2,2,2,2,2,0,2,2,2,2,2,2,1,1,1,2,1,1,2,2,2,2,2,1,1,1,1,1,1,1,1,1,1,1,1,2,2,2,2,2,1,2,2,2,2,2,2,2,2,2,2,2,1,2,1,1,2,2,1,390,363
757,Male,0,2,501,16.5,2,2,0,1,2,2,2,2,2,0,2,2,2,2,2,2,2,1,2,2,2,0,2,2,2,2,2,2,1,2,2,2,2,2,2,2,2,2,2,1,2,2,1,1,2,2,2,1,0,2,2,0,2,2,0,1,2,2,2,2,2,2,1,2,2,2,2,2,2,0,2,2,2,2,2,2,2,2,2,2,2,2,1,2,2,1,2,2,2,2,2,2,2,2,2,2,0,0,2,2,2,2,2,2,1,2,2,2,2,2,1,2,2,0,2,2,2,2,2,2,2,2,0,2,2,2,1,2,0,2,0,2,2,0,2,1,2,2,2,2,2,2,2,0,2,2,2,0,0,0,0,1,1,2,2,2,2,0,2,0,2,1,2,2,0,1,0,0,2,0,0,2,2,0,0,2,0,2,0,2,0,2,2,0,2,2,2,2,2,0,2,2,0,2,0,0,2,2,0,2,2,2,2,2,1,0,0,2,0,0,2,0,0,0,0,2,2,0,2,2,2,0,2,2,0,0,0,0,2,0,0,0,0,0,0,2,2,2,2,2,2,0,0,2,2,1,2,2,2,2,0,1,2,2,2,0,2,0,2,2,0,0,0,0,0,2,0,1,2,0,1,2,2,2,2,0,2,2,2,2,2,2,2,2,2,2,2,2,2,2,2,2,2,1,0,2,2,2,0,0,1,0,1,2,1,0,0,1,2,0,2,0,0,1,1,2,0,2,1,2,2,0,0,1,0,2,1,1,1,1,1,0,2,1,1,0,0,0,0,2,0,0,1,0,0,0,0,2,2,0,0,0,2,1,2,0,0,2,2,0,0,0,1,0,0,1,0,2,1,2,0,0,0,0,1,0,0,0,0,0,1,0,0,0,0,0,0,0,0,0,1,1,0,0,0,0,2,0,2,0,0,2,2,0,0,1,2,0,2,0,2,0,0,0,0,0,0,2,278,228
757,Male,0,2,769,25.3,2,2,0,2,2,2,2,2,2,2,2,2,2,2,2,2,2,2,2,2,2,2,2,2,2,2,2,2,2,2,2,2,2,2,2,2,2,2,2,2,2,2,2,2,2,2,2,2,2,2,2,2,2,2,2,2,2,2,2,2,2,2,2,2,2,2,2,2,2,2,2,2,2,2,2,2,2,2,2,2,2,2,2,2,2,2,2,2,2,2,2,2,2,2,2,2,1,2,2,2,2,2,2,2,2,2,2,2,2,2,2,2,2,2,2,2,2,2,2,2,2,2,1,2,2,2,2,2,2,2,2,2,2,2,2,2,2,2,2,2,2,2,2,1,2,2,2,0,2,2,0,2,2,2,2,2,2,2,2,0,2,2,2,2,2,2,2,2,2,2,2,2,2,2,2,2,2,2,2,2,2,2,2,2,2,2,2,2,2,2,2,2,2,2,2,0,2,2,2,2,2,2,2,2,2,2,0,2,2,2,2,2,2,2,2,2,2,2,2,2,2,2,2,2,2,2,0,2,2,2,2,2,1,0,2,2,2,2,2,2,2,2,0,2,2,2,2,2,2,2,2,2,2,2,2,2,2,2,2,2,2,2,2,2,2,2,2,2,2,2,2,2,2,2,2,2,2,2,2,2,2,2,2,2,2,2,2,2,2,2,2,2,2,2,1,2,2,2,2,2,1,2,2,2,2,2,2,2,2,2,2,2,2,2,2,2,2,2,2,2,2,2,2,2,2,2,2,2,2,2,2,2,2,2,2,2,2,2,2,2,2,2,2,2,2,2,0,2,2,2,2,2,2,2,2,2,1,2,2,0,2,2,2,2,2,2,2,2,2,2,2,0,2,2,2,2,0,0,2,2,2,2,2,0,2,2,2,2,2,2,2,2,2,2,2,2,2,2,2,2,2,2,2,2,2,2,2,2,2,2,2,2,2,2,2,2,2,2,403,396
758,Male,0,3,655,21.5,2,2,0,2,2,2,1,2,2,2,2,2,1,1,2,2,1,2,2,2,2,0,2,0,2,2,2,2,1,0,2,1,1,1,2,1,1,1,2,0,1,2,2,1,2,1,1,2,1,2,0,2,2,2,1,2,2,2,2,2,2,2,0,1,2,2,2,2,2,2,1,2,2,1,2,1,2,2,2,2,2,1,2,2,2,2,2,2,2,2,1,0,2,2,1,1,1,1,2,2,0,1,1,2,1,2,1,1,2,1,1,2,0,1,2,2,0,2,1,0,2,2,2,0,1,2,0,2,1,2,0,2,2,1,2,1,2,1,2,2,1,2,0,0,2,1,0,0,0,0,0,0,0,2,2,2,2,0,0,0,2,1,2,1,1,2,0,0,2,2,1,1,2,0,2,2,0,1,2,1,2,1,2,0,2,2,2,1,2,1,1,1,1,2,0,0,2,0,1,1,0,1,0,1,1,0,0,1,0,1,0,0,1,1,0,0,1,1,2,1,2,1,1,1,2,0,0,1,2,0,1,0,0,0,0,2,0,2,2,2,2,2,0,0,2,2,2,2,0,2,2,1,1,0,2,0,1,1,1,1,1,1,0,2,1,1,2,1,1,0,1,0,1,1,2,2,1,1,1,0,1,1,0,0,1,1,1,1,0,0,1,2,1,1,1,2,2,1,0,2,1,1,1,1,2,1,1,0,2,1,1,0,0,1,1,1,2,2,0,0,1,1,2,0,1,1,1,1,0,0,1,0,2,0,0,1,0,2,1,0,1,1,1,0,0,2,0,1,1,0,0,0,2,1,1,0,0,0,0,0,2,2,1,0,0,2,1,0,1,1,0,0,0,0,1,0,0,1,2,0,1,1,0,0,0,0,0,0,0,0,0,0,0,0,0,0,1,1,2,0,1,2,2,1,0,1,2,0,2,0,2,0,0,0,0,0,2,1,295,152
758,Male,0,3,745,24.5,2,2,1,2,2,2,2,2,2,2,2,2,1,2,2,2,2,2,2,2,2,0,2,1,2,2,2,2,2,0,2,2,2,2,2,2,1,2,2,1,2,2,2,1,2,1,2,2,2,2,2,2,2,2,2,2,2,2,2,2,2,2,1,1,2,2,2,2,2,2,2,2,2,1,2,2,2,2,2,2,2,1,2,2,2,2,2,2,2,2,2,1,2,2,2,1,1,2,2,2,1,2,2,2,1,2,2,2,2,2,1,2,1,2,2,2,1,2,2,0,2,2,2,0,2,2,1,2,2,2,1,2,2,2,2,2,2,2,2,2,2,2,1,0,2,2,2,0,1,2,2,2,2,2,2,2,2,2,2,0,2,2,2,2,1,2,0,2,2,2,2,2,2,2,2,2,0,2,2,2,2,2,2,0,2,2,2,2,2,2,2,2,1,2,0,0,2,2,2,2,1,2,0,2,2,1,1,2,0,2,2,1,2,2,0,2,2,1,2,2,2,2,2,2,2,2,0,1,2,1,2,2,1,0,2,2,1,2,2,2,2,2,0,1,2,2,2,2,1,2,2,2,1,2,2,0,1,1,1,1,2,2,1,2,2,1,2,1,2,1,2,1,1,2,2,2,2,2,2,2,2,2,2,0,2,1,2,1,2,2,1,2,2,1,2,2,2,1,2,2,2,1,2,2,2,1,2,0,2,2,2,0,2,2,1,1,2,2,1,2,2,2,2,1,1,2,2,2,1,2,2,0,2,2,0,2,2,2,1,1,1,2,1,0,1,2,0,1,1,2,2,1,2,1,1,2,0,1,1,0,2,2,2,0,2,2,1,1,1,1,2,0,0,0,2,0,0,1,2,1,2,2,1,1,1,0,0,0,2,0,1,0,2,0,2,1,2,2,2,2,1,2,2,2,2,2,2,1,2,0,2,2,2,0,1,2,2,1,376,289
758,Male,0,3,749,24.6,2,2,1,2,2,2,2,2,2,2,2,2,1,2,2,2,2,2,2,2,2,0,2,1,2,2,2,2,2,1,2,2,2,2,2,2,1,2,2,1,2,2,2,1,2,1,2,2,2,2,2,2,2,2,2,2,2,2,2,2,2,2,1,2,2,2,2,2,2,2,2,2,2,2,2,2,2,2,2,2,2,1,2,2,2,2,2,2,2,2,2,1,2,2,2,1,1,2,2,2,1,2,2,2,1,2,2,2,2,2,1,2,1,2,2,2,1,2,2,0,2,2,2,1,2,2,1,2,2,2,2,2,2,2,2,2,2,2,2,2,2,2,1,2,2,2,2,0,1,2,2,2,2,2,2,2,2,2,2,0,2,2,2,2,1,2,0,2,2,2,2,2,2,2,2,2,0,2,2,2,2,2,2,0,2,2,2,2,2,2,2,2,1,2,0,0,2,2,2,2,1,2,1,2,2,1,1,2,0,2,2,1,2,2,0,2,2,1,2,2,2,2,2,2,2,2,0,1,2,1,2,2,1,0,2,2,1,2,2,2,2,2,0,2,2,2,2,2,1,2,2,2,1,2,2,0,1,2,1,1,2,2,2,2,2,1,2,1,2,2,2,1,1,2,2,2,2,2,2,2,2,2,2,0,2,2,2,1,2,2,1,2,2,1,2,2,2,1,2,2,2,1,2,2,2,1,2,0,2,2,2,0,2,2,1,1,2,2,1,2,2,2,2,1,1,2,2,2,1,2,2,1,2,2,1,2,2,2,2,1,1,2,2,0,1,2,0,1,1,2,2,1,2,1,1,2,0,1,1,0,2,2,2,1,2,2,1,1,2,1,2,0,0,0,2,1,0,1,2,2,2,2,1,1,1,0,0,0,2,0,2,2,2,0,2,1,2,2,2,2,1,2,2,2,2,2,2,1,2,0,2,2,2,0,1,2,2,2,385,305
759,Male,0,2,534,17.6,1,0,0,2,0,0,0,2,0,0,2,0,0,0,0,0,0,0,0,0,0,0,1,0,1,1,0,0,0,0,0,0,0,1,0,0,0,0,1,0,0,0,0,0,0,0,0,1,0,0,0,2,2,1,0,0,1,2,1,0,2,0,0,0,0,1,0,0,1,0,0,0,0,0,0,0,0,0,1,0,0,1,0,0,0,0,1,0,0,0,0,0,0,0,0,0,0,0,0,0,1,1,1,1,0,1,1,1,0,1,0,1,0,0,1,0,0,0,1,0,0,1,0,0,0,1,0,0,0,1,0,2,0,0,1,1,0,0,0,0,0,1,0,0,0,0,0,0,0,0,0,0,0,1,0,0,0,0,0,0,0,0,0,0,0,0,0,0,0,0,0,0,0,0,0,0,0,0,0,0,0,0,0,0,0,1,0,0,0,0,1,0,0,0,0,0,0,0,0,1,0,0,0,0,0,0,0,0,0,0,0,0,0,0,0,0,0,0,0,0,1,0,0,0,2,0,2,0,2,0,0,0,0,0,0,2,0,0,0,2,0,0,0,0,2,2,2,0,0,0,0,0,0,0,0,0,0,2,0,0,2,0,0,0,0,0,0,0,0,0,0,0,0,0,0,0,0,0,0,0,2,0,0,0,0,0,0,0,0,0,0,0,0,0,0,2,0,0,0,0,0,0,0,0,0,0,0,0,0,0,0,0,0,0,0,0,0,0,0,0,0,0,0,0,0,0,0,0,0,0,0,0,0,0,0,0,0,0,0,0,0,0,0,0,0,0,0,0,0,0,0,0,0,0,0,0,0,0,0,0,0,0,0,0,0,0,0,0,0,0,0,0,0,0,0,0,0,0,0,0,0,0,0,0,0,0,0,0,0,0,0,0,0,0,0,0,0,0,0,0,0,0,0,0,0,0,0,0,0,0,0,0,0,0,0,0,0,0,57,20
759,Male,0,2,631,20.7,2,2,0,2,0,0,2,2,2,2,2,0,0,0,0,0,0,0,0,1,1,0,2,0,1,1,0,0,0,0,1,0,0,1,0,0,0,0,1,0,0,1,0,0,0,0,0,2,1,2,1,2,2,1,0,0,1,2,2,0,2,0,0,0,1,1,1,1,2,0,0,0,1,1,0,0,0,0,2,1,0,1,0,0,0,0,1,0,2,1,1,0,0,0,1,0,0,0,1,1,1,1,1,1,0,2,1,2,0,1,0,1,0,1,1,0,0,0,2,0,0,2,0,0,0,1,0,1,0,2,0,2,0,0,2,1,1,1,2,0,0,1,0,0,0,1,0,0,0,1,0,0,0,1,0,1,0,0,0,0,0,1,1,0,0,0,0,0,0,0,0,0,1,0,0,0,1,1,0,0,0,1,0,0,0,1,0,2,0,0,1,0,0,0,0,0,2,0,0,1,0,0,0,0,0,0,0,0,0,0,0,0,0,0,0,0,0,0,2,0,1,0,0,0,2,0,2,0,2,0,0,0,0,0,0,2,2,0,0,2,2,0,0,0,2,2,2,0,0,2,0,0,0,2,2,0,0,2,2,0,2,0,0,2,0,1,0,0,0,0,1,1,0,0,1,0,1,0,1,0,2,1,0,0,0,0,0,0,2,0,0,0,1,0,0,2,2,2,0,0,1,2,0,0,0,0,0,0,0,0,1,0,0,0,0,1,1,1,1,1,1,1,0,0,0,1,1,1,1,1,0,0,1,1,0,0,0,0,0,0,0,0,0,0,0,0,0,0,0,0,0,0,1,0,0,0,0,0,0,0,0,0,0,0,0,0,0,0,0,2,0,0,0,0,0,0,0,0,0,0,0,0,0,0,0,0,0,0,0,0,0,0,0,0,0,0,0,0,0,0,0,0,0,0,0,0,0,0,1,0,1,0,0,0,0,0,0,0,136,54
762,Male,0,4,406,13.3,2,2,0,2,2,2,2,1,2,0,1,1,0,0,0,1,0,1,1,0,1,0,0,0,0,0,1,0,0,0,0,0,0,0,0,0,0,0,0,0,0,0,0,0,2,0,0,0,0,0,0,0,0,0,0,1,0,0,0,0,1,0,0,0,0,0,1,1,1,1,0,0,0,1,0,0,0,0,1,0,0,1,0,0,0,0,1,0,0,0,0,0,0,1,0,0,0,0,0,0,0,0,1,0,0,1,0,0,0,0,0,0,0,1,0,1,0,0,1,0,0,1,0,0,0,1,0,0,0,0,0,1,0,0,1,0,1,0,0,0,1,0,0,0,0,1,0,0,1,0,0,1,0,1,0,0,0,0,0,0,0,0,0,0,0,0,0,0,0,0,0,0,0,0,0,0,0,0,0,0,0,0,0,0,1,1,1,0,0,0,1,0,0,0,0,0,0,0,0,1,0,1,0,0,0,0,0,0,0,0,0,0,0,0,0,0,0,0,1,1,1,0,0,0,1,0,0,0,2,0,0,0,0,0,0,1,1,0,0,1,0,0,0,0,1,1,1,1,1,1,1,1,1,1,1,1,2,1,1,1,1,0,0,1,1,0,0,0,0,0,0,0,1,0,1,0,1,0,1,0,1,1,0,0,0,0,0,0,0,0,0,0,0,1,0,0,0,1,0,0,0,0,0,1,1,0,0,0,0,0,0,0,0,0,0,1,0,1,0,0,1,0,0,0,0,0,1,0,0,0,1,0,1,0,0,0,0,0,0,1,0,0,1,0,0,0,0,2,0,0,0,0,0,0,0,0,0,0,0,0,0,0,0,0,0,0,0,1,0,0,0,0,0,0,0,0,0,0,0,0,0,0,0,0,0,0,0,0,0,0,0,0,0,0,0,0,0,0,0,1,0,0,0,0,0,0,0,0,1,0,0,0,0,0,0,0,0,0,97,11
762,Male,0,4,627,20.6,1,1,0,0,2,1,2,2,2,2,2,2,0,2,2,2,0,2,1,1,0,0,2,0,2,0,2,0,0,0,0,0,0,0,0,0,0,0,0,0,0,0,0,0,2,0,0,0,0,2,0,0,1,2,0,1,0,2,2,0,2,0,0,0,0,0,2,2,1,1,0,0,1,0,2,0,0,0,2,0,0,0,0,0,2,0,2,1,1,0,0,0,0,1,1,0,0,1,1,1,0,0,1,0,0,1,0,1,0,0,0,1,0,1,0,0,1,0,1,0,1,2,0,0,0,1,0,1,1,0,0,2,1,0,2,0,1,0,0,0,0,0,0,0,1,0,1,0,0,0,0,0,0,1,1,1,0,0,0,0,2,1,0,2,0,0,0,0,0,0,0,0,1,0,0,0,0,0,0,2,0,0,0,0,1,0,1,1,0,0,0,0,0,1,0,0,1,0,0,0,0,2,0,0,0,0,0,0,0,0,0,0,0,0,0,0,0,0,1,1,1,0,0,0,1,0,0,0,2,0,0,0,0,0,0,1,1,0,0,2,0,0,0,1,2,1,2,1,0,1,0,1,0,1,1,1,2,1,1,0,1,0,0,1,0,0,0,0,0,0,1,0,0,0,1,0,0,1,1,0,0,0,0,0,0,0,0,0,0,0,0,0,0,1,0,1,0,1,0,0,1,0,0,1,0,0,0,0,0,0,0,0,0,0,0,1,0,0,0,0,0,0,1,0,0,0,1,0,0,0,0,0,0,0,0,0,0,0,0,0,0,0,1,0,0,0,0,1,0,0,0,0,1,0,0,0,0,0,0,0,0,0,0,0,0,0,0,0,0,0,0,0,0,0,0,0,0,0,0,0,0,0,0,0,0,0,0,0,0,0,0,0,0,0,0,0,0,0,0,0,0,0,0,0,0,0,0,0,1,0,0,0,0,0,0,0,0,0,114,38
762,Male,0,4,672,22.1,0,2,0,0,2,1,2,1,2,1,2,1,0,2,2,2,1,2,2,2,0,0,2,0,2,2,2,1,2,0,0,0,0,2,2,1,0,2,2,0,0,0,0,0,2,0,0,1,1,2,0,0,2,2,1,1,2,2,2,0,2,2,0,0,0,0,2,2,2,2,0,0,2,0,2,0,0,0,0,0,0,1,0,0,2,0,2,2,2,0,0,0,2,1,2,1,1,1,2,2,0,0,1,0,0,2,1,2,0,0,0,2,0,2,2,1,2,0,1,0,2,2,0,0,0,2,0,1,1,2,0,2,1,0,2,0,2,0,2,0,1,2,0,0,1,1,1,0,1,0,0,1,0,1,1,1,0,0,2,0,2,1,2,2,0,0,0,0,0,0,0,0,1,0,0,0,0,0,1,2,0,0,0,0,1,1,2,2,2,0,2,1,0,1,0,0,2,0,0,1,0,2,0,0,0,0,0,0,0,0,0,0,1,0,0,0,0,0,2,2,2,0,0,0,2,1,0,0,2,0,0,0,0,0,0,2,1,0,0,2,0,0,0,0,2,1,2,0,1,2,0,1,0,0,2,0,2,1,0,2,1,0,0,1,1,0,0,0,0,0,1,1,0,0,1,0,1,1,0,0,0,0,0,0,0,0,0,0,0,0,0,0,0,1,0,1,0,1,0,0,1,0,0,0,0,0,0,0,0,0,0,0,0,0,0,1,0,1,0,0,1,0,1,0,0,0,1,0,0,0,1,0,1,0,0,0,0,0,0,0,0,0,1,0,0,0,0,2,1,0,0,0,2,0,0,0,0,0,0,0,0,0,0,0,0,1,0,1,1,0,1,0,0,0,0,0,0,0,0,0,0,0,0,0,0,0,0,0,0,0,0,0,0,0,0,0,0,0,0,1,0,0,0,0,0,0,0,0,1,0,0,0,0,0,0,0,0,0,158,84
762,Male,0,4,699,23,2,2,1,2,2,2,2,2,2,2,2,2,1,2,2,2,2,2,2,2,2,0,2,1,2,2,2,1,2,1,2,0,0,2,2,2,2,2,2,0,0,2,2,1,2,0,1,1,1,2,1,1,2,2,1,1,2,2,2,1,2,2,2,1,2,1,2,2,2,2,1,1,2,1,2,1,0,0,2,1,2,1,0,0,2,0,2,2,2,1,1,0,2,1,2,1,1,1,2,2,1,1,1,1,1,2,1,2,1,1,0,2,1,2,2,1,2,1,1,0,2,2,0,0,0,2,0,1,1,2,0,2,1,1,2,1,2,1,2,1,1,2,1,0,1,1,1,0,1,1,0,1,1,1,1,1,2,0,2,0,2,1,2,2,1,1,1,1,2,2,1,1,1,0,0,1,0,1,1,2,1,1,0,0,1,1,2,2,2,0,2,1,1,1,1,0,2,0,0,1,1,2,1,1,0,0,0,1,0,1,1,1,1,0,0,1,1,0,2,2,2,1,1,0,2,1,0,0,2,0,0,0,0,0,0,2,1,0,0,2,0,0,0,1,2,1,2,1,1,2,1,1,1,1,2,1,2,1,1,2,1,0,0,1,1,1,0,0,0,0,1,1,1,1,1,1,1,1,1,1,1,1,1,0,0,0,0,0,0,0,1,0,0,1,0,1,1,1,0,0,1,0,0,1,1,0,0,0,0,0,0,0,0,0,0,1,1,1,1,1,1,0,1,0,0,0,1,1,1,0,1,0,1,0,0,1,0,1,0,1,1,0,1,0,1,0,0,2,1,0,0,0,2,0,1,0,0,0,0,0,0,2,0,0,0,1,1,1,1,1,1,0,0,0,0,0,0,0,0,0,0,0,0,0,0,0,0,0,0,0,0,0,0,0,0,0,0,0,2,1,1,1,1,1,0,1,1,0,1,0,1,0,0,0,0,0,1,1,272,106
764,Female,0,2,673,22.1,2,1,1,2,1,2,1,1,2,1,1,0,1,0,2,1,0,1,1,1,1,0,2,0,2,1,2,1,1,0,1,0,1,1,1,2,2,0,2,0,0,1,2,0,2,0,1,2,2,1,1,1,2,2,1,1,1,2,1,1,2,2,2,1,1,1,2,2,2,1,1,1,1,1,2,0,1,0,1,1,2,1,0,1,1,0,2,0,1,2,0,0,1,1,1,1,1,0,1,2,1,1,2,1,1,2,1,2,2,1,1,2,1,2,2,1,1,1,1,1,0,2,0,0,1,2,0,1,1,1,1,2,1,0,2,1,2,1,1,1,1,2,0,0,0,1,1,0,2,1,0,1,1,1,1,2,1,1,1,0,1,1,1,2,2,1,0,1,1,1,2,1,1,0,2,1,1,1,1,1,1,2,1,1,1,1,2,1,1,0,1,1,0,1,0,2,0,0,0,1,0,1,0,1,0,0,0,0,0,0,0,0,1,1,1,1,1,1,1,1,2,1,1,0,2,1,0,1,2,1,1,0,0,1,1,1,2,0,0,2,2,1,0,0,2,1,2,2,1,2,2,1,0,1,2,1,2,2,2,1,2,1,1,2,1,0,1,1,0,1,1,0,0,1,2,1,1,1,1,0,0,1,1,0,1,1,1,1,0,1,1,1,1,0,0,1,0,2,0,1,1,1,1,2,2,1,1,1,1,0,1,0,0,1,1,1,1,1,1,1,1,1,1,1,1,1,0,2,1,1,1,0,1,1,0,1,0,0,1,0,1,0,0,0,0,0,0,1,0,0,0,0,1,0,1,1,0,0,0,0,0,0,1,0,0,1,1,0,1,2,0,0,0,0,1,0,0,0,0,1,1,0,0,0,0,0,0,1,0,0,2,0,0,0,1,0,0,0,0,0,0,1,1,1,0,1,1,1,1,0,2,0,0,0,0,0,0,1,286,76
764,Female,0,2,804,26.4,2,2,1,2,1,2,2,2,2,1,2,1,1,1,2,2,2,2,2,1,1,1,2,1,2,1,2,2,2,1,2,1,1,2,2,2,2,1,2,1,1,2,2,1,2,0,2,2,2,2,1,1,2,2,1,2,2,2,1,2,2,2,2,1,2,2,2,2,2,2,1,2,2,2,2,1,2,0,2,2,2,1,1,1,2,1,2,2,2,2,1,2,2,2,2,2,2,2,2,2,2,2,2,2,2,2,2,2,2,2,2,2,2,2,2,2,2,1,2,2,1,2,1,1,1,2,1,2,1,2,1,2,1,2,2,1,2,1,2,1,2,2,1,0,1,1,1,1,2,1,0,1,1,2,2,2,1,1,1,1,2,2,2,2,2,2,2,2,2,2,2,2,2,1,2,2,2,2,2,2,1,2,1,1,2,2,2,1,1,0,1,2,1,1,1,2,2,0,1,1,1,2,1,2,1,2,0,2,0,1,2,1,2,1,1,1,1,1,2,2,2,1,1,0,2,1,0,1,2,1,1,0,0,1,1,2,2,1,1,2,2,1,1,0,2,1,2,2,1,2,2,1,1,1,2,1,2,2,2,2,2,1,1,2,1,1,1,1,1,1,2,1,1,2,2,1,1,1,2,0,1,2,1,0,2,1,1,1,1,1,1,1,1,1,0,1,1,2,0,1,2,2,1,2,2,1,1,1,1,1,2,0,0,1,1,2,2,2,1,2,2,1,1,1,1,1,1,2,1,1,1,0,1,1,0,1,1,1,1,1,2,2,1,1,1,1,0,1,0,1,1,1,1,1,1,1,0,1,1,0,0,1,1,0,0,1,1,0,1,2,1,0,0,0,2,0,2,1,0,1,1,0,1,0,0,0,0,1,0,0,2,0,0,0,2,0,1,1,2,2,1,2,2,2,0,1,1,1,1,0,2,1,0,0,1,1,1,1,369,186
766,Female,0,2,149,4.9,0,0,0,0,0,0,0,0,0,0,0,0,0,0,0,0,0,0,0,0,0,0,0,0,0,0,0,0,0,0,0,0,0,0,0,0,0,0,0,0,0,0,0,0,0,0,0,0,0,0,0,0,0,0,0,0,0,0,0,0,0,0,0,0,0,0,0,0,0,0,0,0,0,0,0,0,0,0,0,0,0,0,0,0,0,0,0,0,0,0,0,0,0,0,0,0,0,0,0,0,0,0,0,0,0,0,0,0,0,0,0,0,0,0,0,0,0,0,0,0,0,0,0,0,0,0,0,0,0,0,0,0,0,0,0,0,0,0,0,0,0,0,0,0,0,0,0,0,0,0,0,0,0,0,0,0,0,0,0,0,0,0,0,0,0,0,0,0,0,0,0,0,0,0,0,0,0,0,0,0,0,0,0,0,0,0,0,0,0,0,0,0,0,0,0,0,0,0,0,0,0,0,0,0,0,0,0,0,0,0,0,0,0,0,0,0,0,0,0,0,0,0,0,0,0,0,1,0,1,0,0,0,0,1,0,0,0,0,0,1,0,0,0,0,0,0,0,0,0,0,1,0,0,0,0,0,0,0,0,0,0,0,0,0,0,0,0,0,0,0,0,0,0,0,0,0,0,0,0,0,0,0,0,0,0,0,0,0,0,0,0,0,0,0,0,0,0,0,0,0,0,0,0,0,0,0,0,0,0,0,0,0,0,0,0,0,0,0,0,0,0,0,0,0,0,0,0,0,0,0,0,0,0,0,0,0,0,0,0,0,0,0,0,0,0,0,0,0,0,0,0,0,0,0,0,0,0,0,0,0,0,0,0,0,0,0,0,0,0,0,0,0,0,0,0,0,0,0,0,0,0,0,0,0,0,0,0,0,0,0,0,0,0,0,0,0,0,0,0,0,0,0,0,0,0,0,0,0,0,0,0,0,0,0,0,0,0,0,5,0
766,Female,0,2,488,16,2,0,0,2,2,0,2,2,2,2,2,2,0,0,0,0,0,0,2,1,0,0,2,0,0,0,0,0,0,0,0,0,0,2,0,0,0,0,0,0,0,0,0,0,1,0,0,0,0,0,0,0,0,1,0,0,0,2,1,0,1,1,1,1,1,1,1,1,1,1,0,1,1,0,1,0,0,0,1,1,0,1,0,0,2,0,2,0,0,1,0,1,1,1,0,1,1,0,1,1,0,1,1,0,1,1,1,0,0,0,0,1,0,0,1,0,1,0,1,1,0,1,1,0,1,2,1,2,0,2,0,1,1,0,0,1,2,1,1,1,0,1,1,0,1,1,1,0,0,0,0,1,0,1,1,1,0,0,0,0,0,0,1,0,0,1,0,0,0,0,0,1,0,0,0,0,1,0,1,0,0,0,0,0,2,2,2,0,0,1,1,0,0,1,0,1,1,0,0,0,0,1,0,1,1,1,0,0,1,0,1,0,1,0,0,1,0,0,1,1,1,1,0,1,1,1,1,1,1,0,1,0,0,1,1,1,0,0,0,1,1,0,0,1,0,1,2,1,1,2,2,1,1,2,2,0,2,2,2,2,2,1,1,2,0,2,0,1,1,1,1,1,1,1,1,0,1,0,2,0,0,1,0,0,1,0,1,1,1,0,1,0,1,1,0,1,1,1,0,0,1,1,0,1,1,0,0,0,1,1,0,1,0,1,0,0,1,1,1,1,1,1,1,0,0,1,1,1,0,0,1,0,1,1,1,0,0,0,1,0,0,0,1,0,0,0,0,1,0,0,0,0,2,1,1,0,0,0,0,0,1,0,0,0,0,1,1,1,1,0,0,0,0,0,1,1,0,0,0,0,0,0,0,0,0,0,0,0,0,0,0,0,0,0,0,0,0,0,0,0,1,1,1,1,1,1,0,0,0,0,1,0,0,0,0,0,0,0,196,36
767,Female,0,2,627,20.6,2,2,2,2,2,2,2,2,2,0,2,1,0,2,2,2,2,0,0,1,1,0,2,1,2,2,2,1,1,0,1,0,0,1,2,2,2,2,2,0,2,1,0,1,1,0,0,2,2,1,0,0,2,2,0,0,0,0,0,0,0,2,0,2,2,1,2,2,2,1,0,2,2,0,1,0,2,0,2,2,2,1,0,1,2,0,2,2,0,2,0,0,2,2,2,1,0,0,0,0,1,0,0,0,0,0,0,0,0,1,0,0,0,0,0,0,0,0,0,0,2,2,0,0,1,2,0,0,0,0,0,0,0,0,2,1,2,1,0,0,0,0,1,0,0,0,1,0,0,0,0,0,0,0,0,0,0,0,0,0,0,0,0,0,0,0,0,0,0,0,0,0,0,0,0,0,0,0,0,0,0,0,0,0,0,0,0,0,0,0,0,0,0,0,0,0,0,0,0,0,0,0,0,0,0,0,0,0,0,0,0,0,0,0,0,0,0,0,0,0,0,0,0,0,0,0,0,0,0,0,0,0,0,0,0,0,0,0,0,0,0,0,0,0,0,0,0,0,0,0,0,0,0,0,0,0,0,0,0,0,0,0,0,0,0,0,0,0,0,0,0,0,0,0,0,0,0,0,0,0,0,0,0,0,0,0,0,0,0,0,0,0,0,0,0,0,0,0,0,0,0,0,0,0,0,0,0,0,0,0,0,0,0,0,0,0,0,0,0,0,0,0,0,0,0,0,0,0,0,0,0,0,0,0,0,0,0,0,0,0,0,0,0,0,0,0,0,0,0,0,0,0,0,0,0,0,0,0,0,0,0,0,0,0,0,0,0,0,0,0,0,0,0,0,0,0,0,0,0,0,0,0,0,0,0,0,0,0,0,0,0,0,0,0,0,0,0,0,0,0,0,0,0,0,0,0,0,0,0,0,0,0,0,0,0,0,0,0,77,52
767,Female,0,2,670,22,2,2,2,2,2,2,2,2,2,0,2,1,0,2,2,2,2,0,0,1,1,0,2,1,2,2,2,1,1,0,1,0,0,1,2,2,2,2,2,0,2,1,0,1,1,0,0,2,2,1,0,0,2,2,0,0,0,0,0,0,0,2,0,2,2,1,2,2,2,1,0,2,2,0,1,0,2,0,2,2,2,1,0,1,2,0,2,2,0,2,0,0,2,2,2,1,0,0,0,0,1,0,0,0,0,0,0,0,0,1,0,0,0,0,0,0,0,0,0,0,2,2,0,0,1,2,0,0,0,0,0,0,0,0,2,1,2,1,0,0,0,0,1,0,0,0,1,0,0,0,0,0,0,0,0,0,0,0,0,0,0,0,0,0,0,0,0,0,0,0,0,0,0,0,0,0,0,0,0,0,0,0,0,0,0,0,0,0,0,0,0,0,0,0,0,0,0,0,0,0,0,0,0,0,0,0,0,0,0,0,0,0,0,0,0,0,0,0,0,0,0,0,0,0,0,0,0,0,0,0,0,0,0,0,0,0,0,0,0,0,0,0,0,0,0,0,0,0,0,0,0,0,0,0,0,0,0,0,0,0,0,0,0,0,0,0,0,0,0,0,0,0,0,0,0,0,0,0,0,0,0,0,0,0,0,0,0,0,0,0,0,0,0,0,0,0,0,0,0,0,0,0,0,0,0,0,0,0,0,0,0,0,0,0,0,0,0,0,0,0,0,0,0,0,0,0,0,0,0,0,0,0,0,0,0,0,0,0,0,0,0,0,0,0,0,0,0,0,0,0,0,0,0,0,0,0,0,0,0,0,0,0,0,0,0,0,0,0,0,0,0,0,0,0,0,0,0,0,0,0,0,0,0,0,0,0,0,0,0,0,0,0,0,0,0,0,0,0,0,0,0,0,0,0,0,0,0,0,0,0,0,0,0,0,0,0,0,0,77,52
768,Male,0,2,501,16.5,2,0,1,2,2,2,0,2,2,2,2,2,2,0,2,2,2,0,2,2,2,0,2,1,2,2,2,2,1,2,2,0,0,0,0,2,2,0,2,0,2,2,2,0,0,0,0,0,2,2,2,0,2,2,0,2,0,2,2,2,2,2,0,2,2,1,2,0,2,2,0,2,0,2,2,0,0,2,2,2,2,2,0,2,2,0,2,2,0,0,0,0,2,2,2,0,2,0,2,2,2,2,2,0,0,2,2,2,2,2,0,2,2,2,2,2,2,2,2,0,2,2,0,0,0,2,2,1,0,2,0,2,2,2,2,2,2,1,2,2,2,2,0,0,1,1,1,0,1,1,0,1,1,2,0,1,2,0,0,0,2,0,2,0,0,1,0,0,0,0,0,2,0,0,0,1,0,0,0,2,0,2,2,0,2,0,2,2,2,1,2,2,0,2,0,0,2,1,2,2,0,2,0,2,1,2,0,2,0,1,0,2,0,0,2,1,2,2,2,2,1,2,2,0,1,2,0,0,2,0,2,2,1,0,2,2,2,2,2,2,0,2,0,0,2,2,2,2,0,2,0,1,1,1,2,2,2,0,0,0,2,2,1,2,1,1,1,1,0,0,0,0,1,0,2,0,2,0,2,0,0,2,0,0,0,0,1,0,2,0,0,2,0,2,0,0,2,2,0,0,1,2,0,2,0,2,2,0,2,0,2,0,0,0,0,2,0,0,0,2,1,0,0,0,0,1,0,1,0,0,0,0,2,0,0,0,0,0,2,1,2,0,2,0,0,2,0,1,2,0,2,0,2,2,0,0,0,0,0,0,2,0,0,0,0,0,0,2,1,2,0,0,0,0,0,0,0,0,2,0,0,0,0,0,0,0,0,0,0,0,0,0,0,0,0,0,2,0,2,0,0,2,0,1,0,0,2,0,2,0,2,0,0,0,0,2,0,2,226,184
768,Male,0,2,726,23.9,2,2,2,2,2,2,0,2,2,2,2,2,2,2,2,2,2,2,2,2,2,0,2,1,2,2,2,2,1,1,2,0,0,2,2,2,2,0,2,0,1,2,2,1,2,0,0,2,2,2,2,2,2,2,2,2,2,2,2,1,2,2,2,2,2,2,2,2,2,2,2,2,2,2,2,2,1,2,2,2,2,2,2,2,2,0,2,2,2,2,2,2,2,2,2,2,2,2,2,2,2,2,2,2,2,2,2,2,2,2,1,2,2,2,2,2,2,2,2,1,2,2,2,1,2,2,2,2,1,2,2,2,2,2,2,2,2,2,2,2,2,2,2,2,2,2,2,0,2,1,1,1,2,2,2,2,2,2,2,0,2,0,2,2,2,2,1,1,2,2,2,2,2,1,2,2,2,2,2,2,2,2,2,0,2,2,2,2,2,1,2,2,1,2,1,1,2,1,2,2,2,2,0,2,2,2,0,2,2,2,2,2,2,0,2,2,2,2,2,2,2,2,2,2,1,2,2,2,2,2,2,2,2,2,2,2,2,2,2,2,0,2,0,2,2,2,2,2,2,2,0,2,2,2,2,2,2,2,2,2,2,2,2,2,2,2,2,1,2,0,0,2,2,2,2,2,2,2,2,1,2,2,2,2,2,2,2,2,2,2,2,2,2,2,2,2,2,2,2,2,2,2,2,2,2,2,2,2,2,2,2,2,2,2,2,2,2,2,2,2,2,2,2,2,2,2,2,2,2,2,2,0,2,2,0,2,2,2,2,2,2,2,2,2,2,2,2,2,2,2,2,0,2,2,2,2,0,2,2,0,2,2,1,2,2,1,2,2,2,2,2,2,2,0,2,0,0,2,2,2,2,2,2,2,0,2,2,2,2,0,0,2,2,2,2,2,2,2,2,2,2,2,2,2,2,2,2,2,2,2,2,2,2,2,0,2,2,2,378,358
771,Male,0,2,569,18.7,2,2,0,0,2,1,2,1,2,2,2,1,0,1,0,0,0,0,1,0,0,0,2,0,1,0,2,0,0,0,0,1,1,1,0,0,0,0,2,0,1,0,0,0,0,0,0,0,0,0,0,0,0,2,0,0,1,2,1,1,2,1,0,0,1,0,0,1,0,0,0,0,0,0,1,0,0,0,1,0,2,0,1,0,0,0,1,0,0,0,0,0,0,0,1,0,1,0,1,2,1,1,0,1,1,1,1,1,0,0,0,2,0,0,1,0,0,0,0,0,0,0,0,0,0,1,0,0,0,1,0,1,1,0,1,0,1,0,0,0,0,1,0,0,0,0,0,0,0,0,0,0,0,1,0,0,0,0,0,0,0,1,0,0,0,0,0,0,0,0,0,1,0,0,0,0,0,0,0,0,0,1,0,0,0,0,1,0,0,0,0,0,0,1,0,0,0,0,0,0,0,1,0,0,0,0,0,0,0,0,0,0,0,0,0,0,0,0,1,1,1,0,0,0,0,0,0,0,2,0,0,0,0,0,0,0,0,0,0,2,0,0,0,0,1,0,2,0,1,2,0,0,1,2,2,0,2,2,1,0,2,1,0,2,0,1,0,0,0,0,0,0,0,0,1,0,0,0,0,0,0,1,0,0,0,0,1,0,1,0,0,0,0,1,0,0,0,1,0,0,1,0,0,0,0,0,1,0,0,0,0,0,0,0,0,0,0,1,0,1,1,0,0,0,0,0,0,0,0,0,0,0,1,0,0,0,0,0,1,0,0,0,0,0,0,0,0,0,0,0,0,0,0,0,0,0,0,0,0,0,0,0,0,0,0,1,0,0,0,0,0,0,0,0,0,0,0,0,0,0,2,0,0,0,0,0,0,0,0,0,0,0,0,0,0,0,0,0,0,0,0,0,0,0,0,0,0,0,0,0,0,0,0,0,0,0,0,0,95,27
771,Male,0,2,576,18.9,2,2,0,0,2,1,2,1,2,2,2,1,0,1,0,0,0,0,2,0,1,0,2,0,1,0,2,0,0,0,0,1,1,1,0,0,0,0,2,0,1,0,0,0,0,0,0,0,0,0,0,0,0,2,0,0,1,2,1,1,2,1,0,0,1,0,0,1,0,0,0,0,0,0,1,0,0,0,1,0,2,0,1,0,0,0,1,1,0,0,0,0,0,0,1,0,1,0,1,2,1,1,1,1,1,1,1,1,0,0,0,2,0,0,1,0,0,0,0,0,0,0,0,0,0,1,0,0,0,1,0,1,1,0,1,0,1,0,0,0,0,1,0,0,0,0,0,0,0,0,0,0,0,1,0,0,0,0,0,0,0,1,0,0,0,0,0,0,0,0,0,1,0,0,0,0,0,0,0,0,0,1,0,0,0,0,1,0,0,0,1,0,0,1,0,0,0,0,0,0,0,1,0,0,0,0,0,0,0,0,0,0,0,0,0,0,0,0,1,1,1,0,0,0,0,0,0,0,2,0,0,0,0,0,0,0,0,0,0,2,0,0,0,0,1,0,2,0,1,2,0,0,1,2,2,0,2,2,1,0,2,1,0,2,0,1,0,0,0,0,0,0,0,0,1,0,0,0,0,0,0,1,0,0,0,2,1,0,1,0,0,0,0,1,0,1,0,1,0,0,1,0,0,0,0,0,1,1,0,0,0,0,0,0,0,0,0,1,0,1,1,0,0,0,0,0,0,0,0,0,0,0,1,0,0,0,0,0,1,0,0,0,0,0,0,0,0,0,0,2,0,0,0,0,0,0,0,0,0,0,0,2,0,0,0,1,0,0,1,0,1,0,0,0,0,0,0,0,0,0,2,0,0,0,0,0,0,0,0,0,0,0,0,0,0,0,0,0,0,0,0,0,0,0,0,0,1,0,0,0,0,0,0,0,0,0,0,0,107,31
772,Male,0,3,357,11.7,0,0,0,1,0,0,1,0,1,0,0,1,0,0,0,0,0,0,0,0,0,0,0,0,0,0,0,0,0,0,0,0,0,0,0,0,0,0,0,0,0,0,0,0,0,0,0,0,0,0,0,0,0,0,0,0,0,0,0,0,0,0,0,0,0,0,0,0,0,0,0,0,0,0,0,0,0,0,0,0,0,1,0,0,0,0,0,0,0,0,0,0,0,0,0,1,0,0,0,0,0,0,0,0,0,0,1,0,0,0,0,0,0,0,1,0,0,0,0,0,0,0,0,0,0,0,0,0,0,0,0,0,0,0,0,0,0,0,0,0,0,0,0,0,0,0,0,0,0,0,0,0,0,0,0,0,0,0,0,0,0,0,0,0,0,0,0,0,0,0,0,0,0,0,0,0,0,0,0,0,0,0,0,0,0,0,0,0,0,0,0,0,0,0,0,0,0,0,0,0,0,0,0,0,0,0,0,0,0,0,0,0,0,0,0,0,0,0,0,0,0,0,0,0,0,0,0,0,1,0,0,0,0,0,0,0,0,0,0,1,0,0,0,0,0,0,1,0,1,1,1,0,0,1,1,0,1,1,0,0,1,0,0,0,0,0,0,0,0,0,0,0,0,0,1,0,0,0,0,0,0,0,0,0,0,0,0,0,0,0,0,0,0,0,0,0,0,1,0,0,1,0,0,0,1,1,1,0,0,0,0,0,0,0,0,1,1,0,1,0,0,0,0,0,0,0,1,1,0,0,0,0,1,0,0,0,0,0,0,0,0,0,0,0,0,0,0,1,0,0,0,0,0,0,1,0,0,0,0,0,0,0,0,0,0,0,1,0,1,1,0,0,0,0,0,0,0,0,0,0,1,0,0,0,0,0,0,0,0,0,1,0,0,0,1,0,0,0,1,0,0,0,0,0,0,0,0,0,0,0,1,0,0,0,0,0,0,0,41,0
772,Male,0,3,503,16.5,0,0,0,2,2,0,1,0,1,0,0,2,0,0,0,0,0,0,2,0,0,0,1,0,0,0,0,0,0,0,0,0,0,0,0,0,0,0,0,0,0,0,0,0,0,0,0,0,0,0,0,0,0,1,0,1,0,1,0,1,1,2,0,0,0,0,0,0,1,0,0,0,1,1,0,0,1,0,1,0,0,1,0,0,0,0,0,0,0,0,0,0,0,0,0,1,0,0,0,0,0,0,0,0,0,0,1,0,0,0,0,0,0,0,1,0,0,0,0,0,0,0,0,0,0,0,0,0,0,1,0,0,0,0,1,0,1,0,0,0,0,1,0,0,0,0,0,0,0,0,0,1,0,1,0,1,0,0,0,0,1,1,1,0,0,0,0,0,0,1,0,1,0,0,0,0,0,0,1,0,0,0,0,0,0,0,0,0,0,0,1,0,0,1,0,0,1,0,0,0,0,0,0,0,0,0,0,0,0,0,0,0,0,0,0,0,0,0,1,0,0,0,0,0,2,0,0,0,2,0,0,0,0,0,0,0,0,0,0,2,1,0,0,0,0,1,2,0,1,2,2,1,0,1,1,1,1,1,0,0,2,0,0,0,0,1,0,0,0,0,0,0,0,0,1,0,0,0,1,0,0,1,0,1,1,0,1,1,0,0,0,0,0,1,0,0,0,1,0,0,1,0,0,1,1,1,1,1,1,1,0,1,0,0,1,1,1,1,1,1,0,0,1,0,0,0,1,1,0,0,0,0,1,0,0,0,0,0,1,0,0,0,0,0,1,0,0,1,0,0,0,0,0,0,1,0,0,0,0,0,0,0,0,0,0,0,1,1,1,1,0,0,0,0,0,0,0,0,0,0,2,0,0,0,0,0,0,0,0,0,1,0,0,0,1,0,0,0,1,0,0,0,0,0,0,0,0,0,0,0,1,0,0,0,0,0,0,0,97,13
772,Male,0,3,526,17.3,2,0,0,2,2,0,1,0,1,0,2,2,0,2,0,0,0,0,2,0,0,0,2,0,0,0,0,0,0,0,0,0,0,0,0,0,0,0,0,1,0,0,0,0,0,0,0,0,0,0,0,0,0,1,0,1,0,1,1,1,1,2,0,0,1,1,0,1,1,0,0,1,1,1,1,0,1,0,1,0,0,1,0,0,1,0,0,0,0,0,0,0,1,0,0,1,1,1,0,2,0,0,0,0,1,1,1,1,0,0,0,2,0,1,1,0,0,0,1,0,0,0,0,0,0,1,0,0,0,1,0,1,0,0,1,1,1,1,0,0,0,1,1,0,0,0,0,0,0,0,0,1,0,1,0,1,0,0,0,0,1,1,1,0,0,1,0,0,0,1,0,1,0,0,0,0,0,0,1,0,0,0,0,0,0,0,0,0,0,0,1,0,1,1,0,0,1,0,0,1,0,0,0,0,0,0,0,0,0,1,1,0,1,0,0,0,0,1,1,1,1,1,0,0,2,0,0,0,2,0,0,0,0,1,1,0,0,1,1,2,1,0,0,0,1,1,2,1,1,2,2,1,1,1,1,1,1,1,1,1,2,1,0,1,1,1,0,0,1,0,1,0,0,0,1,0,1,0,1,0,1,1,0,1,1,0,1,1,1,0,0,1,0,1,0,1,0,1,0,0,1,0,0,1,1,1,1,1,1,1,0,1,0,0,1,1,1,1,1,1,1,1,1,1,0,0,1,1,1,1,1,0,1,0,0,0,0,0,1,1,0,0,1,0,1,0,0,1,1,0,0,0,1,1,1,0,0,0,0,0,1,0,0,0,0,1,1,1,1,1,0,0,2,0,1,0,0,0,0,0,2,0,0,0,0,0,0,0,0,0,1,0,2,2,1,0,0,0,1,1,0,0,1,1,0,1,0,0,1,0,1,0,0,0,0,0,0,1,175,22
774,Male,0,4,486,16,1,1,1,1,1,1,1,1,1,1,1,1,0,0,0,0,1,0,1,0,1,0,1,0,1,1,1,1,1,0,1,1,1,1,1,0,1,1,1,0,1,1,1,0,1,0,0,1,1,1,1,1,1,1,1,1,1,1,0,0,1,1,0,1,1,1,1,1,1,1,0,1,1,0,1,1,0,1,1,1,1,0,0,0,1,1,1,1,1,1,0,0,1,1,1,1,1,1,1,1,1,1,1,1,1,1,1,1,1,1,0,1,1,1,1,0,0,1,1,0,1,1,0,0,1,1,1,1,0,0,1,1,1,0,1,0,1,0,1,1,1,1,0,1,1,1,0,0,0,0,0,0,0,1,0,1,0,1,1,0,1,1,1,0,1,0,0,0,0,1,0,1,1,0,0,0,0,0,1,1,0,1,1,0,1,1,1,1,0,0,1,0,0,1,0,0,1,0,0,1,0,1,0,1,1,0,0,0,0,0,0,1,0,0,0,1,1,0,1,1,1,1,0,0,1,1,1,0,1,1,0,0,0,1,1,0,0,1,1,1,0,0,0,0,1,1,1,1,1,1,1,1,1,1,1,1,1,0,1,1,1,1,0,1,0,1,0,0,0,0,1,1,1,1,1,0,1,0,1,0,0,0,0,0,0,0,0,0,1,0,0,0,0,0,0,1,0,1,0,0,0,1,0,1,1,1,1,0,1,1,1,0,0,0,0,1,1,1,1,1,0,1,1,0,0,1,1,1,1,0,0,0,2,1,0,1,1,0,0,0,1,0,0,0,1,0,0,1,1,1,1,1,1,1,1,1,0,1,1,0,0,1,1,0,1,1,0,1,1,1,1,0,1,0,0,1,0,0,1,1,1,1,0,0,0,0,0,0,0,1,0,0,0,0,0,0,1,1,1,1,0,1,1,1,0,1,1,1,1,0,2,0,0,0,0,0,0,0,244,2
774,Male,0,4,554,18.2,1,2,1,2,2,2,2,2,2,2,1,2,1,1,2,1,1,1,2,1,2,1,2,1,2,1,2,1,1,1,1,1,1,1,2,1,2,1,2,1,1,1,1,0,1,0,1,2,2,2,2,1,2,2,1,1,2,2,1,0,2,2,0,1,2,1,1,2,2,2,0,2,2,0,2,1,0,1,2,2,2,1,0,0,2,1,1,2,1,2,2,0,2,2,2,2,2,1,2,2,1,1,2,1,1,1,1,2,1,1,0,2,1,1,1,2,1,1,1,1,1,2,0,0,1,1,1,2,1,2,1,2,1,1,2,1,2,1,2,1,2,2,1,1,1,2,0,0,2,1,0,2,1,2,1,2,1,2,1,0,1,2,1,2,2,1,0,0,2,1,2,1,2,0,1,1,0,0,2,1,1,2,1,1,1,1,2,2,1,0,1,1,0,2,0,0,1,1,0,1,0,1,0,2,1,0,0,1,1,1,1,1,1,1,0,1,1,0,2,1,1,1,1,1,2,2,1,0,2,1,1,0,0,1,2,0,1,1,1,1,0,0,0,0,2,1,1,1,1,1,1,1,1,1,2,1,1,0,1,2,1,1,1,1,0,1,1,0,0,1,2,1,1,1,2,0,1,1,2,1,0,1,1,0,0,2,0,1,2,0,1,1,0,1,0,1,0,2,0,2,1,1,0,1,2,1,1,0,1,1,1,0,1,1,0,1,1,1,1,1,1,1,2,0,0,1,2,2,1,1,0,0,2,2,0,1,2,0,0,0,1,2,1,2,1,1,2,2,2,1,1,1,1,1,1,1,0,1,1,0,0,1,1,0,1,1,1,1,1,1,1,0,1,0,1,1,0,1,1,1,1,1,0,0,0,0,0,0,0,1,0,0,0,0,1,0,1,2,2,1,1,1,1,1,1,1,2,1,1,0,2,0,0,0,0,0,0,0,324,111
774,Male,0,4,570,18.7,1,2,1,2,2,2,2,2,2,2,1,2,1,2,2,1,2,2,2,1,2,1,2,1,2,1,2,2,1,1,1,1,1,2,2,1,2,1,2,1,1,1,1,0,1,0,1,2,2,2,2,1,2,2,1,1,2,2,1,0,2,2,0,1,2,1,1,2,2,2,0,2,2,0,2,1,0,1,2,2,2,1,0,0,2,1,1,2,2,2,2,0,2,2,2,2,2,1,2,2,2,2,2,1,1,1,1,2,1,1,0,2,1,2,2,2,1,1,1,1,2,2,0,0,1,1,1,2,1,2,1,2,1,1,2,1,2,1,2,1,2,2,1,1,1,2,0,0,2,1,0,2,1,2,1,2,1,2,1,0,1,2,1,2,2,1,0,0,2,1,2,1,2,0,1,1,0,1,2,2,1,2,1,1,1,1,2,2,1,0,2,1,0,2,1,0,1,1,0,2,0,2,0,2,1,0,0,1,1,2,1,1,2,1,0,2,1,0,2,2,1,1,1,1,2,2,1,0,2,1,1,0,1,1,2,0,1,1,2,1,1,0,1,0,2,1,2,1,1,2,1,2,2,2,2,1,2,0,1,2,2,1,1,2,0,1,1,0,0,1,2,1,1,1,2,0,1,1,2,1,0,1,1,0,0,2,0,1,2,0,1,1,0,1,0,1,0,2,0,2,1,1,0,1,2,1,1,1,1,1,1,0,1,1,1,1,1,1,1,1,1,1,2,0,0,1,2,2,1,1,0,0,2,2,0,1,2,1,1,1,1,2,1,2,1,1,2,2,2,1,1,1,1,1,1,1,0,1,1,0,0,1,1,0,1,1,1,1,1,2,1,0,1,0,1,1,0,1,1,1,2,1,0,0,0,0,0,0,0,1,0,0,0,0,1,0,1,2,2,2,1,1,1,2,1,1,2,1,1,0,2,0,0,0,0,0,0,0,334,143
774,Male,0,4,621,20.4,2,2,1,2,2,2,2,2,2,2,2,2,1,2,2,1,2,2,2,1,2,1,2,2,2,2,2,2,2,1,2,1,1,2,2,2,2,1,2,1,1,2,1,0,2,0,2,2,2,2,2,2,2,2,1,2,2,2,2,0,2,2,0,1,2,2,1,2,2,2,0,2,2,0,2,2,0,1,2,2,2,1,0,0,2,1,2,2,2,2,2,0,2,2,2,2,2,1,2,2,2,2,2,1,2,2,2,2,2,2,0,2,1,2,2,2,2,1,2,1,2,2,1,0,1,1,1,2,1,2,1,2,2,1,2,1,2,1,2,1,2,2,1,1,1,2,0,0,2,1,0,2,1,2,1,2,1,2,1,0,2,2,2,2,2,1,0,0,2,1,2,1,2,0,1,2,0,2,2,2,1,2,2,1,2,2,2,2,2,1,2,1,0,2,2,0,2,1,0,2,0,2,0,2,1,0,0,1,1,2,1,1,2,1,0,2,1,0,2,2,1,2,1,1,2,2,1,0,2,1,1,0,1,1,2,0,1,1,2,2,2,0,1,0,2,2,2,2,1,2,2,2,2,2,2,1,2,2,2,2,2,1,1,2,0,2,2,0,0,1,2,2,2,1,2,0,2,1,2,1,0,2,1,0,1,2,2,2,2,0,1,1,0,2,0,1,2,2,0,2,2,1,0,1,2,1,1,2,2,1,1,0,1,1,1,1,1,1,1,1,1,1,2,1,0,1,2,2,1,1,0,1,2,2,0,2,2,2,1,2,2,2,1,2,1,2,2,2,2,1,1,1,2,1,1,1,0,1,1,0,0,1,1,0,1,1,2,2,2,2,1,0,1,0,1,1,0,1,1,1,2,1,1,1,0,0,0,0,0,1,0,1,0,0,1,1,1,2,2,2,1,1,2,2,2,2,2,1,2,0,2,0,0,0,2,0,0,0,347,212
782,NA,0,1,272,8.9,0,0,0,0,0,0,0,0,0,0,0,0,0,0,0,0,0,0,0,0,0,0,0,0,0,0,0,0,0,0,0,0,0,0,0,0,0,0,0,0,0,0,0,0,0,0,0,0,0,0,0,0,0,0,0,0,0,0,0,0,0,0,0,0,0,0,0,0,0,0,0,0,0,0,0,0,0,0,0,0,0,0,0,0,0,0,0,0,0,0,0,0,0,0,0,0,0,0,0,0,0,0,0,0,0,0,0,0,0,0,0,0,0,0,0,0,0,0,0,0,0,0,0,0,0,0,0,0,0,0,0,0,0,0,0,0,0,0,0,0,0,0,0,0,0,0,0,0,0,0,0,0,0,0,0,0,0,0,0,0,0,0,0,0,0,0,0,0,0,0,0,0,0,0,0,0,0,0,0,0,0,0,0,0,0,0,0,0,0,0,0,0,0,0,0,0,0,0,0,0,0,0,0,0,0,0,0,0,0,0,0,0,0,0,0,0,0,0,0,0,0,0,0,0,0,0,0,0,1,0,0,0,0,0,0,0,0,0,0,0,0,0,0,0,0,0,0,0,0,0,0,0,0,0,0,0,0,0,1,0,0,0,0,0,0,0,0,0,0,0,0,0,0,0,0,0,0,0,1,0,0,0,0,0,0,0,0,0,0,0,0,0,0,0,0,0,0,0,0,0,0,0,0,0,0,0,0,0,0,0,0,0,0,0,0,0,0,0,0,0,0,0,0,0,0,0,0,0,0,0,0,0,1,0,0,0,0,0,0,0,0,0,0,0,0,0,0,0,0,0,0,0,0,0,0,0,0,0,0,0,0,0,0,0,0,0,0,0,0,0,0,0,0,0,0,0,0,0,0,0,0,0,0,0,0,0,0,0,0,0,0,0,0,0,0,0,0,0,0,0,0,0,0,0,0,0,0,0,0,0,0,0,0,0,0,0,0,0,4,0
782,NA,0,2,474,15.6,0,0,0,0,0,0,0,0,2,0,0,0,0,0,0,0,0,0,2,0,0,0,0,0,0,0,0,0,0,0,0,0,0,0,0,0,0,0,0,0,0,0,0,0,0,0,0,0,0,0,0,0,0,0,0,0,0,2,2,0,0,2,0,0,0,0,0,0,1,0,0,0,0,0,0,0,0,0,0,0,0,0,0,0,2,0,0,0,0,0,0,0,0,0,0,0,0,0,0,0,0,0,0,0,0,0,0,0,0,0,0,1,0,1,0,0,0,0,0,0,0,0,0,0,0,0,0,0,0,0,0,0,0,0,0,0,0,0,0,0,0,0,0,0,0,0,0,0,0,0,0,0,0,0,0,0,0,0,0,0,0,0,0,0,0,0,0,0,0,0,0,0,0,0,0,0,0,0,0,0,0,0,0,0,0,0,0,0,0,0,0,0,0,0,0,0,0,0,0,0,0,0,0,0,0,0,0,0,0,0,0,0,0,0,0,0,0,0,0,0,0,0,0,0,0,0,0,0,2,0,0,0,0,0,0,0,0,0,0,2,0,0,0,0,0,0,0,0,0,0,0,0,0,0,0,0,1,0,0,0,0,0,0,0,0,0,0,0,0,0,0,0,0,0,0,0,0,0,0,0,0,0,0,0,0,0,0,0,0,0,0,0,0,0,0,0,0,0,0,0,2,0,0,0,0,0,0,0,0,0,0,0,0,0,0,0,0,0,0,0,0,0,0,0,0,0,0,0,0,0,0,0,0,0,0,0,0,0,0,0,0,0,0,0,0,0,0,0,0,0,0,0,0,0,0,0,0,0,0,0,0,0,0,0,0,0,0,0,0,0,0,0,0,0,0,0,0,0,0,0,0,0,0,0,0,0,0,0,0,0,0,0,0,0,0,0,0,0,0,0,0,0,0,0,0,0,0,0,0,0,0,0,0,0,0,0,0,0,13,9
782,Female,0,2,616,20.2,2,0,0,0,0,2,0,2,2,0,0,2,0,2,0,0,0,0,2,0,0,0,2,0,2,0,0,0,0,0,0,0,0,0,0,0,0,0,2,0,0,2,0,0,0,0,0,0,0,0,0,0,0,2,0,0,0,2,2,0,2,2,2,0,2,2,2,2,2,0,0,1,0,0,2,0,0,0,2,0,0,0,0,0,2,0,2,0,0,0,0,0,0,2,0,0,0,0,0,1,1,0,2,0,0,2,0,2,0,0,0,2,0,2,1,0,0,0,2,0,1,2,0,0,0,0,0,0,0,2,0,2,0,0,1,0,1,0,1,0,0,2,0,0,0,0,0,0,0,0,0,0,0,1,0,1,0,0,0,0,0,0,0,0,0,1,0,0,0,0,0,1,0,0,0,1,0,0,0,0,0,0,0,0,0,0,1,0,0,0,0,0,0,0,0,0,0,0,0,0,0,2,0,2,0,0,0,0,0,0,0,0,0,0,0,0,0,0,0,0,1,0,0,0,2,0,0,0,2,0,0,0,0,0,0,2,0,0,0,2,2,0,0,0,1,0,0,1,0,2,2,0,0,2,2,0,1,0,0,0,2,0,0,2,0,0,0,0,0,0,0,0,0,0,1,0,0,0,0,0,0,0,0,0,0,0,1,0,1,0,0,0,0,1,0,0,0,0,0,0,2,0,0,0,0,0,0,0,0,0,0,0,0,0,0,1,0,0,0,0,0,0,0,0,0,0,0,0,0,0,0,0,2,0,0,0,2,0,0,0,0,0,1,0,0,0,0,0,0,0,0,0,2,0,0,0,0,0,0,0,0,2,0,0,0,0,0,0,0,0,0,0,2,0,0,2,0,0,0,0,0,0,0,0,0,0,0,0,0,0,0,0,0,0,0,0,0,0,0,0,0,0,0,0,0,0,0,0,0,0,0,0,0,0,0,0,0,0,81,57