Response ID,Child's gender,Mother's highest educational qualification,Father's highest educational qualification,Overall language exposure - French,Overall language exposure - English,Overall language exposure - Other,Overall language exposure - Other - Text,exp_fra,exp_eng,exp_oth,Home language exposure - French,Home language exposure - English,Home language exposure - Other(s),Home language exposure - Other(s) - Text,Mother native - Selected Choice,Mother native - Other(s) - Text,Mother's proficiency - French,Mother's proficiency - English,Mother's proficiency - Other,Mother's proficiency - Other - Text,Mother's child language,Father native - Selected Choice,Father native - Other(s) - Text,Father's proficiency - French,Father's proficiency - English,Father's proficiency - Other,Father's proficiency - Other - Text,Father's child language,Birth order - Selected Choice,Birth order - Other - Text,birth_order,Nursery start age - Age in months,Nursery language,Immersion - months,Sounds - aïe,Sounds - bêê-bêê (mouton),Sounds - cocorico (coq),Sounds - coin-coin (canard),Sounds - grrrr (grognement),Sounds - meuh (vache),Sounds - miam-miam,Sounds - miaou (chat),Sounds - oh oh,Sounds - ouaf-ouaf (chien),Sounds - tchou-tchou (train),Sounds - vroum (voiture),Animals - abeille,Animals - agneau,Animals - âne,Animals - animal,Animals - araignée,Animals - bébé chat,Animals - bébé chien,Animals - canard,Animals - cerf,Animals - chat,Animals - cheval,Animals - chien,Animals - cochon,Animals - dindon,Animals - écureuil,Animals - éléphant,Animals - girafe,Animals - grenouille,Animals - hibou,Animals - lapin,Animals - lion,Animals - mouton,Animals - oie,Animals - oiseau,Animals - ours,Animals - papillon,Animals - pingouin,Animals - poisson,Animals - poney,Animals - poule,Animals - singe,Animals - souris,Animals - tigre,Animals - tortue,Animals - vache,Vehicles - avion,Vehicles - bateau,Vehicles - bus,Vehicles - camion,Vehicles - camion de pompier,Vehicles - moto,Vehicles - poussette,Vehicles - train,Vehicles - vélo,Vehicles - voiture,Toys - balle,Toys - ballon (de baudruche),Toys - bulles,Toys - cube,Toys - jouet,Toys - livre,Toys - nounours,Toys - poupée,Toys - stylo,Food and Drink - banane,Food and Drink - beurre,Food and Drink - boisson,Food and Drink - bonbons,Food and Drink - café,Food and Drink - carotte,Food and Drink - céréales,Food and Drink - confiture,Food and Drink - eau,Food and Drink - frites,Food and Drink - fromage,Food and Drink - gâteau,Food and Drink - glace,Food and Drink - jus de fruit,Food and Drink - lait,Food and Drink - nourriture,Food and Drink - oeuf,Food and Drink - orange,Food and Drink - pain,Food and Drink - pâtes / spaghetti,Food and Drink - petits pois,Food and Drink - petits gâteaux,Food and Drink - pizza,Food and Drink - poisson,Food and Drink - pomme,Food and Drink - poulet,Food and Drink - tartine,Food and Drink - thé,Food and Drink - viande,Body Parts - bouche,Body Parts - bras,Body Parts - cheveux,Body Parts - dent,Body Parts - doigt,Body Parts - doigt de pied,Body Parts - figure,Body Parts - genou,Body Parts - jambe,Body Parts - joue,Body Parts - langue,Body Parts - main,Body Parts - nez,Body Parts - nombril,Body Parts - ongle,Body Parts - oreille,Body Parts - pied,Body Parts - tête,Body Parts - ventre,Body Parts - yeux,Clothes - bavoir/bavette,Clothes - bottes,Clothes - boutons,Clothes - chapeau,Clothes - chaussettes,Clothes - chaussure,Clothes - chemise,Clothes - collier,Clothes - couche,Clothes - fermeture éclair,Clothes - jeans,Clothes - lunettes,Clothes - manteau,Clothes - pantalon,Clothes - pull / sweat,Clothes - pyjama,Clothes - robe,Clothes - short,Clothes - veste,Furniture and Rooms - baignoire,Furniture and Rooms - berceau,Furniture and Rooms - canapé,Furniture and Rooms - chaise,Furniture and Rooms - chaise haute,Furniture and Rooms - chambre,Furniture and Rooms - cuisine,Furniture and Rooms - cuisinière,Furniture and Rooms - escalier,Furniture and Rooms - évier,Furniture and Rooms - fenêtre,Furniture and Rooms - frigo,Furniture and Rooms - garage,Furniture and Rooms - lit,Furniture and Rooms - parc,Furniture and Rooms - porte,Furniture and Rooms - pot,Furniture and Rooms - rocking chair / chaise à bascule,Furniture and Rooms - salle de bain,Furniture and Rooms - salon,Furniture and Rooms - table,Furniture and Rooms - télé,Furniture and Rooms - tiroir,Outside - arbre,Outside - balançoire,Outside - caillou,Outside - ciel,Outside - eau,Outside - école,Outside - église,Outside - étoile,Outside - fête,Outside - fleur,Outside - herbe,Outside - jardin,Outside - lune,Outside - magasin,Outside - maison,Outside - mur,Outside - neige,Outside - pelle,Outside - piscine,Outside - plage,Outside - pluie,Outside - seau,Outside - soleil,Outside - toboggan,Outside - travail,Outside - vent,Outside - zoo,Household items - argent,Household items - aspirateur,Household items - assiette,Household items - balai,Household items - boîte,Household items - bol,Household items - bouteille,Household items - brosse,Household items - brosse à dent,Household items - ciseaux,Household items - clefs,Household items - couteau,Household items - couverture,Household items - cruche / pot à eau / pichet,Household items - cuillère,Household items - fourchette,Household items - horloge,Household items - lampe,Household items - lumière,Household items - marteau,Household items - médicaments,Household items - montre,Household items - oreiller,Household items - panier,Household items - papier,Household items - peigne,Household items - photo,Household items - plante,Household items - plat,Household items - porte-monnaie,Household items - poubelle,Household items - radio,Household items - savon,Household items - serviette,Household items - sous / pièces,Household items - sucette,Household items - tasse,Household items - téléphone,Household items - verre,"People - ami / e, copain / copine",People - bébé,People - dame,People - docteur,People - enfant,People - fille,People - frère,People - garçon,People - gens,People - grand-mère,People - grand-père,People - maître / sse,People - maman,People - monsieur,People - nounou,People - oncle,People - papa,People - personne,People - police,People - soeur,People - tante,Games and Routines - attends,Games and Routines - au revoir,Games and Routines - bain,Games and Routines - bonjour,Games and Routines - bonne nuit,Games and Routines - chut,Games and Routines - coucou,Games and Routines - déjeuner,Games and Routines - dîner,Games and Routines - goûter,Games and Routines - je vais t'attraper,Games and Routines - merci,Games and Routines - ne fais pas,Games and Routines - non,Games and Routines - oui,Games and Routines - petit déjeuner,Games and Routines - s'il te plaît,Games and Routines - salut,Games and Routines - sieste,Games and Routines - veux,Action Words - aider,Action Words - aimer,Action Words - aimer bien,Action Words - aller,Action Words - appeler,Action Words - apporter,Action Words - arrêter,Action Words - attraper,Action Words - avoir,Action Words - balancer,Action Words - boire,Action Words - caliner (faire un calin),Action Words - casser,Action Words - chanter,Action Words - chasser,Action Words - chatouiller,Action Words - conduire,Action Words - couper,Action Words - courir,Action Words - danser,Action Words - dessiner,Action Words - dire,Action Words - donner,Action Words - donner un coup (de pied),Action Words - dormir,Action Words - éclabousser,Action Words - écrire,Action Words - entendre,Action Words - essuyer,Action Words - faire,Action Words - faire du vélo / moto,Action Words - faire un bisou,Action Words - fermer,Action Words - finir,Action Words - gratter,Action Words - jeter,Action Words - jouer,Action Words - laisser tomber,Action Words - laver,Action Words - lire,Action Words - manger,Action Words - marcher,Action Words - mettre,Action Words - montrer,Action Words - mordre,Action Words - nager,Action Words - nettoyer,Action Words - nourrir,Action Words - ouvrir,Action Words - partager,Action Words - pleurer,Action Words - porter,Action Words - pousser,Action Words - prendre,Action Words - prendre dan ses bras,Action Words - recevoir,Action Words - regarder,Action Words - s'asseoir,Action Words - sauter,Action Words - savoir,Action Words - se cogner,Action Words - se dépêcher,Action Words - sentir,Action Words - souffler,Action Words - sourire,Action Words - taper,Action Words - tirer,Action Words - tomber,Action Words - trouver,Action Words - voir,Descriptive Words - attention,Descriptive Words - avoir faim,Descriptive Words - avoir peur,Descriptive Words - avoir soif,Descriptive Words - avoir sommeil,Descriptive Words - beau / belle,Descriptive Words - bien,Descriptive Words - blessé,Descriptive Words - bleu,Descriptive Words - bon / ne,Descriptive Words - cassé,Descriptive Words - chaud / e,Descriptive Words - content / te,Descriptive Words - doux/ce,Descriptive Words - dur,Descriptive Words - endormi,Descriptive Words - fatigué,Descriptive Words - fini ! / c'est fini ! / c'est parti !,Descriptive Words - froid,Descriptive Words - gentil / le,Descriptive Words - grand,Descriptive Words - jaune,Descriptive Words - ma / mon / mes,Descriptive Words - malade,Descriptive Words - méchant / e,Descriptive Words - mouillé,Descriptive Words - pas bon / pas bien / mal,Descriptive Words - petit / e,Descriptive Words - propre,Descriptive Words - rouge,Descriptive Words - sale,Descriptive Words - sec / che,Descriptive Words - sombre,Descriptive Words - tendre,Descriptive Words - triste,Descriptive Words - vert,Descriptive Words - vide,Descriptive Words - vieux / vielle,Descriptive Words - vilain / e,Descriptive Words - vite,Descriptive Words - à lui / son,Descriptive Words - à elle / sa,Descriptive Words - votre / ta / ton,Question words - comment,Question words - où,Question words - pourquoi,Question words - quand,Question words - qui,Question words - quoi,Time - aujord'hui,Time - ce soir,Time - demain,Time - jour,Time - maintenant,Time - matin,Time - nuit,Time - plus tard / tout à l'heure,Pronouns and Possessives - à moi,Pronouns and Possessives - ça / il,Pronouns and Possessives - ceux,Pronouns and Possessives - je,Pronouns and Possessives - moi,Pronouns and Possessives - notre,Pronouns and Possessives - vous/tu,Prepositions and Location Words - dans,Prepositions and Location Words - de,Prepositions and Location Words - dedans,Prepositions and Location Words - dehors,Prepositions and Location Words - derrière,Prepositions and Location Words - en bas,Prepositions and Location Words - en haut,Prepositions and Location Words - là-bas,Prepositions and Location Words - loin,Prepositions and Location Words - sous,Prepositions and Location Words - sur,Quantifiers - aucun / ne,Quantifiers - autre,Quantifiers - encore,Quantifiers - le / la même,Quantifiers - pas,Quantifiers - plus,Quantifiers - tous / tout,Quantifiers - un autre,Quantifiers - un peu,ParticipantID,shortPID,age_days,age_months,Recorded.Year,country
R_3nBjg6JbVrOzpW4,Male,University degree or equivalent,University degree or equivalent,30,70,0,NA,French;30;,English;70;,,30,70,0,NA,English,NA,2,10,NA,NA,I always (or almost always) speak English to my child,French,NA,10,9,NA,NA,I always (or almost always) speak French to my child,First,NA,1,NA,NA,2,C,C,C,C,C,C,C,C,C/D,C,C/D,C,Non,Non,Non,C/D,C,C,C,C/D,C,C/D,C,C,C,Non,C,C/D,Non,Non,C/D,C/D,C/D,C/D,Non,C/D,C,C,C,C,Non,Non,C,C/D,C,C,C,C,C,C/D,C/D,C/D,C,Non,C/D,Non,C/D,Non,C,Non,Non,C,C,C,Non,Non,C/D,C,C,Non,Non,C/D,C,C,C/D,C,C,C/D,C,C,C/D,C,C,C/D,C/D,C/D,Non,C,C/D,C,C/D,C,C/D,C,C/D,C,C,C,C,C,Non,Non,Non,C,C,Non,C,C,C,C,C,C,C,C/D,C,Non,C,C/D,C/D,C/D,C,Non,Non,C,Non,C,C,C,C,C,C/D,C,C/D,C,C,Non,Non,C,C,Non,C,Non,C,C,C/D,Non,Non,C/D,C,C,C,Non,C,C,C,C,C/D,C,C,C,C,C,C,Non,Non,C/D,Non,Non,C/D,Non,C,C,C,C/D,Non,Non,Non,C,Non,C,Non,C,C,C,Non,Non,Non,C/D,Non,Non,Non,Non,C,Non,Non,Non,C,Non,C,C,Non,Non,Non,Non,Non,Non,C,Non,Non,Non,Non,C,C,Non,C/D,Non,Non,C,Non,Non,Non,C,Non,C,C,C,C,C,C/D,C,C,Non,C/D,C/D,Non,C/D,Non,Non,C,C/D,C,C/D,C,C,C,C/D,C/D,C/D,C,C,C,C/D,C/D,C,C,C/D,C,C/D,C/D,C/D,C/D,C,C/D,C,C,C,Non,C/D,C,C,C,C,C,C,C,C,C,C,Non,C,Non,C,C,C/D,C/D,C,C,C,C/D,Non,Non,C,C,C,Non,C/D,C/D,C,C/D,C,C,Non,C,C,C,Non,C,C,C,NA,NA,Non,C/D,C,C,C,C,C,C,C,C,C,C,Non,Non,C,C,C,C,C,C,C,C,C,C,C,C,C/D,C,C,Non,C,Non,C,C,C,C,C,C,C,C/D,C,C/D,C/D,Non,Non,C,C,C/D,C/D,C/D,C,C,Non,Non,Non,Non,Non,C,Non,Non,Non,C,C,C,C,C,C,C,C,C,C,C,C/D,C,C,C,C,C,C,C,C,C/D,Non,C,C/D,C,C,C,Non,C,C/D,C,C,C,C,C,C,C,Non,C,Non,Non,Non,C,Non,C,C,R_3nBjg6JbVrOzpW4,R_3nBjg6JbVrOzpW4,1324,44.13333333,2020,gb
R_3m1WInFf2dMRAmM,Female,University degree or equivalent,University degree or equivalent,40,60,0,NA,French;40;,English;60;,,60,40,0,NA,French,NA,10,9,NA,NA,I always (or almost always) speak French to my child,Other(s),Lithuanian,1,9,10,Lithuanian,I regularly speak a mix of French / English / other languages to my child,First,NA,1,12,Always (or almost always) English,NA,C/D,C/D,C/D,C/D,C/D,C/D,C/D,C/D,C/D,C/D,C/D,C/D,C/D,Non,C/D,C/D,C/D,C/D,C/D,C/D,C/D,C/D,C/D,C/D,C/D,C/D,C/D,C/D,C/D,C/D,C/D,C/D,C/D,C/D,C/D,C/D,C/D,C/D,C/D,C/D,C/D,C/D,C/D,C/D,C/D,C/D,C/D,C/D,C/D,C/D,C/D,C/D,C/D,C/D,C/D,C/D,C/D,C/D,C/D,C/D,C/D,C/D,C/D,C/D,C/D,C/D,C/D,C/D,Non,C/D,C/D,C/D,Non,Non,C/D,Non,C/D,C/D,C/D,C/D,C/D,Non,C/D,C/D,C/D,C/D,Non,C/D,C/D,C/D,C/D,C/D,C/D,C/D,C/D,C/D,C/D,C/D,C/D,C/D,C/D,Non,C/D,C/D,C/D,C/D,C/D,C/D,C/D,C/D,C/D,C/D,C/D,C/D,C/D,C/D,C/D,C/D,C/D,C/D,C/D,C,C,C/D,C/D,C,C/D,C/D,C/D,C/D,C/D,C/D,C/D,C,C/D,Non,C/D,C/D,C/D,C/D,C/D,Non,C/D,Non,C/D,C/D,Non,C/D,C/D,C/D,C/D,Non,C/D,C/D,C/D,C/D,C,C/D,C/D,C/D,C/D,C/D,Non,Non,C/D,Non,C/D,C/D,C/D,C/D,C/D,C/D,C/D,C/D,C/D,C/D,C/D,C/D,C/D,C/D,C/D,C/D,C/D,Non,Non,C/D,C/D,C/D,C/D,C/D,C/D,C/D,C/D,C/D,C/D,C/D,C/D,C,C/D,C/D,Non,C,C/D,Non,C/D,C/D,C/D,C/D,C/D,Non,C/D,C/D,Non,Non,C/D,Non,Non,C/D,Non,C,C/D,C/D,C/D,C/D,C/D,C/D,C/D,Non,C/D,Non,C/D,C,Non,Non,Non,C/D,C/D,Non,Non,C/D,C,C,Non,Non,C/D,C/D,C/D,C/D,C/D,C/D,C/D,C/D,C/D,C/D,C/D,C/D,C/D,C/D,C/D,C/D,C/D,Non,C,C,C/D,C/D,C/D,C/D,C/D,C/D,C,C/D,C/D,Non,C/D,C/D,C/D,C/D,Non,C/D,Non,C/D,C/D,C/D,C/D,C/D,C/D,Non,C/D,Non,Non,C/D,C/D,C/D,C/D,C/D,C/D,C/D,Non,C/D,C/D,C,C/D,C/D,C/D,C/D,C/D,C,Non,NA,NA,C,C/D,C,C/D,C,C,C/D,C/D,Non,C/D,C/D,C/D,C,C,C,Non,C/D,C,C/D,C,C/D,C/D,C,C/D,C/D,C/D,C/D,C/D,C/D,C/D,Non,C/D,C/D,C/D,C/D,C/D,Non,Non,Non,C/D,C/D,C/D,C/D,C,C/D,C,Non,C,C/D,C/D,C/D,C/D,C/D,C/D,C/D,Non,Non,C/D,C/D,C/D,Non,Non,C/D,C,C,C,Non,C,Non,Non,C,C/D,C,C,C,C,C,C,C,C/D,C/D,Non,Non,C,Non,Non,C,C,C,C,C/D,C,C/D,C/D,C/D,Non,Non,C,C,C/D,C/D,C/D,C/D,C/D,C/D,C/D,C/D,BL01UK01FR012,UKFR012,836,27.86666667,2020,gb
R_2yjc7FwkMHY0pjY,Female,University degree or equivalent,Left school at 18 with A-Levels or equivalent,40,60,0,NA,French;40;,English;60;,,50,50,0,NA,French,NA,10,9,NA,NA,I always (or almost always) speak French to my child,English,NA,3,10,0,NA,I always (or almost always) speak English to my child,First,NA,1,10,Always (or almost always) English,0,C,Non,Non,Non,Non,Non,C,Non,Non,Non,Non,Non,Non,Non,Non,Non,Non,Non,Non,Non,Non,C,Non,C,Non,Non,Non,Non,Non,Non,Non,Non,Non,Non,Non,C,Non,Non,Non,Non,Non,Non,Non,Non,Non,Non,Non,Non,Non,Non,Non,Non,Non,C/D,Non,Non,Non,Non,Non,Non,Non,C,Non,Non,Non,Non,C,Non,Non,Non,Non,Non,Non,Non,Non,Non,Non,C,Non,Non,Non,Non,Non,Non,Non,Non,Non,Non,Non,Non,Non,Non,Non,Non,Non,Non,Non,Non,Non,Non,Non,Non,Non,Non,Non,Non,Non,Non,Non,Non,Non,Non,Non,Non,Non,Non,Non,Non,Non,Non,Non,Non,Non,Non,Non,Non,Non,Non,Non,Non,Non,Non,Non,Non,Non,Non,Non,Non,C,Non,Non,Non,Non,Non,Non,Non,Non,Non,Non,Non,Non,Non,Non,Non,Non,Non,Non,Non,Non,Non,Non,Non,Non,Non,Non,Non,Non,Non,C,Non,Non,Non,Non,Non,Non,C,Non,Non,Non,Non,Non,Non,Non,Non,Non,Non,Non,Non,Non,Non,Non,Non,Non,Non,Non,Non,Non,Non,C,Non,Non,Non,Non,Non,Non,Non,Non,Non,Non,Non,Non,Non,Non,Non,Non,Non,Non,Non,Non,Non,Non,C,Non,Non,Non,Non,Non,Non,Non,Non,Non,Non,C,C,Non,C/D,Non,Non,Non,Non,Non,Non,Non,C,C,C,C,C,C,Non,C,C,C,Non,Non,C,Non,C,Non,C,Non,C,Non,Non,Non,Non,Non,Non,Non,Non,Non,Non,Non,Non,Non,Non,Non,Non,Non,Non,Non,Non,Non,Non,Non,Non,C,Non,Non,Non,Non,Non,Non,Non,Non,C,Non,Non,Non,Non,Non,Non,Non,Non,Non,Non,Non,Non,Non,NA,NA,C,Non,Non,Non,Non,Non,Non,Non,Non,Non,Non,Non,Non,Non,Non,Non,Non,Non,C,Non,Non,Non,Non,Non,C,Non,C,C,C,Non,Non,Non,Non,Non,C,Non,Non,Non,Non,C,Non,Non,C,Non,Non,Non,Non,Non,Non,Non,Non,Non,Non,Non,Non,Non,Non,Non,Non,Non,Non,Non,Non,Non,Non,Non,Non,Non,Non,Non,Non,Non,Non,Non,Non,Non,Non,Non,Non,Non,Non,Non,Non,Non,Non,Non,Non,Non,Non,Non,Non,Non,Non,Non,Non,Non,Non,Non,Non,Non,Non,Non,Non,Non,Non,Non,Non,BL01UK01FR013,UKFR013,464,15.46666667,2020,gb
R_1C0UzgGl6mY4UjD,Female,University degree or equivalent,Left school at 18 with A-Levels or equivalent,45,50,5,Creole,French;45;,English;50;,Creole;5;,90,5,5,Creole,French,NA,10,8,10,Créole ,I always (or almost always) speak French to my child,French,NA,10,8,10,Créole ,I always (or almost always) speak French to my child,First,NA,1,10,Always (or almost always) English,5,C/D,C/D,C/D,C/D,C/D,Non,C/D,Non,C/D,Non,C/D,C/D,Non,Non,C,C/D,C/D,C/D,C/D,C/D,Non,C/D,C/D,C/D,C/D,Non,C/D,C/D,C/D,C/D,C,C/D,C/D,C/D,Non,C/D,C,C/D,C,C/D,Non,C/D,C/D,C/D,C/D,C/D,C/D,C/D,C/D,C/D,C/D,C,C/D,C/D,C/D,C/D,C/D,C,C/D,C/D,C,C/D,C/D,C/D,C/D,C/D,C/D,C,C,C/D,C/D,C/D,C/D,C,C/D,C/D,C/D,C/D,C/D,C/D,C/D,Non,C,C/D,C/D,C/D,Non,C,C/D,C/D,C/D,C/D,C,C/D,C,C/D,C/D,C/D,C/D,C/D,Non,Non,C/D,C/D,C/D,C/D,C/D,C/D,C/D,C/D,C/D,C/D,C/D,C/D,C/D,C,C/D,C/D,C/D,C/D,C/D,C,C,C/D,C,Non,C/D,C/D,C/D,C,C/D,C/D,C/D,C,C,Non,C/D,C/D,Non,C/D,C/D,C,C/D,C,C/D,C/D,Non,C/D,C/D,C/D,C/D,Non,C/D,C/D,C/D,C/D,C,C,C,C,C/D,C/D,C/D,C,C/D,C,C/D,C,C,C/D,C/D,C/D,C/D,C,C,C/D,C/D,C/D,C,C/D,C,C/D,C/D,C/D,C/D,C/D,C/D,C/D,C/D,C/D,C/D,C/D,C/D,C/D,C/D,C/D,C/D,Non,C/D,C/D,Non,Non,C/D,C,C/D,C/D,C/D,C,C/D,C/D,C/D,C/D,C,C,C/D,C,C/D,C/D,C,C/D,C,C/D,C,C,C/D,C/D,C/D,C/D,C/D,C,C/D,C,C/D,C/D,Non,C/D,C/D,Non,Non,C/D,Non,C/D,C/D,Non,C/D,C/D,C/D,C/D,C,C/D,C/D,C,C,C,C/D,C/D,C/D,C/D,C/D,C/D,C/D,C,C,C/D,C/D,C/D,C,C/D,C/D,C/D,C/D,C/D,C/D,C,C/D,C/D,C/D,C/D,C,C/D,C/D,C/D,C/D,C/D,C/D,C/D,C/D,C,C/D,C,C/D,C/D,C/D,C/D,C/D,C/D,C/D,C/D,C/D,C/D,C/D,C,C/D,C/D,C/D,C/D,C/D,C,C/D,NA,NA,C/D,C/D,C/D,C/D,C/D,C/D,C/D,C,Non,C/D,C/D,C/D,Non,C/D,C/D,C/D,C/D,C/D,C/D,C,C/D,C/D,C/D,C/D,C,C/D,C/D,C,C/D,C/D,C,C/D,C/D,C/D,C/D,C/D,C,C,C,C/D,C/D,C/D,C/D,C/D,C,C,C/D,C,C/D,C/D,C/D,C/D,C,C/D,C,Non,Non,C,C,C,C,Non,C/D,C/D,C/D,C/D,C/D,C/D,C/D,C/D,C,C/D,C,C/D,C/D,C/D,C/D,C/D,C/D,C/D,C/D,C/D,C,C/D,C/D,C,C/D,C/D,C/D,C,C,C/D,C/D,C/D,C,C,C/D,C/D,Non,C/D,C/D,C/D,C/D,C,C,C/D,C/D,R_1C0UzgGl6mY4UjD,R_1C0UzgGl6mY4UjD,994,33.13333333,2020,gb
R_dmzo8A1i04Jl6YF,Male,University degree or equivalent,University degree or equivalent,50,50,0,NA,French;50;,English;50;,,60,40,0,NA,French,NA,10,7,0,NA,I always (or almost always) speak French to my child,English,NA,5,10,NA,NA,I always (or almost always) speak English to my child,Second,NA,2,9,Always (or almost always) English,1,C,C,C,C,C,C,C,C,C,C,C,C,Non,C,C,C,C,C,C,C,C,C,C,C/D,C,C,C,C,C,C,C,C,C,C,C,C,C,C,C,C,C,C,C,C,C,C,C,C,C,C,C,C,C,C,C,C,C,C,C,C,C,C,C,C,C,Non,C,C,C,Non,Non,C,C,C,C,Non,C,C/D,C/D,C,C,Non,C,C,C,C,C,C,C,C,C/D,C,C,Non,Non,Non,C,C,C/D,C,C,Non,C,C,C,C/D,C/D,C/D,C,C,C,C,C,C,C/D,Non,C,Non,Non,Non,C,Non,Non,C,Non,Non,Non,C,Non,Non,C,Non,Non,Non,C,C,C,C,C,C,C,Non,C,Non,C,C,C,C,C,C,C,Non,C,C,C,C,Non,C,C,C,C,C,C,Non,C,Non,C,C,C,C,C,C,Non,Non,Non,C/D,C,C,Non,C,C,C/D,C,C,Non,C,C,Non,C,C,C,C,C/D,C,C,C,C,C,C,C,Non,Non,Non,C,Non,Non,C,Non,C,C,C,C,C,C,C,C,C,C,C,Non,Non,C,C,Non,C,Non,Non,Non,C,C,C,C,C,C,Non,C,C,C,C,C/D,Non,Non,C,C,C,C,C,C,C,C/D,C/D,C,C,C,C,C,C,C/D,C/D,Non,C,C,C,C,Non,C,C,C,C,Non,C,C,C,C,C,C,Non,C,C,C,C,C,C,C,C,Non,C,C,C,C,Non,C,Non,Non,C,C,C,Non,Non,Non,C,C,C,Non,C,C,C/D,C,C,NA,NA,C,C,C,C,Non,Non,Non,Non,Non,C,C,Non,Non,Non,Non,Non,Non,Non,C,C,C,C,C,C/D,C,Non,C,C,C,C,Non,Non,Non,Non,C/D,Non,Non,Non,Non,C,C,C,C,C,C,Non,Non,Non,C,C,Non,C,C/D,Non,Non,Non,Non,Non,Non,Non,Non,Non,C,Non,Non,Non,Non,Non,Non,Non,Non,Non,Non,Non,Non,Non,Non,Non,Non,C,C,C,Non,C,C/D,Non,C,C,Non,C,C,C,C,Non,Non,Non,C,C,C,C,C/D,C,C/D,C,C,C,C,BL01UK01FR001,UKFR001,487,16.23333333,2020,gb
R_1diQe0tuTovAo5p,Male,University degree or equivalent,University degree or equivalent,15,85,0,NA,French;15;,English;85;,,10,90,0,NA,English,NA,2,10,NA,NA,I always (or almost always) speak English to my child,Bilingual French and English,NA,9,10,7,Portuguese ,I regularly speak both French and English to my child,First,NA,1,10,Always (or almost always) English,2,Non,Non,Non,Non,Non,Non,Non,Non,Non,Non,Non,Non,Non,Non,Non,C/D,Non,Non,Non,C,Non,C,Non,Non,Non,Non,Non,Non,Non,C,Non,Non,C/D,Non,Non,Non,Non,Non,Non,C,Non,Non,C,Non,Non,Non,Non,C,Non,C/D,Non,C,Non,Non,Non,Non,Non,Non,Non,Non,Non,Non,Non,Non,Non,Non,Non,Non,Non,Non,Non,Non,Non,Non,Non,Non,Non,Non,Non,Non,Non,Non,Non,C,Non,Non,Non,Non,C,C,Non,Non,Non,Non,Non,Non,Non,Non,Non,Non,Non,Non,Non,Non,Non,Non,Non,Non,Non,Non,Non,Non,Non,Non,Non,Non,Non,Non,Non,Non,Non,Non,Non,Non,Non,Non,Non,Non,Non,Non,Non,Non,Non,Non,Non,Non,Non,Non,Non,Non,Non,Non,Non,Non,Non,Non,Non,Non,Non,Non,Non,Non,Non,Non,Non,Non,Non,Non,Non,Non,Non,Non,Non,Non,Non,Non,Non,Non,Non,Non,Non,Non,Non,Non,Non,Non,Non,Non,Non,Non,Non,Non,Non,Non,Non,Non,Non,Non,Non,Non,Non,Non,Non,Non,Non,Non,Non,Non,Non,Non,Non,Non,Non,Non,Non,Non,Non,Non,Non,Non,Non,Non,Non,Non,Non,Non,Non,Non,Non,Non,Non,Non,Non,C,C,Non,Non,Non,Non,Non,Non,Non,Non,Non,Non,Non,Non,Non,Non,Non,Non,Non,Non,Non,Non,Non,Non,C/D,Non,Non,Non,Non,Non,Non,Non,Non,Non,C/D,Non,Non,Non,Non,Non,Non,Non,Non,Non,Non,Non,Non,Non,Non,Non,Non,Non,Non,Non,Non,Non,Non,Non,Non,Non,Non,Non,Non,Non,Non,Non,Non,Non,Non,Non,Non,Non,Non,Non,Non,Non,Non,Non,Non,Non,Non,Non,Non,Non,Non,Non,NA,NA,Non,Non,Non,Non,Non,Non,Non,Non,Non,Non,Non,Non,Non,Non,Non,Non,Non,Non,Non,Non,Non,Non,Non,Non,Non,Non,Non,Non,Non,Non,Non,Non,Non,Non,Non,Non,Non,Non,Non,Non,Non,Non,Non,Non,Non,Non,Non,Non,Non,Non,Non,Non,Non,Non,Non,Non,Non,Non,Non,Non,Non,Non,Non,Non,Non,Non,Non,Non,Non,Non,Non,Non,Non,Non,Non,Non,Non,Non,Non,Non,Non,Non,Non,Non,Non,Non,Non,Non,Non,Non,Non,Non,Non,Non,Non,Non,Non,Non,Non,Non,Non,Non,Non,Non,Non,Non,Non,BL01UK01FR002,UKFR002,672,22.4,2020,gb
R_3ISigQ4RUSzbO6g,Male,University degree or equivalent,University degree or equivalent,20,80,0,NA,French;20;,English;80;,,50,50,0,NA,French,NA,10,9,NA,NA,I always (or almost always) speak French to my child,English,NA,3,10,NA,NA,I always (or almost always) speak English to my child,First,NA,1,3,Always (or almost always) English,14,C/D,C/D,C/D,C/D,C/D,C/D,C/D,C/D,C/D,C/D,C/D,C/D,C/D,Non,C,C/D,C/D,C/D,C/D,C/D,Non,C/D,C/D,C/D,C/D,Non,C/D,C/D,C/D,C/D,C/D,C/D,C/D,C,C,C/D,C/D,C,C/D,C/D,C,C/D,C/D,C/D,C/D,C/D,C/D,C/D,C/D,C/D,C/D,C/D,C/D,C/D,C/D,C/D,C/D,C/D,C/D,C/D,Non,C,C/D,C,Non,C,C/D,C/D,C,Non,C/D,C/D,C/D,C/D,C/D,C/D,C/D,C/D,C/D,C/D,C/D,C,C/D,C/D,C/D,C/D,Non,C/D,C/D,C/D,C/D,C/D,C/D,C/D,C/D,C/D,C/D,C/D,C/D,C/D,C,C,C/D,C/D,C,C/D,C/D,C/D,C/D,C,C,C/D,C/D,C/D,C/D,C,C/D,C/D,C/D,C/D,C/D,C/D,C/D,C/D,C,C,C/D,C/D,C/D,C,C/D,Non,C,C/D,C,Non,C,C/D,Non,C/D,C/D,Non,C/D,C,C/D,C/D,C/D,C/D,C/D,C/D,C/D,Non,C,C,C/D,C/D,C,C/D,C,C/D,C/D,C/D,C,C,C/D,C,C/D,C/D,C/D,C/D,C,C/D,C,C/D,C/D,C/D,C/D,C/D,C,C/D,C/D,C/D,C/D,C/D,C,C/D,C/D,C,C,C/D,C/D,C/D,C,C/D,C,C/D,C/D,Non,C/D,C/D,C,C/D,C/D,C/D,C,Non,Non,C,C/D,Non,C/D,C/D,C,Non,C/D,C/D,C/D,C,C,Non,C,C/D,C,C,C/D,C/D,C/D,C/D,C/D,C/D,C/D,C/D,C/D,C/D,Non,C/D,C/D,Non,C,C/D,C,C/D,C/D,C,C/D,C/D,C/D,C,C/D,C,C/D,C,C,C/D,C/D,C/D,C,C/D,C/D,C,C/D,C/D,C,C,C/D,C/D,C,C,C,C/D,C,C/D,C/D,C,C,C/D,C/D,C,C,C/D,C/D,C/D,C,C/D,C,C,C,C,C/D,Non,C,C,C,C,C/D,C/D,C,C/D,C,Non,C/D,C,C,C,C/D,C,C/D,C,Non,NA,NA,C,C,C,C,C,C,C/D,C,Non,C,C/D,C,C,Non,C,Non,C,C,C/D,C,C/D,C/D,C,C/D,C,C/D,C,C,C,C,C,C/D,C,C/D,C/D,C,C,C,C,C/D,C/D,C/D,C,C,C/D,C/D,C,C,C/D,C,C/D,C/D,C/D,C/D,C,C,C,C,C/D,C,C,C,C/D,C,C,C,C,C,C/D,C,C,C,C,C,C,C,C,C,C,C,C/D,C/D,Non,C,C/D,Non,C/D,C/D,C,C,C/D,C,C/D,C/D,C/D,C,C,C,C,C/D,C/D,C,C,C,C,C,C,R_3ISigQ4RUSzbO6g,R_3ISigQ4RUSzbO6g,1085,36.16666667,2020,gb
R_1jK9a6mwGLXfb6q,Male,University degree or equivalent,University degree or equivalent,50,45,5,Arabic,French;50;,English;45;,Arabic;5;,85,10,5,Arabic,French,NA,10,6,NA,NA,I always (or almost always) speak French to my child,Other(s),Arabic,7,9,10,Arabic,I regularly speak a mix of French / English / other languages to my child,Third,NA,3,27,Both French and English regularly,1,C/D,C/D,C/D,C/D,Non,C/D,C/D,C/D,Non,C/D,C/D,C/D,Non,Non,Non,C,Non,C/D,C/D,C/D,Non,C/D,C,C/D,C,C,C/D,C,C,C,Non,C,C,C,Non,C,C/D,C,C,C/D,Non,C,C,Non,C,C,C/D,C/D,C/D,C/D,C,C,C/D,C/D,C/D,C/D,C/D,C/D,C/D,C/D,C/D,C/D,C/D,C/D,C/D,C/D,C/D,C/D,C/D,C/D,C/D,C/D,C,C,C/D,C/D,C/D,C/D,C/D,C/D,C/D,C,C/D,C/D,C/D,C/D,Non,C/D,C/D,C/D,C/D,C/D,C/D,Non,C/D,C/D,C/D,C/D,C/D,C/D,C,C/D,C,C/D,C,C/D,C,C/D,C,C,C/D,C/D,C/D,C/D,C/D,C/D,C/D,C,C/D,C/D,C/D,C,C,C/D,Non,Non,C/D,C/D,C/D,Non,C/D,C,C,C,C/D,Non,C/D,C,Non,C/D,C/D,Non,C/D,C,C/D,C,Non,C/D,C/D,C/D,Non,Non,C/D,C/D,C/D,C/D,C,C/D,C,C,C,C/D,C/D,Non,C,Non,C,C,C,C,C,C,C,Non,Non,Non,Non,C,Non,C,C,C,Non,C,Non,C/D,C/D,C,C,C,C/D,C,C/D,C,C,C,C,Non,C/D,Non,C/D,C,C,Non,C,C,C/D,Non,C,C,C,C,C,C,C/D,Non,C/D,C/D,C,C,C,C,C/D,C,C,C,C/D,C,C/D,C,C,C,C/D,C/D,C,C/D,C/D,Non,C/D,C/D,C,C/D,C,C/D,C/D,C/D,C/D,C/D,C/D,C/D,C/D,C,C,C/D,C/D,C/D,C,C/D,C/D,C/D,C/D,C/D,C/D,C/D,C/D,C/D,C,C,C,C,C,C,C,Non,C/D,C/D,C/D,C,Non,C,C,C,C,C,C,C,C,C,C/D,Non,C,C,C,C,C,C/D,C/D,C/D,C/D,C/D,C/D,C,C/D,C/D,C/D,C/D,C,C,C,NA,NA,Non,C,C,C/D,C/D,C/D,C,C,Non,C,C/D,C,C,C,C,C,C/D,C,C,C,C,C,C,C/D,C/D,C/D,C/D,C/D,C/D,C/D,C,C/D,C/D,C/D,Non,Non,C,C,C/D,C,C/D,C/D,C/D,C/D,C,C/D,C,C/D,C/D,C/D,C/D,C/D,C/D,C/D,C,Non,Non,C/D,C/D,Non,Non,Non,C,C,C,C,C,C,C,C,C,C,C,C,C/D,C,C,C,C/D,C/D,C/D,C,Non,C/D,C/D,C,C,C,C,C/D,C/D,C/D,C,C,C/D,C/D,C,C,Non,Non,C/D,C/D,C/D,C/D,C/D,C/D,C,BL01UK01FR003,UKFR003,834,27.8,2020,gb
R_2S2KSE9VKLOoD22,Male,University degree or equivalent,University degree or equivalent,50,50,0,NA,French;50;,English;50;,,80,20,0,NA,Bilingual French and English,NA,10,10,8,Spanish,I always (or almost always) speak French to my child,French,NA,10,10,7,German,I always (or almost always) speak French to my child,Third,NA,3,5,Always (or almost always) English,NA,C/D,C,C,C/D,C,C,C,C/D,C/D,C/D,C/D,C,C/D,Non,Non,C,C,C,C,C/D,C,C/D,C/D,C/D,C,Non,C,C,C,C,C,C/D,C,C,C,C,Non,C,Non,C,Non,Non,C,C,Non,C/D,Non,C/D,C,C,C,C,C,C/D,C,C/D,C/D,C,C,C,Non,Non,C,C/D,C/D,C/D,C/D,C,Non,Non,C,C,C,C,C/D,Non,C,C,C,Non,C,Non,C,Non,C/D,C/D,Non,Non,C/D,C,C/D,C,Non,Non,Non,C,C,C,C,C,Non,Non,Non,C,C,C,C/D,C,C,C,C,C,C,C,C,C,C/D,C,C,C,C,C,C,C/D,C,Non,C,C,C,C,C,C,C,C,Non,Non,C,C,C,C,C,Non,C,Non,C,C,Non,C,C,C/D,Non,C,C,C,C,C,C,C/D,C,C,C,C/D,C,Non,C,Non,C,C,C,C/D,C,C,C,Non,Non,C,C,C,C,C,C,C,C,C,Non,C,C,C,C,C/D,C,C,C,C,C,C,C,Non,C,C,Non,C,C,Non,Non,Non,C,Non,C/D,Non,C,C,C,C,C,C,C/D,C,Non,C,C,C,C,Non,C/D,Non,C,C,C,C,Non,Non,C,C,Non,C/D,Non,Non,Non,C/D,Non,Non,C,Non,C,C,C/D,Non,C,C/D,C/D,C,C,C,C/D,C,C,C/D,C/D,C,C,C,C,C,C,C,C,C,C,C,C,C/D,C,C,C,C,C,C,C,C,C,C,C,C,C,C,C,C,C,C,Non,C,C,C,C,C,C,C,C,C,C,Non,C,C,C,C,C,C,C,NA,NA,Non,C,C,C,C/D,C,C,C,C,C,C,C,C,C,C,C,C,C,C,C,C,C,C,C,C,Non,C,Non,Non,C,Non,Non,Non,C,Non,Non,Non,Non,Non,C,C,C,C,C,Non,Non,C,Non,C,C,Non,Non,Non,Non,Non,Non,Non,C,Non,Non,Non,Non,C,Non,Non,C,Non,C,Non,Non,C,Non,Non,Non,Non,Non,Non,Non,C,C,C,C,Non,Non,Non,Non,Non,C,C,C,C/D,C,C,C,C,C,C,C,Non,C,C/D,Non,C/D,Non,Non,C/D,Non,BL01UK01FR004,UKFR004,612,20.4,2020,gb
R_2w5HUJmRBtc9Apq,Female,University degree or equivalent,University degree or equivalent,20,80,0,NA,French;20;,English;80;,,20,80,0,NA,English,NA,3,10,NA,NA,I always (or almost always) speak English to my child,Bilingual French and English,NA,10,10,NA,NA,I always (or almost always) speak French to my child,Second,NA,2,12,Always (or almost always) English,NA,C/D,C/D,C/D,C/D,C/D,C/D,C/D,C/D,C/D,C/D,C/D,C/D,C/D,C,C,C/D,C/D,C/D,C/D,C/D,C,C/D,C/D,C/D,C/D,C,C/D,C/D,C/D,C/D,C/D,C/D,C/D,C/D,C,C/D,C/D,C/D,C/D,C/D,C,C/D,C/D,C/D,C/D,C/D,C/D,C/D,C/D,C/D,C/D,C/D,C/D,C/D,C/D,C/D,C/D,C/D,C/D,C/D,C,C/D,C/D,C/D,C/D,C/D,C/D,C,C,C/D,C/D,C/D,C/D,C/D,C/D,C/D,C/D,C/D,C/D,C/D,C/D,Non,C/D,C/D,C,C,Non,C/D,C/D,C/D,C/D,C/D,Non,C,C,C/D,C/D,C/D,C/D,C/D,C/D,C/D,C/D,C/D,Non,C/D,C/D,C/D,Non,Non,C/D,C/D,C/D,C/D,C/D,C/D,C/D,C/D,C,C/D,C/D,C/D,C/D,C/D,Non,C/D,C/D,C/D,C/D,C/D,C/D,C/D,C/D,C/D,C/D,C,C/D,C/D,C/D,C/D,C/D,C/D,C/D,Non,C/D,C,C/D,C/D,C/D,C/D,C,Non,C/D,C/D,C/D,C/D,Non,C/D,C/D,C/D,C,C/D,C/D,C,C/D,Non,C/D,C,C/D,C/D,C/D,C/D,Non,C/D,C,C/D,C,C/D,Non,C/D,C,C/D,C/D,C,C/D,C,C/D,C/D,C/D,C,C/D,C,C/D,C/D,C/D,C/D,C,Non,C/D,C/D,C,C,C/D,C/D,C/D,C/D,Non,C,C,Non,C/D,Non,Non,C/D,C/D,C,C/D,C/D,Non,Non,C/D,C/D,C/D,C/D,C/D,C/D,C/D,C/D,C/D,C/D,C/D,Non,C,C,Non,C/D,C/D,C,Non,C/D,Non,Non,C/D,Non,Non,C/D,C/D,C/D,C/D,C,C/D,C/D,C,C/D,C,C/D,C/D,C/D,C/D,C/D,C/D,C/D,C/D,C/D,C/D,C/D,C,C/D,C,C,C/D,C/D,C,C,C,C/D,C/D,C/D,C,C,C/D,C/D,C/D,C/D,C,C,C,C,C/D,C,C/D,C,Non,C/D,C/D,C/D,C/D,C/D,C,C,C/D,C/D,C/D,C/D,C/D,C/D,C,C/D,C/D,NA,NA,C/D,C/D,C,C/D,C,C/D,C,C,C/D,C/D,C/D,C/D,C,C,C/D,Non,C/D,C/D,C/D,C/D,C/D,C/D,C/D,C/D,C/D,C/D,C/D,Non,C/D,C/D,Non,C/D,C/D,C/D,C/D,C/D,C/D,Non,C,C/D,C/D,C/D,C/D,C/D,Non,C/D,C/D,C/D,C/D,C/D,C/D,C/D,C/D,C/D,C,Non,Non,C/D,C/D,C,C,C/D,C/D,C,C,C,Non,C,C/D,C,C/D,C,C/D,C,C/D,C/D,C/D,C,C,C/D,C/D,Non,Non,C/D,C/D,C,C,C,C,C/D,C/D,C,C/D,C/D,C/D,C,C,C/D,Non,C,C/D,C/D,C/D,C/D,C/D,C/D,C/D,R_2w5HUJmRBtc9Apq,R_2w5HUJmRBtc9Apq,959,31.96666667,2020,gb
R_qCJdjlSTspD8heV,Male,Left school at 18 with A-Levels or equivalent,Left school at 16 with GCSE or equivalent,30,70,0,NA,French;30;,English;70;,,65,35,0,NA,French,NA,10,10,NA,NA,I always (or almost always) speak French to my child,English,NA,3,10,NA,NA,I always (or almost always) speak English to my child,First,NA,1,11,Always (or almost always) English,2,C,C/D,C/D,C/D,C/D,C/D,C,C/D,C/D,C/D,C/D,C/D,C,Non,Non,C,C,C,C,C,Non,C/D,C,C,C,Non,C/D,C,C/D,C/D,C,C,C,C,Non,C/D,C,C/D,C,C/D,Non,C/D,C,C,C,C,C,C/D,C/D,C/D,C,C,C/D,C/D,C/D,C/D,C/D,C,C,C,Non,C,C/D,C/D,C,Non,C/D,C,C,C,C,C/D,C,C,C,C,C,C/D,C,C/D,C/D,Non,C,C/D,C,Non,Non,C/D,C,C/D,C/D,C,C/D,Non,Non,C/D,C,C/D,C/D,C,C,C,C,C,Non,C,C,C/D,C,Non,C,C/D,C/D,C/D,C/D,C,C/D,C,C,C/D,C/D,Non,Non,C/D,Non,Non,C,C,C,C,C/D,Non,C,C,C,Non,C,C,Non,C,C,Non,C,C,C,C,Non,C,C/D,C/D,C,Non,Non,Non,C,C/D,Non,C/D,C,C/D,C,C,Non,Non,C,Non,C,C,C,C,Non,C/D,C,Non,Non,C/D,C,C,C,Non,C,C,C,Non,Non,C,C,C,Non,Non,Non,C,C,C,C,Non,Non,Non,C,C,Non,C,C,C,Non,Non,C,C,Non,Non,C,C,Non,Non,C/D,Non,Non,Non,Non,Non,Non,C,C,Non,C/D,Non,Non,Non,Non,Non,Non,Non,C/D,C/D,Non,C/D,Non,Non,Non,C,Non,Non,Non,Non,C,C,C,C,C,C/D,C/D,C,C,Non,C,C/D,C,C,C,C,C/D,C,C/D,C,C,C,Non,C/D,C,Non,C,Non,C,Non,C,C/D,C/D,C,Non,C,Non,Non,Non,C,Non,C,C,C,C/D,C,Non,C,C,Non,C/D,C/D,C/D,C/D,Non,C/D,C,Non,C,C,C/D,Non,C,C,C,NA,NA,C,C/D,Non,C,Non,C,C,C,Non,C,C,C,Non,Non,Non,C,Non,Non,C,Non,C,Non,Non,C,C,Non,Non,Non,Non,Non,Non,C,C,C/D,C/D,Non,Non,C,C,C,C/D,C,C,Non,C,Non,Non,C,C,C,Non,C/D,C,C/D,Non,Non,Non,Non,C,Non,Non,Non,Non,C,C,C,Non,Non,Non,Non,Non,Non,Non,Non,Non,Non,C,Non,C,C,C,C,Non,C,C,Non,Non,C,Non,C,Non,Non,Non,Non,C,Non,C,C,Non,Non,C,Non,Non,Non,Non,C,Non,R_qCJdjlSTspD8heV,R_qCJdjlSTspD8heV,952,31.73333333,2020,gb
R_6VI4S3rjDrNzdmh,Female,University degree or equivalent,University degree or equivalent,30,70,0,NA,French;30;,English;70;,,40,60,0,NA,Bilingual French and English,NA,9,10,NA,NA,I regularly speak both French and English to my child,English,NA,3,10,NA,NA,I always (or almost always) speak English to my child,First,NA,1,26,Always (or almost always) English,NA,C,Non,Non,C/D,Non,C/D,C/D,C/D,C,C/D,C/D,C/D,C/D,Non,C,C,C/D,C,C,C/D,Non,C/D,C/D,C/D,C/D,Non,C,C/D,C/D,C/D,C/D,C/D,C/D,C/D,Non,C,C/D,C/D,C/D,C/D,Non,C,C/D,C/D,C/D,C,Non,C/D,C/D,C/D,C/D,C,C/D,C/D,C/D,C/D,C/D,C/D,C/D,C/D,Non,C,C,C,C,C,C/D,C,C,C,C/D,C/D,C/D,C/D,C/D,C,C,C/D,C/D,C,C/D,C,C,C/D,C/D,C/D,C,Non,C/D,C/D,C/D,C,C,C/D,Non,C/D,C/D,C/D,C/D,C,C,Non,C/D,C/D,C,C,C/D,C/D,Non,Non,C,C/D,C/D,C/D,C,Non,C/D,C,C/D,C/D,C/D,C,C,C/D,Non,Non,C,C/D,C/D,C,C/D,C/D,C,C/D,C/D,C,C/D,C/D,C,C/D,C/D,Non,C/D,Non,C,C,C,C/D,C/D,C,C,Non,C,Non,C/D,C/D,C,C/D,C/D,C,C,C/D,C/D,C/D,C/D,C,C/D,C,C/D,C,C,C/D,C,C,Non,C/D,C,C,C,C/D,C/D,C,C,C,C,C,C/D,C,C,C/D,C,C/D,C/D,C,C,C/D,C/D,Non,C/D,C/D,C,C,Non,Non,C/D,C,C,C,C/D,C,C,C,C,C,C/D,C,C,C,Non,Non,C/D,C/D,C,C,C/D,Non,C/D,C,C/D,C/D,C/D,Non,C,C,C,C/D,Non,Non,C,C/D,C,C,C/D,C,C,C/D,C/D,C/D,C/D,C,C/D,Non,C/D,C/D,C,C/D,C,C/D,C/D,C,C/D,Non,C,C,C/D,C,C,C,C,C,C,C,C,C,C,C/D,C/D,C/D,C,C/D,C,C,C,C/D,C/D,C,C,C,C/D,C/D,C,C,C/D,C/D,C,C/D,C/D,C/D,C,C/D,C/D,C/D,C/D,C,C/D,C/D,C,C/D,C,NA,NA,C,C,C/D,C/D,C,C/D,C,C,Non,C/D,C/D,C/D,C,C,C,C,C/D,C,C/D,C,C/D,C/D,C,C/D,C,C,C,C/D,C/D,Non,Non,C/D,C,C/D,C/D,C,C,C,C,C/D,C/D,C/D,C,C/D,C/D,C,C/D,C/D,C/D,C,C/D,C/D,C/D,C/D,C,Non,Non,C,C/D,C,Non,C,C/D,C/D,C,C,C,C/D,C,C,C/D,C,C,C,C,Non,C,C,C,C,C/D,C/D,Non,C,C,C,C,C/D,C,C,C/D,C,C/D,C,C/D,C,C,C,Non,C,C/D,C/D,C/D,C,C,C,C,R_6VI4S3rjDrNzdmh,R_6VI4S3rjDrNzdmh,1329,44.3,2020,gb
R_xip4ATO4Vj5T67L,Female,University degree or equivalent,University degree or equivalent,30,70,0,NA,French;30;,English;70;,,40,60,0,NA,French,NA,10,8,6,German,I regularly speak both French and English to my child,English,NA,2,10,NA,NA,I always (or almost always) speak English to my child,First,NA,1,7,Always (or almost always) English,5,Non,C,C,C,C/D,C/D,Non,Non,C/D,C/D,Non,C/D,C/D,Non,Non,Non,Non,Non,Non,Non,Non,C/D,C,C,Non,Non,Non,Non,Non,Non,Non,C,Non,Non,Non,C,Non,C,Non,C,Non,Non,Non,Non,Non,C/D,Non,C,Non,C,Non,Non,Non,Non,Non,Non,C,Non,Non,Non,Non,Non,Non,Non,Non,Non,C,C,Non,Non,Non,C,Non,Non,C/D,Non,C,C,Non,Non,C/D,Non,Non,Non,C,Non,Non,Non,Non,C,C,Non,Non,C,Non,Non,Non,Non,C,Non,Non,Non,Non,Non,Non,Non,C,Non,Non,Non,Non,Non,C,Non,Non,Non,Non,Non,C,C,C,Non,Non,C,Non,Non,Non,Non,Non,Non,C,Non,Non,Non,Non,Non,Non,Non,Non,Non,Non,Non,Non,Non,Non,Non,Non,C,Non,Non,Non,Non,Non,Non,Non,Non,Non,Non,Non,C,Non,C,Non,Non,Non,Non,C,Non,Non,C,Non,C,Non,C,Non,Non,Non,Non,Non,Non,Non,Non,Non,Non,Non,Non,Non,Non,Non,Non,Non,Non,Non,Non,Non,Non,Non,Non,C,Non,Non,Non,Non,Non,Non,Non,Non,Non,Non,Non,Non,Non,Non,Non,Non,Non,Non,Non,Non,Non,Non,C,Non,Non,C,Non,Non,Non,Non,Non,Non,Non,Non,Non,Non,C/D,Non,Non,Non,C/D,Non,Non,Non,Non,C,Non,C,Non,C,C,Non,Non,Non,Non,Non,C/D,Non,C/D,C,C,Non,Non,C,C,Non,Non,Non,Non,Non,C,C,Non,Non,Non,C,Non,Non,Non,Non,Non,Non,Non,Non,C,Non,Non,Non,Non,C,Non,Non,C/D,Non,Non,Non,C,Non,C,Non,Non,Non,Non,Non,Non,C,Non,Non,Non,Non,NA,NA,Non,Non,Non,Non,Non,Non,Non,Non,Non,C,Non,Non,Non,Non,Non,Non,Non,Non,Non,Non,Non,Non,Non,C,Non,Non,Non,Non,Non,Non,Non,Non,Non,Non,C/D,Non,Non,Non,Non,C,C,Non,Non,Non,Non,Non,Non,Non,Non,C,Non,C,Non,Non,Non,Non,Non,Non,Non,Non,Non,Non,Non,Non,Non,Non,Non,Non,Non,Non,C,Non,Non,Non,Non,Non,Non,Non,Non,Non,Non,Non,Non,Non,C,Non,Non,Non,Non,Non,Non,Non,Non,Non,Non,Non,Non,Non,Non,Non,Non,Non,Non,C,Non,C,Non,BL01UK01FR015,UKFR015,438,14.6,2020,gb
R_2VxsuOKcIBuVBiG,Female,University degree or equivalent,University degree or equivalent,60,40,0,NA,French;60;,English;40;,,80,20,0,NA,French,NA,10,8,0,NA,I always (or almost always) speak French to my child,English,NA,6,10,NA,NA,I always (or almost always) speak English to my child,First,NA,1,NA,NA,4,C,Non,Non,Non,C,Non,C,Non,C,C,Non,C,Non,Non,Non,Non,Non,Non,Non,Non,Non,C,C/D,C,Non,Non,Non,Non,C,Non,Non,Non,C,C,Non,C,Non,Non,Non,C,Non,Non,Non,Non,Non,C,Non,Non,Non,Non,Non,Non,Non,Non,Non,Non,C,C,Non,Non,Non,C,C,Non,C,Non,C,C,Non,Non,Non,Non,Non,C,C,Non,C,Non,Non,Non,C,Non,Non,Non,C,Non,Non,Non,Non,Non,Non,Non,C,Non,Non,C,Non,C,Non,Non,Non,Non,Non,Non,Non,Non,Non,Non,Non,Non,Non,Non,C,Non,Non,Non,Non,Non,Non,C/D,C,Non,Non,C,Non,Non,Non,Non,C,Non,C,Non,Non,Non,C,Non,Non,C,Non,C,C,Non,Non,Non,C,Non,Non,C/D,Non,C,Non,Non,C,Non,Non,Non,Non,C,Non,Non,Non,Non,Non,Non,Non,Non,Non,Non,C/D,Non,Non,C,Non,Non,Non,Non,Non,Non,Non,Non,Non,C,Non,Non,Non,Non,C,Non,Non,C,Non,Non,C,Non,C,Non,Non,Non,C,Non,Non,Non,C/D,Non,Non,Non,Non,Non,Non,Non,Non,Non,Non,C,Non,Non,Non,Non,Non,C,Non,C,C,Non,C,Non,Non,Non,Non,Non,Non,Non,Non,Non,Non,C,Non,Non,Non,C,Non,Non,Non,Non,C,C,C,C,C,C,C,Non,Non,C,C,C/D,C,C/D,C,C,Non,C,C,C,Non,Non,Non,C,C/D,C,C,C,C,Non,C,C,Non,C,Non,Non,Non,Non,Non,C,Non,C,C,Non,C,Non,Non,Non,Non,C,Non,C,Non,C,Non,Non,C,Non,C,C,C,Non,C,C,Non,NA,NA,Non,Non,Non,Non,Non,Non,C,Non,Non,C,C,Non,Non,Non,Non,Non,C,Non,C,Non,Non,C,C,C,C,Non,Non,Non,Non,Non,Non,Non,Non,Non,Non,Non,Non,Non,Non,C,C,Non,C,Non,Non,C,Non,C,Non,C,Non,Non,Non,Non,Non,Non,Non,Non,Non,Non,Non,Non,Non,Non,Non,C,C,C,Non,Non,C,C,Non,Non,Non,Non,Non,Non,Non,C,Non,Non,Non,C/D,C,Non,C,C,Non,Non,C,Non,C,C,C,Non,Non,Non,Non,Non,C,Non,C,Non,Non,Non,Non,BL01UK01FR005,UKFR005,403,13.43333333,2020,gb
R_ZejDYRBwxblQNxv,Female,University degree or equivalent,Left school at 18 with A-Levels or equivalent,40,60,0,NA,French;40;,English;60;,,60,40,0,NA,French,NA,10,9,NA,NA,I always (or almost always) speak French to my child,English,NA,4,10,NA,NA,I always (or almost always) speak English to my child,First,NA,1,10,Always (or almost always) English,NA,C,Non,Non,Non,Non,Non,C,Non,Non,Non,Non,Non,Non,Non,Non,Non,Non,Non,Non,Non,Non,C,C,C,Non,Non,Non,Non,Non,Non,Non,Non,Non,Non,Non,Non,Non,Non,Non,Non,Non,Non,Non,Non,Non,Non,Non,Non,Non,Non,Non,Non,Non,Non,Non,Non,Non,C,Non,Non,Non,C,Non,Non,Non,Non,C,Non,Non,Non,Non,Non,Non,Non,Non,Non,Non,C,Non,Non,C,C,Non,Non,C,Non,Non,Non,Non,Non,Non,Non,Non,Non,Non,Non,Non,Non,Non,Non,Non,Non,Non,Non,Non,Non,Non,Non,Non,Non,Non,C,Non,Non,Non,Non,Non,Non,Non,C,Non,Non,Non,Non,Non,Non,Non,Non,Non,Non,Non,Non,Non,Non,C,Non,Non,Non,Non,Non,Non,Non,Non,Non,Non,Non,Non,C,Non,Non,Non,Non,Non,Non,Non,Non,Non,Non,Non,Non,Non,Non,Non,Non,Non,Non,Non,Non,C,Non,Non,Non,Non,Non,Non,Non,Non,Non,Non,Non,Non,Non,Non,Non,Non,Non,Non,Non,Non,C,Non,Non,Non,Non,Non,Non,Non,Non,C,Non,Non,Non,Non,Non,Non,Non,Non,Non,Non,Non,Non,Non,Non,Non,Non,Non,Non,Non,Non,Non,Non,Non,Non,Non,Non,Non,Non,Non,Non,Non,Non,Non,C,C,Non,C/D,Non,Non,Non,Non,Non,Non,Non,Non,Non,C,C,C,C,Non,C,Non,Non,Non,Non,C,Non,C,Non,Non,Non,C,Non,Non,Non,Non,Non,Non,Non,Non,Non,Non,Non,Non,Non,Non,Non,Non,Non,Non,Non,Non,Non,Non,Non,Non,Non,Non,Non,Non,Non,Non,Non,Non,Non,Non,Non,Non,Non,Non,Non,Non,Non,Non,Non,Non,Non,Non,Non,NA,NA,Non,Non,Non,Non,Non,Non,Non,Non,Non,Non,Non,Non,Non,Non,Non,Non,Non,Non,Non,Non,Non,Non,Non,Non,C/D,Non,C,C,C,Non,Non,Non,Non,Non,C,Non,Non,Non,Non,C,C,Non,C,Non,Non,Non,Non,Non,Non,Non,Non,Non,Non,Non,Non,Non,Non,Non,Non,Non,Non,Non,Non,Non,Non,Non,Non,Non,Non,Non,Non,Non,Non,Non,Non,Non,Non,Non,Non,Non,Non,Non,Non,Non,Non,Non,Non,Non,Non,Non,Non,Non,Non,Non,Non,Non,Non,Non,Non,Non,Non,Non,Non,Non,Non,Non,Non,BL01UK01FR016,UKFR016,469,15.63333333,2020,gb
R_240pqnPe0xO0WKi,Male,University degree or equivalent,Left school at 16 with GCSE or equivalent,30,70,0,NA,French;30;,English;70;,,50,50,0,NA,French,NA,10,7,NA,NA,I regularly speak a mix of French / English / other languages to my child,English,NA,4,10,NA,NA,I always (or almost always) speak English to my child,Second,NA,2,8,Always (or almost always) English,1,C/D,C,C,C/D,C/D,C,C/D,C/D,C/D,C/D,C/D,C/D,Non,Non,Non,Non,Non,Non,Non,C,Non,C,C,C,C,Non,C,C,Non,Non,Non,Non,Non,Non,Non,Non,Non,C,Non,C,Non,Non,Non,Non,Non,C,Non,Non,C,Non,Non,Non,C/D,Non,Non,Non,C,C,C,C/D,Non,Non,C,C,C/D,Non,C/D,Non,C,C/D,Non,C,Non,Non,C/D,C,Non,C,Non,C,C,Non,Non,Non,C,C,Non,C,C/D,C,C/D,Non,Non,Non,Non,C,C,Non,C,Non,Non,Non,C,Non,Non,Non,Non,C/D,Non,Non,Non,C,C,Non,C/D,Non,C/D,Non,C,C,Non,Non,Non,C,Non,Non,C,C,Non,Non,C,Non,C,Non,C,C,C,C,Non,C,C,Non,C,Non,Non,C,Non,C,C,C,Non,Non,C,C,C,C,Non,Non,Non,Non,Non,C,Non,Non,Non,Non,C,Non,Non,Non,Non,C,Non,Non,Non,C,Non,Non,Non,Non,C,Non,Non,Non,Non,Non,Non,Non,Non,Non,Non,Non,C,Non,Non,Non,Non,Non,Non,Non,Non,Non,Non,Non,Non,Non,Non,Non,Non,Non,Non,Non,Non,Non,C,C,C,Non,Non,Non,Non,C/D,Non,C,C,Non,Non,Non,Non,C,Non,Non,C/D,C/D,Non,C,Non,Non,C,C/D,Non,Non,Non,Non,C/D,C/D,C/D,C/D,C/D,C/D,C/D,Non,Non,Non,C,C,C,C/D,C/D,C,C,Non,C,C,C,C,C,C,C,C,C,C,C,Non,C,C/D,C,Non,Non,C,Non,Non,C,C,C,C,C,Non,C,Non,Non,Non,Non,Non,Non,C,C,C,Non,C,C,Non,C,C,C,Non,C,C,C,NA,NA,Non,C,C,C,Non,C,C,C,Non,C,C,C,Non,Non,Non,Non,C,Non,C,Non,C,Non,C,C,C,C,C,C,C,C,C,Non,Non,C,C/D,C,Non,Non,Non,C,C,C/D,Non,Non,Non,C,Non,C,Non,C,Non,C,Non,C/D,Non,Non,Non,C,Non,Non,Non,C,C,C,C,C,Non,C,Non,Non,C,Non,Non,Non,Non,Non,C,Non,Non,Non,C,C,Non,C,C,Non,Non,C,Non,Non,C,Non,Non,Non,Non,Non,Non,Non,C/D,Non,C/D,Non,C,C,Non,Non,Non,BL01UK01FR006,UKFR006,627,20.9,2020,gb
R_2alFvsx8WlglceV,Male,Left school at 18 with A-Levels or equivalent,Left school at 18 with A-Levels or equivalent,45,55,0,NA,French;45;,English;55;,,50,50,0,NA,French,NA,10,9,NA,NA,I always (or almost always) speak French to my child,French,NA,10,9,0,NA,I always (or almost always) speak French to my child,First,NA,1,9,Always (or almost always) English,9,C/D,C,C/D,C/D,C/D,C/D,C/D,C/D,C/D,C/D,C/D,C/D,C,Non,Non,Non,C,C/D,C/D,C/D,Non,C/D,C/D,C/D,C/D,Non,C,C/D,C/D,C/D,C/D,C/D,C/D,C,Non,C/D,C,C/D,C/D,C/D,Non,C,Non,C,Non,C/D,C/D,C/D,C/D,C/D,C/D,C/D,C/D,C/D,C/D,C/D,C/D,C/D,C/D,C/D,C/D,C/D,C/D,C,Non,Non,C/D,C/D,C,C/D,C/D,C/D,C/D,C/D,C/D,C/D,C/D,C/D,C/D,C,C/D,C,C/D,C/D,C/D,C/D,C,C/D,C/D,C/D,C/D,C/D,C,C/D,C,C/D,C/D,C/D,C/D,C/D,C,Non,C/D,C,C/D,C,C/D,C/D,C,Non,C/D,C/D,C/D,C/D,C/D,C/D,C/D,C,C/D,C/D,C/D,C/D,C,Non,Non,C/D,C/D,C/D,C/D,C/D,C/D,Non,C/D,C/D,C/D,Non,C/D,C/D,C/D,C/D,C/D,Non,C/D,Non,C/D,C/D,C/D,C/D,C/D,C/D,C/D,C/D,C/D,C/D,C/D,C/D,Non,C,C,Non,C/D,C/D,C/D,C,C,C,C/D,C,C/D,C/D,C/D,C/D,Non,C,Non,C/D,C,C/D,Non,C/D,C,C/D,C/D,C/D,Non,C,C/D,C,C,C/D,C/D,C,C/D,C,C/D,C/D,C/D,Non,C/D,C/D,Non,C,C,C,C/D,C,C/D,C,C,C,C/D,C,C,Non,C/D,C,C,C/D,Non,Non,C/D,C/D,C/D,C/D,C/D,C,C/D,C/D,C,C/D,C/D,Non,C,C,Non,C/D,C/D,Non,C,C/D,C/D,C/D,C/D,C,C/D,C/D,C/D,C/D,C/D,C/D,C/D,C/D,C/D,C/D,C,C/D,C,C/D,C/D,C/D,C/D,C/D,C/D,C/D,C/D,C/D,C/D,C,C/D,C,C/D,C,C/D,C,C/D,C/D,C/D,C,Non,C,C,C/D,C/D,C/D,C/D,C/D,C/D,C,Non,Non,Non,C,C,C,C/D,C/D,C/D,C/D,C,C/D,C/D,C,C/D,C/D,C/D,C/D,C,C,C,NA,NA,C,C,C,C/D,C,C,C,C,Non,C/D,C,C,C,Non,Non,C,C,C,C,Non,C/D,C/D,C/D,C/D,C/D,C/D,C/D,Non,C/D,C/D,Non,C/D,C/D,C/D,C/D,C/D,C/D,C,C,C,C/D,C/D,C/D,C/D,C/D,C/D,C/D,C/D,C/D,C/D,C/D,C/D,C/D,C/D,C,Non,Non,C/D,C/D,C,Non,Non,C/D,C,C,C,C/D,C/D,C/D,C,C/D,C/D,C/D,C/D,C/D,C/D,C/D,C/D,C/D,C/D,C/D,C/D,Non,Non,C/D,Non,Non,C/D,C/D,C/D,C/D,C/D,C/D,C/D,C,C,C,C,Non,C,C/D,C,C/D,C,C/D,C/D,C/D,R_2alFvsx8WlglceV,R_2alFvsx8WlglceV,1031,34.36666667,2020,gb
R_3M3DDyOjJ1vwQwf,Female,University degree or equivalent,University degree or equivalent,40,60,0,NA,French;40;,English;60;,,95,5,0,NA,English,NA,8,10,NA,NA,I always (or almost always) speak French to my child,French,NA,10,9,NA,NA,I always (or almost always) speak French to my child,First,NA,1,12,Always (or almost always) English,NA,C,C/D,Non,Non,Non,C/D,Non,C/D,Non,C/D,C/D,C/D,C/D,Non,C/D,C/D,C/D,C/D,C/D,C/D,C,C/D,C/D,C/D,C/D,Non,C/D,C/D,C/D,C/D,C/D,C/D,C/D,C/D,C,C/D,C/D,C/D,C/D,C/D,Non,C/D,C/D,C/D,C/D,C/D,C/D,C/D,C/D,C/D,C/D,C/D,C/D,C/D,C/D,C/D,C/D,C/D,C/D,C/D,Non,C/D,C/D,Non,C/D,C,C/D,C/D,C/D,Non,C/D,C/D,C/D,Non,C/D,C,C/D,C/D,C/D,C,C/D,C,C/D,C/D,C/D,C/D,Non,C,C/D,C,C/D,C/D,C,C/D,C,C/D,C/D,C/D,C/D,C/D,C,C,Non,C/D,C,C/D,C/D,C/D,C,C,C/D,C/D,C/D,C/D,C/D,C/D,C/D,C/D,C/D,C/D,C/D,C,C/D,C/D,Non,C/D,C/D,C/D,C/D,C/D,C/D,C/D,C/D,C/D,C,Non,C/D,C/D,C,C/D,C/D,Non,C/D,C,C/D,C/D,C/D,C/D,C,C/D,C/D,C,C/D,C/D,C/D,C/D,C/D,C/D,C/D,C,C,C/D,C/D,C/D,C/D,Non,C/D,C,C/D,C/D,C/D,C/D,C/D,C/D,C,C/D,C,C,C,C/D,C/D,C/D,C/D,C,C/D,C/D,C/D,C/D,C/D,C/D,C,C/D,C/D,C/D,C/D,C/D,C/D,Non,C/D,C/D,C/D,C,C/D,Non,C/D,C/D,C,C/D,C/D,C,C/D,C,C,Non,C/D,C/D,C,C,C,C,C/D,C/D,C/D,Non,C/D,C/D,C,C/D,C/D,C/D,C/D,C/D,C,C,Non,C/D,C/D,Non,Non,C/D,C/D,C/D,C/D,C,C/D,C/D,C/D,C/D,C/D,C,C/D,C/D,C,C,C,C/D,C/D,C/D,C/D,C/D,C/D,Non,C/D,C/D,Non,C/D,C/D,C/D,C/D,Non,C/D,C/D,C/D,C,C/D,C/D,C/D,C/D,C,C/D,C/D,C/D,C/D,C/D,C,C/D,C/D,C,C/D,C,C,C,C,C/D,C/D,C/D,C/D,C/D,C/D,C,C/D,C/D,C/D,C/D,C/D,C/D,C/D,C/D,C/D,NA,NA,C/D,C/D,C,C/D,C/D,C/D,C/D,C,C,C/D,C/D,C/D,C,C,C,C,C/D,C/D,C/D,C,C/D,C/D,C/D,C/D,C/D,C/D,C,C,C/D,C/D,Non,C,C/D,C/D,C/D,C,C,C,C,C/D,C/D,C/D,C,C/D,C/D,C,C/D,C,C/D,C/D,C/D,C/D,C/D,C/D,C/D,Non,Non,C,C/D,C/D,Non,Non,C/D,C/D,C,C,C,C/D,C/D,C,C/D,C/D,C/D,C/D,C/D,Non,C/D,C,C,C/D,C/D,C/D,Non,C,C/D,C,C,C/D,C/D,C/D,C/D,C/D,C/D,C/D,C/D,C,C/D,C/D,Non,C/D,C/D,C/D,C/D,C/D,C/D,C/D,C/D,R_3M3DDyOjJ1vwQwf,R_3M3DDyOjJ1vwQwf,970,32.33333333,2020,gb
R_3fJKfXuoZqattKx,Male,University degree or equivalent,University degree or equivalent,30,70,0,NA,French;30;,English;70;,,40,60,0,NA,French,NA,10,8,NA,NA,I always (or almost always) speak French to my child,English,NA,3,10,NA,NA,I always (or almost always) speak English to my child,First,NA,1,6,Always (or almost always) English,1,Non,C,C,C/D,Non,C/D,C,C/D,C/D,C,Non,C/D,C/D,Non,Non,Non,C,C,C,C/D,Non,C/D,C,C/D,C,Non,Non,C,C/D,Non,C,C,C,C/D,Non,C/D,C,C/D,Non,C,Non,C,C,C,Non,Non,C,C/D,C/D,C/D,C/D,C,C/D,C/D,C,C/D,C/D,C/D,Non,C,Non,Non,C,Non,Non,Non,C/D,C,C,C,C,C,C,Non,C/D,Non,C/D,C/D,Non,C,C/D,Non,Non,C,C,C,Non,C,C/D,C,C/D,C/D,Non,C,Non,C/D,C/D,C,Non,C,C,C,C,C,Non,Non,C/D,C/D,Non,Non,C/D,C/D,C,C,C/D,C,C/D,Non,C/D,C/D,C/D,Non,Non,C/D,Non,Non,Non,C/D,C,C/D,C,Non,C/D,Non,C,Non,C,C,C,C,C,Non,C,Non,C,Non,C,C,Non,C/D,C,Non,C,Non,C,Non,C,C,Non,C,Non,C/D,Non,C,Non,Non,C/D,C,C,Non,Non,C/D,Non,Non,Non,C,Non,C,Non,C/D,Non,Non,Non,Non,Non,C,C,Non,C,C,Non,Non,C,Non,Non,C/D,C/D,Non,C/D,C/D,Non,C,C,Non,Non,Non,C,Non,C,Non,C,Non,Non,Non,C/D,Non,C,C,Non,Non,Non,C,C,Non,C/D,C/D,Non,C,Non,Non,C/D,Non,C,C,Non,C/D,C/D,Non,C/D,C/D,Non,C/D,Non,C/D,C/D,C/D,C,C/D,C,C,C/D,C,C,Non,C,C/D,C,C/D,C/D,C,C,Non,Non,Non,C,C,C,C,C,C,C,C,Non,Non,C,C,C/D,C,Non,Non,Non,C/D,C,C,C,C,Non,Non,C,Non,Non,Non,C,C,Non,C,C,C/D,Non,C,Non,Non,C,C,C/D,C,C/D,Non,Non,NA,NA,Non,C,Non,Non,C,Non,C,Non,Non,C,C,Non,Non,Non,Non,C,C,C,Non,Non,Non,Non,C/D,Non,C,Non,C,Non,Non,C,Non,C/D,C,C/D,C/D,Non,Non,C/D,Non,Non,C/D,C/D,C,C,C/D,Non,Non,Non,C,C,C/D,C/D,C/D,C,C,Non,Non,Non,C/D,C,Non,Non,C,C,C,C,Non,C,Non,Non,C,C,Non,C,C,Non,C,Non,C,C,Non,C/D,Non,Non,Non,Non,Non,C,Non,C,C,C,C,C,C,Non,C,C,Non,C/D,C/D,Non,C/D,C/D,Non,C/D,Non,R_3fJKfXuoZqattKx,R_3fJKfXuoZqattKx,903,30.1,2020,gb
R_9FbIt2Q3DGM1MMp,Female,University degree or equivalent,University degree or equivalent,25,75,0,NA,French;25;,English;75;,,50,50,0,NA,French,NA,10,9,NA,NA,I always (or almost always) speak French to my child,English,NA,7,10,NA,NA,I always (or almost always) speak English to my child,First,NA,1,4,Always (or almost always) English,1,Non,C,Non,C,C/D,C/D,C/D,C/D,C/D,C/D,C,C/D,C,Non,Non,Non,Non,Non,Non,C,Non,C/D,C,C/D,Non,Non,Non,C,C,Non,Non,C,C,C,Non,C,Non,Non,C,Non,Non,C,Non,C,C,Non,C,Non,Non,Non,Non,Non,Non,Non,Non,Non,C,C,C,Non,Non,Non,C,C,C,Non,C,Non,Non,Non,Non,Non,Non,Non,C,Non,Non,Non,Non,Non,C,Non,Non,C,C,C,Non,Non,Non,Non,Non,Non,Non,Non,Non,C,C,Non,C,Non,Non,Non,Non,Non,Non,Non,C,C,Non,Non,Non,C,C,Non,Non,Non,Non,Non,C,C,C,Non,Non,Non,Non,Non,Non,Non,C,Non,C,C,Non,C,Non,Non,Non,C,Non,C,Non,Non,Non,Non,Non,Non,Non,Non,Non,Non,Non,Non,Non,Non,Non,C,Non,Non,Non,Non,Non,Non,Non,Non,Non,Non,C,Non,C,Non,Non,Non,Non,Non,Non,Non,Non,Non,Non,Non,Non,Non,Non,Non,Non,Non,Non,Non,C,Non,Non,Non,Non,Non,Non,Non,Non,Non,C,Non,Non,Non,Non,Non,Non,Non,Non,Non,Non,Non,Non,Non,Non,Non,Non,Non,Non,Non,Non,Non,Non,C,Non,Non,Non,Non,Non,Non,Non,Non,Non,Non,C/D,Non,Non,C,Non,Non,Non,C/D,Non,Non,Non,Non,C,Non,C,C,C,C,C,Non,Non,Non,Non,C,Non,C,Non,Non,Non,Non,Non,Non,Non,Non,Non,Non,Non,Non,Non,Non,Non,Non,Non,C,Non,C,Non,Non,Non,Non,C,C,Non,Non,Non,Non,Non,Non,Non,Non,Non,Non,Non,C,Non,Non,Non,Non,C,Non,Non,Non,C,C,Non,Non,Non,NA,NA,Non,C,Non,Non,Non,Non,Non,Non,Non,C,Non,C,Non,Non,Non,Non,Non,Non,Non,Non,Non,Non,Non,C,C,Non,C,C,C,C,Non,Non,C,Non,C,C,Non,Non,Non,C,C,Non,Non,Non,Non,Non,Non,Non,Non,Non,Non,Non,Non,Non,Non,Non,Non,Non,Non,Non,Non,Non,C,Non,Non,Non,Non,C,Non,Non,C,Non,Non,Non,Non,Non,Non,Non,Non,Non,Non,Non,Non,Non,Non,Non,Non,Non,Non,Non,Non,Non,Non,Non,Non,Non,Non,Non,Non,C,C,Non,Non,Non,Non,Non,Non,BL01UK01FR007,UKFR007,588,19.6,2020,gb
R_2fs19dh9I4sScx1,Male,University degree or equivalent,Left school at 18 with A-Levels or equivalent,30,60,10,Russian,French;30;,English;60;,Russian;10;,30,60,10,NA,Other(s),Latviam,3,8,10,NA,I always (or almost always) speak English to my child,French,NA,10,8,0,NA,I regularly speak both French and English to my child,First,NA,1,10,Always (or almost always) English,1,C/D,C/D,Non,C/D,C/D,C,C/D,C/D,Non,C/D,Non,C/D,C,Non,C,C,Non,C,C,C,C,C/D,C/D,C/D,C/D,C,Non,C/D,C/D,C,Non,C,C/D,C/D,Non,C/D,C,C/D,C,C/D,C/D,C/D,C,C,C/D,C,C/D,C,C,C,C,C/D,C,Non,C,C,C,Non,C,Non,Non,Non,C,Non,Non,C,C/D,Non,C,C,C,C/D,C/D,Non,Non,Non,C/D,C,C,C,C,Non,Non,C/D,C,C/D,Non,Non,C/D,C/D,C/D,Non,Non,Non,Non,C,C,C,Non,C,C,Non,C,C,C,C,C,C,C,C,C,C,C,Non,C,Non,Non,C,C/D,C/D,C/D,Non,Non,Non,Non,C,C/D,Non,C,Non,C/D,Non,Non,Non,Non,Non,Non,Non,Non,C,C,Non,Non,Non,C,C,C,Non,C,C,Non,Non,Non,Non,C,C,Non,Non,Non,Non,C,C,Non,Non,Non,C,C,C,C,Non,Non,C/D,Non,Non,Non,C,Non,Non,Non,Non,C/D,C/D,Non,Non,Non,Non,Non,Non,C,Non,C,C,C,Non,Non,Non,C,C,C,C,Non,C/D,C/D,Non,C,Non,C/D,Non,C/D,Non,C/D,C/D,C,Non,C/D,Non,Non,Non,Non,Non,Non,C,C,C,C,Non,C,Non,Non,Non,Non,Non,Non,Non,Non,C/D,Non,Non,C/D,C/D,Non,C/D,Non,Non,Non,C,Non,C,C/D,Non,C/D,C,C,Non,Non,C/D,Non,C,C/D,Non,C,C,C,C,Non,Non,Non,C/D,Non,Non,C/D,Non,Non,C,C,C/D,Non,C,Non,Non,Non,Non,Non,C/D,Non,C,C/D,C,C/D,Non,Non,Non,Non,C/D,C,C/D,Non,C/D,Non,Non,Non,Non,Non,C,C,C,Non,Non,Non,NA,NA,C,Non,Non,C,Non,C,C,Non,Non,C,Non,Non,Non,Non,Non,Non,Non,C,Non,Non,Non,Non,C,C,Non,Non,C,Non,Non,C,Non,C/D,Non,Non,C,Non,Non,Non,Non,C,C,C,C,C,C,C,C,Non,Non,C,C,Non,C/D,C,Non,Non,Non,Non,C/D,Non,Non,Non,Non,Non,Non,Non,Non,C,Non,Non,Non,Non,Non,C,Non,Non,Non,Non,C/D,Non,C,C,Non,C,C,Non,Non,C,C,Non,Non,C,C,Non,C,Non,Non,C,Non,Non,Non,Non,C,C,Non,Non,C,R_2fs19dh9I4sScx1,R_2fs19dh9I4sScx1,1104,36.8,2020,gb
R_1QbbGHxnZE6vhsR,Female,University degree or equivalent,University degree or equivalent,50,50,0,NA,French;50;,English;50;,,100,0,0,NA,French,NA,10,9,NA,NA,I always (or almost always) speak French to my child,French,NA,9,NA,NA,NA,I always (or almost always) speak French to my child,First,NA,1,8,Always (or almost always) English,2,C/D,C/D,Non,C/D,C/D,C/D,C/D,C/D,C/D,C/D,C/D,C/D,C,Non,Non,C,C/D,C/D,C/D,C/D,C/D,C/D,C/D,C/D,C/D,Non,C/D,C/D,C/D,C/D,C/D,C/D,C/D,C/D,C/D,C/D,C/D,C/D,C/D,C/D,Non,C/D,C/D,C/D,C/D,C/D,C/D,C/D,C/D,C/D,C/D,C,C/D,C/D,C/D,C/D,C/D,C/D,C/D,C/D,Non,C/D,C/D,C/D,Non,Non,C/D,Non,Non,Non,Non,C/D,C/D,Non,C/D,Non,C/D,C/D,C/D,C/D,C/D,Non,C/D,C/D,C/D,C/D,C,Non,C/D,C/D,C/D,C/D,C/D,Non,C,C/D,C/D,C/D,C/D,C/D,C/D,Non,C/D,C/D,C/D,C,C/D,C/D,C/D,C/D,C/D,C/D,C/D,C/D,C/D,C/D,C/D,C/D,C/D,C/D,C/D,Non,Non,C/D,Non,C/D,C/D,C/D,C/D,C/D,C/D,C,C/D,Non,C,Non,C/D,C/D,C,C/D,C/D,Non,C,Non,C/D,C,C,C/D,C/D,C/D,C/D,Non,C,Non,C/D,C/D,Non,C/D,C/D,C,C,C/D,Non,Non,C/D,Non,C/D,C,C/D,C/D,Non,C/D,Non,Non,Non,C/D,C/D,C/D,Non,C/D,C/D,C/D,C,Non,Non,C/D,C/D,C,C,C/D,C/D,C,C,Non,C,C/D,C/D,C,C/D,C/D,Non,C,C/D,Non,Non,C,C/D,Non,C,C/D,C/D,Non,Non,Non,C/D,Non,C/D,C,Non,Non,C,C/D,C/D,Non,C/D,C/D,Non,C/D,C/D,Non,Non,C/D,Non,Non,Non,C/D,C/D,Non,Non,C/D,Non,Non,Non,Non,C/D,C/D,C/D,C/D,C/D,C/D,C/D,C,C,C,C/D,C/D,C,C/D,C/D,C/D,C/D,Non,C/D,C,C/D,C,C,C,C/D,C,C,C/D,C,Non,C/D,C/D,C/D,C,Non,Non,Non,C/D,C/D,C/D,C,Non,C,Non,C,C,Non,C,C,C/D,C/D,C,C/D,C/D,Non,C,C/D,Non,C,C,C/D,C/D,Non,C,Non,NA,NA,C,C/D,C,C/D,C/D,C/D,C,C,Non,C,C,C/D,Non,Non,Non,Non,C,Non,Non,Non,C/D,C/D,C,C/D,C,C/D,C,Non,C/D,C,Non,C/D,C,C/D,C/D,C/D,C/D,Non,C,C,C/D,C/D,C/D,C/D,C/D,C/D,Non,C/D,Non,C,C/D,C/D,C/D,C/D,C,Non,Non,C/D,C/D,C,Non,Non,C/D,Non,Non,Non,Non,C,Non,Non,C,C,C,C,C,Non,C,Non,C,C,Non,Non,Non,Non,Non,Non,Non,C,C,C,C/D,C,C/D,C/D,C,C/D,C,Non,Non,Non,C/D,C/D,Non,Non,C/D,C/D,C/D,BL01UK01FR017,UKFR017,843,28.1,2020,gb
R_bx8kpo9wDOSZ8yt,Male,Left school at 16 with GCSE or equivalent,No qualifications,60,40,0,NA,French;60;,English;40;,,50,50,0,NA,French,NA,10,8,NA,NA,I regularly speak a mix of French / English / other languages to my child,English,NA,2,10,NA,NA,I always (or almost always) speak English to my child,First,NA,1,NA,NA,0,C,C,C,C,Non,C,C/D,C,C,C/D,C,C,Non,Non,Non,Non,Non,C,C,C,Non,C,Non,C,C,Non,Non,Non,Non,Non,Non,C,Non,Non,Non,Non,Non,Non,Non,Non,Non,Non,Non,Non,Non,Non,Non,Non,Non,Non,Non,Non,Non,C,Non,Non,Non,C,C,Non,Non,C,C,C/D,Non,Non,C,Non,C,Non,Non,Non,Non,Non,Non,Non,C,Non,Non,Non,C,Non,Non,Non,Non,Non,Non,Non,Non,Non,C,Non,Non,Non,Non,C,Non,Non,C,Non,Non,Non,Non,Non,Non,C,C,C,Non,Non,C,Non,C,Non,C,C,Non,Non,Non,C,Non,Non,Non,C,Non,Non,Non,Non,Non,Non,Non,Non,Non,Non,C,C,Non,Non,Non,Non,Non,Non,Non,Non,Non,Non,Non,C,C,Non,Non,Non,Non,Non,Non,C,Non,Non,Non,Non,Non,Non,Non,Non,C,Non,C,Non,Non,Non,Non,C,Non,Non,Non,Non,Non,Non,Non,Non,Non,Non,Non,Non,Non,C,Non,Non,Non,Non,Non,Non,C,Non,Non,Non,Non,Non,Non,Non,Non,Non,Non,Non,Non,Non,Non,Non,Non,Non,Non,Non,Non,Non,Non,Non,Non,Non,Non,C/D,Non,Non,Non,Non,Non,Non,Non,Non,Non,Non,Non,Non,C,C,Non,C/D,Non,Non,Non,C/D,Non,Non,Non,Non,C/D,C,C,C,C,C/D,C,Non,Non,Non,C,Non,C,C/D,C/D,Non,Non,Non,C,C,C,C,Non,C,C,C,C,C,C,Non,C,C,Non,C,Non,Non,Non,Non,Non,C,Non,Non,C,Non,C,C,Non,Non,C,C,Non,C,Non,Non,Non,Non,C,Non,C,C,C/D,Non,Non,Non,Non,NA,NA,Non,Non,Non,C,C,C,C,C,Non,C,C,C,Non,C,Non,C,C,C,Non,Non,Non,Non,Non,C,C,Non,Non,C,C,Non,Non,Non,Non,Non,Non,Non,Non,Non,Non,Non,Non,Non,Non,Non,Non,Non,Non,Non,Non,Non,Non,Non,Non,Non,Non,Non,Non,Non,Non,Non,Non,C,Non,C,C,Non,Non,C,Non,Non,Non,Non,Non,Non,Non,Non,Non,Non,C,Non,C,C,Non,C,C,Non,C,C,Non,C,C,Non,Non,C,Non,Non,Non,Non,Non,C,C,Non,C,Non,Non,Non,Non,BL01UK01FR018,UKFR018,392,13.06666667,2020,gb
R_0B4w3UyltfkxU1X,Male,University degree or equivalent,University degree or equivalent,20,80,0,NA,French;20;,English;80;,,60,40,0,NA,English,NA,6,10,NA,NA,I always (or almost always) speak English to my child,French,NA,10,8,NA,NA,I always (or almost always) speak French to my child,First,NA,1,6,Always (or almost always) English,1,Non,C,Non,C,C/D,C/D,C,C/D,C,C,Non,C/D,Non,Non,C,Non,Non,Non,Non,C,Non,C,C,C,C,Non,Non,C,C/D,Non,C,C/D,C,C,Non,C,C,C,C,C,Non,C/D,C,Non,C,C,C,Non,Non,C/D,C/D,Non,Non,Non,Non,C/D,C,C,Non,Non,Non,Non,C,Non,Non,Non,C,Non,Non,Non,C,Non,Non,Non,Non,Non,Non,Non,Non,Non,Non,Non,Non,Non,C/D,C,Non,Non,Non,C,C/D,C/D,Non,Non,Non,C/D,Non,Non,C/D,Non,Non,Non,Non,Non,Non,Non,Non,C,Non,Non,C,C/D,C/D,Non,C,Non,Non,Non,Non,C,C/D,Non,Non,Non,Non,Non,C,Non,C,Non,Non,Non,Non,Non,Non,Non,Non,C,Non,Non,Non,Non,Non,Non,Non,Non,Non,Non,Non,Non,Non,Non,Non,Non,C,Non,Non,Non,Non,Non,Non,Non,Non,Non,C,Non,C,Non,Non,Non,Non,Non,Non,Non,Non,Non,Non,Non,Non,Non,Non,Non,Non,Non,Non,Non,Non,Non,C/D,C,Non,Non,C,Non,Non,Non,Non,Non,Non,Non,Non,Non,Non,Non,Non,Non,Non,Non,Non,Non,C,Non,Non,Non,Non,Non,Non,Non,Non,Non,C/D,Non,Non,Non,C,Non,Non,Non,Non,Non,Non,Non,Non,Non,Non,Non,Non,Non,Non,C/D,Non,Non,Non,Non,Non,C,C/D,C,C,Non,C,Non,Non,Non,C,C,Non,C,C,Non,Non,Non,Non,Non,Non,Non,Non,Non,Non,Non,Non,C,Non,Non,Non,C,Non,Non,Non,Non,Non,Non,Non,C,Non,Non,C,Non,Non,Non,Non,Non,Non,Non,Non,C,Non,Non,Non,Non,Non,Non,Non,Non,C,C,Non,C,Non,NA,NA,Non,Non,Non,Non,Non,Non,Non,Non,Non,Non,Non,Non,Non,Non,Non,Non,Non,Non,Non,Non,Non,Non,Non,Non,Non,Non,Non,Non,Non,Non,Non,Non,C,Non,Non,Non,Non,Non,Non,Non,C,Non,Non,Non,Non,Non,Non,Non,Non,Non,Non,Non,Non,Non,Non,Non,Non,Non,Non,Non,Non,Non,Non,Non,Non,Non,Non,Non,Non,Non,Non,C,Non,Non,Non,Non,Non,Non,Non,Non,Non,Non,Non,Non,Non,Non,Non,Non,Non,Non,Non,Non,Non,Non,Non,Non,Non,C,Non,Non,C,Non,Non,Non,Non,Non,Non,BL01UK01FR008,UKFR008,554,18.46666667,2020,gb
R_3lVStl0ZR4BL17P,Female,University degree or equivalent,University degree or equivalent,60,40,0,NA,French;60;,English;40;,,100,0,0,NA,French,NA,10,8,NA,NA,I always (or almost always) speak French to my child,French,NA,10,7,NA,NA,I always (or almost always) speak French to my child,First,NA,1,9,Always (or almost always) English,0,Non,Non,Non,C,C,C,C,C,C,C,Non,Non,Non,Non,Non,Non,Non,Non,Non,Non,Non,C,C,C,Non,Non,Non,Non,Non,Non,Non,Non,Non,Non,Non,C,Non,Non,Non,Non,Non,Non,Non,Non,Non,Non,Non,Non,Non,Non,Non,Non,Non,C,Non,Non,Non,Non,Non,Non,Non,Non,Non,Non,Non,Non,Non,Non,Non,Non,Non,Non,Non,Non,Non,Non,Non,Non,Non,Non,Non,Non,Non,Non,Non,Non,Non,Non,Non,Non,Non,Non,Non,Non,Non,Non,Non,Non,Non,C,Non,C,Non,Non,Non,Non,Non,Non,Non,Non,Non,Non,C,Non,Non,C,Non,Non,Non,Non,C,Non,Non,C,Non,Non,Non,Non,Non,Non,Non,Non,Non,Non,Non,Non,Non,Non,Non,Non,Non,Non,Non,Non,Non,Non,Non,Non,Non,Non,Non,Non,Non,Non,Non,Non,Non,Non,Non,Non,Non,C,Non,Non,Non,Non,C,Non,Non,Non,Non,Non,Non,Non,Non,Non,Non,Non,Non,Non,Non,Non,Non,Non,Non,Non,Non,Non,Non,Non,Non,Non,Non,Non,Non,Non,Non,Non,Non,Non,Non,Non,Non,Non,Non,Non,Non,Non,Non,Non,Non,Non,Non,Non,Non,Non,Non,Non,Non,C,Non,Non,Non,Non,Non,Non,Non,Non,Non,Non,Non,Non,Non,Non,Non,C,Non,Non,Non,C,Non,Non,Non,Non,Non,C,Non,Non,Non,C,C,Non,Non,Non,Non,Non,C,C,C,Non,Non,Non,Non,Non,Non,Non,Non,Non,Non,Non,C,Non,Non,Non,C,C,Non,Non,Non,Non,Non,Non,Non,Non,Non,Non,Non,Non,Non,Non,Non,Non,Non,Non,Non,Non,Non,Non,Non,Non,Non,Non,Non,Non,Non,Non,Non,Non,Non,NA,NA,Non,Non,Non,Non,Non,Non,Non,Non,Non,Non,Non,Non,Non,Non,Non,Non,Non,Non,C,C,Non,Non,Non,Non,Non,Non,Non,Non,Non,Non,Non,Non,Non,Non,Non,Non,Non,Non,Non,Non,Non,Non,Non,Non,Non,Non,Non,Non,Non,Non,Non,Non,Non,Non,Non,Non,Non,Non,Non,Non,Non,Non,Non,Non,Non,Non,Non,Non,Non,Non,Non,Non,Non,Non,Non,Non,Non,Non,Non,Non,Non,Non,Non,Non,Non,Non,Non,Non,Non,Non,Non,Non,Non,Non,Non,Non,Non,Non,Non,Non,Non,Non,Non,Non,Non,Non,Non,BL01UK01FR009,UKFR009,413,13.76666667,2020,gb
R_vDEmDgEVb2XrfdT,Female,University degree or equivalent,University degree or equivalent,20,80,0,NA,French;20;,English;80;,,50,50,0,NA,French,NA,10,9,NA,NA,I always (or almost always) speak French to my child,English,NA,4,10,0,NA,I regularly speak a mix of French / English / other languages to my child,Second,NA,2,7,Always (or almost always) English,1,C/D,Non,Non,Non,Non,Non,C,Non,C/D,Non,Non,C,C,Non,Non,C,Non,Non,Non,C,Non,C,C,C,C,Non,Non,C,C,C,C,C,C,C,Non,C,C,C,C,C,Non,C,C,Non,C,C,C,Non,Non,Non,Non,Non,Non,C,C,C,C,Non,C,C,Non,Non,C,C,C,Non,C,Non,Non,Non,C,Non,C,Non,C,Non,C,C,C,Non,C,Non,Non,Non,Non,C,Non,Non,C,Non,C,Non,Non,Non,C,Non,Non,Non,Non,Non,Non,Non,Non,Non,Non,Non,C,C,Non,Non,Non,C,Non,C,Non,Non,C,Non,C,C,C,Non,Non,C,Non,Non,C,Non,C,Non,C,C,Non,C,Non,Non,C,C,Non,C,C,Non,C,Non,Non,Non,Non,C,C,C,Non,Non,C,Non,C,C,Non,C,C,C,Non,C,C,Non,Non,Non,C,Non,C,Non,Non,C,Non,Non,Non,C,Non,Non,Non,C,C,C,Non,Non,Non,Non,C,Non,Non,C,C,Non,C,C,C,C,C,Non,C,C,Non,Non,Non,Non,Non,Non,Non,Non,Non,Non,Non,Non,Non,Non,C,Non,C,Non,Non,Non,Non,C,C,Non,C,Non,Non,Non,Non,Non,Non,Non,Non,Non,Non,C/D,Non,Non,Non,Non,Non,Non,C,Non,C,Non,C,C,C,C,C/D,Non,Non,Non,C,C,Non,C/D,C,Non,C,Non,C,C,C,C,C,C,C,C,C,Non,C,Non,C,C,C,C,Non,C,Non,C,C,C,C,C,C,Non,C,Non,Non,C,C,C,C,C,C,C,Non,C,C,Non,C,C,C,C,C,C,C,NA,NA,C,C,C,C,C,Non,C,C,Non,C,C,C,Non,Non,Non,C,C,Non,C,Non,C,Non,C,C,C,C,C,Non,Non,C,Non,Non,Non,C,C,C,C,Non,Non,C,C,C,C,Non,Non,C,Non,C,C,C,Non,C,Non,C,Non,Non,Non,C,Non,Non,Non,Non,C,C,C,C,Non,C,Non,Non,C,Non,Non,Non,Non,Non,C,Non,C,C,C,C,Non,Non,C,Non,Non,C,Non,Non,C,C,C,C,C,Non,Non,C,Non,C,C/D,C,Non,C,Non,C,C,BL01UK01FR019,UKFR019,712,23.73333333,2020,gb
R_eDNvLj48I2MCuL7,Female,University degree or equivalent,University degree or equivalent,45,55,0,NA,French;45;,English;55;,,45,55,0,NA,French,NA,10,9,5,German,I always (or almost always) speak French to my child,English,NA,4,10,NA,NA,I always (or almost always) speak English to my child,First,NA,1,26,Always (or almost always) English,2,C/D,C,C,C,C/D,C,C/D,C/D,C/D,C/D,C/D,C/D,C/D,Non,C/D,C/D,C/D,C/D,C/D,C/D,Non,C/D,C/D,C/D,C/D,Non,C/D,C/D,C/D,C/D,C/D,C/D,C/D,C/D,C/D,C/D,C/D,C/D,C/D,C/D,Non,C/D,C/D,C/D,C/D,C/D,C/D,C/D,C/D,C/D,C/D,C/D,C/D,C/D,C/D,C/D,C/D,C/D,C/D,C/D,C/D,C/D,C/D,C/D,C/D,C/D,C/D,C/D,C/D,C/D,C/D,C/D,C/D,C/D,C/D,C/D,C/D,C/D,C/D,C/D,C/D,C/D,C/D,C/D,C/D,C/D,Non,C/D,C/D,C/D,C/D,Non,C/D,C/D,Non,C/D,C/D,C/D,C/D,C/D,C/D,C/D,C/D,C/D,C/D,C/D,C/D,C/D,C/D,C/D,C/D,C/D,C/D,C/D,C/D,C/D,Non,C/D,C/D,C/D,C/D,Non,C,C/D,Non,C/D,C/D,C/D,C/D,C/D,C/D,C/D,C/D,C,C/D,Non,C/D,C/D,C/D,C/D,C/D,C/D,C/D,Non,C/D,C/D,Non,C/D,Non,C/D,C/D,Non,C/D,C/D,C/D,C/D,C/D,C/D,C/D,C,C/D,C/D,C/D,Non,C/D,Non,C/D,C/D,C/D,C/D,C/D,C/D,C,C/D,C/D,Non,Non,C/D,C/D,C/D,C/D,C/D,C/D,C/D,Non,C/D,C/D,C/D,C/D,C/D,C/D,C/D,C/D,C/D,C/D,C/D,C/D,Non,C/D,C/D,C/D,C/D,C/D,Non,Non,C/D,C/D,C/D,C/D,C,C/D,Non,C/D,C/D,C/D,C/D,C/D,C/D,Non,Non,C/D,C/D,C/D,C,C/D,Non,Non,C/D,C/D,Non,C/D,Non,C/D,C/D,Non,C/D,Non,Non,C/D,C/D,Non,Non,Non,C/D,C/D,C/D,C/D,C/D,C/D,C,C/D,C/D,C/D,C/D,C,C/D,C,C/D,C/D,C/D,C/D,Non,C/D,C/D,C/D,C/D,C/D,C/D,C,C,C/D,C/D,C/D,C/D,C/D,C/D,C/D,C/D,C,C/D,Non,Non,C/D,C/D,C/D,C/D,C/D,C/D,C/D,Non,C,C,C/D,C/D,C/D,C/D,C/D,C/D,C,C/D,Non,Non,Non,Non,Non,Non,C/D,C/D,C/D,NA,NA,Non,C/D,C,C/D,C/D,C/D,C/D,C/D,Non,C/D,C/D,C/D,Non,C/D,C/D,C/D,C/D,C/D,C/D,C/D,C/D,C/D,C/D,C/D,C/D,C/D,C/D,C/D,C/D,C/D,Non,C/D,C/D,C/D,C/D,C/D,C/D,C,C/D,C/D,C/D,C/D,C/D,C/D,C/D,Non,Non,Non,C/D,C/D,C/D,C/D,C/D,C/D,C/D,C,C,C,C/D,C/D,Non,Non,C/D,Non,Non,Non,Non,C,Non,Non,C,C/D,Non,C,Non,C/D,C,C/D,C/D,C/D,C,C/D,Non,C,C,Non,C/D,C/D,C/D,C/D,C/D,C/D,C,C,C/D,Non,C,C,Non,C/D,C/D,C/D,C/D,C/D,C/D,C/D,C/D,R_eDNvLj48I2MCuL7,R_eDNvLj48I2MCuL7,912,30.4,2020,gb
R_3qsbQncjzssAkm6,Female,University degree or equivalent,Left school at 18 with A-Levels or equivalent,40,60,0,NA,French;40;,English;60;,,50,50,0,NA,French,NA,10,8,NA,NA,I always (or almost always) speak French to my child,English,NA,0,10,0,NA,I always (or almost always) speak English to my child,First,NA,1,10,Always (or almost always) English,1,C/D,C/D,C/D,C/D,C/D,C/D,C/D,C/D,C/D,C/D,C/D,C/D,C/D,C/D,C/D,C/D,C,C/D,C/D,C/D,C,C/D,C/D,C/D,C/D,Non,C/D,C/D,C/D,C/D,C/D,C/D,C/D,C/D,Non,C/D,C/D,C/D,C,C/D,C,C/D,C/D,C/D,C/D,C/D,C/D,C/D,C/D,C/D,C/D,C/D,C/D,C/D,C/D,C/D,C/D,C/D,C/D,C/D,C,C/D,C/D,C/D,C/D,C,C/D,Non,Non,C,Non,C/D,Non,Non,C/D,C,C/D,C/D,C/D,C,C,Non,C,C/D,C,C/D,C/D,C/D,C/D,C/D,C/D,C/D,Non,Non,Non,C/D,C/D,C/D,C,C/D,C/D,Non,C,C,C/D,Non,C/D,C/D,Non,Non,C/D,C/D,C/D,C/D,C/D,Non,C/D,C,C/D,C/D,C/D,Non,Non,C/D,Non,Non,C/D,C/D,Non,C/D,C/D,C,C,C/D,Non,Non,C,C/D,Non,C/D,C/D,Non,C,Non,C/D,C/D,Non,C/D,C/D,C/D,C/D,Non,C/D,C/D,C/D,C/D,Non,C/D,C,C,C,C/D,C,C,C/D,Non,C/D,C,C/D,C/D,C,C/D,C/D,C/D,C,C/D,C/D,C/D,C/D,C/D,C/D,C/D,C/D,Non,Non,Non,C/D,C/D,C/D,C,C/D,C/D,C/D,C/D,C/D,C/D,C/D,C,C/D,C/D,C/D,C,C,Non,Non,Non,C,C,C,Non,C,Non,Non,Non,C/D,Non,C,C,Non,Non,Non,C/D,C,C/D,C/D,C,C/D,C/D,C/D,C/D,C/D,C,C/D,C/D,Non,C/D,C,C/D,Non,C/D,Non,Non,C,Non,C/D,C/D,C/D,C/D,C/D,C/D,C/D,C,C,C,C,C/D,C,C/D,C/D,C,C/D,C/D,C,C/D,C,C/D,C/D,C/D,C/D,Non,C,C,C/D,C,C/D,C/D,C/D,C,Non,Non,Non,C,C/D,C/D,C,C/D,C/D,Non,C/D,Non,C,C,Non,C/D,C/D,C/D,C/D,C/D,Non,Non,C/D,Non,C/D,C/D,C/D,C/D,C/D,C/D,C/D,NA,NA,Non,C/D,C,C,C,C,C/D,C/D,C,C/D,C/D,C/D,C,C,C,C/D,C/D,C/D,C/D,C/D,C/D,C/D,C,C,C,C,C,C,C,C/D,Non,C/D,C/D,C/D,C/D,Non,C,C,C,C,C/D,C,C,C/D,C/D,C/D,C,C/D,C,C/D,C/D,C,C/D,C,C,Non,Non,C,C/D,Non,C,C,C,C,C,C,Non,C,Non,Non,C,Non,Non,Non,Non,Non,C,C,C,C,C,C/D,Non,C,C,C,C,C/D,C/D,C/D,C,C,C,C,C,C,C/D,C/D,C/D,C,C/D,C/D,C/D,C,C,C,C,R_3qsbQncjzssAkm6,R_3qsbQncjzssAkm6,910,30.33333333,2020,gb
R_WqRtwImxgHX5IcN,Female,Left school at 18 with A-Levels or equivalent,NA,20,80,0,NA,French;20;,English;80;,,34,66,0,NA,French,NA,10,8,NA,NA,I regularly speak both French and English to my child,English,NA,1,10,NA,NA,I always (or almost always) speak English to my child,First,NA,1,9,Always (or almost always) English,1,C,Non,Non,Non,C,C,C,C,C,C,C,Non,C/D,Non,Non,C,C,C,C,C,C,C,C,C,C,Non,C/D,C/D,C/D,C/D,C,C/D,C,C,Non,C,C,C/D,C/D,C,Non,C,C,C,C,C/D,C,C,C/D,C/D,C,Non,Non,C,C,C,C,C,C,C,Non,C,C,C,C,C,C,Non,Non,Non,C,C,C,C,C,C,C,C,Non,Non,C,Non,Non,C,C,C,Non,Non,C/D,C,C,Non,Non,C,Non,C,C,C,C,C,Non,C,C,Non,C,C,C,C,Non,Non,C,C,C,Non,C,Non,C,C,C/D,C/D,C/D,Non,Non,C/D,Non,Non,C,C,C/D,Non,C/D,Non,Non,C,Non,Non,C,C,Non,C,C,Non,Non,Non,C,C,Non,C,C/D,C,C,Non,C,C,C,C/D,C,C,Non,C,Non,C,Non,Non,C,Non,C,Non,Non,C,C,C,C,C,Non,C,Non,C,Non,C,Non,C,Non,Non,Non,C,C,Non,C,C/D,C,C/D,C,Non,C,Non,C,Non,C,C,Non,C,C,Non,Non,Non,C,Non,C,Non,C,Non,Non,Non,C,Non,C,C,Non,C,Non,C,Non,Non,C,Non,Non,Non,Non,Non,Non,Non,Non,Non,Non,C/D,Non,Non,Non,C,Non,Non,Non,C,C,C,C,C,C/D,C/D,C/D,C,C,Non,C,C/D,C,C,C,C,C,Non,C,C,C,C/D,C,C,C,C,C,C,C,Non,C,C,C,C,Non,C,Non,C,C,C,C,Non,C,Non,C,Non,Non,C,C,C,Non,C,C,C,Non,C,C,C,C,C,C,C,C,C,Non,NA,NA,C/D,C,Non,C,C,C,C,C,Non,C,C,C,C,Non,C,C,C,C,Non,Non,C,C,C,C,C,C,C,C,Non,C,Non,C,C,C,C,Non,C/D,Non,Non,C,C,C,Non,Non,Non,Non,Non,Non,C,C,Non,Non,Non,Non,Non,Non,Non,C,Non,Non,Non,Non,C/D,Non,Non,C,Non,C,Non,Non,C,C,Non,C,Non,Non,C,Non,Non,C,C,Non,Non,C,C,Non,C,C,C,C,C,C,C,C,C,Non,C,C,Non,C,C,C,C,C,C,C,C,BL01UK01FR020,UKFR020,767,25.56666667,2020,gb
R_3ezbfwHs3IPA4cc,Male,University degree or equivalent,University degree or equivalent,50,50,0,NA,French;50;,English;50;,,90,10,0,NA,French,NA,10,8,5,Spanish,I always (or almost always) speak French to my child,NA,NA,NA,NA,NA,NA,NA,First,NA,1,5,Always (or almost always) English,3,C/D,C/D,C/D,C/D,C/D,C/D,C/D,C/D,C/D,C/D,C/D,C/D,C/D,C,C/D,C,C,C/D,C/D,C/D,C,C/D,C,C/D,C/D,C,C,C/D,C,C,C/D,C/D,C/D,C/D,C/D,C/D,C/D,C/D,C/D,C/D,C,C/D,C/D,C,C/D,C/D,C/D,C/D,C,C/D,C,C,C,C,C,C,C/D,Non,C,C/D,C,C,C/D,C/D,C,C,C/D,C,C,C/D,C/D,C/D,C,C/D,C/D,C/D,C/D,C/D,C/D,C/D,C,C,C,C/D,C/D,C/D,C/D,C/D,C,C/D,C/D,C/D,C,Non,C,C/D,C/D,C/D,C,C/D,C,Non,C/D,C/D,C/D,C,C/D,C/D,C/D,C/D,C,C/D,C/D,C/D,C/D,C/D,C,C,C,C/D,C/D,C,Non,C/D,C,C,C/D,C,C/D,C,C/D,Non,C,C/D,C,C,C/D,C/D,C,C/D,C,C,C/D,C,C/D,C,C,C/D,C/D,C/D,C/D,Non,C/D,C,C/D,C,C,C,C,C,C/D,C/D,C,Non,C/D,Non,C/D,C,C,C/D,C,C/D,C/D,C/D,C,C/D,C/D,C,C,C/D,C/D,C,C,C,Non,C,C/D,C,C,C,C,C/D,C/D,C,C,C,C,Non,C/D,C,C,C/D,C/D,Non,C,C,C,C,C/D,C/D,C/D,C/D,C,Non,C,C,C,C,Non,C/D,C/D,C,C/D,C/D,C/D,C,C,C,C,C/D,C/D,C,C/D,C/D,C,C/D,C,C,C,C,C,C,Non,C/D,C,C/D,C/D,C/D,C/D,C/D,C/D,C,C,C/D,C,C/D,C,C/D,C/D,C,C,C,C/D,C,C,C,C,C,C,C/D,C/D,C,C,C,C/D,C/D,C/D,C/D,C,C,C,C,C,C,C/D,C,C/D,C,C/D,C,C,C,C/D,C,Non,C/D,C,C/D,C,C,C,C,C,C,C/D,C,C,C,C,NA,NA,C/D,C,C,C,C/D,C,C,C/D,C,C,C/D,C,C,C,C,C,C/D,C,C,C,C,C,C,C/D,C,C/D,C,C,C,C,C,C/D,C,C/D,C/D,C,C/D,C,C,C,C/D,C/D,C,C/D,C/D,C,C,C,C/D,C,C/D,C,C/D,C/D,C,C,C,C,C/D,C,C,C,C,C,C,C,C,C,C,C,C,C,C,C,C/D,Non,C,Non,C/D,C,C/D,C/D,Non,Non,C/D,Non,Non,C,C,C,C,C,C/D,C/D,C/D,C,C,C,C,C/D,C/D,C,C/D,C/D,C/D,C/D,C/D,BL01UK01FR021,UKFR021,771,25.7,2020,gb
R_2YE1UunKmlhuVSy,Male,University degree or equivalent,University degree or equivalent,20,80,0,NA,French;20;,English;80;,,30,60,10,Urdu,Bilingual French and English,NA,10,10,0,NA,I regularly speak a mix of French / English / other languages to my child,English,NA,1,10,NA,NA,I regularly speak a mix of French / English / other languages to my child,First,NA,1,11,Always (or almost always) English,NA,C/D,C/D,C/D,C/D,C/D,C/D,C/D,C/D,C/D,C/D,C/D,C/D,Non,Non,Non,C/D,Non,C/D,C/D,Non,Non,C/D,C/D,Non,Non,Non,Non,C/D,C/D,Non,Non,C/D,C/D,Non,Non,C/D,C/D,Non,Non,Non,Non,Non,Non,Non,C/D,Non,C/D,C/D,Non,C/D,C/D,C/D,C/D,Non,C/D,C/D,C/D,C,C/D,C,Non,Non,C,Non,Non,Non,C,C,C,C/D,Non,C,Non,Non,C,Non,C,C/D,Non,Non,Non,Non,C,C,Non,Non,Non,Non,C/D,Non,Non,Non,Non,Non,Non,C,Non,Non,C,Non,Non,Non,Non,C,Non,Non,C,Non,Non,Non,Non,Non,Non,Non,C,Non,Non,C,C,C,C,Non,Non,Non,Non,C/D,Non,Non,C,Non,C/D,Non,C/D,Non,Non,Non,Non,Non,Non,Non,C/D,Non,Non,Non,Non,Non,C/D,Non,Non,Non,Non,Non,Non,Non,Non,C/D,Non,Non,Non,Non,Non,C/D,Non,Non,Non,Non,Non,Non,C,Non,Non,C,Non,Non,Non,Non,C,Non,Non,Non,Non,Non,Non,Non,Non,Non,Non,Non,Non,Non,Non,C,C,Non,Non,Non,Non,Non,Non,Non,Non,Non,C,Non,Non,Non,Non,Non,C,Non,C,Non,Non,Non,Non,C,Non,Non,Non,Non,Non,C,Non,C,C/D,Non,Non,Non,Non,Non,Non,Non,Non,Non,Non,C/D,Non,Non,Non,C/D,Non,C/D,Non,Non,C,C/D,C,C/D,C/D,Non,Non,Non,Non,Non,Non,C/D,Non,C/D,C/D,C/D,C/D,Non,Non,Non,C,C,C,C/D,Non,Non,C,Non,Non,Non,C,Non,Non,C,Non,C,Non,Non,C,Non,C,C,C,C,C,Non,Non,Non,Non,C,Non,C/D,C,Non,Non,Non,C,Non,Non,C,C,Non,Non,Non,Non,NA,NA,Non,Non,Non,C,Non,Non,Non,Non,Non,C,C,Non,Non,Non,Non,Non,Non,Non,Non,Non,Non,Non,C,C/D,C,C,C,C,C,C/D,Non,Non,C,Non,Non,Non,Non,Non,Non,C,C,Non,C,C/D,Non,Non,Non,Non,Non,C/D,Non,Non,Non,C/D,Non,Non,Non,C/D,Non,Non,Non,Non,C/D,Non,Non,Non,Non,C,C,Non,Non,Non,C,Non,Non,Non,Non,Non,C,Non,C,Non,Non,C,Non,Non,Non,Non,Non,Non,Non,Non,Non,Non,C,Non,Non,Non,Non,Non,C,Non,Non,Non,Non,Non,Non,BL01UK01FR022,UKFR022,882,29.4,2020,gb
R_2q2EOLdGIRse5rT,Male,University degree or equivalent,University degree or equivalent,30,60,10,urdu,French;30;,English;60;,Urdu;10;,30,60,10,urdu,French,NA,10,9,1,urdu,I regularly speak both French and English to my child,Other(s),urdu,1,9,10,urdu,I always (or almost always) speak English to my child,Third,NA,3,24,Always (or almost always) English,3,C,C,C,C,Non,C/D,C/D,C,C,C,C,C,C,C,C,C,C,C,C,C,Non,C,Non,C,C,C,C,C,C,C,C,C,C,C,C,C,C,C,C,C,C,C,C,C,C,C,C,C,C,C,C,C,C,C,C,C,C,C/D,C,C,C,C,C,C,C,C,C,C,C,C,C,C,C,C,C/D,C,C,C,C/D,C,C,C,C,C/D,C,C/D,Non,C,C/D,C,C,C,C,C,C,C,C,C,C,C,C,C,C,C,C,C,C,C,C,C,C,C,C,C,C,Non,C,C,C,C,C/D,C,C,C/D,C,C,C,C,C,C,C,C,C,C,C,Non,C,C,C,C,C,C,C,C,C,C,C/D,C,C/D,C,C,C,C,C,C/D,C,C,C,C,C,C,C/D,C,Non,C,C,C,C,C,C,C,C,C,C,C,C,C,C,C,C,Non,C,C,C,C,C,C,C,C,C,C,C,C,C,C,C,C,C,C,C,C,C,C,C,C,C,C,C,C,C,C,C,C,C,C,C,C,C,C,C,C,C,Non,C,C,C,C,C,C,C,C,C,C,C,C,C/D,C,C,C,C/D,C,C/D,C,C,C/D,C/D,C,C/D,C/D,C,C/D,C,C,C,C,C/D,C,C/D,C,C,C/D,C,C,C,C,C,C,C,C,C,C,C,C,C,C,C,C,C,C,C,C,C,C/D,C,C,C,C,C,C,C,C,C,C,C,C,C,C,C,C,C,C,C,C,C,C,C,C,C,C,NA,NA,C,C,C,C,C,C,C,C,C,C,C,C,C,C,C,C,C,C,C,C,C,C,C,C/D,C,C,C,C,C,C,C,C,C,C,C,C,C,C,C,C,C,C,C,C,C,C,C,C,C,C,C,C,C,C,C,C,C,C,C,C,C,C,C,C,C,C,C,C,C,C,C,C,C,C,C,C,C,C,C,C,C,C,C,C,C,C,C,C,C,C,C,C,C,C,C,C,C,C,C,C,C,C,C,C,C,C,C,R_2q2EOLdGIRse5rT,R_2q2EOLdGIRse5rT,1027,34.23333333,2020,gb
R_2ccKL9mssgjxJuj,Male,University degree or equivalent,No qualifications,50,49,1,Hebrew,French;50;,English;49;,Hebrew;1;,60,39,1,Hebrew,French,NA,10,8,NA,NA,I always (or almost always) speak French to my child,English,NA,3,10,NA,NA,I always (or almost always) speak English to my child,First,NA,1,NA,NA,2,C/D,C/D,C/D,C/D,C/D,C/D,C/D,C/D,C/D,C/D,C/D,C/D,C/D,C/D,C/D,C/D,C/D,C/D,C/D,C/D,C,C/D,C/D,C/D,C/D,C,C/D,C/D,C/D,C/D,C/D,C/D,C/D,C/D,C/D,C/D,C/D,C/D,C,C/D,C,C/D,C/D,C/D,C/D,C/D,C/D,C/D,C/D,C/D,C/D,C/D,C/D,C/D,C/D,C/D,C/D,C/D,C/D,C/D,C/D,C,C/D,C/D,Non,Non,C/D,Non,Non,Non,Non,C/D,Non,Non,C/D,C/D,C/D,C/D,C/D,Non,C/D,Non,C/D,C/D,C/D,C/D,Non,Non,Non,C/D,C/D,C/D,Non,Non,Non,C/D,C,C/D,C/D,C,C,Non,Non,C,Non,C,C/D,C/D,C,Non,C/D,C/D,C/D,C/D,C/D,C,C/D,C,C/D,C/D,C/D,Non,C/D,C/D,C,Non,C/D,C/D,C,Non,C,Non,Non,C,Non,Non,C,C/D,Non,C,Non,Non,C,Non,C,C/D,Non,C,C,C/D,C/D,Non,C,Non,C,C/D,C,C/D,C,C,C/D,C/D,Non,Non,C/D,Non,C/D,C,C/D,C/D,C,C/D,Non,C/D,C,Non,C,C/D,C,C/D,C,Non,C/D,Non,Non,C/D,C,C,C/D,C,C,Non,C,C,C/D,C/D,Non,C,C,C,Non,Non,C,C/D,C/D,C,C,C,C,C,C,C,Non,Non,C/D,Non,C,C,Non,Non,C,C/D,C,C,C/D,C/D,C,C/D,Non,Non,Non,Non,C/D,C/D,Non,C/D,C/D,Non,Non,Non,Non,Non,Non,C/D,C,C/D,C/D,C,C/D,C/D,C/D,C,C,C,C,C/D,Non,C/D,C/D,C,C,Non,Non,C/D,C/D,C,Non,C,C,C,C/D,C,C,Non,C/D,C,C,C/D,Non,C,C,C/D,C/D,C/D,C,C,C/D,Non,C/D,Non,Non,C/D,Non,C/D,C/D,C,C/D,C/D,C,C,C/D,Non,C,C,C/D,C/D,C,C,C,NA,NA,C/D,C/D,Non,C/D,C,Non,C,C,Non,C/D,C,C/D,Non,C,Non,C,C/D,Non,C,C,C,C,C,C/D,Non,C/D,Non,Non,C/D,C/D,Non,C/D,C/D,C/D,C/D,C,C/D,Non,Non,C,C/D,C/D,Non,C,C/D,Non,Non,Non,C/D,Non,C,C,C/D,C/D,C,Non,Non,C,C/D,Non,Non,Non,C/D,Non,Non,Non,Non,C/D,Non,Non,C,C/D,Non,Non,Non,Non,Non,Non,C/D,C,C,C/D,Non,C,C,Non,Non,C,Non,C,C/D,Non,C,C/D,C/D,Non,C,C,Non,Non,C/D,Non,Non,Non,Non,Non,Non,BL01UK01FR023,UKFR023,857,28.56666667,2020,gb
R_2pJLEIfMrRweYji,Female,University degree or equivalent,University degree or equivalent,25,75,0,NA,French;25;,English;75;,,25,75,0,NA,Bilingual French and English,NA,9,10,NA,NA,I regularly speak both French and English to my child,English,NA,NA,10,NA,NA,I always (or almost always) speak English to my child,First,NA,1,24,Always (or almost always) English,4,C/D,C/D,C,C/D,Non,C/D,Non,C/D,C/D,C/D,Non,Non,Non,Non,Non,C/D,C/D,Non,C/D,C/D,Non,C/D,C,C/D,C/D,C,Non,C/D,C/D,C/D,Non,C/D,C,C/D,Non,C/D,Non,C/D,Non,C/D,Non,C,Non,C,Non,C,Non,C/D,C,C/D,Non,Non,Non,C,C,Non,C,C,C/D,C,Non,C,C,Non,C,Non,C/D,C,C,C,C/D,C/D,C,Non,C/D,C,C,C,Non,Non,C/D,Non,C,C/D,C/D,C,C,Non,C/D,C/D,C/D,C,Non,C,Non,C/D,C,C/D,C,C,Non,Non,C/D,C,Non,Non,C/D,C/D,Non,Non,C/D,C/D,C/D,Non,C/D,Non,C/D,C,C/D,C/D,C/D,C,C,C,Non,C/D,Non,C,C/D,C/D,C/D,C/D,C,C,C,Non,Non,C,C,C,C,Non,C,Non,Non,Non,Non,C,C/D,C,Non,Non,C,Non,C/D,C,Non,C,C/D,Non,Non,C,C,Non,C/D,Non,C/D,Non,C,Non,Non,C,Non,Non,Non,C,Non,Non,Non,Non,C/D,Non,Non,Non,C,Non,C/D,Non,C,C/D,C/D,C,C,Non,C,C,C/D,Non,C,C,Non,Non,Non,Non,Non,Non,Non,Non,Non,Non,C,Non,Non,Non,C,C,Non,C,Non,Non,C,C,C,C,C/D,C,Non,Non,C,Non,Non,Non,C/D,C/D,Non,C/D,Non,Non,Non,C/D,Non,Non,Non,C,C/D,C/D,C/D,C,C/D,C,C/D,C,C,C,C,C/D,C,C/D,C/D,C,C/D,Non,C,Non,Non,C,Non,C/D,Non,Non,C,Non,Non,C,Non,C/D,Non,C/D,Non,C/D,Non,C,Non,C/D,Non,C,C,Non,C/D,Non,Non,C,Non,Non,Non,C/D,C,C,Non,Non,C,Non,C,Non,C/D,C/D,Non,Non,Non,NA,NA,C,C,Non,C,Non,C,Non,Non,Non,C,Non,C/D,Non,Non,Non,Non,C,C,Non,Non,C/D,Non,Non,C/D,C,Non,C,Non,C,Non,C,C,Non,C,C/D,Non,Non,Non,Non,C/D,C/D,C/D,C,C,C/D,Non,Non,Non,Non,Non,C,Non,C/D,Non,Non,Non,Non,C,C/D,Non,C,Non,C/D,Non,Non,Non,Non,Non,C,Non,C,C,C,C,C,C,C,C,C,C,Non,C,Non,Non,C,Non,Non,C,Non,C,C,C,C,C,C,Non,C,C,Non,Non,C/D,Non,Non,Non,C,Non,C,R_2pJLEIfMrRweYji,R_2pJLEIfMrRweYji,999,33.3,2020,gb
R_6zKAjxzvBJtbRsZ,Female,University degree or equivalent,University degree or equivalent,20,80,0,NA,French;20;,English;80;,,50,50,0,NA,English,NA,9,10,NA,NA,I regularly speak both French and English to my child,French,NA,10,9,NA,NA,I always (or almost always) speak French to my child,Second,NA,2,13,Always (or almost always) English,NA,C/D,C,Non,C,C/D,C/D,C/D,C/D,C/D,C/D,C/D,C/D,Non,Non,Non,C,C,C/D,C/D,C,Non,C/D,C,C/D,C,Non,C/D,C/D,C/D,C,C/D,C/D,C/D,C,Non,C/D,C,C,C/D,C/D,C/D,C,C,C,C,C,C/D,Non,C/D,C/D,C,C,C/D,C,C,C/D,C/D,C/D,C/D,C/D,C,C,C/D,C,C,C,C/D,C/D,C,Non,C/D,C/D,C/D,C,C/D,C,C/D,C/D,C,C/D,C/D,Non,C/D,C,C/D,C/D,C,C,C/D,C,C/D,C,Non,C/D,Non,C/D,C,C/D,C/D,C,Non,Non,C/D,C,C/D,C,C,C/D,Non,Non,C/D,C/D,C/D,C,C/D,Non,C/D,Non,C,C/D,C/D,C,Non,C/D,Non,Non,C/D,Non,C/D,C,C/D,C,C,C/D,C/D,Non,C,C/D,C/D,C,C/D,C,C,C,C,C,Non,C/D,C,C,C,Non,C,C,C/D,C/D,C,C,C,C,C,C/D,Non,Non,C,Non,C,C,C/D,C/D,C,C,C,C,C,C,C,C,C,C/D,C/D,C/D,Non,Non,Non,C,C/D,C,C,C/D,C,C/D,C/D,C/D,C,C/D,C,C,C/D,C/D,Non,C,C/D,Non,Non,Non,C,C,C,Non,C,C/D,Non,Non,C/D,Non,C/D,C/D,C,Non,C,C/D,C,Non,C/D,Non,Non,C,Non,C,Non,Non,Non,Non,Non,C/D,Non,Non,C/D,C/D,Non,Non,Non,Non,C,C/D,C/D,C/D,C/D,C/D,C/D,C,C,C,C,C/D,C,C/D,C/D,C,C/D,C/D,C/D,C,C,C,C,C,C,C,C,C,C,C,C,C/D,C/D,C/D,C,C,C,C/D,C/D,C/D,C/D,C,C,Non,C/D,C,Non,Non,C,C,C/D,C/D,C/D,C,C/D,C,C,Non,C/D,C/D,C/D,C,C,C,C,NA,NA,C/D,C/D,Non,C,C,C/D,C,Non,Non,C,C,C/D,Non,Non,C,C,C/D,C,C/D,C,C/D,C,C,C/D,C,Non,Non,Non,C,C,C,Non,Non,C/D,C/D,C,C/D,C,C,C/D,C/D,C/D,C,Non,Non,Non,Non,Non,C/D,C,Non,C,Non,C/D,C,Non,Non,C,Non,C,Non,Non,C,C,C,C,Non,C,C,Non,C,C,Non,Non,Non,Non,Non,Non,Non,Non,C,C,Non,C,C,Non,C,C,C,Non,C/D,Non,Non,Non,C,Non,Non,Non,Non,C,C/D,C,C,C,C,C,C,R_6zKAjxzvBJtbRsZ,R_6zKAjxzvBJtbRsZ,689,22.96666667,2020,gb
R_333cK6xQeFf5V71,Female,University degree or equivalent,University degree or equivalent,30,70,0,NA,French;30;,English;70;,,40,60,0,NA,English,NA,1,10,NA,NA,I always (or almost always) speak English to my child,French,NA,10,8,NA,NA,I regularly speak both French and English to my child,First,NA,1,8,Always (or almost always) English,2,C,Non,Non,Non,C/D,C,Non,Non,C/D,Non,Non,C,Non,Non,Non,C,Non,Non,Non,C,Non,C,C,C,C,Non,Non,Non,C,C,Non,C,C,Non,Non,C,Non,Non,C,C,Non,Non,Non,Non,C,Non,C,Non,Non,C,C,C,C,Non,C,Non,C,Non,Non,C,Non,C,C,C,C,C,C/D,Non,C,Non,Non,C,Non,Non,C,Non,C,C,Non,C,C,C,Non,C,Non,C,Non,C/D,Non,C,C,Non,C,Non,C,C,C,C,Non,Non,Non,Non,Non,Non,Non,C,C,C,Non,Non,Non,C,C,C,Non,C,C,C,C,C,C,Non,Non,C,Non,Non,Non,C,C,Non,C,Non,Non,C,C,C,C,C,C,C,C,Non,C,Non,Non,C,Non,C,C,Non,Non,Non,C,Non,C,C,C,C,C,C,Non,C,Non,Non,Non,Non,C,C,C,Non,Non,C,Non,Non,Non,Non,Non,Non,Non,Non,Non,Non,Non,Non,Non,Non,C,C,C,C,Non,Non,C,Non,C,Non,Non,Non,C,C,Non,Non,Non,Non,C,Non,C,C,C,C,C,Non,C,Non,Non,Non,C,Non,Non,Non,Non,C,C,C,C,C,C,C,Non,Non,Non,Non,C,C,Non,C,C,C,Non,C,Non,Non,Non,Non,C,C,C,C,C,C/D,C,C,C,Non,C,Non,C,C/D,C,C,Non,Non,Non,Non,C,C,C,C,Non,C,C,C,C,C,C,C,Non,Non,Non,Non,Non,Non,C,C,C,Non,C,Non,C,Non,Non,Non,Non,Non,Non,C,C,Non,Non,Non,C,Non,C,Non,C,C,Non,C,Non,NA,NA,Non,C,C,C,Non,C,Non,Non,Non,Non,C,C,Non,C,Non,Non,C,Non,Non,Non,Non,Non,Non,C,C,Non,Non,C,C,C,Non,C,Non,C,C,Non,C,Non,C,C,C,Non,Non,Non,Non,Non,Non,Non,C,C,Non,Non,Non,Non,C,Non,Non,Non,C,C,Non,C,Non,Non,Non,Non,Non,C/D,C,Non,C,Non,Non,C,Non,Non,C,C,C,C,C,Non,Non,C,C,Non,Non,Non,Non,C,C,Non,Non,Non,C,Non,Non,C,Non,C,C/D,Non,C,C/D,Non,C,Non,R_333cK6xQeFf5V71,R_333cK6xQeFf5V71,667,22.23333333,2020,gb
R_31Qo6G7OXGaBrxz,Male,University degree or equivalent,University degree or equivalent,20,80,0,NA,French;20;,English;80;,,60,40,0,NA,French,NA,10,9,NA,NA,I always (or almost always) speak French to my child,English,NA,6,10,NA,NA,I regularly speak a mix of French / English / other languages to my child,First,NA,1,10,Always (or almost always) English,3,C,C/D,C,C/D,Non,C/D,C,C/D,C/D,C/D,C/D,C/D,C/D,Non,C/D,C/D,C/D,C/D,C/D,C/D,Non,C/D,C/D,C/D,C/D,C,C/D,C/D,C/D,C/D,C/D,C/D,C/D,C/D,C/D,C/D,C/D,C/D,C/D,C/D,Non,C/D,C/D,C/D,C/D,C/D,C/D,C/D,C/D,C/D,C/D,C/D,C/D,C,C/D,C/D,C/D,C/D,C/D,C/D,Non,C/D,C/D,Non,Non,C/D,C/D,C/D,Non,Non,C/D,C/D,Non,C/D,C/D,Non,C/D,C/D,C/D,C/D,C/D,Non,C/D,C/D,C/D,C/D,Non,Non,C/D,C/D,C/D,Non,C,C/D,Non,C/D,C/D,C/D,C/D,C,Non,C,C/D,C/D,C/D,C/D,C/D,C/D,Non,C,C/D,C/D,C/D,C,C,C/D,C/D,Non,C/D,C/D,C/D,Non,C,C/D,Non,Non,C/D,C/D,C/D,C/D,C/D,Non,Non,C/D,Non,Non,C,C/D,Non,C/D,C/D,Non,C/D,C,C/D,C/D,Non,C/D,C/D,C/D,Non,Non,C,Non,C/D,Non,C/D,C/D,C/D,C/D,C/D,C/D,C,Non,C,Non,C/D,C/D,C/D,C/D,C/D,C/D,C,C,C,C/D,Non,C/D,C,C/D,C/D,C/D,C/D,Non,C,C/D,C/D,C/D,C/D,C/D,C/D,C/D,C/D,C/D,C/D,C/D,C/D,Non,C/D,C/D,Non,C/D,C/D,C,C/D,Non,C/D,Non,C/D,Non,C/D,C/D,Non,Non,C/D,C/D,C/D,C/D,C/D,Non,C/D,C/D,C/D,Non,C/D,C/D,C/D,Non,C/D,Non,Non,C/D,Non,Non,Non,C/D,C/D,Non,Non,C/D,C/D,C/D,Non,C/D,C/D,C/D,C/D,C/D,C/D,C/D,C/D,C,C,C,C,C/D,C,C/D,C,C,C/D,C/D,C,C/D,C/D,C/D,C/D,C/D,C/D,C/D,C/D,C/D,C/D,C,C/D,C/D,C/D,C/D,Non,C/D,C/D,C/D,C/D,C/D,C/D,C/D,C/D,C,C/D,C,C/D,C/D,C/D,C/D,C/D,C/D,C/D,C/D,C,C/D,C/D,C/D,C/D,C/D,C/D,C/D,C/D,C/D,C/D,NA,NA,C/D,C/D,C/D,C/D,C/D,C/D,C,C,C,C/D,C/D,C/D,C,C/D,C/D,C/D,C/D,C/D,C/D,C,C/D,C/D,C,C/D,C/D,C/D,C/D,C,Non,C/D,Non,Non,C/D,C/D,C/D,C/D,C/D,C/D,Non,C/D,C/D,C/D,C/D,C/D,C/D,C/D,C/D,C/D,C/D,C/D,C/D,C/D,C/D,C/D,C,Non,Non,C/D,C/D,C/D,Non,Non,C/D,C/D,Non,Non,C,C/D,C,C,C,C,Non,Non,C,C,C,C,C,C/D,C/D,C/D,Non,C/D,C/D,C,C/D,C/D,C/D,C/D,C/D,C,C/D,C/D,Non,C,C/D,C/D,Non,C/D,C/D,C/D,C/D,C,C/D,C/D,C,R_31Qo6G7OXGaBrxz,R_31Qo6G7OXGaBrxz,951,31.7,2020,gb
R_3ejYg2u69sTqi8D,Male,University degree or equivalent,University degree or equivalent,30,70,0,NA,French;30;,English;70;,,60,40,0,NA,French,NA,10,8,6,Mandarin ,I always (or almost always) speak French to my child,English,NA,3,10,5,italian,I always (or almost always) speak English to my child,First,NA,1,4,Always (or almost always) English,1,C/D,C/D,C,C,C/D,C/D,C/D,C/D,C/D,C/D,C,C,Non,Non,C,Non,C,Non,Non,C,C,C,C,C,Non,Non,Non,C,Non,Non,C,Non,C,C,Non,C,Non,Non,Non,C,Non,C,C,Non,C,Non,C,Non,Non,Non,Non,Non,Non,Non,Non,Non,Non,C,C,Non,C,C,C,Non,Non,Non,C/D,C,Non,Non,Non,Non,Non,C,C,C,C,Non,Non,Non,C,Non,Non,Non,C,C,Non,C,Non,Non,Non,Non,Non,Non,Non,Non,C,C,C,C,Non,Non,C,C,C,C,C,C,Non,Non,C,C,C,C,C,Non,C,Non,C,C/D,C,Non,Non,C,C,C,C,C,C,C,C,Non,Non,C,C,Non,Non,C,C,C,C,Non,C,C,C,C,Non,C,Non,C,Non,Non,C,Non,C,C,C,C,Non,Non,Non,C,Non,Non,C,Non,Non,Non,C,Non,Non,C,Non,Non,Non,Non,Non,Non,Non,Non,Non,Non,C,Non,Non,C,C,C,C,Non,C,C,C,C,C,C,C,Non,C,C,Non,Non,Non,Non,Non,C,C,Non,Non,Non,Non,C,Non,Non,C,Non,Non,C,Non,Non,Non,C,Non,Non,C,Non,Non,Non,Non,Non,Non,Non,C/D,C,Non,C/D,Non,Non,C,Non,Non,Non,Non,Non,C,C,C,C,C,C,C,C,C,C,C,C,C,C/D,C,C,C,Non,C,C,C,C,Non,C,C,C,C,C,Non,Non,C,C,C,C,Non,C,C,C,C,C,C,C,C/D,Non,C,C,Non,C,C,C,C,C,C,C,C,C,C,C/D,C,C,C,C,C,C,Non,NA,NA,Non,C,C,C,C,C,C,C,Non,C,C,Non,C,C,C,C,C/D,Non,C,C,C,Non,C,Non,C,Non,C,Non,C,C,Non,Non,Non,Non,Non,Non,Non,Non,Non,C,C,Non,C,Non,Non,C/D,C,Non,Non,Non,Non,Non,Non,Non,Non,Non,Non,C,Non,Non,Non,Non,Non,Non,Non,C/D,Non,C,C,Non,C,C,Non,Non,Non,Non,Non,Non,Non,C,C/D,C/D,Non,Non,C,Non,C,C,Non,C,C,Non,Non,Non,Non,Non,Non,Non,Non,Non,C,C,C,C,Non,Non,C,BL01UK01FR024,UKFR024,579,19.3,2020,gb
R_1Nbu1apKjtWXMgX,Male,University degree or equivalent,University degree or equivalent,24,74,2,russian armenian,French;24;,English;74;,Other;2;,30,70,0,NA,English,NA,5,10,NA,NA,I always (or almost always) speak English to my child,French,NA,10,9,NA,NA,I always (or almost always) speak French to my child,First,NA,1,20,Always (or almost always) English,2,C/D,C/D,C/D,C/D,C/D,C/D,C/D,C/D,Non,C/D,C/D,C/D,C/D,C,C/D,C/D,C/D,C/D,C/D,C/D,Non,C/D,C/D,C/D,C/D,Non,C/D,C/D,C/D,C/D,C/D,C/D,C/D,C/D,C,C/D,C/D,C,C/D,C/D,C,C/D,C/D,C/D,C/D,C/D,C/D,C/D,C/D,C/D,C/D,C/D,C/D,C/D,C/D,C/D,C/D,C/D,C/D,C/D,Non,C,C/D,C/D,Non,Non,C/D,C,Non,Non,C,C/D,C,Non,C/D,C,C/D,C/D,C/D,C,C,Non,C/D,C/D,C/D,C,Non,C/D,C/D,C,C/D,Non,Non,C,C,C/D,C/D,C/D,C/D,C/D,C/D,Non,C/D,C/D,C/D,C/D,C/D,C/D,C,C,C/D,C/D,C/D,C/D,C/D,Non,Non,C/D,C/D,C/D,C/D,C/D,Non,C,C,Non,C/D,C,C/D,Non,C/D,Non,C/D,Non,C,Non,C,C,Non,C,C/D,Non,C,Non,C/D,C/D,C/D,C/D,C/D,C/D,C/D,Non,C,Non,C/D,C/D,Non,C/D,C/D,C/D,C/D,C/D,Non,Non,C/D,Non,C/D,C,C,C/D,C,C/D,C,C,Non,C/D,C,C,Non,C/D,C/D,C/D,C/D,Non,Non,Non,C/D,C/D,C/D,C/D,C/D,C/D,C,C,C,C/D,C,Non,C/D,C/D,Non,Non,C/D,C,C,Non,C,Non,C,Non,C,C/D,Non,Non,C/D,Non,C,C,Non,Non,C,C/D,C/D,C,C/D,C,C,C/D,C,C,C,C,C,C,Non,C,C/D,Non,C,C/D,C,C/D,C,C,C,C/D,C/D,C/D,C/D,C,C/D,Non,Non,Non,C,C/D,C,C/D,C/D,Non,C/D,C,C/D,C,C,C/D,C,C,C,C,C,C,C,Non,C/D,C,C/D,C,Non,C,Non,C,C,C,C,C,C,Non,C/D,Non,C,C,C,C,C,C,C,C/D,Non,C,C,C,C,C,C/D,C,C,C,C,NA,NA,Non,Non,Non,Non,Non,Non,Non,Non,Non,Non,Non,Non,Non,Non,Non,Non,Non,Non,Non,Non,Non,Non,Non,C,C,C,C,Non,C,C,Non,C/D,C/D,C/D,C/D,C/D,C,C,C,C,C/D,C,C,C,C/D,C,C,C,C/D,C,C/D,C,C/D,C/D,C/D,C,Non,C/D,C/D,C,Non,C,C/D,Non,Non,Non,Non,C,Non,Non,C,C,Non,Non,Non,Non,Non,Non,Non,C,C,C,Non,C,C,C,C,C,C,Non,C/D,C,C,C,C,C,C,C,Non,Non,C/D,Non,C,C,Non,Non,C,BL01UK01FR025,UKFR025,773,25.76666667,2020,gb
R_20Y8ZGFyK6Q8fCw,Female,University degree or equivalent,University degree or equivalent,45,45,10,Italian,French;45;,English;45;,Italian;10;,45,45,10,NA,French,NA,10,8,9,Italian ,I regularly speak both French and English to my child,English,NA,4,10,3,Italian,I regularly speak both French and English to my child,First,NA,1,12,Always (or almost always) English,1,C,C,C,C,C,C,C,C/D,C/D,C/D,C,C,C,Non,C,C,C,C,C,C,C,C/D,C,C,C,Non,Non,Non,Non,C,C,C,C,Non,Non,C,C/D,C,Non,C,Non,C,C,C,C,Non,C,C,Non,C/D,Non,Non,Non,C/D,C,C,C,C,C,C,Non,C,C,C,C,Non,C,Non,Non,Non,C,C,C,C,C,C,C,C,C,Non,C,Non,Non,Non,C/D,C,Non,Non,C,C,C,C,Non,Non,Non,C,C,C,C,C,C,Non,C,C,C,C,C,C,C,Non,C,C,C,C,C,Non,C,Non,C,C,C,Non,C,C,C,Non,C,C,C,C,Non,C,C,Non,C,Non,Non,C,C,C,C,Non,C,Non,C,C,Non,C,C,C,C/D,Non,C,C,C,C,Non,C,C,C,C,C,Non,Non,C,Non,C,C,Non,C,Non,C,C,Non,Non,C,Non,C,Non,C,C,C,C,Non,Non,C,C,Non,C,C/D,Non,C,C,Non,C,Non,C,Non,C,C,Non,Non,C,Non,Non,Non,C,C,C,Non,C,Non,Non,Non,Non,Non,C,Non,Non,C/D,C,C,C,C,C/D,C,C,Non,C/D,Non,C,C,Non,Non,Non,C/D,C,Non,Non,C/D,C,Non,Non,Non,C,C,C/D,C,C,C/D,C/D,C,C,Non,C,C,C,C/D,C/D,C,C,C,C,C,C,C,Non,C,C,C/D,C,C,C,C,C,C,C,C,Non,C,Non,C,Non,C/D,C,Non,C,Non,C,Non,C,C,C,C,Non,C,C,C,Non,C,C,Non,C,C,C,C,C,C,C,NA,NA,C,C,C,C,C,C,C,C,Non,C,C,Non,Non,C,C,C,C,C,Non,C,C,C,C,C,C,C,C,C,C,Non,Non,Non,Non,C,C,Non,Non,Non,C,Non,Non,C/D,C,C,C,C,Non,Non,Non,C,C,C,C,C,Non,Non,Non,C,C,C,C,Non,Non,C,C,C,Non,C,C,Non,C,C,Non,C,Non,Non,C,C,C,C,C,Non,Non,Non,C,Non,C,C,Non,C,C,Non,C,Non,C,C,C,C,Non,C,C/D,Non,C,C,C,C/D,C,BL01UK01FR026,UKFR026,578,19.26666667,2020,gb
R_2cpI7qqNFkfQ5SZ,Female,University degree or equivalent,University degree or equivalent,90,10,0,NA,French;90;,English;10;,,95,5,0,NA,French,NA,10,4,NA,NA,I always (or almost always) speak French to my child,French,NA,10,5,NA,NA,I always (or almost always) speak French to my child,First,NA,1,NA,NA,2,C,C,C,C,Non,C,C/D,C/D,Non,C/D,C/D,C/D,C,C,Non,C,C,C/D,C/D,C/D,Non,C/D,C,C/D,C,Non,C,C,C/D,C/D,Non,C,C,C,Non,C/D,C,C,C/D,C/D,Non,C,C,C,C,C,C/D,C/D,C/D,C/D,C,C,C,C/D,C,C,C,C,C,C,Non,C,C,C/D,C,C,C/D,Non,Non,C/D,Non,C/D,C,Non,C/D,Non,C,C/D,C,C,C/D,Non,C/D,C,C/D,C/D,C,C,C/D,C,C/D,C,C,Non,Non,C/D,C,C,C,C,C,Non,C,C,Non,C,C,C,C,Non,C,C/D,C,C,C/D,Non,C,C,C,C/D,C,Non,Non,C/D,Non,Non,C/D,Non,C,C,C/D,C/D,C/D,Non,Non,Non,C,C/D,C,C,C,C,Non,Non,C,Non,Non,C/D,C/D,C/D,C,Non,C,C,C/D,C,C,C/D,C,C/D,C,C/D,Non,Non,C,Non,C/D,C,Non,C,Non,Non,Non,Non,Non,C/D,Non,C,Non,C,C,C,C/D,Non,Non,C,C,Non,Non,C,Non,C,C,Non,C/D,C,C,Non,C/D,C,Non,C,C/D,Non,Non,Non,C,C,Non,Non,Non,C/D,Non,Non,C,Non,C,C,Non,Non,Non,C/D,C,Non,C/D,C/D,Non,C/D,C,Non,C,C/D,C,C,Non,C/D,C/D,Non,Non,C/D,C,Non,Non,Non,C,C/D,C/D,C/D,C,C/D,C/D,C,Non,C,C,C/D,C,C/D,C,C,C/D,C,C,C,Non,C,C,C,C,C,C,C,C,Non,C,C,C/D,C,Non,C,Non,C/D,C/D,C/D,C,C,C,C,C/D,Non,Non,C/D,C,C,Non,C,C,Non,Non,C/D,C,Non,C,C,C,C/D,C,C,Non,NA,NA,Non,C,Non,C/D,C,C,C,C,Non,C,C,C,Non,Non,Non,C,C,C,C,Non,C,C,C,C/D,C,C/D,C,C,C,C,Non,Non,Non,Non,C/D,Non,C/D,Non,Non,C,C,C/D,C,Non,Non,Non,C,Non,C/D,Non,Non,Non,Non,Non,Non,Non,Non,C,Non,Non,Non,Non,C/D,Non,Non,Non,C,C/D,Non,Non,C,C,Non,Non,Non,Non,Non,Non,C,Non,Non,Non,Non,Non,Non,Non,Non,C,Non,Non,Non,C,C,C,Non,Non,C,C,Non,C/D,C,Non,Non,Non,Non,C/D,Non,BL01UK01FR027,UKFR027,626,20.86666667,2020,gb
R_XU4dxpAEfVHaGEp,Female,University degree or equivalent,University degree or equivalent,20,80,0,NA,French;20;,English;80;,,40,60,0,NA,French,NA,10,9,NA,NA,I always (or almost always) speak French to my child,English,NA,5,10,NA,NA,I always (or almost always) speak English to my child,Second,NA,2,11,Always (or almost always) English,1,C/D,C/D,C,C/D,C/D,C/D,C,C/D,C/D,C/D,C/D,C/D,C/D,Non,C/D,C/D,C/D,C/D,C/D,C/D,C/D,C/D,C/D,C/D,C/D,Non,C/D,C/D,C/D,C/D,C/D,C/D,C/D,C/D,Non,C/D,C/D,C/D,C/D,C/D,Non,C/D,C/D,C/D,C/D,C/D,C/D,C/D,C/D,C/D,C/D,C/D,C/D,C/D,C/D,C/D,C/D,C/D,Non,C/D,C,C/D,C/D,C/D,C/D,Non,C/D,C,C,C/D,Non,C/D,C/D,C/D,C/D,C,C/D,C/D,C/D,C,C/D,C,C/D,C/D,C/D,C/D,Non,C/D,C/D,C/D,C/D,C,C/D,Non,C,C/D,C/D,C/D,C/D,C,Non,C/D,C/D,C/D,C,C/D,C/D,C/D,C,Non,C/D,C/D,C/D,C/D,C/D,C,C/D,C,C/D,C/D,C/D,C,C,C/D,C,C/D,C/D,Non,C/D,C/D,C/D,C/D,C/D,C/D,C/D,Non,C/D,C/D,C,C/D,C/D,Non,C/D,C/D,C/D,C/D,C,C/D,C,C/D,C/D,Non,C/D,C/D,C/D,C/D,C,C/D,C/D,C,C/D,C/D,C/D,Non,C/D,C,C/D,C/D,C/D,C/D,C,C/D,C/D,C,C,C/D,C,C/D,C/D,C/D,C/D,C/D,C/D,C,C,C/D,C,Non,C,C/D,C/D,C/D,C/D,C/D,C,C/D,C/D,Non,C/D,C/D,C,C/D,C/D,C/D,Non,C,C,C/D,C/D,C,C/D,C,C,Non,C/D,Non,C/D,C/D,Non,C,Non,C/D,C/D,C/D,C/D,C/D,C,C,C/D,C,C/D,Non,C,C,Non,C/D,C/D,Non,Non,C/D,C/D,C,Non,Non,C/D,C,C/D,C,C/D,C/D,C/D,C/D,C,C,C,C/D,C/D,C/D,C/D,Non,C/D,C/D,C,C/D,C/D,C,C/D,C/D,C,C,C/D,C/D,C/D,C,C/D,C/D,C/D,C/D,Non,C/D,C,C/D,C,C/D,C,C/D,C/D,Non,C/D,Non,C,C/D,C,C/D,C/D,C/D,C/D,C/D,C/D,C,C/D,Non,C/D,C/D,C/D,C/D,C/D,C,C,NA,NA,C,C/D,C/D,C/D,C/D,C/D,C/D,C,C,C/D,C/D,C/D,C,C,C,C/D,C/D,C,C/D,C,C/D,C,C/D,C/D,C/D,C/D,C,C,C/D,C/D,Non,C/D,C/D,C/D,C/D,C/D,C/D,C,C,C/D,C/D,C/D,C/D,C/D,C/D,C,Non,C,C/D,C/D,C/D,C/D,C/D,C/D,C/D,Non,Non,C,C/D,C/D,Non,Non,C/D,C,C,C,C,C,C,C,C,C,C,C,C,C,C/D,C,C,C/D,C/D,C/D,Non,C,C/D,Non,C,C,C/D,C,C/D,C,C/D,C/D,C,Non,Non,C,Non,C/D,C/D,C/D,C/D,C/D,C/D,C/D,C/D,R_XU4dxpAEfVHaGEp,R_XU4dxpAEfVHaGEp,1031,34.36666667,2020,gb
R_djvnTQDoMioY5Nv,Male,University degree or equivalent,University degree or equivalent,50,50,0,NA,French;50;,English;50;,,75,25,0,NA,French,NA,10,8,9,Italian,I always (or almost always) speak French to my child,Other(s),Portuguese ,7,8,10,Portuguese ,I always (or almost always) speak French to my child,Second,NA,2,12,Always (or almost always) English,2,C,C/D,C/D,C/D,C/D,C/D,C/D,C/D,C/D,C/D,C/D,C/D,C/D,C,C,C/D,C,C/D,C/D,C/D,C,C/D,C/D,C/D,C,C,C/D,C/D,C/D,C/D,C/D,C/D,C/D,C/D,C,C/D,C/D,C/D,C/D,C/D,C/D,C,C,C/D,C/D,C/D,C/D,C/D,C/D,C/D,C/D,C/D,C/D,C,C/D,C/D,C/D,C,C/D,C/D,Non,Non,C,Non,Non,Non,C/D,C/D,C/D,C/D,C/D,C/D,Non,C/D,C/D,C/D,C/D,C/D,C/D,C/D,C/D,Non,C/D,C/D,C/D,C,C,C/D,C,C/D,C/D,C/D,C/D,C/D,C,C/D,C,C,C/D,C/D,C,C,C/D,C,Non,C,C,C/D,C,C,C/D,C/D,C/D,C/D,C/D,Non,C/D,C/D,C/D,C/D,C/D,C,Non,C,Non,Non,Non,C/D,C,C,C/D,Non,C,Non,C,C,C,C,C,C,C,C,C,C/D,C,C,Non,C,C,C,C,Non,C,Non,C,C,C,C,C,Non,Non,C,C/D,C/D,Non,Non,C/D,Non,C,C/D,C/D,C/D,Non,C,C,C/D,C,C/D,C,C/D,C/D,C,C/D,Non,Non,Non,C,Non,Non,Non,C,C,C,C,C/D,C/D,C,Non,C/D,C/D,Non,C/D,C/D,Non,Non,Non,Non,C,C,Non,C/D,C,C/D,Non,C/D,Non,C/D,C,Non,C/D,C/D,C/D,C/D,C,C,C,C,C/D,C,C,C,C/D,C/D,C/D,Non,C/D,C/D,C,C/D,C/D,C,C/D,C/D,C/D,C,C/D,C,C/D,C/D,C/D,C/D,C/D,C/D,C/D,C,C/D,C/D,C/D,C/D,C/D,C/D,C/D,C,C/D,C,C,C,C,C,C,C,C,C/D,C,C/D,C,C/D,C/D,Non,Non,Non,Non,C/D,C/D,C,C/D,C/D,Non,Non,Non,Non,Non,Non,Non,Non,Non,Non,Non,Non,Non,Non,Non,Non,Non,Non,Non,Non,Non,Non,NA,NA,Non,C/D,C,C/D,C,C/D,C/D,C,Non,C,C,C/D,C/D,C,Non,Non,C,C,C/D,C/D,C/D,C,Non,C,C,C,C,C,C/D,C/D,C,C/D,C/D,C,C,C,C/D,C,C,C,C/D,C,C/D,C/D,C/D,C,C,C/D,C,C/D,C/D,C/D,C/D,C,C,C,C/D,C,C/D,C,C,C,C,Non,C/D,C,Non,C,C/D,C/D,C/D,C,C/D,C/D,C/D,C/D,C,C/D,C/D,C/D,C,C/D,C,C,C,C,C/D,C/D,C,C/D,C/D,C,C/D,C/D,C/D,C/D,C,C/D,Non,C/D,C/D,C,C/D,C/D,C/D,C,C,R_djvnTQDoMioY5Nv,R_djvnTQDoMioY5Nv,1170,39,2020,gb
R_1JEhTwzQin6m5Ii,Male,University degree or equivalent,University degree or equivalent,30,70,0,NA,French;30;,English;70;,,60,40,0,NA,French,NA,10,8,0,NA,I always (or almost always) speak French to my child,English,NA,7,10,NA,NA,I regularly speak both French and English to my child,First,NA,1,15,Always (or almost always) English,0,C/D,C,Non,C,C/D,C/D,C/D,C/D,C,C,C/D,C/D,C/D,C,C,C,C,C,C,C/D,C/D,C/D,C/D,C/D,C/D,Non,C/D,C/D,C/D,C/D,C/D,C/D,C,C,C,C/D,C,C,C,C,C,C/D,C,C/D,C,C/D,C/D,C,C,C/D,C/D,C,C/D,C,C,C,C/D,C/D,C,C,Non,C,C,C,C,C,C/D,C/D,C,C,C/D,C/D,C,Non,C,C,C/D,C/D,C,C/D,C/D,C,C,C/D,C/D,C/D,Non,C,C/D,C,Non,C,C,C/D,C,C,C,C/D,C,C,C,C,C,C/D,C,C,C/D,C/D,C,Non,C/D,C/D,C/D,C/D,C/D,C,C,Non,C,C/D,C/D,C,Non,C/D,C,C/D,C/D,C,C,C,C/D,Non,C/D,C,C,Non,C,C,C,C,C/D,Non,C,C,C,C,C,C/D,C,C/D,C/D,Non,C,C,C,C,C,C/D,Non,C/D,C,C,Non,Non,C,Non,C,C,C,C,C,C/D,C,C,C,C/D,Non,C,C,C/D,C,C/D,C,Non,Non,C,C,C,C,C,C,C,C,C,C,C,C,Non,C/D,C/D,C,C,C,C,C,Non,C,Non,C,C,C,Non,Non,C,C/D,Non,C/D,C,Non,Non,Non,C/D,C,C/D,C/D,Non,C/D,C,C,C,C,Non,Non,Non,Non,C/D,Non,Non,Non,C/D,Non,C/D,Non,Non,C,C,C,C/D,C/D,C,C/D,C/D,C,C/D,C,C/D,C,C/D,C,C/D,C/D,C,C/D,C,C,C/D,C,C,C,C,C,C,C,C,C,C/D,C/D,C,C/D,C,C/D,C/D,C/D,C,C/D,C,C/D,C,C/D,C,C,C,C,C/D,C,C,C/D,C/D,C,Non,C/D,C,C,C/D,C/D,C/D,C/D,C,C,NA,NA,Non,C/D,C,C,C/D,C,C/D,C,C,C,C/D,C/D,C,C,C,C,C,C,C/D,C,C/D,C,C,C/D,C,C,C,C,C,C,C,C,C,C/D,C/D,C,C,C,C,C,C/D,C/D,C,C,C/D,C,C,C,C/D,C,C/D,C/D,C/D,C,C/D,C,C,C,C,C,Non,Non,C,C,C,C,C,C/D,C,C,C,C,C,C,C,C,C,C,C,C,C,C/D,C,C,C,Non,C,C/D,C,C,C/D,C,C,C,C/D,C,C,C,C,C,C/D,C,C/D,C,C,C,C,BL01UK01FR028,UKFR028,812,27.06666667,2020,gb
R_1H60tfubZoE2np8,Female,University degree or equivalent,University degree or equivalent,95,5,0,NA,French;95;,English;5;,,98,2,0,NA,French,NA,10,6,NA,NA,I always (or almost always) speak French to my child,French,NA,10,7,NA,NA,I always (or almost always) speak French to my child,First,NA,1,NA,NA,1,Non,C/D,C,C/D,C,C/D,C/D,C/D,C,C/D,C/D,C/D,C,C,Non,C,C,C/D,C/D,C/D,Non,C/D,C,C/D,C,Non,C,C,C/D,C/D,C,C,C,C,Non,C/D,C,C,C/D,C,Non,C,C,C,C,C,C/D,C,C/D,C/D,C,Non,C,C,C,C,C,C/D,C/D,C,Non,C/D,C/D,C/D,C,C,C/D,Non,Non,C/D,Non,C/D,C,Non,C/D,C,Non,C/D,C/D,Non,C/D,Non,C/D,C/D,C/D,C/D,Non,C,C/D,C,C/D,C,C,C,Non,C/D,C,C,C,C,C,Non,C,C,C,C,C/D,C/D,C,C,C,C/D,C,C,C/D,Non,C,C,C,C/D,C,Non,Non,C/D,Non,Non,C/D,C,C,C,C/D,C,C/D,Non,C,Non,C,C/D,C,C,C,C,Non,C,C,C,Non,C,C/D,C,C,C,C,C,C/D,C,C,C/D,C,C/D,C,C/D,Non,Non,C,C,C/D,C,Non,C,Non,C,C,C,Non,C/D,Non,C,Non,C,C,C,C/D,Non,Non,C,C/D,Non,C,C,C,C,C,Non,C/D,C,C,Non,C/D,C/D,Non,C/D,C/D,Non,C,Non,C,C,C,Non,Non,C/D,Non,Non,C,Non,C,Non,Non,Non,Non,C/D,C,Non,C/D,C/D,C,C/D,C,Non,C,C/D,Non,Non,Non,C/D,C/D,Non,Non,C/D,C,Non,Non,Non,C/D,C/D,C/D,C/D,C,C/D,C/D,Non,Non,C,C,C/D,C,C/D,C,C,C/D,C,C,C,C,C,C,C,C,C,C,C,C,C,C,C,C,C,Non,C,Non,C/D,C/D,C/D,C,C,C,C,C,Non,Non,C,C,C,C,C,C,C,Non,C/D,C,Non,C,C,C,C/D,Non,C,C,NA,NA,Non,C,Non,C/D,C,C,C,C,Non,C,C,C,Non,C,C,C,C,C,C,C,C,C,C,C/D,C,C/D,C,C,C/D,C,C,C,Non,C/D,C/D,C,C/D,Non,C,C,C,C/D,C,C,C/D,Non,C,C,C/D,Non,C,Non,C,Non,Non,Non,Non,C/D,C,Non,Non,Non,C/D,Non,Non,Non,Non,C/D,C,Non,Non,Non,Non,Non,Non,Non,Non,Non,Non,Non,Non,Non,Non,Non,Non,Non,Non,Non,Non,Non,Non,C,C,C,C,Non,C,C,Non,C/D,C,Non,Non,C,Non,C/D,Non,BL01UK01FR029,UKFR029,641,21.36666667,2020,gb
R_tKWm9UzQL9MqEZX,Male,University degree or equivalent,University degree or equivalent,35,65,0,NA,French;35;,English;65;,,35,65,0,NA,French,NA,10,9,NA,NA,I regularly speak both French and English to my child,English,NA,1,10,NA,NA,I always (or almost always) speak English to my child,Second,NA,2,NA,NA,1,Non,C,Non,C,C,Non,Non,C,C,Non,Non,Non,Non,Non,C,Non,C,Non,Non,C,Non,C,C,C,C,Non,Non,C,C,C,C,C,C,C,Non,Non,C,C,C,C,Non,Non,C,C,Non,C,Non,Non,C,C,Non,Non,Non,Non,Non,Non,Non,Non,Non,C,Non,Non,Non,Non,Non,Non,C,Non,Non,Non,Non,Non,Non,Non,Non,Non,C,C,Non,Non,Non,Non,Non,C,C,C,Non,Non,C,Non,C,Non,Non,C,Non,C,Non,C,Non,Non,Non,Non,Non,Non,Non,C,Non,C,Non,Non,Non,Non,Non,Non,Non,Non,Non,Non,Non,C,C,Non,Non,Non,Non,Non,Non,Non,Non,Non,Non,Non,C,Non,Non,Non,Non,Non,Non,Non,Non,Non,Non,Non,C/D,C,Non,Non,C,Non,Non,Non,Non,Non,Non,C,Non,Non,Non,Non,Non,Non,Non,Non,C,Non,Non,Non,Non,Non,Non,C,Non,Non,Non,Non,Non,Non,Non,Non,C,Non,Non,Non,Non,Non,Non,Non,Non,C,Non,Non,Non,Non,Non,Non,Non,Non,Non,Non,Non,Non,Non,Non,Non,Non,Non,Non,Non,Non,C,C,Non,Non,Non,Non,Non,Non,Non,Non,Non,C,Non,Non,Non,Non,Non,Non,Non,Non,Non,Non,Non,Non,Non,C,Non,Non,Non,C,Non,Non,Non,Non,C,C,Non,C,C,C,C,Non,Non,Non,C,C,Non,C,C,Non,Non,Non,Non,Non,Non,C,Non,Non,Non,Non,C,C,Non,Non,C,C,Non,C,Non,C,Non,Non,Non,C,C,Non,C,Non,Non,Non,Non,Non,Non,Non,Non,C,Non,C,Non,Non,Non,Non,Non,Non,C,C,C,Non,Non,NA,NA,Non,Non,Non,C,Non,Non,Non,Non,Non,C,C,C,Non,Non,Non,C,C,Non,C,Non,Non,Non,Non,C,Non,Non,Non,Non,Non,C,Non,Non,Non,Non,C,Non,Non,Non,Non,Non,Non,Non,Non,Non,Non,Non,Non,Non,Non,Non,Non,Non,Non,Non,Non,Non,Non,Non,Non,Non,Non,Non,Non,Non,Non,Non,Non,C,Non,Non,Non,Non,Non,Non,Non,Non,Non,Non,Non,Non,Non,Non,Non,Non,Non,Non,Non,Non,Non,Non,Non,Non,Non,Non,Non,Non,Non,Non,Non,Non,Non,Non,Non,Non,Non,Non,Non,BL01UK01FR030,UKFR030,405,13.5,2020,gb
R_2CpLyx0p3RwtR4L,Male,University degree or equivalent,University degree or equivalent,25,70,5,German ,French;25;,English;70;,German;5;,60,35,5,German ,French,NA,10,9,3,German,I always (or almost always) speak French to my child,Other(s),German ,6,9,10,German ,I regularly speak a mix of French / English / other languages to my child,First,NA,1,9,Always (or almost always) English,1,C/D,C/D,C/D,C,C/D,C/D,C,C/D,C/D,C/D,C/D,C/D,C/D,C,C/D,C/D,C/D,C/D,C/D,C/D,C,C/D,C/D,C/D,C/D,Non,C/D,C/D,C/D,C/D,C/D,C/D,C/D,C/D,C,C/D,C/D,C/D,C/D,C/D,C,C/D,C/D,C/D,C/D,C/D,C/D,C/D,C/D,C/D,C/D,C/D,C/D,C/D,C/D,C/D,C/D,C/D,C/D,C/D,C,C/D,C/D,C,Non,C,C/D,C/D,C,C/D,C/D,C/D,C/D,C/D,C/D,C/D,C/D,C/D,C/D,C/D,C/D,C,C/D,C/D,C/D,C/D,Non,C/D,C/D,C/D,C/D,C/D,C,C/D,C,C/D,C/D,C/D,C/D,C/D,C,C,C/D,C/D,C,C/D,C/D,C/D,C,C/D,C/D,C/D,C/D,C/D,C/D,C,C/D,C,C/D,C/D,C/D,C,Non,C/D,C,C,C/D,C/D,C/D,C,C/D,C,C/D,C/D,C/D,Non,C,C/D,C/D,C/D,C/D,Non,C/D,C,C/D,C/D,C/D,C/D,C/D,C/D,C/D,Non,C/D,C/D,C/D,C/D,C/D,C/D,C/D,C/D,C/D,C/D,C/D,C,C/D,C,C/D,C,C/D,C/D,C/D,C/D,C,C,C/D,C/D,C/D,C/D,C/D,C/D,C/D,C/D,C/D,C/D,C,C/D,C/D,C/D,C/D,C/D,C/D,C/D,C/D,C/D,C/D,C/D,C/D,Non,C/D,C/D,C,C/D,C/D,C/D,C/D,C,C/D,C,C/D,C,C/D,C/D,C,C,C/D,C/D,C/D,C/D,C,C/D,C/D,C/D,C/D,C,C/D,C/D,C/D,C/D,C/D,C,C/D,C/D,C,C,Non,C/D,C/D,Non,C,C/D,C/D,C/D,C,Non,C/D,C/D,C/D,C/D,C/D,C/D,C/D,C,C,C,C,C/D,C/D,C/D,C/D,C/D,C/D,C,C/D,C/D,C/D,C/D,C/D,C/D,C/D,C/D,C/D,C/D,C/D,C,C/D,C,C/D,C/D,Non,C/D,C/D,C/D,C/D,C/D,C/D,C/D,C/D,C,C/D,C/D,C/D,C,C/D,C/D,C/D,C/D,C/D,C/D,C/D,C,C/D,C,C/D,C/D,C/D,C/D,C/D,C,C,NA,NA,C/D,Non,C/D,C/D,C,C/D,C/D,C,C,C/D,C/D,C/D,C/D,C,C/D,C,C/D,C/D,C,Non,C/D,C/D,C/D,C/D,C,C/D,C,C/D,C,C/D,Non,C/D,C/D,Non,C/D,C/D,C,C/D,C/D,C/D,C/D,C/D,C,C/D,C/D,C/D,C/D,C,C/D,C,C/D,C/D,C/D,C/D,C/D,C,Non,C/D,C/D,C/D,C,Non,C/D,C,C,C/D,Non,Non,Non,Non,Non,Non,C,C,C/D,C,C/D,C,C,C/D,C/D,C/D,C,C/D,C/D,C/D,C,C/D,C/D,C/D,C/D,C,C/D,C/D,C/D,C/D,C,C,C/D,C/D,C/D,C/D,C/D,C/D,C/D,C/D,C/D,R_2CpLyx0p3RwtR4L,R_2CpLyx0p3RwtR4L,1069,35.63333333,2020,gb
R_3j0q4Z59eBZPznm,Female,University degree or equivalent,University degree or equivalent,50,50,0,NA,French;50;,English;50;,,60,40,0,NA,French,NA,10,9,4,Spanish ,I always (or almost always) speak French to my child,English,NA,5,10,NA,NA,I regularly speak both French and English to my child,First,NA,1,13,Always (or almost always) English,4,C/D,C/D,C/D,C/D,C/D,C/D,C/D,C/D,C/D,C/D,C/D,C/D,C/D,C,C/D,C/D,C/D,C/D,C/D,C/D,C/D,C/D,C/D,C/D,C/D,Non,C/D,C/D,C/D,C/D,C/D,C/D,C/D,C/D,C/D,Non,C/D,C/D,C/D,C/D,C/D,C/D,C/D,C/D,C/D,C/D,C/D,C/D,C/D,C/D,C/D,C/D,C/D,C/D,C/D,C/D,C/D,C/D,C/D,C/D,C/D,C/D,C/D,C/D,C/D,C,C/D,C/D,C/D,C/D,C/D,C/D,C/D,C/D,C/D,C/D,C/D,C/D,C/D,C/D,C/D,C,C/D,C/D,C/D,C/D,C,C/D,C/D,C/D,C/D,C/D,Non,C/D,C/D,C/D,C/D,C/D,C/D,C/D,C/D,C/D,C/D,C/D,C/D,C/D,C/D,C/D,C/D,C/D,C/D,C/D,C/D,C/D,C/D,C/D,C/D,C/D,C/D,C/D,C/D,C/D,C/D,C/D,Non,Non,C/D,C/D,C/D,C/D,C/D,C/D,C/D,C/D,C/D,Non,C/D,C/D,Non,C/D,C/D,Non,C/D,C,C/D,C/D,C/D,C/D,C/D,C/D,C/D,Non,C/D,C/D,C/D,C/D,C/D,C/D,C/D,C/D,C/D,C/D,C/D,Non,C/D,C,C/D,C/D,C/D,C/D,C/D,C/D,C/D,C/D,C/D,C/D,C/D,C/D,C/D,C/D,C/D,C/D,C/D,C,C/D,C/D,C/D,C,C/D,C/D,C/D,C,C/D,C/D,C/D,C/D,C/D,C,C/D,C/D,Non,C/D,C/D,C,C/D,C/D,C/D,C/D,C/D,C/D,C/D,C/D,C,Non,C/D,C/D,C/D,C/D,Non,C/D,C/D,C/D,C/D,C/D,C/D,C/D,C/D,C/D,C/D,C/D,C/D,C/D,C,C,C/D,C/D,C/D,C,C/D,C/D,C/D,C/D,C/D,C/D,C/D,C/D,C/D,C/D,C/D,C/D,C/D,C/D,C/D,C/D,C,C/D,C/D,C/D,C/D,C/D,C/D,C/D,C/D,C/D,C/D,C/D,C/D,C/D,C/D,C,C/D,C,C/D,C,C/D,C/D,C/D,C/D,C,C/D,C/D,C/D,C/D,C/D,C/D,C/D,C/D,Non,Non,C,C/D,C/D,C,C/D,C/D,C/D,C/D,C/D,C,C/D,C/D,C,C/D,C/D,C/D,C/D,C/D,C/D,Non,NA,NA,C/D,C/D,C,C/D,C/D,C/D,C/D,C/D,C,C/D,C/D,C/D,C,C,C,C/D,C,C,C,C,C/D,C,C/D,C/D,C/D,C/D,C/D,Non,C/D,C/D,Non,C/D,C/D,C/D,C/D,C/D,C/D,C/D,C/D,C/D,C/D,C/D,C/D,C/D,C/D,C/D,C/D,C/D,C/D,C/D,C/D,C/D,C/D,C/D,C/D,Non,Non,C/D,C/D,Non,C/D,Non,C/D,C/D,C/D,C/D,C/D,C/D,C/D,C,C/D,C/D,C,C,C/D,C,C/D,C/D,C/D,C/D,C/D,C/D,C,C/D,C/D,C,C/D,C/D,C/D,C,C/D,C,C/D,C/D,C/D,C/D,C,C/D,C,C/D,C/D,C/D,C/D,C/D,C/D,C/D,C/D,R_3j0q4Z59eBZPznm,R_3j0q4Z59eBZPznm,1080,36,2020,gb
R_3ExVNeiaAFkCqp3,Male,University degree or equivalent,University degree or equivalent,70,30,0,NA,French;70;,English;30;,,100,0,0,NA,French,NA,10,9,NA,NA,I always (or almost always) speak French to my child,French,NA,10,9,NA,NA,I always (or almost always) speak French to my child,First,NA,1,10,Always (or almost always) English,2,Non,Non,Non,Non,Non,Non,Non,Non,Non,Non,Non,Non,Non,Non,Non,Non,Non,Non,Non,Non,Non,Non,Non,Non,Non,Non,Non,Non,Non,Non,Non,Non,Non,Non,Non,Non,Non,Non,Non,Non,Non,Non,Non,Non,Non,Non,Non,Non,Non,Non,Non,Non,Non,C,Non,Non,Non,C,Non,C,C,C,C,Non,Non,Non,Non,Non,Non,Non,Non,Non,Non,Non,Non,Non,Non,Non,Non,Non,Non,Non,Non,Non,Non,Non,Non,Non,Non,Non,Non,Non,Non,Non,Non,Non,Non,Non,Non,Non,Non,Non,Non,Non,Non,Non,Non,Non,Non,Non,Non,Non,Non,Non,Non,C,Non,Non,Non,Non,Non,Non,Non,C,Non,Non,Non,Non,Non,Non,Non,Non,Non,Non,C,Non,C,Non,C,C,C,Non,Non,Non,Non,Non,Non,C,Non,C,C,Non,C,Non,C,Non,C,Non,Non,Non,Non,Non,Non,Non,Non,Non,Non,Non,Non,Non,Non,C,Non,Non,Non,Non,Non,Non,Non,Non,Non,Non,Non,Non,Non,Non,Non,C,C,Non,Non,Non,Non,Non,Non,Non,Non,Non,Non,Non,Non,Non,Non,Non,Non,Non,Non,Non,Non,Non,Non,Non,Non,Non,Non,Non,Non,Non,Non,Non,Non,C,Non,Non,Non,Non,Non,Non,Non,Non,Non,Non,Non,Non,Non,C/D,Non,Non,Non,C/D,Non,Non,Non,Non,C/D,C,C,C,C,C,C,C,C,C,Non,C/D,Non,C,C,C,Non,Non,C,Non,C,Non,Non,C,Non,C,C,Non,C,Non,C,Non,C,Non,Non,Non,Non,Non,Non,Non,Non,Non,Non,Non,C,Non,Non,Non,C,C,Non,Non,Non,C/D,Non,Non,Non,Non,Non,Non,Non,Non,Non,Non,Non,NA,NA,Non,C,Non,Non,C,C,C,Non,Non,Non,C,Non,Non,Non,Non,Non,Non,Non,Non,Non,Non,Non,Non,C/D,Non,Non,Non,Non,Non,Non,Non,Non,Non,Non,Non,Non,Non,Non,Non,Non,Non,Non,Non,Non,Non,Non,Non,Non,Non,Non,Non,Non,Non,Non,Non,Non,Non,Non,Non,Non,Non,Non,Non,Non,Non,Non,Non,Non,Non,Non,Non,Non,Non,Non,Non,Non,C,Non,Non,Non,Non,Non,Non,Non,Non,Non,Non,C,Non,Non,Non,Non,Non,Non,Non,Non,Non,C,Non,Non,Non,Non,Non,Non,Non,Non,Non,BL01UK01FR031,UKFR031,554,18.46666667,2020,gb
R_pgWPiDMOBo1y6S5,Male,University degree or equivalent,University degree or equivalent,70,25,5,NA,French;70;,English;25;,Other;5;,95,4,1,Mostly Dutch,Bilingual French and English,NA,10,10,3,Dutch,I always (or almost always) speak French to my child,Bilingual French and English,NA,10,10,4,Dutch,I always (or almost always) speak French to my child,Third,NA,3,NA,NA,0,C/D,C/D,C/D,C/D,C/D,C/D,C/D,C/D,C/D,C/D,C/D,C/D,C/D,C/D,C/D,C/D,C/D,C/D,C/D,C/D,C,C/D,C/D,C/D,C,C,C/D,C/D,C/D,C/D,C/D,C/D,C/D,C/D,C,C/D,C/D,C/D,C/D,C/D,C/D,C/D,C/D,C/D,C,C/D,C/D,C/D,C/D,C/D,C/D,C/D,C/D,C/D,C/D,C/D,C/D,C/D,C/D,C/D,C/D,C/D,C/D,C/D,C/D,C/D,C/D,C/D,C/D,C/D,C/D,C/D,C/D,C/D,C/D,C/D,C/D,C/D,C/D,C/D,C/D,C/D,C/D,C/D,C/D,C/D,C,C/D,C/D,C/D,C/D,C/D,C/D,C/D,C/D,C/D,C/D,C/D,C/D,C/D,C/D,C/D,C/D,C/D,C/D,C/D,C/D,C/D,C/D,C/D,C/D,C/D,C/D,C/D,C/D,C/D,C/D,C/D,C/D,C/D,C/D,C/D,C/D,C/D,C,Non,C/D,C/D,C/D,C/D,C/D,C/D,C/D,C/D,C/D,C/D,C/D,C/D,C,C/D,C/D,C,C/D,C/D,C/D,C/D,C,C/D,C/D,C/D,C/D,Non,C/D,C/D,C/D,Non,C/D,C/D,C/D,C/D,C/D,C/D,Non,C/D,C/D,C/D,C/D,C/D,C/D,C/D,C,C/D,C/D,C/D,C/D,C/D,C/D,C/D,C/D,C/D,C/D,C/D,C/D,C,C,C/D,C/D,C/D,C/D,C/D,C/D,C/D,C/D,C/D,C/D,C/D,C/D,C/D,C/D,C/D,C,C/D,C/D,C/D,C,C/D,C/D,C/D,C/D,C/D,C/D,C/D,C,C,C/D,C,C/D,C/D,C/D,C/D,C/D,C/D,C/D,C/D,C/D,C/D,C,C,C/D,C,C/D,C,C/D,C/D,C,C/D,C/D,C,C/D,C/D,C/D,C/D,C,C/D,C/D,C/D,C/D,C/D,C/D,C/D,C/D,C/D,C/D,C/D,C/D,C/D,C/D,C/D,C/D,C/D,C/D,C,C/D,C/D,C/D,C/D,C,C/D,C/D,C/D,C/D,C/D,C/D,C/D,C/D,C/D,C/D,C/D,C,C/D,C/D,C/D,C/D,C/D,C/D,C/D,C/D,C/D,C/D,C/D,C/D,C/D,C/D,C/D,C/D,C/D,C/D,C/D,C/D,C/D,C/D,C,C/D,C/D,C/D,C/D,C/D,C/D,C/D,NA,NA,C,C/D,C,C/D,C/D,C/D,C/D,C/D,C,C/D,C/D,C/D,C/D,C/D,C/D,C/D,C/D,C/D,C/D,C/D,C/D,C/D,C/D,C/D,C/D,C,C/D,C/D,C/D,C/D,C/D,C/D,C/D,C/D,C/D,C/D,C/D,C,C/D,C/D,C/D,C/D,C/D,C/D,C/D,C/D,C/D,C/D,C/D,C/D,C/D,C/D,C/D,C/D,C/D,C,Non,C/D,C/D,C/D,Non,Non,C/D,C,C,C,C,C/D,C/D,C,C,C/D,C/D,C,C/D,C,C/D,C,C/D,C,C/D,C/D,C,C,C/D,C,C/D,C/D,C,C/D,C/D,C/D,C/D,C/D,C,C,C/D,C/D,C,C/D,C/D,C/D,C,C,C/D,C/D,C/D,BL01UK01FR032,UKFR032,766,25.53333333,2020,gb
R_1PddQwvcnVpAYl8,Male,University degree or equivalent,Left school at 16 with GCSE or equivalent,35,65,0,NA,French;35;,English;65;,,40,60,0,NA,French,NA,10,10,NA,NA,I always (or almost always) speak French to my child,English,NA,2,10,NA,NA,I always (or almost always) speak English to my child,First,NA,1,11,Always (or almost always) English,1,Non,C,C/D,C,C/D,C,C/D,C,Non,C/D,Non,Non,Non,Non,Non,Non,Non,Non,Non,Non,Non,C/D,Non,C,Non,Non,Non,Non,Non,Non,Non,Non,C,C,Non,C/D,Non,Non,Non,Non,Non,C,Non,Non,Non,Non,C,Non,Non,Non,Non,Non,Non,C,Non,Non,C,C,Non,C,Non,Non,C,Non,C,C,C,Non,Non,Non,Non,Non,Non,Non,C/D,Non,Non,C/D,Non,Non,C/D,Non,Non,Non,C,Non,Non,Non,Non,Non,Non,Non,Non,Non,Non,C,C,C,C,C,Non,Non,Non,C,Non,Non,C,C,C,Non,C,C,C,C,C,C,Non,Non,C,C,C,Non,Non,C,Non,Non,C,Non,C,Non,C,Non,C,Non,Non,Non,C,C,Non,C,C,Non,Non,C,Non,Non,C,C,C,C,C,Non,C,C,C,C,C,Non,C,Non,Non,C/D,Non,Non,Non,Non,Non,Non,Non,Non,Non,C,Non,Non,Non,Non,Non,Non,Non,Non,C,C,Non,Non,Non,Non,C,C,C,C,Non,Non,C,Non,Non,C,Non,Non,C,C,Non,Non,C,Non,Non,Non,Non,Non,Non,Non,Non,Non,Non,Non,C,Non,Non,Non,Non,Non,Non,C,Non,C,C,Non,Non,Non,Non,Non,Non,Non,Non,Non,Non,C/D,Non,Non,Non,C,Non,Non,Non,Non,C,C,Non,C,C,C,C,Non,Non,Non,Non,C/D,C,C,C,Non,C,C,C,C,C,Non,Non,C,Non,Non,C,C,C,Non,C,C,Non,Non,Non,Non,Non,Non,Non,C,Non,Non,C,Non,C,Non,C,Non,C,C,Non,C,C,C,Non,C,C,Non,C,C,C,Non,C,C,Non,NA,NA,Non,C,Non,Non,Non,Non,C,Non,Non,C,C,C,Non,Non,Non,Non,C,Non,Non,C,Non,C,Non,C,C,Non,C,C,C,C,Non,Non,C,C,C/D,Non,Non,Non,Non,C,C,Non,Non,Non,Non,C,Non,Non,C,C,Non,C,Non,Non,Non,Non,Non,Non,Non,Non,Non,Non,Non,Non,Non,Non,Non,C,Non,Non,Non,Non,C,Non,C,Non,Non,Non,Non,Non,Non,C,Non,Non,Non,Non,Non,C,Non,C,C,Non,Non,Non,Non,Non,C,C,Non,C,C/D,Non,C,C,Non,C,Non,BL01UK01FR033,UKFR033,601,20.03333333,2020,gb
R_2EB7NzIG82jMXBD,Male,University degree or equivalent,University degree or equivalent,80,15,5,NA,French;80;,English;15;,Other;5;,90,5,5,NA,French,NA,10,8,5,NA,I always (or almost always) speak French to my child,English,NA,NA,7,5,NA,I always (or almost always) speak English to my child,First,NA,1,NA,NA,NA,Non,Non,Non,Non,C,C,C,C,Non,C,C,C,Non,Non,Non,Non,Non,Non,Non,C,Non,C,Non,C,Non,Non,Non,Non,Non,Non,Non,Non,C,Non,Non,C,Non,Non,Non,Non,Non,Non,C,Non,Non,Non,Non,C,C,C,C,C,C,C,C,C,C,C,C,C,C,C,C,Non,Non,Non,C,Non,C,C,Non,C,Non,C,C,C,C,C,C,C,C,Non,C,C,C,C,Non,Non,C,Non,C,C,Non,Non,C,C,C,Non,C,C,Non,Non,C,C,Non,Non,C,C,Non,C,C,C,C,C,C,Non,Non,Non,C,C,C,Non,Non,C,Non,Non,Non,C,C,Non,C,Non,C,C,C,Non,C,Non,C,C,C,Non,C,Non,C,C,Non,C,C,C,Non,Non,C,C,Non,C,Non,C,C,C,C,C,C,Non,C,Non,C,C,C,Non,C,C,C,Non,Non,C,C,C,Non,C,Non,Non,Non,Non,Non,Non,Non,C,Non,Non,C,Non,C,Non,C,Non,C,Non,C,C,Non,Non,C,Non,Non,Non,C,Non,C,Non,C,Non,Non,Non,Non,Non,Non,C,Non,C,Non,C,Non,Non,Non,Non,Non,Non,Non,Non,Non,Non,C,Non,Non,C,C,Non,Non,C,Non,Non,Non,Non,C,C,C,C,C,C,C,C,C,C,C,C,C,C,C,C,Non,Non,C,Non,Non,Non,Non,Non,Non,C,Non,C,Non,C,C,C,Non,C,Non,Non,Non,Non,C,C,C,Non,C,Non,C,Non,C,C,Non,Non,C,C,C,Non,Non,C,C,Non,C,C,C,C,Non,C,Non,NA,NA,C,C,Non,Non,Non,C,C,C,Non,C,C,C,Non,Non,Non,Non,Non,C,Non,C,C,C,C,C,Non,Non,Non,Non,Non,Non,Non,Non,Non,Non,Non,Non,Non,Non,Non,Non,C,C,Non,Non,Non,Non,Non,Non,Non,C,Non,C,C,C,Non,Non,Non,Non,Non,Non,Non,C,Non,C,C,Non,Non,C,C,Non,C,Non,Non,Non,Non,Non,Non,Non,Non,Non,C,Non,Non,Non,Non,Non,C,Non,Non,Non,C,Non,Non,C,C,Non,Non,Non,Non,Non,Non,Non,C,Non,Non,Non,Non,BL01UK01FR034,UKFR034,552,18.4,2020,gb
R_1jI0zn32Sba01g7,Female,University degree or equivalent,University degree or equivalent,50,50,0,NA,French;50;,English;50;,,100,0,0,NA,French,NA,10,9,0,NA,I always (or almost always) speak French to my child,French,NA,10,9,NA,NA,I always (or almost always) speak French to my child,First,NA,1,4,Always (or almost always) English,3,C/D,C/D,C/D,C/D,C/D,C/D,C/D,C/D,C,C/D,C/D,C/D,C/D,C/D,C/D,C/D,C/D,C/D,C/D,C/D,C/D,C/D,C/D,C/D,C/D,Non,C/D,C/D,C/D,C/D,C/D,C/D,C/D,C/D,C/D,C/D,C/D,C/D,C/D,C/D,C/D,C/D,C/D,C/D,C/D,C/D,C/D,C/D,C/D,C/D,Non,C,C/D,C/D,C/D,C/D,C/D,C/D,C/D,C/D,C,C/D,C/D,C/D,C/D,C,C/D,C/D,Non,C/D,Non,C/D,Non,C/D,C/D,C/D,C/D,C/D,C/D,C/D,C/D,C,C/D,C/D,C/D,C/D,C,C/D,C/D,C/D,C/D,C/D,C/D,C/D,C/D,C/D,C/D,C/D,C/D,C/D,C/D,Non,C/D,C/D,C/D,C/D,C/D,C/D,C/D,C/D,C/D,C/D,C/D,C/D,C/D,Non,C/D,C/D,C/D,C/D,C/D,C/D,C/D,C/D,Non,Non,C/D,C/D,C/D,C,C/D,Non,C/D,C/D,C/D,Non,C/D,C/D,C/D,C/D,C/D,C,C/D,Non,C/D,C/D,C/D,C/D,C/D,C/D,C/D,Non,C,C,C/D,C,C/D,C/D,C/D,C/D,C,C/D,C/D,Non,C/D,Non,C/D,C/D,C/D,C/D,C,Non,C/D,C/D,C/D,C/D,C,C/D,C/D,C/D,C/D,C/D,C/D,Non,Non,C/D,C/D,C/D,C/D,C,C/D,C/D,C/D,C/D,C/D,C/D,C/D,C/D,C/D,C/D,C/D,C,C/D,C,C/D,C,C/D,C/D,C/D,C/D,C/D,C,Non,Non,C/D,C,C/D,C/D,Non,C/D,C/D,C/D,C/D,C,C/D,C/D,C/D,C,C/D,C,C/D,Non,C/D,C/D,C,C/D,C/D,Non,C/D,C/D,Non,Non,Non,Non,C/D,C/D,C/D,C/D,C/D,C/D,C/D,C/D,Non,C/D,C/D,C/D,C/D,C/D,C/D,C/D,C/D,C,C/D,C,C/D,C,C,C/D,C/D,C/D,C/D,C/D,C/D,C/D,C,C/D,C/D,C/D,C/D,C/D,C/D,C/D,C/D,C/D,C/D,C/D,C/D,C/D,C/D,C/D,C/D,C/D,C/D,C/D,C/D,C/D,C/D,C/D,C/D,C/D,C/D,C,C/D,C/D,C/D,C/D,C/D,C/D,C/D,NA,NA,C/D,C/D,C/D,C/D,C/D,C/D,C/D,C/D,Non,C/D,C/D,C/D,Non,C/D,C,C/D,C/D,C,C/D,C/D,C/D,C/D,C/D,C/D,C/D,C/D,C/D,C,C/D,C,C/D,C/D,C,C/D,C/D,C/D,C/D,C,C,C/D,C/D,C/D,C/D,C/D,C/D,C,C/D,C/D,C/D,C,C/D,C/D,C/D,C/D,C,Non,Non,C/D,C/D,C/D,C/D,Non,C/D,Non,Non,Non,C,C,C/D,C,C/D,C/D,C/D,C/D,C,Non,Non,C,C/D,C/D,C/D,C/D,C,C,C/D,Non,Non,C/D,C,C/D,C,C/D,C/D,C/D,C,Non,C,C,Non,C/D,C/D,C/D,C/D,C,C/D,C/D,C,R_1jI0zn32Sba01g7,R_1jI0zn32Sba01g7,898,29.93333333,2020,gb
R_1eshhhPQdaWiiZ8,Female,University degree or equivalent,Left school at 16 with GCSE or equivalent,40,60,0,NA,French;40;,English;60;,,40,60,0,NA,French,NA,10,9,NA,NA,I regularly speak both French and English to my child,English,NA,1,10,NA,NA,I always (or almost always) speak English to my child,First,NA,1,10,Always (or almost always) English,2,C,C,Non,C,C,C,C/D,C,C/D,C,C,C/D,C,C,C,C,C,C,C,C,Non,C,C,C,C,Non,C,C,C,C,C,C,C,C,Non,C,C,Non,C,C,Non,C,C,C,C,C,C,C,C,C,C,Non,C,C,C,C,C,C,C,C,C,C,C,C,C,C,C,C,Non,Non,Non,C,Non,Non,C,Non,C,Non,Non,Non,C,Non,C,C,C,C,Non,Non,C,Non,C,Non,Non,Non,Non,C,C,C,C,C,C,C,C,C,C,C,C,C,Non,C,C,C,C,C,C,C,C,C,C,C,C,Non,Non,C,C,C,C,C,C,C,C,C,C,C,C,Non,C,C,C,C,C,Non,C,C,C,C,Non,C,C,C,C,Non,C,Non,C,C,C,C,C,C,Non,C,Non,Non,Non,Non,C,C,C,C,C,C,C,Non,Non,Non,Non,Non,Non,Non,Non,Non,Non,Non,Non,Non,C,C,C,C,Non,C,C,C,C,C,C,Non,C,C,Non,C,Non,Non,Non,Non,C,C,C,C,C,C,C,C,C,Non,C,C,Non,Non,C,C,C,C,C/D,C,Non,C,C,Non,Non,Non,C,C,Non,C/D,C,Non,Non,C,Non,Non,Non,Non,C,C,C,C,C,C,C/D,Non,Non,Non,C,C,C,C/D,C,C,C,C,C,C,C,C,C,C,C,C,C,Non,C,Non,C,C,C,C,Non,C,C,C,C,C,C,C,C,Non,C,C,C,C,C,C,C,C,C,C,Non,C,C,C,C,C,C,C,C,C,Non,NA,NA,C,C,C,C,C,C,C,C,Non,C,C,C,C,C,Non,C,C,C,Non,C,C,C,C,C,C,Non,C,C,C,C,Non,Non,C,Non,C/D,Non,C,Non,Non,C,C,Non,C,C,Non,C,Non,Non,C,C,Non,C,Non,C,C,Non,Non,C,Non,Non,Non,Non,Non,C,C,C,Non,C,Non,Non,C,C,Non,Non,Non,Non,Non,Non,Non,Non,C,C,Non,C,C,Non,C,C,Non,Non,C,Non,Non,Non,Non,Non,Non,Non,Non,C,C,C,C,C,Non,C,Non,BL01UK01FR036,UKFR036,640,21.33333333,2020,gb
R_10PqD1DzQPIg7Cj,Female,University degree or equivalent,University degree or equivalent,50,50,0,NA,French;50;,English;50;,,75,25,0,NA,French,NA,10,8,7,Italian,I regularly speak both French and English to my child,French,NA,10,6,NA,NA,I always (or almost always) speak French to my child,Fourth,NA,4,24,Always (or almost always) English,23,C/D,C/D,C,C,C/D,C,C/D,C/D,C/D,C/D,C/D,C/D,C,C,C,C/D,C/D,C/D,C/D,C/D,C,C/D,C/D,C/D,C/D,C,C/D,C/D,C/D,C/D,C/D,C/D,C/D,C/D,C,C/D,C/D,C/D,C/D,C/D,C,C/D,C/D,C/D,C,C/D,C/D,C/D,C/D,C/D,C/D,C,C/D,C/D,C/D,C/D,C/D,C/D,C/D,C/D,C,C/D,C/D,C/D,C/D,C,C/D,C,C,C/D,C/D,C/D,C/D,C/D,C/D,C/D,C/D,C/D,C/D,C/D,C/D,C,C/D,C/D,C/D,C/D,Non,C/D,C/D,C/D,C/D,C/D,Non,C/D,C/D,C/D,C/D,C/D,C/D,C/D,C,Non,C/D,C/D,C,C,C/D,C/D,C/D,C,C/D,C/D,C/D,C/D,C/D,C/D,C/D,C/D,C/D,C/D,C/D,C,C/D,C/D,C/D,C,C/D,C/D,C/D,C/D,C/D,C/D,C/D,C,C,C,C/D,C/D,C,C/D,C/D,C/D,C/D,C,C/D,C/D,C/D,C/D,C/D,C/D,C/D,C,C/D,C,C/D,C/D,C/D,C/D,C,C/D,C/D,C/D,C/D,C,C/D,C/D,C/D,C/D,C/D,C/D,C/D,C/D,C/D,C/D,C/D,C/D,C,C/D,C,C/D,C/D,C,C/D,C,Non,C/D,C/D,Non,C/D,C/D,C/D,C/D,C/D,C/D,C/D,C/D,C/D,Non,C/D,C/D,C,C/D,C/D,C,C,C/D,C/D,C,C/D,C,C/D,C,C,C,C/D,C/D,C/D,C/D,Non,C/D,C/D,C/D,C/D,C/D,C/D,C/D,C/D,C/D,C/D,C/D,C,C/D,Non,Non,Non,C/D,C/D,C,Non,C/D,C/D,C,Non,Non,C/D,C/D,C,C/D,C/D,C/D,C/D,C,C,C/D,C/D,C/D,C/D,C/D,C/D,C/D,C/D,C,C/D,C/D,C/D,C/D,C/D,C/D,C/D,C/D,C/D,C,C/D,C,C/D,C/D,C/D,C/D,C,C/D,C,C/D,C/D,C/D,C/D,C/D,C/D,C,C/D,C,C/D,C/D,C,C/D,C/D,C/D,C/D,C/D,C,C/D,C/D,C/D,C/D,C/D,C/D,C/D,C/D,C,C/D,NA,NA,C/D,C/D,C,C/D,C/D,C/D,C/D,C,C,C/D,C/D,C/D,C/D,C/D,C/D,C,C/D,C,C/D,C,C/D,C/D,C/D,C,C/D,C/D,C/D,C/D,C/D,C/D,C,C,C/D,C/D,C/D,C/D,C/D,C/D,C,C/D,C/D,C/D,C/D,C/D,C/D,C,C/D,C/D,C/D,C/D,C/D,C/D,C/D,C/D,C/D,Non,Non,C/D,C/D,C,C,C/D,C/D,C,C,C,C,C/D,C/D,C/D,C/D,C/D,C/D,C/D,C/D,C,C/D,C/D,C/D,C,C,C/D,Non,C,C/D,Non,C/D,C/D,C,C/D,C/D,C,C/D,C/D,C/D,C,C,C,C,C/D,C/D,C/D,C/D,C/D,C/D,C/D,C/D,R_10PqD1DzQPIg7Cj,R_10PqD1DzQPIg7Cj,1158,38.6,2020,gb
R_20PrWKzfG48I0nK,Female,University degree or equivalent,Left school at 16 with GCSE or equivalent,45,55,0,NA,French;45;,English;55;,,100,0,0,NA,French,NA,10,9,NA,NA,I always (or almost always) speak French to my child,English,NA,0,10,NA,NA,I always (or almost always) speak English to my child,First,NA,1,NA,NA,1,Non,Non,Non,Non,C/D,Non,Non,C,Non,C,C,Non,Non,Non,Non,Non,Non,Non,Non,Non,Non,C,Non,C,C,Non,Non,Non,Non,Non,Non,Non,C,Non,Non,Non,Non,Non,Non,Non,Non,Non,Non,Non,Non,Non,Non,Non,Non,Non,Non,Non,Non,Non,Non,Non,Non,Non,Non,Non,Non,Non,C,Non,Non,Non,Non,Non,Non,Non,Non,Non,Non,Non,Non,Non,Non,Non,Non,Non,C,Non,Non,Non,Non,Non,Non,Non,Non,Non,Non,Non,Non,Non,Non,C,C,C,Non,Non,Non,Non,Non,Non,Non,Non,C,Non,Non,Non,Non,Non,C,C,Non,C,Non,Non,Non,Non,Non,Non,Non,C,Non,Non,Non,Non,Non,Non,Non,Non,Non,Non,Non,Non,Non,Non,Non,Non,Non,Non,Non,Non,Non,Non,Non,C,Non,Non,Non,Non,Non,Non,Non,Non,Non,Non,Non,Non,Non,Non,Non,Non,Non,Non,Non,Non,Non,Non,Non,Non,Non,Non,Non,Non,Non,Non,Non,Non,Non,Non,Non,Non,Non,C,Non,Non,Non,Non,Non,C,Non,Non,Non,Non,Non,Non,Non,Non,Non,Non,Non,Non,Non,Non,Non,Non,Non,Non,Non,Non,Non,Non,Non,Non,Non,Non,Non,Non,Non,Non,Non,Non,Non,Non,Non,Non,Non,Non,Non,Non,Non,Non,Non,C/D,Non,Non,Non,Non,Non,Non,Non,Non,C,C,Non,C,C,Non,C,Non,Non,Non,Non,Non,Non,C,Non,Non,Non,Non,C,Non,Non,Non,Non,Non,Non,Non,Non,Non,Non,Non,Non,C,Non,Non,Non,Non,Non,Non,Non,Non,Non,C,C,Non,C,Non,Non,Non,Non,Non,Non,C,Non,Non,Non,Non,Non,Non,C,Non,C,Non,Non,Non,Non,NA,NA,Non,Non,Non,Non,Non,Non,Non,Non,Non,Non,C,Non,Non,Non,Non,Non,Non,Non,Non,Non,Non,Non,Non,Non,Non,Non,Non,Non,Non,Non,Non,Non,Non,Non,Non,Non,Non,Non,Non,C,Non,Non,Non,Non,Non,Non,Non,Non,Non,Non,Non,Non,Non,Non,Non,Non,Non,Non,Non,Non,Non,Non,Non,Non,Non,Non,Non,C,Non,Non,Non,Non,Non,Non,Non,Non,Non,Non,Non,Non,Non,Non,Non,Non,Non,Non,Non,Non,Non,Non,Non,Non,Non,Non,Non,Non,Non,Non,Non,Non,Non,Non,Non,Non,Non,Non,Non,BL01UK01FR037,UKFR037,386,12.86666667,2020,gb
R_DH04Iq79aRfj6DL,Male,University degree or equivalent,University degree or equivalent,60,40,0,NA,French;60;,English;40;,,60,40,0,NA,French,NA,10,9,4,Spanish,I always (or almost always) speak French to my child,English,NA,1,10,0,NA,I always (or almost always) speak English to my child,First,NA,1,10,Always (or almost always) English,0,Non,Non,Non,Non,C/D,Non,Non,Non,C/D,Non,Non,Non,C,Non,Non,Non,C,Non,Non,Non,Non,C,C,C,Non,Non,Non,C,Non,Non,Non,C,C,C,Non,C,Non,Non,Non,C,Non,Non,C,Non,C,Non,Non,C,C,C,C,C,Non,C,C,Non,C,C,Non,C,Non,Non,Non,Non,Non,Non,Non,Non,Non,Non,Non,Non,Non,Non,C,Non,Non,C/D,Non,Non,Non,Non,Non,Non,Non,Non,Non,Non,Non,Non,Non,Non,Non,Non,Non,Non,Non,C,Non,Non,Non,Non,Non,Non,Non,Non,C,C,Non,Non,C,C,C,Non,C,Non,Non,Non,C,C,C,Non,Non,C,Non,Non,Non,C,Non,Non,Non,Non,Non,Non,Non,Non,Non,Non,Non,Non,C,Non,Non,Non,Non,Non,Non,Non,Non,Non,Non,Non,Non,Non,Non,Non,Non,Non,Non,C,Non,C,Non,Non,Non,Non,Non,Non,C,Non,Non,C,Non,Non,Non,Non,Non,Non,Non,Non,Non,Non,C,Non,Non,Non,Non,Non,Non,Non,Non,Non,C,Non,Non,Non,Non,Non,Non,Non,Non,Non,Non,Non,Non,Non,Non,Non,Non,Non,Non,Non,Non,Non,Non,Non,Non,Non,Non,Non,Non,Non,Non,Non,C,Non,Non,Non,Non,Non,Non,Non,Non,Non,Non,C/D,Non,Non,Non,Non,Non,Non,Non,Non,Non,Non,C,Non,Non,C/D,C/D,Non,Non,Non,C,C,Non,Non,Non,Non,Non,Non,Non,Non,Non,Non,Non,Non,Non,Non,Non,Non,Non,Non,Non,Non,Non,Non,Non,Non,Non,Non,Non,Non,Non,Non,Non,Non,Non,Non,Non,C,Non,Non,Non,C,Non,Non,Non,Non,Non,Non,Non,Non,C,Non,Non,Non,Non,NA,NA,Non,Non,Non,Non,Non,Non,Non,Non,Non,Non,Non,Non,Non,Non,Non,C,Non,Non,Non,Non,Non,Non,Non,Non,Non,Non,Non,Non,Non,Non,Non,Non,Non,Non,C,Non,Non,C,Non,Non,Non,C,Non,Non,Non,Non,Non,Non,Non,Non,Non,Non,Non,Non,Non,Non,Non,Non,Non,Non,Non,Non,Non,Non,Non,Non,Non,Non,Non,Non,Non,Non,Non,Non,Non,Non,Non,Non,Non,Non,Non,Non,Non,Non,Non,Non,Non,Non,Non,Non,Non,Non,Non,Non,Non,Non,Non,Non,Non,Non,Non,Non,Non,Non,Non,Non,Non,BL01UK01FR038,UKFR038,549,18.3,2020,gb
R_1H7TYUBKxL7SMgs,Male,University degree or equivalent,Left school at 18 with A-Levels or equivalent,20,75,5,Japanese,French;20;,English;75;,Japanese;5;,70,20,10,Japanese,French,NA,10,9,3,Japanese,I always (or almost always) speak French to my child,Other(s),Japanese,NA,7,10,Japanese,I always (or almost always) speak English to my child,First,NA,1,6,Always (or almost always) English,3,C,C/D,C,C,C,C,C,C/D,C/D,C,C/D,C/D,C/D,Non,C/D,C/D,C/D,C/D,C/D,C/D,C/D,C/D,C/D,C/D,C/D,Non,C/D,C/D,C/D,C/D,C/D,C/D,C/D,C/D,C,C/D,C/D,C/D,C,C/D,C,C/D,C/D,C/D,C/D,C/D,C/D,C/D,C/D,C/D,C/D,C/D,C/D,C/D,C/D,C/D,C/D,C/D,C/D,C/D,C/D,C/D,C/D,C,C/D,C/D,C/D,C/D,C,Non,C/D,C/D,C/D,C/D,C/D,C/D,C/D,C/D,C/D,C/D,C/D,C/D,C/D,C/D,C/D,C/D,Non,C/D,C/D,C/D,C/D,C/D,C/D,C/D,C/D,C/D,C/D,C/D,C/D,C/D,C,C/D,C/D,C/D,C/D,C/D,C/D,C/D,C/D,C/D,C/D,Non,C/D,C/D,C/D,C/D,C/D,C/D,C/D,Non,C/D,Non,Non,Non,C,C/D,C/D,C/D,C/D,C/D,Non,C/D,C/D,C,C/D,Non,C/D,C/D,C/D,C/D,C/D,Non,C/D,C,C/D,C,Non,C/D,C/D,C/D,C/D,Non,C/D,C/D,C/D,Non,C,C/D,C/D,C/D,C/D,C/D,C/D,Non,C/D,C,C/D,C,C/D,C/D,C/D,C/D,C,C,C/D,C/D,C,C/D,C/D,C/D,C/D,C/D,C/D,Non,Non,C/D,C/D,C/D,Non,C/D,Non,C/D,C/D,C/D,C,C/D,C/D,Non,C/D,C/D,Non,C/D,C/D,Non,C/D,Non,C/D,C/D,C/D,C/D,Non,C/D,C,C,C/D,C/D,C/D,C/D,Non,Non,C/D,C/D,C/D,C/D,C/D,C/D,C/D,C/D,C/D,C,C/D,C/D,C/D,C/D,Non,C/D,C/D,Non,C/D,C/D,C/D,C,Non,C/D,C/D,C/D,C/D,C/D,C/D,C/D,C/D,C/D,C/D,C/D,C/D,C/D,C/D,C/D,C/D,Non,C/D,C,C/D,C/D,C/D,C/D,C/D,C/D,C/D,Non,C/D,C/D,C/D,C/D,C/D,C/D,C/D,C/D,Non,C/D,C/D,C/D,C/D,C/D,Non,C/D,C/D,Non,C/D,C,C/D,C/D,C/D,C/D,C/D,C/D,C/D,C/D,C/D,C/D,C/D,Non,C/D,C/D,C/D,C/D,C/D,C/D,C/D,NA,NA,C/D,C/D,C,C/D,C/D,C/D,C/D,C/D,C,C/D,C/D,C/D,C,Non,C,C/D,C/D,C/D,C,C,C/D,C/D,C/D,C/D,C/D,C/D,C/D,Non,C/D,C/D,Non,C/D,C/D,C/D,C/D,C/D,C/D,C,C,C/D,C/D,C/D,C/D,C/D,C,C/D,C/D,C/D,C/D,C/D,C/D,C,C/D,C/D,C/D,C,C,C/D,C,C,C,C,C/D,C/D,C/D,C/D,C,C/D,C/D,C,C/D,C/D,C,C,C,C,C/D,C/D,C/D,C/D,C/D,C/D,C/D,C/D,C/D,C/D,C/D,C/D,C/D,C/D,C/D,C/D,C/D,C/D,Non,C/D,C/D,C/D,C,C/D,C/D,C/D,C/D,C,C/D,C/D,C/D,R_1H7TYUBKxL7SMgs,R_1H7TYUBKxL7SMgs,986,32.86666667,2020,gb
R_W0ZtICf8iCECqJj,Male,University degree or equivalent,University degree or equivalent,60,39,1,Catalan,French;60;,English;39;,Catalan;1;,95,5,0,NA,French,NA,10,7,NA,NA,I regularly speak a mix of French / English / other languages to my child,French,NA,10,7,NA,NA,I regularly speak a mix of French / English / other languages to my child,First,NA,1,4,Always (or almost always) English,3,C,C,C,C,C,C/D,C/D,C/D,C/D,C/D,C/D,C/D,C/D,C,C,C,C/D,C,C,C,C/D,C,C,C,C,C/D,C,C/D,C/D,C/D,Non,C,C/D,C/D,C,C,C,C/D,C/D,C/D,Non,Non,C,C,C,C/D,C,C/D,C/D,C/D,C/D,C,C/D,C,C/D,C/D,C/D,C/D,Non,C/D,C,C,C,Non,Non,Non,C/D,Non,Non,Non,Non,C,Non,Non,C,Non,C,C,Non,C/D,C,Non,Non,Non,C/D,Non,Non,Non,Non,Non,C/D,Non,Non,Non,Non,C,C,C/D,C,C,C/D,Non,C/D,Non,C/D,C,C/D,C/D,C,C,C/D,C/D,C,C,C,C,C/D,Non,C/D,Non,C/D,Non,Non,C,Non,Non,C,C/D,C,C,C/D,Non,C,Non,Non,Non,C,C/D,C,C,C,Non,C,C,C,Non,Non,C,C,C/D,C,Non,C,C,C/D,Non,Non,C,C,C,C,C,Non,Non,C,Non,C/D,Non,Non,C/D,Non,C,C,Non,Non,Non,Non,C,Non,C,C,C,C,Non,Non,Non,Non,C,C,Non,C,C,C,Non,Non,Non,Non,Non,C,C,Non,Non,Non,C,Non,Non,Non,Non,Non,Non,Non,Non,Non,Non,Non,Non,Non,Non,Non,Non,Non,C,Non,C,C/D,Non,Non,C,C/D,Non,Non,Non,C,C,Non,C,Non,Non,Non,C/D,Non,C,Non,C,Non,C,C,C/D,C,Non,C/D,Non,Non,C,C,C,C,C,C,Non,Non,C,C,Non,C,C,Non,C,C,C,C,C,Non,Non,C,C,Non,C,Non,C,Non,Non,C,C,C,Non,C,Non,C,Non,Non,C,Non,Non,C,C,Non,Non,C,Non,C,Non,Non,Non,C,Non,Non,Non,Non,NA,NA,Non,Non,Non,C,Non,C,C,C,Non,C,C,C,Non,C,Non,C,C,Non,C,C,C,Non,C,C,C,C,C,C,C,C,C,Non,Non,Non,C/D,Non,Non,Non,C,Non,C/D,C,C,C,C/D,C,Non,Non,C/D,Non,Non,Non,C/D,C/D,Non,Non,Non,C,C,C,Non,Non,Non,Non,Non,Non,C,C,Non,Non,C,C,Non,Non,Non,Non,Non,Non,Non,Non,Non,C/D,Non,Non,C,C,C,C,Non,C,C/D,C,Non,Non,Non,Non,C,C,Non,Non,C,Non,Non,C,Non,Non,Non,BL01UK01FR039,UKFR039,687,22.9,2020,gb
R_1GDiP7n3ZVYMCVu,Male,University degree or equivalent,University degree or equivalent,20,80,0,NA,French;20;,English;80;,,40,60,0,NA,French,NA,10,9,NA,NA,I always (or almost always) speak French to my child,English,NA,6,10,NA,NA,I always (or almost always) speak English to my child,First,NA,1,7,Always (or almost always) English,1,C/D,C/D,C,C/D,C/D,C/D,C/D,C/D,C/D,C/D,C/D,C/D,C/D,C,C,C/D,C/D,C,C,C/D,C,C/D,C/D,C/D,C/D,C,C,C/D,C/D,C/D,C/D,C/D,C/D,C/D,Non,C/D,C/D,C/D,C/D,C/D,Non,C/D,C/D,C/D,C/D,Non,C/D,C/D,C/D,C/D,C/D,C/D,C/D,C/D,C/D,C/D,C/D,C,Non,C/D,C,C/D,C/D,C,C,C,C/D,C/D,C,Non,Non,C/D,Non,Non,C/D,C/D,C/D,C/D,C/D,Non,C/D,C,C,C/D,C/D,C/D,Non,C/D,Non,C,C/D,C/D,Non,Non,C,C/D,C/D,C/D,C/D,C/D,C/D,C/D,C/D,C/D,C/D,C/D,C/D,C/D,C/D,C,C/D,C/D,C/D,C/D,C/D,Non,C/D,C,C/D,C/D,C/D,Non,Non,C/D,Non,Non,C/D,C/D,C/D,C/D,C/D,Non,C/D,C/D,C,Non,C/D,C/D,C,C,C,Non,C/D,C,C,C/D,C,C/D,C,C,C,Non,C,C,C/D,C/D,Non,C,C,C/D,C/D,C/D,Non,Non,C,Non,C/D,C/D,C/D,C/D,C,C/D,Non,Non,C,Non,C,C/D,C,C,C/D,C/D,C,C,Non,C,C,C/D,C/D,C,C,C/D,C/D,Non,C/D,Non,C/D,Non,C,C,C,Non,C/D,Non,C/D,Non,C/D,Non,C/D,Non,C/D,C,C,Non,C/D,C,C/D,C,Non,C,Non,C/D,C,C,C,C,C,C,C,Non,C,C,C/D,C/D,Non,C/D,C,C,C/D,C/D,C,C/D,Non,C/D,C/D,C/D,C/D,C/D,C/D,C,C/D,Non,C,C,C,C,Non,C/D,C/D,C/D,C,Non,C,C,C/D,C/D,Non,C/D,C/D,C,C,C,C,Non,C/D,C/D,C/D,C,Non,C,C,C,C/D,C/D,C,C,C/D,C,C/D,Non,Non,C,C,C,C,C/D,C/D,C,C/D,C,C/D,Non,C/D,C,C/D,C/D,C,C,C,NA,NA,Non,C,C,C,C,C,C,C,Non,C/D,C/D,C/D,C,C,Non,C/D,C/D,C,C,C/D,C/D,C,C,C,C/D,C/D,C/D,C,C/D,C,Non,Non,Non,C/D,C/D,C,C,C,C,C,C,C/D,C,C,C/D,C,C,C,C/D,C,C/D,C/D,C/D,C/D,C,Non,Non,C,C/D,Non,Non,Non,C/D,C,C,C,Non,C/D,Non,C,C,Non,C,C,C/D,C/D,C,Non,C/D,C,C,C,C,C,C,C,C,C,C,C,C/D,C/D,C/D,C/D,C,C,C,C,Non,C/D,C/D,C,C,C/D,C,C,C,R_1GDiP7n3ZVYMCVu,R_1GDiP7n3ZVYMCVu,911,30.36666667,2020,gb
R_1g1l6kY4blqecqB,Female,Left school at 16 with GCSE or equivalent,Left school at 16 with GCSE or equivalent,30,70,0,NA,French;30;,English;70;,,30,70,0,NA,English,NA,6,9,NA,NA,I regularly speak both French and English to my child,English,NA,1,9,0,NA,I always (or almost always) speak English to my child,First,NA,1,NA,NA,1,Non,Non,Non,Non,C/D,Non,C/D,Non,C/D,Non,C/D,C/D,C,Non,Non,Non,Non,C/D,C/D,Non,Non,C/D,Non,C/D,Non,Non,Non,C/D,C/D,Non,Non,C/D,C,Non,Non,Non,C,Non,Non,Non,Non,Non,Non,Non,Non,C/D,Non,Non,C,Non,Non,Non,Non,C,Non,Non,Non,C,C,C/D,Non,Non,Non,C/D,Non,Non,C/D,Non,Non,Non,Non,Non,Non,Non,C/D,Non,Non,Non,Non,C,Non,Non,Non,Non,Non,Non,Non,Non,Non,Non,Non,Non,Non,Non,Non,C/D,Non,C,Non,Non,Non,Non,Non,Non,Non,Non,C/D,C/D,Non,Non,C,Non,C/D,Non,C/D,Non,C/D,Non,Non,C,C,Non,Non,C,Non,Non,Non,C,Non,Non,Non,Non,Non,Non,Non,Non,Non,C,Non,Non,Non,Non,Non,Non,Non,Non,Non,Non,Non,Non,Non,Non,C,Non,Non,Non,Non,Non,Non,Non,Non,C/D,Non,Non,Non,Non,C/D,Non,Non,Non,Non,Non,Non,Non,Non,Non,Non,Non,Non,Non,Non,Non,Non,Non,Non,Non,Non,Non,Non,Non,Non,Non,C,Non,Non,Non,Non,Non,Non,C,Non,Non,Non,Non,Non,Non,Non,Non,Non,Non,Non,Non,Non,Non,Non,Non,Non,C,Non,Non,Non,Non,Non,Non,C/D,Non,Non,Non,Non,Non,Non,Non,Non,Non,Non,C/D,Non,Non,Non,C/D,Non,Non,Non,Non,C,C,C/D,Non,Non,C/D,Non,Non,Non,Non,Non,C,Non,C/D,Non,Non,Non,Non,Non,Non,Non,Non,Non,Non,Non,Non,Non,Non,Non,Non,C/D,Non,Non,Non,Non,Non,Non,Non,Non,Non,Non,Non,C,Non,C,Non,Non,Non,Non,Non,Non,Non,Non,C/D,Non,Non,Non,Non,Non,Non,Non,Non,Non,Non,Non,NA,NA,Non,Non,Non,Non,Non,Non,Non,Non,Non,Non,Non,Non,Non,Non,Non,Non,Non,Non,Non,Non,Non,Non,Non,C,Non,Non,C,Non,Non,C,Non,Non,Non,Non,C/D,Non,Non,Non,Non,Non,C/D,Non,C,Non,Non,Non,Non,Non,Non,Non,Non,Non,Non,Non,Non,Non,Non,Non,Non,Non,Non,Non,Non,Non,Non,Non,Non,Non,Non,Non,Non,Non,Non,Non,Non,Non,Non,Non,C,Non,C,Non,Non,Non,C,Non,Non,Non,Non,Non,Non,Non,Non,Non,Non,Non,Non,Non,Non,Non,C/D,Non,Non,Non,Non,Non,Non,BL01UK01FR040,UKFR040,828,27.6,2020,gb
R_1inEVN2Bp4Xsw9q,Male,University degree or equivalent,Left school at 18 with A-Levels or equivalent,15,85,0,NA,French;15;,English;85;,,40,60,0,NA,French,NA,10,9,NA,NA,I regularly speak both French and English to my child,English,NA,0,10,NA,NA,I always (or almost always) speak English to my child,First,NA,1,12,Always (or almost always) English,2,C,C,C,C/D,C/D,C/D,C,C/D,C/D,C/D,C/D,C,C/D,Non,C,C,C,C/D,C/D,C/D,Non,C/D,C/D,C/D,C/D,Non,C/D,C/D,C/D,C/D,Non,C/D,C/D,C,Non,C/D,C/D,C/D,C,C/D,C,C,C/D,C,C,C,C,C/D,C/D,C,C,C,C,C,C,C,C/D,C/D,C/D,C,C,C,C,C,C,Non,C/D,C,C,C,C,C/D,C/D,Non,C/D,Non,C/D,C/D,C/D,C,C/D,Non,C,Non,C,C/D,Non,Non,C/D,C/D,C/D,C/D,C,C,Non,C/D,C/D,C/D,C/D,C,Non,C,C,C/D,C,C/D,C/D,C/D,Non,C,C/D,C/D,C/D,C,C/D,C,C,Non,C/D,C/D,C/D,Non,Non,C/D,Non,C,C/D,C,C,C,C/D,Non,C,Non,C,C,C,C,C,C/D,C/D,Non,C/D,C,C/D,C,C,C/D,C/D,C,C/D,Non,C,C,C,C,C,C/D,C,Non,C/D,C/D,C,Non,C/D,C,C/D,C,C/D,C,C,C/D,Non,Non,Non,C/D,C/D,C/D,C,C/D,C/D,C/D,C,C,Non,C,C/D,Non,C,C,C,C,C,C,C,C/D,C,Non,C/D,C/D,Non,C,C,Non,C,Non,C,C,C,Non,C/D,C,C,Non,C/D,C,C,C,Non,Non,C,C,C,C,C/D,C,C,Non,C/D,C/D,C/D,Non,Non,C,Non,C/D,C/D,Non,C/D,C/D,Non,C/D,C,C/D,C/D,C/D,C/D,C/D,C/D,C/D,C/D,C,C,C,C,C/D,C/D,C/D,C/D,C,C/D,C/D,C/D,C/D,C,C/D,C,C,C,C,C/D,C,C/D,C,C,C/D,C/D,C,Non,C,C,C,C,C,C,C,C,C,C,Non,Non,C,C,C,C,C,C,C,C,C,C,C,C,C,C,C,C,C,C,NA,NA,C/D,C,C/D,C,C,C,C,C,Non,C,C,C,C,C,C,C,C,C,C,C,C,C,C,C/D,C,C,C,Non,C,C,Non,Non,C,C/D,C,C/D,Non,Non,Non,C,C/D,C,C/D,C/D,C/D,C/D,C,C/D,C,C,C/D,C,C/D,C,C,Non,Non,C,C,Non,Non,C,C/D,C,C,C,C,C,C,Non,C,C,C,C,C,C,C,C,C,C,C,C,Non,C/D,C,Non,C,C,C,C,C,C,C,C,C,Non,C,C,Non,C,C,C,C/D,C,C,C,C,R_1inEVN2Bp4Xsw9q,R_1inEVN2Bp4Xsw9q,1104,36.8,2020,gb
R_2ElQxv2doF7R81N,Male,University degree or equivalent,University degree or equivalent,40,60,0,NA,French;40;,English;60;,,50,50,0,NA,French,NA,3,9,0,NA,I always (or almost always) speak French to my child,English,NA,1,10,NA,NA,I always (or almost always) speak English to my child,Second,NA,2,NA,NA,3,C/D,C/D,C,C/D,C/D,C/D,C/D,C/D,C/D,C/D,C/D,C/D,C,Non,Non,C,C,C/D,C,C/D,Non,C/D,C,C,C,Non,C,C,C,C,C/D,C,C,C,C,C,C,C/D,C,C,C,C/D,C,C,C,C,C/D,C/D,C,C/D,C,C,C,C,C,C/D,C,C/D,C/D,C/D,C,C/D,C,C/D,C,C,C/D,C,C,C/D,C,C,C,C,C/D,C/D,C,C,C/D,C,C,C,C/D,C,C/D,C/D,Non,C,C,C,C/D,Non,Non,Non,Non,C/D,C,C,C,C,C,Non,C,C,C/D,C,C,C/D,Non,C,C/D,C,C,C/D,C,Non,C/D,C,C/D,C/D,C/D,Non,Non,C/D,C,Non,C,C/D,C,Non,C/D,Non,C,Non,C,Non,C,C,Non,C,C,Non,C,C,C,C,Non,C,C/D,C,C/D,Non,C,C,C,C/D,C,C/D,C,C,C,C/D,C,Non,C,Non,C,C,C,C,C,C,C,C/D,C,C,C,C,C/D,C,C,Non,C,C,C/D,C,C,C,C/D,C/D,C,C,C,C,C/D,C,C,Non,C,C,C,C,C,C,C,C,C,C,C,C,C,C,Non,C,C,Non,C,C,Non,C,C,C,C,C,C/D,C/D,C,Non,C,C,C,Non,C,C,Non,C/D,C/D,Non,Non,C/D,Non,Non,Non,C,C/D,C/D,C/D,C,C,C/D,C,C,Non,Non,C,C/D,C,C/D,C/D,C,C/D,C,C/D,C,C,C,C,C,C,C,C,C,C,C,C,C/D,C,C,Non,C,C,C/D,C,C,C/D,C,C,C,C/D,C,C,C,C,C,C,C/D,C,C/D,C,C,C/D,C,C,C,C,C,C,C/D,C,NA,NA,C,C/D,C,C,C,C,C,C/D,C,C,C,C,C,C,C,C,C,C,C,C/D,C,C,C,C,C,C,C,C/D,C,C/D,C,C/D,C,C,C/D,C,C,C,C,C,C/D,C,C,C,C/D,C,C,C,C,C,C/D,C,C,C,C,Non,Non,C,C/D,Non,C,Non,C/D,C,C,C,C,C,C,C,C,C,Non,Non,Non,Non,Non,Non,C/D,C,C,C,C,C,C/D,C,C,C,C,C,C,C,C,C,C,Non,C,C,C,C,C/D,C/D,C/D,C,C,C,C,R_2ElQxv2doF7R81N,R_2ElQxv2doF7R81N,1052,35.06666667,2020,gb
R_1lfsufiK0Obzqi6,Female,University degree or equivalent,University degree or equivalent,95,5,0,NA,French;95;,English;5;,,95,5,0,NA,French,NA,10,7,NA,NA,I always (or almost always) speak French to my child,French,NA,10,8,NA,NA,I always (or almost always) speak French to my child,First,NA,1,NA,NA,2,C/D,C/D,C/D,C,C,C/D,C/D,C/D,Non,C/D,C/D,C,C,C,C,C,C,C/D,C/D,C,Non,C,C,C/D,C,Non,C,C,C/D,C/D,C,C,C/D,C,Non,C/D,C,C/D,C,C,C,C/D,C/D,C/D,C,C/D,C/D,C/D,C/D,C,Non,Non,C,C/D,C,C,C,C/D,C/D,C/D,C,C/D,C/D,C/D,C,C,C/D,Non,C,C/D,Non,C/D,C,Non,C/D,Non,C,C/D,C/D,C,C/D,C,C/D,Non,C,C/D,C,C,C/D,C,C/D,C,C,Non,Non,C/D,C,C,C/D,C,C,C,C,C,C,C,C,C/D,C,C,C,C/D,C,C,C,Non,C/D,C,C/D,C/D,C/D,C,Non,C/D,Non,Non,C,C/D,C,C,C/D,C,C,C,C,Non,C,C/D,C,C,C,C,C,C,C,Non,Non,C/D,C/D,C,C,Non,C,C,C/D,C,C,C/D,C,C/D,C,C/D,Non,C,C,Non,C/D,C,C,C,C,C,C,C,Non,C/D,C,C,Non,C,C,C,C/D,C,Non,C,C/D,C,C,C,Non,C,C/D,Non,C/D,C/D,C,Non,C/D,C/D,Non,C,C/D,Non,C,Non,C,C,C/D,C,C,C/D,Non,Non,C,Non,C,C,Non,Non,Non,C/D,C,C,C/D,C/D,C,C/D,C/D,Non,C/D,C/D,Non,Non,Non,C/D,C/D,C,Non,C/D,C/D,Non,Non,Non,C/D,C/D,C/D,C/D,C/D,C/D,C/D,Non,Non,C,C,C/D,C,C/D,Non,Non,C/D,Non,C,C,C,C/D,C,C,C,C,C,C,C,C,C,C,C,C/D,Non,C,Non,C/D,C/D,C/D,C/D,C,C,C,C/D,Non,C,C/D,C,C,C,C,C,C,C,Non,C,C,C/D,C,C/D,C/D,C,C,C,NA,NA,Non,Non,C,C/D,C,C/D,C,C,Non,C,C,C/D,C,C,C,C,C/D,C,C,C,C/D,C,C,C/D,C/D,C/D,C/D,C,C,Non,Non,Non,Non,C/D,C/D,C,C/D,Non,C,C,C/D,C/D,C/D,C/D,C/D,Non,C,C/D,C/D,Non,Non,Non,C/D,Non,Non,Non,Non,C/D,C/D,Non,Non,Non,C/D,Non,Non,Non,C,C/D,C,Non,C,C,C,C,C,Non,Non,Non,Non,C,Non,Non,Non,Non,Non,Non,Non,C,Non,C,C,C,C,C,C/D,C,C,C,Non,C/D,C/D,Non,C,C/D,C/D,C/D,C,R_1lfsufiK0Obzqi6,R_1lfsufiK0Obzqi6,660,22,2020,gb
R_25ZNHJnKMuFdYWx,Male,University degree or equivalent,University degree or equivalent,15,85,0,NA,French;15;,English;85;,,15,85,0,NA,English,NA,4,10,NA,NA,I always (or almost always) speak English to my child,French,NA,10,9,0,NA,I always (or almost always) speak French to my child,Second,NA,2,NA,NA,1,C,C/D,C/D,C/D,C/D,C/D,C/D,C/D,C/D,C/D,C/D,C/D,C/D,Non,C,C,Non,Non,Non,C,Non,C,C,C,C,Non,Non,C,C/D,C,Non,C,C,C,Non,C,C,C,Non,C,Non,Non,C,Non,C,C,C,C,C,C/D,C,C,C,C,C,C,C,C,C,Non,Non,C,C,Non,Non,Non,C,Non,Non,Non,Non,C,C,Non,C,Non,Non,Non,Non,Non,C,C,Non,Non,C,Non,Non,Non,C,Non,Non,Non,Non,Non,Non,C,C,Non,C,C,Non,Non,C,Non,Non,C,C,C,C,Non,C,C,C,C,C,C,Non,Non,C,C,C,Non,Non,C,Non,Non,Non,Non,C,Non,C,Non,Non,Non,C,Non,C,C,C,C,C,Non,C,C,C,C,C,C,C,C,C,Non,C,C,C,Non,C,C,C,C,C,C,C,C,C,Non,C,C,C,C,C,C,C,Non,Non,C,C,C,Non,C,C,Non,C,C,Non,C,C,Non,C,C,C,C,C,C,Non,C,Non,Non,C,C,Non,Non,C,Non,Non,Non,Non,Non,Non,Non,C,Non,Non,Non,C,Non,Non,Non,Non,Non,Non,C,Non,C,C,Non,C,C,Non,C,Non,Non,C,C,Non,C/D,Non,Non,C,C/D,Non,C,Non,C/D,C,C/D,C,C/D,C,Non,C/D,Non,C,Non,C,C/D,C,C,C,C,C,C,C,C,C,C,C,C,C,C,C,C,C,C,C,C,C,C,C,C,C,C,C,C,C,C,C,Non,C,Non,C,C,C,C,C,C,C,C/D,Non,C,C,Non,C,C,C,C/D,C,C,Non,NA,NA,C,C,C,C,C,C,C,C,C,C,C,C,Non,Non,Non,C,C,C,C,C,C,C,C,C,C,Non,C,C,C/D,C,Non,Non,Non,Non,Non,Non,C,Non,Non,C,C,C,C,C,Non,Non,Non,Non,Non,Non,C,Non,Non,C,Non,Non,Non,Non,Non,C,Non,Non,C,Non,Non,C,Non,Non,Non,Non,Non,Non,C,C,C,Non,C,Non,C,C,C,Non,Non,Non,C/D,Non,Non,C,Non,C,C,C,C,C,C,Non,C,C,Non,Non,C,C,C,Non,Non,C,Non,BL01UK01FR041,UKFR041,727,24.23333333,2020,gb
R_SMN7oTeg7RMo641,Female,University degree or equivalent,University degree or equivalent,40,60,0,NA,French;40;,English;60;,,40,60,0,NA,French,NA,10,8,NA,NA,I regularly speak both French and English to my child,English,NA,5,10,NA,NA,I always (or almost always) speak English to my child,First,NA,1,16,Always (or almost always) English,2,Non,Non,Non,Non,Non,Non,Non,C/D,C/D,Non,Non,Non,Non,Non,Non,Non,Non,Non,Non,Non,Non,C,Non,Non,Non,Non,Non,Non,Non,Non,Non,Non,Non,Non,Non,Non,Non,Non,Non,Non,Non,Non,Non,Non,Non,Non,Non,Non,Non,Non,Non,Non,Non,Non,Non,Non,Non,C,C,Non,Non,Non,C,C,Non,Non,Non,Non,Non,C,Non,Non,Non,Non,Non,Non,C,C,Non,C,Non,Non,Non,Non,Non,Non,Non,C,Non,Non,Non,Non,Non,Non,Non,Non,Non,Non,Non,Non,Non,Non,Non,Non,Non,Non,Non,C/D,Non,Non,Non,Non,Non,Non,Non,Non,Non,Non,C,Non,Non,Non,Non,Non,Non,Non,Non,Non,Non,Non,Non,Non,Non,Non,C,Non,Non,Non,Non,Non,Non,Non,C,Non,Non,Non,Non,C,Non,Non,Non,Non,C,Non,Non,C,Non,Non,Non,Non,Non,Non,Non,Non,Non,Non,Non,Non,Non,Non,Non,Non,Non,Non,Non,Non,Non,Non,Non,Non,Non,Non,Non,Non,Non,Non,C,Non,Non,Non,Non,C,C,Non,Non,Non,Non,Non,C,C,Non,Non,Non,Non,Non,Non,Non,Non,Non,Non,Non,Non,Non,C,C,Non,Non,Non,Non,Non,Non,C,Non,Non,C/D,Non,Non,Non,Non,Non,Non,Non,C,C,Non,C,Non,Non,Non,C/D,Non,Non,Non,C,C,C,C,C,C,C/D,Non,Non,Non,Non,C,C/D,Non,C,C,Non,Non,Non,Non,Non,C,Non,Non,C,Non,C,C,Non,Non,Non,C,C,Non,Non,Non,C,Non,Non,Non,C,Non,Non,C,Non,C,Non,Non,Non,Non,Non,Non,C,C,Non,Non,Non,Non,Non,Non,C,C,Non,Non,Non,Non,NA,NA,Non,Non,Non,Non,Non,Non,Non,Non,Non,C,Non,Non,Non,Non,Non,C,C,Non,Non,Non,Non,Non,Non,Non,Non,Non,Non,Non,C,C,Non,Non,Non,Non,Non,Non,Non,Non,Non,Non,C,Non,C,Non,Non,Non,Non,Non,Non,Non,Non,Non,Non,Non,Non,Non,Non,Non,Non,Non,Non,Non,Non,Non,Non,Non,Non,Non,Non,Non,Non,Non,Non,Non,Non,Non,Non,Non,Non,Non,Non,C/D,Non,Non,Non,Non,Non,Non,Non,Non,Non,Non,Non,Non,Non,Non,Non,Non,Non,Non,Non,Non,C,Non,Non,Non,Non,BL01UK01FR042,UKFR042,474,15.8,2020,gb
R_3fPpvrcTx06Slp6,Female,University degree or equivalent,University degree or equivalent,20,80,0,NA,French;20;,English;80;,,50,50,0,NA,French,NA,10,8,NA,NA,I always (or almost always) speak French to my child,English,NA,3,10,0,NA,I always (or almost always) speak English to my child,First,NA,1,10,Always (or almost always) English,1,C,C,C,C,C/D,C,C/D,C,C/D,C,C,C,C,Non,C,C,C,C,C,C/D,C,C/D,C,C,C/D,C,C,C,Non,C/D,C,C/D,C,C,C,C/D,C,C/D,C,C,Non,C,C,C,C,C,C/D,C/D,C/D,C/D,C,C,C,C,C,C/D,C,C,C/D,C/D,C/D,C/D,C/D,C/D,C,C,C/D,C/D,Non,C/D,C/D,C,C/D,C/D,C/D,C/D,C/D,C/D,C/D,C,C/D,C,C,C/D,C/D,C,Non,Non,C/D,C,C/D,C/D,Non,Non,C,C/D,C/D,C,C,C,C,C,C,C,C,C,C,C,C,C,C,C,C,C,C,C,C,C,C/D,C,C/D,Non,C,C,C,C/D,C/D,C/D,C,C,C/D,C,C,C,C,Non,C,C,C,C/D,C/D,Non,C,C,C/D,C/D,Non,C/D,C,C,Non,Non,C,C/D,C,C,C,C/D,C,C,C,C,Non,C,C/D,Non,C/D,C,C/D,C/D,C/D,C/D,C,C,C,C/D,C,C/D,C,C/D,C,C,C,Non,C,C,C/D,C,C,C,C,C/D,C,C/D,C,C/D,C,Non,C,C,C,C,C,C,C/D,C,C,C,C,C,C,C,C,Non,C,C,C,C,C,Non,C,C,C/D,C,C,C,Non,C,C,Non,C,C,C,C,Non,C/D,C,Non,Non,C,C,C,Non,Non,C,C/D,C,C/D,C/D,C/D,C/D,C/D,C,C,C,C/D,C,C/D,C/D,C,C/D,C,C,C,C,C,C,C,C,C,C,C,C,C,C,C,C,C,C,C,C,C,C,C,C,C,C,C,C,C,C,C,C,C,C,C/D,C,C,C,C/D,C,C,C/D,C,C/D,C/D,C,C,C,NA,NA,C,C,C,C,C,C,C,C,C,C,C,C,C,C,C,C,C,C,C,C,C,C,C,C,C,C,C,C,C,C,C,C/D,C,C,C,C,C,C,C,C,C/D,C,C,C,C/D,C,C,C,C,C,C/D,C,C/D,C,C,C,C,C,C/D,C,C,C,C,C,C,C,C,C,C,C,C,C,C,C,C,C,C,C,C,C,C,C,C,C,C,C,C,C,C,C,C/D,C,C,C,C,C,C,C,C,C/D,C/D,C,C,C,C,C/D,C,R_3fPpvrcTx06Slp6,R_3fPpvrcTx06Slp6,1010,33.66666667,2020,gb
R_sn74HXdR1iSrM6R,Male,University degree or equivalent,University degree or equivalent,40,60,0,NA,French;40;,English;60;,,50,50,0,NA,French,NA,10,6,4,Spanish,I always (or almost always) speak French to my child,English,NA,0,10,NA,NA,I always (or almost always) speak English to my child,First,NA,1,6,Always (or almost always) English,1,C/D,C/D,C/D,C/D,C/D,C/D,C/D,C/D,C/D,C/D,C/D,C/D,C/D,C,C/D,C/D,C/D,C/D,C/D,C/D,C/D,C/D,C/D,C/D,C/D,C/D,C/D,C/D,C/D,C/D,C/D,C/D,C/D,C/D,C,C/D,C/D,C/D,C/D,C/D,C/D,C/D,C/D,C/D,C/D,C/D,C/D,C/D,C/D,C/D,C/D,C/D,C/D,C/D,C/D,C/D,C/D,C/D,C/D,C/D,C/D,C/D,C/D,C/D,C/D,C/D,C/D,C/D,C/D,Non,C/D,C/D,C/D,C/D,C/D,C/D,C/D,C/D,C/D,C/D,C/D,C,C,C/D,C/D,C/D,C,C/D,C/D,C/D,C/D,C/D,C/D,C/D,C,C/D,C/D,C/D,C/D,C/D,C/D,C/D,C/D,C/D,C/D,C/D,C/D,C/D,C,C/D,C/D,C/D,C/D,C/D,C/D,Non,C/D,C/D,C/D,C/D,C/D,C/D,C,C/D,C,C/D,C/D,C/D,C/D,C/D,C/D,C/D,C/D,C/D,C,C/D,C/D,C/D,Non,C,C/D,C/D,C/D,C/D,C/D,C,C/D,C/D,C/D,C/D,C/D,Non,C/D,C/D,C/D,C/D,C/D,C/D,C,C/D,C/D,C/D,C/D,Non,C/D,C,C/D,C,C/D,C/D,C/D,C/D,C,Non,C,C/D,C/D,C/D,C,C/D,C,C/D,C/D,C/D,Non,C,C/D,C,C,C/D,C/D,C/D,C/D,C/D,C/D,C/D,C/D,C,C/D,C/D,C/D,C/D,C/D,C,C/D,C/D,C/D,C/D,C/D,C/D,C/D,C/D,C/D,C,C/D,C/D,C/D,C/D,C,C,C/D,C/D,C/D,C/D,C/D,C/D,C/D,C/D,C/D,C/D,C/D,C/D,C/D,C/D,Non,C/D,C/D,Non,Non,C/D,C/D,C/D,C/D,C/D,C/D,C/D,C/D,C/D,C/D,C/D,C/D,C/D,C/D,C/D,C,C/D,C,C/D,C/D,C/D,C/D,C/D,C/D,C,C/D,C/D,Non,C/D,C/D,C/D,C/D,C,C/D,C,C/D,C/D,C/D,C,C/D,C/D,C,C/D,C/D,C/D,C/D,C/D,C/D,C,C/D,C,C/D,C/D,C,C/D,C/D,C/D,C/D,C/D,C/D,C/D,C/D,C,C/D,C/D,C/D,C/D,C/D,C/D,C/D,NA,NA,C,C/D,C,C/D,C,C/D,C,C,C,C/D,C,C/D,C,C,C/D,C,C/D,C/D,C/D,C/D,C/D,C/D,C/D,C/D,C,C/D,C/D,C,C/D,C/D,C,C/D,C,C/D,C/D,C/D,C/D,C/D,C,C/D,C/D,C/D,C/D,C/D,C/D,C/D,C/D,C/D,C/D,C/D,C/D,C/D,C/D,C/D,C/D,C,Non,C/D,C/D,Non,Non,Non,C/D,Non,Non,C,C,C/D,C,Non,C/D,C,C/D,C,C/D,C/D,C/D,C/D,C/D,C/D,C/D,C/D,Non,C/D,C/D,C,Non,C/D,Non,C/D,C/D,C/D,C/D,C/D,C/D,Non,C/D,C/D,C,C/D,C/D,C,C,C,C/D,C/D,C/D,R_sn74HXdR1iSrM6R,R_sn74HXdR1iSrM6R,1109,36.96666667,2020,gb
R_3MQE8Nvon65baAB,Male,University degree or equivalent,University degree or equivalent,60,40,0,NA,French;60;,English;40;,,70,30,0,NA,French,NA,10,7,0, ,I always (or almost always) speak French to my child,English,NA,2,10,NA,NA,I always (or almost always) speak English to my child,First,NA,1,NA,NA,4,C/D,C/D,C/D,C/D,C/D,C/D,C/D,C/D,C/D,C/D,C/D,C/D,C/D,C/D,C/D,C,C/D,C/D,C/D,C/D,C/D,C/D,C/D,C/D,C/D,Non,C/D,C/D,C/D,C/D,C/D,C/D,C/D,C/D,Non,C/D,C/D,C/D,C/D,C/D,Non,C/D,C/D,C/D,C/D,C/D,C/D,C/D,C/D,C/D,C/D,C/D,C/D,C/D,C/D,C/D,C/D,C/D,C/D,C/D,C/D,C/D,C/D,C/D,C/D,Non,C/D,Non,C,Non,Non,C/D,C,Non,C/D,C,C,C,C,C,C,C/D,C/D,C/D,C/D,C/D,C/D,C/D,C/D,Non,C/D,Non,C/D,C/D,Non,C/D,C/D,C/D,C/D,C/D,C/D,C/D,C/D,C/D,C/D,C/D,C/D,C/D,C/D,C/D,C/D,C/D,C/D,C/D,C/D,C/D,C/D,C/D,C/D,C/D,C/D,C/D,C/D,C/D,C,C,C,C/D,C/D,C,C/D,C,C/D,C/D,C/D,C/D,C/D,C/D,C/D,C/D,C/D,Non,C/D,C/D,C/D,C/D,Non,C/D,C/D,C/D,C/D,C/D,C/D,C/D,C/D,C/D,Non,C,C/D,C/D,C/D,C/D,C/D,Non,C/D,C,C/D,C/D,C/D,C/D,C/D,C/D,C,C,Non,C,C,C,C,C/D,C,Non,C,C,Non,C,C/D,C,C/D,C/D,C/D,C/D,C/D,Non,C,C,C,Non,C/D,C/D,C/D,C/D,Non,Non,Non,C,C,C,C,C,C/D,C,Non,Non,C/D,Non,C,C/D,Non,Non,Non,C/D,C/D,C/D,C/D,C/D,C,C/D,C/D,Non,C,Non,C/D,C/D,Non,C/D,C/D,Non,Non,C/D,C,C/D,C/D,Non,C,C/D,C/D,C/D,C/D,C/D,C/D,C,C,C,C/D,C/D,C,C/D,C/D,C,C/D,C/D,C/D,C,C,C,C,C,C,C,C,C,Non,C,C,C/D,C/D,C/D,Non,C/D,C/D,Non,C,C/D,C,C,C,C,C/D,C,Non,C,C,C,C,C/D,C,C/D,Non,C,C,C/D,C/D,C/D,C/D,C/D,C,C,C,NA,NA,C,C,C,C,C,C,C,C,C,C,C,C,C,C,C,C,C,C,C,C,C,C,C,C/D,C/D,C,C/D,C/D,C,C,C/D,C/D,C,C/D,C/D,C,C,C/D,C/D,C/D,C/D,C/D,C,C/D,C/D,C,C/D,C,C/D,C,C/D,C/D,C/D,C/D,C,Non,Non,C,C/D,C,Non,C,C/D,Non,Non,Non,C,C,C,C,C,C,Non,Non,Non,Non,Non,Non,Non,Non,Non,C,Non,C,C,Non,Non,C/D,Non,C/D,C/D,C/D,C/D,C/D,C,C,C,C,C,C,C/D,C,Non,C,C,C,C,BL01UK01FR043,UKFR043,742,24.73333333,2020,gb
R_2dSHZ3SpGSjQ8EU,Female,University degree or equivalent,University degree or equivalent,60,30,10,Punjabi ,French;60;,English;30;,Punjabi;10;,70,20,10,Punjabi ,French,NA,10,9,0,Punjabi ,I always (or almost always) speak French to my child,English,NA,NA,10,9,Punjabi ,I always (or almost always) speak English to my child,First,NA,1,NA,NA,2,C/D,C/D,Non,C/D,C/D,C/D,C/D,C/D,C/D,C/D,Non,C,Non,Non,Non,Non,Non,Non,Non,C,Non,C/D,Non,C/D,Non,Non,Non,C,Non,Non,Non,Non,C/D,C,Non,C,Non,Non,Non,C,Non,Non,Non,Non,C,Non,C,Non,Non,C,Non,Non,Non,C,Non,Non,C,C/D,C/D,C/D,Non,C,C,Non,C,C,C/D,Non,Non,C,Non,Non,Non,Non,C/D,C,Non,C,C,C,C/D,Non,Non,C/D,C/D,Non,Non,Non,Non,Non,C,Non,Non,C,Non,C/D,C/D,C,C,C,C,Non,C,C,Non,Non,C/D,C/D,Non,Non,C,C/D,C/D,Non,C,C,Non,Non,Non,C/D,C/D,Non,Non,C,Non,Non,Non,Non,Non,Non,C,Non,Non,Non,C,Non,C,C,Non,Non,C,Non,C,C,C,Non,Non,C/D,Non,C/D,Non,Non,C,C,C,C,C,Non,Non,Non,Non,C/D,Non,Non,Non,Non,C,Non,Non,Non,C,C,Non,Non,Non,Non,Non,C,Non,Non,Non,Non,C,C,Non,C,C,C,C,C,C,C,C,Non,Non,Non,Non,Non,C,C,Non,Non,C,Non,Non,Non,Non,Non,Non,Non,Non,Non,Non,Non,C,Non,C,C,Non,Non,C,C/D,C,Non,C/D,Non,Non,C,Non,Non,Non,Non,C,C,Non,C/D,Non,Non,C,Non,Non,Non,Non,C,C/D,C,C,C/D,C,C/D,Non,Non,Non,Non,Non,C/D,C,C/D,C/D,Non,C,Non,Non,C,Non,C,Non,C/D,C,C,C,C,C,Non,C,C,C,Non,Non,Non,Non,Non,C,Non,Non,C,C,Non,C/D,Non,Non,Non,Non,Non,Non,Non,C,C,Non,C,C,Non,C,C,C/D,C,C,Non,Non,NA,NA,Non,C,Non,Non,C,C,C,Non,Non,C,C/D,Non,Non,C,C,Non,C,Non,C,Non,C,Non,C,C,C,Non,C,C,Non,Non,Non,Non,C,Non,C/D,C,C,Non,Non,C,C/D,C,Non,Non,Non,C,Non,C,Non,Non,Non,Non,Non,C,Non,Non,Non,Non,Non,Non,Non,C,C/D,Non,Non,C,Non,C,Non,Non,C,Non,Non,Non,Non,Non,Non,Non,Non,C,C,Non,Non,C,C,Non,C,C,C,C,C/D,Non,Non,Non,Non,Non,Non,Non,Non,Non,C/D,Non,Non,C,Non,Non,Non,BL01UK01FR044,UKFR044,659,21.96666667,2020,gb
R_3jYHDAlGQK6Tc1n,Female,University degree or equivalent,University degree or equivalent,20,80,0,NA,French;20;,English;80;,,40,60,0,NA,English,NA,5,10,NA,NA,I always (or almost always) speak English to my child,French,NA,10,10,NA,NA,I always (or almost always) speak French to my child,Second,NA,2,11,Always (or almost always) English,1,C,C/D,C/D,C/D,C/D,C/D,C,C/D,Non,C/D,C/D,C/D,C,C,C,C,C,C,C,C,Non,C/D,C,C/D,C,Non,Non,C,C,C,C,C/D,C,C,Non,C,C,C,Non,C,C,C,C,C,C,C/D,C/D,C/D,C,C/D,C,C,C,C,C,C,C,C,Non,C,Non,C,C,C,C,C,C,C,Non,Non,C,C/D,C,C,C,C/D,C/D,C,C,Non,C/D,C,C/D,C,C,C,Non,Non,C,C,C/D,C,C,C,C,C,C,C,C,C,C,Non,C,C,C,C,C,C,Non,C,C,C,C,C,C,Non,C,C,C,C,C,Non,Non,C,C,Non,C,C,C,Non,C,C,Non,C,C,Non,C,C,C,C,C,Non,C,C,C,Non,Non,C,C/D,C,C,Non,C,C,C,C,Non,C,C,C,C,C,C,Non,C,Non,C,C,C,C,Non,C,C,Non,C,C,C,C,C,C,C,C,C,C,Non,C,C,Non,C,C,C,C,C,C,C,C,C,Non,C,C,Non,C,C,Non,Non,Non,C,C,C,C,C,C,Non,Non,C,C,C,C,Non,C,C,C,C,C,C,Non,Non,C,C,C,C,Non,Non,C,Non,C,Non,Non,Non,C,Non,C,C,Non,C,C,C,C,C,C/D,C/D,C,C,Non,C,C/D,C,C,C,C,C,C,C,C/D,C,C,Non,C,C,C,C,C,C,Non,C,C,C,C,Non,C,Non,C,C,C,C,C,C,Non,C,C,C,C,C,C,Non,C,C,C,C,C,C,Non,C,C,C,C,C,C,C,NA,NA,C,C,C,C,C,C,C,Non,Non,C,C,C,C,Non,Non,Non,C,Non,C,C,C,C,C,C,C,C,C,C,C,C,C,Non,C,C,C,Non,C,Non,C,C,C,C,C,C,C,C,C,C,C,C,C,C,C,C,C,Non,Non,C,C,C,Non,Non,C,C,C,C,Non,C,C,C,C,C,Non,C,C,C,C,C,C,Non,C,Non,Non,C,C,Non,C,C,Non,C,C,C,C,C,C,Non,C,C,C,C,C,C,C,C,C,C,C,BL01UK01FR045,UKFR045,845,28.16666667,2020,gb
R_2ztCanhU838RDOA,Male,University degree or equivalent,University degree or equivalent,35,65,0,NA,French;35;,English;65;,,45,55,0,NA,Bilingual French and English,NA,10,10,NA,NA,I always (or almost always) speak French to my child,English,NA,4,10,NA,NA,I always (or almost always) speak English to my child,Other,Twin (no other children),1,NA,NA,0,C,C/D,C/D,C/D,C/D,C/D,C/D,C/D,C/D,C/D,C/D,C/D,C,C,C,C,C,C,C,C,C,C/D,C,C/D,C,C,C,C/D,C/D,C,C/D,C/D,C/D,C,C,C,C,C/D,C,C,C,C,C,C,C,C,C,C/D,C/D,C/D,C/D,C,C/D,C,C/D,C/D,C/D,C,C/D,C,C,C,C/D,C,C,C,C/D,C,C/D,C,C/D,C,C/D,C/D,C/D,C,C,C/D,C,C,C,C,C,C,C,C,C,C,C/D,C,C,C,C,C,C,C/D,C,C,C,C,C,C,C,C,C,C,C,C/D,C,C,C,C,C/D,C,C,C,C/D,C,C/D,C,C,C,C,C/D,C,C,C/D,C,C,C,C,C,C,C,C,Non,C,C,C,C,C/D,C,C,C,C,C/D,C/D,C,C/D,C,C,C,C,C/D,C/D,C/D,C,C/D,C/D,C/D,C,C/D,C,Non,C,C,C/D,C,C/D,C,C,C,C,C,C,C,C,C,C,C,C/D,C,C,C,C,C,C,C,C,C/D,C,C,C,C,C,C,C,C,C/D,C/D,C,C,C,C,C,C,C,C,C,C,C/D,C,C,Non,C/D,C,C,C/D,Non,Non,C,C/D,C,C,C/D,C/D,C/D,C,C,C,C,C,C,C,C,C/D,C,C,C,C/D,C,C,C,C,C,C,C,C/D,C,C,C/D,C,C,C,C,C,C,C,C,C,C,C,C,C,C,C,C,C,C,C,C,C,C,C,C/D,C/D,C,C,C,C,C,C,C,C,C,C,C,C,C/D,C,C,C,C,C,C,C/D,C,C,C,C,C/D,C,C,C,C,C,C,C,C,NA,NA,C,C,C,C/D,C,C,C,C,C,C,C,C,C,C,C,C,C,C,C,C,C,C,C,C/D,C,C,C/D,C,C,C,C,C,C,C/D,C/D,C,C,C,C/D,C,C/D,C,C,C/D,C,C,C,C,C,C,C/D,C,C/D,C,C,C,C,C,C/D,C,C,C,C/D,C,C,C,C,C,C,C,C,C,C,C,C,C,C,C,C,C/D,C,C,C,C,C,C,C,C/D,C,C,C/D,C/D,C/D,C,C/D,C,C,C,C,C/D,C/D,C,C,C,C,C/D,C,BL01UK01FR046,UKFR046,856,28.53333333,2020,gb
R_2tAyjYvmYkC7kOv,Male,University degree or equivalent,University degree or equivalent,75,25,0,NA,French;75;,English;25;,,100,0,0,NA,French,NA,10,6,NA,NA,I always (or almost always) speak French to my child,French,NA,10,9,NA,NA,I always (or almost always) speak French to my child,Second,NA,2,18,Always (or almost always) English,13,C,C/D,C,C/D,C/D,C/D,C/D,C/D,C,C/D,C/D,C/D,C/D,Non,C,Non,C,Non,C,C/D,Non,C/D,C/D,C/D,C/D,Non,C,C,Non,C,Non,C/D,Non,C,Non,C/D,C,Non,C,C/D,Non,C,C,C,C/D,C,C/D,C/D,C,C/D,C/D,C/D,C/D,C/D,C/D,C/D,C/D,C,Non,Non,C,C,C/D,C,C/D,C,C/D,C/D,C,C,C,C/D,Non,C,C/D,C,C,C/D,C/D,Non,C,Non,C,Non,C/D,C,C,C,C,C,C,C,C,Non,C,C,C,C,C,C,Non,Non,Non,C,C,C,C/D,C/D,C,C,C,C,C,C,C,C,C/D,C,C/D,C/D,C/D,C,C/D,C/D,C,C,C/D,C,C/D,C,C,Non,C,Non,C,C,C,C,C,C,C,Non,C,C,C,C,Non,C,C,C,C/D,Non,C,C,C,C,Non,C,C,C,C,C/D,Non,Non,Non,Non,C/D,C,C,Non,Non,C,C,Non,Non,C,C,C/D,Non,C,C,Non,C,Non,Non,C/D,C,C,C,C,C,Non,C,C,C/D,Non,C,Non,C,C,Non,C,C,Non,Non,C,C,Non,C,Non,C,C,C,C,C/D,C,C/D,C,Non,C,C,C/D,C,Non,C/D,Non,Non,C,Non,Non,Non,Non,C/D,C,Non,C/D,Non,Non,Non,C/D,Non,C,C,Non,C,C/D,C/D,C,C,C/D,C/D,C,C,C,C,C,C,C/D,C/D,C,C,C,C,C,C,C,Non,C,C,C,C,C,C,Non,C/D,C,C/D,C,Non,C,C,C,C,C/D,C,C/D,C/D,C,C/D,C,C,C,C,C,C,C,C/D,C,C,C,C/D,C,C,C,C/D,C/D,C,C,C,NA,NA,C,C,Non,C,Non,Non,C,C,Non,C/D,C/D,C,Non,C,Non,C,C,C,C,Non,C/D,C,C,C,C,C,C,C,C/D,Non,C,C/D,Non,C/D,C/D,C,C,C,C,C,C,C,Non,Non,C,Non,Non,Non,C,C,Non,C,C,C,Non,Non,Non,Non,Non,Non,Non,Non,Non,Non,Non,Non,Non,C,Non,Non,C,Non,Non,Non,Non,Non,Non,Non,Non,Non,Non,Non,Non,Non,C,Non,C,Non,Non,C,C,C,C,C,C,C,C,C,Non,Non,C/D,Non,C,C,Non,C,C,BL01UK01FR047,UKFR047,632,21.06666667,2020,gb
R_2EtQKaIwxzHfUY5,Female,University degree or equivalent,University degree or equivalent,97,3,0,NA,French;97;,English;3;,,97,3,0,NA,French,NA,10,8,NA,NA,I always (or almost always) speak French to my child,French,NA,10,8,NA,NA,I always (or almost always) speak French to my child,First,NA,1,NA,NA,2,C,C/D,C,C,Non,C/D,C/D,C/D,Non,C/D,C/D,C/D,C/D,C,C,C,C/D,C/D,C/D,C/D,Non,C/D,C,C/D,C/D,Non,C,C,C,C/D,C,C,C,C,Non,C/D,C,C/D,C/D,C/D,C,C,C/D,C,C,C,C/D,C/D,C/D,C,C,Non,C,C/D,C,C,C/D,C/D,C/D,C/D,C,C/D,C/D,C,C,C,C/D,Non,Non,C/D,Non,C/D,C,Non,C/D,C,C,C/D,C/D,C,C/D,C,C/D,C,C,C/D,Non,C,C/D,C,C/D,C,C,Non,Non,C/D,C/D,C/D,C,C/D,C,C,C/D,C/D,C/D,C,C/D,C/D,C,C/D,C/D,C/D,C/D,C/D,C/D,Non,C/D,C,C/D,C/D,C,C,Non,C/D,Non,Non,C/D,C,C/D,Non,C/D,C,C,Non,C,Non,C,C,Non,C,C,C,C,Non,C,Non,Non,C,Non,C,C,Non,C,C,C,C,C,C/D,C,C/D,C,C/D,C,C,C,Non,C/D,C,C,C/D,C,C,C,C,C,C/D,C,C,C,C,C,C,C,C,Non,C,C/D,C,C/D,C,C,C,C/D,Non,C/D,C,C,Non,C,C,Non,C,C,Non,C,Non,C,C,C,C,C,C/D,Non,Non,C,Non,C,C,Non,Non,Non,C/D,C/D,Non,C/D,C/D,C,C,C/D,Non,C,C,Non,Non,Non,C/D,C/D,Non,Non,C/D,C/D,Non,Non,Non,C/D,C/D,C,C,C/D,C/D,C/D,Non,Non,C,C,C/D,C,C/D,C/D,C,C/D,Non,C,C,C,C/D,C,C/D,C/D,C,C,C,C,C,C/D,C,C/D,C/D,Non,C,C,C/D,C,C/D,C/D,C,C/D,C,C,C,Non,C/D,C,C,C,C,C/D,C,Non,C/D,C,Non,C,C/D,C/D,C/D,C,C/D,Non,NA,NA,C,C/D,C,C,C/D,C/D,C,C,Non,C,C/D,C/D,C,C,C,C,C,C,C,Non,C,C,C,C/D,C,C/D,C/D,C,C,C,Non,C,Non,C/D,C/D,C,C,Non,Non,C,C,C/D,C/D,C,C,C/D,C,C,C/D,C,C/D,Non,C,Non,C,Non,Non,C,C,Non,Non,Non,C/D,Non,Non,Non,Non,C,C,Non,C,Non,Non,Non,Non,Non,C,Non,Non,Non,Non,Non,Non,Non,Non,Non,Non,C,Non,C,Non,C,C,C,C/D,C,C,C,Non,C,C,Non,Non,Non,Non,C/D,C,BL01UK01FR048,UKFR048,718,23.93333333,2020,gb
R_2BgNNUSh7y8HBC5,Female,University degree or equivalent,University degree or equivalent,20,80,0,NA,French;20;,English;80;,,60,40,0,NA,French,NA,10,7,NA,NA,I regularly speak both French and English to my child,English,NA,3,10,NA,NA,I always (or almost always) speak English to my child,First,NA,1,8,Always (or almost always) English,0,Non,Non,Non,Non,C/D,C,Non,C,Non,C,Non,C,Non,Non,Non,Non,Non,Non,Non,Non,Non,Non,Non,C,Non,Non,Non,Non,Non,Non,Non,C,C,Non,Non,Non,Non,Non,Non,Non,Non,Non,Non,Non,C,C,Non,Non,Non,Non,Non,Non,Non,C,Non,Non,Non,C,Non,Non,Non,Non,Non,Non,Non,Non,Non,Non,Non,Non,Non,Non,Non,Non,C,Non,Non,Non,Non,Non,C,Non,Non,Non,Non,Non,Non,Non,Non,Non,Non,Non,Non,Non,Non,Non,Non,Non,Non,Non,Non,Non,Non,Non,Non,Non,Non,Non,Non,Non,Non,Non,Non,C,Non,Non,Non,Non,Non,C,C,Non,Non,Non,Non,Non,Non,Non,Non,Non,Non,Non,Non,Non,C,Non,Non,Non,Non,Non,Non,Non,Non,Non,Non,Non,Non,C,Non,Non,Non,Non,C,C,Non,Non,Non,Non,Non,Non,Non,Non,Non,Non,Non,Non,Non,Non,Non,Non,Non,Non,Non,Non,Non,Non,Non,Non,Non,Non,Non,Non,Non,Non,Non,Non,Non,Non,Non,Non,Non,Non,Non,Non,Non,Non,Non,Non,Non,Non,Non,Non,Non,Non,Non,Non,Non,Non,Non,Non,Non,Non,Non,Non,Non,Non,Non,Non,Non,Non,Non,Non,Non,Non,Non,Non,Non,Non,Non,Non,Non,Non,Non,Non,Non,Non,Non,Non,Non,Non,Non,Non,Non,Non,C,C,Non,Non,Non,Non,C,Non,Non,Non,Non,Non,C,C,C,Non,Non,Non,Non,Non,Non,Non,Non,C,Non,Non,Non,C,Non,Non,C,Non,Non,Non,Non,Non,Non,Non,Non,Non,Non,Non,C,Non,C,Non,Non,Non,Non,Non,Non,Non,Non,Non,Non,Non,Non,Non,Non,Non,C,Non,Non,Non,Non,NA,NA,Non,Non,Non,Non,Non,Non,Non,Non,Non,Non,Non,Non,Non,Non,Non,Non,Non,Non,Non,Non,Non,Non,Non,Non,Non,Non,Non,Non,Non,Non,Non,Non,Non,Non,Non,Non,Non,Non,Non,C,C,Non,Non,Non,Non,Non,Non,Non,Non,Non,Non,Non,Non,Non,Non,Non,Non,Non,Non,Non,Non,Non,Non,Non,Non,Non,Non,Non,Non,Non,Non,Non,Non,Non,Non,Non,Non,Non,Non,C,Non,Non,Non,Non,Non,Non,Non,Non,Non,Non,Non,Non,Non,Non,Non,Non,Non,Non,Non,Non,Non,Non,Non,Non,Non,Non,Non,BL01UK01FR049,UKFR049,380,12.66666667,2020,gb
R_2t58kjeXmrTHBXJ,Female,University degree or equivalent,University degree or equivalent,40,60,0,NA,French;40;,English;60;,,100,0,0,NA,French,NA,10,8,0,NA,I always (or almost always) speak French to my child,French,NA,10,9,NA,NA,I always (or almost always) speak French to my child,First,NA,1,4,Always (or almost always) English,10,C,C,C/D,C/D,C/D,C,C,C,C/D,C/D,C/D,C/D,C/D,Non,Non,C,Non,C/D,C/D,C/D,Non,C/D,C/D,C/D,C,Non,C,C/D,C/D,C,C/D,C,C/D,C,C,C/D,C,C,C,C/D,Non,C/D,Non,C,Non,C/D,C,C/D,C,C,C,C,C/D,C,C,C,C/D,C/D,C,C/D,Non,C,C,C,C/D,Non,C/D,C,C,Non,Non,C,C,C,C/D,Non,C/D,C/D,C,C,C,Non,Non,C,C,Non,Non,C,Non,C,C,Non,C,Non,C,C,C,C/D,C,C,C,C,C,C,C,C,C,C/D,C,Non,C,C/D,C/D,C,C/D,C/D,C,C,C/D,C/D,C/D,C,C,C/D,C,Non,C,C/D,C,C,C,C,C,C,C,C,C,Non,C,C,C,Non,C,Non,C,C,Non,C,Non,C,Non,Non,C,Non,C,Non,Non,C,C,Non,Non,C/D,Non,Non,C/D,Non,C,Non,Non,C/D,Non,C,C,Non,Non,Non,Non,C/D,Non,Non,Non,C,Non,Non,Non,C,Non,Non,Non,Non,C,C,C,Non,C,C,Non,Non,C,C,Non,Non,Non,Non,Non,C,C,C,C,Non,C,C,Non,Non,C,Non,C,C,Non,Non,Non,C/D,C,C,C/D,C,Non,C,C,Non,C,Non,Non,Non,Non,C/D,Non,Non,Non,C/D,C,Non,Non,Non,C,C/D,C,C/D,C,C/D,C/D,Non,Non,Non,C,C/D,C,C/D,C,Non,Non,Non,Non,Non,Non,Non,Non,C,C,Non,C,C,Non,C,C,C/D,C,C,Non,C,Non,C,C,C,C,Non,C,Non,C,C,Non,Non,Non,Non,C,C,C,Non,C,Non,C,C,C,C,C,C,Non,Non,C,NA,NA,Non,Non,Non,Non,Non,Non,Non,C,Non,C,C,Non,Non,Non,Non,Non,C/D,C,C,Non,C,Non,Non,C,C,Non,C,C,C,C,Non,Non,C,Non,C/D,C,C,Non,Non,C,C/D,C,C,Non,Non,Non,Non,Non,Non,C/D,C,Non,Non,C,Non,Non,Non,Non,Non,Non,Non,Non,Non,Non,Non,Non,Non,Non,Non,Non,Non,Non,Non,Non,Non,Non,Non,Non,Non,C,C,Non,Non,C,Non,Non,Non,Non,Non,Non,Non,Non,Non,Non,Non,Non,Non,Non,Non,Non,C/D,Non,Non,C/D,Non,Non,Non,BL01UK01FR050,UKFR050,464,15.46666667,2020,gb
R_3D624AGkZRECTpY,Female,University degree or equivalent,University degree or equivalent,20,70,10,Mandarin,French;20;,English;70;,Mandarin;10;,50,50,0,NA,French,NA,10,9,8,Spanish,I always (or almost always) speak French to my child,English,NA,3,10,NA,NA,I always (or almost always) speak English to my child,First,NA,1,6,A regular mix of French / English / other languages,3,C/D,C/D,C/D,C/D,C/D,C/D,Non,C/D,C/D,C,C/D,C/D,C/D,C/D,C/D,C/D,C/D,C/D,C/D,C/D,C/D,C/D,C/D,C/D,C/D,C,C/D,C/D,C/D,C/D,C/D,C/D,C/D,C/D,C,C/D,C/D,C/D,C/D,C/D,C/D,C/D,C/D,C/D,C/D,C/D,C/D,C/D,C/D,C/D,C/D,C/D,C/D,C/D,C/D,C/D,C/D,C/D,C/D,C/D,C/D,C/D,C/D,C/D,C/D,C/D,C/D,C/D,C/D,C/D,C/D,C/D,C/D,C/D,C/D,C/D,C/D,C/D,C/D,C/D,C/D,C,C/D,C/D,C/D,C/D,C/D,C/D,C/D,C/D,C/D,C/D,C,C/D,C/D,C/D,C/D,C/D,C/D,C/D,C/D,Non,C/D,C/D,C/D,C/D,C/D,C/D,C/D,C/D,C/D,C/D,C/D,C/D,C/D,C,C/D,C/D,C/D,C/D,C/D,C/D,C/D,C/D,Non,C/D,C/D,C/D,C/D,C/D,C/D,C/D,C/D,C/D,C/D,C,C/D,C/D,C,C/D,C/D,Non,C/D,C,C/D,C/D,C/D,C/D,C/D,C/D,C/D,Non,C/D,C,C/D,C/D,C/D,C/D,C/D,C/D,C/D,C/D,C/D,Non,C/D,C/D,C/D,C/D,C/D,C/D,C/D,C/D,C/D,C/D,C/D,C/D,C/D,C/D,C/D,C/D,C/D,C/D,C/D,C/D,Non,C/D,C/D,C/D,C/D,C/D,C/D,C/D,C/D,Non,C/D,C/D,C/D,Non,C/D,C/D,Non,C/D,C/D,Non,C,C/D,C/D,C/D,C/D,C/D,C/D,C/D,C/D,Non,C/D,C/D,C/D,C/D,C,C/D,C/D,C/D,C/D,C/D,C/D,C/D,C/D,C/D,C/D,C/D,C/D,C/D,C/D,C/D,Non,C/D,C/D,C/D,C,C/D,C/D,C/D,C/D,C,C/D,C/D,C/D,C/D,C/D,C,C/D,Non,C,C,Non,C/D,C,C/D,C/D,C,C/D,C,C/D,C/D,C/D,C/D,C,C/D,C/D,C,C/D,C/D,C/D,Non,C/D,C/D,C/D,C/D,Non,C,C,C,C/D,C/D,C,C,C/D,Non,C/D,C,C,C/D,C,C/D,C,C/D,C,C/D,C/D,C/D,C/D,Non,C/D,C/D,C/D,C/D,C/D,C/D,Non,NA,NA,C/D,C/D,C,C/D,C/D,C/D,C/D,C,C,C/D,C/D,C/D,C,Non,C,C,C/D,C,C,C,C/D,C/D,C/D,C/D,C/D,C/D,C/D,C,C/D,C/D,Non,C/D,C/D,C/D,C/D,C/D,C/D,C,C,C/D,C/D,C/D,C/D,C/D,C/D,C/D,C/D,C/D,C/D,C/D,C/D,C/D,C/D,C/D,C,C,Non,C/D,C/D,C/D,C/D,Non,C/D,C/D,C/D,C/D,C/D,C/D,C/D,Non,C/D,C/D,C/D,C/D,C/D,C/D,C/D,C/D,C/D,C/D,C/D,C/D,Non,C/D,C/D,Non,C/D,C/D,C/D,C/D,C/D,C,C,C/D,C/D,Non,C,C/D,C,C/D,C/D,C/D,C/D,C/D,C/D,C/D,C/D,R_3D624AGkZRECTpY,R_3D624AGkZRECTpY,976,32.53333333,2020,gb
R_yONdls5zOf8j49H,Female,University degree or equivalent,University degree or equivalent,30,70,0,NA,French;30;,English;70;,,40,60,0,NA,French,NA,10,8,NA,NA,I regularly speak both French and English to my child,English,NA,1,10,NA,NA,I always (or almost always) speak English to my child,Other,Twins,1,22,Always (or almost always) English,10,C,C,C,C/D,C/D,C/D,C/D,C,C/D,C/D,C/D,C/D,C/D,C,C/D,C/D,C/D,C,C,C/D,C,C/D,C/D,C/D,C/D,Non,C/D,C/D,C/D,C/D,C/D,C/D,C/D,C/D,Non,C/D,C/D,C/D,C/D,C/D,C,C,C,C/D,C/D,C/D,C/D,C/D,C/D,C/D,C/D,C/D,C/D,C,C/D,C/D,C/D,C/D,C/D,C/D,C/D,C,C/D,C,C,C,C/D,C/D,C,C,C/D,C/D,C,C/D,C/D,C,C/D,C/D,C/D,C,C/D,C,C,C/D,C/D,C/D,C,C/D,C/D,C/D,C/D,C/D,C,C,C,C/D,C/D,C/D,C/D,C/D,C,C/D,C/D,C/D,C/D,C/D,C/D,C/D,C,C,C/D,C/D,C/D,C/D,C/D,C,C/D,C,C/D,C/D,C/D,Non,Non,C/D,Non,C/D,C/D,C/D,C/D,C/D,C/D,C/D,C/D,C,C,Non,C,C/D,C,C/D,C/D,Non,C,Non,C/D,C/D,C/D,C/D,C/D,C/D,C,Non,C,C,C/D,C/D,Non,C/D,C,C/D,C/D,C/D,C,Non,Non,Non,C/D,C,C/D,C/D,C/D,C/D,C,C,C/D,C/D,C/D,C/D,C/D,C/D,C,C/D,C/D,C,Non,Non,C,C/D,C,C/D,C,C/D,C/D,C,C,C/D,C,Non,C/D,C/D,Non,C,C,Non,C/D,Non,Non,Non,C/D,Non,C/D,Non,Non,Non,C/D,Non,C/D,C/D,Non,Non,Non,C/D,Non,C/D,C/D,C,C/D,C,Non,Non,Non,Non,C/D,C/D,Non,C/D,Non,C/D,C/D,C/D,Non,C/D,C/D,C/D,C/D,C,C/D,C,C/D,C,C/D,C,C/D,Non,Non,C/D,C,C/D,C/D,C/D,C/D,C/D,C,C/D,C/D,C/D,C/D,C/D,C,C,C/D,C,C/D,C,C/D,C/D,C/D,C/D,C,C,C,C/D,C/D,C/D,C/D,C/D,C/D,Non,C/D,Non,C/D,C,C,C/D,C/D,C/D,C/D,C/D,C,Non,C,Non,C/D,C/D,C/D,C,C/D,C,C,NA,NA,C,C/D,C,C/D,C,C,C,Non,Non,C/D,C,C,Non,Non,C,Non,C/D,C,C,C,C/D,C,C/D,C/D,C,C,C/D,C,C/D,C/D,Non,C/D,C/D,C/D,C/D,C/D,C/D,C/D,Non,C/D,C,C/D,C/D,C/D,C/D,C,C/D,C/D,C/D,C,C/D,C,C/D,C,C/D,Non,Non,C/D,C/D,Non,Non,Non,C/D,C,C,C,C,C,C/D,C,C,C,C,C,C,C,C/D,C,C,Non,C/D,C/D,C,C,C/D,C,C,C/D,C,C/D,C,C,C/D,C/D,Non,C,C,C,Non,C,C/D,C/D,C/D,Non,Non,C,C/D,R_yONdls5zOf8j49H,R_yONdls5zOf8j49H,1078,35.93333333,2020,gb
R_By9gorieaChwrWF,Female,University degree or equivalent,University degree or equivalent,35,60,5,"Farsi, Greek ",French;35;,English;60;,Other;5;,50,50,0,NA,Bilingual French and English,NA,9,10,5,Italian,I always (or almost always) speak French to my child,English,NA,5,10,NA,NA,I always (or almost always) speak English to my child,Second,NA,2,10,Always (or almost always) English,2,C/D,Non,C,C/D,C/D,C,C/D,C/D,C/D,C,Non,C,Non,Non,Non,C/D,Non,C,C,C,Non,C,Non,C,C,Non,Non,Non,Non,Non,Non,C,Non,Non,Non,C,Non,Non,Non,Non,Non,Non,Non,Non,Non,Non,Non,Non,Non,C/D,Non,Non,Non,C,Non,Non,C,C/D,C,C/D,Non,Non,Non,C/D,C,C,C/D,C,Non,Non,Non,C,C/D,Non,Non,Non,C,Non,Non,Non,C/D,Non,Non,C,C,C,Non,Non,Non,Non,C/D,C,C,Non,Non,C/D,C,C/D,C/D,Non,Non,Non,C,C,Non,C,C/D,C/D,C/D,Non,C/D,C/D,C/D,C,C/D,C,C/D,Non,C,C/D,C/D,Non,Non,C,Non,Non,Non,C,C,C,C,C,Non,C/D,C,Non,C,C/D,C,C,C/D,Non,Non,C,C,C,Non,C/D,C,C,Non,Non,C,C,C/D,C,C,Non,Non,Non,Non,C/D,Non,Non,Non,Non,C,Non,C,Non,Non,Non,Non,Non,Non,Non,Non,C,Non,Non,C,Non,Non,Non,Non,C,C,C,C,C,Non,C,C,Non,C,C,Non,Non,Non,C,Non,Non,C,Non,Non,Non,C,Non,C,Non,Non,Non,Non,Non,C,Non,C,Non,Non,Non,Non,Non,Non,C,C/D,Non,Non,Non,Non,C,Non,Non,Non,Non,Non,C/D,Non,Non,Non,Non,Non,Non,Non,Non,C/D,C/D,C/D,C/D,C/D,C/D,C/D,C,Non,C,C,C/D,C,C/D,C/D,C,C/D,Non,Non,C,C,C,Non,C,C,C,C,C,Non,Non,C/D,C,C,C,Non,C,Non,C,Non,C,C,C,C,Non,C/D,Non,Non,C,C,C,Non,C,C,C,Non,C,Non,Non,C,C,C/D,C,C,C,C,Non,C,Non,C,Non,C,C,C,C,Non,Non,C,C,C,Non,Non,Non,C,C,Non,C,Non,C,C,C,C,C,Non,Non,Non,Non,C,Non,Non,C,C,C/D,C,C/D,Non,Non,C,C/D,C/D,C/D,C,Non,Non,C,C,C,C,Non,C,Non,C/D,Non,Non,Non,Non,Non,Non,Non,Non,C,C/D,Non,C,Non,C,Non,Non,C,C,Non,Non,Non,Non,C,Non,Non,Non,C,C/D,Non,Non,C/D,Non,Non,C,Non,Non,C/D,Non,C,C,C,Non,Non,C,Non,Non,C/D,C,C/D,C,Non,Non,C/D,BL01UK01FR051,UKFR051,635,21.16666667,2020,gb
R_Q4CD3jSG3ynSAQ9,Female,University degree or equivalent,University degree or equivalent,30,60,10,Greek,French;30;,English;60;,Greek;10;,40,50,10,Greek,French,NA,10,8,NA,NA,I always (or almost always) speak French to my child,Other(s),Greek ,1,8,10,Greek,I regularly speak a mix of French / English / other languages to my child,First,NA,1,6,Always (or almost always) English,2,C,C/D,C/D,C/D,C/D,C/D,C/D,C/D,C/D,C/D,C/D,C/D,C/D,Non,C,C,Non,C,C/D,C/D,Non,C/D,C,C/D,C,Non,C,Non,C,C,C/D,C/D,C/D,C,C,C,C,C,C,C/D,Non,C/D,C,C,C,C,C,C/D,C/D,C,C/D,C,C/D,C/D,C/D,C/D,C/D,C/D,C/D,C/D,C,C,C/D,C,C,C,C/D,Non,Non,Non,Non,C,C,Non,C,Non,C,C,Non,Non,C,C,Non,C,C,C,Non,Non,C,C/D,C,C/D,Non,C/D,C,C/D,C,C/D,C,C,C,Non,Non,C,Non,Non,C,C,C/D,C,C,C,C,C,C,Non,C/D,Non,C/D,C/D,C/D,Non,Non,C/D,C,Non,C,C/D,C,C,C,C,Non,Non,C/D,C,C,C/D,C,C,C,C,C,C,C,C,Non,C,C/D,C,C/D,Non,C,C,C,C,C,C,C,C,C,C,C,Non,C,Non,C/D,Non,C,C/D,Non,C,Non,Non,Non,Non,Non,C,Non,Non,C,Non,Non,Non,Non,C,C,Non,C/D,C,C,C,C,Non,C,Non,Non,Non,C,C,Non,Non,C,Non,C,Non,C,Non,Non,Non,Non,Non,Non,C,C/D,Non,Non,Non,Non,Non,C,C,C,Non,C,C,C,C,Non,Non,Non,Non,C/D,C/D,Non,C/D,Non,C/D,C/D,C/D,Non,Non,Non,Non,C,C/D,C/D,C,C,C/D,C,Non,Non,C,C,C/D,C,C/D,C/D,Non,C,C,C/D,C,C,C,C,C,C,C,C,C,C,C,C,C,C,C,Non,C/D,Non,Non,Non,C,C,Non,C,Non,C,Non,Non,C,C,C,C,C,C,C/D,Non,C,C,Non,C,C,C/D,C,C,C,C,Non,C,Non,C,C,C,C,C,C,C,Non,C,C/D,C,Non,C,Non,C,C/D,C,C,Non,C,C,C,C,C,C,C,C,C,C,C,Non,C/D,C,C/D,Non,C/D,Non,C/D,C,C/D,C,Non,Non,Non,C,Non,Non,C,C,Non,Non,Non,Non,Non,Non,Non,Non,Non,Non,Non,Non,C,C,C,Non,Non,C,C,C,C,C,Non,Non,Non,Non,C,Non,Non,C,C,C,Non,Non,C,Non,C,C,Non,C,Non,Non,C,C,C,C,C,C,Non,C,C/D,C,C/D,C,C,C,C,BL01UK01FR052,UKFR052,599,19.96666667,2020,gb
R_2WHyYO72ZHPazO5,Male,University degree or equivalent,University degree or equivalent,10,90,0,NA,French;10;,English;90;,,40,60,0,NA,French,NA,10,8,NA,NA,I always (or almost always) speak French to my child,English,NA,1,10,NA,NA,I always (or almost always) speak English to my child,First,NA,1,12,Always (or almost always) English,4,C,C/D,C,C/D,C/D,C/D,Non,C,C/D,C/D,C/D,C/D,C/D,Non,C/D,C,C/D,C/D,C/D,C/D,C,C/D,C/D,C/D,C/D,C/D,C,C/D,C/D,C/D,C/D,C/D,C/D,Non,C,C,Non,C/D,C,C/D,C/D,C,C/D,C/D,C/D,C/D,C,C,C,C/D,C,C,C/D,C,C/D,C,C,Non,C,Non,C,C,C,C,Non,Non,C/D,Non,Non,C/D,Non,C/D,C,C,C,Non,C,Non,C,Non,C,Non,C,C/D,C,C/D,C/D,C/D,C/D,C,C/D,C,Non,C/D,C,C,C,C,C,C,C,C,C,C,C,C,C,C,Non,C,C,C,C/D,C,C,C,C,C,C,C,C,Non,Non,C,Non,Non,C,C,C,C,C,Non,C,Non,C,Non,C,C,C,C,C,Non,C,C,C,C,C,C,C,C,Non,Non,C,C,C,Non,C,C,Non,C,C,C,C,C,C,Non,C,C,C,C,C,C,Non,C/D,Non,C,C,C/D,C,C,C,C,C,C,Non,C,C,C,C/D,C,C,C,C,Non,C,C,C,Non,C,C,Non,C,C,Non,Non,C,Non,Non,C,Non,Non,C,Non,Non,C/D,Non,C,C,Non,Non,C,C/D,Non,Non,C/D,Non,C,C,Non,C,C,Non,C,C,Non,C/D,C/D,Non,C,C,Non,C/D,Non,Non,C/D,C/D,C,C,C/D,C,C/D,C,C,C,C,C/D,C,C/D,C/D,C,C,C,C,C,C,C,Non,C,C,C,C,C/D,C,Non,C,C,C/D,C,Non,Non,C,C,C,C,Non,Non,C,C,C,Non,C,C/D,C,C,C,C,C/D,C,Non,Non,C,Non,C,Non,C/D,C,C,C,C,C,C,Non,C,C,C,C/D,C,C,C,C,C,C,C,Non,C,C,C,C,C,C,C,C/D,C,C,Non,C,C/D,C,C,C,C,C,C/D,C,C/D,C,C,Non,C,C,C,C/D,C/D,C,C/D,C,C,C,C,C,C,C/D,C/D,C/D,C,C,C,Non,C/D,C/D,Non,C,Non,C,C,C,C,Non,C,C,C,C,C,C,C,C,C,C,C,C,C,C,C,Non,Non,C,Non,Non,C,Non,Non,C,C,C,C,C,Non,C,C,C/D,C,C/D,C/D,C,C,C,C,C,R_2WHyYO72ZHPazO5,R_2WHyYO72ZHPazO5,967,32.23333333,2020,gb
R_aX0Qzi39jJPVdlv,Male,University degree or equivalent,University degree or equivalent,40,60,0,NA,French;40;,English;60;,,40,60,0,NA,French,NA,10,8,NA,NA,I regularly speak both French and English to my child,English,NA,6,10,NA,NA,I always (or almost always) speak English to my child,Second,NA,2,NA,NA,NA,Non,C,Non,C,C/D,C,C,C,C/D,C/D,C,C,Non,Non,Non,C,Non,C,C,C,Non,C,C,C,C,Non,Non,C,Non,Non,Non,C,C,C,Non,C,Non,C,Non,Non,Non,C,C,Non,Non,C/D,C,Non,Non,C,C,Non,Non,Non,C,Non,C,C,Non,Non,Non,Non,C,Non,C,Non,C,Non,Non,Non,Non,C,Non,Non,Non,Non,C,Non,Non,Non,C,Non,Non,Non,Non,Non,Non,Non,Non,Non,Non,Non,Non,Non,Non,C,Non,Non,Non,Non,Non,Non,Non,Non,Non,Non,C,C,Non,Non,Non,C,C,C,Non,Non,Non,Non,C,C,C,Non,Non,C,Non,Non,C,C,C,Non,C,Non,Non,Non,Non,Non,C,C,Non,C,C,Non,C,Non,C,Non,Non,C,C,C,Non,Non,C,Non,C,C,Non,C,Non,Non,C,C,C,Non,Non,Non,Non,Non,Non,Non,Non,C,Non,Non,Non,Non,Non,C,Non,Non,Non,Non,Non,Non,Non,C,Non,Non,Non,C,Non,Non,Non,Non,Non,Non,Non,Non,C,C,Non,Non,Non,Non,Non,Non,Non,Non,Non,Non,Non,Non,Non,Non,C,Non,Non,Non,Non,Non,C,C,Non,Non,C,Non,Non,Non,Non,C,Non,Non,Non,Non,Non,C/D,Non,Non,Non,C,Non,Non,C,Non,C,C,C,C,C,C/D,C,Non,Non,Non,Non,C,Non,C,C,Non,C,Non,C,Non,Non,C,Non,Non,C,Non,C,Non,Non,Non,C,C,C,Non,Non,Non,Non,Non,Non,C,Non,C,C,Non,C,Non,C,Non,Non,Non,Non,Non,C,Non,Non,C,Non,Non,Non,C,C,Non,Non,Non,Non,Non,Non,Non,C,Non,Non,Non,Non,Non,Non,Non,Non,C,Non,Non,Non,Non,Non,Non,Non,C,Non,C,Non,Non,Non,Non,Non,Non,Non,Non,C,Non,Non,Non,C,Non,Non,Non,Non,Non,Non,C,Non,C,Non,Non,Non,Non,Non,Non,C,Non,Non,Non,Non,Non,Non,Non,C,Non,Non,Non,Non,C,Non,Non,Non,Non,C,Non,Non,C,C,Non,Non,Non,Non,Non,Non,Non,C,Non,C/D,Non,Non,Non,Non,Non,Non,Non,Non,C,Non,Non,Non,Non,Non,Non,Non,Non,Non,C,Non,C,Non,Non,Non,Non,BL01UK01FR053,UKFR053,557,18.56666667,2020,gb
R_AyrqeoukTFKQBkB,Male,University degree or equivalent,University degree or equivalent,40,60,0,NA,French;40;,English;60;,,80,20,0,NA,French,NA,10,8,NA,NA,I always (or almost always) speak French to my child,French,NA,10,9,NA,NA,I always (or almost always) speak French to my child,Second,NA,2,6,Always (or almost always) English,3,C/D,C/D,C,C/D,C/D,C/D,C/D,C/D,C/D,C/D,C/D,C/D,C/D,C,C/D,C/D,C/D,C/D,C,C/D,C,C/D,C/D,C/D,C/D,C/D,C/D,C/D,C/D,C/D,C,C/D,C/D,C/D,C,C/D,C/D,C/D,C/D,C/D,C,C/D,C/D,C/D,C/D,C/D,C/D,C/D,C/D,C/D,C/D,C/D,C/D,C/D,C/D,C/D,C/D,C/D,C/D,C/D,C/D,C,C/D,C,C,C,C/D,C/D,Non,C/D,C/D,C/D,C/D,C/D,C/D,C/D,C/D,C/D,C/D,C/D,C/D,C,C/D,C/D,C/D,C/D,C/D,C/D,C/D,C/D,C/D,C/D,C,C/D,C/D,C/D,C/D,C/D,C/D,C/D,C,Non,C/D,C/D,C/D,C/D,C/D,C/D,C/D,C,C/D,C/D,C/D,C/D,C/D,Non,C/D,C/D,C/D,C/D,C/D,Non,Non,C/D,C/D,Non,C/D,C/D,C/D,C,C/D,C,C,C/D,C,Non,C/D,C/D,C/D,C/D,C/D,Non,Non,Non,C/D,C/D,C/D,C/D,C/D,C/D,C,Non,C,C/D,C/D,C/D,C/D,C/D,C/D,C/D,C/D,C/D,C/D,Non,C/D,C/D,C/D,C,C/D,C,C/D,C/D,C,C/D,C,C,C,C/D,C/D,C/D,C/D,C/D,C/D,C/D,C,C,C/D,C,C/D,C/D,C/D,Non,C/D,C/D,C/D,C/D,C,C,C/D,C/D,C,C,C,C,C/D,C/D,C,C,C/D,Non,C/D,Non,Non,Non,C/D,C,C/D,C/D,C/D,C/D,C/D,C/D,C/D,C/D,C/D,C/D,C/D,C,C/D,C/D,C/D,C,C/D,C/D,C,C/D,C,Non,C/D,C/D,C,C/D,C,C/D,C/D,C,C/D,C/D,C/D,C/D,C/D,C/D,C,C,C,C/D,C,C/D,C/D,C,C/D,C,C/D,C/D,C/D,C/D,C,C/D,C,C,C/D,C,C/D,C,C/D,C/D,C/D,C/D,Non,C,C,C/D,C/D,C,C/D,C,C/D,C,C/D,C,C,C/D,C/D,C/D,C/D,C,C/D,C/D,C,C/D,C/D,C,C/D,C/D,C/D,C/D,C/D,C/D,C,C/D,C/D,C,C/D,C,C/D,C,C/D,C/D,C,Non,C/D,C/D,C/D,C,C,C,C,C/D,C,C/D,C,C/D,C/D,C/D,C/D,C/D,C/D,C/D,C,C,C,Non,C/D,C/D,C/D,C/D,C/D,C,C,C,C/D,C/D,C/D,C/D,C/D,C/D,C/D,C/D,C/D,C,C/D,C/D,C,C/D,C/D,Non,Non,Non,C/D,C/D,C,C,Non,C,C,C,Non,C,C/D,C/D,C,C/D,C/D,C,C,C/D,Non,C/D,C/D,C/D,C/D,C/D,C/D,Non,C,C/D,C,C,C/D,C,C,C/D,C/D,C/D,C/D,C/D,C,C/D,C/D,Non,C,C/D,C/D,C/D,C/D,C/D,C,C,R_AyrqeoukTFKQBkB,R_AyrqeoukTFKQBkB,942,31.4,2020,gb
R_2YbKOKS3prqMHvh,Female,University degree or equivalent,University degree or equivalent,30,70,0,NA,French;30;,English;70;,,60,40,0,NA,French,NA,9,10,NA,NA,I regularly speak both French and English to my child,English,NA,1,10,NA,NA,I always (or almost always) speak English to my child,First,NA,1,11,Always (or almost always) English,0,Non,C,Non,C,C/D,C/D,Non,C,Non,C,Non,Non,Non,Non,Non,Non,Non,Non,Non,Non,Non,Non,Non,Non,Non,Non,Non,Non,Non,Non,Non,Non,Non,Non,Non,Non,Non,Non,Non,Non,Non,Non,Non,Non,Non,Non,Non,Non,Non,Non,Non,Non,Non,Non,Non,Non,Non,Non,Non,Non,Non,Non,Non,Non,Non,Non,Non,Non,Non,Non,Non,Non,Non,Non,Non,Non,Non,Non,Non,Non,C,Non,Non,Non,Non,Non,Non,Non,Non,Non,Non,Non,Non,Non,Non,Non,Non,Non,Non,Non,Non,Non,Non,Non,Non,Non,Non,Non,Non,Non,Non,Non,Non,Non,Non,Non,Non,Non,Non,Non,Non,Non,Non,Non,Non,Non,Non,Non,Non,Non,Non,Non,Non,Non,Non,Non,Non,Non,Non,Non,Non,Non,Non,Non,Non,Non,Non,Non,Non,Non,Non,Non,Non,Non,Non,Non,Non,Non,Non,Non,Non,Non,Non,Non,Non,Non,Non,Non,Non,Non,Non,Non,Non,Non,Non,Non,Non,Non,Non,Non,Non,Non,Non,Non,Non,Non,Non,Non,Non,Non,Non,Non,Non,Non,Non,Non,Non,Non,Non,Non,Non,Non,Non,Non,Non,Non,Non,Non,Non,Non,Non,Non,Non,Non,Non,Non,Non,Non,Non,Non,Non,Non,Non,Non,C,Non,Non,Non,Non,Non,Non,Non,C,C,Non,C,Non,Non,Non,Non,Non,Non,Non,Non,Non,C,Non,Non,Non,C,C,Non,Non,Non,Non,Non,Non,C,Non,Non,Non,Non,Non,Non,Non,Non,Non,Non,Non,Non,Non,Non,Non,Non,Non,C,Non,Non,Non,Non,Non,Non,Non,Non,Non,Non,Non,Non,C,Non,Non,Non,Non,Non,Non,C,Non,Non,Non,Non,Non,Non,Non,Non,Non,Non,Non,Non,Non,Non,Non,Non,Non,Non,Non,Non,Non,Non,Non,Non,Non,Non,Non,Non,Non,Non,Non,Non,Non,Non,Non,Non,Non,Non,Non,Non,Non,Non,Non,Non,Non,Non,Non,Non,Non,Non,Non,Non,Non,Non,Non,C,Non,Non,Non,Non,Non,Non,Non,Non,Non,Non,Non,Non,Non,Non,Non,Non,Non,Non,Non,Non,Non,Non,Non,Non,Non,Non,Non,Non,Non,Non,Non,Non,Non,Non,Non,Non,Non,Non,Non,Non,Non,Non,Non,Non,Non,Non,Non,Non,Non,Non,Non,Non,Non,Non,Non,Non,Non,Non,Non,C,Non,Non,Non,Non,Non,Non,BL01UK01FR054,UKFR054,399,13.3,2020,gb
R_vPKmHCOu3qc5ooF,Male,University degree or equivalent,University degree or equivalent,70,30,0,NA,French;70;,English;30;,,90,10,0,NA,French,NA,10,8,NA,NA,I regularly speak both French and English to my child,French,NA,10,9,NA,NA,I always (or almost always) speak French to my child,Second,NA,2,7,Always (or almost always) English,NA,C,C,C,Non,C/D,Non,C/D,C/D,C/D,Non,C/D,C/D,C,Non,C,Non,C,C,C,C,C,C,C,C,C,C,C,C,C,C,C,C,C,C,Non,C,C,C,C,C,Non,C/D,C,C,C,C,C,C,C,C,C,C,C,C,C,C,C,C,Non,Non,Non,Non,C,Non,Non,Non,C/D,C,Non,Non,C,C,Non,Non,C,Non,C,C,C,Non,C,Non,Non,C,C/D,C,C,C,Non,C,C,Non,Non,Non,C,C,C,C,C,C,C,C,C,C,C,Non,C,C,C,Non,C,C,C,C,C,Non,C,C,C,C,C,Non,Non,C,Non,Non,C,C,C,C,C,Non,Non,Non,C,Non,C,C,Non,C,C,Non,C,Non,C,C,Non,C,C,C,Non,Non,C,C,C,C,C,C,C/D,C,C,C,C,Non,Non,Non,C,C,C,C,Non,C,C,C,Non,Non,C,C,Non,C,C,Non,Non,Non,Non,C,C,C,C,C,C,C,C,C,C,Non,Non,Non,C,C,Non,C,C,Non,Non,Non,C,Non,C,Non,C,Non,Non,Non,C,Non,C,C,Non,Non,C,C,C,C,C/D,C,C,Non,Non,C,C,Non,C,C,Non,C/D,Non,Non,Non,C/D,Non,C,Non,Non,C,C,C,C,C,C,C,C,C,Non,C,C,C,C/D,C,Non,C,Non,C,C,C,C,C,C,C,C,C,C,C,C,C,C,C,C,Non,Non,C,Non,C,C,C,C,C,Non,C,Non,Non,C,C,C,Non,C,C,Non,Non,C,C,Non,C,C,C,C,C,C,Non,Non,Non,Non,Non,C,C,C,C,C,C,Non,C,C,C,Non,C,C,C,C,C,C,Non,C,Non,C,C,C,C,C,C,C,C,Non,C,C,C,C,C,C,C,C,C,C,C,C,C,Non,C,C,C,C,C,C,C,Non,C/D,Non,Non,Non,C,Non,Non,Non,C,C/D,C,Non,Non,Non,Non,Non,Non,C,C,Non,Non,Non,Non,C,C,C,C,C,C,Non,C,C,Non,Non,C,Non,C,C,C,C,C,C,Non,C,C,Non,Non,C,Non,C,C,C,Non,C,BL01UK01FR055,UKFR055,687,22.9,2020,gb
R_1j8PbaT24hW1Z7B,Male,University degree or equivalent,University degree or equivalent,20,80,0,NA,French;20;,English;80;,,30,70,0,NA,French,NA,10,8,NA,NA,I regularly speak both French and English to my child,English,NA,NA,10,NA,NA,I always (or almost always) speak English to my child,First,NA,1,NA,NA,NA,C,C,Non,C,C,C,C,C/D,C/D,C/D,C/D,C,C,Non,C,C,C,C,C,C,C,C,C,C,C,C,C,C,C,C/D,C,C,C,C,Non,C,C,C/D,C,C,C,C,C,C,C,C,C/D,C,C,C,C,C,C,C/D,C,C/D,C,C,C/D,C/D,C,C,C,C,Non,Non,C/D,C/D,C,Non,C,C/D,Non,C,C,C/D,C,C/D,C/D,C,Non,C,C,C,C,C/D,C,C,C/D,C,C/D,Non,C/D,C,Non,C,C,C,C,C,C,C,C,C,C,C,C,C,C,C,C,C/D,C/D,C,C,Non,C/D,C,C,C,C/D,C,C,C,Non,Non,C/D,C,C,C/D,C,Non,C,C,C,Non,C,C/D,C,C,C/D,Non,C,Non,C,Non,C,C,C,C,C,Non,C,C,C/D,C,C,C,C,C/D,C,C,C,C/D,C,C,C/D,C,C,C,C,C,Non,Non,C/D,C/D,C/D,C,C,C,C,C,C,C,C,C,C,Non,C,C,C,Non,C,C/D,C/D,C,C,Non,C/D,C,C,C/D,C,C/D,Non,C,C,C,C,Non,C/D,C/D,Non,Non,C/D,Non,C/D,C,C,Non,C,C,C,C,C,C/D,C,Non,Non,Non,C/D,Non,C,C,Non,C/D,C,Non,Non,C/D,Non,C,Non,Non,C,C/D,C/D,C/D,C/D,C,C,C,C,Non,C,C/D,C,C/D,C,C,C/D,C,C/D,C,C,C,C,C,C,C,C,C,Non,C,C,C,C,C,Non,C,Non,C/D,C,C,C,Non,C,Non,C,Non,Non,C,C,C,C,C,C,C,C,Non,C,C,C,C,C,C,C,C,C,C,C,Non,C,Non,C,C,Non,C,C,C,C/D,C,C,C,C,C,C,C,C,C,C,C,C,C,C,C,C,C,C,C,C,Non,C,C,C,C/D,C,C,C,C,C,C/D,C/D,C,C,C/D,C,C,C,C,C,C,C,C,C,C/D,C,Non,C,C,C,Non,C,C/D,C,C,C,Non,C,Non,Non,C,C,C,C,C,C,C,C,C,C,C,C/D,C,C,C,C,Non,C,C,C,C,C,C,C,Non,Non,C,C,Non,C,C,C,C,C,C,Non,C,R_1j8PbaT24hW1Z7B,R_1j8PbaT24hW1Z7B,1040,34.66666667,2020,gb
R_1r7UKtvQnwtJK1S,Female,Left school at 16 with GCSE or equivalent,University degree or equivalent,35,60,5,Spanish,French;35;,English;60;,Spanish;5;,35,60,5,Spanish,English,NA,6,10,9,Spanish,I regularly speak both French and English to my child,French,NA,10,10,NA,NA,I always (or almost always) speak French to my child,Second,NA,2,NA,NA,2,Non,Non,Non,Non,C/D,Non,Non,Non,Non,Non,C,Non,Non,Non,Non,Non,Non,Non,Non,Non,Non,Non,Non,Non,Non,Non,Non,Non,Non,Non,Non,Non,Non,Non,Non,Non,Non,Non,Non,Non,Non,Non,Non,Non,Non,Non,Non,Non,Non,Non,Non,Non,Non,Non,Non,Non,Non,Non,Non,Non,Non,Non,Non,Non,Non,Non,Non,Non,Non,Non,Non,Non,Non,Non,Non,Non,Non,Non,Non,Non,Non,Non,Non,Non,Non,Non,Non,Non,Non,Non,Non,Non,Non,Non,Non,Non,Non,Non,Non,Non,Non,Non,Non,Non,Non,Non,Non,Non,Non,Non,Non,Non,Non,Non,Non,Non,Non,Non,Non,Non,Non,Non,Non,Non,Non,Non,Non,Non,Non,Non,Non,Non,Non,Non,Non,Non,Non,Non,Non,Non,Non,Non,Non,Non,Non,Non,Non,Non,Non,Non,Non,Non,Non,Non,Non,Non,Non,Non,Non,Non,Non,Non,Non,Non,Non,Non,Non,Non,Non,Non,Non,Non,Non,Non,Non,Non,Non,Non,Non,Non,Non,Non,Non,Non,Non,Non,Non,Non,Non,Non,Non,Non,Non,Non,Non,Non,Non,Non,Non,Non,Non,Non,Non,Non,Non,Non,Non,Non,Non,Non,Non,Non,Non,Non,Non,Non,Non,Non,Non,Non,Non,Non,Non,Non,Non,Non,Non,Non,Non,Non,Non,Non,Non,Non,Non,C,Non,Non,Non,C/D,Non,Non,C,Non,Non,Non,Non,C,C,Non,C,Non,Non,Non,Non,Non,Non,Non,C,Non,Non,Non,Non,Non,Non,Non,Non,Non,Non,Non,Non,Non,Non,Non,Non,Non,Non,Non,Non,Non,Non,Non,Non,C,Non,Non,C,Non,Non,Non,Non,Non,Non,Non,Non,C,Non,C,Non,Non,Non,Non,Non,Non,Non,Non,Non,Non,Non,Non,Non,Non,Non,Non,Non,Non,Non,Non,Non,Non,C,Non,Non,Non,Non,Non,Non,Non,Non,Non,Non,Non,Non,Non,C,C,Non,C,Non,Non,Non,Non,Non,C,Non,Non,Non,Non,Non,Non,C,Non,Non,Non,Non,Non,Non,Non,Non,Non,Non,Non,Non,Non,Non,Non,Non,Non,Non,Non,Non,Non,Non,Non,Non,Non,Non,Non,Non,Non,Non,Non,Non,Non,Non,Non,Non,Non,Non,Non,Non,Non,Non,Non,Non,Non,Non,Non,Non,Non,Non,Non,Non,Non,Non,Non,Non,Non,Non,Non,Non,Non,Non,Non,Non,Non,Non,Non,BL01UK01FR056,UKFR056,367,12.23333333,2020,gb
R_3kFWrzmpGB94TxO,Male,University degree or equivalent,University degree or equivalent,60,40,0,NA,French;60;,English;40;,,60,40,0,NA,French,NA,10,6,NA,NA,I always (or almost always) speak French to my child,French,NA,10,7,NA,NA,I always (or almost always) speak French to my child,Second,NA,2,NA,NA,11,Non,C,Non,C,C/D,Non,C/D,C/D,C/D,C/D,C/D,C/D,Non,Non,Non,C,Non,Non,Non,C,C,C,C,C,Non,Non,C,C,Non,Non,C,Non,C,C,Non,C,Non,C,Non,C,Non,Non,Non,C,C,Non,C,Non,C/D,Non,Non,Non,Non,C,Non,Non,Non,C,C,Non,C,Non,C/D,C,Non,Non,C,C,Non,Non,Non,C,Non,Non,Non,Non,Non,Non,Non,Non,C,Non,Non,C,Non,C,Non,Non,Non,Non,Non,Non,Non,Non,Non,C,Non,C,Non,Non,Non,Non,Non,Non,Non,Non,C,C,Non,Non,C,C,C/D,Non,C,Non,Non,Non,C,Non,Non,Non,Non,C,Non,Non,Non,Non,Non,C,Non,Non,Non,Non,Non,Non,Non,Non,Non,Non,Non,Non,Non,Non,Non,Non,Non,Non,C,Non,Non,Non,Non,Non,Non,Non,Non,Non,Non,Non,Non,Non,Non,Non,Non,Non,Non,Non,Non,Non,Non,Non,Non,Non,Non,Non,Non,Non,Non,Non,Non,Non,Non,Non,Non,Non,Non,Non,Non,Non,Non,Non,Non,Non,Non,Non,Non,Non,C,Non,Non,Non,Non,Non,Non,Non,Non,Non,Non,Non,Non,Non,Non,Non,Non,Non,Non,Non,Non,Non,Non,Non,Non,Non,C/D,Non,Non,Non,Non,Non,Non,Non,C,C,Non,C/D,Non,Non,Non,C/D,Non,Non,C,Non,C,C/D,C/D,C/D,Non,Non,C,Non,Non,Non,C,C/D,Non,C/D,C/D,Non,Non,Non,Non,Non,Non,C,Non,Non,Non,Non,Non,Non,Non,Non,Non,C,Non,Non,Non,Non,Non,Non,Non,C,Non,Non,C,Non,Non,Non,Non,Non,Non,Non,Non,Non,Non,Non,Non,Non,Non,Non,Non,Non,Non,Non,Non,Non,Non,Non,Non,Non,Non,Non,Non,Non,Non,Non,Non,Non,C,Non,Non,Non,Non,Non,Non,Non,Non,C,Non,C,Non,Non,Non,Non,Non,Non,Non,Non,C,Non,Non,C,Non,C,Non,Non,Non,Non,Non,Non,Non,Non,Non,Non,Non,Non,Non,Non,C,Non,Non,Non,Non,Non,Non,Non,Non,Non,Non,Non,Non,Non,Non,Non,Non,Non,Non,Non,Non,Non,Non,Non,Non,Non,Non,Non,Non,Non,Non,Non,Non,Non,Non,C/D,Non,Non,Non,Non,Non,Non,Non,Non,Non,Non,Non,Non,Non,Non,Non,C/D,Non,Non,Non,Non,Non,Non,BL01UK01FR057,UKFR057,462,15.4,2021,gb
R_2wzU1yCdivdZhui,Male,University degree or equivalent,University degree or equivalent,38,60,2,Norwegian ,French;38;,English;60;,Norwegian;2;,50,49,1,Norwegian,Bilingual French and English,NA,10,10,7,Italian,I always (or almost always) speak French to my child,English,NA,5,10,2,Norwegian,I always (or almost always) speak English to my child,First,NA,1,10,Always (or almost always) English,1,C,Non,Non,Non,Non,Non,Non,C,C/D,Non,Non,C/D,Non,Non,Non,Non,Non,Non,Non,C,Non,C,Non,C,Non,C,Non,Non,Non,Non,Non,Non,Non,Non,Non,Non,Non,Non,Non,Non,Non,Non,Non,Non,Non,Non,Non,Non,Non,Non,Non,Non,Non,Non,Non,Non,Non,Non,Non,Non,Non,Non,Non,Non,Non,Non,C/D,Non,Non,Non,C,Non,Non,Non,Non,Non,Non,Non,Non,Non,Non,Non,Non,Non,Non,Non,Non,Non,Non,Non,Non,Non,Non,Non,Non,Non,Non,Non,Non,Non,Non,Non,Non,Non,Non,Non,Non,Non,Non,Non,Non,Non,Non,Non,Non,Non,Non,Non,Non,Non,C,Non,Non,Non,Non,Non,Non,Non,Non,Non,Non,Non,Non,Non,Non,Non,Non,Non,Non,Non,Non,Non,Non,Non,Non,Non,Non,Non,Non,Non,Non,Non,Non,Non,Non,Non,Non,Non,C,Non,Non,Non,Non,Non,Non,Non,Non,Non,Non,Non,Non,C,Non,Non,Non,Non,Non,Non,Non,Non,Non,Non,Non,Non,Non,C,Non,Non,Non,Non,Non,Non,C,Non,Non,Non,Non,Non,Non,Non,Non,Non,Non,Non,Non,Non,Non,Non,Non,Non,Non,Non,Non,Non,Non,Non,Non,Non,Non,Non,Non,Non,Non,Non,C/D,Non,Non,Non,Non,Non,Non,Non,Non,Non,Non,C/D,Non,Non,Non,C/D,Non,Non,Non,C/D,Non,Non,Non,Non,Non,Non,C,Non,Non,Non,Non,Non,Non,Non,Non,Non,Non,Non,Non,Non,Non,Non,Non,Non,Non,Non,Non,Non,Non,Non,Non,C,Non,Non,Non,Non,Non,Non,Non,Non,Non,Non,Non,Non,Non,Non,Non,Non,Non,Non,Non,Non,Non,Non,Non,Non,Non,Non,Non,Non,Non,Non,Non,Non,Non,Non,Non,Non,Non,Non,Non,Non,Non,Non,Non,Non,Non,Non,Non,Non,Non,Non,Non,Non,Non,Non,Non,Non,Non,Non,Non,Non,Non,Non,Non,Non,Non,Non,Non,Non,Non,Non,Non,C,Non,Non,C,Non,Non,Non,Non,Non,Non,Non,Non,Non,Non,Non,Non,Non,Non,Non,Non,Non,Non,Non,Non,Non,Non,Non,Non,Non,Non,Non,Non,Non,Non,Non,Non,Non,Non,Non,Non,Non,Non,Non,Non,Non,Non,Non,Non,Non,Non,Non,Non,Non,Non,Non,Non,Non,Non,Non,Non,Non,Non,Non,Non,Non,Non,Non,Non,Non,Non,Non,BL01UK01FR058,UKFR058,490,16.33333333,2021,gb
R_1NfVQ5ETHtiOwPk,Female,University degree or equivalent,University degree or equivalent,60,40,0,NA,French;60;,English;40;,,100,0,0,NA,French,NA,10,6,NA,NA,I always (or almost always) speak French to my child,French,NA,10,7,NA,NA,I always (or almost always) speak French to my child,First,NA,1,4,Always (or almost always) French,29,C/D,C/D,C/D,C/D,C/D,C/D,C/D,C/D,C/D,C/D,C/D,C/D,C/D,C/D,C/D,C/D,C/D,C/D,C/D,C/D,C/D,C/D,C/D,C/D,C/D,C/D,C/D,C/D,C/D,C/D,C/D,C/D,C/D,C/D,C/D,C/D,C/D,C/D,C/D,C/D,C/D,C/D,C/D,C/D,C/D,C/D,C/D,C/D,C/D,C/D,C/D,C/D,C/D,C/D,C/D,C/D,C/D,C/D,C/D,C/D,C/D,C/D,C/D,C/D,C/D,C/D,C/D,C/D,C/D,C/D,C/D,C/D,C,C/D,C/D,C/D,C/D,C/D,C/D,C/D,C/D,C/D,C/D,C/D,C/D,C/D,C/D,C/D,C/D,C/D,C/D,C/D,Non,C/D,C/D,C/D,C/D,C/D,C/D,C/D,C/D,C/D,C/D,C/D,C/D,C/D,C/D,C/D,C/D,C/D,C/D,C/D,C/D,C/D,C/D,C,C/D,C/D,C/D,C/D,C/D,C/D,C/D,C/D,C,C/D,C/D,C/D,C/D,C/D,C/D,C/D,C/D,Non,C/D,C/D,C/D,C/D,C/D,C/D,C/D,C/D,C/D,C/D,C/D,C/D,C/D,C/D,C/D,C/D,C/D,Non,C/D,C/D,C/D,C/D,C/D,C/D,C/D,C/D,C/D,C/D,C/D,C/D,C/D,C/D,C/D,C/D,C/D,C/D,C/D,C/D,C/D,C/D,C/D,C/D,C/D,C/D,C/D,C/D,C/D,C/D,C/D,C/D,Non,C/D,C/D,C/D,C/D,C/D,C/D,C/D,C/D,C/D,C/D,C/D,C/D,C/D,C/D,C/D,C/D,C/D,C/D,C/D,C/D,C/D,C/D,C/D,C/D,C/D,C/D,C/D,C,C/D,C/D,Non,C/D,C/D,Non,Non,C/D,C/D,C/D,C/D,C/D,C/D,C/D,C/D,C/D,C/D,C/D,C/D,C/D,C/D,C/D,C/D,C/D,C/D,C/D,C/D,C/D,C/D,C/D,C/D,C/D,C/D,C/D,C/D,C/D,C/D,C/D,C/D,C/D,C/D,C/D,C/D,C/D,C/D,C/D,C/D,C/D,C/D,C/D,C/D,C/D,C/D,C/D,C/D,C/D,C/D,C/D,C/D,C/D,C/D,C/D,C/D,C/D,C/D,C/D,C/D,C/D,C/D,C/D,C/D,C/D,C/D,C/D,C/D,C/D,C/D,C/D,C/D,C/D,C/D,C/D,C/D,C/D,C/D,C/D,C/D,C/D,C/D,C/D,C/D,C/D,C/D,C/D,C/D,C/D,C/D,C/D,C/D,C/D,C/D,C/D,C/D,C/D,C/D,C/D,C/D,C/D,C/D,C/D,C/D,C/D,C/D,C/D,C/D,C/D,C/D,C/D,C/D,C/D,C/D,C/D,C/D,C/D,C/D,C/D,C/D,C/D,C/D,C/D,C/D,C/D,C/D,C/D,C/D,C/D,C/D,C/D,C/D,C/D,C/D,C/D,C/D,C/D,C/D,C/D,C/D,C/D,C/D,C/D,C/D,C/D,C/D,Non,C,C/D,C/D,C/D,C/D,C/D,C/D,C/D,C/D,C/D,C/D,C/D,C/D,C/D,C/D,C/D,C/D,C/D,C/D,C/D,C/D,C/D,C/D,C/D,C/D,C/D,C/D,C/D,C/D,C/D,C/D,C/D,C/D,C/D,C/D,C/D,C/D,C/D,C/D,C/D,C/D,C/D,C/D,C/D,C/D,C/D,C/D,C/D,C/D,C/D,C/D,R_1NfVQ5ETHtiOwPk,R_1NfVQ5ETHtiOwPk,1029,34.3,2021,gb
R_31sdmRf1HL5jRYK,Female,University degree or equivalent,University degree or equivalent,20,80,0,NA,French;20;,English;80;,,40,60,0,NA,French,NA,10,10,NA,NA,I regularly speak both French and English to my child,English,NA,2,10,NA,NA,I always (or almost always) speak English to my child,First,NA,1,11,Always (or almost always) English,NA,Non,Non,Non,C,C/D,C,Non,C/D,C/D,Non,Non,Non,Non,Non,Non,Non,Non,Non,Non,C,Non,Non,Non,Non,Non,Non,Non,Non,C,Non,Non,Non,C,Non,Non,Non,Non,Non,Non,Non,Non,Non,Non,Non,Non,Non,Non,Non,Non,Non,Non,Non,Non,Non,Non,Non,Non,Non,Non,Non,Non,Non,Non,Non,Non,Non,C,Non,Non,Non,Non,Non,Non,Non,Non,Non,Non,Non,Non,Non,C,Non,Non,Non,Non,Non,Non,Non,Non,Non,Non,Non,Non,Non,Non,Non,Non,Non,Non,Non,Non,Non,Non,Non,Non,Non,C,C,Non,Non,Non,Non,C,Non,Non,Non,Non,Non,Non,C,Non,Non,Non,Non,Non,Non,Non,Non,Non,Non,Non,Non,Non,Non,Non,Non,Non,Non,Non,Non,Non,Non,Non,Non,Non,Non,Non,Non,Non,Non,Non,Non,Non,Non,Non,Non,Non,Non,Non,Non,Non,Non,Non,Non,Non,Non,Non,Non,Non,Non,Non,Non,Non,Non,Non,Non,Non,Non,Non,Non,Non,Non,Non,Non,Non,Non,Non,Non,Non,Non,Non,Non,Non,Non,Non,Non,Non,Non,Non,Non,Non,Non,Non,Non,Non,Non,Non,Non,Non,Non,Non,Non,Non,Non,Non,Non,Non,Non,Non,Non,Non,Non,Non,Non,C,Non,Non,Non,Non,Non,Non,Non,C,C,Non,C,Non,Non,Non,Non,Non,Non,Non,Non,C,C,Non,Non,Non,Non,C,Non,Non,Non,Non,Non,Non,C,Non,Non,Non,Non,Non,Non,Non,Non,Non,Non,Non,Non,Non,Non,Non,Non,Non,C,Non,Non,Non,Non,Non,Non,Non,Non,Non,Non,Non,Non,Non,Non,Non,Non,Non,Non,Non,C,Non,Non,Non,Non,Non,Non,Non,Non,Non,Non,Non,Non,Non,Non,Non,Non,Non,Non,Non,Non,Non,Non,Non,Non,Non,Non,Non,Non,Non,Non,Non,Non,Non,Non,Non,Non,Non,Non,Non,Non,Non,Non,Non,Non,C,Non,Non,Non,Non,Non,Non,Non,Non,Non,Non,Non,Non,Non,Non,Non,Non,Non,Non,Non,Non,Non,Non,Non,Non,Non,Non,Non,Non,Non,Non,Non,Non,Non,Non,Non,Non,Non,Non,Non,Non,Non,Non,Non,Non,Non,Non,Non,Non,Non,Non,Non,Non,Non,Non,Non,Non,Non,Non,Non,Non,Non,Non,Non,Non,Non,Non,Non,Non,Non,Non,Non,Non,Non,Non,Non,Non,Non,BL01UK02FR054,UKFR054,453,15.1,2021,gb
R_PRmAb2hNgIjqUBX,Female,University degree or equivalent,University degree or equivalent,50,50,0,NA,French;50;,English;50;,,60,40,0,NA,French,NA,10,7,NA,NA,I always (or almost always) speak French to my child,French,NA,10,10,NA,NA,I always (or almost always) speak English to my child,Third,NA,3,29,Always (or almost always) English,2,C/D,C/D,C/D,C,C/D,C/D,C/D,C/D,C/D,C/D,Non,C,C,C,C,C,Non,C/D,C/D,Non,Non,C/D,C/D,C/D,C,Non,Non,C,C/D,C,Non,C/D,C,C,Non,C/D,C,C/D,C/D,C,Non,C,C,C,C,Non,C,C/D,Non,C/D,Non,Non,Non,C/D,C,C,C,C/D,C/D,C/D,Non,C/D,C/D,C/D,C/D,C/D,C/D,Non,Non,C/D,C/D,C/D,Non,Non,C/D,C/D,C,C,C,Non,C/D,Non,Non,C/D,C/D,C/D,Non,Non,C/D,C/D,C/D,Non,Non,C/D,C,C/D,Non,C/D,C/D,Non,Non,Non,Non,Non,Non,C/D,C/D,C/D,C/D,C/D,C,C/D,C/D,C/D,C/D,Non,C/D,C,Non,C/D,C/D,Non,Non,C/D,C/D,Non,C/D,C/D,C,C,C,C/D,Non,C/D,Non,Non,C,C/D,C,Non,C/D,Non,C/D,Non,C,C,Non,C/D,C/D,C/D,Non,Non,C/D,C,C,C/D,Non,C/D,C/D,C/D,Non,C/D,Non,Non,C/D,Non,C/D,Non,Non,C/D,Non,Non,Non,C/D,Non,Non,Non,Non,Non,C/D,C,Non,Non,Non,Non,C/D,C/D,C/D,Non,Non,Non,C/D,C/D,C/D,C,C,C,Non,C,C,C,Non,C/D,Non,C,C,Non,Non,Non,C/D,C,Non,Non,Non,C/D,Non,C/D,C,Non,Non,Non,C/D,C/D,Non,C/D,Non,Non,C/D,Non,Non,Non,Non,C/D,C/D,Non,C/D,Non,Non,C,C/D,Non,Non,C/D,C/D,C,C/D,Non,Non,C,C/D,C/D,Non,Non,Non,C,C,C,C/D,C/D,Non,C,Non,C,C,Non,C,C,C,C,C,C,C,C,Non,C/D,C/D,C/D,C,Non,Non,Non,C/D,Non,Non,C/D,C,C/D,Non,C/D,Non,C/D,C/D,C,C,Non,C,C/D,Non,C/D,Non,C/D,Non,C/D,C/D,C/D,C,Non,C,Non,Non,Non,Non,C/D,Non,C,C,C,C,C,Non,C,C,C,Non,Non,Non,C,C,C,C,Non,C/D,Non,Non,C/D,C/D,Non,C/D,C/D,C,C,C/D,C/D,C,C/D,C/D,C,C,Non,C/D,C,C,C/D,C,Non,C/D,Non,Non,Non,Non,C/D,Non,Non,C/D,C/D,Non,Non,Non,Non,C/D,Non,Non,Non,Non,Non,C/D,Non,Non,C/D,Non,Non,C,Non,Non,Non,Non,Non,Non,Non,Non,Non,C/D,C/D,Non,Non,Non,Non,Non,C,C/D,C,C,Non,C,C,C/D,Non,Non,Non,Non,Non,C/D,Non,Non,Non,Non,Non,Non,BL01UK01FR059,UKFR059,676,22.53333333,2021,gb
R_Qi6CtqOOvuA3ekV,Male,Left school at 18 with A-Levels or equivalent,Left school at 16 with GCSE or equivalent,20,80,0,NA,French;20;,English;80;,,40,60,0,NA,French,NA,10,8,NA,NA,I regularly speak both French and English to my child,English,NA,NA,10,NA,NA,I always (or almost always) speak English to my child,First,NA,1,NA,NA,NA,Non,C/D,Non,Non,C/D,C,Non,Non,Non,Non,Non,Non,C,Non,Non,C,Non,Non,Non,C,Non,C,C,C,Non,Non,C,C,C,C,C,C,C,C,Non,Non,Non,C,Non,Non,Non,Non,Non,Non,Non,Non,Non,Non,Non,Non,Non,Non,Non,Non,Non,Non,C,C,Non,C,Non,C,C,C,Non,Non,C,Non,Non,Non,Non,Non,Non,Non,C,Non,C,C,C,Non,Non,Non,Non,Non,C,C,C,Non,Non,Non,C,Non,Non,C,Non,C,C,C,Non,C,C,Non,Non,Non,Non,C,C,C,Non,Non,C,C,C,Non,C,C,C,Non,Non,C,C,Non,Non,C,Non,Non,C,Non,Non,C,C,Non,Non,Non,Non,Non,C,C,C,C,C,Non,C,C,C,Non,Non,C,C,C,Non,Non,C,C,C,C,C,C,C,Non,Non,Non,Non,Non,Non,Non,Non,Non,Non,Non,Non,C,Non,Non,Non,Non,Non,Non,Non,Non,Non,Non,Non,Non,Non,Non,C,Non,C,C,Non,Non,C,Non,C,Non,Non,Non,C,C,Non,C,C,Non,Non,Non,Non,C,Non,Non,C,C,Non,Non,C,Non,Non,C,Non,Non,C,C,C,Non,C,Non,Non,Non,Non,Non,Non,Non,Non,Non,Non,Non,Non,Non,Non,Non,Non,Non,Non,Non,C,C,C,C,C,Non,Non,C,C,C,C,Non,Non,C,C,C,Non,Non,C,Non,Non,Non,Non,C,Non,C,C,Non,Non,Non,C,C,Non,Non,Non,Non,Non,Non,Non,C,Non,C,C,Non,C,Non,Non,C,C,C,Non,Non,C,C,Non,Non,C,Non,Non,C,C,C,C,C,C,Non,Non,Non,C,Non,Non,Non,Non,C,C,Non,C,C,Non,Non,Non,Non,C,C,Non,Non,Non,C,Non,C,C,C,Non,Non,Non,Non,Non,Non,Non,Non,Non,C,C,C,Non,C,C,C,C,Non,Non,Non,Non,Non,Non,Non,Non,C,Non,Non,Non,Non,Non,Non,Non,Non,C,Non,Non,Non,Non,Non,Non,Non,Non,Non,Non,Non,Non,Non,Non,Non,Non,Non,Non,Non,C,Non,C,Non,C,C,Non,C,C,Non,C,C,Non,C,C,C,Non,Non,C,Non,C,C,Non,Non,Non,Non,C,Non,BL01UK01FR060,UKFR060,514,17.13333333,2021,gb
R_1INthjxl56bTAoB,Female,University degree or equivalent,University degree or equivalent,20,80,0,NA,French;20;,English;80;,,80,20,0,NA,French,NA,10,8,NA,NA,I regularly speak both French and English to my child,French,NA,10,8,NA,NA,I regularly speak both French and English to my child,First,NA,1,8,Always (or almost always) English,NA,C,C,C,C,C,C,C/D,C/D,C/D,C,C/D,C/D,C/D,C,C/D,C/D,C,C,C,C,C/D,C,C,C,C,C,C,C/D,C/D,C,C/D,C/D,C,C,C,C,C/D,C/D,C,C,C,C/D,C,C,C,C/D,C,C,C/D,C/D,C,C,C/D,C/D,C,C/D,C,C/D,C/D,C/D,C,C,C,C/D,C,C/D,C,C/D,Non,Non,C,C,C,C/D,C/D,C,C/D,C,C,C,C/D,C,C/D,C/D,C/D,C/D,C/D,C,C/D,C,C/D,C,C/D,C,C,C,C,C/D,C/D,C,C,C,C,C,C,C,C,C,C,C,C,C,C,C,C,C/D,C,C/D,C,C,C,Non,Non,C/D,Non,C,C/D,C,C/D,C,C,C/D,Non,C,C,Non,C/D,C,Non,C/D,C/D,Non,C/D,Non,C,C/D,Non,C/D,C,C,C/D,Non,C,C/D,C/D,C,C,C,C/D,C/D,C,C,Non,Non,C,Non,C,C,C,C,Non,C/D,C,C/D,C,C/D,Non,C,Non,C,C,C/D,C,C,Non,C/D,C,C,C,C/D,C,C,C,C/D,C,C/D,C/D,Non,C,C/D,Non,C,C,C,C/D,C/D,C,C,C/D,C,C,Non,Non,Non,C,C/D,C,C/D,Non,C,C,C/D,C,C,C/D,C,Non,C,C/D,C,C/D,C,C,C,Non,C/D,C,Non,Non,C/D,C,C,C,Non,C,C/D,C,C/D,C/D,C/D,C/D,C,C,C,C,C/D,C,C,C,C,C,C,C,C,C,C,C,C,C,C/D,C,C,C,C,C,C,C,C,Non,C,Non,C,C,C,C,C,C,Non,C,Non,C,C,C,C,C,C,C/D,C,Non,Non,C,C,C/D,C,C/D,C,C,C,C,C,C,Non,C,C,C,C/D,C,C,C,Non,C,C,C,C,C,Non,C,C,C,C,C,C,C,C,C/D,C,C/D,C,C,C,C,C,C,C,C,C/D,C,C,C,C,C,C,C/D,C,C,C/D,C,Non,C,C,C,C,C,C/D,C,C,Non,Non,C,C,C,Non,Non,C,C,C,C,C,C,C,C,C,C,C,C,C,C,C,C,C/D,C,C,C,C,C,C,C,C,C,C,C,C,C,C/D,C/D,C,C,C,C,Non,C/D,C/D,C,C,C,C,C/D,C,BL01UK01FR061,UKFR061,875,29.16666667,2021,gb
R_Tbi9C1F1H8k708V,Male,University degree or equivalent,University degree or equivalent,24,75,1,Bengali,French;24;,English;75;,Bengali;1;,47,50,3,Bengali,Other(s),"English, Hindi, Bengali",5,10,10,Hindi,I always (or almost always) speak English to my child,Bilingual French and English,NA,10,10,NA,NA,I always (or almost always) speak French to my child,First,NA,1,12,Always (or almost always) English,1,C/D,C/D,C/D,C/D,C/D,C/D,C/D,C/D,C,C/D,C/D,C/D,C/D,C,C/D,C/D,C/D,C,C,C/D,C/D,C/D,C/D,C,C/D,C/D,C/D,C/D,C/D,C/D,C/D,C/D,C/D,C/D,C/D,C/D,C/D,C/D,C/D,C/D,C/D,C/D,C/D,C/D,C/D,C/D,C/D,C/D,C/D,C/D,C/D,C/D,C/D,C/D,C/D,C/D,C/D,C/D,C/D,C/D,C/D,C,C/D,C/D,C,C,C/D,C/D,Non,Non,C/D,C/D,C/D,C/D,C/D,C/D,C/D,C/D,C/D,C,C/D,C/D,C/D,C/D,C/D,C/D,C/D,C,C/D,C/D,C/D,C/D,Non,C/D,C/D,C/D,C,C/D,C/D,C,Non,C,Non,C,C/D,C,C/D,C/D,C/D,C/D,C/D,C,C/D,C,C/D,C/D,C/D,C/D,C/D,C/D,C/D,C/D,Non,C/D,C/D,C/D,C/D,C/D,C/D,C/D,C/D,Non,Non,C,C,C,C/D,C/D,C/D,C/D,C/D,C,C/D,C/D,C/D,C,C/D,C/D,C/D,C/D,C/D,Non,C/D,C/D,C/D,C/D,Non,C,C/D,C/D,C,C/D,C,C/D,C/D,C,C,C/D,C/D,C/D,C/D,C/D,C/D,C/D,C/D,C/D,C/D,C/D,C/D,C/D,C/D,C/D,C/D,C/D,C,C/D,C,C/D,C,C/D,C/D,C/D,C/D,C,C,C/D,C,C,C/D,C/D,C,C/D,C/D,C/D,C/D,C/D,C/D,C,C,C/D,C/D,C/D,C,C,C/D,C,C/D,C,C,Non,C/D,C/D,C,C/D,C/D,C/D,C,C,C/D,Non,C/D,C,Non,C/D,Non,C/D,C/D,Non,C/D,C/D,C,C/D,Non,Non,C,C/D,C/D,C/D,C/D,C,Non,C/D,C/D,C/D,C,C/D,C/D,C/D,C/D,C/D,C/D,C,C/D,C,C/D,C,C,C,C,C,C/D,C,C,Non,C/D,C/D,C/D,C,C,C,C/D,C,C,C,C,C,C/D,Non,C/D,Non,C,C,C,C,C,C/D,C/D,C,C,C,C,C,C,C/D,C/D,C,C,C,C,C/D,C/D,C,C,C/D,C/D,C/D,C/D,C,C,C,C,C,C,C,C,C,C,C,C,C,C,C,C,C,C,C/D,C/D,C/D,C,C/D,C/D,C,C/D,Non,C/D,C/D,C/D,C,C,C/D,C/D,C/D,C/D,C/D,C/D,C/D,C,C/D,C,C,C/D,C/D,C/D,C/D,C/D,C/D,Non,Non,C/D,C/D,C,C,Non,C/D,C,C,C,C,C,C,C,C,C,C,C/D,C/D,C,C,C/D,C/D,C/D,C/D,C,C,C,C,C,C,C,C/D,C,C/D,C/D,C/D,C,C/D,C/D,C,C,C,C,C/D,C/D,C/D,C,C/D,C,C,R_Tbi9C1F1H8k708V,R_Tbi9C1F1H8k708V,914,30.46666667,2021,gb
R_3qEyx19hZPua75H,Male,University degree or equivalent,University degree or equivalent,30,70,0,NA,French;30;,English;70;,,60,40,0,NA,French,NA,10,7,NA,NA,I always (or almost always) speak French to my child,English,NA,2,10,NA,NA,I always (or almost always) speak English to my child,First,NA,1,8,Always (or almost always) English,4,Non,C/D,C/D,C/D,C/D,C/D,C/D,C/D,C/D,C/D,C/D,C/D,C,C,C,Non,C,C,C,C,C/D,C/D,C,C/D,C,Non,Non,C/D,Non,Non,Non,Non,Non,Non,Non,Non,Non,Non,Non,Non,Non,Non,Non,Non,Non,Non,Non,C/D,C/D,C/D,C,C,C,C/D,C/D,C,C/D,C/D,C,Non,Non,C,C,C/D,C,Non,C,C,C,Non,Non,Non,C,Non,C,C,C/D,C,Non,C,C,Non,Non,Non,C/D,C,Non,Non,C,C,C,Non,Non,C/D,Non,C,C,C,C,C,C,C,Non,C,Non,C,C/D,C/D,Non,Non,C,C,C,C,C,C,C/D,C,C/D,C/D,C/D,Non,Non,C/D,Non,Non,C,C,C,C,C,Non,Non,Non,C,Non,Non,C,Non,C,C,Non,C,Non,C,C,Non,C,Non,C/D,C,Non,Non,Non,C,Non,Non,C,C,Non,Non,C,Non,Non,C/D,Non,C,Non,C,C,Non,C,Non,C,Non,Non,Non,Non,Non,C,C,Non,C,Non,Non,Non,C,Non,C,C/D,C,C,C,Non,C,Non,Non,Non,C,C,Non,C,C/D,Non,Non,Non,Non,Non,Non,Non,Non,Non,Non,Non,C,C,Non,Non,Non,Non,Non,C/D,C,Non,C/D,Non,Non,Non,Non,Non,Non,Non,C,C,Non,C/D,Non,Non,Non,C/D,Non,C,Non,Non,C,C/D,C,C,C,C/D,C/D,Non,Non,C,Non,C/D,C,C,C/D,C,Non,Non,C,C,C,Non,Non,C,C,C,C,C,C,Non,C,C,C/D,C/D,Non,C,C,Non,C/D,C,C,Non,C,C,C,Non,Non,Non,C,C,C,C,C,Non,Non,C,C,Non,C,C,C,C,C,C,Non,Non,C,Non,C,Non,Non,C,C,C,Non,Non,C,C,C/D,Non,Non,C,C,C,Non,C,C,Non,Non,C,C,Non,Non,Non,Non,Non,C,Non,Non,Non,C/D,C/D,Non,Non,Non,Non,Non,C,Non,Non,Non,Non,Non,Non,Non,C,Non,Non,Non,Non,C,Non,Non,Non,Non,Non,Non,Non,Non,C,Non,Non,Non,Non,Non,Non,Non,Non,Non,Non,Non,Non,Non,Non,Non,Non,Non,C/D,C/D,C,C,C,Non,C,Non,Non,Non,C,Non,Non,C,Non,Non,Non,Non,Non,Non,C/D,Non,Non,Non,Non,Non,Non,BL01UK01FR062,UKFR062,736,24.53333333,2021,gb
R_25TNnEOFdzMQrS3,Female,University degree or equivalent,University degree or equivalent,20,80,0,NA,French;20;,English;80;,,40,60,0,NA,French,NA,10,9,NA,NA,I always (or almost always) speak French to my child,English,NA,2,10,NA,NA,I always (or almost always) speak English to my child,First,NA,1,10,Always (or almost always) English,0,Non,Non,Non,C,Non,C,Non,C,C,C,C,Non,C,Non,Non,Non,Non,Non,Non,C,Non,C,Non,C,C,Non,C,Non,Non,Non,Non,Non,Non,Non,Non,C,Non,Non,C,Non,Non,Non,C,C,Non,Non,C,Non,Non,Non,Non,Non,Non,C,Non,Non,C,C/D,C,Non,Non,Non,C,Non,Non,Non,C/D,C,Non,Non,Non,C,Non,Non,C,Non,C,C,Non,Non,C,Non,C,Non,C,Non,C,C,Non,C,C,C,Non,Non,Non,C,Non,C,C,C,Non,C,Non,Non,C,C,C/D,C/D,C,Non,C,C/D,C/D,C,C,C,C/D,Non,C,C,C/D,Non,Non,C,Non,Non,Non,C,C,Non,C,Non,Non,Non,C,Non,C,C,C,C,C,Non,C,Non,Non,C,Non,C,C,C,C,Non,C,C,C,C,C,C,C,C,Non,C,Non,Non,Non,Non,Non,Non,C,C,Non,Non,Non,Non,Non,Non,Non,Non,Non,Non,C,Non,Non,Non,Non,C,C,C,C,C,Non,Non,C,Non,Non,Non,Non,Non,C,Non,Non,Non,Non,Non,Non,Non,Non,Non,Non,Non,Non,Non,Non,Non,C,Non,Non,C,Non,Non,Non,C,Non,Non,C,Non,Non,C,Non,Non,Non,Non,Non,Non,Non,C,Non,Non,Non,Non,Non,Non,Non,Non,Non,C,C,C,C,C,C,C,C,C,C,Non,Non,C,C,C,Non,Non,C,Non,C,Non,Non,Non,Non,Non,Non,Non,Non,Non,C/D,C,Non,Non,Non,Non,Non,Non,C,C,Non,Non,C,Non,C,Non,Non,C,C,Non,Non,Non,C,Non,Non,Non,C,Non,C,C,C,C,C,Non,Non,Non,C,C,C,Non,Non,Non,Non,Non,Non,Non,C,C,Non,Non,Non,Non,Non,Non,Non,Non,Non,Non,Non,C,C,C,Non,C,C,Non,Non,Non,Non,Non,Non,Non,Non,Non,Non,C,C,C,Non,Non,Non,Non,Non,Non,Non,Non,Non,Non,Non,Non,C,Non,Non,Non,Non,Non,Non,Non,Non,Non,Non,Non,Non,Non,C,Non,Non,Non,Non,Non,Non,Non,Non,Non,Non,Non,Non,C,Non,Non,C,C,Non,Non,Non,Non,C,C,C,C,C,Non,Non,C,C,Non,Non,C,Non,Non,Non,Non,Non,Non,BL01UK01FR063,UKFR063,503,16.76666667,2021,gb
R_1GUP60y2H8AYexn,Male,University degree or equivalent,Left school at 18 with A-Levels or equivalent,30,70,0,NA,French;30;,English;70;,,50,50,0,NA,French,NA,10,9,7,Spanish ,I always (or almost always) speak French to my child,English,NA,2,10,NA,NA,I always (or almost always) speak English to my child,First,NA,1,9,Always (or almost always) English,NA,Non,C,C,C,C/D,C,Non,Non,C/D,Non,Non,Non,Non,Non,Non,Non,Non,Non,Non,Non,Non,Non,Non,Non,Non,Non,Non,Non,Non,Non,Non,Non,Non,Non,Non,Non,Non,Non,Non,Non,Non,Non,Non,Non,Non,Non,Non,Non,Non,C,Non,C,Non,Non,Non,Non,Non,C,Non,Non,Non,Non,C,Non,Non,Non,Non,Non,Non,Non,Non,Non,Non,Non,Non,Non,Non,Non,Non,Non,C,Non,Non,Non,Non,Non,Non,Non,Non,Non,Non,Non,Non,Non,Non,Non,Non,Non,Non,Non,Non,Non,Non,Non,Non,Non,Non,Non,Non,Non,Non,Non,Non,Non,Non,Non,Non,Non,Non,Non,C,Non,Non,Non,Non,Non,Non,C,Non,Non,Non,Non,Non,Non,Non,Non,Non,Non,Non,Non,Non,Non,Non,Non,Non,Non,Non,Non,Non,Non,Non,Non,Non,Non,Non,Non,Non,Non,Non,Non,Non,Non,Non,Non,Non,Non,Non,Non,Non,Non,Non,Non,Non,Non,Non,Non,Non,Non,Non,Non,Non,Non,Non,Non,Non,Non,Non,Non,Non,Non,Non,Non,Non,Non,Non,Non,Non,Non,Non,Non,Non,Non,Non,Non,Non,Non,Non,Non,Non,Non,Non,Non,Non,Non,Non,Non,Non,Non,Non,Non,Non,Non,Non,Non,Non,Non,Non,Non,Non,Non,Non,Non,Non,Non,Non,Non,Non,Non,Non,Non,Non,Non,Non,Non,Non,Non,Non,Non,Non,Non,C/D,Non,Non,Non,Non,Non,Non,C,Non,Non,Non,Non,Non,Non,Non,Non,Non,Non,Non,Non,Non,Non,Non,Non,Non,Non,Non,Non,Non,Non,Non,Non,Non,Non,Non,Non,Non,Non,Non,Non,Non,Non,Non,Non,Non,Non,Non,Non,Non,Non,Non,Non,Non,Non,Non,Non,Non,Non,Non,Non,Non,Non,Non,Non,Non,Non,Non,Non,Non,Non,Non,Non,Non,Non,Non,Non,Non,Non,Non,Non,Non,Non,Non,Non,Non,Non,Non,Non,Non,Non,Non,Non,Non,Non,Non,Non,Non,Non,Non,Non,Non,C,Non,Non,Non,Non,Non,Non,Non,Non,Non,Non,Non,Non,Non,Non,Non,Non,Non,Non,Non,Non,Non,Non,Non,Non,Non,Non,Non,Non,Non,Non,Non,Non,Non,Non,Non,Non,Non,Non,Non,Non,Non,Non,Non,Non,Non,Non,Non,Non,Non,Non,Non,Non,Non,Non,Non,Non,Non,Non,Non,C,Non,Non,Non,Non,Non,Non,BL01UK01FR064,UKFR064,443,14.76666667,2021,gb
R_1dsJxdxLLa5N1TB,Male,University degree or equivalent,University degree or equivalent,30,70,0,NA,French;30;,English;70;,,40,60,0,NA,Bilingual French and English,NA,9,10,NA,NA,I always (or almost always) speak French to my child,English,NA,2,10,NA,NA,I always (or almost always) speak English to my child,First,NA,1,12,Always (or almost always) English,2,C/D,C/D,C/D,C/D,C/D,C/D,C/D,C/D,C/D,C,C/D,C/D,C,C/D,C,C/D,C,C/D,C/D,C/D,C,C/D,C/D,C/D,C/D,Non,C/D,C/D,C/D,C,C,C/D,C/D,C/D,Non,C,C/D,C/D,C/D,C/D,C,C/D,C/D,C,C/D,C/D,C/D,C/D,C/D,C/D,C/D,C/D,C/D,C,C/D,C/D,C/D,C/D,C/D,C,C,C,C/D,C/D,Non,C,C/D,C,C,C/D,Non,C/D,C,C,C/D,C/D,C/D,C/D,C/D,C,C/D,C,C/D,C/D,C,C/D,C/D,C,C/D,C/D,C/D,C/D,C/D,C/D,Non,C,C/D,C,C,C,C,C,C,C,C,C,C,C,C,C,C,C,C/D,C/D,C,C/D,C/D,C/D,C/D,C/D,C/D,C,Non,C,C,C/D,C/D,C,C/D,C,C,C,C,Non,C,C,C/D,C/D,C/D,C/D,C/D,C/D,C/D,C,C,C,C/D,C,C/D,C/D,C/D,Non,C,C/D,C/D,C,C,C/D,C/D,C/D,C/D,C/D,C/D,C/D,C/D,C/D,C/D,C/D,C,C/D,C/D,C/D,C/D,C/D,C/D,C/D,C,C,C/D,C,C,C,C,C,C,C,C,C/D,C,C/D,C,C,C/D,C/D,C,C/D,C/D,Non,C/D,C,C,C,C,C/D,C/D,C,C,C,C/D,Non,C/D,C/D,C,C,C/D,Non,C,C,Non,Non,C,C/D,C/D,C/D,C/D,C/D,C/D,C/D,C,C/D,C/D,C,C,C,Non,C/D,C/D,C,C,C,Non,C/D,C,C,C,C/D,C/D,C/D,C/D,C/D,C/D,C/D,C/D,C/D,C,C/D,C,C/D,C/D,C/D,C/D,C,C/D,C,C,C/D,C,C/D,C,C,C,C/D,C,C,C/D,C/D,C,C/D,C,C,C,C/D,C/D,C,C/D,C,C,C,C/D,C,C,C/D,C,C,C,C,C,C,C,C,C,C,C,C,C/D,C,C,C,C,C,C,C,C,C/D,C/D,C,C,C,C,C,C,C,C,C,C,C,C,C,C,C,C/D,C/D,C/D,C,C,C,C/D,C/D,C,C,C,C,C/D,C/D,C/D,C/D,C,C,C,C,C,C/D,C/D,C,C,C/D,C,C,C,C,C,C/D,C,C/D,C,C,C,C,C,C/D,C,C,Non,C/D,C,C,C,C,C,C,C,C,C,C,C,C/D,C,C,C,C/D,C,C,C,C,C,C,C,C,C,C,C,C,C,C/D,C/D,C,C,C,C,C,C,C/D,C,C,C,C,C,C/D,R_1dsJxdxLLa5N1TB,R_1dsJxdxLLa5N1TB,1096,36.53333333,2021,gb
R_1IttPYivfZAj1lI,Male,University degree or equivalent,University degree or equivalent,40,60,0,NA,French;40;,English;60;,,40,60,0,NA,French,NA,10,8,4,Spanish ,I always (or almost always) speak French to my child,English,NA,7,10,NA,NA,I always (or almost always) speak English to my child,First,NA,1,8,Always (or almost always) English,1,Non,C/D,C/D,C/D,C/D,C/D,C/D,C/D,C/D,C/D,Non,Non,Non,Non,Non,Non,Non,Non,Non,C,Non,C,C,C,C,Non,Non,C,C,C,C,C,C,C,Non,C,C,C,Non,C,Non,C,C,C,C,C,C,C,Non,C/D,Non,Non,Non,C,Non,Non,Non,C,Non,Non,Non,Non,C,Non,Non,Non,C/D,Non,Non,Non,Non,Non,Non,Non,Non,Non,Non,C,Non,Non,Non,Non,Non,Non,Non,Non,Non,Non,Non,Non,Non,Non,Non,Non,Non,Non,Non,Non,Non,Non,Non,Non,Non,Non,Non,Non,Non,Non,Non,Non,Non,C,Non,Non,Non,Non,Non,Non,Non,C,C/D,Non,Non,C,Non,Non,Non,C,Non,Non,C,Non,Non,Non,C,Non,Non,Non,Non,Non,Non,Non,Non,Non,Non,Non,Non,Non,Non,Non,Non,Non,Non,Non,Non,Non,Non,Non,Non,Non,Non,Non,Non,Non,Non,Non,Non,Non,Non,Non,Non,Non,Non,Non,Non,Non,Non,Non,Non,Non,Non,Non,Non,Non,Non,Non,Non,Non,Non,Non,Non,Non,Non,Non,Non,Non,Non,Non,Non,Non,Non,Non,Non,Non,Non,Non,Non,Non,Non,Non,Non,Non,Non,Non,C,Non,Non,Non,Non,Non,Non,Non,Non,Non,Non,Non,Non,Non,Non,Non,Non,Non,Non,Non,Non,C/D,Non,Non,Non,C/D,Non,Non,Non,Non,Non,Non,C,Non,Non,Non,Non,Non,Non,Non,Non,C,Non,C/D,C/D,Non,Non,Non,Non,Non,Non,Non,Non,Non,Non,Non,Non,Non,Non,Non,Non,C,Non,Non,Non,Non,Non,Non,Non,Non,Non,Non,Non,Non,C/D,Non,Non,Non,Non,Non,Non,C,Non,Non,Non,Non,Non,Non,Non,Non,C/D,Non,Non,Non,Non,Non,Non,Non,Non,Non,Non,Non,Non,Non,Non,Non,Non,Non,Non,Non,Non,Non,Non,Non,Non,Non,Non,Non,Non,Non,Non,Non,Non,Non,C/D,Non,Non,Non,Non,Non,Non,C/D,Non,Non,Non,Non,Non,Non,Non,Non,Non,Non,Non,Non,Non,Non,Non,Non,Non,Non,Non,Non,Non,Non,Non,Non,Non,Non,Non,Non,Non,Non,Non,Non,Non,Non,Non,Non,Non,Non,Non,Non,Non,Non,Non,Non,Non,Non,Non,Non,Non,Non,Non,Non,Non,Non,Non,Non,Non,Non,Non,Non,Non,Non,Non,Non,Non,C/D,Non,Non,Non,Non,Non,Non,R_1IttPYivfZAj1lI,R_1IttPYivfZAj1lI,643,21.43333333,2021,gb
R_1BRx7NuJvcVN1LK,Male,University degree or equivalent,University degree or equivalent,40,60,0,NA,French;40;,English;60;,,100,0,0,NA,French,NA,10,9,NA,NA,I always (or almost always) speak French to my child,English,NA,5,10,NA,NA,I always (or almost always) speak English to my child,Second,NA,2,14,Always (or almost always) English,0,Non,Non,Non,Non,Non,C,C,C/D,C/D,C/D,Non,C/D,Non,Non,Non,C,Non,C,C,C/D,Non,C/D,Non,C/D,C,Non,C,Non,C,Non,Non,C,C,C,Non,C/D,C,Non,Non,Non,Non,C,Non,C,Non,Non,C,Non,Non,C,C/D,Non,Non,Non,C/D,Non,Non,C/D,C,C/D,Non,C,C,Non,Non,Non,C/D,C,Non,Non,Non,C,C/D,Non,C,C,C,Non,Non,C,C,C,C,C,C,C,C,Non,C,C,C/D,C,Non,C,C,C,C,C,C,C,Non,Non,Non,Non,Non,Non,C/D,Non,Non,Non,Non,C/D,C/D,Non,Non,C,C/D,C,C/D,Non,Non,Non,Non,C,Non,C,C,C,C,Non,C,Non,Non,Non,Non,Non,Non,C,Non,C,C,Non,C,Non,C,C,Non,C,C,C,C,Non,C,C,C,C,C,Non,C,Non,Non,Non,Non,Non,Non,Non,C,Non,C,Non,Non,C,Non,Non,Non,Non,Non,Non,Non,Non,Non,C,Non,Non,Non,Non,C,C,C,C,C,C,C/D,C,C,C,C,Non,C,C,Non,Non,C,Non,Non,Non,C,Non,C,Non,C,Non,Non,Non,C,Non,C,C,Non,Non,C,C,C,C,C/D,Non,Non,Non,Non,Non,Non,Non,Non,Non,Non,C/D,Non,Non,Non,C/D,Non,Non,Non,Non,C,C/D,C/D,C,C,C/D,C/D,C/D,C,Non,C,C,C,C,C,Non,C,Non,Non,C,C/D,C,C,C,C,C,C,C,C,C,C/D,Non,C,C,Non,C,Non,Non,C,C,C,C,C,C,C,C,Non,C,C,C,Non,C,C,C/D,Non,C,C,C,C/D,C,C,C,C,C,Non,Non,Non,Non,C,C,C,Non,C,C,C,Non,C,C,C,Non,C,C,C,C,C,Non,C,C,C,C,C,C,Non,Non,Non,Non,Non,Non,Non,C,Non,C,Non,C/D,Non,Non,C,C/D,Non,Non,C,Non,Non,Non,Non,C/D,Non,Non,Non,Non,Non,Non,Non,Non,Non,Non,Non,Non,Non,Non,Non,Non,Non,Non,C,Non,Non,C,C,Non,Non,Non,Non,Non,Non,C,Non,C,C,C,C,C,C,C,C,Non,C/D,C/D,Non,C/D,C/D,Non,Non,Non,Non,Non,C/D,C/D,C,C,C,C,C,C,BL01UK01FR065,UKFR065,597,19.9,2021,gb
R_2pRF5ycYuDDKnal,Male,University degree or equivalent,University degree or equivalent,30,60,10,Swiss German ,French;30;,English;60;,Swiss German;10;,30,60,10,Swiss German ,Bilingual French and English,NA,10,10,NA,NA,I regularly speak both French and English to my child,Other(s),Swiss German ,5,10,10,Swiss German ,I regularly speak a mix of French / English / other languages to my child,First,NA,1,15,Always (or almost always) English,NA,Non,Non,Non,Non,C/D,Non,C/D,C/D,C/D,Non,C/D,C/D,C,Non,Non,Non,Non,Non,Non,C,Non,C,C,C,C,Non,Non,C,Non,Non,Non,Non,C,C,Non,C,C,C,C,C,Non,Non,C,Non,Non,Non,C,Non,Non,C,Non,C,Non,Non,Non,Non,Non,C,Non,Non,Non,Non,C,Non,Non,Non,C,Non,Non,C/D,C,C,C,Non,Non,Non,Non,Non,Non,C,C,Non,Non,Non,C,Non,Non,Non,Non,Non,C,Non,Non,C,Non,C,C,C,C,Non,Non,Non,Non,Non,Non,Non,Non,C,Non,Non,C,Non,Non,Non,C,Non,C,Non,C,C,C,Non,Non,Non,Non,Non,C,C,Non,Non,Non,Non,Non,Non,Non,Non,Non,Non,Non,C,C,Non,C,Non,Non,C,Non,Non,C,C,Non,Non,C,Non,Non,C,Non,C,C,Non,Non,Non,Non,Non,Non,Non,Non,Non,Non,Non,Non,C,Non,Non,Non,Non,Non,Non,Non,Non,Non,Non,Non,Non,Non,C,Non,Non,Non,Non,Non,Non,Non,Non,C,Non,Non,Non,Non,Non,Non,Non,Non,Non,Non,Non,Non,Non,Non,Non,Non,Non,Non,Non,Non,Non,Non,Non,Non,Non,Non,Non,Non,Non,Non,Non,Non,Non,Non,Non,Non,Non,Non,Non,Non,C/D,Non,Non,Non,C/D,Non,Non,Non,Non,Non,C,C,C,Non,Non,C/D,C,C,C,C,C,Non,C/D,Non,Non,C,C,C,Non,C,Non,Non,Non,C,C,C,Non,Non,Non,Non,C,Non,Non,Non,Non,Non,Non,Non,Non,C,Non,Non,Non,Non,Non,Non,Non,Non,Non,Non,C,C,Non,Non,Non,Non,Non,Non,C,Non,Non,Non,Non,Non,Non,Non,Non,C,Non,Non,Non,Non,Non,Non,Non,Non,C,Non,Non,Non,C,Non,Non,Non,Non,Non,Non,Non,Non,Non,C,Non,C,C,Non,Non,Non,Non,Non,Non,C,Non,Non,Non,Non,C,C,Non,Non,Non,Non,Non,Non,Non,Non,Non,Non,Non,Non,Non,Non,Non,Non,Non,Non,Non,Non,Non,Non,Non,Non,Non,Non,Non,Non,Non,Non,Non,Non,Non,Non,Non,Non,Non,Non,Non,Non,Non,Non,Non,Non,Non,Non,Non,Non,C,Non,C,Non,Non,Non,Non,C,C,Non,Non,C,Non,Non,Non,Non,C,Non,BL01UK01FR066,UKFR066,642,21.4,2021,gb
R_1laSs5qWUnRqHgn,Female,Left school at 18 with A-Levels or equivalent,University degree or equivalent,60,40,0,NA,French;60;,English;40;,,60,40,0,NA,French,NA,10,9,NA,NA,I always (or almost always) speak French to my child,English,NA,2,10,NA,NA,I always (or almost always) speak English to my child,Third,NA,3,NA,NA,1,C,Non,Non,Non,C/D,Non,C,Non,C/D,Non,Non,Non,Non,Non,Non,Non,Non,Non,Non,Non,Non,Non,Non,Non,Non,Non,Non,Non,Non,Non,Non,Non,Non,Non,Non,Non,Non,Non,Non,Non,Non,Non,Non,Non,Non,Non,Non,Non,Non,Non,Non,Non,Non,Non,Non,Non,Non,Non,Non,Non,Non,Non,Non,Non,C,Non,Non,Non,Non,Non,Non,Non,Non,Non,Non,Non,Non,Non,Non,Non,C,Non,Non,Non,Non,Non,Non,Non,Non,Non,Non,Non,Non,Non,Non,Non,Non,Non,Non,Non,Non,Non,Non,Non,Non,Non,C,C,Non,Non,Non,Non,Non,Non,Non,Non,Non,Non,Non,Non,Non,Non,Non,Non,Non,Non,Non,Non,Non,Non,Non,Non,Non,Non,Non,Non,Non,Non,Non,Non,Non,Non,Non,Non,Non,Non,Non,Non,Non,Non,Non,Non,Non,Non,Non,Non,Non,Non,Non,Non,Non,Non,Non,Non,Non,Non,Non,Non,Non,Non,Non,Non,Non,Non,Non,Non,Non,Non,Non,Non,Non,Non,Non,Non,Non,Non,Non,Non,Non,Non,Non,Non,Non,Non,Non,Non,Non,Non,Non,Non,Non,Non,Non,Non,Non,Non,Non,Non,Non,Non,Non,Non,Non,Non,Non,Non,Non,Non,Non,C,Non,C,Non,Non,C,Non,Non,Non,Non,C,Non,Non,Non,Non,Non,C/D,Non,Non,Non,Non,Non,Non,C,Non,C,C,C,Non,Non,C,C,Non,Non,Non,Non,Non,C,C,C,Non,Non,Non,Non,Non,Non,Non,Non,Non,Non,Non,Non,Non,Non,Non,Non,Non,Non,Non,Non,Non,Non,Non,Non,Non,Non,Non,Non,Non,Non,Non,Non,Non,Non,Non,Non,Non,Non,Non,Non,Non,Non,Non,Non,Non,Non,Non,Non,Non,Non,Non,Non,Non,Non,Non,Non,Non,Non,Non,Non,Non,Non,Non,Non,Non,Non,Non,Non,Non,Non,Non,Non,Non,Non,Non,C,Non,Non,Non,Non,Non,Non,Non,Non,Non,Non,C,Non,Non,Non,Non,Non,C,Non,Non,Non,Non,Non,Non,Non,Non,C,Non,Non,Non,Non,Non,Non,Non,Non,Non,Non,Non,Non,Non,Non,Non,Non,Non,C,Non,Non,Non,Non,Non,Non,Non,Non,Non,Non,Non,Non,C,Non,Non,Non,Non,Non,Non,Non,Non,Non,Non,Non,Non,Non,Non,Non,Non,Non,Non,Non,Non,Non,Non,Non,Non,Non,Non,BL01UK01FR067,UKFR067,360,12,2021,gb
R_3PzS1B4OuFawBrK,Male,University degree or equivalent,University degree or equivalent,15,85,0,NA,French;15;,English;85;,,60,40,0,NA,French,NA,10,9,4,NA,I always (or almost always) speak French to my child,English,NA,7,10,NA,NA,I always (or almost always) speak English to my child,Second,NA,2,7,Always (or almost always) English,1,C,Non,Non,Non,C/D,Non,Non,C/D,Non,Non,Non,C/D,Non,Non,Non,Non,C,C,C,Non,Non,C/D,Non,C,C,Non,Non,C,Non,Non,Non,Non,C,Non,Non,Non,Non,Non,C/D,Non,Non,Non,C,Non,C,Non,Non,Non,C,Non,Non,Non,Non,Non,Non,Non,C,C/D,Non,C/D,Non,Non,Non,Non,Non,Non,C/D,C,Non,Non,Non,Non,Non,Non,C/D,Non,C,C,Non,C,C,Non,Non,Non,Non,C,Non,Non,Non,Non,Non,Non,Non,Non,Non,Non,Non,Non,C,Non,Non,Non,Non,Non,Non,Non,Non,C/D,Non,Non,Non,Non,Non,C,C,C,Non,Non,Non,C,C,Non,Non,Non,Non,Non,Non,C,Non,Non,C,Non,Non,Non,C,C,C,Non,C,Non,Non,Non,Non,Non,Non,Non,Non,Non,Non,Non,Non,Non,Non,Non,Non,Non,Non,C,C,Non,C,Non,Non,Non,Non,Non,Non,Non,Non,Non,Non,Non,Non,Non,Non,Non,Non,Non,Non,Non,Non,Non,Non,Non,Non,Non,C,C,Non,Non,Non,Non,C,Non,Non,Non,Non,Non,C,Non,Non,Non,Non,Non,Non,Non,Non,Non,Non,Non,Non,Non,Non,Non,Non,Non,Non,Non,Non,Non,Non,Non,Non,Non,C,Non,Non,C,Non,Non,Non,Non,Non,Non,Non,C/D,Non,Non,Non,C/D,Non,Non,Non,Non,Non,C,C,C,C,C,C/D,C,C,Non,Non,C,Non,C/D,C/D,Non,C,Non,C,Non,Non,Non,Non,Non,Non,Non,Non,C,Non,Non,Non,C,Non,Non,C,Non,Non,Non,Non,Non,Non,Non,Non,Non,C,Non,Non,Non,Non,Non,Non,C,Non,Non,Non,Non,C,Non,Non,Non,Non,Non,Non,Non,Non,Non,Non,Non,C,Non,Non,Non,Non,Non,C,Non,C,Non,C,Non,Non,Non,Non,Non,Non,C,Non,Non,Non,Non,C,C,Non,C,C,Non,Non,Non,Non,C/D,Non,C,Non,C,Non,Non,Non,C,Non,Non,Non,Non,C,Non,Non,Non,C,Non,Non,Non,Non,Non,Non,Non,Non,Non,Non,Non,Non,Non,C,Non,Non,Non,C,Non,Non,C,Non,Non,Non,Non,Non,C,Non,Non,Non,C,Non,Non,Non,Non,Non,Non,C,Non,C,Non,Non,Non,Non,Non,Non,Non,Non,Non,Non,Non,Non,Non,Non,Non,Non,Non,BL01UK01FR068,UKFR068,464,15.46666667,2021,gb
R_3HBLwShoBPPoBak,Male,University degree or equivalent,University degree or equivalent,35,65,0,NA,French;35;,English;65;,,90,10,0,NA,French,NA,10,7,NA,NA,I always (or almost always) speak French to my child,French,NA,10,9,NA,NA,I always (or almost always) speak French to my child,First,NA,1,12,Always (or almost always) English,2,C/D,C/D,C/D,C/D,C/D,C/D,C/D,C/D,C/D,C/D,C/D,C/D,C/D,C/D,C/D,C/D,C/D,C/D,C/D,C/D,C/D,C/D,C/D,C/D,C/D,Non,C/D,C/D,C/D,C/D,C/D,C/D,C/D,C/D,C,C/D,C/D,C/D,C/D,C/D,Non,C/D,C/D,C/D,C/D,C/D,C/D,C/D,C/D,C/D,C/D,C/D,C/D,C/D,C/D,C/D,C/D,C/D,C/D,C/D,C,C/D,C/D,C/D,C/D,C/D,C/D,C/D,C,C/D,C/D,C/D,C/D,C/D,C/D,C,C/D,C/D,Non,C/D,C/D,C,C/D,C/D,C/D,C/D,C/D,C/D,C/D,C/D,C/D,C/D,C/D,C,C/D,C/D,C/D,C/D,C/D,C/D,C/D,C,C/D,C/D,C/D,C/D,C/D,C/D,C/D,C/D,C/D,C/D,C/D,C/D,C/D,C/D,C/D,C/D,C/D,C/D,C/D,C,Non,C/D,C,Non,C/D,C/D,C/D,C/D,C/D,C/D,C/D,Non,C/D,C,C/D,C/D,C,C/D,C/D,C,C/D,C/D,C,C/D,C,C/D,C/D,C/D,C/D,Non,C,C,C/D,C/D,C,C/D,C/D,C/D,C/D,C/D,Non,Non,C/D,C/D,C/D,C/D,C/D,C/D,C/D,C/D,C/D,C/D,C/D,C/D,C/D,C/D,C/D,C/D,C/D,C,C/D,Non,Non,C/D,C/D,C,C/D,C/D,C/D,C/D,C/D,C/D,C/D,C/D,C,Non,C/D,C/D,Non,C,C/D,C,C/D,Non,C/D,C/D,C/D,C/D,C/D,C,C/D,Non,C/D,C,C/D,C,C,Non,C/D,C/D,C/D,C/D,C/D,C/D,C/D,C/D,C/D,Non,C/D,C,C/D,C/D,Non,C/D,C/D,C,C,C,C,C/D,Non,C/D,C/D,C/D,C/D,C/D,C/D,C/D,C/D,C/D,C,C/D,C,C/D,C/D,C/D,C/D,C/D,C/D,C/D,C/D,C/D,C/D,C/D,C/D,C/D,C/D,C,C/D,C/D,C/D,C/D,C/D,C/D,C/D,C/D,C,C/D,C/D,C/D,C,C/D,C/D,C,C/D,C,C/D,C,Non,C,C/D,C/D,C,C,C/D,C/D,C,C/D,C/D,C,C/D,C/D,C/D,C/D,C/D,C,C,C,C,C,C,C,C,C,C,C/D,C,Non,C/D,C/D,C/D,Non,C/D,C,C/D,C/D,C/D,C/D,C,C/D,C,C/D,C/D,C/D,C/D,C/D,C,C/D,C/D,C,C/D,C/D,C/D,C/D,C/D,C/D,C/D,C,C,C/D,C,C/D,C/D,C/D,C/D,C/D,C/D,C,C/D,C/D,C/D,C/D,C/D,C,C,C,C/D,C/D,C/D,C,C/D,C/D,C,C,C,C,C,C/D,C,C,C,C,Non,C/D,C,C/D,C/D,C/D,C/D,C/D,C/D,C,C/D,C/D,C,C,C,C,C,C,C,C,C,C,C,C,C,C,C/D,C/D,C/D,C/D,C/D,C/D,C/D,C/D,BL01UK01FR069,UKFR069,801,26.7,2021,gb
R_qz4NfzdAv7ZiHnj,Male,University degree or equivalent,University degree or equivalent,30,70,0,NA,French;30;,English;70;,,40,60,0,NA,Bilingual French and English,NA,7,10,0,NA,I regularly speak both French and English to my child,French,NA,9,10,0,NA,I always (or almost always) speak French to my child,First,NA,1,23,Always (or almost always) English,1,C,Non,Non,Non,Non,Non,C,C,Non,Non,Non,C/D,C,Non,Non,C,C,C,C,C,Non,C/D,Non,C/D,Non,Non,Non,Non,Non,C,C,C,C,Non,Non,C,Non,Non,Non,Non,Non,Non,Non,Non,Non,Non,Non,C,C,Non,C,Non,Non,C,Non,C,C,C,Non,Non,C,C,C,C,Non,C,C/D,Non,C,Non,Non,Non,C,Non,C,Non,C,Non,Non,Non,C,Non,Non,Non,C,C,Non,Non,Non,Non,C/D,Non,Non,Non,Non,Non,Non,C,C,Non,Non,Non,Non,C,Non,Non,Non,C,Non,Non,C,Non,C,Non,Non,C,C,Non,Non,C/D,C/D,Non,Non,C,Non,Non,Non,C,C,C,C,Non,Non,Non,C,Non,C,C,Non,C,C,Non,C,Non,Non,C,Non,C,C,C,Non,Non,Non,Non,C,Non,Non,Non,C,Non,Non,C,C,Non,Non,Non,Non,Non,C,Non,Non,C,Non,Non,Non,Non,Non,Non,Non,Non,C,C,Non,Non,Non,Non,C,C,Non,C,C,Non,C,C,Non,C,Non,Non,C,C,Non,Non,Non,Non,Non,C,C,Non,C,Non,Non,Non,Non,Non,C,Non,Non,Non,Non,Non,Non,Non,C,Non,Non,Non,Non,Non,Non,Non,Non,Non,Non,Non,Non,Non,Non,Non,Non,C/D,Non,Non,Non,Non,C,C/D,C,C,C,Non,C,Non,Non,Non,Non,C,Non,C,C,Non,Non,Non,Non,Non,C,Non,Non,C,Non,C,C,Non,Non,Non,C,C,C,Non,Non,Non,Non,C,Non,Non,C,Non,C,Non,C,Non,C,Non,C,Non,C,C,C,C,Non,Non,C,Non,C,C,C,C,C,C,Non,Non,C,Non,C,C,Non,C,Non,C,Non,Non,C,C,Non,Non,Non,Non,Non,C,C,C,Non,C,Non,Non,Non,C,Non,C,C,Non,Non,Non,Non,Non,Non,C,Non,Non,Non,Non,C,C,Non,Non,Non,Non,Non,Non,Non,Non,C,Non,Non,Non,C,Non,Non,Non,Non,Non,Non,Non,Non,Non,Non,Non,Non,Non,Non,Non,Non,Non,Non,Non,Non,Non,Non,Non,Non,Non,Non,C,C,Non,C,C,Non,C,C,Non,C,Non,C,C,C,Non,Non,C,C,Non,Non,C,Non,C,C,Non,C,Non,BL01UK01FR070,UKFR070,713,23.76666667,2021,gb
R_1FnCTOAVq8HymCU,Female,NA,NA,60,40,0,NA,French;60;,English;40;,,60,40,0,NA,Other(s),Creole,8,8,10,Creole,I regularly speak a mix of French / English / other languages to my child,English,NA,1,10,NA,NA,I always (or almost always) speak English to my child,Second,NA,2,NA,NA,NA,C,C/D,C,C/D,C/D,C/D,C,C/D,C/D,C/D,C,C,Non,Non,Non,Non,Non,Non,Non,C,Non,C,C,C,C,Non,Non,Non,Non,Non,Non,C,C,C,Non,C,C,Non,Non,Non,Non,C,C,C,Non,Non,C,Non,Non,Non,Non,Non,Non,Non,Non,Non,C,C,Non,Non,C,C,C,C,C,C,C,Non,Non,Non,Non,Non,C,Non,C,Non,C,Non,Non,Non,C,Non,Non,Non,C,C,Non,Non,Non,Non,C,C,Non,Non,Non,C,Non,C,Non,Non,Non,C,Non,Non,Non,Non,C,C,Non,Non,C,C,C,C,C,C,Non,Non,Non,C,C,Non,Non,C,Non,Non,Non,C,Non,Non,Non,Non,Non,Non,C,C,Non,C,Non,C,C,Non,C,Non,C,Non,Non,C,Non,C,Non,Non,C,C,C,C,C,C,Non,Non,Non,C,Non,Non,Non,Non,Non,Non,C,Non,Non,Non,Non,Non,Non,Non,Non,Non,Non,Non,Non,Non,Non,Non,Non,Non,C,Non,Non,C,Non,Non,C,Non,Non,Non,Non,Non,C,Non,Non,Non,C,Non,Non,Non,Non,Non,Non,C,Non,Non,Non,Non,Non,Non,Non,C,Non,Non,Non,C,Non,Non,Non,Non,Non,Non,Non,C,Non,Non,Non,Non,Non,C/D,Non,Non,Non,C/D,Non,Non,Non,Non,C,C/D,C,C,Non,C/D,C,Non,Non,Non,Non,Non,C,C/D,C,Non,Non,Non,Non,Non,Non,Non,Non,Non,C,C,C,Non,Non,Non,C,C,Non,Non,Non,Non,Non,Non,Non,Non,Non,Non,C,Non,C,Non,Non,Non,C,Non,Non,C,C,C,Non,Non,C,Non,C,C,C,C,C,C,C,Non,Non,Non,C,Non,Non,Non,Non,C,Non,Non,C,C,Non,Non,Non,Non,Non,Non,Non,Non,Non,C,Non,Non,C,Non,Non,C,Non,Non,Non,C,Non,Non,Non,C/D,Non,Non,Non,Non,Non,C,C,Non,Non,Non,Non,Non,Non,Non,C,Non,Non,Non,C,Non,Non,Non,Non,Non,Non,Non,Non,Non,Non,Non,Non,Non,Non,Non,Non,Non,Non,Non,Non,Non,Non,Non,Non,Non,Non,Non,Non,Non,Non,Non,Non,Non,C,Non,Non,Non,Non,Non,Non,C,Non,Non,C,Non,Non,C,Non,C,Non,Non,Non,Non,R_1FnCTOAVq8HymCU,R_1FnCTOAVq8HymCU,492,16.4,2021,gb
R_2tDXjt4jmK8JxPu,Female,Left school at 18 with A-Levels or equivalent,Left school at 18 with A-Levels or equivalent,30,70,0,NA,French;30;,English;70;,,30,70,0,NA,French,NA,10,8,0,NA,I regularly speak both French and English to my child,English,NA,1,10,NA,NA,I always (or almost always) speak English to my child,First,NA,1,34,Always (or almost always) English,4,C,C/D,C/D,C/D,C/D,C/D,C/D,C/D,C/D,C/D,C/D,C/D,C,Non,C,C,C,C/D,C/D,C/D,Non,C/D,C/D,C/D,C/D,Non,C,C/D,C/D,C/D,C/D,C/D,C/D,C/D,Non,C/D,Non,C/D,C/D,C/D,C/D,C/D,C,C/D,C/D,C/D,C/D,C/D,C/D,C/D,C/D,C,C/D,Non,C/D,C/D,C/D,C/D,C/D,C/D,C,C,C,C,Non,Non,C/D,Non,Non,C,C,C,Non,Non,C/D,Non,Non,C,Non,Non,Non,Non,Non,C/D,Non,Non,C,Non,C/D,C/D,C/D,C,Non,C,Non,C/D,C,C/D,C,C,Non,Non,C/D,C,Non,C,C,C/D,Non,Non,C,C,C/D,C,C/D,Non,C,C,C/D,C/D,C/D,Non,Non,C/D,Non,C/D,C,C,C/D,C,C/D,C,C,C,Non,Non,C,C,Non,C,C,Non,Non,Non,C,Non,Non,C,C,C,Non,Non,Non,Non,Non,C/D,Non,C,Non,Non,C,C,Non,Non,C,Non,C,Non,Non,C/D,Non,C/D,Non,Non,Non,Non,Non,C/D,Non,C/D,Non,C,C,Non,Non,C,C,C,C,C/D,Non,C,C,Non,C,C,Non,Non,C,C,Non,Non,C,Non,Non,Non,Non,Non,Non,Non,C/D,Non,Non,Non,C,Non,Non,Non,Non,Non,Non,C/D,Non,Non,C/D,C,C,Non,C,Non,Non,Non,C/D,C/D,Non,C/D,Non,Non,C/D,C/D,Non,Non,C,C/D,C,C/D,C,C/D,C/D,C/D,C/D,Non,C,Non,C,C/D,C,C/D,C/D,Non,C/D,C/D,Non,Non,C,C,Non,C/D,C,C,C,C,C,Non,C,C/D,C/D,Non,Non,C,Non,C,Non,Non,Non,Non,C,Non,C/D,Non,Non,Non,Non,C,C,C,C,C,Non,Non,C,Non,Non,C,C/D,C,C,Non,Non,Non,Non,Non,C/D,Non,C,Non,C,C,Non,Non,C/D,C,C,Non,Non,Non,Non,C/D,C/D,Non,Non,Non,C,C,C/D,C,C,C,C,C,C,C,C/D,C,C/D,C/D,C,C/D,Non,C/D,C,C/D,C/D,C,C/D,C/D,C,C,C,C,C,C/D,Non,C/D,C,Non,Non,Non,C,C/D,Non,Non,Non,C/D,C,C,C,Non,C,Non,Non,C,Non,C,Non,C,Non,Non,C,C,C,C/D,C,Non,C,C,Non,C,C,Non,C,C,C,Non,Non,Non,Non,Non,Non,Non,Non,C/D,Non,C,Non,Non,C,C,R_2tDXjt4jmK8JxPu,R_2tDXjt4jmK8JxPu,1355,45.16666667,2021,gb
R_23WDD1BKvpR8U8m,Female,University degree or equivalent,University degree or equivalent,50,50,0,NA,French;50;,English;50;,,50,50,0,NA,French,NA,9,4,2,Fêfê,I regularly speak both French and English to my child,French,NA,10,9,6,Fêfê,I regularly speak both French and English to my child,Second,NA,2,36,Always (or almost always) English,6,C/D,C/D,C/D,C/D,C/D,C/D,C/D,C/D,C/D,C/D,C/D,C/D,C/D,Non,Non,C/D,C,C/D,C/D,C,Non,C/D,C/D,C/D,C/D,Non,C,C/D,C/D,C/D,C/D,C/D,Non,C/D,Non,C/D,C/D,C/D,C/D,C/D,C/D,C/D,C/D,C/D,C/D,C/D,C/D,C/D,C,C/D,C/D,C,C/D,C,C,C/D,C/D,C,C,C,Non,C/D,C,C,C,C,C/D,C/D,C,C/D,C,C/D,C/D,C,C/D,C/D,C/D,C/D,C/D,C/D,C/D,C/D,C/D,C/D,C/D,C/D,C,C,C/D,C/D,C/D,C/D,C,C,C,C/D,C/D,C/D,C/D,C/D,C,C/D,C/D,C,C/D,C,C/D,C/D,C/D,C/D,C/D,C/D,C/D,C/D,C/D,C,C/D,C/D,C/D,C/D,C/D,Non,Non,C/D,C,C/D,C,Non,C/D,C/D,C/D,C/D,C,Non,C,Non,C,C/D,C,C/D,C/D,C,C/D,C,C/D,C,Non,C/D,C/D,C/D,C/D,Non,C,C/D,C/D,C/D,Non,Non,Non,Non,C,C/D,Non,Non,Non,Non,C/D,C,C,C/D,Non,C,C,C/D,Non,Non,Non,C/D,C,C/D,Non,Non,Non,C,C/D,C,C/D,C/D,C/D,C/D,C/D,C/D,C/D,C/D,C/D,C/D,C/D,C,C/D,C/D,Non,Non,C/D,Non,C/D,C/D,C/D,Non,C/D,C/D,C/D,Non,C/D,Non,C/D,Non,C/D,C/D,Non,C,C,C/D,C/D,Non,C/D,C,C/D,C/D,C/D,Non,C/D,Non,C/D,C/D,Non,C/D,Non,Non,C/D,C/D,Non,C/D,C/D,C/D,C,C/D,C/D,C/D,C/D,Non,C/D,C/D,C/D,C/D,Non,C/D,C,C/D,C/D,C,C/D,C/D,C,C/D,Non,Non,Non,C,C,C,C,Non,C,Non,C/D,C,C/D,C/D,Non,C,C,C,C,C/D,Non,C/D,C/D,Non,C/D,Non,C/D,C,C,C,Non,C/D,C/D,C/D,C/D,C,C/D,Non,C/D,C,C/D,C/D,C/D,C/D,C,Non,C,C/D,C,Non,C/D,C/D,C,C/D,Non,Non,C/D,C,Non,Non,C/D,Non,C,C,C,C/D,C,C/D,C/D,C/D,C/D,C/D,C/D,C/D,C/D,C/D,C/D,Non,C/D,Non,C/D,C/D,C/D,Non,C/D,Non,C/D,Non,C/D,Non,C/D,C/D,C/D,C/D,Non,C/D,C/D,C/D,Non,C/D,C/D,C,C,Non,C,C,Non,C/D,Non,C,C/D,C/D,Non,C,C,C,Non,C,C/D,Non,Non,C,C,Non,C,C/D,Non,C,C/D,C,C/D,C/D,Non,C,C/D,C/D,C/D,C/D,C,C,C,C/D,C,Non,Non,Non,Non,C/D,Non,C/D,Non,C,C/D,C,R_23WDD1BKvpR8U8m,R_23WDD1BKvpR8U8m,1095,36.5,2021,gb
R_ebAuxH4cXoBNkDD,Male,University degree or equivalent,University degree or equivalent,40,50,10,Arabic,French;40;,English;50;,Arabic;10;,80,10,10,Arabic,Other(s),Arabic,10,8,10,Arabic,I always (or almost always) speak French to my child,French,NA,10,9,NA,NA,I always (or almost always) speak French to my child,Second,NA,2,12,Always (or almost always) English,12,C/D,C/D,C/D,C/D,C/D,C/D,C/D,C/D,Non,C/D,C/D,C/D,C,C,C/D,C/D,C/D,C/D,C/D,C/D,C/D,C/D,C/D,C/D,C/D,C,C/D,C/D,C/D,C/D,C/D,C/D,C/D,C/D,Non,C/D,C/D,C/D,C/D,C/D,Non,C/D,C/D,C/D,C/D,C/D,C/D,C/D,C/D,C/D,C/D,C/D,C,C/D,C/D,C/D,C/D,C/D,C,C/D,C,C/D,C/D,Non,Non,C,C/D,C,Non,C,Non,C/D,C/D,C/D,C,C/D,C/D,C/D,C/D,C/D,C/D,Non,C/D,C/D,C/D,C/D,Non,Non,C/D,C/D,C/D,C/D,Non,Non,Non,C/D,C/D,C/D,C/D,C/D,Non,Non,C/D,C/D,C/D,C/D,C/D,C/D,C,Non,C/D,C/D,C/D,C/D,C/D,C,C/D,C,C,C/D,C/D,Non,Non,C/D,Non,Non,Non,C/D,C/D,C,C/D,Non,Non,Non,C/D,Non,C,C/D,C,C/D,C,Non,C,Non,C/D,C,Non,C/D,C/D,C/D,C/D,Non,Non,C/D,C/D,Non,Non,C/D,C/D,C/D,C,C/D,C/D,Non,C/D,Non,C/D,Non,C/D,C,C/D,C/D,C,C/D,Non,Non,Non,C,Non,Non,C/D,Non,Non,C/D,Non,C/D,C/D,Non,C,C,C,C,C/D,C,C,C,C,Non,C,C,Non,Non,C,Non,C,Non,C,Non,Non,Non,C/D,Non,Non,Non,C/D,Non,C/D,Non,Non,Non,Non,C/D,C/D,C,C/D,Non,Non,Non,Non,C,Non,Non,Non,Non,Non,C/D,Non,Non,Non,C/D,Non,Non,C/D,Non,C/D,C/D,C/D,C/D,C/D,Non,C/D,C/D,C,C,C/D,C/D,C,C/D,C/D,C,C/D,C,C,C/D,Non,Non,Non,Non,Non,C,C,C,Non,Non,C/D,C/D,Non,Non,Non,Non,Non,Non,C/D,C/D,Non,Non,C,Non,C/D,Non,Non,Non,Non,Non,C/D,C/D,C/D,C/D,Non,C/D,Non,Non,C/D,C,C/D,C,C,Non,Non,Non,Non,Non,Non,Non,C,Non,C,C,C,Non,Non,C/D,C/D,Non,C,Non,Non,C/D,C,C/D,Non,C/D,Non,Non,C/D,C/D,C/D,C,C/D,Non,Non,Non,C,Non,C,C,Non,Non,Non,Non,C,C/D,C,C,C/D,Non,C/D,C/D,Non,Non,C/D,Non,Non,Non,C/D,Non,Non,Non,Non,Non,Non,Non,Non,Non,Non,Non,Non,Non,Non,Non,Non,Non,Non,Non,Non,C,Non,Non,Non,C,Non,C/D,C/D,Non,Non,C/D,Non,Non,C,C,C,C/D,C,C/D,C/D,C/D,Non,C,C,Non,Non,C/D,Non,C/D,Non,Non,C/D,Non,BL01UK01FR071,UKFR071,643,21.43333333,2021,gb
R_3KGwINhmmaTeohT,Male,University degree or equivalent,University degree or equivalent,25,75,0,NA,French;25;,English;75;,,50,50,0,NA,French,NA,10,9,0,NA,I always (or almost always) speak French to my child,English,NA,3,10,NA,NA,I always (or almost always) speak English to my child,First,NA,1,12,Always (or almost always) English,1,C,C/D,Non,C/D,C/D,C/D,Non,C/D,C/D,C/D,C/D,C/D,C,Non,C/D,C/D,C/D,C,C,C/D,C,C/D,C/D,C/D,C/D,Non,C/D,C/D,C/D,C/D,C/D,C/D,C/D,C/D,C/D,C/D,C/D,C/D,C/D,C/D,C/D,Non,C/D,C,C/D,C/D,C/D,C/D,C/D,C/D,C/D,C,C/D,C/D,C/D,C/D,C/D,C/D,C/D,C/D,Non,C,C/D,C/D,C,Non,C/D,C/D,C,C/D,C/D,C/D,C/D,C,C/D,C,C/D,C/D,C/D,C/D,C/D,Non,Non,C/D,C/D,C/D,C/D,Non,C/D,C/D,C/D,Non,Non,C/D,Non,C/D,C/D,C/D,C/D,C,C,Non,C/D,C/D,C/D,C/D,C/D,C/D,Non,Non,C/D,C/D,C/D,C/D,C/D,Non,C/D,C,C/D,C/D,C/D,C,Non,C,Non,Non,C/D,C/D,C,C/D,C,Non,Non,Non,C,Non,C/D,C/D,Non,C/D,C,Non,C,C,C,C,C,C,C/D,C/D,Non,Non,C,C,C/D,C/D,Non,C/D,C,Non,C/D,C/D,Non,Non,C,Non,C/D,Non,C,C/D,C,C/D,C,C/D,Non,C/D,Non,C/D,Non,C/D,C,C/D,Non,C/D,Non,C,C,Non,Non,C,C,C,C/D,Non,C,C,Non,Non,C/D,C/D,Non,Non,Non,Non,Non,Non,Non,Non,Non,Non,C,Non,Non,Non,C/D,Non,C,C,Non,Non,C,C/D,C/D,C,C/D,C,Non,Non,C,Non,C,Non,C/D,C/D,Non,C/D,C/D,Non,C,C/D,Non,Non,C/D,C/D,C/D,C/D,C/D,Non,C/D,C,C/D,C,Non,Non,C,C/D,C,C/D,C/D,C,C/D,Non,C,C/D,C/D,Non,Non,C,C/D,C,C/D,C/D,C,Non,C,C/D,C/D,C/D,Non,C,C/D,C/D,C,C/D,C,Non,C,Non,C/D,Non,C,C,C,C,Non,C,C/D,C/D,C/D,C,C/D,Non,C,C/D,C,C,C,Non,C,C,C/D,Non,C,C,C/D,C,C,C,Non,Non,C,C,C,C,Non,Non,C,C,C,C/D,Non,C,Non,Non,C/D,C,C,C,Non,Non,C/D,C,C/D,C/D,C/D,C/D,C/D,Non,Non,Non,C,C/D,C/D,C/D,C/D,C/D,C,C/D,C,C/D,C,C/D,C,C/D,C,Non,Non,Non,C,C/D,Non,Non,Non,C,C,C,C,C,C,C,Non,C,C,C,C,Non,Non,C,C,C,C/D,C/D,C,Non,C/D,C/D,Non,Non,C,Non,C,C,C,C,C,C,Non,C,C,C,C,C/D,Non,C,C,C,C,C,R_3KGwINhmmaTeohT,R_3KGwINhmmaTeohT,984,32.8,2021,gb
R_1d5AOsT0lgmUYnE,Female,University degree or equivalent,University degree or equivalent,40,60,0,NA,French;40;,English;60;,,90,10,0,NA,French,NA,10,9,NA,NA,I always (or almost always) speak French to my child,English,NA,6,10,NA,NA,I regularly speak both French and English to my child,Second,NA,2,9,Always (or almost always) English,5,C,C/D,C/D,C/D,C/D,C/D,C/D,C/D,C/D,C/D,C/D,C/D,C/D,C,C,C/D,C/D,C/D,C/D,C/D,C,C/D,C/D,C/D,C/D,C/D,C/D,C/D,C/D,C/D,C/D,C/D,C/D,C/D,C,C/D,C,C/D,C/D,C/D,C,C/D,C/D,C/D,C/D,C/D,C/D,C/D,C/D,C/D,C/D,C/D,C/D,C/D,C/D,C/D,C,C/D,C/D,C/D,C/D,C/D,C/D,C/D,C/D,C/D,C/D,C/D,C/D,C/D,C/D,C/D,C/D,C/D,C/D,C/D,C/D,C/D,C/D,C/D,C/D,C,C/D,C/D,C/D,C/D,C/D,C/D,C/D,C/D,C/D,C/D,C/D,C/D,C,C/D,C/D,C/D,C/D,C/D,C,C,C/D,C,C/D,C/D,C/D,C/D,C/D,C/D,C/D,C/D,C/D,C/D,C/D,C/D,C/D,C/D,C/D,C/D,C/D,C,C/D,C/D,C/D,Non,C/D,C/D,C/D,C/D,C/D,C/D,C/D,C/D,C/D,C/D,C/D,C/D,C,C/D,C/D,C,C/D,C,C/D,C,C/D,C/D,C/D,C/D,C/D,Non,C/D,C,C/D,C/D,C/D,C/D,C/D,C/D,C/D,C/D,C/D,Non,C/D,Non,C/D,C/D,C/D,C/D,C/D,C/D,C/D,C/D,C/D,C/D,C/D,C/D,C/D,C/D,C/D,C/D,C/D,Non,C,C/D,C/D,C/D,C/D,C/D,C/D,C/D,C/D,C/D,C/D,C/D,C/D,C,C/D,C/D,C,C/D,C/D,C/D,C/D,C/D,C/D,C/D,C/D,C/D,C/D,C,C,C/D,C/D,Non,C/D,C/D,C/D,C/D,C/D,C/D,C/D,C/D,C/D,C,C/D,C,C/D,C/D,C/D,C,C/D,C/D,Non,C/D,C/D,C/D,C/D,C/D,C/D,C/D,C/D,C/D,C/D,C/D,C/D,C/D,C/D,C/D,C,C/D,C,C/D,C/D,C/D,C,C/D,C/D,C/D,C/D,C,C/D,C/D,C/D,C/D,C/D,C/D,C/D,C,C/D,C/D,C/D,C,C/D,C/D,C/D,C/D,C,C/D,C,C/D,C/D,C/D,C/D,C,C/D,C,C/D,C/D,C/D,C,C/D,C/D,C/D,C/D,C/D,C/D,C/D,C/D,Non,C,C/D,C/D,C/D,C/D,C,C/D,C/D,C/D,C/D,C,C/D,C/D,C/D,C/D,C/D,C/D,C/D,C,C,C/D,C/D,C,C/D,C,C/D,C/D,C,C/D,C,C/D,C/D,C,C,C/D,C/D,C/D,C/D,C/D,C,Non,C/D,C/D,C/D,C/D,C/D,C,C/D,C,C/D,C/D,C/D,C/D,C/D,C/D,C/D,C/D,C/D,C/D,C/D,C/D,C/D,C/D,C/D,C/D,Non,Non,C/D,C/D,C/D,C/D,C/D,C/D,C/D,C/D,C/D,C,C/D,C/D,C,C,C,C/D,C/D,C/D,C/D,C/D,C,C,C/D,C/D,C/D,Non,C/D,C/D,Non,C,C/D,C,C,C,C,C,C,Non,C,C/D,C,C,C/D,C/D,C/D,C/D,C/D,C/D,C/D,C/D,R_1d5AOsT0lgmUYnE,R_1d5AOsT0lgmUYnE,921,30.7,2021,gb
R_3sytsDEhNs8rspI,Female,University degree or equivalent,University degree or equivalent,28,72,0,NA,French;28;,English;72;,,50,50,0,NA,French,NA,10,9,5,Spanish ,I always (or almost always) speak French to my child,English,NA,5,10,NA,NA,I always (or almost always) speak English to my child,Second,NA,2,5,Always (or almost always) English,NA,C/D,C/D,C/D,C/D,C/D,C/D,C,C/D,C/D,C/D,C/D,C/D,C/D,Non,C,C,C,C/D,C,C/D,Non,C/D,C,C/D,C,Non,C,C,C,C,C,C,C,C,Non,C,C,C,C,C,C,C,C,C/D,C,C/D,C,C,C,C,C,C,C,C,C,C,C,C/D,C,C,C,C,C,C/D,C,Non,C/D,C,C,C,C/D,C,C/D,C,C/D,C,C,C,C,C,C,C,C,C,C,C,C,Non,C/D,Non,C/D,C,Non,Non,Non,C,C,C,C,C,C,C,C,C,C,C,C,C/D,C,Non,C,C/D,C/D,C,C/D,C,C/D,Non,C,C/D,C/D,Non,Non,C/D,Non,Non,C,Non,C,C,C,C,Non,Non,C,Non,C,C,C,C,C,Non,C,Non,C,C,Non,C,C/D,C,C,Non,C,Non,C,C/D,Non,C,C,Non,C,C/D,C,Non,C/D,Non,C,Non,C,C/D,Non,C,Non,Non,Non,Non,C,C,C,C,C,C,C,C,Non,C,C,Non,C,C,C,C,C,Non,C,C,C,Non,C,C,Non,C,C,Non,Non,Non,Non,Non,C,Non,C,Non,Non,Non,C,Non,C,C,Non,Non,C,C,Non,C,Non,C,C,C,Non,Non,Non,Non,C,C,Non,C/D,C/D,Non,C,C/D,Non,Non,C,Non,C,C,C,C,C,C/D,C/D,C,C,C,C,C/D,C,C/D,C/D,C,C/D,C,C,C,C/D,C/D,Non,C,C,C,C,C,C,C,C,C,C,C,C,C,Non,C,C,C,C,C/D,C,Non,C/D,Non,Non,C,C,C,C,C,C,C,Non,C,C,Non,C,C,C,C,C,C,Non,Non,C,Non,C,C,C,C,C,C,C,C,C,C,C,Non,Non,C,C,C,C,C,Non,C,C,C,C,Non,C,C,C,C,C,C,C,C,Non,C,C,C,C,C,C,C,C,C,C,C,Non,C,C/D,C,C,C,C,C,C,C,Non,Non,C,C,C,Non,Non,C,C,C,C,Non,C/D,Non,Non,C,C,Non,Non,C,Non,C,Non,C,C,C,C,Non,C,C,Non,Non,C,Non,C,C,Non,C,C,C,Non,C,C,Non,Non,C/D,Non,C,C/D,Non,Non,Non,BL01UK01FR072,UKFR072,662,22.06666667,2021,gb
R_9B7MNHvGBRdmw4V,Female,University degree or equivalent,University degree or equivalent,75,25,0,NA,French;75;,English;25;,,95,5,0,NA,French,NA,10,8,4,NA,I always (or almost always) speak French to my child,French,NA,10,8,NA,NA,I regularly speak both French and English to my child,First,NA,1,27,Both French and English regularly,0,C,Non,Non,C,C,C,C,C,C/D,C/D,C/D,C,C,Non,Non,Non,C,Non,Non,C,Non,C,Non,C,C,Non,C,C,Non,Non,Non,C,C,Non,Non,C,Non,Non,Non,C,Non,Non,Non,Non,Non,Non,Non,Non,C,C/D,C,Non,C,Non,C,Non,C,C,Non,Non,Non,Non,C,Non,Non,C,C,C/D,C,Non,Non,C,Non,C,C,Non,C,C,C,Non,C,Non,C,C,C/D,C,Non,Non,C/D,C,C/D,C,Non,Non,Non,C,C,C,C,Non,Non,Non,Non,Non,Non,Non,C,C,Non,Non,C,C,C/D,Non,C/D,Non,C,Non,C,C,C,Non,Non,C,Non,C/D,C/D,C,C,C,C,Non,Non,Non,Non,Non,Non,C,Non,C,C,Non,C,C,C,C,Non,C,C/D,C,Non,Non,C,C,C,C,Non,C,Non,C,Non,C,Non,Non,C,Non,C,Non,C/D,Non,Non,C,Non,Non,Non,Non,Non,C/D,Non,Non,C,Non,Non,Non,Non,C,Non,Non,C,Non,Non,Non,C,Non,Non,Non,C,Non,Non,Non,Non,C,C,Non,Non,Non,Non,C,C,Non,Non,Non,Non,Non,C,Non,Non,C,Non,Non,C,C,Non,Non,C/D,Non,Non,Non,Non,Non,Non,Non,Non,Non,Non,C/D,Non,Non,Non,C/D,Non,C,Non,Non,C,C,C,C,C,C/D,C,Non,C,Non,C,C,C,C,C,C,Non,C,Non,Non,C,C,Non,C,C,C,C,Non,C,Non,C,Non,C,Non,Non,Non,C,Non,Non,Non,Non,Non,Non,Non,C,Non,Non,Non,C,Non,Non,C,C,C,Non,Non,C,C,C,C,C,C,C,C,C,Non,C,Non,C,Non,Non,Non,Non,C,C,Non,C,C,C,Non,Non,C,Non,Non,Non,C,Non,Non,Non,Non,C,C,Non,C,C,C/D,C,Non,C,C/D,C,C,Non,Non,Non,Non,C,C,C/D,C,C,Non,C,Non,Non,Non,Non,C,C/D,Non,C,Non,Non,Non,Non,Non,C,Non,Non,C/D,Non,Non,Non,Non,C,C,Non,C,Non,Non,Non,Non,Non,C,Non,Non,Non,C,C,Non,C,C,Non,Non,C,Non,Non,Non,C,C,C,C,Non,C,C,Non,Non,C,C/D,Non,Non,Non,Non,C,BL01UK01FR073,UKFR073,834,27.8,2021,gb
R_3rS2bEmUNpaPrDR,Female,University degree or equivalent,University degree or equivalent,50,50,0,NA,French;50;,English;50;,,50,50,0,NA,French,NA,10,6,NA,NA,I regularly speak both French and English to my child,French,NA,7,8,NA,NA,I regularly speak both French and English to my child,Third,NA,3,12,Always (or almost always) English,NA,C/D,C/D,C/D,C/D,C/D,C/D,Non,C/D,Non,C/D,C/D,Non,Non,Non,Non,Non,C/D,Non,Non,C/D,Non,C/D,Non,C/D,Non,Non,C/D,Non,C/D,Non,Non,Non,Non,C/D,Non,C/D,Non,Non,C/D,Non,Non,Non,C/D,Non,Non,C/D,Non,C/D,C/D,C/D,C/D,C/D,C/D,C/D,C/D,C/D,C/D,Non,C/D,C/D,C/D,C/D,C/D,C/D,C/D,C/D,C/D,Non,Non,Non,C/D,Non,C/D,Non,Non,C/D,Non,C/D,Non,C/D,C/D,Non,Non,Non,Non,C/D,Non,C/D,C/D,C/D,Non,Non,Non,Non,Non,C/D,C,C/D,C,C,C,Non,Non,Non,C,Non,C/D,Non,C,Non,C,Non,C/D,C/D,C/D,Non,C/D,C/D,C/D,C/D,C/D,Non,Non,C/D,Non,C/D,C,C,C,Non,C/D,Non,Non,Non,C/D,C/D,C/D,C/D,C,C/D,C,Non,C/D,Non,C/D,Non,Non,C/D,C/D,C/D,C/D,Non,Non,Non,C/D,Non,Non,C,C/D,C/D,C/D,C/D,C/D,Non,C,C/D,C/D,C/D,C/D,C/D,Non,C/D,Non,Non,Non,Non,Non,C/D,C/D,C/D,C/D,C/D,C/D,C/D,Non,Non,Non,C/D,Non,Non,Non,Non,Non,C/D,Non,Non,C/D,Non,Non,C/D,Non,Non,Non,Non,Non,Non,Non,Non,C/D,Non,Non,Non,C/D,Non,C/D,Non,C/D,Non,Non,C/D,Non,C/D,Non,C/D,C/D,Non,C/D,C/D,C/D,C,C,C,C,C,C,C/D,C,C,C,C/D,C,C/D,C,C,C/D,C/D,C/D,C/D,C/D,C/D,Non,C/D,Non,C/D,C,Non,C/D,C/D,C/D,C,C,C,C/D,C/D,C/D,C/D,C,C/D,C,C,C,C,C,C,C/D,C,C/D,C,C,C,C,C,C,C,C,C/D,C/D,C,C/D,Non,Non,Non,C/D,C/D,Non,C,C/D,C,C,C,C,C,C,C,C,C/D,C/D,C/D,C/D,C/D,C/D,C/D,C/D,C/D,C/D,C,C/D,C,C,C/D,C,C/D,C,C/D,C,C,C/D,C,C,C,C,C/D,C/D,C/D,C/D,Non,C/D,C/D,C/D,Non,C/D,Non,Non,C/D,C,C/D,C,Non,C/D,Non,C/D,C/D,C,C/D,C,C,C,C,C/D,C,C/D,C/D,C,C/D,C/D,C/D,C/D,C/D,Non,C,C,C/D,C,C,C,C,C/D,Non,Non,C/D,Non,Non,C/D,Non,Non,C,Non,C,Non,Non,C,C/D,C/D,Non,Non,C/D,Non,Non,C,C,C,C,C,C,C,C,C,C,Non,Non,Non,C/D,C,C,C/D,C/D,C/D,C,BL01UK01FR074,UKFR074,933,31.1,2021,gb
R_2PdQklTsLfQkmcN,Male,University degree or equivalent,University degree or equivalent,70,30,0,NA,French;70;,English;30;,,100,0,0,NA,French,NA,10,7,NA,NA,I always (or almost always) speak French to my child,French,NA,10,6,NA,NA,I always (or almost always) speak French to my child,Third,NA,3,6,Always (or almost always) English,3,C,C,C,C,C,C,C,C,C,C,C,C,Non,Non,Non,Non,Non,Non,Non,Non,Non,Non,Non,Non,Non,Non,Non,Non,Non,Non,Non,Non,Non,Non,Non,Non,Non,Non,Non,Non,Non,Non,Non,Non,Non,Non,Non,C,Non,Non,Non,Non,Non,Non,C,Non,C,Non,C,Non,Non,C/D,C,C,Non,Non,C,Non,Non,Non,Non,Non,Non,Non,C,Non,Non,Non,Non,Non,C,C,Non,Non,C,Non,Non,Non,Non,Non,Non,Non,Non,Non,Non,Non,Non,Non,Non,Non,Non,Non,Non,Non,Non,Non,Non,Non,Non,Non,Non,Non,C,Non,Non,Non,Non,Non,Non,C,C,Non,Non,Non,Non,Non,Non,C,Non,Non,Non,Non,Non,Non,C,Non,Non,Non,Non,Non,Non,Non,Non,Non,Non,Non,Non,Non,Non,Non,Non,Non,Non,Non,Non,Non,Non,C,Non,Non,Non,Non,Non,Non,Non,Non,C,Non,Non,Non,Non,Non,Non,Non,Non,Non,Non,Non,Non,Non,Non,Non,Non,Non,Non,Non,Non,Non,C,Non,Non,Non,C,Non,Non,Non,Non,Non,C,Non,Non,Non,C,Non,Non,Non,Non,Non,Non,Non,Non,Non,Non,Non,Non,Non,Non,Non,Non,Non,Non,Non,Non,Non,Non,Non,Non,Non,Non,C,Non,Non,Non,Non,Non,Non,Non,Non,Non,C,Non,Non,Non,Non,C,C,C,C,Non,Non,C,Non,Non,Non,Non,C,Non,C,C,Non,Non,Non,Non,Non,Non,C,C/D,C/D,Non,C,C,C/D,C/D,C/D,C,C,Non,C/D,C/D,C/D,C/D,C,C/D,C/D,C/D,C,C,Non,C,C,C/D,C/D,Non,C/D,Non,C,C,C/D,C/D,C/D,C/D,C/D,C/D,C/D,C,C/D,C/D,C,C/D,Non,Non,Non,Non,Non,Non,Non,Non,Non,Non,Non,Non,Non,Non,Non,Non,Non,Non,Non,C/D,Non,Non,C/D,Non,C/D,Non,C,C,C,C,Non,Non,Non,Non,Non,Non,Non,Non,Non,Non,Non,Non,C,Non,Non,Non,Non,Non,Non,Non,Non,Non,Non,Non,Non,Non,Non,Non,Non,Non,Non,Non,Non,Non,Non,Non,Non,Non,C,Non,Non,Non,Non,Non,Non,Non,Non,Non,Non,Non,Non,Non,C,C,C/D,C,C,C/D,C/D,Non,Non,Non,Non,Non,Non,Non,Non,Non,Non,Non,Non,Non,Non,Non,Non,Non,Non,Non,Non,BL01UK01FR075,UKFR075,464,15.46666667,2021,gb
R_0vo2qI0bSgFTH3P,Female,University degree or equivalent,Left school at 16 with GCSE or equivalent,30,70,0,NA,French;30;,English;70;,,30,70,0,NA,French,NA,10,8,NA,NA,I regularly speak both French and English to my child,English,NA,NA,10,NA,NA,I always (or almost always) speak English to my child,Other,Twins ,1,10,Always (or almost always) English,0,Non,Non,Non,C/D,Non,C/D,Non,C/D,Non,C/D,Non,Non,Non,Non,Non,Non,Non,Non,Non,C,Non,C/D,Non,C/D,Non,Non,Non,Non,Non,Non,Non,Non,Non,Non,Non,Non,Non,Non,Non,Non,Non,Non,Non,Non,Non,Non,C,Non,Non,Non,Non,Non,Non,Non,Non,Non,Non,Non,Non,Non,Non,Non,C,Non,Non,Non,C/D,Non,Non,Non,Non,Non,Non,Non,Non,Non,Non,Non,Non,Non,Non,Non,Non,Non,Non,Non,Non,Non,Non,Non,Non,Non,Non,Non,Non,C,Non,Non,Non,Non,Non,Non,Non,Non,Non,Non,Non,C,Non,Non,C,Non,C,Non,C,Non,Non,Non,Non,C,C,Non,Non,Non,Non,Non,Non,Non,Non,Non,Non,Non,Non,Non,Non,Non,Non,Non,Non,Non,Non,Non,Non,Non,Non,Non,Non,Non,Non,Non,Non,Non,Non,Non,Non,C,Non,Non,Non,Non,Non,C,Non,Non,Non,Non,Non,Non,Non,Non,Non,Non,Non,Non,Non,Non,Non,Non,Non,Non,Non,Non,Non,Non,Non,Non,Non,Non,Non,Non,Non,Non,C,Non,Non,Non,Non,Non,C,Non,Non,Non,Non,Non,Non,Non,Non,Non,Non,C,Non,Non,Non,Non,C,Non,Non,Non,Non,C,Non,C,Non,Non,C/D,Non,Non,Non,Non,Non,Non,Non,Non,Non,Non,C,Non,Non,Non,C,Non,Non,Non,Non,C,C,Non,Non,C,Non,Non,Non,Non,Non,Non,C,Non,C/D,C,Non,Non,Non,Non,Non,Non,Non,Non,C,Non,C,Non,Non,Non,Non,Non,C,Non,Non,Non,Non,Non,Non,Non,Non,Non,Non,C,Non,C,Non,Non,Non,Non,Non,Non,C,Non,Non,Non,Non,Non,Non,Non,Non,Non,Non,Non,Non,Non,Non,Non,Non,Non,Non,Non,Non,Non,Non,Non,Non,Non,Non,Non,Non,Non,Non,Non,Non,Non,C,Non,Non,Non,Non,Non,Non,Non,Non,Non,Non,Non,Non,Non,Non,Non,Non,Non,Non,Non,Non,Non,C,Non,Non,Non,Non,Non,Non,Non,Non,Non,Non,Non,Non,Non,Non,Non,Non,Non,Non,Non,Non,Non,Non,Non,Non,Non,Non,Non,Non,Non,Non,Non,Non,Non,Non,Non,Non,Non,Non,Non,Non,Non,Non,Non,Non,Non,Non,Non,Non,Non,Non,Non,Non,Non,C,Non,Non,Non,Non,Non,Non,Non,C/D,Non,Non,Non,Non,BL01UK01FR076,UKFR076,575,19.16666667,2021,gb
R_BXNpUZoAuUCnrEJ,Female,No qualifications,Left school at 18 with A-Levels or equivalent,100,0,0,NA,French;100;,English;0;,,100,0,0,NA,French,NA,9,6,NA,NA,I always (or almost always) speak French to my child,French,NA,8,6,0,NA,I always (or almost always) speak French to my child,First,NA,1,7,Always (or almost always) French,8,Non,C/D,Non,C/D,Non,Non,C/D,C/D,C/D,Non,C/D,Non,Non,C/D,C/D,Non,C/D,Non,C/D,Non,Non,C/D,Non,C/D,C/D,Non,Non,Non,Non,Non,Non,Non,C/D,Non,Non,C/D,Non,Non,C/D,Non,Non,C/D,Non,Non,Non,Non,Non,C/D,Non,Non,C/D,C/D,C/D,C/D,C/D,C/D,Non,Non,C/D,Non,C/D,Non,Non,C/D,C/D,C/D,C/D,Non,Non,C/D,Non,Non,Non,Non,C/D,Non,C/D,Non,Non,Non,Non,Non,C/D,Non,Non,C/D,C/D,Non,C/D,Non,C/D,C/D,Non,Non,Non,Non,C/D,Non,Non,C/D,Non,Non,Non,Non,C/D,Non,Non,C/D,C/D,C/D,C/D,Non,Non,Non,Non,Non,C/D,Non,C/D,Non,C/D,Non,Non,C/D,Non,C/D,C/D,C/D,Non,C/D,Non,C/D,Non,Non,Non,C/D,C/D,Non,Non,C/D,C/D,Non,Non,C/D,Non,C/D,Non,C/D,Non,Non,C/D,Non,Non,C/D,Non,C/D,C/D,Non,C/D,Non,C/D,Non,Non,Non,Non,Non,C/D,C/D,Non,Non,C/D,Non,C/D,C/D,Non,Non,C/D,Non,Non,C/D,C/D,C/D,Non,C/D,C/D,Non,Non,C/D,C/D,Non,Non,C/D,Non,Non,C/D,Non,C/D,C/D,Non,Non,Non,Non,Non,Non,Non,C/D,Non,Non,C/D,Non,C/D,Non,Non,C/D,Non,Non,C/D,C/D,Non,Non,Non,Non,Non,Non,Non,C/D,Non,Non,C/D,Non,C/D,Non,C/D,Non,Non,Non,C/D,Non,Non,C/D,C/D,Non,C/D,C/D,Non,Non,Non,C/D,Non,Non,C/D,Non,Non,C/D,C/D,Non,Non,Non,Non,Non,Non,Non,Non,Non,Non,C/D,Non,Non,Non,Non,C/D,Non,Non,Non,C/D,Non,Non,C/D,Non,Non,C/D,Non,Non,Non,Non,Non,Non,Non,Non,Non,Non,Non,Non,Non,Non,Non,Non,Non,C/D,Non,C/D,Non,Non,Non,Non,C/D,Non,Non,Non,Non,Non,Non,Non,Non,Non,Non,Non,Non,Non,Non,Non,Non,C/D,Non,Non,Non,Non,C/D,Non,C/D,C/D,Non,Non,Non,Non,Non,C/D,Non,Non,Non,C/D,Non,Non,C/D,Non,Non,C/D,C/D,Non,Non,Non,Non,Non,Non,Non,C/D,Non,Non,C/D,Non,C/D,Non,Non,C/D,Non,C/D,Non,Non,C/D,Non,C/D,Non,C/D,Non,C/D,Non,Non,Non,C/D,Non,C/D,Non,Non,Non,Non,C/D,Non,C/D,C/D,Non,Non,Non,C/D,Non,C/D,C/D,C/D,Non,Non,Non,C/D,Non,Non,Non,C/D,Non,C/D,Non,Non,Non,C/D,Non,C/D,Non,C/D,C/D,C/D,Non,BL01UK01FR077,UKFR077,391,13.03333333,2021,gb
R_1KvF1K1feNMY4Eo,Male,University degree or equivalent,University degree or equivalent,50,50,0,NA,French;50;,English;50;,,70,30,0,NA,French,NA,10,9,0,NA,I always (or almost always) speak French to my child,English,NA,7,10,NA,NA,I regularly speak both French and English to my child,First,NA,1,26,Always (or almost always) English,NA,C,C/D,C,C,C,C,C,C/D,C/D,C,C/D,C/D,C/D,Non,C/D,C/D,C,Non,Non,C/D,C,C/D,C,C/D,C/D,C,C/D,C/D,C,C/D,C/D,C,C/D,C/D,C,C/D,C,C/D,C/D,C/D,C,C,C/D,C/D,C/D,Non,C/D,C/D,C/D,C/D,C/D,C,C/D,C/D,C/D,C/D,C/D,C/D,C/D,C/D,C,Non,C/D,Non,Non,C/D,C/D,C,Non,Non,C,C/D,C/D,C,C/D,Non,C/D,C/D,C,C/D,C/D,Non,C,C,C/D,C/D,C,C/D,C/D,C/D,C/D,Non,Non,C,Non,C/D,C/D,C/D,C/D,C,Non,Non,C,C,C,C/D,C,C/D,C/D,C,C/D,C/D,C/D,C,C/D,Non,C/D,C/D,C/D,C/D,C/D,Non,Non,C/D,Non,Non,C/D,C/D,C,C,C/D,Non,C,Non,C,Non,C,C/D,Non,C,C/D,Non,C,Non,C/D,Non,Non,C,Non,C/D,Non,Non,C,Non,C/D,C/D,Non,C/D,C,C/D,C,C/D,C,Non,C,Non,C,C,C,C/D,Non,C/D,C,Non,C/D,Non,Non,C/D,Non,C/D,C,Non,C,Non,Non,C,C,C,C,C/D,C/D,C/D,C,C/D,C/D,C/D,Non,Non,C/D,Non,C,C/D,C/D,Non,Non,C,C,Non,C/D,C,C,C/D,Non,Non,C/D,Non,C,C/D,Non,Non,C,C,C,Non,C/D,C,Non,C,Non,C,Non,Non,Non,Non,Non,C/D,C,Non,Non,C/D,C/D,C/D,Non,Non,C,C,C/D,C/D,C/D,C,C/D,C,C,C,Non,C/D,C,C/D,C/D,C,C/D,Non,C,C/D,C,C,C,C/D,Non,C,C,C,C,Non,C/D,C/D,C/D,C,Non,C,C,C/D,C/D,C/D,C,C,C,Non,C/D,C,Non,C/D,C/D,C,Non,C,C/D,C,Non,C,C,Non,C,Non,C/D,C/D,C,C,C,Non,C,C,C/D,C,C,C/D,C/D,C/D,Non,Non,C/D,C,C,C,C,Non,C,C/D,Non,Non,C,C/D,C,C,C,C,C,C/D,C,Non,C,Non,C/D,C/D,C/D,C/D,C,C/D,C,Non,C/D,C/D,C/D,C,C/D,C/D,Non,C,Non,C,Non,C/D,C/D,C/D,C/D,C,Non,Non,C/D,C/D,Non,Non,Non,C,Non,Non,Non,Non,C/D,C,C,C,C/D,C,Non,C,Non,C,C,C,C,C,C/D,Non,Non,C,Non,Non,C/D,C/D,C,C/D,Non,C/D,C/D,C/D,Non,Non,C,Non,C/D,C/D,Non,C/D,C/D,C/D,C/D,C,BL01UK01FR078,UKFR078,866,28.86666667,2021,gb
R_1jVAnIVkuOjOiQg,Female,Left school at 18 with A-Levels or equivalent,Left school at 16 with GCSE or equivalent,0,100,0,NA,French;0;,English;100;,,80,20,0,NA,French,NA,10,6,NA,NA,I regularly speak both French and English to my child,English,NA,1,10,NA,NA,I always (or almost always) speak English to my child,First,NA,1,12,Always (or almost always) English,1,C,C/D,Non,C/D,Non,C/D,C/D,C,C/D,C,C,C,Non,Non,Non,Non,Non,Non,C,Non,Non,C,Non,Non,Non,Non,Non,C,C,Non,Non,C,Non,C,Non,C,Non,Non,C,Non,Non,C,Non,C,Non,Non,Non,Non,Non,C,Non,Non,Non,Non,C,Non,C,Non,C,Non,Non,Non,C,Non,C,Non,C/D,C,Non,Non,Non,C,Non,Non,C,Non,C,Non,Non,Non,C,Non,Non,Non,Non,Non,Non,Non,Non,Non,Non,Non,Non,Non,Non,C/D,Non,C/D,C/D,C,C,C/D,C,C/D,C,Non,C/D,C/D,C/D,Non,C/D,Non,C/D,C/D,C/D,Non,C/D,Non,C/D,C/D,Non,Non,Non,C,Non,Non,C,C,Non,C,Non,C,Non,C,Non,Non,Non,Non,Non,Non,Non,Non,Non,Non,Non,Non,Non,C,Non,C,Non,Non,Non,Non,C,Non,Non,Non,Non,Non,Non,C,Non,Non,C,Non,C,Non,Non,Non,Non,C,Non,Non,Non,Non,Non,Non,Non,Non,Non,Non,Non,Non,Non,Non,Non,Non,Non,Non,C,Non,C,Non,Non,Non,Non,Non,Non,Non,Non,Non,Non,Non,Non,C,Non,Non,Non,Non,Non,Non,Non,Non,C,Non,Non,Non,Non,Non,Non,C,Non,Non,C/D,Non,Non,Non,Non,Non,Non,Non,C,C,Non,C/D,Non,Non,Non,C/D,Non,Non,Non,Non,C,C,C,C,C,C/D,Non,Non,Non,Non,Non,C,Non,Non,Non,Non,Non,Non,Non,Non,Non,Non,Non,Non,Non,Non,C,Non,Non,Non,C,C/D,Non,Non,Non,Non,Non,Non,Non,Non,Non,Non,Non,Non,C,Non,Non,Non,Non,Non,Non,C,Non,Non,Non,Non,Non,C/D,C,C,C,Non,Non,Non,Non,Non,Non,Non,Non,Non,Non,Non,Non,Non,Non,Non,Non,Non,Non,Non,Non,Non,Non,Non,Non,Non,Non,Non,Non,Non,Non,Non,Non,Non,Non,Non,Non,C,Non,Non,Non,C/D,Non,Non,Non,Non,C/D,Non,C,Non,Non,Non,Non,Non,Non,Non,Non,Non,Non,Non,Non,Non,Non,Non,Non,Non,Non,Non,Non,Non,Non,Non,Non,Non,C,Non,Non,C,Non,Non,Non,Non,Non,Non,Non,Non,C,C,Non,Non,Non,C,Non,Non,C,Non,C,Non,Non,Non,Non,Non,Non,Non,Non,Non,C,C,Non,C/D,C/D,Non,Non,Non,BL01UK01FR079,UKFR079,689,22.96666667,2021,gb
R_DAx1gbx30Ghg6eB,Female,University degree or equivalent,University degree or equivalent,20,80,0,NA,French;20;,English;80;,,40,60,0,NA,English,NA,4,10,NA,NA,I always (or almost always) speak English to my child,Bilingual French and English,NA,10,10,NA,NA,I always (or almost always) speak French to my child,Second,NA,2,NA,NA,NA,C/D,C/D,Non,Non,C/D,C/D,C/D,C/D,C/D,C/D,C/D,C/D,C/D,Non,C,C/D,C,Non,Non,C,Non,C,C,C/D,C,Non,Non,C/D,C/D,C,C,C,C/D,C,Non,C,C,C,C/D,C,Non,Non,C,C,C/D,C/D,C,C,Non,C,Non,Non,C/D,C,Non,C,C,Non,C,C/D,C,C,C,C/D,C,C,C,Non,Non,C,Non,Non,C,Non,C/D,C,C,C,Non,Non,C,Non,C,C,C,C,C,Non,C/D,C,C/D,C,C,Non,Non,C/D,C/D,C/D,C/D,C/D,C/D,C,C,C,Non,C,C,C/D,C,C,C/D,C,C,C,C/D,C/D,C,C/D,C,C,C/D,Non,Non,C/D,Non,C/D,C,Non,C/D,C,C/D,C/D,C,C,C,Non,C,C,C,C,C,Non,C,Non,C,Non,Non,C,C/D,C,C/D,Non,C,C,C/D,C/D,C,C,C,C/D,Non,C/D,Non,Non,C,Non,C/D,C,C,C,Non,Non,Non,Non,Non,C,Non,C,C,C,C,Non,C,C/D,Non,C,C,Non,C,C,C,C,C,Non,C,C,C,Non,C/D,C,Non,C,C,Non,C/D,C/D,Non,Non,C,Non,C,C,Non,Non,C/D,Non,C,C,Non,Non,C,C/D,C,C,C/D,C/D,Non,C,C/D,Non,C,Non,Non,Non,Non,C/D,C/D,Non,Non,C/D,Non,Non,Non,Non,C,C,C,C,C,C,C,C,Non,C,C,C,C,C/D,C,C,C,Non,C,Non,C,C,Non,C/D,C,C,C,C,Non,C,C/D,C/D,Non,C,Non,C,Non,C,C,C,C,C,C,C,C,Non,C,C,C,C,C,C/D,C,C/D,Non,Non,C,C,C,C,C,C,C,C,C,Non,C,Non,C,C,C,Non,C,Non,Non,Non,C,C,Non,Non,C,Non,C,C,Non,C,Non,C,Non,C,C/D,C,Non,Non,Non,C,C,Non,C/D,C,Non,C,Non,C,C,Non,C,C,C,C,C,Non,C,Non,Non,C,C,C,Non,C,C,C,Non,Non,C,C,Non,Non,C,C,C,C,C,Non,C,Non,Non,C,C,C,Non,C/D,Non,Non,Non,Non,C/D,C,C,Non,C,C,Non,Non,C,Non,C,C,Non,C,C,C,Non,Non,Non,Non,C/D,C/D,C,C/D,C/D,C,C/D,C,BL01UK01FR080,UKFR080,588,19.6,2021,gb
R_1JR6SzhI8M89eXm,Male,University degree or equivalent,University degree or equivalent,80,20,0,NA,French;80;,English;20;,,100,0,0,NA,Other(s),French and Arabic,10,7,7,Arabic,I always (or almost always) speak French to my child,Other(s),Wolof,10,7,10,Wolof,I always (or almost always) speak French to my child,Third,NA,3,NA,NA,NA,C/D,C/D,C,C,C/D,C,C/D,C,C/D,C,C,C/D,C,Non,Non,C/D,Non,C,C,C,Non,C,C,C,C,Non,C,Non,Non,C,Non,C,C,C,Non,C,Non,C,Non,C,Non,C,C,Non,C,C,C,Non,C,C,C,C,C,C,C,C,C,C,C,C,C,C,C,C,Non,C,C,C,Non,Non,Non,Non,Non,C,C,Non,Non,C,Non,Non,C,Non,Non,C,C,Non,Non,Non,C,Non,C/D,Non,C,Non,Non,C,C,C,C,C,C,Non,Non,C,C,C,C,C,C,Non,C,C,C,C,C,C,C,Non,Non,C,C,Non,Non,C,Non,Non,Non,C,C,C,C,Non,Non,C,C,Non,C,C,Non,C,C,Non,C,C,C,C,Non,C,C,C,Non,Non,C,C,C,C,Non,C,C,C,C,C,Non,Non,Non,Non,C,C,Non,C/D,Non,C,Non,Non,Non,C,Non,C,Non,C,C,Non,Non,Non,Non,Non,C,C,C,C,C,Non,C,Non,C,C,C,Non,C,C,Non,Non,C,Non,Non,Non,C,Non,Non,Non,C,C,Non,Non,C,Non,C,C/D,Non,Non,Non,C,C,C,C,C,Non,Non,Non,Non,Non,Non,Non,Non,Non,C/D,C,Non,Non,C/D,Non,Non,Non,Non,C,C,C,Non,Non,C,C,Non,Non,Non,Non,C/D,C,C,C,Non,Non,Non,C,C,C,C,Non,C,C,C,C,C,Non,C,C,C,C,C,Non,C,Non,C,C,C,C,C,C,Non,C,Non,C,Non,Non,C,C,C,C,C,Non,C,C,C,C,C,C,C,Non,C,C,C,C,Non,C,Non,C,Non,C,C,Non,Non,C,C,C,Non,C,C,C,C,Non,C,Non,C,Non,C,C,Non,C,C,Non,Non,Non,Non,Non,C,C,C,Non,Non,Non,Non,Non,C,C,Non,Non,Non,Non,Non,Non,Non,Non,Non,Non,Non,C,Non,Non,Non,Non,Non,Non,Non,Non,C,Non,Non,Non,C,C,Non,Non,C,Non,Non,Non,Non,Non,Non,Non,Non,C,C,C,Non,Non,Non,Non,Non,C,C,C,C,C,C,C/D,Non,C,C,C,Non,C,C,Non,C,Non,Non,Non,Non,BL01UK01FR081,UKFR081,702,23.4,2021,gb
R_1Fqx0tpHIo8vOHG,Male,University degree or equivalent,University degree or equivalent,25,75,0,NA,French;25;,English;75;,,60,40,0,NA,French,NA,10,8,NA,NA,I always (or almost always) speak French to my child,English,NA,8,10,9,German,I always (or almost always) speak English to my child,First,NA,1,9,Always (or almost always) English,1,Non,Non,Non,Non,C,Non,Non,Non,Non,C,C,Non,Non,Non,Non,Non,Non,Non,Non,Non,Non,Non,Non,Non,Non,Non,Non,Non,Non,Non,Non,Non,Non,Non,Non,Non,Non,Non,Non,Non,Non,Non,Non,Non,Non,Non,Non,Non,Non,Non,Non,Non,Non,Non,Non,Non,Non,C,C,Non,Non,Non,C,Non,Non,Non,C,Non,Non,Non,Non,Non,Non,Non,C,Non,Non,Non,Non,Non,Non,Non,Non,Non,Non,Non,Non,Non,Non,Non,C,Non,Non,Non,Non,Non,Non,C,Non,Non,Non,Non,Non,Non,Non,Non,Non,Non,Non,Non,Non,Non,C,Non,Non,Non,Non,Non,Non,Non,Non,Non,Non,Non,Non,Non,Non,Non,Non,Non,Non,Non,Non,Non,Non,Non,Non,Non,Non,Non,C,Non,Non,Non,Non,Non,Non,Non,Non,Non,Non,Non,Non,Non,C,Non,Non,Non,Non,Non,Non,Non,Non,Non,Non,Non,Non,Non,Non,Non,Non,Non,Non,Non,Non,Non,Non,Non,Non,Non,Non,Non,Non,Non,Non,Non,Non,Non,Non,Non,Non,Non,Non,Non,C/D,Non,Non,Non,Non,Non,Non,Non,Non,Non,Non,Non,Non,Non,Non,Non,Non,Non,Non,Non,Non,Non,Non,Non,Non,Non,Non,Non,Non,Non,Non,Non,Non,Non,Non,Non,Non,Non,Non,Non,Non,C/D,Non,Non,Non,Non,Non,Non,Non,Non,Non,C/D,Non,C,C,Non,C,Non,Non,Non,C,C,C,Non,Non,Non,C,Non,Non,Non,Non,Non,Non,Non,Non,Non,Non,Non,Non,Non,Non,Non,Non,Non,Non,Non,Non,Non,Non,Non,Non,Non,Non,Non,C,Non,Non,Non,Non,Non,Non,Non,Non,Non,Non,Non,Non,Non,C,Non,Non,Non,Non,Non,Non,Non,Non,Non,C,Non,Non,Non,Non,Non,Non,Non,Non,Non,Non,Non,Non,Non,Non,Non,Non,Non,Non,Non,Non,Non,Non,Non,Non,Non,Non,Non,Non,Non,Non,Non,Non,C/D,Non,Non,Non,Non,Non,C,Non,Non,Non,Non,Non,Non,Non,Non,Non,Non,Non,Non,Non,Non,Non,Non,Non,Non,Non,Non,Non,Non,Non,Non,Non,Non,C/D,Non,Non,Non,Non,Non,Non,Non,Non,Non,Non,Non,Non,C,Non,Non,Non,C,Non,Non,Non,Non,Non,Non,Non,Non,Non,Non,Non,Non,Non,Non,Non,Non,Non,Non,Non,Non,Non,Non,BL01UK01FR082,UKFR082,585,19.5,2021,gb
R_2alWxJz6gjXlACW,Female,University degree or equivalent,University degree or equivalent,40,60,0,NA,French;40;,English;60;,,90,10,0,NA,French,NA,10,8,NA,NA,I always (or almost always) speak French to my child,English,NA,8,10,NA,NA,I always (or almost always) speak French to my child,First,NA,1,5,Always (or almost always) English,2,C/D,C/D,C,C/D,C/D,C/D,C/D,C/D,C,C/D,C/D,C/D,C/D,C,C,C/D,C/D,C,C,C/D,C,C/D,C/D,C/D,C/D,C,C,C/D,C/D,C/D,C/D,C/D,C/D,C/D,C,C/D,C/D,C/D,C/D,C/D,C,C/D,C/D,C/D,C/D,C/D,C/D,C/D,C/D,C/D,C/D,C,C/D,C/D,C/D,C/D,C/D,C/D,C/D,C/D,C,C/D,C/D,C/D,C/D,C/D,C/D,C/D,C,C/D,C/D,C/D,C/D,C/D,C/D,C/D,C/D,C/D,C/D,C,C/D,C,C/D,C/D,C/D,C/D,C/D,C,C/D,C/D,C/D,C/D,C,C,C,C/D,C/D,C/D,C/D,C/D,C,C/D,C/D,C/D,C/D,C/D,C/D,C/D,C,C,C/D,C/D,C/D,C/D,C/D,C/D,C/D,C/D,C/D,C/D,C/D,C/D,C/D,C/D,C,C,C/D,C/D,C/D,C,C/D,C/D,C/D,C,C/D,C,C/D,C/D,C,C/D,C/D,Non,C/D,Non,C/D,C,C,C/D,C/D,C/D,C/D,Non,C,C/D,C/D,C,C,C/D,C/D,C/D,C/D,C/D,C/D,C,C/D,C,C/D,C/D,C/D,C/D,C/D,C/D,C/D,C/D,C,C/D,C,C/D,C/D,C/D,C/D,C/D,C/D,C,C,C/D,C/D,C/D,C/D,C/D,C/D,C/D,C,C/D,C/D,C/D,C/D,C,C/D,C/D,C/D,C/D,C/D,C,C/D,C/D,C/D,C/D,C/D,C/D,C/D,C/D,C/D,C,C/D,C,C/D,C/D,C,C,C/D,C/D,C/D,C,C/D,C,C/D,C/D,C/D,C,C/D,C/D,C,C,C,C/D,C/D,Non,C,C/D,C/D,C,C/D,C,C,C/D,C/D,C/D,C/D,C,C,C/D,C/D,C,C,C/D,C/D,C/D,C/D,C/D,C/D,C/D,C/D,C/D,C/D,C/D,C,C/D,C/D,C/D,C/D,C,C/D,C,C/D,C/D,C/D,C/D,C,C/D,C/D,C/D,C/D,C/D,C/D,C/D,C/D,C,C/D,C,C/D,C/D,C/D,C/D,C,C,C/D,C/D,C/D,C/D,C/D,C,C/D,C/D,C/D,C/D,C/D,C/D,C,C/D,C/D,C,C/D,C/D,C/D,C/D,C/D,C/D,C,C,C/D,C/D,C/D,C,C,C,C/D,C/D,C/D,C/D,C/D,C/D,C/D,C/D,C,C,C,C,C,C/D,C/D,C/D,C/D,C/D,C/D,C/D,C/D,C/D,C/D,C/D,C/D,C,C/D,C/D,C/D,C/D,C/D,C/D,C,C/D,C,C/D,C/D,C/D,C/D,C,C,C,C/D,C/D,C/D,C,C,C/D,C,C,C,C,C,C,C/D,C,C/D,C,C,C,C,C,C/D,C/D,C,C/D,C/D,C,C,C/D,C,C,C/D,C,C,C/D,C/D,C,C,C/D,C,C,C,C,C,C/D,C/D,C/D,C/D,C,C,C,BL01UK01FR083,UKFR083,830,27.66666667,2021,gb
R_2yqJxgG6SDFlvUn,Female,Left school at 16 with GCSE or equivalent,Left school at 16 with GCSE or equivalent,30,70,0,NA,French;30;,English;70;,,60,40,0,NA,French,NA,10,7,NA,NA,I always (or almost always) speak French to my child,Bilingual French and English,NA,8,10,NA,NA,I regularly speak both French and English to my child,Fourth,NA,4,12,Always (or almost always) English,3,C,C,C,Non,Non,Non,C,C,C/D,Non,C/D,C/D,Non,Non,Non,Non,Non,Non,Non,Non,Non,Non,Non,Non,Non,Non,Non,Non,Non,Non,Non,Non,Non,Non,Non,Non,Non,Non,Non,Non,Non,Non,Non,Non,Non,Non,Non,C,Non,C,Non,Non,C,Non,C,Non,Non,Non,Non,Non,Non,Non,Non,Non,Non,Non,C/D,Non,C,Non,Non,Non,Non,Non,C/D,Non,C,Non,Non,C/D,C/D,Non,C,C,C,C,Non,Non,C,Non,Non,Non,Non,Non,Non,Non,Non,Non,Non,Non,Non,Non,Non,Non,Non,Non,Non,Non,Non,Non,Non,Non,Non,Non,Non,Non,Non,Non,Non,Non,Non,Non,Non,Non,Non,Non,Non,Non,Non,Non,Non,Non,Non,Non,Non,Non,Non,Non,Non,Non,Non,Non,Non,Non,Non,Non,Non,Non,Non,Non,Non,Non,Non,Non,Non,Non,Non,C,Non,Non,Non,C/D,Non,Non,C,Non,C,C,C/D,C/D,C/D,C/D,Non,Non,Non,Non,Non,Non,Non,Non,Non,C,Non,C,Non,Non,Non,Non,Non,Non,Non,Non,Non,Non,Non,Non,Non,Non,Non,Non,Non,Non,Non,Non,Non,Non,Non,Non,Non,Non,Non,Non,Non,Non,Non,Non,Non,Non,Non,Non,Non,C,Non,C,C/D,Non,C,C,C,C,Non,Non,C/D,C/D,C/D,C/D,C/D,C/D,C,C/D,C,C,C,C,Non,C,Non,C,C,Non,Non,Non,Non,Non,Non,C/D,Non,Non,Non,Non,C,C/D,Non,Non,Non,Non,Non,Non,Non,Non,Non,Non,Non,Non,Non,Non,Non,Non,Non,Non,Non,Non,Non,Non,Non,Non,Non,Non,Non,Non,Non,Non,Non,Non,Non,Non,Non,Non,Non,Non,Non,Non,Non,Non,Non,Non,Non,Non,Non,Non,Non,Non,Non,Non,Non,Non,Non,Non,Non,Non,Non,Non,Non,Non,Non,Non,Non,Non,Non,Non,Non,Non,Non,Non,Non,Non,Non,Non,Non,Non,Non,Non,Non,Non,Non,Non,Non,Non,Non,Non,Non,Non,Non,Non,Non,Non,Non,Non,Non,Non,Non,Non,Non,Non,Non,Non,Non,Non,Non,Non,Non,Non,Non,Non,Non,Non,Non,Non,C/D,C,Non,C/D,Non,Non,Non,Non,C,Non,Non,C,Non,C,C,Non,Non,C,Non,Non,C,C,Non,Non,Non,Non,Non,C,Non,C,C,Non,Non,Non,Non,Non,Non,Non,Non,Non,BL01UK01FR084,UKFR084,478,15.93333333,2021,gb
R_2AN1Rm61Job3o1V,Male,University degree or equivalent,Left school at 16 with GCSE or equivalent,15,85,0,NA,French;15;,English;85;,,20,80,0,NA,French,NA,10,8,NA,NA,I always (or almost always) speak French to my child,English,NA,1,10,NA,NA,I always (or almost always) speak English to my child,First,NA,1,NA,NA,NA,C,Non,Non,Non,C,Non,Non,C/D,Non,C,C,Non,Non,Non,Non,C,C,C,Non,C,Non,C,Non,C,Non,Non,C,C,C,Non,Non,Non,C,Non,Non,C,Non,Non,Non,Non,Non,Non,Non,Non,Non,Non,Non,Non,Non,C,Non,Non,Non,Non,C,Non,C,C,Non,C,Non,Non,C,Non,Non,Non,C,Non,Non,Non,C,C,Non,Non,C,Non,Non,Non,Non,Non,Non,Non,Non,Non,Non,Non,Non,Non,Non,Non,Non,Non,Non,Non,Non,Non,Non,C,Non,Non,Non,Non,Non,Non,Non,Non,Non,Non,Non,Non,Non,C,Non,Non,Non,Non,Non,Non,Non,Non,C,Non,Non,C,Non,Non,Non,Non,C,C,Non,Non,Non,Non,Non,Non,Non,Non,Non,Non,C,Non,Non,Non,Non,Non,Non,Non,C,Non,Non,Non,Non,Non,Non,C,Non,C,Non,Non,Non,Non,Non,Non,Non,Non,C,Non,Non,Non,Non,Non,Non,Non,Non,Non,Non,Non,Non,Non,Non,Non,Non,Non,Non,Non,Non,Non,Non,Non,C,Non,Non,Non,Non,Non,Non,Non,Non,Non,Non,Non,Non,Non,Non,Non,Non,Non,Non,Non,Non,C,Non,Non,Non,Non,Non,Non,Non,Non,Non,C,Non,Non,C,Non,Non,Non,Non,Non,Non,Non,Non,Non,Non,C,Non,Non,Non,C,Non,Non,Non,Non,C,C,C,C,Non,Non,C,Non,Non,Non,Non,C,C,C,Non,Non,Non,Non,C,Non,Non,Non,Non,Non,Non,Non,Non,Non,Non,Non,Non,Non,Non,Non,Non,Non,Non,Non,Non,Non,Non,Non,C,Non,C,Non,Non,Non,Non,Non,Non,C,Non,C,Non,Non,Non,Non,Non,Non,C,Non,Non,Non,Non,Non,Non,Non,Non,Non,Non,Non,Non,Non,Non,Non,Non,Non,Non,Non,Non,Non,Non,Non,Non,Non,Non,Non,Non,Non,C,C,Non,C,C,Non,Non,Non,Non,C,Non,Non,Non,Non,Non,Non,Non,C,Non,Non,Non,Non,Non,Non,Non,Non,Non,Non,Non,Non,Non,Non,Non,Non,Non,Non,Non,Non,Non,Non,Non,Non,Non,Non,Non,Non,Non,Non,Non,Non,Non,Non,Non,Non,Non,Non,Non,Non,Non,Non,Non,Non,Non,Non,Non,Non,Non,Non,Non,Non,Non,Non,Non,Non,Non,Non,Non,C,Non,Non,Non,Non,Non,Non,BL01UK01FR085,UKFR085,375,12.5,2021,gb
R_DwrG2kTsZvIAfOp,Male,University degree or equivalent,University degree or equivalent,30,70,0,NA,French;30;,English;70;,,50,50,0,NA,French,NA,10,9,NA,NA,I always (or almost always) speak French to my child,English,NA,5,10,NA,NA,I always (or almost always) speak English to my child,Second,NA,2,10,Always (or almost always) English,0,Non,C,Non,C,C/D,C,C,C/D,C/D,C,C/D,Non,C,Non,Non,C,C,C,C,C,Non,C,C,C,C,Non,C,C,C,C,C,C,C,C,Non,C,C,C,C,C,Non,C,C,C,C,C,C,C,Non,Non,C,Non,Non,C,C,C,C,C,C,C,C,C,C,C,C,Non,C/D,C,Non,Non,C,C,C,C,C,Non,C,C,C,Non,C,Non,C,Non,C,C,C,Non,Non,C,C,Non,C,Non,Non,C,Non,C,Non,C,C,Non,Non,C,C,C,C,C,Non,Non,C,C,C,C,C,C,C,Non,C,C,C,Non,Non,C,Non,Non,C,C,C,Non,C,Non,Non,Non,C,Non,C,C,Non,C,C,Non,C,Non,C,C,Non,C,C,C,Non,Non,C,Non,C,C,C,C/D,Non,C,C,C,Non,Non,C,Non,C,C,C,C,Non,C,Non,Non,Non,Non,Non,C,Non,C,C,Non,Non,Non,Non,C,C,C,C,C,C,C,C,Non,C,Non,C,Non,C,C,Non,C,C,Non,Non,Non,C,C,C,Non,C,C,C,Non,C,Non,C,C,Non,Non,C,C,C,Non,C,C,Non,C,Non,Non,Non,C,C,C,Non,C,Non,Non,Non,Non,Non,Non,C,Non,C,C,C,C,C,C,C,C,C,C,C,C,C,C/D,C/D,C,C,Non,C,C,C,Non,Non,C,C,C,C,C,C,Non,C,C,C,C,Non,C,C,Non,C,C,C,C,C,C,C/D,Non,Non,C,C,C,Non,C,C,C,Non,C,C,C,C,C,C,C,C,C,C,Non,C,C,C,Non,Non,C,C,C,C,Non,C,C,C,Non,Non,Non,C,C,C,C,C,C,C,C,C,C,Non,C,C,C,C,Non,Non,C,C,C/D,C,C,C,C/D,C,C,C/D,C,C,Non,C,Non,C,C,C,C,Non,Non,C,C,Non,Non,C,Non,C,Non,Non,C,C,C,C,Non,C,Non,Non,C,C,Non,Non,Non,C,C,Non,C,Non,C,Non,Non,C,C,Non,C,C,Non,C,C,C,C,C,C,Non,C,C,Non,C,C,Non,C,C,C,C,C,BL01UK01FR086,UKFR086,643,21.43333333,2021,gb
R_12D8WIAVvRzrOJh,Male,Left school at 18 with A-Levels or equivalent,No qualifications,100,0,0,NA,French;100;,English;0;,,95,5,0,NA,French,NA,10,6,2,arabic,I always (or almost always) speak French to my child,Other(s),arabic,9,7,10,arabic,I always (or almost always) speak French to my child,Second,NA,2,NA,NA,1,C/D,C/D,C/D,C/D,C/D,C/D,C/D,C/D,C/D,C/D,C/D,C/D,C/D,Non,C/D,C/D,C/D,C/D,C/D,C/D,Non,C/D,C/D,C/D,C/D,Non,C/D,C/D,C/D,C/D,C/D,C/D,C/D,C/D,C/D,C/D,C/D,C/D,C/D,C/D,C,C/D,C/D,C/D,C/D,C/D,C/D,C/D,C/D,C/D,C/D,C/D,C/D,C/D,C/D,C/D,C/D,C/D,Non,C/D,C/D,C/D,C/D,C/D,Non,C/D,C/D,C/D,C/D,C/D,C/D,C/D,C/D,C/D,C/D,C/D,C/D,C/D,C/D,C/D,C/D,C/D,C/D,C/D,C/D,C/D,C/D,C/D,C/D,C/D,C/D,C/D,C/D,C/D,C/D,C/D,C/D,C/D,C/D,C/D,C/D,C/D,C/D,C/D,C/D,C/D,C/D,C/D,C/D,C/D,C/D,C/D,C/D,C/D,C/D,C/D,C/D,C/D,C/D,C/D,C/D,C/D,C/D,C/D,C/D,C,C/D,C/D,C/D,C/D,C/D,Non,C/D,C/D,C/D,Non,C/D,C/D,C/D,C/D,C/D,C/D,C/D,C/D,C/D,C/D,C/D,C/D,C/D,C/D,C/D,Non,C/D,C/D,C/D,C/D,C/D,C/D,C/D,C/D,C/D,C/D,C/D,Non,C/D,C/D,C/D,C/D,C/D,C/D,C/D,C/D,C/D,C/D,C/D,C/D,C/D,C/D,C/D,C/D,C/D,C/D,C/D,C/D,C/D,C/D,C/D,C/D,C/D,C/D,C/D,C/D,C/D,C/D,C/D,C/D,C/D,Non,C/D,C/D,C/D,C/D,C/D,C/D,C/D,C/D,C/D,C/D,C/D,C/D,C/D,C/D,C/D,Non,C/D,Non,C/D,C/D,Non,C/D,C/D,C/D,C/D,C/D,C/D,C/D,C/D,C/D,C/D,C/D,C/D,C/D,C/D,C/D,C/D,C/D,C/D,C/D,C/D,C/D,C/D,C/D,C/D,C/D,C/D,C/D,C/D,C/D,C/D,C/D,C/D,C/D,C/D,C/D,C/D,C/D,C/D,C/D,C/D,C/D,C/D,C/D,C/D,C/D,C/D,C/D,C/D,C/D,C/D,C/D,C/D,C/D,C/D,C/D,C/D,C/D,C/D,C/D,Non,C/D,C/D,C/D,C/D,C/D,C/D,C/D,C/D,C/D,C/D,C/D,C/D,C/D,C/D,C/D,C/D,C/D,C/D,C/D,C/D,C/D,C/D,C/D,C/D,C/D,C/D,C/D,C/D,C/D,C/D,C/D,C/D,C,C/D,C/D,C/D,C/D,C/D,C/D,C/D,C/D,C/D,C/D,C/D,C/D,C/D,C/D,C/D,C/D,C/D,C/D,C/D,C/D,C/D,C/D,C/D,C/D,C/D,C/D,C/D,C/D,C/D,C/D,C/D,C/D,C/D,C/D,C/D,C/D,C/D,C/D,C/D,C/D,C/D,C/D,C/D,C/D,C/D,C/D,C/D,C/D,C/D,C/D,C/D,C/D,C/D,C/D,C,C/D,C/D,C/D,C/D,C/D,C/D,C/D,C/D,C/D,C/D,C/D,C/D,C/D,C/D,C/D,C/D,C/D,C/D,C/D,C/D,C/D,C/D,C/D,C/D,C/D,C/D,C,C/D,C/D,C,C/D,C/D,C/D,C/D,C/D,C/D,C/D,C/D,C/D,C/D,C/D,C/D,C,C/D,C/D,C/D,C/D,C/D,C/D,C/D,C/D,BL01UK01FR087,UKFR087,1054,35.13333333,2021,gb
R_2VEm4l4B1DflrsF,Female,University degree or equivalent,University degree or equivalent,20,80,0,NA,French;20;,English;80;,,40,60,0,NA,French,NA,10,10,NA,NA,I always (or almost always) speak French to my child,English,NA,2,10,NA,NA,I always (or almost always) speak English to my child,First,NA,1,26,Always (or almost always) English,10,C/D,C,C/D,C,C,C,C,C/D,C/D,C/D,C/D,C/D,C,C,C/D,C/D,C,C/D,C/D,C/D,Non,C/D,C/D,C/D,C/D,C,C/D,C/D,C/D,C,C,C/D,C/D,C/D,C,C/D,C,C/D,C,C/D,C/D,C/D,C/D,C/D,C/D,C/D,C/D,C,C/D,C/D,C/D,C/D,C/D,C,C/D,C/D,C/D,C/D,C/D,C,C/D,C/D,C/D,C/D,C/D,C,C/D,C/D,C,Non,C/D,C/D,C/D,C/D,C/D,C/D,C/D,C/D,C/D,C/D,C/D,C,C/D,C/D,C/D,C/D,C,C,C/D,C/D,C/D,C/D,C/D,C/D,C,C/D,C/D,C/D,C/D,C/D,C,Non,C/D,C/D,C/D,C,C/D,C/D,C,C,C,C/D,C/D,C/D,C,Non,C/D,C,C/D,C,C/D,Non,C/D,C/D,C,Non,C,C/D,C/D,C/D,C/D,C/D,C,C,C,Non,C/D,C/D,C,C/D,C/D,C,C/D,C,C/D,C,C/D,C/D,C/D,C/D,C,C,C,C/D,C/D,C/D,C,C,C,C,C,C/D,C/D,Non,C/D,C/D,C/D,C,C/D,C/D,C/D,C/D,C,C/D,C/D,C/D,C,C/D,C/D,C/D,C/D,C/D,C/D,Non,C,C,C,C,C/D,C/D,C/D,C/D,C,C,C,C/D,C/D,C,C/D,C/D,Non,C,C/D,C,C,Non,C,C/D,C/D,Non,C/D,C,C,C,C/D,Non,C/D,C/D,C/D,Non,C/D,C/D,C/D,C/D,C/D,C/D,C/D,C/D,C/D,C,C/D,C/D,C,C,C/D,C/D,C/D,C,C,C/D,C,C/D,C/D,C,C/D,C/D,C/D,C/D,C/D,C,C/D,C,C,C/D,C/D,C/D,C/D,C/D,C/D,C,C/D,C,C/D,C/D,C/D,C/D,C/D,C/D,C/D,C,C/D,C/D,C/D,C,C/D,C/D,C/D,C/D,Non,C/D,C/D,C/D,C/D,C/D,C/D,C,C/D,C,C/D,C,C/D,C/D,C,C/D,C/D,C/D,C/D,C/D,C/D,C/D,C/D,C,C/D,C/D,C/D,C/D,C,C,C,C,C/D,Non,C,C/D,C/D,C/D,C/D,C/D,C/D,C,C,C/D,C/D,C,C,C,C,C,C,C/D,C,C/D,C/D,C,C/D,C/D,C/D,C,C/D,C/D,C/D,C,C/D,C/D,C/D,C/D,C/D,C/D,C/D,C,C/D,C/D,C/D,C/D,C/D,C/D,C/D,C/D,C,C,C/D,C/D,C/D,C/D,C/D,C/D,Non,Non,C/D,C/D,C/D,C,Non,C/D,C/D,C/D,C/D,C,C,C,C,C,C,C/D,C/D,C/D,C,C/D,C/D,C/D,C/D,C/D,C/D,C,C/D,C/D,C,C/D,C/D,C,C/D,C/D,C,C/D,C/D,C/D,C,C,C/D,C,C/D,C/D,C/D,C/D,C/D,C/D,C/D,C/D,BL01UK01FR088,UKFR088,849,28.3,2021,gb
R_sbQe2YMRLdzJF5L,Female,University degree or equivalent,University degree or equivalent,15,85,0,NA,French;15;,English;85;,,40,60,0,NA,French,NA,10,8,NA,NA,I always (or almost always) speak French to my child,English,NA,2,10,NA,NA,I always (or almost always) speak English to my child,Third,NA,3,6,Always (or almost always) English,1,Non,C,C,C/D,C/D,C/D,C/D,C/D,C/D,C/D,Non,C/D,C,C,C,Non,C,C,C,C,C,C,C,C,C,C,Non,C,Non,C,C,C,C,C,Non,Non,Non,Non,Non,C,Non,C,Non,Non,Non,C,C,Non,Non,Non,Non,Non,Non,C,Non,Non,C,Non,Non,Non,Non,Non,C,Non,C,Non,C,Non,Non,Non,Non,C,Non,Non,Non,Non,C,Non,Non,Non,C,Non,Non,Non,Non,Non,Non,Non,Non,Non,Non,Non,Non,Non,Non,Non,Non,Non,C,Non,Non,Non,Non,Non,Non,Non,Non,C,Non,Non,Non,C,C,Non,Non,Non,Non,Non,Non,C,C,Non,Non,C,Non,Non,Non,Non,Non,Non,C,Non,Non,Non,C,Non,Non,Non,Non,Non,Non,Non,Non,Non,Non,Non,Non,Non,Non,Non,Non,Non,Non,Non,Non,C,Non,Non,Non,Non,Non,Non,Non,Non,Non,Non,Non,Non,Non,Non,Non,Non,Non,Non,Non,Non,Non,Non,Non,Non,Non,Non,Non,Non,Non,Non,C,Non,Non,Non,Non,C,C,Non,Non,Non,Non,Non,Non,Non,Non,Non,Non,Non,Non,Non,Non,Non,Non,Non,Non,Non,Non,Non,Non,Non,Non,Non,Non,Non,Non,C,Non,Non,C,Non,Non,C,Non,Non,Non,Non,Non,Non,Non,C/D,Non,Non,Non,C/D,Non,Non,C/D,Non,C,C/D,C,C,C,Non,C,Non,Non,Non,C,C/D,C,C,C,Non,C,Non,C,C,Non,Non,Non,Non,C,Non,Non,Non,Non,Non,C,C,Non,C,Non,Non,Non,Non,Non,C,Non,Non,C,Non,Non,Non,Non,Non,Non,Non,Non,C,C,Non,Non,Non,Non,Non,Non,C,Non,Non,Non,C,Non,Non,Non,Non,Non,Non,Non,Non,Non,Non,Non,Non,Non,Non,Non,Non,Non,Non,Non,C,Non,Non,Non,Non,Non,Non,C,Non,Non,C,Non,Non,C,Non,Non,Non,Non,Non,Non,Non,Non,Non,C,C,Non,C,Non,Non,Non,Non,Non,Non,C,Non,Non,Non,Non,Non,Non,Non,Non,Non,Non,Non,Non,Non,Non,Non,Non,Non,C,Non,Non,Non,Non,Non,Non,Non,Non,Non,Non,Non,Non,C,Non,Non,Non,Non,Non,Non,C,Non,C,Non,C,Non,Non,C,Non,Non,Non,C,Non,Non,Non,C,Non,Non,C,Non,BL01UK01FR089,UKFR089,504,16.8,2021,gb
R_3LimxiPV2oIHn2R,Female,University degree or equivalent,University degree or equivalent,10,90,0,NA,French;10;,English;90;,,30,70,0,NA,French,NA,10,9,NA,NA,I regularly speak both French and English to my child,English,NA,3,10,NA,NA,I always (or almost always) speak English to my child,Second,NA,2,7,Always (or almost always) English,1,C,Non,Non,Non,Non,Non,Non,Non,Non,Non,Non,Non,Non,Non,Non,Non,Non,Non,Non,Non,Non,C,Non,C,Non,Non,Non,Non,Non,Non,Non,Non,Non,Non,Non,Non,Non,Non,Non,Non,Non,Non,Non,Non,Non,Non,Non,Non,Non,Non,Non,Non,Non,Non,Non,Non,Non,Non,Non,Non,Non,Non,Non,Non,Non,Non,Non,Non,Non,Non,Non,Non,Non,Non,Non,Non,Non,Non,Non,Non,Non,Non,Non,Non,Non,Non,Non,Non,Non,Non,Non,Non,Non,Non,Non,Non,Non,Non,Non,Non,Non,Non,Non,Non,Non,Non,Non,Non,Non,Non,Non,Non,Non,Non,Non,Non,Non,Non,Non,Non,Non,Non,Non,Non,Non,Non,Non,Non,Non,Non,Non,Non,Non,Non,Non,Non,Non,Non,Non,Non,Non,Non,Non,Non,Non,Non,Non,Non,Non,Non,Non,Non,Non,Non,Non,Non,Non,Non,Non,Non,Non,Non,Non,Non,Non,Non,Non,Non,Non,Non,Non,Non,Non,Non,Non,Non,Non,Non,Non,Non,Non,Non,Non,Non,Non,Non,Non,Non,Non,Non,Non,Non,Non,Non,Non,Non,Non,Non,Non,Non,Non,Non,Non,Non,Non,Non,Non,Non,Non,Non,Non,Non,Non,Non,Non,Non,Non,Non,Non,Non,Non,Non,Non,Non,Non,Non,Non,Non,Non,Non,Non,Non,Non,Non,Non,C/D,Non,Non,Non,C,Non,Non,Non,Non,Non,Non,Non,C,C,C,C,Non,Non,Non,Non,Non,Non,C,C,Non,Non,Non,Non,Non,Non,Non,Non,Non,Non,Non,Non,Non,Non,Non,Non,Non,Non,Non,Non,Non,Non,Non,Non,Non,Non,Non,Non,Non,Non,Non,Non,Non,Non,Non,Non,Non,Non,Non,Non,Non,Non,Non,Non,Non,Non,Non,Non,Non,Non,Non,Non,Non,Non,Non,Non,Non,Non,Non,Non,Non,Non,Non,Non,Non,Non,Non,Non,Non,Non,Non,Non,Non,Non,Non,C,Non,Non,Non,Non,Non,Non,Non,Non,Non,Non,Non,Non,Non,Non,Non,Non,C,Non,Non,Non,Non,Non,Non,Non,Non,Non,Non,Non,Non,Non,Non,Non,Non,Non,Non,Non,Non,Non,Non,Non,Non,Non,Non,Non,Non,Non,Non,Non,Non,Non,Non,Non,Non,Non,C,Non,Non,Non,Non,Non,Non,Non,Non,Non,Non,Non,Non,Non,Non,Non,Non,Non,Non,Non,Non,Non,C,Non,Non,Non,Non,Non,Non,BL01UK01FR090,UKFR090,364,12.13333333,2021,gb
R_1gj6VU8F90Q38eh,Male,University degree or equivalent,University degree or equivalent,70,30,0,NA,French;70;,English;30;,,85,15,0,NA,Bilingual French and English,NA,7,10,NA,NA,I always (or almost always) speak French to my child,French,NA,10,9,NA,NA,I always (or almost always) speak French to my child,First,NA,1,8,Both French and English regularly,3,Non,Non,C/D,C/D,C/D,C/D,C/D,C/D,C/D,C/D,C/D,C/D,Non,C/D,C/D,C/D,C/D,C/D,C/D,C/D,C/D,C/D,C/D,C/D,C/D,Non,C/D,C/D,C/D,C,C,C/D,C/D,C/D,C,C/D,C/D,C/D,C/D,C/D,C/D,C/D,C/D,C/D,C/D,C/D,C/D,C/D,C/D,C/D,C/D,C/D,C/D,C/D,C/D,C/D,C/D,Non,C/D,C/D,Non,Non,Non,C/D,C/D,C,C/D,C/D,C/D,C/D,C/D,C/D,C/D,C/D,C/D,C/D,C/D,C/D,C/D,C/D,C/D,C/D,C/D,C/D,C/D,C/D,C/D,C/D,C/D,C/D,C/D,C/D,C/D,C/D,C/D,C/D,C/D,C/D,C/D,C/D,C/D,C,C/D,C/D,C/D,C/D,C/D,C/D,C/D,C/D,C/D,C/D,C/D,C/D,C/D,C,C/D,C/D,C/D,C/D,C/D,Non,C/D,C/D,Non,Non,Non,C/D,C/D,Non,C/D,C/D,C/D,C,C/D,Non,C/D,C/D,C/D,C/D,C/D,C/D,C/D,C,C/D,C/D,C/D,C/D,C/D,C/D,C/D,Non,C/D,C/D,C/D,C/D,C/D,C/D,C/D,C/D,C/D,C/D,C/D,C/D,C/D,Non,C/D,C/D,C/D,C/D,C/D,C/D,C/D,C/D,C/D,C/D,C/D,C/D,C/D,C/D,C/D,C/D,C/D,C,Non,C/D,C/D,C/D,C/D,C/D,C/D,C/D,C/D,C/D,C/D,Non,C/D,Non,C/D,C/D,C/D,C/D,C/D,C,C/D,C/D,C/D,C/D,C/D,Non,Non,C/D,C/D,C,C/D,C/D,C/D,C/D,Non,C/D,C/D,C/D,C/D,C/D,C/D,C/D,C/D,C/D,C/D,C/D,C/D,C/D,C,C,Non,C/D,C/D,C/D,Non,C/D,Non,C/D,C/D,C/D,C/D,C/D,C/D,C/D,C/D,C/D,C/D,Non,Non,C/D,C/D,C/D,C/D,C/D,Non,C/D,Non,Non,C/D,C/D,C/D,C/D,C,C/D,C,C/D,C/D,C/D,C/D,Non,C/D,C/D,C/D,C/D,C/D,C/D,C/D,C/D,C/D,C/D,C,C/D,C/D,C,C/D,C/D,C,C/D,C/D,C/D,C/D,C/D,C/D,C/D,C/D,C/D,C/D,C,C/D,C/D,C/D,C/D,C/D,C/D,C,C/D,C/D,C/D,C/D,Non,C/D,C/D,C/D,Non,C/D,Non,C/D,C/D,C/D,C/D,C/D,Non,C/D,C/D,C/D,C/D,C/D,C/D,C/D,C/D,Non,C/D,C/D,C/D,C/D,C/D,C/D,C/D,C,C/D,C/D,C/D,C/D,C/D,C/D,Non,C/D,C/D,C/D,C/D,C/D,C/D,C/D,C/D,Non,C/D,Non,Non,C/D,C/D,C/D,C/D,Non,Non,Non,C/D,C/D,C,C,C/D,C/D,C/D,C/D,C/D,C/D,C/D,C/D,C/D,C/D,Non,C,C/D,C/D,C/D,C/D,C/D,C/D,C/D,C/D,Non,C/D,C/D,C/D,C/D,Non,C/D,C/D,C/D,C,C/D,Non,C/D,C/D,Non,C/D,C/D,C/D,C/D,C/D,C/D,C/D,C/D,C/D,C/D,BL01UK01FR091,UKFR091,1044,34.8,2021,gb
R_2yezZ92Xoa60h4W,Female,University degree or equivalent,University degree or equivalent,35,65,0,NA,French;35;,English;65;,,35,65,0,NA,English,NA,0,0,NA,NA,I always (or almost always) speak English to my child,French,NA,10,10,NA,NA,I always (or almost always) speak French to my child,Second,NA,2,36,Always (or almost always) English,0,C/D,C/D,C,C,C,C/D,C/D,C/D,C/D,C/D,C/D,C/D,C/D,C/D,C/D,C/D,C/D,C/D,C/D,C/D,C,C/D,C/D,C/D,C/D,C,C,C/D,C,C/D,C,C/D,C/D,C/D,C,C/D,C,C/D,C,C/D,C,C/D,C/D,C/D,C/D,C/D,C/D,C/D,C/D,C/D,C,C/D,C/D,C/D,C/D,C/D,C/D,C/D,C/D,C,C,C/D,C/D,C,C/D,C/D,C/D,C/D,C/D,C/D,C/D,C/D,C/D,C/D,C/D,C/D,C/D,C/D,C/D,C/D,C/D,C/D,C/D,C/D,C/D,C/D,C/D,C/D,C/D,C/D,C/D,C/D,C,C/D,C/D,C/D,C/D,C/D,C/D,C/D,C/D,C,C/D,C/D,C/D,C/D,C/D,C/D,C/D,C,C/D,C/D,C/D,C/D,C/D,C/D,C/D,C/D,C/D,C/D,C/D,C/D,C,C/D,C,C,C/D,C/D,C,C,C/D,C/D,C,C,C,C,Non,C/D,C,C/D,C/D,C,C/D,C,C/D,C,C,C/D,C/D,C/D,C,C,C/D,C,C/D,C/D,C,C,C,C,C/D,C/D,C/D,C/D,C/D,C,C,C,C/D,C/D,C/D,C/D,C,C/D,C,C/D,C/D,C/D,C,C/D,C,C/D,C/D,C,C,C/D,C/D,C,C/D,C,C/D,C/D,C/D,C,C,Non,C/D,C,Non,C/D,Non,C,C,C,C,C,Non,C,C,Non,C/D,C,C,Non,C/D,C,C/D,C/D,C,C,C/D,C/D,C/D,C,C/D,C,C,C,C,C,C,C,C/D,C/D,C,C/D,C,C,C/D,C/D,C,C,C,C/D,C/D,C/D,C/D,C/D,C,C,C/D,C/D,C,C,C,C/D,C/D,C/D,C/D,C/D,C/D,C,C/D,C/D,C/D,C/D,C,C/D,C,C,C/D,C/D,C/D,C/D,C/D,C/D,C,C/D,C,C,C/D,C/D,C/D,C/D,C,C/D,C/D,C,C/D,C,C/D,C,C,C/D,C/D,C/D,C/D,C/D,C/D,C,C/D,C,C/D,C/D,C/D,C/D,C/D,C/D,C,C/D,C,C/D,C/D,C/D,C,C/D,C,C,C,C,C/D,C,C,C,C,C/D,C,C/D,C/D,C,C,C/D,C/D,C/D,C/D,C/D,C/D,C/D,Non,C/D,C/D,Non,C,C/D,C/D,C/D,C,C/D,C,Non,C/D,C/D,C/D,C/D,C/D,C/D,C/D,C/D,C/D,C/D,C/D,C/D,C/D,C/D,C/D,C/D,Non,Non,C/D,C/D,C,C,C,C/D,C,C,C,C/D,C/D,C/D,C/D,C,C,C,C,C,C,C/D,C,C,C,C/D,C,C,C/D,C,C,C/D,C,C,C,C,C,C/D,C,C/D,C,C,C,C,C,C/D,C/D,C/D,C/D,C,C,C/D,BL01UK01FR092,UKFR092,1287,42.9,2021,gb
R_3KN76Dd9oSHUBab,Male,University degree or equivalent,University degree or equivalent,65,15,20,Polish ,French;65;,English;15;,Polish;20;,90,10,0,NA,French,NA,10,8,NA,NA,I always (or almost always) speak French to my child,French,NA,10,8,NA,NA,I always (or almost always) speak French to my child,First,NA,1,28,Always (or almost always) English,1,Non,C,C,C,C/D,C/D,C,C/D,C/D,C,C/D,C/D,C/D,C,C,C,C,C,C,C/D,Non,C/D,C/D,C/D,C/D,C,C/D,C/D,C/D,C/D,C,C/D,C/D,C/D,Non,C/D,C/D,C/D,C/D,C/D,C,C/D,C,C/D,C/D,C/D,C,C/D,C/D,C/D,C/D,C/D,C/D,C/D,C/D,C/D,C/D,C/D,C/D,C/D,C/D,C/D,C/D,C/D,C/D,C,C/D,C/D,Non,C/D,Non,C/D,Non,C,C/D,C,C/D,C/D,C/D,C,C/D,Non,C,C/D,C/D,Non,C,Non,C/D,C/D,C/D,C/D,C,Non,C,C/D,C/D,C/D,C/D,C/D,C/D,Non,C/D,C/D,C,C/D,C/D,C/D,Non,C,C/D,C/D,C/D,C/D,C/D,Non,C/D,C/D,C/D,C/D,C/D,C,C,C/D,Non,Non,C,C/D,C/D,C/D,C/D,Non,C,C/D,C/D,Non,C/D,C/D,Non,C/D,C/D,Non,C/D,C,C/D,C/D,Non,C/D,C/D,C/D,C/D,Non,C/D,Non,C/D,C/D,C/D,C/D,C/D,C/D,C/D,C/D,C/D,Non,Non,Non,C/D,Non,C,Non,C/D,C/D,C/D,Non,C,C/D,C/D,C/D,C,C/D,C/D,C,C/D,Non,Non,C,C/D,C/D,C/D,C/D,C/D,C,C/D,C/D,C/D,C/D,C/D,Non,C/D,C/D,Non,C/D,C/D,Non,C/D,Non,C/D,Non,C/D,Non,C/D,C/D,Non,Non,C/D,Non,C/D,C/D,Non,C/D,C/D,C/D,C/D,Non,C/D,C/D,C/D,C,C,Non,C/D,C,C/D,C/D,C,C/D,C/D,Non,C/D,Non,C,C/D,Non,C/D,C/D,C/D,C/D,C/D,C/D,C,C/D,Non,Non,Non,C/D,C/D,C/D,C/D,C/D,Non,C/D,Non,C/D,C/D,C/D,C/D,Non,C/D,C/D,C/D,C/D,C/D,C,C,C/D,C,C/D,C/D,Non,C/D,C/D,C/D,C/D,C/D,C/D,C,C/D,C/D,C/D,C,C,C/D,C/D,C/D,Non,C/D,C/D,C/D,C/D,C/D,C/D,C,C/D,C,C/D,C/D,C/D,C/D,C/D,C,C/D,C/D,C/D,C/D,C/D,C/D,C/D,C/D,C/D,C,C/D,C/D,C/D,Non,C/D,C/D,C/D,C/D,C,C/D,C/D,C/D,C,C/D,C/D,C,C/D,C/D,C,C/D,C/D,Non,C/D,C/D,C/D,C/D,C/D,C/D,C,Non,C,C/D,C/D,C,C/D,C/D,C,C/D,C,C/D,C/D,C,Non,C/D,C,Non,Non,Non,C,C/D,Non,Non,C,C/D,C,C,Non,C,C,C,C,C,C,C/D,C/D,C/D,C/D,C/D,Non,C/D,C/D,C/D,C,Non,C/D,C/D,Non,Non,Non,Non,C/D,C/D,C,C/D,C/D,C/D,Non,C/D,C/D,Non,Non,C/D,C,C/D,C,Non,C/D,C/D,BL01UK01FR093,UKFR093,910,30.33333333,2021,gb
R_2QKDpXWBOyio7qq,Male,University degree or equivalent,University degree or equivalent,25,75,0,NA,French;25;,English;75;,,40,60,0,NA,English,NA,NA,10,NA,NA,I always (or almost always) speak English to my child,Other(s),Bilingual French and Spanish,10,9,10,Spanish,I always (or almost always) speak French to my child,First,NA,1,5,Always (or almost always) English,NA,Non,Non,Non,Non,Non,Non,Non,Non,Non,Non,Non,Non,Non,Non,Non,Non,Non,Non,Non,Non,Non,Non,Non,Non,Non,Non,Non,Non,Non,Non,Non,Non,Non,Non,Non,Non,Non,Non,Non,Non,Non,Non,Non,Non,Non,Non,Non,Non,Non,Non,Non,Non,Non,Non,Non,Non,Non,Non,Non,Non,Non,Non,Non,Non,Non,Non,Non,Non,Non,Non,Non,Non,Non,Non,Non,Non,Non,Non,Non,Non,Non,Non,Non,Non,Non,Non,Non,Non,Non,Non,Non,Non,Non,Non,Non,Non,Non,Non,Non,Non,Non,Non,Non,Non,Non,Non,Non,Non,Non,Non,Non,Non,Non,Non,Non,Non,Non,Non,Non,Non,Non,Non,Non,Non,Non,Non,Non,Non,Non,Non,Non,Non,Non,Non,Non,Non,Non,Non,Non,Non,Non,Non,Non,Non,Non,Non,Non,Non,Non,Non,Non,Non,Non,Non,Non,Non,Non,Non,Non,Non,Non,Non,Non,Non,Non,Non,Non,Non,Non,Non,Non,Non,Non,Non,Non,Non,Non,Non,Non,Non,Non,Non,Non,Non,Non,Non,Non,Non,Non,Non,Non,Non,Non,Non,Non,Non,Non,Non,Non,Non,Non,Non,Non,Non,Non,Non,Non,Non,Non,Non,Non,Non,Non,Non,Non,Non,Non,Non,Non,Non,Non,Non,Non,Non,Non,Non,Non,Non,Non,Non,Non,Non,Non,Non,Non,Non,Non,Non,Non,Non,Non,Non,Non,Non,Non,Non,Non,Non,Non,Non,Non,Non,Non,Non,Non,Non,Non,Non,Non,Non,Non,Non,Non,Non,Non,Non,Non,Non,Non,Non,Non,Non,Non,Non,Non,Non,Non,Non,Non,Non,Non,Non,Non,Non,Non,Non,Non,Non,Non,Non,Non,Non,Non,Non,Non,Non,Non,Non,Non,Non,Non,Non,Non,Non,Non,Non,Non,Non,Non,Non,Non,Non,Non,Non,Non,Non,Non,Non,Non,Non,Non,Non,Non,Non,Non,Non,Non,Non,Non,Non,Non,Non,Non,Non,Non,Non,Non,Non,Non,Non,Non,Non,Non,Non,Non,Non,Non,Non,Non,Non,Non,Non,Non,Non,Non,Non,Non,Non,Non,Non,Non,Non,Non,Non,Non,Non,Non,Non,Non,Non,Non,Non,Non,Non,Non,Non,Non,Non,Non,Non,Non,Non,Non,Non,Non,Non,Non,Non,Non,Non,Non,Non,Non,Non,Non,Non,Non,Non,Non,Non,Non,Non,Non,Non,Non,Non,Non,Non,Non,Non,Non,Non,Non,Non,Non,Non,Non,Non,BL01UK01FR094,UKFR094,360,12,2021,gb
R_1EXakK0tYSs9ALu,Male,University degree or equivalent,Left school at 18 with A-Levels or equivalent,60,30,10,italian,French;60;,English;30;,italian;10;,50,40,10,italian,French,NA,10,7,5,italian,I regularly speak both French and English to my child,Other(s),italian,6,7,10,italian,I always (or almost always) speak English to my child,Second,NA,2,NA,NA,NA,C/D,C/D,C/D,C/D,C/D,C/D,C/D,C/D,C/D,C/D,C/D,C/D,C,C,C,C,C,C,C,C/D,C,C,C,C,C,C,C,C/D,C,C/D,C/D,C,C,C/D,C,C,C,C,C,C/D,C,C,C,C,C,C,C/D,C/D,C/D,C/D,C/D,C,C,C,C/D,C/D,C/D,C,C,C,C,C,C,C/D,C,C,C/D,C/D,C,C,C,C,C,C,C,C,C,C,C,C,C,C,Non,C,C,C/D,C,C,C,C/D,C,C,C,C,C,C,C,C,C,C,C,C,C,C,C,C,C,C,C,C,C,C,C,C,C,C,C,C,C,C,C,C,C,C,C,C,C,C,C,C,C,C,C,C,C,Non,C,C,C,C,C,C,C,C,C,C,Non,C,C,C,C,Non,C,C,C,C,C,C,C,C,C,C,C,C,C,C,C,C,C,C,C,C,C,C,C,C,C,C,C,C,C,C,C,C,C,C,C,C,C,C,C,C,C,C,C/D,C,C,Non,C/D,C/D,C/D,C,C,C,C,C,C,Non,C,C,C,C,C,C,C,C,C/D,C,Non,C,C,C/D,C,C,C/D,C,C,C,C,C,C,C,C,C,C,C/D,C,Non,C,C/D,C,C,C,C,C,C,C,C,C,C/D,C,C,C,C,C,C,C,C/D,C,C,C,C,C,C,C,C,C,C,C,C,C,C,C,C,C,C,C,C,Non,C,C,C,C,C,C,C,C,Non,C,C,C,C,C,C,C,C,C,C,C,C,C,C,C,C,C,C,C,C,C,C,C,C,C,C,C,C,C,C,C,C,C,C,C,Non,C,C,C,C,C,C,C,C,C,C,C,C,C,C,C,C,C,C,C,C,C,C,C,C,C,C,C,C,C,C,C,C,C,C,Non,C,Non,C,C,C,C,C,C,C,C,C,C,C,Non,C,C,C,C,C,C,C,C,C,C,C,C,C,C,C,C,C,C,C,C,C,C,C,C,C,C,C,C,C,C,C,C,C,C,C,C,C,C,C,C,C,C,C,C,C,BL01UK01FR095,UKFR095,766,25.53333333,2021,gb
R_3lLywp4mBJqiULj,Female,University degree or equivalent,University degree or equivalent,10,90,0,NA,French;10;,English;90;,,25,75,0,NA,English,NA,4,10,NA,NA,I always (or almost always) speak English to my child,French,NA,10,9,NA,NA,I always (or almost always) speak French to my child,Third,NA,3,9,Always (or almost always) English,1,Non,Non,Non,Non,Non,Non,Non,Non,Non,Non,Non,Non,Non,Non,Non,Non,Non,Non,Non,Non,Non,C,Non,C,Non,Non,Non,Non,Non,Non,Non,Non,Non,Non,Non,Non,Non,Non,Non,Non,Non,Non,Non,Non,Non,Non,Non,Non,Non,Non,Non,Non,Non,Non,Non,Non,Non,Non,Non,Non,Non,Non,Non,Non,Non,Non,C,Non,Non,Non,Non,Non,Non,Non,Non,Non,Non,Non,Non,Non,Non,Non,Non,Non,Non,Non,Non,Non,Non,Non,Non,Non,Non,Non,Non,Non,Non,Non,Non,Non,Non,Non,Non,Non,Non,Non,Non,Non,Non,Non,Non,Non,Non,Non,Non,Non,Non,Non,Non,Non,Non,Non,Non,Non,Non,Non,Non,Non,Non,Non,Non,Non,Non,Non,Non,Non,Non,Non,Non,Non,Non,Non,Non,Non,Non,Non,Non,Non,Non,Non,Non,Non,Non,Non,Non,Non,Non,Non,Non,Non,Non,Non,Non,Non,Non,Non,Non,Non,Non,Non,Non,Non,Non,Non,Non,Non,Non,Non,Non,Non,Non,Non,Non,Non,Non,Non,Non,Non,Non,Non,Non,Non,Non,Non,Non,Non,Non,Non,Non,Non,Non,Non,Non,Non,Non,Non,Non,Non,Non,Non,Non,Non,Non,Non,Non,Non,Non,Non,Non,Non,Non,Non,Non,Non,Non,Non,Non,Non,Non,Non,Non,Non,Non,Non,Non,C,Non,Non,Non,C,Non,Non,Non,Non,Non,Non,Non,Non,Non,Non,C,Non,Non,Non,Non,Non,Non,C,Non,Non,Non,Non,Non,Non,Non,Non,Non,Non,Non,Non,Non,Non,Non,Non,Non,Non,Non,Non,Non,Non,Non,Non,Non,Non,Non,Non,Non,Non,Non,Non,Non,Non,Non,Non,Non,Non,Non,Non,Non,Non,Non,Non,Non,Non,Non,Non,Non,Non,Non,Non,Non,Non,Non,Non,Non,Non,Non,Non,Non,Non,Non,Non,Non,Non,Non,Non,Non,Non,Non,Non,Non,Non,Non,Non,Non,Non,Non,Non,Non,Non,Non,Non,Non,Non,Non,Non,Non,Non,Non,Non,Non,Non,Non,Non,Non,Non,Non,Non,Non,Non,Non,Non,Non,Non,Non,Non,Non,Non,Non,Non,Non,Non,Non,Non,Non,Non,Non,Non,Non,Non,Non,Non,Non,Non,Non,Non,Non,Non,Non,Non,Non,Non,Non,Non,Non,Non,Non,Non,Non,Non,Non,Non,Non,Non,Non,Non,Non,Non,Non,Non,Non,Non,Non,Non,Non,Non,Non,Non,BL01UK01FR096,UKFR096,353,11.76666667,2021,gb
R_12nYZn4JCjyCrxR,Female,University degree or equivalent,University degree or equivalent,60,40,0,NA,French;60;,English;40;,,70,30,0,NA,French,NA,10,10,NA,NA,I always (or almost always) speak French to my child,English,NA,3,10,NA,NA,I regularly speak both French and English to my child,First,NA,1,NA,NA,4,C/D,C/D,Non,C/D,C/D,C/D,C/D,C/D,C/D,C/D,C/D,C/D,C/D,Non,C,C,C,C/D,C,C/D,C,C/D,C/D,C/D,C/D,Non,C/D,C/D,C/D,C/D,C,C/D,C/D,C/D,Non,C/D,C,C/D,C,C/D,Non,C,C/D,C,C,C/D,C/D,C/D,C/D,C/D,Non,Non,C/D,C/D,C,C/D,C/D,C/D,C/D,C/D,C,C/D,C/D,C/D,C/D,C,C/D,C/D,C,C,C,C/D,Non,C/D,C/D,C/D,C/D,C/D,C/D,C,C,C,Non,C/D,C/D,C/D,C/D,C/D,C/D,C/D,C/D,C,C,Non,C,C/D,C/D,C/D,C/D,C/D,C,Non,Non,C/D,C/D,C/D,C/D,C/D,Non,Non,C/D,C/D,C/D,C,C/D,C,C,Non,C/D,C/D,C/D,Non,C,C/D,Non,Non,C,C/D,C,C/D,C,C/D,Non,C,C,Non,C,C/D,C,C,C/D,Non,C,C,C,C,Non,C/D,C/D,C,Non,Non,C/D,C,C/D,C/D,C,C/D,C,C,C,C/D,Non,Non,C/D,C,C/D,Non,C/D,C/D,C,C/D,C,Non,Non,C/D,C,C,Non,C,C/D,C,Non,Non,Non,C/D,C,C,C,C,C,C/D,C/D,Non,C,C,C,Non,C/D,C,Non,C,C,Non,C/D,Non,C,C,Non,C,C/D,C,C,C,C/D,Non,C,C/D,C,Non,Non,C/D,C,C/D,C/D,C,Non,C,C/D,Non,C/D,C,C/D,C/D,Non,C/D,C,Non,C/D,C/D,C,Non,Non,C/D,C,C/D,C/D,C/D,C/D,C/D,C/D,C,C,C/D,C,C/D,C,C/D,C/D,C/D,C/D,C,C,C/D,C,C/D,C/D,C/D,C/D,C,C,C,C,C,C/D,C/D,C/D,C,Non,C/D,Non,Non,C,C,C/D,Non,C/D,Non,C/D,Non,C,C,C/D,C/D,C,C/D,Non,C/D,Non,C/D,C/D,Non,C/D,C,C/D,C/D,C,C,Non,C,C,C,C,C,C,C/D,C,C,C,Non,C,C,C,C,C,C/D,C,C,C,C,Non,C,C,C,C/D,C/D,Non,C,C/D,C/D,C/D,C/D,C/D,C/D,C/D,C/D,C,C/D,Non,C,C,C/D,C/D,C,C,C/D,C,C,C,C/D,C,Non,C,C/D,C/D,Non,Non,Non,Non,C/D,Non,Non,C,C/D,C,C,C,Non,C/D,C,C,C/D,C/D,C,C,Non,Non,C,Non,C,C,C/D,C/D,Non,C,C,C,C,C,C/D,C,C,C,C,C,C,Non,C,Non,Non,C,C/D,C,C/D,C,C,C/D,C,BL01UK01FR097,UKFR097,739,24.63333333,2021,gb
R_1P72AhUTt7ZAFti,Male,University degree or equivalent,University degree or equivalent,10,85,5,Arabic,French;10;,English;85;,Arabic;5;,20,75,5,NA,French,NA,10,7,3,Arabic,I regularly speak a mix of French / English / other languages to my child,English,NA,0,10,NA,NA,I always (or almost always) speak English to my child,First,NA,1,9,Always (or almost always) English,2,Non,C,Non,Non,Non,C,C,C,C,C,C,C,Non,Non,Non,Non,Non,Non,Non,Non,Non,Non,Non,Non,Non,Non,Non,Non,Non,Non,Non,Non,Non,Non,Non,Non,Non,Non,Non,Non,Non,Non,Non,Non,Non,Non,Non,Non,Non,Non,Non,Non,Non,Non,Non,Non,Non,Non,Non,Non,Non,C,Non,Non,Non,Non,Non,Non,Non,Non,Non,Non,Non,Non,Non,Non,Non,Non,Non,Non,Non,Non,Non,Non,Non,Non,Non,Non,Non,Non,Non,Non,Non,Non,Non,Non,Non,Non,Non,Non,Non,Non,Non,Non,Non,Non,Non,C,Non,Non,C,Non,C,Non,C,Non,Non,Non,Non,Non,Non,Non,Non,Non,Non,Non,Non,Non,Non,Non,Non,Non,Non,Non,Non,Non,Non,Non,Non,Non,Non,Non,Non,Non,Non,Non,Non,Non,Non,Non,Non,Non,Non,Non,Non,C,Non,Non,Non,Non,Non,C,Non,Non,Non,Non,Non,Non,Non,Non,Non,Non,Non,Non,Non,Non,Non,Non,Non,Non,Non,Non,Non,Non,Non,Non,Non,Non,Non,Non,Non,Non,Non,Non,Non,Non,Non,Non,Non,Non,Non,Non,Non,Non,Non,Non,Non,Non,Non,Non,Non,Non,Non,Non,Non,Non,Non,Non,Non,Non,Non,Non,Non,Non,C,Non,Non,Non,Non,Non,Non,Non,Non,Non,Non,C,Non,Non,Non,C/D,Non,Non,Non,Non,Non,Non,Non,Non,Non,Non,Non,Non,Non,Non,Non,Non,Non,Non,Non,Non,Non,Non,Non,Non,Non,Non,Non,Non,Non,Non,Non,Non,Non,Non,Non,C,Non,Non,Non,Non,Non,Non,Non,Non,Non,Non,Non,Non,C,Non,Non,Non,Non,Non,Non,C,Non,Non,Non,Non,Non,Non,Non,Non,C,Non,Non,Non,Non,Non,Non,Non,Non,Non,Non,Non,Non,Non,Non,Non,Non,Non,Non,Non,Non,Non,Non,Non,Non,Non,Non,Non,Non,Non,Non,C,Non,C,Non,Non,Non,Non,Non,Non,Non,Non,Non,Non,Non,Non,Non,C,C,Non,Non,Non,Non,Non,Non,Non,C,Non,Non,Non,Non,Non,Non,Non,Non,Non,Non,Non,Non,Non,Non,Non,Non,Non,Non,Non,Non,Non,Non,Non,Non,Non,Non,Non,Non,C,Non,Non,Non,Non,Non,Non,Non,Non,Non,Non,Non,Non,Non,Non,Non,Non,Non,Non,Non,Non,Non,C,Non,Non,Non,Non,Non,C,BL01UK01FR098,UKFR098,567,18.9,2022,gb
R_2DTe0zdw5jLxv33,Male,Left school at 18 with A-Levels or equivalent,University degree or equivalent,20,80,0,NA,French;20;,English;80;,,50,50,0,NA,French,NA,10,6,NA,NA,I regularly speak both French and English to my child,French,NA,10,8,NA,NA,I regularly speak both French and English to my child,Second,NA,2,16,Always (or almost always) English,2,C,Non,Non,C,C/D,C/D,C/D,C/D,C/D,C/D,C/D,C/D,C,Non,Non,C/D,C,C/D,C/D,C/D,Non,C/D,C,C/D,C/D,Non,C,C/D,C/D,C,Non,C,C,C,Non,C/D,C,C/D,C,C,Non,Non,C,C,C,C,C/D,C,C,C/D,C,C,C/D,C,C,C,C/D,C,C,C,Non,C,C,C,Non,Non,C/D,C,Non,C,C/D,C/D,C,C,C,C,Non,C,C,C,C,Non,C,C,C,C/D,C,C,C/D,C,C/D,C,C,Non,Non,C/D,C,C/D,C/D,C,C,Non,C,C,C,Non,C/D,C/D,C,C,C,C,C,C,C/D,C,C/D,C,C,C/D,C,C,Non,C,Non,Non,C,C,C/D,C,C/D,Non,Non,Non,C,Non,C,C,C,C,C,Non,C,Non,C,C,Non,C,C,C,Non,Non,C,Non,C,Non,Non,C,C,C,C,C,C,Non,C,Non,C,Non,C,C,Non,C,Non,Non,Non,Non,Non,C,Non,C,C,C,Non,Non,Non,C,C,C,C,C/D,C,C,C,C,C,Non,C,Non,C,C,Non,C,C/D,Non,C,Non,Non,C,C,Non,C/D,C,Non,Non,C,Non,C,C,C,C,C,C/D,C,Non,C,Non,C,Non,Non,C,C,Non,C,C,Non,C/D,C,Non,Non,C/D,Non,C/D,C,C/D,C,C/D,C/D,C/D,C/D,C/D,C/D,C,C,C,C,C/D,C,C/D,C/D,C,C,Non,C,C,C,C,C,C,C,C,C,C,C,C,C,C,C,C,C,C,C,C,C,C,C,C,C,C,C,Non,Non,C,C,C/D,C,C/D,C,C,C,C,C,C,C/D,C,C,C,C,C,Non,Non,C,Non,C,C,Non,C,C,C,C,Non,C,C,C,C,C,C,C,C,C,C,C,C,Non,C,C,C,C,C,C,C,C,Non,C,C,C,C,C,C,Non,C,C,C,C,C,C,C,C,C,C,C,C,C,C,C,C,C,Non,Non,C,C,C,C,Non,C,C,C,C,C,C,C,Non,C,Non,C,C,Non,C,C,C,C,C,C,C/D,Non,C,C,Non,C,C,C,C,C,C,C,C,C,Non,C,C,Non,C,C,C,C,C,Non,C,C,BL01UK01FR099,UKFR099,1124,37.46666667,2022,gb
R_1ohhaJVwatpW06L,Female,University degree or equivalent,University degree or equivalent,80,20,0,NA,French;80;,English;20;,,95,5,0,NA,French,NA,10,8,NA,NA,I always (or almost always) speak French to my child,French,NA,10,8,NA,NA,I always (or almost always) speak French to my child,First,NA,1,NA,NA,12,C,Non,Non,Non,Non,Non,Non,Non,Non,Non,Non,Non,C,Non,Non,Non,Non,Non,Non,C,Non,Non,Non,C,C,Non,C,C,Non,C,C,C,Non,Non,Non,C,C,C,C,C,Non,C,C,C,C,C,C,C,C,C,C,C,C,C,C,C,C,C,C,C,C,C,C,C,C,C,C,Non,Non,Non,C,C,Non,Non,C,Non,C,C,Non,Non,C,C,C,Non,C,C,Non,C,Non,C,C,C,Non,Non,C,C,C,C,C,C,C,C,C,C,C,C,C,C,C,C,C,C,C,C,C,C,Non,Non,C,C,C,Non,Non,C,Non,Non,C,Non,C,C,C,C,Non,Non,C,Non,C,C,C,C,C,Non,C,C,C,C,C,C,C,C,Non,Non,C,C,C,Non,C,C,C,C,Non,C,Non,Non,C,C,C,C,C,C,C,C,Non,C,C,C,Non,C,C,C,C,C,C,Non,Non,C,C,Non,Non,C,C,C,C,Non,C,C,Non,Non,C,C,Non,C,C,Non,C,C,Non,Non,C,Non,C,Non,Non,Non,C,C,C,C,Non,Non,C,C,C,Non,C,Non,C,Non,Non,Non,Non,Non,C,C,Non,C/D,Non,Non,C,C/D,Non,Non,Non,C,C,C/D,C,C,C/D,Non,C/D,C,C,C,C,C,Non,C/D,C,C,C,C,C,C,C,C,Non,C,C,C,C,C,C,Non,C,C,C,C,Non,C,C,C,C,C,C,C,C,Non,C,Non,Non,C,C,C,C,C,C,C,C,C,C,Non,C,C,C,C,C,C,Non,Non,C,Non,C,Non,C,C,C,C,Non,Non,Non,C,Non,Non,C,Non,Non,C,C,C,Non,C,C,C,C,C,C,C,C,C,C,C,Non,Non,C,C,C,C,Non,Non,Non,C,C,C/D,C,C,Non,C,Non,C,C,C,C,C,C,Non,Non,Non,C,C,C,Non,Non,Non,Non,Non,Non,Non,C,Non,Non,C,Non,C,Non,Non,Non,C,Non,C,C,C,C,Non,C,C,Non,C,C,C,C,C,C,C,C,Non,Non,C,C,C,Non,C,Non,Non,Non,Non,C,Non,BL01UK01FR100,UKFR100,493,16.43333333,2022,gb
R_3EQrtm4OwcNNmG2,Female,University degree or equivalent,University degree or equivalent,20,80,0,NA,French;20;,English;80;,,50,50,0,NA,English,NA,8,10,NA,NA,I always (or almost always) speak English to my child,French,NA,10,9,NA,NA,I always (or almost always) speak French to my child,First,NA,1,12,Always (or almost always) English,0,Non,C/D,C,C,C/D,C/D,Non,Non,C/D,C/D,C/D,C/D,Non,Non,Non,Non,Non,Non,Non,Non,Non,C,Non,C,C,Non,Non,C,C/D,C,C/D,C,C/D,C,Non,C,Non,Non,Non,Non,Non,Non,C,C/D,Non,C,C,C,Non,C/D,Non,Non,Non,C,Non,Non,C,C,Non,C,Non,Non,C,Non,Non,Non,Non,Non,Non,Non,Non,C,C,Non,Non,Non,Non,Non,Non,Non,Non,Non,Non,Non,Non,Non,Non,Non,C/D,Non,C/D,Non,Non,Non,Non,C/D,C,C,C/D,C,Non,Non,Non,C,Non,Non,Non,C,Non,Non,C,C,C,C,C,Non,C,Non,C,C,C,Non,Non,C,Non,Non,Non,C,C,Non,C,Non,Non,Non,Non,Non,C,C,Non,Non,Non,Non,C,Non,Non,Non,Non,C,Non,C,Non,Non,Non,Non,Non,Non,Non,Non,Non,Non,Non,Non,Non,Non,Non,Non,Non,Non,C,Non,Non,C,Non,Non,Non,Non,Non,Non,Non,C,Non,Non,Non,Non,Non,Non,Non,Non,C,C,Non,C,C,Non,C,Non,Non,Non,Non,Non,Non,Non,C,Non,C,Non,Non,Non,C,Non,C,Non,Non,Non,Non,Non,Non,Non,Non,Non,Non,C,Non,Non,C/D,Non,Non,Non,Non,Non,Non,Non,Non,Non,Non,C,Non,Non,Non,C,Non,Non,Non,Non,C,C/D,C,C,C,C,C,C,Non,Non,C,C/D,C,C/D,C/D,C,C,C,Non,C,Non,C,C,Non,Non,C,C,C,Non,Non,C,Non,C,Non,Non,Non,Non,Non,C,Non,Non,Non,Non,Non,C,Non,Non,C,Non,Non,Non,C,C,C,Non,C,C,Non,C,Non,C,C,C,Non,Non,Non,Non,Non,Non,Non,Non,Non,C,C,Non,Non,Non,C,C,Non,Non,Non,Non,C,Non,C,Non,Non,Non,Non,C,C,Non,C,C,Non,C,Non,Non,Non,Non,C/D,C,Non,Non,Non,C,C,C,C,Non,Non,Non,Non,C,C,C,Non,Non,Non,Non,Non,Non,Non,Non,Non,Non,Non,C,Non,Non,Non,Non,Non,Non,Non,Non,Non,Non,Non,Non,Non,Non,C,Non,Non,C,C/D,Non,Non,Non,C/D,Non,Non,Non,Non,Non,Non,Non,Non,Non,C,Non,Non,Non,Non,Non,Non,Non,Non,Non,Non,Non,Non,BL01UK01FR101,UKFR101,688,22.93333333,2022,gb
R_3knRtUKNFvMNlke,Female,University degree or equivalent,Left school at 18 with A-Levels or equivalent,60,40,0,NA,French;60;,English;40;,,60,40,0,NA,French,NA,10,9,NA,NA,I always (or almost always) speak French to my child,English,NA,3,10,0,NA,I always (or almost always) speak English to my child,First,NA,1,NA,NA,,C,Non,Non,Non,Non,Non,C/D,C,Non,C,Non,Non,Non,Non,Non,Non,Non,Non,Non,Non,Non,C/D,Non,C,Non,Non,Non,Non,Non,Non,Non,Non,Non,Non,Non,C,Non,Non,Non,Non,Non,Non,Non,Non,Non,Non,Non,Non,Non,Non,Non,Non,Non,C,Non,Non,C,C,Non,Non,Non,C,C,C,C,Non,C,Non,Non,Non,Non,Non,Non,Non,C,Non,C,C,Non,Non,C,Non,Non,Non,Non,Non,Non,Non,Non,Non,Non,Non,Non,Non,Non,Non,C,Non,Non,Non,Non,Non,Non,Non,Non,Non,C,Non,Non,Non,Non,Non,Non,Non,Non,Non,C,Non,C,Non,Non,Non,Non,C,Non,Non,Non,Non,Non,Non,Non,Non,Non,Non,C,Non,Non,Non,Non,Non,Non,Non,Non,Non,Non,Non,Non,Non,Non,Non,Non,Non,Non,Non,Non,Non,Non,Non,Non,Non,Non,Non,Non,Non,Non,Non,Non,Non,Non,Non,Non,Non,Non,Non,Non,Non,Non,Non,Non,Non,Non,Non,Non,Non,Non,Non,Non,Non,Non,Non,Non,Non,Non,Non,Non,Non,Non,Non,C,Non,Non,Non,Non,Non,Non,Non,Non,Non,Non,Non,Non,Non,Non,Non,Non,Non,Non,Non,Non,Non,Non,C,Non,Non,Non,Non,Non,Non,Non,Non,Non,Non,C,C,Non,C/D,Non,Non,Non,C,Non,Non,Non,Non,C/D,C/D,C,C,C,Non,C,Non,Non,Non,Non,C,Non,C,C,C,C,C,C,Non,Non,Non,Non,Non,Non,Non,Non,Non,Non,Non,Non,Non,Non,Non,Non,Non,Non,Non,Non,Non,Non,Non,C,Non,Non,Non,Non,Non,Non,Non,Non,Non,C,Non,Non,Non,Non,Non,Non,Non,Non,Non,Non,Non,Non,NA,NA,Non,Non,Non,Non,Non,Non,Non,Non,Non,Non,Non,Non,Non,Non,Non,Non,Non,Non,Non,Non,Non,Non,Non,C,Non,Non,C,C,C/D,Non,Non,Non,Non,Non,Non,Non,Non,Non,Non,C,Non,Non,Non,Non,Non,Non,Non,Non,Non,Non,Non,Non,Non,Non,Non,Non,Non,Non,Non,Non,Non,Non,Non,Non,Non,Non,Non,Non,Non,Non,Non,Non,Non,Non,Non,Non,Non,Non,Non,Non,Non,Non,Non,Non,Non,Non,Non,Non,Non,Non,Non,Non,Non,Non,Non,Non,Non,Non,Non,Non,Non,Non,Non,Non,Non,Non,Non,BL01UK02FR013  ,UKFR013,552,18.4,2020,gb
R_1Nk6mBhTR3lDUZW,Male,University degree or equivalent,University degree or equivalent,60,40,0,NA,French;60;,English;40;,,80,20,0,NA,English,NA,2,10,NA,NA,I always (or almost always) speak English to my child,French,NA,10,9,NA,NA,I always (or almost always) speak French to my child,First,NA,1,NA,NA,,Non,C/D,C/D,C/D,C/D,C/D,C/D,C/D,C/D,Non,C/D,C/D,C,Non,C,C,C,C/D,C,C/D,Non,C/D,C,C,C,Non,Non,C,C,C,C,C,C,C,Non,C,C,C,C,C,Non,C,C,Non,C,Non,C,C,Non,C,C,Non,C,C,C,C,C,C/D,C,C/D,Non,C,C,C,Non,Non,C/D,C/D,C,Non,Non,Non,Non,Non,C,C,C/D,C,Non,Non,C,C,C,C,C,C,Non,Non,Non,C,Non,Non,C,Non,Non,C,C,C,C,C,Non,C,C,C,C,C,C,C/D,Non,Non,C,C,C,C,C,Non,Non,Non,C,C/D,C,Non,Non,C,Non,Non,C/D,Non,C,C,C,Non,C,C,Non,Non,C,C,Non,C,C,Non,C,C,C,C,Non,C,Non,C,Non,Non,C,C,C,C,C,C,C,C,C,C,C,Non,Non,Non,C,C,C,C,Non,C,C,Non,Non,Non,Non,C,Non,C,C,C,C,C,Non,C,C,C,C,C,C,C,C,C,C,C,Non,Non,C,C,C,C,C,C,C,C,C,Non,C,C,C,C,C,Non,C,Non,C,C,Non,Non,C,C,C,C,C/D,C,Non,C,Non,Non,Non,C,C/D,C/D,Non,C/D,Non,C,C/D,Non,Non,Non,Non,Non,C,C,C,C,C,C,C/D,C,C,C,C,C,C,C/D,C/D,C,C,Non,C,C,C,C,Non,C,C,C,C,C,C,C,C,C,C,C,Non,C,C,C,C,C,Non,C,C,C,C,C,C,C,C,C,C,C,C,C,Non,C,C,C,C,C,C,C,C,C,C,NA,NA,C,C,C,C,C,C,C,C,C,C,C,C,C,C,C,C,C,C,C,C,C,C,C,C,C,Non,C,C,C,C,C,C,Non,C,C,Non,C,Non,Non,C/D,C,C,C,C,C,C,C/D,Non,C,Non,Non,Non,C,C,C,Non,Non,C,C,Non,Non,Non,C,C,C,C,Non,C,C,Non,C,C,C,C,C,Non,C,Non,Non,C,C,Non,Non,C,C,Non,C,C,Non,C,C,Non,C,C,C,Non,C,C,C,Non,C/D,C,Non,C,Non,C,C,BL01UK02FR024,UKFR024,641,21.36666667,2020,gb
R_1HhiIRFBjlzsfyO,Female,University degree or equivalent,Left school at 18 with A-Levels or equivalent,20,70,10,Urdu,French;20;,English;70;,Urdu;10;,30,60,10,Urdu,French,NA,10,9,NA,NA,I always (or almost always) speak French to my child,English,NA,3,10,0,NA,I always (or almost always) speak English to my child,First,NA,1,NA,NA,,C/D,C,C,C,C,C,Non,C,C,C,C/D,C/D,Non,Non,Non,Non,C,C,Non,Non,Non,Non,Non,Non,Non,Non,Non,Non,Non,Non,Non,Non,Non,Non,Non,Non,Non,Non,Non,Non,Non,Non,Non,Non,Non,Non,Non,C/D,C/D,C/D,C/D,C/D,C/D,Non,C/D,C/D,C/D,C,C,C,C,Non,C,Non,Non,Non,C/D,Non,Non,Non,Non,C/D,Non,Non,Non,Non,C,Non,Non,Non,C/D,Non,Non,Non,Non,Non,Non,Non,C/D,Non,Non,Non,Non,Non,Non,C/D,Non,Non,C,Non,Non,Non,Non,Non,Non,Non,C,Non,Non,Non,C,C,C,C,C,Non,Non,Non,Non,Non,Non,Non,Non,Non,Non,Non,Non,Non,Non,Non,Non,Non,Non,Non,Non,Non,Non,Non,Non,Non,Non,Non,Non,Non,Non,Non,Non,Non,Non,Non,Non,Non,Non,Non,Non,Non,Non,Non,Non,Non,Non,Non,Non,Non,C,Non,C,Non,C,Non,Non,Non,Non,Non,Non,Non,Non,Non,Non,Non,Non,Non,Non,Non,Non,Non,Non,Non,Non,Non,Non,C,C,Non,Non,Non,Non,Non,Non,Non,Non,Non,Non,Non,Non,Non,Non,Non,Non,Non,C/D,Non,Non,Non,Non,Non,Non,Non,Non,Non,Non,C/D,Non,C,C,Non,Non,Non,Non,C,Non,Non,Non,Non,Non,C/D,Non,Non,Non,C/D,Non,C/D,Non,Non,C,C/D,C/D,C/D,C/D,Non,Non,Non,Non,Non,C,Non,Non,Non,Non,Non,C/D,Non,Non,Non,Non,C/D,C,C/D,C,Non,Non,Non,Non,Non,Non,Non,Non,C/D,Non,Non,Non,Non,Non,Non,Non,Non,Non,Non,Non,Non,Non,Non,Non,Non,Non,Non,Non,Non,Non,Non,Non,Non,Non,C,C,C/D,Non,Non,Non,NA,NA,Non,Non,Non,Non,Non,Non,Non,Non,Non,Non,Non,Non,Non,Non,Non,Non,Non,Non,Non,Non,Non,Non,C,C,Non,Non,Non,Non,C/D,C/D,Non,C,Non,C,Non,C,Non,Non,Non,C,C,Non,C/D,Non,Non,Non,Non,C,Non,Non,C,Non,Non,C,Non,Non,Non,Non,Non,Non,Non,Non,C/D,Non,Non,Non,Non,Non,Non,Non,C,Non,C,C,C,C,C,C,C,C,C/D,Non,Non,C/D,C/D,Non,Non,Non,Non,Non,Non,Non,Non,Non,Non,Non,Non,Non,Non,Non,Non,Non,Non,Non,Non,Non,Non,BL01UK02FR022,UKFR022,956,31.86666667,2020,gb
R_3nkjs34FrzFXpmN,Male,University degree or equivalent,University degree or equivalent,60,39,1,Hebrew ,French;60;,English;39;,Hebrew;1;,70,29,1,Hebrew ,English,NA,2,10,NA,NA,I always (or almost always) speak English to my child,French,NA,10,9,NA,NA,I always (or almost always) speak French to my child,First,NA,1,NA,NA,,C/D,C/D,C/D,C/D,C/D,C/D,C/D,C/D,C/D,C/D,C/D,C/D,C/D,C/D,C/D,C/D,C/D,C/D,C/D,C/D,C/D,C/D,C/D,C/D,C/D,C/D,C/D,C/D,C/D,C/D,C/D,C/D,C/D,C/D,C/D,C/D,C/D,C/D,C/D,C/D,Non,C/D,C/D,C/D,C/D,C/D,C/D,C/D,C/D,C/D,C/D,C/D,C/D,C/D,C/D,C/D,C/D,C/D,C/D,C/D,C/D,C/D,C/D,C/D,C/D,C,C/D,C,Non,Non,Non,C/D,C/D,C/D,C/D,C/D,C/D,C/D,C/D,C/D,C/D,Non,C/D,C/D,C/D,C/D,Non,C/D,C/D,C/D,C/D,C/D,C/D,C,C,C/D,C/D,C/D,C/D,C/D,C/D,Non,C/D,C,C,C/D,C/D,C/D,C/D,C,C/D,C/D,C/D,C/D,C/D,C,C/D,C,C/D,C/D,C/D,Non,C/D,C/D,C/D,Non,C/D,C/D,C/D,Non,C/D,C/D,C/D,C,C,Non,C/D,C/D,Non,C,C,Non,C/D,C,C/D,C/D,Non,C/D,C,C/D,C/D,Non,C,C,C/D,C/D,C/D,C/D,C,C,C/D,C/D,C/D,Non,C/D,Non,C/D,C,C/D,C/D,Non,C/D,Non,C/D,C/D,C/D,C/D,C/D,C/D,C/D,C/D,C,C/D,C/D,C,C/D,C/D,C/D,C/D,C/D,C/D,Non,C,C/D,C/D,C/D,C,Non,C/D,C/D,Non,C/D,C/D,C/D,C/D,C/D,C,C,C,C,C,C/D,Non,C,C/D,C,C/D,C/D,Non,Non,C/D,C/D,C/D,C,C/D,C/D,C/D,C/D,C/D,Non,C/D,Non,C/D,C/D,C/D,C/D,C/D,Non,Non,C/D,C/D,C/D,Non,Non,C/D,C/D,C/D,C/D,C/D,C/D,C/D,C,C,Non,C/D,C/D,C,C/D,C/D,C,C/D,C,C,C/D,C/D,C/D,C,C/D,C,C,C,C/D,C,C,C/D,C/D,C/D,C/D,Non,C,C/D,C/D,C/D,C/D,C/D,C,C/D,Non,C/D,C,C,C,C,C,C,C/D,C/D,C/D,Non,C,C/D,Non,C/D,C,C/D,C/D,C/D,C,C,NA,NA,C/D,C/D,C,C/D,C,C,C,C,C,C/D,C/D,C/D,Non,C,C,C/D,C/D,C,C/D,C,C/D,C,C,C/D,C,C/D,C,C,C/D,C/D,Non,C/D,C/D,C/D,C/D,C,C/D,C,C,C,C/D,C/D,C/D,C,C/D,Non,Non,Non,C/D,C/D,C,C,C/D,C/D,C,Non,Non,C/D,C/D,C,Non,Non,C/D,C,C,C,Non,C/D,Non,Non,C,C/D,Non,Non,Non,C,Non,Non,C,C,C,C/D,Non,C,C/D,Non,Non,Non,Non,C/D,C/D,Non,C/D,C/D,C/D,Non,Non,Non,Non,C/D,C/D,C,C/D,Non,C,C,C,BL01UK02FR023,UKFR023,932,31.06666667,2020,gb
R_vN1EnKrKGqqsssV,Female,University degree or equivalent,University degree or equivalent,40,60,0,NA,French;40;,English;60;,,70,30,0,NA,French,NA,10,9,NA,NA,I always (or almost always) speak French to my child,Other(s),Lithuanian,1,9,10,Lithuanian,I regularly speak a mix of French / English / other languages to my child,First,NA,1,NA,NA,,C/D,C/D,C/D,C/D,C/D,C/D,C/D,C/D,C/D,C/D,C/D,C/D,C/D,Non,C,C/D,C/D,C/D,C/D,C/D,C,C/D,C/D,C/D,C/D,C,C/D,C/D,C/D,C/D,C,C/D,C/D,C/D,C,C/D,C/D,C/D,C/D,C/D,C,C/D,C/D,C/D,C/D,C/D,C/D,C/D,C/D,C/D,C/D,C/D,C/D,C/D,C/D,C/D,C/D,C/D,C/D,C/D,C/D,C/D,Non,C/D,C/D,C/D,C/D,C/D,Non,C/D,C/D,C/D,C/D,C,C/D,C,C/D,C/D,C/D,C/D,C/D,Non,C/D,C/D,C/D,C/D,Non,C/D,C/D,C/D,C/D,C/D,C/D,C/D,C,C/D,C/D,C/D,C/D,C/D,C,C/D,C/D,C/D,C/D,C/D,C/D,C/D,C/D,C/D,C/D,C/D,C/D,C/D,C/D,C/D,C/D,C,C/D,C/D,C/D,C,C,C/D,C,C,C/D,C/D,C/D,C/D,C/D,C/D,C/D,C,C/D,Non,C/D,C/D,Non,C/D,C/D,Non,C/D,C/D,C/D,C/D,Non,C/D,C/D,Non,C/D,Non,C/D,C/D,C/D,C/D,C/D,C/D,C/D,C/D,C/D,C/D,Non,Non,C/D,Non,C/D,C/D,C/D,C/D,C/D,C/D,C/D,C/D,C/D,C/D,C/D,C/D,C/D,C/D,C/D,C/D,C/D,C,Non,C/D,C/D,C/D,C/D,C/D,C/D,Non,C/D,C/D,C/D,C/D,C/D,Non,C/D,C/D,Non,Non,C/D,Non,C/D,C/D,C/D,C/D,C/D,Non,C/D,C,Non,C,Non,Non,C,C/D,C,C,C/D,C/D,C/D,C/D,C/D,C/D,C/D,C,C/D,C,C/D,C/D,C,C,Non,C/D,C/D,Non,Non,C/D,Non,C,Non,Non,C/D,C/D,C/D,C/D,C/D,C/D,C/D,C,C/D,C/D,C/D,C/D,C,C/D,C/D,C/D,C/D,Non,Non,C/D,C/D,C/D,C/D,C/D,C/D,C/D,C/D,C/D,C/D,C/D,C/D,C/D,C/D,C/D,Non,C/D,C,C/D,C/D,C/D,C/D,C/D,Non,C/D,C/D,C,C,C,C/D,C/D,C/D,C/D,C/D,C/D,C,C/D,C/D,C/D,C/D,C/D,C/D,C/D,C/D,C/D,C,NA,NA,C,C/D,C/D,C/D,C/D,C/D,C/D,C/D,Non,C/D,C/D,C/D,C,C,C,C,C/D,C,C/D,C,C/D,C/D,C/D,C/D,C/D,C/D,C/D,C,C/D,C/D,Non,C/D,C/D,C/D,C/D,C/D,C/D,C/D,C,C/D,C/D,C/D,C/D,C/D,C/D,C,C/D,C/D,C/D,C/D,C/D,C/D,C/D,C/D,C/D,Non,Non,C/D,C/D,C/D,Non,Non,C/D,C,C,C,Non,C,C,Non,C,C/D,C,C,C/D,C,C/D,C,C/D,C/D,C/D,C/D,Non,C,C,Non,Non,C,C,C,C/D,C,C/D,C/D,C/D,C,C,C,Non,C/D,C/D,C,C/D,C/D,C/D,C/D,C/D,BL01UK02FR012,UKFR012,943,31.43333333,2020,gb
R_xmTqrBCJZbnOrjH,Female,University degree or equivalent,University degree or equivalent,47,53,0,NA,French;47;,English;53;,,95,5,0,NA,French,NA,10,9,NA,NA,I always (or almost always) speak French to my child,Other(s),Lithuanian,1,9,10,Lithuanian,I regularly speak a mix of French / English / other languages to my child,First,NA,1,NA,NA,,C/D,C/D,Non,C/D,C/D,C/D,C/D,C/D,C/D,C/D,C/D,C/D,C/D,Non,Non,C/D,C/D,C/D,C/D,C/D,C/D,C/D,C/D,C/D,C/D,Non,C/D,C/D,C/D,C/D,C/D,C/D,C/D,C/D,C/D,C/D,C/D,C/D,C/D,C/D,Non,C/D,C/D,C/D,C/D,C/D,C/D,C/D,C/D,C/D,C/D,C/D,C/D,C/D,C/D,C/D,C/D,C/D,C/D,Non,C/D,C/D,C/D,C/D,Non,Non,C/D,Non,Non,Non,Non,C/D,C/D,C,C/D,C/D,C/D,C/D,C/D,C/D,C/D,Non,C/D,C/D,C/D,C/D,Non,Non,C/D,C/D,C/D,C/D,C/D,Non,Non,C/D,C/D,C/D,C/D,C/D,Non,Non,C/D,C/D,C/D,C/D,C/D,C/D,C/D,C/D,C/D,C/D,C/D,C/D,C/D,C/D,C/D,C/D,C/D,C/D,C/D,Non,C,C/D,Non,C/D,C/D,C/D,C/D,C/D,C/D,C,C/D,Non,C/D,Non,C/D,C/D,Non,C/D,C/D,Non,C/D,Non,C/D,C,C/D,C/D,C/D,C/D,C/D,Non,C,C,C/D,C/D,C,C/D,C/D,C/D,C,C/D,Non,Non,C/D,Non,C/D,C/D,C/D,C/D,Non,C/D,Non,Non,Non,C/D,C/D,C,Non,C/D,C/D,C/D,C/D,Non,Non,C/D,C/D,C/D,C/D,C/D,C/D,C/D,C/D,Non,C,C/D,C/D,C/D,C/D,C/D,Non,Non,C/D,Non,Non,C/D,C/D,Non,C/D,C/D,C/D,Non,Non,Non,C/D,Non,C/D,C/D,Non,Non,Non,C/D,C/D,C,C/D,C/D,Non,C/D,C/D,Non,C/D,C/D,Non,Non,Non,C/D,C/D,Non,Non,C/D,Non,Non,Non,Non,C/D,C/D,C/D,C/D,C/D,C/D,C/D,C,C,C/D,C,C/D,C,C/D,C/D,C/D,C/D,C,C,C/D,C/D,C/D,C/D,C/D,C/D,C/D,C,C/D,Non,C,C/D,C/D,C/D,C/D,Non,C/D,C/D,C/D,C/D,C/D,C/D,Non,C/D,Non,C/D,C/D,C,C/D,C,C/D,C/D,C/D,C/D,C/D,Non,C,C/D,Non,C/D,C/D,C/D,C/D,C,C,Non,NA,NA,C/D,C/D,C,C/D,C/D,C/D,C/D,C,Non,C,C/D,C/D,Non,C,C,C/D,C/D,C,C,Non,C/D,C,C/D,C/D,C/D,C/D,C/D,Non,C/D,C/D,Non,C/D,C/D,C/D,C/D,C/D,C/D,C/D,Non,C/D,C/D,C/D,C/D,C/D,C/D,Non,C/D,C/D,C/D,C/D,C/D,C/D,C/D,C/D,C/D,Non,Non,C/D,C/D,C/D,Non,Non,C/D,Non,Non,Non,Non,C,Non,Non,C,C,C,C,C,Non,Non,Non,C/D,C,Non,Non,Non,Non,Non,Non,Non,C,Non,C/D,C/D,C/D,C/D,C/D,C/D,C/D,C/D,C,Non,C/D,C/D,C/D,C/D,C/D,C/D,C/D,C/D,BL01UK02FR017,UKFR017,943,31.43333333,2020,gb
R_vNwM1d6R7ZfjIIx,Female,University degree or equivalent,University degree or equivalent,95,5,0,NA,French;95;,English;5;,,95,5,0,NA,French,NA,10,9,NA,NA,I always (or almost always) speak French to my child,Other(s),Lithuanian,1,9,10,Lithuanian,I regularly speak a mix of French / English / other languages to my child,First,NA,1,NA,NA,,C/D,C/D,C/D,C,Non,C/D,C/D,C/D,Non,C/D,C/D,C/D,C,C,C,C,C/D,C/D,C/D,C/D,Non,C/D,C/D,C/D,C/D,Non,C/D,C/D,C/D,C/D,C,C/D,C,C,Non,C/D,C/D,C/D,C/D,C,C,C/D,C/D,C,C,C/D,C/D,C/D,C/D,C/D,C,C,C/D,C/D,C/D,C/D,C/D,C/D,C/D,C/D,C,C/D,C/D,C/D,C,C,C/D,Non,Non,C/D,Non,C/D,Non,Non,C/D,C,Non,C/D,C/D,C/D,C/D,C,C/D,C/D,C/D,C/D,Non,C/D,C/D,C,C/D,C,C,C,Non,C/D,C/D,C/D,C/D,C/D,C,C,C/D,C/D,C,C,C/D,C/D,C,C,C,C/D,C/D,C,C/D,Non,C/D,C,C/D,C/D,C,Non,Non,C/D,Non,Non,C/D,C,C/D,Non,C/D,C,C,Non,C,Non,C,C/D,C,C,C,C,C/D,Non,C,Non,Non,C/D,C/D,C/D,C,Non,C,C,C/D,C,C,C/D,C,C/D,C/D,C/D,C,C,C/D,Non,C/D,C,C,C/D,C,C,C,C,C,C/D,C,C,C,C,C,C,C/D,C/D,Non,C,C/D,C,C/D,C/D,C,C/D,C/D,Non,C/D,C/D,C/D,Non,C/D,C/D,Non,C,C/D,Non,C,Non,C,C,C/D,Non,C,C/D,Non,Non,C,Non,C,C,Non,Non,Non,C/D,C/D,C,C/D,C/D,C,C/D,C/D,Non,C/D,C/D,Non,Non,Non,C/D,C/D,Non,Non,C/D,C/D,Non,C,Non,C/D,C/D,C/D,C/D,C,C/D,C/D,Non,Non,C,C,C/D,C,C/D,C/D,C,C/D,Non,C,C,C,C/D,C/D,C/D,C/D,C/D,C,C/D,C,C,C/D,C,C/D,C/D,Non,C,C,C/D,C/D,C/D,C/D,C,C/D,C,C,Non,Non,C,C,C,C,C,C,C,C,C/D,C/D,Non,C,C,C/D,C/D,C/D,C,C,NA,NA,C,C/D,C,C/D,C/D,C/D,C,C,Non,C,C/D,C/D,C,C,C,C,C,C,C,C,C/D,C,C,C/D,C/D,C/D,C/D,C,C/D,C/D,C,C/D,Non,C/D,C/D,C/D,C/D,Non,C,C,C/D,C/D,C/D,C,C/D,C/D,C,C/D,C/D,Non,C/D,C,C,C,C/D,Non,Non,C,C/D,C,Non,Non,C/D,Non,Non,Non,C,C/D,C,Non,C,Non,C,C,C,C,C,C,C/D,Non,Non,Non,Non,Non,Non,Non,Non,C,C,C,C,C,C,C,C/D,Non,C,C,Non,C/D,C,Non,C,C,Non,C/D,Non,BL01UK02FR027,UKFR027,686,22.86666667,2020,gb
R_DFZeq79fzNJbY7T,Male,University degree or equivalent,University degree or equivalent,30,70,0,NA,French;30;,English;70;,,40,60,0,NA,English,NA,2,10,NA,NA,I always (or almost always) speak English to my child,French,NA,10,9,NA,NA,I always (or almost always) speak French to my child,First,NA,1,NA,NA,,Non,Non,Non,Non,Non,Non,Non,C/D,Non,C,C,C/D,C,C,C,C,C,C,C,C,C,C,C,C,C,Non,C/D,C/D,C,C,C,C,C/D,C,Non,Non,C,C,C/D,C/D,C,C,C,C,C,C,C,C,C/D,C/D,C/D,C,C/D,C,C/D,C/D,C,C/D,C/D,C/D,Non,Non,C,Non,C,C,C/D,C,C,Non,C,C,C,C,C,C,C,C,C,C,C,Non,C,C/D,C/D,C,C,C,C/D,Non,C,Non,Non,C,Non,C/D,C/D,C/D,C/D,C/D,C/D,C,C/D,C/D,C/D,C/D,C/D,C/D,C/D,Non,C/D,C/D,C/D,C/D,C/D,Non,C,C,C,C,C,C,Non,C,C,Non,C,C/D,C,C,C,Non,Non,Non,C,Non,Non,C,C,C,C,Non,C,Non,C,C,Non,C/D,C/D,C,C,Non,C,Non,C,C,Non,C,C,C,C,C,Non,Non,C/D,C,C,Non,C,C,C,C/D,C,C,C,C,Non,C,Non,C,C,C,C,Non,Non,C,C,C,C,C,C,C,C/D,C,C,C,Non,Non,C,C,Non,C,C,Non,Non,Non,Non,Non,C,C,C,C,Non,Non,C,Non,C,C,Non,Non,Non,C,C,Non,C/D,C,C,C,C,C,C,C,C,C,Non,C/D,Non,Non,Non,C/D,Non,Non,Non,Non,C,C/D,C/D,C/D,C/D,C,C,C,C,Non,C,C/D,C/D,C/D,C/D,C,C/D,Non,C/D,C,C,C/D,Non,C,Non,Non,C,C,C,Non,C,C,C,C,Non,C,Non,C,C,C,C,Non,C,Non,C,Non,Non,Non,C,C,C,C,C,C/D,Non,C,C,C,C,C,C,C,C,C,C,NA,NA,Non,C,C,C,C,C,C,C,Non,C,C,C,Non,Non,Non,C,C,Non,C,C,C,C,C,C,C,C,C,C,C,C,C,C/D,C,C,C,C,C,C,C,C,C/D,C,C,C,C/D,C,Non,Non,C,C,C,C,C/D,C,C,Non,Non,C,C/D,C,Non,Non,C,C,C,C,Non,Non,Non,Non,Non,Non,C,Non,Non,Non,C,Non,Non,Non,C/D,C,Non,C,C,C,C,C,C,C,C,C,C,C,C,C,C,C,Non,C,C,C,C,C,C,C,C,BL01UK02FR025,UKFR025,840,28,2020,gb
R_1r65kFrOTmA2lzc,Female,University degree or equivalent,University degree or equivalent,90,10,0,NA,French;90;,English;10;,,98,2,0,NA,French,NA,10,9,NA,NA,I always (or almost always) speak French to my child,Other(s),Lithuanian,1,9,10,Lithuanian,I regularly speak a mix of French / English / other languages to my child,First,NA,1,NA,NA,,C,C/D,C/D,C,Non,C/D,Non,C/D,Non,C/D,C/D,C/D,C/D,C/D,Non,C,C/D,C/D,C/D,C/D,Non,C/D,C,C/D,C/D,Non,C/D,C/D,Non,C/D,C,C/D,C,C/D,Non,C/D,C/D,C/D,C/D,C/D,C,C/D,C/D,C/D,C,C,C/D,Non,C/D,C/D,C,Non,C,C/D,C/D,C/D,C/D,C,C/D,C/D,C,C/D,C/D,C/D,C,C,Non,Non,Non,C/D,Non,C/D,Non,Non,C/D,C/D,Non,C/D,C,C/D,C/D,C,Non,Non,C/D,C/D,Non,C,C/D,C/D,C/D,C,C/D,C,Non,C/D,C/D,C/D,C/D,C/D,C,C,C,C/D,C,C,C/D,C/D,C,C,C/D,C/D,Non,C/D,C/D,Non,C,Non,C/D,C/D,C,Non,C,C/D,Non,Non,C/D,C,C/D,Non,C/D,C,C/D,Non,C,Non,C,C,Non,C,C,C,C/D,Non,C,Non,Non,C,C/D,Non,C,Non,C,C,C/D,C,C,C/D,C/D,C/D,Non,C/D,C,C,C/D,Non,C/D,C,C,C/D,C/D,C,C,C/D,C,C/D,C,Non,C/D,C,C,C,C/D,C,Non,C,C/D,C,C/D,C/D,C,C/D,C/D,Non,C/D,C/D,C/D,Non,C/D,C/D,Non,C/D,C/D,Non,C,Non,C,C,C/D,C,C,C/D,Non,Non,C,Non,C,C/D,Non,Non,Non,C,C/D,C/D,C/D,C/D,C,C/D,C,Non,C/D,C/D,Non,Non,Non,C/D,C/D,Non,Non,C/D,C/D,Non,Non,Non,C/D,C,C/D,C,C,C/D,C/D,Non,Non,C,C,C/D,C,C/D,C/D,Non,C/D,C,C,C,C,C/D,C,C/D,C,C,C,C/D,C/D,C,C,C,C/D,C/D,Non,C,Non,C/D,C/D,C/D,C/D,C,C/D,C,C,Non,Non,C,C,C,C,C,C/D,C,C,C/D,C/D,Non,C/D,C,C/D,C/D,C/D,C,Non,NA,NA,C,C/D,Non,C/D,C/D,C/D,C,C,Non,C,C/D,C/D,C,C,C,C/D,C,C/D,C,Non,C/D,C,C,C/D,C,C/D,C,C,Non,C/D,Non,C/D,Non,C/D,C/D,C/D,C/D,Non,Non,C,C,C/D,C/D,Non,C/D,C,C,C/D,C/D,Non,C/D,Non,C/D,Non,C/D,Non,Non,C,C/D,Non,Non,Non,C/D,Non,Non,Non,C,C/D,C,Non,C,Non,Non,C,C,C,Non,Non,C/D,Non,Non,Non,Non,Non,Non,Non,Non,C,Non,C,C,C,C,C/D,C,Non,C,C,Non,C/D,C,C,C,C,Non,C/D,Non,BL01UK02FR029,UKFR029,699,23.3,2020,gb
R_RKOirjgIRWk0EPT,Female,University degree or equivalent,University degree or equivalent,85,14,1,Dutch,French;85;,English;14;,Dutch;1;,94,5,1,Dutch,French,NA,10,9,NA,NA,I always (or almost always) speak French to my child,Other(s),Lithuanian,1,9,10,Lithuanian,I regularly speak a mix of French / English / other languages to my child,First,NA,1,NA,NA,,C/D,C/D,C/D,C/D,C/D,C/D,C/D,C/D,C/D,C/D,C/D,C/D,C/D,C/D,C/D,C/D,C/D,C/D,C/D,C/D,C/D,C/D,C/D,C/D,C/D,C,C/D,C/D,C/D,C/D,C/D,C/D,C/D,C/D,C/D,C/D,C/D,C/D,C/D,C/D,C/D,C/D,C/D,C/D,C/D,C/D,C/D,C/D,C/D,C/D,C/D,C/D,C/D,C/D,C/D,C/D,C/D,C/D,C/D,C/D,C/D,C/D,C/D,C/D,C/D,C/D,C/D,C/D,C/D,C/D,C/D,C/D,C/D,C/D,C/D,C/D,C/D,C/D,C/D,C/D,C/D,C/D,C/D,C/D,C/D,C/D,Non,C/D,C/D,C/D,C/D,C/D,C/D,C/D,C/D,C/D,C/D,C/D,C/D,C/D,C/D,C/D,C/D,C/D,C/D,C/D,C/D,C/D,C/D,C/D,C/D,C/D,C/D,C/D,C/D,C/D,C/D,C/D,C/D,C/D,C/D,C/D,C/D,C/D,C/D,C/D,C/D,C/D,C/D,C/D,C/D,C/D,C/D,C/D,C/D,C/D,C/D,C/D,C/D,C/D,C/D,C,C/D,C/D,C/D,C/D,C/D,C/D,C/D,C/D,C/D,Non,C/D,C/D,C/D,C/D,C/D,C/D,C/D,C/D,C/D,C/D,C/D,C/D,C/D,C/D,C/D,C/D,C/D,C/D,C/D,C/D,C/D,C/D,C/D,C/D,C/D,C/D,C/D,C/D,C/D,C/D,C/D,C/D,Non,C/D,C/D,C/D,C/D,C/D,C/D,C/D,C/D,C/D,C/D,C/D,C/D,C/D,C/D,C/D,C,C/D,C/D,C/D,C/D,C/D,C/D,C/D,C/D,C/D,C/D,C/D,C/D,C,C/D,C/D,C/D,C/D,C/D,C/D,C/D,C/D,C/D,C/D,C/D,C/D,C/D,C/D,C/D,C/D,C/D,C/D,C/D,C/D,C,C/D,C/D,Non,C/D,C/D,C/D,C/D,C/D,C/D,C/D,C/D,C/D,C/D,C/D,C/D,C/D,C/D,C/D,C/D,C/D,C/D,C/D,C/D,C/D,C/D,C/D,C/D,C/D,C/D,C/D,C/D,C/D,C/D,C/D,C/D,C/D,C/D,C/D,C/D,C/D,C/D,C/D,C/D,C/D,C/D,C/D,C/D,C/D,C/D,C/D,C/D,C/D,C/D,C/D,C/D,C/D,C/D,C/D,C/D,C/D,C/D,C/D,C/D,C/D,C/D,C/D,C/D,C/D,C/D,C/D,C/D,C/D,C/D,C/D,NA,NA,C/D,C/D,C/D,C/D,C/D,C/D,C/D,C/D,C,C/D,C/D,C/D,C/D,C/D,C/D,C/D,C/D,C/D,C/D,C/D,C/D,C/D,C/D,C/D,C/D,C/D,C/D,C,C/D,C/D,C/D,C/D,C/D,C/D,C/D,C/D,C/D,C/D,C/D,C/D,C/D,C/D,C/D,C/D,C/D,C/D,C/D,C/D,C/D,C/D,C/D,C/D,C/D,C/D,C/D,C,C,C/D,C/D,C/D,C/D,Non,C/D,C/D,C/D,C/D,C/D,C/D,C/D,C,C/D,C/D,C/D,C/D,C/D,C/D,C,C/D,C/D,C/D,C/D,C/D,C/D,C/D,C/D,C,C/D,C/D,C/D,C/D,C/D,C/D,C/D,C/D,C/D,C/D,C/D,C/D,C,C/D,C/D,C/D,C/D,C/D,C/D,C/D,C/D,BL01UK02FR032,UKFR032,830,27.66666667,2020,gb
R_3ho4nh4VdWMY7dE,Female,University degree or equivalent,Left school at 18 with A-Levels or equivalent,60,40,0,NA,French;60;,English;40;,,95,5,0,NA,French,NA,10,9,NA,NA,I always (or almost always) speak French to my child,English,NA,3,10,0,NA,I always (or almost always) speak English to my child,First,NA,1,NA,NA,,Non,Non,Non,Non,Non,Non,Non,Non,Non,Non,Non,Non,Non,Non,Non,Non,Non,Non,Non,Non,Non,Non,Non,Non,Non,Non,Non,Non,Non,Non,Non,Non,Non,Non,Non,Non,Non,Non,Non,Non,Non,Non,Non,Non,Non,Non,Non,Non,Non,Non,Non,C,Non,C,Non,C,C,C,C,C,C,C,C,C,C,C,C,C/D,Non,Non,Non,Non,Non,Non,C,Non,Non,Non,Non,Non,Non,Non,Non,Non,C/D,Non,Non,Non,C,Non,C,Non,Non,Non,Non,Non,Non,Non,Non,Non,Non,Non,Non,Non,Non,Non,Non,C,Non,Non,Non,Non,Non,Non,Non,C,Non,C,Non,C,Non,C,Non,C,C,Non,Non,C,C,Non,Non,Non,Non,Non,C,Non,C,C,C,C,C,Non,Non,Non,Non,Non,Non,Non,C,C,C,Non,C,C,C,Non,C,Non,C,C,Non,C,Non,Non,Non,Non,Non,Non,Non,Non,Non,Non,Non,Non,Non,Non,Non,Non,Non,Non,C,Non,Non,Non,Non,C,C,C,C,C,C,C,C,Non,C,Non,C,Non,C,C,Non,Non,Non,Non,Non,Non,Non,C,C,Non,Non,Non,Non,Non,Non,Non,Non,C,Non,Non,Non,C,C,C,C,C,Non,C,Non,Non,Non,Non,C,C,Non,C/D,Non,Non,Non,C/D,Non,Non,Non,Non,C,C,C,C/D,C,Non,C,C,C,C,Non,C/D,C,Non,Non,C,Non,C,Non,Non,C,Non,Non,C,Non,C,Non,Non,Non,Non,C,Non,Non,Non,Non,Non,Non,Non,Non,Non,Non,Non,Non,Non,C,Non,Non,Non,C,Non,Non,Non,C,Non,Non,Non,Non,Non,C,Non,Non,C,Non,C,Non,NA,NA,Non,C,Non,Non,C,C,C,C,Non,C,C,Non,Non,Non,Non,Non,Non,Non,C,C,Non,C,Non,C/D,C,Non,Non,Non,Non,Non,Non,Non,Non,Non,Non,Non,Non,Non,Non,Non,C/D,Non,Non,Non,Non,Non,Non,Non,Non,C,Non,Non,Non,Non,Non,Non,Non,Non,Non,Non,Non,Non,Non,Non,Non,Non,C,C,Non,Non,Non,Non,C,C,C,C,C,C,Non,C,Non,Non,Non,Non,Non,Non,Non,Non,Non,Non,Non,C,Non,Non,Non,Non,Non,Non,Non,Non,Non,Non,Non,Non,Non,Non,Non,BL01UK02FR031,UKFR031,618,20.6,2020,gb
R_3edZM2ccWqfhak7,Male,University degree or equivalent,University degree or equivalent,30,70,0,NA,French;30;,English;70;,,50,50,0,NA,English,NA,2,10,NA,NA,I always (or almost always) speak English to my child,French,NA,10,9,NA,NA,I always (or almost always) speak French to my child,First,NA,1,NA,NA,,C,C,C,C,C,C,C/D,C,C,C,C/D,Non,Non,Non,Non,C,Non,Non,Non,C,Non,C,Non,C/D,Non,Non,Non,C,C,Non,Non,C,C,Non,Non,C,Non,C,Non,Non,Non,C/D,Non,Non,C,C,C,C/D,Non,Non,Non,Non,Non,C,C,Non,C/D,C,C,C,C,C,C,Non,Non,C,C/D,Non,C,Non,Non,Non,C,C,C/D,Non,Non,C/D,Non,C,C,Non,Non,Non,C,Non,Non,Non,C,Non,C,Non,Non,Non,Non,C,C,C,Non,C,C,Non,Non,C,Non,Non,C,C,Non,Non,C,C,C,C,C,Non,Non,C,C,C,C/D,Non,C,C,Non,Non,C,Non,C,Non,C,Non,Non,Non,Non,Non,C,C,Non,C,C,Non,Non,C,Non,C,C,C,C/D,C,C,Non,C,C,C,C,C,C,C,C,C,C/D,Non,Non,Non,Non,Non,Non,C,Non,C,C,Non,Non,Non,Non,Non,Non,Non,Non,C,Non,Non,Non,Non,C,C,C,C,C,C,Non,C,Non,C,Non,C,Non,C,C,Non,C,C,Non,Non,Non,Non,Non,C,Non,C,Non,Non,C,C,Non,C,C,C,C/D,Non,C,C,C,C,C,Non,Non,Non,Non,Non,Non,Non,Non,Non,C/D,C,Non,Non,C,Non,Non,Non,Non,C,C,C,C,C,C/D,C,C,Non,Non,C,C/D,C,C/D,C,C,C,C,C,C,C,C,C,C,C,C,C,C,C,Non,C,C,C,Non,Non,C,Non,Non,C,C,Non,C,C,Non,C,Non,C,C,C,C,Non,C,C,C,Non,Non,C,Non,Non,C,C,C,C,Non,Non,NA,NA,Non,C,Non,Non,C,C,C,Non,Non,C,Non,Non,Non,C,Non,Non,C,Non,Non,C,C,C,C,C,C,Non,C,Non,C,C,Non,Non,C,Non,C/D,Non,Non,Non,Non,C,C,C,Non,Non,Non,C,Non,C,C,C,C,C,Non,C,C,Non,Non,C,Non,C,Non,Non,C,Non,Non,C,Non,C,Non,Non,C,C,Non,Non,C,Non,Non,Non,Non,C,C,C,Non,C,C,Non,C,C,Non,C,C,C,Non,Non,C,Non,C,C,Non,C,C/D,Non,Non,Non,C,C,C,BL01UK02FR033,UKFR033,666,22.2,2020,gb
R_24j9D1q64sPALlb,Male,University degree or equivalent,University degree or equivalent,75,20,5,NA,French;75;,English;20;,Other;5;,75,20,5,NA,English,NA,2,10,NA,NA,I always (or almost always) speak English to my child,French,NA,10,9,NA,NA,I always (or almost always) speak French to my child,First,NA,1,NA,NA,,C,C,C,C,C,C,C,C,Non,C,C,C,Non,Non,Non,C,Non,C,C,C,Non,C,Non,C,C,Non,Non,C,Non,Non,Non,C,Non,Non,Non,C,Non,Non,Non,C,Non,Non,Non,Non,Non,Non,C,Non,C,C,C,C,C,C,C,C,C,C,Non,C,C,C,C/D,Non,Non,Non,Non,Non,C,C,Non,Non,Non,Non,C,C,Non,C,Non,C,Non,Non,C,Non,C,C/D,Non,Non,Non,Non,C,C,Non,Non,Non,C,Non,Non,Non,Non,Non,Non,C,C,Non,Non,C,C,Non,Non,C,Non,C/D,Non,Non,Non,C,C,Non,C,C,Non,Non,C,Non,Non,Non,Non,C,C,C,Non,Non,C,C,Non,C,C,C,C,C/D,Non,C,Non,C,C,Non,C,Non,C,Non,Non,C/D,Non,Non,C,Non,Non,C,Non,Non,C,Non,Non,Non,Non,Non,Non,C,Non,Non,C,Non,Non,Non,Non,C,Non,Non,Non,C,Non,Non,Non,Non,C,Non,C,Non,Non,C,C,C,C,C,C,Non,Non,C,C,Non,Non,C,Non,Non,Non,Non,Non,Non,Non,Non,Non,Non,Non,Non,Non,Non,Non,Non,Non,Non,C,C,Non,Non,Non,Non,Non,Non,Non,Non,Non,C,Non,Non,C/D,C,Non,C,C,Non,C,Non,Non,C,C,C,C,C,Non,C,Non,Non,Non,C,C,C,C,C,Non,Non,Non,Non,Non,C,C,C,C,C,C,C,C,Non,C,C,C,Non,C,C,C,Non,Non,C,C,C,Non,C,Non,C,Non,Non,C,Non,Non,C,C,C,Non,Non,C,C,Non,C,C,C,C,C,C,Non,NA,NA,Non,C,C,C,C,C,C,C,Non,C,C,C,Non,Non,C,Non,Non,Non,Non,Non,C,C,C,C,Non,Non,Non,Non,Non,Non,Non,Non,Non,Non,C,Non,Non,Non,Non,Non,C,C,Non,C,Non,Non,Non,Non,Non,Non,C,Non,Non,Non,Non,Non,Non,Non,Non,Non,Non,Non,C/D,C,Non,Non,Non,C,C,Non,C,Non,Non,Non,Non,Non,C,Non,Non,Non,Non,Non,Non,Non,Non,Non,Non,Non,Non,Non,C,Non,Non,Non,Non,Non,Non,C,Non,Non,Non,Non,Non,Non,Non,C,Non,BL01UK02FR034,UKFR034,618,20.6,2020,gb
R_31jCVQDbRBCvgyq,Male,University degree or equivalent,University degree or equivalent,20,80,0,NA,French;20;,English;80;,,50,50,0,NA,English,NA,2,10,NA,NA,I always (or almost always) speak English to my child,French,NA,10,9,NA,NA,I always (or almost always) speak French to my child,First,NA,1,NA,NA,,C/D,C,Non,Non,Non,Non,C,C,C/D,Non,C/D,C/D,C,Non,Non,C,C,C/D,C/D,C,Non,C/D,C,C,C,Non,C,C,C,C,C/D,C/D,C,C,Non,C,C,C/D,C,Non,Non,C,C,C,C,C/D,C,Non,C,C,Non,Non,Non,C,C,C,C/D,C,C,C,Non,C,C,C,C,Non,C/D,Non,Non,C,C,C,C,Non,C/D,Non,C,C/D,C/D,Non,C,Non,Non,Non,Non,C,Non,Non,C/D,C,C/D,Non,Non,Non,Non,C,C,C,C,Non,Non,Non,C,Non,Non,C,C,C,C,C,C,C,C,C,C,Non,C,Non,C,C/D,C,Non,C,C/D,Non,Non,C,C,C,C,C,C,C,C,C,Non,C,C,C,C,C,Non,C,Non,C,C,Non,C,C,C,C,Non,C,Non,C,C/D,Non,C,C,C,C,C/D,C,Non,C,Non,C,Non,C,C,C,C,Non,Non,Non,C,Non,C,Non,C,C,C,C,Non,Non,Non,C,C,C,C/D,C,C,C,C,Non,C,C/D,Non,C,C,Non,Non,C,Non,Non,C,Non,Non,C,Non,C,Non,Non,Non,C,Non,C,C,Non,Non,Non,C,C,C,C/D,Non,Non,Non,C,Non,Non,Non,Non,Non,Non,C/D,Non,Non,Non,C,Non,Non,C,Non,C,C,C/D,C,C/D,C/D,C/D,C,Non,C,C,C,C,C/D,C/D,C,C,Non,C,C,C,C,Non,C,C,C,C,C,Non,Non,C,C,C,C,Non,C,Non,C,C/D,C,C,C,C,Non,C,Non,C,C,C,C,C,C,C,C,Non,Non,Non,Non,C,Non,C,Non,C,C,C,NA,NA,C,C/D,C,C,C,C,C,C,Non,C,C,C,Non,Non,Non,C,C/D,Non,C,Non,C,C,C,C,C,Non,C,C,C,C,Non,Non,C,C,C/D,C,C,Non,C,C,C,C,C,C,Non,C,Non,Non,Non,C,C,C,Non,C,C,Non,Non,C,Non,Non,Non,Non,C,Non,C,C,C/D,C,C,Non,C,C,Non,Non,C,Non,C,C,C,C,C,C,Non,C,C,Non,C,C,Non,C,C,Non,C,C,C/D,C,Non,C,Non,C,C/D,C,C,C,Non,C,C,BL01UK02FR019,UKFR019,867,28.9,2020,gb
R_2PhBoxUQgEZXOgY,Male,University degree or equivalent,University degree or equivalent,30,70,0,NA,French;30;,English;70;,,60,40,0,NA,English,NA,2,10,NA,NA,I always (or almost always) speak English to my child,French,NA,10,9,NA,NA,I always (or almost always) speak French to my child,First,NA,1,NA,NA,,C/D,C/D,C/D,C/D,C/D,C/D,C/D,C/D,C/D,C/D,C/D,C/D,C/D,C,C,C,C,C,C,C/D,C/D,C/D,C/D,C/D,C/D,Non,C/D,C/D,C/D,C/D,C/D,C/D,C/D,C/D,C,C/D,C,C/D,C/D,C/D,C,C/D,C,C/D,C,C,C/D,C/D,C/D,C/D,C/D,C,C/D,C,C,C,C/D,C/D,C/D,C,C,C,C/D,Non,C,C,C/D,C/D,C,Non,C/D,C/D,C/D,C,C,C/D,C/D,C/D,C,C/D,C,Non,C,C/D,C/D,C/D,Non,Non,C/D,C,C/D,C/D,Non,C/D,C,C,C,C/D,C,C,C,Non,C,C/D,C,C,C/D,C/D,C,C,C/D,C/D,C/D,C,C/D,C,C/D,C,C,C/D,C/D,C,C,C/D,C,C/D,C/D,C,C/D,C/D,C/D,Non,C/D,C,C,Non,C/D,C/D,C,C/D,C/D,Non,C,C,C,C,C/D,C/D,C/D,C/D,C,Non,C,C/D,C/D,C/D,C,C/D,C,C,C,C,C,Non,C/D,Non,C/D,C,C,C/D,C,C/D,C,C,C,C/D,C,C/D,C,C/D,C,C/D,C,C,C,C,C,C,C,C,C/D,C/D,C/D,C,C/D,C,C/D,C,C/D,C/D,C,C,C/D,C,C,C,C,C,C/D,C,C/D,C,C,C,C/D,C,C/D,C/D,C/D,Non,C,C,C,C/D,C/D,C,C,C,C,C/D,C,C,C,C,Non,C/D,C,Non,C/D,C/D,C,C/D,C/D,Non,C,C,C/D,C/D,C/D,C/D,C/D,C/D,C/D,C/D,C/D,C/D,C,C/D,C,C/D,C/D,C,C/D,C,C/D,C/D,C,C,C,C/D,C,C/D,C/D,C,C/D,C/D,C/D,C,C/D,C,C/D,C/D,C/D,C/D,C/D,C,C/D,C,C/D,C,C,C,C,C/D,C,C/D,C/D,C/D,C,C/D,C/D,C,C/D,C/D,C/D,C/D,C/D,C,C,NA,NA,C,C/D,C,C,C,C,C,C,C,C,C/D,C/D,C,C,C,C,C/D,C,C,C,C/D,C,C,C/D,C,C,C/D,C,C/D,C,C,C/D,C/D,C/D,C/D,C,C,C,C,C,C/D,C/D,C,C,C/D,C,C,C,C/D,C,C,C,C/D,C,C/D,C,C,C,C/D,C,C,C,C/D,C,C,C,C,C,C,C,C,C,C,C,C/D,C,C,C,C/D,C/D,C,C,C,C,C,C,C,C/D,C,C/D,C,C,C,C,C,C,C,C,C,C,C/D,C,C/D,C/D,C,C,C/D,BL01UK02FR028,UKFR028,904,30.13333333,2020,gb
R_2SuEZEml5guDQwC,Male,University degree or equivalent,University degree or equivalent,20,80,0,NA,French;20;,English;80;,,50,50,0,NA,English,NA,2,10,NA,NA,I always (or almost always) speak English to my child,French,NA,10,9,NA,NA,I always (or almost always) speak French to my child,First,NA,1,NA,NA,,C/D,C/D,C,C/D,C/D,C/D,C/D,C/D,C/D,C/D,C/D,C/D,C,Non,C,C,C,Non,Non,C,C,C,C,C,C,Non,Non,C/D,C/D,C,C,C,C,C,Non,C,C,C,C,C,Non,Non,C,Non,C,Non,C,C,C,C/D,C,Non,C,C,C,C,C/D,C,Non,C,Non,C,C,C,Non,C,C/D,C/D,C,Non,Non,Non,Non,C,C/D,C/D,C/D,C/D,Non,Non,C/D,C,C,C/D,C/D,C,Non,C/D,C/D,Non,C,C,C/D,Non,C,C,C/D,C,C,C,C,C,C,C/D,C,C,C/D,C/D,C,Non,C/D,C/D,C/D,C,C/D,Non,C/D,C,C,C/D,C/D,Non,C,C/D,Non,C,C,C,C,C,C,Non,Non,C/D,Non,Non,C,C,Non,C,C,Non,C,C,Non,C,Non,C,C/D,C,Non,Non,C,C,C,C,Non,C,C,C,C,C/D,C,Non,C/D,C,C,Non,C,C,C,C,Non,Non,Non,Non,Non,C,Non,C,C,C,C,Non,Non,C,C,C,Non,C,C,C,C,Non,C,C,C/D,Non,C,C,C,C,C/D,C,C,C,C,C,C,Non,C,Non,Non,Non,C,Non,C,C,C,Non,C,C,C,C,C/D,Non,Non,Non,Non,Non,Non,Non,C/D,C/D,Non,C/D,Non,Non,Non,Non,Non,Non,Non,Non,C,C,C,C/D,C/D,C/D,C/D,C,C,C,C,C/D,C,C/D,C,C,C/D,Non,C,C,C,C,C,C,C,C,C,C,C,C,C,C,C,C,Non,C,C,C,C,C,C,C,C/D,C,C,Non,C,C,C,C,C,C,C,Non,C,C,C,C,C,C,C,C/D,C,C,Non,NA,NA,Non,C,C,C,C,C,C,C,Non,C,C,C,C,C,C,C,C/D,C,C,Non,C/D,C,C,C,C,C,C/D,C,C,C,C,C/D,C,C,C/D,Non,Non,Non,C,C,C/D,C/D,C,C,C/D,C,C,Non,Non,C,C,C,C/D,C,Non,Non,Non,C,Non,C,Non,Non,C,Non,Non,Non,C,C,C,C,C,C,C,C,C/D,C,C,C,C/D,C/D,C,Non,Non,Non,C,Non,Non,C,Non,C,C,C,C,C,C,C,C,C,C,C/D,C/D,C,C,C,Non,C,Non,BL01UK03FR024,UKFR024,726,24.2,2020,gb
R_2EAK32qp7O3mhZg,Female,University degree or equivalent,Left school at 18 with A-Levels or equivalent,70,30,0,NA,French;70;,English;30;,,50,50,0,NA,French,NA,10,9,NA,NA,I always (or almost always) speak French to my child,English,NA,3,10,0,NA,I always (or almost always) speak English to my child,First,NA,1,NA,NA,,C,C,Non,C/D,C/D,C/D,C,C/D,C/D,C/D,C,C,C/D,Non,Non,Non,Non,Non,Non,C,Non,C/D,C/D,C/D,C,Non,Non,C,C,C,Non,C/D,C/D,C,Non,C,C,C/D,C,C/D,Non,Non,C,C,C,C/D,C/D,C/D,C/D,C/D,C/D,Non,C/D,C/D,Non,C/D,C/D,C,C,C,Non,C,C/D,Non,C,C,C/D,Non,Non,Non,C/D,C,C,Non,C/D,Non,C/D,C/D,C/D,Non,C/D,Non,Non,Non,C/D,C,Non,Non,C/D,C,C/D,Non,Non,Non,Non,C/D,Non,C,C/D,Non,Non,Non,Non,Non,C,Non,C,C,Non,Non,C,C,C/D,Non,C,Non,C/D,C,C/D,C/D,C/D,Non,Non,C,Non,Non,C/D,Non,C,C/D,C,Non,Non,C/D,Non,Non,C,C,Non,Non,Non,Non,C,Non,C,Non,Non,C/D,C/D,C/D,C/D,Non,Non,Non,C,C/D,Non,Non,C,C/D,C,C/D,Non,Non,Non,Non,C/D,Non,C,Non,Non,C/D,Non,Non,Non,C/D,Non,Non,Non,C/D,C,Non,Non,Non,Non,Non,C,Non,C/D,C/D,C,C,C,Non,C,C,Non,Non,C,C,Non,Non,Non,Non,Non,Non,Non,Non,C,Non,Non,Non,Non,Non,C/D,Non,Non,Non,Non,Non,Non,C/D,Non,Non,C/D,Non,Non,Non,C/D,Non,Non,Non,Non,Non,Non,C/D,C/D,Non,Non,C/D,Non,Non,Non,Non,C,C,C,C,C,C,C/D,Non,Non,C,C,C/D,C,C/D,C,C,C/D,Non,Non,Non,C,C,Non,Non,Non,Non,Non,C,Non,Non,C,C,C,C,Non,Non,Non,Non,C,C,C,Non,C,Non,C,Non,Non,Non,Non,Non,Non,C,Non,Non,Non,C,C,Non,Non,Non,C/D,C/D,Non,Non,Non,NA,NA,Non,C,Non,C,Non,Non,Non,Non,Non,Non,Non,C,Non,Non,Non,Non,Non,Non,Non,Non,Non,Non,Non,C,C/D,C,C,Non,Non,C,Non,C/D,C,C,C/D,Non,Non,Non,Non,C,C/D,C,C,C,C/D,Non,Non,Non,Non,Non,C/D,Non,C/D,C/D,Non,Non,Non,Non,C/D,Non,Non,Non,C,Non,Non,Non,Non,C,Non,Non,C,C,Non,Non,C,Non,Non,Non,Non,C,Non,C/D,Non,Non,Non,Non,Non,Non,Non,Non,C,Non,C,C/D,C/D,Non,Non,Non,Non,C/D,Non,Non,C,Non,Non,Non,C,BL01UK02FR007,UKFR007,760,25.33333333,2020,gb
R_2tFjIFRj7emc8PR,Male,University degree or equivalent,University degree or equivalent,50,50,0,NA,French;50;,English;50;,,50,50,0,NA,English,NA,2,10,NA,NA,I always (or almost always) speak English to my child,French,NA,10,9,NA,NA,I always (or almost always) speak French to my child,First,NA,1,NA,NA,,C/D,Non,C,C,C,C,C/D,C,C/D,C/D,Non,C/D,Non,Non,Non,Non,Non,Non,Non,Non,Non,C,C,C,Non,Non,Non,Non,Non,Non,Non,C,Non,Non,Non,C,C,Non,Non,C,Non,Non,Non,Non,Non,Non,Non,Non,C,C,C,Non,Non,C,Non,C,C,C,C,C,C,C,C,C,Non,Non,Non,Non,Non,Non,Non,C,Non,Non,C,C,C,C,Non,Non,Non,Non,Non,Non,C,C,Non,C,Non,Non,C,Non,Non,Non,Non,C,Non,C,C,C,C,Non,Non,Non,Non,Non,C,C,C,Non,C,C,C,C,C,Non,C,Non,Non,Non,C,Non,Non,Non,Non,Non,Non,Non,Non,Non,C,Non,Non,Non,Non,Non,C,C,Non,Non,C,Non,C,Non,Non,Non,Non,C,C,C,Non,Non,Non,Non,C,C,C,C,C,C,Non,C,Non,Non,C,Non,C,Non,Non,Non,Non,C,C,Non,Non,Non,Non,Non,Non,Non,Non,Non,Non,Non,Non,Non,Non,Non,Non,Non,C,C,C,Non,Non,Non,Non,Non,Non,Non,Non,Non,Non,Non,Non,Non,Non,Non,Non,Non,Non,Non,Non,Non,Non,Non,Non,C,Non,C/D,Non,C,Non,Non,C,Non,Non,Non,Non,Non,Non,Non,C,C,Non,C/D,Non,Non,Non,Non,Non,Non,C,Non,C/D,C,C,C,C,C/D,C,Non,Non,Non,C,Non,C,C,C,Non,Non,Non,C,Non,Non,C,Non,C,C,C,C,C,C,Non,C,C,C,C,Non,Non,Non,Non,C,C,C,Non,C,Non,C,C,Non,C,C,Non,Non,C,Non,Non,Non,Non,C,C,C,C,C,C,Non,C,Non,NA,NA,Non,Non,Non,Non,Non,C,C,C,Non,C,C,C,Non,C,Non,C,C,Non,Non,Non,C,Non,C,C,C,Non,Non,Non,Non,Non,C,C,C,C,C,Non,C,Non,Non,Non,C,C,Non,Non,Non,Non,Non,Non,Non,Non,C,C,Non,C,Non,Non,Non,Non,Non,Non,Non,C,C,C,C,C,Non,C,Non,Non,C,C,Non,Non,Non,Non,C,Non,C,C,C,C,Non,C,C,Non,Non,Non,Non,C,C,Non,Non,C,C,Non,Non,Non,Non,Non,C,C,C,Non,Non,C,Non,BL01UK02FR018,UKFR018,564,18.8,2020,gb
R_2ASS8HoQPxd36hJ,Female,University degree or equivalent,University degree or equivalent,50,50,0,NA,French;50;,English;50;,,60,40,0,NA,French,NA,10,9,NA,NA,I always (or almost always) speak French to my child,Other(s),Lithuanian,1,9,10,Lithuanian,I regularly speak a mix of French / English / other languages to my child,First,NA,1,NA,NA,,C/D,C/D,C/D,C/D,C/D,C/D,C/D,C/D,C/D,C,C/D,C/D,C/D,C/D,C/D,C/D,C/D,C/D,C/D,C/D,C/D,C/D,C/D,C/D,C/D,C,C/D,C/D,C/D,C/D,C/D,C/D,C/D,C/D,C/D,C/D,C/D,C/D,C/D,C/D,C,C/D,C/D,C/D,C/D,C/D,C/D,C/D,C/D,C/D,C/D,C/D,C/D,C/D,C/D,C/D,C/D,C/D,C/D,C/D,C/D,C/D,C/D,C/D,C/D,C,C/D,Non,Non,Non,Non,C/D,Non,C/D,C/D,C/D,C/D,C/D,C/D,C/D,C/D,C,C/D,C/D,C/D,C/D,Non,C/D,C/D,C/D,C/D,C/D,C/D,Non,C,C/D,C,C/D,C/D,C,Non,Non,C/D,C,C,C/D,C/D,C/D,C,C,C/D,C/D,C/D,C/D,C/D,Non,C/D,C/D,C/D,C/D,C/D,Non,C/D,C/D,C/D,C,C/D,C/D,C/D,C,C/D,Non,C/D,C/D,C,Non,C/D,C/D,Non,C,C,Non,C,Non,C,C/D,Non,C/D,C/D,C/D,C/D,Non,C,Non,C/D,C/D,C,C/D,C,C,C/D,C/D,C/D,Non,C/D,C,C/D,C/D,C/D,C/D,C,C/D,Non,C/D,C,C/D,C/D,C/D,C,C/D,C/D,C/D,C/D,C/D,C,C/D,C/D,C/D,C/D,C,C/D,C,C,C,C/D,C/D,Non,Non,C/D,C/D,Non,C/D,C/D,C/D,C/D,C,C,C,C/D,C/D,C/D,C,Non,C,C/D,Non,C/D,C/D,Non,C/D,C,C/D,C/D,C/D,C/D,C/D,C/D,C/D,C/D,Non,C/D,C,C,C,C/D,C/D,C/D,Non,Non,C/D,C,C/D,Non,Non,C/D,C/D,C/D,C/D,C/D,C/D,C/D,C,C,C/D,C/D,C/D,C/D,C/D,C/D,C/D,C/D,Non,Non,C/D,C/D,C,C,C/D,C,C,C/D,C/D,C,Non,C/D,C/D,C/D,C/D,Non,C/D,C/D,C/D,C/D,C/D,C/D,C,C/D,C,C/D,C/D,Non,C,C,C,C,C/D,C/D,C/D,C,C,C/D,Non,C/D,C,C/D,C/D,C/D,C,C,NA,NA,C/D,C/D,C,C/D,C,C,C,C,Non,C/D,C/D,C/D,C,C,C,C/D,C/D,C,C/D,C,C/D,C,C/D,C/D,C/D,C/D,C/D,Non,C/D,C/D,Non,C/D,C/D,C/D,C/D,C/D,C,C,C,C,C/D,C/D,C/D,C/D,C/D,C/D,C/D,C/D,C/D,C/D,C/D,C/D,C/D,C/D,C/D,Non,Non,C/D,C/D,C/D,C/D,Non,C/D,C,C,C,C,C/D,C,Non,C,C/D,C/D,Non,C/D,C/D,C/D,Non,C/D,C/D,C/D,C/D,Non,C,C/D,C,C,C,C,C/D,C/D,C/D,C/D,C/D,C/D,Non,C,C,Non,C/D,C/D,C/D,C/D,C/D,C,C/D,C/D,BL01UK03FR023,UKFR023,1022,34.06666667,2020,gb
R_cIPxmAxS9Uhwio9,Female,University degree or equivalent,Left school at 18 with A-Levels or equivalent,60,40,0,NA,French;60;,English;40;,,70,30,0,NA,French,NA,10,9,NA,NA,I always (or almost always) speak French to my child,English,NA,3,10,0,NA,I always (or almost always) speak English to my child,First,NA,1,NA,NA,,C,Non,Non,Non,Non,Non,C/D,Non,C,Non,Non,Non,Non,Non,Non,Non,Non,Non,Non,Non,Non,C/D,Non,C,Non,Non,Non,Non,Non,Non,Non,Non,Non,Non,Non,Non,Non,Non,Non,Non,Non,Non,Non,Non,Non,Non,Non,Non,Non,Non,Non,Non,Non,C,Non,Non,Non,C,Non,Non,Non,C,C,Non,C,Non,C,Non,C,Non,Non,C,Non,Non,C,C,C,C,C,Non,C,Non,Non,C,C,C,C,C,Non,Non,Non,Non,Non,Non,Non,Non,Non,Non,Non,Non,Non,Non,Non,Non,Non,Non,C,Non,Non,Non,Non,Non,C,Non,Non,Non,C,Non,C,C,C/D,Non,Non,C,Non,Non,C,C,Non,Non,C,Non,Non,Non,Non,Non,Non,Non,C,Non,Non,Non,Non,Non,Non,Non,Non,C,Non,Non,Non,Non,Non,Non,Non,Non,Non,Non,Non,Non,Non,Non,Non,Non,Non,Non,Non,Non,C,Non,Non,Non,Non,Non,Non,Non,Non,Non,C,Non,Non,Non,Non,Non,Non,Non,Non,Non,Non,Non,Non,Non,Non,Non,Non,Non,Non,Non,C,Non,Non,Non,Non,Non,Non,Non,Non,Non,Non,Non,Non,Non,Non,Non,Non,Non,Non,Non,Non,Non,C,Non,Non,Non,Non,Non,Non,Non,Non,Non,Non,Non,C,C,Non,C,Non,Non,Non,C,Non,Non,Non,Non,C,C/D,C,C,C,Non,C,Non,Non,Non,Non,C,C,C,C,C,C,C,C,Non,Non,Non,Non,C,Non,C,Non,Non,Non,Non,C,C,Non,C,Non,Non,Non,Non,Non,C,C,Non,C,Non,C,Non,Non,Non,Non,Non,Non,C,C,Non,Non,Non,C,Non,Non,Non,C,C,Non,C,Non,NA,NA,Non,Non,Non,C,Non,Non,Non,Non,Non,Non,C,Non,Non,Non,Non,Non,Non,Non,Non,Non,Non,Non,Non,C,C,Non,C,C,C,C,Non,Non,C,Non,C,Non,Non,Non,Non,C,C,C,C,Non,Non,Non,Non,Non,Non,Non,Non,Non,Non,Non,Non,Non,Non,Non,Non,Non,Non,Non,Non,Non,Non,Non,Non,Non,C,Non,Non,Non,Non,Non,Non,Non,Non,Non,Non,C,C,Non,Non,Non,Non,Non,Non,Non,Non,Non,Non,Non,Non,Non,Non,Non,Non,Non,Non,Non,Non,Non,Non,Non,Non,Non,Non,BL01UK02FR016,UKFR016,646,21.53333333,2020,gb
R_33drZWK7aX3MR3v,Female,University degree or equivalent,University degree or equivalent,70,30,0,NA,French;70;,English;30;,,62,38,0,NA,French,NA,10,9,NA,NA,I always (or almost always) speak French to my child,Other(s),Lithuanian,1,9,10,Lithuanian,I regularly speak a mix of French / English / other languages to my child,First,NA,1,NA,NA,,C,Non,C,C/D,C,C/D,C/D,C/D,Non,C/D,Non,C/D,C,Non,C,Non,Non,C/D,C/D,C,Non,C/D,C/D,C/D,C/D,Non,C,C/D,C,C,C/D,C/D,C/D,C,Non,C/D,C,C/D,C,C/D,Non,C/D,C,C,C,C/D,C/D,C/D,C/D,C,C,C/D,C,C,C/D,C/D,C/D,C/D,C/D,C,C,C,C,C,C/D,Non,C/D,C/D,Non,Non,Non,C,Non,C,C/D,C,C,C/D,Non,Non,C/D,Non,C,Non,C/D,C/D,Non,C/D,Non,C/D,C/D,Non,Non,C/D,C,C/D,Non,C,C,C,C,Non,C,C,Non,C,C/D,C/D,Non,Non,C,C,C/D,C,C/D,C,C/D,C/D,C,C/D,C/D,Non,Non,C,Non,Non,C,C,C,C,C,C,Non,Non,Non,Non,C,C,C,C,C/D,Non,C,Non,C/D,C,Non,C/D,C/D,C/D,C,Non,C,C,C,Non,Non,C,C,C,C,C/D,Non,Non,C,Non,C/D,C,C,C,Non,C/D,Non,C,Non,C,Non,C/D,Non,C,C,Non,Non,Non,Non,C,C/D,C,C,C,C,C,C,C/D,C,C,Non,Non,C/D,C,Non,C,C/D,Non,Non,Non,C,Non,C/D,Non,C/D,Non,Non,Non,C,Non,C,C,Non,Non,Non,C/D,C/D,C,C/D,C,Non,C,C/D,Non,C/D,Non,C/D,C/D,Non,C/D,C/D,C/D,Non,C/D,Non,Non,Non,Non,C/D,C/D,C,C,C,Non,C/D,C,C,Non,Non,C/D,C/D,C/D,C/D,C,C,Non,C,C/D,C,C,C/D,C/D,C,C,C,Non,C/D,Non,C,C,C/D,C,Non,Non,Non,Non,C,C,C/D,C,C,Non,C/D,Non,Non,C/D,C,C,C/D,C/D,C/D,C/D,Non,Non,C,Non,C,C,C,C/D,Non,C,C,NA,NA,Non,C,Non,C,C,C,C,C,Non,C,C,C/D,Non,Non,Non,Non,C/D,C,Non,Non,C/D,C,C,C,C,C,C,Non,C/D,C/D,Non,C/D,C/D,C/D,C/D,Non,C,Non,C/D,C/D,C/D,C/D,C,C,C,C,Non,Non,C/D,C/D,C/D,C/D,C,C/D,C/D,Non,Non,C,C,Non,Non,Non,C/D,C,C,Non,C,C,Non,Non,C,C,Non,Non,Non,Non,Non,Non,C,Non,Non,C/D,Non,Non,Non,Non,Non,C,C,C,C,C,C,C,C,Non,C,C,Non,C/D,C/D,C,C/D,C/D,C/D,C/D,C,BL01UK02FR015,UKFR015,621,20.7,2020,gb
R_AGPvtXSDuYPjbhf,Male,University degree or equivalent,University degree or equivalent,30,70,0,NA,French;30;,English;70;,,40,60,0,NA,English,NA,2,10,NA,NA,I always (or almost always) speak English to my child,French,NA,10,9,NA,NA,I always (or almost always) speak French to my child,First,NA,1,NA,NA,,C,C,Non,C,C,C,C,C,C/D,C,C,C,C,Non,C,C,C,C,C,C,C,C,C,C,C,C,C,C,C,C,C,C,C,C,Non,C,C,C,Non,C,C,C,C,C,C,C,C,C,C,C,C,Non,C,C,C,C,C,C,C,C,C,C,C,C,C,Non,C,C,Non,Non,C,C,Non,C,C,C,C,C,Non,C,C,C,C,C,C,C,C,C,C,C,C,C,C,C,Non,C,C,C,C,C,C,C,C,C,C,C,C,C,C,C,C,C,C,C,C,C,C/D,C,C,C,C,Non,C,C,Non,Non,C,C,C,C,C,C,C,C,C,Non,C,C,C,C,C,Non,C,C,C,C,Non,C,C,C,C,Non,C,C,C,C,C,C,C,C,C,C,C,Non,C,Non,C,C,C,C,C,C,C,Non,Non,C,Non,C,C,C,C,C,C,Non,Non,C,C,C,C,C,C,C,C,C,C,C,C,Non,C,C,Non,Non,C,Non,Non,Non,C,C,C,Non,C,C,C,C,C,C,C,C,Non,Non,C,C,C,C,C/D,C,Non,C,C,Non,C,C,C,C,Non,C/D,C,Non,Non,C,C,Non,Non,Non,C,C,C,C,C,C,C,C,C,Non,C,C/D,C,C,C/D,C,C,C,C,C,C,C,C,C,C,C,C,C,C,Non,C,C,C,C,Non,C,Non,C,C,C,C,C,C,C,C,C,C,C,C,C,C,C,C,C,Non,Non,C,C,C,C,C,C,C,C,Non,NA,NA,C,C,C,Non,C,C,C,C,C,C,C,C,C,C,Non,C,C,C,C,C,C,C,C,C,C,C,C,C,C,C,Non,C,C,Non,C/D,C,C,C,C,C,C,C,C,C,C,C,Non,Non,C,C,C,C,C,Non,C,Non,Non,C,C,C,Non,Non,C,C,C,C,C,C,Non,C,C,C,C,Non,C,Non,Non,Non,C,C,C,C,Non,C,C,C,C,C,Non,C,C,Non,Non,Non,Non,C,Non,Non,Non,C,C,C,C,C,C,C,C,BL01UK02FR036,UKFR036,740,24.66666667,2020,gb
R_12if31qUl21s7J5,Female,University degree or equivalent,Left school at 18 with A-Levels or equivalent,50,50,0,NA,French;50;,English;50;,,50,50,0,NA,French,NA,10,9,NA,NA,I always (or almost always) speak French to my child,English,NA,3,10,0,NA,I always (or almost always) speak English to my child,First,NA,1,NA,NA,,C/D,C,Non,C,C/D,C/D,C/D,C/D,C/D,C/D,C/D,C/D,C,Non,Non,Non,C,Non,Non,C,Non,C/D,C,C/D,C,Non,Non,C,Non,C,C,C,C,C,Non,C/D,Non,C,Non,C,Non,Non,C,Non,C,C,C,C,C,C,C,C,C,C,C,Non,C,Non,C/D,C/D,C,C,C,C/D,Non,C,C/D,Non,Non,Non,Non,Non,Non,Non,C/D,C,C,C/D,Non,Non,C,Non,C,Non,C,C,Non,C,Non,C,Non,Non,Non,Non,Non,C,C,C,C,Non,Non,Non,Non,Non,Non,Non,C/D,C,Non,Non,C,C,C,Non,C,Non,Non,Non,C,C,C/D,Non,Non,C,Non,Non,Non,C,Non,Non,C,Non,Non,Non,Non,Non,Non,Non,Non,Non,Non,Non,Non,Non,Non,Non,Non,Non,C/D,Non,Non,Non,Non,Non,Non,Non,Non,Non,Non,C,Non,C/D,Non,Non,Non,Non,C,Non,C,Non,Non,C,Non,Non,Non,Non,Non,C/D,Non,Non,Non,Non,Non,Non,Non,C,Non,Non,Non,Non,Non,Non,C,Non,C/D,Non,Non,Non,Non,Non,Non,Non,Non,Non,Non,Non,Non,Non,Non,Non,C,Non,Non,Non,C,Non,C,Non,Non,Non,Non,C,Non,Non,C,Non,Non,Non,Non,Non,Non,Non,Non,C/D,Non,C/D,Non,Non,Non,Non,Non,Non,Non,C/D,C,C,C,Non,C,C/D,C/D,Non,Non,C,C,C,Non,C/D,C/D,C,Non,Non,Non,Non,Non,Non,Non,Non,C,Non,Non,Non,Non,Non,C,Non,Non,Non,Non,Non,Non,Non,C,C,C,C,C,Non,C/D,Non,Non,C,Non,Non,C/D,C,C,Non,Non,Non,C,Non,Non,C,C,Non,Non,Non,Non,NA,NA,Non,Non,Non,Non,Non,Non,Non,Non,Non,Non,Non,Non,Non,Non,Non,C,Non,Non,Non,Non,C,Non,Non,Non,Non,Non,Non,Non,C/D,Non,Non,Non,C,Non,C,Non,Non,Non,Non,Non,Non,C,C,Non,Non,Non,Non,Non,C,Non,Non,Non,C/D,Non,Non,Non,Non,Non,Non,Non,Non,Non,Non,Non,Non,Non,Non,C,Non,Non,Non,Non,Non,Non,Non,Non,Non,Non,Non,C,Non,Non,Non,Non,Non,Non,Non,Non,Non,Non,Non,Non,Non,C/D,Non,Non,Non,Non,Non,Non,C/D,Non,Non,Non,Non,Non,Non,BL01UK02FR038,UKFR038,635,21.16666667,2020,gb
R_9Buh4UsHh1Kpw53,Female,University degree or equivalent,University degree or equivalent,95,5,0,NA,French;95;,English;5;,,98,2,0,NA,French,NA,10,9,NA,NA,I always (or almost always) speak French to my child,Other(s),Lithuanian,1,9,10,Lithuanian,I regularly speak a mix of French / English / other languages to my child,First,NA,1,NA,NA,,C,C/D,C/D,C,Non,C/D,C,C/D,C,C/D,C/D,C/D,C/D,C/D,C,C/D,C,C/D,C/D,C/D,Non,C/D,C,C/D,C/D,Non,C/D,C/D,C/D,C/D,C/D,C/D,C/D,C/D,Non,C/D,C/D,C,C/D,C/D,C,C/D,C/D,C/D,C/D,C/D,C/D,C/D,C/D,C/D,C,Non,C,C/D,C/D,C/D,C/D,C,C/D,C/D,C,C,C/D,C/D,C/D,C,C/D,C,Non,C/D,Non,C/D,C,C,C/D,C,Non,C/D,C/D,C/D,C/D,C,C/D,C/D,C/D,C/D,Non,C/D,C/D,C/D,C/D,C/D,C,Non,C,C/D,C/D,C/D,C/D,C/D,C,C,C,C/D,C/D,C/D,C/D,C/D,C/D,C,C/D,C/D,C/D,C/D,C/D,Non,C/D,C,C/D,C/D,C/D,C,C,C/D,Non,Non,C/D,C/D,C/D,C/D,C/D,C/D,C/D,Non,C,Non,C,C/D,Non,C,C/D,C,C,Non,C,C,Non,C/D,C/D,C/D,C,Non,C,C,C/D,C/D,C,C/D,C/D,C/D,C/D,C/D,C,C,C/D,Non,C/D,C/D,C,C/D,C,C/D,C,C/D,C/D,C/D,C,C/D,C,C/D,C/D,C/D,C/D,C,Non,C,C/D,C,C,C/D,C,C/D,C/D,C/D,C/D,C/D,C/D,Non,C/D,C/D,Non,C/D,C/D,Non,Non,Non,C,C,C,C,C,C/D,Non,Non,C,Non,C/D,C/D,Non,Non,Non,C/D,C/D,C,C/D,C/D,C/D,C/D,C/D,C,C,C,C,C,C,C/D,C/D,Non,Non,C/D,C,Non,C,Non,C/D,C/D,C/D,C/D,C/D,C/D,C/D,C,C,C,C,C/D,C,C/D,C/D,C,C/D,C,C/D,C,C/D,C/D,C/D,C/D,C/D,C,C/D,C,C,C,C/D,C/D,C/D,C,Non,C,C,C/D,C/D,C/D,C,C/D,C/D,C,C/D,C,C,C/D,C/D,C,C,C,C/D,C,C/D,C/D,C/D,Non,C,C/D,C/D,C/D,C,C,C,NA,NA,C,C,C,C/D,C/D,C/D,C,C,C,C/D,C/D,C/D,C,C,C,C/D,C/D,C/D,C,C,C/D,C/D,C/D,C/D,C,C/D,C/D,C/D,C/D,C,Non,C/D,C,C/D,C/D,C/D,Non,Non,C,C,C/D,C/D,C/D,C,C/D,C/D,C/D,C/D,C/D,C/D,C,C/D,C/D,C,C/D,Non,Non,C/D,C/D,Non,Non,Non,C/D,Non,Non,Non,C,C/D,C,C,C,C,C,C/D,C/D,C/D,C,C/D,C/D,C/D,C,Non,Non,C,C/D,C,C,C,C,C,C,C,C,C,C,C,C,C,Non,C/D,C/D,Non,C/D,C,C,C/D,C,BL01UK03FR027,UKFR027,742,24.73333333,2020,gb
R_2RQX4Q86emSbqtq,Female,University degree or equivalent,University degree or equivalent,65,35,0,NA,French;65;,English;35;,,100,0,0,NA,French,NA,10,9,NA,NA,I always (or almost always) speak French to my child,Other(s),Lithuanian,1,9,10,Lithuanian,I regularly speak a mix of French / English / other languages to my child,First,NA,1,NA,NA,,C/D,C/D,C,C/D,C/D,C/D,C,C/D,C/D,C/D,C/D,C/D,C,Non,C/D,C,C,C,C,C/D,Non,C/D,C/D,C/D,C/D,Non,C,C,C/D,C,C,C/D,C/D,C/D,Non,C/D,C/D,C/D,C,C/D,Non,C,C,C/D,C/D,C/D,C/D,C/D,C/D,C/D,C/D,C,C/D,C/D,C,C/D,C,C/D,C,C,C,C,C/D,C/D,C/D,C,C/D,C,C,C,C/D,C/D,C,C,C/D,C/D,C,C/D,C/D,C/D,C/D,C,C/D,C/D,C/D,C/D,C,C,C,C,C/D,C,C,C,C,C/D,C/D,C/D,C/D,Non,C/D,Non,C/D,C,C,C,C/D,C/D,C/D,Non,C/D,C/D,C/D,C/D,C/D,C,C/D,C/D,C/D,C/D,C/D,Non,C/D,C/D,C,C,C/D,C/D,C,C/D,C/D,C,C,C,C/D,C,C,C/D,C,C,C,C,C,C,C,C/D,C,C/D,C,C/D,C/D,Non,C,C,C/D,C/D,C,C/D,C/D,C/D,C/D,C/D,C,Non,Non,Non,C/D,C/D,C,C,C,C,C,Non,Non,C,C,C/D,C,C,C/D,Non,C/D,C,Non,C/D,C,C,C/D,C,C,C,C,C,C,C,C,Non,C/D,C/D,Non,C,C,Non,Non,C,C,C,C,Non,C/D,C,C,Non,C/D,C,C/D,C,Non,Non,Non,C/D,C/D,C,C/D,C,C,C,C,Non,C,C,C/D,C/D,Non,C/D,C,Non,Non,C/D,Non,C/D,C,Non,C,C/D,C/D,C/D,C/D,C/D,C/D,Non,Non,C,C,C/D,C,C/D,C/D,Non,C/D,Non,C,C/D,C,C,Non,C,C/D,C,C,C,C,Non,C/D,C,C/D,C,Non,C,C,C/D,C,C/D,C,C,C/D,C,C/D,C,C,C,C,C,C,C/D,C/D,C,C/D,C,C/D,C,C,C/D,C/D,C,C,C,C,NA,NA,C,C,Non,C/D,C,C,C,C,Non,C/D,C/D,C/D,Non,C,Non,C/D,C,C,C/D,Non,C/D,C,C,C,C,C,C,C,C/D,C,C,C/D,C,C/D,C/D,C,C/D,C,C,C,C/D,C/D,C,C,C/D,C,C,C,C/D,C,C,C/D,C/D,C/D,C,Non,Non,C,C/D,C,Non,Non,Non,C,C,C,Non,C,Non,Non,C,Non,Non,C,Non,Non,C,C,C/D,C,C,C/D,Non,C,C/D,C,C,C,Non,C/D,C,C,C,C,C,Non,C,C,Non,C/D,C/D,C/D,C,C/D,C,C/D,Non,BL01UK02FR047,UKFR047,709,23.63333333,2020,gb
R_2ymfKHKxMlVeaD8,Female,University degree or equivalent,Left school at 18 with A-Levels or equivalent,20,80,0,NA,French;20;,English;80;,,30,70,0,NA,French,NA,10,9,NA,NA,I always (or almost always) speak French to my child,English,NA,3,10,0,NA,I always (or almost always) speak English to my child,First,NA,1,NA,NA,,Non,C/D,Non,C/D,C/D,C/D,Non,C/D,Non,C/D,C,C,C,Non,Non,Non,Non,Non,Non,Non,Non,C,Non,Non,C,Non,Non,C,Non,C,C,Non,C,C,Non,Non,Non,Non,Non,Non,Non,Non,Non,Non,Non,Non,C,C,C,C,Non,Non,Non,Non,C,Non,Non,C,Non,C,Non,Non,Non,Non,Non,Non,C,Non,Non,Non,Non,Non,Non,Non,Non,Non,Non,Non,Non,Non,Non,Non,C,Non,Non,Non,Non,Non,C,Non,C,Non,Non,Non,Non,C,Non,Non,Non,Non,Non,Non,Non,Non,Non,Non,C,Non,Non,Non,Non,Non,C,Non,Non,Non,Non,Non,Non,Non,C,Non,Non,Non,Non,Non,Non,Non,Non,Non,Non,Non,Non,Non,Non,Non,Non,Non,Non,Non,Non,Non,Non,Non,Non,Non,Non,Non,Non,Non,Non,Non,Non,Non,Non,Non,Non,Non,C,Non,Non,Non,Non,Non,C,Non,Non,Non,Non,C,Non,C,Non,Non,Non,Non,Non,C,Non,Non,C,Non,Non,Non,Non,Non,Non,Non,Non,C,Non,Non,Non,Non,Non,Non,Non,Non,Non,Non,Non,Non,Non,Non,Non,Non,Non,Non,Non,Non,Non,Non,Non,Non,Non,Non,Non,Non,Non,Non,Non,Non,Non,Non,C,Non,Non,Non,Non,Non,Non,Non,Non,Non,Non,C,Non,Non,Non,C,Non,Non,Non,Non,Non,C,C,C,C,C,C,Non,Non,Non,Non,C,Non,C,C,Non,Non,Non,Non,Non,Non,Non,Non,Non,Non,Non,Non,Non,Non,Non,C,C,Non,Non,Non,Non,Non,Non,Non,C,Non,Non,Non,Non,C,Non,Non,Non,Non,Non,Non,Non,Non,Non,Non,Non,Non,Non,Non,Non,Non,Non,Non,Non,Non,NA,NA,Non,Non,Non,Non,Non,Non,Non,Non,Non,Non,C,Non,Non,Non,Non,Non,Non,Non,Non,Non,Non,Non,Non,Non,Non,Non,Non,Non,Non,Non,Non,Non,Non,Non,Non,Non,Non,Non,Non,C,C,Non,Non,Non,Non,Non,Non,Non,Non,Non,C,Non,Non,Non,Non,Non,Non,Non,Non,Non,Non,Non,Non,Non,Non,Non,Non,C,Non,Non,Non,Non,Non,Non,Non,Non,C,Non,Non,Non,C,Non,Non,Non,Non,Non,Non,Non,Non,Non,C,Non,Non,C,Non,Non,Non,Non,Non,Non,Non,Non,Non,Non,Non,Non,Non,BL01UK02FR030,UKFR030,526,17.53333333,2020,gb
R_22m2VsDs1rHHYc6,Male,University degree or equivalent,University degree or equivalent,20,80,0,NA,French;20;,English;80;,,20,80,0,NA,English,NA,2,10,NA,NA,I always (or almost always) speak English to my child,French,NA,10,9,NA,NA,I always (or almost always) speak French to my child,First,NA,1,NA,NA,,C,C/D,C/D,C/D,C/D,C/D,C/D,C/D,C/D,C/D,C/D,C/D,C,C,C,C/D,C,C,C,C/D,C,C/D,C/D,C/D,C/D,C,C/D,C/D,C/D,C,C,C/D,C/D,C/D,C,C,C,C/D,C,C/D,C,C,C,C,C/D,C/D,C/D,C/D,C/D,C/D,C/D,C/D,C/D,C,C/D,C/D,C/D,C/D,C/D,C/D,Non,C,C/D,Non,Non,Non,C/D,C,C/D,C,C,C/D,C,C,C/D,C,C/D,C,C,C,C/D,C,C,C/D,C/D,C,C,C,C/D,C,C/D,C,C,C/D,C,C/D,C,C,C,C,C,C,C,C,C,C,C,C/D,C,C,C,C/D,C/D,C,C,C,C,C,C/D,C,C,Non,Non,C/D,C,C,C/D,C,C/D,Non,C,Non,C,C,C,Non,C,C,C,C,C/D,Non,C,C,C,C,C/D,C/D,C/D,C/D,C,Non,C,C,C,C,C,C,C,C,C,C/D,C/D,C,C/D,C,C,C,C/D,C/D,C,C,C,C,C,C,C,C/D,C,C/D,C,C,C,C,C,C/D,C/D,C,C/D,C/D,C,C/D,C,C/D,C,C/D,C,Non,C/D,C/D,C,C,C/D,C,C,C,C,C,C,Non,C,C,Non,Non,C/D,C,C,C,Non,Non,Non,C,C,C,C/D,C,C,C,C,C,C,C,C,C,Non,C/D,C,Non,C,C/D,C,C,C,C,C,C/D,C/D,C/D,C/D,C,C/D,C,C,Non,C,C/D,C,C/D,C/D,C,C/D,C,C,C,C,C,C,C,C,C,C,C,C,C,C/D,C,C,C,C,C,C,C,C,C,C,C,C,C,C,Non,Non,C,C,C,C,C,C/D,C/D,C,C,C,C,C,C,C,C,C,C,Non,NA,NA,C,C,C,C,C,C,C,C,C,C,C,C,C,Non,C,C,C,C,C,C,C,C,C,C,C,C,C,C,C,C,C,C/D,C,C,C,C,C,C,C,C,C/D,C,C,C,C,C,C,C,C,C/D,C/D,C,C,C,C,C,C,C,C/D,C,C,C,C,C,C,C,C,C,C,C,C,C,C,C,C,C,C,C,C/D,C,C/D,C/D,C,C,C/D,C,C,C,C,C,C,C,C,C,C/D,C,C,C,C,C,C/D,C,C/D,C,C,C,C,BL01UK02FR041,UKFR041,818,27.26666667,2020,gb
R_1n8cK3dMO6Duh7q,Female,University degree or equivalent,University degree or equivalent,95,5,0,NA,French;95;,English;5;,,98,2,0,NA,French,NA,10,9,NA,NA,I always (or almost always) speak French to my child,Other(s),Lithuanian,1,9,10,Lithuanian,I regularly speak a mix of French / English / other languages to my child,First,NA,1,NA,NA,,C/D,C/D,C,C,C/D,C/D,C/D,C/D,C/D,C,C/D,C/D,C/D,C/D,C,C,C/D,C/D,C/D,C/D,C,C/D,C/D,C/D,C/D,Non,C/D,C/D,C/D,C/D,C/D,C/D,C/D,C/D,Non,C/D,C/D,C,C/D,C/D,C,C/D,C/D,C,C,C/D,C/D,C/D,C/D,C/D,C,C,C,C/D,C,C/D,C/D,C/D,C/D,C/D,C,C/D,C/D,C/D,C/D,Non,C,Non,Non,C,Non,C/D,C/D,C,C/D,C/D,C,C/D,C/D,C/D,C/D,C,C/D,C/D,C/D,C/D,C,C,C/D,C/D,C/D,C/D,C,C/D,C,C/D,C/D,C/D,C/D,C/D,C/D,C,C/D,C/D,C/D,C/D,C/D,C/D,C,C,C/D,C/D,C/D,C/D,C/D,Non,C/D,C/D,C/D,C/D,C/D,C,C,C/D,Non,C/D,C/D,C/D,C/D,C/D,C/D,C/D,C/D,Non,C/D,Non,C/D,C/D,C,C/D,C/D,C,C,C,C/D,C,C,C/D,C/D,C/D,C/D,C,C/D,C/D,C/D,C/D,C,C/D,C/D,C/D,C/D,C/D,C,C/D,Non,C,C/D,C/D,C,C/D,C,C/D,C/D,C/D,C/D,C/D,C,C/D,C,C/D,C/D,C/D,C/D,C/D,Non,C/D,C/D,C/D,C,C/D,C,C,C/D,C,C/D,C/D,C/D,C,C/D,C/D,Non,C/D,C/D,Non,C,Non,C,C,C,C,C/D,C/D,Non,Non,C/D,Non,C/D,C/D,Non,Non,Non,C/D,C/D,C,C/D,C/D,C/D,C/D,C/D,C/D,C/D,C/D,C,C,Non,C/D,C/D,Non,Non,C/D,C/D,C,C/D,Non,C/D,C/D,C/D,C/D,C/D,C/D,C/D,C,C,C,C,C/D,C,C/D,C/D,C/D,C/D,C/D,Non,C/D,C/D,C/D,C/D,C/D,C/D,C,C/D,C/D,C,C,C/D,C/D,C/D,C/D,C,C,Non,C/D,C/D,C/D,C/D,C/D,C/D,C,C/D,C,C,C/D,C/D,Non,C,C,C/D,Non,C/D,C/D,C/D,C,C/D,C/D,C/D,C/D,C/D,C/D,C/D,NA,NA,C/D,C/D,C,C/D,C/D,C/D,C/D,C/D,C,C/D,C,C/D,C,C,C,C/D,C/D,C/D,C/D,C,C/D,C/D,C/D,C/D,C/D,C/D,C/D,C/D,C/D,C,C,C/D,C,C/D,C/D,C/D,C,C,C,C/D,C/D,C/D,C/D,C,C/D,C/D,C/D,C/D,C/D,C/D,C/D,C/D,C/D,C/D,C/D,Non,Non,C/D,C/D,C,C,Non,C/D,C,C,C,C,C/D,C,C,C,C,C,C/D,C,C/D,C,C/D,C/D,C,C/D,C/D,Non,Non,C/D,C,C,C,C,C,C,C,C,C,C,C,C,C,C,C/D,C/D,C,C,C,C/D,C/D,C,BL01UK03FR029,UKFR029,766,25.53333333,2020,gb
R_3kiFXxHK83wBKvh,Female,University degree or equivalent,Left school at 18 with A-Levels or equivalent,90,10,0,NA,French;90;,English;10;,,100,0,0,NA,French,NA,10,9,NA,NA,I always (or almost always) speak French to my child,English,NA,3,10,0,NA,I always (or almost always) speak English to my child,First,NA,1,NA,NA,,Non,C,C,C,C,C,C,C,C/D,C,Non,C/D,Non,Non,Non,Non,Non,Non,Non,Non,Non,Non,Non,Non,Non,Non,Non,Non,Non,Non,Non,Non,Non,Non,Non,Non,Non,Non,Non,Non,Non,Non,Non,Non,Non,Non,Non,C,Non,C,Non,C,Non,C,C,C,C,C,C,C,C,C,C,C,C,C,C,C,Non,Non,Non,C,Non,Non,C,Non,Non,Non,Non,Non,C,Non,Non,Non,C/D,Non,Non,Non,Non,Non,C,Non,Non,Non,Non,C,C,C,C,C,Non,Non,Non,C,Non,Non,C,C,Non,C,C,C,C,C,C,Non,C,C,C,C,C,C,Non,C,C,C,C,C,C,C,C,C,C,C,C,C,C,C,C,C,C,C,C,C,C,C,C,C,C,C,C,Non,C,C,C,Non,C,Non,Non,Non,Non,Non,Non,Non,Non,Non,Non,Non,Non,Non,C,C,C,Non,Non,Non,Non,C,Non,Non,C,Non,Non,Non,Non,C,C,C,C,C,C,Non,C,C,C,C,C,C,C,C,C,C,C,Non,Non,Non,Non,C,C,Non,C,C,C,Non,C,Non,C,C,Non,Non,C,C,C,Non,Non,Non,Non,Non,Non,Non,Non,Non,C,C,Non,C/D,Non,Non,Non,C/D,Non,Non,Non,Non,C,C/D,C,C,C,C,C/D,C,C,Non,Non,C/D,C,C/D,Non,C,C,C/D,C,C,C,C,C,C,C,C,C,C,C,Non,C,Non,C,Non,Non,C,Non,C,C,C,Non,Non,Non,Non,C,Non,Non,C,C,C,C,Non,C,C,Non,C,C,C,C,C,C,C,C,Non,Non,NA,NA,Non,C,Non,C,C,C,C,Non,Non,C,C,C,Non,Non,C,Non,Non,Non,C,Non,C,C,C,C/D,C/D,Non,Non,Non,Non,C,Non,C,C/D,C,C,C,C,C,C,C,C/D,C,Non,Non,Non,Non,Non,Non,Non,C,Non,Non,C,Non,Non,Non,Non,Non,Non,Non,Non,Non,Non,Non,Non,Non,Non,C,Non,Non,Non,Non,C,C,Non,Non,C,Non,Non,C,Non,Non,Non,Non,Non,Non,Non,C,C,C,C,C,C,C,Non,Non,C,C,Non,Non,Non,Non,Non,Non,Non,Non,C,BL01UK03FR031,UKFR031,680,22.66666667,2020,gb
R_9ogd9NXyXIQgkFP,Female,University degree or equivalent,Left school at 18 with A-Levels or equivalent,80,15,5,NA,French;80;,English;15;,Other;5;,80,15,5,NA,French,NA,10,9,NA,NA,I always (or almost always) speak French to my child,English,NA,3,10,0,NA,I always (or almost always) speak English to my child,First,NA,1,NA,NA,,C,Non,Non,C,C,C,C,C,C,C,Non,C,Non,Non,Non,Non,Non,C,C,Non,Non,C,C,C,C,Non,Non,Non,Non,Non,Non,C,C,C,Non,C,Non,Non,Non,Non,Non,Non,Non,C,C,Non,C,Non,Non,C,C,Non,Non,C,Non,C,C,C,Non,C,Non,C,C/D,C,Non,Non,C,Non,Non,C,C,Non,Non,Non,C,C,C,C,Non,C,C,C,C,C,C,C,C,Non,Non,C,C,Non,Non,Non,C,C,Non,C,C,Non,Non,Non,C,C,Non,Non,C,C,Non,Non,C,Non,C,C,Non,Non,C,Non,C,C,C,Non,Non,C,C,Non,C,C,C,C,C,Non,Non,Non,C,Non,C,C,C,C,C,Non,C,Non,C,C,Non,C,C,C,Non,Non,C,Non,C,C,C,Non,C,C,Non,Non,C,Non,Non,Non,Non,Non,C,Non,C,C,C,Non,Non,C,C,C,Non,Non,C,Non,C,Non,C,C,C,C,Non,Non,C,C,C,Non,C,Non,C,Non,C,C,Non,C,C,Non,Non,Non,C,Non,Non,C,C/D,Non,Non,C,C,Non,Non,C,C,C,Non,C,C,Non,C,Non,Non,Non,Non,Non,Non,Non,C,Non,Non,C/D,Non,Non,Non,C/D,Non,C,Non,Non,C,C,C,C,C,C,C,Non,Non,Non,C,C,C,C/D,C,Non,C,C,C,Non,Non,Non,Non,C,C,C,C,C,Non,C,C,C,C,Non,Non,C,Non,Non,C,Non,Non,Non,C,Non,C,Non,Non,Non,Non,Non,C,C,C,Non,Non,C,C,Non,C,C,C,C,C,C,Non,Non,C,Non,C,Non,Non,C,C,C,C,Non,C,Non,C,Non,Non,Non,Non,C,C,C,C,Non,C,C,C,Non,Non,Non,C,Non,Non,Non,Non,C,Non,C,Non,Non,Non,Non,Non,C,Non,Non,C,Non,Non,Non,C,Non,C,C,C,Non,C,Non,Non,Non,Non,Non,Non,Non,Non,Non,Non,Non,C,C,Non,Non,Non,Non,Non,Non,Non,Non,Non,C,Non,Non,C,C,Non,Non,Non,Non,Non,C,Non,Non,C,C,Non,C,Non,C,Non,Non,Non,Non,Non,C,Non,C,Non,Non,Non,Non,BL01UK03FR034,UKFR034,680,22.66666667,2020,gb
R_2mDKwLUOlYv5z5D,Female,University degree or equivalent,University degree or equivalent,30,70,0,NA,French;30;,English;70;,,50,50,0,NA,French,NA,10,9,NA,NA,I always (or almost always) speak French to my child,Other(s),Lithuanian,1,9,10,Lithuanian,I regularly speak a mix of French / English / other languages to my child,First,NA,1,5,Always (or almost always) English,,C/D,C/D,C/D,C/D,C/D,C/D,C/D,C/D,C/D,C/D,C/D,C/D,C/D,C,C,C/D,C/D,C/D,C/D,C/D,C/D,C/D,C/D,C/D,C/D,C,C/D,C/D,C/D,C/D,C/D,C/D,C/D,C/D,C/D,C/D,C/D,C/D,C/D,C/D,C,C/D,C/D,C/D,C/D,C/D,C/D,C/D,C/D,C/D,C/D,C/D,C/D,C/D,C/D,C/D,C/D,C/D,C,C/D,Non,C,C/D,C/D,C/D,C/D,C/D,C/D,C,C,C/D,C/D,C/D,C/D,C/D,C/D,C/D,C/D,C/D,Non,C/D,Non,C,C/D,C/D,C/D,C/D,C/D,C/D,C/D,C/D,C/D,C,C,C,C/D,C/D,C/D,C/D,C/D,C,C,C,C/D,C,C,C/D,C/D,C/D,C,C/D,C/D,C/D,C/D,C/D,Non,C/D,C/D,C/D,C/D,C/D,Non,C/D,C/D,C/D,C,C/D,C/D,C/D,C/D,C/D,C/D,C,C/D,C,C/D,C/D,C/D,C/D,C/D,C/D,C,C/D,C,C/D,C/D,Non,C/D,C/D,C/D,C/D,C/D,C/D,C,C/D,C/D,C,C/D,C/D,C/D,C/D,C/D,C/D,Non,C/D,C,C/D,C/D,C/D,C/D,C,C/D,C/D,Non,C,C,C,C/D,C/D,C/D,C/D,C/D,C,C,Non,C,C/D,C/D,C/D,C/D,C/D,C/D,C/D,C/D,C/D,C/D,C/D,C/D,C/D,C/D,C,C/D,C/D,C,C,C,C/D,C,C/D,Non,C/D,C,C,Non,C/D,C,C/D,C,Non,C,C/D,C/D,C,C/D,C/D,Non,C/D,C,C/D,C/D,C/D,Non,Non,Non,C/D,C/D,C/D,C/D,Non,C/D,Non,C/D,C/D,Non,C/D,C/D,C/D,C/D,C/D,C/D,C/D,C/D,C/D,C/D,C/D,C/D,C/D,C/D,C/D,C/D,C/D,C,C,C/D,C/D,C,C/D,C/D,C/D,C/D,C/D,C/D,C/D,C,C/D,C/D,C/D,C/D,C,C/D,C/D,C/D,C/D,C/D,C/D,C/D,C/D,C/D,C/D,C/D,C/D,C,C/D,C/D,C/D,C/D,C/D,C/D,C/D,C/D,C/D,C,C/D,C/D,C/D,C/D,C/D,C/D,C/D,C,C,C,C/D,C/D,C/D,C/D,C/D,C/D,C/D,C,C/D,C/D,C/D,C/D,C,C,C,C/D,C,C,C/D,C/D,C/D,C/D,C/D,C/D,C/D,C/D,C/D,C/D,C/D,Non,C/D,C/D,C/D,C/D,C/D,C/D,C/D,C,C/D,C/D,C/D,C/D,C/D,C/D,C/D,C/D,C/D,C/D,C/D,C/D,C/D,C/D,C/D,C/D,C,C,C/D,C/D,C/D,C,C,C/D,C/D,C/D,C/D,C,C/D,C/D,C,C/D,C/D,C,C/D,C,C,C/D,C/D,C/D,C,C/D,C/D,Non,C/D,C/D,C,C,C/D,C,C/D,C/D,C/D,C/D,C/D,C/D,C,C/D,C/D,Non,C/D,C/D,C,C/D,C,Non,C/D,C/D,BL01UK03FR004,UKFR004,828,27.6,2020,gb
R_3ERX4RVQLjtfdoJ,Female,University degree or equivalent,Left school at 18 with A-Levels or equivalent,40,60,0,NA,French;40;,English;60;,,95,5,0,NA,French,NA,10,9,NA,NA,I always (or almost always) speak French to my child,English,NA,3,10,0,NA,I always (or almost always) speak English to my child,First,NA,1,9,Always (or almost always) English,,C,C/D,Non,C/D,C/D,C/D,C/D,C/D,C,C/D,Non,Non,C,Non,Non,Non,Non,Non,Non,C,Non,C/D,C,C/D,C,Non,Non,C,Non,Non,Non,C,Non,C,Non,C/D,Non,Non,Non,Non,Non,Non,C,Non,C,C/D,C,Non,Non,Non,Non,Non,Non,C,Non,Non,C,C,C/D,C,C,C,C,Non,Non,C,C,Non,Non,Non,Non,C,Non,Non,C/D,Non,C,Non,Non,Non,C/D,Non,Non,Non,C,Non,Non,Non,Non,Non,Non,Non,Non,Non,Non,C,C,C,C,C,Non,Non,Non,C,Non,C,C,C/D,Non,Non,Non,C,C,C,C,C,C,Non,C,C/D,C/D,Non,Non,C,C,Non,C,C,C,C,C,Non,Non,Non,Non,Non,Non,C,Non,C,C,Non,C,Non,C,C,Non,C,Non,Non,Non,Non,Non,Non,C,Non,C,Non,Non,Non,C,C/D,Non,Non,Non,Non,C,C,C,Non,Non,C,Non,Non,Non,Non,Non,Non,Non,Non,Non,Non,Non,Non,Non,C,C,C,Non,Non,Non,C,C,C,Non,Non,Non,Non,C,C,Non,Non,C,Non,Non,C,Non,Non,C,Non,C,Non,Non,C,C,Non,Non,C,C,Non,C,C,Non,Non,C/D,Non,Non,C,C,Non,Non,Non,Non,Non,Non,C/D,Non,Non,Non,C/D,Non,Non,Non,C/D,C/D,C/D,C,C/D,C,C/D,C/D,C,C,C,Non,C/D,C,C/D,C,C,C,C,C,Non,C,Non,Non,Non,Non,Non,Non,Non,Non,Non,C,C,Non,C,Non,Non,Non,Non,Non,Non,Non,Non,Non,Non,C,Non,Non,Non,Non,Non,Non,C,Non,Non,Non,Non,Non,Non,C,Non,C,Non,C,C,C,Non,Non,Non,Non,Non,Non,Non,Non,Non,Non,Non,Non,C,Non,Non,Non,Non,C,C,Non,Non,Non,Non,C,C,C,C,Non,C,C,Non,C,Non,Non,C,C,C/D,C,C,Non,Non,C,C,Non,C,Non,C,C,Non,Non,C,C,Non,Non,Non,C,Non,Non,Non,Non,Non,C,Non,Non,Non,Non,Non,Non,Non,C,Non,Non,C,Non,Non,Non,C,Non,Non,C,C,C,C,C/D,Non,Non,C,Non,C,Non,C/D,C,C,C,C,C,C,Non,C,C,Non,Non,C/D,Non,Non,Non,Non,Non,C,BL01UK02FR009,UKFR009,622,20.73333333,2020,gb
R_1ONbRZlLvoCQh2w,Female,University degree or equivalent,Left school at 18 with A-Levels or equivalent,95,5,0,NA,French;95;,English;5;,,95,5,0,NA,French,NA,10,9,NA,NA,I always (or almost always) speak French to my child,English,NA,3,10,0,NA,I always (or almost always) speak English to my child,First,NA,1,NA,NA,,C,C/D,C/D,C,C,C/D,C,C/D,Non,C/D,C,C,C/D,C,C,C,C/D,C/D,C/D,C/D,C,Non,C/D,Non,C/D,Non,C/D,C/D,C/D,C/D,C/D,C/D,C/D,C/D,Non,C/D,C,C/D,C/D,Non,C,C/D,C/D,C,C/D,C,Non,C/D,C/D,C/D,C,C/D,C,C/D,C/D,C/D,C/D,C/D,C/D,C/D,C,C/D,C/D,C/D,Non,C,C/D,C,Non,C/D,Non,C/D,C/D,C,C/D,Non,C,Non,C/D,C,C/D,C,Non,C/D,C/D,C/D,C/D,C,Non,C/D,C/D,C/D,C,C/D,C,C/D,C/D,C/D,C/D,C/D,C/D,C/D,C/D,C/D,C/D,C/D,Non,Non,C/D,C,C/D,C/D,C/D,C/D,C/D,Non,C/D,C,C/D,C/D,C/D,C,C,C/D,Non,Non,C/D,C/D,C/D,C/D,Non,C/D,C,Non,C,Non,Non,C/D,Non,C/D,C/D,C/D,C,Non,C/D,Non,C,Non,C/D,C/D,C/D,Non,C/D,C/D,C/D,C/D,C,C/D,Non,C/D,C/D,C/D,C,C,C/D,Non,C/D,C/D,C,C/D,C,Non,C/D,C/D,C/D,Non,C,C/D,C,Non,C/D,C,C/D,C,Non,Non,Non,Non,C,C/D,C,C,C/D,C,C/D,C/D,C/D,Non,C/D,C/D,Non,C/D,C/D,Non,C/D,Non,C/D,C,C/D,C,C/D,C/D,Non,Non,C,Non,C,C,Non,Non,Non,C/D,C/D,C/D,C/D,Non,C/D,C/D,C/D,C,C/D,C/D,C,C,Non,C/D,C/D,C/D,Non,C/D,C/D,Non,C/D,Non,C/D,C/D,C/D,C/D,C/D,Non,C/D,C/D,C,C/D,C/D,Non,C/D,C/D,C/D,Non,C/D,C/D,C,C/D,C/D,Non,C,Non,C/D,C,C/D,C,C,Non,C,C/D,C,C,Non,C,Non,C/D,C/D,C/D,C/D,C/D,C/D,C/D,C/D,C/D,C,C,C/D,C/D,C,C/D,C/D,C,C,C/D,Non,C,C/D,C/D,C/D,C/D,C/D,C/D,C,C,C/D,C,C/D,C,C/D,C/D,C/D,C/D,C,C,C/D,C/D,C/D,C/D,C,C/D,C/D,C/D,C/D,C/D,C,C/D,C,C/D,C/D,C,C/D,C/D,C/D,C/D,C/D,C,Non,C,C/D,Non,C/D,C/D,C,C,C/D,C,C/D,C/D,C,Non,C/D,C/D,C/D,C/D,C,C,C/D,C/D,C,C,Non,Non,C/D,C/D,C,C/D,Non,C/D,C,C,C,C,C/D,C,C,C/D,C,C,C/D,Non,C/D,C,C/D,C/D,C,C,C/D,Non,C/D,C,C,C,C,C,C/D,C,C,C,C,C/D,C,C,C,Non,Non,Non,Non,C/D,Non,Non,Non,Non,BL01UK02FR048,UKFR048,814,27.13333333,2020,gb
R_3kH7YpkfLWVQDIM,Female,University degree or equivalent,University degree or equivalent,95,5,0,NA,French;95;,English;5;,,97,2,1,Dutch,French,NA,10,9,NA,NA,I always (or almost always) speak French to my child,Other(s),Lithuanian,1,9,10,Lithuanian,I regularly speak a mix of French / English / other languages to my child,First,NA,1,NA,NA,,C/D,C/D,C/D,C/D,C/D,C/D,C/D,C/D,C/D,C/D,C/D,C/D,C/D,C/D,C/D,C/D,C/D,C/D,C/D,C/D,C/D,C/D,C/D,C/D,C/D,C/D,C/D,C/D,C/D,C/D,C/D,C/D,C/D,C/D,C/D,C/D,C/D,C/D,C/D,C/D,C/D,C/D,C/D,C/D,C/D,C/D,C/D,C/D,C/D,C/D,C/D,C/D,C/D,C/D,C/D,C/D,C/D,C/D,C/D,C/D,C/D,C/D,C/D,C/D,C/D,C/D,C/D,C/D,C/D,C/D,C/D,C/D,C/D,C/D,C/D,C/D,C/D,C/D,C/D,C/D,C/D,C/D,C/D,C/D,C/D,C/D,C/D,C/D,C/D,C/D,C/D,C/D,C/D,C/D,C/D,C/D,C/D,C/D,C/D,C/D,C/D,C/D,C/D,C/D,C/D,C/D,C/D,C/D,C/D,C/D,C/D,C/D,C/D,C/D,C/D,C/D,C/D,C/D,C/D,C/D,C/D,C/D,C/D,C/D,C/D,Non,C/D,C/D,C/D,C/D,C/D,C/D,C/D,C/D,C/D,C/D,Non,C/D,C/D,C/D,C/D,C/D,C/D,C/D,C/D,C/D,C/D,C/D,C/D,C/D,C/D,C/D,C/D,C/D,C/D,C/D,C/D,C/D,C/D,C/D,C/D,C/D,C/D,C/D,C/D,C/D,C/D,C/D,C/D,C/D,C/D,C/D,C/D,C/D,C/D,C/D,C/D,C/D,C/D,C/D,C/D,C/D,C/D,C/D,C/D,C/D,C/D,C/D,C/D,C/D,C/D,C/D,C/D,C/D,C/D,C/D,C/D,C/D,C/D,C/D,C/D,C/D,C/D,C/D,C/D,C/D,C/D,C/D,C/D,C/D,C/D,C/D,C/D,C/D,C/D,C/D,C/D,C/D,C/D,C/D,C/D,C/D,C/D,C/D,C/D,C/D,C/D,C/D,C/D,C/D,C/D,C/D,C/D,C/D,C/D,C/D,C/D,Non,C/D,C/D,C/D,C/D,C/D,C/D,C/D,C/D,C/D,C/D,C/D,C/D,C/D,C/D,C/D,C/D,C/D,C/D,C/D,C/D,C/D,C/D,C/D,C/D,C/D,C/D,C/D,C/D,C/D,C/D,C/D,C/D,C/D,C/D,C/D,C/D,C/D,C/D,C/D,C/D,C/D,C/D,C/D,C/D,C/D,C/D,C/D,C/D,C/D,C/D,C/D,C/D,C/D,C/D,C/D,C/D,C/D,C/D,C/D,C/D,C/D,C/D,C/D,C/D,C/D,C/D,C/D,C/D,C/D,C/D,C/D,C/D,C/D,C/D,C/D,C/D,C/D,C/D,C/D,C/D,C/D,C/D,C/D,C/D,C/D,C/D,C/D,C/D,C/D,C/D,C/D,C/D,C/D,C/D,C/D,C/D,C/D,C/D,C/D,C/D,C/D,C/D,C/D,C/D,C/D,C/D,C/D,C/D,C/D,C/D,C/D,C/D,C/D,C/D,C/D,C/D,C/D,C/D,C/D,C/D,C/D,C/D,C/D,C/D,C/D,C/D,C/D,C/D,C/D,C,C/D,C/D,C/D,C/D,C,C/D,C/D,C/D,C/D,C/D,C/D,C/D,C/D,C/D,C/D,C/D,C/D,C/D,C/D,C/D,C/D,C/D,C/D,C/D,C/D,C/D,C/D,C/D,C/D,C/D,C/D,C/D,C/D,C/D,C/D,C/D,C/D,C/D,C/D,C/D,C/D,C/D,C/D,C/D,C/D,C/D,C/D,C/D,C/D,C/D,BL01UK03FR032,UKFR032,937,31.23333333,2021,gb
R_22nOXseeGZ7eKy0,Female,University degree or equivalent,Left school at 18 with A-Levels or equivalent,10,90,0,NA,French;10;,English;90;,,15,85,0,NA,French,NA,10,9,NA,NA,I always (or almost always) speak French to my child,English,NA,3,10,0,NA,I always (or almost always) speak English to my child,First,NA,1,8,Always (or almost always) English,,Non,C,Non,C,C,C,Non,C,Non,C,Non,C,Non,Non,Non,C,Non,Non,Non,C,Non,C,Non,C,C,Non,Non,C,Non,Non,Non,Non,C,Non,Non,Non,Non,Non,Non,Non,Non,Non,Non,Non,C,Non,Non,Non,Non,C,Non,Non,Non,Non,Non,Non,Non,C,Non,C,Non,Non,Non,Non,Non,Non,C,Non,Non,Non,Non,Non,Non,Non,Non,Non,Non,Non,Non,Non,Non,Non,Non,Non,Non,Non,Non,Non,C,Non,Non,Non,Non,Non,Non,Non,Non,Non,Non,Non,Non,Non,Non,Non,Non,Non,Non,Non,Non,Non,Non,Non,C,Non,Non,Non,Non,Non,Non,Non,Non,Non,Non,Non,Non,Non,Non,Non,Non,Non,Non,Non,Non,Non,Non,Non,Non,Non,Non,Non,Non,Non,Non,Non,Non,Non,Non,Non,C,Non,Non,Non,Non,Non,Non,Non,Non,Non,Non,Non,Non,Non,Non,Non,C,Non,Non,Non,Non,C,Non,Non,Non,Non,Non,Non,Non,Non,Non,C,Non,Non,Non,Non,Non,Non,Non,Non,Non,Non,Non,Non,Non,Non,Non,Non,Non,Non,Non,Non,Non,Non,Non,Non,Non,Non,Non,Non,Non,Non,C,Non,Non,Non,Non,Non,Non,Non,Non,Non,Non,C,Non,Non,C,Non,Non,Non,Non,Non,Non,Non,Non,Non,Non,C,Non,Non,Non,Non,Non,Non,Non,Non,Non,Non,Non,C,C,C,C,Non,Non,Non,Non,Non,Non,C,Non,Non,Non,Non,Non,Non,Non,Non,Non,Non,Non,Non,Non,Non,Non,Non,Non,Non,Non,Non,Non,Non,Non,Non,Non,Non,Non,Non,Non,Non,Non,Non,Non,Non,Non,Non,Non,Non,Non,Non,Non,Non,Non,Non,Non,Non,Non,Non,Non,Non,Non,Non,Non,Non,Non,Non,Non,Non,Non,Non,Non,Non,Non,Non,Non,Non,Non,Non,Non,Non,Non,Non,Non,Non,Non,Non,Non,Non,Non,Non,Non,Non,Non,Non,Non,Non,Non,Non,Non,Non,Non,Non,Non,Non,Non,Non,Non,Non,Non,Non,Non,Non,Non,Non,Non,Non,Non,Non,Non,Non,Non,Non,Non,Non,Non,Non,Non,Non,Non,Non,Non,Non,Non,Non,Non,Non,Non,Non,Non,Non,Non,Non,Non,Non,Non,Non,Non,Non,Non,Non,Non,Non,Non,Non,Non,Non,Non,Non,Non,Non,Non,Non,Non,Non,Non,Non,Non,Non,Non,Non,BL01UK03FR030,UKFR030,588,19.6,2021,gb
R_1mQogSiDezR2Lx8,Female,University degree or equivalent,University degree or equivalent,35,60,5,Greek ,French;35;,English;60;,Greek;5;,70,20,10,NA,French,NA,10,9,NA,NA,I always (or almost always) speak French to my child,Other(s),Lithuanian,1,9,10,Lithuanian,I regularly speak a mix of French / English / other languages to my child,First,NA,1,6,Always (or almost always) English,,C/D,C/D,C,C,C/D,C/D,C,C/D,C/D,C,C/D,C/D,C/D,Non,Non,C,C,C/D,C/D,C,C,C/D,C,C/D,C,C,C,C,Non,C,Non,C/D,C,C,Non,C,C/D,C,C,C,Non,C/D,C,C,C,Non,C/D,C,C/D,C,C,C,C/D,C,C/D,C/D,C,C/D,C/D,C,C,C,C,C/D,C/D,C,C/D,Non,Non,Non,Non,C,C,Non,C/D,Non,C/D,C,C,C,C,Non,C/D,C/D,C,C/D,C,C/D,C,C,C,C,C/D,C/D,C,C/D,C,C/D,C,C,C,Non,Non,C,Non,C,C/D,C/D,C,C,C/D,C/D,C/D,C,C/D,C,C,Non,C/D,C/D,C,C,Non,C/D,Non,Non,C,C,C,C/D,C,C,Non,Non,C,Non,C,C/D,C,C,C,C,C,C,C,C,Non,C,C/D,C,C,Non,Non,Non,C,C,C,C,Non,Non,C,C/D,C,Non,C,Non,C/D,Non,Non,C,Non,C,Non,C,Non,Non,Non,Non,Non,Non,Non,C,Non,Non,Non,C,C,Non,C/D,C,C,C,C,C,C,C,C,C,C,C,Non,Non,C,Non,Non,Non,Non,Non,C,C,C,Non,Non,C,C/D,C,C,C,C,Non,C,C,C,Non,C/D,Non,Non,C,Non,Non,Non,C,C/D,C/D,Non,C/D,Non,C/D,Non,C/D,Non,Non,Non,Non,C,C/D,C/D,C,C/D,C/D,C/D,C,C,C,C/D,C,C,C/D,C/D,Non,C,C,C,C,C/D,C,C,C/D,C,C,C,C/D,C,Non,C,C,C,C,Non,C/D,Non,C,C/D,C/D,C,C,C/D,C,C/D,C,C,C,C,C,Non,C,C,C/D,Non,Non,C,C,C,C/D,C/D,C,C,C,Non,Non,C,C,C,C,C,C,C,C,C,C,C,C/D,C/D,Non,C,Non,C,C,Non,C,Non,C/D,C,C,C,C/D,Non,C/D,C/D,C/D,C/D,Non,Non,C/D,C,C/D,C,C/D,Non,C/D,C,C/D,C/D,Non,C,Non,C,Non,Non,C,Non,Non,C,Non,C,Non,Non,Non,Non,Non,C,Non,Non,C,Non,Non,Non,C,C,Non,Non,C,Non,Non,Non,Non,Non,C,Non,C,C,C,C,Non,Non,Non,Non,Non,C,Non,C,C/D,Non,Non,Non,Non,Non,Non,Non,Non,C,C/D,C,C,C/D,C,C/D,Non,BL01UK02FR052,UKFR052,655,21.83333333,2021,gb
R_YXmMywsu7e4NaaB,Male,University degree or equivalent,University degree or equivalent,75,20,5,NA,French;75;,English;20;,Other;5;,80,15,5,NA,English,NA,2,10,NA,NA,I always (or almost always) speak English to my child,French,NA,10,9,NA,NA,I always (or almost always) speak French to my child,First,NA,1,NA,NA,,Non,C/D,C,C/D,C/D,C/D,C/D,C/D,C,C/D,Non,C/D,Non,Non,Non,C,Non,C,C,C,Non,C,C,C,C,Non,Non,C,Non,Non,Non,C,C,Non,Non,C,Non,Non,Non,Non,Non,C,C,C,Non,Non,C,Non,Non,C,C,C,C,C,Non,C,C,C,Non,C,C,C,C,C,C,C,C,Non,C,C/D,C,C,Non,Non,C,C,C,C,C,C,C,C,C,C,C,C,C,Non,Non,Non,C,C,Non,Non,C,C,C,C,C,Non,Non,C,C,C,C,C,C,C,Non,Non,C,C,C,C,C,Non,C,Non,C,C,C,Non,Non,C,Non,C,C,C,C,C,C,Non,Non,C,C,Non,C,C,C,C,C,Non,C,Non,C,C,Non,C,C,C,Non,Non,C,C,C,C,Non,Non,C,Non,C,C,C,Non,Non,Non,C,Non,C,Non,Non,C,C,C,Non,C,C,C,Non,C,C,Non,C,Non,C,C,C,Non,Non,C,C,C,C,Non,C,Non,C,Non,C,C,Non,C,C,Non,Non,Non,C,Non,C,C,C,Non,Non,C,C,Non,C,C,C,Non,Non,C,C,Non,C,Non,C,Non,Non,C,C,Non,C,Non,Non,C/D,C,Non,Non,C/D,Non,C,Non,C,C,C,C,C,C,C/D,C/D,C,C,C,C,C,C,C/D,C/D,C,C,C,C,C,Non,Non,Non,C,C,C,C,C,Non,C,C,C,Non,C,Non,C,Non,Non,C,Non,C,Non,C,Non,C,Non,C,Non,C,C,C,Non,C,Non,C,C,C,Non,C,C,C,C,C,C,Non,C,C,Non,C,C,C,C,C,C,C,C,C,C,C,Non,Non,Non,Non,C,C,C,C,C,C,C,C,Non,Non,Non,C,Non,Non,C,Non,Non,C,C,Non,Non,Non,Non,Non,C,C,C,C,Non,Non,C,C,Non,C,C,C,Non,C,Non,Non,Non,C,Non,C,Non,Non,Non,C,C,C,C,C,C,C,C,Non,C,Non,Non,Non,C,Non,Non,C,C,Non,Non,C,C,Non,C,C,Non,C,C,C,C,C,C,C,C,Non,Non,Non,C,C,C,C,Non,C,Non,BL01UK04FR034,UKFR034,744,24.8,2021,gb
R_30iApzDgCnS47gx,Female,University degree or equivalent,University degree or equivalent,50,50,0,NA,French;50;,English;50;,,100,0,0,NA,French,NA,10,9,NA,NA,I always (or almost always) speak French to my child,Other(s),Lithuanian,1,9,10,Lithuanian,I regularly speak a mix of French / English / other languages to my child,First,NA,1,4,Always (or almost always) English,,C/D,C/D,C,C/D,C,C/D,C,C,C/D,C,C,C/D,Non,Non,Non,C,Non,C,C,C,Non,C,Non,C,C,Non,C/D,C,Non,Non,C/D,C/D,C,C,Non,C/D,C,C,C/D,C/D,C,C,C,C,Non,C,C,C/D,C/D,C/D,C/D,Non,C/D,C/D,C/D,C/D,C/D,C/D,C,C/D,C,C,C,C,C/D,C,C/D,C,C,C,C,C/D,C/D,C/D,C/D,Non,C/D,C/D,C,C/D,C,Non,C/D,C/D,C/D,C/D,C/D,C/D,Non,C/D,C/D,C/D,C/D,C/D,C/D,C/D,C,C/D,C/D,C/D,C,C/D,C/D,C,C/D,C,C/D,C/D,C/D,C,C/D,C/D,C/D,C,C/D,C/D,C/D,C/D,C/D,C/D,C/D,Non,Non,C/D,C,Non,C,C/D,C/D,C/D,C,C/D,C,Non,C/D,Non,C/D,C,C,C,C/D,C,C/D,C,C/D,C,Non,C,C/D,C/D,C/D,Non,C/D,C/D,C/D,Non,C/D,C,C/D,C/D,C/D,C/D,C,C,C/D,C,C,C,C,C/D,C,C/D,C/D,C/D,C/D,C,C,C/D,C,C/D,C/D,Non,C,Non,Non,C/D,C/D,C,C/D,C,C/D,C,C,C,C/D,C/D,C,C,C/D,C/D,Non,C,C,C,C/D,C,C,C,C/D,C,C/D,C,C,C,C/D,Non,C,C,C,C,C,C,C,C/D,C/D,C/D,C,C/D,C/D,Non,C/D,C,C,C,Non,C/D,C/D,Non,Non,C,C,Non,Non,C,C/D,C,C/D,C,C,C,C/D,Non,Non,Non,C,C/D,C,C/D,C,Non,C,C,C/D,Non,C/D,C,C,C,C,C,C,C,C/D,C/D,C/D,C/D,C/D,C,Non,C/D,Non,C/D,C/D,C/D,C/D,C,C/D,Non,C/D,C,C/D,C,C/D,C/D,C/D,C,C/D,C,C,C,C/D,C,C,C/D,C/D,C/D,C/D,C/D,C,C,C/D,C,C/D,Non,C,C/D,C/D,C/D,Non,Non,C,C/D,C/D,Non,C/D,C,C,C,C,C,C/D,C/D,C,Non,C/D,C/D,Non,C/D,C,C,C,C,C/D,C,C/D,C/D,C,C,C,Non,C,C/D,C/D,C,C/D,C/D,Non,C,Non,C/D,C/D,C/D,C/D,C/D,C/D,Non,Non,Non,Non,C,Non,Non,Non,Non,Non,Non,Non,Non,Non,Non,Non,Non,Non,C,C,C/D,C,C,C,C/D,C/D,C/D,C/D,C,C,C,C,C,C/D,C/D,C/D,C,C,C,C,C,Non,Non,Non,Non,C/D,C/D,C,C/D,C/D,C,C/D,C/D,BL01UK02FR050,UKFR050,566,18.86666667,2021,gb
R_2ylIZPPzEOHQKWi,Female,University degree or equivalent,University degree or equivalent,98,2,0,NA,French;98;,English;2;,,98,2,0,NA,French,NA,10,9,NA,NA,I always (or almost always) speak French to my child,Other(s),Lithuanian,1,9,10,Lithuanian,I regularly speak a mix of French / English / other languages to my child,First,NA,1,NA,NA,,C/D,C/D,C/D,C,C/D,C,C/D,C/D,C,C/D,C/D,C/D,C/D,C,C/D,C,C/D,C/D,C/D,C/D,Non,C/D,C/D,C/D,C/D,C,C/D,C/D,C/D,C/D,C/D,C/D,Non,C/D,C,C/D,C/D,C/D,C/D,C/D,C,C/D,C/D,C/D,C,C/D,C/D,C/D,C/D,C/D,C/D,C,C/D,C/D,C/D,C/D,C/D,C/D,C/D,C/D,C/D,C,C/D,C/D,C/D,C,C/D,C/D,C,C/D,Non,C/D,C/D,Non,C/D,C/D,C,C/D,C/D,C/D,C/D,C,C/D,C/D,C/D,C/D,C/D,C,C/D,C/D,C/D,C/D,C,C/D,C,C/D,C/D,C/D,C/D,C/D,C/D,C,C,C/D,C/D,C/D,C/D,C/D,C,C/D,C/D,C/D,C/D,C/D,C/D,Non,C/D,C/D,C/D,C/D,C/D,C,C,C/D,Non,Non,C/D,C/D,C/D,C/D,C/D,C/D,Non,Non,C,Non,C/D,C/D,C,C/D,C/D,C/D,C,Non,C/D,C/D,Non,C/D,C/D,C/D,C/D,Non,C/D,C/D,C/D,C/D,C,C/D,C/D,C/D,C/D,C/D,C,C,C/D,Non,C/D,C/D,C,C/D,C,C/D,C,C/D,C,C/D,C,C/D,C,C/D,C/D,C/D,C/D,C,Non,C/D,C/D,C,C,C/D,C,C,C/D,C/D,C/D,C/D,C/D,Non,C/D,C/D,Non,C/D,C/D,Non,C,Non,C,C/D,C,C,C/D,C/D,Non,Non,C/D,Non,C/D,C/D,Non,C,Non,C/D,C/D,C/D,C/D,C/D,C/D,C,C/D,C,C/D,C/D,C,C,Non,C/D,C/D,C/D,Non,C/D,C/D,C/D,C/D,Non,C/D,C/D,C/D,C/D,C/D,C/D,C/D,C/D,C,C,C/D,C/D,C,C/D,C/D,C/D,C/D,C,C/D,C/D,C/D,C/D,C/D,C/D,C/D,C/D,C/D,C/D,C/D,C,C/D,C/D,C/D,C,Non,C,C,C/D,C/D,C/D,C/D,C/D,C/D,C/D,C/D,C,C,C/D,C/D,C/D,C/D,C/D,Non,C/D,C/D,C/D,C/D,Non,C/D,C/D,C/D,C/D,C/D,C/D,C/D,C/D,C/D,C,C/D,C/D,C/D,C/D,C/D,C/D,C/D,C,C/D,C/D,C/D,C,C,C,C/D,C/D,C/D,C/D,C/D,C/D,C/D,C/D,C/D,C/D,C/D,C/D,C,C/D,C/D,C,C/D,C/D,C/D,C/D,C/D,C/D,C/D,C,C/D,C/D,C/D,C/D,C/D,C/D,C/D,C/D,C/D,Non,C/D,C/D,C,C/D,C,C,Non,Non,C/D,C/D,C,Non,Non,C/D,C,C,C,Non,C/D,C,C,C,C,C/D,C/D,C/D,C/D,C,C/D,C/D,C,C/D,C/D,Non,C,C/D,C,C,C,C,C,C/D,C/D,C/D,C/D,C/D,C,C/D,C/D,Non,C/D,C/D,C,C/D,C,C,C/D,C/D,BL01UK04FR029,UKFR029,844,28.13333333,2021,gb
R_3lAII0mTZ6OZWud,Female,University degree or equivalent,Left school at 18 with A-Levels or equivalent,95,5,0,NA,French;95;,English;5;,,99,1,0,NA,French,NA,10,9,NA,NA,I always (or almost always) speak French to my child,English,NA,3,10,0,NA,I always (or almost always) speak English to my child,First,NA,1,11,Always (or almost always) English,,Non,Non,Non,Non,Non,Non,C/D,C/D,Non,C,C/D,C/D,Non,Non,Non,Non,Non,Non,Non,Non,Non,C/D,Non,Non,Non,Non,Non,Non,Non,Non,Non,Non,Non,Non,Non,Non,Non,Non,Non,Non,Non,Non,Non,Non,Non,Non,Non,Non,Non,Non,Non,Non,Non,C,C/D,Non,C/D,C,Non,Non,Non,Non,C,C,Non,Non,C,Non,Non,Non,Non,Non,Non,Non,C,Non,Non,Non,Non,Non,C,Non,Non,Non,C/D,Non,Non,Non,Non,Non,C,Non,Non,Non,Non,C,C,C,C,C,Non,Non,Non,Non,Non,Non,Non,C,Non,Non,C,C,C,C,C,C,C,C,C,C,C,Non,Non,C,Non,Non,Non,C,C,Non,Non,Non,Non,Non,C,C,C,C,C,C,C,Non,C,C,C,C,Non,C,C,C,Non,Non,C,C,C,Non,C,Non,Non,Non,Non,Non,Non,Non,Non,Non,Non,Non,Non,Non,Non,C,Non,Non,Non,Non,Non,Non,Non,Non,Non,Non,Non,Non,Non,C,C,C,C,C,C,Non,C,Non,C,C,C,C,C,C,C,Non,Non,Non,Non,Non,Non,C,Non,Non,Non,Non,Non,Non,C,Non,C,C,Non,Non,C,C,C,Non,Non,C,C,Non,Non,Non,Non,Non,C,C,Non,C/D,Non,Non,Non,C,Non,Non,Non,Non,C/D,C,C,C,C,Non,C/D,C,C,C,Non,C/D,C,C/D,C/D,C,Non,C,C,Non,C,Non,Non,C,C,C,C,Non,Non,Non,C,Non,C,Non,Non,C,Non,C,C,Non,Non,Non,C,Non,Non,Non,Non,C,Non,Non,Non,Non,C,Non,Non,C,Non,Non,Non,Non,Non,Non,Non,Non,Non,Non,C,Non,Non,Non,Non,Non,C,C,Non,Non,Non,Non,Non,Non,Non,Non,Non,C,Non,C,Non,C,C,Non,C/D,Non,Non,Non,Non,Non,C,Non,Non,C,Non,C,Non,C,Non,Non,Non,C,Non,Non,C,Non,Non,Non,Non,Non,C/D,Non,Non,Non,Non,Non,Non,Non,Non,Non,Non,Non,Non,Non,Non,Non,Non,Non,C,Non,Non,Non,Non,Non,Non,Non,Non,C,Non,Non,Non,Non,Non,Non,Non,Non,Non,Non,C,Non,Non,Non,C,C,C,C,Non,C,C,Non,Non,Non,Non,Non,Non,Non,Non,Non,BL01UK04FR031,UKFR031,758,25.26666667,2021,gb
R_2S1wufOUnDWZ9g6,Female,University degree or equivalent,University degree or equivalent,20,75,5,Spanish,French;20;,English;75;,Spanish;5;,50,50,0,NA,French,NA,10,9,NA,NA,I always (or almost always) speak French to my child,Other(s),Lithuanian,1,9,10,Lithuanian,I regularly speak a mix of French / English / other languages to my child,First,NA,1,4,Always (or almost always) English,,C/D,C,C,C/D,C,C/D,C/D,C/D,C/D,C,C/D,C/D,C/D,C,C,C/D,C,C/D,C/D,C/D,Non,C/D,C,C/D,C,Non,C,C/D,C/D,C,Non,C/D,C/D,C,Non,C/D,C/D,C/D,C/D,C/D,Non,C/D,C,C,C/D,C,C/D,C/D,C/D,C/D,C/D,C/D,C/D,C,C/D,C,C/D,C,C/D,C,Non,C,C,C,Non,C,C/D,C/D,Non,Non,C/D,C/D,C/D,Non,C/D,C/D,C/D,C/D,C,Non,C,Non,C,C/D,C/D,C,Non,C/D,Non,C,C/D,C/D,Non,Non,C,C/D,C/D,C,C,C,C,Non,C,C/D,C,C,C,C/D,C,Non,C,C,C,C,C,Non,C/D,Non,C/D,C/D,C/D,Non,C,C/D,Non,Non,C/D,C/D,C,C/D,C/D,Non,Non,C,C,Non,C,C/D,C,C/D,C,Non,C,C,C/D,C,C/D,C,C/D,C,C,Non,C,C,C,C,C,C/D,C,Non,C,C/D,C/D,Non,C,Non,C/D,Non,C,C/D,C,C/D,Non,C/D,Non,Non,Non,C,Non,C/D,Non,C/D,C,C/D,Non,C/D,C,Non,C/D,C/D,C,C,C,C,C,C,C/D,Non,C/D,C,Non,C/D,C/D,C,C/D,C/D,C,Non,C,C,C,Non,Non,Non,C/D,Non,C,C,Non,Non,C,C/D,C,C/D,C/D,C/D,C/D,C/D,C/D,Non,C/D,Non,C,C,Non,C/D,C/D,C,C/D,C/D,Non,C/D,Non,Non,C,C/D,C,C/D,C/D,C/D,C,C,C,C,C,C/D,C,C/D,C/D,C,C/D,Non,C,C,C/D,C/D,Non,C/D,C,C,C/D,C,C,C,C/D,C,C/D,C,Non,C/D,C,C,C/D,C,C,C,C,C,C/D,C,C,C/D,Non,C/D,C,C/D,C/D,C/D,Non,C,C/D,Non,C/D,C/D,C/D,C/D,C,C,C,Non,C/D,C,C/D,C,C,C/D,C,C/D,C/D,Non,C/D,C/D,C,C,Non,C,C,C,C,C/D,Non,C,C,C,C,C,Non,C,Non,C/D,C/D,C,C/D,C/D,C/D,C/D,Non,Non,Non,C,C/D,C/D,C/D,C/D,C/D,C,C,C/D,Non,C,C/D,C,C/D,C/D,C/D,C,Non,Non,C/D,C,Non,Non,Non,C,Non,Non,Non,Non,Non,Non,Non,Non,Non,C,C,C,C,C,C,C,C,Non,C,Non,Non,Non,Non,Non,C,Non,C,C,C,C,C,C,Non,C,C,C,Non,C/D,C/D,C,C/D,Non,C/D,C/D,BL01UK04FR024,UKFR024,838,27.93333333,2021,gb
R_2pRgiEpewSUytWo,Female,University degree or equivalent,University degree or equivalent,99,1,0,NA,French;99;,English;1;,,99,1,0,NA,French,NA,10,9,NA,NA,I always (or almost always) speak French to my child,Other(s),Lithuanian,1,9,10,Lithuanian,I regularly speak a mix of French / English / other languages to my child,First,NA,1,NA,Always (or almost always) English,,C/D,C/D,C/D,C/D,C,C/D,C/D,C/D,C,C/D,C/D,C/D,C/D,C/D,C/D,C/D,C/D,C/D,C/D,C/D,C,C/D,C/D,C/D,C/D,C,C/D,C/D,C/D,C/D,C/D,C/D,C/D,C/D,C,C/D,C/D,C/D,C/D,C/D,C/D,C/D,C/D,C/D,C/D,C/D,C/D,C/D,C/D,C/D,C,C,C/D,C/D,C/D,C/D,C/D,C/D,C/D,C/D,C/D,C/D,C/D,C/D,C/D,C,C/D,C/D,C,C/D,Non,C/D,C/D,C,C/D,C/D,C/D,C/D,C/D,C/D,C/D,C,C/D,C/D,C/D,C/D,C/D,C,C/D,C/D,C/D,C/D,C/D,C/D,C/D,C/D,C/D,C/D,C/D,C/D,C/D,C,C/D,C/D,C/D,C/D,C/D,C/D,C/D,C/D,C/D,C/D,C/D,C/D,C/D,Non,C/D,C/D,C/D,C/D,C/D,C,C,C/D,C,C,C/D,C/D,C/D,C/D,C/D,C/D,C/D,Non,C/D,Non,C/D,C/D,C,C/D,C/D,C/D,C,C,C/D,C/D,Non,C/D,C/D,C/D,C/D,C,C/D,C/D,C/D,C/D,C/D,C/D,C/D,C/D,C/D,C/D,C,C,C/D,C,C/D,C/D,C/D,C/D,C/D,C/D,C/D,C/D,C/D,C/D,C,C/D,C/D,C/D,C/D,C/D,C/D,C,Non,C/D,C/D,C,C/D,C/D,C/D,C/D,C/D,C/D,C/D,C/D,C/D,Non,C/D,C/D,Non,C/D,C/D,Non,C/D,Non,C/D,C/D,C/D,C,C/D,C/D,C,Non,C/D,Non,C/D,C/D,Non,Non,Non,C/D,C/D,C,C/D,C/D,C/D,C/D,C/D,C/D,C/D,C/D,C,C,C,C/D,C/D,C/D,Non,C/D,C/D,C/D,C/D,Non,C/D,C/D,C/D,C/D,C/D,C/D,C/D,C,C,C/D,C/D,C/D,C,C/D,C/D,C/D,C/D,C,C/D,C/D,C/D,C/D,C/D,C/D,C/D,C/D,C/D,C/D,C/D,Non,C/D,C/D,C/D,C,C/D,C,C,C/D,C/D,C/D,C/D,C/D,C/D,C/D,C/D,C,C/D,C/D,C/D,C/D,C/D,C/D,C/D,C/D,C/D,C/D,C/D,C,C/D,C/D,C/D,C/D,C/D,C/D,C/D,C/D,C/D,C,C/D,C/D,C/D,C/D,C/D,C/D,C/D,C,C/D,C/D,C/D,C/D,C,C,C/D,C/D,C/D,C/D,C/D,C/D,C/D,C/D,C/D,C/D,C/D,C/D,C/D,C/D,C/D,C,C/D,C/D,C/D,C/D,C/D,C/D,C/D,C,C/D,C/D,C/D,C/D,C/D,C/D,C/D,C/D,C/D,C/D,C/D,C/D,C/D,C/D,C/D,C/D,C,Non,C/D,C/D,C,C,Non,C/D,C/D,C/D,C/D,C/D,C/D,C/D,C/D,C,C/D,C,C/D,C/D,C/D,C,C/D,C/D,C/D,C/D,C/D,C,C/D,C/D,C/D,C/D,C/D,C,C/D,C,C/D,C/D,C/D,C/D,C/D,C/D,C/D,C,C/D,C/D,C/D,C/D,C,C/D,C/D,C/D,BL01UK04FR027,UKFR027,847,28.23333333,2021,gb
R_2vZxUMNfjKhLIn2,Male,University degree or equivalent,University degree or equivalent,20,80,0,NA,French;20;,English;80;,,20,80,0,NA,English,NA,2,10,NA,NA,I always (or almost always) speak English to my child,French,NA,10,9,NA,NA,I always (or almost always) speak French to my child,First,NA,1,13,Always (or almost always) English,,C,C,C,C,C,C,C,C/D,C/D,C,C,C,C,Non,C,Non,Non,C,C,C,Non,C/D,C,C/D,C/D,Non,Non,C,C,C,C,C,C,C,Non,C,C,C,C,C,Non,C,C,C,C,C,C,C/D,C/D,C/D,C/D,C,C,C,C/D,C,C,C,Non,C,C,C,C,C/D,C,C,C/D,Non,Non,Non,Non,Non,Non,Non,Non,Non,C/D,Non,Non,Non,Non,Non,C,C/D,C,C,C,Non,C/D,C,C,C,Non,C,C,C,C,C,C,C,C,C,Non,C,C,C,C,C,Non,Non,C,C,C,C,C,C,C,C,C/D,C,C,Non,C,Non,Non,Non,C,C,C,C,C,C,Non,Non,C,Non,C,C,C,C,C,Non,Non,Non,C,C,Non,C,C/D,C,C/D,Non,C,C,C/D,C,C,C,C,C,C,C,Non,Non,C,Non,C,C,C,C,C,C,Non,C,Non,C,C,C,C,C,C/D,C,C,Non,Non,C,C,C,C,Non,C,C,C,C,Non,C,C,Non,C,C,C,C,C,Non,C,C,Non,C,C,Non,C,C,Non,Non,C,Non,C,C,Non,C,C,C,C,C,C,C,C,C,C,Non,C,Non,Non,Non,Non,C/D,Non,Non,Non,C/D,C,C/D,Non,Non,C,C,C/D,C,C,C/D,C/D,C/D,C,Non,C,C/D,C,C/D,C/D,C,C,Non,C,C,C,C/D,Non,C,C,C,C,C,C,C,C,C,C,C,Non,C/D,Non,C,C,C,C,C,C,Non,C,Non,C,C,C,C,C,C,C,C,C,C,C,Non,C,C,C,C,C,C,Non,C,C,Non,C,C,C,C,C,C,C,C,C,C,C,Non,Non,Non,C,C,C,Non,C,C,C,C,C,C,C,C,C,C,C,Non,C,C,C,C/D,C,C/D,C,C,C,C,C,C,C,C,C/D,C,Non,C,C,C,C,C,C,C,C,Non,C,C,C,C,C,C,C,C,C,C,C,C,C,C,C,C,C,C,C,C,C,C,C,C,C,Non,C,C,C,C,C,C,C,C,C,C,C,C,Non,C,C,Non,C,C,C,C,C,Non,C,C,BL01UK02FR026,UKFR026,837,27.9,2021,gb
R_2y2Wmk6gzOTCYDp,Male,University degree or equivalent,University degree or equivalent,30,60,10,Greek ,French;30;,English;60;,Greek;10;,50,40,10,NA,English,NA,2,10,NA,NA,I always (or almost always) speak English to my child,French,NA,10,9,NA,NA,I always (or almost always) speak French to my child,First,NA,1,7,Always (or almost always) English,,C/D,C,C,C/D,C/D,C/D,C/D,C/D,C/D,C,C/D,C/D,C/D,C,Non,C,C,C/D,C/D,C/D,C,C/D,C/D,C/D,C,Non,C/D,C/D,C/D,C/D,C,C/D,C,C,Non,C/D,C/D,C,Non,C/D,C,C/D,C,C,C,C,C,C,C/D,C,C,C,Non,C/D,C/D,C/D,C,C/D,C/D,C,C,C,C/D,C/D,C/D,C/D,C,C,C/D,Non,Non,C,C,Non,C/D,Non,C,C,C/D,Non,C/D,Non,C,C/D,C/D,C,C,C/D,C/D,C/D,C/D,C,Non,C/D,C,C/D,C,C/D,C,C,C,Non,C,C,C,C/D,C/D,C/D,C,Non,C/D,C/D,C/D,C,C/D,C/D,C,C,C/D,C,C,C,C,C,Non,Non,C,C,C,C/D,C,C,Non,Non,C,Non,C,C/D,C/D,C,C,C,C,C,C,C,Non,C/D,C/D,C,C,Non,C,C,C/D,C,C,C,C,C/D,C,C/D,C,Non,C/D,Non,C/D,C/D,C,C/D,Non,C/D,Non,C,Non,Non,C,C,Non,C,C,C/D,Non,Non,Non,C/D,C,Non,C/D,C,C,C,C,C,C,C,C,Non,C,C,C,Non,C,Non,Non,C,Non,Non,C/D,Non,C,C,Non,C,C/D,C,C,Non,Non,Non,C,C/D,C,Non,C/D,Non,Non,C,C,Non,C,Non,C/D,C/D,Non,C/D,Non,C/D,Non,C/D,Non,C,Non,Non,C,C/D,C/D,C/D,C,C,C/D,Non,C,C,C,C/D,C,C/D,C/D,C,C,Non,C,C/D,C/D,C,C,C/D,C/D,C/D,C/D,C,C,C,C/D,C/D,C/D,C/D,Non,C/D,Non,C,C/D,C/D,C/D,Non,C/D,C,C/D,C,Non,C,C/D,C/D,C/D,C,C,C/D,Non,C/D,C,Non,C,C/D,C/D,C/D,C/D,C,C,Non,C,Non,C,C,C,C,C,C,C/D,Non,C,C/D,C/D,Non,C/D,C,C,C,C,C,C,C/D,C/D,C,C,C/D,C,C,C,C/D,C/D,C,C/D,C,C,C/D,C,C/D,C,C/D,C,C/D,C/D,Non,Non,Non,C,Non,Non,C/D,C,C,C,Non,C,C,Non,Non,Non,Non,Non,Non,Non,Non,Non,Non,Non,C,C,Non,Non,Non,Non,Non,Non,Non,Non,C,Non,Non,C,C,C,C,C,C,Non,Non,C,Non,Non,Non,Non,Non,Non,Non,Non,Non,Non,Non,C/D,C/D,C/D,C,C/D,Non,C,Non,BL01UK03FR052,UKFR052,713,23.76666667,2021,gb
R_3hnFyQKL69qUOU2,Female,University degree or equivalent,University degree or equivalent,40,60,0,NA,French;40;,English;60;,,99,1,0,NA,French,NA,10,9,NA,NA,I always (or almost always) speak French to my child,Other(s),Lithuanian,1,9,10,Lithuanian,I regularly speak a mix of French / English / other languages to my child,First,NA,1,4,Always (or almost always) English,,Non,C/D,C,C/D,C/D,C/D,C,C,C/D,Non,C/D,C/D,Non,Non,Non,C,Non,C,C,C/D,Non,Non,C,C,C,Non,C/D,C,C/D,C,C/D,C/D,C,C/D,C,C/D,C/D,C,C/D,C/D,Non,Non,C/D,C/D,C/D,C,C,C/D,C/D,C/D,C/D,C,C/D,C/D,C/D,C/D,C/D,C/D,C/D,C/D,C,C/D,C/D,C/D,C/D,C/D,C/D,C,C,C,C/D,C/D,C/D,C,C/D,Non,C/D,C/D,C,C/D,C/D,C,C/D,C/D,C/D,C/D,C,C/D,C,C/D,C/D,C/D,C/D,C/D,C/D,C/D,C,C/D,C/D,C/D,C,C,C,C/D,C/D,C,C/D,C/D,C/D,C,C/D,C/D,C/D,C/D,C/D,C/D,C/D,C/D,C/D,C/D,C/D,C,C,C/D,C,C,C/D,C/D,C/D,C/D,C/D,C/D,Non,C,C,C,C/D,C/D,C,C/D,C/D,C,C,C,C/D,C,Non,C,Non,C/D,Non,Non,C,C,C/D,Non,Non,C/D,C/D,C/D,C,C/D,C/D,Non,C/D,C,C/D,C/D,C/D,C,C,C/D,Non,C/D,C,Non,C,C/D,Non,C/D,C/D,C/D,C,Non,Non,C/D,C/D,Non,C/D,C/D,C/D,Non,C/D,C,C,C/D,C,Non,C/D,C/D,Non,Non,Non,Non,C/D,Non,C,C,C/D,Non,C/D,C,C,Non,C/D,Non,C/D,Non,Non,Non,C,C,C/D,Non,C/D,C/D,C,C,C/D,Non,C/D,C/D,C,C,Non,C/D,C/D,Non,Non,C/D,Non,Non,Non,Non,C,C,C/D,C/D,C,Non,C/D,C,C,C,C,C/D,C,C/D,C/D,C,C,C,C,C,C/D,C/D,Non,C/D,C/D,C/D,C,C/D,C,C/D,C/D,C/D,C/D,C/D,Non,Non,Non,C/D,Non,C/D,Non,C,C/D,C,C/D,C,C/D,C/D,C/D,Non,Non,Non,C/D,Non,Non,C,C/D,Non,C/D,Non,C/D,C/D,C/D,C/D,Non,Non,C/D,Non,C/D,Non,Non,C/D,C/D,C/D,Non,Non,C,C/D,C,Non,C/D,C,C,C/D,Non,Non,C,C/D,C,C/D,C/D,C,Non,C,C,C/D,C/D,C,C/D,C/D,C/D,C,C,C,Non,Non,C,C/D,C,C,C/D,C/D,C/D,C,Non,C/D,C,C/D,C/D,C/D,C/D,Non,Non,Non,Non,C/D,Non,Non,Non,Non,Non,Non,Non,Non,Non,Non,Non,Non,Non,C,C,C,Non,Non,Non,Non,Non,C/D,C/D,Non,C/D,Non,Non,Non,C/D,Non,C/D,C,Non,C,C,Non,Non,Non,Non,Non,C/D,C/D,Non,Non,C/D,Non,C/D,C/D,BL01UK03FR050,UKFR050,632,21.06666667,2021,gb
R_0UpfWSvYXVaeauR,Female,University degree or equivalent,Left school at 18 with A-Levels or equivalent,35,60,5,Greek,French;35;,English;60;,Greek;5;,55,40,5,Greek,French,NA,10,9,NA,NA,I always (or almost always) speak French to my child,English,NA,3,10,0,NA,I always (or almost always) speak English to my child,First,NA,1,10,Always (or almost always) English,,Non,Non,Non,C,C/D,Non,Non,C,Non,C/D,Non,Non,Non,Non,Non,Non,Non,C,C,C,Non,C,C,C,C,Non,Non,C,Non,Non,Non,Non,Non,C,Non,Non,Non,Non,Non,Non,Non,Non,Non,Non,Non,Non,Non,Non,Non,Non,Non,Non,Non,Non,Non,Non,Non,Non,Non,Non,Non,Non,C,Non,Non,Non,C/D,Non,Non,Non,C,Non,C,Non,C,Non,Non,Non,Non,Non,C,C,C,Non,C,Non,Non,Non,C,Non,Non,Non,Non,C,Non,Non,Non,C,C,C,Non,C,Non,Non,Non,Non,Non,C,Non,C/D,Non,C,Non,Non,Non,C,C/D,Non,C,C/D,C/D,Non,Non,C,Non,Non,C,Non,Non,Non,C,Non,Non,Non,C,Non,C,Non,Non,C,Non,Non,C,Non,C,Non,Non,Non,C,Non,Non,Non,Non,Non,Non,Non,Non,Non,Non,Non,Non,Non,Non,Non,Non,Non,Non,Non,C,Non,Non,C,Non,Non,Non,Non,Non,Non,Non,Non,Non,Non,Non,Non,Non,Non,Non,Non,Non,Non,Non,Non,C,Non,Non,Non,C,Non,C,C,Non,Non,Non,Non,Non,Non,Non,Non,Non,Non,Non,Non,Non,Non,Non,Non,C,Non,Non,Non,Non,C,C,Non,Non,Non,Non,Non,Non,Non,Non,Non,C,C,Non,C/D,Non,Non,Non,C/D,Non,Non,Non,C,C,C/D,C,C,C,C,C/D,C,C,C,C,C,Non,C,Non,C,C,C,C,Non,Non,Non,Non,Non,Non,C,Non,Non,Non,Non,C,C,Non,C,Non,Non,Non,Non,Non,Non,Non,Non,C,Non,C,Non,Non,Non,Non,Non,Non,C,C,C,Non,Non,Non,Non,Non,Non,C,C,Non,Non,Non,Non,Non,Non,Non,Non,Non,Non,Non,Non,Non,Non,Non,Non,Non,Non,Non,Non,Non,Non,Non,Non,Non,Non,Non,Non,Non,C,Non,C,C,Non,Non,Non,Non,Non,Non,Non,Non,Non,Non,Non,C,C,Non,Non,Non,Non,Non,Non,Non,Non,Non,Non,Non,Non,Non,Non,Non,Non,C,Non,Non,Non,Non,Non,Non,Non,Non,Non,Non,Non,Non,Non,Non,Non,Non,Non,Non,Non,Non,Non,Non,Non,Non,Non,Non,Non,Non,Non,Non,Non,Non,Non,Non,Non,Non,C,Non,Non,Non,Non,Non,Non,Non,Non,Non,Non,Non,Non,BL01UK02FR058,UKFR058,580,19.33333333,2021,gb
R_2QsNXn4m3rt3jdR,Female,University degree or equivalent,University degree or equivalent,90,10,0,NA,French;90;,English;10;,,95,5,0,NA,French,NA,10,9,NA,NA,I always (or almost always) speak French to my child,Other(s),Lithuanian,1,9,10,Lithuanian,I regularly speak a mix of French / English / other languages to my child,First,NA,1,29,Always (or almost always) English,,C/D,C/D,C/D,C/D,C/D,C/D,C/D,C/D,C/D,C/D,C,C/D,C/D,C/D,C/D,C/D,C/D,C/D,C/D,C/D,C/D,C/D,C/D,C/D,C/D,Non,C/D,C/D,C/D,C/D,C/D,C/D,C/D,C/D,C,C/D,C/D,C/D,C/D,C/D,C/D,C/D,C/D,C/D,C/D,C/D,C/D,C/D,C/D,C/D,C,C,C/D,C/D,C/D,C/D,C/D,C/D,C/D,C/D,C,C/D,C/D,C/D,C/D,C,C/D,C/D,C,C/D,Non,C/D,C/D,C,C/D,C/D,C/D,C/D,C/D,C/D,C/D,C/D,C/D,C/D,C/D,C/D,C/D,C/D,C/D,C/D,C/D,C/D,C/D,C/D,C,C/D,C/D,C/D,C/D,C/D,C/D,C,C/D,C/D,C,C/D,C/D,C/D,C,C/D,C/D,C/D,C/D,C/D,C/D,Non,C/D,C/D,C/D,C/D,C/D,C,C,C/D,C,C,C/D,C/D,C/D,C/D,C/D,C/D,C/D,C,C/D,Non,C/D,C/D,C,C/D,C/D,C/D,C/D,C,C/D,C,Non,C/D,C/D,C/D,C/D,Non,C/D,C/D,C/D,C/D,C/D,C/D,C/D,C/D,C/D,C/D,C,C/D,C/D,C,C/D,C/D,C/D,C/D,C/D,C/D,C/D,C/D,C/D,C/D,C,C/D,C,C/D,C/D,C/D,C/D,C,Non,C/D,C/D,C,C,C/D,C/D,C/D,C/D,C/D,C/D,C/D,C/D,Non,C/D,C/D,Non,C/D,C/D,Non,C/D,Non,C,C/D,C/D,C,C/D,C/D,C,Non,C/D,Non,C/D,C/D,Non,Non,Non,C/D,C/D,C/D,C/D,C,C/D,C/D,C/D,C/D,C/D,C/D,C/D,C/D,C,C/D,C/D,C,Non,C/D,C/D,C/D,C/D,Non,C/D,C/D,C/D,C/D,C/D,C/D,C/D,C/D,C/D,C/D,C/D,C/D,C/D,C/D,C/D,C/D,C/D,C,C/D,C/D,C/D,C/D,C/D,C/D,C/D,C/D,C/D,C/D,C/D,C,C/D,C/D,C/D,C/D,C,C,C/D,C/D,C/D,C/D,C/D,C/D,C/D,C/D,C/D,C,C,C/D,C/D,C/D,C/D,C/D,C/D,C/D,C/D,C/D,C/D,C/D,C/D,C/D,C/D,C/D,C/D,C/D,C/D,C/D,C/D,C,C/D,C/D,C/D,C/D,C/D,C/D,C/D,C,C/D,C/D,C/D,C/D,C,C,C/D,C/D,C/D,C/D,C,C/D,C/D,C/D,C/D,C/D,C/D,C/D,C/D,C/D,C/D,C,C/D,C/D,C/D,C/D,C/D,C/D,C/D,C/D,C/D,C/D,C/D,C/D,C/D,C/D,C/D,C/D,C/D,C/D,C/D,C/D,C/D,C/D,C/D,C/D,C,C,C/D,C/D,C,C,Non,C/D,C/D,C/D,C/D,C/D,C/D,C/D,C/D,C,C/D,C/D,C/D,C/D,C/D,C/D,C/D,C/D,C/D,C/D,C/D,C,C/D,C/D,C/D,C/D,C/D,C/D,C/D,C/D,C/D,C/D,C/D,C/D,C/D,C/D,C/D,C,C/D,C/D,C/D,C/D,C/D,C/D,C/D,C/D,BL01UK03FR048,UKFR048,940,31.33333333,2021,gb
R_DMMjnICNBiYIMEx,Female,University degree or equivalent,University degree or equivalent,50,50,0,NA,French;50;,English;50;,,60,40,0,NA,French,NA,10,9,NA,NA,I always (or almost always) speak French to my child,Other(s),Lithuanian,1,9,10,Lithuanian,I regularly speak a mix of French / English / other languages to my child,First,NA,1,10,Always (or almost always) English,,C,C/D,C,C/D,C/D,C/D,C/D,C/D,C/D,C/D,Non,C/D,Non,Non,C,C,Non,Non,Non,C,Non,C/D,C,C/D,C,Non,Non,C,Non,Non,Non,C/D,C,C,Non,C,Non,Non,Non,C/D,Non,Non,C,Non,C,Non,C,Non,Non,Non,Non,Non,Non,C/D,Non,Non,C,C/D,C,C/D,C,C,C,Non,C,Non,C/D,Non,Non,Non,Non,C,C,Non,C/D,C,C/D,C,C,Non,C,Non,Non,C/D,Non,C/D,C,Non,C/D,C,C/D,Non,Non,Non,Non,C/D,C/D,C,C/D,C,C,Non,Non,C,Non,Non,C,C,Non,Non,C,C,C/D,C,C,Non,C/D,Non,C,C,C,Non,Non,C/D,Non,Non,Non,C,C,Non,C,C,Non,C,C/D,Non,Non,C,Non,C,Non,Non,Non,Non,Non,Non,Non,C,Non,Non,Non,Non,C,Non,C,C,Non,Non,Non,Non,Non,C,Non,Non,Non,Non,C,Non,C,Non,Non,C/D,Non,Non,Non,Non,Non,Non,Non,Non,C,C,Non,Non,Non,Non,C,C,C,Non,Non,Non,C/D,Non,C/D,Non,Non,Non,C,C,Non,Non,Non,Non,Non,Non,Non,Non,C,Non,Non,Non,Non,Non,Non,Non,Non,C,Non,Non,C/D,Non,Non,C,C/D,Non,Non,Non,Non,Non,Non,Non,C/D,C/D,Non,C/D,Non,Non,Non,C,Non,Non,Non,Non,C/D,C/D,C/D,C,C/D,C,C,Non,Non,Non,Non,C,C,C/D,C,C,C,C,C,Non,C,Non,Non,C,Non,C,C,C,Non,Non,C,C,Non,C,Non,C,Non,Non,Non,C,C,Non,C/D,C,C,Non,Non,Non,C,C,Non,C,C,C,Non,C,C,Non,C,C,C,C,C,C,Non,Non,C,Non,C,Non,C,Non,C,Non,Non,Non,C/D,Non,C,Non,C,Non,Non,C,Non,C,Non,C,Non,C,C,C,Non,C,C,C/D,C,Non,C/D,C,C,C,Non,Non,Non,Non,C,C,Non,Non,Non,C/D,Non,Non,Non,Non,Non,Non,Non,C,C,Non,Non,Non,Non,C,Non,Non,Non,Non,Non,Non,Non,Non,C,Non,Non,Non,Non,Non,Non,Non,Non,Non,Non,Non,Non,Non,Non,Non,Non,Non,Non,Non,Non,Non,Non,C,Non,Non,Non,C,Non,Non,C,Non,C/D,C,Non,Non,Non,Non,C/D,Non,BL01UK03FR013,UKFR013,829,27.63333333,2021,gb
R_2Xo0gtfURLhXgS9,Female,University degree or equivalent,Left school at 18 with A-Levels or equivalent,50,50,0,NA,French;50;,English;50;,,60,40,0,NA,French,NA,10,9,NA,NA,I always (or almost always) speak French to my child,English,NA,3,10,0,NA,I always (or almost always) speak English to my child,First,NA,1,10,Always (or almost always) English,,Non,C/D,Non,C/D,C/D,C/D,C/D,C/D,C/D,C/D,Non,C/D,Non,Non,Non,Non,Non,C,C,C,Non,C/D,C,C,C,Non,Non,C,C,Non,Non,C/D,C,C,Non,C,C,Non,Non,C,Non,Non,C,Non,C,Non,C,Non,Non,Non,Non,Non,Non,C,Non,Non,C,C/D,Non,C/D,C,C,C,Non,C,Non,C/D,Non,Non,Non,Non,C,Non,Non,C,C,C,C,Non,Non,C,Non,Non,C/D,C,C/D,C,Non,C,C,C/D,Non,Non,Non,Non,C/D,C,Non,C/D,Non,Non,Non,Non,C,Non,C,C/D,C,Non,Non,C,C,C/D,C,C,Non,C/D,Non,C,C,C,Non,Non,C/D,Non,Non,Non,C,C,Non,C,C,Non,C,C,Non,C,C,Non,C,Non,Non,Non,Non,Non,Non,Non,C,Non,Non,Non,Non,Non,Non,C,C,Non,Non,Non,Non,Non,C,C,Non,Non,Non,Non,Non,C,Non,Non,Non,Non,Non,Non,Non,Non,Non,Non,Non,C,C,Non,Non,Non,Non,Non,Non,C,Non,Non,Non,C,Non,C,Non,Non,Non,C,C,Non,Non,Non,Non,Non,Non,Non,C,C,Non,Non,Non,Non,Non,Non,Non,Non,Non,Non,Non,Non,C,Non,Non,C/D,Non,Non,Non,Non,Non,Non,Non,C/D,C/D,Non,C/D,Non,Non,Non,C,Non,Non,Non,Non,C/D,C,C,C,C/D,C,C,Non,Non,Non,Non,C,Non,C/D,C,Non,C,C,C,Non,Non,Non,Non,Non,Non,C,C,Non,Non,Non,C,Non,Non,C,Non,C,Non,Non,Non,Non,Non,Non,C/D,Non,C,Non,Non,Non,Non,Non,Non,C,Non,Non,Non,Non,Non,Non,Non,Non,C,C,Non,C,Non,Non,C,Non,C,C,C,Non,Non,Non,Non,Non,Non,Non,Non,Non,Non,Non,Non,Non,Non,C,Non,Non,Non,Non,C,C,Non,C,C,C/D,Non,Non,C/D,Non,Non,C,Non,Non,Non,Non,C,C,Non,C,Non,Non,Non,Non,Non,Non,C,Non,Non,Non,Non,Non,Non,Non,Non,Non,Non,Non,Non,Non,Non,Non,Non,Non,Non,Non,Non,Non,Non,Non,Non,Non,Non,Non,Non,Non,C,Non,Non,Non,Non,Non,Non,Non,Non,Non,Non,Non,Non,Non,Non,Non,Non,Non,C,Non,Non,Non,Non,Non,Non,Non,Non,Non,BL01UK03FR016,UKFR016,833,27.76666667,2021,gb
R_29rZgX2LzyLlDST,Male,University degree or equivalent,University degree or equivalent,25,75,0,NA,French;25;,English;75;,,25,75,0,NA,English,NA,2,10,NA,NA,I always (or almost always) speak English to my child,French,NA,10,9,NA,NA,I always (or almost always) speak French to my child,First,NA,1,12,Always (or almost always) English,,C/D,C,C,C,C/D,C/D,Non,C/D,C/D,C/D,C/D,C,Non,Non,Non,C/D,C,C,C,C,Non,C,Non,C,C,Non,Non,C,C/D,C,Non,C,C/D,C,Non,Non,C,C/D,C,Non,Non,Non,Non,Non,C/D,C,C,Non,Non,Non,Non,Non,Non,Non,C,C,C,C,C,Non,Non,Non,C,Non,Non,Non,C/D,Non,Non,C,C/D,C/D,C/D,Non,C,C,C,C,C,C/D,C,Non,C,C/D,C,C,Non,C,C/D,Non,C,Non,Non,C,Non,C,C,C,C,C,C,Non,C,C,C,C,C,C,Non,Non,C,C,C,C,C,Non,C,Non,C,C,C/D,Non,Non,C,Non,Non,Non,C,Non,C,C,Non,Non,Non,C,Non,C,C,Non,C,C,Non,C,Non,C,C,Non,C,C,C,C,Non,C,Non,C,C,Non,Non,Non,Non,Non,C,C,Non,Non,Non,C,Non,Non,Non,Non,Non,Non,Non,Non,Non,Non,Non,Non,Non,Non,Non,Non,C,Non,Non,Non,Non,Non,Non,Non,Non,Non,Non,Non,Non,Non,Non,Non,Non,Non,Non,Non,Non,Non,Non,Non,Non,Non,Non,C,Non,Non,Non,C,Non,Non,Non,Non,Non,Non,C,Non,Non,C,Non,Non,Non,Non,Non,Non,Non,Non,Non,Non,C/D,Non,Non,Non,Non,Non,Non,Non,Non,C,C,C,C,C,C,C,C,C,C,C,C,C,C/D,C,C,C,Non,C,Non,C,C,C,C,C,C,C,Non,C,Non,C,C,Non,C,Non,Non,C,Non,C,C,Non,Non,C,Non,C,Non,Non,C,Non,Non,C,C,C,Non,Non,Non,C,Non,Non,Non,C,Non,Non,Non,Non,Non,Non,Non,C,Non,C,Non,Non,Non,Non,Non,C,C,Non,Non,Non,Non,Non,C,Non,Non,Non,Non,Non,Non,C,C,Non,C,Non,C,C,Non,C,Non,Non,C,Non,Non,Non,Non,Non,C,C,C,Non,Non,C,Non,Non,Non,C,Non,Non,Non,Non,Non,Non,Non,Non,Non,Non,Non,Non,C,Non,Non,Non,Non,C,Non,Non,C,C,Non,Non,Non,Non,Non,Non,C,Non,C,Non,Non,Non,C,Non,Non,Non,Non,Non,Non,Non,Non,Non,Non,Non,Non,Non,Non,C,C/D,Non,C,Non,Non,C,Non,BL01UK02FR042,UKFR042,730,24.33333333,2021,gb
R_10IumUO3H6EFQQ6,Male,University degree or equivalent,University degree or equivalent,30,70,0,NA,French;30;,English;70;,,40,60,0,NA,English,NA,2,10,NA,NA,I always (or almost always) speak English to my child,French,NA,10,9,NA,NA,I always (or almost always) speak French to my child,First,NA,1,NA,NA,,Non,C/D,Non,Non,C/D,C/D,Non,Non,C/D,Non,C/D,C/D,C,Non,Non,C,Non,Non,Non,C,Non,C,C,C,C,Non,C,C,C,C,Non,C,C,C,Non,C,C,C/D,Non,Non,Non,C,C,C,C,C,C,C,Non,Non,Non,Non,Non,Non,Non,Non,C,C,Non,C,Non,Non,C,Non,Non,Non,C,Non,Non,Non,Non,Non,Non,Non,C,Non,Non,C,C,Non,Non,Non,C,Non,Non,C,C,Non,Non,Non,C,Non,Non,C,Non,C,C,C,C,Non,Non,Non,Non,C,C,C,C,C,C,Non,C,C,C,C,C,Non,C,Non,Non,C,C,Non,Non,C,Non,Non,C,C,C,C,C,Non,Non,Non,C,Non,C,C,C,C,C,Non,C,C,C,C,Non,C,C,Non,C,Non,C,C,C,C,C,C,C,Non,Non,C,Non,Non,Non,Non,C,Non,Non,Non,Non,C,Non,Non,Non,Non,Non,Non,C,Non,C,Non,Non,Non,Non,C,C,Non,Non,C,Non,Non,C,Non,C,C,Non,Non,C,C,Non,C,Non,Non,Non,Non,Non,Non,Non,Non,C,C,Non,Non,C,Non,Non,C,Non,Non,C,C,C,Non,C,Non,Non,Non,Non,Non,Non,Non,Non,Non,Non,Non,Non,Non,Non,Non,Non,Non,Non,Non,C,Non,C,Non,Non,Non,Non,Non,C,C,C,C,C,C/D,C,C,Non,Non,C,C,Non,Non,Non,C,Non,Non,C,C,C,Non,C,C,Non,Non,Non,C,Non,Non,C,C,Non,Non,Non,Non,C,Non,Non,Non,C,C,Non,C,C,C,Non,C,C,C,C,C,C,C,C,C,C,Non,Non,C,C,Non,Non,C,C,C,C,Non,C,C,Non,Non,Non,Non,Non,C,C,C,C,C,C,C,C,C,Non,C,Non,Non,Non,Non,Non,Non,Non,C,Non,C,Non,Non,Non,C,C,Non,C,Non,Non,Non,Non,C,Non,Non,Non,Non,Non,Non,Non,Non,Non,Non,Non,Non,Non,Non,Non,Non,Non,Non,C,Non,Non,Non,Non,C,Non,Non,Non,Non,Non,Non,C,Non,C,Non,C,Non,Non,C,C,Non,C,Non,Non,Non,Non,Non,Non,Non,Non,Non,Non,C,Non,Non,Non,Non,C,C/D,BL01UK02FR060,UKFR060,586,19.53333333,2021,gb
R_1OZXvS6hz1fBl1g,Female,University degree or equivalent,Left school at 18 with A-Levels or equivalent,25,75,0,NA,French;25;,English;75;,,50,50,0,NA,French,NA,10,9,NA,NA,I always (or almost always) speak French to my child,English,NA,3,10,0,NA,I always (or almost always) speak English to my child,First,NA,1,11,Always (or almost always) English,,Non,C/D,C/D,C/D,C/D,C/D,C,C,C/D,C,Non,Non,C,Non,C,Non,Non,Non,Non,C,Non,C,Non,C,C,Non,Non,Non,C,C,Non,C,C,C,Non,C,Non,C,C,C,Non,C,C,C,C,Non,C,Non,Non,Non,Non,Non,Non,Non,Non,Non,C,C,Non,Non,C,Non,C,Non,Non,Non,C,Non,Non,Non,Non,Non,Non,Non,Non,Non,Non,C,Non,Non,C,Non,Non,Non,Non,Non,Non,Non,Non,Non,Non,Non,Non,Non,Non,C,Non,C,C,Non,Non,Non,Non,Non,Non,Non,Non,C,Non,Non,C,C,C/D,Non,C,C,Non,Non,Non,C,C,Non,Non,C,Non,Non,Non,C,Non,Non,C,Non,Non,Non,Non,Non,Non,Non,Non,Non,Non,Non,Non,Non,Non,Non,Non,Non,Non,Non,Non,Non,Non,Non,Non,Non,Non,Non,Non,Non,Non,Non,Non,Non,Non,Non,C,Non,Non,Non,Non,Non,Non,Non,Non,Non,Non,Non,Non,Non,Non,Non,Non,Non,Non,Non,Non,Non,Non,Non,Non,Non,C,Non,Non,Non,Non,Non,Non,Non,Non,Non,Non,Non,Non,Non,Non,Non,Non,Non,Non,Non,Non,Non,Non,Non,Non,Non,Non,Non,Non,C,Non,Non,C,Non,Non,Non,Non,Non,Non,Non,C,C,Non,C/D,Non,Non,Non,Non,Non,Non,Non,Non,C,C,C,Non,Non,Non,C/D,Non,Non,Non,C,Non,Non,C,C,C,Non,Non,Non,Non,Non,Non,Non,Non,Non,Non,Non,Non,Non,Non,C,C,Non,Non,Non,C,Non,Non,Non,C,Non,Non,C,Non,C,Non,Non,Non,Non,Non,Non,C,Non,Non,Non,Non,Non,Non,Non,Non,C,Non,Non,Non,Non,Non,Non,Non,Non,Non,Non,Non,Non,Non,Non,Non,Non,C/D,Non,Non,Non,Non,Non,Non,Non,Non,Non,Non,Non,Non,C,C,Non,C,Non,Non,Non,Non,Non,C/D,Non,Non,Non,Non,Non,Non,C,C,Non,Non,Non,Non,Non,Non,Non,Non,Non,Non,Non,Non,Non,Non,Non,Non,Non,Non,Non,Non,Non,Non,Non,Non,Non,Non,Non,Non,Non,Non,Non,Non,Non,Non,Non,Non,Non,Non,Non,Non,Non,Non,Non,Non,Non,Non,Non,Non,Non,Non,Non,Non,Non,Non,Non,Non,Non,Non,Non,C,Non,Non,Non,Non,Non,Non,BL01UK03FR054,UKFR054,553,18.43333333,2021,gb
R_xcp9zvny6mJn2Dv,Male,University degree or equivalent,University degree or equivalent,97,3,0,NA,French;97;,English;3;,,97,3,0,NA,English,NA,2,10,NA,NA,I always (or almost always) speak English to my child,French,NA,10,9,NA,NA,I always (or almost always) speak French to my child,First,NA,1,29,Always (or almost always) English,,C,C,C,C,C/D,C,C,C,C/D,C,C,C,C,C/D,C,C,C,C,C,C,C/D,C,C,Non,C,Non,C,C,C,C,C,C,C,C,C/D,C,C,C,C,C,C,C,C,C,C,C,C,C,C,C,C,C/D,C,C,C,C,C,C/D,C,C,C,C,C,C,C,C/D,C,C/D,Non,C,C/D,C,C,C/D,C,C,C,C,C,C,C,C/D,C,C,C,C,C,C,C,C,C,C,C/D,C,C/D,C,C,C,C,C,C,C/D,C,C,C,C,C,C,C,C,C,C,C,C,C,Non,C,Non,C,C,C,C/D,C/D,C,Non,Non,C,C,C,C,C,C,C/D,Non,C,Non,C,C,C/D,C,C,C,C/D,Non,C,C,C/D,C,C,C,C,Non,C,C/D,C,C,C/D,C,C,C,C,C,C/D,C,C,Non,C,C,C/D,C,C,C,C/D,C,C,C,C/D,C,C,C,C,C,C,C/D,Non,C,C,C/D,C,C,C,C,C,C,C,C,C,Non,C,C,Non,C,C,Non,C/D,Non,C/D,C,C,C,C,C,C/D,Non,C,Non,C,C,Non,C,Non,C,C,C,C,C,C,C,C,C,C,C,C/D,C/D,Non,C,C,C,Non,C,C,C,C,Non,C,C,C,C,C,C,C,C/D,C/D,C,C,C,C,C,C,C,C,C/D,C,C,C,C,C,C,C,C,C,C,C,C/D,C,C,C,C,C/D,C/D,C/D,C,C,C,C,C,C,C,C,C/D,C/D,C,C,C,C,C,C,C,C,C,C,C/D,C,C,C,C,C,C,C,C,C,C/D,C,C,C,C,C,C,C,C/D,C,C,C,C,C/D,C/D,C,C,C,C,C,C,C,C,C,C,C,C,C/D,C,C,C/D,C,C,C,C,C,C,C/D,C/D,C,C,C,C,C,C,C,C,C,C,C,C,C,C,C,C/D,C/D,C/D,C,C,C/D,C,Non,C,C,C,C,C,C,C,C,C/D,C,C,C,C,C,C,C,C,C,C,C,C/D,C,C,C,C,C,C,C,C,C,C,C,C,C/D,C,C,C/D,C,C,C,C,C,C,C,C,BL01UK05FR029,UKFR029,940,31.33333333,2021,gb
R_1DUYrNYYYPbQPZ6,Female,University degree or equivalent,Left school at 18 with A-Levels or equivalent,20,80,0,NA,French;20;,English;80;,,70,30,0,NA,French,NA,10,9,NA,NA,I always (or almost always) speak French to my child,English,NA,3,10,0,NA,I always (or almost always) speak English to my child,First,NA,1,10,Always (or almost always) English,,C,C,Non,C/D,C/D,C/D,Non,C/D,C/D,C/D,C/D,Non,Non,Non,Non,Non,C/D,C,C,C/D,Non,C/D,C,C/D,C,Non,C/D,C/D,Non,C,C/D,C/D,C,C/D,Non,C/D,C,C,C,C,Non,C/D,C/D,C/D,Non,C,C/D,C/D,C/D,Non,C/D,Non,C/D,C/D,C/D,C/D,C/D,C,C,C,C,C,C,Non,C/D,C,C/D,C/D,Non,Non,Non,C,Non,Non,C/D,Non,C,C,Non,Non,C/D,Non,C,C/D,C/D,C/D,C/D,Non,Non,Non,C,C/D,Non,C/D,Non,C,C,C,C/D,C,C,Non,C/D,C/D,C/D,C,C/D,C/D,Non,Non,C/D,C/D,C/D,C,C/D,Non,C/D,C,C,C,C/D,Non,Non,C,Non,Non,Non,C/D,C,C,C,Non,Non,Non,C,Non,C,C/D,C,C,C,Non,C,C,C,C,Non,C,C/D,C/D,C/D,Non,C,C,C/D,C,C,Non,C,C,Non,C,Non,Non,C,Non,C,Non,C,C/D,Non,C/D,Non,Non,Non,Non,Non,C,Non,Non,C,Non,Non,Non,Non,C,C,Non,C,C/D,Non,C,C,Non,C,C,C,Non,C/D,C,C/D,Non,C,Non,Non,Non,C,Non,C/D,Non,Non,Non,Non,Non,C,Non,C/D,C,Non,Non,Non,C,C,Non,C/D,Non,Non,Non,Non,Non,Non,Non,Non,Non,Non,C/D,Non,Non,Non,Non,Non,Non,Non,Non,C,C,C/D,C/D,C,Non,C/D,C,C,C,C,Non,Non,C/D,C,C,Non,Non,C,C,C,Non,Non,Non,Non,C,Non,Non,Non,Non,C/D,C,C,C,Non,Non,Non,Non,C,C/D,Non,Non,C,Non,C,Non,Non,C,C,Non,C,C,C,Non,Non,C,C,Non,Non,C,C,C,C,Non,Non,Non,C,Non,C,Non,Non,Non,C,Non,C,Non,Non,C,Non,Non,Non,Non,Non,Non,Non,C,C,Non,Non,Non,Non,C,Non,C,C,Non,Non,Non,Non,Non,Non,C/D,Non,C/D,Non,Non,C,C/D,C/D,Non,Non,Non,Non,Non,Non,C/D,Non,Non,C,C,C/D,Non,Non,Non,Non,C,Non,Non,Non,Non,Non,Non,Non,Non,C,Non,Non,Non,C,Non,Non,Non,Non,Non,Non,Non,Non,Non,Non,Non,Non,Non,Non,Non,C,Non,C,Non,C,Non,C,C,Non,C,C,Non,Non,C,Non,Non,C,Non,Non,Non,BL01UK02FR063,UKFR063,572,19.06666667,2021,gb
R_2qE154RLFMF8XKf,Female,University degree or equivalent,University degree or equivalent,65,35,0,NA,French;65;,English;35;,,95,5,0,NA,French,NA,10,9,NA,NA,I always (or almost always) speak French to my child,Other(s),Lithuanian,1,9,10,Lithuanian,I regularly speak a mix of French / English / other languages to my child,First,NA,1,18,Always (or almost always) English,,C/D,C/D,C,C/D,C/D,C/D,Non,C/D,C/D,C/D,C/D,C/D,C/D,C,C,C,C/D,C/D,C/D,C/D,C/D,C/D,C/D,C/D,C/D,C,C/D,C/D,C/D,C/D,C/D,C/D,C/D,C/D,C,C/D,C/D,C/D,C/D,C/D,C,C/D,C/D,C/D,C/D,C/D,C/D,C/D,C/D,C/D,C/D,C/D,C/D,C/D,C/D,C/D,C/D,C/D,C/D,C/D,C,C/D,C/D,C/D,C/D,C/D,C/D,C/D,C,C/D,C/D,C/D,C/D,C/D,C/D,C/D,C/D,C/D,C/D,C/D,C/D,C,C/D,C/D,C/D,C/D,C/D,C/D,C/D,C/D,C/D,C/D,C/D,C/D,C/D,C/D,C/D,C/D,C/D,C/D,C,C,C/D,C/D,C,C/D,C/D,C/D,C,C/D,C/D,C/D,C/D,C/D,C/D,C/D,C/D,C/D,C/D,C/D,C/D,C/D,C/D,C/D,C,C/D,C/D,C/D,C/D,C/D,C/D,C/D,C/D,C/D,C,C,C/D,C/D,C,C/D,C/D,Non,C/D,C,C/D,C/D,C/D,C/D,C/D,C/D,C/D,Non,C/D,C/D,C/D,C/D,C/D,C/D,C/D,C/D,C/D,C/D,C/D,C,C/D,C,C/D,C/D,C/D,C/D,C/D,C/D,C/D,C/D,C/D,C/D,C/D,C/D,C/D,C/D,C/D,C/D,C/D,C/D,C,C/D,C/D,C/D,C/D,C/D,C/D,C/D,C/D,C/D,C/D,C/D,C/D,C,C/D,C/D,C,C,C/D,C/D,C/D,C/D,C/D,C/D,C/D,C/D,C/D,C/D,C,C/D,C/D,C,C/D,C/D,C/D,C/D,C/D,C/D,C/D,C,C/D,C/D,C/D,C,C/D,C,C/D,C,C,C,Non,C/D,C/D,Non,Non,C/D,C/D,C/D,C,Non,C/D,C/D,C/D,C/D,C/D,C/D,C/D,C,C,C/D,C/D,C/D,C,C/D,C/D,C/D,C/D,C/D,C/D,C/D,C/D,C/D,C,C/D,C/D,C,C/D,C/D,C/D,C/D,C/D,C/D,C/D,C/D,C/D,C/D,C/D,C/D,C/D,C/D,C/D,Non,C/D,C/D,C/D,C/D,C/D,C,C/D,C/D,C/D,C/D,C/D,C/D,C/D,C/D,C/D,C,C/D,C/D,C/D,C/D,C/D,C/D,C/D,C/D,C/D,C,C/D,C/D,C/D,C/D,C/D,C/D,C,C,C/D,C/D,C/D,C/D,C/D,C,C/D,C/D,C/D,C/D,C/D,C/D,C/D,C/D,C,C,C/D,C/D,C,C/D,C,C,C/D,C/D,C/D,C/D,C,C/D,C/D,C,C/D,C/D,C/D,C/D,C/D,C/D,C/D,C/D,C/D,C/D,C/D,C/D,C/D,C/D,C/D,C/D,C,C,C/D,C/D,C/D,C,C,C/D,C/D,C/D,C/D,C,C/D,C,C,C,C,C,C,C,C,C,C,C/D,C/D,C/D,C/D,C,C/D,C/D,C,C/D,C/D,C,C/D,C/D,C/D,C/D,C/D,C/D,C,C/D,C/D,C,C/D,C/D,C/D,C/D,C/D,C,C/D,C/D,BL01UK03FR047,UKFR047,902,30.06666667,2021,gb
R_QfAl8SDsHjPX6M1,Female,University degree or equivalent,University degree or equivalent,95,5,0,NA,French;95;,English;5;,,97,3,0,NA,French,NA,10,9,NA,NA,I always (or almost always) speak French to my child,Other(s),Lithuanian,1,9,10,Lithuanian,I regularly speak a mix of French / English / other languages to my child,First,NA,1,24,Always (or almost always) English,,C/D,C/D,C/D,C/D,C/D,C/D,C/D,C/D,C/D,C/D,C/D,C/D,C/D,C/D,C/D,C/D,C/D,C/D,C/D,C/D,C/D,C/D,C/D,C/D,C/D,C,C/D,C/D,C/D,C/D,C/D,C/D,C/D,C/D,C,C/D,C/D,C/D,C/D,C/D,C/D,C/D,C/D,C/D,C/D,C/D,C/D,C/D,C/D,C/D,C,C,C/D,C/D,C/D,C/D,C/D,C/D,C/D,C/D,C/D,C/D,C/D,C/D,C/D,C,C/D,C/D,C,C/D,C/D,C/D,C/D,C,C/D,C/D,C/D,C/D,C/D,C/D,C/D,C,C/D,C/D,C/D,C/D,C/D,C/D,C/D,C/D,C/D,C/D,C/D,C/D,C,C/D,C/D,C/D,C/D,C/D,C/D,C,C/D,C/D,C/D,C/D,C/D,C/D,C/D,C/D,C/D,C/D,C/D,C/D,C/D,C,C/D,C/D,C/D,C/D,C/D,C,C,C/D,Non,C,C/D,C/D,C/D,C/D,C/D,C/D,C,Non,C/D,Non,C/D,C/D,Non,C/D,C/D,C/D,C/D,C,C/D,C/D,C,C/D,C/D,C/D,C/D,Non,C/D,C/D,C/D,C/D,C/D,C/D,C/D,C/D,C/D,C/D,C/D,C/D,C/D,Non,C/D,C/D,C/D,C/D,C,C/D,C/D,C/D,C/D,C/D,C/D,C/D,C/D,C/D,C/D,C/D,C/D,C,Non,C/D,C/D,C/D,C/D,C/D,C/D,C/D,C/D,C/D,C/D,C/D,C/D,Non,C/D,C/D,Non,C/D,C/D,Non,C/D,Non,C/D,C/D,C/D,C/D,C/D,C/D,C,Non,C/D,Non,C/D,C/D,C,C,Non,C/D,C/D,C/D,C/D,C/D,C/D,C/D,C/D,C/D,C/D,C/D,C,C,Non,C/D,C/D,C/D,Non,C/D,C/D,C/D,C/D,Non,C/D,C/D,C/D,C/D,C/D,C/D,C/D,C/D,C,C/D,C/D,C/D,C/D,C/D,C/D,C/D,C/D,C,C/D,C/D,C/D,C/D,C/D,C/D,C/D,C/D,C/D,C/D,C/D,C,C/D,C/D,C/D,C/D,C/D,C,C/D,C/D,C/D,C/D,C/D,C/D,C/D,C/D,C/D,C,C/D,C/D,C/D,C/D,C/D,C/D,C/D,C/D,C/D,C/D,C/D,C,C/D,C/D,C/D,C/D,C/D,C/D,C/D,C/D,C/D,C,C/D,C/D,C/D,C/D,C/D,C/D,C/D,C/D,C/D,C/D,C/D,C/D,C/D,C,C/D,C/D,C/D,C/D,C/D,C/D,C/D,C/D,C/D,C/D,C/D,C/D,C,C/D,C/D,C,C/D,C/D,C/D,C/D,C/D,C/D,C/D,C,C/D,C/D,C/D,C/D,C/D,C/D,C/D,C/D,C/D,C/D,C/D,C/D,C/D,C/D,C/D,C/D,C,Non,C/D,C/D,C/D,C/D,Non,C/D,C/D,C/D,C/D,C/D,C/D,C/D,C/D,C,C/D,C/D,C/D,C/D,C/D,C/D,C/D,C/D,C/D,C/D,C/D,C,C/D,C/D,C/D,C/D,C/D,C/D,C/D,C/D,C/D,C/D,C/D,C/D,C/D,C/D,C/D,C,C/D,C/D,C/D,C/D,C/D,C/D,C/D,C/D,BL01UK05FR027,UKFR027,936,31.2,2021,gb
R_2cphBZgkT9npisp,Male,University degree or equivalent,University degree or equivalent,20,80,0,NA,French;20;,English;80;,,50,50,0,NA,English,NA,2,10,NA,NA,I always (or almost always) speak English to my child,French,NA,10,9,NA,NA,I always (or almost always) speak French to my child,First,NA,1,15,Always (or almost always) English,,Non,C,Non,C/D,C/D,Non,Non,C/D,Non,C/D,C/D,C/D,Non,Non,Non,C,Non,C/D,C/D,C,Non,C/D,C,C/D,Non,Non,C,C/D,C,C,C,C/D,C,C,Non,C/D,C,Non,Non,C,Non,C,Non,C,Non,C,C,C,C,Non,C/D,Non,Non,C,C/D,C,Non,C,C,C,Non,C,C/D,Non,Non,Non,C/D,C,Non,Non,Non,Non,C/D,Non,C/D,C,C,Non,Non,Non,C/D,C,C,C,C,C,C,Non,C,C,C,C,Non,C,C,C,C,C,C,C,Non,Non,C,C,Non,Non,C/D,C,Non,C,C,C/D,C,C,C,C,C/D,C,C/D,Non,Non,Non,Non,C,Non,Non,C,C,C,Non,C,Non,Non,C,Non,Non,Non,C,C,C,C,Non,C,C,C,C,Non,C,C/D,C,Non,Non,C,C,C,C/D,C,C,C,C,Non,C/D,Non,Non,C,Non,C/D,Non,C,C,C/D,C,Non,Non,Non,Non,C,C,C,C,Non,C,Non,Non,Non,C,C,C,C,C,C,C,C,C,C,C,C,Non,C,C,Non,Non,C,Non,Non,Non,Non,C,C,Non,C,Non,C,C,C,Non,C,C,Non,Non,Non,C,C,C,C,Non,C,Non,C,C,C,C,C,C,Non,C/D,C,Non,Non,C/D,Non,Non,C,C,C,C,C/D,C/D,C,C,C/D,C/D,C,Non,C,C/D,C,C/D,C/D,Non,C/D,C,C,C,C/D,C,Non,C,C,C,C,C,C,C/D,C,C,C,Non,Non,C,Non,C,C,C,C,C,C,C,C,C,C,C,C,C,Non,C,C,C,Non,C,C,C,C,C,C,C,C,C,C,Non,C,C,C,C,C,C,C,C,C,C,C,C/D,C,C,C,C,C,Non,C,Non,Non,C/D,C,C,C,C,C,C,C,C/D,C,C,Non,C,Non,C,Non,C/D,Non,Non,C,C/D,C,C,C,Non,Non,Non,Non,C,C/D,Non,C,Non,Non,C,Non,Non,C,Non,C,C,Non,C,C,C,C,C,C/D,Non,Non,C,C,Non,Non,Non,Non,C,Non,C,C,C,C/D,C,C,C,C,C,C,C,C/D,C/D,C,C,C,C/D,C,C,C,Non,C/D,C/D,C,C,C,C,C,C,BL01UK02FR065,UKFR065,662,22.06666667,2021,gb
R_2SxhEB1lyVqftjg,Female,University degree or equivalent,Left school at 18 with A-Levels or equivalent,70,30,0,NA,French;70;,English;30;,,100,0,0,NA,French,NA,10,9,NA,NA,I always (or almost always) speak French to my child,English,NA,3,10,0,NA,I always (or almost always) speak English to my child,First,NA,1,11,Always (or almost always) English,,Non,Non,Non,Non,Non,Non,Non,C/D,Non,C/D,C/D,C/D,Non,Non,Non,Non,Non,Non,Non,Non,Non,C/D,Non,C,Non,Non,C/D,Non,Non,Non,Non,Non,Non,Non,Non,Non,Non,Non,Non,Non,Non,Non,Non,Non,Non,Non,Non,Non,Non,C,C,Non,Non,C,C,C,C,C,Non,C,Non,Non,C,C,Non,Non,C,C,Non,Non,Non,Non,Non,C,C/D,C,Non,C,Non,Non,C,Non,Non,Non,C/D,Non,Non,C,C,Non,C,Non,C,Non,Non,C,Non,C,Non,Non,Non,Non,Non,Non,Non,Non,C,C/D,Non,Non,C,C,Non,Non,C,C,C,C,C,C,C,C,Non,C,C,C,C,C,C,C,C,Non,C,Non,C,Non,Non,Non,C,C,C,Non,C,C,C,C,Non,C,C,C,C,Non,C,C,C,Non,Non,Non,Non,Non,Non,Non,Non,Non,Non,Non,Non,Non,Non,Non,Non,C,C,Non,Non,Non,Non,Non,Non,Non,C,Non,Non,Non,Non,C,C,C,Non,C,C,Non,C,Non,C,C,Non,C,C,C,Non,Non,Non,Non,Non,Non,Non,C,Non,Non,Non,Non,Non,Non,C,Non,Non,C,Non,Non,Non,C,C,Non,Non,C,C,C,C,Non,C,Non,C,C,Non,C/D,C,Non,Non,C,Non,Non,Non,Non,C/D,C/D,C,C,C/D,C/D,C/D,C,C,C,Non,C/D,C,C/D,C,C,C,C,C,C,C,Non,Non,C,Non,C,C,C,C,C,C,Non,C,C,Non,C,Non,C,C,Non,Non,Non,C,Non,C,Non,Non,C,Non,C,C,C,C,C,Non,C,C,Non,C,Non,C,C,Non,Non,Non,Non,C,Non,C,Non,Non,C,C,C,Non,Non,Non,Non,C,Non,Non,C,Non,Non,Non,Non,Non,Non,Non,C,C/D,C,Non,Non,Non,Non,C,Non,Non,Non,Non,C,Non,Non,Non,Non,Non,C,C,Non,Non,Non,Non,Non,Non,C,Non,Non,C,Non,C,C,Non,Non,Non,Non,Non,Non,Non,Non,Non,Non,Non,Non,Non,Non,Non,Non,Non,C,C,C,C,C,C,C,C,Non,Non,Non,Non,Non,Non,Non,C,C,C,C,C,C,C,C,Non,C,C,Non,Non,C/D,Non,C,C,Non,Non,Non,BL01UK05FR031,UKFR031,875,29.16666667,2021,gb
R_11hGgrAaYBDkQYD,Male,University degree or equivalent,University degree or equivalent,30,70,0,NA,French;30;,English;70;,,75,25,0,NA,English,NA,2,10,NA,NA,I always (or almost always) speak English to my child,French,NA,10,9,NA,NA,I always (or almost always) speak French to my child,First,NA,1,9,Always (or almost always) English,,C,C/D,C,C/D,C/D,C/D,C,C/D,C/D,C/D,C/D,C/D,Non,Non,Non,Non,Non,Non,Non,C,Non,C/D,C,C/D,C,Non,Non,Non,Non,Non,C,C,C,C,Non,C,Non,C/D,C/D,C,Non,C,C,C,Non,C/D,C,C,C,C/D,C,C,C/D,C,C,C,C/D,C/D,Non,C/D,Non,C,C,C,Non,Non,C/D,C,Non,Non,C/D,Non,C/D,Non,C,C,C/D,C/D,Non,C,C,Non,C,Non,C,C,Non,Non,C/D,C,C,Non,Non,Non,Non,C,Non,Non,C,Non,Non,Non,Non,Non,Non,Non,C,C,Non,Non,Non,Non,C,C,C,Non,C,Non,C,C,C,Non,Non,C/D,Non,Non,Non,Non,Non,Non,C,Non,Non,Non,Non,Non,C,C,Non,C,C,Non,Non,Non,Non,Non,Non,C,Non,Non,C,Non,C,C,C,C,Non,Non,Non,Non,C,C,Non,Non,Non,Non,C/D,C,C,Non,Non,C,Non,Non,Non,Non,C,C,Non,C,Non,Non,Non,Non,Non,C,C,C,Non,C,Non,Non,C,Non,Non,Non,Non,Non,Non,Non,Non,Non,C,Non,Non,Non,Non,Non,Non,Non,C,Non,Non,Non,C,Non,Non,Non,Non,Non,Non,Non,Non,C,C/D,Non,Non,Non,Non,C,C,Non,C,C/D,Non,C/D,C,Non,Non,C,Non,Non,Non,Non,C/D,C,C,C,C,C,C/D,C,C,Non,Non,C,C,C/D,C/D,C,C,Non,Non,C,Non,C,Non,C,Non,Non,C/D,Non,Non,Non,C,C,Non,Non,Non,Non,Non,Non,Non,C,Non,Non,C,Non,Non,Non,Non,Non,C,Non,Non,C,Non,Non,Non,Non,C,C,Non,C,C,Non,Non,Non,Non,Non,Non,C,Non,Non,C,Non,Non,Non,Non,Non,C,C,C,Non,Non,Non,Non,C,Non,Non,Non,C,Non,C,C/D,C,Non,C,Non,Non,C,Non,Non,Non,Non,C,C/D,C,Non,Non,Non,C/D,Non,C,C,Non,C,Non,Non,Non,C,C,C,Non,C/D,Non,Non,Non,Non,Non,Non,Non,Non,C,Non,Non,Non,C,C,C,C,C,C,C,C,Non,Non,Non,Non,Non,C,Non,Non,Non,Non,C,Non,Non,C,Non,Non,C,Non,Non,Non,C,Non,Non,Non,C,C,C/D,C,C,C/D,C,C,C,BL01UK02FR068,UKFR068,558,18.6,2021,gb
R_PCjTgfT3eWReJWh,Female,University degree or equivalent,Left school at 18 with A-Levels or equivalent,30,69,1,Italian,French;30;,English;69;,Italian;1;,40,60,0,NA,French,NA,10,9,NA,NA,I always (or almost always) speak French to my child,English,NA,3,10,0,NA,I always (or almost always) speak English to my child,First,NA,1,10,Always (or almost always) English,,Non,C,Non,C/D,C/D,Non,C/D,C/D,C/D,C/D,Non,Non,Non,Non,Non,Non,Non,Non,Non,C,Non,C,C,C,C,Non,Non,C,Non,C,Non,Non,Non,Non,Non,C,Non,Non,Non,Non,Non,Non,Non,Non,Non,Non,Non,Non,Non,Non,Non,Non,Non,C,C,Non,Non,Non,C,C,Non,Non,C,Non,Non,Non,C/D,C,Non,Non,C,C,C,Non,C,C,C,Non,Non,Non,C,C,C,Non,Non,C,Non,Non,C/D,Non,Non,Non,C,C,Non,Non,Non,C,Non,Non,Non,Non,Non,Non,Non,Non,Non,Non,Non,Non,Non,C,Non,Non,Non,Non,C/D,Non,C,C,C/D,Non,Non,C,Non,Non,C,Non,Non,Non,C,Non,Non,Non,Non,Non,Non,C,Non,C,C,Non,C,Non,C,Non,C,Non,C,C,C,Non,Non,Non,C,Non,Non,Non,C,Non,Non,Non,Non,Non,Non,Non,C,Non,C,Non,Non,C,Non,Non,Non,Non,Non,Non,Non,Non,Non,Non,Non,Non,Non,C,Non,C,Non,Non,Non,C,Non,Non,C,Non,Non,Non,Non,Non,Non,Non,C,Non,Non,Non,Non,Non,Non,Non,Non,C,Non,Non,Non,C,C,C,Non,Non,Non,Non,Non,Non,Non,Non,Non,Non,Non,Non,Non,Non,C,C,Non,C,Non,Non,Non,C/D,Non,Non,Non,C,C,C,C,C,C,C,C/D,C,C,Non,C,Non,Non,Non,Non,C,Non,Non,C,Non,Non,Non,Non,Non,Non,C,Non,Non,Non,Non,C,C,Non,Non,Non,Non,Non,Non,Non,C,C,Non,C,Non,Non,Non,Non,Non,Non,Non,Non,C,Non,Non,Non,Non,Non,Non,Non,C,C,C,Non,Non,C,Non,C,Non,C,Non,Non,Non,Non,Non,Non,Non,Non,Non,Non,Non,Non,Non,C,C,Non,Non,Non,Non,Non,Non,C,C,Non,C,C,C,Non,Non,Non,Non,Non,C,Non,Non,Non,Non,Non,Non,C,Non,Non,Non,Non,Non,Non,Non,Non,Non,Non,Non,C,Non,Non,Non,Non,Non,Non,Non,Non,Non,Non,Non,Non,Non,Non,Non,Non,Non,Non,Non,Non,Non,Non,Non,Non,Non,Non,Non,Non,Non,Non,Non,Non,Non,Non,Non,Non,Non,Non,Non,Non,Non,Non,Non,C,Non,Non,Non,Non,Non,Non,Non,Non,Non,BL01UK03FR058,UKFR058,643,21.43333333,2021,gb
R_2UhKc5i7YuFM1Oq,Male,University degree or equivalent,University degree or equivalent,15,85,0,NA,French;15;,English;85;,,25,75,0,NA,English,NA,2,10,NA,NA,I always (or almost always) speak English to my child,French,NA,10,9,NA,NA,I always (or almost always) speak French to my child,First,NA,1,22,Always (or almost always) English,,Non,Non,Non,Non,Non,Non,Non,Non,Non,Non,Non,Non,Non,Non,Non,C,Non,Non,Non,C,Non,C/D,Non,C/D,C,Non,Non,Non,Non,Non,C,Non,Non,C,Non,C,Non,Non,Non,Non,Non,Non,Non,Non,Non,Non,C,Non,Non,C,Non,Non,Non,C,Non,C,C,C/D,Non,Non,C,C,C,Non,Non,C,C/D,C,C,Non,Non,C,C,Non,C,C,C,C,C,Non,C/D,Non,C,C,C/D,C,C,Non,C,Non,C,Non,Non,Non,Non,C,C,C,Non,C,C,Non,Non,C,Non,Non,C,C,C,Non,C,C,C,C,C,C,C,Non,C,C/D,C/D,C,Non,C/D,C,C,C,C,C,C,C,C,C,C,C/D,C,C,C,C,C,C,Non,C,C,Non,C,Non,C,C,C,C,Non,C,C,C,C/D,Non,Non,C,C,Non,C/D,C,Non,Non,Non,C,Non,C,Non,C,C,C,Non,Non,C,Non,C/D,Non,Non,C,Non,C,Non,Non,Non,C,Non,C,C,C,C,C,Non,Non,C,Non,Non,C,C,Non,C,Non,Non,C,Non,Non,Non,C,Non,Non,C,C,Non,C,Non,Non,C,Non,Non,Non,C,C,Non,Non,Non,Non,Non,Non,Non,Non,Non,Non,Non,Non,Non,Non,Non,Non,C/D,Non,Non,Non,Non,C,C,C,C,C,Non,C,C,C,C,Non,C,Non,C,C,C,Non,Non,C,C,C,Non,Non,C,C,C,C,C,C,Non,C,C,Non,C,Non,Non,Non,C,Non,C,Non,C,C,Non,C,Non,C,C,C,Non,C,C,Non,Non,Non,Non,C,Non,C,C,Non,C,Non,C,Non,C,Non,Non,Non,C,C,Non,C,Non,Non,Non,C,C,Non,Non,Non,Non,Non,Non,C,Non,Non,C,C,C,Non,C,Non,C,C,Non,Non,Non,Non,Non,Non,C,Non,Non,C,Non,C,C,C,Non,Non,Non,C,Non,Non,Non,Non,Non,C,Non,Non,Non,Non,Non,C,Non,C,Non,Non,Non,Non,Non,Non,Non,C,Non,C,C,C,Non,Non,Non,Non,Non,Non,Non,C,C,C,Non,Non,C,Non,C,C,Non,C,C,Non,C,C,Non,Non,C,C,Non,Non,C,Non,C,C,Non,C,Non,BL01UK02FR070,UKFR070,813,27.1,2021,gb
R_2ZPvoGjYNUA2VUC,Female,University degree or equivalent,Left school at 18 with A-Levels or equivalent,30,70,0,NA,French;30;,English;70;,,60,40,0,NA,French,NA,10,9,NA,NA,I always (or almost always) speak French to my child,English,NA,3,10,0,NA,I always (or almost always) speak English to my child,First,NA,1,10,Always (or almost always) English,,C,C,Non,C,C,C/D,C,C/D,C/D,C/D,C/D,Non,C,Non,Non,Non,C/D,C,C,C/D,Non,C,C,C,C,Non,C/D,C/D,C/D,C,C,C/D,Non,C,Non,C/D,C,C/D,C,C/D,Non,C/D,C,C/D,C,C/D,C,C/D,C/D,Non,C/D,Non,C/D,C/D,C,C/D,C/D,C/D,C/D,C/D,C/D,C,C,Non,C,C,C/D,C/D,Non,Non,C/D,C,C,Non,C/D,Non,C/D,C,C/D,Non,C/D,C,C/D,C/D,C,C/D,C,C,Non,C/D,C,C/D,Non,Non,Non,C/D,C/D,C/D,C/D,C,C,C,C/D,C,C/D,C/D,C/D,C/D,Non,C,C/D,C/D,C/D,C,C/D,Non,C/D,C/D,C/D,C/D,C/D,Non,Non,C/D,Non,Non,C,C/D,C/D,C,C,C/D,C,Non,C,Non,C/D,C/D,C,C,C/D,Non,C,C,C,C,Non,C,C/D,C/D,C,Non,C/D,C,C/D,C,C,C,C,C/D,C/D,C/D,Non,Non,C/D,Non,C/D,C,C/D,C,C,C/D,C,Non,C,C/D,C,C,C,C/D,C,Non,Non,Non,Non,C,C/D,Non,C,C/D,C,C,C,Non,Non,C/D,C,Non,C/D,C,C/D,Non,C,Non,Non,Non,C,Non,C/D,Non,Non,C/D,Non,Non,C/D,Non,C/D,Non,Non,Non,Non,C,C/D,C,C/D,C/D,Non,C,C/D,Non,C/D,Non,C,C,Non,C/D,C/D,Non,Non,Non,Non,Non,Non,Non,C/D,C/D,C/D,C/D,C/D,C/D,C/D,C,C,C,C,C,C,C,C,C,C,Non,C,C,C/D,C,Non,C,Non,C,Non,Non,Non,Non,C/D,C/D,C/D,C,Non,Non,Non,Non,C,C/D,C,Non,C,Non,C,C,Non,C,C,Non,C,C,C,C,C,C,C,Non,C,C,C,C/D,Non,Non,Non,C,C,Non,C/D,Non,Non,Non,C/D,Non,C,Non,C,C/D,C,Non,C,Non,Non,Non,Non,C,C,C,Non,Non,C/D,C,Non,C,C,Non,C,Non,Non,Non,C/D,C/D,Non,C/D,Non,Non,C,C/D,C/D,Non,Non,C/D,Non,C/D,Non,C/D,Non,Non,Non,C/D,C/D,Non,Non,Non,Non,C/D,Non,Non,Non,Non,Non,Non,Non,Non,C,Non,Non,C,Non,Non,Non,Non,Non,Non,Non,Non,C,C,Non,Non,Non,C,Non,Non,C,Non,C,C,C,Non,C,C/D,Non,Non,C,Non,C/D,C,Non,Non,Non,Non,Non,Non,BL01UK03FR063,UKFR063,631,21.03333333,2021,gb
R_2rkJNBUONXQEoHS,Female,University degree or equivalent,Left school at 18 with A-Levels or equivalent,20,80,0,NA,French;20;,English;80;,,50,50,0,NA,French,NA,10,9,NA,NA,I always (or almost always) speak French to my child,English,NA,3,10,0,NA,I always (or almost always) speak English to my child,First,NA,1,9,Always (or almost always) English,,Non,Non,Non,C,Non,Non,Non,Non,Non,Non,Non,Non,Non,Non,Non,Non,Non,Non,Non,Non,Non,Non,Non,Non,Non,Non,Non,Non,Non,Non,Non,Non,Non,Non,Non,Non,Non,Non,Non,Non,Non,Non,Non,Non,Non,Non,Non,Non,Non,Non,Non,Non,Non,Non,Non,Non,Non,C,Non,Non,Non,Non,Non,Non,Non,Non,C/D,Non,Non,Non,Non,Non,Non,Non,Non,Non,Non,Non,Non,Non,Non,Non,Non,Non,Non,Non,Non,Non,Non,Non,Non,Non,Non,Non,Non,Non,Non,Non,Non,Non,Non,Non,Non,Non,Non,Non,Non,Non,Non,Non,Non,Non,Non,Non,Non,Non,Non,Non,Non,Non,C,Non,Non,Non,Non,Non,Non,Non,Non,Non,Non,Non,Non,Non,Non,Non,Non,Non,Non,Non,Non,Non,Non,Non,Non,Non,Non,Non,Non,Non,Non,Non,Non,Non,Non,Non,Non,Non,Non,Non,Non,Non,Non,Non,Non,Non,Non,Non,Non,Non,Non,Non,Non,Non,Non,Non,Non,Non,Non,Non,Non,Non,Non,Non,Non,Non,Non,Non,Non,Non,Non,Non,Non,Non,Non,Non,Non,Non,Non,Non,Non,Non,Non,Non,Non,Non,Non,Non,Non,Non,Non,Non,Non,Non,Non,Non,Non,Non,Non,Non,Non,Non,Non,Non,Non,Non,Non,Non,Non,Non,Non,Non,Non,Non,Non,C,Non,Non,Non,Non,Non,Non,Non,Non,Non,C,Non,C,C,Non,C,Non,Non,C,Non,Non,C,C,Non,Non,Non,Non,Non,Non,Non,C,Non,Non,Non,Non,Non,Non,Non,Non,Non,Non,Non,Non,Non,Non,Non,Non,Non,Non,Non,Non,Non,Non,Non,Non,Non,Non,Non,Non,Non,Non,Non,Non,Non,Non,Non,Non,Non,Non,Non,Non,Non,Non,Non,Non,Non,Non,Non,Non,Non,Non,Non,Non,Non,Non,Non,Non,Non,Non,Non,Non,Non,Non,Non,Non,Non,Non,Non,Non,Non,Non,Non,Non,Non,Non,Non,Non,Non,Non,Non,Non,Non,Non,Non,Non,Non,Non,Non,Non,Non,Non,Non,Non,Non,Non,Non,Non,Non,Non,Non,Non,Non,Non,Non,Non,Non,Non,Non,Non,Non,Non,Non,Non,Non,Non,Non,Non,Non,Non,Non,Non,Non,Non,Non,Non,Non,Non,Non,Non,Non,Non,Non,Non,Non,Non,Non,Non,Non,Non,Non,Non,Non,Non,Non,Non,Non,C,Non,Non,Non,Non,Non,Non,BL01UK02FR064,UKFR064,571,19.03333333,2021,gb
R_WfmYJLhRVDIeYud,Female,University degree or equivalent,Left school at 18 with A-Levels or equivalent,20,80,0,NA,French;20;,English;80;,,40,60,0,NA,French,NA,10,9,NA,NA,I always (or almost always) speak French to my child,English,NA,3,10,0,NA,I always (or almost always) speak English to my child,First,NA,1,11,Always (or almost always) English,,Non,C/D,C/D,C/D,C/D,C/D,C,C/D,C/D,C/D,Non,Non,C/D,Non,Non,Non,C,C,C,C,Non,C,C,C,C,Non,Non,C,C,C,C,C,C,C,Non,Non,Non,C,C,C,Non,C,Non,C,C,C/D,C,Non,Non,Non,Non,Non,Non,Non,Non,Non,C,C/D,Non,Non,C,Non,C,C,Non,Non,C,Non,Non,Non,Non,Non,Non,Non,C/D,Non,Non,C,Non,Non,C,Non,Non,Non,Non,Non,Non,Non,Non,C,Non,Non,Non,Non,Non,C,Non,C,C,Non,Non,Non,Non,Non,Non,Non,C,C,Non,Non,C,C,Non,Non,C,C,C,Non,C,C,C,Non,Non,C,Non,Non,Non,Non,C,Non,C,Non,Non,Non,Non,Non,Non,Non,Non,Non,Non,Non,Non,Non,Non,Non,Non,C,Non,Non,C,Non,Non,Non,Non,C,Non,C,Non,Non,Non,C,Non,Non,Non,Non,Non,Non,C,Non,Non,Non,Non,Non,Non,Non,Non,Non,Non,Non,C,Non,Non,Non,Non,Non,Non,Non,Non,Non,Non,Non,C,Non,Non,Non,C,Non,C,C,Non,Non,Non,Non,Non,Non,Non,Non,Non,Non,Non,Non,Non,Non,Non,Non,Non,Non,Non,Non,Non,C,Non,Non,C,Non,Non,Non,Non,Non,Non,Non,C,C,Non,C,Non,Non,Non,C,Non,Non,Non,Non,C,C,C/D,C,C,Non,C/D,C,Non,Non,C,C,Non,C/D,C,C,C,Non,Non,C,Non,Non,Non,Non,Non,C,C,Non,Non,Non,C,C,Non,C,Non,C,Non,Non,Non,C,C,Non,C,Non,C/D,Non,Non,Non,Non,Non,Non,C,Non,Non,Non,Non,Non,Non,Non,C,Non,C,Non,Non,Non,Non,Non,Non,Non,Non,Non,Non,Non,Non,Non,Non,Non,Non,Non,Non,Non,Non,Non,Non,Non,Non,Non,Non,Non,Non,C,C,Non,Non,Non,Non,C,Non,Non,C,Non,Non,Non,Non,Non,Non,C,C,Non,Non,Non,Non,Non,Non,Non,Non,Non,Non,Non,Non,Non,Non,Non,Non,Non,Non,Non,Non,Non,Non,Non,Non,Non,Non,Non,Non,Non,C,Non,Non,Non,Non,Non,Non,Non,Non,Non,Non,Non,Non,Non,Non,Non,Non,Non,Non,Non,Non,Non,Non,Non,Non,Non,Non,Non,Non,Non,C,C,Non,Non,Non,Non,Non,BL01UK04FR054,UKFR054,624,20.8,2021,gb
R_3piivg3RhGfH55f,Female,University degree or equivalent,University degree or equivalent,30,67,3,"Polish, italien",French;30;,English;67;,Other;3;,95,5,0,NA,French,NA,10,9,NA,NA,I always (or almost always) speak French to my child,Other(s),Lithuanian,1,9,10,Lithuanian,I regularly speak a mix of French / English / other languages to my child,First,NA,1,12,Always (or almost always) English,,C/D,C/D,C/D,C/D,C/D,C/D,C/D,C/D,C/D,C/D,C/D,C/D,C/D,C/D,C/D,C/D,C/D,C/D,C/D,C/D,C/D,C/D,C/D,C/D,C/D,C/D,C/D,C/D,C/D,C/D,C/D,C/D,C/D,C/D,C/D,C/D,C/D,C/D,C/D,C/D,C/D,C/D,C/D,C/D,C/D,C/D,C/D,C/D,C/D,C/D,C/D,C/D,C/D,C/D,C/D,C/D,C/D,C/D,C/D,C/D,C/D,C/D,C/D,C/D,C/D,C/D,C/D,C/D,C/D,C/D,C/D,C/D,C/D,C/D,C/D,C/D,C/D,C/D,C/D,C/D,C/D,C/D,C/D,C/D,C/D,C/D,C/D,C/D,C/D,C/D,C/D,C/D,C/D,C/D,C/D,C/D,C/D,C/D,C/D,C/D,C/D,C/D,C/D,C/D,C/D,C/D,C/D,C/D,C/D,C/D,C/D,C/D,C/D,C/D,C/D,C/D,C/D,C/D,C/D,C/D,C/D,C/D,C/D,C/D,C,C/D,C/D,C/D,C/D,C/D,C/D,C/D,C/D,C,C/D,C/D,C/D,C/D,C/D,C/D,C/D,C/D,C/D,C/D,C/D,C/D,C/D,C/D,C/D,C/D,C/D,C/D,C/D,C/D,C/D,C/D,C/D,C/D,C/D,C/D,C/D,C/D,C/D,C,C/D,C/D,C/D,C/D,C/D,C/D,C/D,C/D,C/D,C/D,C/D,C/D,C/D,C/D,C/D,C/D,C/D,C/D,C/D,C/D,C/D,C/D,C/D,C/D,C/D,C/D,C/D,C/D,C/D,C/D,C/D,C/D,C/D,C,C/D,C/D,C,C/D,C/D,C/D,C/D,C/D,C/D,C/D,C/D,C/D,C/D,C/D,C/D,C/D,C/D,C/D,C/D,C/D,Non,C/D,C/D,C/D,C/D,C/D,C/D,C/D,C/D,C/D,C/D,C/D,C/D,C/D,C/D,C/D,C/D,C/D,C/D,C/D,C/D,C/D,C/D,C/D,C/D,C/D,C/D,C/D,C/D,C/D,C/D,C/D,C/D,C/D,C/D,C/D,C/D,C/D,C/D,C/D,C/D,C/D,C/D,C/D,C/D,C/D,C/D,C/D,C/D,C/D,C/D,C/D,C/D,C/D,C/D,C/D,C/D,C/D,C/D,C/D,C/D,C/D,C/D,C/D,C/D,C/D,C/D,C/D,C/D,C/D,C/D,C/D,C/D,C/D,C/D,C/D,C/D,C/D,C/D,C/D,C/D,C/D,C/D,C/D,C/D,C/D,C/D,C/D,C/D,C/D,C/D,C/D,C/D,C/D,C/D,C/D,C/D,C/D,C/D,C/D,C/D,C/D,C/D,C/D,C/D,C/D,C/D,C,C/D,C/D,C/D,C/D,C/D,C/D,C/D,C/D,C/D,C/D,C/D,C/D,C/D,C/D,C/D,C/D,C/D,C/D,C/D,C/D,C/D,C/D,C/D,C/D,C/D,C/D,C/D,C/D,C/D,C/D,C/D,C/D,C/D,C/D,C/D,C/D,C/D,C/D,C/D,C/D,C/D,C,C/D,C/D,C/D,C/D,C/D,C/D,C/D,C/D,C/D,C/D,C/D,C/D,C,C/D,C/D,C/D,C/D,C/D,C/D,C/D,C/D,C/D,C/D,C/D,C/D,C,C/D,C/D,C/D,C/D,C/D,C/D,C/D,C/D,C/D,C/D,C/D,C/D,C/D,C/D,C/D,C/D,C/D,C/D,C/D,C/D,C/D,C/D,C/D,C/D,BL01UK02FR069,UKFR069,932,31.06666667,2021,gb
R_32VHtsfLxspRENC,Female,University degree or equivalent,Left school at 18 with A-Levels or equivalent,40,60,0,NA,French;40;,English;60;,,50,50,0,NA,French,NA,10,9,NA,NA,I always (or almost always) speak French to my child,English,NA,3,10,0,NA,I always (or almost always) speak English to my child,First,NA,1,10,Always (or almost always) English,,C,C/D,Non,C,C/D,C,C/D,C,C/D,C,C,C/D,Non,Non,Non,Non,Non,Non,C,C,Non,C/D,C,C,C,Non,Non,C/D,C/D,Non,Non,C/D,C,C,Non,C,C,C,C,C,Non,Non,C,Non,C,Non,C,C,C,C/D,Non,Non,Non,C,Non,Non,C,C/D,C,C,C,C,C,C,C,Non,C/D,Non,C,Non,Non,C/D,C,Non,C/D,C,C/D,C,C/D,Non,C,Non,C,C/D,C,C/D,Non,Non,Non,C,C/D,Non,Non,Non,Non,C/D,C/D,C,C/D,C,C,Non,C,C/D,C,C,C,C/D,Non,Non,C,C,C/D,C,C,Non,C/D,Non,C,C,C,Non,Non,C/D,Non,Non,C,C,C,Non,C,C,C,Non,Non,Non,C,C,Non,Non,Non,Non,Non,Non,Non,Non,Non,C,C/D,C,Non,Non,C,Non,Non,C,Non,Non,Non,Non,Non,C,C,Non,Non,Non,C,Non,C,Non,Non,C,Non,Non,Non,C,Non,Non,Non,Non,C,Non,Non,Non,Non,Non,Non,Non,Non,Non,Non,Non,C,Non,C,Non,C,Non,C,C,Non,Non,Non,Non,Non,Non,C,Non,Non,Non,Non,Non,Non,Non,Non,Non,Non,Non,Non,Non,C/D,C,C,C,C/D,Non,Non,Non,Non,Non,Non,Non,C/D,C/D,Non,C/D,Non,Non,Non,C,Non,Non,C,C,C/D,C,C/D,C,C/D,C,C,Non,C,Non,Non,C/D,C,C/D,C,C,C,C,C,C,Non,Non,Non,Non,Non,Non,C,Non,Non,Non,C,C,Non,C,Non,C,Non,Non,C,C,C,Non,C,Non,C,C,Non,Non,C,C,Non,C,C,C,Non,Non,C,Non,Non,C,C,C,C,Non,Non,Non,Non,Non,C,Non,C,Non,Non,Non,Non,Non,C/D,Non,C,Non,C,Non,Non,C,Non,C,Non,C,Non,Non,C,C,Non,C,Non,C/D,C,Non,C/D,Non,C,C/D,C,C,Non,Non,C,C,C,Non,Non,C,Non,Non,Non,C,Non,Non,Non,Non,Non,Non,Non,Non,Non,C,Non,Non,Non,C,Non,Non,Non,Non,C/D,Non,Non,Non,Non,Non,Non,Non,Non,C,Non,Non,Non,C,C,Non,Non,Non,Non,Non,C,C,Non,Non,Non,Non,Non,C,Non,Non,Non,Non,C/D,C,Non,Non,Non,Non,Non,Non,BL01UK04FR013,UKFR013,932,31.06666667,2021,gb
R_AhggTuNWj2bgSAN,Female,University degree or equivalent,University degree or equivalent,20,80,0,NA,French;20;,English;80;,,70,30,0,NA,French,NA,10,9,NA,NA,I always (or almost always) speak French to my child,Other(s),Lithuanian,1,9,10,Lithuanian,I regularly speak a mix of French / English / other languages to my child,First,NA,1,10,Always (or almost always) English,,C,C/D,Non,C,C/D,C/D,C/D,C/D,C/D,C,C,C/D,C/D,Non,C/D,C,C,C,C,C/D,Non,C,C/D,C/D,C/D,Non,C/D,C/D,C/D,C/D,C/D,C/D,C/D,C/D,Non,C/D,C/D,C/D,C/D,C/D,Non,C/D,C/D,C/D,C/D,C/D,C/D,C/D,C/D,C/D,C/D,C/D,C/D,C/D,C/D,C/D,C/D,C/D,C/D,C/D,C/D,C/D,C/D,Non,C,C,C/D,C/D,Non,Non,C/D,C/D,C,C,C/D,Non,C/D,C/D,C/D,Non,C/D,C,C/D,C/D,C/D,C/D,C,C,C/D,C/D,C/D,C/D,Non,C/D,C,C/D,C/D,C/D,C/D,C/D,C,C,C/D,C/D,C/D,C,C/D,C/D,C,C/D,C/D,C/D,C/D,Non,C/D,C/D,C/D,C/D,C/D,C/D,Non,Non,Non,C/D,Non,Non,C/D,C/D,C/D,C,C,C/D,C,C,C,Non,C/D,C/D,C,C/D,C/D,Non,C,C,C,C/D,Non,C/D,C/D,C/D,C/D,Non,C/D,C/D,C/D,C/D,C,C/D,C/D,C,C/D,C/D,Non,Non,C/D,Non,C/D,C/D,C/D,C/D,C/D,C/D,C,C/D,C/D,C/D,C/D,C/D,C/D,C/D,C,C/D,C/D,Non,Non,C/D,C/D,C,C/D,C/D,Non,C/D,C/D,Non,C/D,C/D,C/D,Non,C/D,C/D,C/D,Non,C/D,Non,Non,C,C,C/D,C/D,Non,Non,C/D,Non,Non,C/D,C,C/D,Non,Non,Non,Non,C/D,C/D,C/D,C/D,C/D,Non,Non,C/D,Non,C,Non,Non,Non,Non,C/D,C/D,Non,Non,Non,Non,Non,Non,Non,C,C/D,C/D,C/D,C/D,Non,C,C/D,C/D,C/D,C,C,C,C/D,C,C/D,C,Non,C/D,C,C/D,C,Non,C,Non,C,C,C,C,Non,C/D,C/D,C/D,C/D,Non,Non,Non,C/D,C/D,C/D,C,Non,C,Non,C/D,C,Non,C,C/D,C,C,C,C/D,C/D,Non,C,C/D,C,C/D,C/D,C/D,C/D,C/D,C,Non,C/D,C/D,C,C/D,Non,C/D,Non,C/D,C,C,Non,C,C/D,C/D,Non,C,Non,Non,C,C/D,C,C,C/D,C/D,C,C,C,C,C,Non,C,C,C,Non,C,C/D,C/D,C,C/D,Non,C,C,C/D,C/D,C,C,C/D,Non,C/D,Non,C/D,C,C/D,C/D,C/D,C/D,Non,Non,Non,C/D,C/D,C,Non,Non,Non,C,Non,C,C,C,C,Non,C,C,C,Non,C/D,Non,Non,Non,Non,C,C,C,Non,C,C,Non,C,C,Non,C,C/D,C,C,C,C,C,C,C,Non,C,C,Non,C,C,C/D,C/D,C,BL01UK04FR063,UKFR063,696,23.2,2021,gb
R_7X1DJTC8VtgAnzr,Male,University degree or equivalent,University degree or equivalent,20,80,0,NA,French;20;,English;80;,,30,70,0,NA,English,NA,2,10,NA,NA,I always (or almost always) speak English to my child,French,NA,10,9,NA,NA,I always (or almost always) speak French to my child,First,NA,1,11,Always (or almost always) English,,C,C/D,C/D,C/D,C/D,C/D,C/D,C,C/D,C,Non,Non,C/D,Non,Non,Non,C,C,C,C,Non,C,C,C,C,Non,C,C,C,C,C,C,C,C,Non,C,C,C,C,C,Non,C,C,C,C,C/D,C,Non,C,Non,Non,Non,C,Non,Non,C,C,C,Non,C,C,C,C,C,Non,Non,C,Non,Non,Non,Non,Non,Non,C,C/D,Non,Non,C,Non,Non,C,Non,C,C,Non,Non,Non,C,Non,Non,C/D,Non,Non,Non,Non,C,C,C,C,Non,Non,Non,C,Non,Non,Non,C,C,Non,Non,C,C,C/D,Non,C,C,C,Non,C,C,C,Non,Non,C,Non,Non,Non,Non,C,C,C,Non,Non,Non,C,Non,Non,C,Non,C,Non,Non,C,Non,C,Non,Non,Non,Non,C,Non,Non,Non,Non,Non,Non,Non,C,C,Non,Non,C/D,Non,Non,Non,Non,C,Non,C,Non,Non,Non,Non,Non,Non,Non,Non,C,Non,Non,C,Non,Non,Non,Non,Non,Non,Non,Non,Non,Non,Non,C,Non,Non,Non,Non,Non,C,C,Non,Non,Non,Non,Non,Non,C,Non,Non,C,C,Non,Non,Non,Non,Non,Non,Non,Non,Non,C,C,Non,Non,C,Non,Non,Non,Non,Non,Non,Non,C,C/D,Non,C,Non,Non,C/D,C/D,Non,Non,Non,Non,C,C,C/D,C,Non,C,C/D,C,C,C,C,C,C,C/D,C,Non,C,Non,Non,C,Non,Non,Non,C,C,C,C,C,C,Non,C,C,Non,C,Non,C,Non,Non,Non,C/D,C,Non,C,Non,C,Non,Non,Non,C,C,Non,C,C,Non,Non,Non,C,Non,Non,C,C,Non,C,C,Non,Non,Non,Non,Non,Non,Non,Non,Non,Non,Non,Non,C,C,C,Non,Non,Non,Non,Non,Non,Non,Non,Non,Non,Non,C,C,Non,C,C,Non,C,Non,C,C/D,Non,C,Non,Non,Non,Non,C,C,Non,Non,Non,C,Non,Non,Non,C,C,Non,Non,C,Non,C,Non,Non,Non,C,Non,Non,Non,C,Non,Non,Non,Non,C,Non,Non,C,Non,Non,Non,Non,Non,C,Non,Non,C,Non,Non,Non,Non,Non,Non,Non,C,Non,Non,Non,Non,Non,Non,Non,Non,Non,Non,Non,Non,C/D,Non,C,C,Non,C,Non,BL01UK05FR054,UKFR054,695,23.16666667,2021,gb
R_OdKIKjKubSY74bL,Male,University degree or equivalent,University degree or equivalent,30,70,0,NA,French;30;,English;70;,,70,30,0,NA,English,NA,2,10,NA,NA,I always (or almost always) speak English to my child,French,NA,10,9,NA,NA,I always (or almost always) speak French to my child,First,NA,1,10,Always (or almost always) English,,C,C/D,Non,Non,C/D,C/D,Non,C/D,C/D,Non,C/D,C/D,C/D,Non,C,C,C/D,Non,Non,C/D,C/D,C/D,C/D,C/D,C/D,Non,C/D,C/D,C/D,C/D,C/D,C/D,C/D,C/D,Non,C/D,C/D,C/D,C,C/D,C,C/D,C/D,C/D,C/D,C/D,C/D,C/D,C/D,C/D,C/D,Non,C/D,C/D,C/D,C/D,C/D,C,C/D,C/D,C/D,C/D,C/D,C/D,C,C,C/D,C/D,C,Non,C/D,C/D,C,Non,C/D,Non,C/D,C/D,C/D,Non,C/D,Non,C/D,C/D,C,C/D,C/D,Non,C/D,C/D,C/D,C/D,Non,C/D,Non,C/D,C/D,C/D,C/D,C/D,C/D,C,C/D,C/D,C/D,C/D,C/D,C/D,Non,C/D,C/D,C/D,C/D,C,C/D,Non,C/D,C/D,C/D,C/D,C/D,Non,Non,C/D,Non,Non,C/D,C/D,C/D,C,C,C,Non,Non,C,Non,C/D,C/D,Non,C,C/D,Non,C,Non,C,C/D,Non,C,C/D,C/D,C,Non,C/D,C,C/D,C,C,C/D,C/D,C/D,C/D,C/D,Non,Non,C/D,Non,C/D,C,C/D,C/D,C/D,C/D,C,C/D,C/D,C/D,C/D,C/D,C/D,C/D,C/D,C/D,C,Non,Non,C/D,C,C,C,C/D,Non,C,C/D,Non,C/D,C/D,C,Non,C/D,C/D,C/D,C/D,C/D,Non,C/D,Non,C,C/D,C/D,Non,C,C/D,Non,Non,C/D,Non,C/D,Non,Non,Non,Non,C/D,C,C/D,C/D,C/D,Non,C,C/D,Non,C/D,Non,Non,Non,Non,C/D,C/D,Non,Non,Non,Non,Non,Non,Non,C/D,C/D,C/D,C/D,C/D,C,C/D,C,C,C,C,C/D,C,C/D,Non,C/D,C,Non,C/D,Non,C/D,Non,C,C,C,C,C,C,Non,Non,C/D,Non,C/D,C,Non,Non,Non,C/D,C/D,C/D,C,Non,C/D,Non,C,C,Non,C,C,Non,Non,C,C/D,C/D,C,C,C/D,Non,C,C/D,C,C/D,C,C,Non,C/D,C,Non,C/D,Non,C/D,Non,C/D,C,C,Non,C/D,C/D,C,Non,C,Non,C,C/D,C,C/D,C,C/D,C,C,C/D,C,C/D,Non,Non,Non,C,Non,Non,Non,C/D,C/D,C,C/D,Non,C,C,C/D,C/D,C/D,C/D,C/D,Non,C/D,C/D,C/D,C,C/D,C/D,C/D,C/D,Non,Non,Non,C/D,C/D,C,Non,Non,C,C,C,Non,Non,C,Non,Non,C,Non,Non,Non,Non,Non,Non,Non,C/D,C,Non,Non,Non,Non,Non,Non,Non,C,Non,C,C,C,C,C,C/D,C,C,C,Non,Non,C/D,C,C/D,C/D,C/D,C,C,BL01UK05FR063,UKFR063,735,24.5,2021,gb
R_2sRtOSXmNZmqa1J,Male,University degree or equivalent,University degree or equivalent,25,75,0,NA,French;25;,English;75;,,50,50,0,NA,English,NA,2,10,NA,NA,I always (or almost always) speak English to my child,French,NA,10,9,NA,NA,I always (or almost always) speak French to my child,First,NA,1,11,Always (or almost always) English,,C,C/D,C/D,C/D,C/D,C/D,C,C/D,C/D,C/D,C/D,C,C,Non,C/D,C,C,C/D,C/D,C,C,C/D,C,C/D,C/D,C,C,C/D,C,C,C,C/D,C,C,Non,C/D,C,C,C,C,Non,C,C/D,C,C,C,C,C,C,C/D,C,Non,Non,C,C,C,C,C,C,C,C,C,C,C/D,C,Non,C/D,C/D,C,C/D,C/D,C,C,C,C,Non,C,C/D,C,Non,C/D,Non,C,C,C/D,C/D,C,Non,C,C,C/D,Non,C,Non,Non,C,C/D,C,C,C,C,Non,Non,C,C,C,C/D,C,C,Non,C,C/D,C,C,C,C/D,C,C,C/D,C,C,Non,Non,C,Non,Non,C,C,C,C,C,Non,Non,Non,C,Non,C,C,Non,C,C,Non,C,Non,C,C,Non,C,C,C,Non,Non,C,C,C,C,C,C/D,C,C,C,C,C,Non,C,C,C/D,C,C,C,Non,C,C,Non,Non,C,Non,C/D,Non,C,C,Non,C,Non,Non,C,C,C,C,C,C,C,C,Non,Non,C,C,Non,C,C,Non,C,C/D,Non,Non,Non,Non,C,C,Non,C,C,C,Non,C/D,Non,C,C,Non,Non,C,C/D,C,C,C/D,C/D,Non,C,C,Non,C,C,C,C,Non,C/D,Non,Non,Non,C,C,Non,C,C,C,C,C/D,C,C,C,C,C,C,C,C/D,C,C,C/D,C,C,C,Non,C,C,C,C,C,C,C,C,C,C,C,Non,C,C,C,C,C,C,C,C,C,C,C,C,C,C,C/D,C,C,C,C,C,C,C,C,C,C,C,C,C,C,C,C,C,C,C,C,Non,C,C,C,C,C,C,C,C,C,C,C,C,C,C,C,C,C,C,C,C,C,C,C,C,C,C,C,C/D,C,C,C,Non,Non,C,C/D,C/D,C,C,C,C/D,C,C,C/D,C,C,Non,C,C,C,C,C,C,C,Non,C/D,C,C,Non,C,Non,C,Non,Non,C/D,C,C,C,Non,C,Non,C,C,C,Non,Non,Non,C,C,Non,C,C,C,C,C,C,C,C,C,C,C,C,C,C,C,C,C,C,C,C,Non,C,C,C,C,C,C,C,C,BL01UK02FR086,UKFR086,703,23.43333333,2021,gb
R_3ESColHz7lKWkdp,Male,University degree or equivalent,University degree or equivalent,20,80,0,NA,French;20;,English;80;,,40,60,0,NA,English,NA,2,10,NA,NA,I always (or almost always) speak English to my child,French,NA,10,9,NA,NA,I always (or almost always) speak French to my child,First,NA,1,11,Always (or almost always) English,,C,C/D,C/D,C,C/D,C/D,C/D,C/D,C/D,C/D,C,C,C/D,Non,C,C,C,C,C,C,Non,C,C,C,C,Non,C,C,C,C/D,C/D,C,C,C,Non,C,C,C/D,C,C,Non,C,C,C,C,C/D,C,C,C,Non,Non,Non,Non,Non,Non,Non,C,C/D,C/D,C/D,Non,C,C,C,Non,Non,C/D,Non,Non,Non,Non,Non,Non,Non,C/D,Non,Non,C,Non,Non,C,Non,C,C,Non,Non,C,Non,Non,Non,C,Non,Non,Non,Non,C,Non,C,C,Non,Non,Non,C,C,Non,C,C,C,Non,Non,C,C,C/D,Non,C,C,C,Non,C,C,C,Non,Non,C,Non,Non,Non,C,C,C,C,Non,Non,Non,Non,Non,Non,C,Non,C,Non,Non,C,Non,Non,Non,Non,C,Non,C,C,Non,Non,Non,Non,Non,Non,C,C,Non,C,C/D,Non,Non,C,Non,C,Non,C,C/D,Non,Non,Non,Non,Non,Non,Non,C,Non,Non,C/D,Non,Non,Non,Non,Non,C,Non,Non,Non,Non,Non,C,Non,Non,Non,C,Non,C,C,Non,Non,Non,Non,C,Non,C,Non,C,C,C,Non,Non,Non,C,Non,Non,Non,Non,Non,C,Non,Non,Non,C/D,Non,C,Non,Non,Non,Non,Non,C/D,C/D,Non,C/D,Non,Non,C/D,C/D,Non,Non,Non,C/D,C,C,C,C,C,C,C/D,C,C,Non,C,C,C,C/D,C,C,C,Non,C,C,Non,C,Non,C,Non,C,C,C,C,Non,C,C,Non,C,Non,C,Non,Non,C,C/D,C,C,C,Non,C/D,Non,Non,Non,Non,C,Non,C,Non,Non,Non,Non,C,Non,C,C,C,C,C,C,Non,Non,Non,Non,Non,Non,Non,Non,Non,Non,Non,Non,C,C,C,Non,Non,Non,C,C,C,Non,Non,Non,Non,C,C,C,Non,C,C,C,C,Non,C,C/D,Non,C,Non,C,Non,Non,C,C,C,Non,C,C,C,Non,Non,C,C,Non,Non,C,Non,C,Non,Non,Non,C,Non,Non,Non,C,Non,Non,Non,Non,C,Non,Non,C,C,Non,Non,Non,Non,C,Non,Non,C,C,Non,Non,C,C,Non,C,C,Non,C,Non,Non,Non,Non,Non,Non,C,C,Non,C,C,C,Non,C,Non,C,Non,BL01UK06FR054,UKFR054,763,25.43333333,2021,gb
R_1C0XiGn3gsfelqb,Female,University degree or equivalent,Left school at 18 with A-Levels or equivalent,40,60,0,NA,French;40;,English;60;,,70,30,0,NA,French,NA,10,9,NA,NA,I always (or almost always) speak French to my child,English,NA,3,10,0,NA,I always (or almost always) speak English to my child,First,NA,1,10,Always (or almost always) English,,C,C,C,C,C,C/D,C,C/D,C/D,C/D,C/D,C,C,Non,C,C/D,C/D,C/D,C/D,C/D,Non,C/D,C/D,C/D,C,Non,C/D,C/D,C/D,C/D,C/D,C/D,C,C,C,C/D,C,C/D,C,C/D,C/D,C/D,C/D,C/D,C/D,C/D,C/D,C/D,C/D,C/D,C/D,C/D,C/D,C/D,C/D,C/D,C/D,C/D,C/D,C,C,C,C/D,C/D,C/D,C,C/D,C/D,Non,Non,C/D,C/D,Non,Non,C/D,C/D,C/D,C/D,C/D,Non,C/D,C,C/D,C/D,C,C/D,C/D,Non,C/D,C/D,C/D,C/D,Non,C/D,Non,C/D,C,C/D,C,C/D,C,C,C/D,C,C/D,C,C/D,C/D,C,C,C/D,C/D,C/D,C,C/D,C,C/D,C,C/D,C/D,C/D,Non,Non,C/D,C,C/D,C/D,C/D,C/D,C/D,C/D,C/D,Non,C,C,Non,C/D,C/D,C,C,C/D,Non,C,C,C,C,Non,C/D,C/D,C/D,C/D,Non,C,C/D,C/D,C/D,C,C/D,C/D,C/D,C/D,C/D,Non,Non,C/D,Non,C/D,C/D,C/D,C/D,C/D,C/D,Non,C/D,C/D,C,Non,C,C,C/D,C,Non,C,Non,Non,C/D,C/D,C,C,C/D,Non,C,C,Non,C/D,C/D,C/D,Non,C/D,C/D,C/D,C/D,C/D,Non,C,C,C/D,C,C/D,Non,Non,C/D,Non,Non,C/D,Non,C/D,Non,Non,Non,Non,C/D,C,C,C/D,C/D,Non,Non,C/D,Non,C,C,Non,Non,Non,C/D,C/D,Non,Non,C/D,Non,Non,Non,Non,C,C,C/D,C,C/D,C,C,C,C,C,C,C,C,C/D,C,C/D,C,Non,C/D,C,C/D,C,C,C,C,C,C,C,Non,Non,C/D,C,C/D,C,Non,Non,C,C/D,C/D,C/D,C,Non,C,Non,C/D,C,Non,C,C/D,Non,C,C,C,C,C,C,C,C,C/D,C,C,C/D,C/D,C,C,C/D,C,C,C/D,C,C/D,C,C,C,C/D,Non,C,C,C,Non,C,C,C,C/D,C,C/D,C,C/D,C,C,C,C,C,C,C,C,C,Non,Non,C,C/D,C/D,C/D,C,Non,C,C,C/D,C/D,C,C/D,C/D,C/D,C/D,Non,C/D,C,C/D,C/D,C/D,C/D,Non,Non,Non,C/D,C/D,C,Non,Non,Non,C,C,C,Non,C,Non,Non,C,C,Non,C,Non,Non,C,Non,C,C,C,C,Non,Non,C/D,C,C,C,Non,C,C/D,Non,C,C,C/D,C,C,C,Non,C,C,Non,C,C/D,C/D,Non,C,BL01UK06FR063,UKFR063,825,27.5,2022,gb
R_1Hd7Eu4VKry2cj3,Female,University degree or equivalent,University degree or equivalent,20,80,0,NA,French;20;,English;80;,,40,60,0,NA,French,NA,10,9,NA,NA,I always (or almost always) speak French to my child,Other(s),Lithuanian,1,9,10,Lithuanian,I regularly speak a mix of French / English / other languages to my child,First,NA,1,27,Always (or almost always) English,,C,C/D,C,C,C/D,C,C/D,C/D,C,C/D,C/D,C/D,C,Non,C,C/D,C,C,C,C/D,C,C/D,C/D,C,C/D,Non,C/D,C/D,C,C/D,C,C/D,C,C/D,C,C/D,C/D,C/D,C,C/D,C/D,C/D,C/D,C/D,C,C,C/D,C,C,C,C/D,C/D,C,C/D,C,C/D,C/D,C/D,C,C,C,C,C/D,C/D,C/D,C,C/D,C/D,Non,Non,C/D,C/D,C/D,C/D,C/D,C/D,C/D,C/D,C/D,C,C/D,Non,C,C/D,C/D,C/D,C/D,C,C/D,C/D,C/D,C,C/D,C,C/D,C,C,C,C/D,C,C,Non,C,C,C/D,C,C/D,C,C,C,C,C/D,C/D,C,C/D,Non,C/D,C,C,C,C/D,Non,C/D,C/D,C,Non,C/D,C/D,C/D,C/D,C/D,C/D,C,C,C,Non,C/D,C/D,C,C/D,C,Non,C,C,C,C,C,C,C/D,C/D,C,C,C,C,C,C,C,C/D,C,C,C,C/D,C/D,C/D,C/D,C/D,C/D,C,C,C,C/D,C,C,C,C/D,C,C,C,C,C,C,C/D,C,Non,C,C,C,C,C,C/D,C/D,C/D,C,C/D,C/D,C/D,C/D,Non,C/D,C,Non,C,C,C,C/D,Non,Non,C,C/D,C,C/D,C/D,C,C,C/D,Non,C/D,C/D,C/D,C/D,C,C/D,C,C/D,C/D,C/D,C,C/D,C/D,C,C/D,C,C,C,C,C/D,C/D,C,C,C/D,C,C/D,C,C,C/D,C/D,C,C/D,C/D,C,C/D,C,C,C,C,C/D,C,C/D,C/D,C,C,C,C,C,C,C/D,C,C,C,C,C,C,C,C,C/D,C/D,C/D,C,Non,C,C,C/D,C,C,C,C,C,C,C/D,C,C,C,C,C,C,C/D,C/D,C,C/D,C,C,C,C,C,C/D,C,C,C,C,C,C,Non,C/D,C/D,C,C/D,C,C,C/D,C,C,C,C,C,C,C,C,C/D,C,C/D,C,C/D,C,C,C,C,C/D,C,Non,C/D,C,C,C/D,C/D,C/D,C/D,C/D,C/D,C,C,C/D,C,C/D,C/D,C,C/D,C/D,C/D,Non,C,C,C,C,C/D,C/D,C/D,Non,Non,C/D,C/D,C/D,C,Non,C/D,C,C,C,C,C,C,C,C,C,C,C,C,C,C/D,C/D,C/D,C/D,C,C,C,C/D,C,C,C,C,C,C,C,C,C,C,C/D,C,C,C,C,C/D,C/D,C/D,C/D,C,C/D,C/D,C/D,BL01UK02FR088,UKFR088,940,31.33333333,2022,gb
R_3PTumV986TWzPNz,Female,University degree or equivalent,Left school at 18 with A-Levels or equivalent,20,80,0,NA,French;20;,English;80;,,100,0,0,NA,French,NA,10,9,NA,NA,I always (or almost always) speak French to my child,English,NA,3,10,0,NA,I always (or almost always) speak English to my child,First,NA,1,7,Always (or almost always) English,,C,Non,Non,Non,Non,C,Non,Non,C,Non,Non,C/D,Non,Non,C,Non,Non,Non,Non,Non,Non,C/D,Non,C/D,C,Non,Non,C,Non,Non,Non,C,Non,C,Non,C,C,Non,C,C,Non,C,Non,C,Non,Non,C,Non,Non,Non,Non,Non,Non,Non,Non,Non,Non,C,Non,C,Non,Non,Non,Non,C,Non,C,Non,Non,Non,Non,Non,Non,Non,C,Non,Non,Non,Non,Non,Non,Non,Non,Non,Non,Non,Non,Non,Non,Non,Non,Non,Non,Non,Non,Non,Non,Non,Non,Non,Non,Non,Non,Non,C,Non,C,C,Non,Non,Non,C,C,Non,Non,Non,Non,Non,Non,C,C,Non,Non,C,Non,Non,Non,Non,Non,Non,Non,Non,Non,Non,Non,Non,Non,Non,Non,Non,Non,Non,Non,Non,Non,Non,Non,Non,Non,Non,Non,Non,Non,Non,Non,Non,Non,Non,Non,Non,Non,C,Non,Non,Non,Non,C,Non,Non,Non,Non,Non,Non,Non,Non,Non,Non,Non,Non,Non,Non,Non,Non,Non,Non,Non,Non,Non,Non,Non,Non,Non,Non,Non,Non,Non,Non,Non,Non,Non,Non,Non,Non,Non,Non,Non,Non,Non,Non,Non,Non,Non,Non,Non,Non,Non,Non,Non,Non,Non,Non,Non,Non,Non,C,Non,Non,Non,Non,Non,Non,Non,C,C,Non,C/D,Non,Non,Non,C,Non,Non,Non,Non,C,Non,C,C,C,C,C,Non,Non,Non,Non,Non,Non,C,C,Non,Non,Non,Non,Non,Non,Non,Non,Non,Non,Non,C,Non,Non,Non,Non,C,Non,Non,Non,Non,Non,Non,Non,Non,Non,Non,Non,Non,Non,Non,Non,C,Non,Non,Non,C,Non,Non,Non,Non,Non,Non,Non,Non,Non,Non,Non,Non,Non,Non,Non,Non,Non,Non,Non,Non,Non,Non,Non,Non,C,Non,Non,Non,Non,Non,Non,Non,Non,Non,Non,Non,Non,Non,C,Non,Non,Non,Non,Non,C,Non,Non,Non,Non,Non,Non,Non,Non,Non,Non,C,Non,Non,Non,Non,C,Non,Non,Non,Non,Non,Non,Non,Non,Non,Non,Non,Non,Non,Non,Non,Non,Non,Non,Non,Non,Non,C,Non,Non,Non,Non,Non,Non,Non,Non,Non,Non,Non,Non,Non,Non,Non,Non,Non,Non,Non,Non,Non,Non,Non,Non,Non,Non,Non,Non,Non,Non,Non,Non,C,Non,Non,Non,Non,Non,Non,BL01UK02FR090,UKFR090,480,16,2022,gb
R_2B3Te9mNbuDjRyy,Male,University degree or equivalent,University degree or equivalent,80,20,0,NA,French;80;,English;20;,,100,0,0,NA,English,NA,2,10,NA,NA,I always (or almost always) speak English to my child,French,NA,10,9,NA,NA,I always (or almost always) speak French to my child,First,NA,1,NA,NA,,C,Non,Non,C,C,C,C/D,C,C/D,C,C,C/D,C,Non,C,C,C,C,C,C,C,C,C,C,C,Non,C,C,C,C,C,C,C,C,C,C,C,C,C,C,Non,C,C,C,C,C,C,C,C,C,C,Non,C,C,C,C,C,C,C,C,C,C,C,C,C,C,C,Non,Non,Non,C,C,Non,Non,C/D,C,C,C,Non,Non,C,Non,C,C,C,C,C,C,C,C,C,C,Non,Non,C,C,C,C,C,C,C,C,C,C,C,C,C,C,C,C,C,C,C,C,C,C,C,Non,C,C,C,Non,Non,C,C,C,C,C,C,C,C,C,C,C,C,Non,C,C,C,C,C,Non,C,Non,C,C,C,C,C,C,C,Non,C,C,C,Non,C,C,C,C,C,C,Non,Non,C,C,C,C,C,C,C,C,Non,C,Non,C,Non,C,C,C,C,C,C,Non,Non,C,C,C,C,C,C,C,C,C,C,C,C,C,C,C,C,C,C,Non,C,C,C,C,C,C,C,C,C,C,C,C,C,C,C,C,C,C,C,Non,C,C,Non,C,Non,Non,C,Non,C,C,Non,C,C,Non,C,C,Non,Non,Non,C,C,C,C,C,C,C,C,C,C,C,C,C,C,C,C,C,C,C,C,C,C,C,C,C,C,C,C,C,C,Non,C,C,C,C,Non,C,C,C,C,C,C,C,C,Non,C,Non,Non,C,C,C,C,C,C,C,C,C,C,C,C,C,C,C,C,C,Non,C,C,C,C,C,C,C,C,C,Non,Non,C,C,C,C,C,C,C,C,C,C,C,C,C,C,C,C,C,C,C,C,C,C,Non,C,C,C,C,C,Non,C,C,C,C,C,C,C,Non,C,Non,C,C,C,C,C,C,C,Non,Non,C,C,C,Non,Non,Non,C,C,C,C,C,Non,Non,C,C,C,C,C,C,C,C,C,C,C,C,Non,C,C,C,Non,C,Non,C,C,C,C,C,C,Non,C,C,C,C,C,Non,C,C,C,C,C,BL01UK02FR100,UKFR100,554,18.46666667,2022,gb
R_SDKAHaXaKHfvfBD,Female,University degree or equivalent,Left school at 18 with A-Levels or equivalent,10,90,0,NA,French;10;,English;90;,,40,60,0,NA,French,NA,10,9,NA,NA,I always (or almost always) speak French to my child,English,NA,3,10,0,NA,I always (or almost always) speak English to my child,First,NA,1,11,Always (or almost always) English,,Non,Non,Non,Non,Non,Non,Non,Non,Non,Non,Non,Non,Non,Non,Non,C,Non,Non,Non,Non,Non,C,Non,C,Non,Non,Non,C,C,C,Non,C,C,Non,Non,C,Non,Non,C,C,Non,Non,Non,C,C,C,Non,C,Non,C,Non,Non,Non,C,Non,Non,C,C,C,C,Non,C,C,Non,Non,Non,C,Non,C,Non,Non,C,C,Non,Non,Non,C,C,C,Non,C,C,Non,C,Non,Non,Non,Non,C,C,Non,C,Non,Non,Non,Non,Non,Non,Non,Non,Non,Non,Non,Non,Non,Non,Non,Non,Non,Non,Non,Non,Non,Non,Non,Non,C,Non,Non,C,C,Non,Non,C,Non,C,Non,C,C,Non,C,C,Non,C,C,Non,C,C,Non,C,C,Non,C,Non,Non,C,Non,C,C,Non,Non,Non,C,Non,C,C,Non,Non,C,Non,Non,C,Non,Non,Non,C,Non,Non,C,Non,C,C/D,Non,Non,Non,Non,Non,Non,Non,Non,Non,C,Non,Non,Non,Non,C,C,Non,C,C,C,C,Non,Non,C,Non,Non,C,C,Non,C,C,Non,C,Non,Non,Non,C,Non,C,C,Non,Non,C,Non,Non,Non,Non,Non,Non,C,Non,C,C,Non,Non,Non,Non,Non,Non,Non,Non,Non,Non,C/D,Non,Non,Non,C/D,Non,Non,Non,Non,C,C/D,C,C,C/D,C,Non,C,C,Non,C,C/D,C,C/D,C/D,C,C,Non,C,Non,C,C,C,C,C,C,C,C,Non,Non,C,Non,C,Non,Non,Non,Non,Non,C,Non,C,C,C/D,Non,C,Non,Non,Non,Non,Non,Non,C/D,Non,C,Non,C,Non,Non,C,C,C,C,C,C,Non,Non,Non,Non,C,Non,C,C,Non,C,Non,Non,C,C,Non,Non,Non,C,Non,C,C,C,Non,C,C,C,C,C,Non,Non,Non,Non,Non,Non,Non,Non,C,C,Non,Non,Non,Non,C,C,C,C,Non,Non,Non,Non,C,Non,C,Non,Non,Non,C,Non,Non,Non,Non,Non,Non,Non,C,C,C,C,Non,Non,C,C,Non,Non,Non,Non,Non,C,C,C,Non,C,C,Non,Non,Non,Non,Non,Non,Non,C,Non,C,C,Non,C,C,C,Non,C,C,Non,Non,C,Non,Non,C,C,Non,Non,BL01UK02FR101,UKFR101,750,25,2022,gb
R_2TU9mtgNVcIs5SV,Female,University degree or equivalent,Left school at 18 with A-Levels or equivalent,20,80,0,NA,French;20;,English;80;,,40,60,0,NA,French,NA,10,9,NA,NA,I always (or almost always) speak French to my child,English,NA,3,10,0,NA,I always (or almost always) speak English to my child,First,NA,1,9,Always (or almost always) English,,Non,Non,Non,Non,C/D,Non,Non,Non,C/D,Non,C,C/D,Non,Non,Non,Non,Non,Non,Non,Non,Non,C/D,Non,C,Non,Non,Non,C,Non,Non,Non,C,C,Non,Non,C,Non,Non,Non,Non,Non,Non,C,Non,Non,Non,Non,Non,Non,Non,Non,Non,Non,Non,C,Non,C,C,Non,Non,Non,Non,C,Non,Non,Non,C,Non,Non,Non,Non,Non,Non,Non,C,Non,Non,Non,Non,Non,C,Non,Non,Non,Non,Non,Non,Non,Non,Non,Non,Non,Non,Non,Non,Non,Non,Non,Non,Non,Non,Non,Non,Non,Non,Non,C,Non,Non,Non,Non,Non,C,C,Non,Non,Non,Non,Non,Non,C/D,Non,Non,C,Non,Non,Non,C,Non,Non,Non,Non,Non,Non,Non,Non,Non,Non,Non,Non,Non,Non,Non,Non,Non,Non,Non,Non,Non,Non,Non,Non,Non,Non,Non,Non,Non,Non,Non,Non,Non,Non,Non,Non,Non,Non,Non,Non,Non,Non,Non,Non,Non,Non,Non,Non,Non,Non,Non,Non,Non,Non,Non,Non,Non,Non,Non,Non,Non,Non,Non,Non,Non,Non,Non,Non,Non,Non,C,Non,Non,Non,Non,Non,Non,Non,Non,Non,Non,Non,Non,Non,Non,Non,Non,Non,Non,Non,Non,Non,Non,Non,Non,Non,C,Non,Non,Non,Non,Non,Non,Non,Non,Non,Non,C,Non,Non,Non,C,Non,Non,Non,Non,Non,C,C,Non,Non,Non,C,Non,Non,Non,Non,C,Non,C/D,C,Non,Non,Non,Non,Non,Non,Non,Non,Non,Non,Non,Non,Non,Non,Non,Non,C,Non,Non,Non,Non,Non,Non,Non,C,Non,Non,C,Non,Non,Non,Non,Non,Non,Non,Non,C,Non,Non,Non,Non,Non,Non,C,Non,C,Non,Non,Non,Non,Non,Non,Non,Non,Non,Non,Non,Non,Non,Non,Non,Non,C,C,Non,Non,Non,Non,C,Non,Non,Non,C,Non,Non,C,Non,Non,Non,Non,Non,C,Non,Non,Non,C,Non,Non,Non,Non,Non,Non,C,Non,Non,Non,Non,Non,Non,Non,Non,Non,Non,Non,Non,Non,Non,Non,Non,Non,Non,Non,Non,Non,Non,Non,Non,Non,Non,Non,Non,Non,Non,Non,Non,Non,Non,Non,Non,Non,Non,Non,Non,Non,Non,Non,Non,Non,Non,Non,Non,Non,Non,Non,Non,Non,Non,Non,Non,Non,Non,Non,Non,Non,Non,Non,Non,Non,Non,BL01UK02FR096,UKFR096,481,16.03333333,2022,gb
R_1LRwpU8D5IFbcDh,Male,University degree or equivalent,University degree or equivalent,20,80,0,NA,French;20;,English;80;,,40,60,0,NA,English,NA,2,10,NA,NA,I always (or almost always) speak English to my child,French,NA,10,9,NA,NA,I always (or almost always) speak French to my child,First,NA,1,11,Always (or almost always) English,,C,C/D,C,C/D,C/D,C/D,C,C/D,C/D,C/D,C/D,C/D,C/D,Non,C,C,C,C,C,C/D,Non,C,C,C,C/D,Non,Non,C/D,C/D,C/D,C/D,C/D,C,C,Non,C,C,C/D,C,C,Non,C,C,C,C,C/D,C/D,C,C,C,Non,Non,Non,Non,C,Non,C,C/D,C,C,Non,C,C,C,Non,Non,C,C,C,Non,Non,C,C,C,C/D,Non,C,C,Non,Non,C,Non,C,C,C,C,C,Non,C,C,C/D,C,Non,Non,Non,C/D,C,C,C,C,C,C,C,C,C,C,C,C,C,Non,C,C,C/D,C,C,C,C,Non,C,C,C,Non,Non,C,C,Non,Non,C,C,C,C,C,Non,Non,C,Non,C,C,Non,C,C,Non,C,Non,C,C,Non,C,Non,C,C/D,Non,C,Non,C,Non,Non,C,C,Non,C,C/D,Non,Non,C,Non,C/D,Non,C/D,C/D,Non,C,Non,C,Non,C,Non,C,Non,C,C/D,Non,Non,Non,Non,Non,C,Non,Non,C,Non,Non,C,Non,Non,Non,C,Non,C,C,C,C,C,Non,C,Non,C,Non,Non,C,C,Non,Non,Non,C,Non,C,C,Non,Non,C,C,C,Non,Non,Non,Non,Non,Non,Non,Non,Non,C,C,Non,C/D,Non,Non,C/D,C/D,Non,Non,Non,C/D,C,C/D,C,C/D,C/D,C/D,C/D,C,C,C,C,C/D,C,C/D,C,C,C/D,Non,C,C,C,C/D,C,Non,C,C,C,C,C,Non,C,C,Non,C,Non,C,Non,Non,Non,C,C,C,C,Non,C,C,Non,C,C,C,Non,C,C,C,Non,Non,C,Non,C,C,C,C,C,C,Non,C,Non,Non,C,C,C,C,Non,C,Non,Non,C,C,C,C,Non,C,Non,C,C,C,Non,C,C,C,C,C,C,C,C,C,C,Non,C/D,C,C,C,C,Non,Non,Non,C,C,C,C,C,C/D,C,C,Non,C,C,Non,Non,C/D,Non,C,Non,Non,Non,C/D,C/D,Non,Non,C,Non,Non,C,Non,C,Non,Non,C,C,C,C,C,C,C,C,C,C,C,C,C,C,C,C,C,C,C,C,C,C,C,C,C,Non,C,C,C,C,C/D,C,C,C,C,C,C,BL01UK07FR054,UKFR054,883,29.43333333,2022,gb